{
  "Version": 3,
  "FileReferences": {
    "Moc": "kourins3.moc3",
    "Textures": [
      "textures/texture_00.png"
    ],
    "Physics": null,
    "Motions": {
      "": [
        {
          "File": "motions/c203a_0081.motion3.json"
        },
        {
          "File": "motions/c203a_0050.motion3.json"
        },
        {
          "File": "motions/c203a_0111.motion3.json"
        },
        {
          "File": "motions/c203a_11_01.motion3.json"
        },
        {
          "File": "motions/c203a_0071.motion3.json"
        },
        {
          "File": "motions/c203a_0041.motion3.json"
        },
        {
          "File": "motions/c203a_0020.motion3.json"
        },
        {
          "File": "motions/c203a_0021.motion3.json"
        },
        {
          "File": "motions/c203a_0100.motion3.json"
        },
        {
          "File": "motions/c203a_0010.motion3.json"
        },
        {
          "File": "motions/c203a_0140.motion3.json"
        },
        {
          "File": "motions/c203a_0121.motion3.json"
        },
        {
          "File": "motions/c203a_0060.motion3.json"
        },
        {
          "File": "motions/c203a_0091.motion3.json"
        },
        {
          "File": "motions/c203a_0101.motion3.json"
        },
        {
          "File": "motions/c203a_03_01.motion3.json"
        },
        {
          "File": "motions/c203a_0120.motion3.json"
        },
        {
          "File": "motions/c203a_0031.motion3.json"
        },
        {
          "File": "motions/c203a_0070.motion3.json"
        },
        {
          "File": "motions/c203a_05_01.motion3.json"
        },
        {
          "File": "motions/c203a_0131.motion3.json"
        },
        {
          "File": "motions/c203a_07_01.motion3.json"
        },
        {
          "File": "motions/c203a_0040.motion3.json"
        },
        {
          "File": "motions/c203a_0080.motion3.json"
        },
        {
          "File": "motions/c203a_0061.motion3.json"
        },
        {
          "File": "motions/c203a_0011.motion3.json"
        },
        {
          "File": "motions/c203a_0030.motion3.json"
        },
        {
          "File": "motions/c203a_0130.motion3.json"
        },
        {
          "File": "motions/c203a_0051.motion3.json"
        },
        {
          "File": "motions/c203a_0090.motion3.json"
        },
        {
          "File": "motions/c203a_0141.motion3.json"
        },
        {
          "File": "motions/c203a_14_01.motion3.json"
        },
        {
          "File": "motions/c203a_13_01.motion3.json"
        },
        {
          "File": "motions/c203a_0110.motion3.json"
        }
      ]
    }
  },
  "Groups": [
    {
      "Target": "Parameter",
      "Name": "EyeBlink",
      "Ids": [
        "EyeL_Open",
        "EyeR_Open"
      ]
    },
    {
      "Target": "Parameter",
      "Name": "LipSync",
      "Ids": [
        "Mouth_Size",
        "Mouth_Open"
      ]
    }
  ]
}