{
  "Version": 3,
  "Meta": {
    "Duration": 1.333,
    "Fps": 30.0,
    "Loop": true,
    "AreBeziersRestricted": true,
    "CurveCount": 64,
    "TotalSegmentCount": 195,
    "TotalPointCount": 289,
    "UserDataCount": 1,
    "TotalUserDataSize": 0
  },
  "Curves": [
    {
      "Target": "Parameter",
      "Id": "Param35",
      "Segments": [
        0,
        0,
        0,
        0.2,
        -18,
        0,
        0.633,
        0,
        1,
        0.7,
        0,
        0.766,
        -0.15,
        0.833,
        -1.6,
        1,
        1,
        -5.225,
        1.166,
        -8,
        1.333,
        -8
      ]
    },
    {
      "Target": "Parameter",
      "Id": "Param33",
      "Segments": [
        0,
        0,
        0,
        0.567,
        -5,
        1,
        0.656,
        -5,
        0.744,
        -3.455,
        0.833,
        -1.3,
        1,
        0.878,
        -0.223,
        0.922,
        0,
        0.967,
        0,
        2,
        1.333,
        0
      ]
    },
    {
      "Target": "Parameter",
      "Id": "Param34",
      "Segments": [
        0,
        0,
        0,
        0.567,
        14,
        1,
        0.656,
        14,
        0.744,
        7.167,
        0.833,
        -2.3,
        1,
        0.878,
        -7.034,
        0.922,
        -8,
        0.967,
        -8,
        0,
        1.333,
        0
      ]
    },
    {
      "Target": "Parameter",
      "Id": "Param24",
      "Segments": [
        0,
        26,
        0,
        0.633,
        30,
        1,
        0.7,
        30,
        0.766,
        29.422,
        0.833,
        24,
        1,
        1,
        10.445,
        1.166,
        0,
        1.333,
        0
      ]
    },
    {
      "Target": "Parameter",
      "Id": "Param20",
      "Segments": [
        0,
        0,
        0,
        0.5,
        30,
        0,
        0.767,
        0,
        2,
        0.833,
        0,
        2,
        1.333,
        0
      ]
    },
    {
      "Target": "Parameter",
      "Id": "Param23",
      "Segments": [
        0,
        0,
        0,
        0.333,
        9,
        0,
        0.5,
        2,
        0,
        0.667,
        11,
        2,
        0.833,
        11,
        2,
        1.333,
        11
      ]
    },
    {
      "Target": "Parameter",
      "Id": "Param27",
      "Segments": [
        0,
        0,
        0,
        0.5,
        11,
        0,
        0.667,
        5,
        2,
        0.833,
        5,
        2,
        1.333,
        5
      ]
    },
    {
      "Target": "Parameter",
      "Id": "Param28",
      "Segments": [
        0,
        0,
        2,
        0.2,
        0,
        1,
        0.289,
        0,
        0.378,
        21.97,
        0.467,
        22.74,
        1,
        0.556,
        23.51,
        0.644,
        23.527,
        0.733,
        24,
        1,
        0.766,
        24.177,
        0.8,
        24.3,
        0.833,
        24.8,
        1,
        0.911,
        25.966,
        0.989,
        27.718,
        1.067,
        27.718,
        1,
        1.156,
        27.718,
        1.244,
        26.478,
        1.333,
        25.1
      ]
    },
    {
      "Target": "Parameter",
      "Id": "Param29",
      "Segments": [
        0,
        -10,
        0,
        0.433,
        -30,
        0,
        0.567,
        24,
        0,
        0.833,
        -16,
        0,
        1.167,
        8,
        0,
        1.333,
        -0.6
      ]
    },
    {
      "Target": "Parameter",
      "Id": "Param37",
      "Segments": [
        0,
        0,
        2,
        0.6,
        0,
        0,
        0.833,
        -30,
        1,
        0.944,
        -30,
        1.056,
        -20.828,
        1.167,
        5,
        1,
        1.222,
        17.914,
        1.278,
        29.8,
        1.333,
        29.8
      ]
    },
    {
      "Target": "Parameter",
      "Id": "Param21",
      "Segments": [
        0,
        0,
        0,
        0.233,
        17,
        1,
        0.278,
        17,
        0.322,
        14.725,
        0.367,
        13,
        1,
        0.5,
        7.826,
        0.634,
        6,
        0.767,
        6,
        2,
        0.833,
        6,
        2,
        1.333,
        6
      ]
    },
    {
      "Target": "Parameter",
      "Id": "Param38",
      "Segments": [
        0,
        0,
        1,
        0.1,
        0,
        0.2,
        2.785,
        0.3,
        7,
        1,
        0.322,
        7.937,
        0.345,
        8.56,
        0.367,
        9,
        1,
        0.389,
        9.44,
        0.411,
        9.56,
        0.433,
        10,
        1,
        0.455,
        10.44,
        0.478,
        11,
        0.5,
        11,
        0,
        1.333,
        10
      ]
    },
    {
      "Target": "Parameter",
      "Id": "Param30",
      "Segments": [
        0,
        0,
        0,
        0.5,
        -23,
        1,
        0.589,
        -23,
        0.678,
        -20.9,
        0.767,
        -20.4,
        1,
        0.789,
        -20.275,
        0.811,
        -20.327,
        0.833,
        -20.3,
        1,
        1,
        -20.095,
        1.166,
        -20,
        1.333,
        -20
      ]
    },
    {
      "Target": "Parameter",
      "Id": "Param13",
      "Segments": [
        0,
        0,
        0,
        0.5,
        30,
        0,
        0.833,
        14,
        2,
        1.333,
        14
      ]
    },
    {
      "Target": "Parameter",
      "Id": "Param36",
      "Segments": [
        0,
        18,
        0,
        0.233,
        0,
        0,
        0.367,
        8,
        0,
        0.667,
        -1,
        0,
        0.833,
        0,
        2,
        1.333,
        0
      ]
    },
    {
      "Target": "Parameter",
      "Id": "Param31",
      "Segments": [
        0,
        0,
        1,
        0.122,
        0,
        0.245,
        13.43,
        0.367,
        18,
        1,
        0.422,
        20.077,
        0.478,
        20.525,
        0.533,
        21,
        1,
        0.633,
        21.855,
        0.733,
        22,
        0.833,
        22,
        2,
        1.333,
        22
      ]
    },
    {
      "Target": "Parameter",
      "Id": "Param11",
      "Segments": [
        0,
        0,
        0,
        0.833,
        -13,
        2,
        1.333,
        -13
      ]
    },
    {
      "Target": "Parameter",
      "Id": "Param32",
      "Segments": [
        0,
        0,
        0,
        0.467,
        -10,
        0,
        0.833,
        29,
        2,
        1.333,
        29
      ]
    },
    {
      "Target": "Parameter",
      "Id": "Param7",
      "Segments": [
        0,
        30,
        2,
        0.1,
        30,
        2,
        0.3,
        30,
        0,
        0.833,
        18,
        2,
        1.333,
        18
      ]
    },
    {
      "Target": "Parameter",
      "Id": "Param39",
      "Segments": [
        0,
        0,
        0,
        0.833,
        -18,
        2,
        1.333,
        -18
      ]
    },
    {
      "Target": "Parameter",
      "Id": "ParamHairFront",
      "Segments": [
        0,
        0,
        0,
        0.467,
        1,
        1,
        0.589,
        1,
        0.711,
        0.387,
        0.833,
        -0.4,
        1,
        0.889,
        -0.758,
        0.944,
        -0.8,
        1,
        -0.8,
        0,
        1.333,
        0
      ]
    },
    {
      "Target": "Parameter",
      "Id": "Param14",
      "Segments": [
        0,
        0,
        0,
        0.5,
        18,
        1,
        0.611,
        18,
        0.722,
        11.804,
        0.833,
        1.1,
        1,
        0.922,
        -7.463,
        1.011,
        -11,
        1.1,
        -11,
        0,
        1.333,
        -4.3
      ]
    },
    {
      "Target": "Parameter",
      "Id": "Param18",
      "Segments": [
        0,
        0,
        1,
        0.167,
        0,
        0.333,
        -9.23,
        0.5,
        -15,
        1,
        0.544,
        -16.539,
        0.589,
        -16,
        0.633,
        -16,
        1,
        0.7,
        -16,
        0.766,
        -16.547,
        0.833,
        -15,
        1,
        1,
        -11.132,
        1.166,
        1,
        1.333,
        1
      ]
    },
    {
      "Target": "Parameter",
      "Id": "Param10",
      "Segments": [
        0,
        30,
        1,
        0.278,
        30,
        0.555,
        5.966,
        0.833,
        -3.4,
        1,
        1,
        -9.02,
        1.166,
        -8.1,
        1.333,
        -8.1
      ]
    },
    {
      "Target": "Parameter",
      "Id": "Param22",
      "Segments": [
        0,
        0,
        0,
        0.633,
        30,
        2,
        0.833,
        30,
        2,
        1.333,
        30
      ]
    },
    {
      "Target": "Parameter",
      "Id": "Param25",
      "Segments": [
        0,
        0,
        0,
        0.733,
        30,
        2,
        0.833,
        30,
        2,
        1.333,
        30
      ]
    },
    {
      "Target": "Parameter",
      "Id": "Param26",
      "Segments": [
        0,
        0,
        0,
        0.5,
        -30,
        2,
        0.833,
        -30,
        2,
        1.333,
        -30
      ]
    },
    {
      "Target": "Parameter",
      "Id": "Param8",
      "Segments": [
        0,
        0,
        0,
        0.3,
        -30,
        0,
        0.733,
        30,
        1,
        0.766,
        30,
        0.8,
        30.384,
        0.833,
        29.8,
        1,
        1,
        26.878,
        1.166,
        1,
        1.333,
        1
      ]
    },
    {
      "Target": "Parameter",
      "Id": "Param9",
      "Segments": [
        0,
        0,
        0,
        0.6,
        30,
        0,
        0.833,
        -30,
        1,
        0.855,
        -30,
        0.878,
        -31.545,
        0.9,
        -26,
        1,
        0.978,
        -6.593,
        1.055,
        18,
        1.133,
        18,
        0,
        1.333,
        -1.82
      ]
    },
    {
      "Target": "Parameter",
      "Id": "EyeL_Open",
      "Segments": [
        0,
        1,
        2,
        0.133,
        1,
        2,
        0.3,
        1,
        0,
        0.4,
        0,
        2,
        0.833,
        0,
        2,
        1.333,
        0
      ]
    },
    {
      "Target": "Parameter",
      "Id": "EyeR_Open",
      "Segments": [
        0,
        1,
        2,
        0.133,
        1,
        2,
        0.3,
        1,
        0,
        0.4,
        0,
        2,
        0.833,
        0,
        2,
        1.333,
        0
      ]
    },
    {
      "Target": "Parameter",
      "Id": "ParamEyeLSmile",
      "Segments": [
        0,
        0,
        0,
        0.133,
        1,
        0,
        0.2,
        0.9,
        2,
        0.267,
        0.9,
        0,
        0.533,
        -1,
        2,
        0.833,
        -1,
        2,
        1.333,
        -1
      ]
    },
    {
      "Target": "Parameter",
      "Id": "ParamEyeRSmile",
      "Segments": [
        0,
        0,
        0,
        0.133,
        1,
        0,
        0.2,
        0.9,
        2,
        0.267,
        0.9,
        0,
        0.533,
        -1,
        2,
        0.833,
        -1,
        2,
        1.333,
        -1
      ]
    },
    {
      "Target": "Parameter",
      "Id": "ParamBrowLForm",
      "Segments": [
        0,
        0,
        0,
        0.067,
        0.5,
        2,
        0.133,
        0.5,
        0,
        0.833,
        1,
        2,
        1.333,
        1
      ]
    },
    {
      "Target": "Parameter",
      "Id": "ParamBrowRForm",
      "Segments": [
        0,
        0,
        0,
        0.067,
        0.5,
        2,
        0.133,
        0.5,
        0,
        0.833,
        1,
        2,
        1.333,
        1
      ]
    },
    {
      "Target": "Parameter",
      "Id": "ParamBrowLY",
      "Segments": [
        0,
        0,
        0,
        0.267,
        0.1,
        0,
        0.4,
        -0.6,
        1,
        0.444,
        -0.6,
        0.489,
        -0.438,
        0.533,
        -0.427,
        1,
        0.633,
        -0.402,
        0.733,
        -0.4,
        0.833,
        -0.4,
        2,
        1.333,
        -0.4
      ]
    },
    {
      "Target": "Parameter",
      "Id": "ParamBrowRY",
      "Segments": [
        0,
        0,
        0,
        0.267,
        0.1,
        0,
        0.4,
        -0.6,
        1,
        0.444,
        -0.6,
        0.489,
        -0.439,
        0.533,
        -0.428,
        1,
        0.633,
        -0.402,
        0.733,
        -0.4,
        0.833,
        -0.4,
        2,
        1.333,
        -0.4
      ]
    },
    {
      "Target": "Parameter",
      "Id": "Mouth_Open",
      "Segments": [
        0,
        0.5,
        0,
        0.133,
        0.7,
        2,
        0.3,
        0.7,
        0,
        0.533,
        0,
        1,
        0.578,
        0,
        0.622,
        0.811,
        0.667,
        0.9,
        1,
        0.722,
        1.012,
        0.778,
        1,
        0.833,
        1,
        2,
        1.333,
        1
      ]
    },
    {
      "Target": "Parameter",
      "Id": "ParamMouthForm",
      "Segments": [
        0,
        0,
        2,
        0.533,
        0,
        0,
        0.6,
        1,
        2,
        0.833,
        1,
        2,
        1.333,
        1
      ]
    },
    {
      "Target": "PartOpacity",
      "Id": "Part22",
      "Segments": [
        0,
        0,
        2,
        0.43,
        0,
        2,
        0.47,
        1,
        2,
        1.33,
        1
      ]
    },
    {
      "Target": "PartOpacity",
      "Id": "Part5",
      "Segments": [
        0,
        1,
        2,
        0.07,
        0,
        2,
        1.33,
        0
      ]
    },
    {
      "Target": "PartOpacity",
      "Id": "PartSketch0",
      "Segments": [
        0,
        0,
        2,
        0.07,
        1,
        2,
        1.33,
        1
      ]
    },
    {
      "Target": "PartOpacity",
      "Id": "Part15",
      "Segments": [
        0,
        1,
        2,
        0.43,
        1,
        2,
        0.47,
        0,
        2,
        1.33,
        0
      ]
    },
    {
      "Target": "PartOpacity",
      "Id": "Part4",
      "Segments": [
        0,
        1,
        2,
        0.13,
        1,
        2,
        1.33,
        1
      ]
    },
    {
      "Target": "Parameter",
      "Id": "Param19",
      "Segments": [
        0,
        0,
        0,
        1.333,
        0
      ]
    },
    {
      "Target": "Parameter",
      "Id": "Param16",
      "Segments": [
        0,
        0,
        0,
        1.333,
        0
      ]
    },
    {
      "Target": "Parameter",
      "Id": "Param17",
      "Segments": [
        0,
        0,
        0,
        1.333,
        0
      ]
    },
    {
      "Target": "Parameter",
      "Id": "ParamEyeBallX",
      "Segments": [
        0,
        0,
        0,
        1.333,
        0
      ]
    },
    {
      "Target": "Parameter",
      "Id": "ParamEyeBallY",
      "Segments": [
        0,
        0,
        0,
        1.333,
        0
      ]
    },
    {
      "Target": "Parameter",
      "Id": "Param6",
      "Segments": [
        0,
        0,
        0,
        1.333,
        0
      ]
    },
    {
      "Target": "Parameter",
      "Id": "Param",
      "Segments": [
        0,
        0,
        0,
        1.333,
        0
      ]
    },
    {
      "Target": "Parameter",
      "Id": "Param2",
      "Segments": [
        0,
        0,
        0,
        1.333,
        0
      ]
    },
    {
      "Target": "Parameter",
      "Id": "Param4",
      "Segments": [
        0,
        0,
        0,
        1.333,
        0
      ]
    },
    {
      "Target": "Parameter",
      "Id": "Param5",
      "Segments": [
        0,
        0,
        0,
        1.333,
        0
      ]
    },
    {
      "Target": "Parameter",
      "Id": "ParamBrowLAngle",
      "Segments": [
        0,
        0,
        0,
        1.333,
        0
      ]
    },
    {
      "Target": "Parameter",
      "Id": "ParamBrowRAngle",
      "Segments": [
        0,
        0,
        0,
        1.333,
        0
      ]
    },
    {
      "Target": "Parameter",
      "Id": "Mouth_Size",
      "Segments": [
        0,
        0.5,
        0,
        1.333,
        0.5
      ]
    },
    {
      "Target": "PartOpacity",
      "Id": "Part23",
      "Segments": [
        0,
        1,
        0,
        1.333,
        1
      ]
    },
    {
      "Target": "PartOpacity",
      "Id": "Part28",
      "Segments": [
        0,
        1,
        0,
        1.333,
        1
      ]
    },
    {
      "Target": "PartOpacity",
      "Id": "Part6",
      "Segments": [
        0,
        1,
        0,
        1.333,
        1
      ]
    },
    {
      "Target": "PartOpacity",
      "Id": "Part18",
      "Segments": [
        0,
        1,
        0,
        1.333,
        1
      ]
    },
    {
      "Target": "PartOpacity",
      "Id": "Part29",
      "Segments": [
        0,
        1,
        0,
        1.333,
        1
      ]
    },
    {
      "Target": "PartOpacity",
      "Id": "Part11",
      "Segments": [
        0,
        1,
        0,
        1.333,
        1
      ]
    },
    {
      "Target": "PartOpacity",
      "Id": "Part7",
      "Segments": [
        0,
        1,
        0,
        1.333,
        1
      ]
    }
  ],
  "UserData": [
    {
      "Time": 0.0,
      "Value": ""
    }
  ]
}