{
  "Version": 3,
  "Meta": {
    "Duration": 8.0,
    "Fps": 30.0,
    "Loop": true,
    "AreBeziersRestricted": true,
    "CurveCount": 78,
    "TotalSegmentCount": 186,
    "TotalPointCount": 266,
    "UserDataCount": 1,
    "TotalUserDataSize": 0
  },
  "Curves": [
    {
      "Target": "Parameter",
      "Id": "Param35",
      "Segments": [
        0,
        -8,
        0,
        2.5,
        0,
        2,
        3.333,
        0,
        0,
        4,
        21,
        0,
        5.833,
        -30,
        0,
        8,
        -8
      ]
    },
    {
      "Target": "Parameter",
      "Id": "Param33",
      "Segments": [
        0,
        0,
        1,
        0.556,
        0,
        1.111,
        -1.201,
        1.667,
        -4,
        1,
        2.167,
        -6.519,
        2.667,
        -8,
        3.167,
        -8,
        1,
        3.445,
        -8,
        3.722,
        -2.281,
        4,
        2,
        1,
        4.333,
        7.137,
        4.667,
        8,
        5,
        8,
        0,
        6.467,
        -1,
        0,
        8,
        0
      ]
    },
    {
      "Target": "Parameter",
      "Id": "Param34",
      "Segments": [
        0,
        0,
        0,
        1.667,
        -12,
        0,
        3.167,
        -9,
        0,
        4,
        -25,
        1,
        4.333,
        -25,
        4.667,
        -18.715,
        5,
        -18,
        1,
        5.489,
        -16.952,
        5.978,
        -17.267,
        6.467,
        -16,
        1,
        6.978,
        -14.675,
        7.489,
        0,
        8,
        0
      ]
    },
    {
      "Target": "Parameter",
      "Id": "Param24",
      "Segments": [
        0,
        0,
        0,
        1.167,
        30,
        0,
        2.3,
        0,
        2,
        8,
        0
      ]
    },
    {
      "Target": "Parameter",
      "Id": "Param28",
      "Segments": [
        0,
        25.1,
        0,
        0.667,
        26.24,
        0,
        1.667,
        23.34,
        0,
        2.867,
        27.32,
        0,
        3.667,
        26,
        0,
        4.5,
        28,
        0,
        5.333,
        26.12,
        0,
        5.967,
        27.5,
        0,
        6.733,
        25.54,
        0,
        7.333,
        29.5,
        0,
        8,
        25.1
      ]
    },
    {
      "Target": "Parameter",
      "Id": "Param29",
      "Segments": [
        0,
        -0.6,
        0,
        0.233,
        -14,
        0,
        0.667,
        4,
        0,
        2.2,
        -25,
        0,
        3.067,
        4,
        0,
        3.867,
        -22,
        0,
        4.7,
        3,
        0,
        5.533,
        -26,
        0,
        6.167,
        0,
        0,
        6.933,
        -19,
        0,
        8,
        -0.6
      ]
    },
    {
      "Target": "Parameter",
      "Id": "Param37",
      "Segments": [
        0,
        29.8,
        1,
        0.256,
        29.8,
        0.511,
        28.472,
        0.767,
        13,
        1,
        1.067,
        -5.162,
        1.367,
        -30,
        1.667,
        -30,
        1,
        2.067,
        -30,
        2.467,
        -6.359,
        2.867,
        28,
        1,
        2.9,
        30.863,
        2.934,
        30,
        2.967,
        30,
        0,
        3.767,
        -30,
        0,
        4.633,
        30,
        0,
        5.467,
        -12,
        0,
        6.233,
        30,
        0,
        7.3,
        -28,
        0,
        8,
        29.8
      ]
    },
    {
      "Target": "Parameter",
      "Id": "Param38",
      "Segments": [
        0,
        10,
        1,
        0.533,
        10,
        1.067,
        9.772,
        1.6,
        9,
        1,
        1.711,
        8.839,
        1.822,
        7.839,
        1.933,
        7,
        1,
        2.022,
        6.328,
        2.111,
        4.799,
        2.2,
        4,
        1,
        2.289,
        3.201,
        2.378,
        3.372,
        2.467,
        2,
        1,
        2.645,
        -0.744,
        2.822,
        -15.873,
        3,
        -18,
        1,
        3.111,
        -19.329,
        3.222,
        -19.172,
        3.333,
        -20,
        1,
        3.366,
        -20.249,
        3.4,
        -23,
        3.433,
        -23,
        0,
        3.633,
        -22,
        0,
        4,
        -25,
        1,
        4.333,
        -25,
        4.667,
        -4.576,
        5,
        -1,
        1,
        5.322,
        2.457,
        5.645,
        3.302,
        5.967,
        5,
        1,
        6.645,
        8.572,
        7.322,
        10,
        8,
        10
      ]
    },
    {
      "Target": "Parameter",
      "Id": "Param30",
      "Segments": [
        0,
        -20,
        0,
        2.5,
        -19.38,
        1,
        3.911,
        -19.38,
        5.322,
        -19.418,
        6.733,
        -19.6,
        1,
        7.155,
        -19.654,
        7.578,
        -20,
        8,
        -20
      ]
    },
    {
      "Target": "Parameter",
      "Id": "Param13",
      "Segments": [
        0,
        14,
        0,
        6.6,
        19,
        0,
        8,
        14
      ]
    },
    {
      "Target": "Parameter",
      "Id": "Param36",
      "Segments": [
        0,
        0,
        2,
        1.5,
        0,
        2,
        3.633,
        0,
        0,
        6.433,
        -19,
        0,
        8,
        0
      ]
    },
    {
      "Target": "Parameter",
      "Id": "ParamHairFront",
      "Segments": [
        0,
        0,
        0,
        0.5,
        -0.9,
        0,
        1.167,
        -0.4,
        0,
        1.667,
        -0.9,
        0,
        2.867,
        0.8,
        0,
        3.667,
        -1,
        0,
        4.6,
        0.5,
        0,
        5.433,
        -0.4,
        0,
        5.967,
        0.1,
        0,
        6.767,
        -0.8,
        0,
        8,
        0
      ]
    },
    {
      "Target": "Parameter",
      "Id": "Param14",
      "Segments": [
        0,
        -4.3,
        1,
        0.356,
        -7.65,
        0.711,
        -17,
        1.067,
        -17,
        0,
        2.633,
        11,
        0,
        3.7,
        -17,
        1,
        3.956,
        -17,
        4.211,
        -6.674,
        4.467,
        -1,
        1,
        4.756,
        5.414,
        5.044,
        6,
        5.333,
        6,
        1,
        5.533,
        6,
        5.733,
        6.68,
        5.933,
        5,
        1,
        6.4,
        1.08,
        6.866,
        -14,
        7.333,
        -14,
        0,
        8,
        -4.3
      ]
    },
    {
      "Target": "Parameter",
      "Id": "Param17",
      "Segments": [
        0,
        0,
        0,
        0.667,
        14,
        0,
        1.833,
        -8,
        0,
        8,
        0
      ]
    },
    {
      "Target": "Parameter",
      "Id": "Param18",
      "Segments": [
        0,
        1,
        1,
        0.111,
        1,
        0.222,
        1.655,
        0.333,
        0,
        1,
        0.611,
        -4.138,
        0.889,
        -19,
        1.167,
        -19,
        1,
        1.5,
        -19,
        1.834,
        -11.665,
        2.167,
        -4,
        1,
        2.334,
        -0.168,
        2.5,
        0,
        2.667,
        0,
        0,
        3.7,
        -12.54,
        0,
        4.833,
        6,
        1,
        5.111,
        6,
        5.389,
        -5.028,
        5.667,
        -7,
        1,
        6.189,
        -10.708,
        6.711,
        -11,
        7.233,
        -11,
        0,
        8,
        1
      ]
    },
    {
      "Target": "Parameter",
      "Id": "Param10",
      "Segments": [
        0,
        -8.1,
        1,
        0.222,
        -12.256,
        0.445,
        -11,
        0.667,
        -11,
        2,
        1.067,
        -11,
        0,
        8,
        -8.1
      ]
    },
    {
      "Target": "Parameter",
      "Id": "Param26",
      "Segments": [
        0,
        -30,
        2,
        1.5,
        -30,
        0,
        3.767,
        30,
        1,
        4.267,
        30,
        4.767,
        -2.121,
        5.267,
        -11.22,
        1,
        6.178,
        -27.8,
        7.089,
        -30,
        8,
        -30
      ]
    },
    {
      "Target": "Parameter",
      "Id": "Param8",
      "Segments": [
        0,
        1,
        0,
        0.667,
        -8,
        0,
        1.633,
        9,
        0,
        2.667,
        -12,
        0,
        3.667,
        11.54,
        0,
        4.433,
        1,
        1,
        4.755,
        2.658,
        5.078,
        -30,
        5.4,
        -30,
        0,
        6.433,
        2,
        0,
        7.2,
        -16,
        0,
        8,
        1
      ]
    },
    {
      "Target": "Parameter",
      "Id": "Param9",
      "Segments": [
        0,
        -1.82,
        0,
        0.367,
        24,
        1,
        0.467,
        24,
        0.567,
        11.887,
        0.667,
        6.44,
        1,
        0.778,
        0.387,
        0.889,
        0,
        1,
        0,
        0,
        1.767,
        21,
        0,
        3.3,
        -7,
        0,
        4.133,
        1,
        0,
        8,
        -1.82
      ]
    },
    {
      "Target": "PartOpacity",
      "Id": "Part5",
      "Segments": [
        0,
        0,
        2,
        2,
        0,
        2,
        8,
        0
      ]
    },
    {
      "Target": "PartOpacity",
      "Id": "PartSketch0",
      "Segments": [
        0,
        1,
        2,
        2,
        1,
        2,
        8,
        1
      ]
    },
    {
      "Target": "Parameter",
      "Id": "Param20",
      "Segments": [
        0,
        0,
        0,
        8,
        0
      ]
    },
    {
      "Target": "Parameter",
      "Id": "Param23",
      "Segments": [
        0,
        11,
        0,
        8,
        11
      ]
    },
    {
      "Target": "Parameter",
      "Id": "Param27",
      "Segments": [
        0,
        5,
        0,
        8,
        5
      ]
    },
    {
      "Target": "Parameter",
      "Id": "Param19",
      "Segments": [
        0,
        0,
        0,
        8,
        0
      ]
    },
    {
      "Target": "Parameter",
      "Id": "Param16",
      "Segments": [
        0,
        0,
        0,
        8,
        0
      ]
    },
    {
      "Target": "Parameter",
      "Id": "Param21",
      "Segments": [
        0,
        6,
        0,
        8,
        6
      ]
    },
    {
      "Target": "Parameter",
      "Id": "Param31",
      "Segments": [
        0,
        22,
        0,
        8,
        22
      ]
    },
    {
      "Target": "Parameter",
      "Id": "Param11",
      "Segments": [
        0,
        -13,
        0,
        8,
        -13
      ]
    },
    {
      "Target": "Parameter",
      "Id": "Param32",
      "Segments": [
        0,
        29,
        0,
        8,
        29
      ]
    },
    {
      "Target": "Parameter",
      "Id": "Param7",
      "Segments": [
        0,
        18,
        0,
        8,
        18
      ]
    },
    {
      "Target": "Parameter",
      "Id": "Param39",
      "Segments": [
        0,
        -18,
        0,
        8,
        -18
      ]
    },
    {
      "Target": "Parameter",
      "Id": "Param22",
      "Segments": [
        0,
        30,
        0,
        8,
        30
      ]
    },
    {
      "Target": "Parameter",
      "Id": "Param25",
      "Segments": [
        0,
        30,
        0,
        8,
        30
      ]
    },
    {
      "Target": "Parameter",
      "Id": "ParamEyeBallX",
      "Segments": [
        0,
        0,
        0,
        8,
        0
      ]
    },
    {
      "Target": "Parameter",
      "Id": "ParamEyeBallY",
      "Segments": [
        0,
        0,
        0,
        8,
        0
      ]
    },
    {
      "Target": "Parameter",
      "Id": "EyeL_Open",
      "Segments": [
        0,
        0,
        0,
        8,
        0
      ]
    },
    {
      "Target": "Parameter",
      "Id": "EyeR_Open",
      "Segments": [
        0,
        0,
        0,
        8,
        0
      ]
    },
    {
      "Target": "Parameter",
      "Id": "Param6",
      "Segments": [
        0,
        0,
        0,
        8,
        0
      ]
    },
    {
      "Target": "Parameter",
      "Id": "ParamEyeLSmile",
      "Segments": [
        0,
        -1,
        0,
        8,
        -1
      ]
    },
    {
      "Target": "Parameter",
      "Id": "ParamEyeRSmile",
      "Segments": [
        0,
        -1,
        0,
        8,
        -1
      ]
    },
    {
      "Target": "Parameter",
      "Id": "Param",
      "Segments": [
        0,
        0,
        0,
        8,
        0
      ]
    },
    {
      "Target": "Parameter",
      "Id": "Param2",
      "Segments": [
        0,
        0,
        0,
        8,
        0
      ]
    },
    {
      "Target": "Parameter",
      "Id": "ParamBrowLForm",
      "Segments": [
        0,
        1,
        0,
        8,
        1
      ]
    },
    {
      "Target": "Parameter",
      "Id": "ParamBrowRForm",
      "Segments": [
        0,
        1,
        0,
        8,
        1
      ]
    },
    {
      "Target": "Parameter",
      "Id": "Param4",
      "Segments": [
        0,
        0,
        0,
        8,
        0
      ]
    },
    {
      "Target": "Parameter",
      "Id": "Param5",
      "Segments": [
        0,
        0,
        0,
        8,
        0
      ]
    },
    {
      "Target": "Parameter",
      "Id": "ParamBrowLY",
      "Segments": [
        0,
        -0.4,
        0,
        8,
        -0.4
      ]
    },
    {
      "Target": "Parameter",
      "Id": "ParamBrowRY",
      "Segments": [
        0,
        -0.404,
        0,
        8,
        -0.404
      ]
    },
    {
      "Target": "Parameter",
      "Id": "ParamBrowLAngle",
      "Segments": [
        0,
        0,
        0,
        8,
        0
      ]
    },
    {
      "Target": "Parameter",
      "Id": "ParamBrowRAngle",
      "Segments": [
        0,
        0,
        0,
        8,
        0
      ]
    },
    {
      "Target": "Parameter",
      "Id": "Mouth_Size",
      "Segments": [
        0,
        0.5,
        0,
        8,
        0.5
      ]
    },
    {
      "Target": "Parameter",
      "Id": "Mouth_Open",
      "Segments": [
        0,
        1,
        0,
        8,
        1
      ]
    },
    {
      "Target": "Parameter",
      "Id": "ParamMouthForm",
      "Segments": [
        0,
        1,
        0,
        8,
        1
      ]
    },
    {
      "Target": "PartOpacity",
      "Id": "Part23",
      "Segments": [
        0,
        1,
        0,
        8,
        1
      ]
    },
    {
      "Target": "PartOpacity",
      "Id": "Part22",
      "Segments": [
        0,
        1,
        0,
        8,
        1
      ]
    },
    {
      "Target": "PartOpacity",
      "Id": "Part28",
      "Segments": [
        0,
        1,
        0,
        8,
        1
      ]
    },
    {
      "Target": "PartOpacity",
      "Id": "Part6",
      "Segments": [
        0,
        1,
        0,
        8,
        1
      ]
    },
    {
      "Target": "PartOpacity",
      "Id": "Part20",
      "Segments": [
        0,
        1,
        0,
        8,
        1
      ]
    },
    {
      "Target": "PartOpacity",
      "Id": "Part",
      "Segments": [
        0,
        1,
        0,
        8,
        1
      ]
    },
    {
      "Target": "PartOpacity",
      "Id": "Part9",
      "Segments": [
        0,
        1,
        0,
        8,
        1
      ]
    },
    {
      "Target": "PartOpacity",
      "Id": "Part2",
      "Segments": [
        0,
        1,
        0,
        8,
        1
      ]
    },
    {
      "Target": "PartOpacity",
      "Id": "Part8",
      "Segments": [
        0,
        1,
        0,
        8,
        1
      ]
    },
    {
      "Target": "PartOpacity",
      "Id": "Part3",
      "Segments": [
        0,
        1,
        0,
        8,
        1
      ]
    },
    {
      "Target": "PartOpacity",
      "Id": "Part10",
      "Segments": [
        0,
        1,
        0,
        8,
        1
      ]
    },
    {
      "Target": "PartOpacity",
      "Id": "Part21",
      "Segments": [
        0,
        1,
        0,
        8,
        1
      ]
    },
    {
      "Target": "PartOpacity",
      "Id": "Part18",
      "Segments": [
        0,
        1,
        0,
        8,
        1
      ]
    },
    {
      "Target": "PartOpacity",
      "Id": "Part29",
      "Segments": [
        0,
        1,
        0,
        8,
        1
      ]
    },
    {
      "Target": "PartOpacity",
      "Id": "Part11",
      "Segments": [
        0,
        1,
        0,
        8,
        1
      ]
    },
    {
      "Target": "PartOpacity",
      "Id": "Part13",
      "Segments": [
        0,
        1,
        0,
        8,
        1
      ]
    },
    {
      "Target": "PartOpacity",
      "Id": "Part12",
      "Segments": [
        0,
        1,
        0,
        8,
        1
      ]
    },
    {
      "Target": "PartOpacity",
      "Id": "Part17",
      "Segments": [
        0,
        1,
        0,
        8,
        1
      ]
    },
    {
      "Target": "PartOpacity",
      "Id": "Part14",
      "Segments": [
        0,
        1,
        0,
        8,
        1
      ]
    },
    {
      "Target": "PartOpacity",
      "Id": "Part16",
      "Segments": [
        0,
        1,
        0,
        8,
        1
      ]
    },
    {
      "Target": "PartOpacity",
      "Id": "Part15",
      "Segments": [
        0,
        0,
        0,
        8,
        0
      ]
    },
    {
      "Target": "PartOpacity",
      "Id": "Part4",
      "Segments": [
        0,
        1,
        0,
        8,
        1
      ]
    },
    {
      "Target": "PartOpacity",
      "Id": "Part7",
      "Segments": [
        0,
        1,
        0,
        8,
        1
      ]
    },
    {
      "Target": "PartOpacity",
      "Id": "Part19",
      "Segments": [
        0,
        1,
        0,
        8,
        1
      ]
    }
  ],
  "UserData": [
    {
      "Time": 0.0,
      "Value": ""
    }
  ]
}