{
  "Version": 3,
  "Meta": {
    "Duration": 6.333,
    "Fps": 30.0,
    "Loop": true,
    "AreBeziersRestricted": true,
    "CurveCount": 81,
    "TotalSegmentCount": 148,
    "TotalPointCount": 230,
    "UserDataCount": 1,
    "TotalUserDataSize": 0
  },
  "Curves": [
    {
      "Target": "Parameter",
      "Id": "Breath",
      "Segments": [
        0,
        0,
        0,
        1.667,
        5,
        0,
        3.5,
        0,
        0,
        4.867,
        10,
        0,
        6.333,
        0
      ]
    },
    {
      "Target": "Parameter",
      "Id": "Body_Twist",
      "Segments": [
        0,
        -15.853,
        1,
        0.444,
        -23.973,
        0.889,
        -24.916,
        1.333,
        -24.916,
        1,
        1.889,
        -24.916,
        2.444,
        -16.615,
        3,
        -11.67,
        1,
        3.689,
        -5.537,
        4.378,
        -4.834,
        5.067,
        -4.834,
        1,
        5.489,
        -6.393,
        5.911,
        -9.898,
        6.333,
        -15.853
      ]
    },
    {
      "Target": "Parameter",
      "Id": "Body_Shaking",
      "Segments": [
        0,
        17,
        1,
        0.589,
        19.308,
        1.178,
        20,
        1.767,
        20,
        0,
        3.6,
        12,
        0,
        5.033,
        20,
        0,
        6.333,
        17
      ]
    },
    {
      "Target": "Parameter",
      "Id": "Head_Roll",
      "Segments": [
        0,
        -2,
        1,
        0.467,
        11.232,
        0.933,
        15,
        1.4,
        15,
        1,
        1.744,
        15,
        2.089,
        11.207,
        2.433,
        6.472,
        1,
        2.9,
        0.058,
        3.366,
        -8.615,
        3.833,
        -10.688,
        1,
        4.333,
        -12.909,
        4.833,
        -12.788,
        5.333,
        -12.788,
        1,
        5.666,
        -12.788,
        6,
        -10.621,
        6.333,
        -2
      ]
    },
    {
      "Target": "Parameter",
      "Id": "Head_AngleX",
      "Segments": [
        0,
        3,
        0,
        1.367,
        -3,
        0,
        3.667,
        9,
        0,
        5.3,
        -0.72,
        0,
        6.333,
        3
      ]
    },
    {
      "Target": "Parameter",
      "Id": "Head_AngleY",
      "Segments": [
        0,
        12,
        1,
        0.456,
        12,
        0.911,
        10.856,
        1.367,
        7.26,
        1,
        2.134,
        1.208,
        2.9,
        -2.634,
        3.667,
        -2.634,
        0,
        6.333,
        12
      ]
    },
    {
      "Target": "Parameter",
      "Id": "BrowLY",
      "Segments": [
        0,
        0.048,
        1,
        0.111,
        0.015,
        0.222,
        0,
        0.333,
        0,
        0,
        6.333,
        0.048
      ]
    },
    {
      "Target": "Parameter",
      "Id": "BrowRY",
      "Segments": [
        0,
        0.048,
        1,
        0.111,
        0.015,
        0.222,
        0,
        0.333,
        0,
        0,
        6.333,
        0.048
      ]
    },
    {
      "Target": "Parameter",
      "Id": "Mouth_Size",
      "Segments": [
        0,
        0.299,
        0,
        0.333,
        0.302,
        0,
        6.333,
        0.299
      ]
    },
    {
      "Target": "Parameter",
      "Id": "Mouth_Form",
      "Segments": [
        0,
        0.003,
        1,
        0.111,
        0.007,
        0.222,
        0.01,
        0.333,
        0.01,
        0,
        6.333,
        0.003
      ]
    },
    {
      "Target": "Parameter",
      "Id": "ShoulderR_Roll",
      "Segments": [
        0,
        4.247,
        1,
        0.444,
        4.331,
        0.889,
        4.36,
        1.333,
        4.36,
        1,
        1.889,
        4.36,
        2.444,
        4.339,
        3,
        4.268,
        1,
        3.656,
        4.184,
        4.311,
        4.123,
        4.967,
        4.123,
        1,
        5.422,
        4.123,
        5.878,
        4.104,
        6.333,
        4.247
      ]
    },
    {
      "Target": "Parameter",
      "Id": "ShoulderRY",
      "Segments": [
        0,
        19.132,
        0,
        1.333,
        19.9,
        0,
        3.5,
        19.538,
        2,
        4.967,
        19.538,
        0,
        6.333,
        19.132
      ]
    },
    {
      "Target": "Parameter",
      "Id": "ArmR_Roll",
      "Segments": [
        0,
        -28.974,
        1,
        0.444,
        -28.974,
        0.889,
        -29.347,
        1.333,
        -29.4,
        1,
        1.889,
        -29.466,
        2.444,
        -29.46,
        3,
        -29.46,
        1,
        3.656,
        -29.46,
        4.311,
        -29.463,
        4.967,
        -29.4,
        1,
        5.422,
        -29.356,
        5.878,
        -28.974,
        6.333,
        -28.974
      ]
    },
    {
      "Target": "Parameter",
      "Id": "ArmR_Scale",
      "Segments": [
        0,
        18.413,
        1,
        0.444,
        18.311,
        0.889,
        18.293,
        1.333,
        18.293,
        0,
        3,
        18.413,
        0,
        4.967,
        18.113,
        0,
        6.333,
        18.413
      ]
    },
    {
      "Target": "Parameter",
      "Id": "ShoulderL_Roll",
      "Segments": [
        0,
        -12.757,
        1,
        0.444,
        -12.058,
        0.889,
        -11.66,
        1.333,
        -11.66,
        1,
        1.889,
        -11.66,
        2.444,
        -12.336,
        3,
        -12.7,
        1,
        3.667,
        -13.137,
        4.333,
        -13.17,
        5,
        -13.17,
        1,
        5.444,
        -13.17,
        5.889,
        -13.262,
        6.333,
        -12.757
      ]
    },
    {
      "Target": "Parameter",
      "Id": "ShoulderLY",
      "Segments": [
        0,
        4.537,
        0,
        1.333,
        5.52,
        0,
        3.5,
        5.517,
        0,
        4.967,
        6.217,
        0,
        6.333,
        4.537
      ]
    },
    {
      "Target": "Parameter",
      "Id": "ArmL_Roll",
      "Segments": [
        0,
        12.57,
        1,
        0.444,
        12.473,
        0.889,
        12.5,
        1.333,
        12.5,
        1,
        1.889,
        12.437,
        2.444,
        12.4,
        3,
        12.4,
        1,
        3.656,
        12.4,
        4.311,
        12.433,
        4.967,
        12.5,
        1,
        5.422,
        12.5,
        5.878,
        12.658,
        6.333,
        12.57
      ]
    },
    {
      "Target": "Parameter",
      "Id": "HandR_Roll",
      "Segments": [
        0,
        -28.813,
        1,
        0.433,
        -28.813,
        0.867,
        -27.446,
        1.3,
        -25.995,
        1,
        1.867,
        -24.098,
        2.433,
        -23.57,
        3,
        -23.57,
        1,
        3.656,
        -23.57,
        4.311,
        -23.539,
        4.967,
        -24.36,
        1,
        5.422,
        -24.931,
        5.878,
        -28.813,
        6.333,
        -28.813
      ]
    },
    {
      "Target": "Parameter",
      "Id": "HandL_Roll",
      "Segments": [
        0,
        -8,
        0,
        1.333,
        -6.705,
        0,
        3.6,
        -8,
        0,
        5.067,
        -7.76,
        0,
        6.333,
        -8
      ]
    },
    {
      "Target": "Parameter",
      "Id": "Param5",
      "Segments": [
        0,
        0,
        0,
        1,
        -15,
        2,
        1.333,
        -15,
        0,
        2.5,
        0,
        2,
        3,
        0,
        2,
        6.333,
        0
      ]
    },
    {
      "Target": "Parameter",
      "Id": "HairFront_Shaking",
      "Segments": [
        0,
        -0.077,
        1,
        0.478,
        -0.29,
        0.955,
        -0.319,
        1.433,
        -0.319,
        0,
        3.067,
        0.397,
        1,
        3.278,
        0.397,
        3.489,
        0.324,
        3.7,
        0.138,
        1,
        3.9,
        -0.038,
        4.1,
        -0.15,
        4.3,
        -0.15,
        0,
        5.667,
        0.222,
        0,
        6.333,
        -0.077
      ]
    },
    {
      "Target": "Parameter",
      "Id": "HairBack_Shaking",
      "Segments": [
        0,
        23,
        0,
        1.133,
        -5.372,
        0,
        2.933,
        14.218,
        0,
        4.5,
        2.066,
        0,
        6.333,
        23
      ]
    },
    {
      "Target": "Parameter",
      "Id": "Param3",
      "Segments": [
        0,
        -13,
        1,
        0.189,
        -18.601,
        0.378,
        -18.328,
        0.567,
        -18.328,
        0,
        2.067,
        0,
        0,
        3.7,
        -13,
        0,
        5.267,
        0,
        1,
        5.622,
        0,
        5.978,
        -5.618,
        6.333,
        -13
      ]
    },
    {
      "Target": "Parameter",
      "Id": "Pants_Roll",
      "Segments": [
        0,
        23.749,
        0,
        3.267,
        16.745,
        0,
        6.333,
        23.749
      ]
    },
    {
      "Target": "PartOpacity",
      "Id": "Part18",
      "Segments": [
        0,
        1,
        2,
        6.33,
        1
      ]
    },
    {
      "Target": "PartOpacity",
      "Id": "Part6",
      "Segments": [
        0,
        1,
        2,
        6.33,
        1
      ]
    },
    {
      "Target": "PartOpacity",
      "Id": "Part20",
      "Segments": [
        0,
        1,
        2,
        6.33,
        1
      ]
    },
    {
      "Target": "PartOpacity",
      "Id": "Part",
      "Segments": [
        0,
        1,
        2,
        6.33,
        1
      ]
    },
    {
      "Target": "PartOpacity",
      "Id": "Part9",
      "Segments": [
        0,
        1,
        2,
        6.33,
        1
      ]
    },
    {
      "Target": "PartOpacity",
      "Id": "Part2",
      "Segments": [
        0,
        1,
        2,
        6.33,
        1
      ]
    },
    {
      "Target": "PartOpacity",
      "Id": "Part8",
      "Segments": [
        0,
        1,
        2,
        6.33,
        1
      ]
    },
    {
      "Target": "PartOpacity",
      "Id": "Part3",
      "Segments": [
        0,
        1,
        2,
        6.33,
        1
      ]
    },
    {
      "Target": "PartOpacity",
      "Id": "Part10",
      "Segments": [
        0,
        0,
        2,
        6.33,
        0
      ]
    },
    {
      "Target": "PartOpacity",
      "Id": "Part21",
      "Segments": [
        0,
        1,
        2,
        6.33,
        1
      ]
    },
    {
      "Target": "PartOpacity",
      "Id": "Part11",
      "Segments": [
        0,
        1,
        2,
        6.33,
        1
      ]
    },
    {
      "Target": "PartOpacity",
      "Id": "Part7",
      "Segments": [
        0,
        1,
        2,
        6.33,
        1
      ]
    },
    {
      "Target": "PartOpacity",
      "Id": "Part29",
      "Segments": [
        0,
        1,
        2,
        6.33,
        1
      ]
    },
    {
      "Target": "PartOpacity",
      "Id": "Part12",
      "Segments": [
        0,
        1,
        2,
        6.33,
        1
      ]
    },
    {
      "Target": "PartOpacity",
      "Id": "Part14",
      "Segments": [
        0,
        1,
        2,
        6.33,
        1
      ]
    },
    {
      "Target": "PartOpacity",
      "Id": "Part15",
      "Segments": [
        0,
        1,
        2,
        6.33,
        1
      ]
    },
    {
      "Target": "PartOpacity",
      "Id": "Part22",
      "Segments": [
        0,
        0,
        2,
        6.33,
        0
      ]
    },
    {
      "Target": "PartOpacity",
      "Id": "Part23",
      "Segments": [
        0,
        1,
        2,
        6.33,
        1
      ]
    },
    {
      "Target": "PartOpacity",
      "Id": "Part4",
      "Segments": [
        0,
        1,
        2,
        6.33,
        1
      ]
    },
    {
      "Target": "PartOpacity",
      "Id": "Part27",
      "Segments": [
        0,
        1,
        2,
        6.33,
        1
      ]
    },
    {
      "Target": "PartOpacity",
      "Id": "Part24",
      "Segments": [
        0,
        0,
        2,
        6.33,
        0
      ]
    },
    {
      "Target": "PartOpacity",
      "Id": "Part26",
      "Segments": [
        0,
        0,
        2,
        6.33,
        0
      ]
    },
    {
      "Target": "PartOpacity",
      "Id": "Part28",
      "Segments": [
        0,
        1,
        2,
        6.33,
        1
      ]
    },
    {
      "Target": "PartOpacity",
      "Id": "Part16",
      "Segments": [
        0,
        1,
        2,
        6.33,
        1
      ]
    },
    {
      "Target": "PartOpacity",
      "Id": "Part30",
      "Segments": [
        0,
        1,
        2,
        6.33,
        1
      ]
    },
    {
      "Target": "PartOpacity",
      "Id": "Part31",
      "Segments": [
        0,
        1,
        2,
        6.33,
        1
      ]
    },
    {
      "Target": "PartOpacity",
      "Id": "Part5",
      "Segments": [
        0,
        0,
        2,
        6.33,
        0
      ]
    },
    {
      "Target": "PartOpacity",
      "Id": "PartSketch0",
      "Segments": [
        0,
        0,
        2,
        6.33,
        0
      ]
    },
    {
      "Target": "PartOpacity",
      "Id": "Part17",
      "Segments": [
        0,
        1,
        2,
        6.33,
        1
      ]
    },
    {
      "Target": "PartOpacity",
      "Id": "Part13",
      "Segments": [
        0,
        1,
        2,
        6.33,
        1
      ]
    },
    {
      "Target": "PartOpacity",
      "Id": "Part19",
      "Segments": [
        0,
        1,
        2,
        6.33,
        1
      ]
    },
    {
      "Target": "Model",
      "Id": "Opacity",
      "Segments": [
        0,
        1,
        0,
        6.333,
        1
      ]
    },
    {
      "Target": "Parameter",
      "Id": "Pose_Form",
      "Segments": [
        0,
        0,
        0,
        6.333,
        0
      ]
    },
    {
      "Target": "Parameter",
      "Id": "BodyX",
      "Segments": [
        0,
        -25,
        0,
        6.333,
        -25
      ]
    },
    {
      "Target": "Parameter",
      "Id": "EyeBallX",
      "Segments": [
        0,
        0,
        0,
        6.333,
        0
      ]
    },
    {
      "Target": "Parameter",
      "Id": "EyeBallY",
      "Segments": [
        0,
        0,
        0,
        6.333,
        0
      ]
    },
    {
      "Target": "Parameter",
      "Id": "EyeL_Open",
      "Segments": [
        0,
        1,
        0,
        6.333,
        1
      ]
    },
    {
      "Target": "Parameter",
      "Id": "EyeL_Smile",
      "Segments": [
        0,
        0.4,
        0,
        6.333,
        0.4
      ]
    },
    {
      "Target": "Parameter",
      "Id": "EyeR_Open",
      "Segments": [
        0,
        1,
        0,
        6.333,
        1
      ]
    },
    {
      "Target": "Parameter",
      "Id": "EyeR_Smile",
      "Segments": [
        0,
        0.3,
        0,
        6.333,
        0.3
      ]
    },
    {
      "Target": "Parameter",
      "Id": "EyeBall_Size",
      "Segments": [
        0,
        0,
        0,
        6.333,
        0
      ]
    },
    {
      "Target": "Parameter",
      "Id": "EyeL_Form",
      "Segments": [
        0,
        1,
        0,
        6.333,
        1
      ]
    },
    {
      "Target": "Parameter",
      "Id": "EyeR_Form",
      "Segments": [
        0,
        1,
        0,
        6.333,
        1
      ]
    },
    {
      "Target": "Parameter",
      "Id": "BrowL_Form",
      "Segments": [
        0,
        -1,
        0,
        6.333,
        -1
      ]
    },
    {
      "Target": "Parameter",
      "Id": "BrowR_Form",
      "Segments": [
        0,
        -1,
        0,
        6.333,
        -1
      ]
    },
    {
      "Target": "Parameter",
      "Id": "BrowL_Form2",
      "Segments": [
        0,
        0,
        0,
        6.333,
        0
      ]
    },
    {
      "Target": "Parameter",
      "Id": "BrowR_Form2",
      "Segments": [
        0,
        0,
        0,
        6.333,
        0
      ]
    },
    {
      "Target": "Parameter",
      "Id": "BrowL_Angle",
      "Segments": [
        0,
        0.3,
        0,
        6.333,
        0.3
      ]
    },
    {
      "Target": "Parameter",
      "Id": "BrowR_Angle",
      "Segments": [
        0,
        0.1,
        0,
        6.333,
        0.1
      ]
    },
    {
      "Target": "Parameter",
      "Id": "Mouth_Open",
      "Segments": [
        0,
        1,
        0,
        6.333,
        1
      ]
    },
    {
      "Target": "Parameter",
      "Id": "ShoulderY",
      "Segments": [
        0,
        25.115,
        0,
        6.333,
        25.115
      ]
    },
    {
      "Target": "Parameter",
      "Id": "ShoulderR_Scale",
      "Segments": [
        0,
        14.726,
        0,
        6.333,
        14.726
      ]
    },
    {
      "Target": "Parameter",
      "Id": "ShoulderL_Scale",
      "Segments": [
        0,
        21.676,
        0,
        6.333,
        21.676
      ]
    },
    {
      "Target": "Parameter",
      "Id": "ArmL_Scale",
      "Segments": [
        0,
        14.382,
        0,
        6.333,
        14.382
      ]
    },
    {
      "Target": "Parameter",
      "Id": "HandR_move",
      "Segments": [
        0,
        0,
        0,
        6.333,
        0
      ]
    },
    {
      "Target": "Parameter",
      "Id": "Param2",
      "Segments": [
        0,
        -25,
        0,
        6.333,
        -25
      ]
    },
    {
      "Target": "Parameter",
      "Id": "Param",
      "Segments": [
        0,
        1,
        0,
        6.333,
        1
      ]
    }
  ],
  "UserData": [
    {
      "Time": 0.0,
      "Value": ""
    }
  ]
}