{
  "Version": 3,
  "Meta": {
    "Duration": 1.67,
    "Fps": 30.0,
    "Loop": true,
    "AreBeziersRestricted": true,
    "CurveCount": 80,
    "TotalSegmentCount": 240,
    "TotalPointCount": 348,
    "UserDataCount": 1,
    "TotalUserDataSize": 0
  },
  "Curves": [
    {
      "Target": "Parameter",
      "Id": "Breath",
      "Segments": [
        0,
        26,
        0,
        1.133,
        0,
        2,
        1.333,
        0,
        2,
        1.667,
        0
      ]
    },
    {
      "Target": "Parameter",
      "Id": "Pose_Form",
      "Segments": [
        0,
        0,
        2,
        0.133,
        0,
        2,
        0.333,
        0,
        1,
        0.6,
        0,
        0.866,
        -5.194,
        1.133,
        -9.183,
        1,
        1.2,
        -10.18,
        1.266,
        -10.128,
        1.333,
        -10.483,
        1,
        1.444,
        -11.074,
        1.556,
        -11.675,
        1.667,
        -12.083
      ]
    },
    {
      "Target": "Parameter",
      "Id": "Body_Twist",
      "Segments": [
        0,
        0,
        2,
        0.3,
        0,
        0,
        0.8,
        -4,
        0,
        1.133,
        0,
        2,
        1.333,
        0,
        2,
        1.667,
        0
      ]
    },
    {
      "Target": "Parameter",
      "Id": "Body_Shaking",
      "Segments": [
        0,
        0,
        0,
        0.133,
        5,
        2,
        0.3,
        5,
        0,
        0.533,
        -26,
        1,
        0.733,
        -26,
        0.933,
        12.198,
        1.133,
        19,
        1,
        1.2,
        21.267,
        1.266,
        21.5,
        1.333,
        21.5,
        0,
        1.667,
        25.1
      ]
    },
    {
      "Target": "Parameter",
      "Id": "Head_Roll",
      "Segments": [
        0,
        0,
        1,
        0.244,
        0,
        0.489,
        -22.263,
        0.733,
        -27.8,
        1,
        0.866,
        -30.82,
        1,
        -30,
        1.133,
        -30,
        1,
        1.2,
        -30,
        1.266,
        -29.723,
        1.333,
        -27.8,
        1,
        1.444,
        -24.596,
        1.556,
        -18.666,
        1.667,
        -15.8
      ]
    },
    {
      "Target": "Parameter",
      "Id": "Head_AngleX",
      "Segments": [
        0,
        0,
        1,
        0.178,
        0,
        0.355,
        5.928,
        0.533,
        14.497,
        1,
        0.689,
        21.995,
        0.844,
        24.497,
        1,
        24.497,
        1,
        1.044,
        24.497,
        1.089,
        24.406,
        1.133,
        23.497,
        1,
        1.311,
        19.863,
        1.489,
        13.52,
        1.667,
        11.459
      ]
    },
    {
      "Target": "Parameter",
      "Id": "Head_AngleY",
      "Segments": [
        0,
        0,
        1,
        0.178,
        0,
        0.355,
        0.158,
        0.533,
        -1,
        1,
        0.689,
        -2.013,
        0.844,
        -19,
        1,
        -19,
        2,
        1.133,
        -19,
        2,
        1.333,
        -19,
        2,
        1.667,
        -19
      ]
    },
    {
      "Target": "Parameter",
      "Id": "EyeBallY",
      "Segments": [
        0,
        0,
        0,
        0.833,
        0.2,
        0,
        1.667,
        0
      ]
    },
    {
      "Target": "Parameter",
      "Id": "EyeL_Open",
      "Segments": [
        0,
        1,
        1,
        0.022,
        1,
        0.045,
        1.037,
        0.067,
        0.9,
        1,
        0.111,
        0.625,
        0.156,
        0,
        0.2,
        0,
        2,
        0.3,
        0,
        1,
        0.322,
        0,
        0.345,
        0.031,
        0.367,
        0.2,
        1,
        0.389,
        0.369,
        0.411,
        0.714,
        0.433,
        0.9,
        1,
        0.444,
        0.993,
        0.456,
        1,
        0.467,
        1,
        2,
        0.5,
        1,
        0,
        0.833,
        0.99,
        0,
        1.667,
        1
      ]
    },
    {
      "Target": "Parameter",
      "Id": "EyeL_Smile",
      "Segments": [
        0,
        0,
        2,
        0.2,
        0,
        2,
        0.3,
        0,
        0,
        0.5,
        0.535,
        0,
        0.6,
        0,
        2,
        0.833,
        0,
        2,
        1.667,
        0
      ]
    },
    {
      "Target": "Parameter",
      "Id": "EyeR_Open",
      "Segments": [
        0,
        1,
        1,
        0.022,
        1,
        0.045,
        1.037,
        0.067,
        0.9,
        1,
        0.111,
        0.625,
        0.156,
        0,
        0.2,
        0,
        2,
        0.3,
        0,
        1,
        0.322,
        0,
        0.345,
        0.035,
        0.367,
        0.2,
        1,
        0.389,
        0.365,
        0.411,
        0.696,
        0.433,
        0.85,
        1,
        0.444,
        0.927,
        0.456,
        0.924,
        0.467,
        0.924,
        0,
        0.567,
        0.9,
        2,
        0.833,
        0.9,
        2,
        1.667,
        0.9
      ]
    },
    {
      "Target": "Parameter",
      "Id": "EyeR_Smile",
      "Segments": [
        0,
        0,
        2,
        0.2,
        0,
        2,
        0.3,
        0,
        0,
        0.467,
        1,
        0,
        0.5,
        0,
        2,
        0.833,
        0,
        2,
        1.667,
        0
      ]
    },
    {
      "Target": "Parameter",
      "Id": "EyeR_Form",
      "Segments": [
        0,
        0,
        2,
        0.2,
        0,
        2,
        0.3,
        0,
        2,
        0.367,
        0,
        0,
        0.467,
        0.4,
        2,
        0.833,
        0.4,
        2,
        1.667,
        0.4
      ]
    },
    {
      "Target": "Parameter",
      "Id": "BrowL_Form",
      "Segments": [
        0,
        0,
        0,
        0.1,
        0.3,
        0,
        0.533,
        -0.8,
        2,
        0.833,
        -0.8,
        2,
        1.667,
        -0.8
      ]
    },
    {
      "Target": "Parameter",
      "Id": "BrowR_Form",
      "Segments": [
        0,
        0,
        0,
        0.1,
        0.3,
        1,
        0.244,
        0.3,
        0.389,
        -0.693,
        0.533,
        -0.897,
        1,
        0.633,
        -1.039,
        0.733,
        -1,
        0.833,
        -1,
        2,
        1.667,
        -1
      ]
    },
    {
      "Target": "Parameter",
      "Id": "BrowR_Form2",
      "Segments": [
        0,
        0,
        0,
        0.567,
        1,
        2,
        0.833,
        1,
        2,
        1.667,
        1
      ]
    },
    {
      "Target": "Parameter",
      "Id": "BrowLY",
      "Segments": [
        0,
        0,
        0,
        0.1,
        0.1,
        0,
        0.333,
        0,
        1,
        0.378,
        0,
        0.422,
        0.002,
        0.467,
        0.029,
        1,
        0.522,
        0.062,
        0.578,
        0.1,
        0.633,
        0.1,
        2,
        0.833,
        0.1,
        2,
        1.667,
        0.1
      ]
    },
    {
      "Target": "Parameter",
      "Id": "BrowRY",
      "Segments": [
        0,
        0,
        0,
        0.1,
        0.1,
        1,
        0.178,
        0.1,
        0.255,
        0.072,
        0.333,
        -0.146,
        1,
        0.4,
        -0.333,
        0.466,
        -0.6,
        0.533,
        -0.6,
        1,
        0.633,
        -0.6,
        0.733,
        -0.493,
        0.833,
        -0.4,
        1,
        1.111,
        -0.143,
        1.389,
        -0.052,
        1.667,
        -0.052
      ]
    },
    {
      "Target": "Parameter",
      "Id": "BrowL_Angle",
      "Segments": [
        0,
        0,
        2,
        0.1,
        0,
        0,
        0.467,
        -0.8,
        2,
        0.833,
        -0.8,
        2,
        1.667,
        -0.8
      ]
    },
    {
      "Target": "Parameter",
      "Id": "BrowR_Angle",
      "Segments": [
        0,
        0,
        2,
        0.1,
        0,
        0,
        0.467,
        -1,
        2,
        0.833,
        -1,
        2,
        1.667,
        -1
      ]
    },
    {
      "Target": "Parameter",
      "Id": "Mouth_Size",
      "Segments": [
        0,
        0.5,
        0,
        0.1,
        -5,
        1,
        0.156,
        -5,
        0.211,
        -0.05,
        0.267,
        0,
        1,
        0.456,
        0.171,
        0.644,
        0.2,
        0.833,
        0.2,
        2,
        1.667,
        0.2
      ]
    },
    {
      "Target": "Parameter",
      "Id": "Mouth_Open",
      "Segments": [
        0,
        0.5,
        2,
        0.1,
        0.5,
        0,
        0.267,
        0,
        0,
        0.833,
        0.5,
        2,
        1.667,
        0.5
      ]
    },
    {
      "Target": "Parameter",
      "Id": "Mouth_Form",
      "Segments": [
        0,
        0,
        0,
        0.1,
        -1,
        1,
        0.156,
        -1,
        0.211,
        -0.622,
        0.267,
        -0.4,
        1,
        0.456,
        0.354,
        0.644,
        0.6,
        0.833,
        0.6,
        2,
        1.667,
        0.6
      ]
    },
    {
      "Target": "Parameter",
      "Id": "ShoulderY",
      "Segments": [
        0,
        0,
        2,
        0.3,
        0,
        2,
        0.433,
        0,
        0,
        0.667,
        10,
        1,
        0.822,
        10,
        0.978,
        3.205,
        1.133,
        0,
        1,
        1.2,
        -1.374,
        1.266,
        -1,
        1.333,
        -1,
        2,
        1.567,
        -1,
        2,
        1.667,
        -1
      ]
    },
    {
      "Target": "Parameter",
      "Id": "ShoulderR_Roll",
      "Segments": [
        0,
        0,
        2,
        0.267,
        0,
        1,
        0.456,
        1.081,
        0.644,
        8.941,
        0.833,
        14.639,
        1,
        0.933,
        18.507,
        1.033,
        18.52,
        1.133,
        18.52,
        0,
        1.333,
        18.5,
        2,
        1.667,
        18.5
      ]
    },
    {
      "Target": "Parameter",
      "Id": "ShoulderR_Scale",
      "Segments": [
        0,
        0,
        0,
        1.133,
        30,
        2,
        1.333,
        30,
        2,
        1.667,
        30
      ]
    },
    {
      "Target": "Parameter",
      "Id": "ArmR_Roll",
      "Segments": [
        0,
        0,
        2,
        0.267,
        0,
        1,
        0.389,
        0,
        0.511,
        26.182,
        0.633,
        26.592,
        1,
        0.8,
        27.151,
        0.966,
        27.092,
        1.133,
        27.092,
        0,
        1.667,
        26.592
      ]
    },
    {
      "Target": "Parameter",
      "Id": "ShoulderL_Roll",
      "Segments": [
        0,
        0,
        1,
        0.133,
        0,
        0.267,
        0.446,
        0.4,
        0.7,
        1,
        0.644,
        1.166,
        0.889,
        1.26,
        1.133,
        1.26,
        1,
        1.311,
        1.26,
        1.489,
        0.776,
        1.667,
        0.7
      ]
    },
    {
      "Target": "Parameter",
      "Id": "ArmL_Roll",
      "Segments": [
        0,
        0,
        2,
        0.6,
        0,
        0,
        1.133,
        0.789,
        0,
        1.333,
        0.768,
        1,
        1.444,
        0.79,
        1.556,
        0.868,
        1.667,
        0.868
      ]
    },
    {
      "Target": "Parameter",
      "Id": "HandR_Roll",
      "Segments": [
        0,
        -10,
        0,
        1.133,
        0,
        2,
        1.333,
        0,
        2,
        1.667,
        0
      ]
    },
    {
      "Target": "Parameter",
      "Id": "HairFront_Shaking",
      "Segments": [
        0,
        0,
        0,
        0.3,
        -0.063,
        0,
        0.7,
        0.154,
        0,
        1.1,
        -0.1,
        0,
        1.4,
        0.05,
        0,
        1.667,
        0.024
      ]
    },
    {
      "Target": "Parameter",
      "Id": "HairBack_Shaking",
      "Segments": [
        0,
        0,
        2,
        0.4,
        0,
        2,
        0.8,
        0,
        0,
        1.1,
        10.948,
        1,
        1.133,
        10.948,
        1.167,
        11.035,
        1.2,
        10.552,
        1,
        1.267,
        9.587,
        1.333,
        7.158,
        1.4,
        5.337,
        1,
        1.489,
        2.91,
        1.578,
        -1.2,
        1.667,
        -2.216
      ]
    },
    {
      "Target": "Parameter",
      "Id": "Param3",
      "Segments": [
        0,
        0,
        0,
        0.433,
        -1.8,
        1,
        0.6,
        -1.8,
        0.766,
        1.298,
        0.933,
        3.564,
        1,
        1.066,
        5.378,
        1.2,
        5.457,
        1.333,
        5.457,
        1,
        1.444,
        5.457,
        1.556,
        1.409,
        1.667,
        -1.8
      ]
    },
    {
      "Target": "PartOpacity",
      "Id": "Part6",
      "Segments": [
        0,
        1,
        2,
        1.33,
        1,
        2,
        1.67,
        1
      ]
    },
    {
      "Target": "PartOpacity",
      "Id": "Part20",
      "Segments": [
        0,
        1,
        2,
        1.33,
        1,
        2,
        1.67,
        1
      ]
    },
    {
      "Target": "PartOpacity",
      "Id": "Part",
      "Segments": [
        0,
        1,
        2,
        1.33,
        1,
        2,
        1.67,
        1
      ]
    },
    {
      "Target": "PartOpacity",
      "Id": "Part9",
      "Segments": [
        0,
        1,
        2,
        1.33,
        1,
        2,
        1.67,
        1
      ]
    },
    {
      "Target": "PartOpacity",
      "Id": "Part2",
      "Segments": [
        0,
        1,
        2,
        1.33,
        1,
        2,
        1.67,
        1
      ]
    },
    {
      "Target": "PartOpacity",
      "Id": "Part8",
      "Segments": [
        0,
        1,
        2,
        1.33,
        1,
        2,
        1.67,
        1
      ]
    },
    {
      "Target": "PartOpacity",
      "Id": "Part3",
      "Segments": [
        0,
        1,
        2,
        1.33,
        1,
        2,
        1.67,
        1
      ]
    },
    {
      "Target": "PartOpacity",
      "Id": "Part10",
      "Segments": [
        0,
        0,
        2,
        1.23,
        0,
        2,
        1.33,
        0,
        2,
        1.67,
        0
      ]
    },
    {
      "Target": "PartOpacity",
      "Id": "Part21",
      "Segments": [
        0,
        1,
        2,
        1.33,
        1,
        2,
        1.67,
        1
      ]
    },
    {
      "Target": "PartOpacity",
      "Id": "Part11",
      "Segments": [
        0,
        1,
        2,
        1.33,
        1,
        2,
        1.67,
        1
      ]
    },
    {
      "Target": "PartOpacity",
      "Id": "Part7",
      "Segments": [
        0,
        1,
        2,
        1.33,
        1,
        2,
        1.67,
        1
      ]
    },
    {
      "Target": "PartOpacity",
      "Id": "Part29",
      "Segments": [
        0,
        1,
        2,
        1.33,
        1,
        2,
        1.67,
        1
      ]
    },
    {
      "Target": "PartOpacity",
      "Id": "Part12",
      "Segments": [
        0,
        1,
        2,
        1.33,
        1,
        2,
        1.67,
        1
      ]
    },
    {
      "Target": "PartOpacity",
      "Id": "Part14",
      "Segments": [
        0,
        1,
        2,
        0.5,
        1,
        2,
        1.33,
        1,
        2,
        1.67,
        1
      ]
    },
    {
      "Target": "PartOpacity",
      "Id": "Part15",
      "Segments": [
        0,
        1,
        2,
        1.33,
        1,
        2,
        1.67,
        1
      ]
    },
    {
      "Target": "PartOpacity",
      "Id": "Part22",
      "Segments": [
        0,
        0,
        2,
        0.5,
        0,
        1,
        0.533,
        0.333,
        0.567,
        0.667,
        0.6,
        1,
        2,
        1.67,
        1
      ]
    },
    {
      "Target": "PartOpacity",
      "Id": "Part23",
      "Segments": [
        0,
        1,
        2,
        0.57,
        1,
        2,
        1.67,
        1
      ]
    },
    {
      "Target": "PartOpacity",
      "Id": "Part4",
      "Segments": [
        0,
        1,
        2,
        1.33,
        1,
        2,
        1.67,
        1
      ]
    },
    {
      "Target": "PartOpacity",
      "Id": "Part27",
      "Segments": [
        0,
        0,
        2,
        1.33,
        0,
        2,
        1.67,
        0
      ]
    },
    {
      "Target": "PartOpacity",
      "Id": "Part24",
      "Segments": [
        0,
        0,
        2,
        0.5,
        0,
        0,
        0.6,
        1,
        2,
        1.67,
        1
      ]
    },
    {
      "Target": "PartOpacity",
      "Id": "Part26",
      "Segments": [
        0,
        1,
        2,
        0.6,
        1,
        2,
        1.33,
        1,
        2,
        1.67,
        1
      ]
    },
    {
      "Target": "PartOpacity",
      "Id": "Part16",
      "Segments": [
        0,
        1,
        2,
        0.5,
        1,
        2,
        1.33,
        1,
        2,
        1.67,
        1
      ]
    },
    {
      "Target": "PartOpacity",
      "Id": "Part5",
      "Segments": [
        0,
        1,
        2,
        1.33,
        1,
        2,
        1.67,
        1
      ]
    },
    {
      "Target": "PartOpacity",
      "Id": "PartSketch0",
      "Segments": [
        0,
        0,
        2,
        0.5,
        0,
        2,
        1.33,
        0,
        2,
        1.67,
        0
      ]
    },
    {
      "Target": "PartOpacity",
      "Id": "Part17",
      "Segments": [
        0,
        1,
        2,
        0.5,
        1,
        2,
        1.33,
        1,
        2,
        1.67,
        1
      ]
    },
    {
      "Target": "PartOpacity",
      "Id": "Part13",
      "Segments": [
        0,
        1,
        2,
        1.33,
        1,
        2,
        1.67,
        1
      ]
    },
    {
      "Target": "PartOpacity",
      "Id": "Part19",
      "Segments": [
        0,
        1,
        2,
        0.53,
        1,
        2,
        1.33,
        1,
        2,
        1.67,
        1
      ]
    },
    {
      "Target": "Model",
      "Id": "Opacity",
      "Segments": [
        0,
        1,
        0,
        1.67,
        1
      ]
    },
    {
      "Target": "Parameter",
      "Id": "BodyX",
      "Segments": [
        0,
        0,
        0,
        1.67,
        0
      ]
    },
    {
      "Target": "Parameter",
      "Id": "Param4",
      "Segments": [
        0,
        0,
        0,
        1.67,
        0
      ]
    },
    {
      "Target": "Parameter",
      "Id": "EyeBallX",
      "Segments": [
        0,
        0,
        0,
        1.67,
        0
      ]
    },
    {
      "Target": "Parameter",
      "Id": "EyeBall_Size",
      "Segments": [
        0,
        0,
        0,
        1.67,
        0
      ]
    },
    {
      "Target": "Parameter",
      "Id": "EyeL_Form",
      "Segments": [
        0,
        0,
        0,
        1.67,
        0
      ]
    },
    {
      "Target": "Parameter",
      "Id": "BrowL_Form2",
      "Segments": [
        0,
        0,
        0,
        1.67,
        0
      ]
    },
    {
      "Target": "Parameter",
      "Id": "ShoulderRY",
      "Segments": [
        0,
        0,
        0,
        1.67,
        0
      ]
    },
    {
      "Target": "Parameter",
      "Id": "ArmR_Scale",
      "Segments": [
        0,
        0,
        0,
        1.67,
        0
      ]
    },
    {
      "Target": "Parameter",
      "Id": "ShoulderLY",
      "Segments": [
        0,
        0,
        0,
        1.67,
        0
      ]
    },
    {
      "Target": "Parameter",
      "Id": "ShoulderL_Scale",
      "Segments": [
        0,
        0,
        0,
        1.67,
        0
      ]
    },
    {
      "Target": "Parameter",
      "Id": "ArmL_Scale",
      "Segments": [
        0,
        0,
        0,
        1.67,
        0
      ]
    },
    {
      "Target": "Parameter",
      "Id": "HandR_move",
      "Segments": [
        0,
        0,
        0,
        1.67,
        0
      ]
    },
    {
      "Target": "Parameter",
      "Id": "Param2",
      "Segments": [
        0,
        0,
        0,
        1.67,
        0
      ]
    },
    {
      "Target": "Parameter",
      "Id": "Param",
      "Segments": [
        0,
        0,
        0,
        1.67,
        0
      ]
    },
    {
      "Target": "Parameter",
      "Id": "HandL_Roll",
      "Segments": [
        0,
        0,
        0,
        1.67,
        0
      ]
    },
    {
      "Target": "Parameter",
      "Id": "Param5",
      "Segments": [
        0,
        0,
        0,
        1.67,
        0
      ]
    },
    {
      "Target": "Parameter",
      "Id": "Pants_Roll",
      "Segments": [
        0,
        0,
        0,
        1.67,
        0
      ]
    },
    {
      "Target": "PartOpacity",
      "Id": "Part30",
      "Segments": [
        0,
        1,
        0,
        1.67,
        1
      ]
    },
    {
      "Target": "PartOpacity",
      "Id": "Part31",
      "Segments": [
        0,
        0,
        0,
        1.67,
        0
      ]
    }
  ],
  "UserData": [
    {
      "Time": 0.0,
      "Value": ""
    }
  ]
}