{
  "Version": 3,
  "FileReferences": {
    "Moc": "shin.moc3",
    "Textures": [
      "textures/texture_00.png"
    ],
    "Physics": null,
    "Motions": {
      "": [
        {
          "File": "motions/c208a_0050.motion3.json"
        },
        {
          "File": "motions/c208a_0051.motion3.json"
        },
        {
          "File": "motions/c208a_04_08.motion3.json"
        },
        {
          "File": "motions/c208a_0070.motion3.json"
        },
        {
          "File": "motions/c208a_0061.motion3.json"
        },
        {
          "File": "motions/c208a_0011.motion3.json"
        },
        {
          "File": "motions/c208a_0040.motion3.json"
        },
        {
          "File": "motions/c208a_0080.motion3.json"
        },
        {
          "File": "motions/c208a_0071.motion3.json"
        },
        {
          "File": "motions/c208a_0090.motion3.json"
        },
        {
          "File": "motions/c208a_0010.motion3.json"
        },
        {
          "File": "motions/c208a_0081.motion3.json"
        },
        {
          "File": "motions/c208a_0060.motion3.json"
        },
        {
          "File": "motions/c208a_0041.motion3.json"
        },
        {
          "File": "motions/c208a_08_04.motion3.json"
        },
        {
          "File": "motions/c208a_0091.motion3.json"
        }
      ]
    }
  },
  "Groups": [
    {
      "Target": "Parameter",
      "Name": "LipSync",
      "Ids": [
        "Mouth_Open",
        "Mouth_Size"
      ]
    }
  ]
}