{
  "Version": 3,
  "Meta": {
    "Duration": 10.0,
    "Fps": 30.0,
    "Loop": true,
    "AreBeziersRestricted": true,
    "CurveCount": 62,
    "TotalSegmentCount": 202,
    "TotalPointCount": 314,
    "UserDataCount": 0,
    "TotalUserDataSize": 0
  },
  "Curves": [
    {
      "Target": "Parameter",
      "Id": "Breath",
      "Segments": [
        0,
        0,
        0,
        1,
        1,
        0,
        2,
        0,
        0,
        3.267,
        1,
        0,
        4.767,
        0,
        0,
        6.067,
        1,
        0,
        7.5,
        0,
        0,
        8.767,
        1,
        1,
        9.178,
        1,
        9.589,
        0.466,
        10,
        0
      ]
    },
    {
      "Target": "Parameter",
      "Id": "Body_Shaking",
      "Segments": [
        0,
        0,
        1,
        0.667,
        2.381,
        1.333,
        4,
        2,
        4,
        0,
        3.933,
        -4,
        0,
        6.233,
        7,
        0,
        8.333,
        0,
        0,
        10,
        4
      ]
    },
    {
      "Target": "Parameter",
      "Id": "Body_Twist",
      "Segments": [
        0,
        0,
        0,
        1.367,
        -22.321,
        1,
        1.578,
        -23.678,
        1.789,
        -24,
        2,
        -24,
        1,
        2.389,
        -24,
        2.778,
        -24.01,
        3.167,
        -22.653,
        1,
        3.834,
        -20.246,
        4.5,
        -13.416,
        5.167,
        -6.102,
        1,
        5.445,
        -3.182,
        5.722,
        -1.652,
        6,
        -1.652,
        2,
        7.667,
        -1.652,
        1,
        8.234,
        -1.652,
        8.8,
        -10.858,
        9.367,
        -20.744,
        1,
        9.578,
        -23.453,
        9.789,
        -24,
        10,
        -24
      ]
    },
    {
      "Target": "Parameter",
      "Id": "Skirt_Shaking",
      "Segments": [
        0,
        0,
        0,
        0.967,
        16,
        1,
        1.311,
        16,
        1.656,
        9.847,
        2,
        0,
        1,
        2.444,
        -12.706,
        2.889,
        -18.006,
        3.333,
        -18.006,
        0,
        6.033,
        16,
        1,
        6.4,
        16,
        6.766,
        3.854,
        7.133,
        0,
        1,
        7.6,
        -4.905,
        8.066,
        -5,
        8.533,
        -5,
        0,
        10,
        0
      ]
    },
    {
      "Target": "Parameter",
      "Id": "Head_AngleX",
      "Segments": [
        0,
        0,
        0,
        2,
        -5,
        0,
        6.167,
        5,
        1,
        6.822,
        5.957,
        7.478,
        6,
        8.133,
        6,
        0,
        10,
        -5
      ]
    },
    {
      "Target": "Parameter",
      "Id": "Head_AngleY",
      "Segments": [
        0,
        0,
        0,
        2,
        -1,
        0,
        6.167,
        4,
        0,
        8.133,
        -8,
        0,
        10,
        -1
      ]
    },
    {
      "Target": "Parameter",
      "Id": "Head_Roll",
      "Segments": [
        0,
        0,
        1,
        0.667,
        0,
        1.333,
        -0.515,
        2,
        -4.587,
        1,
        2.7,
        -8.862,
        3.4,
        -14,
        4.1,
        -14,
        0,
        6.167,
        7,
        0,
        8.133,
        -17,
        0,
        10,
        -4.587
      ]
    },
    {
      "Target": "Parameter",
      "Id": "EyeBallX",
      "Segments": [
        0,
        0,
        0,
        2,
        0.2,
        0,
        6.167,
        0,
        0,
        10,
        0.2
      ]
    },
    {
      "Target": "Parameter",
      "Id": "EyeBallY",
      "Segments": [
        0,
        0,
        2,
        2,
        0,
        0,
        6.167,
        -0.1,
        0,
        10,
        0
      ]
    },
    {
      "Target": "Parameter",
      "Id": "BrowLY",
      "Segments": [
        0,
        0,
        0,
        1.433,
        0.2,
        1,
        1.622,
        0.2,
        1.811,
        0.174,
        2,
        0.061,
        1,
        2.356,
        -0.152,
        2.711,
        -0.3,
        3.067,
        -0.3,
        0,
        10,
        0.061
      ]
    },
    {
      "Target": "Parameter",
      "Id": "BrowRY",
      "Segments": [
        0,
        0,
        0,
        1.433,
        0.2,
        1,
        1.622,
        0.2,
        1.811,
        0.174,
        2,
        0.061,
        1,
        2.356,
        -0.152,
        2.711,
        -0.3,
        3.067,
        -0.3,
        0,
        10,
        0.061
      ]
    },
    {
      "Target": "Parameter",
      "Id": "Mouth_Form",
      "Segments": [
        0,
        0,
        2,
        2,
        0,
        0,
        4.167,
        -0.3,
        0,
        10,
        0
      ]
    },
    {
      "Target": "Parameter",
      "Id": "HairFront_Shaking",
      "Segments": [
        0,
        0,
        0,
        1.2,
        1,
        1,
        1.467,
        1,
        1.733,
        0.698,
        2,
        0.179,
        1,
        2.211,
        -0.232,
        2.422,
        -0.4,
        2.633,
        -0.4,
        0,
        3.5,
        0,
        0,
        4.5,
        -0.5,
        1,
        4.911,
        -0.5,
        5.322,
        -0.455,
        5.733,
        0,
        1,
        6.033,
        0.332,
        6.333,
        1,
        6.633,
        1,
        0,
        7.467,
        -0.2,
        0,
        9,
        1,
        1,
        9.333,
        1,
        9.667,
        0.649,
        10,
        0.179
      ]
    },
    {
      "Target": "Parameter",
      "Id": "HairSide_Shaking",
      "Segments": [
        0,
        0,
        0,
        1.2,
        0.4,
        1,
        1.467,
        0.4,
        1.733,
        0.278,
        2,
        0.107,
        1,
        2.211,
        -0.028,
        2.422,
        -0.069,
        2.633,
        -0.069,
        0,
        3.933,
        0.2,
        0,
        5.167,
        -0.304,
        0,
        6.3,
        0.4,
        0,
        7.467,
        0,
        0,
        9,
        0.4,
        1,
        9.333,
        0.4,
        9.667,
        0.228,
        10,
        0.107
      ]
    },
    {
      "Target": "Parameter",
      "Id": "HairBack_Shaking",
      "Segments": [
        0,
        0,
        0,
        1.2,
        0.5,
        1,
        1.467,
        0.5,
        1.733,
        0.328,
        2,
        0.031,
        1,
        2.211,
        -0.204,
        2.422,
        -0.3,
        2.633,
        -0.3,
        0,
        3.933,
        0.2,
        0,
        5.167,
        -0.3,
        0,
        6.3,
        0.3,
        0,
        7.467,
        0,
        0,
        9,
        0.5,
        1,
        9.333,
        0.5,
        9.667,
        0.215,
        10,
        0.031
      ]
    },
    {
      "Target": "Parameter",
      "Id": "Shoulder_Move",
      "Segments": [
        0,
        0,
        0,
        1,
        3.336,
        0,
        2,
        0,
        2,
        4,
        0,
        0,
        5,
        3.336,
        0,
        6,
        0,
        2,
        8,
        0,
        0,
        9,
        3.336,
        0,
        10,
        0
      ]
    },
    {
      "Target": "Parameter",
      "Id": "ShoulderL_Roll",
      "Segments": [
        0,
        0,
        0,
        1.2,
        1,
        1,
        1.467,
        1,
        1.733,
        0.182,
        2,
        -0.368,
        1,
        2.5,
        -1.398,
        3,
        -1.644,
        3.5,
        -1.644,
        0,
        7.733,
        0.1,
        1,
        8.489,
        0.1,
        9.244,
        0.028,
        10,
        -0.368
      ]
    },
    {
      "Target": "Parameter",
      "Id": "ArmL_Roll",
      "Segments": [
        0,
        0,
        0,
        2,
        -1,
        0,
        2.933,
        0.238,
        0,
        6.567,
        -1,
        2,
        10,
        -1
      ]
    },
    {
      "Target": "Parameter",
      "Id": "ShoulderR_Roll",
      "Segments": [
        0,
        0,
        0,
        0.833,
        -1,
        1,
        1.222,
        -1,
        1.611,
        0.468,
        2,
        0.9,
        1,
        2.6,
        1.566,
        3.2,
        1.6,
        3.8,
        1.6,
        0,
        7.6,
        0.076,
        1,
        8.4,
        0.076,
        9.2,
        0.246,
        10,
        0.9
      ]
    },
    {
      "Target": "Parameter",
      "Id": "ArmR_Roll",
      "Segments": [
        0,
        0,
        0,
        1.5,
        -0.143,
        1,
        1.667,
        -0.141,
        1.833,
        -0.12,
        2,
        -0.041,
        1,
        2.6,
        0.427,
        3.2,
        0.9,
        3.8,
        0.9,
        0,
        9.267,
        -0.041,
        2,
        10,
        -0.041
      ]
    },
    {
      "Target": "Parameter",
      "Id": "HandR_Roll",
      "Segments": [
        0,
        0,
        0,
        0.767,
        6,
        0,
        1.733,
        -1.056,
        1,
        1.822,
        -1.056,
        1.911,
        -0.988,
        2,
        -0.41,
        1,
        2.211,
        0.964,
        2.422,
        2,
        2.633,
        2,
        0,
        6.567,
        -2,
        0,
        7.833,
        2,
        0,
        10,
        -0.41
      ]
    },
    {
      "Target": "Parameter",
      "Id": "HandL_Roll",
      "Segments": [
        0,
        0,
        0,
        0.833,
        -6,
        1,
        1.033,
        -6,
        1.233,
        -6.018,
        1.433,
        -5.929,
        1,
        1.622,
        -5.845,
        1.811,
        -4.126,
        2,
        -2.646,
        1,
        2.211,
        -0.992,
        2.422,
        1,
        2.633,
        1,
        1,
        2.811,
        1,
        2.989,
        0.661,
        3.167,
        0,
        1,
        4.245,
        -4.006,
        5.322,
        -6,
        6.4,
        -6,
        1,
        6.767,
        -6,
        7.133,
        -5.837,
        7.5,
        -4.073,
        1,
        7.744,
        -2.897,
        7.989,
        0,
        8.233,
        0,
        0,
        10,
        -2.646
      ]
    },
    {
      "Target": "Parameter",
      "Id": "HandR01_Move",
      "Segments": [
        0,
        0,
        0,
        0.967,
        5,
        0,
        1.533,
        0,
        1,
        1.689,
        0,
        1.844,
        2.199,
        2,
        3.527,
        1,
        2.722,
        9.695,
        3.445,
        12,
        4.167,
        12,
        0,
        8.833,
        -10,
        0,
        10,
        3.527
      ]
    },
    {
      "Target": "Parameter",
      "Id": "HandL_move",
      "Segments": [
        0,
        0,
        0,
        0.833,
        -15,
        1,
        1.033,
        -15,
        1.233,
        -3.24,
        1.433,
        0,
        1,
        1.622,
        3.06,
        1.811,
        4.507,
        2,
        5.623,
        1,
        2.211,
        6.87,
        2.422,
        7,
        2.633,
        7,
        1,
        2.811,
        7,
        2.989,
        2.174,
        3.167,
        0,
        1,
        4.067,
        -11.005,
        4.967,
        -15,
        5.867,
        -15,
        1,
        6.6,
        -15,
        7.334,
        -6.113,
        8.067,
        0,
        1,
        8.711,
        5.372,
        9.356,
        5.623,
        10,
        5.623
      ]
    },
    {
      "Target": "PartOpacity",
      "Id": "Part",
      "Segments": [
        0,
        1,
        2,
        2,
        1,
        2,
        10,
        1
      ]
    },
    {
      "Target": "PartOpacity",
      "Id": "Part2",
      "Segments": [
        0,
        1,
        2,
        2,
        1,
        2,
        10,
        1
      ]
    },
    {
      "Target": "PartOpacity",
      "Id": "Part12",
      "Segments": [
        0,
        1,
        2,
        2,
        1,
        2,
        10,
        1
      ]
    },
    {
      "Target": "PartOpacity",
      "Id": "Part4",
      "Segments": [
        0,
        1,
        2,
        2,
        1,
        2,
        10,
        1
      ]
    },
    {
      "Target": "PartOpacity",
      "Id": "Part3",
      "Segments": [
        0,
        1,
        2,
        2,
        1,
        2,
        10,
        1
      ]
    },
    {
      "Target": "PartOpacity",
      "Id": "Part13",
      "Segments": [
        0,
        1,
        2,
        2,
        1,
        2,
        10,
        1
      ]
    },
    {
      "Target": "PartOpacity",
      "Id": "Part9",
      "Segments": [
        0,
        1,
        2,
        2,
        1,
        2,
        10,
        1
      ]
    },
    {
      "Target": "PartOpacity",
      "Id": "Part17",
      "Segments": [
        0,
        1,
        2,
        2,
        1,
        2,
        10,
        1
      ]
    },
    {
      "Target": "PartOpacity",
      "Id": "Part18",
      "Segments": [
        0,
        0,
        2,
        2,
        0,
        2,
        10,
        0
      ]
    },
    {
      "Target": "PartOpacity",
      "Id": "Part19",
      "Segments": [
        0,
        0,
        2,
        2,
        0,
        2,
        10,
        0
      ]
    },
    {
      "Target": "PartOpacity",
      "Id": "Part8",
      "Segments": [
        0,
        1,
        2,
        2,
        1,
        2,
        10,
        1
      ]
    },
    {
      "Target": "PartOpacity",
      "Id": "Part6",
      "Segments": [
        0,
        1,
        2,
        2,
        1,
        2,
        10,
        1
      ]
    },
    {
      "Target": "PartOpacity",
      "Id": "Part11",
      "Segments": [
        0,
        1,
        2,
        2,
        1,
        2,
        10,
        1
      ]
    },
    {
      "Target": "PartOpacity",
      "Id": "Part5",
      "Segments": [
        0,
        1,
        2,
        2,
        1,
        2,
        10,
        1
      ]
    },
    {
      "Target": "PartOpacity",
      "Id": "Part10",
      "Segments": [
        0,
        1,
        2,
        2,
        1,
        2,
        10,
        1
      ]
    },
    {
      "Target": "PartOpacity",
      "Id": "Part14",
      "Segments": [
        0,
        1,
        2,
        2,
        1,
        2,
        10,
        1
      ]
    },
    {
      "Target": "PartOpacity",
      "Id": "Part15",
      "Segments": [
        0,
        0,
        2,
        2,
        0,
        2,
        10,
        0
      ]
    },
    {
      "Target": "PartOpacity",
      "Id": "Part16",
      "Segments": [
        0,
        0,
        2,
        2,
        0,
        2,
        10,
        0
      ]
    },
    {
      "Target": "PartOpacity",
      "Id": "Part7",
      "Segments": [
        0,
        1,
        2,
        2,
        1,
        2,
        10,
        1
      ]
    },
    {
      "Target": "PartOpacity",
      "Id": "Part22",
      "Segments": [
        0,
        1,
        2,
        2,
        1,
        2,
        10,
        1
      ]
    },
    {
      "Target": "Parameter",
      "Id": "BodyY",
      "Segments": [
        0,
        0,
        0,
        10,
        0
      ]
    },
    {
      "Target": "Parameter",
      "Id": "Body_Pose1",
      "Segments": [
        0,
        0,
        0,
        10,
        0
      ]
    },
    {
      "Target": "Parameter",
      "Id": "Skirt_Roll",
      "Segments": [
        0,
        0,
        0,
        10,
        0
      ]
    },
    {
      "Target": "Parameter",
      "Id": "RibbonY",
      "Segments": [
        0,
        0,
        0,
        10,
        0
      ]
    },
    {
      "Target": "Parameter",
      "Id": "EyeL_Open",
      "Segments": [
        0,
        1,
        0,
        10,
        1
      ]
    },
    {
      "Target": "Parameter",
      "Id": "EyeL_Smile",
      "Segments": [
        0,
        0,
        0,
        10,
        0
      ]
    },
    {
      "Target": "Parameter",
      "Id": "EyeR_Open",
      "Segments": [
        0,
        1,
        0,
        10,
        1
      ]
    },
    {
      "Target": "Parameter",
      "Id": "EyeR_Smile",
      "Segments": [
        0,
        0,
        0,
        10,
        0
      ]
    },
    {
      "Target": "Parameter",
      "Id": "EyeBall_Size",
      "Segments": [
        0,
        0,
        0,
        10,
        0
      ]
    },
    {
      "Target": "Parameter",
      "Id": "BrowL_Angle",
      "Segments": [
        0,
        0,
        0,
        10,
        0
      ]
    },
    {
      "Target": "Parameter",
      "Id": "BrowR_Angle",
      "Segments": [
        0,
        0,
        0,
        10,
        0
      ]
    },
    {
      "Target": "Parameter",
      "Id": "BrowL_Form",
      "Segments": [
        0,
        0,
        0,
        10,
        0
      ]
    },
    {
      "Target": "Parameter",
      "Id": "BrowR_Form",
      "Segments": [
        0,
        0,
        0,
        10,
        0
      ]
    },
    {
      "Target": "Parameter",
      "Id": "Mouth_Open",
      "Segments": [
        0,
        1,
        0,
        10,
        1
      ]
    },
    {
      "Target": "Parameter",
      "Id": "Mouth_Size",
      "Segments": [
        0,
        1,
        0,
        10,
        1
      ]
    },
    {
      "Target": "Parameter",
      "Id": "HandR03_move",
      "Segments": [
        0,
        0,
        0,
        10,
        0
      ]
    },
    {
      "Target": "Parameter",
      "Id": "Leg_L",
      "Segments": [
        0,
        0,
        0,
        10,
        0
      ]
    },
    {
      "Target": "Parameter",
      "Id": "Leg_R",
      "Segments": [
        0,
        0,
        0,
        10,
        0
      ]
    }
  ],
  "UserData": []
}