{
  "Version": 3,
  "Meta": {
    "Duration": 10.0,
    "Fps": 30.0,
    "Loop": true,
    "AreBeziersRestricted": true,
    "CurveCount": 62,
    "TotalSegmentCount": 406,
    "TotalPointCount": 610,
    "UserDataCount": 0,
    "TotalUserDataSize": 0
  },
  "Curves": [
    {
      "Target": "Parameter",
      "Id": "Breath",
      "Segments": [
        0,
        0,
        2,
        0.333,
        0,
        0,
        0.667,
        1,
        0,
        1.133,
        0,
        0,
        1.633,
        1,
        1,
        1.755,
        1,
        1.878,
        1.005,
        2,
        0.99,
        1,
        2.156,
        0.971,
        2.311,
        0,
        2.467,
        0,
        0,
        3.667,
        1,
        0,
        5,
        0,
        0,
        6.367,
        1,
        1,
        6.645,
        1,
        6.922,
        1.001,
        7.2,
        0.99,
        1,
        7.4,
        0.982,
        7.6,
        0,
        7.8,
        0,
        0,
        9.333,
        1,
        0,
        10,
        0.99
      ]
    },
    {
      "Target": "Parameter",
      "Id": "Body_Shaking",
      "Segments": [
        0,
        0,
        0,
        0.6,
        10,
        0,
        1.333,
        -3,
        1,
        1.466,
        -3,
        1.6,
        -2.069,
        1.733,
        0,
        1,
        1.822,
        1.38,
        1.911,
        2.848,
        2,
        4.368,
        1,
        2.178,
        7.409,
        2.355,
        9.033,
        2.533,
        9.033,
        0,
        3.733,
        -3,
        0,
        5,
        6,
        0,
        6.367,
        -3,
        1,
        6.611,
        -3,
        6.856,
        1.311,
        7.1,
        4.368,
        1,
        7.344,
        8.326,
        7.589,
        9.361,
        7.833,
        9.361,
        0,
        9.267,
        -3,
        1,
        9.511,
        -3,
        9.756,
        2.115,
        10,
        4.368
      ]
    },
    {
      "Target": "Parameter",
      "Id": "BodyY",
      "Segments": [
        0,
        0,
        0,
        0.167,
        -18,
        0,
        0.6,
        13,
        0,
        0.967,
        -15,
        0,
        1.533,
        16,
        0,
        2,
        -5.513,
        0,
        2.533,
        5,
        0,
        3.1,
        -5.513,
        0,
        3.7,
        5,
        0,
        4.367,
        -3,
        0,
        5.033,
        5,
        0,
        5.767,
        -3,
        0,
        6.433,
        4.03,
        0,
        7.1,
        -5.513,
        0,
        7.767,
        6,
        0,
        8.6,
        -5.513,
        0,
        9.333,
        5,
        0,
        10,
        -5.513
      ]
    },
    {
      "Target": "Parameter",
      "Id": "Body_Pose1",
      "Segments": [
        0,
        0,
        0,
        0.6,
        5,
        0,
        0.9,
        0,
        2,
        2,
        0,
        2,
        10,
        0
      ]
    },
    {
      "Target": "Parameter",
      "Id": "Body_Twist",
      "Segments": [
        0,
        0,
        0,
        0.667,
        -30,
        0,
        1.567,
        -7,
        1,
        1.711,
        -7,
        1.856,
        -7.495,
        2,
        -11.64,
        1,
        2.156,
        -16.104,
        2.311,
        -21.891,
        2.467,
        -21.891,
        0,
        3.733,
        0,
        0,
        5,
        -26.557,
        0,
        6.367,
        0,
        1,
        6.645,
        0,
        6.922,
        -5.561,
        7.2,
        -11.64,
        1,
        7.467,
        -18.773,
        7.733,
        -21.891,
        8,
        -21.891,
        0,
        9.333,
        -2.383,
        1,
        9.555,
        -2.383,
        9.778,
        -6.431,
        10,
        -11.64
      ]
    },
    {
      "Target": "Parameter",
      "Id": "Skirt_Shaking",
      "Segments": [
        0,
        0,
        2,
        0.367,
        0,
        0,
        0.667,
        20,
        0,
        1.033,
        -19,
        1,
        1.355,
        -19,
        1.678,
        -11.438,
        2,
        0,
        1,
        2.233,
        8.283,
        2.467,
        11,
        2.7,
        11,
        0,
        3.933,
        -10,
        0,
        5.233,
        12,
        0,
        6.633,
        -17.984,
        0,
        8.033,
        11,
        0,
        9.567,
        -10,
        1,
        9.711,
        -10,
        9.856,
        -4.918,
        10,
        0
      ]
    },
    {
      "Target": "Parameter",
      "Id": "Skirt_Roll",
      "Segments": [
        0,
        0,
        0,
        0.6,
        30,
        1,
        0.722,
        30,
        0.845,
        10.668,
        0.967,
        0,
        1,
        1.111,
        -12.607,
        1.256,
        -14,
        1.4,
        -14,
        1,
        1.6,
        -14,
        1.8,
        -9.408,
        2,
        -1.234,
        1,
        2.267,
        9.665,
        2.533,
        14.648,
        2.8,
        14.648,
        0,
        3.733,
        -9,
        0,
        5,
        11.985,
        0,
        6.367,
        -9,
        0,
        7.8,
        16,
        0,
        9.367,
        -9,
        1,
        9.578,
        -9,
        9.789,
        -5.66,
        10,
        -1.234
      ]
    },
    {
      "Target": "Parameter",
      "Id": "Head_AngleX",
      "Segments": [
        0,
        0,
        2,
        0.1,
        0,
        2,
        0.5,
        0,
        1,
        0.667,
        0,
        0.833,
        1.402,
        1,
        3,
        1,
        1.167,
        4.598,
        1.333,
        5,
        1.5,
        5,
        1,
        1.667,
        5,
        1.833,
        1.278,
        2,
        0,
        1,
        2.244,
        -1.875,
        2.489,
        -2,
        2.733,
        -2,
        1,
        3.1,
        -2,
        3.466,
        0.2,
        3.833,
        3,
        1,
        4.189,
        5.716,
        4.544,
        6.9,
        4.9,
        10,
        1,
        5.344,
        13.875,
        5.789,
        17.931,
        6.233,
        17.931,
        1,
        6.5,
        17.931,
        6.766,
        1.555,
        7.033,
        -0.069,
        1,
        7.378,
        -2.167,
        7.722,
        -2,
        8.067,
        -2,
        0,
        9.467,
        3,
        1,
        9.645,
        3,
        9.822,
        1.572,
        10,
        0
      ]
    },
    {
      "Target": "Parameter",
      "Id": "Head_AngleY",
      "Segments": [
        0,
        0,
        0,
        0.1,
        -30,
        0,
        0.5,
        9,
        0,
        1,
        -28,
        0,
        1.5,
        12,
        1,
        1.667,
        12,
        1.833,
        7.548,
        2,
        0,
        1,
        2.244,
        -11.071,
        2.489,
        -16,
        2.733,
        -16,
        0,
        3.833,
        6,
        1,
        4.189,
        6,
        4.544,
        4.909,
        4.9,
        4,
        1,
        5.344,
        2.864,
        5.789,
        2.123,
        6.233,
        1.282,
        1,
        6.5,
        0.778,
        6.766,
        0.88,
        7.033,
        -0.069,
        1,
        7.378,
        -1.296,
        7.722,
        -16,
        8.067,
        -16,
        0,
        9.467,
        6,
        1,
        9.645,
        6,
        9.822,
        2.236,
        10,
        0
      ]
    },
    {
      "Target": "Parameter",
      "Id": "Head_Roll",
      "Segments": [
        0,
        0,
        0,
        0.5,
        24.873,
        1,
        0.8,
        24.873,
        1.1,
        -13.356,
        1.4,
        -16.135,
        1,
        1.6,
        -17.734,
        1.8,
        -17.515,
        2,
        -15.655,
        1,
        2.144,
        -13.888,
        2.289,
        -6.324,
        2.433,
        0,
        1,
        2.555,
        4.046,
        2.678,
        4.478,
        2.8,
        4.693,
        1,
        2.944,
        4.693,
        3.089,
        4.779,
        3.233,
        3.145,
        1,
        3.366,
        1.636,
        3.5,
        -7.91,
        3.633,
        -11.198,
        1,
        3.755,
        -14.213,
        3.878,
        -14.634,
        4,
        -14.634,
        1,
        4.144,
        -14.634,
        4.289,
        -14.731,
        4.433,
        -12.73,
        1,
        4.589,
        -10.548,
        4.744,
        0.2,
        4.9,
        3.816,
        1,
        5.056,
        7.433,
        5.211,
        7.93,
        5.367,
        7.93,
        1,
        5.489,
        7.93,
        5.611,
        7.768,
        5.733,
        6.357,
        1,
        5.922,
        4.011,
        6.111,
        -7.463,
        6.3,
        -11.268,
        1,
        6.422,
        -13.958,
        6.545,
        -14.328,
        6.667,
        -14.418,
        1,
        6.789,
        -14.418,
        6.911,
        -14.543,
        7.033,
        -12.567,
        1,
        7.255,
        -8.974,
        7.478,
        -0.922,
        7.7,
        4.067,
        1,
        7.833,
        7.061,
        7.967,
        7.93,
        8.1,
        7.93,
        1,
        8.244,
        7.93,
        8.389,
        8.038,
        8.533,
        5.718,
        1,
        8.733,
        2.507,
        8.933,
        -7.367,
        9.133,
        -11.655,
        1,
        9.311,
        -15.467,
        9.489,
        -16.135,
        9.667,
        -16.135,
        1,
        9.778,
        -16.135,
        9.889,
        -16.184,
        10,
        -15.655
      ]
    },
    {
      "Target": "Parameter",
      "Id": "EyeBallX",
      "Segments": [
        0,
        0,
        2,
        0.1,
        0,
        0,
        0.533,
        0.1,
        0,
        1,
        0,
        0,
        1.5,
        0.1,
        0,
        2,
        0,
        0,
        2.767,
        0.2,
        0,
        3.833,
        0.1,
        2,
        4.9,
        0.1,
        0,
        6.233,
        0,
        2,
        7.033,
        0,
        0,
        8.067,
        0.2,
        1,
        8.534,
        0.2,
        9,
        0.18,
        9.467,
        0.1,
        1,
        9.645,
        0.069,
        9.822,
        0,
        10,
        0
      ]
    },
    {
      "Target": "Parameter",
      "Id": "EyeBallY",
      "Segments": [
        0,
        0,
        0,
        0.1,
        0.2,
        0,
        0.533,
        -0.2,
        0,
        1,
        0.1,
        0,
        1.5,
        -0.1,
        0,
        2,
        0,
        2,
        2.767,
        0,
        0,
        3.833,
        -0.1,
        2,
        4.9,
        -0.1,
        0,
        6.233,
        0,
        2,
        7.033,
        0,
        2,
        8.067,
        0,
        0,
        9.467,
        -0.1,
        0,
        10,
        0
      ]
    },
    {
      "Target": "Parameter",
      "Id": "BrowLY",
      "Segments": [
        0,
        0,
        2,
        0.1,
        0,
        0,
        0.367,
        0.094,
        0,
        2,
        0,
        2,
        10,
        0
      ]
    },
    {
      "Target": "Parameter",
      "Id": "BrowRY",
      "Segments": [
        0,
        0,
        2,
        0.1,
        0,
        0,
        0.367,
        0.185,
        0,
        2,
        0,
        2,
        10,
        0
      ]
    },
    {
      "Target": "Parameter",
      "Id": "BrowL_Angle",
      "Segments": [
        0,
        0,
        0,
        0.367,
        -0.4,
        2,
        2,
        -0.4,
        2,
        10,
        -0.4
      ]
    },
    {
      "Target": "Parameter",
      "Id": "BrowR_Angle",
      "Segments": [
        0,
        0,
        0,
        0.367,
        -0.4,
        2,
        2,
        -0.4,
        2,
        10,
        -0.4
      ]
    },
    {
      "Target": "Parameter",
      "Id": "HairFront_Shaking",
      "Segments": [
        0,
        0,
        0,
        0.267,
        -0.705,
        0,
        0.833,
        1,
        0,
        1.333,
        -1,
        1,
        1.555,
        -1,
        1.778,
        -0.685,
        2,
        0,
        1,
        2.167,
        0.514,
        2.333,
        0.8,
        2.5,
        0.8,
        0,
        3.067,
        -0.6,
        0,
        4,
        0.5,
        0,
        4.833,
        -0.504,
        0,
        5.7,
        0.671,
        0,
        6.567,
        -0.6,
        0,
        7.4,
        0.55,
        0,
        8.133,
        -0.504,
        0,
        8.8,
        0.55,
        0,
        9.567,
        -0.467,
        1,
        9.711,
        -0.467,
        9.856,
        -0.235,
        10,
        0
      ]
    },
    {
      "Target": "Parameter",
      "Id": "HairSide_Shaking",
      "Segments": [
        0,
        0,
        0,
        0.233,
        -0.251,
        0,
        0.767,
        0.5,
        0,
        1.5,
        0,
        1,
        1.667,
        0,
        1.833,
        0.014,
        2,
        0.088,
        1,
        2.344,
        0.241,
        2.689,
        0.351,
        3.033,
        0.351,
        0,
        4.267,
        0.002,
        0,
        5.467,
        0.332,
        0,
        6.767,
        -0.12,
        0,
        8.367,
        0.302,
        0,
        9.6,
        -0.12,
        1,
        9.733,
        -0.12,
        9.867,
        -0.002,
        10,
        0.088
      ]
    },
    {
      "Target": "Parameter",
      "Id": "HairBack_Shaking",
      "Segments": [
        0,
        0,
        0,
        0.767,
        0.5,
        0,
        1.5,
        0,
        1,
        1.667,
        0,
        1.833,
        0.015,
        2,
        0.095,
        1,
        2.344,
        0.261,
        2.689,
        0.381,
        3.033,
        0.381,
        0,
        4.267,
        0.003,
        0,
        5.467,
        0.303,
        0,
        6.767,
        -0.167,
        0,
        8.367,
        0.303,
        0,
        9.6,
        -0.167,
        1,
        9.733,
        -0.167,
        9.867,
        -0.023,
        10,
        0.095
      ]
    },
    {
      "Target": "Parameter",
      "Id": "ShoulderL_Roll",
      "Segments": [
        0,
        0,
        0,
        0.067,
        -2,
        0,
        0.467,
        1.5,
        0,
        0.967,
        -2,
        1,
        1.222,
        -2,
        1.478,
        -0.59,
        1.733,
        0,
        1,
        1.822,
        0.129,
        1.911,
        0.15,
        2,
        0.15,
        0,
        2.4,
        0,
        0,
        3.067,
        0.856,
        0,
        3.667,
        -1.2,
        0,
        4.367,
        0.783,
        0,
        5,
        -1.2,
        0,
        5.8,
        0.861,
        0,
        6.467,
        -1.2,
        0,
        7.067,
        0.783,
        0,
        7.733,
        -1.2,
        0,
        8.6,
        0.861,
        0,
        9.233,
        -1.2,
        0,
        9.833,
        0,
        1,
        9.889,
        0.11,
        9.944,
        0.15,
        10,
        0.15
      ]
    },
    {
      "Target": "Parameter",
      "Id": "ArmL_Roll",
      "Segments": [
        0,
        0,
        0,
        0.2,
        2,
        1,
        0.289,
        2,
        0.378,
        -4.022,
        0.467,
        -6,
        1,
        0.522,
        -7.237,
        0.578,
        -7,
        0.633,
        -7,
        1,
        0.711,
        -7,
        0.789,
        -6.465,
        0.867,
        -4,
        1,
        0.956,
        -1.182,
        1.044,
        1.398,
        1.133,
        1.398,
        0,
        1.7,
        -1.386,
        1,
        1.8,
        -1.386,
        1.9,
        -0.773,
        2,
        -0.387,
        1,
        2.133,
        0.127,
        2.267,
        0.2,
        2.4,
        0.2,
        0,
        3.033,
        -0.116,
        0,
        3.667,
        0.2,
        0,
        4.367,
        0,
        0,
        5,
        0.2,
        0,
        5.833,
        0,
        0,
        6.467,
        0.2,
        0,
        7.067,
        0,
        0,
        7.733,
        0.2,
        0,
        8.6,
        0,
        0,
        9.267,
        0.2,
        0,
        9.867,
        -0.568,
        1,
        9.911,
        -0.568,
        9.956,
        -0.501,
        10,
        -0.387
      ]
    },
    {
      "Target": "Parameter",
      "Id": "ShoulderR_Roll",
      "Segments": [
        0,
        0,
        0,
        0.067,
        2,
        0,
        0.467,
        -6,
        0,
        1.067,
        1.702,
        0,
        1.8,
        -1.378,
        1,
        1.867,
        -1.378,
        1.933,
        -1.248,
        2,
        -0.942,
        1,
        2.133,
        -0.33,
        2.267,
        0,
        2.4,
        0,
        0,
        3,
        -1.358,
        0,
        3.6,
        0.158,
        0,
        4.333,
        -1.253,
        0,
        5,
        0.158,
        0,
        5.8,
        -1.253,
        0,
        6.467,
        0.158,
        0,
        7.033,
        -1.201,
        0,
        7.9,
        0.158,
        0,
        8.6,
        -1.378,
        0,
        9.333,
        0.136,
        0,
        10,
        -0.942
      ]
    },
    {
      "Target": "Parameter",
      "Id": "ArmR_Roll",
      "Segments": [
        0,
        0,
        0,
        0.2,
        3,
        1,
        0.289,
        3,
        0.378,
        1.95,
        0.467,
        -0.5,
        1,
        0.522,
        -2.031,
        0.578,
        -3,
        0.633,
        -3,
        0,
        0.967,
        2.122,
        0,
        1.767,
        0.658,
        1,
        1.845,
        0.658,
        1.922,
        0.794,
        2,
        0.867,
        1,
        2.133,
        0.992,
        2.267,
        1.014,
        2.4,
        1.014,
        0,
        2.967,
        0.605,
        0,
        3.6,
        0.981,
        0,
        4.333,
        0.602,
        0,
        5,
        0.989,
        0,
        5.8,
        0.602,
        0,
        6.467,
        0.981,
        0,
        7.167,
        0.605,
        0,
        7.867,
        0.989,
        0,
        8.633,
        0.605,
        0,
        9.333,
        0.958,
        0,
        9.833,
        0.688,
        0,
        10,
        0.867
      ]
    },
    {
      "Target": "Parameter",
      "Id": "HandR_Roll",
      "Segments": [
        0,
        0,
        0,
        0.267,
        10,
        1,
        0.356,
        10,
        0.444,
        9.542,
        0.533,
        3,
        1,
        0.6,
        -1.907,
        0.666,
        -17,
        0.733,
        -17,
        1,
        0.866,
        -17,
        1,
        -10.397,
        1.133,
        0,
        1,
        1.211,
        6.065,
        1.289,
        8,
        1.367,
        8,
        0,
        2,
        -4.883,
        0,
        2.567,
        4.599,
        0,
        3.2,
        -4.778,
        0,
        3.8,
        3.747,
        0,
        4.467,
        -4.778,
        0,
        5.2,
        3.884,
        0,
        6,
        -4.491,
        0,
        6.567,
        3.747,
        0,
        7.167,
        -4.491,
        0,
        7.8,
        3.884,
        0,
        8.467,
        -4.491,
        0,
        9.267,
        3.747,
        0,
        10,
        -4.883
      ]
    },
    {
      "Target": "Parameter",
      "Id": "HandL_Roll",
      "Segments": [
        0,
        0,
        0,
        0.267,
        -11,
        1,
        0.356,
        -11,
        0.444,
        -10.4,
        0.533,
        -4,
        1,
        0.6,
        0.8,
        0.666,
        13,
        0.733,
        13,
        1,
        0.866,
        13,
        1,
        9.486,
        1.133,
        0,
        1,
        1.211,
        -5.534,
        1.289,
        -9.987,
        1.367,
        -9.987,
        0,
        2,
        5.637,
        0,
        2.633,
        -4.895,
        0,
        3.233,
        1.936,
        0,
        3.833,
        -4.895,
        0,
        4.5,
        4.077,
        0,
        5.233,
        -4.953,
        0,
        6,
        2.862,
        0,
        6.633,
        -3.617,
        0,
        7.167,
        4.408,
        0,
        7.8,
        -4.895,
        0,
        8.5,
        1.936,
        0,
        9.333,
        -4.895,
        0,
        10,
        5.637
      ]
    },
    {
      "Target": "Parameter",
      "Id": "HandR01_Move",
      "Segments": [
        0,
        0,
        0,
        0.167,
        15,
        0,
        2,
        0,
        2,
        7.167,
        0,
        2,
        10,
        0
      ]
    },
    {
      "Target": "Parameter",
      "Id": "HandR03_move",
      "Segments": [
        0,
        0,
        0,
        0.433,
        30,
        0,
        0.833,
        0,
        0,
        1.2,
        30,
        0,
        1.533,
        -18.726,
        0,
        2,
        17.217,
        0,
        3.2,
        -7,
        0,
        3.8,
        16.296,
        0,
        4.467,
        -6,
        0,
        5.2,
        8,
        0,
        6,
        -7,
        0,
        7.2,
        16.296,
        0,
        8.367,
        -7,
        0,
        9.1,
        16.296,
        0,
        9.7,
        -6,
        0,
        10,
        17.217
      ]
    },
    {
      "Target": "Parameter",
      "Id": "HandL_move",
      "Segments": [
        0,
        0,
        0,
        0.167,
        -15,
        0,
        0.733,
        15,
        0,
        1.367,
        -15,
        0,
        2,
        -9,
        0,
        2.633,
        -15,
        0,
        3.233,
        4,
        0,
        3.833,
        -15,
        0,
        4.5,
        3,
        0,
        5.233,
        -5,
        0,
        6,
        4,
        1,
        6.211,
        4,
        6.422,
        0.215,
        6.633,
        -3,
        1,
        6.811,
        -5.707,
        6.989,
        -6.521,
        7.167,
        -9,
        1,
        7.4,
        -12.253,
        7.634,
        -15,
        7.867,
        -15,
        0,
        8.5,
        4,
        0,
        9.367,
        -15,
        0,
        10,
        -9
      ]
    },
    {
      "Target": "PartOpacity",
      "Id": "Part",
      "Segments": [
        0,
        1,
        2,
        2,
        1,
        2,
        10,
        1
      ]
    },
    {
      "Target": "PartOpacity",
      "Id": "Part2",
      "Segments": [
        0,
        1,
        2,
        2,
        1,
        2,
        10,
        1
      ]
    },
    {
      "Target": "PartOpacity",
      "Id": "Part12",
      "Segments": [
        0,
        1,
        2,
        2,
        1,
        2,
        10,
        1
      ]
    },
    {
      "Target": "PartOpacity",
      "Id": "Part4",
      "Segments": [
        0,
        1,
        2,
        2,
        1,
        2,
        10,
        1
      ]
    },
    {
      "Target": "PartOpacity",
      "Id": "Part3",
      "Segments": [
        0,
        1,
        2,
        2,
        1,
        2,
        10,
        1
      ]
    },
    {
      "Target": "PartOpacity",
      "Id": "Part13",
      "Segments": [
        0,
        1,
        2,
        2,
        1,
        2,
        10,
        1
      ]
    },
    {
      "Target": "PartOpacity",
      "Id": "Part9",
      "Segments": [
        0,
        1,
        2,
        2,
        1,
        2,
        10,
        1
      ]
    },
    {
      "Target": "PartOpacity",
      "Id": "Part17",
      "Segments": [
        0,
        1,
        2,
        2,
        1,
        2,
        10,
        1
      ]
    },
    {
      "Target": "PartOpacity",
      "Id": "Part18",
      "Segments": [
        0,
        0,
        2,
        2,
        0,
        2,
        10,
        0
      ]
    },
    {
      "Target": "PartOpacity",
      "Id": "Part19",
      "Segments": [
        0,
        0,
        2,
        2,
        0,
        2,
        10,
        0
      ]
    },
    {
      "Target": "PartOpacity",
      "Id": "Part8",
      "Segments": [
        0,
        1,
        2,
        2,
        1,
        2,
        10,
        1
      ]
    },
    {
      "Target": "PartOpacity",
      "Id": "Part6",
      "Segments": [
        0,
        1,
        2,
        2,
        1,
        2,
        10,
        1
      ]
    },
    {
      "Target": "PartOpacity",
      "Id": "Part11",
      "Segments": [
        0,
        1,
        2,
        2,
        1,
        2,
        10,
        1
      ]
    },
    {
      "Target": "PartOpacity",
      "Id": "Part5",
      "Segments": [
        0,
        1,
        2,
        2,
        1,
        2,
        10,
        1
      ]
    },
    {
      "Target": "PartOpacity",
      "Id": "Part10",
      "Segments": [
        0,
        1,
        2,
        2,
        1,
        2,
        10,
        1
      ]
    },
    {
      "Target": "PartOpacity",
      "Id": "Part14",
      "Segments": [
        0,
        1,
        1,
        0.11,
        1,
        0.22,
        0.99,
        0.33,
        0.9,
        1,
        0.377,
        0.86,
        0.423,
        0,
        0.47,
        0,
        2,
        2,
        0,
        2,
        10,
        0
      ]
    },
    {
      "Target": "PartOpacity",
      "Id": "Part15",
      "Segments": [
        0,
        0,
        2,
        2,
        0,
        2,
        10,
        0
      ]
    },
    {
      "Target": "PartOpacity",
      "Id": "Part16",
      "Segments": [
        0,
        0,
        1,
        0.11,
        0,
        0.22,
        0.01,
        0.33,
        0.1,
        1,
        0.377,
        0.14,
        0.423,
        1,
        0.47,
        1,
        2,
        2,
        1,
        2,
        10,
        1
      ]
    },
    {
      "Target": "PartOpacity",
      "Id": "Part7",
      "Segments": [
        0,
        1,
        2,
        2,
        1,
        2,
        10,
        1
      ]
    },
    {
      "Target": "PartOpacity",
      "Id": "Part22",
      "Segments": [
        0,
        1,
        2,
        2,
        1,
        2,
        10,
        1
      ]
    },
    {
      "Target": "Parameter",
      "Id": "RibbonY",
      "Segments": [
        0,
        0,
        0,
        10,
        0
      ]
    },
    {
      "Target": "Parameter",
      "Id": "EyeL_Open",
      "Segments": [
        0,
        1,
        0,
        10,
        1
      ]
    },
    {
      "Target": "Parameter",
      "Id": "EyeL_Smile",
      "Segments": [
        0,
        0,
        0,
        10,
        0
      ]
    },
    {
      "Target": "Parameter",
      "Id": "EyeR_Open",
      "Segments": [
        0,
        1,
        0,
        10,
        1
      ]
    },
    {
      "Target": "Parameter",
      "Id": "EyeR_Smile",
      "Segments": [
        0,
        0,
        0,
        10,
        0
      ]
    },
    {
      "Target": "Parameter",
      "Id": "EyeBall_Size",
      "Segments": [
        0,
        0,
        0,
        10,
        0
      ]
    },
    {
      "Target": "Parameter",
      "Id": "BrowL_Form",
      "Segments": [
        0,
        0,
        0,
        10,
        0
      ]
    },
    {
      "Target": "Parameter",
      "Id": "BrowR_Form",
      "Segments": [
        0,
        0,
        0,
        10,
        0
      ]
    },
    {
      "Target": "Parameter",
      "Id": "Mouth_Form",
      "Segments": [
        0,
        0,
        0,
        10,
        0
      ]
    },
    {
      "Target": "Parameter",
      "Id": "Mouth_Open",
      "Segments": [
        0,
        1,
        0,
        10,
        1
      ]
    },
    {
      "Target": "Parameter",
      "Id": "Mouth_Size",
      "Segments": [
        0,
        1,
        0,
        10,
        1
      ]
    },
    {
      "Target": "Parameter",
      "Id": "Shoulder_Move",
      "Segments": [
        0,
        0,
        0,
        10,
        0
      ]
    },
    {
      "Target": "Parameter",
      "Id": "Leg_L",
      "Segments": [
        0,
        0,
        0,
        10,
        0
      ]
    },
    {
      "Target": "Parameter",
      "Id": "Leg_R",
      "Segments": [
        0,
        0,
        0,
        10,
        0
      ]
    }
  ],
  "UserData": []
}