{
  "Version": 3,
  "Meta": {
    "Duration": 8.0,
    "Fps": 30.0,
    "Loop": true,
    "AreBeziersRestricted": true,
    "CurveCount": 62,
    "TotalSegmentCount": 135,
    "TotalPointCount": 207,
    "UserDataCount": 0,
    "TotalUserDataSize": 0
  },
  "Curves": [
    {
      "Target": "Parameter",
      "Id": "Breath",
      "Segments": [
        0,
        0,
        0,
        1.267,
        1,
        0,
        2.767,
        0,
        0,
        4.067,
        1,
        0,
        5.5,
        0,
        0,
        6.767,
        1,
        1,
        7.178,
        1,
        7.589,
        0.466,
        8,
        0
      ]
    },
    {
      "Target": "Parameter",
      "Id": "Body_Shaking",
      "Segments": [
        0,
        4,
        0,
        1.933,
        -4,
        0,
        4.233,
        7,
        0,
        6.333,
        0,
        0,
        8,
        4
      ]
    },
    {
      "Target": "Parameter",
      "Id": "Body_Twist",
      "Segments": [
        0,
        -24,
        1,
        0.389,
        -24,
        0.778,
        -24.01,
        1.167,
        -22.653,
        1,
        1.834,
        -20.246,
        2.5,
        -13.416,
        3.167,
        -6.102,
        1,
        3.445,
        -3.182,
        3.722,
        -1.652,
        4,
        -1.652,
        2,
        5.667,
        -1.652,
        1,
        6.234,
        -1.652,
        6.8,
        -10.858,
        7.367,
        -20.744,
        1,
        7.578,
        -23.453,
        7.789,
        -24,
        8,
        -24
      ]
    },
    {
      "Target": "Parameter",
      "Id": "Skirt_Shaking",
      "Segments": [
        0,
        0,
        1,
        0.444,
        -12.706,
        0.889,
        -18.006,
        1.333,
        -18.006,
        0,
        4.033,
        16,
        1,
        4.4,
        16,
        4.766,
        3.854,
        5.133,
        0,
        1,
        5.6,
        -4.905,
        6.066,
        -5,
        6.533,
        -5,
        0,
        8,
        0
      ]
    },
    {
      "Target": "Parameter",
      "Id": "Head_AngleX",
      "Segments": [
        0,
        -5,
        0,
        4.167,
        5,
        1,
        4.822,
        5.957,
        5.478,
        6,
        6.133,
        6,
        0,
        8,
        -5
      ]
    },
    {
      "Target": "Parameter",
      "Id": "Head_AngleY",
      "Segments": [
        0,
        -1,
        0,
        4.167,
        4,
        0,
        6.133,
        -8,
        0,
        8,
        -1
      ]
    },
    {
      "Target": "Parameter",
      "Id": "Head_Roll",
      "Segments": [
        0,
        -4.587,
        1,
        0.7,
        -8.862,
        1.4,
        -14,
        2.1,
        -14,
        0,
        4.167,
        7,
        0,
        6.133,
        -17,
        0,
        8,
        -4.587
      ]
    },
    {
      "Target": "Parameter",
      "Id": "EyeBallX",
      "Segments": [
        0,
        0.2,
        0,
        4.167,
        0,
        0,
        8,
        0.2
      ]
    },
    {
      "Target": "Parameter",
      "Id": "EyeBallY",
      "Segments": [
        0,
        0,
        0,
        4.167,
        -0.1,
        0,
        8,
        0
      ]
    },
    {
      "Target": "Parameter",
      "Id": "HairFront_Shaking",
      "Segments": [
        0,
        0.179,
        1,
        0.211,
        -0.232,
        0.422,
        -0.4,
        0.633,
        -0.4,
        0,
        1.5,
        0,
        0,
        2.5,
        -0.5,
        1,
        2.911,
        -0.5,
        3.322,
        -0.455,
        3.733,
        0,
        1,
        4.033,
        0.332,
        4.333,
        1,
        4.633,
        1,
        0,
        5.467,
        -0.2,
        0,
        7,
        1,
        1,
        7.333,
        1,
        7.667,
        0.649,
        8,
        0.179
      ]
    },
    {
      "Target": "Parameter",
      "Id": "HairSide_Shaking",
      "Segments": [
        0,
        0.107,
        1,
        0.211,
        -0.028,
        0.422,
        -0.069,
        0.633,
        -0.069,
        0,
        1.933,
        0.2,
        0,
        3.167,
        -0.304,
        0,
        4.3,
        0.4,
        0,
        5.467,
        0,
        0,
        7,
        0.4,
        1,
        7.333,
        0.4,
        7.667,
        0.228,
        8,
        0.107
      ]
    },
    {
      "Target": "Parameter",
      "Id": "HairBack_Shaking",
      "Segments": [
        0,
        0.031,
        1,
        0.211,
        -0.204,
        0.422,
        -0.3,
        0.633,
        -0.3,
        0,
        1.933,
        0.2,
        0,
        3.167,
        -0.3,
        0,
        4.3,
        0.3,
        0,
        5.467,
        0,
        0,
        7,
        0.5,
        1,
        7.333,
        0.5,
        7.667,
        0.215,
        8,
        0.031
      ]
    },
    {
      "Target": "Parameter",
      "Id": "Shoulder_Move",
      "Segments": [
        0,
        0,
        2,
        2,
        0,
        0,
        3,
        3.336,
        0,
        4,
        0,
        2,
        6,
        0,
        0,
        7,
        3.336,
        0,
        8,
        0
      ]
    },
    {
      "Target": "Parameter",
      "Id": "ShoulderL_Roll",
      "Segments": [
        0,
        -0.368,
        1,
        0.5,
        -1.398,
        1,
        -1.644,
        1.5,
        -1.644,
        0,
        5.733,
        0.1,
        1,
        6.489,
        0.1,
        7.244,
        0.028,
        8,
        -0.368
      ]
    },
    {
      "Target": "Parameter",
      "Id": "ArmL_Roll",
      "Segments": [
        0,
        -1,
        0,
        0.933,
        0.238,
        0,
        4.567,
        -1,
        2,
        8,
        -1
      ]
    },
    {
      "Target": "Parameter",
      "Id": "ShoulderR_Roll",
      "Segments": [
        0,
        0.9,
        1,
        0.6,
        1.566,
        1.2,
        1.6,
        1.8,
        1.6,
        0,
        5.6,
        0.076,
        1,
        6.4,
        0.076,
        7.2,
        0.246,
        8,
        0.9
      ]
    },
    {
      "Target": "Parameter",
      "Id": "ArmR_Roll",
      "Segments": [
        0,
        -0.041,
        1,
        0.6,
        0.427,
        1.2,
        0.9,
        1.8,
        0.9,
        0,
        7.267,
        -0.041,
        2,
        8,
        -0.041
      ]
    },
    {
      "Target": "Parameter",
      "Id": "HandR_Roll",
      "Segments": [
        0,
        -0.41,
        1,
        0.211,
        0.964,
        0.422,
        2,
        0.633,
        2,
        0,
        4.567,
        -2,
        0,
        5.833,
        2,
        0,
        8,
        -0.41
      ]
    },
    {
      "Target": "Parameter",
      "Id": "HandL_Roll",
      "Segments": [
        0,
        -2.646,
        1,
        0.211,
        -0.992,
        0.422,
        1,
        0.633,
        1,
        1,
        0.811,
        1,
        0.989,
        0.661,
        1.167,
        0,
        1,
        2.245,
        -4.006,
        3.322,
        -6,
        4.4,
        -6,
        1,
        4.767,
        -6,
        5.133,
        -5.837,
        5.5,
        -4.073,
        1,
        5.744,
        -2.897,
        5.989,
        0,
        6.233,
        0,
        0,
        8,
        -2.646
      ]
    },
    {
      "Target": "Parameter",
      "Id": "HandR01_Move",
      "Segments": [
        0,
        3.527,
        1,
        0.722,
        9.695,
        1.445,
        12,
        2.167,
        12,
        0,
        6.833,
        -10,
        0,
        8,
        3.527
      ]
    },
    {
      "Target": "Parameter",
      "Id": "HandL_move",
      "Segments": [
        0,
        5.623,
        1,
        0.211,
        6.87,
        0.422,
        7,
        0.633,
        7,
        1,
        0.811,
        7,
        0.989,
        2.174,
        1.167,
        0,
        1,
        2.067,
        -11.005,
        2.967,
        -15,
        3.867,
        -15,
        1,
        4.6,
        -15,
        5.334,
        -6.113,
        6.067,
        0,
        1,
        6.711,
        5.372,
        7.356,
        5.623,
        8,
        5.623
      ]
    },
    {
      "Target": "PartOpacity",
      "Id": "Part",
      "Segments": [
        0,
        1,
        2,
        8,
        1
      ]
    },
    {
      "Target": "PartOpacity",
      "Id": "Part2",
      "Segments": [
        0,
        1,
        2,
        8,
        1
      ]
    },
    {
      "Target": "PartOpacity",
      "Id": "Part12",
      "Segments": [
        0,
        1,
        2,
        8,
        1
      ]
    },
    {
      "Target": "PartOpacity",
      "Id": "Part4",
      "Segments": [
        0,
        1,
        2,
        8,
        1
      ]
    },
    {
      "Target": "PartOpacity",
      "Id": "Part3",
      "Segments": [
        0,
        1,
        2,
        8,
        1
      ]
    },
    {
      "Target": "PartOpacity",
      "Id": "Part13",
      "Segments": [
        0,
        1,
        2,
        8,
        1
      ]
    },
    {
      "Target": "PartOpacity",
      "Id": "Part9",
      "Segments": [
        0,
        1,
        2,
        8,
        1
      ]
    },
    {
      "Target": "PartOpacity",
      "Id": "Part17",
      "Segments": [
        0,
        1,
        2,
        8,
        1
      ]
    },
    {
      "Target": "PartOpacity",
      "Id": "Part18",
      "Segments": [
        0,
        0,
        2,
        8,
        0
      ]
    },
    {
      "Target": "PartOpacity",
      "Id": "Part19",
      "Segments": [
        0,
        0,
        2,
        8,
        0
      ]
    },
    {
      "Target": "PartOpacity",
      "Id": "Part8",
      "Segments": [
        0,
        1,
        2,
        8,
        1
      ]
    },
    {
      "Target": "PartOpacity",
      "Id": "Part6",
      "Segments": [
        0,
        1,
        2,
        8,
        1
      ]
    },
    {
      "Target": "PartOpacity",
      "Id": "Part11",
      "Segments": [
        0,
        1,
        2,
        8,
        1
      ]
    },
    {
      "Target": "PartOpacity",
      "Id": "Part5",
      "Segments": [
        0,
        1,
        2,
        8,
        1
      ]
    },
    {
      "Target": "PartOpacity",
      "Id": "Part10",
      "Segments": [
        0,
        1,
        2,
        8,
        1
      ]
    },
    {
      "Target": "PartOpacity",
      "Id": "Part14",
      "Segments": [
        0,
        1,
        2,
        8,
        1
      ]
    },
    {
      "Target": "PartOpacity",
      "Id": "Part15",
      "Segments": [
        0,
        0,
        2,
        8,
        0
      ]
    },
    {
      "Target": "PartOpacity",
      "Id": "Part16",
      "Segments": [
        0,
        0,
        2,
        8,
        0
      ]
    },
    {
      "Target": "PartOpacity",
      "Id": "Part7",
      "Segments": [
        0,
        1,
        2,
        8,
        1
      ]
    },
    {
      "Target": "PartOpacity",
      "Id": "Part22",
      "Segments": [
        0,
        1,
        2,
        8,
        1
      ]
    },
    {
      "Target": "Parameter",
      "Id": "BodyY",
      "Segments": [
        0,
        0,
        0,
        8,
        0
      ]
    },
    {
      "Target": "Parameter",
      "Id": "Body_Pose1",
      "Segments": [
        0,
        0,
        0,
        8,
        0
      ]
    },
    {
      "Target": "Parameter",
      "Id": "Skirt_Roll",
      "Segments": [
        0,
        0,
        0,
        8,
        0
      ]
    },
    {
      "Target": "Parameter",
      "Id": "RibbonY",
      "Segments": [
        0,
        0,
        0,
        8,
        0
      ]
    },
    {
      "Target": "Parameter",
      "Id": "EyeL_Open",
      "Segments": [
        0,
        1,
        0,
        8,
        1
      ]
    },
    {
      "Target": "Parameter",
      "Id": "EyeL_Smile",
      "Segments": [
        0,
        -0.9,
        0,
        8,
        -0.9
      ]
    },
    {
      "Target": "Parameter",
      "Id": "EyeR_Open",
      "Segments": [
        0,
        1,
        0,
        8,
        1
      ]
    },
    {
      "Target": "Parameter",
      "Id": "EyeR_Smile",
      "Segments": [
        0,
        -0.9,
        0,
        8,
        -0.9
      ]
    },
    {
      "Target": "Parameter",
      "Id": "EyeBall_Size",
      "Segments": [
        0,
        0,
        0,
        8,
        0
      ]
    },
    {
      "Target": "Parameter",
      "Id": "BrowLY",
      "Segments": [
        0,
        -0.9,
        0,
        8,
        -0.9
      ]
    },
    {
      "Target": "Parameter",
      "Id": "BrowRY",
      "Segments": [
        0,
        -1,
        0,
        8,
        -1
      ]
    },
    {
      "Target": "Parameter",
      "Id": "BrowL_Angle",
      "Segments": [
        0,
        -0.1,
        0,
        8,
        -0.1
      ]
    },
    {
      "Target": "Parameter",
      "Id": "BrowR_Angle",
      "Segments": [
        0,
        0,
        0,
        8,
        0
      ]
    },
    {
      "Target": "Parameter",
      "Id": "BrowL_Form",
      "Segments": [
        0,
        1,
        0,
        8,
        1
      ]
    },
    {
      "Target": "Parameter",
      "Id": "BrowR_Form",
      "Segments": [
        0,
        1,
        0,
        8,
        1
      ]
    },
    {
      "Target": "Parameter",
      "Id": "Mouth_Form",
      "Segments": [
        0,
        1,
        0,
        8,
        1
      ]
    },
    {
      "Target": "Parameter",
      "Id": "Mouth_Open",
      "Segments": [
        0,
        1,
        0,
        8,
        1
      ]
    },
    {
      "Target": "Parameter",
      "Id": "Mouth_Size",
      "Segments": [
        0,
        1,
        0,
        8,
        1
      ]
    },
    {
      "Target": "Parameter",
      "Id": "HandR03_move",
      "Segments": [
        0,
        0,
        0,
        8,
        0
      ]
    },
    {
      "Target": "Parameter",
      "Id": "Leg_L",
      "Segments": [
        0,
        0,
        0,
        8,
        0
      ]
    },
    {
      "Target": "Parameter",
      "Id": "Leg_R",
      "Segments": [
        0,
        0,
        0,
        8,
        0
      ]
    }
  ],
  "UserData": []
}