{
  "Version": 3,
  "Meta": {
    "Duration": 1.33,
    "Fps": 30.0,
    "Loop": true,
    "AreBeziersRestricted": true,
    "CurveCount": 62,
    "TotalSegmentCount": 166,
    "TotalPointCount": 254,
    "UserDataCount": 0,
    "TotalUserDataSize": 0
  },
  "Curves": [
    {
      "Target": "Parameter",
      "Id": "Breath",
      "Segments": [
        0,
        0,
        0,
        0.7,
        1,
        0,
        1.333,
        0
      ]
    },
    {
      "Target": "Parameter",
      "Id": "Body_Shaking",
      "Segments": [
        0,
        0,
        0,
        0.133,
        -6,
        0,
        0.7,
        5,
        1,
        0.811,
        5,
        0.922,
        2.143,
        1.033,
        0,
        1,
        1.133,
        -1.929,
        1.233,
        -3.087,
        1.333,
        -4.221
      ]
    },
    {
      "Target": "Parameter",
      "Id": "BodyY",
      "Segments": [
        0,
        0,
        0,
        0.3,
        -20,
        0,
        0.7,
        30,
        0,
        1.033,
        -9,
        1,
        1.089,
        -9,
        1.144,
        -0.418,
        1.2,
        0,
        1,
        1.244,
        0.335,
        1.289,
        0.354,
        1.333,
        0.491
      ]
    },
    {
      "Target": "Parameter",
      "Id": "Body_Pose1",
      "Segments": [
        0,
        0,
        0,
        0.933,
        20,
        0,
        1.333,
        19.44
      ]
    },
    {
      "Target": "Parameter",
      "Id": "Body_Twist",
      "Segments": [
        0,
        0,
        2,
        0.5,
        0,
        0,
        0.933,
        -30,
        0,
        1.2,
        -25,
        2,
        1.333,
        -25
      ]
    },
    {
      "Target": "Parameter",
      "Id": "Skirt_Roll",
      "Segments": [
        0,
        0,
        2,
        0.333,
        0,
        0,
        0.733,
        10,
        0,
        1.333,
        -4.372
      ]
    },
    {
      "Target": "Parameter",
      "Id": "RibbonY",
      "Segments": [
        0,
        0,
        2,
        0.867,
        0,
        0,
        1.067,
        19,
        0,
        1.167,
        0,
        2,
        1.333,
        0
      ]
    },
    {
      "Target": "Parameter",
      "Id": "Head_AngleX",
      "Segments": [
        0,
        0,
        0,
        0.333,
        -8,
        0,
        0.767,
        -5,
        0,
        1.033,
        -9,
        1,
        1.089,
        -9,
        1.144,
        -5.751,
        1.2,
        -5,
        1,
        1.244,
        -4.399,
        1.289,
        -4.097,
        1.333,
        -4
      ]
    },
    {
      "Target": "Parameter",
      "Id": "Head_AngleY",
      "Segments": [
        0,
        0,
        0,
        0.333,
        -19.393,
        0,
        0.767,
        4.625,
        0,
        1.033,
        -16.278,
        1,
        1.089,
        -16.278,
        1.144,
        -15.783,
        1.2,
        -13.272,
        1,
        1.244,
        -11.262,
        1.289,
        -4.296,
        1.333,
        -4
      ]
    },
    {
      "Target": "Parameter",
      "Id": "Head_Roll",
      "Segments": [
        0,
        0,
        0,
        0.333,
        -14,
        0,
        0.633,
        9,
        0,
        1.033,
        -17,
        2,
        1.2,
        -17,
        2,
        1.333,
        -17
      ]
    },
    {
      "Target": "Parameter",
      "Id": "EyeBallX",
      "Segments": [
        0,
        0,
        0,
        0.267,
        0.1,
        2,
        0.7,
        0.1,
        0,
        1,
        0.2,
        0,
        1.167,
        0.1,
        2,
        1.333,
        0.1
      ]
    },
    {
      "Target": "Parameter",
      "Id": "EyeBallY",
      "Segments": [
        0,
        0,
        0,
        0.267,
        0.2,
        0,
        0.7,
        -0.1,
        0,
        1,
        0,
        2,
        1.167,
        0,
        2,
        1.333,
        0
      ]
    },
    {
      "Target": "Parameter",
      "Id": "BrowLY",
      "Segments": [
        0,
        0,
        2,
        0.2,
        0,
        0,
        0.4,
        -0.426,
        2,
        1.333,
        -0.426
      ]
    },
    {
      "Target": "Parameter",
      "Id": "BrowRY",
      "Segments": [
        0,
        0,
        2,
        0.2,
        0,
        0,
        0.4,
        -0.626,
        2,
        1.333,
        -0.626
      ]
    },
    {
      "Target": "Parameter",
      "Id": "BrowL_Angle",
      "Segments": [
        0,
        0,
        0,
        0.367,
        0.2,
        2,
        1.333,
        0.2
      ]
    },
    {
      "Target": "Parameter",
      "Id": "BrowL_Form",
      "Segments": [
        0,
        0,
        1,
        0.067,
        0,
        0.133,
        0.004,
        0.2,
        -0.1,
        1,
        0.256,
        -0.187,
        0.311,
        -0.798,
        0.367,
        -0.91,
        1,
        0.389,
        -0.954,
        0.411,
        -0.964,
        0.433,
        -0.964,
        2,
        1.333,
        -0.964
      ]
    },
    {
      "Target": "Parameter",
      "Id": "BrowR_Form",
      "Segments": [
        0,
        0,
        1,
        0.067,
        0,
        0.133,
        0.004,
        0.2,
        -0.1,
        1,
        0.256,
        -0.187,
        0.311,
        -0.798,
        0.367,
        -0.908,
        1,
        0.389,
        -0.952,
        0.411,
        -0.961,
        0.433,
        -0.961,
        2,
        1.333,
        -0.961
      ]
    },
    {
      "Target": "Parameter",
      "Id": "Mouth_Form",
      "Segments": [
        0,
        0,
        1,
        0.033,
        0,
        0.067,
        -0.082,
        0.1,
        -0.3,
        1,
        0.111,
        -0.373,
        0.122,
        -0.559,
        0.133,
        -0.6,
        1,
        0.211,
        -0.889,
        0.289,
        -1,
        0.367,
        -1,
        1,
        0.689,
        -1,
        1.011,
        -0.843,
        1.333,
        -0.8
      ]
    },
    {
      "Target": "Parameter",
      "Id": "HairFront_Shaking",
      "Segments": [
        0,
        0,
        0,
        0.233,
        -1,
        0,
        0.633,
        1,
        1,
        0.711,
        1,
        0.789,
        0.928,
        0.867,
        0.5,
        1,
        0.945,
        0.072,
        1.022,
        -0.4,
        1.1,
        -0.4,
        0,
        1.333,
        0
      ]
    },
    {
      "Target": "Parameter",
      "Id": "HairSide_Shaking",
      "Segments": [
        0,
        0,
        0,
        0.233,
        -0.5,
        0,
        0.633,
        0.5,
        1,
        0.711,
        0.5,
        0.789,
        0.53,
        0.867,
        0.3,
        1,
        0.945,
        0.07,
        1.022,
        -1,
        1.1,
        -1,
        1,
        1.178,
        -1,
        1.255,
        -0.09,
        1.333,
        0
      ]
    },
    {
      "Target": "Parameter",
      "Id": "HairBack_Shaking",
      "Segments": [
        0,
        0,
        0,
        0.233,
        -0.7,
        0,
        0.633,
        1,
        1,
        0.711,
        1,
        0.789,
        0.928,
        0.867,
        0.5,
        1,
        0.945,
        0.072,
        1.022,
        -0.4,
        1.1,
        -0.4,
        1,
        1.178,
        -0.4,
        1.255,
        -0.084,
        1.333,
        0
      ]
    },
    {
      "Target": "Parameter",
      "Id": "Shoulder_Move",
      "Segments": [
        0,
        0,
        2,
        0.133,
        0,
        0,
        0.7,
        30,
        0,
        1,
        8,
        1,
        1.056,
        8,
        1.111,
        20.852,
        1.167,
        22,
        1,
        1.222,
        23.148,
        1.278,
        23.446,
        1.333,
        24.026
      ]
    },
    {
      "Target": "Parameter",
      "Id": "ShoulderL_Roll",
      "Segments": [
        0,
        0,
        2,
        0.233,
        0,
        0,
        0.7,
        24,
        0,
        1,
        20.5,
        0,
        1.167,
        21,
        2,
        1.333,
        21
      ]
    },
    {
      "Target": "Parameter",
      "Id": "ArmL_Roll",
      "Segments": [
        0,
        0,
        1,
        0.044,
        0,
        0.089,
        -0.087,
        0.133,
        2,
        1,
        0.422,
        15.568,
        0.711,
        24.5,
        1,
        24.5,
        0,
        1.167,
        24,
        2,
        1.333,
        24
      ]
    },
    {
      "Target": "Parameter",
      "Id": "ShoulderR_Roll",
      "Segments": [
        0,
        0,
        2,
        0.233,
        0,
        0,
        0.7,
        -24,
        0,
        1,
        -20.5,
        0,
        1.167,
        -21,
        2,
        1.333,
        -21
      ]
    },
    {
      "Target": "Parameter",
      "Id": "ArmR_Roll",
      "Segments": [
        0,
        0,
        1,
        0.044,
        0,
        0.089,
        -0.087,
        0.133,
        2,
        1,
        0.422,
        15.568,
        0.711,
        24.5,
        1,
        24.5,
        0,
        1.167,
        24,
        2,
        1.333,
        24
      ]
    },
    {
      "Target": "Parameter",
      "Id": "HandR_Roll",
      "Segments": [
        0,
        0,
        0,
        0.233,
        7,
        1,
        0.322,
        7,
        0.411,
        7.189,
        0.5,
        0,
        1,
        0.667,
        -13.479,
        0.833,
        -30,
        1,
        -30,
        0,
        1.167,
        -28,
        2,
        1.333,
        -28
      ]
    },
    {
      "Target": "Parameter",
      "Id": "HandL_Roll",
      "Segments": [
        0,
        0,
        0,
        0.233,
        -7,
        1,
        0.322,
        -7,
        0.411,
        -7.189,
        0.5,
        0,
        1,
        0.667,
        13.479,
        0.833,
        30,
        1,
        30,
        0,
        1.167,
        28,
        2,
        1.333,
        28
      ]
    },
    {
      "Target": "Parameter",
      "Id": "HandR01_Move",
      "Segments": [
        0,
        0,
        0,
        0.233,
        15,
        2,
        1.333,
        15
      ]
    },
    {
      "Target": "Parameter",
      "Id": "HandL_move",
      "Segments": [
        0,
        0,
        0,
        0.233,
        -15,
        2,
        1.333,
        -15
      ]
    },
    {
      "Target": "Parameter",
      "Id": "Leg_L",
      "Segments": [
        0,
        0,
        2,
        0.3,
        0,
        0,
        0.733,
        13,
        2,
        1.333,
        13
      ]
    },
    {
      "Target": "Parameter",
      "Id": "Leg_R",
      "Segments": [
        0,
        0,
        2,
        0.3,
        0,
        0,
        0.733,
        -14,
        2,
        1.333,
        -14
      ]
    },
    {
      "Target": "PartOpacity",
      "Id": "Part",
      "Segments": [
        0,
        1,
        2,
        1.33,
        1
      ]
    },
    {
      "Target": "PartOpacity",
      "Id": "Part2",
      "Segments": [
        0,
        1,
        2,
        1.33,
        1
      ]
    },
    {
      "Target": "PartOpacity",
      "Id": "Part12",
      "Segments": [
        0,
        1,
        2,
        1.33,
        1
      ]
    },
    {
      "Target": "PartOpacity",
      "Id": "Part4",
      "Segments": [
        0,
        1,
        2,
        1.33,
        1
      ]
    },
    {
      "Target": "PartOpacity",
      "Id": "Part3",
      "Segments": [
        0,
        1,
        2,
        1.33,
        1
      ]
    },
    {
      "Target": "PartOpacity",
      "Id": "Part13",
      "Segments": [
        0,
        1,
        2,
        1.33,
        1
      ]
    },
    {
      "Target": "PartOpacity",
      "Id": "Part9",
      "Segments": [
        0,
        1,
        2,
        1.33,
        1
      ]
    },
    {
      "Target": "PartOpacity",
      "Id": "Part17",
      "Segments": [
        0,
        1,
        1,
        0.067,
        1,
        0.133,
        1.02,
        0.2,
        0.87,
        1,
        0.267,
        0.72,
        0.333,
        0,
        0.4,
        0,
        2,
        1.33,
        0
      ]
    },
    {
      "Target": "PartOpacity",
      "Id": "Part18",
      "Segments": [
        0,
        0,
        1,
        0.077,
        0,
        0.153,
        0.01,
        0.23,
        0.28,
        1,
        0.287,
        0.47,
        0.343,
        1,
        0.4,
        1,
        2,
        1.33,
        1
      ]
    },
    {
      "Target": "PartOpacity",
      "Id": "Part19",
      "Segments": [
        0,
        0,
        2,
        1.33,
        0
      ]
    },
    {
      "Target": "PartOpacity",
      "Id": "Part8",
      "Segments": [
        0,
        1,
        2,
        1.33,
        1
      ]
    },
    {
      "Target": "PartOpacity",
      "Id": "Part6",
      "Segments": [
        0,
        1,
        2,
        1.33,
        1
      ]
    },
    {
      "Target": "PartOpacity",
      "Id": "Part11",
      "Segments": [
        0,
        1,
        2,
        1.33,
        1
      ]
    },
    {
      "Target": "PartOpacity",
      "Id": "Part5",
      "Segments": [
        0,
        1,
        2,
        1.33,
        1
      ]
    },
    {
      "Target": "PartOpacity",
      "Id": "Part10",
      "Segments": [
        0,
        1,
        2,
        1.33,
        1
      ]
    },
    {
      "Target": "PartOpacity",
      "Id": "Part14",
      "Segments": [
        0,
        1,
        1,
        0.067,
        1,
        0.133,
        1.02,
        0.2,
        0.87,
        1,
        0.267,
        0.72,
        0.333,
        0,
        0.4,
        0,
        2,
        1.33,
        0
      ]
    },
    {
      "Target": "PartOpacity",
      "Id": "Part15",
      "Segments": [
        0,
        0,
        1,
        0.077,
        0,
        0.153,
        0.01,
        0.23,
        0.28,
        1,
        0.287,
        0.47,
        0.343,
        1,
        0.4,
        1,
        2,
        1.33,
        1
      ]
    },
    {
      "Target": "PartOpacity",
      "Id": "Part16",
      "Segments": [
        0,
        0,
        2,
        1.33,
        0
      ]
    },
    {
      "Target": "PartOpacity",
      "Id": "Part7",
      "Segments": [
        0,
        1,
        2,
        1.33,
        1
      ]
    },
    {
      "Target": "PartOpacity",
      "Id": "Part22",
      "Segments": [
        0,
        1,
        2,
        1.33,
        1
      ]
    },
    {
      "Target": "Parameter",
      "Id": "Skirt_Shaking",
      "Segments": [
        0,
        0,
        0,
        1.33,
        0
      ]
    },
    {
      "Target": "Parameter",
      "Id": "EyeL_Open",
      "Segments": [
        0,
        1,
        0,
        1.33,
        1
      ]
    },
    {
      "Target": "Parameter",
      "Id": "EyeL_Smile",
      "Segments": [
        0,
        0,
        0,
        1.33,
        0
      ]
    },
    {
      "Target": "Parameter",
      "Id": "EyeR_Open",
      "Segments": [
        0,
        1,
        0,
        1.33,
        1
      ]
    },
    {
      "Target": "Parameter",
      "Id": "EyeR_Smile",
      "Segments": [
        0,
        0,
        0,
        1.33,
        0
      ]
    },
    {
      "Target": "Parameter",
      "Id": "EyeBall_Size",
      "Segments": [
        0,
        0,
        0,
        1.33,
        0
      ]
    },
    {
      "Target": "Parameter",
      "Id": "BrowR_Angle",
      "Segments": [
        0,
        0,
        0,
        1.33,
        0
      ]
    },
    {
      "Target": "Parameter",
      "Id": "Mouth_Open",
      "Segments": [
        0,
        1,
        0,
        1.33,
        1
      ]
    },
    {
      "Target": "Parameter",
      "Id": "Mouth_Size",
      "Segments": [
        0,
        1,
        0,
        1.33,
        1
      ]
    },
    {
      "Target": "Parameter",
      "Id": "HandR03_move",
      "Segments": [
        0,
        0,
        0,
        1.33,
        0
      ]
    }
  ],
  "UserData": []
}