{
  "Version": 3,
  "Meta": {
    "Duration": 8.67,
    "Fps": 30.0,
    "Loop": true,
    "AreBeziersRestricted": true,
    "CurveCount": 85,
    "TotalSegmentCount": 178,
    "TotalPointCount": 246,
    "UserDataCount": 1,
    "TotalUserDataSize": 0
  },
  "Curves": [
    {
      "Target": "Parameter",
      "Id": "Breath",
      "Segments": [
        0,
        0,
        0,
        2.367,
        0.9,
        0,
        4.567,
        0,
        0,
        6.533,
        0.9,
        0,
        8.667,
        0
      ]
    },
    {
      "Target": "Parameter",
      "Id": "Body_Shaking",
      "Segments": [
        0,
        0,
        1,
        1,
        1.491,
        2,
        3,
        3,
        3,
        0,
        5.267,
        -2,
        0,
        7,
        3,
        0,
        8.667,
        0
      ]
    },
    {
      "Target": "Parameter",
      "Id": "ParamBodyAngleX",
      "Segments": [
        0,
        8,
        0,
        1,
        7,
        0,
        6.067,
        8.753,
        0,
        8.667,
        8
      ]
    },
    {
      "Target": "Parameter",
      "Id": "Body_Pose1",
      "Segments": [
        0,
        0,
        0,
        2.033,
        -2,
        0,
        4.1,
        1,
        0,
        6.033,
        -2,
        1,
        6.911,
        -2,
        7.789,
        0.743,
        8.667,
        0
      ]
    },
    {
      "Target": "Parameter",
      "Id": "Body_Twist",
      "Segments": [
        0,
        -8.3,
        1,
        0.811,
        -2.97,
        1.622,
        4.158,
        2.433,
        6,
        1,
        2.989,
        7.262,
        3.544,
        7,
        4.1,
        7,
        0,
        5.833,
        -18,
        1,
        6.778,
        -18,
        7.722,
        -10.309,
        8.667,
        -8.3
      ]
    },
    {
      "Target": "Parameter",
      "Id": "Pendant_Shaking",
      "Segments": [
        0,
        6.594,
        1,
        0.222,
        9.429,
        0.445,
        9.111,
        0.667,
        6.594,
        1,
        1.011,
        2.343,
        1.356,
        0,
        1.7,
        0,
        0,
        3.133,
        7,
        0,
        4.433,
        -1,
        0,
        5.8,
        8,
        0,
        7.433,
        -2,
        1,
        7.844,
        -2,
        8.256,
        -0.781,
        8.667,
        6.594
      ]
    },
    {
      "Target": "Parameter",
      "Id": "Head_AngleX",
      "Segments": [
        0,
        0,
        1,
        0.267,
        0.757,
        0.533,
        3.01,
        0.8,
        4,
        1,
        1.4,
        6.228,
        2,
        7,
        2.6,
        7,
        1,
        3.1,
        7,
        3.6,
        6.417,
        4.1,
        3,
        1,
        4.8,
        -1.784,
        5.5,
        -6,
        6.2,
        -6,
        1,
        7.022,
        -6,
        7.845,
        -2.858,
        8.667,
        0
      ]
    },
    {
      "Target": "Parameter",
      "Id": "Head_AngleY",
      "Segments": [
        0,
        0,
        1,
        0.267,
        0,
        0.533,
        -0.044,
        0.8,
        -1,
        1,
        1.4,
        -3.151,
        2,
        -7.707,
        2.6,
        -9,
        1,
        3.1,
        -10.078,
        3.6,
        -10,
        4.1,
        -10,
        0,
        6.2,
        1,
        0,
        8.667,
        0
      ]
    },
    {
      "Target": "Parameter",
      "Id": "Head_Roll",
      "Segments": [
        0,
        -10,
        1,
        0.622,
        -12.259,
        1.245,
        -15,
        1.867,
        -15,
        1,
        3.045,
        -15,
        4.222,
        -12.175,
        5.4,
        -5,
        1,
        5.833,
        -2.36,
        6.267,
        0,
        6.7,
        0,
        1,
        7.356,
        0,
        8.011,
        -9.345,
        8.667,
        -10
      ]
    },
    {
      "Target": "Parameter",
      "Id": "EyeBallX",
      "Segments": [
        0,
        0,
        2,
        3.833,
        0,
        0,
        6.1,
        0.3,
        0,
        8.667,
        0
      ]
    },
    {
      "Target": "Parameter",
      "Id": "EyeBallY",
      "Segments": [
        0,
        -0.3,
        2,
        3.833,
        -0.3,
        0,
        6.1,
        -0.5,
        0,
        8.667,
        -0.3
      ]
    },
    {
      "Target": "Parameter",
      "Id": "HairFront_Shaking",
      "Segments": [
        0,
        0.3,
        1,
        0.222,
        0.506,
        0.445,
        0.464,
        0.667,
        0.3,
        1,
        1.011,
        0.073,
        1.356,
        -0.6,
        1.7,
        -0.6,
        0,
        3.133,
        0.3,
        0,
        4.433,
        -0.6,
        0,
        5.8,
        0.3,
        0,
        7.433,
        -0.308,
        1,
        7.844,
        -0.308,
        8.256,
        -0.029,
        8.667,
        0.3
      ]
    },
    {
      "Target": "Parameter",
      "Id": "HairBack_Shaking",
      "Segments": [
        0,
        0.096,
        1,
        0.178,
        0.209,
        0.355,
        0.2,
        0.533,
        0.2,
        0,
        1.8,
        -0.4,
        0,
        3,
        0.201,
        0,
        4.567,
        -0.4,
        0,
        6.033,
        0.201,
        0,
        7.767,
        -0.279,
        1,
        8.067,
        -0.232,
        8.367,
        -0.147,
        8.667,
        0.096
      ]
    },
    {
      "Target": "Parameter",
      "Id": "Hair_Move",
      "Segments": [
        0,
        0.2,
        1,
        0.222,
        0.307,
        0.445,
        0.283,
        0.667,
        0.2,
        1,
        1.022,
        0.061,
        1.378,
        -0.3,
        1.733,
        -0.3,
        0,
        3.067,
        0.1,
        0,
        4.5,
        -0.2,
        0,
        5.9,
        0.2,
        0,
        7.433,
        -0.1,
        1,
        7.844,
        -0.1,
        8.256,
        0.054,
        8.667,
        0.2
      ]
    },
    {
      "Target": "Parameter",
      "Id": "ShoulderR_Roll",
      "Segments": [
        0,
        -0.64,
        0,
        1.5,
        -1.18,
        0,
        3.033,
        -0.46,
        0,
        4.667,
        -1.12,
        0,
        6.067,
        -0.46,
        0,
        7.5,
        -1.24,
        0,
        8.667,
        -0.64
      ]
    },
    {
      "Target": "Parameter",
      "Id": "ArmR_Roll",
      "Segments": [
        0,
        -3,
        1,
        0.544,
        -3.276,
        1.089,
        -3.36,
        1.633,
        -3.36,
        0,
        3.167,
        -2.778,
        0,
        4.8,
        -3.3,
        0,
        6.2,
        -2,
        0,
        7.633,
        -3.18,
        0,
        8.667,
        -3
      ]
    },
    {
      "Target": "Parameter",
      "Id": "HandR_Roll",
      "Segments": [
        0,
        -2,
        1,
        0.556,
        -4.587,
        1.111,
        -9,
        1.667,
        -9,
        0,
        3.2,
        -2,
        0,
        4.833,
        -10,
        0,
        6.233,
        -2,
        0,
        7.667,
        -10,
        0,
        8.667,
        -2
      ]
    },
    {
      "Target": "Parameter",
      "Id": "ShoulderLY",
      "Segments": [
        0,
        11,
        2,
        3.333,
        11,
        0,
        6.233,
        16,
        2,
        7.167,
        16,
        0,
        8.667,
        11
      ]
    },
    {
      "Target": "Parameter",
      "Id": "ShoulderL_Roll",
      "Segments": [
        0,
        2.5,
        0,
        1.5,
        3.7,
        0,
        3.033,
        1.48,
        0,
        4.667,
        4,
        0,
        6.067,
        2.16,
        0,
        7.5,
        3.7,
        0,
        8.667,
        2.5
      ]
    },
    {
      "Target": "Parameter",
      "Id": "ShoulderL_Scale",
      "Segments": [
        0,
        -23,
        2,
        3.367,
        -23,
        0,
        6.333,
        -26,
        2,
        7.267,
        -26,
        0,
        8.667,
        -23
      ]
    },
    {
      "Target": "Parameter",
      "Id": "ArmL_Roll",
      "Segments": [
        0,
        -28,
        1,
        0.544,
        -28.177,
        1.089,
        -28.2,
        1.633,
        -28.2,
        0,
        3.167,
        -27.95,
        0,
        4.8,
        -28.7,
        0,
        6.2,
        -27.503,
        0,
        7.633,
        -28,
        2,
        8.667,
        -28
      ]
    },
    {
      "Target": "Parameter",
      "Id": "ArmL_Scale",
      "Segments": [
        0,
        -9,
        2,
        3.367,
        -9,
        0,
        6.333,
        -10,
        2,
        7.333,
        -10,
        0,
        8.667,
        -9
      ]
    },
    {
      "Target": "Parameter",
      "Id": "HandL_Roll",
      "Segments": [
        0,
        -16,
        1,
        0.556,
        -16.736,
        1.111,
        -17,
        1.667,
        -17,
        0,
        3.2,
        -15,
        0,
        4.833,
        -16,
        0,
        6.233,
        -12,
        1,
        6.711,
        -12,
        7.189,
        -13.62,
        7.667,
        -15,
        1,
        8,
        -15.962,
        8.334,
        -16,
        8.667,
        -16
      ]
    },
    {
      "Target": "PartOpacity",
      "Id": "Part",
      "Segments": [
        0,
        1,
        2,
        8.67,
        1
      ]
    },
    {
      "Target": "PartOpacity",
      "Id": "Part2",
      "Segments": [
        0,
        1,
        2,
        8.67,
        1
      ]
    },
    {
      "Target": "PartOpacity",
      "Id": "Part19",
      "Segments": [
        0,
        1,
        2,
        8.67,
        1
      ]
    },
    {
      "Target": "PartOpacity",
      "Id": "Part20",
      "Segments": [
        0,
        0,
        2,
        8.67,
        0
      ]
    },
    {
      "Target": "PartOpacity",
      "Id": "Part21",
      "Segments": [
        0,
        0,
        2,
        8.67,
        0
      ]
    },
    {
      "Target": "PartOpacity",
      "Id": "Part23",
      "Segments": [
        0,
        1,
        2,
        8.67,
        1
      ]
    },
    {
      "Target": "PartOpacity",
      "Id": "Part15",
      "Segments": [
        0,
        1,
        2,
        8.67,
        1
      ]
    },
    {
      "Target": "PartOpacity",
      "Id": "Part14",
      "Segments": [
        0,
        0,
        2,
        8.67,
        0
      ]
    },
    {
      "Target": "PartOpacity",
      "Id": "Part13",
      "Segments": [
        0,
        0,
        2,
        8.67,
        0
      ]
    },
    {
      "Target": "PartOpacity",
      "Id": "Part12",
      "Segments": [
        0,
        0,
        2,
        8.67,
        0
      ]
    },
    {
      "Target": "PartOpacity",
      "Id": "Part17",
      "Segments": [
        0,
        0,
        2,
        8.67,
        0
      ]
    },
    {
      "Target": "PartOpacity",
      "Id": "Part18",
      "Segments": [
        0,
        0,
        2,
        8.67,
        0
      ]
    },
    {
      "Target": "PartOpacity",
      "Id": "Part3",
      "Segments": [
        0,
        1,
        2,
        8.67,
        1
      ]
    },
    {
      "Target": "PartOpacity",
      "Id": "Part4",
      "Segments": [
        0,
        1,
        2,
        8.67,
        1
      ]
    },
    {
      "Target": "PartOpacity",
      "Id": "Part27",
      "Segments": [
        0,
        1,
        2,
        8.67,
        1
      ]
    },
    {
      "Target": "PartOpacity",
      "Id": "Part22",
      "Segments": [
        0,
        1,
        2,
        8.67,
        1
      ]
    },
    {
      "Target": "PartOpacity",
      "Id": "Part5",
      "Segments": [
        0,
        1,
        2,
        8.67,
        1
      ]
    },
    {
      "Target": "PartOpacity",
      "Id": "Part26",
      "Segments": [
        0,
        1,
        2,
        8.67,
        1
      ]
    },
    {
      "Target": "PartOpacity",
      "Id": "Part29",
      "Segments": [
        0,
        1,
        2,
        8.67,
        1
      ]
    },
    {
      "Target": "PartOpacity",
      "Id": "Part30",
      "Segments": [
        0,
        1,
        2,
        8.67,
        1
      ]
    },
    {
      "Target": "PartOpacity",
      "Id": "Part28",
      "Segments": [
        0,
        1,
        2,
        8.67,
        1
      ]
    },
    {
      "Target": "PartOpacity",
      "Id": "Part33",
      "Segments": [
        0,
        1,
        2,
        8.67,
        1
      ]
    },
    {
      "Target": "PartOpacity",
      "Id": "Part32",
      "Segments": [
        0,
        1,
        2,
        8.67,
        1
      ]
    },
    {
      "Target": "PartOpacity",
      "Id": "Part34",
      "Segments": [
        0,
        1,
        2,
        8.67,
        1
      ]
    },
    {
      "Target": "PartOpacity",
      "Id": "Part8",
      "Segments": [
        0,
        1,
        2,
        8.67,
        1
      ]
    },
    {
      "Target": "PartOpacity",
      "Id": "Part6",
      "Segments": [
        0,
        1,
        2,
        8.67,
        1
      ]
    },
    {
      "Target": "PartOpacity",
      "Id": "Part7",
      "Segments": [
        0,
        1,
        2,
        8.67,
        1
      ]
    },
    {
      "Target": "PartOpacity",
      "Id": "Part9",
      "Segments": [
        0,
        0,
        2,
        8.67,
        0
      ]
    },
    {
      "Target": "PartOpacity",
      "Id": "Part16",
      "Segments": [
        0,
        1,
        2,
        8.67,
        1
      ]
    },
    {
      "Target": "PartOpacity",
      "Id": "Part25",
      "Segments": [
        0,
        1,
        2,
        8.67,
        1
      ]
    },
    {
      "Target": "PartOpacity",
      "Id": "Part10",
      "Segments": [
        0,
        0,
        2,
        8.67,
        0
      ]
    },
    {
      "Target": "PartOpacity",
      "Id": "Part11",
      "Segments": [
        0,
        1,
        2,
        8.67,
        1
      ]
    },
    {
      "Target": "PartOpacity",
      "Id": "Part24",
      "Segments": [
        0,
        0,
        2,
        8.67,
        0
      ]
    },
    {
      "Target": "Model",
      "Id": "Opacity",
      "Segments": [
        0,
        1,
        0,
        8.67,
        1
      ]
    },
    {
      "Target": "Parameter",
      "Id": "BodyY",
      "Segments": [
        0,
        0,
        0,
        8.67,
        0
      ]
    },
    {
      "Target": "Parameter",
      "Id": "HeadY",
      "Segments": [
        0,
        0,
        0,
        8.67,
        0
      ]
    },
    {
      "Target": "Parameter",
      "Id": "Param26",
      "Segments": [
        0,
        0,
        0,
        8.67,
        0
      ]
    },
    {
      "Target": "Parameter",
      "Id": "EyeL_Open",
      "Segments": [
        0,
        0.9,
        0,
        8.67,
        0.9
      ]
    },
    {
      "Target": "Parameter",
      "Id": "EyeL_Smile",
      "Segments": [
        0,
        0,
        0,
        8.67,
        0
      ]
    },
    {
      "Target": "Parameter",
      "Id": "EyeL_Expression",
      "Segments": [
        0,
        -0.7,
        0,
        8.67,
        -0.7
      ]
    },
    {
      "Target": "Parameter",
      "Id": "EyeR_Open",
      "Segments": [
        0,
        0.9,
        0,
        8.67,
        0.9
      ]
    },
    {
      "Target": "Parameter",
      "Id": "EyeR_Smile",
      "Segments": [
        0,
        0,
        0,
        8.67,
        0
      ]
    },
    {
      "Target": "Parameter",
      "Id": "EyeR_Expression",
      "Segments": [
        0,
        -0.7,
        0,
        8.67,
        -0.7
      ]
    },
    {
      "Target": "Parameter",
      "Id": "BrowLX",
      "Segments": [
        0,
        0.3,
        0,
        8.67,
        0.3
      ]
    },
    {
      "Target": "Parameter",
      "Id": "BrowLY",
      "Segments": [
        0,
        -0.5,
        0,
        8.67,
        -0.5
      ]
    },
    {
      "Target": "Parameter",
      "Id": "BrowRX",
      "Segments": [
        0,
        0.3,
        0,
        8.67,
        0.3
      ]
    },
    {
      "Target": "Parameter",
      "Id": "BrowRY",
      "Segments": [
        0,
        -0.424,
        0,
        8.67,
        -0.424
      ]
    },
    {
      "Target": "Parameter",
      "Id": "BrowL_Angle",
      "Segments": [
        0,
        0,
        0,
        8.67,
        0
      ]
    },
    {
      "Target": "Parameter",
      "Id": "BrowR_Angle",
      "Segments": [
        0,
        0.5,
        0,
        8.67,
        0.5
      ]
    },
    {
      "Target": "Parameter",
      "Id": "BrowL_Form",
      "Segments": [
        0,
        -1,
        0,
        8.67,
        -1
      ]
    },
    {
      "Target": "Parameter",
      "Id": "BrowR_Form",
      "Segments": [
        0,
        -1,
        0,
        8.67,
        -1
      ]
    },
    {
      "Target": "Parameter",
      "Id": "Mouth_Form",
      "Segments": [
        0,
        1,
        0,
        8.67,
        1
      ]
    },
    {
      "Target": "Parameter",
      "Id": "Mouth_Open",
      "Segments": [
        0,
        1,
        0,
        8.67,
        1
      ]
    },
    {
      "Target": "Parameter",
      "Id": "Mouth_Size",
      "Segments": [
        0,
        1,
        0,
        8.67,
        1
      ]
    },
    {
      "Target": "Parameter",
      "Id": "ShoulderRY",
      "Segments": [
        0,
        0,
        0,
        8.67,
        0
      ]
    },
    {
      "Target": "Parameter",
      "Id": "ShoulderR_Scale",
      "Segments": [
        0,
        -6,
        0,
        8.67,
        -6
      ]
    },
    {
      "Target": "Parameter",
      "Id": "ArmR_Scale",
      "Segments": [
        0,
        -13,
        0,
        8.67,
        -13
      ]
    },
    {
      "Target": "Parameter",
      "Id": "Param23",
      "Segments": [
        0,
        0,
        0,
        8.67,
        0
      ]
    },
    {
      "Target": "Parameter",
      "Id": "Param24",
      "Segments": [
        0,
        0,
        0,
        8.67,
        0
      ]
    },
    {
      "Target": "Parameter",
      "Id": "LegR_Roll",
      "Segments": [
        0,
        0,
        0,
        8.67,
        0
      ]
    },
    {
      "Target": "Parameter",
      "Id": "LegL_Roll",
      "Segments": [
        0,
        3,
        0,
        8.67,
        3
      ]
    },
    {
      "Target": "Parameter",
      "Id": "Lowerbody_Roll",
      "Segments": [
        0,
        0,
        0,
        8.67,
        0
      ]
    }
  ],
  "UserData": [
    {
      "Time": 0.0,
      "Value": ""
    }
  ]
}