{
  "Version": 3,
  "Meta": {
    "Duration": 8.0,
    "Fps": 30.0,
    "Loop": true,
    "AreBeziersRestricted": true,
    "CurveCount": 73,
    "TotalSegmentCount": 142,
    "TotalPointCount": 224,
    "UserDataCount": 1,
    "TotalUserDataSize": 0
  },
  "Curves": [
    {
      "Target": "Parameter",
      "Id": "Breath",
      "Segments": [
        0,
        0,
        0,
        1.267,
        0.899,
        0,
        2.9,
        0,
        0,
        4.3,
        0.899,
        0,
        5.467,
        0,
        0,
        6.867,
        0.899,
        0,
        8,
        0
      ]
    },
    {
      "Target": "Parameter",
      "Id": "Body_Shaking",
      "Segments": [
        0,
        5,
        0,
        2.1,
        -4,
        0,
        4.167,
        5,
        0,
        6.467,
        -4,
        0,
        8,
        5
      ]
    },
    {
      "Target": "Parameter",
      "Id": "Body_Pose1",
      "Segments": [
        0,
        -8,
        1,
        0.989,
        -8,
        1.978,
        -6.477,
        2.967,
        -1,
        1,
        3.567,
        2.323,
        4.167,
        6,
        4.767,
        6,
        0,
        8,
        -8
      ]
    },
    {
      "Target": "Parameter",
      "Id": "Body_Twist",
      "Segments": [
        0,
        -21,
        1,
        0.389,
        -21,
        0.778,
        -21.622,
        1.167,
        -20,
        1,
        2.022,
        -16.431,
        2.878,
        0.947,
        3.733,
        11.652,
        1,
        4.2,
        17.491,
        4.666,
        20.652,
        5.133,
        20.652,
        0,
        8,
        -21
      ]
    },
    {
      "Target": "Parameter",
      "Id": "Pendant_Shaking",
      "Segments": [
        0,
        -4,
        1,
        0.356,
        -0.838,
        0.711,
        6,
        1.067,
        6,
        0,
        3,
        -3,
        0,
        5.033,
        6,
        0,
        7.133,
        -6,
        1,
        7.422,
        -5.974,
        7.711,
        -6.049,
        8,
        -4
      ]
    },
    {
      "Target": "Parameter",
      "Id": "Head_AngleX",
      "Segments": [
        0,
        -11,
        0,
        3.9,
        8,
        0,
        8,
        -11
      ]
    },
    {
      "Target": "Parameter",
      "Id": "Head_AngleY",
      "Segments": [
        0,
        -6,
        0,
        3.9,
        -2,
        0,
        8,
        -6
      ]
    },
    {
      "Target": "Parameter",
      "Id": "Head_Roll",
      "Segments": [
        0,
        0,
        1,
        0.333,
        0.953,
        0.667,
        5,
        1,
        5,
        0,
        2.467,
        -2,
        0,
        4.633,
        4,
        0,
        6.933,
        -2.194,
        1,
        7.289,
        -2.194,
        7.644,
        -1.41,
        8,
        0
      ]
    },
    {
      "Target": "Parameter",
      "Id": "EyeBallX",
      "Segments": [
        0,
        0.4,
        0,
        3.7,
        0,
        0,
        8,
        0.4
      ]
    },
    {
      "Target": "Parameter",
      "Id": "EyeBallY",
      "Segments": [
        0,
        -0.2,
        0,
        3.7,
        0,
        0,
        8,
        -0.2
      ]
    },
    {
      "Target": "Parameter",
      "Id": "HairFront_Shaking",
      "Segments": [
        0,
        0.2,
        1,
        0.222,
        -0.102,
        0.445,
        -0.353,
        0.667,
        -0.463,
        1,
        1,
        -0.6,
        1.334,
        -0.585,
        1.667,
        -0.463,
        1,
        1.956,
        -0.38,
        2.244,
        0.183,
        2.533,
        0.406,
        1,
        2.833,
        0.556,
        3.133,
        0.57,
        3.433,
        0.406,
        1,
        3.933,
        0.17,
        4.433,
        -0.346,
        4.933,
        -0.463,
        1,
        5.089,
        -0.516,
        5.244,
        -0.502,
        5.4,
        -0.463,
        1,
        5.878,
        -0.36,
        6.355,
        0.413,
        6.833,
        0.5,
        1,
        7.222,
        0.623,
        7.611,
        0.434,
        8,
        0.2
      ]
    },
    {
      "Target": "Parameter",
      "Id": "HairBack_Shaking",
      "Segments": [
        0,
        -0.07,
        1,
        0.222,
        -0.225,
        0.445,
        -0.324,
        0.667,
        -0.4,
        1,
        1,
        -0.502,
        1.334,
        -0.503,
        1.667,
        -0.4,
        1,
        1.967,
        -0.329,
        2.267,
        0.199,
        2.567,
        0.265,
        1,
        2.834,
        0.339,
        3.1,
        0.344,
        3.367,
        0.265,
        1,
        3.845,
        0.135,
        4.322,
        -0.105,
        4.8,
        -0.25,
        1,
        5,
        -0.304,
        5.2,
        -0.314,
        5.4,
        -0.25,
        1,
        5.833,
        -0.14,
        6.267,
        0.3,
        6.7,
        0.3,
        1,
        7.133,
        0.3,
        7.567,
        0.105,
        8,
        -0.07
      ]
    },
    {
      "Target": "Parameter",
      "Id": "Hair_Move",
      "Segments": [
        0,
        -0.156,
        1,
        0.356,
        0.001,
        0.711,
        0.1,
        1.067,
        0.1,
        0,
        2.967,
        -0.3,
        0,
        5.067,
        0.1,
        0,
        7,
        -0.3,
        1,
        7.333,
        -0.3,
        7.667,
        -0.22,
        8,
        -0.156
      ]
    },
    {
      "Target": "Parameter",
      "Id": "ShoulderR_Roll",
      "Segments": [
        0,
        1.4,
        1,
        0.278,
        0.183,
        0.555,
        -0.173,
        0.833,
        -0.173,
        0,
        2.6,
        3,
        0,
        4.667,
        0.58,
        1,
        5.278,
        0.58,
        5.889,
        1.937,
        6.5,
        2.352,
        1,
        7,
        2.859,
        7.5,
        2.213,
        8,
        1.4
      ]
    },
    {
      "Target": "Parameter",
      "Id": "ArmR_Roll",
      "Segments": [
        0,
        0.01,
        1,
        0.033,
        0.007,
        0.067,
        0.003,
        0.1,
        0,
        1,
        0.378,
        -0.029,
        0.655,
        -0.038,
        0.933,
        -0.038,
        0,
        2.7,
        0.12,
        0,
        4.733,
        -0.18,
        1,
        5.366,
        -0.18,
        6,
        0.031,
        6.633,
        0.06,
        1,
        7.089,
        0.08,
        7.544,
        0.035,
        8,
        0
      ]
    },
    {
      "Target": "Parameter",
      "Id": "HandR_Roll",
      "Segments": [
        0,
        -1.3,
        1,
        0.333,
        -3.698,
        0.667,
        -5,
        1,
        -5,
        0,
        2.733,
        4,
        0,
        4.8,
        -7,
        0,
        6.833,
        3.099,
        1,
        7.222,
        3.099,
        7.611,
        0.669,
        8,
        -1.3
      ]
    },
    {
      "Target": "Parameter",
      "Id": "ShoulderL_Roll",
      "Segments": [
        0,
        0,
        1,
        0.322,
        0.736,
        0.645,
        1,
        0.967,
        1,
        0,
        2.833,
        -2,
        0,
        4.7,
        1,
        0,
        6.833,
        -1.309,
        1,
        7.222,
        -1.345,
        7.611,
        -0.829,
        8,
        0
      ]
    },
    {
      "Target": "Parameter",
      "Id": "ArmL_Roll",
      "Segments": [
        0,
        -0.3,
        1,
        0.344,
        -0.218,
        0.689,
        -0.2,
        1.033,
        -0.2,
        0,
        2.933,
        -0.5,
        0,
        4.8,
        -0.25,
        0,
        6.767,
        -0.55,
        1,
        7.178,
        -0.55,
        7.589,
        -0.404,
        8,
        -0.3
      ]
    },
    {
      "Target": "Parameter",
      "Id": "HandL_Roll",
      "Segments": [
        0,
        -0.6,
        1,
        0.389,
        1.056,
        0.778,
        2,
        1.167,
        2,
        0,
        3,
        -6,
        0,
        4.867,
        2,
        0,
        7,
        -5,
        0,
        8,
        -0.6
      ]
    },
    {
      "Target": "Model",
      "Id": "Opacity",
      "Segments": [
        0,
        1,
        0,
        8,
        1
      ]
    },
    {
      "Target": "Parameter",
      "Id": "ParamBodyAngleX",
      "Segments": [
        0,
        0,
        0,
        8,
        0
      ]
    },
    {
      "Target": "Parameter",
      "Id": "BodyY",
      "Segments": [
        0,
        0,
        0,
        8,
        0
      ]
    },
    {
      "Target": "Parameter",
      "Id": "HeadY",
      "Segments": [
        0,
        0,
        0,
        8,
        0
      ]
    },
    {
      "Target": "Parameter",
      "Id": "EyeL_Open",
      "Segments": [
        0,
        1,
        0,
        8,
        1
      ]
    },
    {
      "Target": "Parameter",
      "Id": "EyeL_Smile",
      "Segments": [
        0,
        0,
        0,
        8,
        0
      ]
    },
    {
      "Target": "Parameter",
      "Id": "EyeR_Open",
      "Segments": [
        0,
        1,
        0,
        8,
        1
      ]
    },
    {
      "Target": "Parameter",
      "Id": "EyeR_Smile",
      "Segments": [
        0,
        0,
        0,
        8,
        0
      ]
    },
    {
      "Target": "Parameter",
      "Id": "BrowLX",
      "Segments": [
        0,
        0,
        0,
        8,
        0
      ]
    },
    {
      "Target": "Parameter",
      "Id": "BrowLY",
      "Segments": [
        0,
        0,
        0,
        8,
        0
      ]
    },
    {
      "Target": "Parameter",
      "Id": "BrowRX",
      "Segments": [
        0,
        0,
        0,
        8,
        0
      ]
    },
    {
      "Target": "Parameter",
      "Id": "BrowRY",
      "Segments": [
        0,
        0,
        0,
        8,
        0
      ]
    },
    {
      "Target": "Parameter",
      "Id": "BrowL_Angle",
      "Segments": [
        0,
        0,
        0,
        8,
        0
      ]
    },
    {
      "Target": "Parameter",
      "Id": "BrowR_Angle",
      "Segments": [
        0,
        0,
        0,
        8,
        0
      ]
    },
    {
      "Target": "Parameter",
      "Id": "BrowL_Form",
      "Segments": [
        0,
        0,
        0,
        8,
        0
      ]
    },
    {
      "Target": "Parameter",
      "Id": "BrowR_Form",
      "Segments": [
        0,
        0,
        0,
        8,
        0
      ]
    },
    {
      "Target": "Parameter",
      "Id": "Mouth_Form",
      "Segments": [
        0,
        0,
        0,
        8,
        0
      ]
    },
    {
      "Target": "Parameter",
      "Id": "Mouth_Open",
      "Segments": [
        0,
        1,
        0,
        8,
        1
      ]
    },
    {
      "Target": "Parameter",
      "Id": "Mouth_Size",
      "Segments": [
        0,
        1,
        0,
        8,
        1
      ]
    },
    {
      "Target": "Parameter",
      "Id": "ShoulderRY",
      "Segments": [
        0,
        0,
        0,
        8,
        0
      ]
    },
    {
      "Target": "Parameter",
      "Id": "ShoulderR_Scale",
      "Segments": [
        0,
        0,
        0,
        8,
        0
      ]
    },
    {
      "Target": "Parameter",
      "Id": "ArmR_Scale",
      "Segments": [
        0,
        0,
        0,
        8,
        0
      ]
    },
    {
      "Target": "Parameter",
      "Id": "Param23",
      "Segments": [
        0,
        0,
        0,
        8,
        0
      ]
    },
    {
      "Target": "Parameter",
      "Id": "ShoulderLY",
      "Segments": [
        0,
        0,
        0,
        8,
        0
      ]
    },
    {
      "Target": "Parameter",
      "Id": "ShoulderL_Scale",
      "Segments": [
        0,
        0,
        0,
        8,
        0
      ]
    },
    {
      "Target": "Parameter",
      "Id": "ArmL_Scale",
      "Segments": [
        0,
        0,
        0,
        8,
        0
      ]
    },
    {
      "Target": "Parameter",
      "Id": "Param24",
      "Segments": [
        0,
        0,
        0,
        8,
        0
      ]
    },
    {
      "Target": "Parameter",
      "Id": "LegR_Roll",
      "Segments": [
        0,
        0,
        0,
        8,
        0
      ]
    },
    {
      "Target": "Parameter",
      "Id": "LegL_Roll",
      "Segments": [
        0,
        0,
        0,
        8,
        0
      ]
    },
    {
      "Target": "Parameter",
      "Id": "Lowerbody_Roll",
      "Segments": [
        0,
        0,
        0,
        8,
        0
      ]
    },
    {
      "Target": "PartOpacity",
      "Id": "Part",
      "Segments": [
        0,
        1,
        0,
        8,
        1
      ]
    },
    {
      "Target": "PartOpacity",
      "Id": "Part2",
      "Segments": [
        0,
        1,
        0,
        8,
        1
      ]
    },
    {
      "Target": "PartOpacity",
      "Id": "Part19",
      "Segments": [
        0,
        1,
        0,
        8,
        1
      ]
    },
    {
      "Target": "PartOpacity",
      "Id": "Part20",
      "Segments": [
        0,
        0,
        0,
        8,
        0
      ]
    },
    {
      "Target": "PartOpacity",
      "Id": "Part21",
      "Segments": [
        0,
        0,
        0,
        8,
        0
      ]
    },
    {
      "Target": "PartOpacity",
      "Id": "Part23",
      "Segments": [
        0,
        1,
        0,
        8,
        1
      ]
    },
    {
      "Target": "PartOpacity",
      "Id": "Part15",
      "Segments": [
        0,
        0,
        0,
        8,
        0
      ]
    },
    {
      "Target": "PartOpacity",
      "Id": "Part14",
      "Segments": [
        0,
        0,
        0,
        8,
        0
      ]
    },
    {
      "Target": "PartOpacity",
      "Id": "Part13",
      "Segments": [
        0,
        0,
        0,
        8,
        0
      ]
    },
    {
      "Target": "PartOpacity",
      "Id": "Part12",
      "Segments": [
        0,
        1,
        0,
        8,
        1
      ]
    },
    {
      "Target": "PartOpacity",
      "Id": "Part17",
      "Segments": [
        0,
        0,
        0,
        8,
        0
      ]
    },
    {
      "Target": "PartOpacity",
      "Id": "Part18",
      "Segments": [
        0,
        0,
        0,
        8,
        0
      ]
    },
    {
      "Target": "PartOpacity",
      "Id": "Part3",
      "Segments": [
        0,
        1,
        0,
        8,
        1
      ]
    },
    {
      "Target": "PartOpacity",
      "Id": "Part4",
      "Segments": [
        0,
        1,
        0,
        8,
        1
      ]
    },
    {
      "Target": "PartOpacity",
      "Id": "Part5",
      "Segments": [
        0,
        1,
        0,
        8,
        1
      ]
    },
    {
      "Target": "PartOpacity",
      "Id": "Part8",
      "Segments": [
        0,
        1,
        0,
        8,
        1
      ]
    },
    {
      "Target": "PartOpacity",
      "Id": "Part6",
      "Segments": [
        0,
        1,
        0,
        8,
        1
      ]
    },
    {
      "Target": "PartOpacity",
      "Id": "Part7",
      "Segments": [
        0,
        1,
        0,
        8,
        1
      ]
    },
    {
      "Target": "PartOpacity",
      "Id": "Part9",
      "Segments": [
        0,
        0,
        0,
        8,
        0
      ]
    },
    {
      "Target": "PartOpacity",
      "Id": "Part16",
      "Segments": [
        0,
        1,
        0,
        8,
        1
      ]
    },
    {
      "Target": "PartOpacity",
      "Id": "Part25",
      "Segments": [
        0,
        1,
        0,
        8,
        1
      ]
    },
    {
      "Target": "PartOpacity",
      "Id": "Part10",
      "Segments": [
        0,
        0,
        0,
        8,
        0
      ]
    },
    {
      "Target": "PartOpacity",
      "Id": "Part11",
      "Segments": [
        0,
        1,
        0,
        8,
        1
      ]
    },
    {
      "Target": "PartOpacity",
      "Id": "Part24",
      "Segments": [
        0,
        0,
        0,
        8,
        0
      ]
    }
  ],
  "UserData": [
    {
      "Time": 0.0,
      "Value": ""
    }
  ]
}