{
  "Version": 3,
  "Meta": {
    "Duration": 8.333,
    "Fps": 30.0,
    "Loop": true,
    "AreBeziersRestricted": true,
    "CurveCount": 75,
    "TotalSegmentCount": 146,
    "TotalPointCount": 220,
    "UserDataCount": 1,
    "TotalUserDataSize": 0
  },
  "Curves": [
    {
      "Target": "Parameter",
      "Id": "Breath",
      "Segments": [
        0,
        0.031,
        1,
        0.378,
        0.344,
        0.755,
        0.698,
        1.133,
        0.698,
        0,
        2.467,
        0,
        0,
        3.433,
        0.698,
        0,
        4.433,
        0,
        0,
        5.4,
        0.698,
        0,
        6.433,
        0,
        0,
        7.4,
        0.698,
        0,
        8.3,
        0,
        1,
        8.311,
        0,
        8.322,
        0,
        8.333,
        0.031
      ]
    },
    {
      "Target": "Parameter",
      "Id": "Body_Shaking",
      "Segments": [
        0,
        -6,
        0,
        1.967,
        -8,
        0,
        4.6,
        -3,
        0,
        6.533,
        -7,
        0,
        8.333,
        -6
      ]
    },
    {
      "Target": "Parameter",
      "Id": "ParamBodyAngleX",
      "Segments": [
        0,
        3.151,
        1,
        0.311,
        2.671,
        0.622,
        2.52,
        0.933,
        2.52,
        0,
        2.567,
        4,
        0,
        5.167,
        2.92,
        0,
        7.333,
        4.04,
        1,
        7.666,
        4.04,
        8,
        3.765,
        8.333,
        3.151
      ]
    },
    {
      "Target": "Parameter",
      "Id": "Body_Pose1",
      "Segments": [
        0,
        -1.6,
        1,
        1.611,
        3.471,
        3.222,
        13,
        4.833,
        13,
        1,
        6,
        13,
        7.166,
        -7.042,
        8.333,
        -1.6
      ]
    },
    {
      "Target": "Parameter",
      "Id": "Body_Twist",
      "Segments": [
        0,
        -18,
        1,
        1.289,
        -18,
        2.578,
        -6.694,
        3.867,
        17,
        1,
        4.245,
        23.945,
        4.622,
        28,
        5,
        28,
        0,
        8.333,
        -18
      ]
    },
    {
      "Target": "Parameter",
      "Id": "Pendant_Shaking",
      "Segments": [
        0,
        10.8,
        1,
        0.578,
        6.613,
        1.155,
        5,
        1.733,
        5,
        0,
        3,
        10.8,
        0,
        4.367,
        5,
        0,
        5.667,
        12,
        0,
        7.1,
        1,
        1,
        7.511,
        1,
        7.922,
        14.973,
        8.333,
        10.8
      ]
    },
    {
      "Target": "Parameter",
      "Id": "Head_AngleX",
      "Segments": [
        0,
        0,
        1,
        0.367,
        0,
        0.733,
        -0.064,
        1.1,
        2.1,
        1,
        2.022,
        7.543,
        2.945,
        15.713,
        3.867,
        23,
        1,
        4.411,
        27.302,
        4.956,
        30,
        5.5,
        30,
        0,
        8.333,
        0
      ]
    },
    {
      "Target": "Parameter",
      "Id": "Head_AngleY",
      "Segments": [
        0,
        0,
        1,
        0.367,
        4.414,
        0.733,
        5,
        1.1,
        5,
        0,
        4.833,
        -2,
        1,
        6,
        -2,
        7.166,
        -4.761,
        8.333,
        0
      ]
    },
    {
      "Target": "Parameter",
      "Id": "Head_Roll",
      "Segments": [
        0,
        -2,
        1,
        0.322,
        -2,
        0.645,
        -1.924,
        0.967,
        -0.92,
        1,
        2.089,
        2.578,
        3.211,
        5,
        4.333,
        5,
        1,
        4.7,
        5,
        5.066,
        2.833,
        5.433,
        1.376,
        1,
        6.033,
        -1.167,
        6.633,
        -2,
        7.233,
        -2,
        2,
        8.333,
        -2
      ]
    },
    {
      "Target": "Parameter",
      "Id": "HeadY",
      "Segments": [
        0,
        0,
        0,
        4.333,
        -9,
        0,
        8.333,
        0
      ]
    },
    {
      "Target": "Parameter",
      "Id": "HairFront_Shaking",
      "Segments": [
        0,
        0.558,
        1,
        0.111,
        0.746,
        0.222,
        0.7,
        0.333,
        0.7,
        0,
        1.667,
        -0.3,
        0,
        2.967,
        0.7,
        0,
        4.5,
        -0.4,
        0,
        5.8,
        0.7,
        0,
        7.333,
        -0.195,
        1,
        7.666,
        -0.195,
        8,
        0.231,
        8.333,
        0.558
      ]
    },
    {
      "Target": "Parameter",
      "Id": "HairBack_Shaking",
      "Segments": [
        0,
        0.1,
        0,
        1.467,
        -0.4,
        0,
        2.967,
        0.2,
        0,
        4.5,
        -0.1,
        0,
        5.667,
        0.1,
        0,
        6.933,
        -0.3,
        0,
        8.333,
        0.1
      ]
    },
    {
      "Target": "Parameter",
      "Id": "Hair_Move",
      "Segments": [
        0,
        0.1,
        1,
        0.467,
        -0.141,
        0.933,
        -0.3,
        1.4,
        -0.3,
        0,
        2.7,
        0.1,
        0,
        4.367,
        -0.4,
        0,
        5.633,
        0.1,
        0,
        6.9,
        -0.3,
        1,
        7.378,
        -0.3,
        7.855,
        0.329,
        8.333,
        0.1
      ]
    },
    {
      "Target": "Parameter",
      "Id": "ShoulderR_Roll",
      "Segments": [
        0,
        -13,
        1,
        0.533,
        -13,
        1.067,
        -12.652,
        1.6,
        -12.218,
        1,
        1.922,
        -11.956,
        2.245,
        -11.888,
        2.567,
        -11.602,
        1,
        2.9,
        -11.306,
        3.234,
        -10.884,
        3.567,
        -10.884,
        0,
        4.567,
        -10.991,
        0,
        5.667,
        -10.682,
        1,
        5.889,
        -10.682,
        6.111,
        -11.085,
        6.333,
        -11.274,
        1,
        6.689,
        -11.576,
        7.044,
        -11.616,
        7.4,
        -11.957,
        1,
        7.711,
        -12.256,
        8.022,
        -13,
        8.333,
        -13
      ]
    },
    {
      "Target": "Parameter",
      "Id": "ArmR_Roll",
      "Segments": [
        0,
        17,
        0,
        1.6,
        17.06,
        1,
        1.922,
        17.06,
        2.245,
        17.049,
        2.567,
        17,
        1,
        2.9,
        16.95,
        3.234,
        16.904,
        3.567,
        16.904,
        0,
        4.567,
        17,
        2,
        5.667,
        17,
        0,
        6.333,
        16.94,
        0,
        8.333,
        17
      ]
    },
    {
      "Target": "Parameter",
      "Id": "ShoulderR_Scale",
      "Segments": [
        0,
        -18,
        0,
        8.333,
        -18.03
      ]
    },
    {
      "Target": "Parameter",
      "Id": "HandR_Roll",
      "Segments": [
        0,
        -24,
        1,
        0.533,
        -24,
        1.067,
        -24.335,
        1.6,
        -26.38,
        1,
        1.956,
        -27.743,
        2.311,
        -30,
        2.667,
        -30,
        2,
        6.233,
        -30,
        0,
        8.333,
        -24
      ]
    },
    {
      "Target": "Parameter",
      "Id": "ShoulderL_Roll",
      "Segments": [
        0,
        15,
        1,
        0.433,
        15,
        0.867,
        14.875,
        1.3,
        14.536,
        1,
        2.533,
        13.572,
        3.767,
        13.04,
        5,
        13.04,
        1,
        5.789,
        13.04,
        6.578,
        13.359,
        7.367,
        14.256,
        1,
        7.689,
        14.622,
        8.011,
        15,
        8.333,
        15
      ]
    },
    {
      "Target": "Parameter",
      "Id": "ArmL_Roll",
      "Segments": [
        0,
        -12.5,
        0,
        5,
        -12.3,
        0,
        8.333,
        -12.5
      ]
    },
    {
      "Target": "Parameter",
      "Id": "HandL_Roll",
      "Segments": [
        0,
        29,
        0,
        5,
        30,
        0,
        8.333,
        29
      ]
    },
    {
      "Target": "Model",
      "Id": "Opacity",
      "Segments": [
        0,
        1,
        0,
        8.333,
        1
      ]
    },
    {
      "Target": "Parameter",
      "Id": "BodyY",
      "Segments": [
        0,
        0,
        0,
        8.333,
        0
      ]
    },
    {
      "Target": "Parameter",
      "Id": "EyeL_Open",
      "Segments": [
        0,
        1,
        0,
        8.333,
        1
      ]
    },
    {
      "Target": "Parameter",
      "Id": "EyeL_Smile",
      "Segments": [
        0,
        0,
        0,
        8.333,
        0
      ]
    },
    {
      "Target": "Parameter",
      "Id": "EyeL_Expression",
      "Segments": [
        0,
        0.5,
        0,
        8.333,
        0.5
      ]
    },
    {
      "Target": "Parameter",
      "Id": "EyeR_Open",
      "Segments": [
        0,
        1,
        0,
        8.333,
        1
      ]
    },
    {
      "Target": "Parameter",
      "Id": "EyeR_Smile",
      "Segments": [
        0,
        0,
        0,
        8.333,
        0
      ]
    },
    {
      "Target": "Parameter",
      "Id": "EyeR_Expression",
      "Segments": [
        0,
        0.5,
        0,
        8.333,
        0.5
      ]
    },
    {
      "Target": "Parameter",
      "Id": "EyeBallX",
      "Segments": [
        0,
        0,
        0,
        8.333,
        0
      ]
    },
    {
      "Target": "Parameter",
      "Id": "EyeBallY",
      "Segments": [
        0,
        0,
        0,
        8.333,
        0
      ]
    },
    {
      "Target": "Parameter",
      "Id": "BrowLX",
      "Segments": [
        0,
        0,
        0,
        8.333,
        0
      ]
    },
    {
      "Target": "Parameter",
      "Id": "BrowLY",
      "Segments": [
        0,
        0,
        0,
        8.333,
        0
      ]
    },
    {
      "Target": "Parameter",
      "Id": "BrowRX",
      "Segments": [
        0,
        0,
        0,
        8.333,
        0
      ]
    },
    {
      "Target": "Parameter",
      "Id": "BrowRY",
      "Segments": [
        0,
        0,
        0,
        8.333,
        0
      ]
    },
    {
      "Target": "Parameter",
      "Id": "BrowL_Angle",
      "Segments": [
        0,
        0,
        0,
        8.333,
        0
      ]
    },
    {
      "Target": "Parameter",
      "Id": "BrowR_Angle",
      "Segments": [
        0,
        0,
        0,
        8.333,
        0
      ]
    },
    {
      "Target": "Parameter",
      "Id": "BrowL_Form",
      "Segments": [
        0,
        0,
        0,
        8.333,
        0
      ]
    },
    {
      "Target": "Parameter",
      "Id": "BrowR_Form",
      "Segments": [
        0,
        0,
        0,
        8.333,
        0
      ]
    },
    {
      "Target": "Parameter",
      "Id": "Mouth_Form",
      "Segments": [
        0,
        0,
        0,
        8.333,
        0
      ]
    },
    {
      "Target": "Parameter",
      "Id": "Mouth_Open",
      "Segments": [
        0,
        1,
        0,
        8.333,
        1
      ]
    },
    {
      "Target": "Parameter",
      "Id": "Mouth_Size",
      "Segments": [
        0,
        1.5,
        0,
        8.333,
        1.5
      ]
    },
    {
      "Target": "Parameter",
      "Id": "ShoulderRY",
      "Segments": [
        0,
        15,
        0,
        8.333,
        15
      ]
    },
    {
      "Target": "Parameter",
      "Id": "ArmR_Scale",
      "Segments": [
        0,
        -20,
        0,
        8.333,
        -20
      ]
    },
    {
      "Target": "Parameter",
      "Id": "Param23",
      "Segments": [
        0,
        0,
        0,
        8.333,
        0
      ]
    },
    {
      "Target": "Parameter",
      "Id": "ShoulderLY",
      "Segments": [
        0,
        20,
        0,
        8.333,
        20
      ]
    },
    {
      "Target": "Parameter",
      "Id": "ShoulderL_Scale",
      "Segments": [
        0,
        -10,
        0,
        8.333,
        -10
      ]
    },
    {
      "Target": "Parameter",
      "Id": "ArmL_Scale",
      "Segments": [
        0,
        -12,
        0,
        8.333,
        -12
      ]
    },
    {
      "Target": "Parameter",
      "Id": "Param24",
      "Segments": [
        0,
        0,
        0,
        8.333,
        0
      ]
    },
    {
      "Target": "Parameter",
      "Id": "LegR_Roll",
      "Segments": [
        0,
        0,
        0,
        8.333,
        0
      ]
    },
    {
      "Target": "Parameter",
      "Id": "LegL_Roll",
      "Segments": [
        0,
        0,
        0,
        8.333,
        0
      ]
    },
    {
      "Target": "Parameter",
      "Id": "Lowerbody_Roll",
      "Segments": [
        0,
        0,
        0,
        8.333,
        0
      ]
    },
    {
      "Target": "PartOpacity",
      "Id": "Part",
      "Segments": [
        0,
        1,
        0,
        8.333,
        1
      ]
    },
    {
      "Target": "PartOpacity",
      "Id": "Part2",
      "Segments": [
        0,
        1,
        0,
        8.333,
        1
      ]
    },
    {
      "Target": "PartOpacity",
      "Id": "Part19",
      "Segments": [
        0,
        1,
        0,
        8.333,
        1
      ]
    },
    {
      "Target": "PartOpacity",
      "Id": "Part20",
      "Segments": [
        0,
        0,
        0,
        8.333,
        0
      ]
    },
    {
      "Target": "PartOpacity",
      "Id": "Part21",
      "Segments": [
        0,
        0,
        0,
        8.333,
        0
      ]
    },
    {
      "Target": "PartOpacity",
      "Id": "Part23",
      "Segments": [
        0,
        1,
        0,
        8.333,
        1
      ]
    },
    {
      "Target": "PartOpacity",
      "Id": "Part15",
      "Segments": [
        0,
        0,
        0,
        8.333,
        0
      ]
    },
    {
      "Target": "PartOpacity",
      "Id": "Part14",
      "Segments": [
        0,
        1,
        0,
        8.333,
        1
      ]
    },
    {
      "Target": "PartOpacity",
      "Id": "Part13",
      "Segments": [
        0,
        0,
        0,
        8.333,
        0
      ]
    },
    {
      "Target": "PartOpacity",
      "Id": "Part12",
      "Segments": [
        0,
        0,
        0,
        8.333,
        0
      ]
    },
    {
      "Target": "PartOpacity",
      "Id": "Part17",
      "Segments": [
        0,
        0,
        0,
        8.333,
        0
      ]
    },
    {
      "Target": "PartOpacity",
      "Id": "Part18",
      "Segments": [
        0,
        0,
        0,
        8.333,
        0
      ]
    },
    {
      "Target": "PartOpacity",
      "Id": "Part3",
      "Segments": [
        0,
        1,
        0,
        8.333,
        1
      ]
    },
    {
      "Target": "PartOpacity",
      "Id": "Part4",
      "Segments": [
        0,
        1,
        0,
        8.333,
        1
      ]
    },
    {
      "Target": "PartOpacity",
      "Id": "Part5",
      "Segments": [
        0,
        1,
        0,
        8.333,
        1
      ]
    },
    {
      "Target": "PartOpacity",
      "Id": "Part8",
      "Segments": [
        0,
        1,
        0,
        8.333,
        1
      ]
    },
    {
      "Target": "PartOpacity",
      "Id": "Part6",
      "Segments": [
        0,
        1,
        0,
        8.333,
        1
      ]
    },
    {
      "Target": "PartOpacity",
      "Id": "Part7",
      "Segments": [
        0,
        1,
        0,
        8.333,
        1
      ]
    },
    {
      "Target": "PartOpacity",
      "Id": "Part9",
      "Segments": [
        0,
        0,
        0,
        8.333,
        0
      ]
    },
    {
      "Target": "PartOpacity",
      "Id": "Part16",
      "Segments": [
        0,
        1,
        0,
        8.333,
        1
      ]
    },
    {
      "Target": "PartOpacity",
      "Id": "Part25",
      "Segments": [
        0,
        1,
        0,
        8.333,
        1
      ]
    },
    {
      "Target": "PartOpacity",
      "Id": "Part10",
      "Segments": [
        0,
        1,
        0,
        8.333,
        1
      ]
    },
    {
      "Target": "PartOpacity",
      "Id": "Part11",
      "Segments": [
        0,
        0,
        0,
        8.333,
        0
      ]
    },
    {
      "Target": "PartOpacity",
      "Id": "Part24",
      "Segments": [
        0,
        0,
        0,
        8.333,
        0
      ]
    }
  ],
  "UserData": [
    {
      "Time": 0.0,
      "Value": ""
    }
  ]
}