{
  "Version": 3,
  "Meta": {
    "Duration": 1.67,
    "Fps": 30.0,
    "Loop": true,
    "AreBeziersRestricted": true,
    "CurveCount": 75,
    "TotalSegmentCount": 210,
    "TotalPointCount": 276,
    "UserDataCount": 1,
    "TotalUserDataSize": 0
  },
  "Curves": [
    {
      "Target": "Parameter",
      "Id": "Breath",
      "Segments": [
        0,
        0,
        0,
        0.633,
        0.779,
        0,
        1.467,
        0,
        1,
        1.534,
        0,
        1.6,
        -0.024,
        1.667,
        0.031
      ]
    },
    {
      "Target": "Parameter",
      "Id": "Body_Shaking",
      "Segments": [
        0,
        0,
        0,
        0.367,
        -7,
        0,
        1.667,
        -6
      ]
    },
    {
      "Target": "Parameter",
      "Id": "ParamBodyAngleX",
      "Segments": [
        0,
        0,
        0,
        0.133,
        -0.04,
        0,
        0.633,
        6,
        1,
        0.866,
        6,
        1.1,
        4.951,
        1.333,
        4,
        1,
        1.444,
        3.547,
        1.556,
        3.322,
        1.667,
        3.151
      ]
    },
    {
      "Target": "Parameter",
      "Id": "Body_Pose1",
      "Segments": [
        0,
        0,
        0,
        0.133,
        -2,
        0,
        0.533,
        13,
        1,
        0.633,
        13,
        0.733,
        8.829,
        0.833,
        3.75,
        1,
        0.933,
        -1.329,
        1.033,
        -2.78,
        1.133,
        -2.78,
        1,
        1.311,
        -3.124,
        1.489,
        -2.43,
        1.667,
        -1.6
      ]
    },
    {
      "Target": "Parameter",
      "Id": "BodyY",
      "Segments": [
        0,
        0,
        0,
        0.133,
        -7,
        0,
        0.533,
        13,
        1,
        0.678,
        13,
        0.822,
        6.324,
        0.967,
        4.062,
        1,
        1.2,
        0.409,
        1.434,
        0,
        1.667,
        0
      ]
    },
    {
      "Target": "Parameter",
      "Id": "Body_Twist",
      "Segments": [
        0,
        0,
        0,
        0.133,
        14,
        1,
        0.366,
        14,
        0.6,
        1.099,
        0.833,
        -7,
        1,
        1.111,
        -16.641,
        1.389,
        -18,
        1.667,
        -18
      ]
    },
    {
      "Target": "Parameter",
      "Id": "Pendant_Shaking",
      "Segments": [
        0,
        0,
        0,
        0.2,
        1.921,
        0,
        0.633,
        -11,
        0,
        1.3,
        13,
        1,
        1.422,
        13,
        1.545,
        11.686,
        1.667,
        10.8
      ]
    },
    {
      "Target": "Parameter",
      "Id": "Head_AngleY",
      "Segments": [
        0,
        0,
        0,
        0.133,
        -4,
        0,
        0.567,
        12,
        0,
        1.067,
        -10,
        1,
        1.267,
        -10,
        1.467,
        -2.408,
        1.667,
        0
      ]
    },
    {
      "Target": "Parameter",
      "Id": "Head_Roll",
      "Segments": [
        0,
        0,
        0,
        0.133,
        -2,
        0,
        0.633,
        5,
        1,
        0.744,
        5,
        0.856,
        2.674,
        0.967,
        1.376,
        1,
        1.2,
        -1.351,
        1.434,
        -2,
        1.667,
        -2
      ]
    },
    {
      "Target": "Parameter",
      "Id": "HeadY",
      "Segments": [
        0,
        0,
        2,
        0.133,
        0,
        0,
        0.533,
        -5,
        0,
        0.833,
        0,
        2,
        1.1,
        0,
        2,
        1.667,
        0
      ]
    },
    {
      "Target": "Parameter",
      "Id": "EyeL_Open",
      "Segments": [
        0,
        1,
        0,
        0.4,
        0,
        2,
        0.533,
        0,
        2,
        1.1,
        0,
        2,
        1.667,
        0
      ]
    },
    {
      "Target": "Parameter",
      "Id": "EyeL_Smile",
      "Segments": [
        0,
        0,
        0,
        0.4,
        1,
        2,
        0.533,
        1,
        2,
        1.1,
        1,
        2,
        1.667,
        1
      ]
    },
    {
      "Target": "Parameter",
      "Id": "EyeR_Open",
      "Segments": [
        0,
        1,
        0,
        0.4,
        0,
        2,
        0.533,
        0,
        2,
        1.1,
        0,
        2,
        1.667,
        0
      ]
    },
    {
      "Target": "Parameter",
      "Id": "EyeR_Smile",
      "Segments": [
        0,
        0,
        0,
        0.4,
        1,
        2,
        0.533,
        1,
        2,
        1.1,
        1,
        2,
        1.667,
        1
      ]
    },
    {
      "Target": "Parameter",
      "Id": "Mouth_Size",
      "Segments": [
        0,
        1,
        0,
        0.533,
        1.5,
        2,
        1.1,
        1.5,
        2,
        1.667,
        1.5
      ]
    },
    {
      "Target": "Parameter",
      "Id": "HairFront_Shaking",
      "Segments": [
        0,
        0,
        0,
        0.2,
        0.2,
        0,
        0.833,
        -0.6,
        1,
        1.111,
        -0.6,
        1.389,
        0.089,
        1.667,
        0.558
      ]
    },
    {
      "Target": "Parameter",
      "Id": "HairBack_Shaking",
      "Segments": [
        0,
        0,
        0,
        0.2,
        0.2,
        0,
        0.767,
        -0.357,
        0,
        1.667,
        0.1
      ]
    },
    {
      "Target": "Parameter",
      "Id": "Hair_Move",
      "Segments": [
        0,
        0,
        0,
        0.2,
        0.2,
        0,
        0.9,
        -0.3,
        0,
        1.4,
        0.146,
        1,
        1.489,
        0.146,
        1.578,
        0.146,
        1.667,
        0.1
      ]
    },
    {
      "Target": "Parameter",
      "Id": "ShoulderRY",
      "Segments": [
        0,
        0,
        0,
        0.533,
        17,
        0,
        0.833,
        15,
        2,
        1.667,
        15
      ]
    },
    {
      "Target": "Parameter",
      "Id": "ShoulderR_Roll",
      "Segments": [
        0,
        0,
        0,
        0.167,
        1,
        0,
        0.533,
        -16,
        1,
        0.633,
        -16,
        0.733,
        -14.11,
        0.833,
        -13,
        1,
        0.922,
        -12.013,
        1.011,
        -12,
        1.1,
        -12,
        0,
        1.667,
        -13
      ]
    },
    {
      "Target": "Parameter",
      "Id": "ArmR_Roll",
      "Segments": [
        0,
        0,
        1,
        0.178,
        0,
        0.355,
        11.088,
        0.533,
        15,
        1,
        0.644,
        17.445,
        0.756,
        17,
        0.867,
        17,
        2,
        1.667,
        17
      ]
    },
    {
      "Target": "Parameter",
      "Id": "ShoulderR_Scale",
      "Segments": [
        0,
        0,
        0,
        0.533,
        -20,
        0,
        0.833,
        -18,
        2,
        1.667,
        -18
      ]
    },
    {
      "Target": "Parameter",
      "Id": "ArmR_Scale",
      "Segments": [
        0,
        0,
        0,
        0.833,
        -20,
        2,
        1.667,
        -20
      ]
    },
    {
      "Target": "Parameter",
      "Id": "HandR_Roll",
      "Segments": [
        0,
        0,
        2,
        0.4,
        0,
        0,
        0.533,
        -28,
        0,
        0.567,
        -22,
        1,
        0.656,
        -22,
        0.744,
        -22.241,
        0.833,
        -24,
        1,
        0.922,
        -25.759,
        1.011,
        -28,
        1.1,
        -28,
        0,
        1.667,
        -24
      ]
    },
    {
      "Target": "Parameter",
      "Id": "ShoulderLY",
      "Segments": [
        0,
        0,
        0,
        0.533,
        22,
        0,
        0.833,
        20,
        2,
        1.667,
        20
      ]
    },
    {
      "Target": "Parameter",
      "Id": "ShoulderL_Roll",
      "Segments": [
        0,
        0,
        2,
        0.133,
        0,
        0,
        0.533,
        19,
        1,
        0.633,
        19,
        0.733,
        16.189,
        0.833,
        15,
        1,
        0.922,
        13.943,
        1.011,
        14,
        1.1,
        14,
        0,
        1.667,
        15
      ]
    },
    {
      "Target": "Parameter",
      "Id": "ShoulderL_Scale",
      "Segments": [
        0,
        0,
        0,
        0.533,
        -13,
        0,
        0.833,
        -10,
        2,
        1.667,
        -10
      ]
    },
    {
      "Target": "Parameter",
      "Id": "ArmL_Roll",
      "Segments": [
        0,
        0,
        1,
        0.178,
        0,
        0.355,
        -7.685,
        0.533,
        -11,
        1,
        0.633,
        -12.865,
        0.733,
        -12.5,
        0.833,
        -12.5,
        2,
        1.667,
        -12.5
      ]
    },
    {
      "Target": "Parameter",
      "Id": "ArmL_Scale",
      "Segments": [
        0,
        0,
        1,
        0.278,
        0,
        0.555,
        -7.392,
        0.833,
        -12,
        1,
        0.922,
        -13.474,
        1.011,
        -13,
        1.1,
        -13,
        0,
        1.667,
        -12
      ]
    },
    {
      "Target": "Parameter",
      "Id": "HandL_Roll",
      "Segments": [
        0,
        0,
        2,
        0.4,
        0,
        1,
        0.444,
        0,
        0.489,
        19.448,
        0.533,
        21,
        1,
        0.633,
        24.493,
        0.733,
        27.811,
        0.833,
        29,
        1,
        0.922,
        30.057,
        1.011,
        30,
        1.1,
        30,
        0,
        1.667,
        29
      ]
    },
    {
      "Target": "Parameter",
      "Id": "Lowerbody_Roll",
      "Segments": [
        0,
        0,
        0,
        0.133,
        -10,
        1,
        0.366,
        -10,
        0.6,
        -4.517,
        0.833,
        -1,
        1,
        0.922,
        0.34,
        1.011,
        0,
        1.1,
        0,
        2,
        1.667,
        0
      ]
    },
    {
      "Target": "PartOpacity",
      "Id": "Part",
      "Segments": [
        0,
        1,
        2,
        0.83,
        1,
        2,
        1.1,
        1,
        2,
        1.67,
        1
      ]
    },
    {
      "Target": "PartOpacity",
      "Id": "Part2",
      "Segments": [
        0,
        1,
        2,
        0.83,
        1,
        2,
        1.1,
        1,
        2,
        1.67,
        1
      ]
    },
    {
      "Target": "PartOpacity",
      "Id": "Part19",
      "Segments": [
        0,
        1,
        2,
        0.83,
        1,
        2,
        1.1,
        1,
        2,
        1.67,
        1
      ]
    },
    {
      "Target": "PartOpacity",
      "Id": "Part20",
      "Segments": [
        0,
        0,
        2,
        0.83,
        0,
        2,
        1.1,
        0,
        2,
        1.67,
        0
      ]
    },
    {
      "Target": "PartOpacity",
      "Id": "Part21",
      "Segments": [
        0,
        0,
        2,
        0.83,
        0,
        2,
        1.1,
        0,
        2,
        1.67,
        0
      ]
    },
    {
      "Target": "PartOpacity",
      "Id": "Part23",
      "Segments": [
        0,
        1,
        2,
        0.83,
        1,
        2,
        1.1,
        1,
        2,
        1.67,
        1
      ]
    },
    {
      "Target": "PartOpacity",
      "Id": "Part15",
      "Segments": [
        0,
        0,
        2,
        0.83,
        0,
        2,
        1.1,
        0,
        2,
        1.67,
        0
      ]
    },
    {
      "Target": "PartOpacity",
      "Id": "Part14",
      "Segments": [
        0,
        0,
        2,
        0.43,
        0,
        0,
        0.57,
        1,
        2,
        1.1,
        1,
        2,
        1.67,
        1
      ]
    },
    {
      "Target": "PartOpacity",
      "Id": "Part13",
      "Segments": [
        0,
        0,
        2,
        0.83,
        0,
        2,
        1.1,
        0,
        2,
        1.67,
        0
      ]
    },
    {
      "Target": "PartOpacity",
      "Id": "Part12",
      "Segments": [
        0,
        1,
        2,
        0.57,
        0,
        2,
        1.1,
        0,
        2,
        1.67,
        0
      ]
    },
    {
      "Target": "PartOpacity",
      "Id": "Part17",
      "Segments": [
        0,
        0,
        2,
        0.83,
        0,
        2,
        1.1,
        0,
        2,
        1.67,
        0
      ]
    },
    {
      "Target": "PartOpacity",
      "Id": "Part18",
      "Segments": [
        0,
        0,
        2,
        0.83,
        0,
        2,
        1.1,
        0,
        2,
        1.67,
        0
      ]
    },
    {
      "Target": "PartOpacity",
      "Id": "Part3",
      "Segments": [
        0,
        1,
        2,
        0.83,
        1,
        2,
        1.1,
        1,
        2,
        1.67,
        1
      ]
    },
    {
      "Target": "PartOpacity",
      "Id": "Part4",
      "Segments": [
        0,
        1,
        2,
        0.83,
        1,
        2,
        1.1,
        1,
        2,
        1.67,
        1
      ]
    },
    {
      "Target": "PartOpacity",
      "Id": "Part5",
      "Segments": [
        0,
        1,
        2,
        0.83,
        1,
        2,
        1.1,
        1,
        2,
        1.67,
        1
      ]
    },
    {
      "Target": "PartOpacity",
      "Id": "Part8",
      "Segments": [
        0,
        1,
        2,
        0.83,
        1,
        2,
        1.1,
        1,
        2,
        1.67,
        1
      ]
    },
    {
      "Target": "PartOpacity",
      "Id": "Part6",
      "Segments": [
        0,
        1,
        2,
        0.83,
        1,
        2,
        1.1,
        1,
        2,
        1.67,
        1
      ]
    },
    {
      "Target": "PartOpacity",
      "Id": "Part7",
      "Segments": [
        0,
        1,
        2,
        0.83,
        1,
        2,
        1.1,
        1,
        2,
        1.67,
        1
      ]
    },
    {
      "Target": "PartOpacity",
      "Id": "Part9",
      "Segments": [
        0,
        0,
        2,
        0.83,
        0,
        2,
        1.1,
        0,
        2,
        1.67,
        0
      ]
    },
    {
      "Target": "PartOpacity",
      "Id": "Part16",
      "Segments": [
        0,
        1,
        2,
        0.83,
        1,
        2,
        1.1,
        1,
        2,
        1.67,
        1
      ]
    },
    {
      "Target": "PartOpacity",
      "Id": "Part25",
      "Segments": [
        0,
        1,
        2,
        0.83,
        1,
        2,
        1.1,
        1,
        2,
        1.67,
        1
      ]
    },
    {
      "Target": "PartOpacity",
      "Id": "Part10",
      "Segments": [
        0,
        0,
        2,
        0.4,
        0,
        0,
        0.57,
        1,
        2,
        1.1,
        1,
        2,
        1.67,
        1
      ]
    },
    {
      "Target": "PartOpacity",
      "Id": "Part11",
      "Segments": [
        0,
        1,
        2,
        0.57,
        0,
        2,
        1.1,
        0,
        2,
        1.67,
        0
      ]
    },
    {
      "Target": "PartOpacity",
      "Id": "Part24",
      "Segments": [
        0,
        0,
        2,
        0.83,
        0,
        2,
        1.1,
        0,
        2,
        1.67,
        0
      ]
    },
    {
      "Target": "Model",
      "Id": "Opacity",
      "Segments": [
        0,
        1,
        0,
        1.67,
        1
      ]
    },
    {
      "Target": "Parameter",
      "Id": "Head_AngleX",
      "Segments": [
        0,
        0,
        0,
        1.67,
        0
      ]
    },
    {
      "Target": "Parameter",
      "Id": "EyeL_Expression",
      "Segments": [
        0,
        0,
        0,
        1.67,
        0
      ]
    },
    {
      "Target": "Parameter",
      "Id": "EyeR_Expression",
      "Segments": [
        0,
        0,
        0,
        1.67,
        0
      ]
    },
    {
      "Target": "Parameter",
      "Id": "EyeBallX",
      "Segments": [
        0,
        0,
        0,
        1.67,
        0
      ]
    },
    {
      "Target": "Parameter",
      "Id": "EyeBallY",
      "Segments": [
        0,
        0,
        0,
        1.67,
        0
      ]
    },
    {
      "Target": "Parameter",
      "Id": "BrowLX",
      "Segments": [
        0,
        0,
        0,
        1.67,
        0
      ]
    },
    {
      "Target": "Parameter",
      "Id": "BrowLY",
      "Segments": [
        0,
        0,
        0,
        1.67,
        0
      ]
    },
    {
      "Target": "Parameter",
      "Id": "BrowRX",
      "Segments": [
        0,
        0,
        0,
        1.67,
        0
      ]
    },
    {
      "Target": "Parameter",
      "Id": "BrowRY",
      "Segments": [
        0,
        0,
        0,
        1.67,
        0
      ]
    },
    {
      "Target": "Parameter",
      "Id": "BrowL_Angle",
      "Segments": [
        0,
        0,
        0,
        1.67,
        0
      ]
    },
    {
      "Target": "Parameter",
      "Id": "BrowR_Angle",
      "Segments": [
        0,
        0,
        0,
        1.67,
        0
      ]
    },
    {
      "Target": "Parameter",
      "Id": "BrowL_Form",
      "Segments": [
        0,
        0,
        0,
        1.67,
        0
      ]
    },
    {
      "Target": "Parameter",
      "Id": "BrowR_Form",
      "Segments": [
        0,
        0,
        0,
        1.67,
        0
      ]
    },
    {
      "Target": "Parameter",
      "Id": "Mouth_Form",
      "Segments": [
        0,
        0,
        0,
        1.67,
        0
      ]
    },
    {
      "Target": "Parameter",
      "Id": "Mouth_Open",
      "Segments": [
        0,
        1,
        0,
        1.67,
        1
      ]
    },
    {
      "Target": "Parameter",
      "Id": "Param23",
      "Segments": [
        0,
        0,
        0,
        1.67,
        0
      ]
    },
    {
      "Target": "Parameter",
      "Id": "Param24",
      "Segments": [
        0,
        0,
        0,
        1.67,
        0
      ]
    },
    {
      "Target": "Parameter",
      "Id": "LegR_Roll",
      "Segments": [
        0,
        0,
        0,
        1.67,
        0
      ]
    },
    {
      "Target": "Parameter",
      "Id": "LegL_Roll",
      "Segments": [
        0,
        0,
        0,
        1.67,
        0
      ]
    }
  ],
  "UserData": [
    {
      "Time": 0.0,
      "Value": ""
    }
  ]
}