{
  "Version": 3,
  "Meta": {
    "Duration": 8.333,
    "Fps": 30.0,
    "Loop": true,
    "AreBeziersRestricted": true,
    "CurveCount": 85,
    "TotalSegmentCount": 160,
    "TotalPointCount": 230,
    "UserDataCount": 1,
    "TotalUserDataSize": 0
  },
  "Curves": [
    {
      "Target": "Parameter",
      "Id": "Breath",
      "Segments": [
        0,
        0,
        0,
        1.667,
        0.9,
        0,
        3.867,
        0,
        0,
        6.033,
        0.9,
        0,
        8.333,
        0
      ]
    },
    {
      "Target": "Parameter",
      "Id": "ParamBodyAngleX",
      "Segments": [
        0,
        5.01,
        0,
        2.2,
        6.611,
        0,
        4.567,
        2,
        1,
        5.356,
        2,
        6.144,
        7.415,
        6.933,
        8,
        0,
        8.333,
        5.01
      ]
    },
    {
      "Target": "Parameter",
      "Id": "Body_Pose1",
      "Segments": [
        0,
        -8.976,
        1,
        0.089,
        -10.158,
        0.178,
        -10,
        0.267,
        -10,
        0,
        1.5,
        7,
        0,
        4.233,
        -4,
        0,
        6.333,
        7,
        1,
        7,
        7,
        7.666,
        -3.64,
        8.333,
        -8.976
      ]
    },
    {
      "Target": "Parameter",
      "Id": "Body_Twist",
      "Segments": [
        0,
        -26.475,
        1,
        0.589,
        -23.569,
        1.178,
        -21,
        1.767,
        -21,
        0,
        4,
        -29,
        0,
        5.967,
        -21,
        0,
        8.333,
        -26.475
      ]
    },
    {
      "Target": "Parameter",
      "Id": "Pendant_Shaking",
      "Segments": [
        0,
        1.461,
        1,
        0.178,
        1.461,
        0.355,
        1.35,
        0.533,
        0,
        1,
        0.789,
        -1.941,
        1.044,
        -4,
        1.3,
        -4,
        0,
        2.633,
        -3,
        0,
        3.933,
        -4,
        0,
        5.3,
        -2,
        0,
        7.067,
        -4,
        0,
        8.333,
        1.461
      ]
    },
    {
      "Target": "Parameter",
      "Id": "Head_AngleX",
      "Segments": [
        0,
        4.189,
        1,
        0.667,
        6.391,
        1.333,
        8,
        2,
        8,
        0,
        5.367,
        -5,
        1,
        6.356,
        -5,
        7.344,
        1.197,
        8.333,
        4.189
      ]
    },
    {
      "Target": "Parameter",
      "Id": "Head_AngleY",
      "Segments": [
        0,
        -0.298,
        1,
        0.667,
        -1.114,
        1.333,
        -2.234,
        2,
        -4,
        1,
        3.122,
        -6.973,
        4.245,
        -10,
        5.367,
        -10,
        0,
        8.333,
        -0.298
      ]
    },
    {
      "Target": "Parameter",
      "Id": "Head_Roll",
      "Segments": [
        0,
        -5,
        1,
        0.244,
        -6.409,
        0.489,
        -8,
        0.733,
        -8,
        0,
        2.333,
        -2,
        0,
        4.367,
        -8,
        0,
        6.233,
        0,
        1,
        6.933,
        0,
        7.633,
        -1.049,
        8.333,
        -5
      ]
    },
    {
      "Target": "Parameter",
      "Id": "HeadY",
      "Segments": [
        0,
        -1.856,
        1,
        0.189,
        -3.298,
        0.378,
        -3.684,
        0.567,
        -3.684,
        0,
        2.367,
        0,
        0,
        5.433,
        -1,
        0,
        7.233,
        0.89,
        1,
        7.6,
        0.89,
        7.966,
        0.351,
        8.333,
        -1.856
      ]
    },
    {
      "Target": "Parameter",
      "Id": "HairFront_Shaking",
      "Segments": [
        0,
        0.303,
        1,
        0.289,
        0.68,
        0.578,
        0.674,
        0.867,
        0.674,
        0,
        1.833,
        0,
        0,
        2.9,
        0.442,
        0,
        3.933,
        -0.4,
        0,
        5.3,
        0.5,
        0,
        7.1,
        -0.577,
        1,
        7.511,
        -0.577,
        7.922,
        -0.148,
        8.333,
        0.303
      ]
    },
    {
      "Target": "Parameter",
      "Id": "HairBack_Shaking",
      "Segments": [
        0,
        -0.096,
        0,
        1.633,
        0.2,
        0,
        3.167,
        -0.2,
        0,
        4.5,
        0.101,
        0,
        6.033,
        -0.2,
        1,
        6.8,
        -0.2,
        7.566,
        0,
        8.333,
        -0.096
      ]
    },
    {
      "Target": "Parameter",
      "Id": "Hair_Move",
      "Segments": [
        0,
        0.216,
        1,
        0.222,
        0.402,
        0.445,
        0.4,
        0.667,
        0.4,
        0,
        2.067,
        -0.1,
        0,
        3.5,
        0.5,
        0,
        4.733,
        0.2,
        0,
        6.3,
        0.5,
        1,
        6.978,
        0.5,
        7.655,
        -0.096,
        8.333,
        0.216
      ]
    },
    {
      "Target": "Parameter",
      "Id": "ShoulderRY",
      "Segments": [
        0,
        18.345,
        0,
        2.2,
        22,
        0,
        4.067,
        18,
        0,
        6.7,
        23,
        1,
        7.244,
        23,
        7.789,
        19.607,
        8.333,
        18.345
      ]
    },
    {
      "Target": "Parameter",
      "Id": "ShoulderR_Roll",
      "Segments": [
        0,
        -2.002,
        1,
        0.189,
        -1.39,
        0.378,
        -1.2,
        0.567,
        -1.2,
        0,
        2.1,
        -3.98,
        0,
        4.433,
        -3,
        0,
        6.6,
        -4,
        1,
        7.178,
        -4,
        7.755,
        -3.476,
        8.333,
        -2.002
      ]
    },
    {
      "Target": "Parameter",
      "Id": "ArmR_Roll",
      "Segments": [
        0,
        -10.832,
        1,
        0.467,
        -10.938,
        0.933,
        -11.073,
        1.4,
        -11.12,
        1,
        2.111,
        -11.191,
        2.822,
        -11.2,
        3.533,
        -11.2,
        0,
        5.767,
        -8.46,
        0,
        7.333,
        -11.72,
        0,
        8.333,
        -10.832
      ]
    },
    {
      "Target": "Parameter",
      "Id": "HandR_Roll",
      "Segments": [
        0,
        -18.117,
        1,
        0.3,
        -21.152,
        0.6,
        -23.86,
        0.9,
        -23.86,
        1,
        1.611,
        -23.86,
        2.322,
        -23.868,
        3.033,
        -23.843,
        1,
        3.9,
        -23.813,
        4.766,
        -20.424,
        5.633,
        -19.38,
        1,
        6.533,
        -16.434,
        7.433,
        -10.795,
        8.333,
        -18.117
      ]
    },
    {
      "Target": "Parameter",
      "Id": "ShoulderLY",
      "Segments": [
        0,
        16.174,
        1,
        0.156,
        16.039,
        0.311,
        16,
        0.467,
        16,
        0,
        2.167,
        21,
        0,
        4.067,
        17,
        0,
        6.7,
        20,
        0,
        8.333,
        16.174
      ]
    },
    {
      "Target": "Parameter",
      "Id": "ShoulderL_Roll",
      "Segments": [
        0,
        13.084,
        1,
        0.167,
        12.534,
        0.333,
        12.48,
        0.5,
        12.48,
        0,
        2.1,
        13,
        0,
        4.4,
        10.732,
        1,
        5.133,
        10.732,
        5.867,
        11.836,
        6.6,
        12.54,
        1,
        7.178,
        12.54,
        7.755,
        13.565,
        8.333,
        13.084
      ]
    },
    {
      "Target": "Parameter",
      "Id": "ArmL_Roll",
      "Segments": [
        0,
        -21.707,
        1,
        0.433,
        -21.843,
        0.867,
        -22.026,
        1.3,
        -22.237,
        1,
        2.044,
        -22.6,
        2.789,
        -22.85,
        3.533,
        -22.85,
        0,
        5.933,
        -21.45,
        0,
        8.333,
        -21.707
      ]
    },
    {
      "Target": "Parameter",
      "Id": "HandL_Roll",
      "Segments": [
        0,
        3.2,
        1,
        0.3,
        4.963,
        0.6,
        6,
        0.9,
        6,
        0,
        3.033,
        0,
        0,
        5.633,
        6,
        0,
        8.333,
        3.2
      ]
    },
    {
      "Target": "PartOpacity",
      "Id": "Part",
      "Segments": [
        0,
        1,
        2,
        8.33,
        1
      ]
    },
    {
      "Target": "PartOpacity",
      "Id": "Part2",
      "Segments": [
        0,
        1,
        2,
        8.33,
        1
      ]
    },
    {
      "Target": "PartOpacity",
      "Id": "Part19",
      "Segments": [
        0,
        1,
        2,
        8.33,
        1
      ]
    },
    {
      "Target": "PartOpacity",
      "Id": "Part20",
      "Segments": [
        0,
        0,
        2,
        8.33,
        0
      ]
    },
    {
      "Target": "PartOpacity",
      "Id": "Part21",
      "Segments": [
        0,
        0,
        2,
        8.33,
        0
      ]
    },
    {
      "Target": "PartOpacity",
      "Id": "Part23",
      "Segments": [
        0,
        1,
        2,
        8.33,
        1
      ]
    },
    {
      "Target": "PartOpacity",
      "Id": "Part15",
      "Segments": [
        0,
        0,
        2,
        8.33,
        0
      ]
    },
    {
      "Target": "PartOpacity",
      "Id": "Part14",
      "Segments": [
        0,
        0,
        2,
        8.33,
        0
      ]
    },
    {
      "Target": "PartOpacity",
      "Id": "Part13",
      "Segments": [
        0,
        1,
        2,
        8.33,
        1
      ]
    },
    {
      "Target": "PartOpacity",
      "Id": "Part12",
      "Segments": [
        0,
        0,
        2,
        8.33,
        0
      ]
    },
    {
      "Target": "PartOpacity",
      "Id": "Part17",
      "Segments": [
        0,
        0,
        2,
        8.33,
        0
      ]
    },
    {
      "Target": "PartOpacity",
      "Id": "Part18",
      "Segments": [
        0,
        0,
        2,
        8.33,
        0
      ]
    },
    {
      "Target": "PartOpacity",
      "Id": "Part3",
      "Segments": [
        0,
        1,
        2,
        8.33,
        1
      ]
    },
    {
      "Target": "PartOpacity",
      "Id": "Part4",
      "Segments": [
        0,
        1,
        2,
        8.33,
        1
      ]
    },
    {
      "Target": "PartOpacity",
      "Id": "Part27",
      "Segments": [
        0,
        1,
        2,
        8.33,
        1
      ]
    },
    {
      "Target": "PartOpacity",
      "Id": "Part22",
      "Segments": [
        0,
        1,
        2,
        8.33,
        1
      ]
    },
    {
      "Target": "PartOpacity",
      "Id": "Part5",
      "Segments": [
        0,
        1,
        2,
        8.33,
        1
      ]
    },
    {
      "Target": "PartOpacity",
      "Id": "Part26",
      "Segments": [
        0,
        1,
        2,
        8.33,
        1
      ]
    },
    {
      "Target": "PartOpacity",
      "Id": "Part29",
      "Segments": [
        0,
        1,
        2,
        8.33,
        1
      ]
    },
    {
      "Target": "PartOpacity",
      "Id": "Part30",
      "Segments": [
        0,
        1,
        2,
        8.33,
        1
      ]
    },
    {
      "Target": "PartOpacity",
      "Id": "Part28",
      "Segments": [
        0,
        1,
        2,
        8.33,
        1
      ]
    },
    {
      "Target": "PartOpacity",
      "Id": "Part33",
      "Segments": [
        0,
        1,
        2,
        8.33,
        1
      ]
    },
    {
      "Target": "PartOpacity",
      "Id": "Part32",
      "Segments": [
        0,
        1,
        2,
        8.33,
        1
      ]
    },
    {
      "Target": "PartOpacity",
      "Id": "Part34",
      "Segments": [
        0,
        1,
        2,
        8.33,
        1
      ]
    },
    {
      "Target": "PartOpacity",
      "Id": "Part8",
      "Segments": [
        0,
        1,
        2,
        8.33,
        1
      ]
    },
    {
      "Target": "PartOpacity",
      "Id": "Part6",
      "Segments": [
        0,
        1,
        2,
        8.33,
        1
      ]
    },
    {
      "Target": "PartOpacity",
      "Id": "Part7",
      "Segments": [
        0,
        1,
        2,
        8.33,
        1
      ]
    },
    {
      "Target": "PartOpacity",
      "Id": "Part9",
      "Segments": [
        0,
        0,
        2,
        8.33,
        0
      ]
    },
    {
      "Target": "PartOpacity",
      "Id": "Part16",
      "Segments": [
        0,
        1,
        2,
        8.33,
        1
      ]
    },
    {
      "Target": "PartOpacity",
      "Id": "Part25",
      "Segments": [
        0,
        1,
        2,
        8.33,
        1
      ]
    },
    {
      "Target": "PartOpacity",
      "Id": "Part10",
      "Segments": [
        0,
        0,
        2,
        8.33,
        0
      ]
    },
    {
      "Target": "PartOpacity",
      "Id": "Part11",
      "Segments": [
        0,
        1,
        2,
        8.33,
        1
      ]
    },
    {
      "Target": "PartOpacity",
      "Id": "Part24",
      "Segments": [
        0,
        0,
        2,
        8.33,
        0
      ]
    },
    {
      "Target": "Model",
      "Id": "Opacity",
      "Segments": [
        0,
        1,
        0,
        8.333,
        1
      ]
    },
    {
      "Target": "Parameter",
      "Id": "Body_Shaking",
      "Segments": [
        0,
        3,
        0,
        8.333,
        3
      ]
    },
    {
      "Target": "Parameter",
      "Id": "BodyY",
      "Segments": [
        0,
        0,
        0,
        8.333,
        0
      ]
    },
    {
      "Target": "Parameter",
      "Id": "Param26",
      "Segments": [
        0,
        1,
        0,
        8.333,
        1
      ]
    },
    {
      "Target": "Parameter",
      "Id": "EyeL_Open",
      "Segments": [
        0,
        1,
        0,
        8.333,
        1
      ]
    },
    {
      "Target": "Parameter",
      "Id": "EyeL_Smile",
      "Segments": [
        0,
        0,
        0,
        8.333,
        0
      ]
    },
    {
      "Target": "Parameter",
      "Id": "EyeL_Expression",
      "Segments": [
        0,
        1,
        0,
        8.333,
        1
      ]
    },
    {
      "Target": "Parameter",
      "Id": "EyeR_Open",
      "Segments": [
        0,
        1,
        0,
        8.333,
        1
      ]
    },
    {
      "Target": "Parameter",
      "Id": "EyeR_Smile",
      "Segments": [
        0,
        0,
        0,
        8.333,
        0
      ]
    },
    {
      "Target": "Parameter",
      "Id": "EyeR_Expression",
      "Segments": [
        0,
        1,
        0,
        8.333,
        1
      ]
    },
    {
      "Target": "Parameter",
      "Id": "EyeBallX",
      "Segments": [
        0,
        0,
        0,
        8.333,
        0
      ]
    },
    {
      "Target": "Parameter",
      "Id": "EyeBallY",
      "Segments": [
        0,
        0,
        0,
        8.333,
        0
      ]
    },
    {
      "Target": "Parameter",
      "Id": "BrowLX",
      "Segments": [
        0,
        0,
        0,
        8.333,
        0
      ]
    },
    {
      "Target": "Parameter",
      "Id": "BrowLY",
      "Segments": [
        0,
        0,
        0,
        8.333,
        0
      ]
    },
    {
      "Target": "Parameter",
      "Id": "BrowRX",
      "Segments": [
        0,
        0,
        0,
        8.333,
        0
      ]
    },
    {
      "Target": "Parameter",
      "Id": "BrowRY",
      "Segments": [
        0,
        0,
        0,
        8.333,
        0
      ]
    },
    {
      "Target": "Parameter",
      "Id": "BrowL_Angle",
      "Segments": [
        0,
        0,
        0,
        8.333,
        0
      ]
    },
    {
      "Target": "Parameter",
      "Id": "BrowR_Angle",
      "Segments": [
        0,
        0,
        0,
        8.333,
        0
      ]
    },
    {
      "Target": "Parameter",
      "Id": "BrowL_Form",
      "Segments": [
        0,
        1,
        0,
        8.333,
        1
      ]
    },
    {
      "Target": "Parameter",
      "Id": "BrowR_Form",
      "Segments": [
        0,
        1,
        0,
        8.333,
        1
      ]
    },
    {
      "Target": "Parameter",
      "Id": "Mouth_Form",
      "Segments": [
        0,
        -1,
        0,
        8.333,
        -1
      ]
    },
    {
      "Target": "Parameter",
      "Id": "Mouth_Open",
      "Segments": [
        0,
        1,
        0,
        8.333,
        1
      ]
    },
    {
      "Target": "Parameter",
      "Id": "Mouth_Size",
      "Segments": [
        0,
        1,
        0,
        8.333,
        1
      ]
    },
    {
      "Target": "Parameter",
      "Id": "ShoulderR_Scale",
      "Segments": [
        0,
        -10,
        0,
        8.333,
        -10
      ]
    },
    {
      "Target": "Parameter",
      "Id": "ArmR_Scale",
      "Segments": [
        0,
        -10,
        0,
        8.333,
        -10
      ]
    },
    {
      "Target": "Parameter",
      "Id": "Param23",
      "Segments": [
        0,
        0,
        0,
        8.333,
        0
      ]
    },
    {
      "Target": "Parameter",
      "Id": "ShoulderL_Scale",
      "Segments": [
        0,
        -20,
        0,
        8.333,
        -20
      ]
    },
    {
      "Target": "Parameter",
      "Id": "ArmL_Scale",
      "Segments": [
        0,
        -21,
        0,
        8.333,
        -21
      ]
    },
    {
      "Target": "Parameter",
      "Id": "Param24",
      "Segments": [
        0,
        0,
        0,
        8.333,
        0
      ]
    },
    {
      "Target": "Parameter",
      "Id": "LegR_Roll",
      "Segments": [
        0,
        0,
        0,
        8.333,
        0
      ]
    },
    {
      "Target": "Parameter",
      "Id": "LegL_Roll",
      "Segments": [
        0,
        0,
        0,
        8.333,
        0
      ]
    },
    {
      "Target": "Parameter",
      "Id": "Lowerbody_Roll",
      "Segments": [
        0,
        0,
        0,
        8.333,
        0
      ]
    }
  ],
  "UserData": [
    {
      "Time": 0.0,
      "Value": ""
    }
  ]
}