{
  "Version": 3,
  "Meta": {
    "Duration": 8.67,
    "Fps": 30.0,
    "Loop": true,
    "AreBeziersRestricted": true,
    "CurveCount": 86,
    "TotalSegmentCount": 205,
    "TotalPointCount": 279,
    "UserDataCount": 1,
    "TotalUserDataSize": 0
  },
  "Curves": [
    {
      "Target": "Parameter",
      "Id": "Breath",
      "Segments": [
        0,
        0,
        0,
        1.833,
        1,
        0,
        3.9,
        0,
        0,
        6.133,
        1,
        0,
        8.667,
        0
      ]
    },
    {
      "Target": "Parameter",
      "Id": "Body_Shaking",
      "Segments": [
        0,
        -16,
        1,
        0.522,
        -19.835,
        1.045,
        -21.28,
        1.567,
        -21.28,
        0,
        3.567,
        -6.88,
        0,
        5.267,
        -19,
        0,
        7.067,
        -3.437,
        0,
        8.667,
        -16
      ]
    },
    {
      "Target": "Parameter",
      "Id": "Waist_Roll",
      "Segments": [
        0,
        5,
        0,
        1.867,
        3.98,
        0,
        3.033,
        5.8,
        0,
        5.867,
        4.976,
        0,
        8.667,
        5
      ]
    },
    {
      "Target": "Parameter",
      "Id": "Body_Pose1",
      "Segments": [
        0,
        20,
        0,
        0.967,
        25.7,
        2,
        3.733,
        25.7,
        0,
        8.667,
        20
      ]
    },
    {
      "Target": "Parameter",
      "Id": "BodyY",
      "Segments": [
        0,
        0,
        1,
        0.389,
        2.002,
        0.778,
        2.5,
        1.167,
        2.5,
        0,
        3.3,
        0,
        0,
        4.633,
        2.28,
        0,
        6,
        -3.29,
        0,
        8.667,
        0
      ]
    },
    {
      "Target": "Parameter",
      "Id": "Body_Twist",
      "Segments": [
        0,
        0,
        0,
        1.5,
        -21.415,
        0,
        3.9,
        22,
        0,
        6.2,
        -30,
        0,
        8.667,
        0
      ]
    },
    {
      "Target": "Parameter",
      "Id": "Head_AngleX",
      "Segments": [
        0,
        0,
        1,
        0.933,
        0,
        1.867,
        -2.108,
        2.8,
        -3,
        1,
        3.433,
        -3.605,
        4.067,
        -3.335,
        4.7,
        -4,
        1,
        5.411,
        -4.746,
        6.122,
        -14,
        6.833,
        -14,
        0,
        8.667,
        0
      ]
    },
    {
      "Target": "Parameter",
      "Id": "Head_AngleY",
      "Segments": [
        0,
        0,
        0,
        2.8,
        -19,
        0,
        4.7,
        10,
        0,
        6.833,
        -6,
        0,
        8.667,
        0
      ]
    },
    {
      "Target": "Parameter",
      "Id": "Head_Roll",
      "Segments": [
        0,
        -6,
        1,
        0.222,
        -6,
        0.445,
        -6.329,
        0.667,
        -4.5,
        1,
        1.345,
        1.08,
        2.022,
        7.08,
        2.7,
        7.08,
        0,
        6.633,
        -12.659,
        0,
        8.667,
        -6
      ]
    },
    {
      "Target": "Parameter",
      "Id": "EarringsL_Shaking",
      "Segments": [
        0,
        0,
        1,
        0.133,
        0.646,
        0.267,
        0.804,
        0.4,
        0.804,
        0,
        1.167,
        -0.8,
        0,
        1.967,
        0.471,
        0,
        2.6,
        -0.722,
        0,
        3.3,
        0.384,
        0,
        4.133,
        -0.574,
        0,
        4.8,
        0.298,
        0,
        5.533,
        -0.3,
        0,
        6.2,
        0.114,
        0,
        7.067,
        -0.574,
        0,
        7.567,
        0.298,
        0,
        8.267,
        -0.8,
        0,
        8.667,
        0
      ]
    },
    {
      "Target": "Parameter",
      "Id": "EarringsR_Shaking",
      "Segments": [
        0,
        0,
        1,
        0.133,
        0.637,
        0.267,
        0.8,
        0.4,
        0.8,
        0,
        1.167,
        -0.8,
        0,
        1.967,
        0.7,
        0,
        2.6,
        -0.7,
        0,
        3.3,
        0.6,
        0,
        4.133,
        -0.6,
        0,
        4.8,
        0.4,
        0,
        5.533,
        -0.3,
        0,
        6.2,
        0.6,
        0,
        7.067,
        -0.6,
        0,
        7.567,
        0.3,
        0,
        8.267,
        -0.7,
        0,
        8.667,
        0
      ]
    },
    {
      "Target": "Parameter",
      "Id": "EyeBallX",
      "Segments": [
        0,
        0,
        0,
        2.467,
        0.4,
        0,
        5.167,
        0.394,
        0,
        6.833,
        0.8,
        0,
        8.667,
        0
      ]
    },
    {
      "Target": "Parameter",
      "Id": "EyeBallY",
      "Segments": [
        0,
        0,
        2,
        2.467,
        0,
        0,
        5.167,
        -0.406,
        1,
        5.722,
        -0.406,
        6.278,
        -0.408,
        6.833,
        -0.4,
        1,
        7.444,
        -0.391,
        8.056,
        0,
        8.667,
        0
      ]
    },
    {
      "Target": "Parameter",
      "Id": "HairFront_Shaking",
      "Segments": [
        0,
        -0.5,
        0,
        0.633,
        -0.214,
        1,
        0.8,
        -0.214,
        0.966,
        -0.227,
        1.133,
        -0.5,
        1,
        1.255,
        -0.606,
        1.378,
        -0.568,
        1.5,
        -0.5,
        1,
        1.689,
        -0.407,
        1.878,
        -0.095,
        2.067,
        0,
        1,
        2.189,
        0.076,
        2.311,
        0.066,
        2.433,
        0,
        1,
        2.544,
        -0.047,
        2.656,
        -0.114,
        2.767,
        -0.114,
        0,
        3.567,
        0.303,
        0,
        4.367,
        -0.034,
        0,
        5,
        0.303,
        1,
        5.256,
        0.303,
        5.511,
        0.228,
        5.767,
        0.105,
        1,
        6.145,
        -0.076,
        6.522,
        -0.155,
        6.9,
        -0.155,
        0,
        7.667,
        0.011,
        0,
        8.667,
        -0.5
      ]
    },
    {
      "Target": "Parameter",
      "Id": "HairSide_Shaking",
      "Segments": [
        0,
        -0.174,
        1,
        0.133,
        -0.174,
        0.267,
        -0.161,
        0.4,
        -0.1,
        1,
        0.556,
        -0.029,
        0.711,
        0.114,
        0.867,
        0.034,
        1,
        1,
        -0.035,
        1.134,
        -0.154,
        1.267,
        -0.264,
        1,
        1.734,
        -0.326,
        2.2,
        -0.338,
        2.667,
        -0.338,
        0,
        4,
        0.034,
        1,
        4.256,
        0.034,
        4.511,
        -0.12,
        4.767,
        -0.23,
        1,
        4.845,
        -0.267,
        4.922,
        -0.249,
        5,
        -0.23,
        0,
        5.533,
        0,
        0,
        7.133,
        -0.393,
        0,
        8.667,
        -0.174
      ]
    },
    {
      "Target": "Parameter",
      "Id": "HairBack_Shaking",
      "Segments": [
        0,
        -0.13,
        0,
        0.633,
        -0.212,
        1,
        0.8,
        -0.212,
        0.966,
        -0.225,
        1.133,
        -0.178,
        1,
        1.533,
        -0.067,
        1.933,
        0.12,
        2.333,
        0.12,
        1,
        2.722,
        0.12,
        3.111,
        0.029,
        3.5,
        -0.126,
        1,
        4,
        -0.325,
        4.5,
        -0.596,
        5,
        -0.7,
        1,
        5.789,
        -0.865,
        6.578,
        -0.893,
        7.367,
        -0.893,
        0,
        8.667,
        -0.13
      ]
    },
    {
      "Target": "Parameter",
      "Id": "ShoulderRY",
      "Segments": [
        0,
        20,
        2,
        3.2,
        20,
        0,
        4.7,
        30,
        0,
        6,
        19,
        0,
        8.667,
        20
      ]
    },
    {
      "Target": "Parameter",
      "Id": "ShoulderR_Roll",
      "Segments": [
        0,
        -17.04,
        0,
        1.9,
        -17.4,
        1,
        2.378,
        -17.4,
        2.855,
        -17.325,
        3.333,
        -17.02,
        1,
        3.789,
        -16.729,
        4.244,
        -16.464,
        4.7,
        -16.464,
        0,
        6,
        -17.7,
        0,
        8.667,
        -17
      ]
    },
    {
      "Target": "Parameter",
      "Id": "ArmR_Roll",
      "Segments": [
        0,
        26.48,
        0,
        1.9,
        25.94,
        0,
        3.367,
        26.48,
        0,
        4.7,
        25.968,
        1,
        5.133,
        25.968,
        5.567,
        26.223,
        6,
        26.3,
        1,
        6.889,
        26.458,
        7.778,
        26.48,
        8.667,
        26.48
      ]
    },
    {
      "Target": "Parameter",
      "Id": "ShoulderLY",
      "Segments": [
        0,
        20,
        2,
        3.2,
        20,
        0,
        4.7,
        30,
        0,
        6,
        19,
        0,
        8.667,
        20
      ]
    },
    {
      "Target": "Parameter",
      "Id": "ShoulderL_Roll",
      "Segments": [
        0,
        17,
        0,
        1.9,
        16.94,
        0,
        3.333,
        17,
        0,
        4.7,
        16.467,
        0,
        6,
        17.36,
        0,
        8.667,
        17
      ]
    },
    {
      "Target": "Parameter",
      "Id": "ArmL_Roll",
      "Segments": [
        0,
        -14,
        0,
        1.9,
        -13.7,
        0,
        3.333,
        -14,
        0,
        4.7,
        -13.7,
        0,
        6,
        -14,
        2,
        8.667,
        -14
      ]
    },
    {
      "Target": "Parameter",
      "Id": "HandL_Roll2",
      "Segments": [
        0,
        28,
        0,
        1.9,
        26,
        0,
        3.333,
        28,
        0,
        4.7,
        27,
        0,
        6,
        28,
        2,
        8.667,
        28
      ]
    },
    {
      "Target": "Parameter",
      "Id": "Skirt_Shaking",
      "Segments": [
        0,
        -12.786,
        1,
        0.022,
        -12.786,
        0.045,
        -13.012,
        0.067,
        -12.254,
        1,
        0.456,
        1.011,
        0.844,
        9.215,
        1.233,
        9.215,
        0,
        2.233,
        0,
        0,
        3.633,
        6.76,
        1,
        3.855,
        6.76,
        4.078,
        3.834,
        4.3,
        0,
        1,
        4.678,
        -6.517,
        5.055,
        -9,
        5.433,
        -9,
        0,
        6.867,
        4.837,
        0,
        8.667,
        -12.786
      ]
    },
    {
      "Target": "PartOpacity",
      "Id": "Part",
      "Segments": [
        0,
        1,
        2,
        8.67,
        1
      ]
    },
    {
      "Target": "PartOpacity",
      "Id": "Part3",
      "Segments": [
        0,
        1,
        2,
        8.67,
        1
      ]
    },
    {
      "Target": "PartOpacity",
      "Id": "Part4",
      "Segments": [
        0,
        1,
        2,
        8.67,
        1
      ]
    },
    {
      "Target": "PartOpacity",
      "Id": "Part5",
      "Segments": [
        0,
        1,
        2,
        8.67,
        1
      ]
    },
    {
      "Target": "PartOpacity",
      "Id": "Part6",
      "Segments": [
        0,
        1,
        2,
        8.67,
        1
      ]
    },
    {
      "Target": "PartOpacity",
      "Id": "Part7",
      "Segments": [
        0,
        1,
        2,
        8.67,
        1
      ]
    },
    {
      "Target": "PartOpacity",
      "Id": "Part8",
      "Segments": [
        0,
        1,
        2,
        8.67,
        1
      ]
    },
    {
      "Target": "PartOpacity",
      "Id": "Part39",
      "Segments": [
        0,
        1,
        2,
        8.67,
        1
      ]
    },
    {
      "Target": "PartOpacity",
      "Id": "Part9",
      "Segments": [
        0,
        1,
        2,
        8.67,
        1
      ]
    },
    {
      "Target": "PartOpacity",
      "Id": "Part31",
      "Segments": [
        0,
        1,
        2,
        8.67,
        1
      ]
    },
    {
      "Target": "PartOpacity",
      "Id": "Part28",
      "Segments": [
        0,
        1,
        2,
        8.67,
        1
      ]
    },
    {
      "Target": "PartOpacity",
      "Id": "Part29",
      "Segments": [
        0,
        0,
        2,
        8.67,
        0
      ]
    },
    {
      "Target": "PartOpacity",
      "Id": "Part30",
      "Segments": [
        0,
        0,
        2,
        8.67,
        0
      ]
    },
    {
      "Target": "PartOpacity",
      "Id": "Part32",
      "Segments": [
        0,
        1,
        2,
        8.67,
        1
      ]
    },
    {
      "Target": "PartOpacity",
      "Id": "Part34",
      "Segments": [
        0,
        1,
        2,
        8.67,
        1
      ]
    },
    {
      "Target": "PartOpacity",
      "Id": "Part33",
      "Segments": [
        0,
        1,
        2,
        8.67,
        1
      ]
    },
    {
      "Target": "PartOpacity",
      "Id": "Part10",
      "Segments": [
        0,
        1,
        2,
        8.67,
        1
      ]
    },
    {
      "Target": "PartOpacity",
      "Id": "Part11",
      "Segments": [
        0,
        1,
        2,
        8.67,
        1
      ]
    },
    {
      "Target": "PartOpacity",
      "Id": "Part12",
      "Segments": [
        0,
        1,
        2,
        8.67,
        1
      ]
    },
    {
      "Target": "PartOpacity",
      "Id": "Part25",
      "Segments": [
        0,
        1,
        2,
        8.67,
        1
      ]
    },
    {
      "Target": "PartOpacity",
      "Id": "Part17",
      "Segments": [
        0,
        0,
        2,
        8.67,
        0
      ]
    },
    {
      "Target": "PartOpacity",
      "Id": "Part27",
      "Segments": [
        0,
        1,
        2,
        8.67,
        1
      ]
    },
    {
      "Target": "PartOpacity",
      "Id": "Part26",
      "Segments": [
        0,
        1,
        2,
        8.67,
        1
      ]
    },
    {
      "Target": "PartOpacity",
      "Id": "Part22",
      "Segments": [
        0,
        1,
        2,
        8.67,
        1
      ]
    },
    {
      "Target": "PartOpacity",
      "Id": "Part24",
      "Segments": [
        0,
        0,
        2,
        8.67,
        0
      ]
    },
    {
      "Target": "PartOpacity",
      "Id": "Part23",
      "Segments": [
        0,
        1,
        2,
        8.67,
        1
      ]
    },
    {
      "Target": "PartOpacity",
      "Id": "Part35",
      "Segments": [
        0,
        1,
        2,
        8.67,
        1
      ]
    },
    {
      "Target": "PartOpacity",
      "Id": "Part37",
      "Segments": [
        0,
        1,
        2,
        8.67,
        1
      ]
    },
    {
      "Target": "PartOpacity",
      "Id": "Part36",
      "Segments": [
        0,
        1,
        2,
        8.67,
        1
      ]
    },
    {
      "Target": "PartOpacity",
      "Id": "Part38",
      "Segments": [
        0,
        1,
        2,
        8.67,
        1
      ]
    },
    {
      "Target": "PartOpacity",
      "Id": "Part2",
      "Segments": [
        0,
        1,
        2,
        8.67,
        1
      ]
    },
    {
      "Target": "PartOpacity",
      "Id": "Part13",
      "Segments": [
        0,
        1,
        2,
        8.67,
        1
      ]
    },
    {
      "Target": "Model",
      "Id": "Opacity",
      "Segments": [
        0,
        1,
        0,
        8.67,
        1
      ]
    },
    {
      "Target": "Parameter",
      "Id": "BodyX",
      "Segments": [
        0,
        0,
        0,
        8.67,
        0
      ]
    },
    {
      "Target": "Parameter",
      "Id": "HeadY",
      "Segments": [
        0,
        0,
        0,
        8.67,
        0
      ]
    },
    {
      "Target": "Parameter",
      "Id": "Sweat",
      "Segments": [
        0,
        0,
        0,
        8.67,
        0
      ]
    },
    {
      "Target": "Parameter",
      "Id": "BrowR_Form1",
      "Segments": [
        0,
        0,
        0,
        8.67,
        0
      ]
    },
    {
      "Target": "Parameter",
      "Id": "BrowR_Form2",
      "Segments": [
        0,
        1,
        0,
        8.67,
        1
      ]
    },
    {
      "Target": "Parameter",
      "Id": "BrowL_Form1",
      "Segments": [
        0,
        1,
        0,
        8.67,
        1
      ]
    },
    {
      "Target": "Parameter",
      "Id": "BrowL_Form2",
      "Segments": [
        0,
        0,
        0,
        8.67,
        0
      ]
    },
    {
      "Target": "Parameter",
      "Id": "EyeR_Open",
      "Segments": [
        0,
        0,
        0,
        8.67,
        0
      ]
    },
    {
      "Target": "Parameter",
      "Id": "EyeR_Smile",
      "Segments": [
        0,
        1,
        0,
        8.67,
        1
      ]
    },
    {
      "Target": "Parameter",
      "Id": "EyeRY",
      "Segments": [
        0,
        0,
        0,
        8.67,
        0
      ]
    },
    {
      "Target": "Parameter",
      "Id": "EyeL_Open",
      "Segments": [
        0,
        0,
        0,
        8.67,
        0
      ]
    },
    {
      "Target": "Parameter",
      "Id": "EyeL_Smile",
      "Segments": [
        0,
        1,
        0,
        8.67,
        1
      ]
    },
    {
      "Target": "Parameter",
      "Id": "EyeLY",
      "Segments": [
        0,
        0,
        0,
        8.67,
        0
      ]
    },
    {
      "Target": "Parameter",
      "Id": "Mouth_Form1",
      "Segments": [
        0,
        0,
        0,
        8.67,
        0
      ]
    },
    {
      "Target": "Parameter",
      "Id": "Mouth_Form2",
      "Segments": [
        0,
        0,
        0,
        8.67,
        0
      ]
    },
    {
      "Target": "Parameter",
      "Id": "Mouth_Open",
      "Segments": [
        0,
        0.6,
        0,
        8.67,
        0.6
      ]
    },
    {
      "Target": "Parameter",
      "Id": "Mouth_Size",
      "Segments": [
        0,
        1,
        0,
        8.67,
        1
      ]
    },
    {
      "Target": "Parameter",
      "Id": "ShoulderR_Scale",
      "Segments": [
        0,
        -12,
        0,
        8.67,
        -12
      ]
    },
    {
      "Target": "Parameter",
      "Id": "HandR_Roll",
      "Segments": [
        0,
        0,
        0,
        8.67,
        0
      ]
    },
    {
      "Target": "Parameter",
      "Id": "HandR_Roll2",
      "Segments": [
        0,
        -15,
        0,
        8.67,
        -15
      ]
    },
    {
      "Target": "Parameter",
      "Id": "ArmR_Scale",
      "Segments": [
        0,
        -23,
        0,
        8.67,
        -23
      ]
    },
    {
      "Target": "Parameter",
      "Id": "ShoulderL_Scale",
      "Segments": [
        0,
        -13,
        0,
        8.67,
        -13
      ]
    },
    {
      "Target": "Parameter",
      "Id": "ArmL_Scale",
      "Segments": [
        0,
        -10,
        0,
        8.67,
        -10
      ]
    },
    {
      "Target": "Parameter",
      "Id": "HandL_Roll",
      "Segments": [
        0,
        0,
        0,
        8.67,
        0
      ]
    },
    {
      "Target": "Parameter",
      "Id": "ShoulderL_move",
      "Segments": [
        0,
        0,
        0,
        8.67,
        0
      ]
    },
    {
      "Target": "Parameter",
      "Id": "Param10",
      "Segments": [
        0,
        1,
        0,
        8.67,
        1
      ]
    },
    {
      "Target": "Parameter",
      "Id": "LegR_Roll",
      "Segments": [
        0,
        -16,
        0,
        8.67,
        -16
      ]
    },
    {
      "Target": "Parameter",
      "Id": "LegL_Roll",
      "Segments": [
        0,
        6,
        0,
        8.67,
        6
      ]
    },
    {
      "Target": "Parameter",
      "Id": "Lowerbody_Roll",
      "Segments": [
        0,
        0,
        0,
        8.67,
        0
      ]
    }
  ],
  "UserData": [
    {
      "Time": 0.0,
      "Value": ""
    }
  ]
}