{
  "Version": 3,
  "Meta": {
    "Duration": 1.67,
    "Fps": 30.0,
    "Loop": true,
    "AreBeziersRestricted": true,
    "CurveCount": 106,
    "TotalSegmentCount": 223,
    "TotalPointCount": 351,
    "UserDataCount": 1,
    "TotalUserDataSize": 0
  },
  "Curves": [
    {
      "Target": "Parameter",
      "Id": "Breath",
      "Segments": [
        0,
        0,
        1,
        0.556,
        0,
        1.111,
        0.256,
        1.667,
        0.4
      ]
    },
    {
      "Target": "Parameter",
      "Id": "Body_Shaking",
      "Segments": [
        0,
        0,
        1,
        0.167,
        0,
        0.333,
        2.338,
        0.5,
        5,
        1,
        0.589,
        6.42,
        0.678,
        6.561,
        0.767,
        6.561,
        1,
        0.9,
        6.561,
        1.034,
        1.46,
        1.167,
        0.78,
        1,
        1.334,
        -0.07,
        1.5,
        0,
        1.667,
        0
      ]
    },
    {
      "Target": "Parameter",
      "Id": "BodyY",
      "Segments": [
        0,
        0,
        2,
        0.5,
        0,
        2,
        0.933,
        0,
        0,
        1.667,
        -3
      ]
    },
    {
      "Target": "Parameter",
      "Id": "Body_Twist",
      "Segments": [
        0,
        0,
        0,
        0.5,
        14,
        1,
        0.722,
        14,
        0.945,
        1.242,
        1.167,
        -2,
        1,
        1.334,
        -4.432,
        1.5,
        -5.68,
        1.667,
        -6
      ]
    },
    {
      "Target": "Parameter",
      "Id": "Body_Pose1",
      "Segments": [
        0,
        0,
        0,
        0.733,
        -5,
        1,
        0.889,
        -5,
        1.044,
        1.425,
        1.2,
        3.277,
        1,
        1.356,
        5.129,
        1.511,
        5,
        1.667,
        5
      ]
    },
    {
      "Target": "Parameter",
      "Id": "Waist_Roll",
      "Segments": [
        0,
        0,
        1,
        0.167,
        0,
        0.333,
        -0.069,
        0.5,
        1,
        1,
        0.722,
        2.426,
        0.945,
        4.969,
        1.167,
        4.969,
        0,
        1.667,
        4.549
      ]
    },
    {
      "Target": "Parameter",
      "Id": "Tie_Shaking",
      "Segments": [
        0,
        0,
        0,
        0.5,
        -8,
        0,
        1.667,
        4.295
      ]
    },
    {
      "Target": "Parameter",
      "Id": "Head_AngleX",
      "Segments": [
        0,
        0,
        0,
        0.5,
        1,
        0,
        1.167,
        0,
        2,
        1.667,
        0
      ]
    },
    {
      "Target": "Parameter",
      "Id": "Head_AngleY",
      "Segments": [
        0,
        0,
        0,
        0.5,
        9,
        1,
        0.722,
        9,
        0.945,
        3.631,
        1.167,
        2,
        1,
        1.334,
        0.777,
        1.5,
        0.267,
        1.667,
        0
      ]
    },
    {
      "Target": "Parameter",
      "Id": "Head_Roll",
      "Segments": [
        0,
        0,
        0,
        0.567,
        -2,
        1,
        0.767,
        -2,
        0.967,
        0.778,
        1.167,
        3,
        1,
        1.334,
        4.851,
        1.5,
        5,
        1.667,
        5
      ]
    },
    {
      "Target": "Parameter",
      "Id": "Earrings_Shaking",
      "Segments": [
        0,
        0,
        0,
        0.567,
        -5.189,
        0,
        1.1,
        14.292,
        0,
        1.667,
        -5.189
      ]
    },
    {
      "Target": "Parameter",
      "Id": "BrowR_Form",
      "Segments": [
        0,
        0,
        0,
        0.5,
        -1,
        2,
        1.667,
        -1
      ]
    },
    {
      "Target": "Parameter",
      "Id": "BrowL_Form",
      "Segments": [
        0,
        0,
        0,
        0.5,
        -1,
        2,
        1.667,
        -1
      ]
    },
    {
      "Target": "Parameter",
      "Id": "EyeR_Form",
      "Segments": [
        0,
        0,
        0,
        0.5,
        -1,
        2,
        1.667,
        -1
      ]
    },
    {
      "Target": "Parameter",
      "Id": "EyeL_Form",
      "Segments": [
        0,
        0,
        0,
        0.5,
        -1,
        2,
        1.667,
        -1
      ]
    },
    {
      "Target": "Parameter",
      "Id": "EyeBallY",
      "Segments": [
        0,
        0,
        0,
        0.5,
        0.8,
        2,
        1.667,
        0.8
      ]
    },
    {
      "Target": "Parameter",
      "Id": "Eyeball_Size",
      "Segments": [
        0,
        0,
        0,
        0.5,
        -10,
        2,
        1.667,
        -10
      ]
    },
    {
      "Target": "Parameter",
      "Id": "Mouth_Form",
      "Segments": [
        0,
        0,
        0,
        0.6,
        1,
        2,
        1.667,
        1
      ]
    },
    {
      "Target": "Parameter",
      "Id": "HairFront_Shaking",
      "Segments": [
        0,
        0,
        0,
        0.767,
        -0.6,
        1,
        1.067,
        -0.6,
        1.367,
        -0.132,
        1.667,
        0.2
      ]
    },
    {
      "Target": "Parameter",
      "Id": "HairBack_Shaking",
      "Segments": [
        0,
        0,
        0,
        0.767,
        -0.6,
        1,
        1.067,
        -0.6,
        1.367,
        -0.275,
        1.667,
        0.1
      ]
    },
    {
      "Target": "Parameter",
      "Id": "Param5",
      "Segments": [
        0,
        0,
        0,
        0.633,
        -0.2,
        0,
        1.667,
        0.1
      ]
    },
    {
      "Target": "Parameter",
      "Id": "ShoulderRY",
      "Segments": [
        0,
        0,
        0,
        0.633,
        7,
        1,
        0.789,
        7,
        0.944,
        -5.246,
        1.1,
        -7,
        1,
        1.289,
        -9.13,
        1.478,
        -9,
        1.667,
        -9
      ]
    },
    {
      "Target": "Parameter",
      "Id": "ShoulderR_Roll",
      "Segments": [
        0,
        2,
        0,
        0.3,
        -12,
        1,
        0.567,
        -12,
        0.833,
        -9.51,
        1.1,
        -8,
        1,
        1.289,
        -6.93,
        1.478,
        -7,
        1.667,
        -7
      ]
    },
    {
      "Target": "Parameter",
      "Id": "ShoulderR_Scale",
      "Segments": [
        0,
        0,
        1,
        0.389,
        0,
        0.778,
        -2.522,
        1.167,
        -5,
        1,
        1.334,
        -6.062,
        1.5,
        -6,
        1.667,
        -6
      ]
    },
    {
      "Target": "Parameter",
      "Id": "ArmR_Roll",
      "Segments": [
        0,
        -0.5,
        1,
        0.1,
        -0.5,
        0.2,
        2.463,
        0.3,
        8.59,
        1,
        0.478,
        19.483,
        0.655,
        34.294,
        0.833,
        41.474,
        1,
        0.944,
        45.961,
        1.056,
        49.439,
        1.167,
        50.53,
        1,
        1.334,
        52.167,
        1.5,
        52.28,
        1.667,
        52.28
      ]
    },
    {
      "Target": "Parameter",
      "Id": "ArmR_Scale",
      "Segments": [
        0,
        0,
        2,
        0.333,
        0,
        1,
        0.589,
        0,
        0.844,
        -14.597,
        1.1,
        -19,
        1,
        1.289,
        -22.254,
        1.478,
        -24.098,
        1.667,
        -24.5
      ]
    },
    {
      "Target": "Parameter",
      "Id": "HandR_Roll",
      "Segments": [
        0,
        0,
        1,
        0.367,
        0,
        0.733,
        -7.937,
        1.1,
        -8.76,
        1,
        1.289,
        -9.184,
        1.478,
        -9,
        1.667,
        -9
      ]
    },
    {
      "Target": "Parameter",
      "Id": "ArmR_Back",
      "Segments": [
        0,
        0,
        2,
        0.333,
        0,
        0,
        1,
        -27,
        2,
        1.667,
        -27
      ]
    },
    {
      "Target": "Parameter",
      "Id": "Param",
      "Segments": [
        0,
        -30,
        2,
        0.467,
        -28,
        1,
        0.522,
        -27.39,
        0.578,
        -16.85,
        0.633,
        -10,
        1,
        0.644,
        -8.63,
        0.656,
        0,
        0.667,
        0,
        2,
        1.1,
        0,
        2,
        1.667,
        0
      ]
    },
    {
      "Target": "Parameter",
      "Id": "ShoulderLY",
      "Segments": [
        0,
        0,
        1,
        0.222,
        0,
        0.445,
        5.81,
        0.667,
        12,
        1,
        0.834,
        16.642,
        1,
        19.336,
        1.167,
        22.857,
        1,
        1.334,
        26.378,
        1.5,
        28,
        1.667,
        28
      ]
    },
    {
      "Target": "Parameter",
      "Id": "ShoulderL_Roll",
      "Segments": [
        0,
        1,
        0,
        0.267,
        3.488,
        1,
        0.411,
        3.488,
        0.556,
        -0.044,
        0.7,
        -3.124,
        1,
        0.856,
        -6.441,
        1.011,
        -10.023,
        1.167,
        -11,
        1,
        1.334,
        -12.047,
        1.5,
        -12,
        1.667,
        -12
      ]
    },
    {
      "Target": "Parameter",
      "Id": "ShoulderL_Scale",
      "Segments": [
        0,
        0,
        0,
        0.7,
        -18,
        1,
        0.778,
        -18,
        0.855,
        -16.957,
        0.933,
        -14,
        1,
        1.011,
        -11.043,
        1.089,
        -5.188,
        1.167,
        -4,
        1,
        1.334,
        -1.454,
        1.5,
        -1,
        1.667,
        -1
      ]
    },
    {
      "Target": "Parameter",
      "Id": "ArmL_Roll",
      "Segments": [
        0,
        -2.5,
        1,
        0.278,
        -2.5,
        0.555,
        -45.156,
        0.833,
        -56,
        1,
        0.944,
        -60.337,
        1.056,
        -61.429,
        1.167,
        -61.6,
        1,
        1.334,
        -61.856,
        1.5,
        -61.84,
        1.667,
        -61.84
      ]
    },
    {
      "Target": "Parameter",
      "Id": "ArmL_Scale",
      "Segments": [
        0,
        0,
        2,
        0.167,
        0,
        1,
        0.322,
        0,
        0.478,
        0.035,
        0.633,
        -1,
        1,
        0.811,
        -2.183,
        0.989,
        -7.371,
        1.167,
        -8,
        1,
        1.334,
        -8.59,
        1.5,
        -8.998,
        1.667,
        -9
      ]
    },
    {
      "Target": "Parameter",
      "Id": "HandL_Roll",
      "Segments": [
        0,
        0,
        0,
        0.633,
        -23,
        0,
        1.333,
        -19,
        2,
        1.667,
        -19
      ]
    },
    {
      "Target": "Parameter",
      "Id": "HandL__Pose2_Weight",
      "Segments": [
        0,
        0,
        2,
        0.6,
        0,
        1,
        0.644,
        0,
        0.689,
        -5.877,
        0.733,
        -11,
        1,
        0.778,
        -16.123,
        0.822,
        -20.641,
        0.867,
        -23,
        1,
        0.911,
        -25.359,
        0.956,
        -27.48,
        1,
        -28.2,
        1,
        1.044,
        -28.92,
        1.089,
        -29.534,
        1.133,
        -29.612,
        1,
        1.311,
        -29.924,
        1.489,
        -30,
        1.667,
        -30
      ]
    },
    {
      "Target": "Parameter",
      "Id": "Param2",
      "Segments": [
        0,
        30,
        0,
        0.533,
        16,
        0,
        0.867,
        23,
        2,
        0.9,
        0,
        2,
        1.667,
        0
      ]
    },
    {
      "Target": "Parameter",
      "Id": "Param8",
      "Segments": [
        0,
        0,
        2,
        1.133,
        0,
        1,
        1.311,
        0,
        1.489,
        -23.704,
        1.667,
        -28.971
      ]
    },
    {
      "Target": "Parameter",
      "Id": "LegR_Roll",
      "Segments": [
        0,
        0,
        2,
        0.333,
        0,
        1,
        0.555,
        0,
        0.778,
        -0.42,
        1,
        -0.7,
        1,
        1.222,
        -0.98,
        1.445,
        -1,
        1.667,
        -1
      ]
    },
    {
      "Target": "Parameter",
      "Id": "Param7",
      "Segments": [
        0,
        0,
        0,
        0.667,
        12,
        0,
        1.667,
        -8.561
      ]
    },
    {
      "Target": "Parameter",
      "Id": "LegL_Roll",
      "Segments": [
        0,
        0,
        2,
        0.333,
        0,
        1,
        0.555,
        0,
        0.778,
        18.767,
        1,
        20,
        1,
        1.222,
        21.233,
        1.445,
        21,
        1.667,
        21
      ]
    },
    {
      "Target": "Parameter",
      "Id": "Skirt_Shaking",
      "Segments": [
        0,
        0,
        0,
        0.6,
        -9,
        0,
        1.667,
        -1
      ]
    },
    {
      "Target": "Parameter",
      "Id": "Param6",
      "Segments": [
        0,
        0,
        0,
        0.5,
        11,
        1,
        0.889,
        11,
        1.278,
        -13.418,
        1.667,
        -11.4
      ]
    },
    {
      "Target": "PartOpacity",
      "Id": "Part11",
      "Segments": [
        0,
        1,
        2,
        1.17,
        1,
        2,
        1.67,
        1
      ]
    },
    {
      "Target": "PartOpacity",
      "Id": "Part",
      "Segments": [
        0,
        1,
        2,
        1.17,
        1,
        2,
        1.67,
        1
      ]
    },
    {
      "Target": "PartOpacity",
      "Id": "Part2",
      "Segments": [
        0,
        1,
        2,
        1.17,
        1,
        2,
        1.67,
        1
      ]
    },
    {
      "Target": "PartOpacity",
      "Id": "Part3",
      "Segments": [
        0,
        1,
        2,
        1.17,
        1,
        2,
        1.67,
        1
      ]
    },
    {
      "Target": "PartOpacity",
      "Id": "Part4",
      "Segments": [
        0,
        1,
        2,
        1.17,
        1,
        2,
        1.67,
        1
      ]
    },
    {
      "Target": "PartOpacity",
      "Id": "Part5",
      "Segments": [
        0,
        1,
        2,
        1.17,
        1,
        2,
        1.67,
        1
      ]
    },
    {
      "Target": "PartOpacity",
      "Id": "Part17",
      "Segments": [
        0,
        1,
        2,
        1.17,
        1,
        2,
        1.67,
        1
      ]
    },
    {
      "Target": "PartOpacity",
      "Id": "Part36",
      "Segments": [
        0,
        1,
        2,
        1.67,
        1
      ]
    },
    {
      "Target": "PartOpacity",
      "Id": "Part6",
      "Segments": [
        0,
        1,
        2,
        1.17,
        1,
        2,
        1.67,
        1
      ]
    },
    {
      "Target": "PartOpacity",
      "Id": "Part15",
      "Segments": [
        0,
        0,
        2,
        0.27,
        0,
        1,
        0.303,
        0,
        0.337,
        0.87,
        0.37,
        0.96,
        1,
        0.39,
        1.02,
        0.41,
        1,
        0.43,
        1,
        2,
        1.67,
        1
      ]
    },
    {
      "Target": "PartOpacity",
      "Id": "Part7",
      "Segments": [
        0,
        1,
        2,
        1.17,
        1,
        2,
        1.67,
        1
      ]
    },
    {
      "Target": "PartOpacity",
      "Id": "Part43",
      "Segments": [
        0,
        1,
        2,
        1.67,
        1
      ]
    },
    {
      "Target": "PartOpacity",
      "Id": "Part26",
      "Segments": [
        0,
        1,
        2,
        1.17,
        1,
        2,
        1.67,
        1
      ]
    },
    {
      "Target": "PartOpacity",
      "Id": "Part20",
      "Segments": [
        0,
        1,
        2,
        1.67,
        1
      ]
    },
    {
      "Target": "PartOpacity",
      "Id": "Part18",
      "Segments": [
        0,
        0,
        2,
        1.17,
        0,
        2,
        1.67,
        0
      ]
    },
    {
      "Target": "PartOpacity",
      "Id": "Part21",
      "Segments": [
        0,
        0,
        2,
        0.47,
        0,
        0,
        0.57,
        1,
        2,
        1.67,
        1
      ]
    },
    {
      "Target": "PartOpacity",
      "Id": "Part16",
      "Segments": [
        0,
        1,
        2,
        0.57,
        0,
        2,
        1.67,
        0
      ]
    },
    {
      "Target": "PartOpacity",
      "Id": "Part34",
      "Segments": [
        0,
        0,
        2,
        1.67,
        0
      ]
    },
    {
      "Target": "PartOpacity",
      "Id": "Part8",
      "Segments": [
        0,
        1,
        2,
        1.17,
        1,
        2,
        1.67,
        1
      ]
    },
    {
      "Target": "PartOpacity",
      "Id": "Part9",
      "Segments": [
        0,
        1,
        2,
        1.17,
        1,
        2,
        1.67,
        1
      ]
    },
    {
      "Target": "PartOpacity",
      "Id": "Part52",
      "Segments": [
        0,
        1,
        2,
        1.67,
        1
      ]
    },
    {
      "Target": "PartOpacity",
      "Id": "Part22",
      "Segments": [
        0,
        1,
        2,
        1.67,
        1
      ]
    },
    {
      "Target": "PartOpacity",
      "Id": "Part14",
      "Segments": [
        0,
        1,
        2,
        0.43,
        0,
        2,
        1.67,
        0
      ]
    },
    {
      "Target": "PartOpacity",
      "Id": "Part33",
      "Segments": [
        0,
        0,
        2,
        1.67,
        0
      ]
    },
    {
      "Target": "PartOpacity",
      "Id": "Part23",
      "Segments": [
        0,
        1,
        2,
        1.67,
        1
      ]
    },
    {
      "Target": "PartOpacity",
      "Id": "Part12",
      "Segments": [
        0,
        0,
        2,
        0.53,
        0,
        0,
        0.63,
        1,
        2,
        1.67,
        1
      ]
    },
    {
      "Target": "PartOpacity",
      "Id": "Part48",
      "Segments": [
        0,
        1,
        2,
        1.67,
        1
      ]
    },
    {
      "Target": "PartOpacity",
      "Id": "Part30",
      "Segments": [
        0,
        0,
        2,
        0.23,
        0,
        1,
        0.253,
        0.333,
        0.277,
        0.667,
        0.3,
        1,
        2,
        0.63,
        1,
        0,
        0.67,
        0,
        2,
        1.67,
        0
      ]
    },
    {
      "Target": "PartOpacity",
      "Id": "Part49",
      "Segments": [
        0,
        1,
        2,
        1.67,
        1
      ]
    },
    {
      "Target": "PartOpacity",
      "Id": "Part32",
      "Segments": [
        0,
        1,
        2,
        0.23,
        1,
        0,
        0.27,
        0.11,
        1,
        0.28,
        0.11,
        0.29,
        0.1,
        0.3,
        0.18,
        1,
        0.31,
        0.26,
        0.32,
        1,
        0.33,
        1,
        2,
        0.37,
        1,
        2,
        1.67,
        1
      ]
    },
    {
      "Target": "PartOpacity",
      "Id": "Part24",
      "Segments": [
        0,
        1,
        2,
        0.33,
        1,
        0,
        0.43,
        0,
        2,
        1.67,
        0
      ]
    },
    {
      "Target": "PartOpacity",
      "Id": "Part19",
      "Segments": [
        0,
        0,
        2,
        1.67,
        0
      ]
    },
    {
      "Target": "PartOpacity",
      "Id": "Part31",
      "Segments": [
        0,
        1,
        2,
        1.67,
        1
      ]
    },
    {
      "Target": "PartOpacity",
      "Id": "Part13",
      "Segments": [
        0,
        1,
        2,
        1.67,
        1
      ]
    },
    {
      "Target": "PartOpacity",
      "Id": "Part51",
      "Segments": [
        0,
        1,
        2,
        1.67,
        1
      ]
    },
    {
      "Target": "PartOpacity",
      "Id": "Part29",
      "Segments": [
        0,
        1,
        2,
        1.67,
        1
      ]
    },
    {
      "Target": "PartOpacity",
      "Id": "Part27",
      "Segments": [
        0,
        0,
        2,
        0.5,
        0,
        0,
        0.7,
        1,
        2,
        1.03,
        1,
        0,
        1.3,
        0,
        2,
        1.67,
        0
      ]
    },
    {
      "Target": "PartOpacity",
      "Id": "Part28",
      "Segments": [
        0,
        1,
        2,
        1.67,
        1
      ]
    },
    {
      "Target": "PartOpacity",
      "Id": "Part10",
      "Segments": [
        0,
        1,
        2,
        1.17,
        1,
        2,
        1.67,
        1
      ]
    },
    {
      "Target": "Model",
      "Id": "Opacity",
      "Segments": [
        0,
        1,
        0,
        1.67,
        1
      ]
    },
    {
      "Target": "Parameter",
      "Id": "All_Position",
      "Segments": [
        0,
        0,
        0,
        1.67,
        0
      ]
    },
    {
      "Target": "Parameter",
      "Id": "HeadY",
      "Segments": [
        0,
        0,
        0,
        1.67,
        0
      ]
    },
    {
      "Target": "Parameter",
      "Id": "BrowRX",
      "Segments": [
        0,
        0,
        0,
        1.67,
        0
      ]
    },
    {
      "Target": "Parameter",
      "Id": "BrowRY",
      "Segments": [
        0,
        0,
        0,
        1.67,
        0
      ]
    },
    {
      "Target": "Parameter",
      "Id": "BrowLX",
      "Segments": [
        0,
        0,
        0,
        1.67,
        0
      ]
    },
    {
      "Target": "Parameter",
      "Id": "BrowLY",
      "Segments": [
        0,
        0,
        0,
        1.67,
        0
      ]
    },
    {
      "Target": "Parameter",
      "Id": "BrowRAngle",
      "Segments": [
        0,
        0,
        0,
        1.67,
        0
      ]
    },
    {
      "Target": "Parameter",
      "Id": "BrowLAngle",
      "Segments": [
        0,
        0,
        0,
        1.67,
        0
      ]
    },
    {
      "Target": "Parameter",
      "Id": "EyeR_Open",
      "Segments": [
        0,
        1,
        0,
        1.67,
        1
      ]
    },
    {
      "Target": "Parameter",
      "Id": "EyeR_Smile",
      "Segments": [
        0,
        0,
        0,
        1.67,
        0
      ]
    },
    {
      "Target": "Parameter",
      "Id": "EyeL_Open",
      "Segments": [
        0,
        1,
        0,
        1.67,
        1
      ]
    },
    {
      "Target": "Parameter",
      "Id": "EyeL_Smile",
      "Segments": [
        0,
        0,
        0,
        1.67,
        0
      ]
    },
    {
      "Target": "Parameter",
      "Id": "EyeBallX",
      "Segments": [
        0,
        0,
        0,
        1.67,
        0
      ]
    },
    {
      "Target": "Parameter",
      "Id": "Mouth_Open",
      "Segments": [
        0,
        1,
        0,
        1.67,
        1
      ]
    },
    {
      "Target": "Parameter",
      "Id": "Mouth_Size",
      "Segments": [
        0,
        1,
        0,
        1.67,
        1
      ]
    },
    {
      "Target": "Parameter",
      "Id": "Mouth_PositionX",
      "Segments": [
        0,
        0,
        0,
        1.67,
        0
      ]
    },
    {
      "Target": "Parameter",
      "Id": "Mouth_PositionY",
      "Segments": [
        0,
        0,
        0,
        1.67,
        0
      ]
    },
    {
      "Target": "Parameter",
      "Id": "ElbowR_Weight",
      "Segments": [
        0,
        0,
        0,
        1.67,
        0
      ]
    },
    {
      "Target": "Parameter",
      "Id": "Param4",
      "Segments": [
        0,
        0,
        0,
        1.67,
        0
      ]
    },
    {
      "Target": "Parameter",
      "Id": "Param3",
      "Segments": [
        0,
        0,
        0,
        1.67,
        0
      ]
    },
    {
      "Target": "Parameter",
      "Id": "HandL_Pose1_Hold",
      "Segments": [
        0,
        0,
        0,
        1.67,
        0
      ]
    },
    {
      "Target": "Parameter",
      "Id": "HandL_Pose1_Weight",
      "Segments": [
        0,
        0,
        0,
        1.67,
        0
      ]
    },
    {
      "Target": "Parameter",
      "Id": "Lowerbody_Roll",
      "Segments": [
        0,
        0,
        0,
        1.67,
        0
      ]
    }
  ],
  "UserData": [
    {
      "Time": 0.0,
      "Value": ""
    }
  ]
}