{
  "Version": 3,
  "Meta": {
    "Duration": 1.67,
    "Fps": 30.0,
    "Loop": true,
    "AreBeziersRestricted": true,
    "CurveCount": 106,
    "TotalSegmentCount": 222,
    "TotalPointCount": 332,
    "UserDataCount": 1,
    "TotalUserDataSize": 0
  },
  "Curves": [
    {
      "Target": "Parameter",
      "Id": "Breath",
      "Segments": [
        0,
        0,
        0,
        0.7,
        0.5,
        1,
        1.022,
        0.5,
        1.345,
        0.29,
        1.667,
        0.138
      ]
    },
    {
      "Target": "Parameter",
      "Id": "Body_Shaking",
      "Segments": [
        0,
        0,
        0,
        0.4,
        4.745,
        1,
        0.644,
        4.745,
        0.889,
        -2.668,
        1.133,
        -14,
        1,
        1.311,
        -22.241,
        1.489,
        -25,
        1.667,
        -25
      ]
    },
    {
      "Target": "Parameter",
      "Id": "BodyY",
      "Segments": [
        0,
        0,
        0,
        0.133,
        -1,
        0,
        0.7,
        3,
        0,
        1.233,
        -3,
        0,
        1.667,
        0
      ]
    },
    {
      "Target": "Parameter",
      "Id": "Body_Twist",
      "Segments": [
        0,
        0,
        0,
        0.533,
        20,
        1,
        0.733,
        20,
        0.933,
        0.443,
        1.133,
        -1,
        1,
        1.311,
        -2.282,
        1.489,
        -2,
        1.667,
        -2
      ]
    },
    {
      "Target": "Parameter",
      "Id": "Body_Pose1",
      "Segments": [
        0,
        0,
        0,
        0.567,
        10,
        1,
        0.756,
        10,
        0.944,
        6.739,
        1.133,
        2,
        1,
        1.311,
        -2.461,
        1.489,
        -4,
        1.667,
        -4
      ]
    },
    {
      "Target": "Parameter",
      "Id": "Waist_Roll",
      "Segments": [
        0,
        0,
        0,
        0.7,
        3.66,
        1,
        0.844,
        3.66,
        0.989,
        2.409,
        1.133,
        2,
        1,
        1.311,
        1.497,
        1.489,
        1.139,
        1.667,
        1
      ]
    },
    {
      "Target": "Parameter",
      "Id": "Tie_Shaking",
      "Segments": [
        0,
        0,
        0,
        0.6,
        -5,
        1,
        0.956,
        -5,
        1.311,
        -3.565,
        1.667,
        -0.7
      ]
    },
    {
      "Target": "Parameter",
      "Id": "Head_AngleX",
      "Segments": [
        0,
        0,
        1,
        0.156,
        0,
        0.311,
        3.615,
        0.467,
        6,
        1,
        0.867,
        12.132,
        1.267,
        14,
        1.667,
        14
      ]
    },
    {
      "Target": "Parameter",
      "Id": "Head_AngleY",
      "Segments": [
        0,
        0,
        0,
        0.467,
        4,
        0,
        1.667,
        -6
      ]
    },
    {
      "Target": "Parameter",
      "Id": "Head_Roll",
      "Segments": [
        0,
        0,
        1,
        0.189,
        0,
        0.378,
        -0.716,
        0.567,
        -3,
        1,
        0.756,
        -5.284,
        0.944,
        -9.138,
        1.133,
        -11,
        1,
        1.311,
        -12.752,
        1.489,
        -13,
        1.667,
        -13
      ]
    },
    {
      "Target": "Parameter",
      "Id": "HeadY",
      "Segments": [
        0,
        0,
        2,
        0.567,
        0,
        1,
        0.756,
        0,
        0.944,
        -5.761,
        1.133,
        -7,
        1,
        1.311,
        -8.166,
        1.489,
        -8,
        1.667,
        -8
      ]
    },
    {
      "Target": "Parameter",
      "Id": "Earrings_Shaking",
      "Segments": [
        0,
        0,
        0,
        0.567,
        -11.858,
        0,
        1.2,
        6.053,
        1,
        1.356,
        6.053,
        1.511,
        3.068,
        1.667,
        -3.869
      ]
    },
    {
      "Target": "Parameter",
      "Id": "BrowRY",
      "Segments": [
        0,
        0,
        0,
        0.5,
        -0.3,
        2,
        1.667,
        -0.3
      ]
    },
    {
      "Target": "Parameter",
      "Id": "BrowLX",
      "Segments": [
        0,
        0,
        0,
        0.5,
        -0.1,
        2,
        1.667,
        -0.1
      ]
    },
    {
      "Target": "Parameter",
      "Id": "BrowLY",
      "Segments": [
        0,
        0,
        0,
        0.5,
        -0.7,
        2,
        1.667,
        -0.7
      ]
    },
    {
      "Target": "Parameter",
      "Id": "BrowRAngle",
      "Segments": [
        0,
        0,
        0,
        0.5,
        -1,
        2,
        1.667,
        -1
      ]
    },
    {
      "Target": "Parameter",
      "Id": "BrowLAngle",
      "Segments": [
        0,
        0,
        0,
        0.5,
        -0.1,
        2,
        1.667,
        -0.1
      ]
    },
    {
      "Target": "Parameter",
      "Id": "BrowR_Form",
      "Segments": [
        0,
        0,
        0,
        0.5,
        -0.8,
        2,
        1.667,
        -0.8
      ]
    },
    {
      "Target": "Parameter",
      "Id": "BrowL_Form",
      "Segments": [
        0,
        0,
        0,
        0.5,
        -0.5,
        2,
        1.667,
        -0.5
      ]
    },
    {
      "Target": "Parameter",
      "Id": "Mouth_Form",
      "Segments": [
        0,
        0,
        0,
        0.567,
        -1,
        2,
        1.667,
        -1
      ]
    },
    {
      "Target": "Parameter",
      "Id": "HairFront_Shaking",
      "Segments": [
        0,
        0,
        0,
        0.733,
        0.6,
        1,
        1.044,
        0.6,
        1.356,
        0.396,
        1.667,
        0.1
      ]
    },
    {
      "Target": "Parameter",
      "Id": "HairBack_Shaking",
      "Segments": [
        0,
        0,
        0,
        0.767,
        0.7,
        1,
        1.067,
        0.7,
        1.367,
        0.572,
        1.667,
        0.3
      ]
    },
    {
      "Target": "Parameter",
      "Id": "Param5",
      "Segments": [
        0,
        0,
        0,
        0.833,
        0.1,
        1,
        1.111,
        0.1,
        1.389,
        -0.072,
        1.667,
        -0.205
      ]
    },
    {
      "Target": "Parameter",
      "Id": "ShoulderRY",
      "Segments": [
        0,
        0,
        1,
        0.222,
        0,
        0.445,
        -8.656,
        0.667,
        -12,
        1,
        0.822,
        -14.341,
        0.978,
        -14.761,
        1.133,
        -16,
        1,
        1.311,
        -17.416,
        1.489,
        -18,
        1.667,
        -18
      ]
    },
    {
      "Target": "Parameter",
      "Id": "ShoulderR_Roll",
      "Segments": [
        0,
        2,
        0,
        0.333,
        -12,
        0,
        1.133,
        -4,
        2,
        1.667,
        -4
      ]
    },
    {
      "Target": "Parameter",
      "Id": "ShoulderR_Scale",
      "Segments": [
        0,
        0,
        2,
        0.333,
        0,
        0,
        1.133,
        -13,
        2,
        1.667,
        -13
      ]
    },
    {
      "Target": "Parameter",
      "Id": "ArmR_Roll",
      "Segments": [
        0,
        -0.5,
        1,
        0.1,
        -0.5,
        0.2,
        1.971,
        0.3,
        8.3,
        1,
        0.511,
        21.662,
        0.722,
        48.963,
        0.933,
        49.973,
        1,
        1.044,
        50.504,
        1.156,
        50.273,
        1.267,
        50.273,
        2,
        1.667,
        50.273
      ]
    },
    {
      "Target": "Parameter",
      "Id": "ArmR_Scale",
      "Segments": [
        0,
        0,
        2,
        0.333,
        0,
        1,
        0.6,
        0,
        0.866,
        -26.8,
        1.133,
        -29,
        1,
        1.311,
        -30.467,
        1.489,
        -30,
        1.667,
        -30
      ]
    },
    {
      "Target": "Parameter",
      "Id": "HandR_Roll",
      "Segments": [
        0,
        0,
        1,
        0.378,
        0,
        0.755,
        -0.198,
        1.133,
        -1,
        1,
        1.311,
        -1.378,
        1.489,
        -2,
        1.667,
        -2
      ]
    },
    {
      "Target": "Parameter",
      "Id": "ArmR_Back",
      "Segments": [
        0,
        0,
        2,
        0.333,
        0,
        0,
        1.033,
        -17,
        2,
        1.667,
        -17
      ]
    },
    {
      "Target": "Parameter",
      "Id": "ElbowR_Weight",
      "Segments": [
        0,
        0,
        2,
        0.5,
        0,
        1,
        0.567,
        0,
        0.633,
        -12.701,
        0.7,
        -18,
        1,
        0.8,
        -25.949,
        0.9,
        -27,
        1,
        -27,
        2,
        1.667,
        -27
      ]
    },
    {
      "Target": "Parameter",
      "Id": "Param",
      "Segments": [
        0,
        -30,
        2,
        0.667,
        0,
        2,
        1.667,
        0
      ]
    },
    {
      "Target": "Parameter",
      "Id": "ShoulderLY",
      "Segments": [
        0,
        0,
        1,
        0.211,
        0,
        0.422,
        5.427,
        0.633,
        10,
        1,
        0.8,
        13.61,
        0.966,
        17.782,
        1.133,
        17.9,
        1,
        1.311,
        18.026,
        1.489,
        18,
        1.667,
        18
      ]
    },
    {
      "Target": "Parameter",
      "Id": "ShoulderL_Roll",
      "Segments": [
        0,
        1,
        0,
        0.3,
        6,
        1,
        0.522,
        6,
        0.745,
        -8.517,
        0.967,
        -8.7,
        1,
        1.2,
        -8.893,
        1.434,
        -8.941,
        1.667,
        -9
      ]
    },
    {
      "Target": "Parameter",
      "Id": "ArmL_Roll",
      "Segments": [
        0,
        -2.5,
        0,
        0.7,
        -47.006,
        1,
        0.822,
        -47.006,
        0.945,
        -44.09,
        1.067,
        -43.766,
        1,
        1.267,
        -43.236,
        1.467,
        -43.24,
        1.667,
        -43.24
      ]
    },
    {
      "Target": "Parameter",
      "Id": "ArmL_Scale",
      "Segments": [
        0,
        0,
        2,
        0.233,
        0,
        0,
        0.433,
        -10.958,
        0,
        0.733,
        -6.958,
        1,
        0.866,
        -6.958,
        1,
        -10.197,
        1.133,
        -10.958,
        1,
        1.311,
        -11.971,
        1.489,
        -11.958,
        1.667,
        -11.958
      ]
    },
    {
      "Target": "Parameter",
      "Id": "HandL_Roll",
      "Segments": [
        0,
        0,
        1,
        0.244,
        0,
        0.489,
        0.547,
        0.733,
        3,
        1,
        0.844,
        4.115,
        0.956,
        9.682,
        1.067,
        9.935,
        1,
        1.267,
        10.392,
        1.467,
        10.395,
        1.667,
        10.395
      ]
    },
    {
      "Target": "Parameter",
      "Id": "Param4",
      "Segments": [
        0,
        0,
        2,
        0.567,
        0,
        0,
        1.2,
        -28,
        2,
        1.667,
        -28
      ]
    },
    {
      "Target": "Parameter",
      "Id": "HandL_Pose1_Hold",
      "Segments": [
        0,
        0,
        2,
        0.567,
        0,
        0,
        1.2,
        -23,
        2,
        1.667,
        -23
      ]
    },
    {
      "Target": "Parameter",
      "Id": "HandL_Pose1_Weight",
      "Segments": [
        0,
        0,
        2,
        0.433,
        0,
        1,
        0.689,
        0,
        0.944,
        -17.571,
        1.2,
        -20,
        1,
        1.356,
        -21.479,
        1.511,
        -21,
        1.667,
        -21
      ]
    },
    {
      "Target": "Parameter",
      "Id": "Param2",
      "Segments": [
        0,
        30,
        2,
        0.367,
        30,
        0,
        0.433,
        3,
        1,
        0.444,
        3,
        0.456,
        8.116,
        0.467,
        9,
        1,
        0.489,
        10.769,
        0.511,
        11,
        0.533,
        11,
        0,
        0.633,
        0,
        2,
        1.667,
        0
      ]
    },
    {
      "Target": "Parameter",
      "Id": "Param8",
      "Segments": [
        0,
        0,
        0,
        0.633,
        6.724,
        1,
        0.8,
        6.724,
        0.966,
        6.805,
        1.133,
        0,
        1,
        1.311,
        -7.259,
        1.489,
        -21.366,
        1.667,
        -24.412
      ]
    },
    {
      "Target": "Parameter",
      "Id": "LegR_Roll",
      "Segments": [
        0,
        0,
        0,
        0.967,
        -5,
        2,
        1.667,
        -5
      ]
    },
    {
      "Target": "Parameter",
      "Id": "Param7",
      "Segments": [
        0,
        0,
        0,
        0.067,
        0.238,
        0,
        0.633,
        -5.873,
        0,
        1.333,
        4.367,
        1,
        1.444,
        4.367,
        1.556,
        2.135,
        1.667,
        -0.245
      ]
    },
    {
      "Target": "Parameter",
      "Id": "LegL_Roll",
      "Segments": [
        0,
        0,
        0,
        1.133,
        13,
        2,
        1.667,
        13
      ]
    },
    {
      "Target": "Parameter",
      "Id": "Skirt_Shaking",
      "Segments": [
        0,
        0,
        0,
        0.467,
        -6,
        0,
        1.667,
        9
      ]
    },
    {
      "Target": "Parameter",
      "Id": "Param6",
      "Segments": [
        0,
        0,
        1,
        0.2,
        -10.788,
        0.4,
        -11,
        0.6,
        -11,
        0,
        1.567,
        9.94,
        2,
        1.667,
        9.94
      ]
    },
    {
      "Target": "PartOpacity",
      "Id": "Part11",
      "Segments": [
        0,
        1,
        2,
        1.13,
        1,
        2,
        1.67,
        1
      ]
    },
    {
      "Target": "PartOpacity",
      "Id": "Part",
      "Segments": [
        0,
        1,
        2,
        1.13,
        1,
        2,
        1.67,
        1
      ]
    },
    {
      "Target": "PartOpacity",
      "Id": "Part2",
      "Segments": [
        0,
        1,
        2,
        1.13,
        1,
        2,
        1.67,
        1
      ]
    },
    {
      "Target": "PartOpacity",
      "Id": "Part3",
      "Segments": [
        0,
        1,
        2,
        1.13,
        1,
        2,
        1.67,
        1
      ]
    },
    {
      "Target": "PartOpacity",
      "Id": "Part4",
      "Segments": [
        0,
        1,
        2,
        1.13,
        1,
        2,
        1.67,
        1
      ]
    },
    {
      "Target": "PartOpacity",
      "Id": "Part5",
      "Segments": [
        0,
        1,
        2,
        1.13,
        1,
        2,
        1.67,
        1
      ]
    },
    {
      "Target": "PartOpacity",
      "Id": "Part17",
      "Segments": [
        0,
        1,
        2,
        1.13,
        1,
        2,
        1.67,
        1
      ]
    },
    {
      "Target": "PartOpacity",
      "Id": "Part36",
      "Segments": [
        0,
        1,
        2,
        1.67,
        1
      ]
    },
    {
      "Target": "PartOpacity",
      "Id": "Part6",
      "Segments": [
        0,
        1,
        2,
        1.13,
        1,
        2,
        1.67,
        1
      ]
    },
    {
      "Target": "PartOpacity",
      "Id": "Part15",
      "Segments": [
        0,
        0,
        2,
        0.3,
        0,
        0,
        0.43,
        1,
        2,
        1.67,
        1
      ]
    },
    {
      "Target": "PartOpacity",
      "Id": "Part7",
      "Segments": [
        0,
        1,
        2,
        1.13,
        1,
        2,
        1.67,
        1
      ]
    },
    {
      "Target": "PartOpacity",
      "Id": "Part43",
      "Segments": [
        0,
        1,
        2,
        1.67,
        1
      ]
    },
    {
      "Target": "PartOpacity",
      "Id": "Part26",
      "Segments": [
        0,
        1,
        2,
        1.67,
        1
      ]
    },
    {
      "Target": "PartOpacity",
      "Id": "Part20",
      "Segments": [
        0,
        1,
        2,
        1.67,
        1
      ]
    },
    {
      "Target": "PartOpacity",
      "Id": "Part18",
      "Segments": [
        0,
        0,
        2,
        0.47,
        0,
        0,
        0.57,
        1,
        2,
        1.67,
        1
      ]
    },
    {
      "Target": "PartOpacity",
      "Id": "Part21",
      "Segments": [
        0,
        0,
        2,
        1.13,
        0,
        2,
        1.67,
        0
      ]
    },
    {
      "Target": "PartOpacity",
      "Id": "Part16",
      "Segments": [
        0,
        1,
        2,
        0.57,
        0,
        2,
        1.67,
        0
      ]
    },
    {
      "Target": "PartOpacity",
      "Id": "Part34",
      "Segments": [
        0,
        0,
        2,
        1.67,
        0
      ]
    },
    {
      "Target": "PartOpacity",
      "Id": "Part8",
      "Segments": [
        0,
        1,
        2,
        1.13,
        1,
        2,
        1.67,
        1
      ]
    },
    {
      "Target": "PartOpacity",
      "Id": "Part9",
      "Segments": [
        0,
        1,
        2,
        1.17,
        1,
        2,
        1.67,
        1
      ]
    },
    {
      "Target": "PartOpacity",
      "Id": "Part52",
      "Segments": [
        0,
        1,
        2,
        1.67,
        1
      ]
    },
    {
      "Target": "PartOpacity",
      "Id": "Part22",
      "Segments": [
        0,
        1,
        2,
        1.67,
        1
      ]
    },
    {
      "Target": "PartOpacity",
      "Id": "Part14",
      "Segments": [
        0,
        1,
        2,
        0.43,
        0,
        2,
        1.67,
        0
      ]
    },
    {
      "Target": "PartOpacity",
      "Id": "Part33",
      "Segments": [
        0,
        0,
        2,
        1.67,
        0
      ]
    },
    {
      "Target": "PartOpacity",
      "Id": "Part23",
      "Segments": [
        0,
        1,
        2,
        1.67,
        1
      ]
    },
    {
      "Target": "PartOpacity",
      "Id": "Part12",
      "Segments": [
        0,
        0,
        2,
        0.5,
        0,
        1,
        0.543,
        0,
        0.587,
        0.65,
        0.63,
        0.91,
        1,
        0.653,
        1.04,
        0.677,
        1,
        0.7,
        1,
        2,
        1.67,
        1
      ]
    },
    {
      "Target": "PartOpacity",
      "Id": "Part48",
      "Segments": [
        0,
        1,
        2,
        1.67,
        1
      ]
    },
    {
      "Target": "PartOpacity",
      "Id": "Part30",
      "Segments": [
        0,
        0,
        2,
        0.27,
        1,
        2,
        0.33,
        1,
        2,
        0.67,
        1,
        2,
        0.7,
        0,
        2,
        1.67,
        0
      ]
    },
    {
      "Target": "PartOpacity",
      "Id": "Part49",
      "Segments": [
        0,
        1,
        2,
        1.67,
        1
      ]
    },
    {
      "Target": "PartOpacity",
      "Id": "Part32",
      "Segments": [
        0,
        1,
        2,
        1.67,
        1
      ]
    },
    {
      "Target": "PartOpacity",
      "Id": "Part24",
      "Segments": [
        0,
        1,
        2,
        0.3,
        1,
        0,
        0.43,
        0,
        2,
        1.67,
        0
      ]
    },
    {
      "Target": "PartOpacity",
      "Id": "Part19",
      "Segments": [
        0,
        0,
        2,
        1.67,
        0
      ]
    },
    {
      "Target": "PartOpacity",
      "Id": "Part31",
      "Segments": [
        0,
        1,
        2,
        1.67,
        1
      ]
    },
    {
      "Target": "PartOpacity",
      "Id": "Part13",
      "Segments": [
        0,
        1,
        2,
        1.67,
        1
      ]
    },
    {
      "Target": "PartOpacity",
      "Id": "Part51",
      "Segments": [
        0,
        1,
        2,
        1.67,
        1
      ]
    },
    {
      "Target": "PartOpacity",
      "Id": "Part29",
      "Segments": [
        0,
        1,
        2,
        1.67,
        1
      ]
    },
    {
      "Target": "PartOpacity",
      "Id": "Part27",
      "Segments": [
        0,
        0,
        2,
        0.5,
        0,
        0,
        0.7,
        1,
        2,
        1.03,
        1,
        0,
        1.3,
        0,
        2,
        1.67,
        0
      ]
    },
    {
      "Target": "PartOpacity",
      "Id": "Part28",
      "Segments": [
        0,
        1,
        2,
        1.67,
        1
      ]
    },
    {
      "Target": "PartOpacity",
      "Id": "Part10",
      "Segments": [
        0,
        1,
        2,
        1.17,
        1,
        2,
        1.67,
        1
      ]
    },
    {
      "Target": "Model",
      "Id": "Opacity",
      "Segments": [
        0,
        1,
        0,
        1.67,
        1
      ]
    },
    {
      "Target": "Parameter",
      "Id": "All_Position",
      "Segments": [
        0,
        0,
        0,
        1.67,
        0
      ]
    },
    {
      "Target": "Parameter",
      "Id": "BrowRX",
      "Segments": [
        0,
        0,
        0,
        1.67,
        0
      ]
    },
    {
      "Target": "Parameter",
      "Id": "EyeR_Open",
      "Segments": [
        0,
        1,
        0,
        1.67,
        1
      ]
    },
    {
      "Target": "Parameter",
      "Id": "EyeR_Smile",
      "Segments": [
        0,
        0,
        0,
        1.67,
        0
      ]
    },
    {
      "Target": "Parameter",
      "Id": "EyeR_Form",
      "Segments": [
        0,
        0,
        0,
        1.67,
        0
      ]
    },
    {
      "Target": "Parameter",
      "Id": "EyeL_Open",
      "Segments": [
        0,
        1,
        0,
        1.67,
        1
      ]
    },
    {
      "Target": "Parameter",
      "Id": "EyeL_Smile",
      "Segments": [
        0,
        0,
        0,
        1.67,
        0
      ]
    },
    {
      "Target": "Parameter",
      "Id": "EyeL_Form",
      "Segments": [
        0,
        0,
        0,
        1.67,
        0
      ]
    },
    {
      "Target": "Parameter",
      "Id": "EyeBallX",
      "Segments": [
        0,
        0,
        0,
        1.67,
        0
      ]
    },
    {
      "Target": "Parameter",
      "Id": "EyeBallY",
      "Segments": [
        0,
        0,
        0,
        1.67,
        0
      ]
    },
    {
      "Target": "Parameter",
      "Id": "Eyeball_Size",
      "Segments": [
        0,
        0,
        0,
        1.67,
        0
      ]
    },
    {
      "Target": "Parameter",
      "Id": "Mouth_Open",
      "Segments": [
        0,
        1,
        0,
        1.67,
        1
      ]
    },
    {
      "Target": "Parameter",
      "Id": "Mouth_Size",
      "Segments": [
        0,
        1,
        0,
        1.67,
        1
      ]
    },
    {
      "Target": "Parameter",
      "Id": "Mouth_PositionX",
      "Segments": [
        0,
        0,
        0,
        1.67,
        0
      ]
    },
    {
      "Target": "Parameter",
      "Id": "Mouth_PositionY",
      "Segments": [
        0,
        0,
        0,
        1.67,
        0
      ]
    },
    {
      "Target": "Parameter",
      "Id": "ShoulderL_Scale",
      "Segments": [
        0,
        0,
        0,
        1.67,
        0
      ]
    },
    {
      "Target": "Parameter",
      "Id": "Param3",
      "Segments": [
        0,
        0,
        0,
        1.67,
        0
      ]
    },
    {
      "Target": "Parameter",
      "Id": "HandL__Pose2_Weight",
      "Segments": [
        0,
        0,
        0,
        1.67,
        0
      ]
    },
    {
      "Target": "Parameter",
      "Id": "Lowerbody_Roll",
      "Segments": [
        0,
        0,
        0,
        1.67,
        0
      ]
    }
  ],
  "UserData": [
    {
      "Time": 0.0,
      "Value": ""
    }
  ]
}