{
  "Version": 3,
  "Meta": {
    "Duration": 8.0,
    "Fps": 30.0,
    "Loop": true,
    "AreBeziersRestricted": true,
    "CurveCount": 60,
    "TotalSegmentCount": 120,
    "TotalPointCount": 180,
    "UserDataCount": 1,
    "TotalUserDataSize": 0
  },
  "Curves": [
    {
      "Target": "Parameter",
      "Id": "Param35",
      "Segments": [
        0,
        16.6,
        0,
        2.533,
        -26,
        1,
        4.011,
        -26,
        5.489,
        8.932,
        6.967,
        16,
        1,
        7.311,
        17.647,
        7.656,
        16.6,
        8,
        16.6
      ]
    },
    {
      "Target": "Parameter",
      "Id": "Param33",
      "Segments": [
        0,
        11.2,
        0,
        2.1,
        -10,
        0,
        4.333,
        22,
        0,
        7,
        5,
        0,
        8,
        11.2
      ]
    },
    {
      "Target": "Parameter",
      "Id": "Param34",
      "Segments": [
        0,
        -4.2,
        0,
        2.1,
        -9,
        1,
        2.844,
        -9,
        3.589,
        -7.867,
        4.333,
        -4,
        1,
        5.222,
        0.617,
        6.111,
        4,
        7,
        4,
        0,
        8,
        -4.2
      ]
    },
    {
      "Target": "Parameter",
      "Id": "Param24",
      "Segments": [
        0,
        21.7,
        0,
        1.733,
        0,
        0,
        8,
        21.7
      ]
    },
    {
      "Target": "Parameter",
      "Id": "Param27",
      "Segments": [
        0,
        -6.5,
        0,
        4.8,
        0,
        0,
        8,
        -6.5
      ]
    },
    {
      "Target": "Parameter",
      "Id": "Param38",
      "Segments": [
        0,
        10,
        0,
        0.433,
        4,
        0,
        1.533,
        9,
        1,
        1.644,
        9,
        1.756,
        8.295,
        1.867,
        7,
        1,
        1.956,
        5.964,
        2.044,
        4.799,
        2.133,
        4,
        1,
        2.222,
        3.201,
        2.311,
        3.372,
        2.4,
        2,
        1,
        2.578,
        -0.744,
        2.755,
        -15.873,
        2.933,
        -18,
        1,
        3.044,
        -19.329,
        3.156,
        -19.172,
        3.267,
        -20,
        1,
        3.3,
        -20.249,
        3.334,
        -23,
        3.367,
        -23,
        0,
        3.567,
        -22,
        0,
        3.933,
        -25,
        1,
        4.266,
        -25,
        4.6,
        -7.406,
        4.933,
        -1,
        1,
        5.255,
        5.193,
        5.578,
        5,
        5.9,
        5,
        0,
        7.067,
        2,
        0,
        8,
        10
      ]
    },
    {
      "Target": "Parameter",
      "Id": "Param30",
      "Segments": [
        0,
        -20,
        0,
        2.433,
        -19.38,
        1,
        3.844,
        -19.38,
        5.256,
        -19.417,
        6.667,
        -19.6,
        1,
        7.111,
        -19.658,
        7.556,
        -20,
        8,
        -20
      ]
    },
    {
      "Target": "Parameter",
      "Id": "Param13",
      "Segments": [
        0,
        14,
        0,
        6.533,
        19,
        0,
        8,
        14
      ]
    },
    {
      "Target": "Parameter",
      "Id": "Param36",
      "Segments": [
        0,
        0,
        2,
        1.433,
        0,
        2,
        3.567,
        0,
        0,
        6.367,
        -19,
        0,
        8,
        0
      ]
    },
    {
      "Target": "Parameter",
      "Id": "ParamHairFront",
      "Segments": [
        0,
        1,
        0,
        1,
        0.4,
        0,
        2.367,
        -1,
        2,
        3.233,
        -1,
        0,
        4.167,
        -0.2,
        0,
        6.733,
        0.9,
        1,
        7.155,
        1.016,
        7.578,
        1,
        8,
        1
      ]
    },
    {
      "Target": "Parameter",
      "Id": "Param17",
      "Segments": [
        0,
        16.9,
        1,
        0.033,
        17.348,
        0.067,
        17,
        0.1,
        17,
        0,
        2.167,
        -8,
        0,
        3.8,
        4,
        0,
        6.2,
        1,
        0,
        8,
        16.9
      ]
    },
    {
      "Target": "Parameter",
      "Id": "Param18",
      "Segments": [
        0,
        4.5,
        1,
        0.333,
        4.5,
        0.667,
        1.977,
        1,
        -3.1,
        1,
        1.389,
        -9.023,
        1.778,
        -12,
        2.167,
        -12,
        0,
        3.933,
        0,
        0,
        6.7,
        -11,
        0,
        8,
        4.5
      ]
    },
    {
      "Target": "Parameter",
      "Id": "Param10",
      "Segments": [
        0,
        23.4,
        1,
        1.522,
        10.04,
        3.045,
        4,
        4.567,
        4,
        0,
        8,
        23.4
      ]
    },
    {
      "Target": "Parameter",
      "Id": "Param26",
      "Segments": [
        0,
        -23.6,
        1,
        0.078,
        -23.6,
        0.155,
        -23.61,
        0.233,
        -23.4,
        1,
        0.289,
        -23.25,
        0.344,
        -22.18,
        0.4,
        -21,
        1,
        1.344,
        -0.934,
        2.289,
        10,
        3.233,
        10,
        1,
        4.455,
        10,
        5.678,
        6.967,
        6.9,
        -5.106,
        1,
        7.267,
        -8.728,
        7.633,
        -23.6,
        8,
        -23.6
      ]
    },
    {
      "Target": "Parameter",
      "Id": "Param8",
      "Segments": [
        0,
        28.9,
        0,
        3.233,
        -11,
        1,
        4.333,
        -11,
        5.433,
        -7.372,
        6.533,
        8,
        1,
        7.022,
        14.967,
        7.511,
        21.933,
        8,
        28.9
      ]
    },
    {
      "Target": "Parameter",
      "Id": "Param9",
      "Segments": [
        0,
        29.9,
        1,
        0.022,
        30.451,
        0.045,
        30,
        0.067,
        30,
        0,
        1,
        -8,
        0,
        2.067,
        6,
        0,
        3.267,
        -9,
        0,
        8,
        29.9
      ]
    },
    {
      "Target": "Parameter",
      "Id": "Param14",
      "Segments": [
        0,
        4.6,
        1,
        0.333,
        7.117,
        0.667,
        8.92,
        1,
        8.92,
        0,
        2.3,
        4.123,
        0,
        4.167,
        10,
        1,
        4.956,
        10,
        5.744,
        8.059,
        6.533,
        6,
        1,
        7.022,
        4.724,
        7.511,
        4.6,
        8,
        4.6
      ]
    },
    {
      "Target": "PartOpacity",
      "Id": "Part5",
      "Segments": [
        0,
        0,
        2,
        2,
        0,
        2,
        8,
        0
      ]
    },
    {
      "Target": "PartOpacity",
      "Id": "PartSketch0",
      "Segments": [
        0,
        1,
        2,
        2,
        1,
        2,
        8,
        1
      ]
    },
    {
      "Target": "Parameter",
      "Id": "Param20",
      "Segments": [
        0,
        0,
        0,
        8,
        0
      ]
    },
    {
      "Target": "Parameter",
      "Id": "Param23",
      "Segments": [
        0,
        0,
        0,
        8,
        0
      ]
    },
    {
      "Target": "Parameter",
      "Id": "Param19",
      "Segments": [
        0,
        0,
        0,
        8,
        0
      ]
    },
    {
      "Target": "Parameter",
      "Id": "Param28",
      "Segments": [
        0,
        0,
        0,
        8,
        0
      ]
    },
    {
      "Target": "Parameter",
      "Id": "Param16",
      "Segments": [
        0,
        0,
        0,
        8,
        0
      ]
    },
    {
      "Target": "Parameter",
      "Id": "Param29",
      "Segments": [
        0,
        -10,
        0,
        8,
        -10
      ]
    },
    {
      "Target": "Parameter",
      "Id": "Param37",
      "Segments": [
        0,
        0,
        0,
        8,
        0
      ]
    },
    {
      "Target": "Parameter",
      "Id": "Param21",
      "Segments": [
        0,
        6,
        0,
        8,
        6
      ]
    },
    {
      "Target": "Parameter",
      "Id": "Param31",
      "Segments": [
        0,
        22,
        0,
        8,
        22
      ]
    },
    {
      "Target": "Parameter",
      "Id": "Param11",
      "Segments": [
        0,
        -13,
        0,
        8,
        -13
      ]
    },
    {
      "Target": "Parameter",
      "Id": "Param32",
      "Segments": [
        0,
        29,
        0,
        8,
        29
      ]
    },
    {
      "Target": "Parameter",
      "Id": "Param7",
      "Segments": [
        0,
        30,
        0,
        8,
        30
      ]
    },
    {
      "Target": "Parameter",
      "Id": "Param39",
      "Segments": [
        0,
        0,
        0,
        8,
        0
      ]
    },
    {
      "Target": "Parameter",
      "Id": "Param22",
      "Segments": [
        0,
        0,
        0,
        8,
        0
      ]
    },
    {
      "Target": "Parameter",
      "Id": "Param25",
      "Segments": [
        0,
        0,
        0,
        8,
        0
      ]
    },
    {
      "Target": "Parameter",
      "Id": "ParamEyeBallX",
      "Segments": [
        0,
        0,
        0,
        8,
        0
      ]
    },
    {
      "Target": "Parameter",
      "Id": "ParamEyeBallY",
      "Segments": [
        0,
        0,
        0,
        8,
        0
      ]
    },
    {
      "Target": "Parameter",
      "Id": "EyeL_Open",
      "Segments": [
        0,
        1,
        0,
        8,
        1
      ]
    },
    {
      "Target": "Parameter",
      "Id": "EyeR_Open",
      "Segments": [
        0,
        1,
        0,
        8,
        1
      ]
    },
    {
      "Target": "Parameter",
      "Id": "Param6",
      "Segments": [
        0,
        -0.3,
        0,
        8,
        -0.3
      ]
    },
    {
      "Target": "Parameter",
      "Id": "ParamEyeLSmile",
      "Segments": [
        0,
        0,
        0,
        8,
        0
      ]
    },
    {
      "Target": "Parameter",
      "Id": "ParamEyeRSmile",
      "Segments": [
        0,
        0,
        0,
        8,
        0
      ]
    },
    {
      "Target": "Parameter",
      "Id": "Param",
      "Segments": [
        0,
        1,
        0,
        8,
        1
      ]
    },
    {
      "Target": "Parameter",
      "Id": "Param2",
      "Segments": [
        0,
        1,
        0,
        8,
        1
      ]
    },
    {
      "Target": "Parameter",
      "Id": "ParamBrowLForm",
      "Segments": [
        0,
        -1,
        0,
        8,
        -1
      ]
    },
    {
      "Target": "Parameter",
      "Id": "ParamBrowRForm",
      "Segments": [
        0,
        -1,
        0,
        8,
        -1
      ]
    },
    {
      "Target": "Parameter",
      "Id": "Param4",
      "Segments": [
        0,
        0,
        0,
        8,
        0
      ]
    },
    {
      "Target": "Parameter",
      "Id": "Param5",
      "Segments": [
        0,
        0,
        0,
        8,
        0
      ]
    },
    {
      "Target": "Parameter",
      "Id": "ParamBrowLY",
      "Segments": [
        0,
        -0.1,
        0,
        8,
        -0.1
      ]
    },
    {
      "Target": "Parameter",
      "Id": "ParamBrowRY",
      "Segments": [
        0,
        -0.1,
        0,
        8,
        -0.1
      ]
    },
    {
      "Target": "Parameter",
      "Id": "ParamBrowLAngle",
      "Segments": [
        0,
        0.6,
        0,
        8,
        0.6
      ]
    },
    {
      "Target": "Parameter",
      "Id": "ParamBrowRAngle",
      "Segments": [
        0,
        0.6,
        0,
        8,
        0.6
      ]
    },
    {
      "Target": "Parameter",
      "Id": "Mouth_Size",
      "Segments": [
        0,
        0.6,
        0,
        8,
        0.6
      ]
    },
    {
      "Target": "Parameter",
      "Id": "Mouth_Open",
      "Segments": [
        0,
        1,
        0,
        8,
        1
      ]
    },
    {
      "Target": "Parameter",
      "Id": "ParamMouthForm",
      "Segments": [
        0,
        0,
        0,
        8,
        0
      ]
    },
    {
      "Target": "PartOpacity",
      "Id": "Part22",
      "Segments": [
        0,
        0,
        0,
        8,
        0
      ]
    },
    {
      "Target": "PartOpacity",
      "Id": "Part6",
      "Segments": [
        0,
        1,
        0,
        8,
        1
      ]
    },
    {
      "Target": "PartOpacity",
      "Id": "Part10",
      "Segments": [
        0,
        0,
        0,
        8,
        0
      ]
    },
    {
      "Target": "PartOpacity",
      "Id": "Part18",
      "Segments": [
        0,
        1,
        0,
        8,
        1
      ]
    },
    {
      "Target": "PartOpacity",
      "Id": "Part29",
      "Segments": [
        0,
        1,
        0,
        8,
        1
      ]
    },
    {
      "Target": "PartOpacity",
      "Id": "Part11",
      "Segments": [
        0,
        1,
        0,
        8,
        1
      ]
    }
  ],
  "UserData": [
    {
      "Time": 0.0,
      "Value": ""
    }
  ]
}