{
  "Version": 3,
  "Meta": {
    "Duration": 8.0,
    "Fps": 30.0,
    "Loop": true,
    "AreBeziersRestricted": true,
    "CurveCount": 61,
    "TotalSegmentCount": 113,
    "TotalPointCount": 175,
    "UserDataCount": 1,
    "TotalUserDataSize": 0
  },
  "Curves": [
    {
      "Target": "Parameter",
      "Id": "Param35",
      "Segments": [
        0,
        16.6,
        0,
        2.533,
        -26,
        1,
        4.011,
        -26,
        5.489,
        8.932,
        6.967,
        16,
        1,
        7.311,
        17.647,
        7.656,
        16.6,
        8,
        16.6
      ]
    },
    {
      "Target": "Parameter",
      "Id": "Param33",
      "Segments": [
        0,
        11.2,
        0,
        2.1,
        -10,
        0,
        4.333,
        22,
        0,
        7,
        5,
        0,
        8,
        11.2
      ]
    },
    {
      "Target": "Parameter",
      "Id": "Param34",
      "Segments": [
        0,
        -11,
        1,
        0.7,
        -11,
        1.4,
        -10.444,
        2.1,
        -9,
        1,
        2.844,
        -7.464,
        3.589,
        -6.527,
        4.333,
        -4,
        1,
        5.222,
        -0.983,
        6.111,
        4,
        7,
        4,
        0,
        8,
        -11
      ]
    },
    {
      "Target": "Parameter",
      "Id": "Param24",
      "Segments": [
        0,
        21.7,
        0,
        1.733,
        0,
        0,
        8,
        21.7
      ]
    },
    {
      "Target": "Parameter",
      "Id": "Param27",
      "Segments": [
        0,
        -6.5,
        0,
        4.8,
        0,
        0,
        8,
        -6.5
      ]
    },
    {
      "Target": "Parameter",
      "Id": "Param38",
      "Segments": [
        0,
        4,
        2,
        0.433,
        4,
        1,
        0.855,
        4,
        1.278,
        3.61,
        1.7,
        1,
        1,
        2.289,
        -2.64,
        2.878,
        -6,
        3.467,
        -6,
        1,
        3.878,
        -6,
        4.289,
        -3.661,
        4.7,
        -2,
        1,
        5.489,
        1.188,
        6.278,
        2,
        7.067,
        2,
        2,
        8,
        2
      ]
    },
    {
      "Target": "Parameter",
      "Id": "Param30",
      "Segments": [
        0,
        -14,
        0,
        3.133,
        -16,
        0,
        8,
        -14
      ]
    },
    {
      "Target": "Parameter",
      "Id": "Param31",
      "Segments": [
        0,
        15.657,
        1,
        1.056,
        15.657,
        2.111,
        15.701,
        3.167,
        16,
        1,
        3.556,
        16.11,
        3.944,
        17,
        4.333,
        17,
        0,
        8,
        15.657
      ]
    },
    {
      "Target": "Parameter",
      "Id": "ParamHairFront",
      "Segments": [
        0,
        1,
        0,
        1,
        0.4,
        0,
        2.367,
        -1,
        2,
        3.233,
        -1,
        0,
        4.167,
        -0.2,
        0,
        6.733,
        0.9,
        1,
        7.155,
        1.016,
        7.578,
        1,
        8,
        1
      ]
    },
    {
      "Target": "Parameter",
      "Id": "Param17",
      "Segments": [
        0,
        16.9,
        0,
        0.1,
        17,
        0,
        2.167,
        -8,
        0,
        3.8,
        4,
        0,
        6.2,
        1,
        0,
        8,
        16.9
      ]
    },
    {
      "Target": "Parameter",
      "Id": "Param18",
      "Segments": [
        0,
        4.5,
        1,
        0.333,
        4.5,
        0.667,
        1.977,
        1,
        -3.1,
        1,
        1.389,
        -9.023,
        1.778,
        -12,
        2.167,
        -12,
        0,
        3.933,
        0,
        0,
        6.7,
        -11,
        0,
        8,
        4.5
      ]
    },
    {
      "Target": "Parameter",
      "Id": "Param10",
      "Segments": [
        0,
        23.4,
        0,
        4.567,
        4,
        0,
        8,
        23.4
      ]
    },
    {
      "Target": "Parameter",
      "Id": "Param26",
      "Segments": [
        0,
        -23.6,
        1,
        0.078,
        -23.6,
        0.155,
        -23.61,
        0.233,
        -23.4,
        1,
        0.289,
        -23.25,
        0.344,
        -22.18,
        0.4,
        -21,
        1,
        1.344,
        -0.934,
        2.289,
        10,
        3.233,
        10,
        1,
        4.455,
        10,
        5.678,
        6.967,
        6.9,
        -5.106,
        1,
        7.267,
        -8.728,
        7.633,
        -23.6,
        8,
        -23.6
      ]
    },
    {
      "Target": "Parameter",
      "Id": "Param8",
      "Segments": [
        0,
        28.9,
        0,
        3.233,
        -11,
        1,
        4.333,
        -11,
        5.433,
        -7.372,
        6.533,
        8,
        1,
        7.022,
        14.967,
        7.511,
        21.933,
        8,
        28.9
      ]
    },
    {
      "Target": "Parameter",
      "Id": "Param9",
      "Segments": [
        0,
        29.9,
        0,
        1,
        -8,
        0,
        2.067,
        6,
        0,
        3.267,
        -9,
        0,
        8,
        29.9
      ]
    },
    {
      "Target": "Parameter",
      "Id": "Param14",
      "Segments": [
        0,
        4.6,
        0,
        1,
        8.92,
        0,
        2.3,
        4.123,
        0,
        4.167,
        10,
        1,
        4.956,
        10,
        5.744,
        8.059,
        6.533,
        6,
        1,
        7.022,
        4.724,
        7.511,
        4.6,
        8,
        4.6
      ]
    },
    {
      "Target": "Parameter",
      "Id": "ParamBrowLY",
      "Segments": [
        0,
        -0.1,
        1,
        0.667,
        -0.1,
        1.333,
        -0.023,
        2,
        0.1,
        1,
        2.767,
        0.242,
        3.533,
        0.3,
        4.3,
        0.3,
        1,
        5.222,
        0.3,
        6.145,
        0.286,
        7.067,
        0.2,
        1,
        7.378,
        0.171,
        7.689,
        -0.1,
        8,
        -0.1
      ]
    },
    {
      "Target": "Parameter",
      "Id": "ParamBrowRY",
      "Segments": [
        0,
        -0.1,
        1,
        0.667,
        -0.1,
        1.333,
        0.021,
        2,
        0.1,
        1,
        2.767,
        0.19,
        3.533,
        0.2,
        4.3,
        0.2,
        1,
        5.222,
        0.2,
        6.145,
        0.184,
        7.067,
        0.1,
        1,
        7.378,
        0.072,
        7.689,
        -0.1,
        8,
        -0.1
      ]
    },
    {
      "Target": "Parameter",
      "Id": "Param20",
      "Segments": [
        0,
        0,
        0,
        8,
        0
      ]
    },
    {
      "Target": "Parameter",
      "Id": "Param23",
      "Segments": [
        0,
        0,
        0,
        8,
        0
      ]
    },
    {
      "Target": "Parameter",
      "Id": "Param19",
      "Segments": [
        0,
        0,
        0,
        8,
        0
      ]
    },
    {
      "Target": "Parameter",
      "Id": "Param28",
      "Segments": [
        0,
        0,
        0,
        8,
        0
      ]
    },
    {
      "Target": "Parameter",
      "Id": "Param16",
      "Segments": [
        0,
        0,
        0,
        8,
        0
      ]
    },
    {
      "Target": "Parameter",
      "Id": "Param29",
      "Segments": [
        0,
        -10,
        0,
        8,
        -10
      ]
    },
    {
      "Target": "Parameter",
      "Id": "Param37",
      "Segments": [
        0,
        0,
        0,
        8,
        0
      ]
    },
    {
      "Target": "Parameter",
      "Id": "Param21",
      "Segments": [
        0,
        0,
        0,
        8,
        0
      ]
    },
    {
      "Target": "Parameter",
      "Id": "Param36",
      "Segments": [
        0,
        0,
        0,
        8,
        0
      ]
    },
    {
      "Target": "Parameter",
      "Id": "Param11",
      "Segments": [
        0,
        8,
        0,
        8,
        8
      ]
    },
    {
      "Target": "Parameter",
      "Id": "Param32",
      "Segments": [
        0,
        0,
        0,
        8,
        0
      ]
    },
    {
      "Target": "Parameter",
      "Id": "Param39",
      "Segments": [
        0,
        0,
        0,
        8,
        0
      ]
    },
    {
      "Target": "Parameter",
      "Id": "Param22",
      "Segments": [
        0,
        0,
        0,
        8,
        0
      ]
    },
    {
      "Target": "Parameter",
      "Id": "Param25",
      "Segments": [
        0,
        0,
        0,
        8,
        0
      ]
    },
    {
      "Target": "Parameter",
      "Id": "ParamEyeBallX",
      "Segments": [
        0,
        0,
        0,
        8,
        0
      ]
    },
    {
      "Target": "Parameter",
      "Id": "ParamEyeBallY",
      "Segments": [
        0,
        0.2,
        0,
        8,
        0.2
      ]
    },
    {
      "Target": "Parameter",
      "Id": "EyeL_Open",
      "Segments": [
        0,
        1,
        0,
        8,
        1
      ]
    },
    {
      "Target": "Parameter",
      "Id": "EyeR_Open",
      "Segments": [
        0,
        1,
        0,
        8,
        1
      ]
    },
    {
      "Target": "Parameter",
      "Id": "Param6",
      "Segments": [
        0,
        -0.1,
        0,
        8,
        -0.1
      ]
    },
    {
      "Target": "Parameter",
      "Id": "ParamEyeLSmile",
      "Segments": [
        0,
        1,
        0,
        8,
        1
      ]
    },
    {
      "Target": "Parameter",
      "Id": "ParamEyeRSmile",
      "Segments": [
        0,
        1,
        0,
        8,
        1
      ]
    },
    {
      "Target": "Parameter",
      "Id": "Param",
      "Segments": [
        0,
        1,
        0,
        8,
        1
      ]
    },
    {
      "Target": "Parameter",
      "Id": "Param2",
      "Segments": [
        0,
        1,
        0,
        8,
        1
      ]
    },
    {
      "Target": "Parameter",
      "Id": "ParamBrowLForm",
      "Segments": [
        0,
        -0.9,
        0,
        8,
        -0.9
      ]
    },
    {
      "Target": "Parameter",
      "Id": "ParamBrowRForm",
      "Segments": [
        0,
        -0.8,
        0,
        8,
        -0.8
      ]
    },
    {
      "Target": "Parameter",
      "Id": "Param4",
      "Segments": [
        0,
        -1,
        0,
        8,
        -1
      ]
    },
    {
      "Target": "Parameter",
      "Id": "Param5",
      "Segments": [
        0,
        -1,
        0,
        8,
        -1
      ]
    },
    {
      "Target": "Parameter",
      "Id": "ParamBrowLAngle",
      "Segments": [
        0,
        0.3,
        0,
        8,
        0.3
      ]
    },
    {
      "Target": "Parameter",
      "Id": "ParamBrowRAngle",
      "Segments": [
        0,
        0.3,
        0,
        8,
        0.3
      ]
    },
    {
      "Target": "Parameter",
      "Id": "Param3",
      "Segments": [
        0,
        10,
        0,
        8,
        10
      ]
    },
    {
      "Target": "Parameter",
      "Id": "Mouth_Size",
      "Segments": [
        0,
        0.4,
        0,
        8,
        0.4
      ]
    },
    {
      "Target": "Parameter",
      "Id": "Mouth_Open",
      "Segments": [
        0,
        1,
        0,
        8,
        1
      ]
    },
    {
      "Target": "Parameter",
      "Id": "ParamMouthForm",
      "Segments": [
        0,
        -1.4,
        0,
        8,
        -1.4
      ]
    },
    {
      "Target": "PartOpacity",
      "Id": "Part22",
      "Segments": [
        0,
        0,
        0,
        8,
        0
      ]
    },
    {
      "Target": "PartOpacity",
      "Id": "Part6",
      "Segments": [
        0,
        1,
        0,
        8,
        1
      ]
    },
    {
      "Target": "PartOpacity",
      "Id": "Part10",
      "Segments": [
        0,
        1,
        0,
        8,
        1
      ]
    },
    {
      "Target": "PartOpacity",
      "Id": "Part18",
      "Segments": [
        0,
        1,
        0,
        8,
        1
      ]
    },
    {
      "Target": "PartOpacity",
      "Id": "Part29",
      "Segments": [
        0,
        1,
        0,
        8,
        1
      ]
    },
    {
      "Target": "PartOpacity",
      "Id": "Part11",
      "Segments": [
        0,
        1,
        0,
        8,
        1
      ]
    },
    {
      "Target": "PartOpacity",
      "Id": "Part5",
      "Segments": [
        0,
        1,
        0,
        8,
        1
      ]
    },
    {
      "Target": "PartOpacity",
      "Id": "PartSketch0",
      "Segments": [
        0,
        0,
        0,
        8,
        0
      ]
    },
    {
      "Target": "PartOpacity",
      "Id": "Part4",
      "Segments": [
        0,
        1,
        0,
        8,
        1
      ]
    },
    {
      "Target": "PartOpacity",
      "Id": "Part7",
      "Segments": [
        0,
        1,
        0,
        8,
        1
      ]
    }
  ],
  "UserData": [
    {
      "Time": 0.0,
      "Value": ""
    }
  ]
}