{
  "Version": 3,
  "Meta": {
    "Duration": 7.67,
    "Fps": 30.0,
    "Loop": true,
    "AreBeziersRestricted": true,
    "CurveCount": 76,
    "TotalSegmentCount": 134,
    "TotalPointCount": 188,
    "UserDataCount": 1,
    "TotalUserDataSize": 0
  },
  "Curves": [
    {
      "Target": "Parameter",
      "Id": "Param35",
      "Segments": [
        0,
        16.6,
        0,
        2.533,
        -26,
        1,
        3.9,
        -26,
        5.266,
        9.677,
        6.633,
        16,
        1,
        6.978,
        17.593,
        7.322,
        16.6,
        7.667,
        16.6
      ]
    },
    {
      "Target": "Parameter",
      "Id": "Param33",
      "Segments": [
        0,
        11.2,
        0,
        2.1,
        -10,
        0,
        4.333,
        22,
        0,
        6.667,
        5,
        0,
        7.667,
        11.2
      ]
    },
    {
      "Target": "Parameter",
      "Id": "Param34",
      "Segments": [
        0,
        -4.2,
        0,
        2.1,
        -9,
        1,
        2.844,
        -9,
        3.589,
        -8.05,
        4.333,
        -4,
        1,
        5.111,
        0.231,
        5.889,
        4,
        6.667,
        4,
        0,
        7.667,
        -4.2
      ]
    },
    {
      "Target": "Parameter",
      "Id": "Param24",
      "Segments": [
        0,
        21.7,
        0,
        1.733,
        0,
        0,
        7.667,
        21.7
      ]
    },
    {
      "Target": "Parameter",
      "Id": "Param27",
      "Segments": [
        0,
        -6.5,
        0,
        4.8,
        0,
        0,
        7.667,
        -6.5
      ]
    },
    {
      "Target": "Parameter",
      "Id": "Param38",
      "Segments": [
        0,
        10,
        0,
        0.333,
        4,
        0,
        1.433,
        9,
        1,
        1.544,
        9,
        1.656,
        8.295,
        1.767,
        7,
        1,
        1.856,
        5.964,
        1.944,
        4.799,
        2.033,
        4,
        1,
        2.122,
        3.201,
        2.211,
        3.372,
        2.3,
        2,
        1,
        2.478,
        -0.744,
        2.655,
        -15.873,
        2.833,
        -18,
        1,
        2.944,
        -19.329,
        3.056,
        -19.172,
        3.167,
        -20,
        1,
        3.2,
        -20.249,
        3.234,
        -23,
        3.267,
        -23,
        0,
        3.467,
        -22,
        0,
        3.833,
        -25,
        1,
        4.166,
        -25,
        4.5,
        -7.406,
        4.833,
        -1,
        1,
        5.155,
        5.193,
        5.478,
        5,
        5.8,
        5,
        0,
        6.967,
        2,
        0,
        7.667,
        10
      ]
    },
    {
      "Target": "Parameter",
      "Id": "Param30",
      "Segments": [
        0,
        -20,
        0,
        2.333,
        -19.38,
        1,
        3.744,
        -19.38,
        5.156,
        -19.422,
        6.567,
        -19.6,
        1,
        6.934,
        -19.646,
        7.3,
        -20,
        7.667,
        -20
      ]
    },
    {
      "Target": "Parameter",
      "Id": "Param13",
      "Segments": [
        0,
        14,
        0,
        6.433,
        19,
        0,
        7.667,
        14
      ]
    },
    {
      "Target": "Parameter",
      "Id": "Param36",
      "Segments": [
        0,
        0,
        2,
        1.333,
        0,
        2,
        3.467,
        0,
        0,
        6.267,
        -19,
        0,
        7.667,
        0
      ]
    },
    {
      "Target": "Parameter",
      "Id": "ParamHairFront",
      "Segments": [
        0,
        1,
        0,
        1,
        0.4,
        0,
        2.367,
        -1,
        2,
        3.233,
        -1,
        0,
        4.167,
        -0.2,
        1,
        4.911,
        0.264,
        5.656,
        0.692,
        6.4,
        0.9,
        1,
        6.822,
        1.018,
        7.245,
        1,
        7.667,
        1
      ]
    },
    {
      "Target": "Parameter",
      "Id": "Param17",
      "Segments": [
        0,
        16.9,
        0,
        0.1,
        17,
        0,
        2.167,
        -8,
        0,
        3.8,
        4,
        0,
        5.867,
        1,
        0,
        7.667,
        16.9
      ]
    },
    {
      "Target": "Parameter",
      "Id": "Param18",
      "Segments": [
        0,
        4.5,
        1,
        0.333,
        4.5,
        0.667,
        1.977,
        1,
        -3.1,
        1,
        1.389,
        -9.023,
        1.778,
        -12,
        2.167,
        -12,
        0,
        3.933,
        0,
        0,
        6.367,
        -11,
        0,
        7.667,
        4.5
      ]
    },
    {
      "Target": "Parameter",
      "Id": "Param10",
      "Segments": [
        0,
        23.4,
        0,
        4.567,
        4,
        0,
        7.667,
        23.4
      ]
    },
    {
      "Target": "Parameter",
      "Id": "Param26",
      "Segments": [
        0,
        -23.6,
        1,
        0.078,
        -23.6,
        0.155,
        -23.61,
        0.233,
        -23.4,
        1,
        0.289,
        -23.25,
        0.344,
        -22.18,
        0.4,
        -21,
        1,
        1.344,
        -0.934,
        2.289,
        10,
        3.233,
        10,
        1,
        4.344,
        10,
        5.456,
        7.061,
        6.567,
        -5.106,
        1,
        6.934,
        -9.121,
        7.3,
        -23.6,
        7.667,
        -23.6
      ]
    },
    {
      "Target": "Parameter",
      "Id": "Param8",
      "Segments": [
        0,
        28.9,
        0,
        3.233,
        -11,
        1,
        4.222,
        -11,
        5.211,
        -7.355,
        6.2,
        8,
        1,
        6.689,
        14.967,
        7.178,
        21.933,
        7.667,
        28.9
      ]
    },
    {
      "Target": "Parameter",
      "Id": "Param9",
      "Segments": [
        0,
        29.9,
        0,
        0.067,
        30,
        0,
        1,
        -8,
        0,
        2.067,
        6,
        0,
        3.267,
        -9,
        0,
        7.667,
        29.9
      ]
    },
    {
      "Target": "Parameter",
      "Id": "Param14",
      "Segments": [
        0,
        4.6,
        0,
        1,
        8.92,
        0,
        2.3,
        4.123,
        0,
        4.167,
        10,
        1,
        4.845,
        10,
        5.522,
        7.845,
        6.2,
        6,
        1,
        6.689,
        4.669,
        7.178,
        4.6,
        7.667,
        4.6
      ]
    },
    {
      "Target": "Parameter",
      "Id": "Param20",
      "Segments": [
        0,
        0,
        0,
        7.67,
        0
      ]
    },
    {
      "Target": "Parameter",
      "Id": "Param23",
      "Segments": [
        0,
        0,
        0,
        7.67,
        0
      ]
    },
    {
      "Target": "Parameter",
      "Id": "Param19",
      "Segments": [
        0,
        0,
        0,
        7.67,
        0
      ]
    },
    {
      "Target": "Parameter",
      "Id": "Param28",
      "Segments": [
        0,
        0,
        0,
        7.67,
        0
      ]
    },
    {
      "Target": "Parameter",
      "Id": "Param16",
      "Segments": [
        0,
        0,
        0,
        7.67,
        0
      ]
    },
    {
      "Target": "Parameter",
      "Id": "Param29",
      "Segments": [
        0,
        -10,
        0,
        7.67,
        -10
      ]
    },
    {
      "Target": "Parameter",
      "Id": "Param37",
      "Segments": [
        0,
        0,
        0,
        7.67,
        0
      ]
    },
    {
      "Target": "Parameter",
      "Id": "Param21",
      "Segments": [
        0,
        6,
        0,
        7.67,
        6
      ]
    },
    {
      "Target": "Parameter",
      "Id": "Param31",
      "Segments": [
        0,
        22,
        0,
        7.67,
        22
      ]
    },
    {
      "Target": "Parameter",
      "Id": "Param11",
      "Segments": [
        0,
        -13,
        0,
        7.67,
        -13
      ]
    },
    {
      "Target": "Parameter",
      "Id": "Param32",
      "Segments": [
        0,
        29,
        0,
        7.67,
        29
      ]
    },
    {
      "Target": "Parameter",
      "Id": "Param7",
      "Segments": [
        0,
        30,
        0,
        7.67,
        30
      ]
    },
    {
      "Target": "Parameter",
      "Id": "Param39",
      "Segments": [
        0,
        0,
        0,
        7.67,
        0
      ]
    },
    {
      "Target": "Parameter",
      "Id": "Param22",
      "Segments": [
        0,
        0,
        0,
        7.67,
        0
      ]
    },
    {
      "Target": "Parameter",
      "Id": "ParamEyeBallX",
      "Segments": [
        0,
        0,
        0,
        7.67,
        0
      ]
    },
    {
      "Target": "Parameter",
      "Id": "ParamEyeBallY",
      "Segments": [
        0,
        0,
        0,
        7.67,
        0
      ]
    },
    {
      "Target": "Parameter",
      "Id": "EyeL_Open",
      "Segments": [
        0,
        0.9,
        0,
        7.67,
        0.9
      ]
    },
    {
      "Target": "Parameter",
      "Id": "EyeR_Open",
      "Segments": [
        0,
        0.9,
        0,
        7.67,
        0.9
      ]
    },
    {
      "Target": "Parameter",
      "Id": "Param6",
      "Segments": [
        0,
        0,
        0,
        7.67,
        0
      ]
    },
    {
      "Target": "Parameter",
      "Id": "ParamEyeLSmile",
      "Segments": [
        0,
        0,
        0,
        7.67,
        0
      ]
    },
    {
      "Target": "Parameter",
      "Id": "ParamEyeRSmile",
      "Segments": [
        0,
        0,
        0,
        7.67,
        0
      ]
    },
    {
      "Target": "Parameter",
      "Id": "Param",
      "Segments": [
        0,
        0,
        0,
        7.67,
        0
      ]
    },
    {
      "Target": "Parameter",
      "Id": "Param2",
      "Segments": [
        0,
        0,
        0,
        7.67,
        0
      ]
    },
    {
      "Target": "Parameter",
      "Id": "ParamBrowLForm",
      "Segments": [
        0,
        -0.8,
        0,
        7.67,
        -0.8
      ]
    },
    {
      "Target": "Parameter",
      "Id": "ParamBrowRForm",
      "Segments": [
        0,
        -0.1,
        0,
        7.67,
        -0.1
      ]
    },
    {
      "Target": "Parameter",
      "Id": "Param4",
      "Segments": [
        0,
        0,
        0,
        7.67,
        0
      ]
    },
    {
      "Target": "Parameter",
      "Id": "Param5",
      "Segments": [
        0,
        0,
        0,
        7.67,
        0
      ]
    },
    {
      "Target": "Parameter",
      "Id": "ParamBrowLY",
      "Segments": [
        0,
        0,
        0,
        7.67,
        0
      ]
    },
    {
      "Target": "Parameter",
      "Id": "ParamBrowRY",
      "Segments": [
        0,
        0,
        0,
        7.67,
        0
      ]
    },
    {
      "Target": "Parameter",
      "Id": "ParamBrowLAngle",
      "Segments": [
        0,
        0,
        0,
        7.67,
        0
      ]
    },
    {
      "Target": "Parameter",
      "Id": "ParamBrowRAngle",
      "Segments": [
        0,
        -0.3,
        0,
        7.67,
        -0.3
      ]
    },
    {
      "Target": "Parameter",
      "Id": "Param3",
      "Segments": [
        0,
        10,
        0,
        7.67,
        10
      ]
    },
    {
      "Target": "Parameter",
      "Id": "Mouth_Size",
      "Segments": [
        0,
        0.5,
        0,
        7.67,
        0.5
      ]
    },
    {
      "Target": "Parameter",
      "Id": "Mouth_Open",
      "Segments": [
        0,
        0.6,
        0,
        7.67,
        0.6
      ]
    },
    {
      "Target": "Parameter",
      "Id": "ParamMouthForm",
      "Segments": [
        0,
        -0.2,
        0,
        7.67,
        -0.2
      ]
    },
    {
      "Target": "PartOpacity",
      "Id": "Part22",
      "Segments": [
        0,
        0,
        0,
        7.67,
        0
      ]
    },
    {
      "Target": "PartOpacity",
      "Id": "Part6",
      "Segments": [
        0,
        1,
        0,
        7.67,
        1
      ]
    },
    {
      "Target": "PartOpacity",
      "Id": "Part20",
      "Segments": [
        0,
        1,
        0,
        7.67,
        1
      ]
    },
    {
      "Target": "PartOpacity",
      "Id": "Part",
      "Segments": [
        0,
        1,
        0,
        7.67,
        1
      ]
    },
    {
      "Target": "PartOpacity",
      "Id": "Part9",
      "Segments": [
        0,
        1,
        0,
        7.67,
        1
      ]
    },
    {
      "Target": "PartOpacity",
      "Id": "Part2",
      "Segments": [
        0,
        1,
        0,
        7.67,
        1
      ]
    },
    {
      "Target": "PartOpacity",
      "Id": "Part8",
      "Segments": [
        0,
        1,
        0,
        7.67,
        1
      ]
    },
    {
      "Target": "PartOpacity",
      "Id": "Part3",
      "Segments": [
        0,
        1,
        0,
        7.67,
        1
      ]
    },
    {
      "Target": "PartOpacity",
      "Id": "Part10",
      "Segments": [
        0,
        0,
        0,
        7.67,
        0
      ]
    },
    {
      "Target": "PartOpacity",
      "Id": "Part21",
      "Segments": [
        0,
        1,
        0,
        7.67,
        1
      ]
    },
    {
      "Target": "PartOpacity",
      "Id": "Part18",
      "Segments": [
        0,
        1,
        0,
        7.67,
        1
      ]
    },
    {
      "Target": "PartOpacity",
      "Id": "Part29",
      "Segments": [
        0,
        1,
        0,
        7.67,
        1
      ]
    },
    {
      "Target": "PartOpacity",
      "Id": "Part11",
      "Segments": [
        0,
        1,
        0,
        7.67,
        1
      ]
    },
    {
      "Target": "PartOpacity",
      "Id": "Part13",
      "Segments": [
        0,
        1,
        0,
        7.67,
        1
      ]
    },
    {
      "Target": "PartOpacity",
      "Id": "Part12",
      "Segments": [
        0,
        1,
        0,
        7.67,
        1
      ]
    },
    {
      "Target": "PartOpacity",
      "Id": "Part17",
      "Segments": [
        0,
        1,
        0,
        7.67,
        1
      ]
    },
    {
      "Target": "PartOpacity",
      "Id": "Part14",
      "Segments": [
        0,
        1,
        0,
        7.67,
        1
      ]
    },
    {
      "Target": "PartOpacity",
      "Id": "Part16",
      "Segments": [
        0,
        1,
        0,
        7.67,
        1
      ]
    },
    {
      "Target": "PartOpacity",
      "Id": "Part5",
      "Segments": [
        0,
        0,
        0,
        7.67,
        0
      ]
    },
    {
      "Target": "PartOpacity",
      "Id": "PartSketch0",
      "Segments": [
        0,
        1,
        0,
        7.67,
        1
      ]
    },
    {
      "Target": "PartOpacity",
      "Id": "Part15",
      "Segments": [
        0,
        1,
        0,
        7.67,
        1
      ]
    },
    {
      "Target": "PartOpacity",
      "Id": "Part4",
      "Segments": [
        0,
        1,
        0,
        7.67,
        1
      ]
    },
    {
      "Target": "PartOpacity",
      "Id": "Part7",
      "Segments": [
        0,
        1,
        0,
        7.67,
        1
      ]
    },
    {
      "Target": "PartOpacity",
      "Id": "Part19",
      "Segments": [
        0,
        1,
        0,
        7.67,
        1
      ]
    }
  ],
  "UserData": [
    {
      "Time": 0.0,
      "Value": ""
    }
  ]
}