{
  "Version": 3,
  "Meta": {
    "Duration": 1.67,
    "Fps": 30.0,
    "Loop": true,
    "AreBeziersRestricted": true,
    "CurveCount": 81,
    "TotalSegmentCount": 245,
    "TotalPointCount": 319,
    "UserDataCount": 1,
    "TotalUserDataSize": 0
  },
  "Curves": [
    {
      "Target": "Parameter",
      "Id": "Breath",
      "Segments": [
        0,
        0,
        0,
        0.333,
        0.7,
        0,
        0.967,
        0,
        2,
        1.667,
        0
      ]
    },
    {
      "Target": "Parameter",
      "Id": "Body_Shaking",
      "Segments": [
        0,
        0,
        0,
        0.167,
        -18,
        0,
        0.7,
        7,
        0,
        1.033,
        3,
        2,
        1.667,
        3
      ]
    },
    {
      "Target": "Parameter",
      "Id": "ParamBodyAngleX",
      "Segments": [
        0,
        0,
        0,
        0.167,
        -1,
        0,
        0.7,
        7,
        0,
        1.667,
        5.01
      ]
    },
    {
      "Target": "Parameter",
      "Id": "Body_Pose1",
      "Segments": [
        0,
        0,
        0,
        0.167,
        -20,
        0,
        0.767,
        7,
        1,
        0.856,
        7,
        0.944,
        5.349,
        1.033,
        3.462,
        1,
        1.244,
        -1.022,
        1.456,
        -6.168,
        1.667,
        -8.976
      ]
    },
    {
      "Target": "Parameter",
      "Id": "BodyY",
      "Segments": [
        0,
        0,
        0,
        0.167,
        -17,
        0,
        0.567,
        13,
        0,
        1,
        0,
        2,
        1.333,
        0,
        2,
        1.667,
        0
      ]
    },
    {
      "Target": "Parameter",
      "Id": "Body_Twist",
      "Segments": [
        0,
        0,
        1,
        0.089,
        0,
        0.178,
        -10.462,
        0.267,
        -14,
        1,
        0.522,
        -24.171,
        0.778,
        -26.872,
        1.033,
        -26.872,
        2,
        1.333,
        -26.872,
        1,
        1.444,
        -26.872,
        1.556,
        -27.024,
        1.667,
        -26.475
      ]
    },
    {
      "Target": "Parameter",
      "Id": "Head_AngleX",
      "Segments": [
        0,
        0,
        0,
        0.233,
        -2,
        1,
        0.422,
        -2,
        0.611,
        1.297,
        0.8,
        2,
        1,
        1.089,
        3.076,
        1.378,
        3.235,
        1.667,
        4.189
      ]
    },
    {
      "Target": "Parameter",
      "Id": "Head_AngleY",
      "Segments": [
        0,
        0,
        0,
        0.233,
        -9,
        0,
        0.8,
        0,
        1,
        1.089,
        0,
        1.378,
        0.056,
        1.667,
        -0.298
      ]
    },
    {
      "Target": "Parameter",
      "Id": "Head_Roll",
      "Segments": [
        0,
        0,
        0,
        0.267,
        -4,
        0,
        0.8,
        -3,
        1,
        1.089,
        -3,
        1.378,
        -3.335,
        1.667,
        -5
      ]
    },
    {
      "Target": "Parameter",
      "Id": "HeadY",
      "Segments": [
        0,
        0,
        2,
        0.167,
        0,
        0,
        0.567,
        -8,
        0,
        1.333,
        0,
        1,
        1.444,
        0,
        1.556,
        -1.008,
        1.667,
        -1.856
      ]
    },
    {
      "Target": "Parameter",
      "Id": "Param26",
      "Segments": [
        0,
        0,
        0,
        0.267,
        1,
        2,
        1.133,
        1,
        2,
        1.333,
        1,
        2,
        1.667,
        1
      ]
    },
    {
      "Target": "Parameter",
      "Id": "EyeL_Expression",
      "Segments": [
        0,
        0,
        0,
        0.4,
        1,
        2,
        1.133,
        1,
        2,
        1.333,
        1,
        2,
        1.667,
        1
      ]
    },
    {
      "Target": "Parameter",
      "Id": "EyeR_Expression",
      "Segments": [
        0,
        0,
        0,
        0.4,
        1,
        2,
        1.133,
        1,
        2,
        1.333,
        1,
        2,
        1.667,
        1
      ]
    },
    {
      "Target": "Parameter",
      "Id": "BrowL_Form",
      "Segments": [
        0,
        0,
        0,
        0.4,
        1,
        2,
        1.133,
        1,
        2,
        1.333,
        1,
        2,
        1.667,
        1
      ]
    },
    {
      "Target": "Parameter",
      "Id": "BrowR_Form",
      "Segments": [
        0,
        0,
        0,
        0.4,
        1,
        2,
        1.133,
        1,
        2,
        1.333,
        1,
        2,
        1.667,
        1
      ]
    },
    {
      "Target": "Parameter",
      "Id": "Mouth_Form",
      "Segments": [
        0,
        0,
        0,
        0.567,
        -1,
        2,
        1.133,
        -1,
        2,
        1.333,
        -1,
        2,
        1.667,
        -1
      ]
    },
    {
      "Target": "Parameter",
      "Id": "HairFront_Shaking",
      "Segments": [
        0,
        0,
        0,
        0.233,
        0.8,
        0,
        0.967,
        -1,
        1,
        1.2,
        -1,
        1.434,
        -0.001,
        1.667,
        0.303
      ]
    },
    {
      "Target": "Parameter",
      "Id": "HairBack_Shaking",
      "Segments": [
        0,
        0,
        0,
        0.167,
        -0.3,
        0,
        0.8,
        0.3,
        0,
        1.667,
        -0.096
      ]
    },
    {
      "Target": "Parameter",
      "Id": "Hair_Move",
      "Segments": [
        0,
        0,
        0,
        0.167,
        0.6,
        0,
        0.733,
        -0.4,
        1,
        1.044,
        -0.4,
        1.356,
        -0.043,
        1.667,
        0.216
      ]
    },
    {
      "Target": "Parameter",
      "Id": "ShoulderRY",
      "Segments": [
        0,
        0,
        0,
        0.7,
        23,
        1,
        0.844,
        23,
        0.989,
        21.908,
        1.133,
        20.54,
        1,
        1.2,
        19.909,
        1.266,
        19.503,
        1.333,
        19.141,
        1,
        1.444,
        18.539,
        1.556,
        18.345,
        1.667,
        18.345
      ]
    },
    {
      "Target": "Parameter",
      "Id": "ShoulderR_Roll",
      "Segments": [
        0,
        0,
        0,
        0.167,
        11,
        1,
        0.245,
        11,
        0.322,
        7.832,
        0.4,
        3.903,
        1,
        0.511,
        -1.71,
        0.622,
        -3.66,
        0.733,
        -3.66,
        1,
        1.044,
        -3.66,
        1.356,
        -3.01,
        1.667,
        -2.002
      ]
    },
    {
      "Target": "Parameter",
      "Id": "ArmR_Roll",
      "Segments": [
        0,
        0,
        0,
        0.2,
        1,
        1,
        0.333,
        1,
        0.467,
        -5.627,
        0.6,
        -9.622,
        1,
        0.678,
        -11.953,
        0.755,
        -11.742,
        0.833,
        -11.742,
        0,
        1.4,
        -11.387,
        1,
        1.489,
        -11.387,
        1.578,
        -11.434,
        1.667,
        -11.454
      ]
    },
    {
      "Target": "Parameter",
      "Id": "ShoulderR_Scale",
      "Segments": [
        0,
        0,
        2,
        0.167,
        0,
        0,
        0.7,
        -11,
        0,
        1.667,
        -10
      ]
    },
    {
      "Target": "Parameter",
      "Id": "ArmR_Scale",
      "Segments": [
        0,
        0,
        2,
        0.167,
        0,
        1,
        0.3,
        0,
        0.434,
        -1.585,
        0.567,
        -7,
        1,
        0.611,
        -8.805,
        0.656,
        -13,
        0.7,
        -13,
        0,
        1.133,
        -10,
        2,
        1.333,
        -10,
        2,
        1.667,
        -10
      ]
    },
    {
      "Target": "Parameter",
      "Id": "HandR_Roll",
      "Segments": [
        0,
        0,
        0,
        0.9,
        -17.964,
        0,
        1.5,
        -11.818,
        1,
        1.556,
        -11.818,
        1.611,
        -11.659,
        1.667,
        -12.221
      ]
    },
    {
      "Target": "Parameter",
      "Id": "ShoulderLY",
      "Segments": [
        0,
        0,
        0,
        0.7,
        20,
        1,
        0.844,
        20,
        0.989,
        17.753,
        1.133,
        17,
        1,
        1.2,
        16.652,
        1.266,
        16.644,
        1.333,
        16.551,
        1,
        1.444,
        16.397,
        1.556,
        16.271,
        1.667,
        16.174
      ]
    },
    {
      "Target": "Parameter",
      "Id": "ShoulderL_Roll",
      "Segments": [
        0,
        0,
        0,
        0.167,
        -11,
        0,
        0.733,
        16.903,
        1,
        1.044,
        16.903,
        1.356,
        16.014,
        1.667,
        14.987
      ]
    },
    {
      "Target": "Parameter",
      "Id": "ShoulderL_Scale",
      "Segments": [
        0,
        0,
        2,
        0.167,
        0,
        1,
        0.3,
        0,
        0.434,
        -22.782,
        0.567,
        -28,
        1,
        0.611,
        -29.739,
        0.656,
        -29,
        0.7,
        -29,
        0,
        1.667,
        -28
      ]
    },
    {
      "Target": "Parameter",
      "Id": "ArmL_Roll",
      "Segments": [
        0,
        0,
        1,
        0.067,
        0,
        0.133,
        0.32,
        0.2,
        -1,
        1,
        0.333,
        -3.641,
        0.467,
        -14.373,
        0.6,
        -19.03,
        1,
        0.678,
        -21.747,
        0.755,
        -22.037,
        0.833,
        -22.037,
        0,
        1.4,
        -21.687,
        1,
        1.489,
        -21.687,
        1.578,
        -21.679,
        1.667,
        -21.707
      ]
    },
    {
      "Target": "Parameter",
      "Id": "ArmL_Scale",
      "Segments": [
        0,
        0,
        2,
        0.167,
        0,
        1,
        0.278,
        0,
        0.389,
        -13.705,
        0.5,
        -16,
        1,
        0.567,
        -17.377,
        0.633,
        -17,
        0.7,
        -17,
        0,
        1.133,
        -16,
        2,
        1.333,
        -16,
        2,
        1.667,
        -16
      ]
    },
    {
      "Target": "Parameter",
      "Id": "HandL_Roll",
      "Segments": [
        0,
        0,
        0,
        0.567,
        4,
        0,
        0.967,
        1.28,
        1,
        1.2,
        1.28,
        1.434,
        1.829,
        1.667,
        3.2
      ]
    },
    {
      "Target": "Parameter",
      "Id": "Param",
      "Segments": [
        0,
        0,
        2,
        0.333,
        0,
        0,
        0.833,
        25,
        0,
        1.167,
        22,
        2,
        1.667,
        22
      ]
    },
    {
      "Target": "Parameter",
      "Id": "Lowerbody_Roll",
      "Segments": [
        0,
        0,
        0,
        0.167,
        -9,
        0,
        0.667,
        4,
        0,
        1,
        0,
        2,
        1.333,
        0,
        2,
        1.667,
        0
      ]
    },
    {
      "Target": "PartOpacity",
      "Id": "Part",
      "Segments": [
        0,
        1,
        2,
        0.57,
        1,
        2,
        1.13,
        1,
        2,
        1.33,
        1,
        2,
        1.67,
        1
      ]
    },
    {
      "Target": "PartOpacity",
      "Id": "Part2",
      "Segments": [
        0,
        1,
        2,
        0.57,
        1,
        2,
        1.13,
        1,
        2,
        1.33,
        1,
        2,
        1.67,
        1
      ]
    },
    {
      "Target": "PartOpacity",
      "Id": "Part9",
      "Segments": [
        0,
        0,
        2,
        1.67,
        0
      ]
    },
    {
      "Target": "PartOpacity",
      "Id": "Part19",
      "Segments": [
        0,
        1,
        2,
        0.57,
        1,
        2,
        1.13,
        1,
        2,
        1.33,
        1,
        2,
        1.67,
        1
      ]
    },
    {
      "Target": "PartOpacity",
      "Id": "Part23",
      "Segments": [
        0,
        1,
        2,
        0.57,
        1,
        2,
        1.13,
        1,
        2,
        1.33,
        1,
        2,
        1.67,
        1
      ]
    },
    {
      "Target": "PartOpacity",
      "Id": "Part15",
      "Segments": [
        0,
        0,
        2,
        0.57,
        0,
        2,
        1.13,
        0,
        2,
        1.33,
        0,
        2,
        1.67,
        0
      ]
    },
    {
      "Target": "PartOpacity",
      "Id": "Part14",
      "Segments": [
        0,
        0,
        2,
        0.57,
        0,
        2,
        1.13,
        0,
        2,
        1.33,
        0,
        2,
        1.67,
        0
      ]
    },
    {
      "Target": "PartOpacity",
      "Id": "Part13",
      "Segments": [
        0,
        0,
        2,
        0.47,
        0,
        0,
        0.57,
        1,
        2,
        1.13,
        1,
        2,
        1.33,
        1,
        2,
        1.67,
        1
      ]
    },
    {
      "Target": "PartOpacity",
      "Id": "Part12",
      "Segments": [
        0,
        1,
        2,
        0.5,
        1,
        2,
        0.57,
        0,
        2,
        1.13,
        0,
        2,
        1.33,
        0,
        2,
        1.67,
        0
      ]
    },
    {
      "Target": "PartOpacity",
      "Id": "Part3",
      "Segments": [
        0,
        1,
        2,
        0.57,
        1,
        2,
        1.13,
        1,
        2,
        1.33,
        1,
        2,
        1.67,
        1
      ]
    },
    {
      "Target": "PartOpacity",
      "Id": "Part4",
      "Segments": [
        0,
        1,
        2,
        0.57,
        1,
        2,
        1.13,
        1,
        2,
        1.33,
        1,
        2,
        1.67,
        1
      ]
    },
    {
      "Target": "PartOpacity",
      "Id": "Part22",
      "Segments": [
        0,
        1,
        2,
        1.33,
        1,
        2,
        1.67,
        1
      ]
    },
    {
      "Target": "PartOpacity",
      "Id": "Part5",
      "Segments": [
        0,
        1,
        2,
        0.57,
        1,
        2,
        1.13,
        1,
        2,
        1.33,
        1,
        2,
        1.67,
        1
      ]
    },
    {
      "Target": "PartOpacity",
      "Id": "Part29",
      "Segments": [
        0,
        1,
        2,
        1.33,
        1,
        2,
        1.67,
        1
      ]
    },
    {
      "Target": "PartOpacity",
      "Id": "Part30",
      "Segments": [
        0,
        1,
        2,
        1.33,
        1,
        2,
        1.67,
        1
      ]
    },
    {
      "Target": "PartOpacity",
      "Id": "Part26",
      "Segments": [
        0,
        1,
        2,
        1.33,
        1,
        2,
        1.67,
        1
      ]
    },
    {
      "Target": "PartOpacity",
      "Id": "Part27",
      "Segments": [
        0,
        1,
        2,
        1.33,
        1,
        2,
        1.67,
        1
      ]
    },
    {
      "Target": "PartOpacity",
      "Id": "Part28",
      "Segments": [
        0,
        1,
        2,
        1.33,
        1,
        2,
        1.67,
        1
      ]
    },
    {
      "Target": "PartOpacity",
      "Id": "Part33",
      "Segments": [
        0,
        1,
        2,
        1.33,
        1,
        2,
        1.67,
        1
      ]
    },
    {
      "Target": "PartOpacity",
      "Id": "Part32",
      "Segments": [
        0,
        1,
        2,
        1.33,
        1,
        2,
        1.67,
        1
      ]
    },
    {
      "Target": "PartOpacity",
      "Id": "Part34",
      "Segments": [
        0,
        1,
        2,
        1.33,
        1,
        2,
        1.67,
        1
      ]
    },
    {
      "Target": "PartOpacity",
      "Id": "Part8",
      "Segments": [
        0,
        1,
        2,
        0.57,
        1,
        2,
        1.13,
        1,
        2,
        1.33,
        1,
        2,
        1.67,
        1
      ]
    },
    {
      "Target": "PartOpacity",
      "Id": "Part6",
      "Segments": [
        0,
        1,
        2,
        0.57,
        1,
        2,
        1.13,
        1,
        2,
        1.33,
        1,
        2,
        1.67,
        1
      ]
    },
    {
      "Target": "PartOpacity",
      "Id": "Part7",
      "Segments": [
        0,
        1,
        2,
        0.57,
        1,
        2,
        1.13,
        1,
        2,
        1.33,
        1,
        2,
        1.67,
        1
      ]
    },
    {
      "Target": "PartOpacity",
      "Id": "Part16",
      "Segments": [
        0,
        1,
        2,
        0.57,
        1,
        2,
        1.13,
        1,
        2,
        1.33,
        1,
        2,
        1.67,
        1
      ]
    },
    {
      "Target": "PartOpacity",
      "Id": "Part25",
      "Segments": [
        0,
        1,
        2,
        0.57,
        1,
        2,
        1.13,
        1,
        2,
        1.33,
        1,
        2,
        1.67,
        1
      ]
    },
    {
      "Target": "PartOpacity",
      "Id": "Part10",
      "Segments": [
        0,
        0,
        2,
        0.57,
        0,
        2,
        1.13,
        0,
        2,
        1.33,
        0,
        2,
        1.67,
        0
      ]
    },
    {
      "Target": "PartOpacity",
      "Id": "Part11",
      "Segments": [
        0,
        1,
        2,
        0.57,
        1,
        2,
        1.13,
        1,
        2,
        1.33,
        1,
        2,
        1.67,
        1
      ]
    },
    {
      "Target": "PartOpacity",
      "Id": "Part24",
      "Segments": [
        0,
        0,
        2,
        0.57,
        0,
        2,
        1.13,
        0,
        2,
        1.33,
        0,
        2,
        1.67,
        0
      ]
    },
    {
      "Target": "Model",
      "Id": "Opacity",
      "Segments": [
        0,
        1,
        0,
        1.67,
        1
      ]
    },
    {
      "Target": "Parameter",
      "Id": "EyeL_Open",
      "Segments": [
        0,
        1,
        0,
        1.67,
        1
      ]
    },
    {
      "Target": "Parameter",
      "Id": "EyeL_Smile",
      "Segments": [
        0,
        0,
        0,
        1.67,
        0
      ]
    },
    {
      "Target": "Parameter",
      "Id": "EyeR_Open",
      "Segments": [
        0,
        1,
        0,
        1.67,
        1
      ]
    },
    {
      "Target": "Parameter",
      "Id": "EyeR_Smile",
      "Segments": [
        0,
        0,
        0,
        1.67,
        0
      ]
    },
    {
      "Target": "Parameter",
      "Id": "EyeBallX",
      "Segments": [
        0,
        0,
        0,
        1.67,
        0
      ]
    },
    {
      "Target": "Parameter",
      "Id": "EyeBallY",
      "Segments": [
        0,
        0,
        0,
        1.67,
        0
      ]
    },
    {
      "Target": "Parameter",
      "Id": "BrowLX",
      "Segments": [
        0,
        0,
        0,
        1.67,
        0
      ]
    },
    {
      "Target": "Parameter",
      "Id": "BrowLY",
      "Segments": [
        0,
        0,
        0,
        1.67,
        0
      ]
    },
    {
      "Target": "Parameter",
      "Id": "BrowRX",
      "Segments": [
        0,
        0,
        0,
        1.67,
        0
      ]
    },
    {
      "Target": "Parameter",
      "Id": "BrowRY",
      "Segments": [
        0,
        0,
        0,
        1.67,
        0
      ]
    },
    {
      "Target": "Parameter",
      "Id": "BrowL_Angle",
      "Segments": [
        0,
        0,
        0,
        1.67,
        0
      ]
    },
    {
      "Target": "Parameter",
      "Id": "BrowR_Angle",
      "Segments": [
        0,
        0,
        0,
        1.67,
        0
      ]
    },
    {
      "Target": "Parameter",
      "Id": "Mouth_Open",
      "Segments": [
        0,
        1,
        0,
        1.67,
        1
      ]
    },
    {
      "Target": "Parameter",
      "Id": "Mouth_Size",
      "Segments": [
        0,
        1,
        0,
        1.67,
        1
      ]
    },
    {
      "Target": "Parameter",
      "Id": "Param2",
      "Segments": [
        0,
        0,
        0,
        1.67,
        0
      ]
    },
    {
      "Target": "Parameter",
      "Id": "Param24",
      "Segments": [
        0,
        0,
        0,
        1.67,
        0
      ]
    },
    {
      "Target": "Parameter",
      "Id": "LegR_Roll",
      "Segments": [
        0,
        0,
        0,
        1.67,
        0
      ]
    },
    {
      "Target": "Parameter",
      "Id": "LegL_Roll",
      "Segments": [
        0,
        0,
        0,
        1.67,
        0
      ]
    }
  ],
  "UserData": [
    {
      "Time": 0.0,
      "Value": ""
    }
  ]
}