{
  "Version": 3,
  "FileReferences": {
    "Moc": "chrispsy.moc3",
    "Textures": [
      "textures/texture_00.png"
    ],
    "Physics": null,
    "Motions": {
      "": [
        {
          "File": "motions/c117b_5020.motion3.json"
        },
        {
          "File": "motions/c117b_0080.motion3.json"
        },
        {
          "File": "motions/c117b_0110.motion3.json"
        },
        {
          "File": "motions/c117b_0121.motion3.json"
        },
        {
          "File": "motions/c117b_0071.motion3.json"
        },
        {
          "File": "motions/c117b_0020.motion3.json"
        },
        {
          "File": "motions/c117b_0010.motion3.json"
        },
        {
          "File": "motions/c117b_5010.motion3.json"
        },
        {
          "File": "motions/c117b_0111.motion3.json"
        },
        {
          "File": "motions/c117b_5080.motion3.json"
        },
        {
          "File": "motions/c117b_0091.motion3.json"
        },
        {
          "File": "motions/c117b_5121.motion3.json"
        },
        {
          "File": "motions/c117b_5031.motion3.json"
        },
        {
          "File": "motions/c117b_0070.motion3.json"
        },
        {
          "File": "motions/c117b_5101.motion3.json"
        },
        {
          "File": "motions/c117b_0100.motion3.json"
        },
        {
          "File": "motions/c117b_5120.motion3.json"
        },
        {
          "File": "motions/c117b_5090.motion3.json"
        },
        {
          "File": "motions/c117b_5111.motion3.json"
        },
        {
          "File": "motions/c117b_5070.motion3.json"
        },
        {
          "File": "motions/c117b_5100.motion3.json"
        },
        {
          "File": "motions/c117b_5030.motion3.json"
        },
        {
          "File": "motions/c117b_5011.motion3.json"
        },
        {
          "File": "motions/c117b_0011.motion3.json"
        },
        {
          "File": "motions/c117b_0021.motion3.json"
        },
        {
          "File": "motions/c117b_5071.motion3.json"
        },
        {
          "File": "motions/c117b_0030.motion3.json"
        },
        {
          "File": "motions/c117b_5081.motion3.json"
        },
        {
          "File": "motions/c117b_0081.motion3.json"
        },
        {
          "File": "motions/c117b_0090.motion3.json"
        },
        {
          "File": "motions/c117b_0101.motion3.json"
        },
        {
          "File": "motions/c117b_5110.motion3.json"
        },
        {
          "File": "motions/c117b_0031.motion3.json"
        },
        {
          "File": "motions/c117b_5021.motion3.json"
        },
        {
          "File": "motions/c117b_0120.motion3.json"
        },
        {
          "File": "motions/c117b_5091.motion3.json"
        }
      ]
    }
  },
  "Groups": [
    {
      "Target": "Parameter",
      "Name": "EyeBlink",
      "Ids": [
        "EyeL_Open",
        "EyeR_Open"
      ]
    },
    {
      "Target": "Parameter",
      "Name": "LipSync",
      "Ids": [
        "Mouth_Open",
        "Mouth_Size"
      ]
    }
  ]
}