{
  "Version": 3,
  "Meta": {
    "Duration": 8.0,
    "Fps": 30.0,
    "Loop": true,
    "AreBeziersRestricted": true,
    "CurveCount": 72,
    "TotalSegmentCount": 200,
    "TotalPointCount": 270,
    "UserDataCount": 1,
    "TotalUserDataSize": 0
  },
  "Curves": [
    {
      "Target": "Parameter",
      "Id": "Body_Twist",
      "Segments": [
        0,
        -13,
        1,
        0.389,
        -13,
        0.778,
        -24.01,
        1.167,
        -22.653,
        1,
        1.834,
        -20.246,
        2.5,
        -7,
        3.167,
        -7,
        0,
        4,
        -1.652,
        2,
        5.667,
        -1.652,
        1,
        6.234,
        -1.652,
        6.8,
        -10.858,
        7.367,
        -20.744,
        0,
        8,
        -13
      ]
    },
    {
      "Target": "Parameter",
      "Id": "Body_Shaking",
      "Segments": [
        0,
        2,
        0,
        1.933,
        -2,
        0,
        4.233,
        3,
        0,
        6.333,
        0,
        0,
        8,
        2
      ]
    },
    {
      "Target": "Parameter",
      "Id": "Breath",
      "Segments": [
        0,
        0,
        0,
        1.267,
        1,
        0,
        2.767,
        0,
        0,
        4.067,
        1,
        0,
        5.5,
        0,
        0,
        6.767,
        1,
        0,
        8,
        0
      ]
    },
    {
      "Target": "Parameter",
      "Id": "Skirt_Shaking",
      "Segments": [
        0,
        0,
        1,
        0.444,
        -6.454,
        0.889,
        -7,
        1.333,
        -7,
        0,
        4.033,
        4,
        1,
        4.4,
        4,
        4.766,
        2.64,
        5.133,
        0,
        1,
        5.6,
        -3.36,
        6.066,
        -5,
        6.533,
        -5,
        0,
        8,
        0
      ]
    },
    {
      "Target": "Parameter",
      "Id": "Tie_Shaking",
      "Segments": [
        0,
        0.137,
        1,
        0.289,
        5.293,
        0.578,
        6,
        0.867,
        6,
        0,
        3.133,
        -8,
        0,
        5,
        6,
        0,
        7.067,
        -7,
        0,
        8,
        0.137
      ]
    },
    {
      "Target": "Parameter",
      "Id": "Head_AngleX",
      "Segments": [
        0,
        -3,
        0,
        4.167,
        4.04,
        0,
        6.133,
        4,
        1,
        6.755,
        3.951,
        7.378,
        -3,
        8,
        -3
      ]
    },
    {
      "Target": "Parameter",
      "Id": "Head_AngleY",
      "Segments": [
        0,
        -1,
        0,
        4.167,
        4,
        0,
        6.133,
        -5,
        0,
        8,
        -1
      ]
    },
    {
      "Target": "Parameter",
      "Id": "Head_Roll",
      "Segments": [
        0,
        -4.587,
        1,
        0.7,
        -7.654,
        1.4,
        -9,
        2.1,
        -9,
        0,
        4.167,
        3,
        0,
        6.133,
        -7,
        0,
        8,
        -4.587
      ]
    },
    {
      "Target": "Parameter",
      "Id": "EyeL_Smile",
      "Segments": [
        0,
        0,
        2,
        1.233,
        0,
        0,
        1.3,
        -0.1,
        0,
        1.367,
        0,
        0,
        1.433,
        -0.1,
        0,
        1.5,
        0,
        0,
        1.567,
        -0.1,
        0,
        1.633,
        0,
        0,
        1.7,
        -0.1,
        0,
        1.767,
        0,
        0,
        1.833,
        -0.1,
        0,
        1.9,
        0,
        0,
        1.967,
        -0.1,
        0,
        2.033,
        0,
        0,
        2.1,
        -0.1,
        0,
        2.167,
        0,
        0,
        2.233,
        -0.1,
        0,
        2.3,
        0,
        0,
        2.367,
        -0.1,
        0,
        2.433,
        0,
        0,
        2.5,
        -0.1,
        0,
        2.567,
        0,
        0,
        2.633,
        -0.1,
        2,
        8,
        -0.1
      ]
    },
    {
      "Target": "Parameter",
      "Id": "EyeR_Smile",
      "Segments": [
        0,
        0,
        2,
        1.233,
        0,
        0,
        1.3,
        -0.1,
        0,
        1.367,
        0,
        0,
        1.433,
        -0.1,
        0,
        1.5,
        0,
        0,
        1.567,
        -0.1,
        0,
        1.633,
        0,
        0,
        1.7,
        -0.1,
        0,
        1.767,
        0,
        0,
        1.833,
        -0.1,
        0,
        1.9,
        0,
        0,
        1.967,
        -0.1,
        0,
        2.033,
        0,
        0,
        2.1,
        -0.1,
        0,
        2.167,
        0,
        0,
        2.233,
        -0.1,
        0,
        2.3,
        0,
        0,
        2.367,
        -0.1,
        0,
        2.433,
        0,
        0,
        2.5,
        -0.1,
        0,
        2.567,
        0,
        0,
        2.633,
        -0.1,
        2,
        8,
        -0.1
      ]
    },
    {
      "Target": "Parameter",
      "Id": "HairFront_Shaking",
      "Segments": [
        0,
        0.179,
        1,
        0.211,
        -0.232,
        0.422,
        -0.4,
        0.633,
        -0.4,
        0,
        1.5,
        0,
        0,
        2.5,
        -0.5,
        1,
        2.911,
        -0.5,
        3.322,
        -0.455,
        3.733,
        0,
        1,
        4.033,
        0.332,
        4.333,
        1,
        4.633,
        1,
        0,
        5.467,
        -0.2,
        0,
        7,
        1,
        1,
        7.333,
        1,
        7.667,
        0.649,
        8,
        0.179
      ]
    },
    {
      "Target": "Parameter",
      "Id": "HairSide_Shaking",
      "Segments": [
        0,
        0.107,
        1,
        0.211,
        -0.028,
        0.422,
        -0.069,
        0.633,
        -0.069,
        0,
        1.933,
        0.2,
        0,
        3.167,
        -0.304,
        0,
        4.3,
        0.4,
        0,
        5.467,
        0,
        0,
        7,
        0.4,
        1,
        7.333,
        0.4,
        7.667,
        0.228,
        8,
        0.107
      ]
    },
    {
      "Target": "Parameter",
      "Id": "HairBack_Shaking",
      "Segments": [
        0,
        0.031,
        1,
        0.211,
        -0.204,
        0.422,
        -0.3,
        0.633,
        -0.3,
        0,
        1.933,
        0.2,
        0,
        3.167,
        -0.3,
        0,
        4.3,
        0.3,
        0,
        5.467,
        0,
        0,
        7,
        0.5,
        1,
        7.333,
        0.5,
        7.667,
        0.215,
        8,
        0.031
      ]
    },
    {
      "Target": "Parameter",
      "Id": "Shoulder_Move",
      "Segments": [
        0,
        0,
        2,
        2,
        0,
        0,
        3,
        3.336,
        0,
        4,
        0,
        2,
        6,
        0,
        0,
        7,
        3.336,
        0,
        8,
        0
      ]
    },
    {
      "Target": "Parameter",
      "Id": "ShoulderR_Roll",
      "Segments": [
        0,
        0.36,
        1,
        0.6,
        0.947,
        1.2,
        1,
        1.8,
        1,
        0,
        5.6,
        0.076,
        0,
        8,
        0.36
      ]
    },
    {
      "Target": "Parameter",
      "Id": "ArmR_Roll",
      "Segments": [
        0,
        -0.041,
        1,
        0.6,
        0.264,
        1.2,
        0.45,
        1.8,
        0.45,
        1,
        3.322,
        0.45,
        4.845,
        0.381,
        6.367,
        0.159,
        1,
        6.911,
        0.092,
        7.456,
        0.026,
        8,
        -0.041
      ]
    },
    {
      "Target": "Parameter",
      "Id": "ShoulderL_Roll",
      "Segments": [
        0,
        -0.368,
        1,
        0.5,
        -0.671,
        1,
        -0.684,
        1.5,
        -0.684,
        0,
        5.733,
        0.1,
        0,
        8,
        -0.368
      ]
    },
    {
      "Target": "Parameter",
      "Id": "ArmL_Roll",
      "Segments": [
        0,
        -1,
        1,
        0.311,
        -1,
        0.622,
        -0.307,
        0.933,
        0.238,
        1,
        1.122,
        0.569,
        1.311,
        0.557,
        1.5,
        0.557,
        0,
        4.567,
        -1,
        2,
        8,
        -1
      ]
    },
    {
      "Target": "Parameter",
      "Id": "ArmR_Sleeve_Move",
      "Segments": [
        0,
        0,
        1,
        0.278,
        -8.266,
        0.555,
        -10,
        0.833,
        -10,
        0,
        2.867,
        7,
        0,
        5.167,
        -10,
        0,
        7.267,
        9,
        0,
        8,
        0
      ]
    },
    {
      "Target": "Parameter",
      "Id": "ArmL_Sleeve_Move",
      "Segments": [
        0,
        0,
        1,
        0.278,
        8.334,
        0.555,
        10,
        0.833,
        10,
        0,
        3.033,
        -8,
        0,
        5.2,
        10,
        0,
        7.1,
        -9,
        0,
        8,
        0
      ]
    },
    {
      "Target": "Parameter",
      "Id": "HandR_Roll",
      "Segments": [
        0,
        -0.41,
        1,
        0.211,
        0.553,
        0.422,
        1,
        0.633,
        1,
        0,
        4.567,
        -1,
        0,
        5.833,
        1,
        0,
        8,
        -0.41
      ]
    },
    {
      "Target": "Parameter",
      "Id": "HandL_Roll",
      "Segments": [
        0,
        -2.646,
        1,
        0.211,
        -1.918,
        0.422,
        -1.677,
        0.633,
        -1.04,
        1,
        0.811,
        -0.503,
        0.989,
        0,
        1.167,
        0,
        0,
        4.4,
        -3,
        2,
        5.5,
        -3,
        0,
        6.233,
        0,
        0,
        8,
        -2.646
      ]
    },
    {
      "Target": "Parameter",
      "Id": "HandR01_Move",
      "Segments": [
        0,
        3.527,
        1,
        0.722,
        4.696,
        1.445,
        5,
        2.167,
        5,
        0,
        6.833,
        -5,
        0,
        8,
        3.527
      ]
    },
    {
      "Target": "Parameter",
      "Id": "HandL_move",
      "Segments": [
        0,
        5.623,
        1,
        0.211,
        6.87,
        0.422,
        7,
        0.633,
        7,
        1,
        0.811,
        7,
        0.989,
        4.303,
        1.167,
        3,
        1,
        2.067,
        -3.594,
        2.967,
        -6,
        3.867,
        -6,
        1,
        4.6,
        -6,
        5.334,
        -4.12,
        6.067,
        0,
        1,
        6.711,
        3.621,
        7.356,
        5.623,
        8,
        5.623
      ]
    },
    {
      "Target": "PartOpacity",
      "Id": "Part",
      "Segments": [
        0,
        1,
        2,
        8,
        1
      ]
    },
    {
      "Target": "PartOpacity",
      "Id": "Part2",
      "Segments": [
        0,
        1,
        2,
        8,
        1
      ]
    },
    {
      "Target": "PartOpacity",
      "Id": "Part12",
      "Segments": [
        0,
        1,
        2,
        8,
        1
      ]
    },
    {
      "Target": "PartOpacity",
      "Id": "Part4",
      "Segments": [
        0,
        1,
        2,
        8,
        1
      ]
    },
    {
      "Target": "PartOpacity",
      "Id": "Part3",
      "Segments": [
        0,
        1,
        2,
        8,
        1
      ]
    },
    {
      "Target": "PartOpacity",
      "Id": "Part13",
      "Segments": [
        0,
        1,
        2,
        8,
        1
      ]
    },
    {
      "Target": "PartOpacity",
      "Id": "Part22",
      "Segments": [
        0,
        0,
        2,
        8,
        0.02
      ]
    },
    {
      "Target": "PartOpacity",
      "Id": "Part9",
      "Segments": [
        0,
        1,
        2,
        8,
        1
      ]
    },
    {
      "Target": "PartOpacity",
      "Id": "Part17",
      "Segments": [
        0,
        1,
        2,
        8,
        1
      ]
    },
    {
      "Target": "PartOpacity",
      "Id": "Part18",
      "Segments": [
        0,
        0,
        2,
        8,
        0
      ]
    },
    {
      "Target": "PartOpacity",
      "Id": "Part19",
      "Segments": [
        0,
        0,
        2,
        8,
        0
      ]
    },
    {
      "Target": "PartOpacity",
      "Id": "Part23",
      "Segments": [
        0,
        1,
        2,
        8,
        1
      ]
    },
    {
      "Target": "PartOpacity",
      "Id": "Part21",
      "Segments": [
        0,
        0,
        2,
        8,
        0
      ]
    },
    {
      "Target": "PartOpacity",
      "Id": "Part24",
      "Segments": [
        0,
        0,
        2,
        8,
        0
      ]
    },
    {
      "Target": "PartOpacity",
      "Id": "Part8",
      "Segments": [
        0,
        1,
        2,
        8,
        1
      ]
    },
    {
      "Target": "PartOpacity",
      "Id": "Part6",
      "Segments": [
        0,
        1,
        2,
        8,
        1
      ]
    },
    {
      "Target": "PartOpacity",
      "Id": "Part11",
      "Segments": [
        0,
        1,
        2,
        8,
        1
      ]
    },
    {
      "Target": "PartOpacity",
      "Id": "Part5",
      "Segments": [
        0,
        1,
        2,
        8,
        1
      ]
    },
    {
      "Target": "PartOpacity",
      "Id": "Part10",
      "Segments": [
        0,
        1,
        2,
        8,
        1
      ]
    },
    {
      "Target": "PartOpacity",
      "Id": "Part14",
      "Segments": [
        0,
        0,
        2,
        8,
        0
      ]
    },
    {
      "Target": "PartOpacity",
      "Id": "Part15",
      "Segments": [
        0,
        0,
        2,
        8,
        0
      ]
    },
    {
      "Target": "PartOpacity",
      "Id": "Part16",
      "Segments": [
        0,
        1,
        2,
        8,
        1
      ]
    },
    {
      "Target": "PartOpacity",
      "Id": "Part7",
      "Segments": [
        0,
        1,
        2,
        8,
        1
      ]
    },
    {
      "Target": "PartOpacity",
      "Id": "Part20",
      "Segments": [
        0,
        1,
        2,
        8,
        1
      ]
    },
    {
      "Target": "Parameter",
      "Id": "BodyY",
      "Segments": [
        0,
        0,
        0,
        8,
        0
      ]
    },
    {
      "Target": "Parameter",
      "Id": "Body_Pose1",
      "Segments": [
        0,
        0,
        0,
        8,
        0
      ]
    },
    {
      "Target": "Parameter",
      "Id": "Skirt_Roll",
      "Segments": [
        0,
        0,
        0,
        8,
        0
      ]
    },
    {
      "Target": "Parameter",
      "Id": "HeadY",
      "Segments": [
        0,
        0,
        0,
        8,
        0
      ]
    },
    {
      "Target": "Parameter",
      "Id": "EyeBallX",
      "Segments": [
        0,
        0,
        0,
        8,
        0
      ]
    },
    {
      "Target": "Parameter",
      "Id": "EyeBallY",
      "Segments": [
        0,
        -0.4,
        0,
        8,
        -0.4
      ]
    },
    {
      "Target": "Parameter",
      "Id": "EyeBall_Size",
      "Segments": [
        0,
        0,
        0,
        8,
        0
      ]
    },
    {
      "Target": "Parameter",
      "Id": "EyeL_Open",
      "Segments": [
        0,
        1,
        0,
        8,
        1
      ]
    },
    {
      "Target": "Parameter",
      "Id": "EyeR_Open",
      "Segments": [
        0,
        1,
        0,
        8,
        1
      ]
    },
    {
      "Target": "Parameter",
      "Id": "BrowLY",
      "Segments": [
        0,
        -0.184,
        0,
        8,
        -0.184
      ]
    },
    {
      "Target": "Parameter",
      "Id": "BrowRY",
      "Segments": [
        0,
        -0.276,
        0,
        8,
        -0.276
      ]
    },
    {
      "Target": "Parameter",
      "Id": "BrowL_Angle",
      "Segments": [
        0,
        0,
        0,
        8,
        0
      ]
    },
    {
      "Target": "Parameter",
      "Id": "BrowR_Angle",
      "Segments": [
        0,
        0,
        0,
        8,
        0
      ]
    },
    {
      "Target": "Parameter",
      "Id": "BrowL_Form",
      "Segments": [
        0,
        0.925,
        0,
        8,
        0.925
      ]
    },
    {
      "Target": "Parameter",
      "Id": "BrowR_Form",
      "Segments": [
        0,
        0.935,
        0,
        8,
        0.935
      ]
    },
    {
      "Target": "Parameter",
      "Id": "EyeY",
      "Segments": [
        0,
        0,
        0,
        8,
        0
      ]
    },
    {
      "Target": "Parameter",
      "Id": "MouthY",
      "Segments": [
        0,
        0,
        0,
        8,
        0
      ]
    },
    {
      "Target": "Parameter",
      "Id": "Mouth_Form",
      "Segments": [
        0,
        0.649,
        0,
        8,
        0.649
      ]
    },
    {
      "Target": "Parameter",
      "Id": "Mouth_Open",
      "Segments": [
        0,
        0.7,
        0,
        8,
        0.7
      ]
    },
    {
      "Target": "Parameter",
      "Id": "Mouth_Size",
      "Segments": [
        0,
        0.7,
        0,
        8,
        0.7
      ]
    },
    {
      "Target": "Parameter",
      "Id": "HandR03_move",
      "Segments": [
        0,
        0,
        0,
        8,
        0
      ]
    },
    {
      "Target": "Parameter",
      "Id": "Leg_L",
      "Segments": [
        0,
        0,
        0,
        8,
        0
      ]
    },
    {
      "Target": "Parameter",
      "Id": "Leg_R",
      "Segments": [
        0,
        0,
        0,
        8,
        0
      ]
    },
    {
      "Target": "PartOpacity",
      "Id": "Part25",
      "Segments": [
        0,
        0,
        0,
        8,
        0
      ]
    }
  ],
  "UserData": [
    {
      "Time": 0.0,
      "Value": ""
    }
  ]
}