{
  "Version": 3,
  "Meta": {
    "Duration": 8.0,
    "Fps": 30.0,
    "Loop": true,
    "AreBeziersRestricted": true,
    "CurveCount": 76,
    "TotalSegmentCount": 187,
    "TotalPointCount": 255,
    "UserDataCount": 1,
    "TotalUserDataSize": 0
  },
  "Curves": [
    {
      "Target": "Parameter",
      "Id": "Body_Twist",
      "Segments": [
        0,
        -4.94,
        1,
        0.278,
        -6.925,
        0.555,
        -8,
        0.833,
        -8,
        0,
        2.7,
        3.954,
        0,
        4.833,
        -6.987,
        0,
        6.567,
        2.513,
        1,
        7.045,
        2.513,
        7.522,
        -0.325,
        8,
        -4.94
      ]
    },
    {
      "Target": "Parameter",
      "Id": "Body_Shaking",
      "Segments": [
        0,
        -5.536,
        1,
        0.311,
        -1.906,
        0.622,
        0,
        0.933,
        0,
        0,
        2.2,
        -2.045,
        0,
        3.833,
        0,
        0,
        5.3,
        -2.044,
        0,
        6.467,
        0,
        0,
        7.633,
        -5.986,
        1,
        7.755,
        -5.986,
        7.878,
        -6.379,
        8,
        -5.536
      ]
    },
    {
      "Target": "Parameter",
      "Id": "BodyY",
      "Segments": [
        0,
        -4.754,
        0,
        8,
        -4.78
      ]
    },
    {
      "Target": "Parameter",
      "Id": "Breath",
      "Segments": [
        0,
        0,
        0,
        1.267,
        1,
        0,
        2.733,
        0,
        0,
        3.9,
        1,
        0,
        5.467,
        0,
        0,
        6.833,
        1,
        0,
        8,
        0
      ]
    },
    {
      "Target": "Parameter",
      "Id": "Skirt_Shaking",
      "Segments": [
        0,
        -3.762,
        1,
        0.178,
        -0.123,
        0.355,
        3,
        0.533,
        3,
        0,
        2.067,
        -6,
        0,
        3.533,
        4,
        0,
        5,
        -3,
        0,
        6.367,
        3,
        0,
        7.767,
        -5,
        1,
        7.845,
        -5,
        7.922,
        -6.507,
        8,
        -3.762
      ]
    },
    {
      "Target": "Parameter",
      "Id": "Skirt_Roll",
      "Segments": [
        0,
        -4.744,
        0,
        0.533,
        0,
        0,
        1.767,
        -4,
        0,
        3.267,
        2,
        0,
        4.9,
        -4,
        0,
        6.433,
        3,
        0,
        7.767,
        -4,
        1,
        7.845,
        -4,
        7.922,
        -6.392,
        8,
        -4.744
      ]
    },
    {
      "Target": "Parameter",
      "Id": "Tie_Shaking",
      "Segments": [
        0,
        4.05,
        1,
        0.1,
        6.228,
        0.2,
        6,
        0.3,
        6,
        0,
        1.467,
        -4,
        0,
        2.567,
        6,
        0,
        4.067,
        -4,
        0,
        5.333,
        6,
        0,
        7,
        -6,
        1,
        7.333,
        -6,
        7.667,
        -2.277,
        8,
        4.05
      ]
    },
    {
      "Target": "Parameter",
      "Id": "Head_AngleX",
      "Segments": [
        0,
        -2.654,
        1,
        0.244,
        -5.315,
        0.489,
        -6.941,
        0.733,
        -6.941,
        1,
        1.689,
        -6.941,
        2.644,
        -1.882,
        3.6,
        4.391,
        1,
        3.978,
        6.871,
        4.355,
        7,
        4.733,
        7,
        0,
        8,
        -2.654
      ]
    },
    {
      "Target": "Parameter",
      "Id": "Head_AngleY",
      "Segments": [
        0,
        6.764,
        1,
        0.267,
        8.902,
        0.533,
        9.348,
        0.8,
        9.348,
        0,
        3.333,
        -10,
        1,
        3.833,
        -10,
        4.333,
        2.113,
        4.833,
        4.32,
        1,
        5.433,
        6.969,
        6.033,
        6.764,
        6.633,
        6.764,
        2,
        8,
        6.764
      ]
    },
    {
      "Target": "Parameter",
      "Id": "Head_Roll",
      "Segments": [
        0,
        9,
        1,
        0.356,
        5.267,
        0.711,
        -2,
        1.067,
        -2,
        0,
        2.8,
        6,
        0,
        5.333,
        -4,
        0,
        7.433,
        6,
        0,
        8,
        9
      ]
    },
    {
      "Target": "Parameter",
      "Id": "HairFront_Shaking",
      "Segments": [
        0,
        0.483,
        1,
        0.089,
        0.72,
        0.178,
        0.7,
        0.267,
        0.7,
        0,
        1.733,
        -0.3,
        1,
        1.922,
        -0.3,
        2.111,
        -0.305,
        2.3,
        0,
        1,
        2.544,
        0.395,
        2.789,
        1,
        3.033,
        1,
        0,
        4.7,
        -0.321,
        0,
        6.1,
        1,
        0,
        7.4,
        -0.271,
        1,
        7.6,
        -0.271,
        7.8,
        0.063,
        8,
        0.483
      ]
    },
    {
      "Target": "Parameter",
      "Id": "HairSide_Shaking",
      "Segments": [
        0,
        0.373,
        0,
        0.9,
        -0.323,
        0,
        1.8,
        0.2,
        0,
        2.833,
        -0.3,
        0,
        3.9,
        0.3,
        0,
        5,
        -0.218,
        0,
        6.1,
        0.3,
        0,
        7.4,
        -0.272,
        1,
        7.6,
        -0.272,
        7.8,
        0.13,
        8,
        0.373
      ]
    },
    {
      "Target": "Parameter",
      "Id": "HairBack_Shaking",
      "Segments": [
        0,
        0.161,
        0,
        0.9,
        -0.3,
        0,
        1.9,
        0.2,
        0,
        2.967,
        -0.3,
        0,
        4.033,
        0.3,
        0,
        5,
        -0.187,
        0,
        6.133,
        0.239,
        0,
        7.1,
        -0.221,
        0,
        8,
        0.161
      ]
    },
    {
      "Target": "Parameter",
      "Id": "Shoulder_Move",
      "Segments": [
        0,
        29.418,
        1,
        0.244,
        28.747,
        0.489,
        28.203,
        0.733,
        28.203,
        0,
        2,
        30,
        0,
        3.067,
        28.673,
        0,
        4.1,
        30,
        0,
        5.167,
        28.673,
        0,
        6.2,
        29.626,
        0,
        7.067,
        28.673,
        0,
        7.833,
        29.473,
        0,
        8,
        29.418
      ]
    },
    {
      "Target": "Parameter",
      "Id": "ShoulderR_Roll",
      "Segments": [
        0,
        -1.017,
        1,
        0.444,
        -1.017,
        0.889,
        -1.1,
        1.333,
        -0.751,
        1,
        1.9,
        -0.307,
        2.466,
        2,
        3.033,
        2,
        0,
        4.933,
        0.989,
        0,
        6.8,
        2,
        0,
        8,
        -1
      ]
    },
    {
      "Target": "Parameter",
      "Id": "ArmR_Roll",
      "Segments": [
        0,
        36.626,
        1,
        0.2,
        36.557,
        0.4,
        36.54,
        0.6,
        36.54,
        0,
        2.133,
        36.84,
        0,
        4,
        36.64,
        0,
        6.133,
        36.89,
        0,
        8,
        36.626
      ]
    },
    {
      "Target": "Parameter",
      "Id": "ShoulderL_Roll",
      "Segments": [
        0,
        -7.679,
        1,
        0.344,
        -7.322,
        0.689,
        -7.048,
        1.033,
        -7.048,
        0,
        2.767,
        -7.828,
        0,
        4.367,
        -7.108,
        0,
        6.333,
        -8.106,
        1,
        6.889,
        -8.106,
        7.444,
        -7.974,
        8,
        -7.679
      ]
    },
    {
      "Target": "Parameter",
      "Id": "ArmL_Roll",
      "Segments": [
        0,
        33.762,
        1,
        0.2,
        33.757,
        0.4,
        33.758,
        0.6,
        33.758,
        0,
        2.133,
        34.158,
        0,
        4,
        33.658,
        0,
        6.133,
        33.958,
        0,
        8,
        33.762
      ]
    },
    {
      "Target": "Parameter",
      "Id": "ArmR_Sleeve_Move",
      "Segments": [
        0,
        0,
        1,
        0.278,
        -10.493,
        0.555,
        -18.734,
        0.833,
        -18.734,
        0,
        2.833,
        12.19,
        0,
        5.167,
        -15.833,
        0,
        7.267,
        14.298,
        0,
        8,
        0
      ]
    },
    {
      "Target": "Parameter",
      "Id": "ArmL_Sleeve_Move",
      "Segments": [
        0,
        0,
        1,
        0.278,
        10.615,
        0.555,
        18.601,
        0.833,
        18.601,
        0,
        3,
        -14.753,
        0,
        5.2,
        16.592,
        0,
        7.1,
        -13.911,
        0,
        8,
        0
      ]
    },
    {
      "Target": "Parameter",
      "Id": "HandR_Roll",
      "Segments": [
        0,
        10.287,
        1,
        0.3,
        8.844,
        0.6,
        8.04,
        0.9,
        8.04,
        0,
        2.4,
        11.58,
        0,
        3.867,
        8.58,
        0,
        5.3,
        11.82,
        0,
        6.567,
        9.36,
        0,
        7.467,
        12.054,
        1,
        7.645,
        12.054,
        7.822,
        11.476,
        8,
        10.287
      ]
    },
    {
      "Target": "Parameter",
      "Id": "HandL_Roll",
      "Segments": [
        0,
        -12.285,
        1,
        0.3,
        -10.241,
        0.6,
        -9.101,
        0.9,
        -9.101,
        0,
        2.333,
        -14.141,
        0,
        3.933,
        -8.681,
        0,
        5.267,
        -12.701,
        0,
        6.467,
        -9.521,
        0,
        7.533,
        -13.339,
        1,
        7.678,
        -13.339,
        7.822,
        -13.158,
        7.967,
        -12.285,
        2,
        8,
        -12.285
      ]
    },
    {
      "Target": "PartOpacity",
      "Id": "Part",
      "Segments": [
        0,
        1,
        2,
        8,
        1
      ]
    },
    {
      "Target": "PartOpacity",
      "Id": "Part2",
      "Segments": [
        0,
        1,
        2,
        8,
        1
      ]
    },
    {
      "Target": "PartOpacity",
      "Id": "Part12",
      "Segments": [
        0,
        1,
        2,
        8,
        1
      ]
    },
    {
      "Target": "PartOpacity",
      "Id": "Part4",
      "Segments": [
        0,
        1,
        2,
        8,
        1
      ]
    },
    {
      "Target": "PartOpacity",
      "Id": "Part3",
      "Segments": [
        0,
        1,
        2,
        8,
        1
      ]
    },
    {
      "Target": "PartOpacity",
      "Id": "Part13",
      "Segments": [
        0,
        1,
        2,
        8,
        1
      ]
    },
    {
      "Target": "PartOpacity",
      "Id": "Part22",
      "Segments": [
        0,
        1,
        2,
        8,
        1
      ]
    },
    {
      "Target": "PartOpacity",
      "Id": "Part9",
      "Segments": [
        0,
        0,
        2,
        8,
        0
      ]
    },
    {
      "Target": "PartOpacity",
      "Id": "Part17",
      "Segments": [
        0,
        0,
        2,
        8,
        0
      ]
    },
    {
      "Target": "PartOpacity",
      "Id": "Part18",
      "Segments": [
        0,
        1,
        2,
        8,
        1
      ]
    },
    {
      "Target": "PartOpacity",
      "Id": "Part19",
      "Segments": [
        0,
        0,
        2,
        8,
        0
      ]
    },
    {
      "Target": "PartOpacity",
      "Id": "Part23",
      "Segments": [
        0,
        1,
        2,
        8,
        1
      ]
    },
    {
      "Target": "PartOpacity",
      "Id": "Part21",
      "Segments": [
        0,
        1,
        2,
        8,
        1
      ]
    },
    {
      "Target": "PartOpacity",
      "Id": "Part24",
      "Segments": [
        0,
        0,
        2,
        8,
        0
      ]
    },
    {
      "Target": "PartOpacity",
      "Id": "Part26",
      "Segments": [
        0,
        1,
        2,
        8,
        1
      ]
    },
    {
      "Target": "PartOpacity",
      "Id": "Part8",
      "Segments": [
        0,
        1,
        2,
        8,
        1
      ]
    },
    {
      "Target": "PartOpacity",
      "Id": "Part6",
      "Segments": [
        0,
        1,
        2,
        8,
        1
      ]
    },
    {
      "Target": "PartOpacity",
      "Id": "Part11",
      "Segments": [
        0,
        1,
        2,
        8,
        1
      ]
    },
    {
      "Target": "PartOpacity",
      "Id": "Part5",
      "Segments": [
        0,
        1,
        2,
        8,
        1
      ]
    },
    {
      "Target": "PartOpacity",
      "Id": "Part10",
      "Segments": [
        0,
        0,
        2,
        8,
        0
      ]
    },
    {
      "Target": "PartOpacity",
      "Id": "Part14",
      "Segments": [
        0,
        0,
        2,
        8,
        0
      ]
    },
    {
      "Target": "PartOpacity",
      "Id": "Part15",
      "Segments": [
        0,
        0,
        2,
        8,
        0
      ]
    },
    {
      "Target": "PartOpacity",
      "Id": "Part16",
      "Segments": [
        0,
        1,
        2,
        8,
        1
      ]
    },
    {
      "Target": "PartOpacity",
      "Id": "Part7",
      "Segments": [
        0,
        1,
        2,
        8,
        1
      ]
    },
    {
      "Target": "PartOpacity",
      "Id": "Part20",
      "Segments": [
        0,
        1,
        2,
        8,
        1
      ]
    },
    {
      "Target": "Parameter",
      "Id": "Body_Pose1",
      "Segments": [
        0,
        0,
        0,
        8,
        0
      ]
    },
    {
      "Target": "Parameter",
      "Id": "HeadY",
      "Segments": [
        0,
        -30,
        0,
        8,
        -30
      ]
    },
    {
      "Target": "Parameter",
      "Id": "EyeBallX",
      "Segments": [
        0,
        0,
        0,
        8,
        0
      ]
    },
    {
      "Target": "Parameter",
      "Id": "EyeBallY",
      "Segments": [
        0,
        -0.3,
        0,
        8,
        -0.3
      ]
    },
    {
      "Target": "Parameter",
      "Id": "EyeBall_Size",
      "Segments": [
        0,
        0,
        0,
        8,
        0
      ]
    },
    {
      "Target": "Parameter",
      "Id": "EyeL_Open",
      "Segments": [
        0,
        0,
        0,
        8,
        0
      ]
    },
    {
      "Target": "Parameter",
      "Id": "EyeL_Smile",
      "Segments": [
        0,
        -1,
        0,
        8,
        -1
      ]
    },
    {
      "Target": "Parameter",
      "Id": "EyeR_Open",
      "Segments": [
        0,
        0,
        0,
        8,
        0
      ]
    },
    {
      "Target": "Parameter",
      "Id": "EyeR_Smile",
      "Segments": [
        0,
        -1,
        0,
        8,
        -1
      ]
    },
    {
      "Target": "Parameter",
      "Id": "BrowLY",
      "Segments": [
        0,
        -1.5,
        0,
        8,
        -1.5
      ]
    },
    {
      "Target": "Parameter",
      "Id": "BrowRY",
      "Segments": [
        0,
        -1.5,
        0,
        8,
        -1.5
      ]
    },
    {
      "Target": "Parameter",
      "Id": "BrowL_Angle",
      "Segments": [
        0,
        0.507,
        0,
        8,
        0.507
      ]
    },
    {
      "Target": "Parameter",
      "Id": "BrowR_Angle",
      "Segments": [
        0,
        0.507,
        0,
        8,
        0.507
      ]
    },
    {
      "Target": "Parameter",
      "Id": "BrowL_Form",
      "Segments": [
        0,
        -0.063,
        0,
        8,
        -0.063
      ]
    },
    {
      "Target": "Parameter",
      "Id": "BrowR_Form",
      "Segments": [
        0,
        -0.263,
        0,
        8,
        -0.263
      ]
    },
    {
      "Target": "Parameter",
      "Id": "EyeY",
      "Segments": [
        0,
        0,
        0,
        8,
        0
      ]
    },
    {
      "Target": "Parameter",
      "Id": "MouthY",
      "Segments": [
        0,
        30,
        0,
        8,
        30
      ]
    },
    {
      "Target": "Parameter",
      "Id": "Mouth_Form",
      "Segments": [
        0,
        0,
        0,
        8,
        0
      ]
    },
    {
      "Target": "Parameter",
      "Id": "Mouth_Open",
      "Segments": [
        0,
        1,
        0,
        8,
        1
      ]
    },
    {
      "Target": "Parameter",
      "Id": "Mouth_Size",
      "Segments": [
        0,
        1,
        0,
        8,
        1
      ]
    },
    {
      "Target": "Parameter",
      "Id": "Param11",
      "Segments": [
        0,
        0.3,
        0,
        8,
        0.3
      ]
    },
    {
      "Target": "Parameter",
      "Id": "Param10",
      "Segments": [
        0,
        0.3,
        0,
        8,
        0.3
      ]
    },
    {
      "Target": "Parameter",
      "Id": "HandR01_Move",
      "Segments": [
        0,
        0,
        0,
        8,
        0
      ]
    },
    {
      "Target": "Parameter",
      "Id": "HandR03_move",
      "Segments": [
        0,
        0,
        0,
        8,
        0
      ]
    },
    {
      "Target": "Parameter",
      "Id": "HandL_move",
      "Segments": [
        0,
        0,
        0,
        8,
        0
      ]
    },
    {
      "Target": "Parameter",
      "Id": "Leg_L",
      "Segments": [
        0,
        10,
        0,
        8,
        10
      ]
    },
    {
      "Target": "Parameter",
      "Id": "Leg_R",
      "Segments": [
        0,
        -15,
        0,
        8,
        -15
      ]
    },
    {
      "Target": "PartOpacity",
      "Id": "Part25",
      "Segments": [
        0,
        0,
        0,
        8,
        0
      ]
    },
    {
      "Target": "PartOpacity",
      "Id": "Part29",
      "Segments": [
        0,
        0,
        0,
        8,
        0
      ]
    }
  ],
  "UserData": [
    {
      "Time": 0.0,
      "Value": ""
    }
  ]
}