{
  "Version": 3,
  "Meta": {
    "Duration": 2.0,
    "Fps": 30.0,
    "Loop": true,
    "AreBeziersRestricted": true,
    "CurveCount": 73,
    "TotalSegmentCount": 191,
    "TotalPointCount": 285,
    "UserDataCount": 1,
    "TotalUserDataSize": 0
  },
  "Curves": [
    {
      "Target": "Parameter",
      "Id": "Body_Twist",
      "Segments": [
        0,
        0,
        0,
        0.667,
        -30,
        0,
        1.567,
        -7,
        1,
        1.711,
        -7,
        1.856,
        -7.495,
        2,
        -11.64
      ]
    },
    {
      "Target": "Parameter",
      "Id": "Body_Shaking",
      "Segments": [
        0,
        0,
        0,
        0.6,
        10,
        0,
        1.333,
        -3,
        1,
        1.466,
        -3,
        1.6,
        -2.069,
        1.733,
        0,
        1,
        1.822,
        1.38,
        1.911,
        2.848,
        2,
        4.368
      ]
    },
    {
      "Target": "Parameter",
      "Id": "BodyY",
      "Segments": [
        0,
        0,
        0,
        0.167,
        -18,
        0,
        0.6,
        13,
        0,
        0.967,
        -15,
        0,
        1.533,
        16,
        0,
        2,
        -5.513
      ]
    },
    {
      "Target": "Parameter",
      "Id": "Body_Pose1",
      "Segments": [
        0,
        0,
        0,
        0.6,
        5,
        0,
        0.9,
        0,
        2,
        2,
        0
      ]
    },
    {
      "Target": "Parameter",
      "Id": "Breath",
      "Segments": [
        0,
        0,
        2,
        0.333,
        0,
        0,
        0.667,
        1,
        0,
        1.133,
        0,
        0,
        1.633,
        1,
        1,
        1.755,
        1,
        1.878,
        1.005,
        2,
        0.99
      ]
    },
    {
      "Target": "Parameter",
      "Id": "Skirt_Shaking",
      "Segments": [
        0,
        0,
        2,
        0.367,
        0,
        0,
        0.667,
        20,
        0,
        1.033,
        -19,
        1,
        1.355,
        -19,
        1.678,
        -11.438,
        2,
        0
      ]
    },
    {
      "Target": "Parameter",
      "Id": "Skirt_Roll",
      "Segments": [
        0,
        0,
        0,
        0.6,
        30,
        1,
        0.722,
        30,
        0.845,
        10.668,
        0.967,
        0,
        1,
        1.111,
        -12.607,
        1.256,
        -14,
        1.4,
        -14,
        1,
        1.6,
        -14,
        1.8,
        -9.408,
        2,
        -1.234
      ]
    },
    {
      "Target": "Parameter",
      "Id": "Tie_Shaking",
      "Segments": [
        0,
        0,
        0,
        0.567,
        19.343,
        0,
        1.633,
        -13.234,
        1,
        1.755,
        -13.234,
        1.878,
        -11.238,
        2,
        -6.029
      ]
    },
    {
      "Target": "Parameter",
      "Id": "Head_AngleX",
      "Segments": [
        0,
        0,
        2,
        0.1,
        0,
        2,
        0.5,
        0,
        1,
        0.667,
        0,
        0.833,
        1.402,
        1,
        3,
        1,
        1.167,
        4.598,
        1.333,
        5,
        1.5,
        5,
        1,
        1.667,
        5,
        1.833,
        1.278,
        2,
        0
      ]
    },
    {
      "Target": "Parameter",
      "Id": "Head_AngleY",
      "Segments": [
        0,
        0,
        0,
        0.1,
        -30,
        0,
        0.5,
        9,
        0,
        1,
        -28,
        0,
        1.5,
        12,
        1,
        1.667,
        12,
        1.833,
        7.548,
        2,
        0
      ]
    },
    {
      "Target": "Parameter",
      "Id": "Head_Roll",
      "Segments": [
        0,
        0,
        0,
        0.5,
        24.873,
        1,
        0.8,
        24.873,
        1.1,
        -13.356,
        1.4,
        -16.135,
        1,
        1.6,
        -17.734,
        1.8,
        -17.515,
        2,
        -15.655
      ]
    },
    {
      "Target": "Parameter",
      "Id": "EyeBallX",
      "Segments": [
        0,
        0,
        2,
        0.1,
        0,
        0,
        0.533,
        0.1,
        0,
        1,
        0,
        0,
        1.5,
        0.1,
        0,
        2,
        0
      ]
    },
    {
      "Target": "Parameter",
      "Id": "EyeBallY",
      "Segments": [
        0,
        0,
        0,
        0.1,
        0.2,
        0,
        0.533,
        -0.2,
        0,
        1,
        0.1,
        0,
        1.5,
        -0.1,
        0,
        2,
        0
      ]
    },
    {
      "Target": "Parameter",
      "Id": "EyeBall_Size",
      "Segments": [
        0,
        0,
        0,
        0.233,
        -6,
        2,
        2,
        -6
      ]
    },
    {
      "Target": "Parameter",
      "Id": "EyeL_Smile",
      "Segments": [
        0,
        0,
        2,
        0.067,
        0,
        2,
        0.133,
        0,
        2,
        0.2,
        0,
        0,
        0.333,
        1,
        1,
        0.355,
        1,
        0.378,
        1.01,
        0.4,
        0.8,
        1,
        0.422,
        0.59,
        0.445,
        0,
        0.467,
        0,
        2,
        0.533,
        0,
        0,
        0.6,
        0.746,
        2,
        2,
        0.746
      ]
    },
    {
      "Target": "Parameter",
      "Id": "EyeR_Smile",
      "Segments": [
        0,
        0,
        2,
        0.067,
        0,
        2,
        0.133,
        0,
        2,
        0.2,
        0,
        0,
        0.333,
        1,
        1,
        0.355,
        1,
        0.378,
        1.01,
        0.4,
        0.8,
        1,
        0.422,
        0.59,
        0.445,
        0,
        0.467,
        0,
        2,
        0.533,
        0,
        0,
        0.6,
        0.748,
        2,
        2,
        0.748
      ]
    },
    {
      "Target": "Parameter",
      "Id": "BrowLY",
      "Segments": [
        0,
        0,
        0,
        0.233,
        0.6,
        0,
        0.3,
        0.453,
        0,
        0.4,
        0.5,
        2,
        2,
        0.5
      ]
    },
    {
      "Target": "Parameter",
      "Id": "BrowRY",
      "Segments": [
        0,
        0,
        0,
        0.233,
        0.7,
        0,
        0.3,
        0.556,
        2,
        2,
        0.556
      ]
    },
    {
      "Target": "Parameter",
      "Id": "BrowL_Angle",
      "Segments": [
        0,
        0,
        0,
        0.233,
        -0.3,
        2,
        2,
        -0.3
      ]
    },
    {
      "Target": "Parameter",
      "Id": "BrowR_Angle",
      "Segments": [
        0,
        0,
        0,
        0.233,
        -0.3,
        2,
        2,
        -0.3
      ]
    },
    {
      "Target": "Parameter",
      "Id": "Mouth_Form",
      "Segments": [
        0,
        0,
        1,
        0.022,
        0,
        0.045,
        -0.34,
        0.067,
        -0.5,
        1,
        0.122,
        -0.901,
        0.178,
        -1,
        0.233,
        -1,
        2,
        1.167,
        -1,
        2,
        2,
        -1
      ]
    },
    {
      "Target": "Parameter",
      "Id": "Mouth_Size",
      "Segments": [
        0,
        1,
        1,
        0.211,
        1,
        0.422,
        0.821,
        0.633,
        0.702,
        1,
        0.811,
        0.602,
        0.989,
        0.6,
        1.167,
        0.6,
        2,
        2,
        0.6
      ]
    },
    {
      "Target": "Parameter",
      "Id": "HairFront_Shaking",
      "Segments": [
        0,
        0,
        0,
        0.267,
        -0.705,
        0,
        0.833,
        1,
        0,
        1.333,
        -1,
        1,
        1.555,
        -1,
        1.778,
        -0.685,
        2,
        0
      ]
    },
    {
      "Target": "Parameter",
      "Id": "HairSide_Shaking",
      "Segments": [
        0,
        0,
        0,
        0.233,
        -0.251,
        0,
        0.767,
        0.5,
        0,
        1.5,
        0,
        1,
        1.667,
        0,
        1.833,
        0.014,
        2,
        0.088
      ]
    },
    {
      "Target": "Parameter",
      "Id": "HairBack_Shaking",
      "Segments": [
        0,
        0,
        0,
        0.767,
        0.5,
        0,
        1.5,
        0,
        1,
        1.667,
        0,
        1.833,
        0.015,
        2,
        0.095
      ]
    },
    {
      "Target": "Parameter",
      "Id": "ShoulderR_Roll",
      "Segments": [
        0,
        0,
        0,
        0.067,
        2,
        0,
        0.467,
        -6,
        0,
        1.067,
        1.702,
        0,
        1.8,
        -1.378,
        1,
        1.867,
        -1.378,
        1.933,
        -1.248,
        2,
        -0.942
      ]
    },
    {
      "Target": "Parameter",
      "Id": "ArmR_Roll",
      "Segments": [
        0,
        0,
        0,
        0.2,
        3,
        1,
        0.289,
        3,
        0.378,
        1.95,
        0.467,
        -0.5,
        1,
        0.522,
        -2.031,
        0.578,
        -3,
        0.633,
        -3,
        0,
        0.967,
        2.122,
        0,
        1.767,
        0.658,
        1,
        1.845,
        0.658,
        1.922,
        0.794,
        2,
        0.867
      ]
    },
    {
      "Target": "Parameter",
      "Id": "ShoulderL_Roll",
      "Segments": [
        0,
        0,
        0,
        0.067,
        -2,
        0,
        0.467,
        1.5,
        0,
        0.967,
        -2,
        1,
        1.222,
        -2,
        1.478,
        -0.59,
        1.733,
        0,
        1,
        1.822,
        0.129,
        1.911,
        0.15,
        2,
        0.15
      ]
    },
    {
      "Target": "Parameter",
      "Id": "ArmL_Roll",
      "Segments": [
        0,
        0,
        0,
        0.2,
        2,
        1,
        0.289,
        2,
        0.378,
        -4.022,
        0.467,
        -6,
        1,
        0.522,
        -7.237,
        0.578,
        -7,
        0.633,
        -7,
        1,
        0.711,
        -7,
        0.789,
        -6.465,
        0.867,
        -4,
        1,
        0.956,
        -1.182,
        1.044,
        1.398,
        1.133,
        1.398,
        0,
        1.7,
        -1.386,
        1,
        1.8,
        -1.386,
        1.9,
        -0.773,
        2,
        -0.387
      ]
    },
    {
      "Target": "Parameter",
      "Id": "ArmR_Sleeve_Move",
      "Segments": [
        0,
        0,
        0,
        1,
        28.781,
        1,
        1.333,
        28.781,
        1.667,
        20.885,
        2,
        0
      ]
    },
    {
      "Target": "Parameter",
      "Id": "ArmL_Sleeve_Move",
      "Segments": [
        0,
        0,
        0,
        1.033,
        -28.384,
        1,
        1.355,
        -28.384,
        1.678,
        -20.625,
        2,
        0
      ]
    },
    {
      "Target": "Parameter",
      "Id": "HandR_Roll",
      "Segments": [
        0,
        0,
        0,
        0.267,
        10,
        1,
        0.356,
        10,
        0.444,
        9.542,
        0.533,
        3,
        1,
        0.6,
        -1.907,
        0.666,
        -17,
        0.733,
        -17,
        1,
        0.866,
        -17,
        1,
        -10.397,
        1.133,
        0,
        1,
        1.211,
        6.065,
        1.289,
        8,
        1.367,
        8,
        0,
        2,
        -4.883
      ]
    },
    {
      "Target": "Parameter",
      "Id": "HandL_Roll",
      "Segments": [
        0,
        0,
        0,
        0.267,
        -11,
        1,
        0.356,
        -11,
        0.444,
        -10.4,
        0.533,
        -4,
        1,
        0.6,
        0.8,
        0.666,
        13,
        0.733,
        13,
        1,
        0.866,
        13,
        1,
        9.486,
        1.133,
        0,
        1,
        1.211,
        -5.534,
        1.289,
        -9.987,
        1.367,
        -9.987,
        0,
        2,
        5.637
      ]
    },
    {
      "Target": "Parameter",
      "Id": "HandR01_Move",
      "Segments": [
        0,
        0,
        0,
        0.167,
        15,
        0,
        2,
        0
      ]
    },
    {
      "Target": "Parameter",
      "Id": "HandR03_move",
      "Segments": [
        0,
        0,
        0,
        0.433,
        30,
        0,
        0.833,
        0,
        0,
        1.2,
        30,
        0,
        1.533,
        -18.726,
        0,
        2,
        17.217
      ]
    },
    {
      "Target": "Parameter",
      "Id": "HandL_move",
      "Segments": [
        0,
        0,
        0,
        0.167,
        -15,
        0,
        0.733,
        15,
        0,
        1.367,
        -15,
        0,
        2,
        -9
      ]
    },
    {
      "Target": "PartOpacity",
      "Id": "Part",
      "Segments": [
        0,
        1,
        2,
        2,
        1
      ]
    },
    {
      "Target": "PartOpacity",
      "Id": "Part2",
      "Segments": [
        0,
        1,
        2,
        2,
        1
      ]
    },
    {
      "Target": "PartOpacity",
      "Id": "Part12",
      "Segments": [
        0,
        1,
        2,
        2,
        1
      ]
    },
    {
      "Target": "PartOpacity",
      "Id": "Part4",
      "Segments": [
        0,
        1,
        2,
        2,
        1
      ]
    },
    {
      "Target": "PartOpacity",
      "Id": "Part3",
      "Segments": [
        0,
        1,
        2,
        2,
        1
      ]
    },
    {
      "Target": "PartOpacity",
      "Id": "Part13",
      "Segments": [
        0,
        1,
        2,
        2,
        1
      ]
    },
    {
      "Target": "PartOpacity",
      "Id": "Part22",
      "Segments": [
        0,
        0,
        2,
        2,
        0
      ]
    },
    {
      "Target": "PartOpacity",
      "Id": "Part9",
      "Segments": [
        0,
        1,
        2,
        2,
        1
      ]
    },
    {
      "Target": "PartOpacity",
      "Id": "Part25",
      "Segments": [
        0,
        0,
        2,
        2,
        0
      ]
    },
    {
      "Target": "PartOpacity",
      "Id": "Part17",
      "Segments": [
        0,
        1,
        2,
        2,
        1
      ]
    },
    {
      "Target": "PartOpacity",
      "Id": "Part18",
      "Segments": [
        0,
        0,
        2,
        2,
        0
      ]
    },
    {
      "Target": "PartOpacity",
      "Id": "Part19",
      "Segments": [
        0,
        0,
        2,
        2,
        0
      ]
    },
    {
      "Target": "PartOpacity",
      "Id": "Part23",
      "Segments": [
        0,
        1,
        2,
        2,
        1
      ]
    },
    {
      "Target": "PartOpacity",
      "Id": "Part21",
      "Segments": [
        0,
        0,
        2,
        2,
        0
      ]
    },
    {
      "Target": "PartOpacity",
      "Id": "Part24",
      "Segments": [
        0,
        0,
        2,
        2,
        0
      ]
    },
    {
      "Target": "PartOpacity",
      "Id": "Part8",
      "Segments": [
        0,
        1,
        2,
        2,
        1
      ]
    },
    {
      "Target": "PartOpacity",
      "Id": "Part6",
      "Segments": [
        0,
        1,
        2,
        2,
        1
      ]
    },
    {
      "Target": "PartOpacity",
      "Id": "Part11",
      "Segments": [
        0,
        1,
        2,
        2,
        1
      ]
    },
    {
      "Target": "PartOpacity",
      "Id": "Part5",
      "Segments": [
        0,
        1,
        2,
        2,
        1
      ]
    },
    {
      "Target": "PartOpacity",
      "Id": "Part10",
      "Segments": [
        0,
        1,
        2,
        2,
        1
      ]
    },
    {
      "Target": "PartOpacity",
      "Id": "Part14",
      "Segments": [
        0,
        0,
        2,
        2,
        0
      ]
    },
    {
      "Target": "PartOpacity",
      "Id": "Part15",
      "Segments": [
        0,
        0,
        2,
        2,
        0
      ]
    },
    {
      "Target": "PartOpacity",
      "Id": "Part16",
      "Segments": [
        0,
        1,
        2,
        2,
        1
      ]
    },
    {
      "Target": "PartOpacity",
      "Id": "Part7",
      "Segments": [
        0,
        1,
        2,
        2,
        1
      ]
    },
    {
      "Target": "PartOpacity",
      "Id": "Part20",
      "Segments": [
        0,
        1,
        2,
        2,
        1
      ]
    },
    {
      "Target": "Parameter",
      "Id": "HeadY",
      "Segments": [
        0,
        0,
        0,
        2,
        0
      ]
    },
    {
      "Target": "Parameter",
      "Id": "EyeL_Open",
      "Segments": [
        0,
        1,
        0,
        2,
        1
      ]
    },
    {
      "Target": "Parameter",
      "Id": "EyeR_Open",
      "Segments": [
        0,
        1,
        0,
        2,
        1
      ]
    },
    {
      "Target": "Parameter",
      "Id": "BrowL_Form",
      "Segments": [
        0,
        0,
        0,
        2,
        0
      ]
    },
    {
      "Target": "Parameter",
      "Id": "BrowR_Form",
      "Segments": [
        0,
        0,
        0,
        2,
        0
      ]
    },
    {
      "Target": "Parameter",
      "Id": "EyeY",
      "Segments": [
        0,
        0,
        0,
        2,
        0
      ]
    },
    {
      "Target": "Parameter",
      "Id": "MouthY",
      "Segments": [
        0,
        0,
        0,
        2,
        0
      ]
    },
    {
      "Target": "Parameter",
      "Id": "Mouth_Open",
      "Segments": [
        0,
        1,
        0,
        2,
        1
      ]
    },
    {
      "Target": "Parameter",
      "Id": "Shoulder_Move",
      "Segments": [
        0,
        0,
        0,
        2,
        0
      ]
    },
    {
      "Target": "Parameter",
      "Id": "Leg_L",
      "Segments": [
        0,
        0,
        0,
        2,
        0
      ]
    },
    {
      "Target": "Parameter",
      "Id": "Leg_R",
      "Segments": [
        0,
        0,
        0,
        2,
        0
      ]
    },
    {
      "Target": "PartOpacity",
      "Id": "Part26",
      "Segments": [
        0,
        1,
        0,
        2,
        1
      ]
    }
  ],
  "UserData": [
    {
      "Time": 0.0,
      "Value": ""
    }
  ]
}