{
  "Version": 3,
  "Meta": {
    "Duration": 8.0,
    "Fps": 30.0,
    "Loop": true,
    "AreBeziersRestricted": true,
    "CurveCount": 74,
    "TotalSegmentCount": 203,
    "TotalPointCount": 295,
    "UserDataCount": 1,
    "TotalUserDataSize": 0
  },
  "Curves": [
    {
      "Target": "Parameter",
      "Id": "Body_Twist",
      "Segments": [
        0,
        -25,
        0,
        1.633,
        -30,
        0,
        3.733,
        -14,
        0,
        5.8,
        -30,
        0,
        8,
        -25
      ]
    },
    {
      "Target": "Parameter",
      "Id": "Body_Shaking",
      "Segments": [
        0,
        -4.221,
        1,
        0.478,
        -5.602,
        0.955,
        -6,
        1.433,
        -6,
        0,
        3.4,
        0,
        0,
        5.167,
        -6,
        0,
        6.9,
        0,
        1,
        7.267,
        0,
        7.633,
        1.233,
        8,
        -4.221
      ]
    },
    {
      "Target": "Parameter",
      "Id": "BodyY",
      "Segments": [
        0,
        0.491,
        1,
        0.333,
        1.519,
        0.667,
        2,
        1,
        2,
        0,
        4.7,
        0.907,
        0,
        5.433,
        -2.346,
        0,
        5.933,
        0,
        1,
        6.622,
        0,
        7.311,
        -0.201,
        8,
        0.491
      ]
    },
    {
      "Target": "Parameter",
      "Id": "Body_Pose1",
      "Segments": [
        0,
        19.44,
        1,
        0.444,
        18.881,
        0.889,
        18.653,
        1.333,
        18,
        1,
        2.033,
        16.972,
        2.733,
        16,
        3.433,
        16,
        0,
        5.233,
        18,
        0,
        7,
        16,
        1,
        7.333,
        16,
        7.667,
        19.383,
        8,
        19.44
      ]
    },
    {
      "Target": "Parameter",
      "Id": "Breath",
      "Segments": [
        0,
        0,
        0,
        1.5,
        1,
        0,
        3.6,
        0,
        0,
        5.467,
        1,
        0,
        8,
        0
      ]
    },
    {
      "Target": "Parameter",
      "Id": "Skirt_Shaking",
      "Segments": [
        0,
        0,
        0,
        0.733,
        -2.16,
        0,
        1.633,
        3,
        0,
        2.1,
        0,
        2,
        3.233,
        0,
        0,
        4.233,
        -3,
        0,
        5.533,
        4,
        0,
        8,
        0
      ]
    },
    {
      "Target": "Parameter",
      "Id": "Skirt_Roll",
      "Segments": [
        0,
        -4.372,
        1,
        0.233,
        -5.789,
        0.467,
        -6.091,
        0.7,
        -6.024,
        0,
        2.533,
        1.657,
        0,
        4.267,
        -1.885,
        0,
        6.5,
        1.657,
        0,
        8,
        -4.372
      ]
    },
    {
      "Target": "Parameter",
      "Id": "Tie_Shaking",
      "Segments": [
        0,
        -10.303,
        0,
        0.833,
        4,
        0,
        2,
        -6,
        0,
        2.8,
        6,
        0,
        3.8,
        -6,
        0,
        4.633,
        6.334,
        0,
        5.733,
        -5,
        0,
        6.8,
        4,
        0,
        8,
        -10.303
      ]
    },
    {
      "Target": "Parameter",
      "Id": "Head_AngleX",
      "Segments": [
        0,
        -4,
        1,
        0.222,
        -3.26,
        0.445,
        -3.073,
        0.667,
        -2,
        1,
        0.922,
        -0.766,
        1.178,
        2.731,
        1.433,
        6,
        1,
        1.666,
        8.985,
        1.9,
        12,
        2.133,
        12,
        1,
        2.7,
        12,
        3.266,
        7.575,
        3.833,
        0.186,
        1,
        4.078,
        -3.001,
        4.322,
        -4,
        4.567,
        -4,
        1,
        4.834,
        -4,
        5.1,
        -3.93,
        5.367,
        -3,
        1,
        5.8,
        -1.488,
        6.234,
        0,
        6.667,
        0,
        0,
        8,
        -4
      ]
    },
    {
      "Target": "Parameter",
      "Id": "Head_AngleY",
      "Segments": [
        0,
        -4,
        1,
        0.222,
        -1.694,
        0.445,
        1.116,
        0.667,
        2,
        1,
        0.922,
        3.017,
        1.178,
        3.03,
        1.433,
        3.03,
        0,
        2.133,
        -18.579,
        1,
        2.7,
        -18.579,
        3.266,
        -11.308,
        3.833,
        -1.98,
        1,
        4.078,
        2.044,
        4.322,
        2.483,
        4.567,
        2.483,
        0,
        5.367,
        -15.862,
        0,
        6.667,
        -2,
        0,
        8,
        -4
      ]
    },
    {
      "Target": "Parameter",
      "Id": "Head_Roll",
      "Segments": [
        0,
        -17,
        0,
        0.667,
        -18.96,
        1,
        0.922,
        -18.96,
        1.178,
        -5.286,
        1.433,
        3,
        1,
        1.666,
        10.565,
        1.9,
        11,
        2.133,
        11,
        1,
        2.7,
        11,
        3.266,
        7.036,
        3.833,
        0.723,
        1,
        4.344,
        -4.971,
        4.856,
        -13.871,
        5.367,
        -15,
        1,
        6.245,
        -16.938,
        7.122,
        -17,
        8,
        -17
      ]
    },
    {
      "Target": "Parameter",
      "Id": "EyeBallX",
      "Segments": [
        0,
        0.1,
        2,
        1,
        0.1,
        0,
        1.433,
        0,
        2,
        2.133,
        0,
        1,
        2.7,
        0,
        3.266,
        0.02,
        3.833,
        0.1,
        1,
        4.078,
        0.135,
        4.322,
        0.2,
        4.567,
        0.2,
        0,
        6.667,
        0,
        0,
        8,
        0.1
      ]
    },
    {
      "Target": "Parameter",
      "Id": "EyeBallY",
      "Segments": [
        0,
        0,
        2,
        1,
        0,
        0,
        1.433,
        -0.1,
        0,
        2.133,
        0,
        0,
        3.833,
        -0.1,
        2,
        4.567,
        -0.1,
        0,
        6.667,
        0,
        2,
        8,
        0
      ]
    },
    {
      "Target": "Parameter",
      "Id": "EyeL_Smile",
      "Segments": [
        0,
        -1,
        2,
        4.433,
        -1,
        0,
        5.167,
        -0.7,
        0,
        8,
        -1
      ]
    },
    {
      "Target": "Parameter",
      "Id": "EyeR_Smile",
      "Segments": [
        0,
        -1,
        2,
        4.433,
        -1,
        0,
        5.167,
        -0.7,
        0,
        8,
        -1
      ]
    },
    {
      "Target": "Parameter",
      "Id": "BrowLY",
      "Segments": [
        0,
        -0.463,
        1,
        1.244,
        -0.623,
        2.489,
        -1,
        3.733,
        -1,
        0,
        8,
        -0.463
      ]
    },
    {
      "Target": "Parameter",
      "Id": "BrowRY",
      "Segments": [
        0,
        -0.648,
        1,
        1.244,
        -0.746,
        2.489,
        -1,
        3.733,
        -1,
        0,
        8,
        -0.648
      ]
    },
    {
      "Target": "Parameter",
      "Id": "HairFront_Shaking",
      "Segments": [
        0,
        0,
        1,
        0.189,
        0.003,
        0.378,
        -0.4,
        0.567,
        -0.4,
        0,
        1.2,
        0.2,
        0,
        1.733,
        -0.126,
        0,
        2.2,
        0.63,
        0,
        3.133,
        -0.507,
        0,
        4.1,
        0.576,
        0,
        4.6,
        -0.231,
        0,
        5.033,
        0.286,
        0,
        5.7,
        -0.198,
        0,
        6.433,
        0.5,
        0,
        7.333,
        -0.4,
        1,
        7.555,
        -0.4,
        7.778,
        -0.003,
        8,
        0
      ]
    },
    {
      "Target": "Parameter",
      "Id": "HairSide_Shaking",
      "Segments": [
        0,
        0,
        1,
        0.178,
        0.437,
        0.355,
        0.5,
        0.533,
        0.5,
        0,
        1.267,
        -0.201,
        0,
        2.1,
        0.5,
        1,
        2.278,
        0.5,
        2.455,
        0.31,
        2.633,
        0.2,
        1,
        2.989,
        -0.02,
        3.344,
        -0.07,
        3.7,
        -0.07,
        1,
        3.933,
        -0.07,
        4.167,
        0.209,
        4.4,
        0.3,
        1,
        4.667,
        0.404,
        4.933,
        0.4,
        5.2,
        0.4,
        1,
        5.433,
        0.4,
        5.667,
        0.406,
        5.9,
        0.3,
        1,
        6.333,
        0.104,
        6.767,
        -0.129,
        7.2,
        -0.129,
        1,
        7.467,
        -0.129,
        7.733,
        -0.099,
        8,
        0
      ]
    },
    {
      "Target": "Parameter",
      "Id": "HairBack_Shaking",
      "Segments": [
        0,
        0,
        1,
        0.178,
        0.387,
        0.355,
        0.5,
        0.533,
        0.5,
        0,
        1.267,
        -0.2,
        0,
        2.1,
        0.5,
        1,
        2.278,
        0.5,
        2.455,
        0.32,
        2.633,
        0.2,
        1,
        2.989,
        -0.04,
        3.344,
        -0.1,
        3.7,
        -0.1,
        0,
        4.4,
        0.3,
        0,
        5.2,
        -0.3,
        0,
        5.9,
        0.3,
        0,
        7.2,
        -0.1,
        1,
        7.467,
        -0.1,
        7.733,
        -0.084,
        8,
        0
      ]
    },
    {
      "Target": "Parameter",
      "Id": "Shoulder_Move",
      "Segments": [
        0,
        24.026,
        1,
        0.389,
        28.088,
        0.778,
        30,
        1.167,
        30,
        0,
        3.1,
        5,
        0,
        4.633,
        30,
        0,
        6.767,
        9,
        1,
        7.178,
        9,
        7.589,
        16.93,
        8,
        24.026
      ]
    },
    {
      "Target": "Parameter",
      "Id": "ShoulderR_Roll",
      "Segments": [
        0,
        -19.705,
        2,
        1.633,
        -19.705,
        0,
        3.733,
        -20.66,
        0,
        8,
        -19.705
      ]
    },
    {
      "Target": "Parameter",
      "Id": "ArmR_Roll",
      "Segments": [
        0,
        23.264,
        2,
        1.633,
        23.264,
        0,
        3.733,
        24.264,
        0,
        8,
        23.264
      ]
    },
    {
      "Target": "Parameter",
      "Id": "ShoulderL_Roll",
      "Segments": [
        0,
        19.446,
        0,
        3.733,
        20.398,
        0,
        8,
        19.446
      ]
    },
    {
      "Target": "Parameter",
      "Id": "ArmL_Roll",
      "Segments": [
        0,
        24,
        2,
        1.633,
        24,
        0,
        3.733,
        24.5,
        0,
        8,
        24
      ]
    },
    {
      "Target": "Parameter",
      "Id": "ArmR_Sleeve_Move",
      "Segments": [
        0,
        0,
        1,
        0.522,
        -5.509,
        1.045,
        -7,
        1.567,
        -7,
        0,
        3.367,
        4.586,
        0,
        5.467,
        -12,
        0,
        7.567,
        6.215,
        1,
        7.711,
        6.215,
        7.856,
        4.978,
        8,
        0
      ]
    },
    {
      "Target": "Parameter",
      "Id": "ArmL_Sleeve_Move",
      "Segments": [
        0,
        13,
        2,
        1.533,
        13,
        0,
        3.5,
        9,
        0,
        5.467,
        13,
        0,
        7.533,
        8,
        0,
        8,
        13
      ]
    },
    {
      "Target": "Parameter",
      "Id": "HandR_Roll",
      "Segments": [
        0,
        -25.737,
        0,
        1.633,
        -27.737,
        0,
        3.733,
        -25.737,
        0,
        5.1,
        -27.737,
        2,
        6.667,
        -27.737,
        0,
        8,
        -25.737
      ]
    },
    {
      "Target": "Parameter",
      "Id": "HandL_Roll",
      "Segments": [
        0,
        28,
        0,
        1.633,
        24,
        0,
        3.733,
        28,
        0,
        5.1,
        24,
        0,
        6.667,
        30,
        0,
        8,
        28
      ]
    },
    {
      "Target": "PartOpacity",
      "Id": "Part",
      "Segments": [
        0,
        1,
        2,
        8,
        1
      ]
    },
    {
      "Target": "PartOpacity",
      "Id": "Part2",
      "Segments": [
        0,
        1,
        2,
        8,
        1
      ]
    },
    {
      "Target": "PartOpacity",
      "Id": "Part12",
      "Segments": [
        0,
        1,
        2,
        8,
        1
      ]
    },
    {
      "Target": "PartOpacity",
      "Id": "Part4",
      "Segments": [
        0,
        1,
        2,
        8,
        1
      ]
    },
    {
      "Target": "PartOpacity",
      "Id": "Part3",
      "Segments": [
        0,
        1,
        2,
        8,
        1
      ]
    },
    {
      "Target": "PartOpacity",
      "Id": "Part13",
      "Segments": [
        0,
        1,
        2,
        8,
        1
      ]
    },
    {
      "Target": "PartOpacity",
      "Id": "Part22",
      "Segments": [
        0,
        0,
        2,
        8,
        0
      ]
    },
    {
      "Target": "PartOpacity",
      "Id": "Part9",
      "Segments": [
        0,
        1,
        2,
        8,
        1
      ]
    },
    {
      "Target": "PartOpacity",
      "Id": "Part17",
      "Segments": [
        0,
        0,
        2,
        8,
        0
      ]
    },
    {
      "Target": "PartOpacity",
      "Id": "Part18",
      "Segments": [
        0,
        1,
        2,
        8,
        1
      ]
    },
    {
      "Target": "PartOpacity",
      "Id": "Part19",
      "Segments": [
        0,
        0,
        2,
        8,
        0
      ]
    },
    {
      "Target": "PartOpacity",
      "Id": "Part23",
      "Segments": [
        0,
        1,
        2,
        8,
        1
      ]
    },
    {
      "Target": "PartOpacity",
      "Id": "Part21",
      "Segments": [
        0,
        0,
        2,
        8,
        0
      ]
    },
    {
      "Target": "PartOpacity",
      "Id": "Part24",
      "Segments": [
        0,
        0,
        2,
        8,
        0
      ]
    },
    {
      "Target": "PartOpacity",
      "Id": "Part26",
      "Segments": [
        0,
        1,
        2,
        8,
        1
      ]
    },
    {
      "Target": "PartOpacity",
      "Id": "Part8",
      "Segments": [
        0,
        1,
        2,
        8,
        1
      ]
    },
    {
      "Target": "PartOpacity",
      "Id": "Part6",
      "Segments": [
        0,
        1,
        2,
        8,
        1
      ]
    },
    {
      "Target": "PartOpacity",
      "Id": "Part11",
      "Segments": [
        0,
        1,
        2,
        8,
        1
      ]
    },
    {
      "Target": "PartOpacity",
      "Id": "Part5",
      "Segments": [
        0,
        1,
        2,
        8,
        1
      ]
    },
    {
      "Target": "PartOpacity",
      "Id": "Part10",
      "Segments": [
        0,
        1,
        2,
        8,
        1
      ]
    },
    {
      "Target": "PartOpacity",
      "Id": "Part14",
      "Segments": [
        0,
        0,
        2,
        8,
        0
      ]
    },
    {
      "Target": "PartOpacity",
      "Id": "Part15",
      "Segments": [
        0,
        1,
        2,
        8,
        1
      ]
    },
    {
      "Target": "PartOpacity",
      "Id": "Part16",
      "Segments": [
        0,
        0,
        2,
        8,
        0
      ]
    },
    {
      "Target": "PartOpacity",
      "Id": "Part7",
      "Segments": [
        0,
        1,
        2,
        8,
        1
      ]
    },
    {
      "Target": "PartOpacity",
      "Id": "Part20",
      "Segments": [
        0,
        1,
        2,
        8,
        1
      ]
    },
    {
      "Target": "Parameter",
      "Id": "EyeBall_Size",
      "Segments": [
        0,
        0,
        0,
        8,
        0
      ]
    },
    {
      "Target": "Parameter",
      "Id": "EyeL_Open",
      "Segments": [
        0,
        1,
        0,
        8,
        1
      ]
    },
    {
      "Target": "Parameter",
      "Id": "EyeR_Open",
      "Segments": [
        0,
        1,
        0,
        8,
        1
      ]
    },
    {
      "Target": "Parameter",
      "Id": "BrowL_Angle",
      "Segments": [
        0,
        0,
        0,
        8,
        0
      ]
    },
    {
      "Target": "Parameter",
      "Id": "BrowR_Angle",
      "Segments": [
        0,
        0.095,
        0,
        8,
        0.095
      ]
    },
    {
      "Target": "Parameter",
      "Id": "BrowL_Form",
      "Segments": [
        0,
        0.954,
        0,
        8,
        0.954
      ]
    },
    {
      "Target": "Parameter",
      "Id": "BrowR_Form",
      "Segments": [
        0,
        0.945,
        0,
        8,
        0.945
      ]
    },
    {
      "Target": "Parameter",
      "Id": "EyeY",
      "Segments": [
        0,
        0,
        0,
        8,
        0
      ]
    },
    {
      "Target": "Parameter",
      "Id": "MouthY",
      "Segments": [
        0,
        0,
        0,
        8,
        0
      ]
    },
    {
      "Target": "Parameter",
      "Id": "Mouth_Form",
      "Segments": [
        0,
        1,
        0,
        8,
        1
      ]
    },
    {
      "Target": "Parameter",
      "Id": "Mouth_Open",
      "Segments": [
        0,
        1,
        0,
        8,
        1
      ]
    },
    {
      "Target": "Parameter",
      "Id": "Mouth_Size",
      "Segments": [
        0,
        1,
        0,
        8,
        1
      ]
    },
    {
      "Target": "Parameter",
      "Id": "Param11",
      "Segments": [
        0,
        0.2,
        0,
        8,
        0.2
      ]
    },
    {
      "Target": "Parameter",
      "Id": "Param10",
      "Segments": [
        0,
        0.4,
        0,
        8,
        0.4
      ]
    },
    {
      "Target": "Parameter",
      "Id": "HandR01_Move",
      "Segments": [
        0,
        15,
        0,
        8,
        15
      ]
    },
    {
      "Target": "Parameter",
      "Id": "HandR03_move",
      "Segments": [
        0,
        0,
        0,
        8,
        0
      ]
    },
    {
      "Target": "Parameter",
      "Id": "HandL_move",
      "Segments": [
        0,
        -15,
        0,
        8,
        -15
      ]
    },
    {
      "Target": "Parameter",
      "Id": "Leg_L",
      "Segments": [
        0,
        13,
        0,
        8,
        13
      ]
    },
    {
      "Target": "Parameter",
      "Id": "Leg_R",
      "Segments": [
        0,
        -14,
        0,
        8,
        -14
      ]
    },
    {
      "Target": "PartOpacity",
      "Id": "Part25",
      "Segments": [
        0,
        0,
        0,
        8,
        0
      ]
    }
  ],
  "UserData": [
    {
      "Time": 0.0,
      "Value": ""
    }
  ]
}