{
  "Version": 3,
  "Meta": {
    "Duration": 1.833,
    "Fps": 30.0,
    "Loop": true,
    "AreBeziersRestricted": true,
    "CurveCount": 73,
    "TotalSegmentCount": 160,
    "TotalPointCount": 228,
    "UserDataCount": 1,
    "TotalUserDataSize": 0
  },
  "Curves": [
    {
      "Target": "Parameter",
      "Id": "HeadX",
      "Segments": [
        0,
        0,
        1,
        0.156,
        0,
        0.311,
        0.184,
        0.467,
        -1.111,
        1,
        0.656,
        -2.684,
        0.844,
        -12.841,
        1.033,
        -14.444,
        1,
        1.133,
        -15.293,
        1.233,
        -15.037,
        1.333,
        -15.037,
        2,
        1.467,
        -15.037,
        2,
        1.833,
        -15.037
      ]
    },
    {
      "Target": "Parameter",
      "Id": "HeadY",
      "Segments": [
        0,
        0,
        0,
        0.467,
        2.643,
        1,
        0.567,
        2.643,
        0.667,
        2.216,
        0.767,
        0.868,
        1,
        0.834,
        -0.031,
        0.9,
        -2.242,
        0.967,
        -2.555,
        1,
        1.1,
        -3.18,
        1.234,
        -3.246,
        1.367,
        -3.246,
        2,
        1.833,
        -3.246
      ]
    },
    {
      "Target": "Parameter",
      "Id": "HeadZ",
      "Segments": [
        0,
        0,
        1,
        0.189,
        0,
        0.378,
        -0.314,
        0.567,
        -1.174,
        1,
        0.734,
        -1.933,
        0.9,
        -2.457,
        1.067,
        -2.457,
        2,
        1.367,
        -2.457,
        2,
        1.833,
        -2.457
      ]
    },
    {
      "Target": "Parameter",
      "Id": "EyeBallX",
      "Segments": [
        0,
        0.5,
        2,
        0.533,
        0.5,
        0,
        1.067,
        0.6,
        2,
        1.833,
        0.6
      ]
    },
    {
      "Target": "Parameter",
      "Id": "NeckZ",
      "Segments": [
        0,
        0,
        0,
        1.1,
        -1,
        2,
        1.5,
        -1,
        2,
        1.833,
        -1
      ]
    },
    {
      "Target": "Parameter",
      "Id": "BodyX",
      "Segments": [
        0,
        0,
        2,
        0.1,
        0,
        1,
        0.3,
        0,
        0.5,
        -3.103,
        0.7,
        -4.465,
        1,
        0.933,
        -6.054,
        1.167,
        -6.104,
        1.4,
        -6.104,
        2,
        1.5,
        -6.104,
        2,
        1.833,
        -6.104
      ]
    },
    {
      "Target": "Parameter",
      "Id": "BodyY",
      "Segments": [
        0,
        0,
        1,
        0.122,
        0,
        0.245,
        0.004,
        0.367,
        0.09,
        1,
        0.434,
        0.138,
        0.5,
        0.595,
        0.567,
        0.828,
        1,
        0.611,
        0.983,
        0.656,
        1.044,
        0.7,
        1.044,
        0,
        1.067,
        0.488,
        2,
        1.5,
        0.488,
        2,
        1.833,
        0.488
      ]
    },
    {
      "Target": "Parameter",
      "Id": "BodyZ",
      "Segments": [
        0,
        0,
        2,
        0.133,
        0,
        1,
        0.233,
        0,
        0.333,
        0.334,
        0.433,
        0.745,
        1,
        0.489,
        0.973,
        0.544,
        1.006,
        0.6,
        1.006,
        0,
        1.433,
        0.658,
        2,
        1.6,
        0.658,
        2,
        1.833,
        0.658
      ]
    },
    {
      "Target": "Parameter",
      "Id": "BodyUpper",
      "Segments": [
        0,
        0,
        2,
        0.3,
        0,
        1,
        0.367,
        0,
        0.433,
        -0.048,
        0.5,
        0.1,
        1,
        0.711,
        0.567,
        0.922,
        1.238,
        1.133,
        1.238,
        2,
        1.567,
        1.238,
        2,
        1.833,
        1.238
      ]
    },
    {
      "Target": "Parameter",
      "Id": "Breath",
      "Segments": [
        0,
        0,
        2,
        0.3,
        0,
        0,
        0.7,
        0.5,
        1,
        0.833,
        0.5,
        0.967,
        0.455,
        1.1,
        0.304,
        1,
        1.256,
        0.129,
        1.411,
        0,
        1.567,
        0,
        2,
        1.833,
        0
      ]
    },
    {
      "Target": "Parameter",
      "Id": "ShoulderL_Move",
      "Segments": [
        0,
        0,
        1,
        0.089,
        0,
        0.178,
        -0.034,
        0.267,
        0.272,
        1,
        0.367,
        0.615,
        0.467,
        2.541,
        0.567,
        2.963,
        1,
        0.745,
        3.712,
        0.922,
        3.83,
        1.1,
        3.83,
        2,
        1.533,
        3.83,
        2,
        1.833,
        3.83
      ]
    },
    {
      "Target": "Parameter",
      "Id": "ShoulderR_Move",
      "Segments": [
        0,
        0,
        2,
        0.2,
        0,
        0,
        0.433,
        -0.13,
        1,
        0.522,
        -0.13,
        0.611,
        0.081,
        0.7,
        0.205,
        1,
        0.822,
        0.376,
        0.945,
        0.4,
        1.067,
        0.4,
        2,
        1.5,
        0.4,
        2,
        1.833,
        0.4
      ]
    },
    {
      "Target": "Parameter",
      "Id": "ShoulderL_Roll",
      "Segments": [
        0,
        0,
        2,
        0.267,
        0,
        0,
        0.9,
        5.667,
        0,
        1.367,
        4.348,
        0,
        1.567,
        4.568,
        2,
        1.833,
        4.568
      ]
    },
    {
      "Target": "Parameter",
      "Id": "ElbowL_Roll",
      "Segments": [
        0,
        0,
        2,
        0.267,
        0,
        1,
        0.4,
        0,
        0.534,
        -0.576,
        0.667,
        -0.96,
        1,
        0.9,
        -1.633,
        1.134,
        -1.782,
        1.367,
        -1.782,
        2,
        1.833,
        -1.782
      ]
    },
    {
      "Target": "Parameter",
      "Id": "HandL_Roll",
      "Segments": [
        0,
        0,
        2,
        0.267,
        0,
        1,
        0.389,
        0,
        0.511,
        -0.192,
        0.633,
        -0.815,
        1,
        0.744,
        -1.382,
        0.856,
        -1.831,
        0.967,
        -1.831,
        0,
        1.467,
        -1.298,
        2,
        1.567,
        -1.298,
        2,
        1.833,
        -1.298
      ]
    },
    {
      "Target": "Parameter",
      "Id": "Arm01L_Strech",
      "Segments": [
        0,
        0,
        2,
        0.267,
        0,
        0,
        1,
        0.14,
        2,
        1.567,
        0.14,
        2,
        1.833,
        0.14
      ]
    },
    {
      "Target": "Parameter",
      "Id": "ShoulderR_Roll",
      "Segments": [
        0,
        0,
        1,
        0.267,
        0,
        0.533,
        0.02,
        0.8,
        -0.235,
        1,
        1.056,
        -0.48,
        1.311,
        -1.303,
        1.567,
        -1.303,
        2,
        1.833,
        -1.303
      ]
    },
    {
      "Target": "Parameter",
      "Id": "ElbowR_Roll",
      "Segments": [
        0,
        0,
        1,
        0.167,
        0,
        0.333,
        0.178,
        0.5,
        0.451,
        1,
        0.944,
        1.178,
        1.389,
        1.505,
        1.833,
        1.505
      ]
    },
    {
      "Target": "Parameter",
      "Id": "HandR_Roll",
      "Segments": [
        0,
        0,
        1,
        0.078,
        0,
        0.155,
        0.218,
        0.233,
        0.287,
        1,
        0.322,
        0.365,
        0.411,
        0.362,
        0.5,
        0.362,
        0,
        0.9,
        0,
        0,
        1.4,
        0.345,
        2,
        1.833,
        0.345
      ]
    },
    {
      "Target": "Parameter",
      "Id": "HairTop_Shaking",
      "Segments": [
        0,
        0.008,
        0,
        0.167,
        0.003,
        0,
        0.6,
        0.046,
        0,
        1.067,
        -0.051,
        0,
        1.467,
        0.026,
        0,
        1.833,
        -0.015
      ]
    },
    {
      "Target": "Parameter",
      "Id": "HairSide_Shaking",
      "Segments": [
        0,
        -0.017,
        0,
        0.2,
        0.005,
        0,
        0.367,
        -0.002,
        0,
        0.9,
        0.154,
        0,
        1.367,
        -0.073,
        0,
        1.767,
        0.045,
        0,
        1.833,
        0.039
      ]
    },
    {
      "Target": "Parameter",
      "Id": "HairUnder_Shaking",
      "Segments": [
        0,
        -0.017,
        0,
        0.2,
        0.005,
        0,
        0.367,
        -0.002,
        0,
        0.9,
        0.154,
        0,
        1.367,
        -0.073,
        0,
        1.767,
        0.045,
        0,
        1.833,
        0.039
      ]
    },
    {
      "Target": "Parameter",
      "Id": "ALLX",
      "Segments": [
        0,
        0,
        0,
        1,
        -2,
        2,
        1.5,
        -2,
        2,
        1.833,
        -2
      ]
    },
    {
      "Target": "Parameter",
      "Id": "ALLY",
      "Segments": [
        0,
        0,
        0,
        1,
        1,
        2,
        1.5,
        1,
        2,
        1.833,
        1
      ]
    },
    {
      "Target": "Model",
      "Id": "Opacity",
      "Segments": [
        0,
        1,
        0,
        1.833,
        1
      ]
    },
    {
      "Target": "Parameter",
      "Id": "Param",
      "Segments": [
        0,
        -30,
        0,
        1.833,
        -30
      ]
    },
    {
      "Target": "Parameter",
      "Id": "BrowLY",
      "Segments": [
        0,
        0,
        0,
        1.833,
        0
      ]
    },
    {
      "Target": "Parameter",
      "Id": "BrowRY",
      "Segments": [
        0,
        0,
        0,
        1.833,
        0
      ]
    },
    {
      "Target": "Parameter",
      "Id": "BrowLX",
      "Segments": [
        0,
        0,
        0,
        1.833,
        0
      ]
    },
    {
      "Target": "Parameter",
      "Id": "BrowRX",
      "Segments": [
        0,
        0,
        0,
        1.833,
        0
      ]
    },
    {
      "Target": "Parameter",
      "Id": "BrowL_Angle",
      "Segments": [
        0,
        0,
        0,
        1.833,
        0
      ]
    },
    {
      "Target": "Parameter",
      "Id": "BrowR_Angle",
      "Segments": [
        0,
        0,
        0,
        1.833,
        0
      ]
    },
    {
      "Target": "Parameter",
      "Id": "BrowL_Form",
      "Segments": [
        0,
        0,
        0,
        1.833,
        0
      ]
    },
    {
      "Target": "Parameter",
      "Id": "BrowR_Form",
      "Segments": [
        0,
        0,
        0,
        1.833,
        0
      ]
    },
    {
      "Target": "Parameter",
      "Id": "EyeL_Open",
      "Segments": [
        0,
        1,
        0,
        1.833,
        1
      ]
    },
    {
      "Target": "Parameter",
      "Id": "EyeL_Smile",
      "Segments": [
        0,
        0,
        0,
        1.833,
        0
      ]
    },
    {
      "Target": "Parameter",
      "Id": "EyeR_Open",
      "Segments": [
        0,
        1,
        0,
        1.833,
        1
      ]
    },
    {
      "Target": "Parameter",
      "Id": "EyeR_Smile",
      "Segments": [
        0,
        0,
        0,
        1.833,
        0
      ]
    },
    {
      "Target": "Parameter",
      "Id": "EyeBallY",
      "Segments": [
        0,
        0,
        0,
        1.833,
        0
      ]
    },
    {
      "Target": "Parameter",
      "Id": "EyeBall_Size",
      "Segments": [
        0,
        0,
        0,
        1.833,
        0
      ]
    },
    {
      "Target": "Parameter",
      "Id": "Mouth_Form",
      "Segments": [
        0,
        0,
        0,
        1.833,
        0
      ]
    },
    {
      "Target": "Parameter",
      "Id": "Mouth_Open",
      "Segments": [
        0,
        1,
        0,
        1.833,
        1
      ]
    },
    {
      "Target": "Parameter",
      "Id": "Mouth_Size",
      "Segments": [
        0,
        1,
        0,
        1.833,
        1
      ]
    },
    {
      "Target": "Parameter",
      "Id": "Arm02L_Strech",
      "Segments": [
        0,
        0,
        0,
        1.833,
        0
      ]
    },
    {
      "Target": "Parameter",
      "Id": "Arm02L_Bias",
      "Segments": [
        0,
        0,
        0,
        1.833,
        0
      ]
    },
    {
      "Target": "Parameter",
      "Id": "HandL_Strech",
      "Segments": [
        0,
        0,
        0,
        1.833,
        0
      ]
    },
    {
      "Target": "Parameter",
      "Id": "HandL01",
      "Segments": [
        0,
        1,
        0,
        1.833,
        1
      ]
    },
    {
      "Target": "Parameter",
      "Id": "HandL02",
      "Segments": [
        0,
        0,
        0,
        1.833,
        0
      ]
    },
    {
      "Target": "Parameter",
      "Id": "Arm01R_Strech",
      "Segments": [
        0,
        0,
        0,
        1.833,
        0
      ]
    },
    {
      "Target": "Parameter",
      "Id": "Arm02R_Strech",
      "Segments": [
        0,
        0,
        0,
        1.833,
        0
      ]
    },
    {
      "Target": "Parameter",
      "Id": "Arm02R_Bias",
      "Segments": [
        0,
        0,
        0,
        1.833,
        0
      ]
    },
    {
      "Target": "Parameter",
      "Id": "ArmR_Front",
      "Segments": [
        0,
        0,
        0,
        1.833,
        0
      ]
    },
    {
      "Target": "Parameter",
      "Id": "HandR_Front",
      "Segments": [
        0,
        1,
        0,
        1.833,
        1
      ]
    },
    {
      "Target": "Parameter",
      "Id": "ShoulderR_Bias",
      "Segments": [
        0,
        0,
        0,
        1.833,
        0
      ]
    },
    {
      "Target": "Parameter",
      "Id": "HandR_Strech",
      "Segments": [
        0,
        0,
        0,
        1.833,
        0
      ]
    },
    {
      "Target": "Parameter",
      "Id": "HandR01",
      "Segments": [
        0,
        1,
        0,
        1.833,
        1
      ]
    },
    {
      "Target": "Parameter",
      "Id": "HandR02",
      "Segments": [
        0,
        0,
        0,
        1.833,
        0
      ]
    },
    {
      "Target": "Parameter",
      "Id": "ALLZ",
      "Segments": [
        0,
        0,
        0,
        1.833,
        0
      ]
    },
    {
      "Target": "PartOpacity",
      "Id": "Part2",
      "Segments": [
        0,
        1,
        0,
        1.833,
        1
      ]
    },
    {
      "Target": "PartOpacity",
      "Id": "Part3",
      "Segments": [
        0,
        1,
        0,
        1.833,
        1
      ]
    },
    {
      "Target": "PartOpacity",
      "Id": "Part4",
      "Segments": [
        0,
        1,
        0,
        1.833,
        1
      ]
    },
    {
      "Target": "PartOpacity",
      "Id": "Part5",
      "Segments": [
        0,
        1,
        0,
        1.833,
        1
      ]
    },
    {
      "Target": "PartOpacity",
      "Id": "Part6",
      "Segments": [
        0,
        1,
        0,
        1.833,
        1
      ]
    },
    {
      "Target": "PartOpacity",
      "Id": "Part7",
      "Segments": [
        0,
        1,
        0,
        1.833,
        1
      ]
    },
    {
      "Target": "PartOpacity",
      "Id": "Part8",
      "Segments": [
        0,
        1,
        0,
        1.833,
        1
      ]
    },
    {
      "Target": "PartOpacity",
      "Id": "Part9",
      "Segments": [
        0,
        1,
        0,
        1.833,
        1
      ]
    },
    {
      "Target": "PartOpacity",
      "Id": "Part10",
      "Segments": [
        0,
        1,
        0,
        1.833,
        1
      ]
    },
    {
      "Target": "PartOpacity",
      "Id": "Part15",
      "Segments": [
        0,
        1,
        0,
        1.833,
        1
      ]
    },
    {
      "Target": "PartOpacity",
      "Id": "Part14",
      "Segments": [
        0,
        1,
        0,
        1.833,
        1
      ]
    },
    {
      "Target": "PartOpacity",
      "Id": "Part",
      "Segments": [
        0,
        1,
        0,
        1.833,
        1
      ]
    },
    {
      "Target": "PartOpacity",
      "Id": "Part16",
      "Segments": [
        0,
        1,
        0,
        1.833,
        1
      ]
    },
    {
      "Target": "PartOpacity",
      "Id": "Part11",
      "Segments": [
        0,
        1,
        0,
        1.833,
        1
      ]
    },
    {
      "Target": "PartOpacity",
      "Id": "Part13",
      "Segments": [
        0,
        1,
        0,
        1.833,
        1
      ]
    }
  ],
  "UserData": [
    {
      "Time": 0.0,
      "Value": ""
    }
  ]
}