{
  "Version": 3,
  "Meta": {
    "Duration": 1.833,
    "Fps": 30.0,
    "Loop": true,
    "AreBeziersRestricted": true,
    "CurveCount": 57,
    "TotalSegmentCount": 213,
    "TotalPointCount": 287,
    "UserDataCount": 1,
    "TotalUserDataSize": 0
  },
  "Curves": [
    {
      "Target": "Parameter",
      "Id": "HeadX",
      "Segments": [
        0,
        0,
        2,
        0.133,
        0,
        0,
        0.367,
        2,
        0,
        0.933,
        -40,
        0,
        1.4,
        -30,
        2,
        1.833,
        -30
      ]
    },
    {
      "Target": "Parameter",
      "Id": "HeadY",
      "Segments": [
        0,
        0,
        2,
        0.133,
        0,
        1,
        0.333,
        0,
        0.533,
        -8.012,
        0.733,
        -16.418,
        1,
        0.8,
        -19.22,
        0.866,
        -19.016,
        0.933,
        -19.016,
        0,
        1.4,
        -6.64,
        2,
        1.833,
        -6.64
      ]
    },
    {
      "Target": "Parameter",
      "Id": "HeadZ",
      "Segments": [
        0,
        0,
        2,
        0.133,
        0,
        2,
        0.467,
        0,
        0,
        1.033,
        -16.343,
        0,
        1.4,
        -16.08,
        2,
        1.833,
        -16.08
      ]
    },
    {
      "Target": "Parameter",
      "Id": "BrowLY",
      "Segments": [
        0,
        0,
        2,
        0.067,
        0,
        0,
        0.867,
        -0.516,
        2,
        1.833,
        -0.516
      ]
    },
    {
      "Target": "Parameter",
      "Id": "BrowRY",
      "Segments": [
        0,
        0,
        2,
        0.067,
        0,
        0,
        0.867,
        -0.774,
        2,
        1.833,
        -0.774
      ]
    },
    {
      "Target": "Parameter",
      "Id": "BrowLX",
      "Segments": [
        0,
        0,
        2,
        0.067,
        0,
        0,
        0.867,
        -0.122,
        2,
        1.833,
        -0.122
      ]
    },
    {
      "Target": "Parameter",
      "Id": "BrowRX",
      "Segments": [
        0,
        0,
        2,
        0.067,
        0,
        0,
        0.867,
        0.316,
        2,
        1.833,
        0.316
      ]
    },
    {
      "Target": "Parameter",
      "Id": "BrowL_Angle",
      "Segments": [
        0,
        0,
        2,
        0.067,
        0,
        0,
        0.867,
        -0.332,
        2,
        1.833,
        -0.332
      ]
    },
    {
      "Target": "Parameter",
      "Id": "BrowR_Angle",
      "Segments": [
        0,
        0,
        2,
        0.067,
        0,
        0,
        0.867,
        -0.292,
        2,
        1.833,
        -0.292
      ]
    },
    {
      "Target": "Parameter",
      "Id": "BrowL_Form",
      "Segments": [
        0,
        0,
        2,
        0.067,
        0,
        0,
        0.867,
        -0.45,
        2,
        1.833,
        -0.45
      ]
    },
    {
      "Target": "Parameter",
      "Id": "BrowR_Form",
      "Segments": [
        0,
        0,
        2,
        0.067,
        0,
        0,
        0.867,
        0.026,
        2,
        1.833,
        0.026
      ]
    },
    {
      "Target": "Parameter",
      "Id": "EyeL_Open",
      "Segments": [
        0,
        1,
        2,
        0.033,
        1,
        2,
        0.367,
        1,
        0,
        0.867,
        0.9,
        2,
        1.833,
        0.9
      ]
    },
    {
      "Target": "Parameter",
      "Id": "EyeR_Open",
      "Segments": [
        0,
        1,
        2,
        0.033,
        1,
        2,
        0.367,
        1,
        0,
        0.867,
        0.9,
        2,
        1.833,
        0.9
      ]
    },
    {
      "Target": "Parameter",
      "Id": "EyeBallX",
      "Segments": [
        0,
        0.5,
        2,
        0.233,
        0.5,
        0,
        1.133,
        -0.247,
        2,
        1.833,
        -0.247
      ]
    },
    {
      "Target": "Parameter",
      "Id": "EyeBallY",
      "Segments": [
        0,
        0,
        2,
        0.233,
        0,
        0,
        0.967,
        -0.2,
        2,
        1.833,
        -0.2
      ]
    },
    {
      "Target": "Parameter",
      "Id": "Mouth_Open",
      "Segments": [
        0,
        1,
        2,
        0.033,
        1,
        0,
        0.833,
        0.7,
        2,
        1.833,
        0.7
      ]
    },
    {
      "Target": "Parameter",
      "Id": "Mouth_Size",
      "Segments": [
        0,
        1,
        2,
        0.033,
        1,
        0,
        0.833,
        0.8,
        2,
        1.833,
        0.8
      ]
    },
    {
      "Target": "Parameter",
      "Id": "NeckZ",
      "Segments": [
        0,
        0,
        2,
        0.167,
        0,
        1,
        0.278,
        0,
        0.389,
        -0.247,
        0.5,
        -1,
        1,
        0.589,
        -1.603,
        0.678,
        -2.574,
        0.767,
        -3.162,
        1,
        0.834,
        -3.603,
        0.9,
        -3.694,
        0.967,
        -3.694,
        0,
        1.4,
        -0.2,
        2,
        1.833,
        -0.2
      ]
    },
    {
      "Target": "Parameter",
      "Id": "BodyX",
      "Segments": [
        0,
        0,
        2,
        0.433,
        0,
        0,
        1.133,
        -10,
        2,
        1.4,
        -10,
        2,
        1.833,
        -10
      ]
    },
    {
      "Target": "Parameter",
      "Id": "BodyY",
      "Segments": [
        0,
        0,
        1,
        0.044,
        0,
        0.089,
        0.24,
        0.133,
        0.896,
        1,
        0.266,
        2.863,
        0.4,
        6.955,
        0.533,
        7,
        1,
        0.822,
        7.097,
        1.111,
        7.1,
        1.4,
        7.1,
        2,
        1.833,
        7.1
      ]
    },
    {
      "Target": "Parameter",
      "Id": "BodyZ",
      "Segments": [
        0,
        0,
        2,
        0.133,
        0,
        1,
        0.244,
        0,
        0.356,
        -0.874,
        0.467,
        -1.214,
        1,
        0.556,
        -1.486,
        0.644,
        -1.451,
        0.733,
        -1.451,
        1,
        0.811,
        -1.451,
        0.889,
        -1.188,
        0.967,
        -0.51,
        1,
        1.067,
        0.363,
        1.167,
        1.481,
        1.267,
        2.287,
        1,
        1.311,
        2.645,
        1.356,
        2.7,
        1.4,
        2.7,
        2,
        1.833,
        2.7
      ]
    },
    {
      "Target": "Parameter",
      "Id": "BodyUpper",
      "Segments": [
        0,
        0,
        2,
        0.233,
        0,
        0,
        1.4,
        1.4,
        2,
        1.833,
        1.4
      ]
    },
    {
      "Target": "Parameter",
      "Id": "ShoulderL_Move",
      "Segments": [
        0,
        0,
        2,
        0.167,
        0,
        1,
        0.3,
        0,
        0.434,
        2.266,
        0.567,
        3.473,
        1,
        0.634,
        4.077,
        0.7,
        3.944,
        0.767,
        3.944,
        0,
        1.067,
        -1.216,
        0,
        1.4,
        -0.6,
        2,
        1.833,
        -0.6
      ]
    },
    {
      "Target": "Parameter",
      "Id": "ShoulderR_Move",
      "Segments": [
        0,
        0,
        2,
        0.1,
        0,
        1,
        0.222,
        0,
        0.345,
        1.707,
        0.467,
        5.964,
        1,
        0.534,
        8.286,
        0.6,
        9.983,
        0.667,
        9.983,
        0,
        1,
        5.964,
        0,
        1.2,
        8,
        2,
        1.833,
        8
      ]
    },
    {
      "Target": "Parameter",
      "Id": "ShoulderL_Roll",
      "Segments": [
        0,
        0,
        2,
        0.3,
        0,
        1,
        0.4,
        0,
        0.5,
        -0.101,
        0.6,
        0.345,
        1,
        0.711,
        0.84,
        0.822,
        6.545,
        0.933,
        6.545,
        0,
        1.267,
        4.9,
        2,
        1.4,
        4.9,
        2,
        1.833,
        4.9
      ]
    },
    {
      "Target": "Parameter",
      "Id": "ElbowL_Roll",
      "Segments": [
        0,
        0,
        2,
        0.233,
        0,
        1,
        0.311,
        0,
        0.389,
        -0.929,
        0.467,
        -1.213,
        1,
        0.578,
        -1.619,
        0.689,
        -1.633,
        0.8,
        -1.633,
        1,
        0.9,
        -1.633,
        1,
        -0.937,
        1.1,
        -0.719,
        1,
        1.2,
        -0.501,
        1.3,
        -0.52,
        1.4,
        -0.52,
        2,
        1.833,
        -0.52
      ]
    },
    {
      "Target": "Parameter",
      "Id": "HandL_Roll",
      "Segments": [
        0,
        0,
        2,
        0.467,
        0,
        0,
        0.767,
        -1.576,
        0,
        1.133,
        -0.3,
        0,
        1.4,
        -1.3,
        2,
        1.833,
        -1.3
      ]
    },
    {
      "Target": "Parameter",
      "Id": "Arm01L_Strech",
      "Segments": [
        0,
        0,
        2,
        0.167,
        0,
        0,
        0.567,
        0.684,
        2,
        1.833,
        0.684
      ]
    },
    {
      "Target": "Parameter",
      "Id": "Arm02L_Strech",
      "Segments": [
        0,
        0,
        2,
        0.467,
        0,
        0,
        0.733,
        0.074,
        2,
        1.833,
        0.074
      ]
    },
    {
      "Target": "Parameter",
      "Id": "ShoulderR_Roll",
      "Segments": [
        0,
        0,
        2,
        0.233,
        0,
        1,
        0.322,
        0,
        0.411,
        -3.124,
        0.5,
        -9.118,
        1,
        0.6,
        -15.862,
        0.7,
        -19.111,
        0.8,
        -19.111,
        0,
        1,
        -18.8,
        2,
        1.167,
        -18.8,
        2,
        1.4,
        -18.8,
        2,
        1.833,
        -18.8
      ]
    },
    {
      "Target": "Parameter",
      "Id": "ElbowR_Roll",
      "Segments": [
        0,
        0,
        2,
        0.233,
        0,
        1,
        0.389,
        0,
        0.544,
        3.666,
        0.7,
        10.008,
        1,
        0.789,
        13.632,
        0.878,
        15.02,
        0.967,
        15.02,
        0,
        1.167,
        14.72,
        2,
        1.4,
        14.72,
        2,
        1.833,
        14.72
      ]
    },
    {
      "Target": "Parameter",
      "Id": "HandR_Roll",
      "Segments": [
        0,
        0,
        2,
        0.233,
        0,
        1,
        0.344,
        0,
        0.456,
        -0.474,
        0.567,
        -2.364,
        1,
        0.645,
        -3.686,
        0.722,
        -6.938,
        0.8,
        -8,
        1,
        0.856,
        -8.758,
        0.911,
        -9.077,
        0.967,
        -9.445,
        1,
        1.034,
        -9.887,
        1.1,
        -10,
        1.167,
        -10,
        2,
        1.4,
        -10,
        2,
        1.833,
        -10
      ]
    },
    {
      "Target": "Parameter",
      "Id": "Arm01R_Strech",
      "Segments": [
        0,
        0,
        2,
        0.233,
        0,
        0,
        0.7,
        -6.6,
        2,
        1.4,
        -6.6,
        2,
        1.833,
        -6.6
      ]
    },
    {
      "Target": "Parameter",
      "Id": "Arm02R_Strech",
      "Segments": [
        0,
        0,
        2,
        0.233,
        0,
        1,
        0.389,
        0,
        0.544,
        -0.471,
        0.7,
        -2.16,
        1,
        0.733,
        -2.522,
        0.767,
        -10,
        0.8,
        -10,
        2,
        1.4,
        -10,
        2,
        1.833,
        -10
      ]
    },
    {
      "Target": "Parameter",
      "Id": "Arm02R_Bias",
      "Segments": [
        0,
        0,
        2,
        0.233,
        0,
        0,
        1.167,
        -10,
        2,
        1.833,
        -10
      ]
    },
    {
      "Target": "Parameter",
      "Id": "HandR_Front",
      "Segments": [
        0,
        0,
        2,
        0.233,
        0,
        0,
        1.4,
        1,
        2,
        1.833,
        1
      ]
    },
    {
      "Target": "Parameter",
      "Id": "ShoulderR_Bias",
      "Segments": [
        0,
        0,
        2,
        0.233,
        0,
        1,
        0.322,
        0,
        0.411,
        0.025,
        0.5,
        0.047,
        1,
        0.589,
        0.07,
        0.678,
        0.074,
        0.767,
        0.074,
        0,
        1.4,
        0,
        2,
        1.833,
        0
      ]
    },
    {
      "Target": "Parameter",
      "Id": "HandR_Strech",
      "Segments": [
        0,
        0,
        2,
        0.233,
        0,
        2,
        0.433,
        0,
        1,
        0.678,
        0,
        0.922,
        6.269,
        1.167,
        7.266,
        1,
        1.389,
        8.173,
        1.611,
        8,
        1.833,
        8
      ]
    },
    {
      "Target": "Parameter",
      "Id": "HandR01",
      "Segments": [
        0,
        1,
        2,
        0.233,
        1,
        2,
        0.567,
        1,
        0,
        0.6,
        0,
        2,
        1.4,
        0,
        2,
        1.833,
        0
      ]
    },
    {
      "Target": "Parameter",
      "Id": "HandR02",
      "Segments": [
        0,
        0,
        2,
        0.233,
        0,
        2,
        0.567,
        0,
        0,
        0.6,
        1,
        2,
        1.4,
        1,
        2,
        1.833,
        1
      ]
    },
    {
      "Target": "Parameter",
      "Id": "HairTop_Shaking",
      "Segments": [
        0,
        0.013,
        0,
        0.067,
        0.011,
        0,
        0.233,
        0.024,
        0,
        0.4,
        0.001,
        0,
        0.667,
        0.114,
        0,
        1,
        -0.292,
        0,
        1.4,
        0.141,
        0,
        1.8,
        -0.104,
        0,
        1.833,
        -0.097
      ]
    },
    {
      "Target": "Parameter",
      "Id": "HairSide_Shaking",
      "Segments": [
        0,
        -0.026,
        0,
        0.433,
        0.061,
        0,
        0.567,
        0.028,
        0,
        0.933,
        0.539,
        0,
        1.333,
        -0.39,
        0,
        1.7,
        0.262,
        0,
        1.833,
        0.13
      ]
    },
    {
      "Target": "Parameter",
      "Id": "HairUnder_Shaking",
      "Segments": [
        0,
        -0.026,
        0,
        0.433,
        0.061,
        0,
        0.567,
        0.028,
        0,
        0.933,
        0.539,
        0,
        1.333,
        -0.39,
        0,
        1.7,
        0.262,
        0,
        1.833,
        0.13
      ]
    },
    {
      "Target": "Parameter",
      "Id": "ALLX",
      "Segments": [
        0,
        0,
        2,
        0.2,
        0,
        2,
        0.433,
        0,
        0,
        0.9,
        -3.245,
        0,
        1.267,
        0.3,
        2,
        1.833,
        0.3
      ]
    },
    {
      "Target": "Parameter",
      "Id": "ALLY",
      "Segments": [
        0,
        0,
        2,
        0.2,
        0,
        0,
        1.267,
        1,
        2,
        1.833,
        1
      ]
    },
    {
      "Target": "Parameter",
      "Id": "Param",
      "Segments": [
        0,
        -30,
        0,
        1.833,
        -30
      ]
    },
    {
      "Target": "Parameter",
      "Id": "EyeL_Smile",
      "Segments": [
        0,
        0,
        0,
        1.833,
        0
      ]
    },
    {
      "Target": "Parameter",
      "Id": "EyeR_Smile",
      "Segments": [
        0,
        0,
        0,
        1.833,
        0
      ]
    },
    {
      "Target": "Parameter",
      "Id": "EyeBall_Size",
      "Segments": [
        0,
        0,
        0,
        1.833,
        0
      ]
    },
    {
      "Target": "Parameter",
      "Id": "Mouth_Form",
      "Segments": [
        0,
        0,
        0,
        1.833,
        0
      ]
    },
    {
      "Target": "Parameter",
      "Id": "Breath",
      "Segments": [
        0,
        0,
        0,
        1.833,
        0
      ]
    },
    {
      "Target": "Parameter",
      "Id": "Arm02L_Bias",
      "Segments": [
        0,
        0,
        0,
        1.833,
        0
      ]
    },
    {
      "Target": "Parameter",
      "Id": "HandL_Strech",
      "Segments": [
        0,
        0,
        0,
        1.833,
        0
      ]
    },
    {
      "Target": "Parameter",
      "Id": "HandL01",
      "Segments": [
        0,
        1,
        0,
        1.833,
        1
      ]
    },
    {
      "Target": "Parameter",
      "Id": "HandL02",
      "Segments": [
        0,
        0,
        0,
        1.833,
        0
      ]
    },
    {
      "Target": "Parameter",
      "Id": "ArmR_Front",
      "Segments": [
        0,
        0,
        0,
        1.833,
        0
      ]
    },
    {
      "Target": "Parameter",
      "Id": "ALLZ",
      "Segments": [
        0,
        0,
        0,
        1.833,
        0
      ]
    }
  ],
  "UserData": [
    {
      "Time": 0.0,
      "Value": ""
    }
  ]
}