{
  "Version": 3,
  "Meta": {
    "Duration": 8.0,
    "Fps": 30.0,
    "Loop": true,
    "AreBeziersRestricted": true,
    "CurveCount": 57,
    "TotalSegmentCount": 291,
    "TotalPointCount": 611,
    "UserDataCount": 1,
    "TotalUserDataSize": 0
  },
  "Curves": [
    {
      "Target": "Parameter",
      "Id": "HeadX",
      "Segments": [
        0,
        -30,
        2,
        0.3,
        -30,
        1,
        0.522,
        -30,
        0.745,
        -19.246,
        0.967,
        -4.74,
        1,
        1.045,
        0.337,
        1.122,
        4.434,
        1.2,
        6.402,
        1,
        1.278,
        8.37,
        1.355,
        9.717,
        1.433,
        10.563,
        1,
        1.589,
        12.256,
        1.744,
        12.698,
        1.9,
        12.698,
        1,
        2.011,
        12.698,
        2.122,
        12.545,
        2.233,
        8.91,
        1,
        2.522,
        -0.542,
        2.811,
        -8.45,
        3.1,
        -8.45,
        1,
        3.289,
        -8.45,
        3.478,
        -7.773,
        3.667,
        -6.303,
        1,
        3.878,
        -4.66,
        4.089,
        -2.568,
        4.3,
        -1.252,
        1,
        4.478,
        -0.144,
        4.655,
        0.069,
        4.833,
        0.069,
        1,
        5.133,
        0.069,
        5.433,
        0.218,
        5.733,
        -2.655,
        1,
        6.155,
        -6.698,
        6.578,
        -17.731,
        7,
        -23.827,
        1,
        7.333,
        -28.64,
        7.667,
        -30,
        8,
        -30
      ]
    },
    {
      "Target": "Parameter",
      "Id": "HeadY",
      "Segments": [
        0,
        -6.64,
        1,
        0.1,
        -6.979,
        0.2,
        -7.378,
        0.3,
        -7.852,
        1,
        0.556,
        -9.063,
        0.811,
        -9.802,
        1.067,
        -9.802,
        1,
        1.222,
        -9.802,
        1.378,
        -9.896,
        1.533,
        -9.684,
        1,
        2,
        -9.047,
        2.466,
        -7.265,
        2.933,
        -5.261,
        1,
        3.2,
        -4.116,
        3.466,
        0.828,
        3.733,
        4.2,
        1,
        3.911,
        6.449,
        4.089,
        10.429,
        4.267,
        11.736,
        1,
        4.489,
        13.369,
        4.711,
        13.517,
        4.933,
        13.517,
        1,
        5.133,
        13.517,
        5.333,
        13.737,
        5.533,
        12.208,
        1,
        5.889,
        9.491,
        6.244,
        -0.479,
        6.6,
        -2.167,
        1,
        7.067,
        -4.382,
        7.533,
        -5.075,
        8,
        -6.64
      ]
    },
    {
      "Target": "Parameter",
      "Id": "HeadZ",
      "Segments": [
        0,
        -16.08,
        1,
        0.156,
        -16.08,
        0.311,
        -16.143,
        0.467,
        -14.559,
        1,
        0.711,
        -12.07,
        0.956,
        -8.644,
        1.2,
        -8.644,
        1,
        1.311,
        -8.644,
        1.422,
        -8.796,
        1.533,
        -9.072,
        1,
        1.922,
        -10.037,
        2.311,
        -10.506,
        2.7,
        -10.506,
        1,
        3.011,
        -10.506,
        3.322,
        -10.294,
        3.633,
        -9.538,
        1,
        3.766,
        -9.215,
        3.9,
        -8.346,
        4.033,
        -7.927,
        1,
        4.133,
        -7.613,
        4.233,
        -7.563,
        4.333,
        -7.563,
        1,
        4.6,
        -7.563,
        4.866,
        -7.561,
        5.133,
        -7.927,
        1,
        5.333,
        -8.202,
        5.533,
        -9.592,
        5.733,
        -10.506,
        1,
        6.044,
        -11.929,
        6.356,
        -14.244,
        6.667,
        -14.958,
        1,
        7.111,
        -15.977,
        7.556,
        -16.08,
        8,
        -16.08
      ]
    },
    {
      "Target": "Parameter",
      "Id": "EyeBallX",
      "Segments": [
        0,
        -0.247,
        0,
        1.2,
        0.3,
        2,
        3.1,
        0.3,
        0,
        4.267,
        0.5,
        2,
        5.5,
        0.5,
        0,
        6.467,
        -0.514,
        0,
        7.233,
        -0.247,
        2,
        8,
        -0.247
      ]
    },
    {
      "Target": "Parameter",
      "Id": "EyeBallY",
      "Segments": [
        0,
        -0.2,
        1,
        0.411,
        -0.2,
        0.822,
        -0.136,
        1.233,
        -0.098,
        1,
        1.855,
        -0.041,
        2.478,
        -0.032,
        3.1,
        -0.032,
        0,
        4.267,
        -0.27,
        1,
        4.534,
        -0.27,
        4.8,
        -0.257,
        5.067,
        -0.196,
        1,
        5.389,
        -0.122,
        5.711,
        -0.057,
        6.033,
        -0.057,
        0,
        7.233,
        -0.2,
        2,
        8,
        -0.2
      ]
    },
    {
      "Target": "Parameter",
      "Id": "NeckZ",
      "Segments": [
        0,
        -0.2,
        1,
        0.322,
        -0.2,
        0.645,
        -2.792,
        0.967,
        -3.12,
        1,
        1.134,
        -3.29,
        1.3,
        -3.262,
        1.467,
        -3.316,
        1,
        1.556,
        -3.344,
        1.644,
        -3.33,
        1.733,
        -3.38,
        1,
        1.922,
        -3.485,
        2.111,
        -3.792,
        2.3,
        -3.792,
        1,
        2.689,
        -3.792,
        3.078,
        -3.635,
        3.467,
        -2.93,
        1,
        3.656,
        -2.587,
        3.844,
        -1.439,
        4.033,
        -0.995,
        1,
        4.155,
        -0.708,
        4.278,
        -0.487,
        4.4,
        -0.414,
        1,
        4.7,
        -0.235,
        5,
        -0.2,
        5.3,
        -0.2,
        1,
        5.578,
        -0.2,
        5.855,
        -0.526,
        6.133,
        -0.995,
        1,
        6.389,
        -1.426,
        6.644,
        -1.57,
        6.9,
        -1.57,
        0,
        8,
        -0.2
      ]
    },
    {
      "Target": "Parameter",
      "Id": "BodyX",
      "Segments": [
        0,
        -10,
        1,
        0.322,
        -10,
        0.645,
        -7.91,
        0.967,
        -6.308,
        1,
        1.156,
        -5.369,
        1.344,
        -4.776,
        1.533,
        -4.537,
        1,
        1.722,
        -4.298,
        1.911,
        -4.312,
        2.1,
        -4.312,
        1,
        2.467,
        -4.312,
        2.833,
        -4.592,
        3.2,
        -5.856,
        1,
        3.367,
        -6.431,
        3.533,
        -7.595,
        3.7,
        -7.595,
        1,
        3.867,
        -7.595,
        4.033,
        -7.488,
        4.2,
        -7.038,
        1,
        4.456,
        -6.347,
        4.711,
        -5.834,
        4.967,
        -5.834,
        1,
        5.278,
        -5.834,
        5.589,
        -5.744,
        5.9,
        -6.459,
        1,
        6.6,
        -8.067,
        7.3,
        -10,
        8,
        -10
      ]
    },
    {
      "Target": "Parameter",
      "Id": "BodyY",
      "Segments": [
        0,
        7.1,
        1,
        0.278,
        7.1,
        0.555,
        7.485,
        0.833,
        8.019,
        1,
        1.066,
        8.469,
        1.3,
        8.87,
        1.533,
        9.189,
        1,
        1.622,
        9.311,
        1.711,
        9.313,
        1.8,
        9.313,
        1,
        2.078,
        9.313,
        2.355,
        9.203,
        2.633,
        8.675,
        1,
        2.989,
        8,
        3.344,
        7.103,
        3.7,
        6.177,
        1,
        3.778,
        5.974,
        3.855,
        5.268,
        3.933,
        4.924,
        1,
        4.055,
        4.383,
        4.178,
        4.195,
        4.3,
        4.195,
        1,
        4.522,
        4.195,
        4.745,
        4.733,
        4.967,
        5.575,
        1,
        5.522,
        7.678,
        6.078,
        8.625,
        6.633,
        8.625,
        0,
        8,
        7.1
      ]
    },
    {
      "Target": "Parameter",
      "Id": "BodyZ",
      "Segments": [
        0,
        2.7,
        1,
        0.322,
        2.7,
        0.645,
        2.825,
        0.967,
        3.199,
        1,
        1.067,
        3.315,
        1.167,
        3.568,
        1.267,
        3.783,
        1,
        1.356,
        3.974,
        1.444,
        4.245,
        1.533,
        4.431,
        1,
        1.678,
        4.733,
        1.822,
        4.849,
        1.967,
        4.849,
        1,
        2.189,
        4.849,
        2.411,
        4.688,
        2.633,
        4.315,
        1,
        2.966,
        3.756,
        3.3,
        3.186,
        3.633,
        2.582,
        1,
        3.811,
        2.259,
        3.989,
        1.846,
        4.167,
        1.521,
        1,
        4.267,
        1.338,
        4.367,
        1.281,
        4.467,
        1.281,
        1,
        4.967,
        1.281,
        5.467,
        2.033,
        5.967,
        3.783,
        1,
        6.122,
        4.327,
        6.278,
        4.754,
        6.433,
        4.754,
        1,
        6.6,
        4.754,
        6.766,
        4.462,
        6.933,
        4.027,
        1,
        7.289,
        3.1,
        7.644,
        2.7,
        8,
        2.7
      ]
    },
    {
      "Target": "Parameter",
      "Id": "BodyUpper",
      "Segments": [
        0,
        1.4,
        1,
        0.133,
        1.4,
        0.267,
        1.379,
        0.4,
        1.597,
        1,
        0.544,
        1.833,
        0.689,
        2.507,
        0.833,
        2.507,
        1,
        1.066,
        2.507,
        1.3,
        2.328,
        1.533,
        1.717,
        1,
        1.722,
        1.222,
        1.911,
        0.792,
        2.1,
        0.792,
        1,
        2.411,
        0.792,
        2.722,
        1.13,
        3.033,
        1.588,
        1,
        3.178,
        1.801,
        3.322,
        2.023,
        3.467,
        2.08,
        1,
        3.622,
        2.142,
        3.778,
        2.167,
        3.933,
        2.195,
        1,
        4.144,
        2.233,
        4.356,
        2.242,
        4.567,
        2.242,
        2,
        4.933,
        2.242,
        1,
        5.222,
        2.242,
        5.511,
        2.157,
        5.8,
        2.08,
        1,
        6.1,
        2.001,
        6.4,
        1.803,
        6.7,
        1.673,
        1,
        7.133,
        1.486,
        7.567,
        1.4,
        8,
        1.4
      ]
    },
    {
      "Target": "Parameter",
      "Id": "Breath",
      "Segments": [
        0,
        0,
        0,
        1.967,
        0.5,
        0,
        3.767,
        0,
        0,
        5.967,
        0.5,
        0,
        8,
        0
      ]
    },
    {
      "Target": "Parameter",
      "Id": "ShoulderL_Move",
      "Segments": [
        0,
        -0.6,
        1,
        0.422,
        -0.6,
        0.845,
        1.128,
        1.267,
        2.102,
        1,
        1.356,
        2.306,
        1.444,
        2.237,
        1.533,
        2.295,
        1,
        1.655,
        2.375,
        1.778,
        2.487,
        1.9,
        2.52,
        1,
        2.433,
        2.662,
        2.967,
        2.712,
        3.5,
        2.899,
        1,
        3.8,
        3.004,
        4.1,
        3.948,
        4.4,
        3.948,
        1,
        4.589,
        3.948,
        4.778,
        3.99,
        4.967,
        3.863,
        1,
        5.245,
        3.676,
        5.522,
        0.347,
        5.8,
        0.112,
        1,
        6.533,
        -0.509,
        7.267,
        -0.6,
        8,
        -0.6
      ]
    },
    {
      "Target": "Parameter",
      "Id": "ShoulderR_Move",
      "Segments": [
        0,
        8,
        1,
        0.322,
        8.831,
        0.645,
        8.708,
        0.967,
        8.708,
        1,
        1.156,
        8.708,
        1.344,
        8.43,
        1.533,
        8.367,
        1,
        2.011,
        8.21,
        2.489,
        8.169,
        2.967,
        8,
        1,
        3.189,
        7.921,
        3.411,
        7.259,
        3.633,
        6.683,
        1,
        3.844,
        6.135,
        4.056,
        4.364,
        4.267,
        4.231,
        1,
        4.5,
        4.084,
        4.734,
        4.094,
        4.967,
        3.981,
        1,
        5.222,
        3.857,
        5.478,
        3.707,
        5.733,
        3.707,
        1,
        6.489,
        3.707,
        7.244,
        6.008,
        8,
        8
      ]
    },
    {
      "Target": "Parameter",
      "Id": "ShoulderL_Roll",
      "Segments": [
        0,
        4.9,
        1,
        0.2,
        4.182,
        0.4,
        3.49,
        0.6,
        3.49,
        1,
        0.722,
        3.49,
        0.845,
        4.792,
        0.967,
        5.8,
        1,
        1.122,
        7.083,
        1.278,
        8.072,
        1.433,
        8.839,
        1,
        1.6,
        9.661,
        1.766,
        9.845,
        1.933,
        9.845,
        1,
        2.389,
        9.845,
        2.844,
        7.395,
        3.3,
        4.78,
        1,
        3.444,
        3.951,
        3.589,
        3.703,
        3.733,
        3.321,
        1,
        3.811,
        3.115,
        3.889,
        3.1,
        3.967,
        3.1,
        2,
        4.233,
        3.1,
        1,
        4.478,
        3.1,
        4.722,
        3.098,
        4.967,
        3.209,
        1,
        5.122,
        3.28,
        5.278,
        3.927,
        5.433,
        4.509,
        1,
        5.6,
        5.133,
        5.766,
        6.507,
        5.933,
        7.268,
        1,
        6.189,
        8.433,
        6.444,
        8.839,
        6.7,
        8.839,
        1,
        7.133,
        8.839,
        7.567,
        7.363,
        8,
        4.9
      ]
    },
    {
      "Target": "Parameter",
      "Id": "ElbowL_Roll",
      "Segments": [
        0,
        -0.52,
        1,
        0.2,
        -0.52,
        0.4,
        -0.841,
        0.6,
        -1.1,
        1,
        0.711,
        -1.244,
        0.822,
        -1.291,
        0.933,
        -1.371,
        1,
        1.066,
        -1.468,
        1.2,
        -1.504,
        1.333,
        -1.504,
        0,
        1.8,
        -0.785,
        1,
        2.056,
        -0.785,
        2.311,
        -1.067,
        2.567,
        -1.184,
        1,
        2.789,
        -1.287,
        3.011,
        -1.281,
        3.233,
        -1.371,
        1,
        3.4,
        -1.439,
        3.566,
        -1.666,
        3.733,
        -1.875,
        1,
        3.822,
        -1.986,
        3.911,
        -2.306,
        4,
        -2.498,
        1,
        4.111,
        -2.738,
        4.222,
        -2.837,
        4.333,
        -2.837,
        1,
        4.578,
        -2.837,
        4.822,
        -2.43,
        5.067,
        -2.201,
        1,
        5.211,
        -2.066,
        5.356,
        -2.016,
        5.5,
        -1.974,
        1,
        5.622,
        -1.938,
        5.745,
        -1.959,
        5.867,
        -1.904,
        1,
        6.111,
        -1.793,
        6.356,
        -0.985,
        6.6,
        -0.839,
        1,
        7.067,
        -0.561,
        7.533,
        -0.52,
        8,
        -0.52
      ]
    },
    {
      "Target": "Parameter",
      "Id": "HandL_Roll",
      "Segments": [
        0,
        -1.3,
        0,
        0.967,
        -1.68,
        0,
        1.067,
        -1.3,
        1,
        1.222,
        -1.3,
        1.378,
        -1.307,
        1.533,
        -1.347,
        1,
        1.8,
        -1.416,
        2.066,
        -1.484,
        2.333,
        -1.593,
        1,
        2.533,
        -1.674,
        2.733,
        -1.814,
        2.933,
        -2.022,
        1,
        3.055,
        -2.15,
        3.178,
        -2.78,
        3.3,
        -2.78,
        1,
        3.533,
        -2.78,
        3.767,
        -2.74,
        4,
        -2.562,
        1,
        4.156,
        -2.443,
        4.311,
        -2.272,
        4.467,
        -2.022,
        1,
        4.589,
        -1.826,
        4.711,
        -1.182,
        4.833,
        -0.846,
        1,
        4.944,
        -0.541,
        5.056,
        -0.45,
        5.167,
        -0.45,
        0,
        6.6,
        -2.016,
        0,
        8,
        -1.3
      ]
    },
    {
      "Target": "Parameter",
      "Id": "ShoulderR_Roll",
      "Segments": [
        0,
        -18.8,
        2,
        1.067,
        -18.8,
        2,
        1.533,
        -18.8,
        0,
        4.233,
        -19.46,
        1,
        5.022,
        -19.46,
        5.811,
        -19.416,
        6.6,
        -19.18,
        1,
        7.067,
        -19.04,
        7.533,
        -18.8,
        8,
        -18.8
      ]
    },
    {
      "Target": "Parameter",
      "Id": "ElbowR_Roll",
      "Segments": [
        0,
        14.72,
        0,
        0.967,
        15.14,
        2,
        1.067,
        15.14,
        2,
        1.533,
        15.14,
        2,
        3.3,
        15.14,
        1,
        3.444,
        15.14,
        3.589,
        15.223,
        3.733,
        15.379,
        1,
        3.811,
        15.463,
        3.889,
        15.5,
        3.967,
        15.5,
        2,
        4.233,
        15.5,
        1,
        4.478,
        15.5,
        4.722,
        15.499,
        4.967,
        15.514,
        1,
        5.178,
        15.526,
        5.389,
        15.566,
        5.6,
        15.566,
        1,
        5.9,
        15.566,
        6.2,
        15.551,
        6.5,
        15.42,
        1,
        6.778,
        15.299,
        7.055,
        14.975,
        7.333,
        14.839,
        1,
        7.555,
        14.73,
        7.778,
        14.72,
        8,
        14.72
      ]
    },
    {
      "Target": "Parameter",
      "Id": "Arm02R_Strech",
      "Segments": [
        0,
        -10,
        0,
        0.967,
        -9.18,
        2,
        1.067,
        -9.18,
        2,
        1.533,
        -9.18,
        2,
        3.3,
        -9.18,
        1,
        3.444,
        -9.18,
        3.589,
        -9.222,
        3.733,
        -9.3,
        1,
        3.811,
        -9.342,
        3.889,
        -9.36,
        3.967,
        -9.36,
        2,
        4.233,
        -9.36,
        1,
        4.478,
        -9.36,
        4.722,
        -9.337,
        4.967,
        -9.378,
        1,
        5.978,
        -9.545,
        6.989,
        -10,
        8,
        -10
      ]
    },
    {
      "Target": "Parameter",
      "Id": "HandR_Strech",
      "Segments": [
        0,
        8,
        2,
        1.067,
        8,
        2,
        1.533,
        8,
        2,
        3.3,
        8,
        1,
        3.444,
        8,
        3.589,
        7.81,
        3.733,
        7.455,
        1,
        3.811,
        7.264,
        3.889,
        7.18,
        3.967,
        7.18,
        2,
        4.233,
        7.18,
        1,
        4.478,
        7.18,
        4.722,
        7.151,
        4.967,
        7.203,
        1,
        5.978,
        7.418,
        6.989,
        8,
        8,
        8
      ]
    },
    {
      "Target": "Parameter",
      "Id": "HairTop_Shaking",
      "Segments": [
        0,
        -0.097,
        0,
        0.067,
        -0.013,
        0,
        0.233,
        -0.014,
        0,
        0.333,
        -0.013,
        0,
        0.6,
        -0.036,
        0,
        1.3,
        0.104,
        0,
        1.667,
        0.015,
        0,
        2.033,
        0.058,
        0,
        2.4,
        0.032,
        0,
        2.733,
        0.083,
        0,
        3.2,
        -0.051,
        0,
        3.533,
        0.045,
        0,
        3.9,
        -0.04,
        0,
        4.2,
        0.019,
        0,
        4.567,
        -0.031,
        0,
        4.967,
        0.009,
        0,
        5.333,
        -0.023,
        0,
        5.9,
        0.03,
        0,
        5.967,
        0.029,
        0,
        6.3,
        0.052,
        0,
        6.833,
        0.009,
        2,
        6.9,
        0.009,
        1,
        7.244,
        0.009,
        7.589,
        0.002,
        7.933,
        -0.013,
        1,
        7.955,
        -0.014,
        7.978,
        -0.097,
        8,
        -0.097
      ]
    },
    {
      "Target": "Parameter",
      "Id": "HairSide_Shaking",
      "Segments": [
        0,
        0.13,
        0,
        0.367,
        -0.011,
        0,
        0.467,
        -0.01,
        0,
        1.067,
        -0.179,
        0,
        1.6,
        0.071,
        0,
        1.967,
        -0.047,
        0,
        2.333,
        0.035,
        0,
        2.633,
        -0.012,
        0,
        3.033,
        0.166,
        0,
        3.467,
        -0.123,
        0,
        3.833,
        0.054,
        0,
        4.133,
        -0.082,
        0,
        4.5,
        0.038,
        0,
        4.867,
        -0.045,
        0,
        5.267,
        0.047,
        0,
        5.667,
        -0.026,
        0,
        6.033,
        0.028,
        0,
        6.2,
        0.021,
        1,
        6.344,
        0.021,
        6.489,
        0.089,
        6.633,
        0.097,
        1,
        7.089,
        0.125,
        7.544,
        0.13,
        8,
        0.13
      ]
    },
    {
      "Target": "Parameter",
      "Id": "HairUnder_Shaking",
      "Segments": [
        0,
        0.13,
        0,
        0.367,
        -0.011,
        0,
        0.467,
        -0.01,
        0,
        1.067,
        -0.179,
        0,
        1.6,
        0.071,
        0,
        1.967,
        -0.047,
        0,
        2.333,
        0.035,
        0,
        2.633,
        -0.012,
        0,
        3.033,
        0.166,
        0,
        3.467,
        -0.123,
        0,
        3.833,
        0.054,
        0,
        4.133,
        -0.082,
        0,
        4.5,
        0.038,
        0,
        4.867,
        -0.045,
        0,
        5.267,
        0.047,
        0,
        5.667,
        -0.026,
        0,
        6.033,
        0.028,
        0,
        6.2,
        0.021,
        1,
        6.344,
        0.021,
        6.489,
        0.089,
        6.633,
        0.097,
        1,
        7.089,
        0.125,
        7.544,
        0.13,
        8,
        0.13
      ]
    },
    {
      "Target": "Parameter",
      "Id": "Param",
      "Segments": [
        0,
        -30,
        0,
        8,
        -30
      ]
    },
    {
      "Target": "Parameter",
      "Id": "BrowLY",
      "Segments": [
        0,
        -0.516,
        0,
        8,
        -0.516
      ]
    },
    {
      "Target": "Parameter",
      "Id": "BrowRY",
      "Segments": [
        0,
        -0.774,
        0,
        8,
        -0.774
      ]
    },
    {
      "Target": "Parameter",
      "Id": "BrowLX",
      "Segments": [
        0,
        -0.122,
        0,
        8,
        -0.122
      ]
    },
    {
      "Target": "Parameter",
      "Id": "BrowRX",
      "Segments": [
        0,
        0.316,
        0,
        8,
        0.316
      ]
    },
    {
      "Target": "Parameter",
      "Id": "BrowL_Angle",
      "Segments": [
        0,
        -0.332,
        0,
        8,
        -0.332
      ]
    },
    {
      "Target": "Parameter",
      "Id": "BrowR_Angle",
      "Segments": [
        0,
        -0.292,
        0,
        8,
        -0.292
      ]
    },
    {
      "Target": "Parameter",
      "Id": "BrowL_Form",
      "Segments": [
        0,
        -0.45,
        0,
        8,
        -0.45
      ]
    },
    {
      "Target": "Parameter",
      "Id": "BrowR_Form",
      "Segments": [
        0,
        0.026,
        0,
        8,
        0.026
      ]
    },
    {
      "Target": "Parameter",
      "Id": "EyeL_Open",
      "Segments": [
        0,
        0.9,
        0,
        8,
        0.9
      ]
    },
    {
      "Target": "Parameter",
      "Id": "EyeL_Smile",
      "Segments": [
        0,
        0,
        0,
        8,
        0
      ]
    },
    {
      "Target": "Parameter",
      "Id": "EyeR_Open",
      "Segments": [
        0,
        0.9,
        0,
        8,
        0.9
      ]
    },
    {
      "Target": "Parameter",
      "Id": "EyeR_Smile",
      "Segments": [
        0,
        0,
        0,
        8,
        0
      ]
    },
    {
      "Target": "Parameter",
      "Id": "EyeBall_Size",
      "Segments": [
        0,
        0,
        0,
        8,
        0
      ]
    },
    {
      "Target": "Parameter",
      "Id": "Mouth_Form",
      "Segments": [
        0,
        0,
        0,
        8,
        0
      ]
    },
    {
      "Target": "Parameter",
      "Id": "Mouth_Open",
      "Segments": [
        0,
        0.7,
        0,
        8,
        0.7
      ]
    },
    {
      "Target": "Parameter",
      "Id": "Mouth_Size",
      "Segments": [
        0,
        0.8,
        0,
        8,
        0.8
      ]
    },
    {
      "Target": "Parameter",
      "Id": "Arm01L_Strech",
      "Segments": [
        0,
        0.684,
        0,
        8,
        0.684
      ]
    },
    {
      "Target": "Parameter",
      "Id": "Arm02L_Strech",
      "Segments": [
        0,
        0.074,
        0,
        8,
        0.074
      ]
    },
    {
      "Target": "Parameter",
      "Id": "Arm02L_Bias",
      "Segments": [
        0,
        0,
        0,
        8,
        0
      ]
    },
    {
      "Target": "Parameter",
      "Id": "HandL_Strech",
      "Segments": [
        0,
        0,
        0,
        8,
        0
      ]
    },
    {
      "Target": "Parameter",
      "Id": "HandL01",
      "Segments": [
        0,
        1,
        0,
        8,
        1
      ]
    },
    {
      "Target": "Parameter",
      "Id": "HandL02",
      "Segments": [
        0,
        0,
        0,
        8,
        0
      ]
    },
    {
      "Target": "Parameter",
      "Id": "HandR_Roll",
      "Segments": [
        0,
        -10,
        0,
        8,
        -10
      ]
    },
    {
      "Target": "Parameter",
      "Id": "Arm01R_Strech",
      "Segments": [
        0,
        -6.6,
        0,
        8,
        -6.6
      ]
    },
    {
      "Target": "Parameter",
      "Id": "Arm02R_Bias",
      "Segments": [
        0,
        -10,
        0,
        8,
        -10
      ]
    },
    {
      "Target": "Parameter",
      "Id": "ArmR_Front",
      "Segments": [
        0,
        0,
        0,
        8,
        0
      ]
    },
    {
      "Target": "Parameter",
      "Id": "HandR_Front",
      "Segments": [
        0,
        1,
        0,
        8,
        1
      ]
    },
    {
      "Target": "Parameter",
      "Id": "ShoulderR_Bias",
      "Segments": [
        0,
        0,
        0,
        8,
        0
      ]
    },
    {
      "Target": "Parameter",
      "Id": "HandR01",
      "Segments": [
        0,
        0,
        0,
        8,
        0
      ]
    },
    {
      "Target": "Parameter",
      "Id": "HandR02",
      "Segments": [
        0,
        1,
        0,
        8,
        1
      ]
    },
    {
      "Target": "Parameter",
      "Id": "ALLX",
      "Segments": [
        0,
        0.3,
        0,
        8,
        0.3
      ]
    },
    {
      "Target": "Parameter",
      "Id": "ALLY",
      "Segments": [
        0,
        1,
        0,
        8,
        1
      ]
    },
    {
      "Target": "Parameter",
      "Id": "ALLZ",
      "Segments": [
        0,
        0,
        0,
        8,
        0
      ]
    }
  ],
  "UserData": [
    {
      "Time": 0.0,
      "Value": ""
    }
  ]
}