{
  "Version": 3,
  "Meta": {
    "Duration": 1.8,
    "Fps": 30.0,
    "Loop": true,
    "AreBeziersRestricted": true,
    "CurveCount": 57,
    "TotalSegmentCount": 243,
    "TotalPointCount": 363,
    "UserDataCount": 1,
    "TotalUserDataSize": 0
  },
  "Curves": [
    {
      "Target": "Parameter",
      "Id": "HeadX",
      "Segments": [
        0,
        0,
        0,
        0.3,
        0.522,
        0,
        0.9,
        -6.074,
        1,
        1.011,
        -6.074,
        1.122,
        -5.188,
        1.233,
        -4.3,
        1,
        1.266,
        -4.034,
        1.3,
        -4.08,
        1.333,
        -4.08,
        2,
        1.467,
        -4.08,
        2,
        1.8,
        -4.08
      ]
    },
    {
      "Target": "Parameter",
      "Id": "HeadY",
      "Segments": [
        0,
        0,
        1,
        0.1,
        0,
        0.2,
        -9.713,
        0.3,
        -11.102,
        1,
        0.411,
        -12.645,
        0.522,
        -12.518,
        0.633,
        -12.518,
        0,
        0.833,
        4.518,
        0,
        1.033,
        -18.954,
        0,
        1.333,
        -5.48,
        2,
        1.467,
        -5.48,
        2,
        1.8,
        -5.48
      ]
    },
    {
      "Target": "Parameter",
      "Id": "HeadZ",
      "Segments": [
        0,
        0,
        0,
        1.333,
        12,
        2,
        1.467,
        12,
        2,
        1.8,
        12
      ]
    },
    {
      "Target": "Parameter",
      "Id": "BrowLY",
      "Segments": [
        0,
        0,
        2,
        0.033,
        0,
        0,
        0.567,
        -0.412,
        2,
        1.8,
        -0.412
      ]
    },
    {
      "Target": "Parameter",
      "Id": "BrowRY",
      "Segments": [
        0,
        0,
        2,
        0.033,
        0,
        0,
        0.567,
        -0.594,
        2,
        1.8,
        -0.594
      ]
    },
    {
      "Target": "Parameter",
      "Id": "BrowLX",
      "Segments": [
        0,
        0,
        2,
        0.033,
        0,
        0,
        0.567,
        -0.2,
        2,
        1.8,
        -0.2
      ]
    },
    {
      "Target": "Parameter",
      "Id": "BrowL_Angle",
      "Segments": [
        0,
        0,
        2,
        0.033,
        0,
        0,
        0.567,
        -0.11,
        2,
        1.8,
        -0.11
      ]
    },
    {
      "Target": "Parameter",
      "Id": "BrowR_Angle",
      "Segments": [
        0,
        0,
        2,
        0.033,
        0,
        0,
        0.567,
        -0.138,
        2,
        1.8,
        -0.138
      ]
    },
    {
      "Target": "Parameter",
      "Id": "BrowL_Form",
      "Segments": [
        0,
        0,
        2,
        0.033,
        0,
        0,
        0.567,
        -0.7,
        2,
        1.8,
        -0.7
      ]
    },
    {
      "Target": "Parameter",
      "Id": "BrowR_Form",
      "Segments": [
        0,
        0,
        2,
        0.033,
        0,
        0,
        0.567,
        -0.5,
        2,
        1.8,
        -0.5
      ]
    },
    {
      "Target": "Parameter",
      "Id": "EyeL_Open",
      "Segments": [
        0,
        1,
        2,
        0.033,
        1,
        0,
        0.567,
        0.8,
        2,
        1.8,
        0.8
      ]
    },
    {
      "Target": "Parameter",
      "Id": "EyeR_Open",
      "Segments": [
        0,
        1,
        2,
        0.033,
        1,
        0,
        0.567,
        0.8,
        2,
        1.8,
        0.8
      ]
    },
    {
      "Target": "Parameter",
      "Id": "EyeBallX",
      "Segments": [
        0,
        0.5,
        2,
        0.3,
        0.5,
        0,
        0.9,
        0.4,
        2,
        1.8,
        0.4
      ]
    },
    {
      "Target": "Parameter",
      "Id": "EyeBallY",
      "Segments": [
        0,
        0,
        1,
        0.278,
        0,
        0.555,
        0,
        0.833,
        -0.008,
        1,
        1.022,
        -0.014,
        1.211,
        -0.096,
        1.4,
        -0.099,
        1,
        1.533,
        -0.101,
        1.667,
        -0.1,
        1.8,
        -0.1
      ]
    },
    {
      "Target": "Parameter",
      "Id": "Mouth_Form",
      "Segments": [
        0,
        0,
        2,
        0.1,
        0,
        1,
        0.2,
        0,
        0.3,
        -0.6,
        0.4,
        -0.7,
        1,
        0.867,
        -1.167,
        1.333,
        -1.3,
        1.8,
        -1.3
      ]
    },
    {
      "Target": "Parameter",
      "Id": "Mouth_Open",
      "Segments": [
        0,
        1,
        2,
        0.033,
        1,
        0,
        0.267,
        0.5,
        2,
        0.6,
        0.5,
        2,
        1.8,
        0.5
      ]
    },
    {
      "Target": "Parameter",
      "Id": "NeckZ",
      "Segments": [
        0,
        0,
        0,
        0.333,
        -1.153,
        1,
        0.466,
        -1.153,
        0.6,
        -0.96,
        0.733,
        0,
        1,
        0.822,
        0.64,
        0.911,
        1.544,
        1,
        1.544,
        0,
        1.333,
        -1,
        2,
        1.467,
        -1,
        2,
        1.8,
        -1
      ]
    },
    {
      "Target": "Parameter",
      "Id": "BodyX",
      "Segments": [
        0,
        0,
        0,
        0.3,
        -0.112,
        0,
        0.9,
        2.99,
        0,
        1.333,
        -3,
        2,
        1.467,
        -3,
        2,
        1.8,
        -3
      ]
    },
    {
      "Target": "Parameter",
      "Id": "BodyY",
      "Segments": [
        0,
        0,
        0,
        0.367,
        -1.92,
        1,
        0.456,
        -1.92,
        0.544,
        4.561,
        0.633,
        5.9,
        1,
        0.666,
        6.402,
        0.7,
        6.178,
        0.733,
        6.178,
        1,
        0.789,
        6.178,
        0.844,
        5.048,
        0.9,
        5.015,
        1,
        1.044,
        4.928,
        1.189,
        4.92,
        1.333,
        4.92,
        2,
        1.467,
        4.92,
        2,
        1.8,
        4.92
      ]
    },
    {
      "Target": "Parameter",
      "Id": "BodyZ",
      "Segments": [
        0,
        0,
        0,
        0.2,
        0.034,
        0,
        0.567,
        -2.268,
        1,
        0.678,
        -2.268,
        0.789,
        -1.229,
        0.9,
        0.312,
        1,
        0.978,
        1.391,
        1.055,
        1.724,
        1.133,
        1.724,
        0,
        1.367,
        1.3,
        2,
        1.8,
        1.3
      ]
    },
    {
      "Target": "Parameter",
      "Id": "BodyUpper",
      "Segments": [
        0,
        0,
        0,
        0.3,
        -1,
        0,
        0.8,
        0.078,
        0,
        1.333,
        0,
        2,
        1.467,
        0,
        2,
        1.8,
        0
      ]
    },
    {
      "Target": "Parameter",
      "Id": "ShoulderL_Move",
      "Segments": [
        0,
        0,
        1,
        0.1,
        0,
        0.2,
        -0.29,
        0.3,
        -1.151,
        1,
        0.356,
        -1.629,
        0.411,
        -2.074,
        0.467,
        -2.074,
        0,
        0.833,
        5.469,
        1,
        0.989,
        5.469,
        1.144,
        2.967,
        1.3,
        2.097,
        1,
        1.467,
        1.164,
        1.633,
        1.2,
        1.8,
        1.2
      ]
    },
    {
      "Target": "Parameter",
      "Id": "ShoulderR_Move",
      "Segments": [
        0,
        0,
        0,
        0.367,
        -1.33,
        0,
        0.9,
        5,
        1,
        1.056,
        5,
        1.211,
        2.834,
        1.367,
        2.282,
        1,
        1.511,
        1.769,
        1.656,
        1.84,
        1.8,
        1.84
      ]
    },
    {
      "Target": "Parameter",
      "Id": "ShoulderL_Roll",
      "Segments": [
        0,
        0,
        0,
        0.333,
        3.058,
        1,
        0.422,
        3.058,
        0.511,
        -1.903,
        0.6,
        -7.452,
        1,
        0.667,
        -11.614,
        0.733,
        -16.993,
        0.8,
        -17.38,
        1,
        0.9,
        -17.96,
        1,
        -17.94,
        1.1,
        -17.94,
        2,
        1.467,
        -17.94,
        2,
        1.8,
        -17.94
      ]
    },
    {
      "Target": "Parameter",
      "Id": "ElbowL_Roll",
      "Segments": [
        0,
        0,
        2,
        0.233,
        0,
        1,
        0.3,
        0,
        0.366,
        0.124,
        0.433,
        -1.142,
        1,
        0.5,
        -2.408,
        0.566,
        -13.969,
        0.633,
        -19.728,
        1,
        0.689,
        -24.526,
        0.744,
        -26.376,
        0.8,
        -26.376,
        0,
        1,
        -23.48,
        0,
        1.467,
        -24.072,
        2,
        1.8,
        -24.072
      ]
    },
    {
      "Target": "Parameter",
      "Id": "HandL_Roll",
      "Segments": [
        0,
        0,
        0,
        0.233,
        1,
        1,
        0.289,
        1,
        0.344,
        0.74,
        0.4,
        0.45,
        1,
        0.456,
        0.16,
        0.511,
        0.169,
        0.567,
        -0.27,
        1,
        0.656,
        -0.972,
        0.744,
        -4.029,
        0.833,
        -4.8,
        1,
        1,
        -6.245,
        1.166,
        -6.529,
        1.333,
        -6.529,
        2,
        1.8,
        -6.529
      ]
    },
    {
      "Target": "Parameter",
      "Id": "Arm01L_Strech",
      "Segments": [
        0,
        0,
        2,
        0.367,
        0,
        1,
        0.422,
        0,
        0.478,
        -0.001,
        0.533,
        -0.599,
        1,
        0.578,
        -1.078,
        0.622,
        -3.23,
        0.667,
        -4.924,
        1,
        0.689,
        -5.771,
        0.711,
        -9.049,
        0.733,
        -9.052,
        1,
        0.978,
        -9.087,
        1.222,
        -9.1,
        1.467,
        -9.1,
        2,
        1.8,
        -9.1
      ]
    },
    {
      "Target": "Parameter",
      "Id": "Arm02L_Strech",
      "Segments": [
        0,
        0,
        2,
        0.367,
        0,
        1,
        0.5,
        0,
        0.634,
        0.516,
        0.767,
        1.506,
        1,
        0.867,
        2.249,
        0.967,
        2.6,
        1.067,
        2.6,
        2,
        1.467,
        2.6,
        2,
        1.8,
        2.6
      ]
    },
    {
      "Target": "Parameter",
      "Id": "Arm02L_Bias",
      "Segments": [
        0,
        0,
        1,
        0.156,
        0,
        0.311,
        2.273,
        0.467,
        5.42,
        1,
        0.545,
        6.994,
        0.622,
        7.309,
        0.7,
        7.309,
        0,
        1.1,
        -10,
        2,
        1.467,
        -10,
        2,
        1.8,
        -10
      ]
    },
    {
      "Target": "Parameter",
      "Id": "HandL_Strech",
      "Segments": [
        0,
        0,
        0,
        0.233,
        0.32,
        0,
        0.5,
        0,
        0,
        1.1,
        5,
        2,
        1.467,
        5,
        2,
        1.8,
        5
      ]
    },
    {
      "Target": "Parameter",
      "Id": "HandL01",
      "Segments": [
        0,
        1,
        2,
        0.567,
        1,
        0,
        0.6,
        0,
        2,
        1.1,
        0,
        2,
        1.467,
        0,
        2,
        1.8,
        0
      ]
    },
    {
      "Target": "Parameter",
      "Id": "HandL02",
      "Segments": [
        0,
        0,
        2,
        0.567,
        0,
        0,
        0.6,
        1,
        2,
        1.1,
        1,
        2,
        1.467,
        1,
        2,
        1.8,
        1
      ]
    },
    {
      "Target": "Parameter",
      "Id": "ShoulderR_Roll",
      "Segments": [
        0,
        0,
        1,
        0.111,
        0,
        0.222,
        -0.737,
        0.333,
        -2.09,
        1,
        0.422,
        -3.173,
        0.511,
        -3.665,
        0.6,
        -5.226,
        1,
        0.689,
        -6.787,
        0.778,
        -10.371,
        0.867,
        -10.371,
        0,
        1.1,
        -6.945,
        0,
        1.433,
        -7,
        2,
        1.567,
        -7,
        2,
        1.8,
        -7
      ]
    },
    {
      "Target": "Parameter",
      "Id": "ElbowR_Roll",
      "Segments": [
        0,
        0,
        1,
        0.167,
        0,
        0.333,
        0.191,
        0.5,
        1.327,
        1,
        0.556,
        1.705,
        0.611,
        12.944,
        0.667,
        18.97,
        1,
        0.722,
        24.996,
        0.778,
        28.239,
        0.833,
        28.239,
        1,
        0.9,
        28.239,
        0.966,
        25.985,
        1.033,
        25.028,
        1,
        1.066,
        24.549,
        1.1,
        24.527,
        1.133,
        24.314,
        1,
        1.178,
        24.03,
        1.222,
        23.918,
        1.267,
        23.918,
        2,
        1.567,
        23.918,
        2,
        1.8,
        23.918
      ]
    },
    {
      "Target": "Parameter",
      "Id": "HandR_Roll",
      "Segments": [
        0,
        0,
        0,
        0.567,
        1.831,
        0,
        0.667,
        -1.564,
        0,
        0.833,
        0.864,
        1,
        0.878,
        0.864,
        0.922,
        0.978,
        0.967,
        0,
        1,
        1.067,
        -2.2,
        1.167,
        -5,
        1.267,
        -5,
        2,
        1.567,
        -5,
        2,
        1.8,
        -5
      ]
    },
    {
      "Target": "Parameter",
      "Id": "Arm01R_Strech",
      "Segments": [
        0,
        0,
        2,
        0.433,
        0,
        1,
        0.566,
        0,
        0.7,
        -4.168,
        0.833,
        -6.612,
        1,
        0.944,
        -8.649,
        1.056,
        -8.66,
        1.167,
        -8.66,
        2,
        1.433,
        -8.66,
        2,
        1.567,
        -8.66,
        2,
        1.8,
        -8.66
      ]
    },
    {
      "Target": "Parameter",
      "Id": "Arm02R_Strech",
      "Segments": [
        0,
        0,
        2,
        0.6,
        0,
        0,
        1.433,
        -3,
        2,
        1.567,
        -3,
        2,
        1.8,
        -3
      ]
    },
    {
      "Target": "Parameter",
      "Id": "Arm02R_Bias",
      "Segments": [
        0,
        0,
        1,
        0.211,
        0,
        0.422,
        -0.448,
        0.633,
        -2.622,
        1,
        0.7,
        -3.308,
        0.766,
        -10,
        0.833,
        -10,
        2,
        1.433,
        -10,
        2,
        1.567,
        -10,
        2,
        1.8,
        -10
      ]
    },
    {
      "Target": "Parameter",
      "Id": "ArmR_Front",
      "Segments": [
        0,
        0,
        2,
        0.533,
        0,
        0,
        0.567,
        1,
        2,
        1.433,
        1,
        2,
        1.567,
        1,
        2,
        1.8,
        1
      ]
    },
    {
      "Target": "Parameter",
      "Id": "HandR_Front",
      "Segments": [
        0,
        0,
        0,
        0.933,
        1,
        0,
        0.967,
        0,
        2,
        1.433,
        0,
        2,
        1.567,
        0,
        2,
        1.8,
        0
      ]
    },
    {
      "Target": "Parameter",
      "Id": "ShoulderR_Bias",
      "Segments": [
        0,
        0,
        2,
        0.533,
        0,
        0,
        0.767,
        1,
        2,
        1.433,
        1,
        2,
        1.567,
        1,
        2,
        1.8,
        1
      ]
    },
    {
      "Target": "Parameter",
      "Id": "HandR_Strech",
      "Segments": [
        0,
        0,
        0,
        1.433,
        2.3,
        2,
        1.567,
        2.3,
        2,
        1.8,
        2.3
      ]
    },
    {
      "Target": "Parameter",
      "Id": "HandR01",
      "Segments": [
        0,
        1,
        2,
        0.5,
        1,
        0,
        0.533,
        0.008,
        1,
        0.833,
        0.002,
        1.133,
        0,
        1.433,
        0,
        2,
        1.567,
        0,
        2,
        1.8,
        0
      ]
    },
    {
      "Target": "Parameter",
      "Id": "HandR02",
      "Segments": [
        0,
        0,
        2,
        0.5,
        0,
        0,
        0.533,
        1,
        2,
        1.433,
        1,
        2,
        1.567,
        1,
        2,
        1.8,
        1
      ]
    },
    {
      "Target": "Parameter",
      "Id": "HairTop_Shaking",
      "Segments": [
        0,
        0.005,
        2,
        0.033,
        0.005,
        0,
        0.267,
        -0.017,
        0,
        0.6,
        0.092,
        0,
        0.867,
        -0.124,
        0,
        1.2,
        0.199,
        0,
        1.567,
        -0.09,
        1,
        1.645,
        -0.09,
        1.722,
        -0.029,
        1.8,
        0.061
      ]
    },
    {
      "Target": "Parameter",
      "Id": "HairSide_Shaking",
      "Segments": [
        0,
        -0.011,
        0,
        0.2,
        0.014,
        0,
        0.533,
        -0.077,
        0,
        0.833,
        0.25,
        0,
        1.133,
        -0.28,
        0,
        1.5,
        0.308,
        1,
        1.6,
        0.308,
        1.7,
        0.084,
        1.8,
        -0.174
      ]
    },
    {
      "Target": "Parameter",
      "Id": "HairUnder_Shaking",
      "Segments": [
        0,
        -0.011,
        0,
        0.2,
        0.014,
        0,
        0.533,
        -0.077,
        0,
        0.833,
        0.25,
        0,
        1.133,
        -0.28,
        0,
        1.5,
        0.308,
        1,
        1.6,
        0.308,
        1.7,
        0.084,
        1.8,
        -0.174
      ]
    },
    {
      "Target": "Parameter",
      "Id": "ALLX",
      "Segments": [
        0,
        0,
        2,
        0.5,
        0,
        0,
        1,
        3,
        2,
        1.8,
        3
      ]
    },
    {
      "Target": "Parameter",
      "Id": "ALLY",
      "Segments": [
        0,
        0,
        2,
        0.5,
        0,
        0,
        1,
        -1,
        2,
        1.8,
        -1
      ]
    },
    {
      "Target": "Parameter",
      "Id": "Param",
      "Segments": [
        0,
        -30,
        0,
        1.8,
        -30
      ]
    },
    {
      "Target": "Parameter",
      "Id": "BrowRX",
      "Segments": [
        0,
        0,
        0,
        1.8,
        0
      ]
    },
    {
      "Target": "Parameter",
      "Id": "EyeL_Smile",
      "Segments": [
        0,
        0,
        0,
        1.8,
        0
      ]
    },
    {
      "Target": "Parameter",
      "Id": "EyeR_Smile",
      "Segments": [
        0,
        0,
        0,
        1.8,
        0
      ]
    },
    {
      "Target": "Parameter",
      "Id": "EyeBall_Size",
      "Segments": [
        0,
        0,
        0,
        1.8,
        0
      ]
    },
    {
      "Target": "Parameter",
      "Id": "Mouth_Size",
      "Segments": [
        0,
        1,
        0,
        1.8,
        1
      ]
    },
    {
      "Target": "Parameter",
      "Id": "Breath",
      "Segments": [
        0,
        0,
        0,
        1.8,
        0
      ]
    },
    {
      "Target": "Parameter",
      "Id": "ALLZ",
      "Segments": [
        0,
        0,
        0,
        1.8,
        0
      ]
    }
  ],
  "UserData": [
    {
      "Time": 0.0,
      "Value": ""
    }
  ]
}