{
  "Version": 3,
  "Meta": {
    "Duration": 1.25,
    "Fps": 60.0,
    "Loop": true,
    "AreBeziersRestricted": true,
    "CurveCount": 72,
    "TotalSegmentCount": 173,
    "TotalPointCount": 247,
    "UserDataCount": 1,
    "TotalUserDataSize": 0
  },
  "Curves": [
    {
      "Target": "Parameter",
      "Id": "PARAM_HAIR_FRONT",
      "Segments": [
        0,
        0,
        0,
        0.25,
        1,
        1,
        0.333,
        1,
        0.417,
        0.233,
        0.5,
        -0.258,
        1,
        0.544,
        -0.519,
        0.589,
        -0.669,
        0.633,
        -0.7,
        1,
        0.755,
        -0.786,
        0.878,
        -0.8,
        1,
        -0.8,
        0,
        1.25,
        -0.3
      ]
    },
    {
      "Target": "Parameter",
      "Id": "PARAM_HAIR_BACK",
      "Segments": [
        0,
        0,
        0,
        0.25,
        -0.5,
        1,
        0.333,
        -0.5,
        0.417,
        -0.061,
        0.5,
        0.312,
        1,
        0.544,
        0.511,
        0.589,
        0.5,
        0.633,
        0.5,
        0,
        1,
        -0.5,
        0,
        1.25,
        -0.3
      ]
    },
    {
      "Target": "Parameter",
      "Id": "Mouth_Form",
      "Segments": [
        0,
        0,
        0,
        0.2,
        12,
        2,
        0.233,
        12,
        2,
        0.25,
        12,
        2,
        0.5,
        12,
        2,
        1.25,
        12
      ]
    },
    {
      "Target": "Parameter",
      "Id": "Mouth_Form_Trouble",
      "Segments": [
        0,
        -30,
        0,
        0.2,
        0,
        2,
        0.25,
        0,
        2,
        0.5,
        0,
        2,
        1.25,
        0
      ]
    },
    {
      "Target": "Parameter",
      "Id": "PARAM_GLASSES_Y",
      "Segments": [
        0,
        0,
        2,
        0.25,
        0,
        2,
        0.5,
        0,
        2,
        0.633,
        0,
        0,
        0.8,
        1,
        0,
        1.133,
        0,
        2,
        1.25,
        0
      ]
    },
    {
      "Target": "Parameter",
      "Id": "PARAM_BROW_L_Y",
      "Segments": [
        0,
        0.3,
        0,
        0.25,
        0.7,
        2,
        1.25,
        0.7
      ]
    },
    {
      "Target": "Parameter",
      "Id": "PARAM_BROW_R_Y",
      "Segments": [
        0,
        -1,
        0,
        0.25,
        0.7,
        2,
        1.25,
        0.7
      ]
    },
    {
      "Target": "Parameter",
      "Id": "PARAM_BROW_R_ANGLE",
      "Segments": [
        0,
        -1,
        0,
        0.25,
        0.3,
        2,
        1.25,
        0.3
      ]
    },
    {
      "Target": "Parameter",
      "Id": "PARAM_BROW_L_ANGLE",
      "Segments": [
        0,
        -1,
        0,
        0.25,
        0.1,
        2,
        1.25,
        0.1
      ]
    },
    {
      "Target": "Parameter",
      "Id": "PARAM_BROW_R_FORM",
      "Segments": [
        0,
        -1,
        0,
        0.25,
        0,
        2,
        1.25,
        0
      ]
    },
    {
      "Target": "Parameter",
      "Id": "PARAM_BROW_L_FORM",
      "Segments": [
        0,
        -1,
        0,
        0.25,
        0,
        2,
        1.25,
        0
      ]
    },
    {
      "Target": "Parameter",
      "Id": "PARAM_STRETCH_NECK",
      "Segments": [
        0,
        0,
        0,
        0.35,
        3,
        2,
        1,
        3,
        0,
        1.25,
        0
      ]
    },
    {
      "Target": "Parameter",
      "Id": "PARAM_ANGLE_X",
      "Segments": [
        0,
        23,
        0,
        0.35,
        -7,
        0,
        0.583,
        -2,
        0,
        1,
        -10.74,
        0,
        1.25,
        -7
      ]
    },
    {
      "Target": "Parameter",
      "Id": "PARAM_ANGLE_Y",
      "Segments": [
        0,
        -19,
        1,
        0.117,
        -19,
        0.233,
        -21.627,
        0.35,
        -26,
        1,
        0.428,
        -28.915,
        0.505,
        -30,
        0.583,
        -30,
        0,
        1,
        -24,
        0,
        1.25,
        -26
      ]
    },
    {
      "Target": "Parameter",
      "Id": "PARAM_ANGLE_Z",
      "Segments": [
        0,
        -23,
        0,
        0.35,
        -30,
        2,
        1,
        -30,
        2,
        1.25,
        -30
      ]
    },
    {
      "Target": "Parameter",
      "Id": "PARAM_CHEST",
      "Segments": [
        0,
        0,
        0,
        0.5,
        -1.382,
        1,
        0.522,
        -1.382,
        0.545,
        -1.901,
        0.567,
        -1,
        1,
        0.695,
        4.178,
        0.822,
        15,
        0.95,
        15,
        0,
        1.25,
        8
      ]
    },
    {
      "Target": "Parameter",
      "Id": "PARAM_BODY_ANGLE_X",
      "Segments": [
        0,
        0,
        1,
        0.117,
        0,
        0.233,
        7.91,
        0.35,
        9,
        1,
        0.4,
        9.467,
        0.45,
        9.269,
        0.5,
        9.493,
        1,
        0.544,
        9.692,
        0.589,
        10,
        0.633,
        10,
        2,
        0.95,
        10,
        0,
        1.25,
        8
      ]
    },
    {
      "Target": "Parameter",
      "Id": "PARAM_BODY_ANGLE_Z",
      "Segments": [
        0,
        6,
        1,
        0.167,
        6,
        0.333,
        1.477,
        0.5,
        0.05,
        1,
        0.522,
        -0.14,
        0.545,
        0,
        0.567,
        0,
        1,
        0.695,
        0,
        0.822,
        0.091,
        0.95,
        1,
        1,
        1.05,
        1.711,
        1.15,
        3,
        1.25,
        3
      ]
    },
    {
      "Target": "Parameter",
      "Id": "Body_Shaking",
      "Segments": [
        0,
        24,
        1,
        0.117,
        24,
        0.233,
        15.562,
        0.35,
        5,
        1,
        0.4,
        0.473,
        0.45,
        0,
        0.5,
        0,
        2,
        1.25,
        0
      ]
    },
    {
      "Target": "Parameter",
      "Id": "Waist_Roll",
      "Segments": [
        0,
        7,
        0,
        0.35,
        0,
        2,
        0.5,
        0,
        2,
        1.25,
        0
      ]
    },
    {
      "Target": "Parameter",
      "Id": "ShoulderL_width",
      "Segments": [
        0,
        -30,
        1,
        0.167,
        -30,
        0.333,
        -17.644,
        0.5,
        -9.053,
        1,
        0.544,
        -6.763,
        0.589,
        -6.888,
        0.633,
        -6,
        1,
        0.839,
        -1.891,
        1.044,
        0,
        1.25,
        0
      ]
    },
    {
      "Target": "Parameter",
      "Id": "ShoulderR_Scale",
      "Segments": [
        0,
        -30,
        1,
        0.067,
        -30,
        0.133,
        -23.548,
        0.2,
        -7,
        1,
        0.267,
        9.548,
        0.333,
        20,
        0.4,
        20,
        2,
        0.633,
        20,
        0,
        0.8,
        30,
        0,
        1.25,
        26
      ]
    },
    {
      "Target": "Parameter",
      "Id": "ShoulderL_Scale",
      "Segments": [
        0,
        -30,
        1,
        0.167,
        -30,
        0.333,
        -29.966,
        0.5,
        -29.345,
        1,
        0.75,
        -28.413,
        1,
        -27.4,
        1.25,
        -27.4
      ]
    },
    {
      "Target": "Parameter",
      "Id": "ArmL_Scale",
      "Segments": [
        0,
        0,
        1,
        0.167,
        0,
        0.333,
        -0.071,
        0.5,
        -1.015,
        1,
        0.75,
        -2.431,
        1,
        -3.9,
        1.25,
        -3.9
      ]
    },
    {
      "Target": "Parameter",
      "Id": "ShoulderL_Y",
      "Segments": [
        0,
        2,
        0,
        0.5,
        0,
        2,
        1.25,
        0
      ]
    },
    {
      "Target": "Parameter",
      "Id": "PARAM_ARM_R",
      "Segments": [
        0,
        -10,
        1,
        0.056,
        -10,
        0.111,
        -7.959,
        0.167,
        -3.93,
        1,
        0.172,
        -3.527,
        0.178,
        -3.06,
        0.183,
        -2.771,
        1,
        0.244,
        0.411,
        0.306,
        1.9,
        0.367,
        1.9,
        2,
        0.533,
        1.9,
        0,
        0.667,
        1.925,
        0,
        1.25,
        1.9
      ]
    },
    {
      "Target": "Parameter",
      "Id": "PARAM_ARM_R_02",
      "Segments": [
        0,
        -10,
        2,
        0.033,
        -10,
        1,
        0.078,
        -10,
        0.122,
        -10.388,
        0.167,
        -11.538,
        1,
        0.189,
        -12.113,
        0.211,
        -13.375,
        0.233,
        -13.837,
        1,
        0.278,
        -14.762,
        0.322,
        -15,
        0.367,
        -15,
        2,
        0.533,
        -15,
        2,
        1.25,
        -15
      ]
    },
    {
      "Target": "Parameter",
      "Id": "PARAM_ARM_L_02",
      "Segments": [
        0,
        -1,
        1,
        0.167,
        -1,
        0.333,
        -1.474,
        0.5,
        -1.673,
        1,
        0.75,
        -1.972,
        1,
        -2,
        1.25,
        -2
      ]
    },
    {
      "Target": "Parameter",
      "Id": "PARAM_ARM_L",
      "Segments": [
        0,
        2,
        0,
        0.5,
        -0.038,
        0,
        1.25,
        1.5
      ]
    },
    {
      "Target": "Parameter",
      "Id": "HandL_Roll",
      "Segments": [
        0,
        0,
        1,
        0.167,
        0,
        0.333,
        -4.766,
        0.5,
        -5.273,
        1,
        0.75,
        -6.033,
        1,
        -6,
        1.25,
        -6
      ]
    },
    {
      "Target": "PartOpacity",
      "Id": "head",
      "Segments": [
        0,
        1,
        2,
        0.37,
        1,
        2,
        1.25,
        1
      ]
    },
    {
      "Target": "PartOpacity",
      "Id": "FrontHair",
      "Segments": [
        0,
        1,
        2,
        0.37,
        1,
        2,
        1.25,
        1
      ]
    },
    {
      "Target": "PartOpacity",
      "Id": "Glass",
      "Segments": [
        0,
        1,
        2,
        0.37,
        1,
        2,
        1.25,
        1
      ]
    },
    {
      "Target": "PartOpacity",
      "Id": "Eyebrow",
      "Segments": [
        0,
        1,
        2,
        0.37,
        1,
        2,
        1.25,
        1
      ]
    },
    {
      "Target": "PartOpacity",
      "Id": "Part2",
      "Segments": [
        0,
        1,
        2,
        0.37,
        1,
        2,
        1.25,
        1
      ]
    },
    {
      "Target": "PartOpacity",
      "Id": "Face",
      "Segments": [
        0,
        1,
        2,
        0.37,
        1,
        2,
        1.25,
        1
      ]
    },
    {
      "Target": "PartOpacity",
      "Id": "BackHair",
      "Segments": [
        0,
        1,
        2,
        0.37,
        1,
        2,
        1.25,
        1
      ]
    },
    {
      "Target": "PartOpacity",
      "Id": "SideHair",
      "Segments": [
        0,
        1,
        2,
        0.37,
        1,
        2,
        1.25,
        1
      ]
    },
    {
      "Target": "PartOpacity",
      "Id": "Ear",
      "Segments": [
        0,
        1,
        2,
        0.37,
        1,
        2,
        1.25,
        1
      ]
    },
    {
      "Target": "PartOpacity",
      "Id": "PARTS_01_NECK",
      "Segments": [
        0,
        1,
        2,
        0.37,
        1,
        2,
        1.25,
        1
      ]
    },
    {
      "Target": "PartOpacity",
      "Id": "PARTS_SWEAT",
      "Segments": [
        0,
        0,
        2,
        0.37,
        0,
        2,
        1.25,
        0
      ]
    },
    {
      "Target": "PartOpacity",
      "Id": "PARTS_01_BODY",
      "Segments": [
        0,
        1,
        2,
        0.37,
        1,
        2,
        1.25,
        1
      ]
    },
    {
      "Target": "PartOpacity",
      "Id": "Part14",
      "Segments": [
        0,
        1,
        2,
        0.2,
        0,
        2,
        1.25,
        0
      ]
    },
    {
      "Target": "PartOpacity",
      "Id": "Part9",
      "Segments": [
        0,
        0,
        2,
        0.35,
        0,
        2,
        0.37,
        0,
        2,
        1.25,
        0
      ]
    },
    {
      "Target": "PartOpacity",
      "Id": "Part18",
      "Segments": [
        0,
        0,
        2,
        0.2,
        1,
        2,
        1.25,
        1
      ]
    },
    {
      "Target": "PartOpacity",
      "Id": "Part16",
      "Segments": [
        0,
        0,
        2,
        0.2,
        0,
        2,
        0.22,
        1,
        2,
        1.25,
        1
      ]
    },
    {
      "Target": "PartOpacity",
      "Id": "PARTS_01_ARM_R",
      "Segments": [
        0,
        1,
        2,
        0.32,
        0,
        2,
        1.25,
        0
      ]
    },
    {
      "Target": "PartOpacity",
      "Id": "Part17",
      "Segments": [
        0,
        0,
        2,
        0.18,
        1,
        2,
        1.25,
        1
      ]
    },
    {
      "Target": "PartOpacity",
      "Id": "Part7",
      "Segments": [
        0,
        1,
        2,
        0.18,
        0,
        2,
        0.2,
        0,
        2,
        1.25,
        0
      ]
    },
    {
      "Target": "PartOpacity",
      "Id": "Part12",
      "Segments": [
        0,
        0,
        2,
        0.37,
        0,
        2,
        1.25,
        0
      ]
    },
    {
      "Target": "PartOpacity",
      "Id": "Part13",
      "Segments": [
        0,
        0,
        2,
        0.37,
        0,
        2,
        1.25,
        0
      ]
    },
    {
      "Target": "PartOpacity",
      "Id": "PARTS_01_ARM_L",
      "Segments": [
        0,
        1,
        2,
        0.37,
        1,
        2,
        1.25,
        1
      ]
    },
    {
      "Target": "PartOpacity",
      "Id": "Part4",
      "Segments": [
        0,
        1,
        2,
        0.37,
        1,
        2,
        1.25,
        1
      ]
    },
    {
      "Target": "PartOpacity",
      "Id": "Part6",
      "Segments": [
        0,
        0,
        2,
        0.37,
        0,
        2,
        1.25,
        0
      ]
    },
    {
      "Target": "PartOpacity",
      "Id": "PARTS_01_CORE",
      "Segments": [
        0,
        1,
        2,
        0.37,
        1,
        2,
        1.25,
        1
      ]
    },
    {
      "Target": "Model",
      "Id": "Opacity",
      "Segments": [
        0,
        1,
        0,
        1.25,
        1
      ]
    },
    {
      "Target": "Parameter",
      "Id": "Mouth_Form_Longing",
      "Segments": [
        0,
        0,
        0,
        1.25,
        0
      ]
    },
    {
      "Target": "Parameter",
      "Id": "Mouth_Form_Surprise",
      "Segments": [
        0,
        0,
        0,
        1.25,
        0
      ]
    },
    {
      "Target": "Parameter",
      "Id": "Mouth_Size",
      "Segments": [
        0,
        1,
        0,
        1.25,
        1
      ]
    },
    {
      "Target": "Parameter",
      "Id": "Mouth_Open",
      "Segments": [
        0,
        1,
        0,
        1.25,
        1
      ]
    },
    {
      "Target": "Parameter",
      "Id": "PARAM_BODY_ANGLE_Y",
      "Segments": [
        0,
        0,
        0,
        1.25,
        0
      ]
    },
    {
      "Target": "Parameter",
      "Id": "PARAM_BREATH",
      "Segments": [
        0,
        0,
        0,
        1.25,
        0
      ]
    },
    {
      "Target": "Parameter",
      "Id": "All_Position",
      "Segments": [
        0,
        0,
        0,
        1.25,
        0
      ]
    },
    {
      "Target": "Parameter",
      "Id": "ArmR_Scale",
      "Segments": [
        0,
        1,
        0,
        1.25,
        1
      ]
    },
    {
      "Target": "Parameter",
      "Id": "ShoulderR_Y",
      "Segments": [
        0,
        0,
        0,
        1.25,
        0
      ]
    },
    {
      "Target": "Parameter",
      "Id": "HandR_02_Position",
      "Segments": [
        0,
        0,
        0,
        1.25,
        0
      ]
    },
    {
      "Target": "Parameter",
      "Id": "HandR_Roll",
      "Segments": [
        0,
        0,
        0,
        1.25,
        0
      ]
    },
    {
      "Target": "Parameter",
      "Id": "HandR_move",
      "Segments": [
        0,
        0,
        0,
        1.25,
        0
      ]
    },
    {
      "Target": "Parameter",
      "Id": "HandL_move",
      "Segments": [
        0,
        0,
        0,
        1.25,
        0
      ]
    },
    {
      "Target": "Parameter",
      "Id": "HandL_move_P2",
      "Segments": [
        0,
        0,
        0,
        1.25,
        0
      ]
    },
    {
      "Target": "PartOpacity",
      "Id": "Part",
      "Segments": [
        0,
        1,
        0,
        1.25,
        1
      ]
    },
    {
      "Target": "PartOpacity",
      "Id": "Part11",
      "Segments": [
        0,
        0,
        0,
        1.25,
        0
      ]
    }
  ],
  "UserData": [
    {
      "Time": 0.0,
      "Value": ""
    }
  ]
}