{
  "Version": 3,
  "Meta": {
    "Duration": 2.0,
    "Fps": 30.0,
    "Loop": true,
    "AreBeziersRestricted": true,
    "CurveCount": 91,
    "TotalSegmentCount": 230,
    "TotalPointCount": 380,
    "UserDataCount": 1,
    "TotalUserDataSize": 0
  },
  "Curves": [
    {
      "Target": "Parameter",
      "Id": "Breath",
      "Segments": [
        0,
        0,
        0,
        0.467,
        0.474,
        0,
        1.1,
        0,
        0,
        2,
        0.783
      ]
    },
    {
      "Target": "Parameter",
      "Id": "Body_Shaking",
      "Segments": [
        0,
        0,
        0,
        0.8,
        -2.109,
        0,
        2,
        2.159
      ]
    },
    {
      "Target": "Parameter",
      "Id": "BodyY",
      "Segments": [
        0,
        0,
        0,
        0.267,
        -2.167,
        0,
        0.7,
        7.995,
        1,
        0.811,
        7.995,
        0.922,
        4.938,
        1.033,
        0,
        1,
        1.089,
        -2.469,
        1.144,
        -3.243,
        1.2,
        -3.243,
        1,
        1.267,
        -3.243,
        1.333,
        -0.315,
        1.4,
        0,
        1,
        1.6,
        0.394,
        1.8,
        0,
        2,
        0
      ]
    },
    {
      "Target": "Parameter",
      "Id": "Shoulder_Move",
      "Segments": [
        0,
        0,
        2,
        0.267,
        0,
        0,
        1.167,
        -30,
        2,
        2,
        -30
      ]
    },
    {
      "Target": "Parameter",
      "Id": "Body_Twist",
      "Segments": [
        0,
        0,
        1,
        0.244,
        0,
        0.489,
        3.709,
        0.733,
        4,
        1,
        1.155,
        4.254,
        1.578,
        4.2,
        2,
        4.2
      ]
    },
    {
      "Target": "Parameter",
      "Id": "Body_Pose1",
      "Segments": [
        0,
        0,
        0,
        0.267,
        -1.582,
        0,
        0.7,
        3.472,
        0,
        1.033,
        0,
        2,
        2,
        0
      ]
    },
    {
      "Target": "Parameter",
      "Id": "Waist_Roll",
      "Segments": [
        0,
        0,
        1,
        0.089,
        0,
        0.178,
        -1.772,
        0.267,
        -1.963,
        1,
        0.367,
        -2.122,
        0.467,
        -1.916,
        0.567,
        -1.339,
        1,
        0.767,
        -0.269,
        0.967,
        4.224,
        1.167,
        4.62,
        1,
        1.445,
        4.992,
        1.722,
        5.261,
        2,
        5.303
      ]
    },
    {
      "Target": "Parameter",
      "Id": "Rbn_Shaking",
      "Segments": [
        0,
        0,
        1,
        0.1,
        -4.805,
        0.2,
        -10.718,
        0.3,
        -10.154,
        1,
        0.511,
        -10.154,
        0.722,
        -2.736,
        0.933,
        1.519,
        1,
        1.055,
        3.982,
        1.178,
        3.686,
        1.3,
        3.686,
        1,
        1.533,
        3.686,
        1.767,
        -7.592,
        2,
        -7.939
      ]
    },
    {
      "Target": "Parameter",
      "Id": "Skirt_Shaking",
      "Segments": [
        0,
        0,
        0,
        0.4,
        -8.584,
        0,
        1.267,
        21,
        1,
        1.511,
        21,
        1.756,
        3.303,
        2,
        -5.882
      ]
    },
    {
      "Target": "Parameter",
      "Id": "Skirt_Shaking02",
      "Segments": [
        0,
        0,
        0,
        0.167,
        2.352,
        1,
        0.222,
        2.352,
        0.278,
        -2.645,
        0.333,
        -10.916,
        1,
        0.422,
        -24.149,
        0.511,
        -30,
        0.6,
        -30,
        1,
        0.733,
        -30,
        0.867,
        -7.8,
        1,
        -4.566,
        1,
        1.133,
        -1.332,
        1.267,
        -1.626,
        1.4,
        -1.626,
        0,
        2,
        -4.566
      ]
    },
    {
      "Target": "Parameter",
      "Id": "Head_AngleX",
      "Segments": [
        0,
        0,
        2,
        0.267,
        0,
        1,
        0.411,
        0,
        0.556,
        0.237,
        0.7,
        2,
        1,
        0.856,
        3.899,
        1.011,
        6.12,
        1.167,
        6.12,
        2,
        2,
        6.12
      ]
    },
    {
      "Target": "Parameter",
      "Id": "Head_AngleY",
      "Segments": [
        0,
        0,
        0,
        0.267,
        -9.774,
        0,
        0.7,
        16.353,
        1,
        0.856,
        16.353,
        1.011,
        4.703,
        1.167,
        0,
        1,
        1.278,
        -3.359,
        1.389,
        -3.02,
        1.5,
        -3.02,
        1,
        1.667,
        -3.02,
        1.833,
        -2.684,
        2,
        -1.338
      ]
    },
    {
      "Target": "Parameter",
      "Id": "Head_Roll",
      "Segments": [
        0,
        0,
        0,
        0.7,
        1,
        1,
        0.856,
        1,
        1.011,
        -3.558,
        1.167,
        -4.5,
        1,
        1.445,
        -6.182,
        1.722,
        -6.3,
        2,
        -6.3
      ]
    },
    {
      "Target": "Parameter",
      "Id": "Head_RollY",
      "Segments": [
        0,
        0,
        0,
        0.267,
        -2.79,
        0,
        0.7,
        5.187,
        0,
        1.167,
        0,
        2,
        2,
        0
      ]
    },
    {
      "Target": "Parameter",
      "Id": "Rng_RollR",
      "Segments": [
        0,
        0,
        0,
        0.167,
        -9,
        0,
        0.433,
        9,
        0,
        0.667,
        -10.774,
        0,
        0.9,
        2.784,
        1,
        0.956,
        2.784,
        1.011,
        1.416,
        1.067,
        0,
        1,
        1.189,
        -3.116,
        1.311,
        -4.237,
        1.433,
        -4.237,
        0,
        2,
        3.511
      ]
    },
    {
      "Target": "Parameter",
      "Id": "Rng_RollL",
      "Segments": [
        0,
        0,
        0,
        0.167,
        -12,
        0,
        0.433,
        11,
        0,
        0.667,
        -8,
        0,
        0.9,
        2.784,
        1,
        0.956,
        2.784,
        1.011,
        1.152,
        1.067,
        0,
        1,
        1.189,
        -2.535,
        1.311,
        -3.274,
        1.433,
        -3.274,
        0,
        2,
        4.963
      ]
    },
    {
      "Target": "Parameter",
      "Id": "Mouth_Open",
      "Segments": [
        0,
        1,
        0,
        0.667,
        0.832,
        2,
        2,
        0.832
      ]
    },
    {
      "Target": "Parameter",
      "Id": "EyeBallX",
      "Segments": [
        0,
        0,
        2,
        1.167,
        0,
        0,
        2,
        0.112
      ]
    },
    {
      "Target": "Parameter",
      "Id": "EyeBallY",
      "Segments": [
        0,
        0,
        2,
        1.167,
        0,
        0,
        2,
        -0.072
      ]
    },
    {
      "Target": "Parameter",
      "Id": "BrowRY",
      "Segments": [
        0,
        0,
        0,
        0.4,
        -0.24,
        1,
        0.533,
        -0.24,
        0.667,
        0.135,
        0.8,
        0.316,
        1,
        0.922,
        0.481,
        1.045,
        0.552,
        1.167,
        0.634,
        1,
        1.322,
        0.738,
        1.478,
        0.766,
        1.633,
        0.766,
        2,
        2,
        0.766
      ]
    },
    {
      "Target": "Parameter",
      "Id": "BrowLY",
      "Segments": [
        0,
        0,
        0,
        0.4,
        -0.24,
        1,
        0.533,
        -0.24,
        0.667,
        0.135,
        0.8,
        0.316,
        1,
        0.922,
        0.481,
        1.045,
        0.552,
        1.167,
        0.634,
        1,
        1.322,
        0.738,
        1.478,
        0.766,
        1.633,
        0.766,
        2,
        2,
        0.766
      ]
    },
    {
      "Target": "Parameter",
      "Id": "BrowR_Angle",
      "Segments": [
        0,
        0,
        0,
        0.833,
        -0.2,
        2,
        2,
        -0.2
      ]
    },
    {
      "Target": "Parameter",
      "Id": "BrowL_Angle",
      "Segments": [
        0,
        0,
        0,
        0.833,
        0.2,
        2,
        2,
        0.2
      ]
    },
    {
      "Target": "Parameter",
      "Id": "EyeR_Open",
      "Segments": [
        0,
        1,
        0,
        0.3,
        0,
        2,
        0.533,
        0,
        0,
        0.8,
        1,
        2,
        2,
        1
      ]
    },
    {
      "Target": "Parameter",
      "Id": "EyeL_Open",
      "Segments": [
        0,
        1,
        0,
        0.3,
        0,
        2,
        0.533,
        0,
        0,
        0.8,
        1,
        2,
        2,
        1
      ]
    },
    {
      "Target": "Parameter",
      "Id": "EyeR_Smile",
      "Segments": [
        0,
        0,
        1,
        0.178,
        0,
        0.355,
        -0.002,
        0.533,
        0.006,
        1,
        0.722,
        0.015,
        0.911,
        0.95,
        1.1,
        0.95,
        0,
        1.633,
        0,
        2,
        2,
        0
      ]
    },
    {
      "Target": "Parameter",
      "Id": "EyeL_Smile",
      "Segments": [
        0,
        0,
        1,
        0.178,
        0,
        0.355,
        -0.002,
        0.533,
        0.006,
        1,
        0.722,
        0.015,
        0.911,
        0.955,
        1.1,
        0.955,
        0,
        1.633,
        0,
        2,
        2,
        0
      ]
    },
    {
      "Target": "Parameter",
      "Id": "HairSideR_Move",
      "Segments": [
        0,
        0,
        0,
        0.4,
        -1,
        1,
        0.489,
        -1,
        0.578,
        -1.064,
        0.667,
        -0.818,
        1,
        0.878,
        -0.234,
        1.089,
        0.73,
        1.3,
        0.73,
        1,
        1.533,
        0.778,
        1.767,
        0.467,
        2,
        0.046
      ]
    },
    {
      "Target": "Parameter",
      "Id": "HairSideL_Move",
      "Segments": [
        0,
        0,
        0,
        0.4,
        -0.712,
        1,
        0.489,
        -0.712,
        0.578,
        -0.77,
        0.667,
        -0.535,
        1,
        0.9,
        0.081,
        1.134,
        0.954,
        1.367,
        0.954,
        1,
        1.578,
        0.954,
        1.789,
        0.669,
        2,
        0.34
      ]
    },
    {
      "Target": "Parameter",
      "Id": "HairBack01_Move",
      "Segments": [
        0,
        0,
        1,
        0.144,
        -0.173,
        0.289,
        -0.65,
        0.433,
        -0.65,
        1,
        0.644,
        -0.65,
        0.856,
        -0.408,
        1.067,
        0.07,
        1,
        1.222,
        0.423,
        1.378,
        0.597,
        1.533,
        0.597,
        1,
        1.689,
        0.597,
        1.844,
        0.253,
        2,
        0.028
      ]
    },
    {
      "Target": "Parameter",
      "Id": "HairBack02_Move",
      "Segments": [
        0,
        0,
        0,
        0.3,
        -16,
        0,
        1,
        23.353,
        0,
        2,
        -20.522
      ]
    },
    {
      "Target": "Parameter",
      "Id": "ShoulderRY",
      "Segments": [
        0,
        0,
        2,
        0.367,
        0,
        0,
        0.733,
        14,
        0,
        1.1,
        0,
        2,
        2,
        0
      ]
    },
    {
      "Target": "Parameter",
      "Id": "ShoulderLY",
      "Segments": [
        0,
        0,
        2,
        0.367,
        0,
        0,
        0.733,
        19,
        0,
        1.1,
        6,
        2,
        2,
        6
      ]
    },
    {
      "Target": "Parameter",
      "Id": "ShoulderR_Roll",
      "Segments": [
        0,
        1.85,
        1,
        0.089,
        1.85,
        0.178,
        -7.174,
        0.267,
        -9.8,
        1,
        0.389,
        -13.411,
        0.511,
        -13.659,
        0.633,
        -13.659,
        0,
        1.1,
        -4.884,
        1,
        1.4,
        -4.884,
        1.7,
        -4.883,
        2,
        -4.884
      ]
    },
    {
      "Target": "Parameter",
      "Id": "ShoulderL_Roll",
      "Segments": [
        0,
        0,
        1,
        0.089,
        0,
        0.178,
        4.518,
        0.267,
        6.224,
        1,
        0.389,
        8.57,
        0.511,
        8.77,
        0.633,
        8.77,
        0,
        1.1,
        -5.109,
        1,
        1.4,
        -5.109,
        1.7,
        -5.109,
        2,
        -5.106
      ]
    },
    {
      "Target": "Parameter",
      "Id": "ArmR_Roll",
      "Segments": [
        0,
        -7.03,
        1,
        0.089,
        -7.03,
        0.178,
        -6.249,
        0.267,
        10.83,
        1,
        0.389,
        34.314,
        0.511,
        92.6,
        0.633,
        117.086,
        1,
        0.711,
        132.669,
        0.789,
        133.139,
        0.867,
        133.139,
        1,
        0.945,
        133.139,
        1.022,
        122.221,
        1.1,
        122.22,
        1,
        1.4,
        122.214,
        1.7,
        122.21,
        2,
        122.207
      ]
    },
    {
      "Target": "Parameter",
      "Id": "ArmL_Roll",
      "Segments": [
        0,
        10.725,
        1,
        0.089,
        10.725,
        0.178,
        8.842,
        0.267,
        -4.875,
        1,
        0.389,
        -23.736,
        0.511,
        -61.782,
        0.633,
        -79.85,
        1,
        0.733,
        -94.633,
        0.833,
        -96.667,
        0.933,
        -96.667,
        1,
        0.989,
        -96.667,
        1.044,
        -92.136,
        1.1,
        -92.135,
        1,
        1.4,
        -92.13,
        1.7,
        -92.128,
        2,
        -92.123
      ]
    },
    {
      "Target": "Parameter",
      "Id": "ArmR_Form",
      "Segments": [
        0,
        0,
        0,
        0.733,
        -22.6,
        2,
        2,
        -22.6
      ]
    },
    {
      "Target": "Parameter",
      "Id": "ArmL_Form",
      "Segments": [
        0,
        0,
        1,
        0.156,
        0,
        0.311,
        -15.14,
        0.467,
        -19.577,
        1,
        0.556,
        -22.112,
        0.644,
        -21.54,
        0.733,
        -21.54,
        2,
        2,
        -21.54
      ]
    },
    {
      "Target": "Parameter",
      "Id": "ArmR_Form2",
      "Segments": [
        0,
        0,
        0,
        0.6,
        -16.413,
        1,
        0.678,
        -16.413,
        0.755,
        -10.926,
        0.833,
        -8.664,
        1,
        0.922,
        -6.079,
        1.011,
        -5.94,
        1.1,
        -5.94,
        2,
        2,
        -5.94
      ]
    },
    {
      "Target": "Parameter",
      "Id": "ArmL_Form2",
      "Segments": [
        0,
        0,
        0,
        0.733,
        -16.47,
        2,
        2,
        -16.47
      ]
    },
    {
      "Target": "Parameter",
      "Id": "ArmR_Sup_Form",
      "Segments": [
        0,
        0,
        0,
        0.433,
        -25.862,
        0,
        0.733,
        -13,
        2,
        2,
        -13
      ]
    },
    {
      "Target": "Parameter",
      "Id": "HandR_Roll",
      "Segments": [
        0,
        -2.14,
        0,
        0.367,
        6,
        1,
        0.5,
        6,
        0.634,
        2.7,
        0.767,
        -4.38,
        1,
        0.889,
        -10.87,
        1.011,
        -24.355,
        1.133,
        -24.36,
        1,
        1.422,
        -24.373,
        1.711,
        -24.38,
        2,
        -24.387
      ]
    },
    {
      "Target": "Parameter",
      "Id": "HandL_Roll",
      "Segments": [
        0,
        0,
        1,
        0.322,
        0,
        0.645,
        -2.169,
        0.967,
        -7.658,
        1,
        1.022,
        -8.604,
        1.078,
        -10.3,
        1.133,
        -10.3,
        2,
        2,
        -10.3
      ]
    },
    {
      "Target": "Parameter",
      "Id": "HandL_move",
      "Segments": [
        0,
        0,
        0,
        0.833,
        -30,
        0,
        1.133,
        30,
        2,
        2,
        30
      ]
    },
    {
      "Target": "Parameter",
      "Id": "LegR_Roll",
      "Segments": [
        0,
        0,
        0,
        0.4,
        5,
        0,
        1.133,
        -8,
        2,
        2,
        -8
      ]
    },
    {
      "Target": "Parameter",
      "Id": "LegL_Roll",
      "Segments": [
        0,
        0,
        0,
        0.4,
        -6,
        0,
        1.133,
        5,
        2,
        2,
        5
      ]
    },
    {
      "Target": "PartOpacity",
      "Id": "Part",
      "Segments": [
        0,
        1,
        2,
        2,
        1
      ]
    },
    {
      "Target": "PartOpacity",
      "Id": "Part2",
      "Segments": [
        0,
        1,
        2,
        2,
        1
      ]
    },
    {
      "Target": "PartOpacity",
      "Id": "Part3",
      "Segments": [
        0,
        1,
        2,
        2,
        1
      ]
    },
    {
      "Target": "PartOpacity",
      "Id": "Part5",
      "Segments": [
        0,
        1,
        2,
        0.27,
        0,
        2,
        2,
        0
      ]
    },
    {
      "Target": "PartOpacity",
      "Id": "Part8",
      "Segments": [
        0,
        0,
        2,
        2,
        0
      ]
    },
    {
      "Target": "PartOpacity",
      "Id": "Part26",
      "Segments": [
        0,
        0,
        2,
        2,
        0
      ]
    },
    {
      "Target": "PartOpacity",
      "Id": "Part7",
      "Segments": [
        0,
        1,
        2,
        2,
        1
      ]
    },
    {
      "Target": "PartOpacity",
      "Id": "Part27",
      "Segments": [
        0,
        0,
        2,
        0.27,
        1,
        2,
        2,
        1
      ]
    },
    {
      "Target": "PartOpacity",
      "Id": "Part9",
      "Segments": [
        0,
        0,
        2,
        2,
        0
      ]
    },
    {
      "Target": "PartOpacity",
      "Id": "Part28",
      "Segments": [
        0,
        1,
        2,
        0.27,
        1,
        2,
        2,
        1
      ]
    },
    {
      "Target": "PartOpacity",
      "Id": "Part29",
      "Segments": [
        0,
        1,
        2,
        2,
        1
      ]
    },
    {
      "Target": "PartOpacity",
      "Id": "Part6",
      "Segments": [
        0,
        1,
        2,
        2,
        1
      ]
    },
    {
      "Target": "PartOpacity",
      "Id": "Part10",
      "Segments": [
        0,
        0,
        2,
        0.27,
        1,
        2,
        2,
        1
      ]
    },
    {
      "Target": "PartOpacity",
      "Id": "Part25",
      "Segments": [
        0,
        1,
        2,
        0.27,
        0,
        2,
        2,
        0
      ]
    },
    {
      "Target": "PartOpacity",
      "Id": "Part20",
      "Segments": [
        0,
        1,
        2,
        0.27,
        1,
        2,
        0.73,
        0,
        2,
        2,
        0
      ]
    },
    {
      "Target": "PartOpacity",
      "Id": "Part19",
      "Segments": [
        0,
        1,
        2,
        0.27,
        0,
        2,
        0.73,
        1,
        2,
        2,
        1
      ]
    },
    {
      "Target": "PartOpacity",
      "Id": "Part16",
      "Segments": [
        0,
        1,
        2,
        0.27,
        0,
        2,
        2,
        0
      ]
    },
    {
      "Target": "PartOpacity",
      "Id": "Part11",
      "Segments": [
        0,
        1,
        2,
        2,
        1
      ]
    },
    {
      "Target": "PartOpacity",
      "Id": "Part14",
      "Segments": [
        0,
        1,
        2,
        2,
        1
      ]
    },
    {
      "Target": "PartOpacity",
      "Id": "Part23",
      "Segments": [
        0,
        0,
        2,
        2,
        0
      ]
    },
    {
      "Target": "PartOpacity",
      "Id": "Part24",
      "Segments": [
        0,
        1,
        2,
        2,
        1
      ]
    },
    {
      "Target": "PartOpacity",
      "Id": "Part13",
      "Segments": [
        0,
        1,
        2,
        0.27,
        0,
        2,
        2,
        0
      ]
    },
    {
      "Target": "PartOpacity",
      "Id": "Part17",
      "Segments": [
        0,
        0,
        2,
        2,
        0
      ]
    },
    {
      "Target": "PartOpacity",
      "Id": "Part18",
      "Segments": [
        0,
        1,
        2,
        2,
        1
      ]
    },
    {
      "Target": "PartOpacity",
      "Id": "Part21",
      "Segments": [
        0,
        1,
        2,
        2,
        1
      ]
    },
    {
      "Target": "PartOpacity",
      "Id": "Part12",
      "Segments": [
        0,
        1,
        2,
        2,
        1
      ]
    },
    {
      "Target": "PartOpacity",
      "Id": "Part15",
      "Segments": [
        0,
        1,
        2,
        2,
        1
      ]
    },
    {
      "Target": "PartOpacity",
      "Id": "Part4",
      "Segments": [
        0,
        1,
        2,
        2,
        1
      ]
    },
    {
      "Target": "Parameter",
      "Id": "BodyPoX",
      "Segments": [
        0,
        0,
        0,
        2,
        0
      ]
    },
    {
      "Target": "Parameter",
      "Id": "Body_Form",
      "Segments": [
        0,
        0,
        0,
        2,
        0
      ]
    },
    {
      "Target": "Parameter",
      "Id": "Arm_Form",
      "Segments": [
        0,
        0,
        0,
        2,
        0
      ]
    },
    {
      "Target": "Parameter",
      "Id": "MouthForm2",
      "Segments": [
        0,
        0,
        0,
        2,
        0
      ]
    },
    {
      "Target": "Parameter",
      "Id": "MouthY",
      "Segments": [
        0,
        0,
        0,
        2,
        0
      ]
    },
    {
      "Target": "Parameter",
      "Id": "MouthForm",
      "Segments": [
        0,
        0,
        0,
        2,
        0
      ]
    },
    {
      "Target": "Parameter",
      "Id": "Mouth_Size",
      "Segments": [
        0,
        1,
        0,
        2,
        1
      ]
    },
    {
      "Target": "Parameter",
      "Id": "EyeBall_size",
      "Segments": [
        0,
        0,
        0,
        2,
        0
      ]
    },
    {
      "Target": "Parameter",
      "Id": "Brow_Form",
      "Segments": [
        0,
        0,
        0,
        2,
        0
      ]
    },
    {
      "Target": "Parameter",
      "Id": "BrowR_Form",
      "Segments": [
        0,
        0,
        0,
        2,
        0
      ]
    },
    {
      "Target": "Parameter",
      "Id": "BrowL_Form",
      "Segments": [
        0,
        0,
        0,
        2,
        0
      ]
    },
    {
      "Target": "Parameter",
      "Id": "BrowR_Form2",
      "Segments": [
        0,
        0,
        0,
        2,
        0
      ]
    },
    {
      "Target": "Parameter",
      "Id": "BrowL_Form2",
      "Segments": [
        0,
        0,
        0,
        2,
        0
      ]
    },
    {
      "Target": "Parameter",
      "Id": "ArmL_Sup_Form",
      "Segments": [
        0,
        0,
        0,
        2,
        0
      ]
    },
    {
      "Target": "Parameter",
      "Id": "HandR_move",
      "Segments": [
        0,
        0,
        0,
        2,
        0
      ]
    },
    {
      "Target": "PartOpacity",
      "Id": "Part22",
      "Segments": [
        0,
        0,
        0,
        2,
        0
      ]
    }
  ],
  "UserData": [
    {
      "Time": 0.0,
      "Value": ""
    }
  ]
}