{
  "Version": 3,
  "Meta": {
    "Duration": 8.0,
    "Fps": 30.0,
    "Loop": true,
    "AreBeziersRestricted": true,
    "CurveCount": 91,
    "TotalSegmentCount": 293,
    "TotalPointCount": 405,
    "UserDataCount": 1,
    "TotalUserDataSize": 0
  },
  "Curves": [
    {
      "Target": "Parameter",
      "Id": "Breath",
      "Segments": [
        0,
        0.783,
        0,
        0.9,
        0,
        2,
        2.067,
        0,
        0,
        3.167,
        0.742,
        0,
        4.4,
        0,
        2,
        5.867,
        0,
        0,
        7.2,
        0.783,
        2,
        8,
        0.783
      ]
    },
    {
      "Target": "Parameter",
      "Id": "Body_Shaking",
      "Segments": [
        0,
        2.159,
        1,
        0.422,
        2.159,
        0.845,
        0.943,
        1.267,
        0.457,
        1,
        1.634,
        0.06,
        2,
        0.016,
        2.367,
        0,
        0,
        3.4,
        2.159,
        1,
        3.833,
        2.159,
        4.267,
        2.172,
        4.7,
        2.122,
        1,
        5.144,
        2.072,
        5.589,
        -2.109,
        6.033,
        -2.109,
        1,
        6.289,
        -2.109,
        6.544,
        0.87,
        6.8,
        1.372,
        1,
        7.2,
        2.158,
        7.6,
        2.159,
        8,
        2.159
      ]
    },
    {
      "Target": "Parameter",
      "Id": "Body_Twist",
      "Segments": [
        0,
        4.2,
        1,
        0.444,
        4.2,
        0.889,
        4.145,
        1.333,
        4,
        1,
        1.855,
        3.818,
        2.378,
        -4.059,
        2.9,
        -5,
        1,
        3.267,
        -5.641,
        3.633,
        -5.627,
        4,
        -5.627,
        1,
        4.489,
        -5.627,
        4.978,
        -5.563,
        5.467,
        -5,
        1,
        5.934,
        -4.363,
        6.4,
        1.1,
        6.867,
        4,
        1,
        6.967,
        4.722,
        7.067,
        4.654,
        7.167,
        4.587,
        1,
        7.445,
        4.4,
        7.722,
        4.109,
        8,
        4.2
      ]
    },
    {
      "Target": "Parameter",
      "Id": "Body_Pose1",
      "Segments": [
        0,
        0,
        2,
        1.6,
        0,
        0,
        2.367,
        -3,
        0,
        3.1,
        0,
        2,
        5.1,
        0,
        0,
        5.9,
        -3,
        0,
        6.6,
        0,
        2,
        8,
        0
      ]
    },
    {
      "Target": "Parameter",
      "Id": "Waist_Roll",
      "Segments": [
        0,
        5.303,
        1,
        0.344,
        5.303,
        0.689,
        5.304,
        1.033,
        5.278,
        1,
        1.222,
        5.263,
        1.411,
        4.856,
        1.6,
        4.308,
        1,
        1.856,
        3.566,
        2.111,
        2.003,
        2.367,
        2.003,
        1,
        2.611,
        2.003,
        2.856,
        4.091,
        3.1,
        4.583,
        1,
        3.356,
        4.976,
        3.611,
        5.034,
        3.867,
        5.034,
        1,
        4.278,
        5.034,
        4.689,
        4.95,
        5.1,
        4.583,
        1,
        5.367,
        4.299,
        5.633,
        3.122,
        5.9,
        3.122,
        1,
        6.133,
        3.122,
        6.367,
        4.313,
        6.6,
        4.62,
        1,
        7.067,
        5.233,
        7.533,
        5.303,
        8,
        5.303
      ]
    },
    {
      "Target": "Parameter",
      "Id": "Rbn_Shaking",
      "Segments": [
        0,
        -7.939,
        1,
        0.111,
        -8.113,
        0.222,
        -8.055,
        0.333,
        -6.953,
        1,
        0.578,
        -3.802,
        0.822,
        4.369,
        1.067,
        4.369,
        0,
        1.9,
        -8.895,
        0,
        2.733,
        3.996,
        0,
        3.833,
        -8.895,
        0,
        4.967,
        3.104,
        0,
        6.1,
        -9.296,
        0,
        7.067,
        2.59,
        0,
        8,
        -7.939
      ]
    },
    {
      "Target": "Parameter",
      "Id": "Skirt_Shaking",
      "Segments": [
        0,
        -5.882,
        1,
        0.144,
        -10.771,
        0.289,
        -13.179,
        0.433,
        -13.179,
        0,
        1.567,
        14.388,
        0,
        2.5,
        -12.659,
        0,
        3.433,
        14.388,
        0,
        4.767,
        -12.659,
        0,
        5.733,
        12.052,
        0,
        6.833,
        -10.194,
        0,
        7.6,
        9.492,
        1,
        7.733,
        9.492,
        7.867,
        0.144,
        8,
        -5.882
      ]
    },
    {
      "Target": "Parameter",
      "Id": "Skirt_Shaking02",
      "Segments": [
        0,
        -4.566,
        2,
        2.233,
        -4.566,
        0,
        2.667,
        2.352,
        0,
        3.4,
        -4.566,
        2,
        4.767,
        -4.566,
        0,
        5.233,
        -1.181,
        0,
        5.8,
        -4.566,
        2,
        8,
        -4.566
      ]
    },
    {
      "Target": "Parameter",
      "Id": "Head_AngleX",
      "Segments": [
        0,
        6.12,
        2,
        1.333,
        6.12,
        2,
        1.5,
        6.12,
        1,
        1.789,
        6.12,
        2.078,
        0.149,
        2.367,
        0.06,
        1,
        2.634,
        -0.022,
        2.9,
        0,
        3.167,
        0,
        2,
        5.033,
        0,
        0,
        6.667,
        6.12,
        2,
        8,
        6.12
      ]
    },
    {
      "Target": "Parameter",
      "Id": "Head_AngleY",
      "Segments": [
        0,
        -1.338,
        1,
        0.3,
        1.085,
        0.6,
        2.755,
        0.9,
        2.755,
        2,
        1.5,
        2.755,
        0,
        2.367,
        -9.485,
        1,
        2.6,
        -9.485,
        2.834,
        -5.061,
        3.067,
        0,
        1,
        3.245,
        3.856,
        3.422,
        8.932,
        3.6,
        9.25,
        1,
        3.767,
        9.549,
        3.933,
        9.48,
        4.1,
        9.48,
        1,
        4.356,
        9.48,
        4.611,
        6.131,
        4.867,
        0,
        1,
        5.178,
        -7.464,
        5.489,
        -10.928,
        5.8,
        -10.928,
        1,
        6.144,
        -10.928,
        6.489,
        -6.99,
        6.833,
        -5.135,
        1,
        7.222,
        -2.996,
        7.611,
        -3.255,
        8,
        -1.338
      ]
    },
    {
      "Target": "Parameter",
      "Id": "Head_Roll",
      "Segments": [
        0,
        -6.3,
        2,
        1.5,
        -6.3,
        0,
        2.367,
        -3.333,
        1,
        2.634,
        -3.333,
        2.9,
        -6.405,
        3.167,
        -6.773,
        1,
        3.445,
        -7.156,
        3.722,
        -7.091,
        4,
        -7.091,
        2,
        5.033,
        -7.091,
        0,
        6.033,
        -4.751,
        0,
        6.8,
        -6.773,
        2,
        8,
        -6.773
      ]
    },
    {
      "Target": "Parameter",
      "Id": "Rng_RollR",
      "Segments": [
        0,
        3.511,
        0,
        0.5,
        -4.237,
        0,
        1.067,
        3.511,
        0,
        1.733,
        -4.237,
        0,
        2.4,
        3.753,
        0,
        3.167,
        -4.237,
        0,
        3.733,
        3.511,
        0,
        4.4,
        -4.237,
        0,
        5.067,
        3.753,
        0,
        5.833,
        -4.116,
        0,
        6.6,
        3.511,
        0,
        7.333,
        -4.237,
        0,
        8,
        3.511
      ]
    },
    {
      "Target": "Parameter",
      "Id": "Rng_RollL",
      "Segments": [
        0,
        4.963,
        0,
        0.5,
        -3.026,
        0,
        1.067,
        2.542,
        0,
        1.733,
        -2.663,
        0,
        2.4,
        5.568,
        0,
        3.167,
        -3.026,
        0,
        3.733,
        2.542,
        0,
        4.4,
        -2.663,
        0,
        5.067,
        5.568,
        0,
        5.833,
        -2.905,
        0,
        6.6,
        2.542,
        0,
        7.333,
        -2.663,
        0,
        8,
        4.963
      ]
    },
    {
      "Target": "Parameter",
      "Id": "EyeBallX",
      "Segments": [
        0,
        0.112,
        2,
        2.667,
        0.112,
        0,
        3.767,
        0.088,
        0,
        5.633,
        0.146,
        0,
        8,
        0.112
      ]
    },
    {
      "Target": "Parameter",
      "Id": "EyeBallY",
      "Segments": [
        0,
        -0.072,
        2,
        2.667,
        -0.072,
        0,
        3.767,
        -0.212,
        0,
        5.633,
        -0.068,
        0,
        8,
        -0.072
      ]
    },
    {
      "Target": "Parameter",
      "Id": "BrowRY",
      "Segments": [
        0,
        -0.3,
        2,
        1.7,
        -0.3,
        0,
        2.367,
        -0.7,
        0,
        3.1,
        -0.3,
        2,
        8,
        -0.3
      ]
    },
    {
      "Target": "Parameter",
      "Id": "BrowLY",
      "Segments": [
        0,
        -0.3,
        2,
        1.7,
        -0.3,
        0,
        2.367,
        -0.6,
        0,
        3.1,
        -0.3,
        2,
        8,
        -0.3
      ]
    },
    {
      "Target": "Parameter",
      "Id": "BrowR_Angle",
      "Segments": [
        0,
        1,
        2,
        1.7,
        1,
        0,
        2.367,
        0.246,
        0,
        3.1,
        1,
        2,
        8,
        1
      ]
    },
    {
      "Target": "Parameter",
      "Id": "BrowL_Angle",
      "Segments": [
        0,
        -0.7,
        2,
        1.7,
        -0.7,
        0,
        2.367,
        -0.104,
        0,
        3.1,
        -0.7,
        2,
        8,
        -0.7
      ]
    },
    {
      "Target": "Parameter",
      "Id": "HairSideR_Move",
      "Segments": [
        0,
        0.046,
        1,
        0.189,
        -0.239,
        0.378,
        -0.287,
        0.567,
        -0.287,
        0,
        1.567,
        0.304,
        0,
        2.733,
        -0.274,
        0,
        3.733,
        0.471,
        0,
        4.6,
        -0.086,
        0,
        5.667,
        0.405,
        0,
        6.633,
        -0.29,
        1,
        6.955,
        -0.29,
        7.278,
        0.259,
        7.6,
        0.304,
        1,
        7.733,
        0.304,
        7.867,
        0.271,
        8,
        0.046
      ]
    },
    {
      "Target": "Parameter",
      "Id": "HairSideL_Move",
      "Segments": [
        0,
        0.34,
        1,
        0.222,
        -0.006,
        0.445,
        -0.098,
        0.667,
        -0.098,
        0,
        1.633,
        0.517,
        0,
        2.633,
        -0.148,
        0,
        3.8,
        0.623,
        0,
        4.7,
        -0.012,
        0,
        5.667,
        0.668,
        0,
        6.533,
        -0.049,
        0,
        7.667,
        0.587,
        1,
        7.778,
        0.599,
        7.889,
        0.488,
        8,
        0.34
      ]
    },
    {
      "Target": "Parameter",
      "Id": "HairBack01_Move",
      "Segments": [
        0,
        0.028,
        1,
        0.211,
        -0.277,
        0.422,
        -0.324,
        0.633,
        -0.324,
        0,
        2,
        0.289,
        0,
        3.467,
        -0.241,
        0,
        4.833,
        0.289,
        0,
        6.333,
        -0.241,
        0,
        7.5,
        0.35,
        1,
        7.667,
        0.35,
        7.833,
        0.186,
        8,
        0.028
      ]
    },
    {
      "Target": "Parameter",
      "Id": "HairBack02_Move",
      "Segments": [
        0,
        -20.522,
        0,
        0.867,
        20.252,
        0,
        1.967,
        -16.665,
        0,
        2.933,
        20.252,
        0,
        3.967,
        -16.665,
        0,
        5,
        20.252,
        0,
        6.067,
        -20.729,
        0,
        6.933,
        17.372,
        0,
        8,
        -20.522
      ]
    },
    {
      "Target": "Parameter",
      "Id": "ShoulderLY",
      "Segments": [
        0,
        6,
        2,
        1.333,
        6,
        0,
        2.9,
        12.93,
        2,
        5.467,
        12.93,
        0,
        7.067,
        6,
        2,
        8,
        6
      ]
    },
    {
      "Target": "Parameter",
      "Id": "ShoulderR_Roll",
      "Segments": [
        0,
        -4.884,
        1,
        0.444,
        -4.885,
        0.889,
        -4.889,
        1.333,
        -4.9,
        1,
        1.855,
        -4.914,
        2.378,
        -9.8,
        2.9,
        -9.8,
        2,
        5.467,
        -9.8,
        1,
        6,
        -9.8,
        6.534,
        -4.949,
        7.067,
        -4.9,
        1,
        7.378,
        -4.872,
        7.689,
        -4.884,
        8,
        -4.884
      ]
    },
    {
      "Target": "Parameter",
      "Id": "ShoulderL_Roll",
      "Segments": [
        0,
        -5.106,
        1,
        0.444,
        -5.102,
        0.889,
        -5.1,
        1.333,
        -5.1,
        0,
        2.9,
        -5.87,
        2,
        5.467,
        -5.87,
        0,
        7.067,
        -5.1,
        0,
        8,
        -5.106
      ]
    },
    {
      "Target": "Parameter",
      "Id": "ArmR_Roll",
      "Segments": [
        0,
        122.207,
        1,
        0.444,
        122.201,
        0.889,
        122.2,
        1.333,
        122.2,
        0,
        2.9,
        123.367,
        2,
        5.467,
        123.367,
        0,
        7.067,
        122.2,
        0,
        8,
        122.207
      ]
    },
    {
      "Target": "Parameter",
      "Id": "ArmL_Roll",
      "Segments": [
        0,
        -92.123,
        1,
        0.444,
        -92.116,
        0.889,
        -92.116,
        1.333,
        -92.1,
        1,
        1.855,
        -92.081,
        2.378,
        -89.76,
        2.9,
        -89.76,
        2,
        5.467,
        -89.76,
        1,
        6,
        -89.76,
        6.534,
        -92.031,
        7.067,
        -92.1,
        1,
        7.378,
        -92.14,
        7.689,
        -92.123,
        8,
        -92.123
      ]
    },
    {
      "Target": "Parameter",
      "Id": "ArmR_Form",
      "Segments": [
        0,
        -22.6,
        2,
        1.333,
        -22.6,
        0,
        2.9,
        -26.41,
        2,
        5.467,
        -26.41,
        0,
        7.067,
        -22.6,
        2,
        8,
        -22.6
      ]
    },
    {
      "Target": "Parameter",
      "Id": "ArmL_Form",
      "Segments": [
        0,
        -21.54,
        2,
        1.333,
        -21.54,
        0,
        2.9,
        -19.62,
        2,
        5.467,
        -19.62,
        0,
        7.067,
        -21.54,
        2,
        8,
        -21.54
      ]
    },
    {
      "Target": "Parameter",
      "Id": "ArmR_Form2",
      "Segments": [
        0,
        -5.94,
        2,
        1.333,
        -5.94,
        0,
        2.9,
        -11.403,
        2,
        5.467,
        -11.403,
        0,
        7.067,
        -5.94,
        2,
        8,
        -5.94
      ]
    },
    {
      "Target": "Parameter",
      "Id": "ArmL_Form2",
      "Segments": [
        0,
        -16.47,
        2,
        1.333,
        -16.47,
        0,
        2.9,
        -17.3,
        2,
        5.467,
        -17.3,
        0,
        7.067,
        -16.47,
        2,
        8,
        -16.47
      ]
    },
    {
      "Target": "Parameter",
      "Id": "HandR_Roll",
      "Segments": [
        0,
        -24.387,
        1,
        0.444,
        -24.397,
        0.889,
        -24.4,
        1.333,
        -24.4,
        0,
        3.1,
        -15.16,
        2,
        5.467,
        -15.16,
        0,
        7.067,
        -24.36,
        2,
        8,
        -24.36
      ]
    },
    {
      "Target": "Parameter",
      "Id": "HandL_Roll",
      "Segments": [
        0,
        -10.3,
        2,
        1.333,
        -10.3,
        0,
        2.9,
        -12.64,
        2,
        5.467,
        -12.64,
        0,
        7.067,
        -10.3,
        2,
        8,
        -10.3
      ]
    },
    {
      "Target": "Parameter",
      "Id": "LegR_Roll",
      "Segments": [
        0,
        -8,
        2,
        1.333,
        -8,
        0,
        2.333,
        -5.54,
        0,
        3.033,
        -9,
        2,
        5.467,
        -9,
        0,
        6.133,
        -5.54,
        0,
        7.167,
        -8,
        2,
        8,
        -8
      ]
    },
    {
      "Target": "Parameter",
      "Id": "LegL_Roll",
      "Segments": [
        0,
        5,
        2,
        1.333,
        5,
        0,
        2.333,
        -6,
        0,
        3.033,
        9,
        2,
        5.467,
        9,
        0,
        6.133,
        -6,
        0,
        7.167,
        5,
        2,
        8,
        5
      ]
    },
    {
      "Target": "PartOpacity",
      "Id": "Part",
      "Segments": [
        0,
        1,
        2,
        8,
        1
      ]
    },
    {
      "Target": "PartOpacity",
      "Id": "Part22",
      "Segments": [
        0,
        1,
        2,
        8,
        1
      ]
    },
    {
      "Target": "PartOpacity",
      "Id": "Part2",
      "Segments": [
        0,
        1,
        2,
        8,
        1
      ]
    },
    {
      "Target": "PartOpacity",
      "Id": "Part3",
      "Segments": [
        0,
        1,
        2,
        8,
        1
      ]
    },
    {
      "Target": "PartOpacity",
      "Id": "Part5",
      "Segments": [
        0,
        0,
        2,
        8,
        0
      ]
    },
    {
      "Target": "PartOpacity",
      "Id": "Part8",
      "Segments": [
        0,
        0,
        2,
        8,
        0
      ]
    },
    {
      "Target": "PartOpacity",
      "Id": "Part26",
      "Segments": [
        0,
        0,
        2,
        8,
        0
      ]
    },
    {
      "Target": "PartOpacity",
      "Id": "Part7",
      "Segments": [
        0,
        1,
        2,
        8,
        1
      ]
    },
    {
      "Target": "PartOpacity",
      "Id": "Part27",
      "Segments": [
        0,
        1,
        2,
        8,
        1
      ]
    },
    {
      "Target": "PartOpacity",
      "Id": "Part9",
      "Segments": [
        0,
        0,
        2,
        8,
        0
      ]
    },
    {
      "Target": "PartOpacity",
      "Id": "Part28",
      "Segments": [
        0,
        1,
        2,
        8,
        1
      ]
    },
    {
      "Target": "PartOpacity",
      "Id": "Part29",
      "Segments": [
        0,
        1,
        2,
        8,
        1
      ]
    },
    {
      "Target": "PartOpacity",
      "Id": "Part6",
      "Segments": [
        0,
        1,
        2,
        8,
        1
      ]
    },
    {
      "Target": "PartOpacity",
      "Id": "Part10",
      "Segments": [
        0,
        1,
        2,
        8,
        1
      ]
    },
    {
      "Target": "PartOpacity",
      "Id": "Part25",
      "Segments": [
        0,
        0,
        2,
        8,
        0
      ]
    },
    {
      "Target": "PartOpacity",
      "Id": "Part20",
      "Segments": [
        0,
        0,
        2,
        8,
        0
      ]
    },
    {
      "Target": "PartOpacity",
      "Id": "Part19",
      "Segments": [
        0,
        1,
        2,
        8,
        1
      ]
    },
    {
      "Target": "PartOpacity",
      "Id": "Part16",
      "Segments": [
        0,
        0,
        2,
        8,
        0
      ]
    },
    {
      "Target": "PartOpacity",
      "Id": "Part11",
      "Segments": [
        0,
        1,
        2,
        8,
        1
      ]
    },
    {
      "Target": "PartOpacity",
      "Id": "Part14",
      "Segments": [
        0,
        1,
        2,
        8,
        1
      ]
    },
    {
      "Target": "PartOpacity",
      "Id": "Part23",
      "Segments": [
        0,
        0,
        2,
        8,
        0
      ]
    },
    {
      "Target": "PartOpacity",
      "Id": "Part24",
      "Segments": [
        0,
        1,
        2,
        8,
        1
      ]
    },
    {
      "Target": "PartOpacity",
      "Id": "Part13",
      "Segments": [
        0,
        0,
        2,
        8,
        0
      ]
    },
    {
      "Target": "PartOpacity",
      "Id": "Part17",
      "Segments": [
        0,
        0,
        2,
        8,
        0
      ]
    },
    {
      "Target": "PartOpacity",
      "Id": "Part18",
      "Segments": [
        0,
        1,
        2,
        8,
        1
      ]
    },
    {
      "Target": "PartOpacity",
      "Id": "Part21",
      "Segments": [
        0,
        1,
        2,
        8,
        1
      ]
    },
    {
      "Target": "PartOpacity",
      "Id": "Part12",
      "Segments": [
        0,
        1,
        2,
        8,
        1
      ]
    },
    {
      "Target": "PartOpacity",
      "Id": "Part15",
      "Segments": [
        0,
        1,
        2,
        8,
        1
      ]
    },
    {
      "Target": "PartOpacity",
      "Id": "Part4",
      "Segments": [
        0,
        1,
        2,
        8,
        1
      ]
    },
    {
      "Target": "Parameter",
      "Id": "BodyPoX",
      "Segments": [
        0,
        0,
        0,
        8,
        0
      ]
    },
    {
      "Target": "Parameter",
      "Id": "BodyY",
      "Segments": [
        0,
        0,
        0,
        8,
        0
      ]
    },
    {
      "Target": "Parameter",
      "Id": "Body_Form",
      "Segments": [
        0,
        0,
        0,
        8,
        0
      ]
    },
    {
      "Target": "Parameter",
      "Id": "Shoulder_Move",
      "Segments": [
        0,
        -30,
        0,
        8,
        -30
      ]
    },
    {
      "Target": "Parameter",
      "Id": "Arm_Form",
      "Segments": [
        0,
        0,
        0,
        8,
        0
      ]
    },
    {
      "Target": "Parameter",
      "Id": "Head_RollY",
      "Segments": [
        0,
        0,
        0,
        8,
        0
      ]
    },
    {
      "Target": "Parameter",
      "Id": "MouthForm2",
      "Segments": [
        0,
        0,
        0,
        8,
        0
      ]
    },
    {
      "Target": "Parameter",
      "Id": "MouthY",
      "Segments": [
        0,
        0,
        0,
        8,
        0
      ]
    },
    {
      "Target": "Parameter",
      "Id": "MouthForm",
      "Segments": [
        0,
        -0.9,
        0,
        8,
        -0.9
      ]
    },
    {
      "Target": "Parameter",
      "Id": "Mouth_Open",
      "Segments": [
        0,
        1,
        0,
        8,
        1
      ]
    },
    {
      "Target": "Parameter",
      "Id": "Mouth_Size",
      "Segments": [
        0,
        1,
        0,
        8,
        1
      ]
    },
    {
      "Target": "Parameter",
      "Id": "EyeBall_size",
      "Segments": [
        0,
        0,
        0,
        8,
        0
      ]
    },
    {
      "Target": "Parameter",
      "Id": "Brow_Form",
      "Segments": [
        0,
        -30,
        0,
        8,
        -30
      ]
    },
    {
      "Target": "Parameter",
      "Id": "BrowR_Form",
      "Segments": [
        0,
        -0.5,
        0,
        8,
        -0.5
      ]
    },
    {
      "Target": "Parameter",
      "Id": "BrowL_Form",
      "Segments": [
        0,
        -0.5,
        0,
        8,
        -0.5
      ]
    },
    {
      "Target": "Parameter",
      "Id": "BrowR_Form2",
      "Segments": [
        0,
        -15,
        0,
        8,
        -15
      ]
    },
    {
      "Target": "Parameter",
      "Id": "BrowL_Form2",
      "Segments": [
        0,
        -15,
        0,
        8,
        -15
      ]
    },
    {
      "Target": "Parameter",
      "Id": "EyeR_Open",
      "Segments": [
        0,
        1,
        0,
        8,
        1
      ]
    },
    {
      "Target": "Parameter",
      "Id": "EyeL_Open",
      "Segments": [
        0,
        1,
        0,
        8,
        1
      ]
    },
    {
      "Target": "Parameter",
      "Id": "EyeR_Smile",
      "Segments": [
        0,
        1,
        0,
        8,
        1
      ]
    },
    {
      "Target": "Parameter",
      "Id": "EyeL_Smile",
      "Segments": [
        0,
        1,
        0,
        8,
        1
      ]
    },
    {
      "Target": "Parameter",
      "Id": "ShoulderRY",
      "Segments": [
        0,
        0,
        0,
        8,
        0
      ]
    },
    {
      "Target": "Parameter",
      "Id": "ArmR_Sup_Form",
      "Segments": [
        0,
        -13,
        0,
        8,
        -13
      ]
    },
    {
      "Target": "Parameter",
      "Id": "ArmL_Sup_Form",
      "Segments": [
        0,
        0,
        0,
        8,
        0
      ]
    },
    {
      "Target": "Parameter",
      "Id": "HandR_move",
      "Segments": [
        0,
        0,
        0,
        8,
        0
      ]
    },
    {
      "Target": "Parameter",
      "Id": "HandL_move",
      "Segments": [
        0,
        30,
        0,
        8,
        30
      ]
    }
  ],
  "UserData": [
    {
      "Time": 0.0,
      "Value": ""
    }
  ]
}