{
  "Version": 3,
  "Meta": {
    "Duration": 8.0,
    "Fps": 30.0,
    "Loop": true,
    "AreBeziersRestricted": true,
    "CurveCount": 91,
    "TotalSegmentCount": 284,
    "TotalPointCount": 460,
    "UserDataCount": 1,
    "TotalUserDataSize": 0
  },
  "Curves": [
    {
      "Target": "Parameter",
      "Id": "Breath",
      "Segments": [
        0,
        0,
        0,
        1.067,
        0.303,
        0,
        2.2,
        0,
        0,
        3.1,
        0.233,
        0,
        4.133,
        0,
        0,
        5.033,
        0.265,
        0,
        6,
        0,
        0,
        7.067,
        0.303,
        0,
        8,
        0
      ]
    },
    {
      "Target": "Parameter",
      "Id": "Body_Shaking",
      "Segments": [
        0,
        -2.517,
        0,
        1.533,
        2.259,
        0,
        3.1,
        -1.585,
        0,
        4.4,
        1.144,
        0,
        5.667,
        -1.585,
        0,
        6.833,
        0,
        0,
        8,
        -2.517
      ]
    },
    {
      "Target": "Parameter",
      "Id": "Body_Twist",
      "Segments": [
        0,
        -9.72,
        2,
        1.267,
        -9.72,
        1,
        1.667,
        -9.72,
        2.067,
        -6.623,
        2.467,
        -5.54,
        1,
        2.811,
        -4.607,
        3.156,
        -4.72,
        3.5,
        -4.72,
        1,
        3.867,
        -4.72,
        4.233,
        -4.569,
        4.6,
        -5.28,
        1,
        5.089,
        -6.227,
        5.578,
        -9.72,
        6.067,
        -9.72,
        2,
        8,
        -9.72
      ]
    },
    {
      "Target": "Parameter",
      "Id": "Body_Pose1",
      "Segments": [
        0,
        -7,
        2,
        1.267,
        -7,
        1,
        1.667,
        -7,
        2.067,
        -5.383,
        2.467,
        -4.76,
        1,
        2.811,
        -4.224,
        3.156,
        -4.28,
        3.5,
        -4.28,
        1,
        3.867,
        -4.28,
        4.233,
        -4.201,
        4.6,
        -4.66,
        1,
        5.089,
        -5.271,
        5.578,
        -7,
        6.067,
        -7,
        2,
        8,
        -7
      ]
    },
    {
      "Target": "Parameter",
      "Id": "Waist_Roll",
      "Segments": [
        0,
        6,
        2,
        2.3,
        6,
        0,
        3.967,
        6.6,
        2,
        4.867,
        6.6,
        1,
        5.211,
        6.6,
        5.556,
        6.24,
        5.9,
        6,
        1,
        6.022,
        5.915,
        6.145,
        5.94,
        6.267,
        5.94,
        0,
        8,
        6
      ]
    },
    {
      "Target": "Parameter",
      "Id": "Rbn_Shaking",
      "Segments": [
        0,
        -7.939,
        1,
        0.111,
        -8.113,
        0.222,
        -8.055,
        0.333,
        -6.953,
        1,
        0.578,
        -3.802,
        0.822,
        4.369,
        1.067,
        4.369,
        0,
        1.9,
        -8.895,
        0,
        2.733,
        3.996,
        0,
        3.833,
        -8.895,
        0,
        4.967,
        3.104,
        0,
        6.1,
        -9.296,
        0,
        7.067,
        2.59,
        0,
        8,
        -7.939
      ]
    },
    {
      "Target": "Parameter",
      "Id": "Skirt_Shaking",
      "Segments": [
        0,
        -5.882,
        1,
        0.144,
        -10.771,
        0.289,
        -13.179,
        0.433,
        -13.179,
        0,
        1.6,
        7.912,
        0,
        2.4,
        -4.265,
        0,
        3.467,
        7.912,
        0,
        4.667,
        -4.265,
        0,
        5.767,
        5.577,
        0,
        6.833,
        -8.584,
        0,
        7.633,
        3.016,
        1,
        7.755,
        3.016,
        7.878,
        0.144,
        8,
        -5.882
      ]
    },
    {
      "Target": "Parameter",
      "Id": "Skirt_Shaking02",
      "Segments": [
        0,
        -4.566,
        2,
        2.233,
        -4.566,
        0,
        2.667,
        2.352,
        0,
        3.4,
        -4.566,
        2,
        4.767,
        -4.566,
        0,
        5.233,
        -1.181,
        0,
        5.8,
        -4.566,
        2,
        8,
        -4.566
      ]
    },
    {
      "Target": "Parameter",
      "Id": "Head_AngleX",
      "Segments": [
        0,
        -16.017,
        1,
        0.522,
        -16.551,
        1.045,
        -16.146,
        1.567,
        -16.146,
        1,
        2.067,
        -16.146,
        2.567,
        -13.131,
        3.067,
        -6.9,
        1,
        3.4,
        -2.746,
        3.734,
        -0.565,
        4.067,
        -0.565,
        1,
        4.322,
        -0.565,
        4.578,
        -0.198,
        4.833,
        -2.475,
        1,
        5.2,
        -5.742,
        5.566,
        -20.648,
        5.933,
        -25.489,
        1,
        6.111,
        -27.836,
        6.289,
        -27.532,
        6.467,
        -27.532,
        1,
        6.678,
        -27.532,
        6.889,
        -25.138,
        7.1,
        -22.024,
        1,
        7.4,
        -17.598,
        7.7,
        -16.017,
        8,
        -16.017
      ]
    },
    {
      "Target": "Parameter",
      "Id": "Head_AngleY",
      "Segments": [
        0,
        -13.328,
        1,
        0.522,
        -15.821,
        1.045,
        -15.263,
        1.567,
        -15.263,
        1,
        2.067,
        -15.263,
        2.567,
        -14.701,
        3.067,
        -9.14,
        1,
        3.511,
        -4.197,
        3.956,
        3.707,
        4.4,
        3.707,
        1,
        4.7,
        3.707,
        5,
        2.569,
        5.3,
        -2.821,
        1,
        5.567,
        -7.612,
        5.833,
        -17.76,
        6.1,
        -22.8,
        1,
        6.222,
        -25.11,
        6.345,
        -25.108,
        6.467,
        -25.108,
        1,
        6.6,
        -25.108,
        6.734,
        -23.591,
        6.867,
        -21.559,
        1,
        7.245,
        -15.802,
        7.622,
        -13.328,
        8,
        -13.328
      ]
    },
    {
      "Target": "Parameter",
      "Id": "Head_Roll",
      "Segments": [
        0,
        -10.02,
        2,
        1.3,
        -10.02,
        1,
        1.844,
        -10.02,
        2.389,
        -9.309,
        2.933,
        -7.5,
        1,
        3.133,
        -6.835,
        3.333,
        -5.473,
        3.533,
        -4.977,
        1,
        4.022,
        -3.766,
        4.511,
        -3.422,
        5,
        -3.422,
        1,
        5.111,
        -3.422,
        5.222,
        -3.812,
        5.333,
        -5.402,
        1,
        5.522,
        -8.104,
        5.711,
        -10.02,
        5.9,
        -10.02,
        2,
        8,
        -10.02
      ]
    },
    {
      "Target": "Parameter",
      "Id": "Head_RollY",
      "Segments": [
        0,
        -7.74,
        2,
        2.1,
        -7.74,
        0,
        3.167,
        0,
        2,
        4.867,
        0,
        0,
        5.967,
        -7.74,
        2,
        8,
        -7.74
      ]
    },
    {
      "Target": "Parameter",
      "Id": "Rng_RollR",
      "Segments": [
        0,
        3.511,
        0,
        0.5,
        -4.237,
        0,
        1.067,
        3.511,
        0,
        1.733,
        -4.237,
        0,
        2.4,
        3.753,
        0,
        3.167,
        -4.237,
        0,
        3.733,
        3.511,
        0,
        4.4,
        -4.237,
        0,
        5.067,
        3.753,
        0,
        5.833,
        -4.116,
        0,
        6.6,
        3.511,
        0,
        7.333,
        -4.237,
        0,
        8,
        3.511
      ]
    },
    {
      "Target": "Parameter",
      "Id": "Rng_RollL",
      "Segments": [
        0,
        4.963,
        0,
        0.5,
        -3.026,
        0,
        1.067,
        2.542,
        0,
        1.733,
        -2.663,
        0,
        2.4,
        5.568,
        0,
        3.167,
        -3.026,
        0,
        3.733,
        2.542,
        0,
        4.4,
        -2.663,
        0,
        5.067,
        5.568,
        0,
        5.833,
        -2.905,
        0,
        6.6,
        2.542,
        0,
        7.333,
        -2.663,
        0,
        8,
        4.963
      ]
    },
    {
      "Target": "Parameter",
      "Id": "EyeBallX",
      "Segments": [
        0,
        -0.4,
        1,
        0.178,
        -0.419,
        0.355,
        -0.422,
        0.533,
        -0.422,
        1,
        0.866,
        -0.422,
        1.2,
        -0.039,
        1.533,
        0.026,
        1,
        1.889,
        0.096,
        2.244,
        0.12,
        2.6,
        0.146,
        1,
        3.044,
        0.179,
        3.489,
        0.184,
        3.933,
        0.184,
        1,
        4.2,
        0.184,
        4.466,
        0.179,
        4.733,
        0.146,
        1,
        4.9,
        0.126,
        5.066,
        0.103,
        5.233,
        0.026,
        1,
        5.744,
        -0.21,
        6.256,
        -0.482,
        6.767,
        -0.482,
        1,
        7.178,
        -0.482,
        7.589,
        -0.385,
        8,
        -0.4
      ]
    },
    {
      "Target": "Parameter",
      "Id": "EyeBallY",
      "Segments": [
        0,
        -0.528,
        1,
        0.178,
        -0.545,
        0.355,
        -0.552,
        0.533,
        -0.552,
        1,
        0.866,
        -0.552,
        1.2,
        -0.166,
        1.533,
        -0.074,
        1,
        1.844,
        0.013,
        2.156,
        0,
        2.467,
        0,
        1,
        3.389,
        0,
        4.311,
        -0.187,
        5.233,
        -0.497,
        1,
        5.378,
        -0.546,
        5.522,
        -0.549,
        5.667,
        -0.549,
        1,
        6.034,
        -0.549,
        6.4,
        -0.539,
        6.767,
        -0.528,
        1,
        7.178,
        -0.519,
        7.589,
        -0.511,
        8,
        -0.528
      ]
    },
    {
      "Target": "Parameter",
      "Id": "BrowRY",
      "Segments": [
        0,
        -0.2,
        2,
        2.533,
        -0.2,
        0,
        4.2,
        0.2,
        0,
        5.933,
        -0.2,
        2,
        8,
        -0.2
      ]
    },
    {
      "Target": "Parameter",
      "Id": "BrowLY",
      "Segments": [
        0,
        -0.1,
        2,
        2.533,
        -0.1,
        0,
        4.2,
        0.4,
        0,
        5.933,
        -0.1,
        2,
        8,
        -0.1
      ]
    },
    {
      "Target": "Parameter",
      "Id": "HairSideR_Move",
      "Segments": [
        0,
        0.046,
        1,
        0.178,
        -0.129,
        0.355,
        -0.22,
        0.533,
        -0.22,
        0,
        1.533,
        0.088,
        0,
        2.633,
        -0.253,
        0,
        3.633,
        0.088,
        0,
        4.6,
        -0.207,
        1,
        4.811,
        -0.207,
        5.022,
        -0.144,
        5.233,
        0,
        1,
        5.366,
        0.081,
        5.5,
        0.124,
        5.633,
        0.124,
        0,
        6.567,
        -0.171,
        1,
        6.967,
        -0.171,
        7.367,
        0.15,
        7.767,
        0.195,
        1,
        7.845,
        0.195,
        7.922,
        0.172,
        8,
        0.046
      ]
    },
    {
      "Target": "Parameter",
      "Id": "HairSideL_Move",
      "Segments": [
        0,
        0.34,
        1,
        0.2,
        0.004,
        0.4,
        -0.061,
        0.6,
        -0.061,
        0,
        1.633,
        0.439,
        0,
        2.533,
        -0.127,
        0,
        3.833,
        0.439,
        0,
        4.7,
        -0.132,
        1,
        4.911,
        -0.132,
        5.122,
        0.01,
        5.333,
        0.268,
        1,
        5.433,
        0.39,
        5.533,
        0.439,
        5.633,
        0.439,
        0,
        6.6,
        -0.187,
        0,
        7.733,
        0.462,
        1,
        7.822,
        0.462,
        7.911,
        0.449,
        8,
        0.34
      ]
    },
    {
      "Target": "Parameter",
      "Id": "HairBack01_Move",
      "Segments": [
        0,
        0.028,
        1,
        0.211,
        -0.166,
        0.422,
        -0.222,
        0.633,
        -0.222,
        0,
        2,
        0.192,
        0,
        3.367,
        -0.105,
        0,
        4.767,
        0.152,
        0,
        6.233,
        -0.105,
        0,
        7.467,
        0.222,
        1,
        7.645,
        0.222,
        7.822,
        0.208,
        8,
        0.028
      ]
    },
    {
      "Target": "Parameter",
      "Id": "HairBack02_Move",
      "Segments": [
        0,
        -20.522,
        0,
        0.867,
        23.353,
        0,
        1.967,
        -16.665,
        0,
        2.933,
        20.252,
        0,
        3.967,
        -16.665,
        0,
        5,
        20.252,
        0,
        6.067,
        -20.729,
        0,
        6.933,
        17.372,
        0,
        8,
        -20.522
      ]
    },
    {
      "Target": "Parameter",
      "Id": "ShoulderR_Roll",
      "Segments": [
        0,
        1.85,
        1,
        0.311,
        2.337,
        0.622,
        2.431,
        0.933,
        2.431,
        0,
        2.1,
        0.1,
        0,
        3.8,
        1.85,
        0,
        5.133,
        -0.471,
        1,
        5.544,
        -0.471,
        5.956,
        2.031,
        6.367,
        2.179,
        1,
        6.545,
        2.22,
        6.722,
        2.179,
        6.9,
        1.972,
        1,
        7.111,
        1.763,
        7.322,
        1.563,
        7.533,
        1.563,
        1,
        7.689,
        1.563,
        7.844,
        1.59,
        8,
        1.85
      ]
    },
    {
      "Target": "Parameter",
      "Id": "ShoulderL_Roll",
      "Segments": [
        0,
        -5.222,
        1,
        0.422,
        -4.988,
        0.845,
        -4.65,
        1.267,
        -4.048,
        1,
        2.011,
        -2.986,
        2.756,
        0.312,
        3.5,
        0.539,
        1,
        3.867,
        0.65,
        4.233,
        0.6,
        4.6,
        0.6,
        1,
        5.122,
        0.6,
        5.645,
        -2.785,
        6.167,
        -4.048,
        1,
        6.778,
        -5.212,
        7.389,
        -5.67,
        8,
        -5.35
      ]
    },
    {
      "Target": "Parameter",
      "Id": "ArmR_Roll",
      "Segments": [
        0,
        -17,
        1,
        0.189,
        -16.439,
        0.378,
        -15.813,
        0.567,
        -15.096,
        1,
        1.245,
        -12.48,
        1.922,
        -9.23,
        2.6,
        -7.401,
        1,
        3,
        -6.383,
        3.4,
        -5.994,
        3.8,
        -5.994,
        1,
        4.044,
        -5.994,
        4.289,
        -6.262,
        4.533,
        -7.401,
        1,
        4.789,
        -8.292,
        5.044,
        -11.32,
        5.3,
        -14.037,
        1,
        5.522,
        -16.344,
        5.745,
        -18.547,
        5.967,
        -18.547,
        0,
        6.967,
        -16.018,
        1,
        7.311,
        -16.018,
        7.656,
        -17.356,
        8,
        -17
      ]
    },
    {
      "Target": "Parameter",
      "Id": "ArmL_Roll",
      "Segments": [
        0,
        -140.4,
        2,
        1.267,
        -140.4,
        1,
        2.011,
        -140.4,
        2.756,
        -140.929,
        3.5,
        -140.985,
        1,
        3.867,
        -141.012,
        4.233,
        -141,
        4.6,
        -141,
        0,
        6.167,
        -140.4,
        2,
        8,
        -140.4
      ]
    },
    {
      "Target": "Parameter",
      "Id": "HandR_Roll",
      "Segments": [
        0,
        4.859,
        1,
        0.233,
        5.783,
        0.467,
        6.397,
        0.7,
        6.815,
        1,
        1.244,
        7.552,
        1.789,
        7.943,
        2.333,
        7.508,
        1,
        2.789,
        7.063,
        3.244,
        -0.642,
        3.7,
        -0.642,
        1,
        3.867,
        -0.642,
        4.033,
        -0.799,
        4.2,
        0.171,
        1,
        4.456,
        1.658,
        4.711,
        4.859,
        4.967,
        4.859,
        1,
        5.122,
        4.859,
        5.278,
        4.924,
        5.433,
        4.197,
        1,
        5.666,
        3.105,
        5.9,
        1.292,
        6.133,
        1.292,
        0,
        7.133,
        4.859,
        0,
        7.6,
        4.197,
        1,
        7.733,
        4.197,
        7.867,
        4.478,
        8,
        4.859
      ]
    },
    {
      "Target": "Parameter",
      "Id": "HandL_Roll",
      "Segments": [
        0,
        -6.66,
        2,
        1.267,
        -6.66,
        0,
        3.5,
        -4.504,
        2,
        4.6,
        -4.504,
        0,
        6.167,
        -6.66,
        2,
        8,
        -6.66
      ]
    },
    {
      "Target": "Parameter",
      "Id": "HandL_move",
      "Segments": [
        0,
        30,
        2,
        1.433,
        30,
        0,
        2.3,
        -30,
        2,
        5.133,
        -30,
        0,
        6.1,
        30,
        2,
        8,
        30
      ]
    },
    {
      "Target": "Parameter",
      "Id": "LegR_Roll",
      "Segments": [
        0,
        8,
        2,
        1.8,
        8,
        0,
        2.633,
        6.92,
        2,
        4.6,
        6.92,
        0,
        5.633,
        8,
        2,
        8,
        8
      ]
    },
    {
      "Target": "Parameter",
      "Id": "LegL_Roll",
      "Segments": [
        0,
        -8,
        2,
        1.8,
        -8,
        0,
        2.633,
        -3.2,
        2,
        4.6,
        -3.2,
        0,
        5.633,
        -8,
        2,
        8,
        -8
      ]
    },
    {
      "Target": "PartOpacity",
      "Id": "Part",
      "Segments": [
        0,
        1,
        2,
        8,
        1
      ]
    },
    {
      "Target": "PartOpacity",
      "Id": "Part22",
      "Segments": [
        0,
        0,
        2,
        8,
        0
      ]
    },
    {
      "Target": "PartOpacity",
      "Id": "Part2",
      "Segments": [
        0,
        1,
        2,
        8,
        1
      ]
    },
    {
      "Target": "PartOpacity",
      "Id": "Part3",
      "Segments": [
        0,
        1,
        2,
        8,
        1
      ]
    },
    {
      "Target": "PartOpacity",
      "Id": "Part5",
      "Segments": [
        0,
        1,
        2,
        8,
        1
      ]
    },
    {
      "Target": "PartOpacity",
      "Id": "Part8",
      "Segments": [
        0,
        0,
        2,
        8,
        0
      ]
    },
    {
      "Target": "PartOpacity",
      "Id": "Part26",
      "Segments": [
        0,
        1,
        2,
        8,
        1
      ]
    },
    {
      "Target": "PartOpacity",
      "Id": "Part7",
      "Segments": [
        0,
        0,
        2,
        8,
        0
      ]
    },
    {
      "Target": "PartOpacity",
      "Id": "Part27",
      "Segments": [
        0,
        0,
        2,
        8,
        0
      ]
    },
    {
      "Target": "PartOpacity",
      "Id": "Part9",
      "Segments": [
        0,
        0,
        2,
        8,
        0
      ]
    },
    {
      "Target": "PartOpacity",
      "Id": "Part28",
      "Segments": [
        0,
        1,
        2,
        8,
        1
      ]
    },
    {
      "Target": "PartOpacity",
      "Id": "Part29",
      "Segments": [
        0,
        1,
        2,
        8,
        1
      ]
    },
    {
      "Target": "PartOpacity",
      "Id": "Part6",
      "Segments": [
        0,
        1,
        2,
        8,
        1
      ]
    },
    {
      "Target": "PartOpacity",
      "Id": "Part10",
      "Segments": [
        0,
        0,
        2,
        8,
        0
      ]
    },
    {
      "Target": "PartOpacity",
      "Id": "Part25",
      "Segments": [
        0,
        0,
        2,
        8,
        0
      ]
    },
    {
      "Target": "PartOpacity",
      "Id": "Part20",
      "Segments": [
        0,
        0,
        2,
        8,
        0
      ]
    },
    {
      "Target": "PartOpacity",
      "Id": "Part19",
      "Segments": [
        0,
        0,
        2,
        8,
        0
      ]
    },
    {
      "Target": "PartOpacity",
      "Id": "Part16",
      "Segments": [
        0,
        1,
        2,
        8,
        1
      ]
    },
    {
      "Target": "PartOpacity",
      "Id": "Part11",
      "Segments": [
        0,
        1,
        2,
        8,
        1
      ]
    },
    {
      "Target": "PartOpacity",
      "Id": "Part14",
      "Segments": [
        0,
        1,
        2,
        8,
        1
      ]
    },
    {
      "Target": "PartOpacity",
      "Id": "Part23",
      "Segments": [
        0,
        0,
        2,
        8,
        0
      ]
    },
    {
      "Target": "PartOpacity",
      "Id": "Part24",
      "Segments": [
        0,
        1,
        2,
        8,
        1
      ]
    },
    {
      "Target": "PartOpacity",
      "Id": "Part13",
      "Segments": [
        0,
        1,
        2,
        8,
        1
      ]
    },
    {
      "Target": "PartOpacity",
      "Id": "Part17",
      "Segments": [
        0,
        0,
        2,
        8,
        0
      ]
    },
    {
      "Target": "PartOpacity",
      "Id": "Part18",
      "Segments": [
        0,
        1,
        2,
        8,
        1
      ]
    },
    {
      "Target": "PartOpacity",
      "Id": "Part21",
      "Segments": [
        0,
        1,
        2,
        8,
        1
      ]
    },
    {
      "Target": "PartOpacity",
      "Id": "Part12",
      "Segments": [
        0,
        1,
        2,
        8,
        1
      ]
    },
    {
      "Target": "PartOpacity",
      "Id": "Part15",
      "Segments": [
        0,
        1,
        2,
        8,
        1
      ]
    },
    {
      "Target": "PartOpacity",
      "Id": "Part4",
      "Segments": [
        0,
        1,
        2,
        8,
        1
      ]
    },
    {
      "Target": "Parameter",
      "Id": "BodyPoX",
      "Segments": [
        0,
        0,
        0,
        8,
        0
      ]
    },
    {
      "Target": "Parameter",
      "Id": "BodyY",
      "Segments": [
        0,
        0,
        0,
        8,
        0
      ]
    },
    {
      "Target": "Parameter",
      "Id": "Body_Form",
      "Segments": [
        0,
        0,
        0,
        8,
        0
      ]
    },
    {
      "Target": "Parameter",
      "Id": "Shoulder_Move",
      "Segments": [
        0,
        0,
        0,
        8,
        0
      ]
    },
    {
      "Target": "Parameter",
      "Id": "Arm_Form",
      "Segments": [
        0,
        0,
        0,
        8,
        0
      ]
    },
    {
      "Target": "Parameter",
      "Id": "MouthForm2",
      "Segments": [
        0,
        0,
        0,
        8,
        0
      ]
    },
    {
      "Target": "Parameter",
      "Id": "MouthY",
      "Segments": [
        0,
        0,
        0,
        8,
        0
      ]
    },
    {
      "Target": "Parameter",
      "Id": "MouthForm",
      "Segments": [
        0,
        -0.7,
        0,
        8,
        -0.7
      ]
    },
    {
      "Target": "Parameter",
      "Id": "Mouth_Open",
      "Segments": [
        0,
        0.8,
        0,
        8,
        0.8
      ]
    },
    {
      "Target": "Parameter",
      "Id": "Mouth_Size",
      "Segments": [
        0,
        0.1,
        0,
        8,
        0.1
      ]
    },
    {
      "Target": "Parameter",
      "Id": "EyeBall_size",
      "Segments": [
        0,
        0,
        0,
        8,
        0
      ]
    },
    {
      "Target": "Parameter",
      "Id": "Brow_Form",
      "Segments": [
        0,
        -17,
        0,
        8,
        -17
      ]
    },
    {
      "Target": "Parameter",
      "Id": "BrowR_Angle",
      "Segments": [
        0,
        -0.7,
        0,
        8,
        -0.7
      ]
    },
    {
      "Target": "Parameter",
      "Id": "BrowL_Angle",
      "Segments": [
        0,
        0.8,
        0,
        8,
        0.8
      ]
    },
    {
      "Target": "Parameter",
      "Id": "BrowR_Form",
      "Segments": [
        0,
        -0.6,
        0,
        8,
        -0.6
      ]
    },
    {
      "Target": "Parameter",
      "Id": "BrowL_Form",
      "Segments": [
        0,
        -0.6,
        0,
        8,
        -0.6
      ]
    },
    {
      "Target": "Parameter",
      "Id": "BrowR_Form2",
      "Segments": [
        0,
        -15,
        0,
        8,
        -15
      ]
    },
    {
      "Target": "Parameter",
      "Id": "BrowL_Form2",
      "Segments": [
        0,
        -15,
        0,
        8,
        -15
      ]
    },
    {
      "Target": "Parameter",
      "Id": "EyeR_Open",
      "Segments": [
        0,
        0.8,
        0,
        8,
        0.8
      ]
    },
    {
      "Target": "Parameter",
      "Id": "EyeL_Open",
      "Segments": [
        0,
        0.8,
        0,
        8,
        0.8
      ]
    },
    {
      "Target": "Parameter",
      "Id": "EyeR_Smile",
      "Segments": [
        0,
        0,
        0,
        8,
        0
      ]
    },
    {
      "Target": "Parameter",
      "Id": "EyeL_Smile",
      "Segments": [
        0,
        0,
        0,
        8,
        0
      ]
    },
    {
      "Target": "Parameter",
      "Id": "ShoulderRY",
      "Segments": [
        0,
        0,
        0,
        8,
        0
      ]
    },
    {
      "Target": "Parameter",
      "Id": "ShoulderLY",
      "Segments": [
        0,
        24,
        0,
        8,
        24
      ]
    },
    {
      "Target": "Parameter",
      "Id": "ArmR_Form",
      "Segments": [
        0,
        0,
        0,
        8,
        0
      ]
    },
    {
      "Target": "Parameter",
      "Id": "ArmL_Form",
      "Segments": [
        0,
        -11,
        0,
        8,
        -11
      ]
    },
    {
      "Target": "Parameter",
      "Id": "ArmR_Form2",
      "Segments": [
        0,
        -5.34,
        0,
        8,
        -5.34
      ]
    },
    {
      "Target": "Parameter",
      "Id": "ArmL_Form2",
      "Segments": [
        0,
        -13,
        0,
        8,
        -13
      ]
    },
    {
      "Target": "Parameter",
      "Id": "ArmR_Sup_Form",
      "Segments": [
        0,
        0,
        0,
        8,
        0
      ]
    },
    {
      "Target": "Parameter",
      "Id": "ArmL_Sup_Form",
      "Segments": [
        0,
        0,
        0,
        8,
        0
      ]
    },
    {
      "Target": "Parameter",
      "Id": "HandR_move",
      "Segments": [
        0,
        0,
        0,
        8,
        0
      ]
    }
  ],
  "UserData": [
    {
      "Time": 0.0,
      "Value": ""
    }
  ]
}