{
  "Version": 3,
  "Meta": {
    "Duration": 8.0,
    "Fps": 30.0,
    "Loop": true,
    "AreBeziersRestricted": true,
    "CurveCount": 91,
    "TotalSegmentCount": 305,
    "TotalPointCount": 443,
    "UserDataCount": 1,
    "TotalUserDataSize": 0
  },
  "Curves": [
    {
      "Target": "Parameter",
      "Id": "Breath",
      "Segments": [
        0,
        0.301,
        1,
        0.111,
        0.415,
        0.222,
        0.449,
        0.333,
        0.449,
        0,
        1.467,
        0,
        0,
        2.433,
        0.408,
        0,
        3.5,
        0,
        0,
        4.433,
        0.385,
        0,
        5.433,
        0,
        0,
        6.533,
        0.402,
        0,
        7.533,
        0,
        1,
        7.689,
        0,
        7.844,
        0.126,
        8,
        0.301
      ]
    },
    {
      "Target": "Parameter",
      "Id": "Body_Shaking",
      "Segments": [
        0,
        2.879,
        1,
        0.189,
        0.726,
        0.378,
        0,
        0.567,
        0,
        2,
        1.5,
        0,
        2,
        3.967,
        0,
        0,
        5.133,
        -1.71,
        0,
        7.033,
        5.758,
        1,
        7.355,
        5.758,
        7.678,
        6.097,
        8,
        2.879
      ]
    },
    {
      "Target": "Parameter",
      "Id": "Body_Twist",
      "Segments": [
        0,
        -6.031,
        1,
        0.367,
        -6.031,
        0.733,
        -5.696,
        1.1,
        -4.767,
        1,
        1.389,
        -3.953,
        1.678,
        -1.975,
        1.967,
        0,
        1,
        2.122,
        1.201,
        2.278,
        3.472,
        2.433,
        4.663,
        1,
        2.8,
        7.487,
        3.166,
        7.385,
        3.533,
        7.326,
        1,
        3.878,
        7.238,
        4.222,
        6.547,
        4.567,
        5.358,
        1,
        4.789,
        4.475,
        5.011,
        2.214,
        5.233,
        0,
        1,
        5.422,
        -1.123,
        5.611,
        -2.324,
        5.8,
        -3.432,
        1,
        6.211,
        -5.138,
        6.622,
        -6.451,
        7.033,
        -6.451,
        0,
        8,
        -6.033
      ]
    },
    {
      "Target": "Parameter",
      "Id": "Body_Pose1",
      "Segments": [
        0,
        0,
        2,
        0.8,
        0,
        0,
        1.6,
        -2.529,
        0,
        2.367,
        1.462,
        0,
        3.133,
        0,
        2,
        4.333,
        0,
        0,
        4.9,
        -1.543,
        0,
        5.767,
        0.89,
        0,
        6.533,
        0,
        2,
        8,
        0
      ]
    },
    {
      "Target": "Parameter",
      "Id": "Waist_Roll",
      "Segments": [
        0,
        14.27,
        2,
        1.267,
        14.27,
        0,
        2.533,
        12.83,
        2,
        4.6,
        12.83,
        0,
        5.8,
        14.27,
        2,
        8,
        14.27
      ]
    },
    {
      "Target": "Parameter",
      "Id": "Rbn_Shaking",
      "Segments": [
        0,
        -7.939,
        1,
        0.111,
        -8.113,
        0.222,
        -8.055,
        0.333,
        -6.953,
        1,
        0.578,
        -3.802,
        0.822,
        4.369,
        1.067,
        4.369,
        0,
        1.9,
        -8.895,
        0,
        2.733,
        3.996,
        0,
        3.833,
        -8.895,
        0,
        4.967,
        3.104,
        0,
        6.1,
        -9.296,
        0,
        7.067,
        2.59,
        0,
        8,
        -7.939
      ]
    },
    {
      "Target": "Parameter",
      "Id": "Skirt_Shaking",
      "Segments": [
        0,
        -5.882,
        1,
        0.144,
        -10.771,
        0.289,
        -13.179,
        0.433,
        -13.179,
        0,
        1.6,
        7.912,
        0,
        2.4,
        -4.265,
        0,
        3.467,
        7.912,
        0,
        4.667,
        -4.265,
        0,
        5.767,
        5.577,
        0,
        6.833,
        -8.584,
        0,
        7.633,
        3.016,
        1,
        7.755,
        3.016,
        7.878,
        0.144,
        8,
        -5.882
      ]
    },
    {
      "Target": "Parameter",
      "Id": "Skirt_Shaking02",
      "Segments": [
        0,
        -4.566,
        2,
        2.233,
        -4.566,
        0,
        2.667,
        2.352,
        0,
        3.4,
        -4.566,
        2,
        4.767,
        -4.566,
        0,
        5.233,
        -1.181,
        0,
        5.8,
        -4.566,
        2,
        8,
        -4.566
      ]
    },
    {
      "Target": "Parameter",
      "Id": "Head_AngleX",
      "Segments": [
        0,
        2.16,
        1,
        0.089,
        2.16,
        0.178,
        1.586,
        0.267,
        0.961,
        1,
        0.478,
        -0.524,
        0.689,
        -1.081,
        0.9,
        -1.081,
        0,
        2.9,
        6.066,
        1,
        3.222,
        6.066,
        3.545,
        3.333,
        3.867,
        2.586,
        1,
        4.122,
        1.994,
        4.378,
        2.306,
        4.633,
        1.626,
        1,
        5.011,
        0.621,
        5.389,
        -4.884,
        5.767,
        -4.884,
        1,
        6.289,
        -4.884,
        6.811,
        -2.919,
        7.333,
        0.346,
        1,
        7.555,
        1.736,
        7.778,
        2.16,
        8,
        2.16
      ]
    },
    {
      "Target": "Parameter",
      "Id": "Head_AngleY",
      "Segments": [
        0,
        13.362,
        1,
        0.267,
        13.362,
        0.533,
        13.003,
        0.8,
        7.62,
        1,
        1.056,
        2.461,
        1.311,
        -6.852,
        1.567,
        -6.852,
        1,
        1.645,
        -6.852,
        1.722,
        -7.469,
        1.8,
        -3.075,
        1,
        1.967,
        6.341,
        2.133,
        21.019,
        2.3,
        21.019,
        1,
        2.489,
        21.243,
        2.678,
        3.255,
        2.867,
        -3.255,
        1,
        3.1,
        -9.936,
        3.334,
        -9.593,
        3.567,
        -10.445,
        1,
        4.311,
        -11.649,
        5.056,
        -13.02,
        5.8,
        -9.765,
        1,
        6.044,
        -8.566,
        6.289,
        1.37,
        6.533,
        5.311,
        1,
        7.022,
        13.705,
        7.511,
        13.362,
        8,
        13.362
      ]
    },
    {
      "Target": "Parameter",
      "Id": "Head_Roll",
      "Segments": [
        0,
        -15.06,
        1,
        0.367,
        -15.06,
        0.733,
        -14.9,
        1.1,
        -14.22,
        1,
        1.333,
        -13.788,
        1.567,
        -13.216,
        1.8,
        -12.266,
        1,
        2.033,
        -11.316,
        2.267,
        -7.944,
        2.5,
        -6.974,
        1,
        2.822,
        -5.633,
        3.145,
        -5.455,
        3.467,
        -5.455,
        1,
        3.9,
        -5.455,
        4.334,
        -5.428,
        4.767,
        -6.582,
        1,
        5.267,
        -7.913,
        5.767,
        -13.146,
        6.267,
        -14.05,
        1,
        6.845,
        -15.094,
        7.422,
        -15.06,
        8,
        -15.06
      ]
    },
    {
      "Target": "Parameter",
      "Id": "Rng_RollR",
      "Segments": [
        0,
        3.511,
        0,
        0.5,
        -4.237,
        0,
        1.067,
        3.511,
        0,
        1.733,
        -4.237,
        0,
        2.4,
        3.753,
        0,
        3.167,
        -4.237,
        0,
        3.733,
        3.511,
        0,
        4.4,
        -4.237,
        0,
        5.067,
        3.753,
        0,
        5.833,
        -4.116,
        0,
        6.6,
        3.511,
        0,
        7.333,
        -4.237,
        0,
        8,
        3.511
      ]
    },
    {
      "Target": "Parameter",
      "Id": "Rng_RollL",
      "Segments": [
        0,
        4.963,
        0,
        0.5,
        -3.026,
        0,
        1.067,
        2.542,
        0,
        1.733,
        -2.663,
        0,
        2.4,
        5.568,
        0,
        3.167,
        -3.026,
        0,
        3.733,
        2.542,
        0,
        4.4,
        -2.663,
        0,
        5.067,
        5.568,
        0,
        5.833,
        -2.905,
        0,
        6.6,
        2.542,
        0,
        7.333,
        -2.663,
        0,
        8,
        4.963
      ]
    },
    {
      "Target": "Parameter",
      "Id": "EyeBallX",
      "Segments": [
        0,
        -0.098,
        0,
        1.8,
        0,
        0,
        2.4,
        -0.048,
        0,
        3.333,
        0,
        2,
        5.633,
        0,
        0,
        8,
        -0.098
      ]
    },
    {
      "Target": "Parameter",
      "Id": "EyeBallY",
      "Segments": [
        0,
        -0.032,
        2,
        1.8,
        -0.032,
        0,
        2.4,
        -0.128,
        0,
        3.333,
        0,
        2,
        5.633,
        0,
        0,
        8,
        -0.032
      ]
    },
    {
      "Target": "Parameter",
      "Id": "BrowRY",
      "Segments": [
        0,
        -0.5,
        2,
        1.767,
        -0.5,
        0,
        2.433,
        -0.378,
        0,
        3.167,
        -0.5,
        2,
        8,
        -0.5
      ]
    },
    {
      "Target": "Parameter",
      "Id": "BrowLY",
      "Segments": [
        0,
        -0.74,
        2,
        1.767,
        -0.74,
        0,
        2.433,
        -0.378,
        0,
        3.167,
        -0.74,
        2,
        8,
        -0.74
      ]
    },
    {
      "Target": "Parameter",
      "Id": "BrowR_Angle",
      "Segments": [
        0,
        0.614,
        2,
        1.767,
        0.614,
        0,
        2.433,
        0.246,
        0,
        3.167,
        0.614,
        2,
        8,
        0.614
      ]
    },
    {
      "Target": "Parameter",
      "Id": "BrowL_Angle",
      "Segments": [
        0,
        -0.3,
        2,
        1.767,
        -0.3,
        0,
        2.433,
        -0.104,
        0,
        3.167,
        -0.3,
        2,
        8,
        -0.3
      ]
    },
    {
      "Target": "Parameter",
      "Id": "BrowR_Form",
      "Segments": [
        0,
        -0.788,
        2,
        1.767,
        -0.788,
        0,
        2.433,
        -0.5,
        0,
        3.167,
        -0.788,
        2,
        8,
        -0.788
      ]
    },
    {
      "Target": "Parameter",
      "Id": "BrowL_Form",
      "Segments": [
        0,
        -0.772,
        2,
        1.767,
        -0.772,
        0,
        2.433,
        -0.5,
        0,
        3.167,
        -0.772,
        2,
        8,
        -0.772
      ]
    },
    {
      "Target": "Parameter",
      "Id": "HairSideR_Move",
      "Segments": [
        0,
        0.046,
        1,
        0.189,
        -0.239,
        0.378,
        -0.287,
        0.567,
        -0.287,
        0,
        1.567,
        0.304,
        0,
        2.733,
        -0.274,
        0,
        3.733,
        0.471,
        0,
        4.6,
        -0.086,
        0,
        5.667,
        0.405,
        0,
        6.633,
        -0.29,
        1,
        6.955,
        -0.29,
        7.278,
        0.259,
        7.6,
        0.304,
        1,
        7.733,
        0.304,
        7.867,
        0.271,
        8,
        0.046
      ]
    },
    {
      "Target": "Parameter",
      "Id": "HairSideL_Move",
      "Segments": [
        0,
        0.34,
        1,
        0.222,
        -0.006,
        0.445,
        -0.098,
        0.667,
        -0.098,
        0,
        1.633,
        0.517,
        0,
        2.633,
        -0.148,
        0,
        3.8,
        0.623,
        0,
        4.7,
        -0.012,
        0,
        5.667,
        0.668,
        0,
        6.533,
        -0.049,
        0,
        7.667,
        0.587,
        1,
        7.778,
        0.599,
        7.889,
        0.488,
        8,
        0.34
      ]
    },
    {
      "Target": "Parameter",
      "Id": "HairBack01_Move",
      "Segments": [
        0,
        0.028,
        1,
        0.211,
        -0.277,
        0.422,
        -0.324,
        0.633,
        -0.324,
        0,
        2,
        0.289,
        0,
        3.467,
        -0.241,
        0,
        4.833,
        0.289,
        0,
        6.333,
        -0.241,
        0,
        7.5,
        0.35,
        1,
        7.667,
        0.35,
        7.833,
        0.186,
        8,
        0.028
      ]
    },
    {
      "Target": "Parameter",
      "Id": "HairBack02_Move",
      "Segments": [
        0,
        -20.522,
        0,
        0.867,
        20.252,
        0,
        1.967,
        -16.665,
        0,
        2.933,
        20.252,
        0,
        3.967,
        -16.665,
        0,
        5,
        20.252,
        0,
        6.067,
        -20.729,
        0,
        6.933,
        17.372,
        0,
        8,
        -20.522
      ]
    },
    {
      "Target": "Parameter",
      "Id": "ShoulderRY",
      "Segments": [
        0,
        22,
        2,
        1.167,
        22,
        0,
        2.5,
        15.7,
        2,
        4.7,
        15.7,
        0,
        6.367,
        22,
        2,
        8,
        22
      ]
    },
    {
      "Target": "Parameter",
      "Id": "ShoulderLY",
      "Segments": [
        0,
        16.137,
        1,
        0.056,
        16.994,
        0.111,
        16.896,
        0.167,
        16.896,
        0,
        1,
        11.653,
        0,
        1.967,
        19.253,
        1,
        2.345,
        19.253,
        2.722,
        14.932,
        3.1,
        14.524,
        1,
        3.456,
        14.139,
        3.811,
        14.223,
        4.167,
        14.223,
        2,
        5.3,
        14.223,
        1,
        5.656,
        14.223,
        6.011,
        14.023,
        6.367,
        13.514,
        1,
        6.667,
        13.084,
        6.967,
        12.806,
        7.267,
        12.806,
        1,
        7.511,
        12.806,
        7.756,
        14.232,
        8,
        16.137
      ]
    },
    {
      "Target": "Parameter",
      "Id": "ShoulderR_Roll",
      "Segments": [
        0,
        -38.8,
        1,
        0.389,
        -38.8,
        0.778,
        -38.78,
        1.167,
        -38.85,
        1,
        1.611,
        -38.93,
        2.056,
        -41.86,
        2.5,
        -41.86,
        2,
        4.7,
        -41.86,
        1,
        5.256,
        -41.86,
        5.811,
        -38.918,
        6.367,
        -38.85,
        1,
        6.911,
        -38.784,
        7.456,
        -38.8,
        8,
        -38.8
      ]
    },
    {
      "Target": "Parameter",
      "Id": "ShoulderL_Roll",
      "Segments": [
        0,
        1.829,
        0,
        1.033,
        2.67,
        0,
        2.767,
        0.244,
        1,
        3.378,
        0.244,
        3.989,
        0.241,
        4.6,
        0.339,
        1,
        5.2,
        0.436,
        5.8,
        0.679,
        6.4,
        0.993,
        1,
        6.933,
        1.273,
        7.467,
        1.829,
        8,
        1.829
      ]
    },
    {
      "Target": "Parameter",
      "Id": "ArmR_Roll",
      "Segments": [
        0,
        96.3,
        0,
        1.167,
        96.27,
        1,
        1.611,
        96.27,
        2.056,
        103.329,
        2.5,
        103.377,
        1,
        3.233,
        103.455,
        3.967,
        103.451,
        4.7,
        103.451,
        0,
        6.367,
        96.27,
        0,
        8,
        96.3
      ]
    },
    {
      "Target": "Parameter",
      "Id": "ArmL_Roll",
      "Segments": [
        0,
        13.1,
        1,
        0.167,
        13.555,
        0.333,
        13.809,
        0.5,
        13.809,
        0,
        1.433,
        11.567,
        0,
        2.433,
        13.833,
        0,
        3.5,
        12.678,
        0,
        4.667,
        14.541,
        0,
        5.6,
        11.736,
        0,
        6.533,
        16.651,
        1,
        6.811,
        16.651,
        7.089,
        13.28,
        7.367,
        12.914,
        1,
        7.578,
        12.66,
        7.789,
        12.798,
        8,
        13.1
      ]
    },
    {
      "Target": "Parameter",
      "Id": "ArmR_Form",
      "Segments": [
        0,
        0,
        2,
        1.167,
        0,
        0,
        2.5,
        -2.02,
        1,
        3.233,
        -2.02,
        3.967,
        -2.021,
        4.7,
        -2.016,
        1,
        5.256,
        -2.012,
        5.811,
        0,
        6.367,
        0,
        2,
        8,
        0
      ]
    },
    {
      "Target": "Parameter",
      "Id": "ArmR_Form2",
      "Segments": [
        0,
        -21,
        2,
        1.167,
        -21,
        0,
        2.5,
        -16.496,
        2,
        4.7,
        -16.496,
        0,
        6.367,
        -21,
        0,
        8,
        -20.97
      ]
    },
    {
      "Target": "Parameter",
      "Id": "HandR_Roll",
      "Segments": [
        0,
        -20.54,
        2,
        1.167,
        -20.54,
        0,
        2.5,
        -22.858,
        2,
        4.7,
        -22.858,
        0,
        6.367,
        -20.54,
        2,
        8,
        -20.54
      ]
    },
    {
      "Target": "Parameter",
      "Id": "HandL_Roll",
      "Segments": [
        0,
        2.611,
        1,
        0.222,
        2.947,
        0.445,
        4.299,
        0.667,
        4.299,
        1,
        1,
        4.299,
        1.334,
        0.817,
        1.667,
        0.632,
        0,
        2.667,
        4.698,
        0,
        3.633,
        0.729,
        0,
        4.7,
        4.844,
        0,
        5.867,
        1.478,
        0,
        6.9,
        4.333,
        0,
        7.533,
        2.043,
        1,
        7.689,
        2.043,
        7.844,
        2.334,
        8,
        2.611
      ]
    },
    {
      "Target": "Parameter",
      "Id": "LegR_Roll",
      "Segments": [
        0,
        11,
        2,
        1.033,
        11,
        0,
        2.333,
        6.62,
        2,
        4.6,
        6.62,
        0,
        6.367,
        11,
        2,
        8,
        11
      ]
    },
    {
      "Target": "Parameter",
      "Id": "LegL_Roll",
      "Segments": [
        0,
        30,
        2,
        1.167,
        30,
        0,
        2.5,
        25.02,
        2,
        4.7,
        25.02,
        0,
        6.367,
        30,
        2,
        8,
        30
      ]
    },
    {
      "Target": "PartOpacity",
      "Id": "Part",
      "Segments": [
        0,
        1,
        2,
        8,
        1
      ]
    },
    {
      "Target": "PartOpacity",
      "Id": "Part22",
      "Segments": [
        0,
        0,
        2,
        8,
        0
      ]
    },
    {
      "Target": "PartOpacity",
      "Id": "Part2",
      "Segments": [
        0,
        1,
        2,
        8,
        1
      ]
    },
    {
      "Target": "PartOpacity",
      "Id": "Part3",
      "Segments": [
        0,
        1,
        2,
        8,
        1
      ]
    },
    {
      "Target": "PartOpacity",
      "Id": "Part5",
      "Segments": [
        0,
        1,
        2,
        8,
        1
      ]
    },
    {
      "Target": "PartOpacity",
      "Id": "Part8",
      "Segments": [
        0,
        0,
        2,
        8,
        0
      ]
    },
    {
      "Target": "PartOpacity",
      "Id": "Part26",
      "Segments": [
        0,
        0,
        2,
        8,
        0
      ]
    },
    {
      "Target": "PartOpacity",
      "Id": "Part7",
      "Segments": [
        0,
        1,
        2,
        8,
        1
      ]
    },
    {
      "Target": "PartOpacity",
      "Id": "Part27",
      "Segments": [
        0,
        0,
        2,
        8,
        0
      ]
    },
    {
      "Target": "PartOpacity",
      "Id": "Part9",
      "Segments": [
        0,
        1,
        2,
        8,
        1
      ]
    },
    {
      "Target": "PartOpacity",
      "Id": "Part28",
      "Segments": [
        0,
        1,
        2,
        8,
        1
      ]
    },
    {
      "Target": "PartOpacity",
      "Id": "Part29",
      "Segments": [
        0,
        1,
        2,
        8,
        1
      ]
    },
    {
      "Target": "PartOpacity",
      "Id": "Part6",
      "Segments": [
        0,
        1,
        2,
        8,
        1
      ]
    },
    {
      "Target": "PartOpacity",
      "Id": "Part10",
      "Segments": [
        0,
        0,
        2,
        8,
        0
      ]
    },
    {
      "Target": "PartOpacity",
      "Id": "Part25",
      "Segments": [
        0,
        1,
        2,
        8,
        1
      ]
    },
    {
      "Target": "PartOpacity",
      "Id": "Part20",
      "Segments": [
        0,
        1,
        2,
        8,
        1
      ]
    },
    {
      "Target": "PartOpacity",
      "Id": "Part19",
      "Segments": [
        0,
        1,
        2,
        8,
        1
      ]
    },
    {
      "Target": "PartOpacity",
      "Id": "Part16",
      "Segments": [
        0,
        1,
        2,
        8,
        1
      ]
    },
    {
      "Target": "PartOpacity",
      "Id": "Part11",
      "Segments": [
        0,
        1,
        2,
        8,
        1
      ]
    },
    {
      "Target": "PartOpacity",
      "Id": "Part14",
      "Segments": [
        0,
        1,
        2,
        8,
        1
      ]
    },
    {
      "Target": "PartOpacity",
      "Id": "Part23",
      "Segments": [
        0,
        1,
        2,
        8,
        1
      ]
    },
    {
      "Target": "PartOpacity",
      "Id": "Part24",
      "Segments": [
        0,
        1,
        2,
        8,
        1
      ]
    },
    {
      "Target": "PartOpacity",
      "Id": "Part13",
      "Segments": [
        0,
        0,
        2,
        8,
        0
      ]
    },
    {
      "Target": "PartOpacity",
      "Id": "Part17",
      "Segments": [
        0,
        0,
        2,
        8,
        0
      ]
    },
    {
      "Target": "PartOpacity",
      "Id": "Part18",
      "Segments": [
        0,
        1,
        2,
        8,
        1
      ]
    },
    {
      "Target": "PartOpacity",
      "Id": "Part21",
      "Segments": [
        0,
        1,
        2,
        8,
        1
      ]
    },
    {
      "Target": "PartOpacity",
      "Id": "Part12",
      "Segments": [
        0,
        1,
        2,
        8,
        1
      ]
    },
    {
      "Target": "PartOpacity",
      "Id": "Part15",
      "Segments": [
        0,
        1,
        2,
        8,
        1
      ]
    },
    {
      "Target": "PartOpacity",
      "Id": "Part4",
      "Segments": [
        0,
        1,
        2,
        8,
        1
      ]
    },
    {
      "Target": "Parameter",
      "Id": "BodyPoX",
      "Segments": [
        0,
        0,
        0,
        8,
        0
      ]
    },
    {
      "Target": "Parameter",
      "Id": "BodyY",
      "Segments": [
        0,
        0,
        0,
        8,
        0
      ]
    },
    {
      "Target": "Parameter",
      "Id": "Body_Form",
      "Segments": [
        0,
        0,
        0,
        8,
        0
      ]
    },
    {
      "Target": "Parameter",
      "Id": "Shoulder_Move",
      "Segments": [
        0,
        0,
        0,
        8,
        0
      ]
    },
    {
      "Target": "Parameter",
      "Id": "Arm_Form",
      "Segments": [
        0,
        0,
        0,
        8,
        0
      ]
    },
    {
      "Target": "Parameter",
      "Id": "Head_RollY",
      "Segments": [
        0,
        0,
        0,
        8,
        0
      ]
    },
    {
      "Target": "Parameter",
      "Id": "MouthForm2",
      "Segments": [
        0,
        0,
        0,
        8,
        0
      ]
    },
    {
      "Target": "Parameter",
      "Id": "MouthY",
      "Segments": [
        0,
        0,
        0,
        8,
        0
      ]
    },
    {
      "Target": "Parameter",
      "Id": "MouthForm",
      "Segments": [
        0,
        -0.9,
        0,
        8,
        -0.9
      ]
    },
    {
      "Target": "Parameter",
      "Id": "Mouth_Open",
      "Segments": [
        0,
        0.7,
        0,
        8,
        0.7
      ]
    },
    {
      "Target": "Parameter",
      "Id": "Mouth_Size",
      "Segments": [
        0,
        0.7,
        0,
        8,
        0.7
      ]
    },
    {
      "Target": "Parameter",
      "Id": "EyeBall_size",
      "Segments": [
        0,
        0,
        0,
        8,
        0
      ]
    },
    {
      "Target": "Parameter",
      "Id": "Brow_Form",
      "Segments": [
        0,
        -30,
        0,
        8,
        -30
      ]
    },
    {
      "Target": "Parameter",
      "Id": "BrowR_Form2",
      "Segments": [
        0,
        0,
        0,
        8,
        0
      ]
    },
    {
      "Target": "Parameter",
      "Id": "BrowL_Form2",
      "Segments": [
        0,
        0,
        0,
        8,
        0
      ]
    },
    {
      "Target": "Parameter",
      "Id": "EyeR_Open",
      "Segments": [
        0,
        1,
        0,
        8,
        1
      ]
    },
    {
      "Target": "Parameter",
      "Id": "EyeL_Open",
      "Segments": [
        0,
        1,
        0,
        8,
        1
      ]
    },
    {
      "Target": "Parameter",
      "Id": "EyeR_Smile",
      "Segments": [
        0,
        0.8,
        0,
        8,
        0.8
      ]
    },
    {
      "Target": "Parameter",
      "Id": "EyeL_Smile",
      "Segments": [
        0,
        0.8,
        0,
        8,
        0.8
      ]
    },
    {
      "Target": "Parameter",
      "Id": "ArmL_Form",
      "Segments": [
        0,
        0,
        0,
        8,
        0
      ]
    },
    {
      "Target": "Parameter",
      "Id": "ArmL_Form2",
      "Segments": [
        0,
        -3,
        0,
        8,
        -3
      ]
    },
    {
      "Target": "Parameter",
      "Id": "ArmR_Sup_Form",
      "Segments": [
        0,
        -30,
        0,
        8,
        -30
      ]
    },
    {
      "Target": "Parameter",
      "Id": "ArmL_Sup_Form",
      "Segments": [
        0,
        0,
        0,
        8,
        0
      ]
    },
    {
      "Target": "Parameter",
      "Id": "HandR_move",
      "Segments": [
        0,
        0,
        0,
        8,
        0
      ]
    },
    {
      "Target": "Parameter",
      "Id": "HandL_move",
      "Segments": [
        0,
        0,
        0,
        8,
        0
      ]
    }
  ],
  "UserData": [
    {
      "Time": 0.0,
      "Value": ""
    }
  ]
}