{
  "Version": 3,
  "Meta": {
    "Duration": 8.0,
    "Fps": 30.0,
    "Loop": true,
    "AreBeziersRestricted": true,
    "CurveCount": 54,
    "TotalSegmentCount": 195,
    "TotalPointCount": 311,
    "UserDataCount": 1,
    "TotalUserDataSize": 0
  },
  "Curves": [
    {
      "Target": "Parameter",
      "Id": "EyeL_Open",
      "Segments": [
        0,
        1.1,
        2,
        2.267,
        1.1,
        0,
        2.867,
        0,
        2,
        5.3,
        0,
        0,
        5.867,
        1.1,
        2,
        8,
        1.1
      ]
    },
    {
      "Target": "Parameter",
      "Id": "EyeR_Open",
      "Segments": [
        0,
        1.1,
        2,
        2.267,
        1.1,
        0,
        2.867,
        0,
        2,
        5.3,
        0,
        0,
        5.867,
        1.1,
        2,
        8,
        1.1
      ]
    },
    {
      "Target": "Parameter",
      "Id": "EyeBallX",
      "Segments": [
        0,
        0.056,
        0,
        1.2,
        0,
        2,
        2.2,
        0,
        0,
        3.4,
        0.116,
        2,
        4.667,
        0.116,
        0,
        8,
        0.056
      ]
    },
    {
      "Target": "Parameter",
      "Id": "EyeBallY",
      "Segments": [
        0,
        0.436,
        0,
        1.2,
        0.2,
        2,
        2.2,
        0.2,
        0,
        3.4,
        0.442,
        2,
        4.667,
        0.442,
        0,
        8,
        0.436
      ]
    },
    {
      "Target": "Parameter",
      "Id": "HeadX",
      "Segments": [
        0,
        6.06,
        0,
        1.567,
        9.18,
        1,
        1.834,
        9.18,
        2.1,
        9.226,
        2.367,
        8.99,
        1,
        2.834,
        8.577,
        3.3,
        7.127,
        3.767,
        6.531,
        1,
        4,
        6.233,
        4.234,
        6.207,
        4.467,
        5.953,
        1,
        4.956,
        5.42,
        5.444,
        5.01,
        5.933,
        5.01,
        0,
        8,
        6.06
      ]
    },
    {
      "Target": "Parameter",
      "Id": "HeadY",
      "Segments": [
        0,
        2.88,
        0,
        1.2,
        11.94,
        1,
        1.533,
        11.94,
        1.867,
        12.113,
        2.2,
        11.202,
        1,
        2.556,
        10.231,
        2.911,
        -0.149,
        3.267,
        -4.018,
        1,
        3.578,
        -7.404,
        3.889,
        -8.03,
        4.2,
        -8.03,
        1,
        4.833,
        -8.03,
        5.467,
        -6.92,
        6.1,
        -3.359,
        1,
        6.733,
        0.202,
        7.367,
        2.88,
        8,
        2.88
      ]
    },
    {
      "Target": "Parameter",
      "Id": "NeckZ",
      "Segments": [
        0,
        -0.12,
        0,
        1.667,
        0.78,
        2,
        2.3,
        0.78,
        1,
        2.611,
        0.78,
        2.922,
        -1.62,
        3.233,
        -2.16,
        1,
        3.566,
        -2.739,
        3.9,
        -2.679,
        4.233,
        -2.679,
        1,
        4.922,
        -2.679,
        5.611,
        -2.355,
        6.3,
        -1.618,
        1,
        6.644,
        -1.25,
        6.989,
        -0.771,
        7.333,
        -0.415,
        1,
        7.555,
        -0.184,
        7.778,
        -0.12,
        8,
        -0.12
      ]
    },
    {
      "Target": "Parameter",
      "Id": "BodyX",
      "Segments": [
        0,
        -0.86,
        0,
        1.667,
        1.33,
        1,
        1.845,
        1.33,
        2.022,
        1.347,
        2.2,
        1.237,
        1,
        2.422,
        1.099,
        2.645,
        0.951,
        2.867,
        0.151,
        1,
        3.389,
        -1.729,
        3.911,
        -5.709,
        4.433,
        -5.709,
        1,
        4.978,
        -5.709,
        5.522,
        -3.89,
        6.067,
        -2.599,
        1,
        6.711,
        -1.071,
        7.356,
        -0.86,
        8,
        -0.86
      ]
    },
    {
      "Target": "Parameter",
      "Id": "BodyY",
      "Segments": [
        0,
        1.3,
        0,
        0.967,
        4.16,
        1,
        1.378,
        4.16,
        1.789,
        4.066,
        2.2,
        3.771,
        1,
        2.456,
        3.588,
        2.711,
        3.498,
        2.967,
        3.068,
        1,
        3.245,
        2.601,
        3.522,
        0,
        3.8,
        0,
        0,
        6.167,
        0.67,
        0,
        7.1,
        0.49,
        0,
        8,
        1.3
      ]
    },
    {
      "Target": "Parameter",
      "Id": "BodyZ",
      "Segments": [
        0,
        1.5,
        1,
        0.344,
        1.5,
        0.689,
        1.599,
        1.033,
        1.888,
        1,
        1.244,
        2.065,
        1.456,
        2.217,
        1.667,
        2.217,
        1,
        1.845,
        2.217,
        2.022,
        2.219,
        2.2,
        2.175,
        1,
        2.467,
        2.108,
        2.733,
        2.066,
        3,
        1.842,
        1,
        3.4,
        1.505,
        3.8,
        0.253,
        4.2,
        0.253,
        1,
        4.556,
        0.253,
        4.911,
        0.851,
        5.267,
        0.882,
        1,
        5.834,
        0.931,
        6.4,
        0.927,
        6.967,
        0.975,
        1,
        7.311,
        1.005,
        7.656,
        1.5,
        8,
        1.5
      ]
    },
    {
      "Target": "Parameter",
      "Id": "BodyUpper",
      "Segments": [
        0,
        1.9,
        1,
        0.556,
        1.9,
        1.111,
        3.386,
        1.667,
        4.98,
        1,
        2.022,
        6,
        2.378,
        6.114,
        2.733,
        6.114,
        1,
        2.878,
        6.114,
        3.022,
        5.74,
        3.167,
        4.835,
        1,
        3.345,
        3.72,
        3.522,
        2.365,
        3.7,
        1.314,
        1,
        3.867,
        0.329,
        4.033,
        -0.015,
        4.2,
        -0.015,
        1,
        4.867,
        -0.015,
        5.533,
        0.615,
        6.2,
        1.24,
        1,
        6.8,
        1.804,
        7.4,
        1.9,
        8,
        1.9
      ]
    },
    {
      "Target": "Parameter",
      "Id": "Breath",
      "Segments": [
        0,
        0,
        0,
        2,
        0.5,
        0,
        4,
        0,
        0,
        6,
        0.5,
        0,
        8,
        0
      ]
    },
    {
      "Target": "Parameter",
      "Id": "ShoulderL_Move",
      "Segments": [
        0,
        -0.085,
        1,
        0.244,
        -0.085,
        0.489,
        0.372,
        0.733,
        1.017,
        1,
        1.011,
        1.75,
        1.289,
        2.01,
        1.567,
        2.01,
        0,
        3,
        -0.897,
        1,
        3.311,
        -0.897,
        3.622,
        -0.624,
        3.933,
        -0.137,
        1,
        4.255,
        0.367,
        4.578,
        0.592,
        4.9,
        0.592,
        0,
        6.7,
        -1.551,
        0,
        8,
        -0.085
      ]
    },
    {
      "Target": "Parameter",
      "Id": "ShoulderR_Move",
      "Segments": [
        0,
        7.735,
        2,
        2.533,
        7.735,
        0,
        3.867,
        8.71,
        0,
        5.433,
        7.735,
        2,
        8,
        7.735
      ]
    },
    {
      "Target": "Parameter",
      "Id": "ShoulderL_Roll",
      "Segments": [
        0,
        4.1,
        0,
        1.4,
        10.464,
        1,
        1.844,
        10.464,
        2.289,
        10.239,
        2.733,
        9.007,
        1,
        3.133,
        7.899,
        3.533,
        5.903,
        3.933,
        4.271,
        1,
        4.355,
        2.548,
        4.778,
        1.602,
        5.2,
        1.602,
        2,
        6.467,
        1.602,
        0,
        8,
        4.1
      ]
    },
    {
      "Target": "Parameter",
      "Id": "ElbowL_Roll",
      "Segments": [
        0,
        -0.8,
        1,
        0.378,
        -0.8,
        0.755,
        -0.818,
        1.133,
        -0.695,
        1,
        1.444,
        -0.593,
        1.756,
        1.349,
        2.067,
        1.349,
        1,
        2.389,
        1.349,
        2.711,
        0.912,
        3.033,
        0.168,
        1,
        3.333,
        -0.525,
        3.633,
        -0.813,
        3.933,
        -0.813,
        0,
        6.367,
        1.02,
        0,
        8,
        -0.8
      ]
    },
    {
      "Target": "Parameter",
      "Id": "ShoulderR_Roll",
      "Segments": [
        0,
        -26.868,
        0,
        1.733,
        -24.948,
        1,
        1.933,
        -24.948,
        2.133,
        -24.898,
        2.333,
        -25.249,
        1,
        2.689,
        -25.873,
        3.044,
        -26.868,
        3.4,
        -26.868,
        1,
        3.578,
        -26.868,
        3.755,
        -26.915,
        3.933,
        -26.736,
        1,
        4.6,
        -26.065,
        5.266,
        -25.342,
        5.933,
        -25.342,
        0,
        8,
        -26.868
      ]
    },
    {
      "Target": "Parameter",
      "Id": "ElbowR_Roll",
      "Segments": [
        0,
        -25.548,
        0,
        0.733,
        -25.595,
        1,
        1.144,
        -25.595,
        1.556,
        -25.401,
        1.967,
        -25.218,
        1,
        2.222,
        -25.105,
        2.478,
        -25.1,
        2.733,
        -25.1,
        1,
        3.066,
        -25.1,
        3.4,
        -25.326,
        3.733,
        -25.683,
        1,
        3.866,
        -25.826,
        4,
        -25.862,
        4.133,
        -25.862,
        1,
        4.666,
        -25.862,
        5.2,
        -25.612,
        5.733,
        -25.428,
        1,
        6.011,
        -25.333,
        6.289,
        -25.344,
        6.567,
        -25.344,
        0,
        8,
        -25.548
      ]
    },
    {
      "Target": "Parameter",
      "Id": "HairFront_Shaking",
      "Segments": [
        0,
        0,
        0,
        0.6,
        0.049,
        0,
        1.233,
        -0.099,
        0,
        1.767,
        0.004,
        0,
        2.3,
        -0.014,
        0,
        2.867,
        0.113,
        0,
        3.6,
        -0.115,
        0,
        4.167,
        0.094,
        0,
        4.667,
        0,
        0,
        4.8,
        0.041,
        0,
        5.1,
        0.01,
        0,
        5.433,
        0.021,
        0,
        7.067,
        -0.029,
        0,
        7.333,
        -0.027,
        0,
        7.467,
        -0.065,
        0,
        7.867,
        -0.008,
        2,
        7.9,
        -0.008,
        0,
        8,
        0
      ]
    },
    {
      "Target": "Parameter",
      "Id": "HairSide_Shaking",
      "Segments": [
        0,
        0,
        0,
        0.6,
        0.033,
        0,
        1.233,
        -0.066,
        0,
        1.767,
        0.003,
        0,
        2.3,
        -0.009,
        0,
        2.867,
        0.075,
        0,
        3.6,
        -0.077,
        0,
        4.167,
        0.063,
        0,
        4.667,
        0,
        0,
        4.8,
        0.028,
        0,
        5.1,
        0.006,
        0,
        5.433,
        0.014,
        0,
        7.067,
        -0.019,
        0,
        7.333,
        -0.018,
        0,
        7.467,
        -0.044,
        0,
        7.867,
        -0.005,
        2,
        7.9,
        -0.005,
        0,
        8,
        0
      ]
    },
    {
      "Target": "Parameter",
      "Id": "HairUnder_Shaking",
      "Segments": [
        0,
        0,
        0,
        0.6,
        0.049,
        0,
        1.233,
        -0.099,
        0,
        1.767,
        0.004,
        0,
        2.3,
        -0.014,
        0,
        2.867,
        0.113,
        0,
        3.6,
        -0.115,
        0,
        4.167,
        0.094,
        0,
        4.667,
        0,
        0,
        4.8,
        0.041,
        0,
        5.1,
        0.01,
        0,
        5.433,
        0.021,
        0,
        7.067,
        -0.029,
        0,
        7.333,
        -0.027,
        0,
        7.467,
        -0.065,
        0,
        7.867,
        -0.008,
        2,
        7.9,
        -0.008,
        0,
        8,
        0
      ]
    },
    {
      "Target": "Parameter",
      "Id": "Param3",
      "Segments": [
        0,
        0,
        2,
        3,
        0,
        0,
        4.2,
        2,
        0,
        8,
        0
      ]
    },
    {
      "Target": "Parameter",
      "Id": "BrowLY",
      "Segments": [
        0,
        0.2,
        0,
        8,
        0.2
      ]
    },
    {
      "Target": "Parameter",
      "Id": "BrowRY",
      "Segments": [
        0,
        0.2,
        0,
        8,
        0.2
      ]
    },
    {
      "Target": "Parameter",
      "Id": "BrowLX",
      "Segments": [
        0,
        0.2,
        0,
        8,
        0.2
      ]
    },
    {
      "Target": "Parameter",
      "Id": "BrowRX",
      "Segments": [
        0,
        0.392,
        0,
        8,
        0.392
      ]
    },
    {
      "Target": "Parameter",
      "Id": "BrowL_Angle",
      "Segments": [
        0,
        0.532,
        0,
        8,
        0.532
      ]
    },
    {
      "Target": "Parameter",
      "Id": "BrowR_Angle",
      "Segments": [
        0,
        0.532,
        0,
        8,
        0.532
      ]
    },
    {
      "Target": "Parameter",
      "Id": "BrowL_Form",
      "Segments": [
        0,
        0.3,
        0,
        8,
        0.3
      ]
    },
    {
      "Target": "Parameter",
      "Id": "BrowR_Form",
      "Segments": [
        0,
        0.4,
        0,
        8,
        0.4
      ]
    },
    {
      "Target": "Parameter",
      "Id": "EyeL_Smile",
      "Segments": [
        0,
        1,
        0,
        8,
        1
      ]
    },
    {
      "Target": "Parameter",
      "Id": "EyeR_Smile",
      "Segments": [
        0,
        1,
        0,
        8,
        1
      ]
    },
    {
      "Target": "Parameter",
      "Id": "EyeBall_Size",
      "Segments": [
        0,
        0,
        0,
        8,
        0
      ]
    },
    {
      "Target": "Parameter",
      "Id": "Mouth_Form",
      "Segments": [
        0,
        1,
        0,
        8,
        1
      ]
    },
    {
      "Target": "Parameter",
      "Id": "Mouth_Open",
      "Segments": [
        0,
        1,
        0,
        8,
        1
      ]
    },
    {
      "Target": "Parameter",
      "Id": "Teeth01",
      "Segments": [
        0,
        1,
        0,
        8,
        1
      ]
    },
    {
      "Target": "Parameter",
      "Id": "Mouth_Size",
      "Segments": [
        0,
        0.8,
        0,
        8,
        0.8
      ]
    },
    {
      "Target": "Parameter",
      "Id": "HandL_Roll",
      "Segments": [
        0,
        0,
        0,
        8,
        0
      ]
    },
    {
      "Target": "Parameter",
      "Id": "Param2",
      "Segments": [
        0,
        0,
        0,
        8,
        0
      ]
    },
    {
      "Target": "Parameter",
      "Id": "Arm01L_Strech",
      "Segments": [
        0,
        0,
        0,
        8,
        0
      ]
    },
    {
      "Target": "Parameter",
      "Id": "Arm02L_Strech",
      "Segments": [
        0,
        -0.92,
        0,
        8,
        -0.92
      ]
    },
    {
      "Target": "Parameter",
      "Id": "HandL_Strech",
      "Segments": [
        0,
        0,
        0,
        8,
        0
      ]
    },
    {
      "Target": "Parameter",
      "Id": "HandL01",
      "Segments": [
        0,
        1,
        0,
        8,
        1
      ]
    },
    {
      "Target": "Parameter",
      "Id": "HandL02",
      "Segments": [
        0,
        0,
        0,
        8,
        0
      ]
    },
    {
      "Target": "Parameter",
      "Id": "HandR_Roll",
      "Segments": [
        0,
        3,
        0,
        8,
        3
      ]
    },
    {
      "Target": "Parameter",
      "Id": "Param",
      "Segments": [
        0,
        0,
        0,
        8,
        0
      ]
    },
    {
      "Target": "Parameter",
      "Id": "Arm01R_Strech",
      "Segments": [
        0,
        -4.42,
        0,
        8,
        -4.42
      ]
    },
    {
      "Target": "Parameter",
      "Id": "Arm02R_Strech",
      "Segments": [
        0,
        0,
        0,
        8,
        0
      ]
    },
    {
      "Target": "Parameter",
      "Id": "HandR01",
      "Segments": [
        0,
        0,
        0,
        8,
        0
      ]
    },
    {
      "Target": "Parameter",
      "Id": "HandR02",
      "Segments": [
        0,
        1,
        0,
        8,
        1
      ]
    },
    {
      "Target": "Parameter",
      "Id": "Param4",
      "Segments": [
        0,
        0,
        0,
        8,
        0
      ]
    },
    {
      "Target": "Parameter",
      "Id": "ALLX",
      "Segments": [
        0,
        0,
        0,
        8,
        0
      ]
    },
    {
      "Target": "Parameter",
      "Id": "ALLY",
      "Segments": [
        0,
        0,
        0,
        8,
        0
      ]
    },
    {
      "Target": "Parameter",
      "Id": "ALLZ",
      "Segments": [
        0,
        0,
        0,
        8,
        0
      ]
    }
  ],
  "UserData": [
    {
      "Time": 0.0,
      "Value": ""
    }
  ]
}