{
  "Version": 3,
  "Meta": {
    "Duration": 8.0,
    "Fps": 30.0,
    "Loop": true,
    "AreBeziersRestricted": true,
    "CurveCount": 54,
    "TotalSegmentCount": 136,
    "TotalPointCount": 174,
    "UserDataCount": 1,
    "TotalUserDataSize": 0
  },
  "Curves": [
    {
      "Target": "Parameter",
      "Id": "EyeBallY",
      "Segments": [
        0,
        0.4,
        0,
        1.6,
        0.2,
        1,
        2.1,
        0.2,
        2.6,
        0.276,
        3.1,
        0.4,
        1,
        3.4,
        0.474,
        3.7,
        0.5,
        4,
        0.5,
        0,
        5.133,
        0.3,
        0,
        8,
        0.4
      ]
    },
    {
      "Target": "Parameter",
      "Id": "HeadX",
      "Segments": [
        0,
        9.9,
        0,
        1.1,
        12,
        0,
        2.967,
        2,
        0,
        4.867,
        11,
        0,
        6.8,
        4,
        0,
        8,
        9.9
      ]
    },
    {
      "Target": "Parameter",
      "Id": "NeckZ",
      "Segments": [
        0,
        -2.247,
        0,
        1.1,
        -3.41,
        0,
        2.967,
        -1.127,
        0,
        4.867,
        -3.41,
        0,
        6.3,
        -1.422,
        1,
        6.656,
        -1.422,
        7.011,
        -1.593,
        7.367,
        -1.938,
        1,
        7.578,
        -2.143,
        7.789,
        -2.247,
        8,
        -2.247
      ]
    },
    {
      "Target": "Parameter",
      "Id": "BodyX",
      "Segments": [
        0,
        3.895,
        0,
        1.1,
        4.337,
        0,
        2.967,
        2.11,
        0,
        4.867,
        4.337,
        0,
        6.8,
        2.296,
        0,
        8,
        3.895
      ]
    },
    {
      "Target": "Parameter",
      "Id": "BodyZ",
      "Segments": [
        0,
        -0.251,
        0,
        1.667,
        -0.117,
        0,
        3.067,
        -2,
        1,
        3.422,
        -2,
        3.778,
        -1.693,
        4.133,
        -0.9,
        1,
        4.4,
        -0.305,
        4.666,
        0.101,
        4.933,
        0.101,
        1,
        5.222,
        0.101,
        5.511,
        -0.373,
        5.8,
        -0.9,
        1,
        6.256,
        -1.731,
        6.711,
        -2,
        7.167,
        -2,
        0,
        8,
        -0.25
      ]
    },
    {
      "Target": "Parameter",
      "Id": "BodyUpper",
      "Segments": [
        0,
        0,
        0,
        1.067,
        4.97,
        0,
        2.767,
        0,
        1,
        2.856,
        0,
        2.944,
        0.118,
        3.033,
        0.4,
        1,
        3.044,
        0.435,
        3.056,
        0.521,
        3.067,
        0.6,
        1,
        3.478,
        3.519,
        3.889,
        5,
        4.3,
        5,
        0,
        5.667,
        0.123,
        0,
        6.733,
        4.97,
        0,
        8,
        0
      ]
    },
    {
      "Target": "Parameter",
      "Id": "Breath",
      "Segments": [
        0,
        0,
        0,
        0.833,
        0.5,
        0,
        2.033,
        0,
        0,
        3.6,
        0.5,
        2,
        4.833,
        0.5,
        0,
        6.033,
        0,
        0,
        7.233,
        0.5,
        0,
        8,
        0
      ]
    },
    {
      "Target": "Parameter",
      "Id": "ShoulderL_Move",
      "Segments": [
        0,
        1.08,
        0,
        0.6,
        0.767,
        2,
        2.133,
        0.767,
        2,
        2.833,
        0.767,
        0,
        4.567,
        1.428,
        2,
        6.133,
        1.428,
        0,
        8,
        1.08
      ]
    },
    {
      "Target": "Parameter",
      "Id": "ShoulderR_Move",
      "Segments": [
        0,
        1.099,
        1,
        0.2,
        1.099,
        0.4,
        1.235,
        0.6,
        1.269,
        1,
        1.111,
        1.357,
        1.622,
        1.372,
        2.133,
        1.372,
        2,
        2.833,
        1.372,
        0,
        6.133,
        0.556,
        0,
        8,
        1.099
      ]
    },
    {
      "Target": "Parameter",
      "Id": "ShoulderL_Roll",
      "Segments": [
        0,
        0,
        0,
        1.1,
        0.75,
        0,
        2.967,
        -0.563,
        0,
        4.867,
        1.02,
        0,
        6.8,
        -0.563,
        0,
        8,
        0
      ]
    },
    {
      "Target": "Parameter",
      "Id": "ElbowL_Roll",
      "Segments": [
        0,
        0,
        0,
        1.167,
        0.6,
        0,
        3.033,
        -0.26,
        0,
        4.933,
        0.8,
        0,
        6.867,
        -0.26,
        1,
        7.245,
        -0.26,
        7.622,
        0.096,
        8,
        0
      ]
    },
    {
      "Target": "Parameter",
      "Id": "HandL_Roll",
      "Segments": [
        0,
        0,
        2,
        4.067,
        0,
        0,
        5,
        0.41,
        0,
        6.9,
        -0.57,
        0,
        8,
        0
      ]
    },
    {
      "Target": "Parameter",
      "Id": "ShoulderR_Roll",
      "Segments": [
        0,
        -1.975,
        0,
        1.1,
        -2.211,
        0,
        2.967,
        -1.735,
        0,
        4.867,
        -2.211,
        2,
        5.633,
        -2.211,
        0,
        6.8,
        -1.461,
        0,
        8,
        -1.975
      ]
    },
    {
      "Target": "Parameter",
      "Id": "ElbowR_Roll",
      "Segments": [
        0,
        2.427,
        1,
        0.367,
        2.43,
        0.733,
        2.8,
        1.1,
        2.8,
        0,
        2.967,
        2.264,
        0,
        4.867,
        2.8,
        2,
        5.633,
        2.8,
        0,
        6.8,
        2.246,
        0,
        8,
        2.427
      ]
    },
    {
      "Target": "Parameter",
      "Id": "Param",
      "Segments": [
        0,
        0,
        0,
        1.1,
        -2.592,
        0,
        2.967,
        0,
        1,
        3.6,
        0,
        4.234,
        -1.685,
        4.867,
        -2.407,
        1,
        5.122,
        -2.699,
        5.378,
        -2.592,
        5.633,
        -2.592,
        1,
        6.022,
        -2.592,
        6.411,
        -0.437,
        6.8,
        -0.2,
        1,
        7.2,
        0.044,
        7.6,
        0,
        8,
        0
      ]
    },
    {
      "Target": "Parameter",
      "Id": "Arm01R_Strech",
      "Segments": [
        0,
        3.379,
        0,
        1.1,
        4.122,
        0,
        2.967,
        2.342,
        0,
        4.867,
        4.122,
        2,
        5.633,
        4.122,
        0,
        6.8,
        2.342,
        0,
        8,
        3.379
      ]
    },
    {
      "Target": "Parameter",
      "Id": "Arm02R_Strech",
      "Segments": [
        0,
        1.902,
        0,
        1.1,
        2.793,
        0,
        2.967,
        1.507,
        0,
        4.867,
        2.793,
        2,
        5.7,
        2.793,
        0,
        6.833,
        1.498,
        0,
        8,
        1.902
      ]
    },
    {
      "Target": "Parameter",
      "Id": "BrowLY",
      "Segments": [
        0,
        -0.4,
        0,
        8,
        -0.4
      ]
    },
    {
      "Target": "Parameter",
      "Id": "BrowRY",
      "Segments": [
        0,
        -0.4,
        0,
        8,
        -0.4
      ]
    },
    {
      "Target": "Parameter",
      "Id": "BrowLX",
      "Segments": [
        0,
        0,
        0,
        8,
        0
      ]
    },
    {
      "Target": "Parameter",
      "Id": "BrowRX",
      "Segments": [
        0,
        0,
        0,
        8,
        0
      ]
    },
    {
      "Target": "Parameter",
      "Id": "BrowL_Angle",
      "Segments": [
        0,
        0.2,
        0,
        8,
        0.2
      ]
    },
    {
      "Target": "Parameter",
      "Id": "BrowR_Angle",
      "Segments": [
        0,
        0.2,
        0,
        8,
        0.2
      ]
    },
    {
      "Target": "Parameter",
      "Id": "BrowL_Form",
      "Segments": [
        0,
        -0.8,
        0,
        8,
        -0.8
      ]
    },
    {
      "Target": "Parameter",
      "Id": "BrowR_Form",
      "Segments": [
        0,
        -0.8,
        0,
        8,
        -0.8
      ]
    },
    {
      "Target": "Parameter",
      "Id": "EyeL_Open",
      "Segments": [
        0,
        1,
        0,
        8,
        1
      ]
    },
    {
      "Target": "Parameter",
      "Id": "EyeL_Smile",
      "Segments": [
        0,
        0,
        0,
        8,
        0
      ]
    },
    {
      "Target": "Parameter",
      "Id": "EyeR_Open",
      "Segments": [
        0,
        1,
        0,
        8,
        1
      ]
    },
    {
      "Target": "Parameter",
      "Id": "EyeR_Smile",
      "Segments": [
        0,
        0,
        0,
        8,
        0
      ]
    },
    {
      "Target": "Parameter",
      "Id": "EyeBallX",
      "Segments": [
        0,
        0.108,
        0,
        8,
        0.108
      ]
    },
    {
      "Target": "Parameter",
      "Id": "EyeBall_Size",
      "Segments": [
        0,
        -0.3,
        0,
        8,
        -0.3
      ]
    },
    {
      "Target": "Parameter",
      "Id": "Mouth_Form",
      "Segments": [
        0,
        -3,
        0,
        8,
        -3
      ]
    },
    {
      "Target": "Parameter",
      "Id": "Mouth_Open",
      "Segments": [
        0,
        0.8,
        0,
        8,
        0.8
      ]
    },
    {
      "Target": "Parameter",
      "Id": "Teeth01",
      "Segments": [
        0,
        1,
        0,
        8,
        1
      ]
    },
    {
      "Target": "Parameter",
      "Id": "Mouth_Size",
      "Segments": [
        0,
        0.1,
        0,
        8,
        0.1
      ]
    },
    {
      "Target": "Parameter",
      "Id": "HeadY",
      "Segments": [
        0,
        0,
        0,
        8,
        0
      ]
    },
    {
      "Target": "Parameter",
      "Id": "BodyY",
      "Segments": [
        0,
        -0.02,
        0,
        8,
        -0.02
      ]
    },
    {
      "Target": "Parameter",
      "Id": "Param2",
      "Segments": [
        0,
        0,
        0,
        8,
        0
      ]
    },
    {
      "Target": "Parameter",
      "Id": "Arm01L_Strech",
      "Segments": [
        0,
        0,
        0,
        8,
        0
      ]
    },
    {
      "Target": "Parameter",
      "Id": "Arm02L_Strech",
      "Segments": [
        0,
        0,
        0,
        8,
        0
      ]
    },
    {
      "Target": "Parameter",
      "Id": "HandL_Strech",
      "Segments": [
        0,
        0,
        0,
        8,
        0
      ]
    },
    {
      "Target": "Parameter",
      "Id": "HandL01",
      "Segments": [
        0,
        1,
        0,
        8,
        1
      ]
    },
    {
      "Target": "Parameter",
      "Id": "HandL02",
      "Segments": [
        0,
        0,
        0,
        8,
        0
      ]
    },
    {
      "Target": "Parameter",
      "Id": "HandR_Roll",
      "Segments": [
        0,
        0,
        0,
        8,
        0
      ]
    },
    {
      "Target": "Parameter",
      "Id": "HandR01",
      "Segments": [
        0,
        1,
        0,
        8,
        1
      ]
    },
    {
      "Target": "Parameter",
      "Id": "HandR02",
      "Segments": [
        0,
        0,
        0,
        8,
        0
      ]
    },
    {
      "Target": "Parameter",
      "Id": "HairFront_Shaking",
      "Segments": [
        0,
        0,
        0,
        8,
        0
      ]
    },
    {
      "Target": "Parameter",
      "Id": "HairSide_Shaking",
      "Segments": [
        0,
        0,
        0,
        8,
        0
      ]
    },
    {
      "Target": "Parameter",
      "Id": "HairUnder_Shaking",
      "Segments": [
        0,
        0,
        0,
        8,
        0
      ]
    },
    {
      "Target": "Parameter",
      "Id": "Param4",
      "Segments": [
        0,
        -5,
        0,
        8,
        -5
      ]
    },
    {
      "Target": "Parameter",
      "Id": "Param3",
      "Segments": [
        0,
        0,
        0,
        8,
        0
      ]
    },
    {
      "Target": "Parameter",
      "Id": "ALLX",
      "Segments": [
        0,
        0,
        0,
        8,
        0
      ]
    },
    {
      "Target": "Parameter",
      "Id": "ALLY",
      "Segments": [
        0,
        0,
        0,
        8,
        0
      ]
    },
    {
      "Target": "Parameter",
      "Id": "ALLZ",
      "Segments": [
        0,
        0,
        0,
        8,
        0
      ]
    }
  ],
  "UserData": [
    {
      "Time": 0.0,
      "Value": ""
    }
  ]
}