{
  "Version": 3,
  "Meta": {
    "Duration": 8.0,
    "Fps": 30.0,
    "Loop": true,
    "AreBeziersRestricted": true,
    "CurveCount": 54,
    "TotalSegmentCount": 158,
    "TotalPointCount": 246,
    "UserDataCount": 1,
    "TotalUserDataSize": 0
  },
  "Curves": [
    {
      "Target": "Parameter",
      "Id": "EyeBallY",
      "Segments": [
        0,
        0.4,
        0,
        1.6,
        0.2,
        1,
        2.1,
        0.2,
        2.6,
        0.276,
        3.1,
        0.4,
        1,
        3.4,
        0.474,
        3.7,
        0.5,
        4,
        0.5,
        0,
        5.133,
        0.3,
        0,
        8,
        0.4
      ]
    },
    {
      "Target": "Parameter",
      "Id": "HeadY",
      "Segments": [
        0,
        -2.46,
        0,
        1.6,
        0.9,
        1,
        2.1,
        0.9,
        2.6,
        -0.042,
        3.1,
        -4.98,
        1,
        3.4,
        -7.943,
        3.7,
        -13.001,
        4,
        -13.001,
        0,
        5.133,
        -2.88,
        0,
        6.6,
        -11.704,
        0,
        8,
        -2.46
      ]
    },
    {
      "Target": "Parameter",
      "Id": "NeckZ",
      "Segments": [
        0,
        -5.52,
        0,
        1.5,
        -4.003,
        1,
        1.889,
        -4.003,
        2.278,
        -4.036,
        2.667,
        -4.292,
        1,
        2.967,
        -4.49,
        3.267,
        -5,
        3.567,
        -5.326,
        1,
        3.7,
        -5.471,
        3.834,
        -5.52,
        3.967,
        -5.52,
        1,
        4.411,
        -5.52,
        4.856,
        -5.18,
        5.3,
        -4.804,
        1,
        5.622,
        -4.531,
        5.945,
        -4.487,
        6.267,
        -4.487,
        0,
        8,
        -5.52
      ]
    },
    {
      "Target": "Parameter",
      "Id": "BodyX",
      "Segments": [
        0,
        -9.4,
        0,
        1.467,
        -7.38,
        0,
        3.6,
        -9.36,
        0,
        5.633,
        -7.38,
        0,
        8,
        -9.4
      ]
    },
    {
      "Target": "Parameter",
      "Id": "BodyY",
      "Segments": [
        0,
        5.48,
        1,
        0.356,
        5.48,
        0.711,
        5.319,
        1.067,
        4.08,
        1,
        1.389,
        2.957,
        1.711,
        1.435,
        2.033,
        1.435,
        0,
        3.167,
        5.961,
        1,
        3.589,
        5.961,
        4.011,
        5.787,
        4.433,
        4.578,
        1,
        4.878,
        3.305,
        5.322,
        1.866,
        5.767,
        1.866,
        0,
        8,
        5.48
      ]
    },
    {
      "Target": "Parameter",
      "Id": "BodyZ",
      "Segments": [
        0,
        2.92,
        1,
        0.611,
        2.433,
        1.222,
        1.915,
        1.833,
        1.915,
        0,
        3.467,
        3.397,
        0,
        5.367,
        1.847,
        0,
        6.8,
        3.152,
        0,
        8,
        2.92
      ]
    },
    {
      "Target": "Parameter",
      "Id": "BodyUpper",
      "Segments": [
        0,
        10,
        0,
        1.667,
        7,
        0,
        3.733,
        8,
        0,
        5.833,
        7,
        0,
        8,
        10
      ]
    },
    {
      "Target": "Parameter",
      "Id": "Breath",
      "Segments": [
        0,
        0,
        0,
        2,
        1,
        0,
        4,
        0,
        0,
        6,
        1,
        0,
        8,
        0
      ]
    },
    {
      "Target": "Parameter",
      "Id": "ShoulderL_Move",
      "Segments": [
        0,
        4.158,
        0,
        1.333,
        3.769,
        0,
        2.867,
        4.427,
        0,
        4.067,
        3.769,
        0,
        5.267,
        4.008,
        0,
        6.733,
        3.571,
        0,
        8,
        4.158
      ]
    },
    {
      "Target": "Parameter",
      "Id": "ShoulderL_Roll",
      "Segments": [
        0,
        -9.958,
        0,
        0.933,
        -10.591,
        0,
        2.133,
        -10.483,
        0,
        3.333,
        -11.428,
        1,
        4.3,
        -11.428,
        5.266,
        -10.427,
        6.233,
        -10.103,
        1,
        6.822,
        -9.906,
        7.411,
        -9.958,
        8,
        -9.958
      ]
    },
    {
      "Target": "Parameter",
      "Id": "ElbowL_Roll",
      "Segments": [
        0,
        -23.69,
        0,
        0.767,
        -24.128,
        2,
        1.333,
        -24.128,
        1,
        1.589,
        -24.128,
        1.844,
        -23.706,
        2.1,
        -23.209,
        1,
        2.322,
        -22.778,
        2.545,
        -22.678,
        2.767,
        -22.678,
        1,
        3.034,
        -22.678,
        3.3,
        -23.429,
        3.567,
        -23.799,
        1,
        3.811,
        -24.139,
        4.056,
        -24.128,
        4.3,
        -24.128,
        1,
        4.533,
        -24.128,
        4.767,
        -24.033,
        5,
        -23.93,
        1,
        5.222,
        -23.832,
        5.445,
        -23.845,
        5.667,
        -23.69,
        1,
        5.967,
        -23.482,
        6.267,
        -22.678,
        6.567,
        -22.678,
        1,
        6.745,
        -22.678,
        6.922,
        -22.98,
        7.1,
        -23.209,
        1,
        7.4,
        -23.597,
        7.7,
        -23.69,
        8,
        -23.69
      ]
    },
    {
      "Target": "Parameter",
      "Id": "HandL_Roll",
      "Segments": [
        0,
        0.243,
        0,
        0.567,
        0.198,
        0,
        1.6,
        0.199,
        1,
        1.944,
        0.199,
        2.289,
        0.189,
        2.633,
        0.106,
        1,
        3.066,
        0.002,
        3.5,
        -0.11,
        3.933,
        -0.11,
        1,
        4.766,
        -0.11,
        5.6,
        0.111,
        6.433,
        0.199,
        1,
        6.955,
        0.254,
        7.478,
        0.243,
        8,
        0.243
      ]
    },
    {
      "Target": "Parameter",
      "Id": "ShoulderR_Roll",
      "Segments": [
        0,
        16.568,
        0,
        1.467,
        19.088,
        0,
        2.833,
        17.068,
        0,
        3.8,
        17.696,
        1,
        4.067,
        17.696,
        4.333,
        17.315,
        4.6,
        17.068,
        1,
        4.8,
        16.883,
        5,
        16.888,
        5.2,
        16.888,
        0,
        6.167,
        17.936,
        1,
        6.422,
        17.936,
        6.678,
        17.607,
        6.933,
        17.238,
        1,
        7.289,
        16.725,
        7.644,
        16.568,
        8,
        16.568
      ]
    },
    {
      "Target": "Parameter",
      "Id": "ElbowR_Roll",
      "Segments": [
        0,
        -10.906,
        1,
        0.344,
        -10.906,
        0.689,
        -10.897,
        1.033,
        -10.933,
        1,
        1.478,
        -10.98,
        1.922,
        -11.268,
        2.367,
        -11.268,
        1,
        2.689,
        -11.268,
        3.011,
        -11.177,
        3.333,
        -10.933,
        1,
        3.466,
        -10.832,
        3.6,
        -10.737,
        3.733,
        -10.737,
        0,
        4.5,
        -10.901,
        0,
        6.367,
        -10.499,
        0,
        8,
        -10.906
      ]
    },
    {
      "Target": "Parameter",
      "Id": "HandR_Roll",
      "Segments": [
        0,
        -0.405,
        1,
        0.4,
        -0.405,
        0.8,
        0.008,
        1.2,
        0.075,
        1,
        1.656,
        0.152,
        2.111,
        0.143,
        2.567,
        0.143,
        0,
        3,
        -0.088,
        0,
        4.4,
        0.875,
        0,
        5.5,
        0.48,
        0,
        6.5,
        0.58,
        1,
        6.722,
        0.58,
        6.945,
        -0.115,
        7.167,
        -0.249,
        1,
        7.445,
        -0.416,
        7.722,
        -0.405,
        8,
        -0.405
      ]
    },
    {
      "Target": "Parameter",
      "Id": "HairFront_Shaking",
      "Segments": [
        0,
        0,
        1,
        0.467,
        -0.115,
        0.933,
        -0.148,
        1.4,
        -0.148,
        0,
        2.767,
        0.204,
        0,
        3.533,
        -0.022,
        0,
        3.833,
        0.015,
        0,
        4.767,
        -0.151,
        0,
        7,
        0.095,
        0,
        8,
        0
      ]
    },
    {
      "Target": "Parameter",
      "Id": "HairSide_Shaking",
      "Segments": [
        0,
        0,
        1,
        0.467,
        -0.077,
        0.933,
        -0.099,
        1.4,
        -0.099,
        0,
        2.767,
        0.169,
        0,
        3.533,
        -0.015,
        0,
        3.833,
        0.01,
        0,
        4.767,
        -0.101,
        0,
        7,
        0.063,
        0,
        8,
        0
      ]
    },
    {
      "Target": "Parameter",
      "Id": "HairUnder_Shaking",
      "Segments": [
        0,
        0,
        1,
        0.467,
        -0.115,
        0.933,
        -0.148,
        1.4,
        -0.148,
        0,
        2.767,
        0.254,
        0,
        3.533,
        -0.022,
        0,
        3.833,
        0.015,
        0,
        4.767,
        -0.151,
        0,
        7,
        0.095,
        0,
        8,
        0
      ]
    },
    {
      "Target": "Parameter",
      "Id": "Param4",
      "Segments": [
        0,
        5,
        0,
        1.833,
        0,
        0,
        3.467,
        5,
        0,
        5.367,
        0,
        0,
        6.8,
        5,
        2,
        8,
        5
      ]
    },
    {
      "Target": "Parameter",
      "Id": "Param3",
      "Segments": [
        0,
        5,
        0,
        1.833,
        0,
        0,
        3.467,
        5,
        0,
        5.367,
        0,
        0,
        6.8,
        5,
        2,
        8,
        5
      ]
    },
    {
      "Target": "Parameter",
      "Id": "BrowLY",
      "Segments": [
        0,
        -0.6,
        0,
        8,
        -0.6
      ]
    },
    {
      "Target": "Parameter",
      "Id": "BrowRY",
      "Segments": [
        0,
        -0.6,
        0,
        8,
        -0.6
      ]
    },
    {
      "Target": "Parameter",
      "Id": "BrowLX",
      "Segments": [
        0,
        0,
        0,
        8,
        0
      ]
    },
    {
      "Target": "Parameter",
      "Id": "BrowRX",
      "Segments": [
        0,
        0,
        0,
        8,
        0
      ]
    },
    {
      "Target": "Parameter",
      "Id": "BrowL_Angle",
      "Segments": [
        0,
        0,
        0,
        8,
        0
      ]
    },
    {
      "Target": "Parameter",
      "Id": "BrowR_Angle",
      "Segments": [
        0,
        0,
        0,
        8,
        0
      ]
    },
    {
      "Target": "Parameter",
      "Id": "BrowL_Form",
      "Segments": [
        0,
        -0.5,
        0,
        8,
        -0.5
      ]
    },
    {
      "Target": "Parameter",
      "Id": "BrowR_Form",
      "Segments": [
        0,
        -0.5,
        0,
        8,
        -0.5
      ]
    },
    {
      "Target": "Parameter",
      "Id": "EyeL_Open",
      "Segments": [
        0,
        1,
        0,
        8,
        1
      ]
    },
    {
      "Target": "Parameter",
      "Id": "EyeL_Smile",
      "Segments": [
        0,
        0,
        0,
        8,
        0
      ]
    },
    {
      "Target": "Parameter",
      "Id": "EyeR_Open",
      "Segments": [
        0,
        1,
        0,
        8,
        1
      ]
    },
    {
      "Target": "Parameter",
      "Id": "EyeR_Smile",
      "Segments": [
        0,
        0,
        0,
        8,
        0
      ]
    },
    {
      "Target": "Parameter",
      "Id": "EyeBallX",
      "Segments": [
        0,
        0.108,
        0,
        8,
        0.108
      ]
    },
    {
      "Target": "Parameter",
      "Id": "EyeBall_Size",
      "Segments": [
        0,
        0,
        0,
        8,
        0
      ]
    },
    {
      "Target": "Parameter",
      "Id": "Mouth_Form",
      "Segments": [
        0,
        1,
        0,
        8,
        1
      ]
    },
    {
      "Target": "Parameter",
      "Id": "Mouth_Open",
      "Segments": [
        0,
        1,
        0,
        8,
        1
      ]
    },
    {
      "Target": "Parameter",
      "Id": "Teeth01",
      "Segments": [
        0,
        1,
        0,
        8,
        1
      ]
    },
    {
      "Target": "Parameter",
      "Id": "Mouth_Size",
      "Segments": [
        0,
        0.4,
        0,
        8,
        0.4
      ]
    },
    {
      "Target": "Parameter",
      "Id": "HeadX",
      "Segments": [
        0,
        -2.34,
        0,
        8,
        -2.34
      ]
    },
    {
      "Target": "Parameter",
      "Id": "ShoulderR_Move",
      "Segments": [
        0,
        -2,
        0,
        8,
        -2
      ]
    },
    {
      "Target": "Parameter",
      "Id": "Param2",
      "Segments": [
        0,
        0,
        0,
        8,
        0
      ]
    },
    {
      "Target": "Parameter",
      "Id": "Arm01L_Strech",
      "Segments": [
        0,
        -5,
        0,
        8,
        -5
      ]
    },
    {
      "Target": "Parameter",
      "Id": "Arm02L_Strech",
      "Segments": [
        0,
        -3,
        0,
        8,
        -3
      ]
    },
    {
      "Target": "Parameter",
      "Id": "HandL_Strech",
      "Segments": [
        0,
        -0.14,
        0,
        8,
        -0.14
      ]
    },
    {
      "Target": "Parameter",
      "Id": "HandL01",
      "Segments": [
        0,
        0,
        0,
        8,
        0
      ]
    },
    {
      "Target": "Parameter",
      "Id": "HandL02",
      "Segments": [
        0,
        1,
        0,
        8,
        1
      ]
    },
    {
      "Target": "Parameter",
      "Id": "Param",
      "Segments": [
        0,
        0,
        0,
        8,
        0
      ]
    },
    {
      "Target": "Parameter",
      "Id": "Arm01R_Strech",
      "Segments": [
        0,
        0,
        0,
        8,
        0
      ]
    },
    {
      "Target": "Parameter",
      "Id": "Arm02R_Strech",
      "Segments": [
        0,
        9,
        0,
        8,
        9
      ]
    },
    {
      "Target": "Parameter",
      "Id": "HandR01",
      "Segments": [
        0,
        1,
        0,
        8,
        1
      ]
    },
    {
      "Target": "Parameter",
      "Id": "HandR02",
      "Segments": [
        0,
        0,
        0,
        8,
        0
      ]
    },
    {
      "Target": "Parameter",
      "Id": "ALLX",
      "Segments": [
        0,
        0,
        0,
        8,
        0
      ]
    },
    {
      "Target": "Parameter",
      "Id": "ALLY",
      "Segments": [
        0,
        0,
        0,
        8,
        0
      ]
    },
    {
      "Target": "Parameter",
      "Id": "ALLZ",
      "Segments": [
        0,
        0,
        0,
        8,
        0
      ]
    }
  ],
  "UserData": [
    {
      "Time": 0.0,
      "Value": ""
    }
  ]
}