{
  "Version": 3,
  "Meta": {
    "Duration": 1.567,
    "Fps": 30.0,
    "Loop": true,
    "AreBeziersRestricted": true,
    "CurveCount": 54,
    "TotalSegmentCount": 173,
    "TotalPointCount": 277,
    "UserDataCount": 1,
    "TotalUserDataSize": 0
  },
  "Curves": [
    {
      "Target": "Parameter",
      "Id": "BrowL_Angle",
      "Segments": [
        0,
        0,
        2,
        0.033,
        0,
        0,
        0.333,
        -0.4,
        2,
        1.567,
        -0.4
      ]
    },
    {
      "Target": "Parameter",
      "Id": "BrowR_Angle",
      "Segments": [
        0,
        0,
        2,
        0.033,
        0,
        0,
        0.333,
        -0.4,
        2,
        1.567,
        -0.4
      ]
    },
    {
      "Target": "Parameter",
      "Id": "BrowL_Form",
      "Segments": [
        0,
        0,
        2,
        0.033,
        0,
        0,
        0.333,
        -1,
        2,
        1.567,
        -1
      ]
    },
    {
      "Target": "Parameter",
      "Id": "BrowR_Form",
      "Segments": [
        0,
        0,
        2,
        0.033,
        0,
        0,
        0.333,
        -1,
        2,
        1.567,
        -1
      ]
    },
    {
      "Target": "Parameter",
      "Id": "Mouth_Form",
      "Segments": [
        0,
        0,
        0,
        1.5,
        -1,
        2,
        1.567,
        -1
      ]
    },
    {
      "Target": "Parameter",
      "Id": "HeadX",
      "Segments": [
        0,
        0,
        1,
        0.067,
        0,
        0.133,
        -0.303,
        0.2,
        -3.339,
        1,
        0.267,
        -6.375,
        0.333,
        -11.116,
        0.4,
        -11.116,
        0,
        0.9,
        -1.416,
        0,
        1.267,
        -2.34,
        2,
        1.567,
        -2.34
      ]
    },
    {
      "Target": "Parameter",
      "Id": "HeadY",
      "Segments": [
        0,
        0,
        0,
        0.4,
        -6.422,
        0,
        0.833,
        8.015,
        1,
        0.922,
        8.015,
        1.011,
        7.733,
        1.1,
        5.487,
        1,
        1.156,
        4.082,
        1.211,
        -3.913,
        1.267,
        -5.458,
        1,
        1.3,
        -6.386,
        1.334,
        -6.229,
        1.367,
        -6.229,
        0,
        1.467,
        -2.46,
        2,
        1.567,
        -2.46
      ]
    },
    {
      "Target": "Parameter",
      "Id": "NeckZ",
      "Segments": [
        0,
        0,
        1,
        0.156,
        0,
        0.311,
        -1.004,
        0.467,
        -2.274,
        1,
        0.6,
        -3.363,
        0.734,
        -4.449,
        0.867,
        -5.023,
        1,
        0.978,
        -5.502,
        1.089,
        -5.52,
        1.2,
        -5.52,
        2,
        1.5,
        -5.52,
        2,
        1.567,
        -5.52
      ]
    },
    {
      "Target": "Parameter",
      "Id": "BodyX",
      "Segments": [
        0,
        0,
        1,
        0.111,
        0,
        0.222,
        -2.502,
        0.333,
        -5,
        1,
        0.444,
        -7.498,
        0.556,
        -8.028,
        0.667,
        -8.028,
        0,
        0.9,
        -7.037,
        1,
        1.022,
        -7.037,
        1.145,
        -7.804,
        1.267,
        -8.72,
        1,
        1.345,
        -9.303,
        1.422,
        -9.4,
        1.5,
        -9.4,
        2,
        1.567,
        -9.4
      ]
    },
    {
      "Target": "Parameter",
      "Id": "BodyY",
      "Segments": [
        0,
        0,
        1,
        0.167,
        0,
        0.333,
        -0.018,
        0.5,
        0.027,
        1,
        0.756,
        0.097,
        1.011,
        5.48,
        1.267,
        5.48,
        2,
        1.5,
        5.48,
        2,
        1.567,
        5.48
      ]
    },
    {
      "Target": "Parameter",
      "Id": "BodyZ",
      "Segments": [
        0,
        0,
        1,
        0.167,
        0,
        0.333,
        0.048,
        0.5,
        0.82,
        1,
        0.711,
        1.798,
        0.922,
        3,
        1.133,
        3,
        1,
        1.278,
        3,
        1.422,
        3.035,
        1.567,
        2.92
      ]
    },
    {
      "Target": "Parameter",
      "Id": "BodyUpper",
      "Segments": [
        0,
        0,
        1,
        0.111,
        0,
        0.222,
        -0.29,
        0.333,
        1.304,
        1,
        0.522,
        4.013,
        0.711,
        10,
        0.9,
        10,
        2,
        1.5,
        10,
        2,
        1.567,
        10
      ]
    },
    {
      "Target": "Parameter",
      "Id": "ShoulderL_Move",
      "Segments": [
        0,
        0,
        2,
        0.333,
        0,
        0,
        0.8,
        4.629,
        0,
        1.267,
        4.158,
        2,
        1.5,
        4.158,
        2,
        1.567,
        4.158
      ]
    },
    {
      "Target": "Parameter",
      "Id": "ShoulderR_Move",
      "Segments": [
        0,
        0,
        1,
        0.044,
        0,
        0.089,
        0.081,
        0.133,
        -0.147,
        1,
        0.266,
        -0.829,
        0.4,
        -2,
        0.533,
        -2,
        2,
        1.267,
        -2,
        2,
        1.5,
        -2,
        2,
        1.567,
        -2
      ]
    },
    {
      "Target": "Parameter",
      "Id": "ShoulderL_Roll",
      "Segments": [
        0,
        0,
        0,
        0.233,
        5.822,
        1,
        0.322,
        5.822,
        0.411,
        4.773,
        0.5,
        1.519,
        1,
        0.567,
        -0.921,
        0.633,
        -6.277,
        0.7,
        -7.501,
        1,
        0.767,
        -8.724,
        0.833,
        -9.867,
        0.9,
        -9.902,
        1,
        1.011,
        -9.961,
        1.122,
        -9.958,
        1.233,
        -9.958,
        2,
        1.5,
        -9.958,
        2,
        1.567,
        -9.958
      ]
    },
    {
      "Target": "Parameter",
      "Id": "ElbowL_Roll",
      "Segments": [
        0,
        0,
        0,
        0.333,
        0.643,
        1,
        0.422,
        0.643,
        0.511,
        -4.786,
        0.6,
        -12.564,
        1,
        0.644,
        -16.453,
        0.689,
        -21.026,
        0.733,
        -22.109,
        1,
        0.822,
        -24.276,
        0.911,
        -24.641,
        1,
        -24.641,
        0,
        1.233,
        -23.209,
        0,
        1.5,
        -23.69,
        2,
        1.567,
        -23.69
      ]
    },
    {
      "Target": "Parameter",
      "Id": "HandL_Roll",
      "Segments": [
        0,
        0,
        2,
        0.2,
        0,
        0,
        0.4,
        1.857,
        1,
        0.444,
        1.857,
        0.489,
        1.291,
        0.533,
        0,
        1,
        0.589,
        -1.613,
        0.644,
        -2.506,
        0.7,
        -2.506,
        1,
        0.744,
        -2.506,
        0.789,
        -1.069,
        0.833,
        -0.752,
        1,
        0.889,
        -0.355,
        0.944,
        -0.114,
        1,
        0.013,
        1,
        1.089,
        0.214,
        1.178,
        0.243,
        1.267,
        0.243,
        2,
        1.5,
        0.243,
        2,
        1.567,
        0.243
      ]
    },
    {
      "Target": "Parameter",
      "Id": "Arm01L_Strech",
      "Segments": [
        0,
        0,
        1,
        0.089,
        0,
        0.178,
        0.034,
        0.267,
        -0.16,
        1,
        0.389,
        -0.426,
        0.511,
        -1.255,
        0.633,
        -2.159,
        1,
        0.833,
        -3.637,
        1.033,
        -5,
        1.233,
        -5,
        2,
        1.567,
        -5
      ]
    },
    {
      "Target": "Parameter",
      "Id": "Arm02L_Strech",
      "Segments": [
        0,
        0,
        2,
        0.533,
        0,
        0,
        1.233,
        -3,
        2,
        1.5,
        -3,
        2,
        1.567,
        -3
      ]
    },
    {
      "Target": "Parameter",
      "Id": "HandL_Strech",
      "Segments": [
        0,
        0,
        0,
        0.533,
        -1.19,
        0,
        1.233,
        -0.14,
        2,
        1.5,
        -0.14,
        2,
        1.567,
        -0.14
      ]
    },
    {
      "Target": "Parameter",
      "Id": "HandL01",
      "Segments": [
        0,
        1,
        2,
        0.433,
        1,
        0,
        0.467,
        0,
        2,
        1.5,
        0,
        2,
        1.567,
        0
      ]
    },
    {
      "Target": "Parameter",
      "Id": "HandL02",
      "Segments": [
        0,
        0,
        2,
        0.433,
        0,
        0,
        0.467,
        1,
        2,
        1.5,
        1,
        2,
        1.567,
        1
      ]
    },
    {
      "Target": "Parameter",
      "Id": "ShoulderR_Roll",
      "Segments": [
        0,
        0,
        1,
        0.067,
        0,
        0.133,
        4.119,
        0.2,
        5.75,
        1,
        0.333,
        9.011,
        0.467,
        11.189,
        0.6,
        13.555,
        1,
        0.667,
        14.737,
        0.733,
        15.783,
        0.8,
        16.568,
        1,
        0.878,
        17.483,
        0.955,
        17.727,
        1.033,
        17.727,
        0,
        1.4,
        16.568,
        2,
        1.567,
        16.568
      ]
    },
    {
      "Target": "Parameter",
      "Id": "ElbowR_Roll",
      "Segments": [
        0,
        0,
        1,
        0.133,
        0,
        0.267,
        -2.563,
        0.4,
        -6.18,
        1,
        0.456,
        -7.687,
        0.511,
        -8.72,
        0.567,
        -9.714,
        1,
        0.645,
        -11.105,
        0.722,
        -11.596,
        0.8,
        -11.596,
        0,
        1.033,
        -10.699,
        0,
        1.267,
        -10.906,
        2,
        1.567,
        -10.906
      ]
    },
    {
      "Target": "Parameter",
      "Id": "HandR_Roll",
      "Segments": [
        0,
        0,
        0,
        0.433,
        1.718,
        0,
        0.867,
        -0.386,
        0,
        0.933,
        -0.085,
        0,
        1.567,
        -0.405
      ]
    },
    {
      "Target": "Parameter",
      "Id": "Arm01R_Strech",
      "Segments": [
        0,
        0,
        0,
        0.467,
        -0.44,
        0,
        0.9,
        0,
        2,
        1.567,
        0
      ]
    },
    {
      "Target": "Parameter",
      "Id": "Arm02R_Strech",
      "Segments": [
        0,
        0,
        1,
        0.156,
        0,
        0.311,
        4.711,
        0.467,
        6.947,
        1,
        0.611,
        9.024,
        0.756,
        9,
        0.9,
        9,
        2,
        1.567,
        9
      ]
    },
    {
      "Target": "Parameter",
      "Id": "HairFront_Shaking",
      "Segments": [
        0,
        0,
        2,
        0.033,
        0,
        0,
        0.167,
        -0.247,
        0,
        0.4,
        1,
        2,
        0.6,
        1,
        0,
        0.833,
        -1,
        2,
        0.967,
        -1,
        0,
        1.333,
        0.993,
        1,
        1.411,
        0.993,
        1.489,
        0.019,
        1.567,
        0
      ]
    },
    {
      "Target": "Parameter",
      "Id": "HairSide_Shaking",
      "Segments": [
        0,
        0,
        2,
        0.033,
        0,
        0,
        0.167,
        -0.164,
        0,
        0.433,
        1,
        2,
        0.567,
        1,
        0,
        0.9,
        -0.802,
        0,
        1.333,
        0.662,
        1,
        1.411,
        0.662,
        1.489,
        0.013,
        1.567,
        0
      ]
    },
    {
      "Target": "Parameter",
      "Id": "HairUnder_Shaking",
      "Segments": [
        0,
        0,
        2,
        0.033,
        0,
        0,
        0.167,
        -0.247,
        0,
        0.4,
        1,
        2,
        0.6,
        1,
        0,
        0.833,
        -1,
        2,
        0.967,
        -1,
        0,
        1.333,
        0.993,
        1,
        1.411,
        0.993,
        1.489,
        0.019,
        1.567,
        0
      ]
    },
    {
      "Target": "Parameter",
      "Id": "Param4",
      "Segments": [
        0,
        0,
        1,
        0.167,
        0,
        0.333,
        2.201,
        0.5,
        3,
        1,
        0.856,
        4.704,
        1.211,
        5,
        1.567,
        5
      ]
    },
    {
      "Target": "Parameter",
      "Id": "Param3",
      "Segments": [
        0,
        0,
        1,
        0.167,
        0,
        0.333,
        2.201,
        0.5,
        3,
        1,
        0.856,
        4.704,
        1.211,
        5,
        1.567,
        5
      ]
    },
    {
      "Target": "Parameter",
      "Id": "BrowLY",
      "Segments": [
        0,
        0,
        0,
        1.567,
        0
      ]
    },
    {
      "Target": "Parameter",
      "Id": "BrowRY",
      "Segments": [
        0,
        0,
        0,
        1.567,
        0
      ]
    },
    {
      "Target": "Parameter",
      "Id": "BrowLX",
      "Segments": [
        0,
        0,
        0,
        1.567,
        0
      ]
    },
    {
      "Target": "Parameter",
      "Id": "BrowRX",
      "Segments": [
        0,
        0,
        0,
        1.567,
        0
      ]
    },
    {
      "Target": "Parameter",
      "Id": "EyeL_Open",
      "Segments": [
        0,
        1,
        0,
        1.567,
        1
      ]
    },
    {
      "Target": "Parameter",
      "Id": "EyeL_Smile",
      "Segments": [
        0,
        0,
        0,
        1.567,
        0
      ]
    },
    {
      "Target": "Parameter",
      "Id": "EyeR_Open",
      "Segments": [
        0,
        1,
        0,
        1.567,
        1
      ]
    },
    {
      "Target": "Parameter",
      "Id": "EyeR_Smile",
      "Segments": [
        0,
        0,
        0,
        1.567,
        0
      ]
    },
    {
      "Target": "Parameter",
      "Id": "EyeBallX",
      "Segments": [
        0,
        0,
        0,
        1.567,
        0
      ]
    },
    {
      "Target": "Parameter",
      "Id": "EyeBallY",
      "Segments": [
        0,
        0.5,
        0,
        1.567,
        0.5
      ]
    },
    {
      "Target": "Parameter",
      "Id": "EyeBall_Size",
      "Segments": [
        0,
        0,
        0,
        1.567,
        0
      ]
    },
    {
      "Target": "Parameter",
      "Id": "Mouth_Open",
      "Segments": [
        0,
        1,
        0,
        1.567,
        1
      ]
    },
    {
      "Target": "Parameter",
      "Id": "Teeth01",
      "Segments": [
        0,
        1,
        0,
        1.567,
        1
      ]
    },
    {
      "Target": "Parameter",
      "Id": "Mouth_Size",
      "Segments": [
        0,
        1,
        0,
        1.567,
        1
      ]
    },
    {
      "Target": "Parameter",
      "Id": "Breath",
      "Segments": [
        0,
        0,
        0,
        1.567,
        0
      ]
    },
    {
      "Target": "Parameter",
      "Id": "Param2",
      "Segments": [
        0,
        0,
        0,
        1.567,
        0
      ]
    },
    {
      "Target": "Parameter",
      "Id": "Param",
      "Segments": [
        0,
        0,
        0,
        1.567,
        0
      ]
    },
    {
      "Target": "Parameter",
      "Id": "HandR01",
      "Segments": [
        0,
        1,
        0,
        1.567,
        1
      ]
    },
    {
      "Target": "Parameter",
      "Id": "HandR02",
      "Segments": [
        0,
        0,
        0,
        1.567,
        0
      ]
    },
    {
      "Target": "Parameter",
      "Id": "ALLX",
      "Segments": [
        0,
        0,
        0,
        1.567,
        0
      ]
    },
    {
      "Target": "Parameter",
      "Id": "ALLY",
      "Segments": [
        0,
        0,
        0,
        1.567,
        0
      ]
    },
    {
      "Target": "Parameter",
      "Id": "ALLZ",
      "Segments": [
        0,
        0,
        0,
        1.567,
        0
      ]
    }
  ],
  "UserData": [
    {
      "Time": 0.0,
      "Value": ""
    }
  ]
}