{
  "Version": 3,
  "Meta": {
    "Duration": 1.7,
    "Fps": 30.0,
    "Loop": true,
    "AreBeziersRestricted": true,
    "CurveCount": 54,
    "TotalSegmentCount": 207,
    "TotalPointCount": 321,
    "UserDataCount": 1,
    "TotalUserDataSize": 0
  },
  "Curves": [
    {
      "Target": "Parameter",
      "Id": "BrowLY",
      "Segments": [
        0,
        0,
        2,
        0.033,
        0,
        0,
        0.267,
        0.2,
        2,
        1.7,
        0.2
      ]
    },
    {
      "Target": "Parameter",
      "Id": "BrowRY",
      "Segments": [
        0,
        0,
        2,
        0.033,
        0,
        0,
        0.267,
        0.2,
        2,
        1.7,
        0.2
      ]
    },
    {
      "Target": "Parameter",
      "Id": "BrowLX",
      "Segments": [
        0,
        0,
        0,
        0.267,
        0.2,
        2,
        1.7,
        0.2
      ]
    },
    {
      "Target": "Parameter",
      "Id": "BrowRX",
      "Segments": [
        0,
        0,
        0,
        0.267,
        0.392,
        2,
        1.7,
        0.392
      ]
    },
    {
      "Target": "Parameter",
      "Id": "BrowL_Angle",
      "Segments": [
        0,
        0,
        2,
        0.033,
        0,
        0,
        0.267,
        0.532,
        2,
        1.7,
        0.532
      ]
    },
    {
      "Target": "Parameter",
      "Id": "BrowR_Angle",
      "Segments": [
        0,
        0,
        2,
        0.033,
        0,
        0,
        0.267,
        0.532,
        2,
        1.7,
        0.532
      ]
    },
    {
      "Target": "Parameter",
      "Id": "BrowL_Form",
      "Segments": [
        0,
        0,
        2,
        0.033,
        0,
        0,
        0.267,
        0.3,
        2,
        1.7,
        0.3
      ]
    },
    {
      "Target": "Parameter",
      "Id": "BrowR_Form",
      "Segments": [
        0,
        0,
        2,
        0.033,
        0,
        0,
        0.267,
        0.4,
        2,
        1.7,
        0.4
      ]
    },
    {
      "Target": "Parameter",
      "Id": "EyeL_Open",
      "Segments": [
        0,
        1,
        2,
        0.033,
        1,
        0,
        0.267,
        1.1,
        2,
        1.7,
        1.1
      ]
    },
    {
      "Target": "Parameter",
      "Id": "EyeL_Smile",
      "Segments": [
        0,
        0,
        2,
        0.033,
        0,
        0,
        0.267,
        1,
        2,
        1.7,
        1
      ]
    },
    {
      "Target": "Parameter",
      "Id": "EyeR_Open",
      "Segments": [
        0,
        1,
        2,
        0.033,
        1,
        0,
        0.267,
        1.1,
        2,
        1.7,
        1.1
      ]
    },
    {
      "Target": "Parameter",
      "Id": "EyeR_Smile",
      "Segments": [
        0,
        0,
        2,
        0.033,
        0,
        0,
        0.267,
        1,
        2,
        1.7,
        1
      ]
    },
    {
      "Target": "Parameter",
      "Id": "EyeBallX",
      "Segments": [
        0,
        0,
        0,
        0.367,
        0.214,
        0,
        0.7,
        0.056,
        2,
        1.7,
        0.056
      ]
    },
    {
      "Target": "Parameter",
      "Id": "EyeBallY",
      "Segments": [
        0,
        0.5,
        0,
        0.3,
        0.556,
        0,
        0.867,
        0.428,
        0,
        1.167,
        0.436,
        2,
        1.7,
        0.436
      ]
    },
    {
      "Target": "Parameter",
      "Id": "Mouth_Form",
      "Segments": [
        0,
        0,
        2,
        0.033,
        0,
        0,
        0.267,
        1,
        2,
        1.7,
        1
      ]
    },
    {
      "Target": "Parameter",
      "Id": "Mouth_Size",
      "Segments": [
        0,
        1,
        2,
        0.033,
        1,
        0,
        0.267,
        0.8,
        2,
        1.7,
        0.8
      ]
    },
    {
      "Target": "Parameter",
      "Id": "HeadX",
      "Segments": [
        0,
        0,
        1,
        0.056,
        0,
        0.111,
        -2.89,
        0.167,
        -7.024,
        1,
        0.189,
        -8.678,
        0.211,
        -8.968,
        0.233,
        -8.968,
        1,
        0.311,
        -8.968,
        0.389,
        -5.343,
        0.467,
        -2.69,
        1,
        0.567,
        0.721,
        0.667,
        4.087,
        0.767,
        5.444,
        1,
        0.822,
        6.198,
        0.878,
        6.06,
        0.933,
        6.06,
        2,
        1.5,
        6.06,
        2,
        1.7,
        6.06
      ]
    },
    {
      "Target": "Parameter",
      "Id": "HeadY",
      "Segments": [
        0,
        0,
        0,
        0.1,
        -7.293,
        1,
        0.144,
        -7.293,
        0.189,
        -7.595,
        0.233,
        -6.517,
        1,
        0.311,
        -4.63,
        0.389,
        6.267,
        0.467,
        6.267,
        1,
        0.5,
        6.267,
        0.534,
        6.521,
        0.567,
        5.745,
        1,
        0.656,
        3.677,
        0.744,
        -1.047,
        0.833,
        -1.047,
        0,
        1,
        2.88,
        2,
        1.5,
        2.88,
        2,
        1.7,
        2.88
      ]
    },
    {
      "Target": "Parameter",
      "Id": "NeckZ",
      "Segments": [
        0,
        0,
        0,
        0.333,
        -2.931,
        0,
        0.7,
        0,
        0,
        1,
        -0.432,
        0,
        1.333,
        -0.12,
        2,
        1.7,
        -0.12
      ]
    },
    {
      "Target": "Parameter",
      "Id": "BodyX",
      "Segments": [
        0,
        0,
        1,
        0.044,
        0,
        0.089,
        -2.198,
        0.133,
        -2.973,
        1,
        0.211,
        -4.328,
        0.289,
        -4.52,
        0.367,
        -4.52,
        1,
        0.445,
        -4.52,
        0.522,
        -2.96,
        0.6,
        -2.044,
        1,
        0.711,
        -0.735,
        0.822,
        -0.533,
        0.933,
        -0.533,
        0,
        1.2,
        -0.86,
        2,
        1.7,
        -0.86
      ]
    },
    {
      "Target": "Parameter",
      "Id": "BodyY",
      "Segments": [
        0,
        0,
        0,
        0.3,
        -0.665,
        1,
        0.356,
        -0.665,
        0.411,
        -0.648,
        0.467,
        -0.135,
        1,
        0.6,
        1.096,
        0.734,
        2.146,
        0.867,
        2.146,
        0,
        1.1,
        1.012,
        1,
        1.167,
        1.012,
        1.233,
        1.197,
        1.3,
        1.238,
        1,
        1.4,
        1.299,
        1.5,
        1.3,
        1.6,
        1.3,
        2,
        1.7,
        1.3
      ]
    },
    {
      "Target": "Parameter",
      "Id": "BodyZ",
      "Segments": [
        0,
        0,
        0,
        0.167,
        -1,
        2,
        0.267,
        -1,
        1,
        0.311,
        -1,
        0.356,
        -0.285,
        0.4,
        -0.078,
        1,
        0.511,
        0.439,
        0.622,
        0.952,
        0.733,
        1.152,
        1,
        0.822,
        1.312,
        0.911,
        1.409,
        1,
        1.444,
        1,
        1.133,
        1.497,
        1.267,
        1.5,
        1.4,
        1.5,
        2,
        1.7,
        1.5
      ]
    },
    {
      "Target": "Parameter",
      "Id": "BodyUpper",
      "Segments": [
        0,
        0,
        1,
        0.067,
        0,
        0.133,
        -0.064,
        0.2,
        -0.32,
        1,
        0.233,
        -0.448,
        0.267,
        -0.642,
        0.3,
        -0.642,
        0,
        0.7,
        2.841,
        0,
        0.9,
        1.9,
        2,
        1.7,
        1.9
      ]
    },
    {
      "Target": "Parameter",
      "Id": "ShoulderL_Move",
      "Segments": [
        0,
        0,
        0,
        0.367,
        1.339,
        1,
        0.411,
        1.339,
        0.456,
        0.992,
        0.5,
        0.896,
        1,
        0.6,
        0.68,
        0.7,
        0.58,
        0.8,
        0.398,
        1,
        0.967,
        0.095,
        1.133,
        -0.085,
        1.3,
        -0.085,
        2,
        1.7,
        -0.085
      ]
    },
    {
      "Target": "Parameter",
      "Id": "ShoulderR_Move",
      "Segments": [
        0,
        0,
        1,
        0.044,
        0,
        0.089,
        0.027,
        0.133,
        0.831,
        1,
        0.2,
        2.037,
        0.266,
        4.586,
        0.333,
        6.156,
        1,
        0.366,
        6.941,
        0.4,
        7.724,
        0.433,
        8.083,
        1,
        0.478,
        8.561,
        0.522,
        8.627,
        0.567,
        8.627,
        0,
        0.9,
        7.398,
        0,
        1.1,
        7.735,
        2,
        1.7,
        7.735
      ]
    },
    {
      "Target": "Parameter",
      "Id": "ShoulderL_Roll",
      "Segments": [
        0,
        0,
        1,
        0.1,
        0,
        0.2,
        -0.764,
        0.3,
        -1.7,
        1,
        0.344,
        -2.116,
        0.389,
        -2.151,
        0.433,
        -2.151,
        0,
        1.033,
        5.053,
        1,
        1.066,
        5.053,
        1.1,
        4.571,
        1.133,
        4.1,
        1,
        1.155,
        3.786,
        1.178,
        3.757,
        1.2,
        3.757,
        0,
        1.367,
        4.1,
        2,
        1.7,
        4.1
      ]
    },
    {
      "Target": "Parameter",
      "Id": "ElbowL_Roll",
      "Segments": [
        0,
        0,
        0,
        0.2,
        -0.583,
        1,
        0.311,
        -0.583,
        0.422,
        1.112,
        0.533,
        2.355,
        1,
        0.589,
        2.976,
        0.644,
        2.901,
        0.7,
        2.901,
        1,
        0.744,
        2.901,
        0.789,
        2.487,
        0.833,
        2.027,
        1,
        0.889,
        1.451,
        0.944,
        0.898,
        1,
        0.545,
        1,
        1.156,
        -0.443,
        1.311,
        -0.8,
        1.467,
        -0.8,
        2,
        1.7,
        -0.8
      ]
    },
    {
      "Target": "Parameter",
      "Id": "Arm02L_Strech",
      "Segments": [
        0,
        0,
        2,
        0.5,
        0,
        0,
        1.3,
        -0.92,
        2,
        1.6,
        -0.92,
        2,
        1.7,
        -0.92
      ]
    },
    {
      "Target": "Parameter",
      "Id": "ShoulderR_Roll",
      "Segments": [
        0,
        0,
        0,
        0.2,
        15.126,
        1,
        0.244,
        15.126,
        0.289,
        -7.235,
        0.333,
        -11.838,
        1,
        0.378,
        -16.441,
        0.422,
        -18.827,
        0.467,
        -20.353,
        1,
        0.545,
        -23.025,
        0.622,
        -25.169,
        0.7,
        -26.844,
        1,
        0.733,
        -27.562,
        0.767,
        -27.565,
        0.8,
        -27.565,
        0,
        1.167,
        -26.868,
        2,
        1.7,
        -26.868
      ]
    },
    {
      "Target": "Parameter",
      "Id": "ElbowR_Roll",
      "Segments": [
        0,
        0,
        1,
        0.033,
        0,
        0.067,
        -0.561,
        0.1,
        -2.285,
        1,
        0.122,
        -3.434,
        0.145,
        -4.882,
        0.167,
        -6.646,
        1,
        0.211,
        -10.174,
        0.256,
        -15.919,
        0.3,
        -18.563,
        1,
        0.333,
        -20.545,
        0.367,
        -22.249,
        0.4,
        -22.821,
        1,
        0.433,
        -23.393,
        0.467,
        -23.741,
        0.5,
        -23.938,
        1,
        0.556,
        -24.266,
        0.611,
        -24.461,
        0.667,
        -24.707,
        1,
        0.711,
        -24.904,
        0.756,
        -25.081,
        0.8,
        -25.268,
        1,
        0.844,
        -25.455,
        0.889,
        -25.548,
        0.933,
        -25.548,
        2,
        1.567,
        -25.548,
        2,
        1.7,
        -25.548
      ]
    },
    {
      "Target": "Parameter",
      "Id": "HandR_Roll",
      "Segments": [
        0,
        0,
        0,
        0.467,
        3,
        2,
        1.3,
        3,
        2,
        1.6,
        3,
        2,
        1.7,
        3
      ]
    },
    {
      "Target": "Parameter",
      "Id": "Arm01R_Strech",
      "Segments": [
        0,
        0,
        2,
        0.167,
        0,
        1,
        0.222,
        0,
        0.278,
        -1.954,
        0.333,
        -2.636,
        1,
        0.455,
        -4.135,
        0.578,
        -4.42,
        0.7,
        -4.42,
        2,
        1.6,
        -4.42,
        2,
        1.7,
        -4.42
      ]
    },
    {
      "Target": "Parameter",
      "Id": "Arm02R_Strech",
      "Segments": [
        0,
        0,
        2,
        0.033,
        0,
        1,
        0.089,
        0,
        0.144,
        -0.341,
        0.2,
        -3,
        1,
        0.233,
        -4.595,
        0.267,
        -10,
        0.3,
        -10,
        1,
        0.311,
        -10,
        0.322,
        -10.177,
        0.333,
        -9.626,
        1,
        0.444,
        -4.12,
        0.556,
        0,
        0.667,
        0,
        2,
        1.7,
        0
      ]
    },
    {
      "Target": "Parameter",
      "Id": "HandR01",
      "Segments": [
        0,
        1,
        2,
        0.3,
        1,
        0,
        0.333,
        0,
        2,
        1.3,
        0,
        2,
        1.6,
        0,
        2,
        1.7,
        0
      ]
    },
    {
      "Target": "Parameter",
      "Id": "HandR02",
      "Segments": [
        0,
        0,
        2,
        0.3,
        0,
        0,
        0.333,
        1,
        2,
        1.3,
        1,
        2,
        1.6,
        1,
        2,
        1.7,
        1
      ]
    },
    {
      "Target": "Parameter",
      "Id": "HairFront_Shaking",
      "Segments": [
        0,
        0,
        2,
        0.033,
        0,
        0,
        0.133,
        -0.201,
        0,
        0.333,
        0.505,
        2,
        0.433,
        0.505,
        0,
        0.767,
        -0.391,
        0,
        1.133,
        0.121,
        0,
        1.3,
        0.038,
        0,
        1.533,
        0.087,
        0,
        1.7,
        0
      ]
    },
    {
      "Target": "Parameter",
      "Id": "HairSide_Shaking",
      "Segments": [
        0,
        0,
        2,
        0.033,
        0,
        0,
        0.133,
        -0.134,
        0,
        0.4,
        0.543,
        0,
        0.767,
        -0.334,
        0,
        1.133,
        0.08,
        0,
        1.3,
        0.026,
        0,
        1.533,
        0.058,
        0,
        1.7,
        0
      ]
    },
    {
      "Target": "Parameter",
      "Id": "HairUnder_Shaking",
      "Segments": [
        0,
        0,
        2,
        0.033,
        0,
        0,
        0.133,
        -0.201,
        0,
        0.333,
        0.579,
        2,
        0.433,
        0.579,
        0,
        0.767,
        -0.727,
        0,
        1.133,
        0.121,
        0,
        1.3,
        0.038,
        0,
        1.533,
        0.087,
        0,
        1.7,
        0
      ]
    },
    {
      "Target": "Parameter",
      "Id": "EyeBall_Size",
      "Segments": [
        0,
        0,
        0,
        1.7,
        0
      ]
    },
    {
      "Target": "Parameter",
      "Id": "Mouth_Open",
      "Segments": [
        0,
        1,
        0,
        1.7,
        1
      ]
    },
    {
      "Target": "Parameter",
      "Id": "Teeth01",
      "Segments": [
        0,
        1,
        0,
        1.7,
        1
      ]
    },
    {
      "Target": "Parameter",
      "Id": "Breath",
      "Segments": [
        0,
        0,
        0,
        1.7,
        0
      ]
    },
    {
      "Target": "Parameter",
      "Id": "HandL_Roll",
      "Segments": [
        0,
        0,
        0,
        1.7,
        0
      ]
    },
    {
      "Target": "Parameter",
      "Id": "Param2",
      "Segments": [
        0,
        0,
        0,
        1.7,
        0
      ]
    },
    {
      "Target": "Parameter",
      "Id": "Arm01L_Strech",
      "Segments": [
        0,
        0,
        0,
        1.7,
        0
      ]
    },
    {
      "Target": "Parameter",
      "Id": "HandL_Strech",
      "Segments": [
        0,
        0,
        0,
        1.7,
        0
      ]
    },
    {
      "Target": "Parameter",
      "Id": "HandL01",
      "Segments": [
        0,
        1,
        0,
        1.7,
        1
      ]
    },
    {
      "Target": "Parameter",
      "Id": "HandL02",
      "Segments": [
        0,
        0,
        0,
        1.7,
        0
      ]
    },
    {
      "Target": "Parameter",
      "Id": "Param",
      "Segments": [
        0,
        0,
        0,
        1.7,
        0
      ]
    },
    {
      "Target": "Parameter",
      "Id": "Param4",
      "Segments": [
        0,
        0,
        0,
        1.7,
        0
      ]
    },
    {
      "Target": "Parameter",
      "Id": "Param3",
      "Segments": [
        0,
        0,
        0,
        1.7,
        0
      ]
    },
    {
      "Target": "Parameter",
      "Id": "ALLX",
      "Segments": [
        0,
        0,
        0,
        1.7,
        0
      ]
    },
    {
      "Target": "Parameter",
      "Id": "ALLY",
      "Segments": [
        0,
        0,
        0,
        1.7,
        0
      ]
    },
    {
      "Target": "Parameter",
      "Id": "ALLZ",
      "Segments": [
        0,
        0,
        0,
        1.7,
        0
      ]
    }
  ],
  "UserData": [
    {
      "Time": 0.0,
      "Value": ""
    }
  ]
}