{
  "Version": 3,
  "Meta": {
    "Duration": 1.467,
    "Fps": 30.0,
    "Loop": true,
    "AreBeziersRestricted": true,
    "CurveCount": 54,
    "TotalSegmentCount": 140,
    "TotalPointCount": 188,
    "UserDataCount": 1,
    "TotalUserDataSize": 0
  },
  "Curves": [
    {
      "Target": "Parameter",
      "Id": "BrowLY",
      "Segments": [
        0,
        0,
        2,
        0.033,
        0,
        0,
        0.633,
        -0.2,
        2,
        1.467,
        -0.2
      ]
    },
    {
      "Target": "Parameter",
      "Id": "BrowRY",
      "Segments": [
        0,
        0,
        2,
        0.033,
        0,
        0,
        0.633,
        -0.2,
        2,
        1.467,
        -0.2
      ]
    },
    {
      "Target": "Parameter",
      "Id": "BrowLX",
      "Segments": [
        0,
        0,
        2,
        0.033,
        0,
        0,
        0.633,
        0.5,
        2,
        1.467,
        0.5
      ]
    },
    {
      "Target": "Parameter",
      "Id": "BrowRX",
      "Segments": [
        0,
        0,
        2,
        0.033,
        0,
        0,
        0.633,
        0.1,
        2,
        1.467,
        0.1
      ]
    },
    {
      "Target": "Parameter",
      "Id": "BrowL_Angle",
      "Segments": [
        0,
        0,
        2,
        0.033,
        0,
        0,
        0.633,
        0.5,
        2,
        1.467,
        0.5
      ]
    },
    {
      "Target": "Parameter",
      "Id": "BrowR_Angle",
      "Segments": [
        0,
        0,
        2,
        0.033,
        0,
        0,
        0.633,
        0.5,
        2,
        1.467,
        0.5
      ]
    },
    {
      "Target": "Parameter",
      "Id": "BrowL_Form",
      "Segments": [
        0,
        0,
        2,
        0.033,
        0,
        0,
        0.633,
        -0.6,
        2,
        1.467,
        -0.6
      ]
    },
    {
      "Target": "Parameter",
      "Id": "BrowR_Form",
      "Segments": [
        0,
        0,
        2,
        0.033,
        0,
        0,
        0.633,
        -0.8,
        2,
        1.467,
        -0.8
      ]
    },
    {
      "Target": "Parameter",
      "Id": "EyeL_Open",
      "Segments": [
        0,
        1,
        2,
        0.033,
        1,
        0,
        0.633,
        0.9,
        2,
        1.467,
        0.9
      ]
    },
    {
      "Target": "Parameter",
      "Id": "EyeR_Open",
      "Segments": [
        0,
        1,
        2,
        0.033,
        1,
        0,
        0.633,
        0.9,
        2,
        1.467,
        0.9
      ]
    },
    {
      "Target": "Parameter",
      "Id": "EyeBallX",
      "Segments": [
        0,
        0,
        2,
        0.233,
        0,
        0,
        0.833,
        -0.3,
        2,
        1.467,
        -0.3
      ]
    },
    {
      "Target": "Parameter",
      "Id": "EyeBallY",
      "Segments": [
        0,
        0.5,
        2,
        0.233,
        0.5,
        0,
        0.833,
        -0.2,
        2,
        1.467,
        -0.2
      ]
    },
    {
      "Target": "Parameter",
      "Id": "Mouth_Form",
      "Segments": [
        0,
        0,
        2,
        0.033,
        0,
        0,
        0.633,
        -1,
        2,
        1.467,
        -1
      ]
    },
    {
      "Target": "Parameter",
      "Id": "Mouth_Open",
      "Segments": [
        0,
        1,
        2,
        0.033,
        1,
        0,
        0.633,
        0.6,
        2,
        1.467,
        0.6
      ]
    },
    {
      "Target": "Parameter",
      "Id": "Mouth_Size",
      "Segments": [
        0,
        1,
        2,
        0.033,
        1,
        0,
        0.633,
        0.5,
        2,
        1.467,
        0.5
      ]
    },
    {
      "Target": "Parameter",
      "Id": "HeadX",
      "Segments": [
        0,
        0,
        1,
        0.067,
        0,
        0.133,
        0.243,
        0.2,
        1.653,
        1,
        0.289,
        3.533,
        0.378,
        5.931,
        0.467,
        8.88,
        1,
        0.534,
        11.092,
        0.6,
        13.8,
        0.667,
        13.8,
        0,
        1.3,
        9.9,
        2,
        1.467,
        9.9
      ]
    },
    {
      "Target": "Parameter",
      "Id": "NeckZ",
      "Segments": [
        0,
        0,
        1,
        0.189,
        0,
        0.378,
        -0.838,
        0.567,
        -2.247,
        1,
        0.6,
        -2.496,
        0.634,
        -2.757,
        0.667,
        -2.806,
        1,
        0.756,
        -2.939,
        0.844,
        -2.963,
        0.933,
        -2.963,
        0,
        1.3,
        -2.247,
        2,
        1.467,
        -2.247
      ]
    },
    {
      "Target": "Parameter",
      "Id": "BodyX",
      "Segments": [
        0,
        0,
        0,
        0.667,
        4.49,
        0,
        0.9,
        3.79,
        0,
        1.2,
        3.895,
        2,
        1.467,
        3.895
      ]
    },
    {
      "Target": "Parameter",
      "Id": "BodyY",
      "Segments": [
        0,
        0,
        0,
        0.667,
        2.5,
        0,
        1.333,
        -0.02,
        2,
        1.467,
        -0.02
      ]
    },
    {
      "Target": "Parameter",
      "Id": "BodyZ",
      "Segments": [
        0,
        0,
        1,
        0.144,
        0,
        0.289,
        0.002,
        0.433,
        0.045,
        1,
        0.522,
        0.071,
        0.611,
        0.174,
        0.7,
        0.174,
        1,
        0.744,
        0.174,
        0.789,
        0.092,
        0.833,
        0.056,
        1,
        0.944,
        -0.035,
        1.056,
        -0.103,
        1.167,
        -0.169,
        1,
        1.222,
        -0.202,
        1.278,
        -0.242,
        1.333,
        -0.247,
        1,
        1.378,
        -0.252,
        1.422,
        -0.251,
        1.467,
        -0.251
      ]
    },
    {
      "Target": "Parameter",
      "Id": "BodyUpper",
      "Segments": [
        0,
        0,
        0,
        0.467,
        0.28,
        0,
        1.3,
        0,
        2,
        1.467,
        0
      ]
    },
    {
      "Target": "Parameter",
      "Id": "Breath",
      "Segments": [
        0,
        0,
        0,
        0.6,
        0.4,
        0,
        1.3,
        0,
        2,
        1.467,
        0
      ]
    },
    {
      "Target": "Parameter",
      "Id": "ShoulderL_Move",
      "Segments": [
        0,
        0,
        0,
        0.4,
        -0.859,
        1,
        0.511,
        -0.859,
        0.622,
        0.171,
        0.733,
        0.606,
        1,
        0.8,
        0.867,
        0.866,
        0.982,
        0.933,
        1.016,
        1,
        1.055,
        1.076,
        1.178,
        1.08,
        1.3,
        1.08,
        2,
        1.467,
        1.08
      ]
    },
    {
      "Target": "Parameter",
      "Id": "ShoulderR_Move",
      "Segments": [
        0,
        0,
        1,
        0.1,
        0,
        0.2,
        0.847,
        0.3,
        1.099,
        1,
        0.5,
        1.604,
        0.7,
        1.67,
        0.9,
        1.67,
        0,
        1.3,
        1.099,
        2,
        1.467,
        1.099
      ]
    },
    {
      "Target": "Parameter",
      "Id": "ShoulderL_Roll",
      "Segments": [
        0,
        0,
        0,
        0.633,
        3.06,
        0,
        1.4,
        0,
        2,
        1.467,
        0
      ]
    },
    {
      "Target": "Parameter",
      "Id": "ElbowL_Roll",
      "Segments": [
        0,
        0,
        0,
        0.7,
        2.6,
        0,
        1.4,
        0,
        2,
        1.467,
        0
      ]
    },
    {
      "Target": "Parameter",
      "Id": "ShoulderR_Roll",
      "Segments": [
        0,
        0,
        2,
        0.133,
        0,
        1,
        0.2,
        0,
        0.266,
        -0.125,
        0.333,
        -0.429,
        1,
        0.389,
        -0.682,
        0.444,
        -0.939,
        0.5,
        -1.25,
        1,
        0.578,
        -1.686,
        0.655,
        -1.975,
        0.733,
        -1.975,
        2,
        1.467,
        -1.975
      ]
    },
    {
      "Target": "Parameter",
      "Id": "ElbowR_Roll",
      "Segments": [
        0,
        0,
        1,
        0.144,
        0,
        0.289,
        0.355,
        0.433,
        1.127,
        1,
        0.489,
        1.424,
        0.544,
        1.882,
        0.6,
        2.086,
        1,
        0.644,
        2.249,
        0.689,
        2.424,
        0.733,
        2.424,
        1,
        0.978,
        2.425,
        1.222,
        2.424,
        1.467,
        2.427
      ]
    },
    {
      "Target": "Parameter",
      "Id": "Arm01R_Strech",
      "Segments": [
        0,
        0,
        0,
        0.733,
        3.379,
        2,
        1.467,
        3.379
      ]
    },
    {
      "Target": "Parameter",
      "Id": "Arm02R_Strech",
      "Segments": [
        0,
        0,
        2,
        0.133,
        0,
        0,
        0.733,
        1.902,
        2,
        1.467,
        1.902
      ]
    },
    {
      "Target": "Parameter",
      "Id": "HairFront_Shaking",
      "Segments": [
        0,
        0,
        2,
        0.033,
        0,
        0,
        0.233,
        0.076,
        0,
        0.733,
        -0.14,
        0,
        1.1,
        0.09,
        0,
        1.467,
        0
      ]
    },
    {
      "Target": "Parameter",
      "Id": "HairSide_Shaking",
      "Segments": [
        0,
        0,
        2,
        0.033,
        0,
        0,
        0.233,
        0.086,
        0,
        0.733,
        -0.216,
        0,
        1.1,
        0.154,
        0,
        1.467,
        0
      ]
    },
    {
      "Target": "Parameter",
      "Id": "HairUnder_Shaking",
      "Segments": [
        0,
        0,
        2,
        0.033,
        0,
        0,
        0.233,
        0.129,
        0,
        0.733,
        -0.266,
        0,
        1.1,
        0.241,
        0,
        1.467,
        0
      ]
    },
    {
      "Target": "Parameter",
      "Id": "Param4",
      "Segments": [
        0,
        0,
        0,
        1.467,
        -5
      ]
    },
    {
      "Target": "Parameter",
      "Id": "EyeL_Smile",
      "Segments": [
        0,
        0,
        0,
        1.467,
        0
      ]
    },
    {
      "Target": "Parameter",
      "Id": "EyeR_Smile",
      "Segments": [
        0,
        0,
        0,
        1.467,
        0
      ]
    },
    {
      "Target": "Parameter",
      "Id": "EyeBall_Size",
      "Segments": [
        0,
        0,
        0,
        1.467,
        0
      ]
    },
    {
      "Target": "Parameter",
      "Id": "Teeth01",
      "Segments": [
        0,
        1,
        0,
        1.467,
        1
      ]
    },
    {
      "Target": "Parameter",
      "Id": "HeadY",
      "Segments": [
        0,
        0,
        0,
        1.467,
        0
      ]
    },
    {
      "Target": "Parameter",
      "Id": "HandL_Roll",
      "Segments": [
        0,
        0,
        0,
        1.467,
        0
      ]
    },
    {
      "Target": "Parameter",
      "Id": "Param2",
      "Segments": [
        0,
        0,
        0,
        1.467,
        0
      ]
    },
    {
      "Target": "Parameter",
      "Id": "Arm01L_Strech",
      "Segments": [
        0,
        0,
        0,
        1.467,
        0
      ]
    },
    {
      "Target": "Parameter",
      "Id": "Arm02L_Strech",
      "Segments": [
        0,
        0,
        0,
        1.467,
        0
      ]
    },
    {
      "Target": "Parameter",
      "Id": "HandL_Strech",
      "Segments": [
        0,
        0,
        0,
        1.467,
        0
      ]
    },
    {
      "Target": "Parameter",
      "Id": "HandL01",
      "Segments": [
        0,
        1,
        0,
        1.467,
        1
      ]
    },
    {
      "Target": "Parameter",
      "Id": "HandL02",
      "Segments": [
        0,
        0,
        0,
        1.467,
        0
      ]
    },
    {
      "Target": "Parameter",
      "Id": "HandR_Roll",
      "Segments": [
        0,
        0,
        0,
        1.467,
        0
      ]
    },
    {
      "Target": "Parameter",
      "Id": "Param",
      "Segments": [
        0,
        0,
        0,
        1.467,
        0
      ]
    },
    {
      "Target": "Parameter",
      "Id": "HandR01",
      "Segments": [
        0,
        1,
        0,
        1.467,
        1
      ]
    },
    {
      "Target": "Parameter",
      "Id": "HandR02",
      "Segments": [
        0,
        0,
        0,
        1.467,
        0
      ]
    },
    {
      "Target": "Parameter",
      "Id": "Param3",
      "Segments": [
        0,
        0,
        0,
        1.467,
        0
      ]
    },
    {
      "Target": "Parameter",
      "Id": "ALLX",
      "Segments": [
        0,
        0,
        0,
        1.467,
        0
      ]
    },
    {
      "Target": "Parameter",
      "Id": "ALLY",
      "Segments": [
        0,
        0,
        0,
        1.467,
        0
      ]
    },
    {
      "Target": "Parameter",
      "Id": "ALLZ",
      "Segments": [
        0,
        0,
        0,
        1.467,
        0
      ]
    }
  ],
  "UserData": [
    {
      "Time": 0.0,
      "Value": ""
    }
  ]
}