{
  "Version": 3,
  "Meta": {
    "Duration": 2.0,
    "Fps": 30.0,
    "Loop": true,
    "AreBeziersRestricted": true,
    "CurveCount": 79,
    "TotalSegmentCount": 235,
    "TotalPointCount": 319,
    "UserDataCount": 1,
    "TotalUserDataSize": 0
  },
  "Curves": [
    {
      "Target": "Parameter",
      "Id": "Breath",
      "Segments": [
        0,
        0,
        2,
        1.333,
        0,
        1,
        1.555,
        0,
        1.778,
        0.167,
        2,
        0.5
      ]
    },
    {
      "Target": "Parameter",
      "Id": "Body_Shaking",
      "Segments": [
        0,
        0,
        0,
        0.233,
        -7,
        0,
        1.6,
        2,
        1,
        1.733,
        2,
        1.867,
        1.753,
        2,
        0
      ]
    },
    {
      "Target": "Parameter",
      "Id": "BodyY",
      "Segments": [
        0,
        0,
        0,
        0.2,
        -11,
        0,
        1,
        1.5,
        1,
        1.111,
        1.5,
        1.222,
        1.237,
        1.333,
        0,
        1,
        1.378,
        -0.495,
        1.422,
        -2,
        1.467,
        -2,
        0,
        1.833,
        0,
        2,
        2,
        0
      ]
    },
    {
      "Target": "Parameter",
      "Id": "Body_Twist",
      "Segments": [
        0,
        22,
        0,
        0.3,
        -20,
        0,
        1.333,
        7,
        1,
        1.555,
        7,
        1.778,
        3.881,
        2,
        -1.3
      ]
    },
    {
      "Target": "Parameter",
      "Id": "Body_Pose1",
      "Segments": [
        0,
        0,
        0,
        0.167,
        -2,
        1,
        0.445,
        -2,
        0.722,
        -0.536,
        1,
        -0.28,
        1,
        1.333,
        0.027,
        1.667,
        0,
        2,
        0
      ]
    },
    {
      "Target": "Parameter",
      "Id": "Waist_Roll",
      "Segments": [
        0,
        5,
        0,
        0.267,
        0,
        1,
        0.511,
        0,
        0.756,
        9.095,
        1,
        9.36,
        1,
        1.333,
        9.722,
        1.667,
        9.921,
        2,
        10
      ]
    },
    {
      "Target": "Parameter",
      "Id": "Head_AngleX",
      "Segments": [
        0,
        0,
        0,
        0.267,
        -18,
        1,
        0.511,
        -18,
        0.756,
        -12.347,
        1,
        0,
        1,
        1.111,
        5.612,
        1.222,
        9,
        1.333,
        9,
        1,
        1.555,
        9,
        1.778,
        3.707,
        2,
        2.326
      ]
    },
    {
      "Target": "Parameter",
      "Id": "Head_AngleY",
      "Segments": [
        0,
        0,
        0,
        0.267,
        -25,
        1,
        0.511,
        -25,
        0.756,
        -3.626,
        1,
        0,
        1,
        1.111,
        1.648,
        1.222,
        1,
        1.333,
        1,
        1,
        1.555,
        1,
        1.778,
        -3.537,
        2,
        -4.72
      ]
    },
    {
      "Target": "Parameter",
      "Id": "Head_Roll",
      "Segments": [
        0,
        -6,
        1,
        0.167,
        -6,
        0.333,
        -5.25,
        0.5,
        -2.32,
        1,
        0.778,
        2.564,
        1.055,
        6,
        1.333,
        6,
        1,
        1.555,
        6,
        1.778,
        5.612,
        2,
        4
      ]
    },
    {
      "Target": "Parameter",
      "Id": "HeadY",
      "Segments": [
        0,
        0,
        0,
        0.467,
        -14,
        0,
        1,
        0,
        1,
        1.333,
        0,
        1.667,
        0.568,
        2,
        -1
      ]
    },
    {
      "Target": "Parameter",
      "Id": "EyeL_Open",
      "Segments": [
        0,
        1,
        0,
        0.167,
        1.5,
        0,
        0.833,
        0,
        2,
        1,
        0,
        2,
        1.333,
        0,
        2,
        2,
        0
      ]
    },
    {
      "Target": "Parameter",
      "Id": "EyeL_Smile",
      "Segments": [
        0,
        0,
        2,
        0.333,
        0,
        0,
        0.833,
        1,
        2,
        1,
        1,
        2,
        1.333,
        1,
        2,
        2,
        1
      ]
    },
    {
      "Target": "Parameter",
      "Id": "EyeR_Open",
      "Segments": [
        0,
        1,
        0,
        0.167,
        1.5,
        0,
        0.833,
        0,
        2,
        1,
        0,
        2,
        1.333,
        0,
        2,
        2,
        0
      ]
    },
    {
      "Target": "Parameter",
      "Id": "EyeR_Smile",
      "Segments": [
        0,
        0,
        2,
        0.333,
        0,
        0,
        0.833,
        1,
        2,
        1,
        1,
        2,
        1.333,
        1,
        2,
        2,
        1
      ]
    },
    {
      "Target": "Parameter",
      "Id": "BrowLY",
      "Segments": [
        0,
        0,
        0,
        1,
        0.5,
        2,
        1.333,
        0.5,
        2,
        2,
        0.5
      ]
    },
    {
      "Target": "Parameter",
      "Id": "BrowRY",
      "Segments": [
        0,
        0,
        0,
        1,
        0.4,
        2,
        1.333,
        0.4,
        2,
        2,
        0.4
      ]
    },
    {
      "Target": "Parameter",
      "Id": "HairFront_Shaking",
      "Segments": [
        0,
        0,
        0,
        0.433,
        -1,
        0,
        1.1,
        0.9,
        0,
        2,
        -0.5
      ]
    },
    {
      "Target": "Parameter",
      "Id": "HairSide_Shaking",
      "Segments": [
        0,
        0,
        0,
        0.6,
        -0.548,
        0,
        1.333,
        0.3,
        1,
        1.555,
        0.3,
        1.778,
        0.196,
        2,
        0
      ]
    },
    {
      "Target": "Parameter",
      "Id": "HairBack_Shaking",
      "Segments": [
        0,
        0,
        0,
        0.467,
        -0.7,
        0,
        1.433,
        0.5,
        1,
        1.622,
        0.5,
        1.811,
        0.329,
        2,
        0
      ]
    },
    {
      "Target": "Parameter",
      "Id": "ShoulderRY",
      "Segments": [
        0,
        0,
        0,
        0.3,
        10,
        0,
        1,
        0,
        2,
        1.333,
        0,
        2,
        2,
        0
      ]
    },
    {
      "Target": "Parameter",
      "Id": "ShoulderR_Roll",
      "Segments": [
        0,
        2,
        0,
        0.3,
        -16,
        1,
        0.533,
        -16,
        0.767,
        -11.375,
        1,
        -8.56,
        1,
        1.111,
        -7.219,
        1.222,
        -7.48,
        1.333,
        -7.48,
        1,
        1.555,
        -7.48,
        1.778,
        -8.044,
        2,
        -9
      ]
    },
    {
      "Target": "Parameter",
      "Id": "ArmR_Roll",
      "Segments": [
        0,
        1.58,
        1,
        0.222,
        10.198,
        0.445,
        25.331,
        0.667,
        27.12,
        1,
        0.945,
        30.2,
        1.222,
        30,
        1.5,
        30,
        0,
        2,
        29.7
      ]
    },
    {
      "Target": "Parameter",
      "Id": "HandR_Roll",
      "Segments": [
        0,
        26,
        1,
        0.333,
        26,
        0.667,
        27.463,
        1,
        29,
        1,
        1.2,
        29.922,
        1.4,
        30,
        1.6,
        30,
        1,
        1.733,
        30,
        1.867,
        29.004,
        2,
        26.1
      ]
    },
    {
      "Target": "Parameter",
      "Id": "ArmR_Scale",
      "Segments": [
        0,
        0,
        0,
        0.233,
        -30,
        2,
        0.367,
        -30,
        0,
        0.567,
        0,
        2,
        1,
        0,
        2,
        1.333,
        0,
        2,
        2,
        0
      ]
    },
    {
      "Target": "Parameter",
      "Id": "ShoulderR_Scale",
      "Segments": [
        0,
        -17,
        1,
        0.1,
        -17,
        0.2,
        -18.336,
        0.3,
        -19,
        1,
        0.644,
        -21.287,
        0.989,
        -22,
        1.333,
        -22,
        2,
        2,
        -22
      ]
    },
    {
      "Target": "Parameter",
      "Id": "ShoulderLY",
      "Segments": [
        0,
        -10,
        1,
        0.078,
        -10,
        0.155,
        12.592,
        0.233,
        16,
        1,
        0.489,
        27.197,
        0.744,
        30,
        1,
        30,
        2,
        1.333,
        30,
        2,
        2,
        30
      ]
    },
    {
      "Target": "Parameter",
      "Id": "ShoulderL_Roll",
      "Segments": [
        0,
        -17,
        0,
        0.333,
        6,
        0,
        1,
        -8,
        2,
        1.333,
        -8,
        1,
        1.555,
        -8,
        1.778,
        -9.741,
        2,
        -9.9
      ]
    },
    {
      "Target": "Parameter",
      "Id": "ArmL_Roll",
      "Segments": [
        0,
        -3,
        1,
        0.222,
        -8.849,
        0.445,
        -22.886,
        0.667,
        -25.94,
        1,
        0.945,
        -29.208,
        1.222,
        -29.03,
        1.5,
        -29.03,
        1,
        1.667,
        -29.03,
        1.833,
        -29.017,
        2,
        -28.8
      ]
    },
    {
      "Target": "Parameter",
      "Id": "HandL_Roll",
      "Segments": [
        0,
        1,
        1,
        0.333,
        1,
        0.667,
        -5.583,
        1,
        -17,
        1,
        1.111,
        -20.806,
        1.222,
        -22,
        1.333,
        -22,
        1,
        1.555,
        -22,
        1.778,
        -19.067,
        2,
        -14
      ]
    },
    {
      "Target": "Parameter",
      "Id": "ArmL_Scale",
      "Segments": [
        0,
        -3,
        0,
        0.233,
        -30,
        2,
        0.367,
        -30,
        0,
        0.567,
        -9,
        2,
        1.333,
        -9,
        2,
        2,
        -9
      ]
    },
    {
      "Target": "Parameter",
      "Id": "ShoulderL_Scale",
      "Segments": [
        0,
        0,
        1,
        0.1,
        0,
        0.2,
        -15.909,
        0.3,
        -18,
        1,
        0.644,
        -25.202,
        0.989,
        -27,
        1.333,
        -27,
        2,
        2,
        -27
      ]
    },
    {
      "Target": "Parameter",
      "Id": "Skirt_Shaking",
      "Segments": [
        0,
        0,
        0,
        0.433,
        -22,
        0,
        1.1,
        21,
        0,
        2,
        -20
      ]
    },
    {
      "Target": "Parameter",
      "Id": "LegR_Roll",
      "Segments": [
        0,
        0,
        0,
        0.233,
        1,
        0,
        1,
        0,
        2,
        1.333,
        0,
        2,
        2,
        0
      ]
    },
    {
      "Target": "Parameter",
      "Id": "LegL_Roll",
      "Segments": [
        0,
        0,
        0,
        0.233,
        -1,
        0,
        1,
        0,
        2,
        1.333,
        0,
        2,
        2,
        0
      ]
    },
    {
      "Target": "Parameter",
      "Id": "Lowerbody_Roll",
      "Segments": [
        0,
        0,
        0,
        0.233,
        -6,
        0,
        1,
        0,
        2,
        1.333,
        0,
        2,
        2,
        0
      ]
    },
    {
      "Target": "PartOpacity",
      "Id": "Part",
      "Segments": [
        0,
        1,
        2,
        1,
        1,
        2,
        1.33,
        1,
        2,
        2,
        1
      ]
    },
    {
      "Target": "PartOpacity",
      "Id": "Part2",
      "Segments": [
        0,
        1,
        2,
        1,
        1,
        2,
        1.33,
        1,
        2,
        2,
        1
      ]
    },
    {
      "Target": "PartOpacity",
      "Id": "Part3",
      "Segments": [
        0,
        1,
        2,
        1,
        1,
        2,
        1.33,
        1,
        2,
        2,
        1
      ]
    },
    {
      "Target": "PartOpacity",
      "Id": "Part4",
      "Segments": [
        0,
        1,
        2,
        1,
        1,
        2,
        1.33,
        1,
        2,
        2,
        1
      ]
    },
    {
      "Target": "PartOpacity",
      "Id": "Part5",
      "Segments": [
        0,
        1,
        2,
        1,
        1,
        2,
        1.33,
        1,
        2,
        2,
        1
      ]
    },
    {
      "Target": "PartOpacity",
      "Id": "Part6",
      "Segments": [
        0,
        1,
        2,
        1,
        1,
        2,
        1.33,
        1,
        2,
        2,
        1
      ]
    },
    {
      "Target": "PartOpacity",
      "Id": "Part7",
      "Segments": [
        0,
        1,
        2,
        1,
        1,
        2,
        1.33,
        1,
        2,
        2,
        1
      ]
    },
    {
      "Target": "PartOpacity",
      "Id": "Part24",
      "Segments": [
        0,
        0,
        2,
        0.43,
        0,
        0,
        0.5,
        1,
        2,
        1.33,
        1,
        2,
        2,
        1
      ]
    },
    {
      "Target": "PartOpacity",
      "Id": "Part21",
      "Segments": [
        0,
        1,
        2,
        0.83,
        1,
        2,
        1,
        1,
        2,
        1.33,
        1,
        2,
        2,
        1
      ]
    },
    {
      "Target": "PartOpacity",
      "Id": "Part13",
      "Segments": [
        0,
        0,
        2,
        0.5,
        0,
        0,
        0.57,
        1,
        2,
        1.33,
        1,
        2,
        2,
        1
      ]
    },
    {
      "Target": "PartOpacity",
      "Id": "Part11",
      "Segments": [
        0,
        1,
        2,
        0.5,
        1,
        2,
        0.57,
        0,
        2,
        1.33,
        0,
        2,
        2,
        0
      ]
    },
    {
      "Target": "PartOpacity",
      "Id": "Part12",
      "Segments": [
        0,
        0,
        2,
        0.63,
        0,
        2,
        1.33,
        0,
        2,
        2,
        0
      ]
    },
    {
      "Target": "PartOpacity",
      "Id": "Part8",
      "Segments": [
        0,
        1,
        2,
        1,
        1,
        2,
        1.33,
        1,
        2,
        2,
        1
      ]
    },
    {
      "Target": "PartOpacity",
      "Id": "Part9",
      "Segments": [
        0,
        1,
        2,
        1,
        1,
        2,
        1.33,
        1,
        2,
        2,
        1
      ]
    },
    {
      "Target": "PartOpacity",
      "Id": "Part10",
      "Segments": [
        0,
        1,
        2,
        1,
        1,
        2,
        1.33,
        1,
        2,
        2,
        1
      ]
    },
    {
      "Target": "PartOpacity",
      "Id": "Part19",
      "Segments": [
        0,
        0,
        2,
        0.17,
        0,
        0,
        0.27,
        1,
        2,
        1,
        1,
        2,
        1.33,
        1,
        2,
        2,
        1
      ]
    },
    {
      "Target": "PartOpacity",
      "Id": "Part18",
      "Segments": [
        0,
        1,
        2,
        0.33,
        0,
        2,
        1,
        0,
        2,
        1.33,
        0,
        2,
        2,
        0
      ]
    },
    {
      "Target": "PartOpacity",
      "Id": "Part17",
      "Segments": [
        0,
        0,
        2,
        1,
        1,
        2,
        1.33,
        1,
        2,
        2,
        1
      ]
    },
    {
      "Target": "PartOpacity",
      "Id": "Part25",
      "Segments": [
        0,
        1,
        2,
        1.33,
        1,
        2,
        2,
        1
      ]
    },
    {
      "Target": "PartOpacity",
      "Id": "Part22",
      "Segments": [
        0,
        1,
        2,
        0.17,
        1,
        0,
        0.33,
        0,
        2,
        1.33,
        0,
        2,
        2,
        0
      ]
    },
    {
      "Target": "PartOpacity",
      "Id": "Part20",
      "Segments": [
        0,
        0,
        2,
        0.33,
        0,
        2,
        1,
        0,
        2,
        1.33,
        0,
        2,
        2,
        0
      ]
    },
    {
      "Target": "PartOpacity",
      "Id": "Part16",
      "Segments": [
        0,
        0,
        2,
        1,
        0,
        2,
        1.33,
        0,
        2,
        2,
        0
      ]
    },
    {
      "Target": "PartOpacity",
      "Id": "Part15",
      "Segments": [
        0,
        0,
        2,
        0.5,
        0,
        0,
        0.57,
        1,
        2,
        1,
        1,
        2,
        1.33,
        1,
        2,
        2,
        1
      ]
    },
    {
      "Target": "PartOpacity",
      "Id": "Part23",
      "Segments": [
        0,
        1,
        2,
        0.5,
        1,
        2,
        0.57,
        0,
        2,
        1.33,
        0,
        2,
        2,
        0
      ]
    },
    {
      "Target": "PartOpacity",
      "Id": "Part14",
      "Segments": [
        0,
        0,
        2,
        0.63,
        0,
        2,
        1.33,
        0,
        2,
        2,
        0
      ]
    },
    {
      "Target": "Model",
      "Id": "Opacity",
      "Segments": [
        0,
        1,
        0,
        2,
        1
      ]
    },
    {
      "Target": "Parameter",
      "Id": "EyeBallX",
      "Segments": [
        0,
        0,
        0,
        2,
        0
      ]
    },
    {
      "Target": "Parameter",
      "Id": "EyeBallY",
      "Segments": [
        0,
        0,
        0,
        2,
        0
      ]
    },
    {
      "Target": "Parameter",
      "Id": "BrowLX",
      "Segments": [
        0,
        0,
        0,
        2,
        0
      ]
    },
    {
      "Target": "Parameter",
      "Id": "BrowRX",
      "Segments": [
        0,
        0,
        0,
        2,
        0
      ]
    },
    {
      "Target": "Parameter",
      "Id": "BrowL_Angle",
      "Segments": [
        0,
        0,
        0,
        2,
        0
      ]
    },
    {
      "Target": "Parameter",
      "Id": "BrowR_Angle",
      "Segments": [
        0,
        0,
        0,
        2,
        0
      ]
    },
    {
      "Target": "Parameter",
      "Id": "BrowL_Form1",
      "Segments": [
        0,
        0,
        0,
        2,
        0
      ]
    },
    {
      "Target": "Parameter",
      "Id": "BrowR_Form",
      "Segments": [
        0,
        0,
        0,
        2,
        0
      ]
    },
    {
      "Target": "Parameter",
      "Id": "Mouth_Form",
      "Segments": [
        0,
        0,
        0,
        2,
        0
      ]
    },
    {
      "Target": "Parameter",
      "Id": "Mouth_Open",
      "Segments": [
        0,
        1,
        0,
        2,
        1
      ]
    },
    {
      "Target": "Parameter",
      "Id": "Mouth_Size",
      "Segments": [
        0,
        1,
        0,
        2,
        1
      ]
    },
    {
      "Target": "Parameter",
      "Id": "Mouth_X",
      "Segments": [
        0,
        0,
        0,
        2,
        0
      ]
    },
    {
      "Target": "Parameter",
      "Id": "Mouth_Y",
      "Segments": [
        0,
        0,
        0,
        2,
        0
      ]
    },
    {
      "Target": "PartOpacity",
      "Id": "Part29",
      "Segments": [
        0,
        1,
        0,
        2,
        1
      ]
    },
    {
      "Target": "PartOpacity",
      "Id": "Part27",
      "Segments": [
        0,
        1,
        0,
        2,
        1
      ]
    },
    {
      "Target": "PartOpacity",
      "Id": "Part26",
      "Segments": [
        0,
        1,
        0,
        2,
        1
      ]
    },
    {
      "Target": "PartOpacity",
      "Id": "Part28",
      "Segments": [
        0,
        1,
        0,
        2,
        1
      ]
    },
    {
      "Target": "PartOpacity",
      "Id": "Part30",
      "Segments": [
        0,
        0,
        0,
        2,
        0
      ]
    }
  ],
  "UserData": [
    {
      "Time": 0.0,
      "Value": ""
    }
  ]
}