{
  "Version": 3,
  "Meta": {
    "Duration": 8.0,
    "Fps": 30.0,
    "Loop": true,
    "AreBeziersRestricted": true,
    "CurveCount": 91,
    "TotalSegmentCount": 182,
    "TotalPointCount": 264,
    "UserDataCount": 1,
    "TotalUserDataSize": 0
  },
  "Curves": [
    {
      "Target": "Parameter",
      "Id": "Breath",
      "Segments": [
        0,
        0.127,
        0,
        1.367,
        0,
        0,
        3.267,
        0.227,
        0,
        5.5,
        0,
        0,
        6.933,
        0.227,
        0,
        8,
        0.127
      ]
    },
    {
      "Target": "Parameter",
      "Id": "Body_Shaking",
      "Segments": [
        0,
        10,
        1,
        0.5,
        13.035,
        1,
        13,
        1.5,
        13,
        1,
        2.211,
        13,
        2.922,
        11.75,
        3.633,
        9,
        1,
        4.3,
        6.422,
        4.966,
        5,
        5.633,
        5,
        0,
        8,
        10
      ]
    },
    {
      "Target": "Parameter",
      "Id": "Body_Twist",
      "Segments": [
        0,
        8,
        0,
        2.033,
        -7,
        0,
        4.1,
        19,
        0,
        8,
        8
      ]
    },
    {
      "Target": "Parameter",
      "Id": "Body_Pose1",
      "Segments": [
        0,
        3.015,
        0,
        1.967,
        0,
        0,
        3.967,
        4.422,
        0,
        5.833,
        -2.317,
        0,
        8,
        3.015
      ]
    },
    {
      "Target": "Parameter",
      "Id": "Waist_Roll",
      "Segments": [
        0,
        2,
        0,
        2.167,
        1,
        0,
        4,
        2,
        0,
        5.833,
        1,
        0,
        8,
        2
      ]
    },
    {
      "Target": "Parameter",
      "Id": "Ball_Shaking",
      "Segments": [
        0,
        0.8,
        1,
        0.4,
        -0.888,
        0.8,
        -2,
        1.2,
        -2,
        0,
        2.533,
        -1,
        0,
        4.167,
        -11,
        1,
        4.645,
        -11,
        5.122,
        -2.068,
        5.6,
        0,
        1,
        6.111,
        2.212,
        6.622,
        2,
        7.133,
        2,
        1,
        7.422,
        1.813,
        7.711,
        1.295,
        8,
        0.8
      ]
    },
    {
      "Target": "Parameter",
      "Id": "Head_AngleX",
      "Segments": [
        0,
        -15,
        1,
        0.6,
        -15,
        1.2,
        -14.99,
        1.8,
        -11,
        1,
        2.467,
        -6.567,
        3.133,
        1.186,
        3.8,
        1.186,
        1,
        4.367,
        1.186,
        4.933,
        -1.46,
        5.5,
        -5.814,
        1,
        6.333,
        -12.216,
        7.167,
        -15,
        8,
        -15
      ]
    },
    {
      "Target": "Parameter",
      "Id": "Head_AngleY",
      "Segments": [
        0,
        -2,
        1,
        0.6,
        -4.001,
        1.2,
        -14.085,
        1.8,
        -14.085,
        0,
        3.8,
        5.844,
        1,
        4.367,
        5.844,
        4.933,
        4.057,
        5.5,
        2,
        1,
        6.333,
        -1.024,
        7.167,
        -2,
        8,
        -2
      ]
    },
    {
      "Target": "Parameter",
      "Id": "Head_Roll",
      "Segments": [
        0,
        -6,
        1,
        0.689,
        -7.133,
        1.378,
        -7,
        2.067,
        -7,
        0,
        4.3,
        -4,
        0,
        8,
        -6
      ]
    },
    {
      "Target": "Parameter",
      "Id": "HeadY",
      "Segments": [
        0,
        -3,
        0,
        2.4,
        -2.606,
        0,
        4.3,
        -6,
        0,
        8,
        -3
      ]
    },
    {
      "Target": "Parameter",
      "Id": "BrowRY",
      "Segments": [
        0,
        0,
        2,
        3.2,
        0,
        0,
        4,
        0.1,
        0,
        8,
        0
      ]
    },
    {
      "Target": "Parameter",
      "Id": "BrowLY",
      "Segments": [
        0,
        0,
        2,
        3.2,
        0,
        0,
        4,
        0.1,
        0,
        8,
        0
      ]
    },
    {
      "Target": "Parameter",
      "Id": "EyeBallX",
      "Segments": [
        0,
        0.3,
        1,
        0.622,
        0.3,
        1.245,
        0.268,
        1.867,
        0.2,
        1,
        2.467,
        0.135,
        3.067,
        0.1,
        3.667,
        0.1,
        0,
        5.667,
        0.3,
        2,
        8,
        0.3
      ]
    },
    {
      "Target": "Parameter",
      "Id": "EyeBallY",
      "Segments": [
        0,
        0,
        2,
        1.867,
        0,
        1,
        2.467,
        0,
        3.067,
        -0.037,
        3.667,
        -0.1,
        1,
        4.334,
        -0.17,
        5,
        -0.2,
        5.667,
        -0.2,
        0,
        8,
        0
      ]
    },
    {
      "Target": "Parameter",
      "Id": "Hair_Move",
      "Segments": [
        0,
        1.916,
        1,
        0.5,
        0.404,
        1,
        -1,
        1.5,
        -1,
        0,
        3.2,
        2,
        0,
        4.533,
        -4,
        0,
        5.733,
        10.093,
        1,
        6.211,
        10.093,
        6.689,
        7.057,
        7.167,
        3.89,
        1,
        7.445,
        2.049,
        7.722,
        1.916,
        8,
        1.916
      ]
    },
    {
      "Target": "Parameter",
      "Id": "HairFront_Shaking",
      "Segments": [
        0,
        -0.9,
        0,
        1.8,
        -0.159,
        0,
        3.833,
        -0.6,
        0,
        6,
        0,
        0,
        8,
        -0.9
      ]
    },
    {
      "Target": "Parameter",
      "Id": "HairSide_Shaking",
      "Segments": [
        0,
        -0.679,
        0,
        2.133,
        0,
        0,
        3.967,
        -0.8,
        0,
        6.067,
        0,
        0,
        8,
        -0.679
      ]
    },
    {
      "Target": "Parameter",
      "Id": "HairBack_Move",
      "Segments": [
        0,
        -0.2,
        1,
        0.622,
        -0.386,
        1.245,
        -0.8,
        1.867,
        -0.8,
        1,
        2.534,
        -0.8,
        3.2,
        -0.748,
        3.867,
        -0.532,
        1,
        4.578,
        -0.301,
        5.289,
        -0.1,
        6,
        -0.1,
        0,
        8,
        -0.2
      ]
    },
    {
      "Target": "Parameter",
      "Id": "HairRibbon_Move",
      "Segments": [
        0,
        -0.3,
        0,
        2.133,
        0.1,
        0,
        4.133,
        -0.3,
        0,
        6.267,
        0.2,
        0,
        8,
        -0.3
      ]
    },
    {
      "Target": "Parameter",
      "Id": "ShoulderR_Roll",
      "Segments": [
        0,
        2,
        0,
        2.067,
        1.5,
        0,
        3.967,
        2,
        2,
        8,
        2
      ]
    },
    {
      "Target": "Parameter",
      "Id": "ShoulderRY",
      "Segments": [
        0,
        2.966,
        0,
        2.067,
        -1,
        0,
        3.667,
        5,
        0,
        5.667,
        -1,
        0,
        8,
        2.966
      ]
    },
    {
      "Target": "Parameter",
      "Id": "ArmR_Roll",
      "Segments": [
        0,
        -0.204,
        0,
        2.067,
        -0.2,
        1,
        2.7,
        -0.2,
        3.334,
        -0.278,
        3.967,
        -0.34,
        1,
        4.678,
        -0.409,
        5.389,
        -0.42,
        6.1,
        -0.42,
        0,
        8,
        -0.204
      ]
    },
    {
      "Target": "Parameter",
      "Id": "ArmR_Scale",
      "Segments": [
        0,
        -18,
        0,
        2.067,
        -30,
        1,
        2.7,
        -27.885,
        3.334,
        -10,
        3.967,
        -10,
        1,
        4.678,
        -10,
        5.389,
        -15.655,
        6.1,
        -17,
        1,
        6.733,
        -18.198,
        7.367,
        -18,
        8,
        -18
      ]
    },
    {
      "Target": "Parameter",
      "Id": "ShoulderL_Roll",
      "Segments": [
        0,
        -2,
        0,
        2.067,
        0,
        1,
        2.7,
        0,
        3.334,
        -0.622,
        3.967,
        -1,
        1,
        5.311,
        -1.803,
        6.656,
        -2,
        8,
        -2
      ]
    },
    {
      "Target": "Parameter",
      "Id": "ShoulderLY",
      "Segments": [
        0,
        5.933,
        0,
        2.067,
        -1,
        0,
        3.667,
        5,
        0,
        5.667,
        -1,
        0,
        8,
        5.933
      ]
    },
    {
      "Target": "Parameter",
      "Id": "ArmL_Roll",
      "Segments": [
        0,
        0.7,
        0,
        2.067,
        0.4,
        1,
        2.534,
        0.4,
        3,
        0.48,
        3.467,
        0.6,
        1,
        3.634,
        0.643,
        3.8,
        0.674,
        3.967,
        0.7,
        1,
        4.678,
        0.812,
        5.389,
        0.86,
        6.1,
        0.86,
        0,
        8,
        0.7
      ]
    },
    {
      "Target": "Parameter",
      "Id": "ArmL_Scale",
      "Segments": [
        0,
        2,
        1,
        0.689,
        1.001,
        1.378,
        1,
        2.067,
        1,
        0,
        3.967,
        8,
        0,
        8,
        2
      ]
    },
    {
      "Target": "Parameter",
      "Id": "HandR_Roll",
      "Segments": [
        0,
        15,
        1,
        0.689,
        16.104,
        1.378,
        16.307,
        2.067,
        17,
        1,
        2.7,
        17.638,
        3.334,
        18.374,
        3.967,
        19,
        1,
        4.678,
        19.703,
        5.389,
        20,
        6.1,
        20,
        0,
        8,
        15
      ]
    },
    {
      "Target": "Parameter",
      "Id": "HandL_Roll",
      "Segments": [
        0,
        6,
        0,
        2.067,
        10,
        0,
        3.967,
        7,
        0,
        6.1,
        10,
        0,
        8,
        6
      ]
    },
    {
      "Target": "Parameter",
      "Id": "Lowerbody_Roll",
      "Segments": [
        0,
        5,
        0,
        2.033,
        2,
        1,
        2.666,
        2,
        3.3,
        2.895,
        3.933,
        3.466,
        1,
        5.289,
        4.687,
        6.644,
        5,
        8,
        5
      ]
    },
    {
      "Target": "Parameter",
      "Id": "Cloth_Shaking",
      "Segments": [
        0,
        -19,
        0,
        1.733,
        -8.196,
        0,
        3.767,
        -19,
        0,
        5.967,
        -5.588,
        0,
        8,
        -19
      ]
    },
    {
      "Target": "PartOpacity",
      "Id": "Part10",
      "Segments": [
        0,
        1,
        2,
        8,
        1
      ]
    },
    {
      "Target": "PartOpacity",
      "Id": "Part8",
      "Segments": [
        0,
        1,
        2,
        8,
        1
      ]
    },
    {
      "Target": "PartOpacity",
      "Id": "Part45",
      "Segments": [
        0,
        0,
        2,
        8,
        0
      ]
    },
    {
      "Target": "PartOpacity",
      "Id": "Part47",
      "Segments": [
        0,
        0,
        2,
        8,
        0
      ]
    },
    {
      "Target": "PartOpacity",
      "Id": "Part22",
      "Segments": [
        0,
        1,
        2,
        8,
        1
      ]
    },
    {
      "Target": "PartOpacity",
      "Id": "Part24",
      "Segments": [
        0,
        0,
        2,
        8,
        0
      ]
    },
    {
      "Target": "PartOpacity",
      "Id": "Part2",
      "Segments": [
        0,
        1,
        2,
        8,
        1
      ]
    },
    {
      "Target": "PartOpacity",
      "Id": "Part11",
      "Segments": [
        0,
        1,
        2,
        8,
        1
      ]
    },
    {
      "Target": "PartOpacity",
      "Id": "Part18",
      "Segments": [
        0,
        1,
        2,
        8,
        1
      ]
    },
    {
      "Target": "PartOpacity",
      "Id": "Part6",
      "Segments": [
        0,
        1,
        2,
        8,
        1
      ]
    },
    {
      "Target": "PartOpacity",
      "Id": "Part35",
      "Segments": [
        0,
        1,
        2,
        8,
        1
      ]
    },
    {
      "Target": "PartOpacity",
      "Id": "Part",
      "Segments": [
        0,
        0,
        2,
        8,
        0
      ]
    },
    {
      "Target": "PartOpacity",
      "Id": "Part4",
      "Segments": [
        0,
        0,
        2,
        8,
        0
      ]
    },
    {
      "Target": "PartOpacity",
      "Id": "Part27",
      "Segments": [
        0,
        0,
        2,
        8,
        0
      ]
    },
    {
      "Target": "PartOpacity",
      "Id": "Part3",
      "Segments": [
        0,
        0,
        2,
        8,
        0
      ]
    },
    {
      "Target": "PartOpacity",
      "Id": "Part52",
      "Segments": [
        0,
        1,
        2,
        8,
        1
      ]
    },
    {
      "Target": "PartOpacity",
      "Id": "Part29",
      "Segments": [
        0,
        0,
        2,
        8,
        0
      ]
    },
    {
      "Target": "PartOpacity",
      "Id": "Part36",
      "Segments": [
        0,
        1,
        2,
        8,
        1
      ]
    },
    {
      "Target": "PartOpacity",
      "Id": "Part23",
      "Segments": [
        0,
        1,
        2,
        8,
        1
      ]
    },
    {
      "Target": "PartOpacity",
      "Id": "Part7",
      "Segments": [
        0,
        1,
        2,
        8,
        1
      ]
    },
    {
      "Target": "PartOpacity",
      "Id": "Part12",
      "Segments": [
        0,
        1,
        2,
        8,
        1
      ]
    },
    {
      "Target": "PartOpacity",
      "Id": "Part13",
      "Segments": [
        0,
        1,
        2,
        8,
        1
      ]
    },
    {
      "Target": "PartOpacity",
      "Id": "Part14",
      "Segments": [
        0,
        1,
        2,
        8,
        1
      ]
    },
    {
      "Target": "PartOpacity",
      "Id": "Part15",
      "Segments": [
        0,
        1,
        2,
        8,
        1
      ]
    },
    {
      "Target": "PartOpacity",
      "Id": "Part16",
      "Segments": [
        0,
        1,
        2,
        8,
        1
      ]
    },
    {
      "Target": "PartOpacity",
      "Id": "Part17",
      "Segments": [
        0,
        1,
        2,
        8,
        1
      ]
    },
    {
      "Target": "PartOpacity",
      "Id": "Part31",
      "Segments": [
        0,
        1,
        2,
        8,
        1
      ]
    },
    {
      "Target": "PartOpacity",
      "Id": "Part32",
      "Segments": [
        0,
        1,
        2,
        8,
        1
      ]
    },
    {
      "Target": "PartOpacity",
      "Id": "Part33",
      "Segments": [
        0,
        1,
        2,
        8,
        1
      ]
    },
    {
      "Target": "PartOpacity",
      "Id": "Part19",
      "Segments": [
        0,
        1,
        2,
        8,
        1
      ]
    },
    {
      "Target": "PartOpacity",
      "Id": "Part20",
      "Segments": [
        0,
        1,
        2,
        8,
        1
      ]
    },
    {
      "Target": "PartOpacity",
      "Id": "Part21",
      "Segments": [
        0,
        1,
        2,
        8,
        1
      ]
    },
    {
      "Target": "PartOpacity",
      "Id": "Part25",
      "Segments": [
        0,
        1,
        2,
        8,
        1
      ]
    },
    {
      "Target": "PartOpacity",
      "Id": "Part26",
      "Segments": [
        0,
        1,
        2,
        8,
        1
      ]
    },
    {
      "Target": "PartOpacity",
      "Id": "Part28",
      "Segments": [
        0,
        1,
        2,
        8,
        1
      ]
    },
    {
      "Target": "PartOpacity",
      "Id": "Part30",
      "Segments": [
        0,
        1,
        2,
        8,
        1
      ]
    },
    {
      "Target": "Model",
      "Id": "Opacity",
      "Segments": [
        0,
        1,
        0,
        8,
        1
      ]
    },
    {
      "Target": "Parameter",
      "Id": "BodyY",
      "Segments": [
        0,
        0,
        0,
        8,
        0
      ]
    },
    {
      "Target": "Parameter",
      "Id": "BodyX",
      "Segments": [
        0,
        0,
        0,
        8,
        0
      ]
    },
    {
      "Target": "Parameter",
      "Id": "BrowRX",
      "Segments": [
        0,
        -0.3,
        0,
        8,
        -0.3
      ]
    },
    {
      "Target": "Parameter",
      "Id": "BrowLX",
      "Segments": [
        0,
        0,
        0,
        8,
        0
      ]
    },
    {
      "Target": "Parameter",
      "Id": "BrowR_Form",
      "Segments": [
        0,
        -0.6,
        0,
        8,
        -0.6
      ]
    },
    {
      "Target": "Parameter",
      "Id": "BrowL_Form",
      "Segments": [
        0,
        -0.6,
        0,
        8,
        -0.6
      ]
    },
    {
      "Target": "Parameter",
      "Id": "BrowR_Angle",
      "Segments": [
        0,
        -0.1,
        0,
        8,
        -0.1
      ]
    },
    {
      "Target": "Parameter",
      "Id": "BrowL_Angle",
      "Segments": [
        0,
        0.2,
        0,
        8,
        0.2
      ]
    },
    {
      "Target": "Parameter",
      "Id": "EyeR_Open",
      "Segments": [
        0,
        1.5,
        0,
        8,
        1.5
      ]
    },
    {
      "Target": "Parameter",
      "Id": "EyeR_Smile",
      "Segments": [
        0,
        0,
        0,
        8,
        0
      ]
    },
    {
      "Target": "Parameter",
      "Id": "EyeL_Open",
      "Segments": [
        0,
        1.5,
        0,
        8,
        1.5
      ]
    },
    {
      "Target": "Parameter",
      "Id": "EyeL_Smile",
      "Segments": [
        0,
        0,
        0,
        8,
        0
      ]
    },
    {
      "Target": "Parameter",
      "Id": "EyeBall_Size",
      "Segments": [
        0,
        -12,
        0,
        8,
        -12
      ]
    },
    {
      "Target": "Parameter",
      "Id": "Tooth",
      "Segments": [
        0,
        0,
        0,
        8,
        0
      ]
    },
    {
      "Target": "Parameter",
      "Id": "Mouth_Form",
      "Segments": [
        0,
        0,
        0,
        8,
        0
      ]
    },
    {
      "Target": "Parameter",
      "Id": "Mouth_Open",
      "Segments": [
        0,
        0.5,
        0,
        8,
        0.5
      ]
    },
    {
      "Target": "Parameter",
      "Id": "Mouth_Size",
      "Segments": [
        0,
        1,
        0,
        8,
        1
      ]
    },
    {
      "Target": "Parameter",
      "Id": "MouthY",
      "Segments": [
        0,
        0,
        0,
        8,
        0
      ]
    },
    {
      "Target": "Parameter",
      "Id": "MouthX",
      "Segments": [
        0,
        0,
        0,
        8,
        0
      ]
    },
    {
      "Target": "Parameter",
      "Id": "ShoulderR_Scale",
      "Segments": [
        0,
        0,
        0,
        8,
        0
      ]
    },
    {
      "Target": "Parameter",
      "Id": "ShoulderL_Scale",
      "Segments": [
        0,
        0,
        0,
        8,
        0
      ]
    },
    {
      "Target": "Parameter",
      "Id": "ShoulderL_Big",
      "Segments": [
        0,
        0,
        0,
        8,
        0
      ]
    },
    {
      "Target": "Parameter",
      "Id": "HandR_move",
      "Segments": [
        0,
        -1,
        0,
        8,
        -1
      ]
    }
  ],
  "UserData": [
    {
      "Time": 0.0,
      "Value": ""
    }
  ]
}