{
  "Version": 3,
  "Meta": {
    "Duration": 9.33,
    "Fps": 30.0,
    "Loop": true,
    "AreBeziersRestricted": true,
    "CurveCount": 82,
    "TotalSegmentCount": 345,
    "TotalPointCount": 539,
    "UserDataCount": 0,
    "TotalUserDataSize": 0
  },
  "Curves": [
    {
      "Target": "Parameter",
      "Id": "Breath",
      "Segments": [
        0,
        0,
        0,
        1,
        0.595,
        1,
        1.111,
        0.595,
        1.222,
        0.591,
        1.333,
        0.493,
        1,
        1.644,
        0.218,
        1.956,
        0.002,
        2.267,
        0.002,
        0,
        3.667,
        0.494,
        0,
        5.133,
        0.002,
        0,
        6.733,
        0.595,
        0,
        7.9,
        0,
        0,
        8.933,
        0.595,
        1,
        9.066,
        0.595,
        9.2,
        0.542,
        9.333,
        0.493
      ]
    },
    {
      "Target": "Parameter",
      "Id": "Body_Shaking",
      "Segments": [
        0,
        0,
        0,
        0.333,
        -4,
        0,
        1.333,
        1.841,
        1,
        1.511,
        3.788,
        1.689,
        4.873,
        1.867,
        5.785,
        1,
        2.267,
        7.365,
        2.667,
        7.172,
        3.067,
        6.999,
        1,
        3.722,
        6.565,
        4.378,
        1.799,
        5.033,
        0,
        1,
        6.033,
        -3.125,
        7.033,
        -3.432,
        8.033,
        -3.432,
        1,
        8.466,
        -3.321,
        8.9,
        -1.63,
        9.333,
        1.841
      ]
    },
    {
      "Target": "Parameter",
      "Id": "BodyY",
      "Segments": [
        0,
        0,
        0,
        0.333,
        -7,
        0,
        1.333,
        0,
        2,
        9.333,
        0
      ]
    },
    {
      "Target": "Parameter",
      "Id": "Coat_Move",
      "Segments": [
        0,
        0,
        0,
        0.733,
        25,
        1,
        0.933,
        25,
        1.133,
        8.966,
        1.333,
        2.457,
        1,
        1.533,
        -4.052,
        1.733,
        -4.138,
        1.933,
        -4.138,
        0,
        3.1,
        4.066,
        0,
        4.333,
        -3.194,
        0,
        5.9,
        6.091,
        0,
        7.467,
        -4.138,
        0,
        8.7,
        9.229,
        1,
        8.911,
        9.229,
        9.122,
        5.5,
        9.333,
        2.457
      ]
    },
    {
      "Target": "Parameter",
      "Id": "Waist_Roll",
      "Segments": [
        0,
        0,
        0,
        0.333,
        -2,
        1,
        0.555,
        -2,
        0.778,
        12.731,
        1,
        14.106,
        1,
        1.111,
        14.905,
        1.222,
        15.326,
        1.333,
        15.411,
        1,
        1.811,
        15.411,
        2.289,
        15.146,
        2.767,
        12.864,
        1,
        3.289,
        8.903,
        3.811,
        3,
        4.333,
        3,
        0,
        9.333,
        15.411
      ]
    },
    {
      "Target": "Parameter",
      "Id": "Body_Twist",
      "Segments": [
        0,
        0,
        1,
        0.333,
        0,
        0.667,
        -6.582,
        1,
        -14,
        1,
        1.111,
        -16.473,
        1.222,
        -17.76,
        1.333,
        -18.709,
        1,
        1.466,
        -19.847,
        1.6,
        -20,
        1.733,
        -20,
        1,
        2.222,
        -20,
        2.711,
        -19.95,
        3.2,
        -19.439,
        1,
        3.878,
        -18.369,
        4.555,
        -10.879,
        5.233,
        -9.376,
        1,
        6.011,
        -7.771,
        6.789,
        -7.849,
        7.567,
        -7.849,
        1,
        8.156,
        -7.849,
        8.744,
        -14.089,
        9.333,
        -18.709
      ]
    },
    {
      "Target": "Parameter",
      "Id": "Body_Pose1",
      "Segments": [
        0,
        0,
        2,
        0.333,
        0,
        0,
        1,
        1,
        1,
        1.111,
        1,
        1.222,
        1,
        1.333,
        0.984,
        1,
        2.133,
        0.785,
        2.933,
        0.6,
        3.733,
        0.6,
        0,
        8.9,
        1,
        1,
        9.044,
        1,
        9.189,
        0.997,
        9.333,
        0.984
      ]
    },
    {
      "Target": "Parameter",
      "Id": "BodyX",
      "Segments": [
        0,
        0,
        2,
        0.3,
        0,
        0,
        1.333,
        -17.276,
        2,
        3.4,
        -17.276,
        0,
        4.3,
        -11.156,
        2,
        6.5,
        -11.156,
        0,
        9.333,
        -17.276
      ]
    },
    {
      "Target": "Parameter",
      "Id": "Head_AngleX",
      "Segments": [
        0,
        0,
        0,
        0.4,
        -4.78,
        0,
        1,
        11,
        1,
        1.111,
        12.53,
        1.222,
        13.376,
        1.333,
        13.781,
        1,
        1.511,
        14.38,
        1.689,
        14.904,
        1.867,
        15.144,
        1,
        2.489,
        15.783,
        3.111,
        15.962,
        3.733,
        15.962,
        0,
        5.467,
        2,
        0,
        7.5,
        2.54,
        1,
        7.956,
        3.187,
        8.411,
        6.677,
        8.867,
        11,
        1,
        9.022,
        12.443,
        9.178,
        13.277,
        9.333,
        13.781
      ]
    },
    {
      "Target": "Parameter",
      "Id": "Head_AngleY",
      "Segments": [
        0,
        0,
        0,
        0.4,
        -11,
        0,
        1,
        5,
        1,
        1.111,
        5,
        1.222,
        3.661,
        1.333,
        2.211,
        1,
        1.511,
        -0.109,
        1.689,
        -0.856,
        1.867,
        -0.856,
        0,
        3.733,
        7.64,
        1,
        4.311,
        7.64,
        4.889,
        -8.658,
        5.467,
        -11,
        1,
        6.145,
        -13.747,
        6.822,
        -13.46,
        7.5,
        -13.46,
        0,
        8.867,
        4.999,
        1,
        9.022,
        4.999,
        9.178,
        4.249,
        9.333,
        2.211
      ]
    },
    {
      "Target": "Parameter",
      "Id": "Head_Roll",
      "Segments": [
        0,
        0,
        0,
        0.467,
        -11,
        1,
        0.6,
        -11,
        0.734,
        -6.95,
        0.867,
        -4,
        1,
        1.022,
        2.124,
        1.178,
        7.481,
        1.333,
        12.03,
        1,
        1.422,
        14.415,
        1.511,
        16.155,
        1.6,
        16.831,
        1,
        1.944,
        18.785,
        2.289,
        18.774,
        2.633,
        13.042,
        1,
        3.611,
        -1.397,
        4.589,
        -22,
        5.567,
        -22,
        1,
        6.178,
        -22,
        6.789,
        -14.38,
        7.4,
        -10.216,
        1,
        8.044,
        -4.63,
        8.689,
        1.428,
        9.333,
        12.03
      ]
    },
    {
      "Target": "Parameter",
      "Id": "Param2",
      "Segments": [
        0,
        0,
        2,
        0.4,
        0,
        0,
        0.733,
        19,
        2,
        1.333,
        19,
        2,
        3.6,
        19,
        0,
        5.167,
        24,
        2,
        7.333,
        24,
        0,
        9.333,
        19
      ]
    },
    {
      "Target": "Parameter",
      "Id": "BrowRY",
      "Segments": [
        0,
        0,
        0,
        1,
        -0.1,
        2,
        1.333,
        -0.1,
        2,
        9.333,
        -0.1
      ]
    },
    {
      "Target": "Parameter",
      "Id": "BrowLY",
      "Segments": [
        0,
        0,
        0,
        1,
        -0.1,
        2,
        1.333,
        -0.1,
        2,
        9.333,
        -0.1
      ]
    },
    {
      "Target": "Parameter",
      "Id": "BrowR_Form",
      "Segments": [
        0,
        0,
        0,
        1,
        -0.3,
        2,
        1.333,
        -0.3,
        2,
        9.333,
        -0.3
      ]
    },
    {
      "Target": "Parameter",
      "Id": "BrowL_Form",
      "Segments": [
        0,
        0,
        0,
        1,
        -0.3,
        2,
        1.333,
        -0.3,
        2,
        9.333,
        -0.3
      ]
    },
    {
      "Target": "Parameter",
      "Id": "BrowR_Angle",
      "Segments": [
        0,
        0,
        0,
        1,
        -0.3,
        2,
        1.333,
        -0.3,
        2,
        9.333,
        -0.3
      ]
    },
    {
      "Target": "Parameter",
      "Id": "BrowL_Angle",
      "Segments": [
        0,
        0,
        0,
        1,
        -0.3,
        2,
        1.333,
        -0.3,
        2,
        9.333,
        -0.3
      ]
    },
    {
      "Target": "Parameter",
      "Id": "EyeBallX",
      "Segments": [
        0,
        0,
        0,
        0.4,
        0.1,
        2,
        1,
        0.1,
        2,
        1.333,
        0.1,
        2,
        1.7,
        0.1,
        0,
        3.733,
        0,
        2,
        5.467,
        0,
        2,
        7.5,
        0,
        2,
        8.867,
        0,
        0,
        9.333,
        0.1
      ]
    },
    {
      "Target": "Parameter",
      "Id": "ParamEyeBallY",
      "Segments": [
        0,
        0,
        0,
        0.4,
        0.1,
        0,
        1,
        -0.1,
        2,
        1.333,
        -0.1,
        2,
        1.7,
        -0.1,
        2,
        3.733,
        -0.1,
        0,
        5.467,
        0,
        0,
        7.5,
        -0.1,
        2,
        8.867,
        -0.1,
        2,
        9.333,
        -0.1
      ]
    },
    {
      "Target": "Parameter",
      "Id": "Mouth_Form",
      "Segments": [
        0,
        1,
        0,
        0.5,
        -0.7,
        2,
        1.333,
        -0.7,
        2,
        9.333,
        -0.7
      ]
    },
    {
      "Target": "Parameter",
      "Id": "HairFront_Shaking",
      "Segments": [
        0,
        0,
        0,
        0.667,
        -0.547,
        1,
        0.889,
        -0.547,
        1.111,
        0.214,
        1.333,
        0.492,
        1,
        1.389,
        0.583,
        1.444,
        0.619,
        1.5,
        0.641,
        1,
        1.622,
        0.669,
        1.745,
        0.644,
        1.867,
        0.517,
        1,
        2.145,
        0.133,
        2.422,
        -0.547,
        2.7,
        -0.547,
        0,
        3.5,
        0.5,
        0,
        4.4,
        -0.467,
        0,
        5.5,
        0.1,
        0,
        6.633,
        -0.246,
        0,
        7.767,
        0.209,
        0,
        8.7,
        -0.369,
        1,
        8.911,
        -0.369,
        9.122,
        0.059,
        9.333,
        0.492
      ]
    },
    {
      "Target": "Parameter",
      "Id": "HairSide_Shaking",
      "Segments": [
        0,
        0,
        0,
        0.433,
        0.4,
        0,
        0.867,
        -0.5,
        1,
        1.022,
        -0.5,
        1.178,
        -0.394,
        1.333,
        -0.182,
        1,
        1.489,
        0.03,
        1.644,
        0.136,
        1.8,
        0.136,
        0,
        2.967,
        -0.302,
        0,
        4.167,
        0,
        0,
        5.6,
        -0.4,
        0,
        6.9,
        -0.199,
        0,
        8.267,
        -0.5,
        1,
        8.622,
        -0.5,
        8.978,
        -0.32,
        9.333,
        -0.182
      ]
    },
    {
      "Target": "Parameter",
      "Id": "HairBack_Shaking",
      "Segments": [
        0,
        0,
        0,
        0.833,
        -0.8,
        1,
        1,
        -0.8,
        1.166,
        -0.545,
        1.333,
        -0.031,
        1,
        1.555,
        0.655,
        1.778,
        1,
        2,
        1,
        0,
        3.267,
        -0.6,
        0,
        4.433,
        0.535,
        0,
        5.633,
        -0.455,
        0,
        7.2,
        0.424,
        0,
        8.633,
        -0.574,
        1,
        8.866,
        -0.574,
        9.1,
        -0.277,
        9.333,
        -0.031
      ]
    },
    {
      "Target": "Parameter",
      "Id": "ShoulderLY",
      "Segments": [
        0,
        0,
        0,
        1,
        30,
        1,
        1.111,
        30,
        1.222,
        30.096,
        1.333,
        29.91,
        1,
        1.911,
        28.943,
        2.489,
        27.757,
        3.067,
        25.042,
        1,
        3.545,
        22.797,
        4.022,
        3.328,
        4.5,
        3.328,
        1,
        5.478,
        3.328,
        6.455,
        3.398,
        7.433,
        6.448,
        1,
        7.955,
        8.078,
        8.478,
        30,
        9,
        30,
        1,
        9.111,
        30,
        9.222,
        30,
        9.333,
        29.91
      ]
    },
    {
      "Target": "Parameter",
      "Id": "ShoulderRY",
      "Segments": [
        0,
        0,
        0,
        1,
        -22,
        1,
        1.111,
        -22,
        1.222,
        -22.046,
        1.333,
        -21.519,
        1,
        1.9,
        -18.262,
        2.466,
        -15.524,
        3.033,
        -9.366,
        1,
        3.633,
        -2.845,
        4.233,
        10.827,
        4.833,
        10.827,
        1,
        5.7,
        10.827,
        6.566,
        10.842,
        7.433,
        6.852,
        1,
        7.955,
        4.447,
        8.478,
        -22,
        9,
        -22,
        1,
        9.111,
        -22,
        9.222,
        -21.92,
        9.333,
        -21.519
      ]
    },
    {
      "Target": "Parameter",
      "Id": "ShoulderR_Roll",
      "Segments": [
        0,
        0,
        1,
        0.333,
        0,
        0.667,
        3.918,
        1,
        10,
        1,
        1.111,
        12.027,
        1.222,
        12.42,
        1.333,
        12.42,
        1,
        1.489,
        12.42,
        1.644,
        11.312,
        1.8,
        10,
        1,
        2.222,
        6.439,
        2.645,
        5,
        3.067,
        5,
        0,
        5.067,
        8,
        0,
        8.033,
        1.918,
        1,
        8.311,
        2.066,
        8.589,
        6.936,
        8.867,
        10,
        1,
        9.022,
        11.732,
        9.178,
        12.417,
        9.333,
        12.42
      ]
    },
    {
      "Target": "Parameter",
      "Id": "ArmR_Roll",
      "Segments": [
        0,
        0,
        0,
        1,
        -7,
        1,
        1.111,
        -7,
        1.222,
        -6.605,
        1.333,
        -6.247,
        1,
        1.844,
        -3.541,
        2.356,
        -3.1,
        2.867,
        -3.1,
        0,
        3.6,
        -5.968,
        0,
        5.067,
        -4,
        0,
        7.567,
        -5.968,
        1,
        8.045,
        -5.968,
        8.522,
        -7.197,
        9,
        -7,
        1,
        9.111,
        -6.937,
        9.222,
        -6.622,
        9.333,
        -6.247
      ]
    },
    {
      "Target": "Parameter",
      "Id": "ShoulderL_Roll",
      "Segments": [
        0,
        0,
        0,
        0.633,
        30,
        0,
        1.067,
        25.287,
        0,
        1.333,
        26,
        2,
        3.333,
        26,
        0,
        5,
        27.669,
        2,
        7.667,
        27.669,
        0,
        9.333,
        26
      ]
    },
    {
      "Target": "Parameter",
      "Id": "ArmL_Roll",
      "Segments": [
        0,
        0,
        0,
        1,
        -18.191,
        2,
        1.333,
        -18.191,
        2,
        3.067,
        -18.191,
        1,
        3.711,
        -18.191,
        4.356,
        -18.913,
        5,
        -18.914,
        2,
        7.667,
        -18.914,
        0,
        9.333,
        -18.191
      ]
    },
    {
      "Target": "Parameter",
      "Id": "ArmL_Roll2",
      "Segments": [
        0,
        0,
        1,
        0.167,
        0,
        0.333,
        -5.967,
        0.5,
        -8,
        1,
        0.689,
        -10.304,
        0.878,
        -10.293,
        1.067,
        -10.293,
        0,
        1.333,
        -8,
        2,
        3.2,
        -8,
        0,
        5.1,
        -12.377,
        2,
        7.967,
        -12.377,
        0,
        9.333,
        -8
      ]
    },
    {
      "Target": "Parameter",
      "Id": "DecorationR_Shaking",
      "Segments": [
        0,
        0,
        0,
        0.9,
        -9,
        0,
        1.333,
        30,
        0,
        2.3,
        -12.713,
        0,
        3.233,
        19.355,
        0,
        4.3,
        -12.713,
        0,
        5.233,
        22.77,
        0,
        6.133,
        -9,
        0,
        7.133,
        22.77,
        0,
        8.1,
        -9,
        0,
        9.333,
        30
      ]
    },
    {
      "Target": "Parameter",
      "Id": "DecorationR_ThisSide",
      "Segments": [
        0,
        0,
        2,
        0.433,
        0,
        1,
        0.733,
        0,
        1.033,
        -3.535,
        1.333,
        -7.475,
        1,
        1.389,
        -8.205,
        1.444,
        -8,
        1.5,
        -8,
        0,
        2.333,
        0,
        2,
        8.8,
        0,
        1,
        8.978,
        0,
        9.155,
        -4.486,
        9.333,
        -7.475
      ]
    },
    {
      "Target": "Parameter",
      "Id": "DecorationL_Shaking",
      "Segments": [
        0,
        0,
        0,
        0.767,
        -9.99,
        0,
        1.333,
        5,
        0,
        2.3,
        -8.186,
        0,
        3.233,
        5,
        0,
        4.333,
        -8.186,
        0,
        5.233,
        6,
        0,
        6.133,
        -7.186,
        0,
        7.133,
        5,
        0,
        8.1,
        -8.186,
        0,
        9.333,
        5
      ]
    },
    {
      "Target": "Parameter",
      "Id": "DecorationL_ThisSide",
      "Segments": [
        0,
        0,
        2,
        0.433,
        0,
        1,
        0.733,
        0,
        1.033,
        -3.324,
        1.333,
        -7.033,
        1,
        1.389,
        -7.72,
        1.444,
        -7.527,
        1.5,
        -7.527,
        0,
        2.333,
        0,
        2,
        8.8,
        0,
        1,
        8.978,
        0,
        9.155,
        -4.308,
        9.333,
        -7.033
      ]
    },
    {
      "Target": "Parameter",
      "Id": "HandR_Roll",
      "Segments": [
        0,
        0,
        0,
        1,
        13,
        1,
        1.111,
        13,
        1.222,
        12.983,
        1.333,
        12.771,
        1,
        2.322,
        8.741,
        3.311,
        5,
        4.3,
        5,
        2,
        9.333,
        5
      ]
    },
    {
      "Target": "Parameter",
      "Id": "HandL_Roll",
      "Segments": [
        0,
        0,
        0,
        1,
        -30,
        2,
        1.333,
        -30,
        2,
        9.333,
        -30
      ]
    },
    {
      "Target": "Parameter",
      "Id": "HandL02_move",
      "Segments": [
        0,
        0,
        1,
        0.011,
        0,
        0.022,
        -30,
        0.033,
        -30,
        0,
        0.7,
        30,
        0,
        1,
        -18,
        1,
        1.111,
        -18,
        1.222,
        -2.676,
        1.333,
        0,
        1,
        1.511,
        4.282,
        1.689,
        4.586,
        1.867,
        4.586,
        0,
        2.467,
        -4,
        0,
        3.067,
        0,
        0,
        5.633,
        -25,
        0,
        7.333,
        9.438,
        0,
        8.5,
        -12,
        1,
        8.778,
        -12,
        9.055,
        -4.51,
        9.333,
        0
      ]
    },
    {
      "Target": "Parameter",
      "Id": "Skirt_Shaking",
      "Segments": [
        0,
        0,
        0,
        0.767,
        30,
        1,
        0.956,
        30,
        1.144,
        21.783,
        1.333,
        4.625,
        1,
        1.533,
        -13.542,
        1.733,
        -23,
        1.933,
        -23,
        0,
        3.033,
        -3,
        0,
        4.233,
        -27,
        0,
        5.9,
        2.775,
        0,
        7.3,
        -19,
        0,
        8.633,
        30,
        1,
        8.866,
        30,
        9.1,
        20.921,
        9.333,
        4.625
      ]
    },
    {
      "Target": "Parameter",
      "Id": "LegR_Roll",
      "Segments": [
        0,
        0,
        0,
        1,
        15,
        2,
        1.333,
        15,
        2,
        9.333,
        15
      ]
    },
    {
      "Target": "Parameter",
      "Id": "LegL_Roll",
      "Segments": [
        0,
        0,
        0,
        1,
        23,
        2,
        1.333,
        23,
        2,
        9.333,
        23
      ]
    },
    {
      "Target": "Parameter",
      "Id": "Lowerbody_Roll",
      "Segments": [
        0,
        0,
        0,
        1,
        5,
        2,
        1.333,
        5,
        2,
        9.333,
        5
      ]
    },
    {
      "Target": "PartOpacity",
      "Id": "Part",
      "Segments": [
        0,
        1,
        2,
        1.33,
        1,
        2,
        9.33,
        1
      ]
    },
    {
      "Target": "PartOpacity",
      "Id": "Part13",
      "Segments": [
        0,
        1,
        2,
        1.33,
        1,
        2,
        9.33,
        1
      ]
    },
    {
      "Target": "PartOpacity",
      "Id": "Part3",
      "Segments": [
        0,
        1,
        2,
        1.33,
        1,
        2,
        9.33,
        1
      ]
    },
    {
      "Target": "PartOpacity",
      "Id": "Part4",
      "Segments": [
        0,
        1,
        2,
        1.33,
        1,
        2,
        9.33,
        1
      ]
    },
    {
      "Target": "PartOpacity",
      "Id": "Part15",
      "Segments": [
        0,
        1,
        2,
        1.33,
        1,
        2,
        9.33,
        1
      ]
    },
    {
      "Target": "PartOpacity",
      "Id": "Part8",
      "Segments": [
        0,
        0,
        2,
        1.33,
        0,
        2,
        9.33,
        0
      ]
    },
    {
      "Target": "PartOpacity",
      "Id": "Part11",
      "Segments": [
        0,
        1,
        2,
        1.33,
        1,
        2,
        9.33,
        1
      ]
    },
    {
      "Target": "PartOpacity",
      "Id": "Part14",
      "Segments": [
        0,
        1,
        2,
        1.33,
        1,
        2,
        9.33,
        1
      ]
    },
    {
      "Target": "PartOpacity",
      "Id": "Part5",
      "Segments": [
        0,
        1,
        2,
        1.33,
        1,
        2,
        9.33,
        1
      ]
    },
    {
      "Target": "PartOpacity",
      "Id": "Part9",
      "Segments": [
        0,
        1,
        1,
        0.09,
        1,
        0.18,
        1.01,
        0.27,
        0.9,
        1,
        0.337,
        0.82,
        0.403,
        0,
        0.47,
        0,
        2,
        1.33,
        0,
        2,
        9.33,
        0
      ]
    },
    {
      "Target": "PartOpacity",
      "Id": "Part10",
      "Segments": [
        0,
        0,
        1,
        0.09,
        0,
        0.18,
        -0.01,
        0.27,
        0.1,
        1,
        0.337,
        0.18,
        0.403,
        1,
        0.47,
        1,
        2,
        1.33,
        1,
        2,
        9.33,
        1
      ]
    },
    {
      "Target": "PartOpacity",
      "Id": "Part12",
      "Segments": [
        0,
        0,
        2,
        1.33,
        0,
        2,
        9.33,
        0
      ]
    },
    {
      "Target": "PartOpacity",
      "Id": "Part7",
      "Segments": [
        0,
        1,
        2,
        1.33,
        1,
        2,
        9.33,
        1
      ]
    },
    {
      "Target": "PartOpacity",
      "Id": "Part18",
      "Segments": [
        0,
        1,
        2,
        1.33,
        1,
        2,
        9.33,
        1
      ]
    },
    {
      "Target": "PartOpacity",
      "Id": "Part25",
      "Segments": [
        0,
        1,
        2,
        1.33,
        1,
        2,
        9.33,
        1
      ]
    },
    {
      "Target": "PartOpacity",
      "Id": "Part19",
      "Segments": [
        0,
        1,
        2,
        1.33,
        1,
        2,
        9.33,
        1
      ]
    },
    {
      "Target": "PartOpacity",
      "Id": "Part20",
      "Segments": [
        0,
        1,
        2,
        1.33,
        1,
        2,
        9.33,
        1
      ]
    },
    {
      "Target": "PartOpacity",
      "Id": "Part21",
      "Segments": [
        0,
        1,
        2,
        1.33,
        1,
        2,
        9.33,
        1
      ]
    },
    {
      "Target": "PartOpacity",
      "Id": "Part22",
      "Segments": [
        0,
        0,
        2,
        1.33,
        0,
        2,
        9.33,
        0
      ]
    },
    {
      "Target": "PartOpacity",
      "Id": "Part6",
      "Segments": [
        0,
        1,
        2,
        1.33,
        1,
        2,
        9.33,
        1
      ]
    },
    {
      "Target": "PartOpacity",
      "Id": "Part27",
      "Segments": [
        0,
        1,
        2,
        1.33,
        1,
        2,
        9.33,
        1
      ]
    },
    {
      "Target": "PartOpacity",
      "Id": "Part16",
      "Segments": [
        0,
        1,
        2,
        1.33,
        1,
        2,
        9.33,
        1
      ]
    },
    {
      "Target": "PartOpacity",
      "Id": "Part23",
      "Segments": [
        0,
        1,
        2,
        1.33,
        1,
        2,
        9.33,
        1
      ]
    },
    {
      "Target": "PartOpacity",
      "Id": "Part17",
      "Segments": [
        0,
        1,
        2,
        1.33,
        1,
        2,
        9.33,
        1
      ]
    },
    {
      "Target": "PartOpacity",
      "Id": "Part2",
      "Segments": [
        0,
        1,
        2,
        1.33,
        1,
        2,
        9.33,
        1
      ]
    },
    {
      "Target": "PartOpacity",
      "Id": "Part24",
      "Segments": [
        0,
        1,
        2,
        1.33,
        1,
        2,
        9.33,
        1
      ]
    },
    {
      "Target": "Parameter",
      "Id": "BadyY",
      "Segments": [
        0,
        0,
        0,
        9.33,
        0
      ]
    },
    {
      "Target": "Parameter",
      "Id": "HeadY",
      "Segments": [
        0,
        0,
        0,
        9.33,
        0
      ]
    },
    {
      "Target": "Parameter",
      "Id": "EyeBall_Size",
      "Segments": [
        0,
        0,
        0,
        9.33,
        0
      ]
    },
    {
      "Target": "Parameter",
      "Id": "EyeR_Open",
      "Segments": [
        0,
        1,
        0,
        9.33,
        1
      ]
    },
    {
      "Target": "Parameter",
      "Id": "EyeR_Smile",
      "Segments": [
        0,
        0,
        0,
        9.33,
        0
      ]
    },
    {
      "Target": "Parameter",
      "Id": "EyeL_Open",
      "Segments": [
        0,
        1,
        0,
        9.33,
        1
      ]
    },
    {
      "Target": "Parameter",
      "Id": "EyeL_Smile",
      "Segments": [
        0,
        0,
        0,
        9.33,
        0
      ]
    },
    {
      "Target": "Parameter",
      "Id": "Tooth",
      "Segments": [
        0,
        0,
        0,
        9.33,
        0
      ]
    },
    {
      "Target": "Parameter",
      "Id": "Mouth_Open",
      "Segments": [
        0,
        1,
        0,
        9.33,
        1
      ]
    },
    {
      "Target": "Parameter",
      "Id": "Mouth_Size",
      "Segments": [
        0,
        1,
        0,
        9.33,
        1
      ]
    },
    {
      "Target": "Parameter",
      "Id": "Mouth_Size2",
      "Segments": [
        0,
        0,
        0,
        9.33,
        0
      ]
    },
    {
      "Target": "Parameter",
      "Id": "ArmR_Roll2",
      "Segments": [
        0,
        0,
        0,
        9.33,
        0
      ]
    },
    {
      "Target": "Parameter",
      "Id": "HandL03_move2",
      "Segments": [
        0,
        0,
        0,
        9.33,
        0
      ]
    },
    {
      "Target": "Parameter",
      "Id": "Param",
      "Segments": [
        0,
        0,
        0,
        9.33,
        0
      ]
    }
  ],
  "UserData": []
}