{
  "Version": 3,
  "Meta": {
    "Duration": 1.0,
    "Fps": 30.0,
    "Loop": true,
    "AreBeziersRestricted": true,
    "CurveCount": 82,
    "TotalSegmentCount": 132,
    "TotalPointCount": 206,
    "UserDataCount": 0,
    "TotalUserDataSize": 0
  },
  "Curves": [
    {
      "Target": "Parameter",
      "Id": "Breath",
      "Segments": [
        0,
        0,
        2,
        0.4,
        0,
        1,
        0.5,
        0,
        0.6,
        0.167,
        0.7,
        0.309,
        1,
        0.8,
        0.451,
        0.9,
        0.543,
        1,
        0.635
      ]
    },
    {
      "Target": "Parameter",
      "Id": "Body_Shaking",
      "Segments": [
        0,
        0,
        2,
        0.433,
        0,
        1,
        0.622,
        0,
        0.811,
        -0.005,
        1,
        -0.236
      ]
    },
    {
      "Target": "Parameter",
      "Id": "BodyY",
      "Segments": [
        0,
        0,
        0,
        0.7,
        -14.375,
        0,
        1,
        -13.5
      ]
    },
    {
      "Target": "Parameter",
      "Id": "Coat_Move",
      "Segments": [
        0,
        0,
        1,
        0.333,
        0,
        0.667,
        -10.041,
        1,
        -15.841
      ]
    },
    {
      "Target": "Parameter",
      "Id": "Waist_Roll",
      "Segments": [
        0,
        0,
        1,
        0.144,
        0,
        0.289,
        -12.808,
        0.433,
        -18.854,
        1,
        0.533,
        -22.675,
        0.633,
        -24.477,
        0.733,
        -25.996,
        1,
        0.822,
        -26.874,
        0.911,
        -27.019,
        1,
        -27.229
      ]
    },
    {
      "Target": "Parameter",
      "Id": "Body_Twist",
      "Segments": [
        0,
        0,
        1,
        0.233,
        0,
        0.467,
        -6.424,
        0.7,
        -8,
        1,
        0.8,
        -8.499,
        0.9,
        -8.762,
        1,
        -8.957
      ]
    },
    {
      "Target": "Parameter",
      "Id": "Body_Pose1",
      "Segments": [
        0,
        0,
        0,
        0.7,
        -0.8,
        2,
        1,
        -0.8
      ]
    },
    {
      "Target": "Parameter",
      "Id": "BodyX",
      "Segments": [
        0,
        0,
        1,
        0.211,
        0,
        0.422,
        19.136,
        0.633,
        26.64,
        1,
        0.711,
        28.402,
        0.789,
        30,
        0.867,
        30,
        2,
        1,
        30
      ]
    },
    {
      "Target": "Parameter",
      "Id": "Head_AngleX",
      "Segments": [
        0,
        0,
        2,
        0.5,
        0,
        1,
        0.667,
        0,
        0.833,
        0.348,
        1,
        1
      ]
    },
    {
      "Target": "Parameter",
      "Id": "Head_AngleY",
      "Segments": [
        0,
        0,
        0,
        0.5,
        -30,
        1,
        0.667,
        -30,
        0.833,
        -26.451,
        1,
        -26
      ]
    },
    {
      "Target": "Parameter",
      "Id": "Head_Roll",
      "Segments": [
        0,
        0,
        0,
        1,
        18
      ]
    },
    {
      "Target": "Parameter",
      "Id": "HeadY",
      "Segments": [
        0,
        0,
        0,
        1,
        -30
      ]
    },
    {
      "Target": "Parameter",
      "Id": "BrowRY",
      "Segments": [
        0,
        0,
        1,
        0.156,
        0,
        0.311,
        0.239,
        0.467,
        0.27,
        1,
        0.645,
        0.305,
        0.822,
        0.3,
        1,
        0.3
      ]
    },
    {
      "Target": "Parameter",
      "Id": "BrowLY",
      "Segments": [
        0,
        0,
        1,
        0.156,
        0,
        0.311,
        0.239,
        0.467,
        0.27,
        1,
        0.645,
        0.305,
        0.822,
        0.3,
        1,
        0.3
      ]
    },
    {
      "Target": "Parameter",
      "Id": "BrowR_Form",
      "Segments": [
        0,
        0,
        0,
        1,
        -0.8
      ]
    },
    {
      "Target": "Parameter",
      "Id": "BrowL_Form",
      "Segments": [
        0,
        0,
        0,
        1,
        -1.3
      ]
    },
    {
      "Target": "Parameter",
      "Id": "EyeBall_Size",
      "Segments": [
        0,
        0,
        2,
        0.233,
        0,
        0,
        0.8,
        -24,
        2,
        1,
        -24
      ]
    },
    {
      "Target": "Parameter",
      "Id": "EyeBallX",
      "Segments": [
        0,
        0,
        0,
        1,
        0.1
      ]
    },
    {
      "Target": "Parameter",
      "Id": "ParamEyeBallY",
      "Segments": [
        0,
        0,
        1,
        0.333,
        0,
        0.667,
        -0.057,
        1,
        -0.1
      ]
    },
    {
      "Target": "Parameter",
      "Id": "EyeR_Smile",
      "Segments": [
        0,
        0,
        0,
        0.367,
        1,
        0,
        0.6,
        0.8,
        2,
        1,
        0.8
      ]
    },
    {
      "Target": "Parameter",
      "Id": "EyeL_Smile",
      "Segments": [
        0,
        0,
        0,
        0.367,
        1,
        0,
        0.6,
        0.8,
        2,
        1,
        0.8
      ]
    },
    {
      "Target": "Parameter",
      "Id": "Mouth_Form",
      "Segments": [
        0,
        1,
        0,
        0.3,
        -0.8,
        0,
        1,
        -0.7
      ]
    },
    {
      "Target": "Parameter",
      "Id": "HairFront_Shaking",
      "Segments": [
        0,
        0,
        0,
        0.233,
        -0.436,
        0,
        0.767,
        0.284,
        1,
        0.845,
        0.284,
        0.922,
        0.25,
        1,
        0.162
      ]
    },
    {
      "Target": "Parameter",
      "Id": "HairSide_Shaking",
      "Segments": [
        0,
        0,
        0,
        0.3,
        0.4,
        0,
        0.6,
        -0.5,
        1,
        0.733,
        -0.5,
        0.867,
        -0.377,
        1,
        -0.182
      ]
    },
    {
      "Target": "Parameter",
      "Id": "HairBack_Shaking",
      "Segments": [
        0,
        0,
        0,
        0.567,
        -0.8,
        1,
        0.711,
        -0.8,
        0.856,
        -0.409,
        1,
        -0.031
      ]
    },
    {
      "Target": "Parameter",
      "Id": "ShoulderLY",
      "Segments": [
        0,
        0,
        0,
        1,
        -25
      ]
    },
    {
      "Target": "Parameter",
      "Id": "ShoulderRY",
      "Segments": [
        0,
        0,
        0,
        1,
        8
      ]
    },
    {
      "Target": "Parameter",
      "Id": "ShoulderR_Roll",
      "Segments": [
        0,
        0,
        1,
        0.044,
        -2.875,
        0.089,
        -6.01,
        0.133,
        -9.246,
        1,
        0.3,
        -19.686,
        0.466,
        -25,
        0.633,
        -25,
        1,
        0.755,
        -25,
        0.878,
        -23.982,
        1,
        -23.5
      ]
    },
    {
      "Target": "Parameter",
      "Id": "ArmR_Roll",
      "Segments": [
        0,
        0,
        0,
        0.067,
        -1.7,
        1,
        0.167,
        -1.7,
        0.267,
        21.488,
        0.367,
        24,
        1,
        0.578,
        29.303,
        0.789,
        30,
        1,
        30
      ]
    },
    {
      "Target": "Parameter",
      "Id": "ArmR_Roll2",
      "Segments": [
        0,
        0,
        1,
        0.078,
        0,
        0.155,
        -15.157,
        0.233,
        -18.067,
        1,
        0.378,
        -22.683,
        0.522,
        -24,
        0.667,
        -24,
        1,
        0.778,
        -24,
        0.889,
        -23.935,
        1,
        -23.149
      ]
    },
    {
      "Target": "Parameter",
      "Id": "ShoulderL_Roll",
      "Segments": [
        0,
        0,
        0,
        0.467,
        9.285,
        1,
        0.556,
        9.285,
        0.644,
        8.024,
        0.733,
        7,
        1,
        0.822,
        6.291,
        0.911,
        5.636,
        1,
        5.284
      ]
    },
    {
      "Target": "Parameter",
      "Id": "ArmL_Roll",
      "Segments": [
        0,
        0,
        1,
        0.156,
        -6.968,
        0.311,
        -15.371,
        0.467,
        -18,
        1,
        0.645,
        -20.253,
        0.822,
        -20.669,
        1,
        -20.741
      ]
    },
    {
      "Target": "Parameter",
      "Id": "ArmL_Roll2",
      "Segments": [
        0,
        0,
        1,
        0.156,
        0,
        0.311,
        -24.182,
        0.467,
        -27,
        1,
        0.645,
        -30.22,
        0.822,
        -30,
        1,
        -30
      ]
    },
    {
      "Target": "Parameter",
      "Id": "DecorationR_Shaking",
      "Segments": [
        0,
        0,
        0,
        1,
        -14.808
      ]
    },
    {
      "Target": "Parameter",
      "Id": "DecorationR_ThisSide",
      "Segments": [
        0,
        0,
        0,
        1,
        -16
      ]
    },
    {
      "Target": "Parameter",
      "Id": "DecorationL_Shaking",
      "Segments": [
        0,
        0,
        0,
        1,
        -15.868
      ]
    },
    {
      "Target": "Parameter",
      "Id": "DecorationL_ThisSide",
      "Segments": [
        0,
        0,
        0,
        1,
        -21
      ]
    },
    {
      "Target": "Parameter",
      "Id": "HandR_Roll",
      "Segments": [
        0,
        0,
        1,
        0.333,
        0,
        0.667,
        7.763,
        1,
        9
      ]
    },
    {
      "Target": "Parameter",
      "Id": "HandL_Roll",
      "Segments": [
        0,
        0,
        0,
        0.667,
        -28,
        1,
        0.778,
        -28,
        0.889,
        -25.223,
        1,
        -24.332
      ]
    },
    {
      "Target": "Parameter",
      "Id": "Skirt_Shaking",
      "Segments": [
        0,
        0,
        0,
        1,
        -4
      ]
    },
    {
      "Target": "Parameter",
      "Id": "LegR_Roll",
      "Segments": [
        0,
        0,
        0,
        1,
        -7
      ]
    },
    {
      "Target": "Parameter",
      "Id": "LegL_Roll",
      "Segments": [
        0,
        0,
        0,
        1,
        2
      ]
    },
    {
      "Target": "Parameter",
      "Id": "Lowerbody_Roll",
      "Segments": [
        0,
        0,
        0,
        1,
        -2
      ]
    },
    {
      "Target": "PartOpacity",
      "Id": "Part",
      "Segments": [
        0,
        1,
        2,
        1,
        1
      ]
    },
    {
      "Target": "PartOpacity",
      "Id": "Part13",
      "Segments": [
        0,
        1,
        2,
        1,
        1
      ]
    },
    {
      "Target": "PartOpacity",
      "Id": "Part3",
      "Segments": [
        0,
        1,
        2,
        1,
        1
      ]
    },
    {
      "Target": "PartOpacity",
      "Id": "Part4",
      "Segments": [
        0,
        1,
        2,
        1,
        1
      ]
    },
    {
      "Target": "PartOpacity",
      "Id": "Part15",
      "Segments": [
        0,
        1,
        2,
        1,
        1
      ]
    },
    {
      "Target": "PartOpacity",
      "Id": "Part8",
      "Segments": [
        0,
        0,
        2,
        1,
        0
      ]
    },
    {
      "Target": "PartOpacity",
      "Id": "Part11",
      "Segments": [
        0,
        1,
        2,
        1,
        1
      ]
    },
    {
      "Target": "PartOpacity",
      "Id": "Part14",
      "Segments": [
        0,
        1,
        2,
        1,
        1
      ]
    },
    {
      "Target": "PartOpacity",
      "Id": "Part5",
      "Segments": [
        0,
        1,
        2,
        1,
        1
      ]
    },
    {
      "Target": "PartOpacity",
      "Id": "Part9",
      "Segments": [
        0,
        1,
        2,
        0.23,
        1,
        0,
        0.3,
        0,
        2,
        1,
        0
      ]
    },
    {
      "Target": "PartOpacity",
      "Id": "Part10",
      "Segments": [
        0,
        0,
        2,
        0.23,
        0,
        0,
        0.3,
        1,
        2,
        1,
        1
      ]
    },
    {
      "Target": "PartOpacity",
      "Id": "Part12",
      "Segments": [
        0,
        0,
        2,
        1,
        0
      ]
    },
    {
      "Target": "PartOpacity",
      "Id": "Part7",
      "Segments": [
        0,
        1,
        2,
        1,
        1
      ]
    },
    {
      "Target": "PartOpacity",
      "Id": "Part18",
      "Segments": [
        0,
        1,
        2,
        1,
        1
      ]
    },
    {
      "Target": "PartOpacity",
      "Id": "Part25",
      "Segments": [
        0,
        1,
        2,
        1,
        1
      ]
    },
    {
      "Target": "PartOpacity",
      "Id": "Part19",
      "Segments": [
        0,
        1,
        2,
        1,
        1
      ]
    },
    {
      "Target": "PartOpacity",
      "Id": "Part20",
      "Segments": [
        0,
        1,
        2,
        1,
        1
      ]
    },
    {
      "Target": "PartOpacity",
      "Id": "Part21",
      "Segments": [
        0,
        1,
        2,
        1,
        1
      ]
    },
    {
      "Target": "PartOpacity",
      "Id": "Part22",
      "Segments": [
        0,
        0,
        2,
        0.1,
        0,
        0,
        0.17,
        1,
        2,
        1,
        1
      ]
    },
    {
      "Target": "PartOpacity",
      "Id": "Part6",
      "Segments": [
        0,
        0,
        2,
        0.3,
        0,
        0,
        0.37,
        1,
        2,
        1,
        1
      ]
    },
    {
      "Target": "PartOpacity",
      "Id": "Part27",
      "Segments": [
        0,
        1,
        2,
        0.3,
        1,
        0,
        0.37,
        0,
        2,
        1,
        0
      ]
    },
    {
      "Target": "PartOpacity",
      "Id": "Part16",
      "Segments": [
        0,
        1,
        2,
        1,
        1
      ]
    },
    {
      "Target": "PartOpacity",
      "Id": "Part23",
      "Segments": [
        0,
        1,
        2,
        1,
        1
      ]
    },
    {
      "Target": "PartOpacity",
      "Id": "Part17",
      "Segments": [
        0,
        1,
        2,
        0.1,
        1,
        2,
        0.17,
        0,
        2,
        1,
        0
      ]
    },
    {
      "Target": "PartOpacity",
      "Id": "Part2",
      "Segments": [
        0,
        1,
        2,
        1,
        1
      ]
    },
    {
      "Target": "PartOpacity",
      "Id": "Part24",
      "Segments": [
        0,
        1,
        2,
        1,
        1
      ]
    },
    {
      "Target": "Parameter",
      "Id": "BadyY",
      "Segments": [
        0,
        0,
        0,
        1,
        0
      ]
    },
    {
      "Target": "Parameter",
      "Id": "Param2",
      "Segments": [
        0,
        0,
        0,
        1,
        0
      ]
    },
    {
      "Target": "Parameter",
      "Id": "BrowR_Angle",
      "Segments": [
        0,
        0,
        0,
        1,
        0
      ]
    },
    {
      "Target": "Parameter",
      "Id": "BrowL_Angle",
      "Segments": [
        0,
        0,
        0,
        1,
        0
      ]
    },
    {
      "Target": "Parameter",
      "Id": "EyeR_Open",
      "Segments": [
        0,
        1,
        0,
        1,
        1
      ]
    },
    {
      "Target": "Parameter",
      "Id": "EyeL_Open",
      "Segments": [
        0,
        1,
        0,
        1,
        1
      ]
    },
    {
      "Target": "Parameter",
      "Id": "Tooth",
      "Segments": [
        0,
        0,
        0,
        1,
        0
      ]
    },
    {
      "Target": "Parameter",
      "Id": "Mouth_Open",
      "Segments": [
        0,
        1,
        0,
        1,
        1
      ]
    },
    {
      "Target": "Parameter",
      "Id": "Mouth_Size",
      "Segments": [
        0,
        1,
        0,
        1,
        1
      ]
    },
    {
      "Target": "Parameter",
      "Id": "Mouth_Size2",
      "Segments": [
        0,
        0,
        0,
        1,
        0
      ]
    },
    {
      "Target": "Parameter",
      "Id": "HandL03_move2",
      "Segments": [
        0,
        0,
        0,
        1,
        0
      ]
    },
    {
      "Target": "Parameter",
      "Id": "HandL02_move",
      "Segments": [
        0,
        0,
        0,
        1,
        0
      ]
    },
    {
      "Target": "Parameter",
      "Id": "Param",
      "Segments": [
        0,
        0,
        0,
        1,
        0
      ]
    }
  ],
  "UserData": []
}