{
  "Version": 3,
  "Meta": {
    "Duration": 1.33,
    "Fps": 30.0,
    "Loop": true,
    "AreBeziersRestricted": true,
    "CurveCount": 82,
    "TotalSegmentCount": 154,
    "TotalPointCount": 224,
    "UserDataCount": 0,
    "TotalUserDataSize": 0
  },
  "Curves": [
    {
      "Target": "Parameter",
      "Id": "Breath",
      "Segments": [
        0,
        0,
        2,
        0.733,
        0,
        1,
        0.933,
        0,
        1.133,
        0.047,
        1.333,
        0.141
      ]
    },
    {
      "Target": "Parameter",
      "Id": "Body_Shaking",
      "Segments": [
        0,
        0,
        2,
        1.167,
        0,
        1,
        1.222,
        0,
        1.278,
        -0.09,
        1.333,
        0.406
      ]
    },
    {
      "Target": "Parameter",
      "Id": "BodyY",
      "Segments": [
        0,
        0,
        2,
        0.467,
        0,
        0,
        0.833,
        -1,
        0,
        1.167,
        0,
        2,
        1.333,
        0
      ]
    },
    {
      "Target": "Parameter",
      "Id": "Coat_Move",
      "Segments": [
        0,
        0,
        0,
        0.733,
        -10.869,
        1,
        0.933,
        -10.869,
        1.133,
        -6.051,
        1.333,
        1.231
      ]
    },
    {
      "Target": "Parameter",
      "Id": "Waist_Roll",
      "Segments": [
        0,
        0,
        0,
        0.567,
        -12,
        1,
        0.734,
        -12,
        0.9,
        -3.447,
        1.067,
        0,
        1,
        1.156,
        1.838,
        1.244,
        2.556,
        1.333,
        2.862
      ]
    },
    {
      "Target": "Parameter",
      "Id": "Body_Twist",
      "Segments": [
        0,
        0,
        0,
        0.067,
        6,
        1,
        0.434,
        6,
        0.8,
        -4.856,
        1.167,
        -7,
        0,
        1.333,
        -7.169
      ]
    },
    {
      "Target": "Parameter",
      "Id": "Body_Pose1",
      "Segments": [
        0,
        0,
        0,
        0.467,
        -1,
        0,
        1.167,
        0,
        2,
        1.333,
        0
      ]
    },
    {
      "Target": "Parameter",
      "Id": "BodyX",
      "Segments": [
        0,
        0,
        0,
        0.5,
        8.94,
        1,
        0.778,
        8.94,
        1.055,
        7.015,
        1.333,
        3.281
      ]
    },
    {
      "Target": "Parameter",
      "Id": "Head_AngleX",
      "Segments": [
        0,
        0,
        1,
        0.2,
        0,
        0.4,
        3.823,
        0.6,
        5,
        1,
        0.789,
        6.112,
        0.978,
        6,
        1.167,
        6,
        2,
        1.333,
        6
      ]
    },
    {
      "Target": "Parameter",
      "Id": "Head_AngleY",
      "Segments": [
        0,
        0,
        0,
        0.6,
        -30,
        0,
        1.167,
        -9,
        2,
        1.333,
        -9
      ]
    },
    {
      "Target": "Parameter",
      "Id": "Head_Roll",
      "Segments": [
        0,
        0,
        0,
        1.333,
        -30
      ]
    },
    {
      "Target": "Parameter",
      "Id": "HeadY",
      "Segments": [
        0,
        0,
        1,
        0.389,
        0,
        0.778,
        -2.099,
        1.167,
        -6,
        1,
        1.222,
        -6.557,
        1.278,
        -6.924,
        1.333,
        -7.426
      ]
    },
    {
      "Target": "Parameter",
      "Id": "BrowRY",
      "Segments": [
        0,
        0,
        0,
        0.567,
        0.4,
        1,
        0.822,
        0.4,
        1.078,
        -0.522,
        1.333,
        -0.6
      ]
    },
    {
      "Target": "Parameter",
      "Id": "BrowLY",
      "Segments": [
        0,
        0,
        0,
        0.567,
        0.4,
        1,
        0.822,
        0.4,
        1.078,
        -0.522,
        1.333,
        -0.6
      ]
    },
    {
      "Target": "Parameter",
      "Id": "BrowR_Form",
      "Segments": [
        0,
        0,
        1,
        0.222,
        0,
        0.445,
        -0.351,
        0.667,
        -0.5,
        1,
        0.889,
        -0.649,
        1.111,
        -0.713,
        1.333,
        -0.787
      ]
    },
    {
      "Target": "Parameter",
      "Id": "BrowL_Form",
      "Segments": [
        0,
        0,
        0,
        0.667,
        -0.6,
        2,
        1.333,
        -0.6
      ]
    },
    {
      "Target": "Parameter",
      "Id": "BrowR_Angle",
      "Segments": [
        0,
        0,
        0,
        0.467,
        -0.2,
        2,
        1.333,
        -0.2
      ]
    },
    {
      "Target": "Parameter",
      "Id": "BrowL_Angle",
      "Segments": [
        0,
        0,
        0,
        0.467,
        -0.2,
        2,
        1.333,
        -0.2
      ]
    },
    {
      "Target": "Parameter",
      "Id": "EyeR_Smile",
      "Segments": [
        0,
        0,
        2,
        0.167,
        0,
        0,
        0.8,
        1,
        0,
        1.067,
        -1,
        2,
        1.333,
        -1
      ]
    },
    {
      "Target": "Parameter",
      "Id": "EyeL_Smile",
      "Segments": [
        0,
        0,
        2,
        0.167,
        0,
        0,
        0.8,
        1,
        0,
        1.067,
        -1,
        2,
        1.333,
        -1
      ]
    },
    {
      "Target": "Parameter",
      "Id": "HairFront_Shaking",
      "Segments": [
        0,
        0,
        0,
        0.667,
        -0.7,
        1,
        0.889,
        -0.7,
        1.111,
        0.035,
        1.333,
        0.579
      ]
    },
    {
      "Target": "Parameter",
      "Id": "HairSide_Shaking",
      "Segments": [
        0,
        0,
        0,
        0.433,
        0.4,
        0,
        0.867,
        -0.5,
        1,
        1.022,
        -0.5,
        1.178,
        -0.394,
        1.333,
        -0.182
      ]
    },
    {
      "Target": "Parameter",
      "Id": "HairBack_Shaking",
      "Segments": [
        0,
        0,
        0,
        0.833,
        -1,
        1,
        1,
        -1,
        1.166,
        -0.595,
        1.333,
        -0.031
      ]
    },
    {
      "Target": "Parameter",
      "Id": "ShoulderLY",
      "Segments": [
        0,
        0,
        0,
        1.167,
        -30,
        2,
        1.333,
        -30
      ]
    },
    {
      "Target": "Parameter",
      "Id": "ShoulderRY",
      "Segments": [
        0,
        0,
        1,
        0.344,
        0,
        0.689,
        14.698,
        1.033,
        29,
        1,
        1.133,
        30,
        1.233,
        30,
        1.333,
        30
      ]
    },
    {
      "Target": "Parameter",
      "Id": "ShoulderR_Roll",
      "Segments": [
        0,
        0,
        1,
        0.033,
        0,
        0.067,
        -2.673,
        0.1,
        -4,
        1,
        0.144,
        -5.769,
        0.189,
        -6,
        0.233,
        -6,
        0,
        0.933,
        -2,
        2,
        1.333,
        -2
      ]
    },
    {
      "Target": "Parameter",
      "Id": "ArmR_Roll",
      "Segments": [
        0,
        0,
        0,
        0.1,
        -1.897,
        1,
        0.378,
        -1.897,
        0.655,
        28.355,
        0.933,
        28.357,
        2,
        1.333,
        28.357
      ]
    },
    {
      "Target": "Parameter",
      "Id": "ArmR_Roll2",
      "Segments": [
        0,
        0,
        0,
        0.267,
        -18,
        0,
        1.033,
        -2,
        2,
        1.333,
        -2
      ]
    },
    {
      "Target": "Parameter",
      "Id": "ShoulderL_Roll",
      "Segments": [
        0,
        0,
        0,
        0.867,
        -12,
        2,
        1.333,
        -12
      ]
    },
    {
      "Target": "Parameter",
      "Id": "ArmL_Roll",
      "Segments": [
        0,
        0,
        0,
        0.867,
        -20,
        1,
        0.967,
        -20,
        1.067,
        -19.458,
        1.167,
        -19.414,
        1,
        1.222,
        -19.39,
        1.278,
        -19.4,
        1.333,
        -19.4
      ]
    },
    {
      "Target": "Parameter",
      "Id": "ArmL_Roll2",
      "Segments": [
        0,
        0,
        0,
        1.167,
        -13,
        2,
        1.333,
        -13
      ]
    },
    {
      "Target": "Parameter",
      "Id": "DecorationR_Shaking",
      "Segments": [
        0,
        0,
        0,
        0.9,
        -9,
        1,
        1.044,
        -9,
        1.189,
        -4.345,
        1.333,
        6.114
      ]
    },
    {
      "Target": "Parameter",
      "Id": "DecorationR_ThisSide",
      "Segments": [
        0,
        0,
        0,
        1.167,
        -16,
        2,
        1.333,
        -16
      ]
    },
    {
      "Target": "Parameter",
      "Id": "DecorationL_Shaking",
      "Segments": [
        0,
        0,
        0,
        0.767,
        -9.99,
        1,
        0.956,
        -9.99,
        1.144,
        -2.655,
        1.333,
        10.784
      ]
    },
    {
      "Target": "Parameter",
      "Id": "DecorationL_ThisSide",
      "Segments": [
        0,
        0,
        0,
        1.167,
        -21,
        2,
        1.333,
        -21
      ]
    },
    {
      "Target": "Parameter",
      "Id": "HandR_Roll",
      "Segments": [
        0,
        0,
        0,
        0.233,
        4.045,
        1,
        0.344,
        4.045,
        0.456,
        3.933,
        0.567,
        2.394,
        1,
        0.634,
        1.471,
        0.7,
        -3,
        0.767,
        -3,
        1,
        0.9,
        -3,
        1.034,
        1.328,
        1.167,
        4.045,
        1,
        1.222,
        5.177,
        1.278,
        5.605,
        1.333,
        5.824
      ]
    },
    {
      "Target": "Parameter",
      "Id": "HandL_Roll",
      "Segments": [
        0,
        0,
        1,
        0.189,
        0,
        0.378,
        -0.161,
        0.567,
        4,
        1,
        0.767,
        8.406,
        0.967,
        21,
        1.167,
        21,
        2,
        1.333,
        21
      ]
    },
    {
      "Target": "Parameter",
      "Id": "Param",
      "Segments": [
        0,
        0,
        0,
        1,
        -24,
        1,
        1.111,
        -24,
        1.222,
        -14.948,
        1.333,
        0
      ]
    },
    {
      "Target": "Parameter",
      "Id": "Skirt_Shaking",
      "Segments": [
        0,
        0,
        0,
        0.7,
        -30,
        1,
        0.911,
        -30,
        1.122,
        -17.009,
        1.333,
        0
      ]
    },
    {
      "Target": "PartOpacity",
      "Id": "Part",
      "Segments": [
        0,
        1,
        2,
        1.33,
        1
      ]
    },
    {
      "Target": "PartOpacity",
      "Id": "Part13",
      "Segments": [
        0,
        1,
        2,
        1.33,
        1
      ]
    },
    {
      "Target": "PartOpacity",
      "Id": "Part3",
      "Segments": [
        0,
        1,
        2,
        1.33,
        1
      ]
    },
    {
      "Target": "PartOpacity",
      "Id": "Part4",
      "Segments": [
        0,
        1,
        2,
        1.33,
        1
      ]
    },
    {
      "Target": "PartOpacity",
      "Id": "Part15",
      "Segments": [
        0,
        1,
        2,
        1.33,
        1
      ]
    },
    {
      "Target": "PartOpacity",
      "Id": "Part8",
      "Segments": [
        0,
        0,
        2,
        1.33,
        0
      ]
    },
    {
      "Target": "PartOpacity",
      "Id": "Part11",
      "Segments": [
        0,
        1,
        2,
        1.33,
        1
      ]
    },
    {
      "Target": "PartOpacity",
      "Id": "Part14",
      "Segments": [
        0,
        1,
        2,
        1.33,
        1
      ]
    },
    {
      "Target": "PartOpacity",
      "Id": "Part5",
      "Segments": [
        0,
        1,
        2,
        1.33,
        1
      ]
    },
    {
      "Target": "PartOpacity",
      "Id": "Part9",
      "Segments": [
        0,
        1,
        2,
        0.37,
        1,
        0,
        0.43,
        0,
        2,
        1.33,
        0
      ]
    },
    {
      "Target": "PartOpacity",
      "Id": "Part10",
      "Segments": [
        0,
        0,
        2,
        1.33,
        0
      ]
    },
    {
      "Target": "PartOpacity",
      "Id": "Part12",
      "Segments": [
        0,
        0,
        2,
        0.37,
        0,
        0,
        0.43,
        1,
        2,
        1.33,
        1
      ]
    },
    {
      "Target": "PartOpacity",
      "Id": "Part7",
      "Segments": [
        0,
        1,
        2,
        1.33,
        1
      ]
    },
    {
      "Target": "PartOpacity",
      "Id": "Part18",
      "Segments": [
        0,
        1,
        2,
        1.33,
        1
      ]
    },
    {
      "Target": "PartOpacity",
      "Id": "Part25",
      "Segments": [
        0,
        1,
        2,
        1.33,
        1
      ]
    },
    {
      "Target": "PartOpacity",
      "Id": "Part19",
      "Segments": [
        0,
        1,
        2,
        1.33,
        1
      ]
    },
    {
      "Target": "PartOpacity",
      "Id": "Part20",
      "Segments": [
        0,
        1,
        2,
        1.33,
        1
      ]
    },
    {
      "Target": "PartOpacity",
      "Id": "Part21",
      "Segments": [
        0,
        1,
        2,
        1.33,
        1
      ]
    },
    {
      "Target": "PartOpacity",
      "Id": "Part22",
      "Segments": [
        0,
        0,
        2,
        0.17,
        0,
        0,
        0.23,
        1,
        2,
        1.33,
        1
      ]
    },
    {
      "Target": "PartOpacity",
      "Id": "Part6",
      "Segments": [
        0,
        0,
        2,
        0.5,
        0,
        0,
        0.57,
        1,
        2,
        1.33,
        1
      ]
    },
    {
      "Target": "PartOpacity",
      "Id": "Part27",
      "Segments": [
        0,
        1,
        2,
        0.5,
        1,
        0,
        0.57,
        0,
        2,
        1.33,
        0
      ]
    },
    {
      "Target": "PartOpacity",
      "Id": "Part16",
      "Segments": [
        0,
        1,
        2,
        1.33,
        1
      ]
    },
    {
      "Target": "PartOpacity",
      "Id": "Part23",
      "Segments": [
        0,
        1,
        2,
        1.33,
        1
      ]
    },
    {
      "Target": "PartOpacity",
      "Id": "Part17",
      "Segments": [
        0,
        1,
        2,
        0.17,
        1,
        2,
        0.23,
        0,
        2,
        1.33,
        0
      ]
    },
    {
      "Target": "PartOpacity",
      "Id": "Part2",
      "Segments": [
        0,
        1,
        2,
        1.33,
        1
      ]
    },
    {
      "Target": "PartOpacity",
      "Id": "Part24",
      "Segments": [
        0,
        1,
        2,
        1.33,
        1
      ]
    },
    {
      "Target": "Parameter",
      "Id": "BadyY",
      "Segments": [
        0,
        0,
        0,
        1.33,
        0
      ]
    },
    {
      "Target": "Parameter",
      "Id": "Param2",
      "Segments": [
        0,
        0,
        0,
        1.33,
        0
      ]
    },
    {
      "Target": "Parameter",
      "Id": "EyeBall_Size",
      "Segments": [
        0,
        0,
        0,
        1.33,
        0
      ]
    },
    {
      "Target": "Parameter",
      "Id": "EyeBallX",
      "Segments": [
        0,
        0,
        0,
        1.33,
        0
      ]
    },
    {
      "Target": "Parameter",
      "Id": "ParamEyeBallY",
      "Segments": [
        0,
        0,
        0,
        1.33,
        0
      ]
    },
    {
      "Target": "Parameter",
      "Id": "EyeR_Open",
      "Segments": [
        0,
        1,
        0,
        1.33,
        1
      ]
    },
    {
      "Target": "Parameter",
      "Id": "EyeL_Open",
      "Segments": [
        0,
        1,
        0,
        1.33,
        1
      ]
    },
    {
      "Target": "Parameter",
      "Id": "Tooth",
      "Segments": [
        0,
        0,
        0,
        1.33,
        0
      ]
    },
    {
      "Target": "Parameter",
      "Id": "Mouth_Form",
      "Segments": [
        0,
        1,
        0,
        1.33,
        1
      ]
    },
    {
      "Target": "Parameter",
      "Id": "Mouth_Open",
      "Segments": [
        0,
        1,
        0,
        1.33,
        1
      ]
    },
    {
      "Target": "Parameter",
      "Id": "Mouth_Size",
      "Segments": [
        0,
        1,
        0,
        1.33,
        1
      ]
    },
    {
      "Target": "Parameter",
      "Id": "Mouth_Size2",
      "Segments": [
        0,
        0,
        0,
        1.33,
        0
      ]
    },
    {
      "Target": "Parameter",
      "Id": "HandL03_move2",
      "Segments": [
        0,
        0,
        0,
        1.33,
        0
      ]
    },
    {
      "Target": "Parameter",
      "Id": "HandL02_move",
      "Segments": [
        0,
        0,
        0,
        1.33,
        0
      ]
    },
    {
      "Target": "Parameter",
      "Id": "LegR_Roll",
      "Segments": [
        0,
        0,
        0,
        1.33,
        0
      ]
    },
    {
      "Target": "Parameter",
      "Id": "LegL_Roll",
      "Segments": [
        0,
        0,
        0,
        1.33,
        0
      ]
    },
    {
      "Target": "Parameter",
      "Id": "Lowerbody_Roll",
      "Segments": [
        0,
        0,
        0,
        1.33,
        0
      ]
    }
  ],
  "UserData": []
}