{
  "Version": 3,
  "Meta": {
    "Duration": 8.0,
    "Fps": 30.0,
    "Loop": true,
    "AreBeziersRestricted": true,
    "CurveCount": 82,
    "TotalSegmentCount": 224,
    "TotalPointCount": 364,
    "UserDataCount": 0,
    "TotalUserDataSize": 0
  },
  "Curves": [
    {
      "Target": "Parameter",
      "Id": "Breath",
      "Segments": [
        0,
        0.493,
        1,
        0.311,
        0.218,
        0.622,
        0.002,
        0.933,
        0.002,
        0,
        2.333,
        0.494,
        0,
        3.8,
        0.002,
        0,
        5.4,
        0.595,
        0,
        6.567,
        0,
        0,
        7.6,
        0.595,
        1,
        7.733,
        0.595,
        7.867,
        0.542,
        8,
        0.493
      ]
    },
    {
      "Target": "Parameter",
      "Id": "Body_Shaking",
      "Segments": [
        0,
        1.841,
        1,
        0.178,
        3.788,
        0.355,
        4.873,
        0.533,
        5.785,
        1,
        0.933,
        7.365,
        1.333,
        7.172,
        1.733,
        6.999,
        1,
        2.389,
        6.565,
        3.044,
        1.799,
        3.7,
        0,
        1,
        4.7,
        -3.125,
        5.7,
        -3.432,
        6.7,
        -3.432,
        1,
        7.133,
        -3.321,
        7.567,
        -1.63,
        8,
        1.841
      ]
    },
    {
      "Target": "Parameter",
      "Id": "Coat_Move",
      "Segments": [
        0,
        2.457,
        1,
        0.2,
        -4.052,
        0.4,
        -4.138,
        0.6,
        -4.138,
        0,
        1.767,
        4.066,
        0,
        3,
        -3.194,
        0,
        4.567,
        6.091,
        0,
        6.133,
        -4.138,
        0,
        7.367,
        9.229,
        1,
        7.578,
        9.229,
        7.789,
        5.5,
        8,
        2.457
      ]
    },
    {
      "Target": "Parameter",
      "Id": "Waist_Roll",
      "Segments": [
        0,
        15.411,
        1,
        0.478,
        15.411,
        0.955,
        15.146,
        1.433,
        12.864,
        1,
        1.955,
        8.903,
        2.478,
        3,
        3,
        3,
        0,
        8,
        15.411
      ]
    },
    {
      "Target": "Parameter",
      "Id": "Body_Twist",
      "Segments": [
        0,
        -18.709,
        1,
        0.133,
        -19.847,
        0.267,
        -20,
        0.4,
        -20,
        1,
        0.889,
        -20,
        1.378,
        -19.95,
        1.867,
        -19.439,
        1,
        2.545,
        -18.369,
        3.222,
        -10.879,
        3.9,
        -9.376,
        1,
        4.678,
        -7.771,
        5.455,
        -7.849,
        6.233,
        -7.849,
        1,
        6.822,
        -7.849,
        7.411,
        -14.089,
        8,
        -18.709
      ]
    },
    {
      "Target": "Parameter",
      "Id": "Body_Pose1",
      "Segments": [
        0,
        0.984,
        1,
        0.8,
        0.785,
        1.6,
        0.6,
        2.4,
        0.6,
        0,
        7.567,
        1,
        1,
        7.711,
        1,
        7.856,
        0.997,
        8,
        0.984
      ]
    },
    {
      "Target": "Parameter",
      "Id": "BodyX",
      "Segments": [
        0,
        -17.276,
        2,
        2.067,
        -17.276,
        0,
        2.967,
        -11.156,
        2,
        5.167,
        -11.156,
        0,
        8,
        -17.276
      ]
    },
    {
      "Target": "Parameter",
      "Id": "Head_AngleX",
      "Segments": [
        0,
        13.781,
        1,
        0.178,
        14.38,
        0.355,
        14.904,
        0.533,
        15.144,
        1,
        1.155,
        15.783,
        1.778,
        15.962,
        2.4,
        15.962,
        0,
        4.133,
        2,
        0,
        6.167,
        2.54,
        1,
        6.622,
        3.187,
        7.078,
        6.677,
        7.533,
        11,
        1,
        7.689,
        12.443,
        7.844,
        13.277,
        8,
        13.781
      ]
    },
    {
      "Target": "Parameter",
      "Id": "Head_AngleY",
      "Segments": [
        0,
        2.211,
        1,
        0.178,
        -0.109,
        0.355,
        -0.856,
        0.533,
        -0.856,
        0,
        2.4,
        7.64,
        1,
        2.978,
        7.64,
        3.555,
        -8.658,
        4.133,
        -11,
        1,
        4.811,
        -13.747,
        5.489,
        -13.46,
        6.167,
        -13.46,
        0,
        7.533,
        4.999,
        1,
        7.689,
        4.999,
        7.844,
        4.249,
        8,
        2.211
      ]
    },
    {
      "Target": "Parameter",
      "Id": "Head_Roll",
      "Segments": [
        0,
        12.03,
        1,
        0.089,
        14.415,
        0.178,
        16.155,
        0.267,
        16.831,
        1,
        0.611,
        18.785,
        0.956,
        18.774,
        1.3,
        13.042,
        1,
        2.278,
        -1.397,
        3.255,
        -22,
        4.233,
        -22,
        1,
        4.844,
        -22,
        5.456,
        -14.38,
        6.067,
        -10.216,
        1,
        6.711,
        -4.63,
        7.356,
        1.428,
        8,
        12.03
      ]
    },
    {
      "Target": "Parameter",
      "Id": "BrowRY",
      "Segments": [
        0,
        -0.1,
        2,
        1.267,
        -0.1,
        0,
        2.967,
        0.2,
        0,
        5.3,
        -0.1,
        2,
        8,
        -0.1
      ]
    },
    {
      "Target": "Parameter",
      "Id": "BrowLY",
      "Segments": [
        0,
        -0.1,
        2,
        1.267,
        -0.1,
        0,
        2.967,
        0.2,
        0,
        5.3,
        -0.1,
        2,
        8,
        -0.1
      ]
    },
    {
      "Target": "Parameter",
      "Id": "EyeBallX",
      "Segments": [
        0,
        0.1,
        2,
        0.367,
        0.1,
        0,
        2.4,
        0,
        2,
        4.133,
        0,
        2,
        6.167,
        0,
        2,
        7.533,
        0,
        0,
        8,
        0.1
      ]
    },
    {
      "Target": "Parameter",
      "Id": "ParamEyeBallY",
      "Segments": [
        0,
        -0.1,
        2,
        0.367,
        -0.1,
        2,
        2.4,
        -0.1,
        0,
        4.133,
        0,
        0,
        6.167,
        -0.1,
        2,
        7.533,
        -0.1,
        2,
        8,
        -0.1
      ]
    },
    {
      "Target": "Parameter",
      "Id": "Mouth_Size2",
      "Segments": [
        0,
        30,
        1,
        0.711,
        30,
        1.422,
        29.674,
        2.133,
        24.738,
        1,
        2.522,
        22.039,
        2.911,
        6,
        3.3,
        6,
        1,
        3.722,
        6,
        4.145,
        23.044,
        4.567,
        24.738,
        1,
        5.711,
        29.33,
        6.856,
        30,
        8,
        30
      ]
    },
    {
      "Target": "Parameter",
      "Id": "HairFront_Shaking",
      "Segments": [
        0,
        0.492,
        1,
        0.056,
        0.583,
        0.111,
        0.619,
        0.167,
        0.641,
        1,
        0.289,
        0.669,
        0.411,
        0.644,
        0.533,
        0.517,
        1,
        0.811,
        0.133,
        1.089,
        -0.547,
        1.367,
        -0.547,
        0,
        2.167,
        0.5,
        0,
        3.067,
        -0.467,
        0,
        4.167,
        0.1,
        0,
        5.3,
        -0.246,
        0,
        6.433,
        0.209,
        0,
        7.367,
        -0.369,
        1,
        7.578,
        -0.369,
        7.789,
        0.059,
        8,
        0.492
      ]
    },
    {
      "Target": "Parameter",
      "Id": "HairSide_Shaking",
      "Segments": [
        0,
        -0.182,
        1,
        0.156,
        0.03,
        0.311,
        0.136,
        0.467,
        0.136,
        0,
        1.633,
        -0.302,
        0,
        2.833,
        0,
        0,
        4.267,
        -0.4,
        0,
        5.567,
        -0.199,
        0,
        6.933,
        -0.5,
        1,
        7.289,
        -0.5,
        7.644,
        -0.32,
        8,
        -0.182
      ]
    },
    {
      "Target": "Parameter",
      "Id": "HairBack_Shaking",
      "Segments": [
        0,
        -0.031,
        1,
        0.222,
        0.655,
        0.445,
        1,
        0.667,
        1,
        0,
        1.933,
        -0.6,
        0,
        3.1,
        0.535,
        0,
        4.3,
        -0.455,
        0,
        5.867,
        0.424,
        0,
        7.3,
        -0.574,
        1,
        7.533,
        -0.574,
        7.767,
        -0.277,
        8,
        -0.031
      ]
    },
    {
      "Target": "Parameter",
      "Id": "ShoulderLY",
      "Segments": [
        0,
        29.91,
        1,
        0.578,
        28.943,
        1.155,
        27.757,
        1.733,
        25.042,
        1,
        2.211,
        22.797,
        2.689,
        3.328,
        3.167,
        3.328,
        1,
        4.145,
        3.328,
        5.122,
        3.398,
        6.1,
        6.448,
        1,
        6.622,
        8.078,
        7.145,
        30,
        7.667,
        30,
        1,
        7.778,
        30,
        7.889,
        30,
        8,
        29.91
      ]
    },
    {
      "Target": "Parameter",
      "Id": "ShoulderRY",
      "Segments": [
        0,
        -21.519,
        1,
        0.567,
        -18.262,
        1.133,
        -15.524,
        1.7,
        -9.366,
        1,
        2.3,
        -2.845,
        2.9,
        10.827,
        3.5,
        10.827,
        1,
        4.367,
        10.827,
        5.233,
        10.842,
        6.1,
        6.852,
        1,
        6.622,
        4.447,
        7.145,
        -22,
        7.667,
        -22,
        1,
        7.778,
        -22,
        7.889,
        -21.92,
        8,
        -21.519
      ]
    },
    {
      "Target": "Parameter",
      "Id": "ShoulderR_Roll",
      "Segments": [
        0,
        12.42,
        1,
        0.156,
        12.42,
        0.311,
        11.312,
        0.467,
        10,
        1,
        0.889,
        6.439,
        1.311,
        5,
        1.733,
        5,
        0,
        3.733,
        8,
        0,
        6.7,
        1.918,
        1,
        6.978,
        2.066,
        7.255,
        6.936,
        7.533,
        10,
        1,
        7.689,
        11.732,
        7.844,
        12.417,
        8,
        12.42
      ]
    },
    {
      "Target": "Parameter",
      "Id": "ArmR_Roll",
      "Segments": [
        0,
        -6.247,
        1,
        0.511,
        -3.541,
        1.022,
        -3.1,
        1.533,
        -3.1,
        0,
        2.267,
        -5.968,
        0,
        3.733,
        -4,
        0,
        6.233,
        -5.968,
        1,
        6.711,
        -5.968,
        7.189,
        -7.197,
        7.667,
        -7,
        1,
        7.778,
        -6.937,
        7.889,
        -6.622,
        8,
        -6.247
      ]
    },
    {
      "Target": "Parameter",
      "Id": "ShoulderL_Roll",
      "Segments": [
        0,
        26,
        2,
        2,
        26,
        0,
        3.667,
        27.669,
        2,
        6.333,
        27.669,
        0,
        8,
        26
      ]
    },
    {
      "Target": "Parameter",
      "Id": "ArmL_Roll",
      "Segments": [
        0,
        -18.191,
        2,
        1.733,
        -18.191,
        1,
        2.378,
        -18.191,
        3.022,
        -18.913,
        3.667,
        -18.914,
        2,
        6.333,
        -18.914,
        0,
        8,
        -18.191
      ]
    },
    {
      "Target": "Parameter",
      "Id": "ArmL_Roll2",
      "Segments": [
        0,
        -8,
        2,
        1.867,
        -8,
        0,
        3.767,
        -12.377,
        2,
        6.633,
        -12.377,
        0,
        8,
        -8
      ]
    },
    {
      "Target": "Parameter",
      "Id": "DecorationR_Shaking",
      "Segments": [
        0,
        30,
        0,
        0.967,
        -12.713,
        0,
        1.9,
        19.355,
        0,
        2.967,
        -12.713,
        0,
        3.9,
        22.77,
        0,
        4.8,
        -9,
        0,
        5.8,
        22.77,
        0,
        6.767,
        -9,
        0,
        8,
        30
      ]
    },
    {
      "Target": "Parameter",
      "Id": "DecorationR_ThisSide",
      "Segments": [
        0,
        -7.475,
        1,
        0.056,
        -8.205,
        0.111,
        -8,
        0.167,
        -8,
        0,
        1,
        0,
        2,
        7.467,
        0,
        1,
        7.645,
        0,
        7.822,
        -4.486,
        8,
        -7.475
      ]
    },
    {
      "Target": "Parameter",
      "Id": "DecorationL_Shaking",
      "Segments": [
        0,
        5,
        0,
        0.967,
        -8.186,
        0,
        1.9,
        5,
        0,
        3,
        -8.186,
        0,
        3.9,
        6,
        0,
        4.8,
        -7.186,
        0,
        5.8,
        5,
        0,
        6.767,
        -8.186,
        0,
        8,
        5
      ]
    },
    {
      "Target": "Parameter",
      "Id": "DecorationL_ThisSide",
      "Segments": [
        0,
        -7.033,
        1,
        0.056,
        -7.72,
        0.111,
        -7.527,
        0.167,
        -7.527,
        0,
        1,
        0,
        2,
        7.467,
        0,
        1,
        7.645,
        0,
        7.822,
        -4.308,
        8,
        -7.033
      ]
    },
    {
      "Target": "Parameter",
      "Id": "HandR_Roll",
      "Segments": [
        0,
        12.771,
        1,
        0.989,
        8.741,
        1.978,
        5,
        2.967,
        5,
        2,
        8,
        5
      ]
    },
    {
      "Target": "Parameter",
      "Id": "HandL02_move",
      "Segments": [
        0,
        0,
        1,
        0.178,
        4.282,
        0.355,
        4.586,
        0.533,
        4.586,
        0,
        1.133,
        -4,
        0,
        1.733,
        0,
        0,
        4.3,
        -25,
        0,
        6,
        9.438,
        0,
        7.167,
        -12,
        1,
        7.445,
        -12,
        7.722,
        -4.51,
        8,
        0
      ]
    },
    {
      "Target": "Parameter",
      "Id": "Skirt_Shaking",
      "Segments": [
        0,
        4.625,
        1,
        0.2,
        -13.542,
        0.4,
        -23,
        0.6,
        -23,
        0,
        1.7,
        -3,
        0,
        2.9,
        -27,
        0,
        4.567,
        2.775,
        0,
        5.967,
        -19,
        0,
        7.3,
        30,
        1,
        7.533,
        30,
        7.767,
        20.921,
        8,
        4.625
      ]
    },
    {
      "Target": "PartOpacity",
      "Id": "Part",
      "Segments": [
        0,
        1,
        2,
        8,
        1
      ]
    },
    {
      "Target": "PartOpacity",
      "Id": "Part13",
      "Segments": [
        0,
        1,
        2,
        8,
        1
      ]
    },
    {
      "Target": "PartOpacity",
      "Id": "Part3",
      "Segments": [
        0,
        1,
        2,
        8,
        1
      ]
    },
    {
      "Target": "PartOpacity",
      "Id": "Part4",
      "Segments": [
        0,
        1,
        2,
        8,
        1
      ]
    },
    {
      "Target": "PartOpacity",
      "Id": "Part15",
      "Segments": [
        0,
        1,
        2,
        8,
        1
      ]
    },
    {
      "Target": "PartOpacity",
      "Id": "Part8",
      "Segments": [
        0,
        0,
        2,
        8,
        0
      ]
    },
    {
      "Target": "PartOpacity",
      "Id": "Part11",
      "Segments": [
        0,
        1,
        2,
        8,
        1
      ]
    },
    {
      "Target": "PartOpacity",
      "Id": "Part14",
      "Segments": [
        0,
        1,
        2,
        8,
        1
      ]
    },
    {
      "Target": "PartOpacity",
      "Id": "Part5",
      "Segments": [
        0,
        1,
        2,
        8,
        1
      ]
    },
    {
      "Target": "PartOpacity",
      "Id": "Part9",
      "Segments": [
        0,
        0,
        2,
        8,
        0
      ]
    },
    {
      "Target": "PartOpacity",
      "Id": "Part10",
      "Segments": [
        0,
        1,
        2,
        8,
        1
      ]
    },
    {
      "Target": "PartOpacity",
      "Id": "Part12",
      "Segments": [
        0,
        0,
        2,
        8,
        0
      ]
    },
    {
      "Target": "PartOpacity",
      "Id": "Part7",
      "Segments": [
        0,
        1,
        2,
        8,
        1
      ]
    },
    {
      "Target": "PartOpacity",
      "Id": "Part18",
      "Segments": [
        0,
        1,
        2,
        8,
        1
      ]
    },
    {
      "Target": "PartOpacity",
      "Id": "Part25",
      "Segments": [
        0,
        1,
        2,
        8,
        1
      ]
    },
    {
      "Target": "PartOpacity",
      "Id": "Part19",
      "Segments": [
        0,
        1,
        2,
        8,
        1
      ]
    },
    {
      "Target": "PartOpacity",
      "Id": "Part20",
      "Segments": [
        0,
        1,
        2,
        8,
        1
      ]
    },
    {
      "Target": "PartOpacity",
      "Id": "Part21",
      "Segments": [
        0,
        1,
        2,
        8,
        1
      ]
    },
    {
      "Target": "PartOpacity",
      "Id": "Part22",
      "Segments": [
        0,
        0,
        2,
        8,
        0
      ]
    },
    {
      "Target": "PartOpacity",
      "Id": "Part6",
      "Segments": [
        0,
        1,
        2,
        8,
        1
      ]
    },
    {
      "Target": "PartOpacity",
      "Id": "Part27",
      "Segments": [
        0,
        1,
        2,
        8,
        1
      ]
    },
    {
      "Target": "PartOpacity",
      "Id": "Part16",
      "Segments": [
        0,
        1,
        2,
        8,
        1
      ]
    },
    {
      "Target": "PartOpacity",
      "Id": "Part23",
      "Segments": [
        0,
        1,
        2,
        8,
        1
      ]
    },
    {
      "Target": "PartOpacity",
      "Id": "Part17",
      "Segments": [
        0,
        1,
        2,
        8,
        1
      ]
    },
    {
      "Target": "PartOpacity",
      "Id": "Part2",
      "Segments": [
        0,
        1,
        2,
        8,
        1
      ]
    },
    {
      "Target": "PartOpacity",
      "Id": "Part24",
      "Segments": [
        0,
        1,
        2,
        8,
        1
      ]
    },
    {
      "Target": "Parameter",
      "Id": "BodyY",
      "Segments": [
        0,
        0,
        0,
        8,
        0
      ]
    },
    {
      "Target": "Parameter",
      "Id": "BadyY",
      "Segments": [
        0,
        0,
        0,
        8,
        0
      ]
    },
    {
      "Target": "Parameter",
      "Id": "HeadY",
      "Segments": [
        0,
        0,
        0,
        8,
        0
      ]
    },
    {
      "Target": "Parameter",
      "Id": "Param2",
      "Segments": [
        0,
        0,
        0,
        8,
        0
      ]
    },
    {
      "Target": "Parameter",
      "Id": "BrowR_Form",
      "Segments": [
        0,
        -0.3,
        0,
        8,
        -0.3
      ]
    },
    {
      "Target": "Parameter",
      "Id": "BrowL_Form",
      "Segments": [
        0,
        -0.3,
        0,
        8,
        -0.3
      ]
    },
    {
      "Target": "Parameter",
      "Id": "BrowR_Angle",
      "Segments": [
        0,
        -0.5,
        0,
        8,
        -0.5
      ]
    },
    {
      "Target": "Parameter",
      "Id": "BrowL_Angle",
      "Segments": [
        0,
        -0.5,
        0,
        8,
        -0.5
      ]
    },
    {
      "Target": "Parameter",
      "Id": "EyeBall_Size",
      "Segments": [
        0,
        0,
        0,
        8,
        0
      ]
    },
    {
      "Target": "Parameter",
      "Id": "EyeR_Open",
      "Segments": [
        0,
        1,
        0,
        8,
        1
      ]
    },
    {
      "Target": "Parameter",
      "Id": "EyeR_Smile",
      "Segments": [
        0,
        -1,
        0,
        8,
        -1
      ]
    },
    {
      "Target": "Parameter",
      "Id": "EyeL_Open",
      "Segments": [
        0,
        1,
        0,
        8,
        1
      ]
    },
    {
      "Target": "Parameter",
      "Id": "EyeL_Smile",
      "Segments": [
        0,
        -1,
        0,
        8,
        -1
      ]
    },
    {
      "Target": "Parameter",
      "Id": "Tooth",
      "Segments": [
        0,
        0,
        0,
        8,
        0
      ]
    },
    {
      "Target": "Parameter",
      "Id": "Mouth_Form",
      "Segments": [
        0,
        1,
        0,
        8,
        1
      ]
    },
    {
      "Target": "Parameter",
      "Id": "Mouth_Open",
      "Segments": [
        0,
        1,
        0,
        8,
        1
      ]
    },
    {
      "Target": "Parameter",
      "Id": "Mouth_Size",
      "Segments": [
        0,
        1,
        0,
        8,
        1
      ]
    },
    {
      "Target": "Parameter",
      "Id": "ArmR_Roll2",
      "Segments": [
        0,
        0,
        0,
        8,
        0
      ]
    },
    {
      "Target": "Parameter",
      "Id": "HandL_Roll",
      "Segments": [
        0,
        -30,
        0,
        8,
        -30
      ]
    },
    {
      "Target": "Parameter",
      "Id": "HandL03_move2",
      "Segments": [
        0,
        0,
        0,
        8,
        0
      ]
    },
    {
      "Target": "Parameter",
      "Id": "Param",
      "Segments": [
        0,
        0,
        0,
        8,
        0
      ]
    },
    {
      "Target": "Parameter",
      "Id": "LegR_Roll",
      "Segments": [
        0,
        15,
        0,
        8,
        15
      ]
    },
    {
      "Target": "Parameter",
      "Id": "LegL_Roll",
      "Segments": [
        0,
        23,
        0,
        8,
        23
      ]
    },
    {
      "Target": "Parameter",
      "Id": "Lowerbody_Roll",
      "Segments": [
        0,
        5,
        0,
        8,
        5
      ]
    }
  ],
  "UserData": []
}