{
  "Version": 3,
  "Meta": {
    "Duration": 8.0,
    "Fps": 30.0,
    "Loop": true,
    "AreBeziersRestricted": true,
    "CurveCount": 82,
    "TotalSegmentCount": 246,
    "TotalPointCount": 402,
    "UserDataCount": 0,
    "TotalUserDataSize": 0
  },
  "Curves": [
    {
      "Target": "Parameter",
      "Id": "Breath",
      "Segments": [
        0,
        0.141,
        1,
        0.256,
        0.261,
        0.511,
        0.408,
        0.767,
        0.5,
        1,
        1.378,
        0.719,
        1.989,
        0.8,
        2.6,
        0.8,
        0,
        4.567,
        0,
        0,
        6.733,
        0.6,
        0,
        8,
        0.141
      ]
    },
    {
      "Target": "Parameter",
      "Id": "Body_Shaking",
      "Segments": [
        0,
        0.406,
        1,
        0.6,
        10.332,
        1.2,
        20,
        1.8,
        20,
        1,
        1.978,
        20,
        2.155,
        19.221,
        2.333,
        14.315,
        1,
        2.711,
        3.888,
        3.089,
        -4,
        3.467,
        -4,
        0,
        5.567,
        -2,
        0,
        7.433,
        -4,
        1,
        7.622,
        -4,
        7.811,
        -2.427,
        8,
        0.406
      ]
    },
    {
      "Target": "Parameter",
      "Id": "BodyY",
      "Segments": [
        0,
        0,
        2,
        2.833,
        0,
        0,
        3.433,
        -0.925,
        0,
        4,
        0,
        2,
        8,
        0
      ]
    },
    {
      "Target": "Parameter",
      "Id": "Coat_Move",
      "Segments": [
        0,
        1.231,
        1,
        0.189,
        8.411,
        0.378,
        11.394,
        0.567,
        11.394,
        0,
        1.333,
        -4.842,
        0,
        2.233,
        2.901,
        0,
        3.233,
        -6,
        0,
        4.6,
        1,
        0,
        5.567,
        -6,
        0,
        6.567,
        1.231,
        0,
        7.567,
        -4.04,
        1,
        7.711,
        -4.04,
        7.856,
        -2.382,
        8,
        1.231
      ]
    },
    {
      "Target": "Parameter",
      "Id": "Waist_Roll",
      "Segments": [
        0,
        2.862,
        1,
        0.056,
        3.053,
        0.111,
        3,
        0.167,
        3,
        0,
        2.933,
        -5.036,
        0,
        5.233,
        5.929,
        1,
        5.578,
        5.929,
        5.922,
        5.286,
        6.267,
        1.074,
        1,
        6.5,
        -1.905,
        6.734,
        -2.283,
        6.967,
        -2.247,
        1,
        7.311,
        -2.322,
        7.656,
        2.846,
        8,
        2.862
      ]
    },
    {
      "Target": "Parameter",
      "Id": "Body_Twist",
      "Segments": [
        0,
        -7.169,
        1,
        0.9,
        -8.111,
        1.8,
        -8.522,
        2.7,
        -10,
        1,
        3.267,
        -10.93,
        3.833,
        -25,
        4.4,
        -25,
        1,
        5.244,
        -25,
        6.089,
        -24.73,
        6.933,
        -23.105,
        1,
        7.289,
        -22.368,
        7.644,
        -7.169,
        8,
        -7.169
      ]
    },
    {
      "Target": "Parameter",
      "Id": "Body_Pose1",
      "Segments": [
        0,
        0,
        2,
        2.7,
        0,
        0,
        3.333,
        -0.6,
        0,
        5.567,
        0.4,
        0,
        8,
        0
      ]
    },
    {
      "Target": "Parameter",
      "Id": "BodyX",
      "Segments": [
        0,
        3.281,
        1,
        0.267,
        -0.304,
        0.533,
        -2.04,
        0.8,
        -2.04,
        0,
        1.333,
        -2,
        0,
        2.233,
        -2.04,
        2,
        3.6,
        -2.04,
        0,
        4.533,
        -8.114,
        1,
        5.689,
        -8.114,
        6.844,
        9.062,
        8,
        3.281
      ]
    },
    {
      "Target": "Parameter",
      "Id": "Head_AngleX",
      "Segments": [
        0,
        6,
        2,
        0.8,
        6,
        2,
        2,
        6,
        0,
        4.433,
        15.658,
        0,
        8,
        6
      ]
    },
    {
      "Target": "Parameter",
      "Id": "Head_AngleY",
      "Segments": [
        0,
        19.009,
        1,
        0.256,
        19.009,
        0.511,
        19.166,
        0.767,
        17.827,
        1,
        1.178,
        15.673,
        1.589,
        12.792,
        2,
        6.3,
        1,
        2.811,
        -6.508,
        3.622,
        -24.342,
        4.433,
        -24.342,
        0,
        8,
        19.009
      ]
    },
    {
      "Target": "Parameter",
      "Id": "Head_Roll",
      "Segments": [
        0,
        -30,
        1,
        0.322,
        -30,
        0.645,
        -28.396,
        0.967,
        -27.191,
        1,
        1.267,
        -26.07,
        1.567,
        -26.461,
        1.867,
        -24.756,
        1,
        2.345,
        -22.041,
        2.822,
        -7.394,
        3.3,
        3.64,
        1,
        3.789,
        14.932,
        4.278,
        24,
        4.767,
        24,
        1,
        5.489,
        24,
        6.211,
        18.341,
        6.933,
        -3.027,
        1,
        7.289,
        -13.546,
        7.644,
        -30,
        8,
        -30
      ]
    },
    {
      "Target": "Parameter",
      "Id": "HeadY",
      "Segments": [
        0,
        -7.426,
        1,
        1.589,
        -21.781,
        3.178,
        -29,
        4.767,
        -29,
        0,
        8,
        -7.426
      ]
    },
    {
      "Target": "Parameter",
      "Id": "BrowRY",
      "Segments": [
        0,
        0.3,
        2,
        2.233,
        0.3,
        0,
        4.067,
        0.1,
        0,
        6.5,
        0.3,
        2,
        8,
        0.3
      ]
    },
    {
      "Target": "Parameter",
      "Id": "BrowLY",
      "Segments": [
        0,
        0.3,
        2,
        2.233,
        0.3,
        0,
        4.067,
        0.1,
        0,
        6.5,
        0.3,
        2,
        8,
        0.3
      ]
    },
    {
      "Target": "Parameter",
      "Id": "EyeBallX",
      "Segments": [
        0,
        0.1,
        2,
        0.367,
        0.1,
        0,
        2.4,
        0,
        2,
        4.133,
        0,
        2,
        6.167,
        0,
        2,
        7.533,
        0,
        0,
        8,
        0.1
      ]
    },
    {
      "Target": "Parameter",
      "Id": "ParamEyeBallY",
      "Segments": [
        0,
        -0.1,
        2,
        0.367,
        -0.1,
        2,
        2.4,
        -0.1,
        0,
        4.133,
        0,
        0,
        6.167,
        -0.1,
        2,
        7.533,
        -0.1,
        2,
        8,
        -0.1
      ]
    },
    {
      "Target": "Parameter",
      "Id": "Mouth_Form",
      "Segments": [
        0,
        -0.6,
        0,
        3,
        -0.3,
        0,
        8,
        -0.6
      ]
    },
    {
      "Target": "Parameter",
      "Id": "HairFront_Shaking",
      "Segments": [
        0,
        0.579,
        1,
        0.067,
        0.748,
        0.133,
        0.826,
        0.2,
        0.852,
        1,
        0.289,
        0.88,
        0.378,
        0.777,
        0.467,
        0.633,
        1,
        0.7,
        0.101,
        0.934,
        -0.304,
        1.167,
        -0.304,
        0,
        2.167,
        0.264,
        0,
        3.067,
        -0.6,
        0,
        4.167,
        0.4,
        0,
        5.3,
        -0.7,
        0,
        6.133,
        0.215,
        0,
        6.967,
        -0.7,
        1,
        7.311,
        -0.7,
        7.656,
        -0.017,
        8,
        0.579
      ]
    },
    {
      "Target": "Parameter",
      "Id": "HairSide_Shaking",
      "Segments": [
        0,
        -0.182,
        1,
        0.156,
        0.03,
        0.311,
        0.136,
        0.467,
        0.136,
        0,
        1.633,
        -0.302,
        0,
        2.833,
        0,
        0,
        4.267,
        -0.4,
        0,
        5.567,
        -0.199,
        0,
        6.933,
        -0.5,
        1,
        7.289,
        -0.5,
        7.644,
        -0.32,
        8,
        -0.182
      ]
    },
    {
      "Target": "Parameter",
      "Id": "HairBack_Shaking",
      "Segments": [
        0,
        -0.031,
        1,
        0.222,
        0.721,
        0.445,
        1,
        0.667,
        1,
        0,
        1.933,
        -0.8,
        0,
        2.8,
        1,
        0,
        3.867,
        0.097,
        0,
        4.9,
        1,
        0,
        5.767,
        0.097,
        0,
        6.533,
        0.782,
        0,
        7.433,
        -0.6,
        1,
        7.622,
        -0.6,
        7.811,
        -0.277,
        8,
        -0.031
      ]
    },
    {
      "Target": "Parameter",
      "Id": "ShoulderLY",
      "Segments": [
        0,
        -30,
        2,
        0.1,
        -30,
        1,
        0.889,
        -30,
        1.678,
        -29.771,
        2.467,
        -28.427,
        1,
        2.7,
        -28.029,
        2.934,
        -4,
        3.167,
        -4,
        0,
        3.867,
        -30,
        2,
        6.767,
        -30,
        0,
        7.467,
        -15.786,
        0,
        8,
        -30
      ]
    },
    {
      "Target": "Parameter",
      "Id": "ShoulderRY",
      "Segments": [
        0,
        30,
        1,
        0.844,
        30,
        1.689,
        29.85,
        2.533,
        29,
        1,
        2.778,
        28.754,
        3.022,
        20.015,
        3.267,
        20.015,
        1,
        3.511,
        20.015,
        3.756,
        23.994,
        4,
        25,
        1,
        4.922,
        28.794,
        5.845,
        29.814,
        6.767,
        29.814,
        0,
        7.3,
        22.326,
        0,
        8,
        30.213
      ]
    },
    {
      "Target": "Parameter",
      "Id": "ShoulderR_Roll",
      "Segments": [
        0,
        -2,
        0,
        2.567,
        -1.652,
        0,
        4,
        -7,
        1,
        4.922,
        -7,
        5.845,
        -5.354,
        6.767,
        -3.133,
        1,
        7.178,
        -2.143,
        7.589,
        -2,
        8,
        -2
      ]
    },
    {
      "Target": "Parameter",
      "Id": "ArmR_Roll",
      "Segments": [
        0,
        28.357,
        2,
        2.567,
        28.357,
        1,
        2.8,
        28.357,
        3.034,
        28.465,
        3.267,
        29,
        1,
        3.478,
        29.484,
        3.689,
        30,
        3.9,
        30,
        1,
        4.856,
        30,
        5.811,
        29.45,
        6.767,
        28.714,
        1,
        7.178,
        28.397,
        7.589,
        28.357,
        8,
        28.357
      ]
    },
    {
      "Target": "Parameter",
      "Id": "ArmR_Roll2",
      "Segments": [
        0,
        -2,
        0,
        2.567,
        -2.629,
        0,
        3.267,
        0,
        0,
        3.9,
        -6,
        1,
        4.856,
        -6,
        5.811,
        -4.658,
        6.767,
        -2.868,
        1,
        7.178,
        -2.098,
        7.589,
        -2,
        8,
        -2
      ]
    },
    {
      "Target": "Parameter",
      "Id": "ShoulderL_Roll",
      "Segments": [
        0,
        -12,
        1,
        0.811,
        -12,
        1.622,
        -11.874,
        2.433,
        -11.266,
        1,
        2.689,
        -11.074,
        2.944,
        -10,
        3.2,
        -10,
        0,
        3.867,
        -16,
        1,
        4.834,
        -16,
        5.8,
        -14.651,
        6.767,
        -12.856,
        1,
        7.178,
        -12.093,
        7.589,
        -12,
        8,
        -12
      ]
    },
    {
      "Target": "Parameter",
      "Id": "ArmL_Roll",
      "Segments": [
        0,
        -19.4,
        0,
        2.433,
        -19.414,
        0,
        3.2,
        -19,
        0,
        3.867,
        -19.414,
        1,
        4.834,
        -19.414,
        5.8,
        -19.409,
        6.767,
        -19.403,
        1,
        7.178,
        -19.4,
        7.589,
        -19.4,
        8,
        -19.4
      ]
    },
    {
      "Target": "Parameter",
      "Id": "ArmL_Roll2",
      "Segments": [
        0,
        -13,
        1,
        0.811,
        -13,
        1.622,
        -12.97,
        2.433,
        -12.318,
        1,
        2.8,
        -12.024,
        3.166,
        0,
        3.533,
        0,
        1,
        4.522,
        0,
        5.511,
        -0.203,
        6.5,
        -0.828,
        1,
        6.667,
        -0.933,
        6.833,
        -1.161,
        7,
        -2.288,
        1,
        7.333,
        -4.543,
        7.667,
        -13,
        8,
        -13
      ]
    },
    {
      "Target": "Parameter",
      "Id": "DecorationR_Shaking",
      "Segments": [
        0,
        6.114,
        1,
        0.167,
        18.182,
        0.333,
        24.841,
        0.5,
        24.841,
        0,
        1.267,
        -11.361,
        0,
        2.033,
        20.797,
        0,
        2.833,
        -21.415,
        0,
        3.833,
        30,
        0,
        4.867,
        -9,
        0,
        5.8,
        22.77,
        0,
        7,
        -25.19,
        1,
        7.333,
        -25.19,
        7.667,
        -9.302,
        8,
        6.114
      ]
    },
    {
      "Target": "Parameter",
      "Id": "DecorationL_Shaking",
      "Segments": [
        0,
        10.784,
        1,
        0.167,
        22.642,
        0.333,
        28,
        0.5,
        28,
        0,
        1.367,
        -8.186,
        0,
        2.167,
        12.125,
        0,
        3.1,
        -16.175,
        0,
        4,
        13.125,
        0,
        4.933,
        -7.186,
        0,
        5.9,
        12.125,
        0,
        7,
        -20.348,
        1,
        7.333,
        -20.348,
        7.667,
        -4.548,
        8,
        10.784
      ]
    },
    {
      "Target": "Parameter",
      "Id": "HandR_Roll",
      "Segments": [
        0,
        5.824,
        1,
        0.4,
        7.401,
        0.8,
        8,
        1.2,
        8,
        0,
        2,
        6,
        0,
        2.667,
        8,
        1,
        2.956,
        8,
        3.244,
        5.65,
        3.533,
        1,
        1,
        3.7,
        -1.683,
        3.866,
        -3,
        4.033,
        -3,
        1,
        4.889,
        -3,
        5.744,
        -0.565,
        6.6,
        3.667,
        1,
        6.722,
        4.271,
        6.845,
        4.803,
        6.967,
        5.026,
        1,
        7.311,
        5.654,
        7.656,
        5.824,
        8,
        5.824
      ]
    },
    {
      "Target": "Parameter",
      "Id": "HandL_Roll",
      "Segments": [
        0,
        21,
        2,
        3,
        21,
        0,
        4.733,
        27.209,
        0,
        8,
        21
      ]
    },
    {
      "Target": "Parameter",
      "Id": "HandL03_move2",
      "Segments": [
        0,
        0,
        2,
        3,
        0,
        0,
        4.2,
        -16,
        1,
        4.967,
        -16,
        5.733,
        -15.706,
        6.5,
        -14.742,
        1,
        6.667,
        -14.532,
        6.833,
        -14.21,
        7,
        -12.704,
        1,
        7.333,
        -9.692,
        7.667,
        0,
        8,
        0
      ]
    },
    {
      "Target": "Parameter",
      "Id": "Param",
      "Segments": [
        0,
        0,
        1,
        0.156,
        20.928,
        0.311,
        30,
        0.467,
        30,
        0,
        2.067,
        -30,
        0,
        3.333,
        30,
        0,
        5.267,
        -30,
        0,
        6.433,
        30,
        0,
        7.633,
        -30,
        1,
        7.755,
        -30,
        7.878,
        -18.202,
        8,
        0
      ]
    },
    {
      "Target": "Parameter",
      "Id": "Skirt_Shaking",
      "Segments": [
        0,
        0,
        1,
        0.2,
        16.114,
        0.4,
        21,
        0.6,
        21,
        0,
        1.933,
        -20,
        0,
        4.033,
        9.742,
        0,
        5.6,
        -29,
        0,
        6.667,
        9.742,
        0,
        7.5,
        -14.517,
        1,
        7.667,
        -14.517,
        7.833,
        -7.449,
        8,
        0
      ]
    },
    {
      "Target": "PartOpacity",
      "Id": "Part",
      "Segments": [
        0,
        1,
        2,
        8,
        1
      ]
    },
    {
      "Target": "PartOpacity",
      "Id": "Part13",
      "Segments": [
        0,
        1,
        2,
        8,
        1
      ]
    },
    {
      "Target": "PartOpacity",
      "Id": "Part3",
      "Segments": [
        0,
        1,
        2,
        8,
        1
      ]
    },
    {
      "Target": "PartOpacity",
      "Id": "Part4",
      "Segments": [
        0,
        1,
        2,
        8,
        1
      ]
    },
    {
      "Target": "PartOpacity",
      "Id": "Part15",
      "Segments": [
        0,
        1,
        2,
        8,
        1
      ]
    },
    {
      "Target": "PartOpacity",
      "Id": "Part8",
      "Segments": [
        0,
        0,
        2,
        8,
        0
      ]
    },
    {
      "Target": "PartOpacity",
      "Id": "Part11",
      "Segments": [
        0,
        1,
        2,
        8,
        1
      ]
    },
    {
      "Target": "PartOpacity",
      "Id": "Part14",
      "Segments": [
        0,
        1,
        2,
        8,
        1
      ]
    },
    {
      "Target": "PartOpacity",
      "Id": "Part5",
      "Segments": [
        0,
        1,
        2,
        8,
        1
      ]
    },
    {
      "Target": "PartOpacity",
      "Id": "Part9",
      "Segments": [
        0,
        0,
        2,
        8,
        0
      ]
    },
    {
      "Target": "PartOpacity",
      "Id": "Part10",
      "Segments": [
        0,
        0,
        2,
        8,
        0
      ]
    },
    {
      "Target": "PartOpacity",
      "Id": "Part12",
      "Segments": [
        0,
        1,
        2,
        8,
        1
      ]
    },
    {
      "Target": "PartOpacity",
      "Id": "Part7",
      "Segments": [
        0,
        1,
        2,
        8,
        1
      ]
    },
    {
      "Target": "PartOpacity",
      "Id": "Part18",
      "Segments": [
        0,
        1,
        2,
        8,
        1
      ]
    },
    {
      "Target": "PartOpacity",
      "Id": "Part25",
      "Segments": [
        0,
        1,
        2,
        8,
        1
      ]
    },
    {
      "Target": "PartOpacity",
      "Id": "Part19",
      "Segments": [
        0,
        1,
        2,
        8,
        1
      ]
    },
    {
      "Target": "PartOpacity",
      "Id": "Part20",
      "Segments": [
        0,
        1,
        2,
        8,
        1
      ]
    },
    {
      "Target": "PartOpacity",
      "Id": "Part21",
      "Segments": [
        0,
        1,
        2,
        8,
        1
      ]
    },
    {
      "Target": "PartOpacity",
      "Id": "Part22",
      "Segments": [
        0,
        1,
        2,
        8,
        1
      ]
    },
    {
      "Target": "PartOpacity",
      "Id": "Part6",
      "Segments": [
        0,
        1,
        2,
        8,
        1
      ]
    },
    {
      "Target": "PartOpacity",
      "Id": "Part27",
      "Segments": [
        0,
        0,
        2,
        8,
        0
      ]
    },
    {
      "Target": "PartOpacity",
      "Id": "Part16",
      "Segments": [
        0,
        1,
        2,
        8,
        1
      ]
    },
    {
      "Target": "PartOpacity",
      "Id": "Part23",
      "Segments": [
        0,
        1,
        2,
        8,
        1
      ]
    },
    {
      "Target": "PartOpacity",
      "Id": "Part17",
      "Segments": [
        0,
        0,
        2,
        8,
        0
      ]
    },
    {
      "Target": "PartOpacity",
      "Id": "Part2",
      "Segments": [
        0,
        1,
        2,
        8,
        1
      ]
    },
    {
      "Target": "PartOpacity",
      "Id": "Part24",
      "Segments": [
        0,
        1,
        2,
        8,
        1
      ]
    },
    {
      "Target": "Parameter",
      "Id": "BadyY",
      "Segments": [
        0,
        0,
        0,
        8,
        0
      ]
    },
    {
      "Target": "Parameter",
      "Id": "Param2",
      "Segments": [
        0,
        0,
        0,
        8,
        0
      ]
    },
    {
      "Target": "Parameter",
      "Id": "BrowR_Form",
      "Segments": [
        0,
        1.1,
        0,
        8,
        1.1
      ]
    },
    {
      "Target": "Parameter",
      "Id": "BrowL_Form",
      "Segments": [
        0,
        1.1,
        0,
        8,
        1.1
      ]
    },
    {
      "Target": "Parameter",
      "Id": "BrowR_Angle",
      "Segments": [
        0,
        0.2,
        0,
        8,
        0.2
      ]
    },
    {
      "Target": "Parameter",
      "Id": "BrowL_Angle",
      "Segments": [
        0,
        0.2,
        0,
        8,
        0.2
      ]
    },
    {
      "Target": "Parameter",
      "Id": "EyeBall_Size",
      "Segments": [
        0,
        0,
        0,
        8,
        0
      ]
    },
    {
      "Target": "Parameter",
      "Id": "EyeR_Open",
      "Segments": [
        0,
        1,
        0,
        8,
        1
      ]
    },
    {
      "Target": "Parameter",
      "Id": "EyeR_Smile",
      "Segments": [
        0,
        0,
        0,
        8,
        0
      ]
    },
    {
      "Target": "Parameter",
      "Id": "EyeL_Open",
      "Segments": [
        0,
        1,
        0,
        8,
        1
      ]
    },
    {
      "Target": "Parameter",
      "Id": "EyeL_Smile",
      "Segments": [
        0,
        0,
        0,
        8,
        0
      ]
    },
    {
      "Target": "Parameter",
      "Id": "Tooth",
      "Segments": [
        0,
        0,
        0,
        8,
        0
      ]
    },
    {
      "Target": "Parameter",
      "Id": "Mouth_Open",
      "Segments": [
        0,
        1,
        0,
        8,
        1
      ]
    },
    {
      "Target": "Parameter",
      "Id": "Mouth_Size",
      "Segments": [
        0,
        1,
        0,
        8,
        1
      ]
    },
    {
      "Target": "Parameter",
      "Id": "Mouth_Size2",
      "Segments": [
        0,
        30,
        0,
        8,
        30
      ]
    },
    {
      "Target": "Parameter",
      "Id": "DecorationR_ThisSide",
      "Segments": [
        0,
        -16,
        0,
        8,
        -16
      ]
    },
    {
      "Target": "Parameter",
      "Id": "DecorationL_ThisSide",
      "Segments": [
        0,
        -21,
        0,
        8,
        -21
      ]
    },
    {
      "Target": "Parameter",
      "Id": "HandL02_move",
      "Segments": [
        0,
        0,
        0,
        8,
        0
      ]
    },
    {
      "Target": "Parameter",
      "Id": "LegR_Roll",
      "Segments": [
        0,
        0,
        0,
        8,
        0
      ]
    },
    {
      "Target": "Parameter",
      "Id": "LegL_Roll",
      "Segments": [
        0,
        0,
        0,
        8,
        0
      ]
    },
    {
      "Target": "Parameter",
      "Id": "Lowerbody_Roll",
      "Segments": [
        0,
        0,
        0,
        8,
        0
      ]
    }
  ],
  "UserData": []
}