{
  "Version": 3,
  "Meta": {
    "Duration": 8.0,
    "Fps": 30.0,
    "Loop": true,
    "AreBeziersRestricted": true,
    "CurveCount": 82,
    "TotalSegmentCount": 229,
    "TotalPointCount": 331,
    "UserDataCount": 0,
    "TotalUserDataSize": 0
  },
  "Curves": [
    {
      "Target": "Parameter",
      "Id": "Breath",
      "Segments": [
        0,
        0.635,
        1,
        0.278,
        0.891,
        0.555,
        1,
        0.833,
        1,
        0,
        2,
        0,
        0,
        3.4,
        1,
        0,
        4.833,
        0,
        0,
        6.167,
        1,
        0,
        7.267,
        0,
        1,
        7.511,
        0,
        7.756,
        0.386,
        8,
        0.635
      ]
    },
    {
      "Target": "Parameter",
      "Id": "Body_Shaking",
      "Segments": [
        0,
        -0.236,
        1,
        0.289,
        -0.589,
        0.578,
        -1,
        0.867,
        -1,
        0,
        1.967,
        0,
        2,
        7.167,
        0,
        1,
        7.445,
        0,
        7.722,
        -0.066,
        8,
        -0.236
      ]
    },
    {
      "Target": "Parameter",
      "Id": "Coat_Move",
      "Segments": [
        0,
        -15.841,
        1,
        0.156,
        -17.624,
        0.311,
        -18,
        0.467,
        -18,
        0,
        2.033,
        -4.62,
        0,
        3.567,
        -13.156,
        0,
        4.8,
        -5.041,
        0,
        6.1,
        -13.156,
        0,
        7.133,
        -5.041,
        1,
        7.422,
        -5.041,
        7.711,
        -10.823,
        8,
        -15.841
      ]
    },
    {
      "Target": "Parameter",
      "Id": "Waist_Roll",
      "Segments": [
        0,
        -27.229,
        1,
        1.056,
        -28.827,
        2.111,
        -27.432,
        3.167,
        -24.993,
        1,
        3.645,
        -24.122,
        4.122,
        -21.309,
        4.6,
        -21.309,
        0,
        6.033,
        -25.616,
        0,
        7.3,
        -24.993,
        0,
        8,
        -27.229
      ]
    },
    {
      "Target": "Parameter",
      "Id": "Body_Twist",
      "Segments": [
        0,
        -8.957,
        1,
        0.189,
        -9.349,
        0.378,
        -9.454,
        0.567,
        -9.454,
        0,
        2.767,
        -7.577,
        0,
        5.433,
        -9.454,
        0,
        7.2,
        -7.217,
        1,
        7.467,
        -7.217,
        7.733,
        -8.659,
        8,
        -8.957
      ]
    },
    {
      "Target": "Parameter",
      "Id": "Head_AngleX",
      "Segments": [
        0,
        1,
        1,
        0.344,
        2.348,
        0.689,
        3.056,
        1.033,
        5,
        1,
        1.711,
        8.825,
        2.389,
        12.495,
        3.067,
        12.495,
        0,
        5.4,
        -10.661,
        0,
        8,
        1
      ]
    },
    {
      "Target": "Parameter",
      "Id": "Head_AngleY",
      "Segments": [
        0,
        -26,
        1,
        0.344,
        -25.069,
        0.689,
        -25.511,
        1.033,
        -24,
        1,
        1.711,
        -21.027,
        2.389,
        -11.105,
        3.067,
        -11.105,
        0,
        5.4,
        -30,
        0,
        8,
        -26
      ]
    },
    {
      "Target": "Parameter",
      "Id": "Head_Roll",
      "Segments": [
        0,
        18,
        0,
        1.3,
        8.887,
        0,
        2.9,
        15.59,
        0,
        4.1,
        9.95,
        0,
        5.533,
        15.976,
        0,
        7.033,
        9.687,
        1,
        7.355,
        9.687,
        7.678,
        18.463,
        8,
        18
      ]
    },
    {
      "Target": "Parameter",
      "Id": "BrowRY",
      "Segments": [
        0,
        -0.074,
        1,
        0.567,
        0.036,
        1.133,
        0.1,
        1.7,
        0.1,
        0,
        4.567,
        -0.1,
        0,
        8,
        -0.074
      ]
    },
    {
      "Target": "Parameter",
      "Id": "BrowLY",
      "Segments": [
        0,
        -0.07,
        1,
        0.567,
        0.041,
        1.133,
        0.1,
        1.7,
        0.1,
        0,
        4.567,
        -0.1,
        0,
        8,
        -0.07
      ]
    },
    {
      "Target": "Parameter",
      "Id": "BrowR_Form",
      "Segments": [
        0,
        -1.16,
        1,
        0.522,
        -0.915,
        1.045,
        -0.7,
        1.567,
        -0.7,
        0,
        4.433,
        -1.2,
        0,
        8,
        -1.16
      ]
    },
    {
      "Target": "Parameter",
      "Id": "BrowL_Form",
      "Segments": [
        0,
        -1.257,
        1,
        0.522,
        -0.973,
        1.045,
        -0.7,
        1.567,
        -0.7,
        1,
        2.522,
        -0.7,
        3.478,
        -1.149,
        4.433,
        -1.2,
        1,
        5.622,
        -1.264,
        6.811,
        -1.257,
        8,
        -1.257
      ]
    },
    {
      "Target": "Parameter",
      "Id": "EyeBallX",
      "Segments": [
        0,
        0.1,
        2,
        1.033,
        0.1,
        2,
        3.067,
        0.1,
        2,
        3.933,
        0.1,
        0,
        5.2,
        0.5,
        0,
        8,
        0.1
      ]
    },
    {
      "Target": "Parameter",
      "Id": "ParamEyeBallY",
      "Segments": [
        0,
        -0.1,
        1,
        0.344,
        -0.145,
        0.689,
        -0.166,
        1.033,
        -0.2,
        1,
        1.711,
        -0.266,
        2.389,
        -0.3,
        3.067,
        -0.3,
        1,
        3.356,
        -0.3,
        3.644,
        -0.252,
        3.933,
        -0.2,
        1,
        4.355,
        -0.124,
        4.778,
        -0.1,
        5.2,
        -0.1,
        2,
        8,
        -0.1
      ]
    },
    {
      "Target": "Parameter",
      "Id": "EyeR_Smile",
      "Segments": [
        0,
        0.623,
        1,
        0.511,
        0.353,
        1.022,
        0,
        1.533,
        0,
        0,
        3.067,
        0.7,
        0,
        4.567,
        0,
        0,
        8,
        0.623
      ]
    },
    {
      "Target": "Parameter",
      "Id": "EyeL_Smile",
      "Segments": [
        0,
        0.623,
        1,
        0.511,
        0.353,
        1.022,
        0,
        1.533,
        0,
        0,
        3.067,
        0.7,
        0,
        4.567,
        0,
        0,
        8,
        0.623
      ]
    },
    {
      "Target": "Parameter",
      "Id": "Mouth_Form",
      "Segments": [
        0,
        -1,
        0,
        1.567,
        -0.73,
        0,
        3.733,
        -1,
        0,
        5.733,
        -0.6,
        0,
        8,
        -1
      ]
    },
    {
      "Target": "Parameter",
      "Id": "HairFront_Shaking",
      "Segments": [
        0,
        0.162,
        1,
        0.278,
        -0.275,
        0.555,
        -0.6,
        0.833,
        -0.6,
        0,
        2.3,
        0.036,
        0,
        4,
        -0.6,
        0,
        5.533,
        0.123,
        1,
        5.789,
        0.123,
        6.044,
        -0.11,
        6.3,
        -0.396,
        1,
        6.456,
        -0.57,
        6.611,
        -0.6,
        6.767,
        -0.6,
        0,
        7.733,
        0.265,
        1,
        7.822,
        0.265,
        7.911,
        0.216,
        8,
        0.162
      ]
    },
    {
      "Target": "Parameter",
      "Id": "HairSide_Shaking",
      "Segments": [
        0,
        -0.182,
        1,
        0.156,
        0.045,
        0.311,
        0.136,
        0.467,
        0.136,
        0,
        1.633,
        -0.302,
        0,
        2.833,
        0,
        0,
        4.267,
        -0.4,
        0,
        5.567,
        -0.199,
        0,
        6.933,
        -0.5,
        1,
        7.289,
        -0.5,
        7.644,
        -0.32,
        8,
        -0.182
      ]
    },
    {
      "Target": "Parameter",
      "Id": "HairBack_Shaking",
      "Segments": [
        0,
        -0.031,
        1,
        0.222,
        0.55,
        0.445,
        0.713,
        0.667,
        0.713,
        0,
        1.933,
        -0.687,
        0,
        3.067,
        0.654,
        0,
        4.3,
        -0.542,
        0,
        5.833,
        0.544,
        0,
        7.333,
        -0.722,
        1,
        7.555,
        -0.722,
        7.778,
        -0.42,
        8,
        -0.031
      ]
    },
    {
      "Target": "Parameter",
      "Id": "ShoulderLY",
      "Segments": [
        0,
        -25,
        0,
        1.433,
        -16.892,
        0,
        2.867,
        -25.35,
        1,
        3.567,
        -25.35,
        4.267,
        -25.334,
        4.967,
        -22.922,
        1,
        5.556,
        -20.894,
        6.144,
        -15.564,
        6.733,
        -15.564,
        0,
        8,
        -25
      ]
    },
    {
      "Target": "Parameter",
      "Id": "ShoulderRY",
      "Segments": [
        0,
        8,
        0,
        1.433,
        4.865,
        0,
        2.833,
        11.115,
        1,
        3.544,
        11.115,
        4.256,
        11.115,
        4.967,
        9.362,
        1,
        5.478,
        8.103,
        5.989,
        3.084,
        6.5,
        3.084,
        0,
        8,
        8
      ]
    },
    {
      "Target": "Parameter",
      "Id": "ShoulderR_Roll",
      "Segments": [
        0,
        -23.5,
        1,
        0.2,
        -22.712,
        0.4,
        -22.6,
        0.6,
        -22.6,
        2,
        2.567,
        -22.6,
        0,
        3.967,
        -25,
        0,
        5.433,
        -22.6,
        0,
        7.367,
        -25,
        1,
        7.578,
        -25,
        7.789,
        -24.236,
        8,
        -23.5
      ]
    },
    {
      "Target": "Parameter",
      "Id": "ArmR_Roll",
      "Segments": [
        0,
        30,
        2,
        4.833,
        30,
        0,
        6.333,
        29.5,
        0,
        8,
        30
      ]
    },
    {
      "Target": "Parameter",
      "Id": "ArmR_Roll2",
      "Segments": [
        0,
        -23.149,
        1,
        0.244,
        -21.42,
        0.489,
        -20,
        0.733,
        -20,
        0,
        2.533,
        -30,
        0,
        4.367,
        -24,
        0,
        5.867,
        -30,
        0,
        7.2,
        -21.439,
        0,
        7.733,
        -24,
        1,
        7.822,
        -24,
        7.911,
        -23.694,
        8,
        -23.149
      ]
    },
    {
      "Target": "Parameter",
      "Id": "ShoulderL_Roll",
      "Segments": [
        0,
        5.284,
        1,
        0.156,
        4.806,
        0.311,
        4.731,
        0.467,
        4.731,
        0,
        1.5,
        7.417,
        0,
        2.833,
        5.738,
        0,
        4.2,
        7.964,
        0,
        5.667,
        5.738,
        0,
        7.2,
        7,
        1,
        7.467,
        7,
        7.733,
        6.291,
        8,
        5.284
      ]
    },
    {
      "Target": "Parameter",
      "Id": "ArmL_Roll",
      "Segments": [
        0,
        -20.741,
        1,
        0.867,
        -20.617,
        1.733,
        -19.962,
        2.6,
        -19.115,
        1,
        3.367,
        -18.271,
        4.133,
        -18,
        4.9,
        -18,
        0,
        8,
        -20.741
      ]
    },
    {
      "Target": "Parameter",
      "Id": "ArmL_Roll2",
      "Segments": [
        0,
        -30,
        0,
        1.1,
        -16.731,
        0,
        3.133,
        -30,
        0,
        4.5,
        -19.917,
        0,
        6.2,
        -30,
        0,
        7.2,
        -25.38,
        0,
        8,
        -30
      ]
    },
    {
      "Target": "Parameter",
      "Id": "DecorationR_Shaking",
      "Segments": [
        0,
        -14.808,
        0,
        1.3,
        14.147,
        0,
        2.567,
        -21.415,
        0,
        3.9,
        11.441,
        0,
        5.167,
        -9.098,
        0,
        6.533,
        15.868,
        0,
        8,
        -14.808
      ]
    },
    {
      "Target": "Parameter",
      "Id": "DecorationL_Shaking",
      "Segments": [
        0,
        -15.868,
        0,
        1.3,
        16.912,
        0,
        2.733,
        -17.291,
        0,
        3.967,
        8.693,
        0,
        5.233,
        -7.284,
        0,
        6.533,
        13.888,
        0,
        8,
        -15.868
      ]
    },
    {
      "Target": "Parameter",
      "Id": "HandR_Roll",
      "Segments": [
        0,
        9,
        1,
        0.489,
        10.815,
        0.978,
        10.778,
        1.467,
        10.778,
        2,
        2.967,
        10.778,
        0,
        4.467,
        5.971,
        0,
        5.7,
        9,
        0,
        7,
        5.971,
        0,
        8,
        9
      ]
    },
    {
      "Target": "Parameter",
      "Id": "HandL_Roll",
      "Segments": [
        0,
        -24.332,
        1,
        0.222,
        -22.551,
        0.445,
        -21.263,
        0.667,
        -20.24,
        1,
        1.478,
        -16.505,
        2.289,
        -14.996,
        3.1,
        -14.996,
        0,
        4.8,
        -20.24,
        0,
        6.167,
        -14.996,
        0,
        7.467,
        -28,
        1,
        7.645,
        -28,
        7.822,
        -26.217,
        8,
        -24.332
      ]
    },
    {
      "Target": "Parameter",
      "Id": "HandL02_move",
      "Segments": [
        0,
        0,
        0,
        1.533,
        30,
        0,
        3.133,
        -30,
        0,
        5.167,
        30,
        0,
        6.633,
        -30,
        0,
        8,
        0
      ]
    },
    {
      "Target": "Parameter",
      "Id": "Param",
      "Segments": [
        0,
        0,
        0,
        1.367,
        30,
        0,
        2.433,
        -30,
        0,
        4.467,
        30,
        0,
        6.033,
        -30,
        0,
        7.167,
        30,
        0,
        8,
        0
      ]
    },
    {
      "Target": "Parameter",
      "Id": "Skirt_Shaking",
      "Segments": [
        0,
        -4,
        2,
        1.9,
        -4,
        2,
        1.933,
        -4,
        0,
        3.367,
        -29,
        0,
        5.6,
        0,
        0,
        6.667,
        -4,
        2,
        8,
        -4
      ]
    },
    {
      "Target": "PartOpacity",
      "Id": "Part",
      "Segments": [
        0,
        1,
        2,
        8,
        1
      ]
    },
    {
      "Target": "PartOpacity",
      "Id": "Part13",
      "Segments": [
        0,
        1,
        2,
        8,
        1
      ]
    },
    {
      "Target": "PartOpacity",
      "Id": "Part3",
      "Segments": [
        0,
        1,
        2,
        8,
        1
      ]
    },
    {
      "Target": "PartOpacity",
      "Id": "Part4",
      "Segments": [
        0,
        1,
        2,
        8,
        1
      ]
    },
    {
      "Target": "PartOpacity",
      "Id": "Part15",
      "Segments": [
        0,
        1,
        2,
        8,
        1
      ]
    },
    {
      "Target": "PartOpacity",
      "Id": "Part8",
      "Segments": [
        0,
        1,
        2,
        8,
        1
      ]
    },
    {
      "Target": "PartOpacity",
      "Id": "Part11",
      "Segments": [
        0,
        1,
        2,
        8,
        1
      ]
    },
    {
      "Target": "PartOpacity",
      "Id": "Part14",
      "Segments": [
        0,
        1,
        2,
        8,
        1
      ]
    },
    {
      "Target": "PartOpacity",
      "Id": "Part5",
      "Segments": [
        0,
        1,
        2,
        8,
        1
      ]
    },
    {
      "Target": "PartOpacity",
      "Id": "Part9",
      "Segments": [
        0,
        0,
        2,
        8,
        0
      ]
    },
    {
      "Target": "PartOpacity",
      "Id": "Part10",
      "Segments": [
        0,
        1,
        2,
        8,
        1
      ]
    },
    {
      "Target": "PartOpacity",
      "Id": "Part12",
      "Segments": [
        0,
        0,
        2,
        8,
        0
      ]
    },
    {
      "Target": "PartOpacity",
      "Id": "Part7",
      "Segments": [
        0,
        1,
        2,
        8,
        1
      ]
    },
    {
      "Target": "PartOpacity",
      "Id": "Part18",
      "Segments": [
        0,
        1,
        2,
        8,
        1
      ]
    },
    {
      "Target": "PartOpacity",
      "Id": "Part25",
      "Segments": [
        0,
        1,
        2,
        8,
        1
      ]
    },
    {
      "Target": "PartOpacity",
      "Id": "Part19",
      "Segments": [
        0,
        1,
        2,
        8,
        1
      ]
    },
    {
      "Target": "PartOpacity",
      "Id": "Part20",
      "Segments": [
        0,
        1,
        2,
        8,
        1
      ]
    },
    {
      "Target": "PartOpacity",
      "Id": "Part21",
      "Segments": [
        0,
        1,
        2,
        8,
        1
      ]
    },
    {
      "Target": "PartOpacity",
      "Id": "Part22",
      "Segments": [
        0,
        1,
        2,
        8,
        1
      ]
    },
    {
      "Target": "PartOpacity",
      "Id": "Part6",
      "Segments": [
        0,
        1,
        2,
        8,
        1
      ]
    },
    {
      "Target": "PartOpacity",
      "Id": "Part27",
      "Segments": [
        0,
        0,
        2,
        8,
        0
      ]
    },
    {
      "Target": "PartOpacity",
      "Id": "Part16",
      "Segments": [
        0,
        1,
        2,
        8,
        1
      ]
    },
    {
      "Target": "PartOpacity",
      "Id": "Part23",
      "Segments": [
        0,
        1,
        2,
        8,
        1
      ]
    },
    {
      "Target": "PartOpacity",
      "Id": "Part17",
      "Segments": [
        0,
        0,
        2,
        8,
        0
      ]
    },
    {
      "Target": "PartOpacity",
      "Id": "Part2",
      "Segments": [
        0,
        1,
        2,
        8,
        1
      ]
    },
    {
      "Target": "PartOpacity",
      "Id": "Part24",
      "Segments": [
        0,
        1,
        2,
        8,
        1
      ]
    },
    {
      "Target": "Parameter",
      "Id": "BodyY",
      "Segments": [
        0,
        -13.5,
        0,
        8,
        -13.5
      ]
    },
    {
      "Target": "Parameter",
      "Id": "Body_Pose1",
      "Segments": [
        0,
        -0.8,
        0,
        8,
        -0.8
      ]
    },
    {
      "Target": "Parameter",
      "Id": "BodyX",
      "Segments": [
        0,
        30,
        0,
        8,
        30
      ]
    },
    {
      "Target": "Parameter",
      "Id": "BadyY",
      "Segments": [
        0,
        0,
        0,
        8,
        0
      ]
    },
    {
      "Target": "Parameter",
      "Id": "HeadY",
      "Segments": [
        0,
        -30,
        0,
        8,
        -30
      ]
    },
    {
      "Target": "Parameter",
      "Id": "Param2",
      "Segments": [
        0,
        0,
        0,
        8,
        0
      ]
    },
    {
      "Target": "Parameter",
      "Id": "BrowR_Angle",
      "Segments": [
        0,
        -0.3,
        0,
        8,
        -0.3
      ]
    },
    {
      "Target": "Parameter",
      "Id": "BrowL_Angle",
      "Segments": [
        0,
        -0.3,
        0,
        8,
        -0.3
      ]
    },
    {
      "Target": "Parameter",
      "Id": "EyeBall_Size",
      "Segments": [
        0,
        -13,
        0,
        8,
        -13
      ]
    },
    {
      "Target": "Parameter",
      "Id": "EyeR_Open",
      "Segments": [
        0,
        1,
        0,
        8,
        1
      ]
    },
    {
      "Target": "Parameter",
      "Id": "EyeL_Open",
      "Segments": [
        0,
        1,
        0,
        8,
        1
      ]
    },
    {
      "Target": "Parameter",
      "Id": "Tooth",
      "Segments": [
        0,
        -30,
        0,
        8,
        -30
      ]
    },
    {
      "Target": "Parameter",
      "Id": "Mouth_Open",
      "Segments": [
        0,
        1,
        0,
        8,
        1
      ]
    },
    {
      "Target": "Parameter",
      "Id": "Mouth_Size",
      "Segments": [
        0,
        1,
        0,
        8,
        1
      ]
    },
    {
      "Target": "Parameter",
      "Id": "Mouth_Size2",
      "Segments": [
        0,
        0,
        0,
        8,
        0
      ]
    },
    {
      "Target": "Parameter",
      "Id": "DecorationR_ThisSide",
      "Segments": [
        0,
        -16,
        0,
        8,
        -16
      ]
    },
    {
      "Target": "Parameter",
      "Id": "DecorationL_ThisSide",
      "Segments": [
        0,
        -21,
        0,
        8,
        -21
      ]
    },
    {
      "Target": "Parameter",
      "Id": "HandL03_move2",
      "Segments": [
        0,
        0,
        0,
        8,
        0
      ]
    },
    {
      "Target": "Parameter",
      "Id": "LegR_Roll",
      "Segments": [
        0,
        -7,
        0,
        8,
        -7
      ]
    },
    {
      "Target": "Parameter",
      "Id": "LegL_Roll",
      "Segments": [
        0,
        2,
        0,
        8,
        2
      ]
    },
    {
      "Target": "Parameter",
      "Id": "Lowerbody_Roll",
      "Segments": [
        0,
        -2,
        0,
        8,
        -2
      ]
    }
  ],
  "UserData": []
}