{
  "Version": 3,
  "Meta": {
    "Duration": 10.0,
    "Fps": 30.0,
    "Loop": true,
    "AreBeziersRestricted": true,
    "CurveCount": 82,
    "TotalSegmentCount": 271,
    "TotalPointCount": 477,
    "UserDataCount": 0,
    "TotalUserDataSize": 0
  },
  "Curves": [
    {
      "Target": "Parameter",
      "Id": "Breath",
      "Segments": [
        0,
        0,
        0,
        1.067,
        0.5,
        1,
        1.378,
        0.5,
        1.689,
        0.462,
        2,
        0.336,
        1,
        2.5,
        0.133,
        3,
        0,
        3.5,
        0,
        0,
        5.133,
        0.619,
        0,
        7.167,
        0,
        0,
        8.933,
        0.535,
        1,
        9.289,
        0.535,
        9.644,
        0.434,
        10,
        0.336
      ]
    },
    {
      "Target": "Parameter",
      "Id": "Body_Shaking",
      "Segments": [
        0,
        0,
        1,
        0.389,
        0,
        0.778,
        0.291,
        1.167,
        2,
        1,
        1.445,
        3.221,
        1.722,
        5.926,
        2,
        8.076,
        1,
        2.233,
        9.612,
        2.467,
        10.661,
        2.7,
        11,
        1,
        3.267,
        11.721,
        3.833,
        11.273,
        4.4,
        10.087,
        1,
        5.756,
        7.509,
        7.111,
        4.375,
        8.467,
        4.375,
        1,
        8.978,
        4.375,
        9.489,
        4.834,
        10,
        8.076
      ]
    },
    {
      "Target": "Parameter",
      "Id": "Coat_Move",
      "Segments": [
        0,
        0,
        2,
        0.633,
        0,
        0,
        1.433,
        2.472,
        1,
        1.622,
        2.472,
        1.811,
        1.737,
        2,
        0.191,
        1,
        2.244,
        -2.349,
        2.489,
        -4.747,
        2.733,
        -4.747,
        1,
        3.033,
        -4.747,
        3.333,
        -4.289,
        3.633,
        -2.724,
        1,
        3.944,
        -0.578,
        4.256,
        0,
        4.567,
        0,
        0,
        5.7,
        -5.317,
        0,
        6.9,
        0.99,
        1,
        7.2,
        1.273,
        7.5,
        0,
        7.8,
        0,
        0,
        9.533,
        1.86,
        1,
        9.689,
        1.86,
        9.844,
        1.342,
        10,
        0.191
      ]
    },
    {
      "Target": "Parameter",
      "Id": "Waist_Roll",
      "Segments": [
        0,
        0,
        1,
        0.3,
        0,
        0.6,
        -0.578,
        0.9,
        -1.699,
        1,
        1.267,
        -3.07,
        1.633,
        -3.739,
        2,
        -3.739,
        1,
        2.556,
        -3.739,
        3.111,
        -3.709,
        3.667,
        -3.269,
        1,
        5.122,
        -2.115,
        6.578,
        -1.22,
        8.033,
        -1.22,
        1,
        8.278,
        -1.22,
        8.522,
        -1.703,
        8.767,
        -2.319,
        1,
        9.178,
        -3.355,
        9.589,
        -3.739,
        10,
        -3.739
      ]
    },
    {
      "Target": "Parameter",
      "Id": "Body_Twist",
      "Segments": [
        0,
        0,
        1,
        0.667,
        0,
        1.333,
        -1.843,
        2,
        -5.056,
        1,
        2.333,
        -6.794,
        2.667,
        -8,
        3,
        -8,
        1,
        3.411,
        -8,
        3.822,
        -7.195,
        4.233,
        -6.472,
        1,
        5.2,
        -4.617,
        6.166,
        -2.662,
        7.133,
        -1.104,
        1,
        7.689,
        -0.325,
        8.244,
        -0.651,
        8.8,
        -1.706,
        1,
        9.2,
        -2.506,
        9.6,
        -3.799,
        10,
        -5.056
      ]
    },
    {
      "Target": "Parameter",
      "Id": "Body_Pose1",
      "Segments": [
        0,
        0,
        0,
        0.867,
        -0.2,
        1,
        1.245,
        -0.2,
        1.622,
        -0.155,
        2,
        -0.08,
        1,
        2.289,
        -0.022,
        2.578,
        0,
        2.867,
        0,
        2,
        7.8,
        0,
        0,
        8.933,
        -0.149,
        1,
        9.289,
        -0.149,
        9.644,
        -0.131,
        10,
        -0.08
      ]
    },
    {
      "Target": "Parameter",
      "Id": "Head_AngleX",
      "Segments": [
        0,
        0,
        0,
        1.3,
        5,
        1,
        1.533,
        5,
        1.767,
        3.157,
        2,
        2,
        1,
        2.2,
        1.008,
        2.4,
        0.493,
        2.6,
        0,
        1,
        3.189,
        -1.451,
        3.778,
        -2,
        4.367,
        -2,
        0,
        9.233,
        3.118,
        1,
        9.489,
        3.118,
        9.744,
        2.547,
        10,
        2
      ]
    },
    {
      "Target": "Parameter",
      "Id": "Head_AngleY",
      "Segments": [
        0,
        0,
        1,
        0.422,
        0,
        0.845,
        -2.946,
        1.267,
        -4.956,
        1,
        1.511,
        -6.119,
        1.756,
        -6,
        2,
        -6,
        1,
        2.2,
        -6,
        2.4,
        -1.624,
        2.6,
        0,
        1,
        3.189,
        4.781,
        3.778,
        6,
        4.367,
        6,
        0,
        10,
        -6
      ]
    },
    {
      "Target": "Parameter",
      "Id": "Head_Roll",
      "Segments": [
        0,
        0,
        2,
        0.5,
        0,
        1,
        1,
        0,
        1.5,
        -3.934,
        2,
        -6.415,
        1,
        2.356,
        -7.728,
        2.711,
        -8.085,
        3.067,
        -8.085,
        1,
        3.6,
        -8.085,
        4.134,
        -8.037,
        4.667,
        -6.415,
        1,
        5.389,
        -3.475,
        6.111,
        9,
        6.833,
        9,
        1,
        7.889,
        9,
        8.944,
        -2.063,
        10,
        -6.415
      ]
    },
    {
      "Target": "Parameter",
      "Id": "BrowRY",
      "Segments": [
        0,
        0,
        1,
        0.667,
        0,
        1.333,
        0.128,
        2,
        0.197,
        1,
        3.222,
        0.324,
        4.445,
        0.348,
        5.667,
        0.348,
        0,
        10,
        0.197
      ]
    },
    {
      "Target": "Parameter",
      "Id": "BrowLY",
      "Segments": [
        0,
        0,
        1,
        0.667,
        0,
        1.333,
        0.169,
        2,
        0.197,
        1,
        3.222,
        0.248,
        4.445,
        0.251,
        5.667,
        0.251,
        0,
        10,
        0.197
      ]
    },
    {
      "Target": "Parameter",
      "Id": "EyeBallX",
      "Segments": [
        0,
        0,
        2,
        1.3,
        0,
        2,
        2,
        0,
        2,
        2.6,
        0,
        0,
        4.367,
        0.1,
        0,
        10,
        0
      ]
    },
    {
      "Target": "Parameter",
      "Id": "ParamEyeBallY",
      "Segments": [
        0,
        0,
        0,
        1.3,
        0.2,
        1,
        1.533,
        0.2,
        1.767,
        0.183,
        2,
        0.115,
        1,
        2.2,
        0.057,
        2.4,
        0,
        2.6,
        0,
        2,
        4.367,
        0,
        0,
        10,
        0.115
      ]
    },
    {
      "Target": "Parameter",
      "Id": "Mouth_Form",
      "Segments": [
        0,
        1,
        2,
        2,
        1,
        0,
        4.433,
        -0.6,
        1,
        5.322,
        -0.6,
        6.211,
        0.075,
        7.1,
        0.5,
        1,
        8.067,
        0.962,
        9.033,
        1,
        10,
        1
      ]
    },
    {
      "Target": "Parameter",
      "Id": "HairFront_Shaking",
      "Segments": [
        0,
        0,
        1,
        0.344,
        0,
        0.689,
        0.008,
        1.033,
        -0.06,
        1,
        1.355,
        -0.123,
        1.678,
        -0.423,
        2,
        -0.423,
        1,
        2.156,
        -0.423,
        2.311,
        -0.319,
        2.467,
        -0.2,
        1,
        2.578,
        -0.114,
        2.689,
        -0.063,
        2.8,
        0,
        1,
        2.878,
        0.044,
        2.955,
        0.061,
        3.033,
        0.061,
        0,
        4.133,
        -0.398,
        0,
        5.9,
        0.203,
        0,
        7.033,
        -0.103,
        0,
        8.333,
        0.057,
        1,
        8.6,
        0.057,
        8.866,
        0.049,
        9.133,
        -0.029,
        1,
        9.422,
        -0.131,
        9.711,
        -0.423,
        10,
        -0.423
      ]
    },
    {
      "Target": "Parameter",
      "Id": "HairSide_Shaking",
      "Segments": [
        0,
        0,
        1,
        0.667,
        0,
        1.333,
        0.001,
        2,
        -0.039,
        1,
        2.411,
        -0.064,
        2.822,
        -0.31,
        3.233,
        -0.31,
        1,
        4.133,
        -0.31,
        5.033,
        -0.296,
        5.933,
        -0.194,
        1,
        6.578,
        -0.121,
        7.222,
        0,
        7.867,
        0,
        1,
        8.578,
        0,
        9.289,
        -0.006,
        10,
        -0.039
      ]
    },
    {
      "Target": "Parameter",
      "Id": "HairBack_Shaking",
      "Segments": [
        0,
        0,
        0,
        0.967,
        -0.437,
        0,
        2,
        0.286,
        0,
        3.667,
        -0.381,
        0,
        5.967,
        0.654,
        0,
        7.167,
        -0.195,
        0,
        8.3,
        0.375,
        1,
        8.589,
        0.377,
        8.878,
        -0.104,
        9.167,
        -0.104,
        0,
        10,
        0.286
      ]
    },
    {
      "Target": "Parameter",
      "Id": "ShoulderLY",
      "Segments": [
        0,
        0,
        0,
        2,
        -8.882,
        1,
        2.733,
        -8.882,
        3.467,
        -8.995,
        4.2,
        -8.047,
        1,
        5.322,
        -6.314,
        6.445,
        0,
        7.567,
        0,
        0,
        10,
        -8.882
      ]
    },
    {
      "Target": "Parameter",
      "Id": "ShoulderRY",
      "Segments": [
        0,
        0,
        0,
        2,
        5.927,
        1,
        2.711,
        5.927,
        3.422,
        6.11,
        4.133,
        5.085,
        1,
        5.278,
        3.436,
        6.422,
        0,
        7.567,
        0,
        0,
        10,
        5.927
      ]
    },
    {
      "Target": "Parameter",
      "Id": "ShoulderR_Roll",
      "Segments": [
        0,
        0,
        1,
        0.667,
        0,
        1.333,
        2.838,
        2,
        6.151,
        1,
        2.156,
        6.661,
        2.311,
        6.789,
        2.467,
        6.789,
        1,
        3.134,
        6.789,
        3.8,
        6.743,
        4.467,
        5.239,
        1,
        5.6,
        2.684,
        6.734,
        0,
        7.867,
        0,
        1,
        8.578,
        0,
        9.289,
        2.904,
        10,
        6.151
      ]
    },
    {
      "Target": "Parameter",
      "Id": "ArmR_Roll",
      "Segments": [
        0,
        0,
        0,
        1.167,
        -2,
        1,
        1.445,
        -2,
        1.722,
        -2.042,
        2,
        -1.961,
        1,
        2.689,
        -1.761,
        3.378,
        0,
        4.067,
        0,
        0,
        6.8,
        -2,
        0,
        8.4,
        -0.32,
        0,
        10,
        -1.961
      ]
    },
    {
      "Target": "Parameter",
      "Id": "ShoulderL_Roll",
      "Segments": [
        0,
        0,
        0,
        1.133,
        -2.084,
        1,
        1.422,
        -2.084,
        1.711,
        -1.142,
        2,
        -0.551,
        1,
        2.222,
        -0.096,
        2.445,
        0.128,
        2.667,
        0.33,
        1,
        3.3,
        0.907,
        3.934,
        1.11,
        4.567,
        1.11,
        1,
        5.345,
        1.11,
        6.122,
        0.767,
        6.9,
        -0.004,
        1,
        7.544,
        -0.643,
        8.189,
        -1.009,
        8.833,
        -1.009,
        1,
        9.222,
        -1.009,
        9.611,
        -0.954,
        10,
        -0.551
      ]
    },
    {
      "Target": "Parameter",
      "Id": "ArmL_Roll",
      "Segments": [
        0,
        0,
        0,
        1.267,
        -1.17,
        1,
        1.511,
        -1.17,
        1.756,
        -0.609,
        2,
        -0.24,
        1,
        2.222,
        0.095,
        2.445,
        0.108,
        2.667,
        0.108,
        0,
        4.8,
        -1.05,
        0,
        6.9,
        -0.004,
        0,
        8.833,
        -0.497,
        1,
        9.222,
        -0.497,
        9.611,
        -0.523,
        10,
        -0.24
      ]
    },
    {
      "Target": "Parameter",
      "Id": "DecorationR_Shaking",
      "Segments": [
        0,
        0,
        0,
        1.133,
        -12.688,
        1,
        1.422,
        -12.688,
        1.711,
        -3.834,
        2,
        6.742,
        1,
        2.089,
        9.996,
        2.178,
        9.908,
        2.267,
        9.908,
        0,
        3.433,
        -8.183,
        0,
        4.467,
        5.945,
        0,
        5.5,
        -3.5,
        0,
        6.433,
        2.473,
        0,
        7.467,
        -8.267,
        0,
        8.4,
        9.504,
        0,
        9.367,
        -7.543,
        1,
        9.578,
        -7.543,
        9.789,
        0.06,
        10,
        6.742
      ]
    },
    {
      "Target": "Parameter",
      "Id": "DecorationL_Shaking",
      "Segments": [
        0,
        0,
        0,
        1.133,
        -11.688,
        1,
        1.422,
        -11.688,
        1.711,
        -2.834,
        2,
        7.742,
        1,
        2.089,
        10.996,
        2.178,
        10.908,
        2.267,
        10.908,
        0,
        3.433,
        -9.183,
        0,
        4.467,
        5.371,
        0,
        5.5,
        -4.258,
        0,
        6.433,
        3.044,
        0,
        7.367,
        -7.784,
        0,
        8.4,
        8.931,
        0,
        9.367,
        -6.793,
        1,
        9.578,
        -6.793,
        9.789,
        2.565,
        10,
        7.742
      ]
    },
    {
      "Target": "Parameter",
      "Id": "HandR_Roll",
      "Segments": [
        0,
        0,
        0,
        0.833,
        -5,
        1,
        1.222,
        -5,
        1.611,
        -0.119,
        2,
        0.475,
        1,
        2.389,
        0.972,
        2.778,
        0.972,
        3.167,
        0.941,
        1,
        3.845,
        0.899,
        4.522,
        -4.015,
        5.2,
        -4.015,
        0,
        7.1,
        0.475,
        0,
        8.833,
        -3.544,
        0,
        10,
        0.475
      ]
    },
    {
      "Target": "Parameter",
      "Id": "HandL_Roll",
      "Segments": [
        0,
        0,
        0,
        1.133,
        -7,
        1,
        1.422,
        -7,
        1.711,
        -2.213,
        2,
        -1.361,
        1,
        2.411,
        -0.148,
        2.822,
        -0.178,
        3.233,
        -0.178,
        0,
        5.633,
        -4,
        0,
        7.033,
        1.207,
        0,
        8.833,
        -4.341,
        1,
        9.222,
        -4.341,
        9.611,
        -2.828,
        10,
        -1.361
      ]
    },
    {
      "Target": "Parameter",
      "Id": "Skirt_Shaking",
      "Segments": [
        0,
        0,
        2,
        1.133,
        0,
        1,
        1.422,
        0,
        1.711,
        -8.557,
        2,
        -18.154,
        1,
        2.067,
        -20.369,
        2.133,
        -20,
        2.2,
        -20,
        0,
        3.567,
        14,
        0,
        5.8,
        -13,
        0,
        9.167,
        0,
        1,
        9.445,
        0,
        9.722,
        -8.888,
        10,
        -18.154
      ]
    },
    {
      "Target": "Parameter",
      "Id": "LegL_Roll",
      "Segments": [
        0,
        0,
        2,
        0.667,
        0,
        1,
        1.111,
        0,
        1.556,
        8.178,
        2,
        13.658,
        1,
        2.178,
        15.173,
        2.355,
        15.349,
        2.533,
        15.349,
        2,
        5.7,
        15.349,
        0,
        7.133,
        0,
        2,
        8.5,
        0,
        0,
        10,
        13.658
      ]
    },
    {
      "Target": "Parameter",
      "Id": "Lowerbody_Roll",
      "Segments": [
        0,
        0,
        1,
        0.367,
        0,
        0.733,
        1.203,
        1.1,
        3.4,
        1,
        1.4,
        5.198,
        1.7,
        6,
        2,
        6,
        2,
        5.2,
        6,
        0,
        6.833,
        0,
        2,
        8.733,
        0,
        0,
        10,
        6
      ]
    },
    {
      "Target": "PartOpacity",
      "Id": "Part",
      "Segments": [
        0,
        1,
        2,
        2,
        1,
        2,
        10,
        1
      ]
    },
    {
      "Target": "PartOpacity",
      "Id": "Part13",
      "Segments": [
        0,
        1,
        2,
        2,
        1,
        2,
        10,
        1
      ]
    },
    {
      "Target": "PartOpacity",
      "Id": "Part3",
      "Segments": [
        0,
        1,
        2,
        2,
        1,
        2,
        10,
        1
      ]
    },
    {
      "Target": "PartOpacity",
      "Id": "Part4",
      "Segments": [
        0,
        1,
        2,
        2,
        1,
        2,
        10,
        1
      ]
    },
    {
      "Target": "PartOpacity",
      "Id": "Part15",
      "Segments": [
        0,
        1,
        2,
        2,
        1,
        2,
        10,
        1
      ]
    },
    {
      "Target": "PartOpacity",
      "Id": "Part8",
      "Segments": [
        0,
        0,
        2,
        2,
        0,
        2,
        10,
        0
      ]
    },
    {
      "Target": "PartOpacity",
      "Id": "Part11",
      "Segments": [
        0,
        1,
        2,
        2,
        1,
        2,
        10,
        1
      ]
    },
    {
      "Target": "PartOpacity",
      "Id": "Part14",
      "Segments": [
        0,
        1,
        2,
        2,
        1,
        2,
        10,
        1
      ]
    },
    {
      "Target": "PartOpacity",
      "Id": "Part5",
      "Segments": [
        0,
        1,
        2,
        2,
        1,
        2,
        10,
        1
      ]
    },
    {
      "Target": "PartOpacity",
      "Id": "Part9",
      "Segments": [
        0,
        1,
        2,
        2,
        1,
        2,
        10,
        1
      ]
    },
    {
      "Target": "PartOpacity",
      "Id": "Part10",
      "Segments": [
        0,
        0,
        2,
        2,
        0,
        2,
        10,
        0
      ]
    },
    {
      "Target": "PartOpacity",
      "Id": "Part12",
      "Segments": [
        0,
        0,
        2,
        2,
        0,
        2,
        10,
        0
      ]
    },
    {
      "Target": "PartOpacity",
      "Id": "Part7",
      "Segments": [
        0,
        1,
        2,
        2,
        1,
        2,
        10,
        1
      ]
    },
    {
      "Target": "PartOpacity",
      "Id": "Part18",
      "Segments": [
        0,
        1,
        2,
        2,
        1,
        2,
        10,
        1
      ]
    },
    {
      "Target": "PartOpacity",
      "Id": "Part25",
      "Segments": [
        0,
        1,
        2,
        2,
        1,
        2,
        10,
        1
      ]
    },
    {
      "Target": "PartOpacity",
      "Id": "Part19",
      "Segments": [
        0,
        1,
        2,
        2,
        1,
        2,
        10,
        1
      ]
    },
    {
      "Target": "PartOpacity",
      "Id": "Part20",
      "Segments": [
        0,
        1,
        2,
        2,
        1,
        2,
        10,
        1
      ]
    },
    {
      "Target": "PartOpacity",
      "Id": "Part21",
      "Segments": [
        0,
        1,
        2,
        2,
        1,
        2,
        10,
        1
      ]
    },
    {
      "Target": "PartOpacity",
      "Id": "Part22",
      "Segments": [
        0,
        0,
        2,
        2,
        0,
        2,
        10,
        0
      ]
    },
    {
      "Target": "PartOpacity",
      "Id": "Part6",
      "Segments": [
        0,
        0,
        2,
        2,
        0,
        2,
        10,
        0
      ]
    },
    {
      "Target": "PartOpacity",
      "Id": "Part27",
      "Segments": [
        0,
        1,
        2,
        2,
        1,
        2,
        10,
        1
      ]
    },
    {
      "Target": "PartOpacity",
      "Id": "Part16",
      "Segments": [
        0,
        1,
        2,
        2,
        1,
        2,
        10,
        1
      ]
    },
    {
      "Target": "PartOpacity",
      "Id": "Part23",
      "Segments": [
        0,
        1,
        2,
        2,
        1,
        2,
        10,
        1
      ]
    },
    {
      "Target": "PartOpacity",
      "Id": "Part17",
      "Segments": [
        0,
        1,
        2,
        2,
        1,
        2,
        10,
        1
      ]
    },
    {
      "Target": "PartOpacity",
      "Id": "Part2",
      "Segments": [
        0,
        1,
        2,
        2,
        1,
        2,
        10,
        1
      ]
    },
    {
      "Target": "PartOpacity",
      "Id": "Part24",
      "Segments": [
        0,
        1,
        2,
        2,
        1,
        2,
        10,
        1
      ]
    },
    {
      "Target": "Parameter",
      "Id": "BodyY",
      "Segments": [
        0,
        0,
        0,
        10,
        0
      ]
    },
    {
      "Target": "Parameter",
      "Id": "BodyX",
      "Segments": [
        0,
        0,
        0,
        10,
        0
      ]
    },
    {
      "Target": "Parameter",
      "Id": "BadyY",
      "Segments": [
        0,
        0,
        0,
        10,
        0
      ]
    },
    {
      "Target": "Parameter",
      "Id": "HeadY",
      "Segments": [
        0,
        0,
        0,
        10,
        0
      ]
    },
    {
      "Target": "Parameter",
      "Id": "Param2",
      "Segments": [
        0,
        0,
        0,
        10,
        0
      ]
    },
    {
      "Target": "Parameter",
      "Id": "BrowR_Form",
      "Segments": [
        0,
        0,
        0,
        10,
        0
      ]
    },
    {
      "Target": "Parameter",
      "Id": "BrowL_Form",
      "Segments": [
        0,
        0,
        0,
        10,
        0
      ]
    },
    {
      "Target": "Parameter",
      "Id": "BrowR_Angle",
      "Segments": [
        0,
        0,
        0,
        10,
        0
      ]
    },
    {
      "Target": "Parameter",
      "Id": "BrowL_Angle",
      "Segments": [
        0,
        0,
        0,
        10,
        0
      ]
    },
    {
      "Target": "Parameter",
      "Id": "EyeBall_Size",
      "Segments": [
        0,
        0,
        0,
        10,
        0
      ]
    },
    {
      "Target": "Parameter",
      "Id": "EyeR_Open",
      "Segments": [
        0,
        1,
        0,
        10,
        1
      ]
    },
    {
      "Target": "Parameter",
      "Id": "EyeR_Smile",
      "Segments": [
        0,
        0,
        0,
        10,
        0
      ]
    },
    {
      "Target": "Parameter",
      "Id": "EyeL_Open",
      "Segments": [
        0,
        1,
        0,
        10,
        1
      ]
    },
    {
      "Target": "Parameter",
      "Id": "EyeL_Smile",
      "Segments": [
        0,
        0,
        0,
        10,
        0
      ]
    },
    {
      "Target": "Parameter",
      "Id": "Tooth",
      "Segments": [
        0,
        0,
        0,
        10,
        0
      ]
    },
    {
      "Target": "Parameter",
      "Id": "Mouth_Open",
      "Segments": [
        0,
        1,
        0,
        10,
        1
      ]
    },
    {
      "Target": "Parameter",
      "Id": "Mouth_Size",
      "Segments": [
        0,
        1,
        0,
        10,
        1
      ]
    },
    {
      "Target": "Parameter",
      "Id": "Mouth_Size2",
      "Segments": [
        0,
        0,
        0,
        10,
        0
      ]
    },
    {
      "Target": "Parameter",
      "Id": "ArmR_Roll2",
      "Segments": [
        0,
        0,
        0,
        10,
        0
      ]
    },
    {
      "Target": "Parameter",
      "Id": "ArmL_Roll2",
      "Segments": [
        0,
        0,
        0,
        10,
        0
      ]
    },
    {
      "Target": "Parameter",
      "Id": "DecorationR_ThisSide",
      "Segments": [
        0,
        0,
        0,
        10,
        0
      ]
    },
    {
      "Target": "Parameter",
      "Id": "DecorationL_ThisSide",
      "Segments": [
        0,
        0,
        0,
        10,
        0
      ]
    },
    {
      "Target": "Parameter",
      "Id": "HandL03_move2",
      "Segments": [
        0,
        0,
        0,
        10,
        0
      ]
    },
    {
      "Target": "Parameter",
      "Id": "HandL02_move",
      "Segments": [
        0,
        0,
        0,
        10,
        0
      ]
    },
    {
      "Target": "Parameter",
      "Id": "Param",
      "Segments": [
        0,
        0,
        0,
        10,
        0
      ]
    },
    {
      "Target": "Parameter",
      "Id": "LegR_Roll",
      "Segments": [
        0,
        0,
        0,
        10,
        0
      ]
    }
  ],
  "UserData": []
}