{
  "Version": 3,
  "Meta": {
    "Duration": 1.67,
    "Fps": 30.0,
    "Loop": true,
    "AreBeziersRestricted": true,
    "CurveCount": 82,
    "TotalSegmentCount": 114,
    "TotalPointCount": 216,
    "UserDataCount": 0,
    "TotalUserDataSize": 0
  },
  "Curves": [
    {
      "Target": "Parameter",
      "Id": "Breath",
      "Segments": [
        0,
        0.116,
        1,
        0.244,
        0.264,
        0.489,
        0.5,
        0.733,
        0.5,
        1,
        1.044,
        0.5,
        1.356,
        0.462,
        1.667,
        0.336
      ]
    },
    {
      "Target": "Parameter",
      "Id": "Body_Shaking",
      "Segments": [
        0,
        0.097,
        1,
        0.278,
        0.282,
        0.555,
        0.779,
        0.833,
        2,
        1,
        1.111,
        3.221,
        1.389,
        5.926,
        1.667,
        8.076
      ]
    },
    {
      "Target": "Parameter",
      "Id": "Coat_Move",
      "Segments": [
        0,
        0,
        2,
        0.3,
        0,
        0,
        1.1,
        2.472,
        1,
        1.289,
        2.472,
        1.478,
        1.737,
        1.667,
        0.191
      ]
    },
    {
      "Target": "Parameter",
      "Id": "Waist_Roll",
      "Segments": [
        0,
        -0.236,
        1,
        0.189,
        -0.502,
        0.378,
        -0.993,
        0.567,
        -1.699,
        1,
        0.934,
        -3.07,
        1.3,
        -3.739,
        1.667,
        -3.739
      ]
    },
    {
      "Target": "Parameter",
      "Id": "Body_Twist",
      "Segments": [
        0,
        -0.151,
        1,
        0.556,
        -0.652,
        1.111,
        -2.378,
        1.667,
        -5.056
      ]
    },
    {
      "Target": "Parameter",
      "Id": "Body_Pose1",
      "Segments": [
        0,
        -0.066,
        1,
        0.178,
        -0.124,
        0.355,
        -0.2,
        0.533,
        -0.2,
        1,
        0.911,
        -0.2,
        1.289,
        -0.155,
        1.667,
        -0.08
      ]
    },
    {
      "Target": "Parameter",
      "Id": "Head_AngleX",
      "Segments": [
        0,
        0.818,
        1,
        0.322,
        2.235,
        0.645,
        5,
        0.967,
        5,
        1,
        1.2,
        5,
        1.434,
        3.157,
        1.667,
        2
      ]
    },
    {
      "Target": "Parameter",
      "Id": "Head_AngleY",
      "Segments": [
        0,
        -0.541,
        1,
        0.311,
        -1.486,
        0.622,
        -3.475,
        0.933,
        -4.956,
        1,
        1.178,
        -6.119,
        1.422,
        -6,
        1.667,
        -6
      ]
    },
    {
      "Target": "Parameter",
      "Id": "Head_Roll",
      "Segments": [
        0,
        0,
        2,
        0.167,
        0,
        1,
        0.667,
        0,
        1.167,
        -3.934,
        1.667,
        -6.415
      ]
    },
    {
      "Target": "Parameter",
      "Id": "BrowRY",
      "Segments": [
        0,
        -0.148,
        1,
        0.056,
        -0.178,
        0.111,
        -0.2,
        0.167,
        -0.2,
        2,
        1.667,
        -0.2
      ]
    },
    {
      "Target": "Parameter",
      "Id": "BrowLY",
      "Segments": [
        0,
        -0.148,
        1,
        0.056,
        -0.178,
        0.111,
        -0.2,
        0.167,
        -0.2,
        2,
        1.667,
        -0.2
      ]
    },
    {
      "Target": "Parameter",
      "Id": "BrowR_Form",
      "Segments": [
        0,
        -0.232,
        1,
        0.122,
        -0.363,
        0.245,
        -0.5,
        0.367,
        -0.5,
        2,
        1.667,
        -0.5
      ]
    },
    {
      "Target": "Parameter",
      "Id": "BrowL_Form",
      "Segments": [
        0,
        -0.279,
        1,
        0.122,
        -0.435,
        0.245,
        -0.6,
        0.367,
        -0.6,
        2,
        1.667,
        -0.6
      ]
    },
    {
      "Target": "Parameter",
      "Id": "BrowR_Angle",
      "Segments": [
        0,
        -0.046,
        1,
        0.122,
        -0.073,
        0.245,
        -0.1,
        0.367,
        -0.1,
        2,
        1.667,
        -0.1
      ]
    },
    {
      "Target": "Parameter",
      "Id": "BrowL_Angle",
      "Segments": [
        0,
        -0.046,
        1,
        0.122,
        -0.073,
        0.245,
        -0.1,
        0.367,
        -0.1,
        2,
        1.667,
        -0.1
      ]
    },
    {
      "Target": "Parameter",
      "Id": "ParamEyeBallY",
      "Segments": [
        0,
        0.033,
        1,
        0.322,
        0.089,
        0.645,
        0.2,
        0.967,
        0.2,
        1,
        1.2,
        0.2,
        1.434,
        0.183,
        1.667,
        0.115
      ]
    },
    {
      "Target": "Parameter",
      "Id": "EyeR_Smile",
      "Segments": [
        0,
        -0.464,
        1,
        0.122,
        -0.726,
        0.245,
        -1,
        0.367,
        -1,
        2,
        1.667,
        -1
      ]
    },
    {
      "Target": "Parameter",
      "Id": "EyeL_Smile",
      "Segments": [
        0,
        -0.464,
        1,
        0.122,
        -0.726,
        0.245,
        -1,
        0.367,
        -1,
        2,
        1.667,
        -1
      ]
    },
    {
      "Target": "Parameter",
      "Id": "Mouth_Form",
      "Segments": [
        0,
        0.406,
        1,
        0.178,
        -0.118,
        0.355,
        -0.8,
        0.533,
        -0.8,
        2,
        1.667,
        -0.8
      ]
    },
    {
      "Target": "Parameter",
      "Id": "HairFront_Shaking",
      "Segments": [
        0,
        0,
        1,
        0.233,
        -0.003,
        0.467,
        -0.014,
        0.7,
        -0.06,
        1,
        1.022,
        -0.123,
        1.345,
        -0.423,
        1.667,
        -0.423
      ]
    },
    {
      "Target": "Parameter",
      "Id": "HairSide_Shaking",
      "Segments": [
        0,
        0,
        1,
        0.556,
        -0.001,
        1.111,
        -0.006,
        1.667,
        -0.039
      ]
    },
    {
      "Target": "Parameter",
      "Id": "HairBack_Shaking",
      "Segments": [
        0,
        -0.12,
        1,
        0.211,
        -0.25,
        0.422,
        -0.437,
        0.633,
        -0.437,
        0,
        1.667,
        0.286
      ]
    },
    {
      "Target": "Parameter",
      "Id": "ShoulderLY",
      "Segments": [
        0,
        -0.658,
        1,
        0.556,
        -2.714,
        1.111,
        -8.882,
        1.667,
        -8.882
      ]
    },
    {
      "Target": "Parameter",
      "Id": "ShoulderRY",
      "Segments": [
        0,
        0.439,
        1,
        0.556,
        1.811,
        1.111,
        5.927,
        1.667,
        5.927
      ]
    },
    {
      "Target": "Parameter",
      "Id": "ShoulderR_Roll",
      "Segments": [
        0,
        0.226,
        1,
        0.556,
        0.959,
        1.111,
        3.39,
        1.667,
        6.151
      ]
    },
    {
      "Target": "Parameter",
      "Id": "ArmR_Roll",
      "Segments": [
        0,
        -0.397,
        1,
        0.278,
        -0.98,
        0.555,
        -2,
        0.833,
        -2,
        1,
        1.111,
        -2,
        1.389,
        -2.042,
        1.667,
        -1.961
      ]
    },
    {
      "Target": "Parameter",
      "Id": "ShoulderL_Roll",
      "Segments": [
        0,
        -0.435,
        1,
        0.267,
        -1.046,
        0.533,
        -2.084,
        0.8,
        -2.084,
        1,
        1.089,
        -2.084,
        1.378,
        -1.142,
        1.667,
        -0.551
      ]
    },
    {
      "Target": "Parameter",
      "Id": "ArmL_Roll",
      "Segments": [
        0,
        -0.2,
        1,
        0.311,
        -0.535,
        0.622,
        -1.17,
        0.933,
        -1.17,
        1,
        1.178,
        -1.17,
        1.422,
        -0.609,
        1.667,
        -0.24
      ]
    },
    {
      "Target": "Parameter",
      "Id": "DecorationR_Shaking",
      "Segments": [
        0,
        -2.647,
        1,
        0.267,
        -6.366,
        0.533,
        -12.688,
        0.8,
        -12.688,
        1,
        1.089,
        -12.688,
        1.378,
        -3.834,
        1.667,
        6.742
      ]
    },
    {
      "Target": "Parameter",
      "Id": "DecorationL_Shaking",
      "Segments": [
        0,
        -2.439,
        1,
        0.267,
        -5.864,
        0.533,
        -11.688,
        0.8,
        -11.688,
        1,
        1.089,
        -11.688,
        1.378,
        -2.834,
        1.667,
        7.742
      ]
    },
    {
      "Target": "Parameter",
      "Id": "HandR_Roll",
      "Segments": [
        0,
        -1.76,
        1,
        0.167,
        -3.2,
        0.333,
        -5,
        0.5,
        -5,
        1,
        0.889,
        -5,
        1.278,
        -0.119,
        1.667,
        0.475
      ]
    },
    {
      "Target": "Parameter",
      "Id": "HandL_Roll",
      "Segments": [
        0,
        -1.46,
        1,
        0.267,
        -3.512,
        0.533,
        -7,
        0.8,
        -7,
        1,
        1.089,
        -7,
        1.378,
        -2.213,
        1.667,
        -1.361
      ]
    },
    {
      "Target": "Parameter",
      "Id": "Skirt_Shaking",
      "Segments": [
        0,
        0,
        2,
        0.8,
        0,
        1,
        1.089,
        0,
        1.378,
        -8.557,
        1.667,
        -18.154
      ]
    },
    {
      "Target": "Parameter",
      "Id": "LegL_Roll",
      "Segments": [
        0,
        0,
        2,
        0.333,
        0,
        1,
        0.778,
        0,
        1.222,
        8.178,
        1.667,
        13.658
      ]
    },
    {
      "Target": "Parameter",
      "Id": "Lowerbody_Roll",
      "Segments": [
        0,
        0.325,
        1,
        0.256,
        0.82,
        0.511,
        1.868,
        0.767,
        3.4,
        1,
        1.067,
        5.198,
        1.367,
        6,
        1.667,
        6
      ]
    },
    {
      "Target": "PartOpacity",
      "Id": "Part",
      "Segments": [
        0,
        1,
        2,
        1.67,
        1
      ]
    },
    {
      "Target": "PartOpacity",
      "Id": "Part13",
      "Segments": [
        0,
        1,
        2,
        1.67,
        1
      ]
    },
    {
      "Target": "PartOpacity",
      "Id": "Part3",
      "Segments": [
        0,
        1,
        2,
        1.67,
        1
      ]
    },
    {
      "Target": "PartOpacity",
      "Id": "Part4",
      "Segments": [
        0,
        1,
        2,
        1.67,
        1
      ]
    },
    {
      "Target": "PartOpacity",
      "Id": "Part15",
      "Segments": [
        0,
        1,
        2,
        1.67,
        1
      ]
    },
    {
      "Target": "PartOpacity",
      "Id": "Part8",
      "Segments": [
        0,
        0,
        2,
        1.67,
        0
      ]
    },
    {
      "Target": "PartOpacity",
      "Id": "Part11",
      "Segments": [
        0,
        1,
        2,
        1.67,
        1
      ]
    },
    {
      "Target": "PartOpacity",
      "Id": "Part14",
      "Segments": [
        0,
        1,
        2,
        1.67,
        1
      ]
    },
    {
      "Target": "PartOpacity",
      "Id": "Part5",
      "Segments": [
        0,
        1,
        2,
        1.67,
        1
      ]
    },
    {
      "Target": "PartOpacity",
      "Id": "Part9",
      "Segments": [
        0,
        1,
        2,
        1.67,
        1
      ]
    },
    {
      "Target": "PartOpacity",
      "Id": "Part10",
      "Segments": [
        0,
        0,
        2,
        1.67,
        0
      ]
    },
    {
      "Target": "PartOpacity",
      "Id": "Part12",
      "Segments": [
        0,
        0,
        2,
        1.67,
        0
      ]
    },
    {
      "Target": "PartOpacity",
      "Id": "Part7",
      "Segments": [
        0,
        1,
        2,
        1.67,
        1
      ]
    },
    {
      "Target": "PartOpacity",
      "Id": "Part18",
      "Segments": [
        0,
        1,
        2,
        1.67,
        1
      ]
    },
    {
      "Target": "PartOpacity",
      "Id": "Part25",
      "Segments": [
        0,
        1,
        2,
        1.67,
        1
      ]
    },
    {
      "Target": "PartOpacity",
      "Id": "Part19",
      "Segments": [
        0,
        1,
        2,
        1.67,
        1
      ]
    },
    {
      "Target": "PartOpacity",
      "Id": "Part20",
      "Segments": [
        0,
        1,
        2,
        1.67,
        1
      ]
    },
    {
      "Target": "PartOpacity",
      "Id": "Part21",
      "Segments": [
        0,
        1,
        2,
        1.67,
        1
      ]
    },
    {
      "Target": "PartOpacity",
      "Id": "Part22",
      "Segments": [
        0,
        0,
        2,
        1.67,
        0
      ]
    },
    {
      "Target": "PartOpacity",
      "Id": "Part6",
      "Segments": [
        0,
        0,
        2,
        1.67,
        0
      ]
    },
    {
      "Target": "PartOpacity",
      "Id": "Part27",
      "Segments": [
        0,
        1,
        2,
        1.67,
        1
      ]
    },
    {
      "Target": "PartOpacity",
      "Id": "Part16",
      "Segments": [
        0,
        1,
        2,
        1.67,
        1
      ]
    },
    {
      "Target": "PartOpacity",
      "Id": "Part23",
      "Segments": [
        0,
        1,
        2,
        1.67,
        1
      ]
    },
    {
      "Target": "PartOpacity",
      "Id": "Part17",
      "Segments": [
        0,
        1,
        2,
        1.67,
        1
      ]
    },
    {
      "Target": "PartOpacity",
      "Id": "Part2",
      "Segments": [
        0,
        1,
        2,
        1.67,
        1
      ]
    },
    {
      "Target": "PartOpacity",
      "Id": "Part24",
      "Segments": [
        0,
        1,
        2,
        1.67,
        1
      ]
    },
    {
      "Target": "Parameter",
      "Id": "BodyY",
      "Segments": [
        0,
        0,
        0,
        1.67,
        0
      ]
    },
    {
      "Target": "Parameter",
      "Id": "BodyX",
      "Segments": [
        0,
        0,
        0,
        1.67,
        0
      ]
    },
    {
      "Target": "Parameter",
      "Id": "BadyY",
      "Segments": [
        0,
        0,
        0,
        1.67,
        0
      ]
    },
    {
      "Target": "Parameter",
      "Id": "HeadY",
      "Segments": [
        0,
        0,
        0,
        1.67,
        0
      ]
    },
    {
      "Target": "Parameter",
      "Id": "Param2",
      "Segments": [
        0,
        0,
        0,
        1.67,
        0
      ]
    },
    {
      "Target": "Parameter",
      "Id": "EyeBall_Size",
      "Segments": [
        0,
        0,
        0,
        1.67,
        0
      ]
    },
    {
      "Target": "Parameter",
      "Id": "EyeBallX",
      "Segments": [
        0,
        0,
        0,
        1.67,
        0
      ]
    },
    {
      "Target": "Parameter",
      "Id": "EyeR_Open",
      "Segments": [
        0,
        1,
        0,
        1.67,
        1
      ]
    },
    {
      "Target": "Parameter",
      "Id": "EyeL_Open",
      "Segments": [
        0,
        1,
        0,
        1.67,
        1
      ]
    },
    {
      "Target": "Parameter",
      "Id": "Tooth",
      "Segments": [
        0,
        0,
        0,
        1.67,
        0
      ]
    },
    {
      "Target": "Parameter",
      "Id": "Mouth_Open",
      "Segments": [
        0,
        1,
        0,
        1.67,
        1
      ]
    },
    {
      "Target": "Parameter",
      "Id": "Mouth_Size",
      "Segments": [
        0,
        1,
        0,
        1.67,
        1
      ]
    },
    {
      "Target": "Parameter",
      "Id": "Mouth_Size2",
      "Segments": [
        0,
        0,
        0,
        1.67,
        0
      ]
    },
    {
      "Target": "Parameter",
      "Id": "ArmR_Roll2",
      "Segments": [
        0,
        0,
        0,
        1.67,
        0
      ]
    },
    {
      "Target": "Parameter",
      "Id": "ArmL_Roll2",
      "Segments": [
        0,
        0,
        0,
        1.67,
        0
      ]
    },
    {
      "Target": "Parameter",
      "Id": "DecorationR_ThisSide",
      "Segments": [
        0,
        0,
        0,
        1.67,
        0
      ]
    },
    {
      "Target": "Parameter",
      "Id": "DecorationL_ThisSide",
      "Segments": [
        0,
        0,
        0,
        1.67,
        0
      ]
    },
    {
      "Target": "Parameter",
      "Id": "HandL03_move2",
      "Segments": [
        0,
        0,
        0,
        1.67,
        0
      ]
    },
    {
      "Target": "Parameter",
      "Id": "HandL02_move",
      "Segments": [
        0,
        0,
        0,
        1.67,
        0
      ]
    },
    {
      "Target": "Parameter",
      "Id": "Param",
      "Segments": [
        0,
        0,
        0,
        1.67,
        0
      ]
    },
    {
      "Target": "Parameter",
      "Id": "LegR_Roll",
      "Segments": [
        0,
        0,
        0,
        1.67,
        0
      ]
    }
  ],
  "UserData": []
}