{
  "Version": 3,
  "FileReferences": {
    "Moc": "naoki.moc3",
    "Textures": [
      "textures/texture_00.png"
    ],
    "Physics": null,
    "Motions": {
      "": [
        {
          "File": "motions/c214a_0060.motion3.json"
        },
        {
          "File": "motions/c214a_0071.motion3.json"
        },
        {
          "File": "motions/c214a_0070.motion3.json"
        },
        {
          "File": "motions/c214a_0090.motion3.json"
        },
        {
          "File": "motions/c214a_0020.motion3.json"
        },
        {
          "File": "motions/c214a_0061.motion3.json"
        },
        {
          "File": "motions/c214a_0050.motion3.json"
        },
        {
          "File": "motions/c214a_0010.motion3.json"
        },
        {
          "File": "motions/c214a_0120.motion3.json"
        },
        {
          "File": "motions/c214a_0131.motion3.json"
        },
        {
          "File": "motions/c214a_0091.motion3.json"
        },
        {
          "File": "motions/c214a_0031.motion3.json"
        },
        {
          "File": "motions/c214a_0121.motion3.json"
        },
        {
          "File": "motions/c214a_0111.motion3.json"
        },
        {
          "File": "motions/c214a_0080.motion3.json"
        },
        {
          "File": "motions/c214a_0030.motion3.json"
        },
        {
          "File": "motions/c214a_0110.motion3.json"
        },
        {
          "File": "motions/c214a_0021.motion3.json"
        },
        {
          "File": "motions/c214a_0130.motion3.json"
        },
        {
          "File": "motions/c214a_0011.motion3.json"
        },
        {
          "File": "motions/c214a_0101.motion3.json"
        },
        {
          "File": "motions/c214a_0040.motion3.json"
        },
        {
          "File": "motions/c214a_0081.motion3.json"
        },
        {
          "File": "motions/c214a_0051.motion3.json"
        },
        {
          "File": "motions/c214a_0100.motion3.json"
        },
        {
          "File": "motions/c214a_0041.motion3.json"
        }
      ]
    }
  },
  "Groups": [
    {
      "Target": "Parameter",
      "Name": "EyeBlink",
      "Ids": [
        "EyeL_Open",
        "EyeR_Open",
        "EyeL_Open",
        "EyeR_Open"
      ]
    },
    {
      "Target": "Parameter",
      "Name": "LipSync",
      "Ids": [
        "Mouth_Size",
        "Mouth_Open",
        "Mouth_Open",
        "Mouth_Size"
      ]
    }
  ]
}