{
  "Version": 3,
  "Meta": {
    "Duration": 1.67,
    "Fps": 30.0,
    "Loop": true,
    "AreBeziersRestricted": true,
    "CurveCount": 88,
    "TotalSegmentCount": 230,
    "TotalPointCount": 422,
    "UserDataCount": 1,
    "TotalUserDataSize": 0
  },
  "Curves": [
    {
      "Target": "Parameter",
      "Id": "BodyX",
      "Segments": [
        0,
        0,
        2,
        0.1,
        0,
        1,
        0.211,
        0,
        0.322,
        -24.172,
        0.433,
        -26,
        1,
        0.655,
        -29.656,
        0.878,
        -30,
        1.1,
        -30,
        2,
        1.667,
        -30
      ]
    },
    {
      "Target": "Parameter",
      "Id": "Body_Pose1",
      "Segments": [
        0,
        0,
        0,
        0.1,
        -19.541,
        0,
        0.3,
        30,
        2,
        0.5,
        30,
        0,
        0.7,
        26.989,
        0,
        0.933,
        30,
        2,
        1.667,
        30
      ]
    },
    {
      "Target": "Parameter",
      "Id": "BodyY",
      "Segments": [
        0,
        0,
        0,
        0.1,
        -8.977,
        0,
        0.333,
        24.3,
        1,
        0.422,
        24.3,
        0.511,
        24.355,
        0.6,
        15.398,
        1,
        0.689,
        6.441,
        0.778,
        -17.323,
        0.867,
        -17.323,
        1,
        0.967,
        -17.323,
        1.067,
        -6.899,
        1.167,
        -4.466,
        1,
        1.334,
        -0.411,
        1.5,
        0,
        1.667,
        0
      ]
    },
    {
      "Target": "Parameter",
      "Id": "Waist_Roll",
      "Segments": [
        0,
        0,
        0,
        0.1,
        -1.386,
        1,
        0.189,
        -1.386,
        0.278,
        3.478,
        0.367,
        5.831,
        1,
        0.434,
        7.347,
        0.5,
        9.062,
        0.567,
        9.509,
        1,
        0.934,
        10.225,
        1.3,
        10.434,
        1.667,
        10.434
      ]
    },
    {
      "Target": "Parameter",
      "Id": "Sub_move",
      "Segments": [
        0,
        0,
        0,
        0.4,
        -15.974,
        1,
        0.511,
        -15.974,
        0.622,
        9.358,
        0.733,
        16.747,
        1,
        0.9,
        27.83,
        1.066,
        28.876,
        1.233,
        28.876,
        1,
        1.378,
        28.876,
        1.522,
        25.083,
        1.667,
        21.315
      ]
    },
    {
      "Target": "Parameter",
      "Id": "JacketL_Move",
      "Segments": [
        0,
        0,
        0,
        0.267,
        -19,
        1,
        0.356,
        -19,
        0.444,
        -19.669,
        0.533,
        -10.861,
        1,
        0.711,
        6.754,
        0.889,
        30,
        1.067,
        30,
        1,
        1.156,
        30,
        1.244,
        22.954,
        1.333,
        16.068,
        1,
        1.444,
        7.459,
        1.556,
        -0.747,
        1.667,
        -5.576
      ]
    },
    {
      "Target": "Parameter",
      "Id": "JacketR_Move",
      "Segments": [
        0,
        0,
        0,
        0.267,
        -26,
        1,
        0.345,
        -26,
        0.422,
        -27.101,
        0.5,
        -19.97,
        1,
        0.678,
        -3.672,
        0.855,
        20.424,
        1.033,
        20.424,
        1,
        1.133,
        20.424,
        1.233,
        8.948,
        1.333,
        -0.932,
        1,
        1.444,
        -9.033,
        1.556,
        -15.323,
        1.667,
        -18.503
      ]
    },
    {
      "Target": "Parameter",
      "Id": "Head_AngleX",
      "Segments": [
        0,
        0,
        0,
        0.1,
        -5.724,
        0,
        0.933,
        1,
        0,
        1.667,
        0
      ]
    },
    {
      "Target": "Parameter",
      "Id": "Head_AngleY",
      "Segments": [
        0,
        0,
        0,
        0.167,
        -21.239,
        0,
        0.567,
        21.778,
        1,
        0.611,
        22.179,
        0.656,
        20.803,
        0.7,
        17.631,
        1,
        0.744,
        13.107,
        0.789,
        -11.516,
        0.833,
        -11.516,
        1,
        0.933,
        -11.516,
        1.033,
        -3.615,
        1.133,
        -2.843,
        1,
        1.311,
        -1.47,
        1.489,
        -0.993,
        1.667,
        0
      ]
    },
    {
      "Target": "Parameter",
      "Id": "Head_Roll",
      "Segments": [
        0,
        0,
        0,
        0.267,
        -6.268,
        0,
        0.633,
        -1.249,
        1,
        0.722,
        -1.249,
        0.811,
        -12.791,
        0.9,
        -13.26,
        1,
        1.067,
        -14.14,
        1.233,
        -14.16,
        1.4,
        -14.16,
        1,
        1.489,
        -14.16,
        1.578,
        -14.193,
        1.667,
        -13.98
      ]
    },
    {
      "Target": "Parameter",
      "Id": "Head_RollY",
      "Segments": [
        0,
        0,
        0,
        0.267,
        -16.92,
        0,
        0.6,
        6.674,
        0,
        0.967,
        -6.35,
        1,
        1.067,
        -6.35,
        1.167,
        -2.646,
        1.267,
        -1.531,
        1,
        1.4,
        -0.044,
        1.534,
        0,
        1.667,
        0
      ]
    },
    {
      "Target": "Parameter",
      "Id": "Ang_Move",
      "Segments": [
        0,
        0,
        1,
        0.056,
        0,
        0.111,
        -1.392,
        0.167,
        -7.867,
        1,
        0.278,
        -20.816,
        0.389,
        -30,
        0.5,
        -30,
        2,
        1.667,
        -30
      ]
    },
    {
      "Target": "Parameter",
      "Id": "BrowRY",
      "Segments": [
        0,
        0,
        0,
        0.1,
        -0.5,
        2,
        1.667,
        -0.5
      ]
    },
    {
      "Target": "Parameter",
      "Id": "BrowLY",
      "Segments": [
        0,
        0,
        0,
        0.1,
        -0.5,
        2,
        1.667,
        -0.5
      ]
    },
    {
      "Target": "Parameter",
      "Id": "BrowR_Angle",
      "Segments": [
        0,
        0,
        0,
        0.633,
        1,
        2,
        1.667,
        1
      ]
    },
    {
      "Target": "Parameter",
      "Id": "BrowL_Angle",
      "Segments": [
        0,
        0,
        0,
        0.633,
        -1,
        2,
        1.667,
        -1
      ]
    },
    {
      "Target": "Parameter",
      "Id": "BrowR_Form",
      "Segments": [
        0,
        0,
        0,
        0.633,
        0.4,
        2,
        1.667,
        0.4
      ]
    },
    {
      "Target": "Parameter",
      "Id": "BrowL_Form",
      "Segments": [
        0,
        0,
        0,
        0.633,
        0.4,
        2,
        1.667,
        0.4
      ]
    },
    {
      "Target": "Parameter",
      "Id": "EyeR_Open",
      "Segments": [
        0,
        1,
        0,
        0.133,
        0,
        2,
        1.667,
        0
      ]
    },
    {
      "Target": "Parameter",
      "Id": "EyeL_Open",
      "Segments": [
        0,
        1,
        0,
        0.133,
        0,
        2,
        1.667,
        0
      ]
    },
    {
      "Target": "Parameter",
      "Id": "EyeR_Smile",
      "Segments": [
        0,
        0,
        1,
        0.044,
        0,
        0.089,
        -2.848,
        0.133,
        -9,
        1,
        0.233,
        -22.842,
        0.333,
        -30,
        0.433,
        -30,
        2,
        1.667,
        -30
      ]
    },
    {
      "Target": "Parameter",
      "Id": "EyeL_Smile",
      "Segments": [
        0,
        0,
        1,
        0.044,
        0,
        0.089,
        -2.848,
        0.133,
        -9,
        1,
        0.233,
        -22.842,
        0.333,
        -30,
        0.433,
        -30,
        2,
        1.667,
        -30
      ]
    },
    {
      "Target": "Parameter",
      "Id": "MouthY",
      "Segments": [
        0,
        0,
        0,
        1.667,
        10
      ]
    },
    {
      "Target": "Parameter",
      "Id": "MouthForm",
      "Segments": [
        0,
        0,
        0,
        0.167,
        -1,
        2,
        1.667,
        -1
      ]
    },
    {
      "Target": "Parameter",
      "Id": "HairFront_Move",
      "Segments": [
        0,
        0,
        1,
        0.033,
        -0.325,
        0.067,
        -0.583,
        0.1,
        -0.711,
        1,
        0.167,
        -0.88,
        0.233,
        -0.891,
        0.3,
        -0.891,
        1,
        0.367,
        -0.891,
        0.433,
        -0.398,
        0.5,
        0,
        1,
        0.544,
        0.347,
        0.589,
        0.909,
        0.633,
        0.909,
        1,
        0.711,
        0.909,
        0.789,
        0.457,
        0.867,
        0,
        1,
        0.911,
        -0.221,
        0.956,
        -0.384,
        1,
        -0.524,
        1,
        1.078,
        -0.701,
        1.155,
        -0.75,
        1.233,
        -0.75,
        1,
        1.355,
        -0.75,
        1.478,
        -0.553,
        1.6,
        0,
        1,
        1.622,
        0.125,
        1.645,
        0.376,
        1.667,
        0.495
      ]
    },
    {
      "Target": "Parameter",
      "Id": "HairSideR_Move",
      "Segments": [
        0,
        0,
        0,
        0.3,
        -30,
        0,
        0.7,
        16.478,
        0,
        1.167,
        -22.929,
        1,
        1.334,
        -22.929,
        1.5,
        -21.45,
        1.667,
        -12.172
      ]
    },
    {
      "Target": "Parameter",
      "Id": "HairSideL_Move",
      "Segments": [
        0,
        0,
        0,
        0.4,
        -1,
        0,
        0.733,
        0.645,
        0,
        1.133,
        -0.812,
        1,
        1.311,
        -0.812,
        1.489,
        -0.39,
        1.667,
        -0.066
      ]
    },
    {
      "Target": "Parameter",
      "Id": "HairBack_Move",
      "Segments": [
        0,
        0,
        0,
        0.5,
        -0.706,
        0,
        1.333,
        0.807,
        1,
        1.444,
        0.807,
        1.556,
        0.764,
        1.667,
        0.521
      ]
    },
    {
      "Target": "Parameter",
      "Id": "ShoulderRY",
      "Segments": [
        0,
        0,
        2,
        0.2,
        0,
        1,
        0.278,
        0,
        0.355,
        23.735,
        0.433,
        27,
        1,
        0.511,
        30.265,
        0.589,
        30,
        0.667,
        30,
        0,
        0.833,
        3.108,
        1,
        0.878,
        3.232,
        0.922,
        3.357,
        0.967,
        4.414,
        1,
        1.011,
        6.092,
        1.056,
        17.654,
        1.1,
        19.325,
        1,
        1.289,
        23.125,
        1.478,
        23.744,
        1.667,
        23.744
      ]
    },
    {
      "Target": "Parameter",
      "Id": "ShoulderLY",
      "Segments": [
        0,
        0,
        2,
        0.133,
        0,
        1,
        0.244,
        0,
        0.356,
        8.394,
        0.467,
        13.68,
        1,
        0.522,
        16.323,
        0.578,
        16,
        0.633,
        16,
        2,
        1.667,
        16
      ]
    },
    {
      "Target": "Parameter",
      "Id": "ShoulderR_Roll",
      "Segments": [
        0,
        0,
        1,
        0.033,
        0,
        0.067,
        -3.628,
        0.1,
        -10.71,
        1,
        0.156,
        -25.077,
        0.211,
        -49.915,
        0.267,
        -60.089,
        1,
        0.356,
        -76.367,
        0.444,
        -80,
        0.533,
        -80,
        1,
        0.589,
        -80,
        0.644,
        -80.188,
        0.7,
        -79.338,
        1,
        0.767,
        -78.318,
        0.833,
        -36.45,
        0.9,
        -36.45,
        1,
        0.944,
        -36.45,
        0.989,
        -42.882,
        1.033,
        -48.371,
        1,
        1.111,
        -56.736,
        1.189,
        -60.035,
        1.267,
        -61.61,
        1,
        1.4,
        -63.663,
        1.534,
        -63.883,
        1.667,
        -63.883
      ]
    },
    {
      "Target": "Parameter",
      "Id": "ShoulderL_Roll",
      "Segments": [
        0,
        36.68,
        1,
        0.022,
        36.68,
        0.045,
        30.185,
        0.067,
        27.59,
        1,
        0.167,
        15.911,
        0.267,
        11.9,
        0.367,
        11.9,
        0,
        0.567,
        14.29,
        1,
        0.667,
        16.338,
        0.767,
        22.276,
        0.867,
        22.276,
        1,
        1,
        22.276,
        1.134,
        21.53,
        1.267,
        21.076,
        1,
        1.4,
        20.413,
        1.534,
        19.973,
        1.667,
        19.973
      ]
    },
    {
      "Target": "Parameter",
      "Id": "ArmR_Roll",
      "Segments": [
        0,
        0,
        1,
        0.056,
        -14.016,
        0.111,
        -32.213,
        0.167,
        -40.048,
        1,
        0.211,
        -44.016,
        0.256,
        -47.667,
        0.3,
        -47.667,
        1,
        0.367,
        -47.869,
        0.433,
        -47.86,
        0.5,
        -48.045,
        1,
        0.567,
        -48.23,
        0.633,
        -48.465,
        0.7,
        -49.099,
        1,
        0.767,
        -49.733,
        0.833,
        -60,
        0.9,
        -60,
        1,
        0.967,
        -60,
        1.033,
        -55.817,
        1.1,
        -55.36,
        1,
        1.289,
        -54.066,
        1.478,
        -53.846,
        1.667,
        -53.846
      ]
    },
    {
      "Target": "Parameter",
      "Id": "ArmL_Roll",
      "Segments": [
        0,
        -39.15,
        0,
        0.133,
        -30.724,
        1,
        0.2,
        -30.724,
        0.266,
        -60.465,
        0.333,
        -65,
        1,
        0.389,
        -68.779,
        0.444,
        -68.237,
        0.5,
        -68.237,
        0,
        0.833,
        -66.538,
        1,
        1.044,
        -66.538,
        1.256,
        -66.794,
        1.467,
        -67.408,
        1,
        1.534,
        -67.603,
        1.6,
        -67.767,
        1.667,
        -67.767
      ]
    },
    {
      "Target": "Parameter",
      "Id": "ArmR_Form",
      "Segments": [
        0,
        0,
        1,
        0.089,
        0,
        0.178,
        -16.223,
        0.267,
        -27,
        1,
        0.345,
        -36.43,
        0.422,
        -36.985,
        0.5,
        -36.985,
        0,
        0.733,
        -35,
        2,
        1.667,
        -35
      ]
    },
    {
      "Target": "Parameter",
      "Id": "ArmL_Form",
      "Segments": [
        0,
        -15,
        0,
        0.133,
        -8,
        0,
        0.5,
        -26,
        2,
        1.667,
        -26
      ]
    },
    {
      "Target": "Parameter",
      "Id": "ArmR_Form2",
      "Segments": [
        0,
        0,
        1,
        0.022,
        0,
        0.045,
        -10.413,
        0.067,
        -13.267,
        1,
        0.111,
        -18.977,
        0.156,
        -19.845,
        0.2,
        -19.845,
        1,
        0.267,
        -19.845,
        0.333,
        -9.597,
        0.4,
        -7.81,
        1,
        0.433,
        -6.995,
        0.467,
        -6.49,
        0.5,
        -6.49,
        0,
        0.933,
        -7.81,
        0,
        1.3,
        -7,
        2,
        1.667,
        -7
      ]
    },
    {
      "Target": "Parameter",
      "Id": "ArmL_Form2",
      "Segments": [
        0,
        -8.78,
        1,
        0.044,
        -8.78,
        0.089,
        -9.458,
        0.133,
        -10,
        1,
        0.255,
        -11.491,
        0.378,
        -12,
        0.5,
        -12,
        2,
        1.667,
        -12
      ]
    },
    {
      "Target": "Parameter",
      "Id": "ArmR_Sup_Form",
      "Segments": [
        0,
        0,
        1,
        0.056,
        0,
        0.111,
        -17.924,
        0.167,
        -21,
        1,
        0.278,
        -27.152,
        0.389,
        -28,
        0.5,
        -28,
        2,
        1.667,
        -28
      ]
    },
    {
      "Target": "Parameter",
      "Id": "ArmL_Sup_Form",
      "Segments": [
        0,
        0,
        0,
        0.5,
        -10,
        2,
        1.667,
        -10
      ]
    },
    {
      "Target": "Parameter",
      "Id": "HandR_Roll",
      "Segments": [
        0,
        0,
        0,
        0.067,
        7.725,
        1,
        0.1,
        7.725,
        0.134,
        -6.498,
        0.167,
        -6.834,
        1,
        0.245,
        -7.618,
        0.322,
        -7.792,
        0.4,
        -8.569,
        1,
        0.456,
        -9.124,
        0.511,
        -9.88,
        0.567,
        -11.892,
        1,
        0.7,
        -16.72,
        0.834,
        -23.96,
        0.967,
        -23.96,
        1,
        1.134,
        -23.96,
        1.3,
        -20.272,
        1.467,
        -19.026,
        1,
        1.534,
        -18.528,
        1.6,
        -18.583,
        1.667,
        -18.426
      ]
    },
    {
      "Target": "Parameter",
      "Id": "HandL_Roll",
      "Segments": [
        0,
        -22,
        0,
        0.267,
        -2.581,
        0,
        0.5,
        -24.47,
        0,
        0.933,
        -22.771,
        1,
        1.044,
        -22.771,
        1.156,
        -24.231,
        1.267,
        -25.741,
        1,
        1.4,
        -27.554,
        1.534,
        -28.021,
        1.667,
        -28.021
      ]
    },
    {
      "Target": "Parameter",
      "Id": "HandL_move",
      "Segments": [
        0,
        -30,
        0,
        0.5,
        0,
        2,
        1.667,
        0
      ]
    },
    {
      "Target": "Parameter",
      "Id": "LegR_Roll",
      "Segments": [
        0,
        0,
        2,
        0.2,
        0,
        0,
        0.5,
        -9,
        2,
        1.667,
        -9
      ]
    },
    {
      "Target": "Parameter",
      "Id": "LegL_Roll",
      "Segments": [
        0,
        14,
        0,
        0.2,
        11,
        0,
        0.5,
        30,
        2,
        1.667,
        30
      ]
    },
    {
      "Target": "PartOpacity",
      "Id": "Part",
      "Segments": [
        0,
        1,
        2,
        1.67,
        1
      ]
    },
    {
      "Target": "PartOpacity",
      "Id": "Part2",
      "Segments": [
        0,
        1,
        2,
        1.67,
        1
      ]
    },
    {
      "Target": "PartOpacity",
      "Id": "Part3",
      "Segments": [
        0,
        1,
        2,
        1.67,
        1
      ]
    },
    {
      "Target": "PartOpacity",
      "Id": "Part23",
      "Segments": [
        0,
        0,
        2,
        1.67,
        0
      ]
    },
    {
      "Target": "PartOpacity",
      "Id": "Part4",
      "Segments": [
        0,
        1,
        2,
        1.67,
        1
      ]
    },
    {
      "Target": "PartOpacity",
      "Id": "Part29",
      "Segments": [
        0,
        1,
        2,
        0.2,
        0,
        2,
        1.67,
        0
      ]
    },
    {
      "Target": "PartOpacity",
      "Id": "Part5",
      "Segments": [
        0,
        0,
        2,
        0.2,
        1,
        2,
        1.67,
        1
      ]
    },
    {
      "Target": "PartOpacity",
      "Id": "Part6",
      "Segments": [
        0,
        0,
        2,
        1.67,
        0
      ]
    },
    {
      "Target": "PartOpacity",
      "Id": "Part7",
      "Segments": [
        0,
        0,
        2,
        1.67,
        0
      ]
    },
    {
      "Target": "PartOpacity",
      "Id": "Part8",
      "Segments": [
        0,
        0,
        2,
        1.67,
        0
      ]
    },
    {
      "Target": "PartOpacity",
      "Id": "Part9",
      "Segments": [
        0,
        1,
        2,
        1.67,
        1
      ]
    },
    {
      "Target": "PartOpacity",
      "Id": "Part14",
      "Segments": [
        0,
        0,
        2,
        0.17,
        1,
        2,
        1.67,
        1
      ]
    },
    {
      "Target": "PartOpacity",
      "Id": "Part24",
      "Segments": [
        0,
        0,
        2,
        1.67,
        0
      ]
    },
    {
      "Target": "PartOpacity",
      "Id": "Part16",
      "Segments": [
        0,
        0,
        2,
        1.67,
        0
      ]
    },
    {
      "Target": "PartOpacity",
      "Id": "Part18",
      "Segments": [
        0,
        0,
        2,
        0.17,
        1,
        2,
        1.67,
        1
      ]
    },
    {
      "Target": "PartOpacity",
      "Id": "Part10",
      "Segments": [
        0,
        1,
        2,
        1.67,
        1
      ]
    },
    {
      "Target": "PartOpacity",
      "Id": "Part11",
      "Segments": [
        0,
        1,
        2,
        1.67,
        1
      ]
    },
    {
      "Target": "PartOpacity",
      "Id": "Part12",
      "Segments": [
        0,
        1,
        2,
        1.67,
        1
      ]
    },
    {
      "Target": "PartOpacity",
      "Id": "Part13",
      "Segments": [
        0,
        1,
        2,
        1.67,
        1
      ]
    },
    {
      "Target": "PartOpacity",
      "Id": "Part17",
      "Segments": [
        0,
        1,
        2,
        0.17,
        0,
        2,
        1.67,
        0
      ]
    },
    {
      "Target": "PartOpacity",
      "Id": "Part19",
      "Segments": [
        0,
        1,
        2,
        1.67,
        1
      ]
    },
    {
      "Target": "PartOpacity",
      "Id": "Part15",
      "Segments": [
        0,
        0,
        2,
        1.67,
        0
      ]
    },
    {
      "Target": "PartOpacity",
      "Id": "Part22",
      "Segments": [
        0,
        1,
        2,
        1.67,
        1
      ]
    },
    {
      "Target": "PartOpacity",
      "Id": "Part20",
      "Segments": [
        0,
        1,
        2,
        1.67,
        1
      ]
    },
    {
      "Target": "PartOpacity",
      "Id": "Part21",
      "Segments": [
        0,
        1,
        2,
        1.67,
        1
      ]
    },
    {
      "Target": "Parameter",
      "Id": "BodyPoX",
      "Segments": [
        0,
        0,
        0,
        1.67,
        0
      ]
    },
    {
      "Target": "Parameter",
      "Id": "Breath",
      "Segments": [
        0,
        0,
        0,
        1.67,
        0
      ]
    },
    {
      "Target": "Parameter",
      "Id": "Body_Shaking",
      "Segments": [
        0,
        0,
        0,
        1.67,
        0
      ]
    },
    {
      "Target": "Parameter",
      "Id": "Eye_Ang",
      "Segments": [
        0,
        0,
        0,
        1.67,
        0
      ]
    },
    {
      "Target": "Parameter",
      "Id": "Ang_Form",
      "Segments": [
        0,
        0,
        0,
        1.67,
        0
      ]
    },
    {
      "Target": "Parameter",
      "Id": "AngY",
      "Segments": [
        0,
        0,
        0,
        1.67,
        0
      ]
    },
    {
      "Target": "Parameter",
      "Id": "Wet_On",
      "Segments": [
        0,
        0,
        0,
        1.67,
        0
      ]
    },
    {
      "Target": "Parameter",
      "Id": "EyeBallX",
      "Segments": [
        0,
        0,
        0,
        1.67,
        0
      ]
    },
    {
      "Target": "Parameter",
      "Id": "EyeBallY",
      "Segments": [
        0,
        0,
        0,
        1.67,
        0
      ]
    },
    {
      "Target": "Parameter",
      "Id": "EyeBall_size",
      "Segments": [
        0,
        0,
        0,
        1.67,
        0
      ]
    },
    {
      "Target": "Parameter",
      "Id": "BrowR_Form2",
      "Segments": [
        0,
        0,
        0,
        1.67,
        0
      ]
    },
    {
      "Target": "Parameter",
      "Id": "BrowL_Form2",
      "Segments": [
        0,
        0,
        0,
        1.67,
        0
      ]
    },
    {
      "Target": "Parameter",
      "Id": "MouthForm2",
      "Segments": [
        0,
        0,
        0,
        1.67,
        0
      ]
    },
    {
      "Target": "Parameter",
      "Id": "Mouth_Open",
      "Segments": [
        0,
        1,
        0,
        1.67,
        1
      ]
    },
    {
      "Target": "Parameter",
      "Id": "Mouth_Size",
      "Segments": [
        0,
        0.5,
        0,
        1.67,
        0.5
      ]
    },
    {
      "Target": "Parameter",
      "Id": "HandR_move",
      "Segments": [
        0,
        0,
        0,
        1.67,
        0
      ]
    },
    {
      "Target": "Parameter",
      "Id": "FinR_move",
      "Segments": [
        0,
        0,
        0,
        1.67,
        0
      ]
    },
    {
      "Target": "Parameter",
      "Id": "FinR_move2",
      "Segments": [
        0,
        0,
        0,
        1.67,
        0
      ]
    }
  ],
  "UserData": [
    {
      "Time": 0.0,
      "Value": ""
    }
  ]
}