{
  "Version": 3,
  "Meta": {
    "Duration": 2.0,
    "Fps": 30.0,
    "Loop": true,
    "AreBeziersRestricted": true,
    "CurveCount": 88,
    "TotalSegmentCount": 230,
    "TotalPointCount": 346,
    "UserDataCount": 1,
    "TotalUserDataSize": 0
  },
  "Curves": [
    {
      "Target": "Parameter",
      "Id": "Breath",
      "Segments": [
        0,
        0,
        0,
        0.667,
        0.609,
        0,
        1.6,
        0,
        1,
        1.733,
        0,
        1.867,
        0.018,
        2,
        0.145
      ]
    },
    {
      "Target": "Parameter",
      "Id": "BodyX",
      "Segments": [
        0,
        0,
        0,
        0.367,
        25.44,
        1,
        0.456,
        25.44,
        0.544,
        13.21,
        0.633,
        0,
        1,
        0.778,
        -9.006,
        0.922,
        -18.013,
        1.067,
        -24.26,
        1,
        1.2,
        -29.303,
        1.334,
        -30,
        1.467,
        -30,
        2,
        2,
        -30
      ]
    },
    {
      "Target": "Parameter",
      "Id": "Body_Pose1",
      "Segments": [
        0,
        0,
        0,
        0.367,
        9.253,
        0,
        1.167,
        -20,
        2,
        2,
        -20
      ]
    },
    {
      "Target": "Parameter",
      "Id": "BodyY",
      "Segments": [
        0,
        0,
        2,
        0.767,
        0,
        0,
        1.4,
        -8.306,
        0,
        2,
        0
      ]
    },
    {
      "Target": "Parameter",
      "Id": "Waist_Roll",
      "Segments": [
        0,
        0,
        0,
        0.367,
        1.26,
        1,
        0.634,
        1.26,
        0.9,
        0.328,
        1.167,
        0,
        1,
        1.289,
        -0.126,
        1.411,
        -0.18,
        1.533,
        -0.18,
        0,
        2,
        0
      ]
    },
    {
      "Target": "Parameter",
      "Id": "Sub_move",
      "Segments": [
        0,
        0,
        1,
        0.1,
        -1.119,
        0.2,
        -1.468,
        0.3,
        -1.468,
        0,
        0.933,
        16,
        0,
        1.567,
        2.296,
        1,
        1.711,
        2.296,
        1.856,
        7.028,
        2,
        8.909
      ]
    },
    {
      "Target": "Parameter",
      "Id": "JacketL_Move",
      "Segments": [
        0,
        0,
        1,
        0.111,
        -12.349,
        0.222,
        -17.83,
        0.333,
        -17.83,
        1,
        0.578,
        -17.83,
        0.822,
        18.1,
        1.067,
        25,
        1,
        1.178,
        28.829,
        1.289,
        28.778,
        1.4,
        24.005,
        1,
        1.6,
        13.553,
        1.8,
        -17.81,
        2,
        -17.81
      ]
    },
    {
      "Target": "Parameter",
      "Id": "JacketR_Move",
      "Segments": [
        0,
        0,
        1,
        0.111,
        -19.537,
        0.222,
        -26.03,
        0.333,
        -26.03,
        1,
        0.6,
        -26.03,
        0.866,
        13.592,
        1.133,
        13.184,
        1,
        1.322,
        13.184,
        1.511,
        -9.132,
        1.7,
        -18.902,
        1,
        1.8,
        -24.643,
        1.9,
        -27.107,
        2,
        -27.796
      ]
    },
    {
      "Target": "Parameter",
      "Id": "Head_AngleX",
      "Segments": [
        0,
        0,
        0,
        1,
        -9,
        2,
        2,
        -9
      ]
    },
    {
      "Target": "Parameter",
      "Id": "Head_AngleY",
      "Segments": [
        0,
        0,
        0,
        0.133,
        -3.541,
        1,
        0.211,
        -3.541,
        0.289,
        8.288,
        0.367,
        11.594,
        1,
        0.422,
        13.956,
        0.478,
        13.621,
        0.533,
        13.621,
        1,
        0.689,
        13.621,
        0.844,
        0.23,
        1,
        -8.68,
        1,
        1.111,
        -15.044,
        1.222,
        -15.1,
        1.333,
        -15.1,
        1,
        1.555,
        -15.1,
        1.778,
        -14.17,
        2,
        -12.089
      ]
    },
    {
      "Target": "Parameter",
      "Id": "Head_Roll",
      "Segments": [
        0,
        0,
        0,
        0.367,
        -0.354,
        0,
        0.633,
        -0.107,
        0,
        1.033,
        -2,
        2,
        2,
        -2
      ]
    },
    {
      "Target": "Parameter",
      "Id": "Head_RollY",
      "Segments": [
        0,
        0,
        0,
        0.367,
        6.06,
        1,
        0.467,
        6.06,
        0.567,
        6.204,
        0.667,
        5.658,
        1,
        0.789,
        4.99,
        0.911,
        -5,
        1.033,
        -5,
        2,
        2,
        -5
      ]
    },
    {
      "Target": "Parameter",
      "Id": "Ang_Move",
      "Segments": [
        0,
        0,
        0,
        0.7,
        -14,
        2,
        2,
        -14
      ]
    },
    {
      "Target": "Parameter",
      "Id": "EyeBallX",
      "Segments": [
        0,
        0,
        0,
        0.5,
        0.078,
        0,
        1.367,
        0,
        2,
        2,
        0
      ]
    },
    {
      "Target": "Parameter",
      "Id": "EyeBallY",
      "Segments": [
        0,
        0,
        0,
        0.5,
        -0.162,
        0,
        1.367,
        0,
        2,
        2,
        0
      ]
    },
    {
      "Target": "Parameter",
      "Id": "BrowRY",
      "Segments": [
        0,
        0,
        0,
        0.267,
        0.5,
        2,
        0.433,
        0.5,
        0,
        0.7,
        0.7,
        2,
        2,
        0.7
      ]
    },
    {
      "Target": "Parameter",
      "Id": "BrowLY",
      "Segments": [
        0,
        0,
        0,
        0.267,
        0.6,
        2,
        0.433,
        0.6,
        0,
        0.7,
        0.8,
        2,
        2,
        0.8
      ]
    },
    {
      "Target": "Parameter",
      "Id": "BrowR_Angle",
      "Segments": [
        0,
        0,
        0,
        1.233,
        -0.5,
        2,
        2,
        -0.5
      ]
    },
    {
      "Target": "Parameter",
      "Id": "BrowL_Angle",
      "Segments": [
        0,
        0,
        0,
        1.233,
        0.6,
        2,
        2,
        0.6
      ]
    },
    {
      "Target": "Parameter",
      "Id": "BrowR_Form2",
      "Segments": [
        0,
        0,
        0,
        0.7,
        -24,
        2,
        2,
        -24
      ]
    },
    {
      "Target": "Parameter",
      "Id": "BrowL_Form2",
      "Segments": [
        0,
        0,
        0,
        0.7,
        -24,
        2,
        2,
        -24
      ]
    },
    {
      "Target": "Parameter",
      "Id": "EyeR_Smile",
      "Segments": [
        0,
        0,
        1,
        0.089,
        0,
        0.178,
        13.181,
        0.267,
        19,
        1,
        0.411,
        28.456,
        0.556,
        30,
        0.7,
        30,
        2,
        2,
        30
      ]
    },
    {
      "Target": "Parameter",
      "Id": "EyeL_Smile",
      "Segments": [
        0,
        0,
        1,
        0.089,
        0,
        0.178,
        13.181,
        0.267,
        19,
        1,
        0.411,
        28.456,
        0.556,
        30,
        0.7,
        30,
        2,
        2,
        30
      ]
    },
    {
      "Target": "Parameter",
      "Id": "MouthY",
      "Segments": [
        0,
        0,
        2,
        0.233,
        0,
        0,
        0.467,
        18,
        0,
        1.2,
        0,
        2,
        2,
        0
      ]
    },
    {
      "Target": "Parameter",
      "Id": "Mouth_Open",
      "Segments": [
        0,
        1,
        0,
        0.7,
        0.5,
        2,
        2,
        0.5
      ]
    },
    {
      "Target": "Parameter",
      "Id": "Mouth_Size",
      "Segments": [
        0,
        0.5,
        0,
        0.7,
        0.8,
        2,
        2,
        0.8
      ]
    },
    {
      "Target": "Parameter",
      "Id": "HairFront_Move",
      "Segments": [
        0,
        0,
        1,
        0.089,
        -0.139,
        0.178,
        -0.256,
        0.267,
        -0.329,
        1,
        0.367,
        -0.405,
        0.467,
        -0.4,
        0.567,
        -0.4,
        1,
        0.822,
        -0.4,
        1.078,
        -0.143,
        1.333,
        0.25,
        1,
        1.466,
        0.455,
        1.6,
        0.511,
        1.733,
        0.511,
        1,
        1.822,
        0.511,
        1.911,
        0.493,
        2,
        0.4
      ]
    },
    {
      "Target": "Parameter",
      "Id": "HairSideR_Move",
      "Segments": [
        0,
        0,
        0,
        0.4,
        -16.905,
        0,
        1.2,
        16.478,
        1,
        1.467,
        16.478,
        1.733,
        1.653,
        2,
        -12.172
      ]
    },
    {
      "Target": "Parameter",
      "Id": "HairSideL_Move",
      "Segments": [
        0,
        0,
        0,
        0.5,
        -0.615,
        0,
        1.367,
        0.645,
        1,
        1.578,
        0.645,
        1.789,
        0.467,
        2,
        -0.066
      ]
    },
    {
      "Target": "Parameter",
      "Id": "HairBack_Move",
      "Segments": [
        0,
        0,
        0,
        0.767,
        -0.706,
        0,
        1.633,
        0.807,
        1,
        1.755,
        0.807,
        1.878,
        0.791,
        2,
        0.521
      ]
    },
    {
      "Target": "Parameter",
      "Id": "ShoulderR_Roll",
      "Segments": [
        0,
        0,
        0,
        0.3,
        -9.147,
        1,
        0.489,
        -19.802,
        0.678,
        -24.53,
        0.867,
        -24.53,
        2,
        2,
        -24.53
      ]
    },
    {
      "Target": "Parameter",
      "Id": "ShoulderL_Roll",
      "Segments": [
        0,
        36.7,
        2,
        0.133,
        36.7,
        1,
        0.222,
        38.942,
        0.311,
        40.383,
        0.4,
        40.383,
        1,
        0.478,
        40.383,
        0.555,
        38.942,
        0.633,
        36.68,
        1,
        0.766,
        31.241,
        0.9,
        8.291,
        1.033,
        5,
        1,
        1.266,
        0.134,
        1.5,
        1.437,
        1.733,
        1.437,
        1,
        1.822,
        1.674,
        1.911,
        1.696,
        2,
        2.075
      ]
    },
    {
      "Target": "Parameter",
      "Id": "ArmR_Roll",
      "Segments": [
        0,
        0,
        1,
        0.1,
        0,
        0.2,
        -0.441,
        0.3,
        3.174,
        1,
        0.422,
        7.593,
        0.545,
        53.1,
        0.667,
        53.1,
        1,
        0.745,
        65.034,
        0.822,
        76.662,
        0.9,
        82.144,
        1,
        0.989,
        86.999,
        1.078,
        89.28,
        1.167,
        89.28,
        1,
        1.445,
        89.298,
        1.722,
        89.3,
        2,
        89.3
      ]
    },
    {
      "Target": "Parameter",
      "Id": "ArmL_Roll",
      "Segments": [
        0,
        -39.2,
        2,
        0.133,
        -39.2,
        1,
        0.222,
        -43.122,
        0.311,
        -46.362,
        0.4,
        -46.362,
        1,
        0.478,
        -46.362,
        0.555,
        -43.397,
        0.633,
        -39.15,
        1,
        0.766,
        -25.777,
        0.9,
        -11.912,
        1.033,
        -8.2,
        1,
        1.133,
        -5.117,
        1.233,
        -5.425,
        1.333,
        -5.425,
        0,
        2,
        -7.202
      ]
    },
    {
      "Target": "Parameter",
      "Id": "ArmR_Form",
      "Segments": [
        0,
        0,
        0,
        0.867,
        -40,
        2,
        2,
        -40
      ]
    },
    {
      "Target": "Parameter",
      "Id": "ArmL_Form",
      "Segments": [
        0,
        -15,
        2,
        0.133,
        -15,
        2,
        0.6,
        -15,
        0,
        1.033,
        -7,
        2,
        2,
        -7
      ]
    },
    {
      "Target": "Parameter",
      "Id": "ArmR_Form2",
      "Segments": [
        0,
        0,
        2,
        0.3,
        0,
        0,
        0.667,
        -18.353,
        0,
        1,
        0,
        2,
        2,
        0
      ]
    },
    {
      "Target": "Parameter",
      "Id": "ArmL_Form2",
      "Segments": [
        0,
        -8.8,
        2,
        0.133,
        -8.8,
        1,
        0.289,
        -8.8,
        0.444,
        -8.806,
        0.6,
        -8.78,
        1,
        0.744,
        -8.756,
        0.889,
        -5,
        1.033,
        -5,
        2,
        2,
        -5
      ]
    },
    {
      "Target": "Parameter",
      "Id": "ArmR_Sup_Form",
      "Segments": [
        0,
        0,
        1,
        0.1,
        0,
        0.2,
        -0.291,
        0.3,
        -6.012,
        1,
        0.433,
        -13.64,
        0.567,
        -24,
        0.7,
        -24,
        0,
        0.867,
        -19,
        2,
        2,
        -19
      ]
    },
    {
      "Target": "Parameter",
      "Id": "HandR_Roll",
      "Segments": [
        0,
        0,
        0,
        0.367,
        -4.621,
        1,
        0.478,
        -4.621,
        0.589,
        -4.312,
        0.7,
        -0.772,
        1,
        0.767,
        1.352,
        0.833,
        14,
        0.9,
        14,
        2,
        2,
        14
      ]
    },
    {
      "Target": "Parameter",
      "Id": "HandL_Roll",
      "Segments": [
        0,
        -22,
        0,
        0.467,
        -1.98,
        0,
        0.7,
        -5,
        2,
        1.267,
        -5,
        0,
        2,
        -6.8
      ]
    },
    {
      "Target": "Parameter",
      "Id": "HandL_move",
      "Segments": [
        0,
        -30,
        0,
        0.7,
        0,
        2,
        2,
        0
      ]
    },
    {
      "Target": "Parameter",
      "Id": "FinR_move",
      "Segments": [
        0,
        0,
        0,
        0.4,
        -17,
        0,
        0.7,
        0,
        0,
        1.033,
        -30,
        0,
        1.433,
        -14,
        0,
        1.833,
        -30,
        1,
        1.889,
        -30,
        1.944,
        -27.333,
        2,
        -22
      ]
    },
    {
      "Target": "Parameter",
      "Id": "FinR_move2",
      "Segments": [
        0,
        0,
        0,
        0.6,
        -7,
        0,
        1.033,
        0,
        0,
        1.433,
        -11,
        0,
        1.833,
        0,
        1,
        1.889,
        0,
        1.944,
        -1.833,
        2,
        -5.5
      ]
    },
    {
      "Target": "Parameter",
      "Id": "LegL_Roll",
      "Segments": [
        0,
        14,
        0,
        0.367,
        18,
        0,
        1.033,
        4,
        2,
        2,
        4
      ]
    },
    {
      "Target": "PartOpacity",
      "Id": "Part",
      "Segments": [
        0,
        1,
        2,
        1.07,
        1,
        2,
        2,
        1
      ]
    },
    {
      "Target": "PartOpacity",
      "Id": "Part2",
      "Segments": [
        0,
        1,
        2,
        2,
        1
      ]
    },
    {
      "Target": "PartOpacity",
      "Id": "Part3",
      "Segments": [
        0,
        1,
        2,
        2,
        1
      ]
    },
    {
      "Target": "PartOpacity",
      "Id": "Part23",
      "Segments": [
        0,
        0,
        2,
        0.7,
        0,
        2,
        1.03,
        0,
        2,
        2,
        0
      ]
    },
    {
      "Target": "PartOpacity",
      "Id": "Part4",
      "Segments": [
        0,
        1,
        2,
        1.07,
        1,
        2,
        2,
        1
      ]
    },
    {
      "Target": "PartOpacity",
      "Id": "Part29",
      "Segments": [
        0,
        1,
        2,
        0.7,
        0,
        2,
        2,
        0
      ]
    },
    {
      "Target": "PartOpacity",
      "Id": "Part5",
      "Segments": [
        0,
        0,
        2,
        0.7,
        0,
        2,
        2,
        0
      ]
    },
    {
      "Target": "PartOpacity",
      "Id": "Part6",
      "Segments": [
        0,
        0,
        2,
        0.7,
        0,
        2,
        2,
        0
      ]
    },
    {
      "Target": "PartOpacity",
      "Id": "Part7",
      "Segments": [
        0,
        0,
        2,
        0.7,
        1,
        2,
        2,
        1
      ]
    },
    {
      "Target": "PartOpacity",
      "Id": "Part8",
      "Segments": [
        0,
        0,
        2,
        0.7,
        0,
        2,
        2,
        0
      ]
    },
    {
      "Target": "PartOpacity",
      "Id": "Part9",
      "Segments": [
        0,
        1,
        2,
        0.7,
        1,
        2,
        2,
        1
      ]
    },
    {
      "Target": "PartOpacity",
      "Id": "Part14",
      "Segments": [
        0,
        0,
        2,
        0.37,
        1,
        2,
        2,
        1
      ]
    },
    {
      "Target": "PartOpacity",
      "Id": "Part24",
      "Segments": [
        0,
        0,
        2,
        0.37,
        1,
        2,
        0.63,
        0,
        2,
        2,
        0
      ]
    },
    {
      "Target": "PartOpacity",
      "Id": "Part16",
      "Segments": [
        0,
        0,
        2,
        0.37,
        0,
        2,
        0.63,
        1,
        2,
        2,
        1
      ]
    },
    {
      "Target": "PartOpacity",
      "Id": "Part18",
      "Segments": [
        0,
        0,
        2,
        0.37,
        0,
        2,
        2,
        0
      ]
    },
    {
      "Target": "PartOpacity",
      "Id": "Part10",
      "Segments": [
        0,
        1,
        2,
        0.67,
        1,
        2,
        2,
        1
      ]
    },
    {
      "Target": "PartOpacity",
      "Id": "Part11",
      "Segments": [
        0,
        1,
        2,
        0.67,
        1,
        2,
        2,
        1
      ]
    },
    {
      "Target": "PartOpacity",
      "Id": "Part12",
      "Segments": [
        0,
        1,
        2,
        0.67,
        1,
        2,
        2,
        1
      ]
    },
    {
      "Target": "PartOpacity",
      "Id": "Part13",
      "Segments": [
        0,
        1,
        2,
        0.67,
        1,
        2,
        2,
        1
      ]
    },
    {
      "Target": "PartOpacity",
      "Id": "Part17",
      "Segments": [
        0,
        1,
        2,
        0.37,
        0,
        2,
        2,
        0
      ]
    },
    {
      "Target": "PartOpacity",
      "Id": "Part19",
      "Segments": [
        0,
        1,
        2,
        0.37,
        1,
        2,
        2,
        1
      ]
    },
    {
      "Target": "PartOpacity",
      "Id": "Part15",
      "Segments": [
        0,
        0,
        2,
        0.37,
        0,
        2,
        2,
        0
      ]
    },
    {
      "Target": "PartOpacity",
      "Id": "Part22",
      "Segments": [
        0,
        1,
        2,
        0.67,
        1,
        2,
        2,
        1
      ]
    },
    {
      "Target": "PartOpacity",
      "Id": "Part20",
      "Segments": [
        0,
        1,
        2,
        0.67,
        1,
        2,
        2,
        1
      ]
    },
    {
      "Target": "PartOpacity",
      "Id": "Part21",
      "Segments": [
        0,
        1,
        2,
        0.67,
        1,
        2,
        2,
        1
      ]
    },
    {
      "Target": "Parameter",
      "Id": "BodyPoX",
      "Segments": [
        0,
        0,
        0,
        2,
        0
      ]
    },
    {
      "Target": "Parameter",
      "Id": "Body_Shaking",
      "Segments": [
        0,
        0,
        0,
        2,
        0
      ]
    },
    {
      "Target": "Parameter",
      "Id": "Eye_Ang",
      "Segments": [
        0,
        0,
        0,
        2,
        0
      ]
    },
    {
      "Target": "Parameter",
      "Id": "Ang_Form",
      "Segments": [
        0,
        0,
        0,
        2,
        0
      ]
    },
    {
      "Target": "Parameter",
      "Id": "AngY",
      "Segments": [
        0,
        0,
        0,
        2,
        0
      ]
    },
    {
      "Target": "Parameter",
      "Id": "Wet_On",
      "Segments": [
        0,
        0,
        0,
        2,
        0
      ]
    },
    {
      "Target": "Parameter",
      "Id": "EyeBall_size",
      "Segments": [
        0,
        0,
        0,
        2,
        0
      ]
    },
    {
      "Target": "Parameter",
      "Id": "BrowR_Form",
      "Segments": [
        0,
        0,
        0,
        2,
        0
      ]
    },
    {
      "Target": "Parameter",
      "Id": "BrowL_Form",
      "Segments": [
        0,
        0,
        0,
        2,
        0
      ]
    },
    {
      "Target": "Parameter",
      "Id": "EyeR_Open",
      "Segments": [
        0,
        1,
        0,
        2,
        1
      ]
    },
    {
      "Target": "Parameter",
      "Id": "EyeL_Open",
      "Segments": [
        0,
        1,
        0,
        2,
        1
      ]
    },
    {
      "Target": "Parameter",
      "Id": "MouthForm2",
      "Segments": [
        0,
        0,
        0,
        2,
        0
      ]
    },
    {
      "Target": "Parameter",
      "Id": "MouthForm",
      "Segments": [
        0,
        0,
        0,
        2,
        0
      ]
    },
    {
      "Target": "Parameter",
      "Id": "ShoulderRY",
      "Segments": [
        0,
        0,
        0,
        2,
        0
      ]
    },
    {
      "Target": "Parameter",
      "Id": "ShoulderLY",
      "Segments": [
        0,
        0,
        0,
        2,
        0
      ]
    },
    {
      "Target": "Parameter",
      "Id": "ArmL_Sup_Form",
      "Segments": [
        0,
        0,
        0,
        2,
        0
      ]
    },
    {
      "Target": "Parameter",
      "Id": "HandR_move",
      "Segments": [
        0,
        0,
        0,
        2,
        0
      ]
    },
    {
      "Target": "Parameter",
      "Id": "LegR_Roll",
      "Segments": [
        0,
        0,
        0,
        2,
        0
      ]
    }
  ],
  "UserData": [
    {
      "Time": 0.0,
      "Value": ""
    }
  ]
}