{
  "Version": 3,
  "Meta": {
    "Duration": 8.0,
    "Fps": 30.0,
    "Loop": true,
    "AreBeziersRestricted": true,
    "CurveCount": 88,
    "TotalSegmentCount": 276,
    "TotalPointCount": 430,
    "UserDataCount": 1,
    "TotalUserDataSize": 0
  },
  "Curves": [
    {
      "Target": "Parameter",
      "Id": "Breath",
      "Segments": [
        0,
        0.477,
        1,
        0.389,
        0.247,
        0.778,
        0,
        1.167,
        0,
        0,
        2.4,
        0.643,
        0,
        4.033,
        0,
        0,
        5.067,
        0.609,
        0,
        6.367,
        0,
        0,
        7.467,
        0.609,
        1,
        7.645,
        0.609,
        7.822,
        0.577,
        8,
        0.477
      ]
    },
    {
      "Target": "Parameter",
      "Id": "Body_Shaking",
      "Segments": [
        0,
        2.348,
        1,
        0.533,
        2.027,
        1.067,
        -0.023,
        1.6,
        -0.327,
        1,
        2.511,
        -0.685,
        3.422,
        -0.681,
        4.333,
        -0.681,
        1,
        4.944,
        -0.681,
        5.556,
        1.777,
        6.167,
        2.562,
        1,
        6.6,
        3.119,
        7.034,
        3.002,
        7.467,
        3.002,
        1,
        7.645,
        3.002,
        7.822,
        2.632,
        8,
        2.349
      ]
    },
    {
      "Target": "Parameter",
      "Id": "BodyX",
      "Segments": [
        0,
        14,
        1,
        0.156,
        14,
        0.311,
        4.932,
        0.467,
        0,
        1,
        1.011,
        -17.263,
        1.556,
        -23.087,
        2.1,
        -23.087,
        2,
        4.467,
        -23.087,
        1,
        4.922,
        -23.087,
        5.378,
        -13.434,
        5.833,
        0,
        1,
        5.966,
        4.26,
        6.1,
        20.626,
        6.233,
        21.268,
        1,
        6.466,
        26.539,
        6.7,
        27.39,
        6.933,
        27.39,
        1,
        7.289,
        27.39,
        7.644,
        20.422,
        8,
        14
      ]
    },
    {
      "Target": "Parameter",
      "Id": "Body_Pose1",
      "Segments": [
        0,
        28.5,
        0,
        1.1,
        17.208,
        0,
        2.267,
        28.26,
        0,
        3.6,
        17.208,
        0,
        5.1,
        27,
        0,
        6.6,
        17.208,
        0,
        8,
        28.5
      ]
    },
    {
      "Target": "Parameter",
      "Id": "BodyY",
      "Segments": [
        0,
        0,
        2,
        4.233,
        0,
        0,
        5.2,
        10.98,
        0,
        6.467,
        0,
        2,
        8,
        0
      ]
    },
    {
      "Target": "Parameter",
      "Id": "Waist_Roll",
      "Segments": [
        0,
        4.314,
        0,
        0.967,
        3.958,
        0,
        2.433,
        4.285,
        0,
        3.767,
        3.898,
        0,
        5.133,
        4.345,
        0,
        6.533,
        3.898,
        0,
        8,
        4.314
      ]
    },
    {
      "Target": "Parameter",
      "Id": "Sub_move",
      "Segments": [
        0,
        8.523,
        1,
        0.133,
        1.904,
        0.267,
        -0.652,
        0.4,
        -0.652,
        0,
        1.233,
        14.11,
        0,
        2.3,
        0.481,
        0,
        3.367,
        14.11,
        0,
        4.567,
        0.481,
        0,
        5.633,
        14.11,
        0,
        6.7,
        1.527,
        0,
        7.667,
        14.11,
        1,
        7.778,
        14.11,
        7.889,
        11.45,
        8,
        8.523
      ]
    },
    {
      "Target": "Parameter",
      "Id": "JacketL_Move",
      "Segments": [
        0,
        -5.576,
        1,
        0.111,
        -11.945,
        0.222,
        -13.224,
        0.333,
        -13.224,
        0,
        1.2,
        17.058,
        0,
        2.2,
        -8.915,
        0,
        3.3,
        17.058,
        0,
        4.4,
        -7.55,
        0,
        5.5,
        17.298,
        0,
        6.4,
        -8.651,
        0,
        7.3,
        14.288,
        0,
        8,
        -5.576
      ]
    },
    {
      "Target": "Parameter",
      "Id": "JacketR_Move",
      "Segments": [
        0,
        -18.503,
        1,
        0.111,
        -22.589,
        0.222,
        -23.224,
        0.333,
        -23.224,
        0,
        1.167,
        9,
        0,
        2.167,
        -18.604,
        0,
        3.3,
        8.32,
        0,
        4.4,
        -15.448,
        0,
        5.5,
        7.84,
        0,
        6.4,
        -16.789,
        0,
        7.267,
        6.279,
        0,
        8,
        -18.503
      ]
    },
    {
      "Target": "Parameter",
      "Id": "Head_AngleX",
      "Segments": [
        0,
        0,
        1,
        0.344,
        0,
        0.689,
        -6.827,
        1.033,
        -10.02,
        1,
        1.444,
        -13.831,
        1.856,
        -14.041,
        2.267,
        -14.041,
        1,
        2.956,
        -14.041,
        3.644,
        -13.364,
        4.333,
        -10.02,
        1,
        4.678,
        -8.348,
        5.022,
        -4.226,
        5.367,
        0,
        1,
        5.611,
        2.999,
        5.856,
        7.349,
        6.1,
        7.349,
        0,
        8,
        0
      ]
    },
    {
      "Target": "Parameter",
      "Id": "Head_AngleY",
      "Segments": [
        0,
        -3.66,
        1,
        0.189,
        -1.026,
        0.378,
        0.132,
        0.567,
        1.618,
        1,
        0.745,
        3.017,
        0.922,
        3.42,
        1.1,
        3.42,
        0,
        2.067,
        -5.564,
        0,
        3.833,
        6.348,
        0,
        4.8,
        -6.971,
        0,
        6.267,
        7.855,
        1,
        6.845,
        7.855,
        7.422,
        -6.473,
        8,
        -3.66
      ]
    },
    {
      "Target": "Parameter",
      "Id": "Head_Roll",
      "Segments": [
        0,
        -0.99,
        1,
        0.344,
        -1.203,
        0.689,
        -4.162,
        1.033,
        -7.706,
        1,
        1.289,
        -10.135,
        1.544,
        -12.138,
        1.8,
        -11.977,
        1,
        2.067,
        -11.884,
        2.333,
        -11.247,
        2.6,
        -11.247,
        2,
        4.567,
        -11.247,
        1,
        4.956,
        -11.247,
        5.344,
        -3.605,
        5.733,
        -2.743,
        1,
        6.489,
        -1.069,
        7.244,
        -0.99,
        8,
        -0.99
      ]
    },
    {
      "Target": "Parameter",
      "Id": "Head_RollY",
      "Segments": [
        0,
        0,
        0,
        0.867,
        5.729,
        1,
        1.134,
        5.729,
        1.4,
        2.994,
        1.667,
        0,
        1,
        2.011,
        -3.867,
        2.356,
        -4.98,
        2.7,
        -4.98,
        0,
        3.833,
        0,
        2,
        8,
        0
      ]
    },
    {
      "Target": "Parameter",
      "Id": "EyeBallX",
      "Segments": [
        0,
        0,
        2,
        0.533,
        0,
        0,
        1.333,
        0.274,
        2,
        4.433,
        0.274,
        0,
        5.967,
        0,
        2,
        8,
        0
      ]
    },
    {
      "Target": "Parameter",
      "Id": "EyeBallY",
      "Segments": [
        0,
        0.093,
        1,
        0.178,
        0.022,
        0.355,
        0,
        0.533,
        0,
        0,
        2.233,
        0.044,
        0,
        3.833,
        -0.068,
        2,
        4.433,
        -0.068,
        0,
        5.967,
        0,
        0,
        6.833,
        -0.156,
        1,
        7.222,
        -0.156,
        7.611,
        0.175,
        8,
        0.093
      ]
    },
    {
      "Target": "Parameter",
      "Id": "BrowR_Form",
      "Segments": [
        0,
        -1,
        0,
        0.833,
        -0.889,
        0,
        1.7,
        -1,
        2,
        4.733,
        -1,
        0,
        5.7,
        -0.9,
        0,
        6.7,
        -1,
        2,
        8,
        -1
      ]
    },
    {
      "Target": "Parameter",
      "Id": "BrowL_Form",
      "Segments": [
        0,
        -1,
        0,
        0.833,
        -0.889,
        0,
        1.7,
        -1,
        2,
        4.733,
        -1,
        0,
        5.7,
        -0.9,
        0,
        6.7,
        -1,
        2,
        8,
        -1
      ]
    },
    {
      "Target": "Parameter",
      "Id": "HairFront_Move",
      "Segments": [
        0,
        0.389,
        1,
        0.056,
        0.562,
        0.111,
        0.61,
        0.167,
        0.61,
        1,
        0.3,
        0.61,
        0.434,
        0.423,
        0.567,
        0,
        1,
        0.734,
        -0.203,
        0.9,
        -0.252,
        1.067,
        -0.252,
        1,
        1.178,
        -0.252,
        1.289,
        -0.22,
        1.4,
        0,
        1,
        1.533,
        0.38,
        1.667,
        0.421,
        1.8,
        0.447,
        1,
        1.978,
        0.459,
        2.155,
        0.313,
        2.333,
        0,
        1,
        2.5,
        -0.11,
        2.666,
        -0.217,
        2.833,
        -0.252,
        1,
        3.033,
        -0.268,
        3.233,
        -0.127,
        3.433,
        0,
        1,
        3.555,
        0.347,
        3.678,
        0.495,
        3.8,
        0.495,
        1,
        3.922,
        0.495,
        4.045,
        0.271,
        4.167,
        0,
        1,
        4.278,
        -0.101,
        4.389,
        -0.206,
        4.5,
        -0.201,
        1,
        4.6,
        -0.199,
        4.7,
        -0.093,
        4.8,
        0,
        1,
        4.922,
        0.22,
        5.045,
        0.447,
        5.167,
        0.447,
        1,
        5.334,
        0.447,
        5.5,
        0.304,
        5.667,
        0,
        1,
        5.8,
        -0.127,
        5.934,
        -0.265,
        6.067,
        -0.252,
        1,
        6.167,
        -0.23,
        6.267,
        -0.118,
        6.367,
        0,
        1,
        6.5,
        0.347,
        6.634,
        0.374,
        6.767,
        0.374,
        1,
        6.9,
        0.374,
        7.034,
        0.201,
        7.167,
        0,
        1,
        7.3,
        -0.201,
        7.434,
        -0.252,
        7.567,
        -0.252,
        1,
        7.667,
        -0.252,
        7.767,
        -0.11,
        7.867,
        0,
        1,
        7.911,
        0.096,
        7.956,
        0.389,
        8,
        0.389
      ]
    },
    {
      "Target": "Parameter",
      "Id": "HairSideR_Move",
      "Segments": [
        0,
        -12.172,
        1,
        0.178,
        1.978,
        0.355,
        16.842,
        0.533,
        16.842,
        0,
        1.6,
        -16.541,
        0,
        2.7,
        16.842,
        0,
        3.9,
        -16.541,
        0,
        4.867,
        16.842,
        0,
        5.867,
        -16.541,
        0,
        6.867,
        16.478,
        0,
        7.767,
        -16.541,
        1,
        7.845,
        -17.017,
        7.922,
        -14.638,
        8,
        -12.172
      ]
    },
    {
      "Target": "Parameter",
      "Id": "HairSideL_Move",
      "Segments": [
        0,
        -0.066,
        1,
        0.211,
        0.673,
        0.422,
        1,
        0.633,
        1,
        0,
        1.667,
        -0.251,
        0,
        2.767,
        1,
        0,
        3.867,
        -0.235,
        0,
        4.9,
        1,
        0,
        5.933,
        -0.235,
        0,
        6.9,
        1,
        0,
        7.767,
        -0.251,
        1,
        7.845,
        -0.25,
        7.922,
        -0.219,
        8,
        -0.066
      ]
    },
    {
      "Target": "Parameter",
      "Id": "HairBack_Move",
      "Segments": [
        0,
        0.521,
        1,
        0.278,
        -0.332,
        0.555,
        -0.781,
        0.833,
        -0.781,
        0,
        1.833,
        0.668,
        0,
        3.267,
        -0.88,
        0,
        4.8,
        0.935,
        0,
        6.267,
        -0.978,
        0,
        7.633,
        0.903,
        1,
        7.755,
        0.903,
        7.878,
        0.764,
        8,
        0.521
      ]
    },
    {
      "Target": "Parameter",
      "Id": "ShoulderRY",
      "Segments": [
        0,
        0,
        0,
        1.3,
        20,
        0,
        2.633,
        0,
        2,
        4.2,
        0,
        0,
        5.433,
        20,
        0,
        6.6,
        0,
        2,
        8,
        0
      ]
    },
    {
      "Target": "Parameter",
      "Id": "ShoulderLY",
      "Segments": [
        0,
        19,
        0,
        1.3,
        28,
        0,
        2.633,
        20,
        2,
        4.2,
        20,
        0,
        5.433,
        28,
        0,
        6.6,
        19,
        2,
        8,
        19
      ]
    },
    {
      "Target": "Parameter",
      "Id": "ShoulderR_Roll",
      "Segments": [
        0,
        -35.74,
        0,
        1.9,
        -28.81,
        2,
        4.467,
        -28.81,
        0,
        6.2,
        -35.74,
        2,
        8,
        -35.74
      ]
    },
    {
      "Target": "Parameter",
      "Id": "ShoulderL_Roll",
      "Segments": [
        0,
        38.78,
        0,
        2.1,
        34.82,
        2,
        4.467,
        34.82,
        0,
        6.2,
        38.78,
        2,
        8,
        38.78
      ]
    },
    {
      "Target": "Parameter",
      "Id": "ArmR_Roll",
      "Segments": [
        0,
        42.9,
        1,
        0.633,
        42.9,
        1.267,
        37.543,
        1.9,
        37.529,
        1,
        2.756,
        37.511,
        3.611,
        37.514,
        4.467,
        37.514,
        1,
        4.756,
        37.514,
        5.044,
        37.474,
        5.333,
        38.716,
        1,
        5.622,
        39.957,
        5.911,
        42.9,
        6.2,
        42.9,
        2,
        8,
        42.9
      ]
    },
    {
      "Target": "Parameter",
      "Id": "ArmL_Roll",
      "Segments": [
        0,
        -42.9,
        1,
        0.7,
        -42.737,
        1.4,
        -38.7,
        2.1,
        -38.7,
        2,
        4.467,
        -38.7,
        1,
        4.756,
        -38.7,
        5.044,
        -38.759,
        5.333,
        -39.9,
        1,
        5.622,
        -41.041,
        5.911,
        -42.9,
        6.2,
        -42.9,
        2,
        8,
        -42.9
      ]
    },
    {
      "Target": "Parameter",
      "Id": "ArmR_Form",
      "Segments": [
        0,
        -21.2,
        1,
        0.633,
        -21.2,
        1.267,
        -27.726,
        1.9,
        -27.76,
        1,
        2.756,
        -27.806,
        3.611,
        -27.8,
        4.467,
        -27.8,
        0,
        6.2,
        -21.2,
        2,
        8,
        -21.2
      ]
    },
    {
      "Target": "Parameter",
      "Id": "ArmL_Form",
      "Segments": [
        0,
        -10.6,
        0,
        2.1,
        -17.65,
        1,
        2.889,
        -17.65,
        3.678,
        -17.658,
        4.467,
        -17.6,
        1,
        5.045,
        -17.558,
        5.622,
        -10.6,
        6.2,
        -10.6,
        2,
        8,
        -10.6
      ]
    },
    {
      "Target": "Parameter",
      "Id": "ArmR_Form2",
      "Segments": [
        0,
        -19.1,
        1,
        0.633,
        -19.1,
        1.267,
        -22.481,
        1.9,
        -22.49,
        1,
        2.756,
        -22.502,
        3.611,
        -22.5,
        4.467,
        -22.5,
        0,
        6.2,
        -19.1,
        2,
        8,
        -19.1
      ]
    },
    {
      "Target": "Parameter",
      "Id": "ArmL_Form2",
      "Segments": [
        0,
        -13.1,
        1,
        0.7,
        -13.454,
        1.4,
        -18.71,
        2.1,
        -18.71,
        1,
        2.889,
        -18.71,
        3.678,
        -18.712,
        4.467,
        -18.7,
        1,
        5.045,
        -18.692,
        5.622,
        -13.1,
        6.2,
        -13.1,
        2,
        8,
        -13.1
      ]
    },
    {
      "Target": "Parameter",
      "Id": "HandR_Roll",
      "Segments": [
        0,
        7.26,
        0,
        1.4,
        4,
        0,
        2.833,
        7.18,
        0,
        4.2,
        4.42,
        0,
        5.567,
        7.06,
        0,
        6.867,
        4.6,
        0,
        8,
        7.26
      ]
    },
    {
      "Target": "Parameter",
      "Id": "HandL_Roll",
      "Segments": [
        0,
        -16.26,
        0,
        1.4,
        -12.84,
        0,
        2.833,
        -15.6,
        0,
        4.2,
        -13.02,
        0,
        5.567,
        -15.66,
        0,
        6.867,
        -13.8,
        0,
        8,
        -16.26
      ]
    },
    {
      "Target": "Parameter",
      "Id": "LegR_Roll",
      "Segments": [
        0,
        -19.9,
        0,
        1.667,
        -10.044,
        2,
        4.2,
        -10.044,
        0,
        6.2,
        -19.9,
        2,
        8,
        -19.9
      ]
    },
    {
      "Target": "Parameter",
      "Id": "LegL_Roll",
      "Segments": [
        0,
        29.56,
        0,
        1.733,
        27.46,
        2,
        4.2,
        27.46,
        0,
        6.2,
        29.56,
        2,
        8,
        29.56
      ]
    },
    {
      "Target": "PartOpacity",
      "Id": "Part",
      "Segments": [
        0,
        1,
        2,
        8,
        1
      ]
    },
    {
      "Target": "PartOpacity",
      "Id": "Part2",
      "Segments": [
        0,
        1,
        2,
        8,
        1
      ]
    },
    {
      "Target": "PartOpacity",
      "Id": "Part3",
      "Segments": [
        0,
        1,
        2,
        8,
        1
      ]
    },
    {
      "Target": "PartOpacity",
      "Id": "Part23",
      "Segments": [
        0,
        0,
        2,
        8,
        0
      ]
    },
    {
      "Target": "PartOpacity",
      "Id": "Part4",
      "Segments": [
        0,
        1,
        2,
        8,
        1
      ]
    },
    {
      "Target": "PartOpacity",
      "Id": "Part29",
      "Segments": [
        0,
        0,
        2,
        8,
        0
      ]
    },
    {
      "Target": "PartOpacity",
      "Id": "Part5",
      "Segments": [
        0,
        0,
        2,
        8,
        0
      ]
    },
    {
      "Target": "PartOpacity",
      "Id": "Part6",
      "Segments": [
        0,
        0,
        2,
        8,
        0
      ]
    },
    {
      "Target": "PartOpacity",
      "Id": "Part7",
      "Segments": [
        0,
        1,
        2,
        8,
        1
      ]
    },
    {
      "Target": "PartOpacity",
      "Id": "Part8",
      "Segments": [
        0,
        0,
        2,
        8,
        0
      ]
    },
    {
      "Target": "PartOpacity",
      "Id": "Part9",
      "Segments": [
        0,
        1,
        2,
        8,
        1
      ]
    },
    {
      "Target": "PartOpacity",
      "Id": "Part14",
      "Segments": [
        0,
        0,
        2,
        8,
        0
      ]
    },
    {
      "Target": "PartOpacity",
      "Id": "Part24",
      "Segments": [
        0,
        0,
        2,
        8,
        0
      ]
    },
    {
      "Target": "PartOpacity",
      "Id": "Part16",
      "Segments": [
        0,
        0,
        2,
        8,
        0
      ]
    },
    {
      "Target": "PartOpacity",
      "Id": "Part18",
      "Segments": [
        0,
        0,
        2,
        8,
        0
      ]
    },
    {
      "Target": "PartOpacity",
      "Id": "Part10",
      "Segments": [
        0,
        1,
        2,
        8,
        1
      ]
    },
    {
      "Target": "PartOpacity",
      "Id": "Part11",
      "Segments": [
        0,
        1,
        2,
        8,
        1
      ]
    },
    {
      "Target": "PartOpacity",
      "Id": "Part12",
      "Segments": [
        0,
        1,
        2,
        8,
        1
      ]
    },
    {
      "Target": "PartOpacity",
      "Id": "Part13",
      "Segments": [
        0,
        1,
        2,
        8,
        1
      ]
    },
    {
      "Target": "PartOpacity",
      "Id": "Part17",
      "Segments": [
        0,
        1,
        2,
        8,
        1
      ]
    },
    {
      "Target": "PartOpacity",
      "Id": "Part19",
      "Segments": [
        0,
        0,
        2,
        8,
        0
      ]
    },
    {
      "Target": "PartOpacity",
      "Id": "Part15",
      "Segments": [
        0,
        1,
        2,
        8,
        1
      ]
    },
    {
      "Target": "PartOpacity",
      "Id": "Part22",
      "Segments": [
        0,
        1,
        2,
        8,
        1
      ]
    },
    {
      "Target": "PartOpacity",
      "Id": "Part20",
      "Segments": [
        0,
        1,
        2,
        8,
        1
      ]
    },
    {
      "Target": "PartOpacity",
      "Id": "Part21",
      "Segments": [
        0,
        1,
        2,
        8,
        1
      ]
    },
    {
      "Target": "Parameter",
      "Id": "BodyPoX",
      "Segments": [
        0,
        0,
        0,
        8,
        0
      ]
    },
    {
      "Target": "Parameter",
      "Id": "Eye_Ang",
      "Segments": [
        0,
        -25,
        0,
        8,
        -25
      ]
    },
    {
      "Target": "Parameter",
      "Id": "Ang_Form",
      "Segments": [
        0,
        1,
        0,
        8,
        1
      ]
    },
    {
      "Target": "Parameter",
      "Id": "AngY",
      "Segments": [
        0,
        0,
        0,
        8,
        0
      ]
    },
    {
      "Target": "Parameter",
      "Id": "Wet_On",
      "Segments": [
        0,
        0,
        0,
        8,
        0
      ]
    },
    {
      "Target": "Parameter",
      "Id": "Ang_Move",
      "Segments": [
        0,
        -22,
        0,
        8,
        -22
      ]
    },
    {
      "Target": "Parameter",
      "Id": "EyeBall_size",
      "Segments": [
        0,
        0,
        0,
        8,
        0
      ]
    },
    {
      "Target": "Parameter",
      "Id": "BrowRY",
      "Segments": [
        0,
        -0.3,
        0,
        8,
        -0.3
      ]
    },
    {
      "Target": "Parameter",
      "Id": "BrowLY",
      "Segments": [
        0,
        0,
        0,
        8,
        0
      ]
    },
    {
      "Target": "Parameter",
      "Id": "BrowR_Angle",
      "Segments": [
        0,
        0,
        0,
        8,
        0
      ]
    },
    {
      "Target": "Parameter",
      "Id": "BrowL_Angle",
      "Segments": [
        0,
        0,
        0,
        8,
        0
      ]
    },
    {
      "Target": "Parameter",
      "Id": "BrowR_Form2",
      "Segments": [
        0,
        -30,
        0,
        8,
        -30
      ]
    },
    {
      "Target": "Parameter",
      "Id": "BrowL_Form2",
      "Segments": [
        0,
        -30,
        0,
        8,
        -30
      ]
    },
    {
      "Target": "Parameter",
      "Id": "EyeR_Open",
      "Segments": [
        0,
        1,
        0,
        8,
        1
      ]
    },
    {
      "Target": "Parameter",
      "Id": "EyeL_Open",
      "Segments": [
        0,
        1,
        0,
        8,
        1
      ]
    },
    {
      "Target": "Parameter",
      "Id": "EyeR_Smile",
      "Segments": [
        0,
        7,
        0,
        8,
        7
      ]
    },
    {
      "Target": "Parameter",
      "Id": "EyeL_Smile",
      "Segments": [
        0,
        8,
        0,
        8,
        8
      ]
    },
    {
      "Target": "Parameter",
      "Id": "MouthY",
      "Segments": [
        0,
        11,
        0,
        8,
        11
      ]
    },
    {
      "Target": "Parameter",
      "Id": "MouthForm2",
      "Segments": [
        0,
        0,
        0,
        8,
        0
      ]
    },
    {
      "Target": "Parameter",
      "Id": "MouthForm",
      "Segments": [
        0,
        0,
        0,
        8,
        0
      ]
    },
    {
      "Target": "Parameter",
      "Id": "Mouth_Open",
      "Segments": [
        0,
        1,
        0,
        8,
        1
      ]
    },
    {
      "Target": "Parameter",
      "Id": "Mouth_Size",
      "Segments": [
        0,
        0.5,
        0,
        8,
        0.5
      ]
    },
    {
      "Target": "Parameter",
      "Id": "ArmR_Sup_Form",
      "Segments": [
        0,
        -30,
        0,
        8,
        -30
      ]
    },
    {
      "Target": "Parameter",
      "Id": "ArmL_Sup_Form",
      "Segments": [
        0,
        0,
        0,
        8,
        0
      ]
    },
    {
      "Target": "Parameter",
      "Id": "HandR_move",
      "Segments": [
        0,
        -14,
        0,
        8,
        -14
      ]
    },
    {
      "Target": "Parameter",
      "Id": "HandL_move",
      "Segments": [
        0,
        -14,
        0,
        8,
        -14
      ]
    },
    {
      "Target": "Parameter",
      "Id": "FinR_move",
      "Segments": [
        0,
        0,
        0,
        8,
        0
      ]
    },
    {
      "Target": "Parameter",
      "Id": "FinR_move2",
      "Segments": [
        0,
        0,
        0,
        8,
        0
      ]
    }
  ],
  "UserData": [
    {
      "Time": 0.0,
      "Value": ""
    }
  ]
}