{
  "Version": 3,
  "Meta": {
    "Duration": 8.0,
    "Fps": 30.0,
    "Loop": true,
    "AreBeziersRestricted": true,
    "CurveCount": 87,
    "TotalSegmentCount": 195,
    "TotalPointCount": 321,
    "UserDataCount": 1,
    "TotalUserDataSize": 0
  },
  "Curves": [
    {
      "Target": "Parameter",
      "Id": "Body_Twist",
      "Segments": [
        0,
        7.003,
        1,
        0.567,
        13.661,
        1.133,
        17.419,
        1.7,
        17.419,
        1,
        2.411,
        17.419,
        3.122,
        -4.324,
        3.833,
        -7.964,
        1,
        4.366,
        -10.694,
        4.9,
        -10,
        5.433,
        -10,
        1,
        6.178,
        -10,
        6.922,
        -6.265,
        7.667,
        3,
        1,
        7.778,
        4.383,
        7.889,
        7.003,
        8,
        7.003
      ]
    },
    {
      "Target": "Parameter",
      "Id": "Body_Shaking",
      "Segments": [
        0,
        4,
        0,
        1.833,
        13,
        1,
        2.578,
        13,
        3.322,
        11.797,
        4.067,
        6.03,
        1,
        4.6,
        1.898,
        5.134,
        -3.38,
        5.667,
        -3.38,
        0,
        7.133,
        4.981,
        0,
        8,
        4
      ]
    },
    {
      "Target": "Parameter",
      "Id": "BodyY",
      "Segments": [
        0,
        0,
        1,
        0.444,
        0,
        0.889,
        4.704,
        1.333,
        5,
        1,
        2.011,
        5.451,
        2.689,
        5.424,
        3.367,
        5.424,
        0,
        8,
        0
      ]
    },
    {
      "Target": "Parameter",
      "Id": "Body_Pose1",
      "Segments": [
        0,
        -29.722,
        1,
        0.222,
        -29.289,
        0.445,
        -28.962,
        0.667,
        -28,
        1,
        1.056,
        -26.316,
        1.444,
        -23.868,
        1.833,
        -23.868,
        1,
        2.578,
        -23.868,
        3.322,
        -25.213,
        4.067,
        -25.591,
        1,
        4.6,
        -25.862,
        5.134,
        -25.745,
        5.667,
        -26.011,
        1,
        6.2,
        -26.277,
        6.734,
        -30,
        7.267,
        -30,
        0,
        8,
        -29.722
      ]
    },
    {
      "Target": "Parameter",
      "Id": "Breath",
      "Segments": [
        0,
        0,
        0,
        1,
        0.6,
        0,
        2,
        0,
        0,
        3,
        0.6,
        0,
        4,
        0,
        0,
        5,
        0.6,
        0,
        6,
        0,
        0,
        7,
        0.6,
        0,
        8,
        0
      ]
    },
    {
      "Target": "Parameter",
      "Id": "ShoulderR_Y",
      "Segments": [
        0,
        8,
        1,
        0.722,
        8,
        1.445,
        8.231,
        2.167,
        6.989,
        1,
        2.9,
        5.728,
        3.634,
        -4.423,
        4.367,
        -4.423,
        1,
        4.956,
        -4.423,
        5.544,
        -4.382,
        6.133,
        -1.423,
        1,
        6.522,
        0.53,
        6.911,
        10.081,
        7.3,
        10.081,
        0,
        8,
        8
      ]
    },
    {
      "Target": "Parameter",
      "Id": "ShoulderL_Y",
      "Segments": [
        0,
        8,
        1,
        0.711,
        8,
        1.422,
        8.233,
        2.133,
        6.989,
        1,
        2.878,
        5.686,
        3.622,
        -3.423,
        4.367,
        -3.423,
        1,
        4.956,
        -3.423,
        5.544,
        -3.405,
        6.133,
        -1.423,
        1,
        6.478,
        -0.265,
        6.822,
        10.081,
        7.167,
        10.081,
        0,
        8,
        8
      ]
    },
    {
      "Target": "Parameter",
      "Id": "Tie_Shaking",
      "Segments": [
        0,
        -7,
        0,
        0.933,
        2,
        0,
        2.033,
        -5,
        0,
        3.067,
        2,
        0,
        3.833,
        -4,
        0,
        4.7,
        2,
        0,
        5.9,
        -4,
        0,
        6.933,
        2,
        0,
        8,
        -7
      ]
    },
    {
      "Target": "Parameter",
      "Id": "Waist_Move",
      "Segments": [
        0,
        13,
        1,
        0.544,
        14.342,
        1.089,
        15,
        1.633,
        15,
        1,
        2.289,
        15,
        2.944,
        14.222,
        3.6,
        13,
        1,
        4.367,
        11.571,
        5.133,
        11,
        5.9,
        11,
        0,
        8,
        13
      ]
    },
    {
      "Target": "Parameter",
      "Id": "Skirt_Shaking",
      "Segments": [
        0,
        -7,
        1,
        0.311,
        -2.869,
        0.622,
        -1,
        0.933,
        -1,
        0,
        2.533,
        -9,
        0,
        3.6,
        -5,
        0,
        4.867,
        -13,
        0,
        6.067,
        -4.447,
        0,
        7.5,
        -10.569,
        1,
        7.667,
        -10.429,
        7.833,
        -8.923,
        8,
        -7
      ]
    },
    {
      "Target": "Parameter",
      "Id": "Skirt_Roll",
      "Segments": [
        0,
        0,
        2,
        3.6,
        0,
        1,
        3.933,
        0,
        4.267,
        0.707,
        4.6,
        1,
        1,
        5.033,
        1.381,
        5.467,
        1.4,
        5.9,
        1.4,
        1,
        6.456,
        1.4,
        7.011,
        1.164,
        7.567,
        0.48,
        1,
        7.711,
        0.302,
        7.856,
        0,
        8,
        0
      ]
    },
    {
      "Target": "Parameter",
      "Id": "Head_X",
      "Segments": [
        0,
        9,
        1,
        0.678,
        9,
        1.355,
        11.904,
        2.033,
        20,
        1,
        2.4,
        24.38,
        2.766,
        28.16,
        3.133,
        28.16,
        1,
        3.589,
        28.16,
        4.044,
        -7.257,
        4.5,
        -18,
        1,
        4.922,
        -27.957,
        5.345,
        -27.36,
        5.767,
        -27.36,
        0,
        8,
        9
      ]
    },
    {
      "Target": "Parameter",
      "Id": "Head_Y",
      "Segments": [
        0,
        -30,
        0,
        2.033,
        -5,
        2,
        3.133,
        -5,
        1,
        3.589,
        -5,
        4.044,
        -6.423,
        4.5,
        -10,
        1,
        4.922,
        -13.315,
        5.345,
        -17.278,
        5.767,
        -20.8,
        1,
        6.511,
        -27.009,
        7.256,
        -30,
        8,
        -30
      ]
    },
    {
      "Target": "Parameter",
      "Id": "Head_Roll",
      "Segments": [
        0,
        -20,
        1,
        0.678,
        -20,
        1.355,
        -10.62,
        2.033,
        -8,
        1,
        2.411,
        -6.54,
        2.789,
        -7,
        3.167,
        -7,
        1,
        3.556,
        -7,
        3.944,
        -10.577,
        4.333,
        -19.782,
        1,
        4.544,
        -24.779,
        4.756,
        -28.62,
        4.967,
        -28.62,
        0,
        8,
        -20
      ]
    },
    {
      "Target": "Parameter",
      "Id": "HairFront_Shaking",
      "Segments": [
        0,
        -0.2,
        0,
        0.9,
        0.2,
        0,
        2,
        -0.3,
        0,
        3.067,
        0.3,
        0,
        3.733,
        0,
        0,
        4.6,
        0.4,
        0,
        5.967,
        -0.4,
        0,
        7,
        0.3,
        0,
        8,
        -0.2
      ]
    },
    {
      "Target": "Parameter",
      "Id": "sideHair_Shaking",
      "Segments": [
        0,
        0,
        1,
        0.289,
        0,
        0.578,
        -2.417,
        0.867,
        -5,
        1,
        1.2,
        -7.98,
        1.534,
        -8.748,
        1.867,
        -8.748,
        0,
        3.533,
        -5,
        1,
        3.789,
        -5,
        4.044,
        -11.588,
        4.3,
        -12.62,
        1,
        4.656,
        -14.055,
        5.011,
        -14,
        5.367,
        -14,
        0,
        8,
        0
      ]
    },
    {
      "Target": "Parameter",
      "Id": "HairBack_Shaking",
      "Segments": [
        0,
        -0.1,
        0,
        1.467,
        -0.2,
        0,
        2.133,
        0.2,
        0,
        2.733,
        0,
        0,
        4.267,
        0.2,
        1,
        4.689,
        0.2,
        5.111,
        -0.185,
        5.533,
        -0.3,
        1,
        5.944,
        -0.412,
        6.356,
        -0.4,
        6.767,
        -0.4,
        0,
        8,
        -0.1
      ]
    },
    {
      "Target": "Parameter",
      "Id": "EyeBallX",
      "Segments": [
        0,
        -0.3,
        2,
        2.267,
        -0.3,
        0,
        3.467,
        0,
        1,
        3.878,
        0,
        4.289,
        -0.411,
        4.7,
        -0.532,
        1,
        5.133,
        -0.66,
        5.567,
        -0.65,
        6,
        -0.65,
        0,
        8,
        -0.3
      ]
    },
    {
      "Target": "Parameter",
      "Id": "EyeBallY",
      "Segments": [
        0,
        -0.6,
        2,
        2.267,
        -0.6,
        0,
        3.467,
        0,
        1,
        3.878,
        0,
        4.289,
        -0.439,
        4.7,
        -0.462,
        1,
        5.133,
        -0.486,
        5.567,
        -0.478,
        6,
        -0.5,
        1,
        6.667,
        -0.534,
        7.333,
        -0.6,
        8,
        -0.6
      ]
    },
    {
      "Target": "Parameter",
      "Id": "BrowLY",
      "Segments": [
        0,
        -0.4,
        0,
        1.967,
        -0.7,
        0,
        3.467,
        -0.4,
        0,
        5.033,
        -0.7,
        0,
        8,
        -0.4
      ]
    },
    {
      "Target": "Parameter",
      "Id": "BrowRY",
      "Segments": [
        0,
        0.1,
        1,
        0.656,
        0.1,
        1.311,
        -0.072,
        1.967,
        -0.2,
        1,
        2.467,
        -0.298,
        2.967,
        -0.3,
        3.467,
        -0.3,
        1,
        3.822,
        -0.3,
        4.178,
        -0.268,
        4.533,
        -0.2,
        1,
        4.7,
        -0.168,
        4.866,
        -0.124,
        5.033,
        -0.1,
        1,
        6.022,
        0.04,
        7.011,
        0.1,
        8,
        0.1
      ]
    },
    {
      "Target": "Parameter",
      "Id": "Mouth_Form",
      "Segments": [
        0,
        0.5,
        0,
        1.533,
        0,
        0,
        5.233,
        0.8,
        0,
        8,
        0.5
      ]
    },
    {
      "Target": "Parameter",
      "Id": "ShoulderR_Roll",
      "Segments": [
        0,
        1,
        0,
        3,
        3.34,
        0,
        8,
        1
      ]
    },
    {
      "Target": "Parameter",
      "Id": "ArmR_Roll",
      "Segments": [
        0,
        28.74,
        0,
        2.3,
        28.475,
        1,
        2.833,
        28.475,
        3.367,
        28.623,
        3.9,
        29,
        1,
        4.133,
        29.165,
        4.367,
        29.3,
        4.6,
        29.3,
        0,
        8,
        28.74
      ]
    },
    {
      "Target": "Parameter",
      "Id": "ShoulderL_Roll",
      "Segments": [
        0,
        -19,
        1,
        0.222,
        -19,
        0.445,
        -18.271,
        0.667,
        -18,
        1,
        1.322,
        -17.199,
        1.978,
        -17,
        2.633,
        -17,
        0,
        3.7,
        -19.264,
        0,
        8,
        -19
      ]
    },
    {
      "Target": "Parameter",
      "Id": "HandR_Roll",
      "Segments": [
        0,
        -10.38,
        1,
        0.867,
        -11.296,
        1.733,
        -12,
        2.6,
        -12,
        0,
        3.9,
        -8.82,
        2,
        6.067,
        -8.82,
        0,
        8,
        -10.38
      ]
    },
    {
      "Target": "PartOpacity",
      "Id": "Part10",
      "Segments": [
        0,
        1,
        2,
        8,
        1
      ]
    },
    {
      "Target": "PartOpacity",
      "Id": "Part19",
      "Segments": [
        0,
        0,
        2,
        8,
        0
      ]
    },
    {
      "Target": "PartOpacity",
      "Id": "Part18",
      "Segments": [
        0,
        1,
        2,
        8,
        1
      ]
    },
    {
      "Target": "PartOpacity",
      "Id": "Part30",
      "Segments": [
        0,
        0,
        2,
        8,
        0
      ]
    },
    {
      "Target": "PartOpacity",
      "Id": "Part",
      "Segments": [
        0,
        1,
        2,
        8,
        1
      ]
    },
    {
      "Target": "PartOpacity",
      "Id": "Part5",
      "Segments": [
        0,
        1,
        2,
        8,
        1
      ]
    },
    {
      "Target": "PartOpacity",
      "Id": "Part6",
      "Segments": [
        0,
        1,
        2,
        8,
        1
      ]
    },
    {
      "Target": "PartOpacity",
      "Id": "Part3",
      "Segments": [
        0,
        1,
        2,
        8,
        1
      ]
    },
    {
      "Target": "PartOpacity",
      "Id": "Part4",
      "Segments": [
        0,
        1,
        2,
        8,
        1
      ]
    },
    {
      "Target": "PartOpacity",
      "Id": "Part21",
      "Segments": [
        0,
        1,
        2,
        8,
        1
      ]
    },
    {
      "Target": "PartOpacity",
      "Id": "Part7",
      "Segments": [
        0,
        1,
        2,
        8,
        1
      ]
    },
    {
      "Target": "PartOpacity",
      "Id": "Part20",
      "Segments": [
        0,
        0,
        2,
        8,
        0
      ]
    },
    {
      "Target": "PartOpacity",
      "Id": "Part11",
      "Segments": [
        0,
        1,
        2,
        8,
        1
      ]
    },
    {
      "Target": "PartOpacity",
      "Id": "Part29",
      "Segments": [
        0,
        0,
        2,
        8,
        0
      ]
    },
    {
      "Target": "PartOpacity",
      "Id": "Part9",
      "Segments": [
        0,
        1,
        2,
        8,
        1
      ]
    },
    {
      "Target": "PartOpacity",
      "Id": "Part2",
      "Segments": [
        0,
        1,
        2,
        8,
        1
      ]
    },
    {
      "Target": "PartOpacity",
      "Id": "Part13",
      "Segments": [
        0,
        1,
        2,
        8,
        1
      ]
    },
    {
      "Target": "PartOpacity",
      "Id": "Part17",
      "Segments": [
        0,
        1,
        2,
        8,
        1
      ]
    },
    {
      "Target": "PartOpacity",
      "Id": "Part12",
      "Segments": [
        0,
        1,
        2,
        8,
        1
      ]
    },
    {
      "Target": "PartOpacity",
      "Id": "Part15",
      "Segments": [
        0,
        1,
        2,
        8,
        1
      ]
    },
    {
      "Target": "PartOpacity",
      "Id": "Part24",
      "Segments": [
        0,
        0,
        2,
        8,
        0
      ]
    },
    {
      "Target": "PartOpacity",
      "Id": "Part25",
      "Segments": [
        0,
        0,
        2,
        8,
        0
      ]
    },
    {
      "Target": "PartOpacity",
      "Id": "Part27",
      "Segments": [
        0,
        0,
        2,
        8,
        0
      ]
    },
    {
      "Target": "PartOpacity",
      "Id": "Part31",
      "Segments": [
        0,
        0,
        2,
        8,
        0
      ]
    },
    {
      "Target": "PartOpacity",
      "Id": "Part22",
      "Segments": [
        0,
        1,
        2,
        8,
        1
      ]
    },
    {
      "Target": "PartOpacity",
      "Id": "Part32",
      "Segments": [
        0,
        1,
        2,
        8,
        1
      ]
    },
    {
      "Target": "PartOpacity",
      "Id": "Part26",
      "Segments": [
        0,
        0,
        2,
        8,
        0
      ]
    },
    {
      "Target": "PartOpacity",
      "Id": "Part23",
      "Segments": [
        0,
        1,
        2,
        8,
        1
      ]
    },
    {
      "Target": "PartOpacity",
      "Id": "Part28",
      "Segments": [
        0,
        0,
        2,
        8,
        0
      ]
    },
    {
      "Target": "PartOpacity",
      "Id": "Part16",
      "Segments": [
        0,
        1,
        2,
        8,
        1
      ]
    },
    {
      "Target": "PartOpacity",
      "Id": "Part14",
      "Segments": [
        0,
        1,
        2,
        8,
        1
      ]
    },
    {
      "Target": "Model",
      "Id": "Opacity",
      "Segments": [
        0,
        1,
        0,
        8,
        1
      ]
    },
    {
      "Target": "Parameter",
      "Id": "Skirt_Open",
      "Segments": [
        0,
        0,
        0,
        8,
        0
      ]
    },
    {
      "Target": "Parameter",
      "Id": "EyeBall_L_Size",
      "Segments": [
        0,
        0.1,
        0,
        8,
        0.1
      ]
    },
    {
      "Target": "Parameter",
      "Id": "EyeBall_R_Size",
      "Segments": [
        0,
        0,
        0,
        8,
        0
      ]
    },
    {
      "Target": "Parameter",
      "Id": "EyeL_Open",
      "Segments": [
        0,
        1,
        0,
        8,
        1
      ]
    },
    {
      "Target": "Parameter",
      "Id": "EyeL_Smile",
      "Segments": [
        0,
        -0.7,
        0,
        8,
        -0.7
      ]
    },
    {
      "Target": "Parameter",
      "Id": "EyeR_Open",
      "Segments": [
        0,
        1,
        0,
        8,
        1
      ]
    },
    {
      "Target": "Parameter",
      "Id": "EyeR_Smile",
      "Segments": [
        0,
        -0.7,
        0,
        8,
        -0.7
      ]
    },
    {
      "Target": "Parameter",
      "Id": "BrowL_Angle",
      "Segments": [
        0,
        -0.8,
        0,
        8,
        -0.8
      ]
    },
    {
      "Target": "Parameter",
      "Id": "BrowR_Angle",
      "Segments": [
        0,
        -0.8,
        0,
        8,
        -0.8
      ]
    },
    {
      "Target": "Parameter",
      "Id": "BrowL_Form",
      "Segments": [
        0,
        -0.7,
        0,
        8,
        -0.7
      ]
    },
    {
      "Target": "Parameter",
      "Id": "BrowL_Form2",
      "Segments": [
        0,
        17,
        0,
        8,
        17
      ]
    },
    {
      "Target": "Parameter",
      "Id": "BrowR_Form",
      "Segments": [
        0,
        -0.7,
        0,
        8,
        -0.7
      ]
    },
    {
      "Target": "Parameter",
      "Id": "BrowR_Form2",
      "Segments": [
        0,
        17,
        0,
        8,
        17
      ]
    },
    {
      "Target": "Parameter",
      "Id": "MouthForm2",
      "Segments": [
        0,
        0,
        0,
        8,
        0
      ]
    },
    {
      "Target": "Parameter",
      "Id": "Mouth_Open",
      "Segments": [
        0,
        1,
        0,
        8,
        1
      ]
    },
    {
      "Target": "Parameter",
      "Id": "Mouth_Size",
      "Segments": [
        0,
        1,
        0,
        8,
        1
      ]
    },
    {
      "Target": "Parameter",
      "Id": "ArmR_Form",
      "Segments": [
        0,
        24,
        0,
        8,
        24
      ]
    },
    {
      "Target": "Parameter",
      "Id": "ShoulderR_Form",
      "Segments": [
        0,
        22,
        0,
        8,
        22
      ]
    },
    {
      "Target": "Parameter",
      "Id": "SleeveR_Form",
      "Segments": [
        0,
        -25,
        0,
        8,
        -25
      ]
    },
    {
      "Target": "Parameter",
      "Id": "ArmL_Roll",
      "Segments": [
        0,
        -29,
        0,
        8,
        -29
      ]
    },
    {
      "Target": "Parameter",
      "Id": "ArmL_Form",
      "Segments": [
        0,
        22,
        0,
        8,
        22
      ]
    },
    {
      "Target": "Parameter",
      "Id": "ShoulderL_Form",
      "Segments": [
        0,
        14,
        0,
        8,
        14
      ]
    },
    {
      "Target": "Parameter",
      "Id": "HandL_Roll",
      "Segments": [
        0,
        3,
        0,
        8,
        3
      ]
    },
    {
      "Target": "Parameter",
      "Id": "HandL_move",
      "Segments": [
        0,
        30,
        0,
        8,
        30
      ]
    },
    {
      "Target": "Parameter",
      "Id": "HandR_move",
      "Segments": [
        0,
        0,
        0,
        8,
        0
      ]
    },
    {
      "Target": "Parameter",
      "Id": "Param2",
      "Segments": [
        0,
        -30,
        0,
        8,
        -30
      ]
    },
    {
      "Target": "Parameter",
      "Id": "Param",
      "Segments": [
        0,
        30,
        0,
        8,
        30
      ]
    },
    {
      "Target": "Parameter",
      "Id": "legL_Roll",
      "Segments": [
        0,
        -11,
        0,
        8,
        -11
      ]
    },
    {
      "Target": "Parameter",
      "Id": "legR_Roll",
      "Segments": [
        0,
        -12,
        0,
        8,
        -12
      ]
    }
  ],
  "UserData": [
    {
      "Time": 0.0,
      "Value": ""
    }
  ]
}