{
  "Version": 3,
  "Meta": {
    "Duration": 2.0,
    "Fps": 30.0,
    "Loop": true,
    "AreBeziersRestricted": true,
    "CurveCount": 78,
    "TotalSegmentCount": 180,
    "TotalPointCount": 252,
    "UserDataCount": 1,
    "TotalUserDataSize": 0
  },
  "Curves": [
    {
      "Target": "Parameter",
      "Id": "Breath",
      "Segments": [
        0,
        0,
        0,
        0.533,
        1,
        0,
        1.333,
        0,
        1,
        1.555,
        0,
        1.778,
        0.157,
        2,
        0.482
      ]
    },
    {
      "Target": "Parameter",
      "Id": "Body_Shaking",
      "Segments": [
        0,
        0,
        0,
        0.233,
        -20,
        0,
        0.7,
        0,
        2,
        1,
        0,
        0,
        2,
        6.823
      ]
    },
    {
      "Target": "Parameter",
      "Id": "BodyY",
      "Segments": [
        0,
        0,
        0,
        0.2,
        -5,
        0,
        0.567,
        9,
        0,
        1.067,
        -18,
        1,
        1.234,
        -18,
        1.4,
        -1.081,
        1.567,
        -0.421,
        1,
        1.711,
        0.15,
        1.856,
        0,
        2,
        0
      ]
    },
    {
      "Target": "Parameter",
      "Id": "Param22",
      "Segments": [
        0,
        0,
        2,
        0.3,
        0,
        0,
        1,
        -30,
        1,
        1.333,
        -30,
        1.667,
        -30.033,
        2,
        -29.907
      ]
    },
    {
      "Target": "Parameter",
      "Id": "Body_Pose1",
      "Segments": [
        0,
        0,
        0,
        0.3,
        -20,
        0,
        0.833,
        0,
        2,
        2,
        0
      ]
    },
    {
      "Target": "Parameter",
      "Id": "Waist_Roll",
      "Segments": [
        0,
        0,
        2,
        0.3,
        0,
        1,
        0.533,
        0,
        0.767,
        5.187,
        1,
        7,
        1,
        1.144,
        7.523,
        1.289,
        7.863,
        1.433,
        7.863,
        1,
        1.622,
        7.863,
        1.811,
        7.5,
        2,
        6.91
      ]
    },
    {
      "Target": "Parameter",
      "Id": "Head_AngleX",
      "Segments": [
        0,
        0,
        0,
        0.267,
        0.98,
        0,
        0.633,
        -4,
        2,
        0.933,
        -4,
        0,
        1.633,
        0,
        1,
        1.755,
        0,
        1.878,
        -0.026,
        2,
        -0.138
      ]
    },
    {
      "Target": "Parameter",
      "Id": "Head_AngleY",
      "Segments": [
        0,
        0,
        0,
        0.267,
        -11.287,
        0,
        0.633,
        27.1,
        0,
        1.1,
        -9.829,
        1,
        1.222,
        -9.829,
        1.345,
        5.503,
        1.467,
        7.276,
        1,
        1.645,
        9.856,
        1.822,
        9.861,
        2,
        9.861
      ]
    },
    {
      "Target": "Parameter",
      "Id": "Head_Roll",
      "Segments": [
        0,
        0,
        0,
        0.3,
        -1.292,
        0,
        0.633,
        0,
        0,
        1.133,
        -10,
        0,
        2,
        -5.032
      ]
    },
    {
      "Target": "Parameter",
      "Id": "Head_RollY",
      "Segments": [
        0,
        0,
        0,
        1.333,
        -20,
        2,
        2,
        -20
      ]
    },
    {
      "Target": "Parameter",
      "Id": "EyeBallX",
      "Segments": [
        0,
        0,
        2,
        0.267,
        0,
        0,
        0.633,
        0.1,
        0,
        1.333,
        0,
        2,
        2,
        0
      ]
    },
    {
      "Target": "Parameter",
      "Id": "EyeBallY",
      "Segments": [
        0,
        0,
        1,
        0.089,
        0,
        0.178,
        -0.134,
        0.267,
        -0.2,
        1,
        0.389,
        -0.291,
        0.511,
        -0.3,
        0.633,
        -0.3,
        0,
        1.333,
        0,
        2,
        2,
        0
      ]
    },
    {
      "Target": "Parameter",
      "Id": "BrowRY",
      "Segments": [
        0,
        0,
        0,
        0.367,
        -0.2,
        0,
        1.333,
        0.2,
        0,
        2,
        0
      ]
    },
    {
      "Target": "Parameter",
      "Id": "BrowLY",
      "Segments": [
        0,
        0,
        0,
        0.367,
        -0.2,
        0,
        1.333,
        0.1,
        0,
        2,
        0
      ]
    },
    {
      "Target": "Parameter",
      "Id": "HighlightX",
      "Segments": [
        0,
        0,
        2,
        0.833,
        0,
        0,
        0.9,
        30,
        0,
        1,
        -30,
        0,
        1.1,
        30,
        0,
        1.2,
        -30,
        0,
        1.3,
        30,
        0,
        1.4,
        -30,
        0,
        1.5,
        30,
        0,
        1.567,
        0,
        2,
        2,
        0
      ]
    },
    {
      "Target": "Parameter",
      "Id": "EyeR_Smile",
      "Segments": [
        0,
        0.5,
        2,
        0.567,
        0.5,
        0,
        0.967,
        1,
        0,
        1.5,
        0.5,
        2,
        2,
        0.5
      ]
    },
    {
      "Target": "Parameter",
      "Id": "EyeL_Smile",
      "Segments": [
        0,
        0.5,
        2,
        0.567,
        0.5,
        0,
        0.967,
        1,
        0,
        1.5,
        0.5,
        2,
        2,
        0.5
      ]
    },
    {
      "Target": "Parameter",
      "Id": "Hair_Move",
      "Segments": [
        0,
        0,
        0,
        0.467,
        8,
        0,
        0.967,
        -9,
        0,
        1.567,
        12.68,
        1,
        1.711,
        12.68,
        1.856,
        8.989,
        2,
        2.02
      ]
    },
    {
      "Target": "Parameter",
      "Id": "HairFront_Move",
      "Segments": [
        0,
        0,
        0,
        0.467,
        0.6,
        0,
        0.967,
        -0.4,
        1,
        1.167,
        -0.4,
        1.367,
        0.325,
        1.567,
        0.506,
        1,
        1.711,
        0.638,
        1.856,
        0.656,
        2,
        0.496
      ]
    },
    {
      "Target": "Parameter",
      "Id": "HairSide_Move",
      "Segments": [
        0,
        0,
        0,
        0.467,
        0.6,
        0,
        0.967,
        -0.4,
        1,
        1.178,
        -0.4,
        1.389,
        0.291,
        1.6,
        0.501,
        1,
        1.733,
        0.662,
        1.867,
        0.55,
        2,
        0.417
      ]
    },
    {
      "Target": "Parameter",
      "Id": "HairBack_Move",
      "Segments": [
        0,
        0,
        0,
        0.467,
        0.5,
        0,
        0.967,
        -0.3,
        0,
        1.7,
        0.314,
        1,
        1.8,
        0.314,
        1.9,
        0.294,
        2,
        0.217
      ]
    },
    {
      "Target": "Parameter",
      "Id": "ShoulderRY",
      "Segments": [
        0,
        0,
        0,
        0.7,
        -10,
        2,
        1,
        -10,
        2,
        2,
        -10
      ]
    },
    {
      "Target": "Parameter",
      "Id": "ShoulderLY",
      "Segments": [
        0,
        0,
        0,
        0.7,
        15,
        0,
        1,
        2.828,
        1,
        1.333,
        2.828,
        1.667,
        3.525,
        2,
        4.48
      ]
    },
    {
      "Target": "Parameter",
      "Id": "ShoulderR_Roll",
      "Segments": [
        0,
        0,
        0,
        0.6,
        -2,
        1,
        0.8,
        -2,
        1,
        5.48,
        1.2,
        6.479,
        1,
        1.467,
        7.398,
        1.733,
        7.694,
        2,
        7.694
      ]
    },
    {
      "Target": "Parameter",
      "Id": "ShoulderL_Roll",
      "Segments": [
        0,
        0,
        0,
        0.667,
        -30,
        1,
        0.745,
        -30,
        0.822,
        -0.844,
        0.9,
        2.321,
        1,
        1.011,
        4.518,
        1.122,
        5.028,
        1.233,
        5.044,
        0,
        1.867,
        -4.223,
        1,
        1.911,
        -4.223,
        1.956,
        -4.275,
        2,
        -4.138
      ]
    },
    {
      "Target": "Parameter",
      "Id": "ArmR_Roll",
      "Segments": [
        0,
        0,
        0,
        0.633,
        -22.792,
        0,
        1,
        -13.192,
        1,
        1.333,
        -13.192,
        1.667,
        -13.611,
        2,
        -14.2
      ]
    },
    {
      "Target": "Parameter",
      "Id": "ArmL_Roll",
      "Segments": [
        0,
        0,
        1,
        0.189,
        0,
        0.378,
        18.024,
        0.567,
        28.028,
        1,
        0.667,
        31.512,
        0.767,
        31.714,
        0.867,
        31.795,
        0,
        1.433,
        31.007,
        1,
        1.622,
        30.067,
        1.811,
        28.057,
        2,
        27.048
      ]
    },
    {
      "Target": "Parameter",
      "Id": "ArmR_Form",
      "Segments": [
        0,
        0,
        0,
        0.6,
        -18,
        0,
        1,
        0,
        2,
        2,
        0
      ]
    },
    {
      "Target": "Parameter",
      "Id": "ArmL_Form",
      "Segments": [
        0,
        0,
        0,
        0.7,
        -14.28,
        0,
        1.3,
        -5.094,
        1,
        1.433,
        -5.094,
        1.567,
        -19.279,
        1.7,
        -19.307,
        1,
        1.8,
        -19.328,
        1.9,
        -19.321,
        2,
        -19.321
      ]
    },
    {
      "Target": "Parameter",
      "Id": "ArmR_Sup_Form",
      "Segments": [
        0,
        0,
        0,
        0.667,
        -19,
        0,
        1.5,
        0,
        2,
        2,
        0
      ]
    },
    {
      "Target": "Parameter",
      "Id": "ArmL_Sup_Form",
      "Segments": [
        0,
        0,
        2,
        0.2,
        0,
        0,
        0.467,
        -23.125,
        2,
        2,
        -23.125
      ]
    },
    {
      "Target": "Parameter",
      "Id": "YukataL_YO_move",
      "Segments": [
        0,
        0,
        0,
        0.6,
        21,
        0,
        0.833,
        -30,
        0,
        1.4,
        13,
        1,
        1.6,
        13,
        1.8,
        -10.254,
        2,
        -14.64
      ]
    },
    {
      "Target": "Parameter",
      "Id": "YukataR_move",
      "Segments": [
        0,
        0,
        0,
        0.3,
        24,
        0,
        1.033,
        11,
        0,
        1.567,
        30,
        1,
        1.711,
        30,
        1.856,
        24.813,
        2,
        12.42
      ]
    },
    {
      "Target": "Parameter",
      "Id": "YukataL_move",
      "Segments": [
        0,
        0,
        0,
        0.167,
        19,
        0,
        0.433,
        0,
        2,
        2,
        0
      ]
    },
    {
      "Target": "Parameter",
      "Id": "HandR_Roll",
      "Segments": [
        0,
        0,
        1,
        0.2,
        0,
        0.4,
        -3.564,
        0.6,
        -6,
        1,
        0.744,
        -7.759,
        0.889,
        -7.738,
        1.033,
        -7.738,
        0,
        1.433,
        -5.326,
        1,
        1.622,
        -5.326,
        1.811,
        -5.432,
        2,
        -6.156
      ]
    },
    {
      "Target": "Parameter",
      "Id": "HandL_Roll",
      "Segments": [
        0,
        0,
        0,
        1.167,
        -11.58,
        1,
        1.445,
        -12.301,
        1.722,
        -12.45,
        2,
        -12.397
      ]
    },
    {
      "Target": "PartOpacity",
      "Id": "Part2",
      "Segments": [
        0,
        1,
        2,
        2,
        1
      ]
    },
    {
      "Target": "PartOpacity",
      "Id": "Part3",
      "Segments": [
        0,
        1,
        2,
        2,
        1
      ]
    },
    {
      "Target": "PartOpacity",
      "Id": "Part10",
      "Segments": [
        0,
        1,
        2,
        2,
        1
      ]
    },
    {
      "Target": "PartOpacity",
      "Id": "Part4",
      "Segments": [
        0,
        1,
        2,
        2,
        1
      ]
    },
    {
      "Target": "PartOpacity",
      "Id": "Part9",
      "Segments": [
        0,
        0,
        2,
        2,
        0
      ]
    },
    {
      "Target": "PartOpacity",
      "Id": "Part5",
      "Segments": [
        0,
        1,
        2,
        2,
        1
      ]
    },
    {
      "Target": "PartOpacity",
      "Id": "Part6",
      "Segments": [
        0,
        1,
        2,
        2,
        1
      ]
    },
    {
      "Target": "PartOpacity",
      "Id": "Part7",
      "Segments": [
        0,
        1,
        2,
        2,
        1
      ]
    },
    {
      "Target": "PartOpacity",
      "Id": "Part8",
      "Segments": [
        0,
        1,
        2,
        2,
        1
      ]
    },
    {
      "Target": "PartOpacity",
      "Id": "Part11",
      "Segments": [
        0,
        1,
        2,
        2,
        1
      ]
    },
    {
      "Target": "PartOpacity",
      "Id": "Part",
      "Segments": [
        0,
        0,
        2,
        2,
        0
      ]
    },
    {
      "Target": "PartOpacity",
      "Id": "Part16",
      "Segments": [
        0,
        1,
        2,
        2,
        1
      ]
    },
    {
      "Target": "PartOpacity",
      "Id": "Part17",
      "Segments": [
        0,
        1,
        2,
        2,
        1
      ]
    },
    {
      "Target": "PartOpacity",
      "Id": "Part29",
      "Segments": [
        0,
        1,
        2,
        2,
        1
      ]
    },
    {
      "Target": "PartOpacity",
      "Id": "Part19",
      "Segments": [
        0,
        1,
        2,
        2,
        1
      ]
    },
    {
      "Target": "PartOpacity",
      "Id": "Part23",
      "Segments": [
        0,
        1,
        2,
        2,
        1
      ]
    },
    {
      "Target": "PartOpacity",
      "Id": "Part13",
      "Segments": [
        0,
        1,
        2,
        2,
        1
      ]
    },
    {
      "Target": "PartOpacity",
      "Id": "Part18",
      "Segments": [
        0,
        1,
        2,
        2,
        1
      ]
    },
    {
      "Target": "PartOpacity",
      "Id": "Part12",
      "Segments": [
        0,
        1,
        2,
        2,
        1
      ]
    },
    {
      "Target": "Model",
      "Id": "Opacity",
      "Segments": [
        0,
        1,
        0,
        2,
        1
      ]
    },
    {
      "Target": "Parameter",
      "Id": "BodyX",
      "Segments": [
        0,
        0,
        0,
        2,
        0
      ]
    },
    {
      "Target": "Parameter",
      "Id": "BrowR_Form",
      "Segments": [
        0,
        0,
        0,
        2,
        0
      ]
    },
    {
      "Target": "Parameter",
      "Id": "BrowR_Form2",
      "Segments": [
        0,
        1,
        0,
        2,
        1
      ]
    },
    {
      "Target": "Parameter",
      "Id": "BrowL_Form",
      "Segments": [
        0,
        0,
        0,
        2,
        0
      ]
    },
    {
      "Target": "Parameter",
      "Id": "BrowL_Form2",
      "Segments": [
        0,
        1,
        0,
        2,
        1
      ]
    },
    {
      "Target": "Parameter",
      "Id": "BrowR_Angle",
      "Segments": [
        0,
        0,
        0,
        2,
        0
      ]
    },
    {
      "Target": "Parameter",
      "Id": "BrowL_Angle",
      "Segments": [
        0,
        0,
        0,
        2,
        0
      ]
    },
    {
      "Target": "Parameter",
      "Id": "Eyeball_Size",
      "Segments": [
        0,
        0,
        0,
        2,
        0
      ]
    },
    {
      "Target": "Parameter",
      "Id": "EyeR_Open",
      "Segments": [
        0,
        1,
        0,
        2,
        1
      ]
    },
    {
      "Target": "Parameter",
      "Id": "EyeL_Open",
      "Segments": [
        0,
        1,
        0,
        2,
        1
      ]
    },
    {
      "Target": "Parameter",
      "Id": "Smile_Form",
      "Segments": [
        0,
        1,
        0,
        2,
        1
      ]
    },
    {
      "Target": "Parameter",
      "Id": "MouthForm3",
      "Segments": [
        0,
        0,
        0,
        2,
        0
      ]
    },
    {
      "Target": "Parameter",
      "Id": "MouthForm2",
      "Segments": [
        0,
        0,
        0,
        2,
        0
      ]
    },
    {
      "Target": "Parameter",
      "Id": "MouthForm",
      "Segments": [
        0,
        0,
        0,
        2,
        0
      ]
    },
    {
      "Target": "Parameter",
      "Id": "Mouth_Open",
      "Segments": [
        0,
        1,
        0,
        2,
        1
      ]
    },
    {
      "Target": "Parameter",
      "Id": "Mouth_Size",
      "Segments": [
        0,
        1,
        0,
        2,
        1
      ]
    },
    {
      "Target": "Parameter",
      "Id": "ArmR_Form2",
      "Segments": [
        0,
        0,
        0,
        2,
        0
      ]
    },
    {
      "Target": "Parameter",
      "Id": "ArmL_Form2",
      "Segments": [
        0,
        0,
        0,
        2,
        0
      ]
    },
    {
      "Target": "Parameter",
      "Id": "YukataR__Form",
      "Segments": [
        0,
        0,
        0,
        2,
        0
      ]
    },
    {
      "Target": "Parameter",
      "Id": "Lowerbody_Roll",
      "Segments": [
        0,
        0,
        0,
        2,
        0
      ]
    },
    {
      "Target": "PartOpacity",
      "Id": "Part39",
      "Segments": [
        0,
        1,
        0,
        2,
        1
      ]
    },
    {
      "Target": "PartOpacity",
      "Id": "Part40",
      "Segments": [
        0,
        1,
        0,
        2,
        1
      ]
    }
  ],
  "UserData": [
    {
      "Time": 0.0,
      "Value": ""
    }
  ]
}