{
  "Version": 3,
  "Meta": {
    "Duration": 8.0,
    "Fps": 30.0,
    "Loop": true,
    "AreBeziersRestricted": true,
    "CurveCount": 91,
    "TotalSegmentCount": 244,
    "TotalPointCount": 350,
    "UserDataCount": 1,
    "TotalUserDataSize": 0
  },
  "Curves": [
    {
      "Target": "Parameter",
      "Id": "Breath",
      "Segments": [
        0,
        0.783,
        0,
        0.933,
        0,
        0,
        2,
        0.742,
        0,
        3.1,
        0,
        0,
        4.033,
        0.825,
        0,
        5.033,
        0,
        0,
        6.033,
        0.742,
        0,
        7.067,
        0,
        0,
        8,
        0.783
      ]
    },
    {
      "Target": "Parameter",
      "Id": "Body_Shaking",
      "Segments": [
        0,
        1.035,
        1,
        0.267,
        -0.861,
        0.533,
        -2.033,
        0.8,
        -2.033,
        0,
        2.133,
        2.272,
        0,
        3.467,
        -1.595,
        0,
        4.767,
        2.71,
        0,
        6.2,
        -1.341,
        0,
        7.5,
        2.861,
        1,
        7.667,
        2.861,
        7.833,
        2.525,
        8,
        1.035
      ]
    },
    {
      "Target": "Parameter",
      "Id": "Shoulder_Move",
      "Segments": [
        0,
        0,
        0,
        1.1,
        -12,
        2,
        3.9,
        -12,
        0,
        5.4,
        0,
        2,
        8,
        0
      ]
    },
    {
      "Target": "Parameter",
      "Id": "Body_Twist",
      "Segments": [
        0,
        -9.943,
        1,
        0.367,
        -9.943,
        0.733,
        -5.267,
        1.1,
        -4.474,
        1,
        2.033,
        -2.683,
        2.967,
        -3.28,
        3.9,
        -3.784,
        1,
        4.344,
        -4.373,
        4.789,
        -8.203,
        5.233,
        -9.452,
        1,
        5.433,
        -10,
        5.633,
        -9.943,
        5.833,
        -9.943,
        2,
        8,
        -9.943
      ]
    },
    {
      "Target": "Parameter",
      "Id": "Body_Pose1",
      "Segments": [
        0,
        7,
        2,
        3.567,
        7,
        0,
        4.667,
        6.016,
        0,
        5.867,
        7,
        2,
        8,
        7
      ]
    },
    {
      "Target": "Parameter",
      "Id": "Waist_Roll",
      "Segments": [
        0,
        10.68,
        2,
        3.4,
        10.68,
        0,
        4.7,
        4.41,
        1,
        5.033,
        4.41,
        5.367,
        8.953,
        5.7,
        10.08,
        1,
        5.978,
        11.02,
        6.255,
        10.849,
        6.533,
        10.849,
        0,
        8,
        10.68
      ]
    },
    {
      "Target": "Parameter",
      "Id": "Rbn_Shaking",
      "Segments": [
        0,
        -7.939,
        1,
        0.111,
        -8.113,
        0.222,
        -8.055,
        0.333,
        -6.953,
        1,
        0.578,
        -3.802,
        0.822,
        4.369,
        1.067,
        4.369,
        0,
        1.9,
        -8.895,
        0,
        2.733,
        3.996,
        0,
        3.833,
        -8.895,
        0,
        4.967,
        3.104,
        0,
        6.1,
        -9.296,
        0,
        7.067,
        2.59,
        0,
        8,
        -7.939
      ]
    },
    {
      "Target": "Parameter",
      "Id": "Skirt_Shaking",
      "Segments": [
        0,
        -5.882,
        1,
        0.144,
        -10.771,
        0.289,
        -14.695,
        0.433,
        -14.695,
        0,
        1.5,
        10.417,
        0,
        2.333,
        -8.98,
        0,
        3.467,
        10.417,
        0,
        4.6,
        -8.98,
        0,
        5.767,
        8.082,
        0,
        6.767,
        -13.3,
        0,
        7.633,
        5.521,
        1,
        7.755,
        5.521,
        7.878,
        0.144,
        8,
        -5.882
      ]
    },
    {
      "Target": "Parameter",
      "Id": "Head_AngleX",
      "Segments": [
        0,
        1.709,
        1,
        0.367,
        3.442,
        0.733,
        4.816,
        1.1,
        4.816,
        1,
        1.956,
        4.816,
        2.811,
        4.81,
        3.667,
        4.73,
        1,
        4,
        4.699,
        4.334,
        -1.942,
        4.667,
        -1.942,
        1,
        5.222,
        -1.942,
        5.778,
        -0.513,
        6.333,
        0.544,
        1,
        6.889,
        1.709,
        7.444,
        0.427,
        8,
        1.709
      ]
    },
    {
      "Target": "Parameter",
      "Id": "Head_AngleY",
      "Segments": [
        0,
        -10.441,
        1,
        0.144,
        -4.986,
        0.289,
        -1.92,
        0.433,
        -1.92,
        1,
        0.711,
        -1.92,
        0.989,
        -13.305,
        1.267,
        -13.32,
        1,
        2.067,
        -13.363,
        2.867,
        -13.37,
        3.667,
        -13.415,
        1,
        4,
        -13.434,
        4.334,
        -19.538,
        4.667,
        -19.538,
        0,
        6.333,
        -1.159,
        0,
        7.767,
        -13.32,
        1,
        7.845,
        -13.576,
        7.922,
        -12.391,
        8,
        -10.441
      ]
    },
    {
      "Target": "Parameter",
      "Id": "Head_Roll",
      "Segments": [
        0,
        -9.997,
        1,
        0.3,
        -8.297,
        0.6,
        -3.939,
        0.9,
        -3.219,
        1,
        1.322,
        -2.137,
        1.745,
        -1.886,
        2.167,
        -1.831,
        1,
        2.622,
        -1.831,
        3.078,
        -2.08,
        3.533,
        -3.528,
        1,
        4.011,
        -5.046,
        4.489,
        -7.744,
        4.967,
        -9.753,
        1,
        5.267,
        -11.014,
        5.567,
        -11.553,
        5.867,
        -11.553,
        2,
        7.4,
        -11.553,
        1,
        7.6,
        -11.553,
        7.8,
        -11.356,
        8,
        -9.997
      ]
    },
    {
      "Target": "Parameter",
      "Id": "Head_RollY",
      "Segments": [
        0,
        0,
        2,
        3.9,
        0,
        0,
        4.767,
        -5.52,
        0,
        5.833,
        0,
        2,
        8,
        0
      ]
    },
    {
      "Target": "Parameter",
      "Id": "Rng_RollR",
      "Segments": [
        0,
        3.511,
        0,
        0.5,
        -4.237,
        0,
        1.067,
        3.511,
        0,
        1.733,
        -4.237,
        0,
        2.4,
        3.753,
        0,
        3.167,
        -4.237,
        0,
        3.733,
        3.511,
        0,
        4.4,
        -4.237,
        0,
        5.067,
        3.753,
        0,
        5.833,
        -4.116,
        0,
        6.6,
        3.511,
        0,
        7.333,
        -4.237,
        0,
        8,
        3.511
      ]
    },
    {
      "Target": "Parameter",
      "Id": "Rng_RollL",
      "Segments": [
        0,
        4.963,
        0,
        0.5,
        -3.026,
        0,
        1.067,
        2.542,
        0,
        1.733,
        -2.663,
        0,
        2.4,
        5.568,
        0,
        3.167,
        -3.026,
        0,
        3.733,
        2.542,
        0,
        4.4,
        -2.663,
        0,
        5.067,
        5.568,
        0,
        5.833,
        -2.905,
        0,
        6.6,
        2.542,
        0,
        7.333,
        -2.663,
        0,
        8,
        4.963
      ]
    },
    {
      "Target": "Parameter",
      "Id": "EyeBallX",
      "Segments": [
        0,
        0.19,
        1,
        0.389,
        0.106,
        0.778,
        0.024,
        1.167,
        0.024,
        2,
        4.3,
        0.024,
        1,
        4.489,
        0.024,
        4.678,
        0.07,
        4.867,
        0.084,
        1,
        5.911,
        0.163,
        6.956,
        0.19,
        8,
        0.19
      ]
    },
    {
      "Target": "Parameter",
      "Id": "HairSideR_Move",
      "Segments": [
        0,
        0.228,
        1,
        0.244,
        0.215,
        0.489,
        -0.421,
        0.733,
        -0.421,
        0,
        1.667,
        0.298,
        0,
        2.733,
        -0.274,
        0,
        3.733,
        0.471,
        0,
        4.6,
        -0.086,
        0,
        5.8,
        0.405,
        0,
        6.9,
        -0.29,
        0,
        8,
        0.228
      ]
    },
    {
      "Target": "Parameter",
      "Id": "HairSideL_Move",
      "Segments": [
        0,
        0.569,
        1,
        0.244,
        0.507,
        0.489,
        -0.233,
        0.733,
        -0.233,
        0,
        1.733,
        0.511,
        0,
        2.633,
        -0.148,
        0,
        3.8,
        0.623,
        0,
        4.7,
        -0.012,
        0,
        5.8,
        0.668,
        0,
        6.833,
        -0.049,
        0,
        8,
        0.569
      ]
    },
    {
      "Target": "Parameter",
      "Id": "HairBack01_Move",
      "Segments": [
        0,
        0.028,
        1,
        0.211,
        -0.277,
        0.422,
        -0.324,
        0.633,
        -0.324,
        0,
        2,
        0.289,
        0,
        3.467,
        -0.241,
        0,
        4.833,
        0.289,
        0,
        6.333,
        -0.241,
        0,
        7.5,
        0.35,
        1,
        7.667,
        0.35,
        7.833,
        0.186,
        8,
        0.028
      ]
    },
    {
      "Target": "Parameter",
      "Id": "HairBack02_Move",
      "Segments": [
        0,
        -20.522,
        0,
        0.867,
        20.252,
        0,
        1.967,
        -16.665,
        0,
        2.933,
        20.252,
        0,
        3.967,
        -16.665,
        0,
        5,
        20.252,
        0,
        6.067,
        -20.729,
        0,
        6.933,
        17.372,
        0,
        8,
        -20.522
      ]
    },
    {
      "Target": "Parameter",
      "Id": "ShoulderR_Roll",
      "Segments": [
        0,
        -14.8,
        1,
        0.367,
        -14.8,
        0.733,
        -9.141,
        1.1,
        -9.13,
        1,
        2.033,
        -9.102,
        2.967,
        -9.1,
        3.9,
        -9.1,
        0,
        5.233,
        -14.8,
        2,
        8,
        -14.8
      ]
    },
    {
      "Target": "Parameter",
      "Id": "ShoulderL_Roll",
      "Segments": [
        0,
        -5.1,
        2,
        0.933,
        -5.1,
        0,
        1.867,
        -8.32,
        1,
        2.667,
        -8.32,
        3.467,
        -8.319,
        4.267,
        -8.3,
        1,
        4.622,
        -8.291,
        4.978,
        -5.1,
        5.333,
        -5.1,
        2,
        8,
        -5.1
      ]
    },
    {
      "Target": "Parameter",
      "Id": "ArmR_Roll",
      "Segments": [
        0,
        109.6,
        1,
        0.367,
        109.539,
        0.733,
        105.8,
        1.1,
        105.8,
        2,
        3.9,
        105.8,
        0,
        5.233,
        109.64,
        0,
        8,
        109.6
      ]
    },
    {
      "Target": "Parameter",
      "Id": "ArmL_Roll",
      "Segments": [
        0,
        -163.6,
        1,
        0.2,
        -162.994,
        0.4,
        -162.063,
        0.6,
        -161.899,
        1,
        1.111,
        -161.479,
        1.622,
        -161.396,
        2.133,
        -160.913,
        1,
        2.544,
        -160.525,
        2.956,
        -159.512,
        3.367,
        -159.512,
        1,
        3.789,
        -159.512,
        4.211,
        -160.321,
        4.633,
        -160.913,
        1,
        5,
        -161.428,
        5.366,
        -161.616,
        5.733,
        -162,
        1,
        6.155,
        -162.442,
        6.578,
        -163.139,
        7,
        -163.401,
        1,
        7.333,
        -163.608,
        7.667,
        -163.6,
        8,
        -163.6
      ]
    },
    {
      "Target": "Parameter",
      "Id": "HandL_Roll",
      "Segments": [
        0,
        -10.4,
        1,
        0.133,
        -9.437,
        0.267,
        -9.231,
        0.4,
        -9.231,
        0,
        1.733,
        -12.928,
        0,
        3.367,
        -9.231,
        0,
        4.767,
        -13.077,
        0,
        6.2,
        -8.581,
        0,
        7.433,
        -12,
        1,
        7.622,
        -12,
        7.811,
        -11.115,
        8,
        -10.4
      ]
    },
    {
      "Target": "Parameter",
      "Id": "HandL_move",
      "Segments": [
        0,
        6.028,
        1,
        0.178,
        23.237,
        0.355,
        30,
        0.533,
        30,
        0,
        1.933,
        -30,
        0,
        3.4,
        30,
        0,
        4.833,
        -30,
        0,
        6.167,
        30,
        0,
        7.367,
        -30,
        1,
        7.578,
        -30,
        7.789,
        -16.632,
        8,
        6.028
      ]
    },
    {
      "Target": "Parameter",
      "Id": "LegR_Roll",
      "Segments": [
        0,
        11,
        2,
        0.233,
        11,
        0,
        1.067,
        8.9,
        2,
        3.6,
        8.9,
        0,
        4.3,
        8,
        0,
        5.233,
        11,
        2,
        8,
        11
      ]
    },
    {
      "Target": "Parameter",
      "Id": "LegL_Roll",
      "Segments": [
        0,
        18.361,
        2,
        0.233,
        18.361,
        0,
        1.067,
        22.625,
        1,
        1.911,
        22.625,
        2.756,
        22.624,
        3.6,
        22.623,
        1,
        3.833,
        22.622,
        4.067,
        9,
        4.3,
        9,
        0,
        5.233,
        18.361,
        2,
        8,
        18.361
      ]
    },
    {
      "Target": "PartOpacity",
      "Id": "Part",
      "Segments": [
        0,
        1,
        2,
        8,
        1
      ]
    },
    {
      "Target": "PartOpacity",
      "Id": "Part22",
      "Segments": [
        0,
        0,
        2,
        8,
        0
      ]
    },
    {
      "Target": "PartOpacity",
      "Id": "Part2",
      "Segments": [
        0,
        1,
        2,
        8,
        1
      ]
    },
    {
      "Target": "PartOpacity",
      "Id": "Part3",
      "Segments": [
        0,
        1,
        2,
        8,
        1
      ]
    },
    {
      "Target": "PartOpacity",
      "Id": "Part5",
      "Segments": [
        0,
        0,
        2,
        8,
        0
      ]
    },
    {
      "Target": "PartOpacity",
      "Id": "Part8",
      "Segments": [
        0,
        0,
        2,
        8,
        0
      ]
    },
    {
      "Target": "PartOpacity",
      "Id": "Part26",
      "Segments": [
        0,
        0,
        2,
        8,
        0
      ]
    },
    {
      "Target": "PartOpacity",
      "Id": "Part7",
      "Segments": [
        0,
        1,
        2,
        8,
        1
      ]
    },
    {
      "Target": "PartOpacity",
      "Id": "Part27",
      "Segments": [
        0,
        1,
        2,
        8,
        1
      ]
    },
    {
      "Target": "PartOpacity",
      "Id": "Part9",
      "Segments": [
        0,
        1,
        2,
        8,
        1
      ]
    },
    {
      "Target": "PartOpacity",
      "Id": "Part28",
      "Segments": [
        0,
        0,
        2,
        8,
        0
      ]
    },
    {
      "Target": "PartOpacity",
      "Id": "Part29",
      "Segments": [
        0,
        1,
        2,
        8,
        1
      ]
    },
    {
      "Target": "PartOpacity",
      "Id": "Part6",
      "Segments": [
        0,
        1,
        2,
        8,
        1
      ]
    },
    {
      "Target": "PartOpacity",
      "Id": "Part10",
      "Segments": [
        0,
        1,
        2,
        8,
        1
      ]
    },
    {
      "Target": "PartOpacity",
      "Id": "Part25",
      "Segments": [
        0,
        1,
        2,
        8,
        1
      ]
    },
    {
      "Target": "PartOpacity",
      "Id": "Part20",
      "Segments": [
        0,
        0,
        2,
        8,
        0
      ]
    },
    {
      "Target": "PartOpacity",
      "Id": "Part19",
      "Segments": [
        0,
        0,
        2,
        8,
        0
      ]
    },
    {
      "Target": "PartOpacity",
      "Id": "Part16",
      "Segments": [
        0,
        0,
        2,
        8,
        0
      ]
    },
    {
      "Target": "PartOpacity",
      "Id": "Part11",
      "Segments": [
        0,
        1,
        2,
        8,
        1
      ]
    },
    {
      "Target": "PartOpacity",
      "Id": "Part14",
      "Segments": [
        0,
        1,
        2,
        8,
        1
      ]
    },
    {
      "Target": "PartOpacity",
      "Id": "Part23",
      "Segments": [
        0,
        0,
        2,
        8,
        0
      ]
    },
    {
      "Target": "PartOpacity",
      "Id": "Part24",
      "Segments": [
        0,
        0,
        2,
        8,
        0
      ]
    },
    {
      "Target": "PartOpacity",
      "Id": "Part13",
      "Segments": [
        0,
        0,
        2,
        8,
        0
      ]
    },
    {
      "Target": "PartOpacity",
      "Id": "Part17",
      "Segments": [
        0,
        0,
        2,
        8,
        0
      ]
    },
    {
      "Target": "PartOpacity",
      "Id": "Part18",
      "Segments": [
        0,
        1,
        2,
        8,
        1
      ]
    },
    {
      "Target": "PartOpacity",
      "Id": "Part21",
      "Segments": [
        0,
        1,
        2,
        8,
        1
      ]
    },
    {
      "Target": "PartOpacity",
      "Id": "Part12",
      "Segments": [
        0,
        1,
        2,
        8,
        1
      ]
    },
    {
      "Target": "PartOpacity",
      "Id": "Part15",
      "Segments": [
        0,
        1,
        2,
        8,
        1
      ]
    },
    {
      "Target": "PartOpacity",
      "Id": "Part4",
      "Segments": [
        0,
        1,
        2,
        8,
        1
      ]
    },
    {
      "Target": "Parameter",
      "Id": "BodyPoX",
      "Segments": [
        0,
        -6,
        0,
        8,
        -6
      ]
    },
    {
      "Target": "Parameter",
      "Id": "BodyY",
      "Segments": [
        0,
        0,
        0,
        8,
        0
      ]
    },
    {
      "Target": "Parameter",
      "Id": "Body_Form",
      "Segments": [
        0,
        -30,
        0,
        8,
        -30
      ]
    },
    {
      "Target": "Parameter",
      "Id": "Arm_Form",
      "Segments": [
        0,
        0,
        0,
        8,
        0
      ]
    },
    {
      "Target": "Parameter",
      "Id": "Skirt_Shaking02",
      "Segments": [
        0,
        0,
        0,
        8,
        0
      ]
    },
    {
      "Target": "Parameter",
      "Id": "MouthForm2",
      "Segments": [
        0,
        0,
        0,
        8,
        0
      ]
    },
    {
      "Target": "Parameter",
      "Id": "MouthY",
      "Segments": [
        0,
        -7,
        0,
        8,
        -7
      ]
    },
    {
      "Target": "Parameter",
      "Id": "MouthForm",
      "Segments": [
        0,
        -0.7,
        0,
        8,
        -0.7
      ]
    },
    {
      "Target": "Parameter",
      "Id": "Mouth_Open",
      "Segments": [
        0,
        0.7,
        0,
        8,
        0.7
      ]
    },
    {
      "Target": "Parameter",
      "Id": "Mouth_Size",
      "Segments": [
        0,
        0,
        0,
        8,
        0
      ]
    },
    {
      "Target": "Parameter",
      "Id": "EyeBallY",
      "Segments": [
        0,
        -0.07,
        0,
        8,
        -0.07
      ]
    },
    {
      "Target": "Parameter",
      "Id": "EyeBall_size",
      "Segments": [
        0,
        0,
        0,
        8,
        0
      ]
    },
    {
      "Target": "Parameter",
      "Id": "Brow_Form",
      "Segments": [
        0,
        -12,
        0,
        8,
        -12
      ]
    },
    {
      "Target": "Parameter",
      "Id": "BrowRY",
      "Segments": [
        0,
        -0.4,
        0,
        8,
        -0.4
      ]
    },
    {
      "Target": "Parameter",
      "Id": "BrowLY",
      "Segments": [
        0,
        -0.3,
        0,
        8,
        -0.3
      ]
    },
    {
      "Target": "Parameter",
      "Id": "BrowR_Angle",
      "Segments": [
        0,
        -0.3,
        0,
        8,
        -0.3
      ]
    },
    {
      "Target": "Parameter",
      "Id": "BrowL_Angle",
      "Segments": [
        0,
        0.5,
        0,
        8,
        0.5
      ]
    },
    {
      "Target": "Parameter",
      "Id": "BrowR_Form",
      "Segments": [
        0,
        -0.9,
        0,
        8,
        -0.9
      ]
    },
    {
      "Target": "Parameter",
      "Id": "BrowL_Form",
      "Segments": [
        0,
        -0.2,
        0,
        8,
        -0.2
      ]
    },
    {
      "Target": "Parameter",
      "Id": "BrowR_Form2",
      "Segments": [
        0,
        0,
        0,
        8,
        0
      ]
    },
    {
      "Target": "Parameter",
      "Id": "BrowL_Form2",
      "Segments": [
        0,
        -30,
        0,
        8,
        -30
      ]
    },
    {
      "Target": "Parameter",
      "Id": "EyeR_Open",
      "Segments": [
        0,
        0.9,
        0,
        8,
        0.9
      ]
    },
    {
      "Target": "Parameter",
      "Id": "EyeL_Open",
      "Segments": [
        0,
        0.9,
        0,
        8,
        0.9
      ]
    },
    {
      "Target": "Parameter",
      "Id": "EyeR_Smile",
      "Segments": [
        0,
        0,
        0,
        8,
        0
      ]
    },
    {
      "Target": "Parameter",
      "Id": "EyeL_Smile",
      "Segments": [
        0,
        1,
        0,
        8,
        1
      ]
    },
    {
      "Target": "Parameter",
      "Id": "ShoulderRY",
      "Segments": [
        0,
        0,
        0,
        8,
        0
      ]
    },
    {
      "Target": "Parameter",
      "Id": "ShoulderLY",
      "Segments": [
        0,
        30,
        0,
        8,
        30
      ]
    },
    {
      "Target": "Parameter",
      "Id": "ArmR_Form",
      "Segments": [
        0,
        -12.91,
        0,
        8,
        -12.91
      ]
    },
    {
      "Target": "Parameter",
      "Id": "ArmL_Form",
      "Segments": [
        0,
        -14.5,
        0,
        8,
        -14.5
      ]
    },
    {
      "Target": "Parameter",
      "Id": "ArmR_Form2",
      "Segments": [
        0,
        -16.12,
        0,
        8,
        -16.12
      ]
    },
    {
      "Target": "Parameter",
      "Id": "ArmL_Form2",
      "Segments": [
        0,
        0,
        0,
        8,
        0
      ]
    },
    {
      "Target": "Parameter",
      "Id": "ArmR_Sup_Form",
      "Segments": [
        0,
        -24,
        0,
        8,
        -24
      ]
    },
    {
      "Target": "Parameter",
      "Id": "ArmL_Sup_Form",
      "Segments": [
        0,
        0,
        0,
        8,
        0
      ]
    },
    {
      "Target": "Parameter",
      "Id": "HandR_Roll",
      "Segments": [
        0,
        1.1,
        0,
        8,
        1.1
      ]
    },
    {
      "Target": "Parameter",
      "Id": "HandR_move",
      "Segments": [
        0,
        8,
        0,
        8,
        8
      ]
    }
  ],
  "UserData": [
    {
      "Time": 0.0,
      "Value": ""
    }
  ]
}