{
  "Version": 3,
  "Meta": {
    "Duration": 2.0,
    "Fps": 30.0,
    "Loop": true,
    "AreBeziersRestricted": true,
    "CurveCount": 91,
    "TotalSegmentCount": 221,
    "TotalPointCount": 371,
    "UserDataCount": 1,
    "TotalUserDataSize": 0
  },
  "Curves": [
    {
      "Target": "Parameter",
      "Id": "BodyPoX",
      "Segments": [
        0,
        0,
        2,
        0.4,
        0,
        0,
        1,
        -6,
        2,
        2,
        -6
      ]
    },
    {
      "Target": "Parameter",
      "Id": "Breath",
      "Segments": [
        0,
        0,
        0,
        0.467,
        0.474,
        0,
        1.1,
        0,
        0,
        2,
        0.783
      ]
    },
    {
      "Target": "Parameter",
      "Id": "Body_Shaking",
      "Segments": [
        0,
        0,
        1,
        0.167,
        -1.763,
        0.333,
        -2.82,
        0.5,
        -2.82,
        0,
        1.433,
        2.861,
        1,
        1.622,
        2.861,
        1.811,
        2.378,
        2,
        1.035
      ]
    },
    {
      "Target": "Parameter",
      "Id": "BodyY",
      "Segments": [
        0,
        0,
        0,
        0.4,
        -5.261,
        0,
        0.967,
        0,
        2,
        2,
        0
      ]
    },
    {
      "Target": "Parameter",
      "Id": "Body_Form",
      "Segments": [
        0,
        0,
        2,
        0.2,
        0,
        0,
        0.933,
        -30,
        2,
        2,
        -30
      ]
    },
    {
      "Target": "Parameter",
      "Id": "Body_Twist",
      "Segments": [
        0,
        0,
        1,
        0.089,
        1.789,
        0.178,
        3.881,
        0.267,
        3.474,
        1,
        0.489,
        3.474,
        0.711,
        -7.169,
        0.933,
        -9,
        1,
        1.089,
        -10.282,
        1.244,
        -9.943,
        1.4,
        -9.943,
        2,
        2,
        -9.943
      ]
    },
    {
      "Target": "Parameter",
      "Id": "Body_Pose1",
      "Segments": [
        0,
        0,
        2,
        0.2,
        0,
        0,
        0.933,
        7,
        2,
        2,
        7
      ]
    },
    {
      "Target": "Parameter",
      "Id": "Waist_Roll",
      "Segments": [
        0,
        0,
        0,
        0.333,
        -1.137,
        1,
        0.533,
        -1.137,
        0.733,
        9.234,
        0.933,
        10.08,
        1,
        1.1,
        10.88,
        1.266,
        10.68,
        1.433,
        10.68,
        2,
        2,
        10.68
      ]
    },
    {
      "Target": "Parameter",
      "Id": "Rbn_Shaking",
      "Segments": [
        0,
        0,
        1,
        0.1,
        -4.805,
        0.2,
        -10.718,
        0.3,
        -10.154,
        1,
        0.511,
        -10.154,
        0.722,
        -1.182,
        0.933,
        3.238,
        1,
        1.055,
        5.798,
        1.178,
        5.405,
        1.3,
        5.405,
        1,
        1.533,
        5.405,
        1.767,
        -7.592,
        2,
        -7.939
      ]
    },
    {
      "Target": "Parameter",
      "Id": "Skirt_Shaking",
      "Segments": [
        0,
        0,
        0,
        0.4,
        -21,
        0,
        1.267,
        21,
        1,
        1.511,
        21,
        1.756,
        3.303,
        2,
        -5.882
      ]
    },
    {
      "Target": "Parameter",
      "Id": "Head_AngleX",
      "Segments": [
        0,
        0,
        0,
        0.467,
        -8.159,
        1,
        0.622,
        -8.159,
        0.778,
        -0.198,
        0.933,
        0,
        1,
        1.166,
        0.296,
        1.4,
        0.299,
        1.633,
        0.544,
        1,
        1.755,
        0.672,
        1.878,
        1.131,
        2,
        1.709
      ]
    },
    {
      "Target": "Parameter",
      "Id": "Head_AngleY",
      "Segments": [
        0,
        0,
        1,
        0.156,
        0,
        0.311,
        -14.726,
        0.467,
        -15.346,
        1,
        0.856,
        -16.896,
        1.244,
        -17.059,
        1.633,
        -17.059,
        1,
        1.755,
        -17.059,
        1.878,
        -15.057,
        2,
        -10.441
      ]
    },
    {
      "Target": "Parameter",
      "Id": "Head_Roll",
      "Segments": [
        0,
        0,
        1,
        0.267,
        0,
        0.533,
        -8.413,
        0.8,
        -10.56,
        1,
        0.967,
        -11.737,
        1.133,
        -11.943,
        1.3,
        -11.943,
        1,
        1.533,
        -11.943,
        1.767,
        -11.23,
        2,
        -9.997
      ]
    },
    {
      "Target": "Parameter",
      "Id": "Head_RollY",
      "Segments": [
        0,
        0,
        0,
        0.467,
        -7.32,
        1,
        0.6,
        -7.32,
        0.734,
        -1.328,
        0.867,
        -0.759,
        1,
        1.056,
        0.047,
        1.244,
        0,
        1.433,
        0,
        2,
        2,
        0
      ]
    },
    {
      "Target": "Parameter",
      "Id": "Rng_RollR",
      "Segments": [
        0,
        0,
        0,
        0.333,
        -21,
        0,
        0.733,
        24.666,
        1,
        0.844,
        24.666,
        0.956,
        10.331,
        1.067,
        0,
        1,
        1.189,
        -11.364,
        1.311,
        -13.036,
        1.433,
        -13.036,
        0,
        2,
        3.511
      ]
    },
    {
      "Target": "Parameter",
      "Id": "Rng_RollL",
      "Segments": [
        0,
        0,
        0,
        0.333,
        -14,
        0,
        0.733,
        24.666,
        1,
        0.844,
        24.666,
        0.956,
        8.461,
        1.067,
        0,
        1,
        1.189,
        -9.307,
        1.311,
        -10.073,
        1.433,
        -10.073,
        0,
        2,
        4.963
      ]
    },
    {
      "Target": "Parameter",
      "Id": "MouthY",
      "Segments": [
        0,
        0,
        0,
        2,
        -16
      ]
    },
    {
      "Target": "Parameter",
      "Id": "MouthForm",
      "Segments": [
        0,
        -0.9,
        0,
        0.667,
        0,
        2,
        2,
        0
      ]
    },
    {
      "Target": "Parameter",
      "Id": "Mouth_Open",
      "Segments": [
        0,
        1,
        1,
        0.222,
        1,
        0.445,
        0.887,
        0.667,
        0.832,
        1,
        1.111,
        0.722,
        1.556,
        0.7,
        2,
        0.7
      ]
    },
    {
      "Target": "Parameter",
      "Id": "Mouth_Size",
      "Segments": [
        0,
        0.8,
        0,
        0.667,
        1,
        2,
        2,
        1
      ]
    },
    {
      "Target": "Parameter",
      "Id": "EyeBallX",
      "Segments": [
        0,
        0,
        2,
        0.533,
        0,
        0,
        1.1,
        0.264,
        1,
        1.4,
        0.264,
        1.7,
        0.255,
        2,
        0.19
      ]
    },
    {
      "Target": "Parameter",
      "Id": "EyeBallY",
      "Segments": [
        0,
        0.1,
        0,
        0.533,
        0,
        0,
        1.1,
        0.208,
        0,
        2,
        -0.07
      ]
    },
    {
      "Target": "Parameter",
      "Id": "Brow_Form",
      "Segments": [
        0,
        0,
        0,
        2,
        -21
      ]
    },
    {
      "Target": "Parameter",
      "Id": "BrowRY",
      "Segments": [
        0,
        0.216,
        0,
        0.4,
        -0.24,
        1,
        0.478,
        -0.24,
        0.555,
        -0.02,
        0.633,
        0.316,
        1,
        0.689,
        0.556,
        0.744,
        0.634,
        0.8,
        0.634,
        0,
        2,
        0.2
      ]
    },
    {
      "Target": "Parameter",
      "Id": "BrowLY",
      "Segments": [
        0,
        0.225,
        0,
        0.4,
        -0.24,
        1,
        0.478,
        -0.24,
        0.555,
        -0.02,
        0.633,
        0.316,
        1,
        0.689,
        0.556,
        0.744,
        0.634,
        0.8,
        0.634,
        0,
        2,
        0.2
      ]
    },
    {
      "Target": "Parameter",
      "Id": "BrowR_Angle",
      "Segments": [
        0,
        0,
        0,
        0.767,
        -0.2,
        0,
        2,
        0.5
      ]
    },
    {
      "Target": "Parameter",
      "Id": "BrowL_Angle",
      "Segments": [
        0,
        0,
        0,
        0.767,
        0.2,
        0,
        2,
        0.1
      ]
    },
    {
      "Target": "Parameter",
      "Id": "BrowL_Form",
      "Segments": [
        0,
        0,
        0,
        2,
        -1
      ]
    },
    {
      "Target": "Parameter",
      "Id": "EyeR_Open",
      "Segments": [
        0,
        1,
        0,
        0.3,
        0,
        2,
        0.533,
        0,
        0,
        0.8,
        1,
        2,
        2,
        1
      ]
    },
    {
      "Target": "Parameter",
      "Id": "EyeL_Open",
      "Segments": [
        0,
        1,
        0,
        0.3,
        0,
        2,
        0.533,
        0,
        0,
        0.8,
        1,
        2,
        2,
        1
      ]
    },
    {
      "Target": "Parameter",
      "Id": "EyeR_Smile",
      "Segments": [
        0,
        0,
        1,
        0.178,
        0,
        0.355,
        -0.002,
        0.533,
        0.006,
        1,
        0.722,
        0.015,
        0.911,
        0.95,
        1.1,
        0.95,
        0,
        1.633,
        0,
        2,
        2,
        0
      ]
    },
    {
      "Target": "Parameter",
      "Id": "EyeL_Smile",
      "Segments": [
        0,
        0,
        1,
        0.178,
        0,
        0.355,
        -0.002,
        0.533,
        0.006,
        1,
        0.722,
        0.015,
        0.911,
        0.955,
        1.1,
        0.955,
        0,
        1.633,
        0,
        2,
        2,
        0
      ]
    },
    {
      "Target": "Parameter",
      "Id": "HairSideR_Move",
      "Segments": [
        0,
        0,
        1,
        0.089,
        0.187,
        0.178,
        0.441,
        0.267,
        0.441,
        1,
        0.467,
        0.445,
        0.667,
        -0.257,
        0.867,
        -0.64,
        1,
        0.978,
        -0.814,
        1.089,
        -0.781,
        1.2,
        -0.64,
        1,
        1.378,
        -0.413,
        1.555,
        -0.057,
        1.733,
        0.11,
        1,
        1.822,
        0.176,
        1.911,
        0.244,
        2,
        0.228
      ]
    },
    {
      "Target": "Parameter",
      "Id": "HairSideL_Move",
      "Segments": [
        0,
        0,
        1,
        0.089,
        0.225,
        0.178,
        0.453,
        0.267,
        0.453,
        1,
        0.489,
        0.453,
        0.711,
        -0.096,
        0.933,
        -0.468,
        1,
        1.022,
        -0.645,
        1.111,
        -0.676,
        1.2,
        -0.562,
        1,
        1.378,
        -0.349,
        1.555,
        0.117,
        1.733,
        0.404,
        1,
        1.822,
        0.521,
        1.911,
        0.589,
        2,
        0.569
      ]
    },
    {
      "Target": "Parameter",
      "Id": "HairBack01_Move",
      "Segments": [
        0,
        0,
        1,
        0.144,
        -0.341,
        0.289,
        -0.65,
        0.433,
        -0.65,
        1,
        0.589,
        -0.65,
        0.744,
        -0.251,
        0.9,
        0.07,
        1,
        1.111,
        0.507,
        1.322,
        0.597,
        1.533,
        0.597,
        1,
        1.689,
        0.597,
        1.844,
        0.253,
        2,
        0.028
      ]
    },
    {
      "Target": "Parameter",
      "Id": "HairBack02_Move",
      "Segments": [
        0,
        0,
        0,
        0.3,
        -16,
        0,
        1,
        23.353,
        0,
        2,
        -20.522
      ]
    },
    {
      "Target": "Parameter",
      "Id": "ShoulderLY",
      "Segments": [
        0,
        0,
        0,
        0.8,
        30,
        2,
        2,
        30
      ]
    },
    {
      "Target": "Parameter",
      "Id": "ShoulderR_Roll",
      "Segments": [
        0,
        1.85,
        1,
        0.078,
        1.85,
        0.155,
        -7.193,
        0.233,
        -9.142,
        1,
        0.422,
        -13.875,
        0.611,
        -14.8,
        0.8,
        -14.8,
        2,
        2,
        -14.8
      ]
    },
    {
      "Target": "Parameter",
      "Id": "ShoulderL_Roll",
      "Segments": [
        0,
        0,
        1,
        0.078,
        0,
        0.155,
        2.451,
        0.233,
        3.358,
        1,
        0.289,
        4.006,
        0.344,
        3.905,
        0.4,
        3.905,
        0,
        0.8,
        -5.1,
        2,
        2,
        -5.1
      ]
    },
    {
      "Target": "Parameter",
      "Id": "ArmR_Roll",
      "Segments": [
        0,
        -7.03,
        1,
        0.078,
        -7.03,
        0.155,
        -10.621,
        0.233,
        3.472,
        1,
        0.489,
        49.778,
        0.744,
        109.64,
        1,
        109.64,
        1,
        1.333,
        109.64,
        1.667,
        109.655,
        2,
        109.6
      ]
    },
    {
      "Target": "Parameter",
      "Id": "ArmL_Roll",
      "Segments": [
        0,
        10.725,
        1,
        0.111,
        10.725,
        0.222,
        2.488,
        0.333,
        -33.74,
        1,
        0.444,
        -84.587,
        0.556,
        -154.254,
        0.667,
        -160.141,
        1,
        0.889,
        -164.31,
        1.111,
        -164.676,
        1.333,
        -164.676,
        1,
        1.555,
        -164.676,
        1.778,
        -164.273,
        2,
        -163.6
      ]
    },
    {
      "Target": "Parameter",
      "Id": "ArmR_Form",
      "Segments": [
        0,
        0,
        0,
        0.8,
        -12.91,
        2,
        2,
        -12.91
      ]
    },
    {
      "Target": "Parameter",
      "Id": "ArmL_Form",
      "Segments": [
        0,
        0,
        0,
        0.8,
        -14.5,
        2,
        2,
        -14.5
      ]
    },
    {
      "Target": "Parameter",
      "Id": "ArmR_Form2",
      "Segments": [
        0,
        0,
        1,
        0.1,
        0,
        0.2,
        -9.749,
        0.3,
        -12,
        1,
        0.467,
        -15.751,
        0.633,
        -16.12,
        0.8,
        -16.12,
        2,
        2,
        -16.12
      ]
    },
    {
      "Target": "Parameter",
      "Id": "ArmL_Form2",
      "Segments": [
        0,
        0,
        0,
        0.333,
        -11,
        0,
        0.8,
        0,
        2,
        2,
        0
      ]
    },
    {
      "Target": "Parameter",
      "Id": "ArmR_Sup_Form",
      "Segments": [
        0,
        0,
        0,
        0.8,
        -24,
        2,
        2,
        -24
      ]
    },
    {
      "Target": "Parameter",
      "Id": "ArmL_Sup_Form",
      "Segments": [
        0,
        0,
        0,
        0.333,
        -27,
        0,
        0.8,
        0,
        2,
        2,
        0
      ]
    },
    {
      "Target": "Parameter",
      "Id": "HandR_Roll",
      "Segments": [
        0,
        -2.14,
        0,
        0.167,
        3,
        0,
        0.367,
        -3.688,
        0,
        0.8,
        1.1,
        2,
        2,
        1.1
      ]
    },
    {
      "Target": "Parameter",
      "Id": "HandL_Roll",
      "Segments": [
        0,
        0,
        1,
        0.111,
        0,
        0.222,
        0.597,
        0.333,
        3.691,
        1,
        0.389,
        5.238,
        0.444,
        9.37,
        0.5,
        9.37,
        1,
        0.6,
        9.37,
        0.7,
        -10.427,
        0.8,
        -12,
        1,
        0.922,
        -13.923,
        1.045,
        -13.798,
        1.167,
        -13.798,
        1,
        1.445,
        -13.798,
        1.722,
        -12.407,
        2,
        -10.4
      ]
    },
    {
      "Target": "Parameter",
      "Id": "HandR_move",
      "Segments": [
        0,
        0,
        0,
        0.8,
        8,
        2,
        2,
        8
      ]
    },
    {
      "Target": "Parameter",
      "Id": "HandL_move",
      "Segments": [
        0,
        0,
        0,
        0.5,
        30,
        0,
        1.3,
        -30,
        1,
        1.533,
        -30,
        1.767,
        -16.559,
        2,
        6.028
      ]
    },
    {
      "Target": "Parameter",
      "Id": "LegR_Roll",
      "Segments": [
        0,
        0,
        1,
        0.144,
        0,
        0.289,
        -0.17,
        0.433,
        0.667,
        1,
        0.589,
        1.569,
        0.744,
        11,
        0.9,
        11,
        2,
        2,
        11
      ]
    },
    {
      "Target": "Parameter",
      "Id": "LegL_Roll",
      "Segments": [
        0,
        0,
        1,
        0.156,
        0,
        0.311,
        -0.242,
        0.467,
        1.423,
        1,
        0.622,
        3.088,
        0.778,
        18.361,
        0.933,
        18.361,
        2,
        2,
        18.361
      ]
    },
    {
      "Target": "PartOpacity",
      "Id": "Part",
      "Segments": [
        0,
        1,
        2,
        2,
        1
      ]
    },
    {
      "Target": "PartOpacity",
      "Id": "Part22",
      "Segments": [
        0,
        0,
        2,
        2,
        0
      ]
    },
    {
      "Target": "PartOpacity",
      "Id": "Part2",
      "Segments": [
        0,
        1,
        2,
        2,
        1
      ]
    },
    {
      "Target": "PartOpacity",
      "Id": "Part3",
      "Segments": [
        0,
        1,
        2,
        2,
        1
      ]
    },
    {
      "Target": "PartOpacity",
      "Id": "Part5",
      "Segments": [
        0,
        1,
        2,
        0.53,
        0,
        2,
        2,
        0
      ]
    },
    {
      "Target": "PartOpacity",
      "Id": "Part8",
      "Segments": [
        0,
        0,
        2,
        0.4,
        1,
        2,
        0.53,
        0,
        2,
        2,
        0
      ]
    },
    {
      "Target": "PartOpacity",
      "Id": "Part26",
      "Segments": [
        0,
        0,
        2,
        0.2,
        1,
        2,
        0.4,
        0,
        2,
        2,
        0
      ]
    },
    {
      "Target": "PartOpacity",
      "Id": "Part7",
      "Segments": [
        0,
        1,
        2,
        0.2,
        0,
        2,
        0.53,
        1,
        2,
        2,
        1
      ]
    },
    {
      "Target": "PartOpacity",
      "Id": "Part27",
      "Segments": [
        0,
        0,
        2,
        0.53,
        1,
        2,
        2,
        1
      ]
    },
    {
      "Target": "PartOpacity",
      "Id": "Part9",
      "Segments": [
        0,
        0,
        2,
        0.53,
        1,
        2,
        2,
        1
      ]
    },
    {
      "Target": "PartOpacity",
      "Id": "Part28",
      "Segments": [
        0,
        0,
        2,
        2,
        0
      ]
    },
    {
      "Target": "PartOpacity",
      "Id": "Part29",
      "Segments": [
        0,
        1,
        2,
        2,
        1
      ]
    },
    {
      "Target": "PartOpacity",
      "Id": "Part6",
      "Segments": [
        0,
        1,
        2,
        2,
        1
      ]
    },
    {
      "Target": "PartOpacity",
      "Id": "Part10",
      "Segments": [
        0,
        0,
        2,
        0.27,
        1,
        2,
        2,
        1
      ]
    },
    {
      "Target": "PartOpacity",
      "Id": "Part25",
      "Segments": [
        0,
        0,
        2,
        0.73,
        1,
        2,
        2,
        1
      ]
    },
    {
      "Target": "PartOpacity",
      "Id": "Part20",
      "Segments": [
        0,
        0,
        2,
        2,
        0
      ]
    },
    {
      "Target": "PartOpacity",
      "Id": "Part19",
      "Segments": [
        0,
        0,
        2,
        2,
        0
      ]
    },
    {
      "Target": "PartOpacity",
      "Id": "Part16",
      "Segments": [
        0,
        0,
        2,
        0.27,
        1,
        2,
        0.73,
        0,
        2,
        2,
        0
      ]
    },
    {
      "Target": "PartOpacity",
      "Id": "Part11",
      "Segments": [
        0,
        1,
        2,
        2,
        1
      ]
    },
    {
      "Target": "PartOpacity",
      "Id": "Part14",
      "Segments": [
        0,
        1,
        2,
        2,
        1
      ]
    },
    {
      "Target": "PartOpacity",
      "Id": "Part23",
      "Segments": [
        0,
        0,
        2,
        2,
        0
      ]
    },
    {
      "Target": "PartOpacity",
      "Id": "Part24",
      "Segments": [
        0,
        0,
        2,
        2,
        0
      ]
    },
    {
      "Target": "PartOpacity",
      "Id": "Part13",
      "Segments": [
        0,
        1,
        2,
        0.27,
        0,
        2,
        2,
        0
      ]
    },
    {
      "Target": "PartOpacity",
      "Id": "Part17",
      "Segments": [
        0,
        0,
        2,
        2,
        0
      ]
    },
    {
      "Target": "PartOpacity",
      "Id": "Part18",
      "Segments": [
        0,
        1,
        2,
        2,
        1
      ]
    },
    {
      "Target": "PartOpacity",
      "Id": "Part21",
      "Segments": [
        0,
        1,
        2,
        2,
        1
      ]
    },
    {
      "Target": "PartOpacity",
      "Id": "Part12",
      "Segments": [
        0,
        1,
        2,
        2,
        1
      ]
    },
    {
      "Target": "PartOpacity",
      "Id": "Part15",
      "Segments": [
        0,
        1,
        2,
        2,
        1
      ]
    },
    {
      "Target": "PartOpacity",
      "Id": "Part4",
      "Segments": [
        0,
        1,
        2,
        2,
        1
      ]
    },
    {
      "Target": "Parameter",
      "Id": "Shoulder_Move",
      "Segments": [
        0,
        0,
        0,
        2,
        0
      ]
    },
    {
      "Target": "Parameter",
      "Id": "Arm_Form",
      "Segments": [
        0,
        0,
        0,
        2,
        0
      ]
    },
    {
      "Target": "Parameter",
      "Id": "Skirt_Shaking02",
      "Segments": [
        0,
        0,
        0,
        2,
        0
      ]
    },
    {
      "Target": "Parameter",
      "Id": "MouthForm2",
      "Segments": [
        0,
        0,
        0,
        2,
        0
      ]
    },
    {
      "Target": "Parameter",
      "Id": "EyeBall_size",
      "Segments": [
        0,
        0,
        0,
        2,
        0
      ]
    },
    {
      "Target": "Parameter",
      "Id": "BrowR_Form",
      "Segments": [
        0,
        0,
        0,
        2,
        0
      ]
    },
    {
      "Target": "Parameter",
      "Id": "BrowR_Form2",
      "Segments": [
        0,
        0,
        0,
        2,
        0
      ]
    },
    {
      "Target": "Parameter",
      "Id": "BrowL_Form2",
      "Segments": [
        0,
        0,
        0,
        2,
        0
      ]
    },
    {
      "Target": "Parameter",
      "Id": "ShoulderRY",
      "Segments": [
        0,
        0,
        0,
        2,
        0
      ]
    }
  ],
  "UserData": [
    {
      "Time": 0.0,
      "Value": ""
    }
  ]
}