{
  "Version": 3,
  "Meta": {
    "Duration": 2.0,
    "Fps": 30.0,
    "Loop": true,
    "AreBeziersRestricted": true,
    "CurveCount": 91,
    "TotalSegmentCount": 231,
    "TotalPointCount": 385,
    "UserDataCount": 1,
    "TotalUserDataSize": 0
  },
  "Curves": [
    {
      "Target": "Parameter",
      "Id": "Breath",
      "Segments": [
        0,
        0,
        0,
        0.433,
        0.609,
        0,
        1,
        0,
        2,
        1.467,
        0,
        1,
        1.645,
        0,
        1.822,
        0.119,
        2,
        0.301
      ]
    },
    {
      "Target": "Parameter",
      "Id": "Body_Shaking",
      "Segments": [
        0,
        0,
        0,
        0.2,
        -16,
        0,
        0.767,
        11.773,
        1,
        1.022,
        11.773,
        1.278,
        11.283,
        1.533,
        9.13,
        1,
        1.689,
        7.819,
        1.844,
        4.652,
        2,
        2.879
      ]
    },
    {
      "Target": "Parameter",
      "Id": "BodyY",
      "Segments": [
        0,
        0,
        0,
        0.233,
        -4.2,
        0,
        0.6,
        8.123,
        1,
        0.644,
        8.123,
        0.689,
        8.314,
        0.733,
        7.176,
        1,
        0.789,
        5.754,
        0.844,
        -4.124,
        0.9,
        -4.124,
        0,
        1.033,
        0,
        2,
        2,
        0
      ]
    },
    {
      "Target": "Parameter",
      "Id": "Body_Twist",
      "Segments": [
        0,
        0,
        0,
        0.5,
        3.891,
        1,
        0.656,
        3.891,
        0.811,
        -0.834,
        0.967,
        -2.347,
        1,
        1.256,
        -4.695,
        1.544,
        -5.874,
        1.833,
        -6.033,
        0,
        2,
        -6.031
      ]
    },
    {
      "Target": "Parameter",
      "Id": "Body_Pose1",
      "Segments": [
        0,
        0,
        0,
        0.3,
        -8.809,
        0,
        0.633,
        3.274,
        0,
        0.9,
        0,
        2,
        2,
        0
      ]
    },
    {
      "Target": "Parameter",
      "Id": "Waist_Roll",
      "Segments": [
        0,
        0,
        1,
        0.067,
        -0.363,
        0.133,
        -0.571,
        0.2,
        -1.567,
        1,
        0.256,
        -2.343,
        0.311,
        -2.599,
        0.367,
        -2.599,
        1,
        0.478,
        -2.599,
        0.589,
        1.603,
        0.7,
        6.126,
        1,
        0.767,
        8.943,
        0.833,
        11.633,
        0.9,
        12.2,
        1,
        1.111,
        13.885,
        1.322,
        14.27,
        1.533,
        14.27,
        2,
        2,
        14.27
      ]
    },
    {
      "Target": "Parameter",
      "Id": "Rbn_Shaking",
      "Segments": [
        0,
        0,
        1,
        0.1,
        -4.805,
        0.2,
        -10.718,
        0.3,
        -10.154,
        1,
        0.511,
        -10.154,
        0.722,
        -1.182,
        0.933,
        3.238,
        1,
        1.055,
        5.798,
        1.178,
        5.405,
        1.3,
        5.405,
        1,
        1.533,
        5.405,
        1.767,
        -7.592,
        2,
        -7.939
      ]
    },
    {
      "Target": "Parameter",
      "Id": "Skirt_Shaking",
      "Segments": [
        0,
        0,
        0,
        0.4,
        -21,
        0,
        1.267,
        21,
        1,
        1.511,
        21,
        1.756,
        3.303,
        2,
        -5.882
      ]
    },
    {
      "Target": "Parameter",
      "Id": "Skirt_Shaking02",
      "Segments": [
        0,
        0,
        0,
        0.133,
        -3.391,
        1,
        0.222,
        -3.391,
        0.311,
        3.15,
        0.4,
        8.303,
        1,
        0.467,
        12.167,
        0.533,
        12.439,
        0.6,
        12.439,
        1,
        0.678,
        12.439,
        0.755,
        10.858,
        0.833,
        8.303,
        1,
        1.1,
        -0.458,
        1.366,
        -4.566,
        1.633,
        -4.566,
        2,
        2,
        -4.566
      ]
    },
    {
      "Target": "Parameter",
      "Id": "Head_AngleX",
      "Segments": [
        0,
        0,
        2,
        0.833,
        0,
        0,
        2,
        2.16
      ]
    },
    {
      "Target": "Parameter",
      "Id": "Head_AngleY",
      "Segments": [
        0,
        0,
        0,
        0.333,
        -18.943,
        0,
        0.567,
        29.881,
        1,
        0.6,
        29.881,
        0.634,
        28.547,
        0.667,
        23.401,
        1,
        0.778,
        6.246,
        0.889,
        -3.94,
        1,
        -3.94,
        1,
        1.078,
        -3.94,
        1.155,
        6.209,
        1.233,
        7.62,
        1,
        1.489,
        12.257,
        1.744,
        13.362,
        2,
        13.362
      ]
    },
    {
      "Target": "Parameter",
      "Id": "Head_Roll",
      "Segments": [
        0,
        0,
        0,
        0.333,
        -4.39,
        0,
        0.633,
        -0.719,
        1,
        0.722,
        -0.719,
        0.811,
        -11.991,
        0.9,
        -12.6,
        1,
        1.267,
        -14.69,
        1.633,
        -15.06,
        2,
        -15.06
      ]
    },
    {
      "Target": "Parameter",
      "Id": "Head_RollY",
      "Segments": [
        0,
        0,
        0,
        0.367,
        -15.42,
        0,
        0.667,
        8.167,
        0,
        1,
        -2.886,
        0,
        1.133,
        0,
        2,
        2,
        0
      ]
    },
    {
      "Target": "Parameter",
      "Id": "Rng_RollR",
      "Segments": [
        0,
        0,
        0,
        0.333,
        -21,
        0,
        0.733,
        24.666,
        1,
        0.844,
        24.666,
        0.956,
        10.331,
        1.067,
        0,
        1,
        1.189,
        -11.364,
        1.311,
        -13.036,
        1.433,
        -13.036,
        0,
        2,
        3.511
      ]
    },
    {
      "Target": "Parameter",
      "Id": "Rng_RollL",
      "Segments": [
        0,
        0,
        0,
        0.333,
        -14,
        0,
        0.733,
        24.666,
        1,
        0.844,
        24.666,
        0.956,
        8.461,
        1.067,
        0,
        1,
        1.189,
        -9.307,
        1.311,
        -10.073,
        1.433,
        -10.073,
        0,
        2,
        4.963
      ]
    },
    {
      "Target": "Parameter",
      "Id": "MouthForm",
      "Segments": [
        0,
        -0.9,
        0,
        0.3,
        -0.6,
        0,
        0.633,
        -0.9,
        2,
        2,
        -0.9
      ]
    },
    {
      "Target": "Parameter",
      "Id": "Mouth_Open",
      "Segments": [
        0,
        1,
        0,
        0.633,
        0.7,
        2,
        2,
        0.7
      ]
    },
    {
      "Target": "Parameter",
      "Id": "Mouth_Size",
      "Segments": [
        0,
        0.8,
        0,
        2,
        0.7
      ]
    },
    {
      "Target": "Parameter",
      "Id": "EyeBallX",
      "Segments": [
        0,
        0,
        1,
        0.089,
        0,
        0.178,
        0.001,
        0.267,
        0,
        1,
        0.411,
        -0.001,
        0.556,
        -0.045,
        0.7,
        -0.056,
        1,
        1.133,
        -0.088,
        1.567,
        -0.098,
        2,
        -0.098
      ]
    },
    {
      "Target": "Parameter",
      "Id": "EyeBallY",
      "Segments": [
        0,
        0.1,
        1,
        0.089,
        0.1,
        0.178,
        0.077,
        0.267,
        0,
        1,
        0.378,
        -0.096,
        0.489,
        -0.294,
        0.6,
        -0.326,
        1,
        0.656,
        -0.342,
        0.711,
        -0.336,
        0.767,
        -0.336,
        0,
        1.033,
        -0.032,
        2,
        2,
        -0.032
      ]
    },
    {
      "Target": "Parameter",
      "Id": "Brow_Form",
      "Segments": [
        0,
        0,
        2,
        0.567,
        0,
        0,
        0.9,
        -30,
        2,
        2,
        -30
      ]
    },
    {
      "Target": "Parameter",
      "Id": "BrowRY",
      "Segments": [
        0,
        0.216,
        0,
        0.267,
        -0.6,
        0,
        0.567,
        0.193,
        1,
        0.622,
        0.193,
        0.678,
        0.195,
        0.733,
        0.026,
        1,
        0.789,
        -0.143,
        0.844,
        -0.5,
        0.9,
        -0.5,
        2,
        2,
        -0.5
      ]
    },
    {
      "Target": "Parameter",
      "Id": "BrowLY",
      "Segments": [
        0,
        0.225,
        0,
        0.267,
        -0.6,
        0,
        0.567,
        0.193,
        1,
        0.622,
        0.193,
        0.678,
        0.193,
        0.733,
        -0.04,
        1,
        0.789,
        -0.273,
        0.844,
        -0.74,
        0.9,
        -0.74,
        2,
        2,
        -0.74
      ]
    },
    {
      "Target": "Parameter",
      "Id": "BrowR_Angle",
      "Segments": [
        0,
        0,
        2,
        0.567,
        0,
        0,
        0.9,
        0.614,
        2,
        2,
        0.614
      ]
    },
    {
      "Target": "Parameter",
      "Id": "BrowL_Angle",
      "Segments": [
        0,
        0,
        2,
        0.567,
        0,
        0,
        0.9,
        -0.3,
        2,
        2,
        -0.3
      ]
    },
    {
      "Target": "Parameter",
      "Id": "BrowR_Form",
      "Segments": [
        0,
        0,
        0,
        0.9,
        -0.788,
        2,
        2,
        -0.788
      ]
    },
    {
      "Target": "Parameter",
      "Id": "BrowL_Form",
      "Segments": [
        0,
        0,
        0,
        0.9,
        -0.772,
        2,
        2,
        -0.772
      ]
    },
    {
      "Target": "Parameter",
      "Id": "EyeR_Open",
      "Segments": [
        0,
        1,
        0,
        0.2,
        0,
        2,
        0.3,
        0,
        0,
        0.567,
        1,
        2,
        2,
        1
      ]
    },
    {
      "Target": "Parameter",
      "Id": "EyeL_Open",
      "Segments": [
        0,
        1,
        0,
        0.2,
        0,
        2,
        0.3,
        0,
        0,
        0.567,
        1,
        2,
        2,
        1
      ]
    },
    {
      "Target": "Parameter",
      "Id": "EyeR_Smile",
      "Segments": [
        0,
        0,
        0,
        0.9,
        0.8,
        2,
        2,
        0.8
      ]
    },
    {
      "Target": "Parameter",
      "Id": "EyeL_Smile",
      "Segments": [
        0,
        0,
        0,
        0.9,
        0.8,
        2,
        2,
        0.8
      ]
    },
    {
      "Target": "Parameter",
      "Id": "HairSideR_Move",
      "Segments": [
        0,
        0,
        0,
        0.4,
        -1,
        1,
        0.489,
        -1,
        0.578,
        -1.064,
        0.667,
        -0.818,
        1,
        0.878,
        -0.234,
        1.089,
        0.73,
        1.3,
        0.73,
        1,
        1.533,
        0.778,
        1.767,
        0.467,
        2,
        0.046
      ]
    },
    {
      "Target": "Parameter",
      "Id": "HairSideL_Move",
      "Segments": [
        0,
        0,
        0,
        0.4,
        -0.712,
        1,
        0.489,
        -0.712,
        0.578,
        -0.77,
        0.667,
        -0.535,
        1,
        0.9,
        0.081,
        1.134,
        0.954,
        1.367,
        0.954,
        1,
        1.578,
        0.954,
        1.789,
        0.669,
        2,
        0.34
      ]
    },
    {
      "Target": "Parameter",
      "Id": "HairBack01_Move",
      "Segments": [
        0,
        0,
        1,
        0.144,
        -0.173,
        0.289,
        -0.65,
        0.433,
        -0.65,
        1,
        0.644,
        -0.65,
        0.856,
        -0.408,
        1.067,
        0.07,
        1,
        1.222,
        0.423,
        1.378,
        0.597,
        1.533,
        0.597,
        1,
        1.689,
        0.597,
        1.844,
        0.253,
        2,
        0.028
      ]
    },
    {
      "Target": "Parameter",
      "Id": "HairBack02_Move",
      "Segments": [
        0,
        0,
        0,
        0.3,
        -16,
        0,
        1,
        23.353,
        0,
        2,
        -20.522
      ]
    },
    {
      "Target": "Parameter",
      "Id": "ShoulderRY",
      "Segments": [
        0,
        0,
        0,
        0.6,
        26,
        0,
        0.9,
        22,
        2,
        2,
        22
      ]
    },
    {
      "Target": "Parameter",
      "Id": "ShoulderLY",
      "Segments": [
        0,
        0,
        0,
        0.6,
        15,
        1,
        0.7,
        15,
        0.8,
        14.733,
        0.9,
        13.5,
        1,
        1.056,
        11.582,
        1.211,
        10.104,
        1.367,
        10.104,
        1,
        1.578,
        10.104,
        1.789,
        12.881,
        2,
        16.137
      ]
    },
    {
      "Target": "Parameter",
      "Id": "ShoulderR_Roll",
      "Segments": [
        0,
        1.85,
        1,
        0.1,
        1.85,
        0.2,
        1.809,
        0.3,
        -3.732,
        1,
        0.389,
        -8.658,
        0.478,
        -42.912,
        0.567,
        -48.833,
        1,
        0.611,
        -51.794,
        0.656,
        -51.096,
        0.7,
        -51.096,
        1,
        0.767,
        -51.096,
        0.833,
        -38.857,
        0.9,
        -38.85,
        1,
        1.267,
        -38.811,
        1.633,
        -38.8,
        2,
        -38.8
      ]
    },
    {
      "Target": "Parameter",
      "Id": "ShoulderL_Roll",
      "Segments": [
        0,
        0,
        0,
        0.233,
        -1.688,
        0,
        0.567,
        3,
        1,
        0.722,
        3,
        0.878,
        2.975,
        1.033,
        2.67,
        1,
        1.233,
        2.277,
        1.433,
        1.829,
        1.633,
        1.829,
        2,
        2,
        1.829
      ]
    },
    {
      "Target": "Parameter",
      "Id": "ArmR_Roll",
      "Segments": [
        0,
        -7.03,
        1,
        0.111,
        -7.03,
        0.222,
        -5.074,
        0.333,
        3.987,
        1,
        0.522,
        23.421,
        0.711,
        96.254,
        0.9,
        96.27,
        1,
        1.267,
        96.3,
        1.633,
        96.3,
        2,
        96.3
      ]
    },
    {
      "Target": "Parameter",
      "Id": "ArmL_Roll",
      "Segments": [
        0,
        10.725,
        1,
        0.089,
        10.725,
        0.178,
        8.448,
        0.267,
        4.246,
        1,
        0.322,
        1.621,
        0.378,
        0.47,
        0.433,
        0.47,
        1,
        0.522,
        0.47,
        0.611,
        15.55,
        0.7,
        17.475,
        1,
        0.833,
        20.08,
        0.967,
        14.931,
        1.1,
        13.399,
        1,
        1.244,
        11.8,
        1.389,
        12.247,
        1.533,
        12.247,
        1,
        1.689,
        12.454,
        1.844,
        12.867,
        2,
        13.1
      ]
    },
    {
      "Target": "Parameter",
      "Id": "ArmR_Form2",
      "Segments": [
        0,
        0,
        2,
        0.3,
        0,
        1,
        0.433,
        0,
        0.567,
        -2.745,
        0.7,
        -11.515,
        1,
        0.767,
        -15.9,
        0.833,
        -21,
        0.9,
        -21,
        2,
        2,
        -21
      ]
    },
    {
      "Target": "Parameter",
      "Id": "ArmL_Form2",
      "Segments": [
        0,
        0,
        0,
        0.5,
        -3,
        2,
        2,
        -3
      ]
    },
    {
      "Target": "Parameter",
      "Id": "ArmR_Sup_Form",
      "Segments": [
        0,
        0,
        2,
        0.7,
        0,
        0,
        1,
        -30,
        2,
        2,
        -30
      ]
    },
    {
      "Target": "Parameter",
      "Id": "HandR_Roll",
      "Segments": [
        0,
        -2.14,
        0,
        0.467,
        5.574,
        1,
        0.511,
        5.574,
        0.556,
        6.242,
        0.6,
        4.181,
        1,
        0.7,
        -0.455,
        0.8,
        -20.54,
        0.9,
        -20.54,
        2,
        2,
        -20.54
      ]
    },
    {
      "Target": "Parameter",
      "Id": "HandL_Roll",
      "Segments": [
        0,
        0,
        0,
        0.4,
        -0.765,
        0,
        0.7,
        7.551,
        1,
        0.822,
        7.551,
        0.945,
        4.756,
        1.067,
        3.78,
        1,
        1.289,
        2.276,
        1.511,
        2.422,
        1.733,
        2.397,
        1,
        1.822,
        2.451,
        1.911,
        2.48,
        2,
        2.611
      ]
    },
    {
      "Target": "Parameter",
      "Id": "LegR_Roll",
      "Segments": [
        0,
        0,
        2,
        0.367,
        0,
        0,
        0.9,
        11,
        2,
        2,
        11
      ]
    },
    {
      "Target": "Parameter",
      "Id": "LegL_Roll",
      "Segments": [
        0,
        0,
        2,
        0.367,
        0,
        0,
        0.9,
        30,
        2,
        2,
        30
      ]
    },
    {
      "Target": "PartOpacity",
      "Id": "Part",
      "Segments": [
        0,
        1,
        2,
        2,
        1
      ]
    },
    {
      "Target": "PartOpacity",
      "Id": "Part22",
      "Segments": [
        0,
        0,
        2,
        2,
        0
      ]
    },
    {
      "Target": "PartOpacity",
      "Id": "Part2",
      "Segments": [
        0,
        1,
        2,
        2,
        1
      ]
    },
    {
      "Target": "PartOpacity",
      "Id": "Part3",
      "Segments": [
        0,
        1,
        2,
        2,
        1
      ]
    },
    {
      "Target": "PartOpacity",
      "Id": "Part5",
      "Segments": [
        0,
        1,
        2,
        2,
        1
      ]
    },
    {
      "Target": "PartOpacity",
      "Id": "Part8",
      "Segments": [
        0,
        0,
        2,
        2,
        0
      ]
    },
    {
      "Target": "PartOpacity",
      "Id": "Part26",
      "Segments": [
        0,
        0,
        2,
        2,
        0
      ]
    },
    {
      "Target": "PartOpacity",
      "Id": "Part7",
      "Segments": [
        0,
        1,
        2,
        2,
        1
      ]
    },
    {
      "Target": "PartOpacity",
      "Id": "Part27",
      "Segments": [
        0,
        0,
        2,
        2,
        0
      ]
    },
    {
      "Target": "PartOpacity",
      "Id": "Part9",
      "Segments": [
        0,
        0,
        2,
        2,
        0
      ]
    },
    {
      "Target": "PartOpacity",
      "Id": "Part28",
      "Segments": [
        0,
        0,
        2,
        2,
        0
      ]
    },
    {
      "Target": "PartOpacity",
      "Id": "Part29",
      "Segments": [
        0,
        1,
        2,
        2,
        1
      ]
    },
    {
      "Target": "PartOpacity",
      "Id": "Part6",
      "Segments": [
        0,
        1,
        2,
        2,
        1
      ]
    },
    {
      "Target": "PartOpacity",
      "Id": "Part10",
      "Segments": [
        0,
        0,
        2,
        2,
        0
      ]
    },
    {
      "Target": "PartOpacity",
      "Id": "Part25",
      "Segments": [
        0,
        0,
        2,
        2,
        0
      ]
    },
    {
      "Target": "PartOpacity",
      "Id": "Part20",
      "Segments": [
        0,
        0,
        2,
        2,
        0
      ]
    },
    {
      "Target": "PartOpacity",
      "Id": "Part19",
      "Segments": [
        0,
        0,
        2,
        2,
        0
      ]
    },
    {
      "Target": "PartOpacity",
      "Id": "Part16",
      "Segments": [
        0,
        0,
        2,
        2,
        0
      ]
    },
    {
      "Target": "PartOpacity",
      "Id": "Part11",
      "Segments": [
        0,
        1,
        2,
        2,
        1
      ]
    },
    {
      "Target": "PartOpacity",
      "Id": "Part14",
      "Segments": [
        0,
        1,
        2,
        0.6,
        1,
        2,
        2,
        1
      ]
    },
    {
      "Target": "PartOpacity",
      "Id": "Part23",
      "Segments": [
        0,
        0,
        2,
        0.6,
        1,
        2,
        2,
        1
      ]
    },
    {
      "Target": "PartOpacity",
      "Id": "Part24",
      "Segments": [
        0,
        0,
        2,
        0.6,
        1,
        2,
        2,
        1
      ]
    },
    {
      "Target": "PartOpacity",
      "Id": "Part13",
      "Segments": [
        0,
        1,
        2,
        0.6,
        0,
        2,
        2,
        0
      ]
    },
    {
      "Target": "PartOpacity",
      "Id": "Part17",
      "Segments": [
        0,
        0,
        2,
        2,
        0
      ]
    },
    {
      "Target": "PartOpacity",
      "Id": "Part18",
      "Segments": [
        0,
        1,
        2,
        0.6,
        1,
        2,
        2,
        1
      ]
    },
    {
      "Target": "PartOpacity",
      "Id": "Part21",
      "Segments": [
        0,
        1,
        2,
        2,
        1
      ]
    },
    {
      "Target": "PartOpacity",
      "Id": "Part12",
      "Segments": [
        0,
        1,
        2,
        2,
        1
      ]
    },
    {
      "Target": "PartOpacity",
      "Id": "Part15",
      "Segments": [
        0,
        1,
        2,
        2,
        1
      ]
    },
    {
      "Target": "PartOpacity",
      "Id": "Part4",
      "Segments": [
        0,
        1,
        2,
        2,
        1
      ]
    },
    {
      "Target": "Parameter",
      "Id": "BodyPoX",
      "Segments": [
        0,
        0,
        0,
        2,
        0
      ]
    },
    {
      "Target": "Parameter",
      "Id": "Body_Form",
      "Segments": [
        0,
        0,
        0,
        2,
        0
      ]
    },
    {
      "Target": "Parameter",
      "Id": "Shoulder_Move",
      "Segments": [
        0,
        0,
        0,
        2,
        0
      ]
    },
    {
      "Target": "Parameter",
      "Id": "Arm_Form",
      "Segments": [
        0,
        0,
        0,
        2,
        0
      ]
    },
    {
      "Target": "Parameter",
      "Id": "MouthForm2",
      "Segments": [
        0,
        0,
        0,
        2,
        0
      ]
    },
    {
      "Target": "Parameter",
      "Id": "MouthY",
      "Segments": [
        0,
        0,
        0,
        2,
        0
      ]
    },
    {
      "Target": "Parameter",
      "Id": "EyeBall_size",
      "Segments": [
        0,
        0,
        0,
        2,
        0
      ]
    },
    {
      "Target": "Parameter",
      "Id": "BrowR_Form2",
      "Segments": [
        0,
        0,
        0,
        2,
        0
      ]
    },
    {
      "Target": "Parameter",
      "Id": "BrowL_Form2",
      "Segments": [
        0,
        0,
        0,
        2,
        0
      ]
    },
    {
      "Target": "Parameter",
      "Id": "ArmR_Form",
      "Segments": [
        0,
        0,
        0,
        2,
        0
      ]
    },
    {
      "Target": "Parameter",
      "Id": "ArmL_Form",
      "Segments": [
        0,
        0,
        0,
        2,
        0
      ]
    },
    {
      "Target": "Parameter",
      "Id": "ArmL_Sup_Form",
      "Segments": [
        0,
        0,
        0,
        2,
        0
      ]
    },
    {
      "Target": "Parameter",
      "Id": "HandR_move",
      "Segments": [
        0,
        0,
        0,
        2,
        0
      ]
    },
    {
      "Target": "Parameter",
      "Id": "HandL_move",
      "Segments": [
        0,
        0,
        0,
        2,
        0
      ]
    }
  ],
  "UserData": [
    {
      "Time": 0.0,
      "Value": ""
    }
  ]
}