{
  "Version": 3,
  "Meta": {
    "Duration": 8.0,
    "Fps": 30.0,
    "Loop": true,
    "AreBeziersRestricted": true,
    "CurveCount": 69,
    "TotalSegmentCount": 184,
    "TotalPointCount": 260,
    "UserDataCount": 0,
    "TotalUserDataSize": 0
  },
  "Curves": [
    {
      "Target": "Parameter",
      "Id": "Breath",
      "Segments": [
        0,
        0,
        0,
        2.067,
        0.934,
        0,
        3.967,
        0,
        0,
        5.833,
        1,
        0,
        8,
        0
      ]
    },
    {
      "Target": "Parameter",
      "Id": "Param4",
      "Segments": [
        0,
        8.388,
        1,
        0.589,
        17.136,
        1.178,
        25.217,
        1.767,
        25.217,
        0,
        4.533,
        13,
        0,
        6.267,
        20.797,
        0,
        7.833,
        8,
        1,
        7.889,
        8,
        7.944,
        8.043,
        8,
        8.388
      ]
    },
    {
      "Target": "Parameter",
      "Id": "Waist_Roll",
      "Segments": [
        0,
        12.073,
        1,
        0.1,
        12.214,
        0.2,
        12.232,
        0.3,
        12.232,
        0,
        1.533,
        10.666,
        0,
        3.933,
        12.232,
        0,
        6.567,
        10.666,
        1,
        7.045,
        10.666,
        7.522,
        11.847,
        8,
        12.073
      ]
    },
    {
      "Target": "Parameter",
      "Id": "JacketR_Move",
      "Segments": [
        0,
        -15.319,
        1,
        0.078,
        -11.951,
        0.155,
        -11.263,
        0.233,
        -11.263,
        0,
        1.467,
        -25.694,
        0,
        2.467,
        -10,
        0,
        3.533,
        -23.052,
        0,
        4.5,
        -12.964,
        0,
        5.7,
        -24.981,
        0,
        6.4,
        -11.522,
        0,
        7.467,
        -25.431,
        1,
        7.645,
        -25.431,
        7.822,
        -21.196,
        8,
        -15.319
      ]
    },
    {
      "Target": "Parameter",
      "Id": "JacketL_Move",
      "Segments": [
        0,
        16.531,
        1,
        0.089,
        12.963,
        0.178,
        12.016,
        0.267,
        12.016,
        0,
        1.467,
        25.391,
        0,
        2.467,
        10,
        0,
        3.533,
        22.755,
        0,
        4.5,
        11.213,
        0,
        5.7,
        24.254,
        0,
        6.4,
        9.974,
        0,
        7.467,
        25.362,
        1,
        7.645,
        25.362,
        7.822,
        21.391,
        8,
        16.531
      ]
    },
    {
      "Target": "Parameter",
      "Id": "Head_AngleX",
      "Segments": [
        0,
        0,
        1,
        0.4,
        0.556,
        0.8,
        0.484,
        1.2,
        0.484,
        0,
        2.533,
        -6.454,
        1,
        3.011,
        -6.454,
        3.489,
        -3.487,
        3.967,
        -0.753,
        1,
        4.7,
        3.444,
        5.434,
        4.574,
        6.167,
        4.574,
        1,
        6.778,
        4.574,
        7.389,
        -0.345,
        8,
        0
      ]
    },
    {
      "Target": "Parameter",
      "Id": "Head_AngleY",
      "Segments": [
        0,
        1,
        1,
        0.4,
        1.416,
        0.8,
        1.35,
        1.2,
        1.35,
        0,
        2.533,
        -6.783,
        0,
        4.067,
        6.004,
        0,
        5.967,
        -6.745,
        0,
        8,
        1
      ]
    },
    {
      "Target": "Parameter",
      "Id": "Head_Roll",
      "Segments": [
        0,
        -12.241,
        1,
        0.333,
        -13.116,
        0.667,
        -13.765,
        1,
        -13.765,
        1,
        1.478,
        -13.765,
        1.955,
        -13.852,
        2.433,
        -13.33,
        1,
        3.266,
        -12.056,
        4.1,
        -5.368,
        4.933,
        -4.645,
        1,
        5.389,
        -4.306,
        5.844,
        -4.291,
        6.3,
        -4.409,
        1,
        6.867,
        -4.668,
        7.433,
        -11.393,
        8,
        -12.241
      ]
    },
    {
      "Target": "Parameter",
      "Id": "BrowRY",
      "Segments": [
        0,
        -0.9,
        2,
        1.7,
        -0.9,
        0,
        2.967,
        -0.8,
        2,
        4.4,
        -0.8,
        0,
        5.667,
        -0.9,
        2,
        8,
        -0.9
      ]
    },
    {
      "Target": "Parameter",
      "Id": "BrowLY",
      "Segments": [
        0,
        -0.9,
        2,
        1.7,
        -0.9,
        0,
        2.967,
        -0.8,
        2,
        4.4,
        -0.8,
        0,
        5.667,
        -0.9,
        2,
        8,
        -0.9
      ]
    },
    {
      "Target": "Parameter",
      "Id": "BrowR_Form",
      "Segments": [
        0,
        -1,
        2,
        1.067,
        -1,
        0,
        2.433,
        -0.6,
        2,
        4.267,
        -0.6,
        0,
        5.5,
        -1,
        2,
        8,
        -1
      ]
    },
    {
      "Target": "Parameter",
      "Id": "EyeBallX",
      "Segments": [
        0,
        0,
        2,
        1.2,
        0,
        0,
        2.533,
        0.1,
        0,
        3.967,
        -0.1,
        0,
        8,
        0
      ]
    },
    {
      "Target": "Parameter",
      "Id": "EyeBallY",
      "Segments": [
        0,
        0,
        2,
        1.2,
        0,
        0,
        2.533,
        -0.2,
        2,
        3.967,
        -0.2,
        0,
        8,
        0
      ]
    },
    {
      "Target": "Parameter",
      "Id": "EyeR_Smile",
      "Segments": [
        0,
        -0.4,
        2,
        1.733,
        -0.4,
        0,
        2.967,
        -0.5,
        0,
        4.5,
        -0.3,
        0,
        8,
        -0.4
      ]
    },
    {
      "Target": "Parameter",
      "Id": "EyeL_Smile",
      "Segments": [
        0,
        -0.4,
        2,
        1.733,
        -0.4,
        0,
        2.967,
        -0.5,
        0,
        4.5,
        -0.3,
        0,
        8,
        -0.4
      ]
    },
    {
      "Target": "Parameter",
      "Id": "MouthForm",
      "Segments": [
        0,
        -18,
        0,
        2.967,
        -30,
        0,
        8,
        -18
      ]
    },
    {
      "Target": "Parameter",
      "Id": "Hair_Move",
      "Segments": [
        0,
        9.724,
        1,
        0.144,
        9.724,
        0.289,
        6.538,
        0.433,
        1.939,
        1,
        0.644,
        -4.782,
        0.856,
        -7.433,
        1.067,
        -7.433,
        0,
        2.467,
        10.367,
        0,
        4.133,
        -9,
        0,
        5.8,
        9.546,
        0,
        7.233,
        -9,
        0,
        8,
        9.724
      ]
    },
    {
      "Target": "Parameter",
      "Id": "HairFront_Move",
      "Segments": [
        0,
        0.377,
        1,
        0.267,
        0.596,
        0.533,
        0.601,
        0.8,
        0.441,
        1,
        1.089,
        0.104,
        1.378,
        -0.024,
        1.667,
        -0.024,
        0,
        2.8,
        0.436,
        0,
        4,
        0.026,
        0,
        5.5,
        0.595,
        0,
        7.267,
        -0.089,
        1,
        7.511,
        -0.089,
        7.756,
        0.155,
        8,
        0.377
      ]
    },
    {
      "Target": "Parameter",
      "Id": "HairSide_Move",
      "Segments": [
        0,
        0.417,
        1,
        0.267,
        0.585,
        0.533,
        0.627,
        0.8,
        0.48,
        1,
        1.078,
        0.226,
        1.355,
        -0.003,
        1.633,
        -0.003,
        0,
        2.9,
        0.39,
        0,
        4.133,
        0.066,
        0,
        5.633,
        0.549,
        0,
        7.267,
        -0.006,
        1,
        7.511,
        -0.006,
        7.756,
        0.216,
        8,
        0.417
      ]
    },
    {
      "Target": "Parameter",
      "Id": "HairBack_Move",
      "Segments": [
        0,
        0.013,
        1,
        0.156,
        0.182,
        0.311,
        0.218,
        0.467,
        0.218,
        0,
        1.733,
        -0.237,
        0,
        3.1,
        0.294,
        0,
        4.667,
        -0.257,
        0,
        6.067,
        0.354,
        0,
        7.333,
        -0.169,
        1,
        7.555,
        -0.169,
        7.778,
        -0.1,
        8,
        0.013
      ]
    },
    {
      "Target": "Parameter",
      "Id": "ShoulderRY",
      "Segments": [
        0,
        -9,
        2,
        3.533,
        -9,
        0,
        5.8,
        -5,
        0,
        8,
        -9
      ]
    },
    {
      "Target": "Parameter",
      "Id": "ShoulderLY",
      "Segments": [
        0,
        11,
        2,
        3.533,
        11,
        0,
        5.8,
        16,
        0,
        8,
        11
      ]
    },
    {
      "Target": "Parameter",
      "Id": "ShoulderR_Roll",
      "Segments": [
        0,
        -4.192,
        1,
        0.078,
        -3.868,
        0.155,
        -3.653,
        0.233,
        -3.399,
        1,
        1.022,
        -1.597,
        1.811,
        -4.172,
        2.6,
        -4.172,
        0,
        4.733,
        -2.392,
        0,
        7.567,
        -4.834,
        1,
        7.711,
        -4.834,
        7.856,
        -4.577,
        8,
        -4.191
      ]
    },
    {
      "Target": "Parameter",
      "Id": "ArmR_Roll",
      "Segments": [
        0,
        -12.819,
        0,
        1.867,
        -15.449,
        0,
        3.633,
        -11.828,
        0,
        5.867,
        -15.449,
        0,
        8,
        -12.819
      ]
    },
    {
      "Target": "Parameter",
      "Id": "ShoulderL_Roll",
      "Segments": [
        0,
        7.898,
        1,
        0.133,
        7.548,
        0.267,
        6.734,
        0.4,
        6.382,
        1,
        1.233,
        4.36,
        2.067,
        8.291,
        2.9,
        8.284,
        0,
        5.1,
        5.737,
        0,
        7.467,
        8.483,
        1,
        7.645,
        8.483,
        7.822,
        8.293,
        8,
        7.898
      ]
    },
    {
      "Target": "Parameter",
      "Id": "ArmL_Roll",
      "Segments": [
        0,
        0.942,
        0,
        1.9,
        -2.87,
        0,
        3.5,
        -0.543,
        0,
        5.433,
        -2.355,
        0,
        8,
        0.942
      ]
    },
    {
      "Target": "Parameter",
      "Id": "HandR_Roll",
      "Segments": [
        0,
        -3,
        1,
        0.278,
        -4.446,
        0.555,
        -5.897,
        0.833,
        -5.897,
        0,
        2.6,
        0.408,
        0,
        4.633,
        -4.197,
        0,
        6.733,
        0,
        1,
        7.155,
        0,
        7.578,
        -1.713,
        8,
        -3
      ]
    },
    {
      "Target": "Parameter",
      "Id": "HandL_Roll",
      "Segments": [
        0,
        -13.125,
        1,
        0.3,
        -15.346,
        0.6,
        -17.17,
        0.9,
        -17.17,
        0,
        2.667,
        -5,
        0,
        4.867,
        -16,
        0,
        6.767,
        -7.009,
        1,
        7.178,
        -7.009,
        7.589,
        -9.746,
        8,
        -13.125
      ]
    },
    {
      "Target": "PartOpacity",
      "Id": "Part2",
      "Segments": [
        0,
        1,
        2,
        8,
        1
      ]
    },
    {
      "Target": "PartOpacity",
      "Id": "Part3",
      "Segments": [
        0,
        1,
        2,
        8,
        1
      ]
    },
    {
      "Target": "PartOpacity",
      "Id": "Part10",
      "Segments": [
        0,
        1,
        2,
        8,
        1
      ]
    },
    {
      "Target": "PartOpacity",
      "Id": "Part4",
      "Segments": [
        0,
        1,
        2,
        8,
        1
      ]
    },
    {
      "Target": "PartOpacity",
      "Id": "Part9",
      "Segments": [
        0,
        1,
        2,
        8,
        1
      ]
    },
    {
      "Target": "PartOpacity",
      "Id": "Part5",
      "Segments": [
        0,
        1,
        2,
        8,
        1
      ]
    },
    {
      "Target": "PartOpacity",
      "Id": "Part6",
      "Segments": [
        0,
        1,
        2,
        8,
        1
      ]
    },
    {
      "Target": "PartOpacity",
      "Id": "Part7",
      "Segments": [
        0,
        1,
        2,
        8,
        1
      ]
    },
    {
      "Target": "PartOpacity",
      "Id": "Part8",
      "Segments": [
        0,
        1,
        2,
        8,
        1
      ]
    },
    {
      "Target": "PartOpacity",
      "Id": "Part11",
      "Segments": [
        0,
        1,
        2,
        8,
        1
      ]
    },
    {
      "Target": "PartOpacity",
      "Id": "Part",
      "Segments": [
        0,
        0,
        2,
        8,
        0
      ]
    },
    {
      "Target": "PartOpacity",
      "Id": "Part20",
      "Segments": [
        0,
        0,
        2,
        8,
        0
      ]
    },
    {
      "Target": "PartOpacity",
      "Id": "Part23",
      "Segments": [
        0,
        1,
        2,
        8,
        1
      ]
    },
    {
      "Target": "PartOpacity",
      "Id": "Part13",
      "Segments": [
        0,
        1,
        2,
        8,
        1
      ]
    },
    {
      "Target": "PartOpacity",
      "Id": "Part12",
      "Segments": [
        0,
        1,
        2,
        8,
        1
      ]
    },
    {
      "Target": "Model",
      "Id": "Opacity",
      "Segments": [
        0,
        1,
        0,
        8,
        1
      ]
    },
    {
      "Target": "Parameter",
      "Id": "Body_Shaking",
      "Segments": [
        0,
        -30,
        0,
        8,
        -30
      ]
    },
    {
      "Target": "Parameter",
      "Id": "BodyY",
      "Segments": [
        0,
        0,
        0,
        8,
        0
      ]
    },
    {
      "Target": "Parameter",
      "Id": "Param22",
      "Segments": [
        0,
        -13,
        0,
        8,
        -13
      ]
    },
    {
      "Target": "Parameter",
      "Id": "Param21",
      "Segments": [
        0,
        0,
        0,
        8,
        0
      ]
    },
    {
      "Target": "Parameter",
      "Id": "BodyX",
      "Segments": [
        0,
        -8,
        0,
        8,
        -8
      ]
    },
    {
      "Target": "Parameter",
      "Id": "Head_RollY",
      "Segments": [
        0,
        0,
        0,
        8,
        0
      ]
    },
    {
      "Target": "Parameter",
      "Id": "BrowR_Form2",
      "Segments": [
        0,
        1,
        0,
        8,
        1
      ]
    },
    {
      "Target": "Parameter",
      "Id": "BrowL_Form",
      "Segments": [
        0,
        -0.7,
        0,
        8,
        -0.7
      ]
    },
    {
      "Target": "Parameter",
      "Id": "BrowL_Form2",
      "Segments": [
        0,
        1,
        0,
        8,
        1
      ]
    },
    {
      "Target": "Parameter",
      "Id": "BrowR_Angle",
      "Segments": [
        0,
        0,
        0,
        8,
        0
      ]
    },
    {
      "Target": "Parameter",
      "Id": "BrowL_Angle",
      "Segments": [
        0,
        0,
        0,
        8,
        0
      ]
    },
    {
      "Target": "Parameter",
      "Id": "Eyeball_Size",
      "Segments": [
        0,
        0,
        0,
        8,
        0
      ]
    },
    {
      "Target": "Parameter",
      "Id": "HighlightX",
      "Segments": [
        0,
        0,
        0,
        8,
        0
      ]
    },
    {
      "Target": "Parameter",
      "Id": "EyeR_Open",
      "Segments": [
        0,
        0,
        0,
        8,
        0
      ]
    },
    {
      "Target": "Parameter",
      "Id": "EyeL_Open",
      "Segments": [
        0,
        0,
        0,
        8,
        0
      ]
    },
    {
      "Target": "Parameter",
      "Id": "MouthForm2",
      "Segments": [
        0,
        -30,
        0,
        8,
        -30
      ]
    },
    {
      "Target": "Parameter",
      "Id": "Mouth_Open",
      "Segments": [
        0,
        1,
        0,
        8,
        1
      ]
    },
    {
      "Target": "Parameter",
      "Id": "Mouth_Size",
      "Segments": [
        0,
        1,
        0,
        8,
        1
      ]
    },
    {
      "Target": "Parameter",
      "Id": "Param",
      "Segments": [
        0,
        -30,
        0,
        8,
        -30
      ]
    },
    {
      "Target": "Parameter",
      "Id": "ArmR_Form",
      "Segments": [
        0,
        0,
        0,
        8,
        0
      ]
    },
    {
      "Target": "Parameter",
      "Id": "ArmL_Form2",
      "Segments": [
        0,
        -24,
        0,
        8,
        -24
      ]
    },
    {
      "Target": "Parameter",
      "Id": "ArmL_Form",
      "Segments": [
        0,
        -9,
        0,
        8,
        -9
      ]
    },
    {
      "Target": "Parameter",
      "Id": "LegR_Roll",
      "Segments": [
        0,
        3,
        0,
        8,
        3
      ]
    },
    {
      "Target": "Parameter",
      "Id": "LegL_Roll",
      "Segments": [
        0,
        4,
        0,
        8,
        4
      ]
    },
    {
      "Target": "Parameter",
      "Id": "Lowerbody_Roll",
      "Segments": [
        0,
        0,
        0,
        8,
        0
      ]
    }
  ],
  "UserData": []
}