{
  "Version": 3,
  "Meta": {
    "Duration": 1.83,
    "Fps": 30.0,
    "Loop": true,
    "AreBeziersRestricted": true,
    "CurveCount": 69,
    "TotalSegmentCount": 162,
    "TotalPointCount": 310,
    "UserDataCount": 0,
    "TotalUserDataSize": 0
  },
  "Curves": [
    {
      "Target": "Parameter",
      "Id": "Breath",
      "Segments": [
        0,
        0.143,
        1,
        0.178,
        0.42,
        0.355,
        1,
        0.533,
        1,
        0,
        1.833,
        0
      ]
    },
    {
      "Target": "Parameter",
      "Id": "Body_Shaking",
      "Segments": [
        0,
        2.222,
        1,
        0.278,
        9.167,
        0.555,
        30,
        0.833,
        30,
        0,
        1.833,
        17
      ]
    },
    {
      "Target": "Parameter",
      "Id": "BodyY",
      "Segments": [
        0,
        -1.63,
        1,
        0.278,
        -6.722,
        0.555,
        -22,
        0.833,
        -22,
        2,
        1.833,
        -22
      ]
    },
    {
      "Target": "Parameter",
      "Id": "Param22",
      "Segments": [
        0,
        0,
        2,
        1.3,
        0,
        1,
        1.478,
        0,
        1.655,
        -0.116,
        1.833,
        -1.192
      ]
    },
    {
      "Target": "Parameter",
      "Id": "Param4",
      "Segments": [
        0,
        -3.888,
        1,
        0.067,
        -6.322,
        0.133,
        -9,
        0.2,
        -9,
        0,
        0.833,
        21,
        1,
        1.166,
        21,
        1.5,
        20.339,
        1.833,
        18.874
      ]
    },
    {
      "Target": "Parameter",
      "Id": "Waist_Roll",
      "Segments": [
        0,
        -2.915,
        1,
        0.044,
        -4.012,
        0.089,
        -5,
        0.133,
        -5,
        0,
        0.567,
        6,
        1,
        0.656,
        6.956,
        0.744,
        7.2,
        0.833,
        7.2,
        1,
        1.166,
        7.2,
        1.5,
        6.679,
        1.833,
        6.028
      ]
    },
    {
      "Target": "Parameter",
      "Id": "JacketR_Move",
      "Segments": [
        0,
        -7,
        1,
        0.056,
        -10.5,
        0.111,
        -14,
        0.167,
        -14,
        0,
        0.867,
        8.581,
        0,
        1.833,
        -11
      ]
    },
    {
      "Target": "Parameter",
      "Id": "JacketL_Move",
      "Segments": [
        0,
        -7,
        1,
        0.056,
        -10.5,
        0.111,
        -14,
        0.167,
        -14,
        0,
        0.833,
        13,
        0,
        1.833,
        -8
      ]
    },
    {
      "Target": "Parameter",
      "Id": "BodyX",
      "Segments": [
        0,
        0,
        2,
        0.2,
        0,
        0,
        0.833,
        -19,
        2,
        1.833,
        -19
      ]
    },
    {
      "Target": "Parameter",
      "Id": "Head_AngleX",
      "Segments": [
        0,
        3.015,
        1,
        0.122,
        6.855,
        0.245,
        13,
        0.367,
        13,
        0,
        0.833,
        0,
        0,
        1.3,
        4,
        1,
        1.478,
        4,
        1.655,
        3.567,
        1.833,
        2.88
      ]
    },
    {
      "Target": "Parameter",
      "Id": "Head_AngleY",
      "Segments": [
        0,
        -4.857,
        1,
        0.122,
        -11.043,
        0.245,
        -20.94,
        0.367,
        -20.94,
        1,
        0.522,
        -20.94,
        0.678,
        -6.017,
        0.833,
        0,
        1,
        0.989,
        6.017,
        1.144,
        6.108,
        1.3,
        6.108,
        1,
        1.478,
        6.108,
        1.655,
        -0.998,
        1.833,
        -4.099
      ]
    },
    {
      "Target": "Parameter",
      "Id": "Head_Roll",
      "Segments": [
        0,
        0.394,
        1,
        0.289,
        1.691,
        0.578,
        5.829,
        0.867,
        7.291,
        1,
        1.011,
        7.824,
        1.156,
        7.923,
        1.3,
        7.923,
        1,
        1.478,
        7.923,
        1.655,
        6.84,
        1.833,
        6.047
      ]
    },
    {
      "Target": "Parameter",
      "Id": "BrowRY",
      "Segments": [
        0,
        -0.233,
        1,
        0.044,
        -0.321,
        0.089,
        -0.4,
        0.133,
        -0.4,
        1,
        0.2,
        -0.4,
        0.266,
        -0.039,
        0.333,
        0.3,
        1,
        0.4,
        0.639,
        0.466,
        0.7,
        0.533,
        0.7,
        0,
        1.833,
        0
      ]
    },
    {
      "Target": "Parameter",
      "Id": "BrowLY",
      "Segments": [
        0,
        -0.233,
        1,
        0.044,
        -0.321,
        0.089,
        -0.4,
        0.133,
        -0.4,
        1,
        0.2,
        -0.4,
        0.266,
        -0.039,
        0.333,
        0.3,
        1,
        0.4,
        0.639,
        0.466,
        0.7,
        0.533,
        0.7,
        0,
        1.833,
        0
      ]
    },
    {
      "Target": "Parameter",
      "Id": "BrowR_Form",
      "Segments": [
        0,
        -0.132,
        1,
        0.089,
        -0.249,
        0.178,
        -0.4,
        0.267,
        -0.4,
        2,
        1.833,
        -0.4
      ]
    },
    {
      "Target": "Parameter",
      "Id": "BrowL_Form",
      "Segments": [
        0,
        -0.132,
        1,
        0.089,
        -0.249,
        0.178,
        -0.4,
        0.267,
        -0.4,
        2,
        1.833,
        -0.4
      ]
    },
    {
      "Target": "Parameter",
      "Id": "BrowR_Angle",
      "Segments": [
        0,
        0.021,
        1,
        0.133,
        0.05,
        0.267,
        0.1,
        0.4,
        0.1,
        2,
        1.067,
        0.1,
        0,
        1.833,
        0.4
      ]
    },
    {
      "Target": "Parameter",
      "Id": "BrowL_Angle",
      "Segments": [
        0,
        -0.021,
        1,
        0.133,
        -0.05,
        0.267,
        -0.1,
        0.4,
        -0.1,
        2,
        1.067,
        -0.1,
        0,
        1.833,
        -0.4
      ]
    },
    {
      "Target": "Parameter",
      "Id": "EyeBallX",
      "Segments": [
        0,
        0,
        2,
        0.367,
        0,
        0,
        1.033,
        0.1,
        2,
        1.833,
        0.1
      ]
    },
    {
      "Target": "Parameter",
      "Id": "EyeBallY",
      "Segments": [
        0,
        0.046,
        1,
        0.122,
        0.105,
        0.245,
        0.2,
        0.367,
        0.2,
        0,
        1.033,
        -0.2,
        2,
        1.833,
        -0.2
      ]
    },
    {
      "Target": "Parameter",
      "Id": "EyeR_Smile",
      "Segments": [
        0,
        0.604,
        1,
        0.133,
        0.751,
        0.267,
        1,
        0.4,
        1,
        2,
        1.833,
        1
      ]
    },
    {
      "Target": "Parameter",
      "Id": "EyeL_Smile",
      "Segments": [
        0,
        0.604,
        1,
        0.133,
        0.751,
        0.267,
        1,
        0.4,
        1,
        2,
        1.833,
        1
      ]
    },
    {
      "Target": "Parameter",
      "Id": "MouthForm2",
      "Segments": [
        0,
        -7.5,
        1,
        0.056,
        -11.25,
        0.111,
        -15,
        0.167,
        -15,
        2,
        1.833,
        -15
      ]
    },
    {
      "Target": "Parameter",
      "Id": "MouthForm",
      "Segments": [
        0,
        -8.5,
        1,
        0.056,
        -12.75,
        0.111,
        -17,
        0.167,
        -17,
        2,
        1.833,
        -17
      ]
    },
    {
      "Target": "Parameter",
      "Id": "Hair_Move",
      "Segments": [
        0,
        6.414,
        1,
        0.022,
        7.347,
        0.045,
        8,
        0.067,
        8,
        0,
        0.733,
        -9,
        0,
        1.233,
        12.68,
        1,
        1.433,
        12.68,
        1.633,
        9.887,
        1.833,
        2.02
      ]
    },
    {
      "Target": "Parameter",
      "Id": "HairFront_Move",
      "Segments": [
        0,
        0.481,
        1,
        0.022,
        0.551,
        0.045,
        0.6,
        0.067,
        0.6,
        0,
        0.733,
        -0.4,
        1,
        0.9,
        -0.4,
        1.066,
        0.325,
        1.233,
        0.506,
        1,
        1.433,
        0.638,
        1.633,
        0.656,
        1.833,
        0.496
      ]
    },
    {
      "Target": "Parameter",
      "Id": "HairSide_Move",
      "Segments": [
        0,
        0.481,
        1,
        0.022,
        0.551,
        0.045,
        0.6,
        0.067,
        0.6,
        0,
        0.733,
        -0.4,
        1,
        0.911,
        -0.4,
        1.089,
        0.291,
        1.267,
        0.501,
        1,
        1.456,
        0.662,
        1.644,
        0.55,
        1.833,
        0.417
      ]
    },
    {
      "Target": "Parameter",
      "Id": "HairBack_Move",
      "Segments": [
        0,
        0.401,
        1,
        0.022,
        0.459,
        0.045,
        0.5,
        0.067,
        0.5,
        0,
        0.733,
        -0.3,
        0,
        1.6,
        0.326,
        1,
        1.678,
        0.326,
        1.755,
        0.282,
        1.833,
        0.217
      ]
    },
    {
      "Target": "Parameter",
      "Id": "ShoulderRY",
      "Segments": [
        0,
        0,
        2,
        0.3,
        0,
        0,
        1.1,
        -10,
        2,
        1.833,
        -10
      ]
    },
    {
      "Target": "Parameter",
      "Id": "ShoulderLY",
      "Segments": [
        0,
        -3.498,
        1,
        0.044,
        -4.815,
        0.089,
        -6,
        0.133,
        -6,
        1,
        0.266,
        -6,
        0.4,
        -6.544,
        0.533,
        -4.594,
        1,
        0.744,
        -1.505,
        0.956,
        18,
        1.167,
        18,
        1,
        1.389,
        19.139,
        1.611,
        18.228,
        1.833,
        16.999
      ]
    },
    {
      "Target": "Parameter",
      "Id": "ShoulderR_Roll",
      "Segments": [
        0,
        0.09,
        1,
        0.1,
        0.211,
        0.2,
        0.474,
        0.3,
        1,
        1,
        0.589,
        2.52,
        0.878,
        4.247,
        1.167,
        6.2,
        1,
        1.389,
        7.703,
        1.611,
        8.902,
        1.833,
        8.902
      ]
    },
    {
      "Target": "Parameter",
      "Id": "Param",
      "Segments": [
        0,
        -3.888,
        1,
        0.067,
        -6.322,
        0.133,
        -9,
        0.2,
        -9,
        0,
        0.7,
        0,
        2,
        1.833,
        0
      ]
    },
    {
      "Target": "Parameter",
      "Id": "ArmR_Roll",
      "Segments": [
        0,
        -8.64,
        1,
        0.067,
        -14.05,
        0.133,
        -20,
        0.2,
        -20,
        0,
        0.7,
        -11,
        1,
        1.078,
        -11,
        1.455,
        -13.573,
        1.833,
        -16.82
      ]
    },
    {
      "Target": "Parameter",
      "Id": "ArmR_Form",
      "Segments": [
        0,
        -3.888,
        1,
        0.067,
        -6.322,
        0.133,
        -9,
        0.2,
        -9,
        0,
        0.7,
        0,
        2,
        1.833,
        0
      ]
    },
    {
      "Target": "Parameter",
      "Id": "ShoulderL_Roll",
      "Segments": [
        0,
        1.65,
        1,
        0.089,
        3.107,
        0.178,
        5,
        0.267,
        5,
        1,
        0.356,
        5,
        0.444,
        4.469,
        0.533,
        3.58,
        1,
        0.755,
        1.355,
        0.978,
        -2.628,
        1.2,
        -2.937,
        1,
        1.411,
        -3.103,
        1.622,
        -3.088,
        1.833,
        -3.083
      ]
    },
    {
      "Target": "Parameter",
      "Id": "ArmL_Form2",
      "Segments": [
        0,
        -4.148,
        1,
        0.111,
        -8.889,
        0.222,
        -16,
        0.333,
        -16,
        2,
        1.833,
        -16
      ]
    },
    {
      "Target": "Parameter",
      "Id": "ArmL_Roll",
      "Segments": [
        0,
        0.111,
        1,
        0.056,
        0.315,
        0.111,
        0.815,
        0.167,
        2,
        1,
        0.311,
        5.08,
        0.456,
        26.603,
        0.6,
        34.335,
        1,
        0.611,
        34.93,
        0.622,
        34.571,
        0.633,
        34.571,
        0,
        0.667,
        34.288,
        0,
        0.733,
        35.628,
        0,
        0.767,
        35.476,
        0,
        0.833,
        36.36,
        0,
        0.867,
        36.164,
        0,
        0.933,
        36.915,
        0,
        0.967,
        36.724,
        0,
        1.033,
        37.481,
        0,
        1.067,
        37.294,
        0,
        1.2,
        37.481,
        1,
        1.411,
        37.481,
        1.622,
        37.308,
        1.833,
        36.915
      ]
    },
    {
      "Target": "Parameter",
      "Id": "ArmL_Form",
      "Segments": [
        0,
        -3.889,
        1,
        0.111,
        -8.333,
        0.222,
        -15,
        0.333,
        -15,
        2,
        1.833,
        -15
      ]
    },
    {
      "Target": "Parameter",
      "Id": "HandR_Roll",
      "Segments": [
        0,
        -0.692,
        1,
        0.2,
        -2.263,
        0.4,
        -6.174,
        0.6,
        -8.921,
        1,
        0.811,
        -11.82,
        1.022,
        -14.157,
        1.233,
        -14.833,
        1,
        1.433,
        -15.473,
        1.633,
        -15.402,
        1.833,
        -15.402
      ]
    },
    {
      "Target": "Parameter",
      "Id": "HandL_Roll",
      "Segments": [
        0,
        -0.837,
        1,
        0.222,
        -3.002,
        0.445,
        -9.106,
        0.667,
        -16,
        1,
        0.811,
        -20.481,
        0.956,
        -21,
        1.1,
        -21,
        1,
        1.344,
        -21,
        1.589,
        -20.336,
        1.833,
        -18.811
      ]
    },
    {
      "Target": "Parameter",
      "Id": "LegR_Roll",
      "Segments": [
        0,
        0.166,
        1,
        0.333,
        0.796,
        0.667,
        3,
        1,
        3,
        2,
        1.833,
        3
      ]
    },
    {
      "Target": "Parameter",
      "Id": "LegL_Roll",
      "Segments": [
        0,
        0.388,
        1,
        0.333,
        1.857,
        0.667,
        7,
        1,
        7,
        2,
        1.833,
        7
      ]
    },
    {
      "Target": "PartOpacity",
      "Id": "Part2",
      "Segments": [
        0,
        1,
        2,
        1.83,
        1
      ]
    },
    {
      "Target": "PartOpacity",
      "Id": "Part3",
      "Segments": [
        0,
        1,
        2,
        1.83,
        1
      ]
    },
    {
      "Target": "PartOpacity",
      "Id": "Part10",
      "Segments": [
        0,
        1,
        2,
        1.83,
        1
      ]
    },
    {
      "Target": "PartOpacity",
      "Id": "Part4",
      "Segments": [
        0,
        1,
        2,
        1.83,
        1
      ]
    },
    {
      "Target": "PartOpacity",
      "Id": "Part9",
      "Segments": [
        0,
        1,
        2,
        1.83,
        1
      ]
    },
    {
      "Target": "PartOpacity",
      "Id": "Part5",
      "Segments": [
        0,
        1,
        2,
        1.83,
        1
      ]
    },
    {
      "Target": "PartOpacity",
      "Id": "Part6",
      "Segments": [
        0,
        1,
        2,
        1.83,
        1
      ]
    },
    {
      "Target": "PartOpacity",
      "Id": "Part7",
      "Segments": [
        0,
        1,
        2,
        1.83,
        1
      ]
    },
    {
      "Target": "PartOpacity",
      "Id": "Part8",
      "Segments": [
        0,
        1,
        2,
        1.83,
        1
      ]
    },
    {
      "Target": "PartOpacity",
      "Id": "Part11",
      "Segments": [
        0,
        1,
        2,
        1.83,
        1
      ]
    },
    {
      "Target": "PartOpacity",
      "Id": "Part",
      "Segments": [
        0,
        0,
        2,
        1.83,
        0
      ]
    },
    {
      "Target": "PartOpacity",
      "Id": "Part20",
      "Segments": [
        0,
        0,
        2,
        1.83,
        0
      ]
    },
    {
      "Target": "PartOpacity",
      "Id": "Part23",
      "Segments": [
        0,
        1,
        2,
        1.83,
        1
      ]
    },
    {
      "Target": "PartOpacity",
      "Id": "Part13",
      "Segments": [
        0,
        1,
        2,
        1.83,
        1
      ]
    },
    {
      "Target": "PartOpacity",
      "Id": "Part12",
      "Segments": [
        0,
        1,
        2,
        1.83,
        1
      ]
    },
    {
      "Target": "Model",
      "Id": "Opacity",
      "Segments": [
        0,
        1,
        0,
        1.83,
        1
      ]
    },
    {
      "Target": "Parameter",
      "Id": "Param21",
      "Segments": [
        0,
        0,
        0,
        1.83,
        0
      ]
    },
    {
      "Target": "Parameter",
      "Id": "Head_RollY",
      "Segments": [
        0,
        0,
        0,
        1.83,
        0
      ]
    },
    {
      "Target": "Parameter",
      "Id": "BrowR_Form2",
      "Segments": [
        0,
        1,
        0,
        1.83,
        1
      ]
    },
    {
      "Target": "Parameter",
      "Id": "BrowL_Form2",
      "Segments": [
        0,
        1,
        0,
        1.83,
        1
      ]
    },
    {
      "Target": "Parameter",
      "Id": "Eyeball_Size",
      "Segments": [
        0,
        0,
        0,
        1.83,
        0
      ]
    },
    {
      "Target": "Parameter",
      "Id": "HighlightX",
      "Segments": [
        0,
        0,
        0,
        1.83,
        0
      ]
    },
    {
      "Target": "Parameter",
      "Id": "EyeR_Open",
      "Segments": [
        0,
        1,
        0,
        1.83,
        1
      ]
    },
    {
      "Target": "Parameter",
      "Id": "EyeL_Open",
      "Segments": [
        0,
        1,
        0,
        1.83,
        1
      ]
    },
    {
      "Target": "Parameter",
      "Id": "Mouth_Open",
      "Segments": [
        0,
        1,
        0,
        1.83,
        1
      ]
    },
    {
      "Target": "Parameter",
      "Id": "Mouth_Size",
      "Segments": [
        0,
        1,
        0,
        1.83,
        1
      ]
    },
    {
      "Target": "Parameter",
      "Id": "Lowerbody_Roll",
      "Segments": [
        0,
        0,
        0,
        1.83,
        0
      ]
    }
  ],
  "UserData": []
}