{
  "Version": 3,
  "Meta": {
    "Duration": 8.0,
    "Fps": 30.0,
    "Loop": true,
    "AreBeziersRestricted": true,
    "CurveCount": 69,
    "TotalSegmentCount": 171,
    "TotalPointCount": 263,
    "UserDataCount": 0,
    "TotalUserDataSize": 0
  },
  "Curves": [
    {
      "Target": "Parameter",
      "Id": "Breath",
      "Segments": [
        0,
        0.616,
        1,
        0.422,
        0.254,
        0.845,
        0,
        1.267,
        0,
        0,
        3.767,
        0.705,
        0,
        5.633,
        0,
        0,
        7.367,
        0.796,
        1,
        7.578,
        0.796,
        7.789,
        0.737,
        8,
        0.616
      ]
    },
    {
      "Target": "Parameter",
      "Id": "Body_Shaking",
      "Segments": [
        0,
        6.975,
        1,
        0.489,
        0.671,
        0.978,
        -5.801,
        1.467,
        -5.801,
        0,
        3.333,
        7,
        0,
        5.133,
        -5.801,
        0,
        7.567,
        9.497,
        1,
        7.711,
        9.497,
        7.856,
        8.292,
        8,
        6.975
      ]
    },
    {
      "Target": "Parameter",
      "Id": "Param22",
      "Segments": [
        0,
        -1.687,
        1,
        0.389,
        -5.796,
        0.778,
        -12.43,
        1.167,
        -14.563,
        1,
        1.522,
        -16.98,
        1.878,
        -17.126,
        2.233,
        -17.126,
        1,
        2.678,
        -17.126,
        3.122,
        -16.966,
        3.567,
        -16.188,
        1,
        4.167,
        -14.731,
        4.767,
        -4.599,
        5.367,
        0,
        1,
        5.667,
        1.965,
        5.967,
        4.086,
        6.267,
        4.108,
        1,
        6.745,
        4.108,
        7.222,
        0.745,
        7.7,
        0,
        1,
        7.8,
        -0.497,
        7.9,
        -1.118,
        8,
        -1.687
      ]
    },
    {
      "Target": "Parameter",
      "Id": "Param4",
      "Segments": [
        0,
        0,
        2,
        0.533,
        0,
        0,
        2.533,
        -3,
        0,
        5.233,
        2.768,
        0,
        6.6,
        0,
        2,
        8,
        0
      ]
    },
    {
      "Target": "Parameter",
      "Id": "JacketR_Move",
      "Segments": [
        0,
        4.191,
        0,
        1.333,
        -4.12,
        0,
        2.5,
        5.954,
        0,
        4.233,
        -3.837,
        0,
        5.5,
        5.39,
        0,
        6.8,
        -1.52,
        0,
        8,
        4.191
      ]
    },
    {
      "Target": "Parameter",
      "Id": "JacketL_Move",
      "Segments": [
        0,
        -2.41,
        1,
        0.478,
        -0.034,
        0.955,
        2.844,
        1.433,
        2.844,
        0,
        3.667,
        -3.675,
        0,
        5.9,
        2.639,
        0,
        7.367,
        -3.3,
        1,
        7.578,
        -3.3,
        7.789,
        -3.254,
        8,
        -2.41
      ]
    },
    {
      "Target": "Parameter",
      "Id": "Param21",
      "Segments": [
        0,
        -2.277,
        1,
        0.167,
        -5.283,
        0.333,
        -5.974,
        0.5,
        -5.974,
        0,
        2.067,
        9,
        0,
        3.233,
        0,
        0,
        4.7,
        9.728,
        0,
        6.3,
        -5.974,
        0,
        7.5,
        3.34,
        1,
        7.667,
        3.34,
        7.833,
        1.583,
        8,
        -2.277
      ]
    },
    {
      "Target": "Parameter",
      "Id": "Head_AngleX",
      "Segments": [
        0,
        3.575,
        1,
        0.556,
        1.497,
        1.111,
        -0.285,
        1.667,
        -1.725,
        1,
        2.278,
        -3.31,
        2.889,
        -3.761,
        3.5,
        -3.761,
        0,
        5.5,
        10.38,
        1,
        6.333,
        10.38,
        7.167,
        6.417,
        8,
        3.575
      ]
    },
    {
      "Target": "Parameter",
      "Id": "Head_AngleY",
      "Segments": [
        0,
        9.967,
        0,
        1.667,
        -5.725,
        0,
        3.5,
        3.531,
        0,
        5.5,
        -3.451,
        0,
        8,
        9.967
      ]
    },
    {
      "Target": "Parameter",
      "Id": "Head_Roll",
      "Segments": [
        0,
        0.686,
        1,
        0.256,
        1.565,
        0.511,
        2.874,
        0.767,
        2.874,
        0,
        2.233,
        0.665,
        1,
        2.633,
        0.665,
        3.033,
        2.28,
        3.433,
        4,
        1,
        3.911,
        6.054,
        4.389,
        6.591,
        4.867,
        6.591,
        1,
        5.545,
        6.591,
        6.222,
        3.46,
        6.9,
        1.713,
        1,
        7.267,
        0.764,
        7.633,
        0.101,
        8,
        0.686
      ]
    },
    {
      "Target": "Parameter",
      "Id": "BrowRY",
      "Segments": [
        0,
        -0.5,
        1,
        0.656,
        -0.5,
        1.311,
        -0.481,
        1.967,
        -0.378,
        1,
        2.456,
        -0.301,
        2.944,
        -0.2,
        3.433,
        -0.2,
        1,
        3.944,
        -0.2,
        4.456,
        -0.367,
        4.967,
        -0.378,
        1,
        5.978,
        -0.399,
        6.989,
        -0.4,
        8,
        -0.4
      ]
    },
    {
      "Target": "Parameter",
      "Id": "BrowLY",
      "Segments": [
        0,
        -0.1,
        0,
        1.967,
        -0.115,
        0,
        3.433,
        0,
        1,
        3.944,
        0,
        4.456,
        -0.079,
        4.967,
        -0.115,
        1,
        5.978,
        -0.187,
        6.989,
        -0.2,
        8,
        -0.2
      ]
    },
    {
      "Target": "Parameter",
      "Id": "EyeBallX",
      "Segments": [
        0,
        0,
        0,
        1.667,
        0.1,
        2,
        3.5,
        0.1,
        0,
        5.5,
        0,
        2,
        8,
        0
      ]
    },
    {
      "Target": "Parameter",
      "Id": "Hair_Move",
      "Segments": [
        0,
        -7.433,
        1,
        0.411,
        0.196,
        0.822,
        10.425,
        1.233,
        10.425,
        0,
        2.667,
        -8.71,
        0,
        4.467,
        8.863,
        0,
        5.667,
        -10.02,
        0,
        6.933,
        4.129,
        0,
        7.767,
        -9.135,
        1,
        7.845,
        -9.135,
        7.922,
        -8.535,
        8,
        -7.433
      ]
    },
    {
      "Target": "Parameter",
      "Id": "HairFront_Move",
      "Segments": [
        0,
        -0.006,
        1,
        0.322,
        -0.214,
        0.645,
        -0.3,
        0.967,
        -0.3,
        0,
        2.267,
        0.372,
        0,
        3.267,
        -0.192,
        0,
        4.3,
        0.329,
        0,
        5.7,
        -0.09,
        0,
        6.967,
        0.342,
        1,
        7.311,
        0.342,
        7.656,
        0.177,
        8,
        -0.006
      ]
    },
    {
      "Target": "Parameter",
      "Id": "HairSide_Move",
      "Segments": [
        0,
        0.009,
        1,
        0.244,
        -0.098,
        0.489,
        -0.129,
        0.733,
        -0.129,
        0,
        1.9,
        0.264,
        0,
        3.2,
        -0.108,
        0,
        4.467,
        0.198,
        0,
        5.8,
        -0.05,
        0,
        7.067,
        0.219,
        1,
        7.378,
        0.219,
        7.689,
        0.115,
        8,
        0.009
      ]
    },
    {
      "Target": "Parameter",
      "Id": "HairBack_Move",
      "Segments": [
        0,
        -0.218,
        0,
        1.3,
        0.228,
        0,
        2.433,
        -0.143,
        0,
        3.833,
        0.175,
        0,
        5.467,
        -0.143,
        0,
        6.6,
        0.212,
        0,
        8,
        -0.218
      ]
    },
    {
      "Target": "Parameter",
      "Id": "ShoulderRY",
      "Segments": [
        0,
        5,
        0,
        1.967,
        0,
        2,
        5.733,
        0,
        0,
        8,
        5
      ]
    },
    {
      "Target": "Parameter",
      "Id": "ShoulderLY",
      "Segments": [
        0,
        5,
        0,
        1.967,
        0,
        2,
        5.733,
        0,
        0,
        8,
        5
      ]
    },
    {
      "Target": "Parameter",
      "Id": "ShoulderR_Roll",
      "Segments": [
        0,
        1.196,
        1,
        0.233,
        0.627,
        0.467,
        0.442,
        0.7,
        0.442,
        0,
        2.567,
        2.622,
        0,
        5.167,
        1.075,
        0,
        6.833,
        2.457,
        1,
        7.222,
        2.457,
        7.611,
        1.887,
        8,
        1.196
      ]
    },
    {
      "Target": "Parameter",
      "Id": "ArmR_Roll",
      "Segments": [
        0,
        -2,
        1,
        0.6,
        -0.301,
        1.2,
        0.193,
        1.8,
        0.193,
        0,
        5.9,
        -3,
        1,
        6.6,
        -3,
        7.3,
        -2.973,
        8,
        -2
      ]
    },
    {
      "Target": "Parameter",
      "Id": "ShoulderL_Roll",
      "Segments": [
        0,
        0.672,
        1,
        0.233,
        1.045,
        0.467,
        1.263,
        0.7,
        1.263,
        0,
        2.833,
        -0.469,
        0,
        5.233,
        2.008,
        0,
        7.2,
        -0.235,
        1,
        7.467,
        -0.235,
        7.733,
        0.164,
        8,
        0.672
      ]
    },
    {
      "Target": "Parameter",
      "Id": "ArmL_Roll",
      "Segments": [
        0,
        0.888,
        1,
        0.378,
        0.722,
        0.755,
        0.298,
        1.133,
        -0.042,
        1,
        1.4,
        -0.282,
        1.666,
        -0.461,
        1.933,
        -0.461,
        0,
        3.9,
        0.973,
        0,
        5.967,
        -0.543,
        1,
        6.645,
        -0.543,
        7.322,
        0.982,
        8,
        0.888
      ]
    },
    {
      "Target": "Parameter",
      "Id": "HandR_Roll",
      "Segments": [
        0,
        -3.785,
        0,
        2.333,
        2.514,
        0,
        4.367,
        -2.997,
        0,
        6.467,
        3.301,
        0,
        8,
        -3.785
      ]
    },
    {
      "Target": "Parameter",
      "Id": "HandL_Roll",
      "Segments": [
        0,
        -5.981,
        1,
        0.456,
        -3.197,
        0.911,
        -2.676,
        1.367,
        -2.676,
        0,
        3.867,
        -14,
        0,
        5.733,
        -5.475,
        0,
        7.133,
        -12.145,
        1,
        7.422,
        -12.145,
        7.711,
        -9.274,
        8,
        -5.981
      ]
    },
    {
      "Target": "PartOpacity",
      "Id": "Part2",
      "Segments": [
        0,
        1,
        2,
        8,
        1
      ]
    },
    {
      "Target": "PartOpacity",
      "Id": "Part3",
      "Segments": [
        0,
        1,
        2,
        8,
        1
      ]
    },
    {
      "Target": "PartOpacity",
      "Id": "Part10",
      "Segments": [
        0,
        1,
        2,
        8,
        1
      ]
    },
    {
      "Target": "PartOpacity",
      "Id": "Part4",
      "Segments": [
        0,
        1,
        2,
        8,
        1
      ]
    },
    {
      "Target": "PartOpacity",
      "Id": "Part9",
      "Segments": [
        0,
        0,
        2,
        8,
        0
      ]
    },
    {
      "Target": "PartOpacity",
      "Id": "Part5",
      "Segments": [
        0,
        1,
        2,
        8,
        1
      ]
    },
    {
      "Target": "PartOpacity",
      "Id": "Part6",
      "Segments": [
        0,
        1,
        2,
        8,
        1
      ]
    },
    {
      "Target": "PartOpacity",
      "Id": "Part7",
      "Segments": [
        0,
        1,
        2,
        8,
        1
      ]
    },
    {
      "Target": "PartOpacity",
      "Id": "Part8",
      "Segments": [
        0,
        1,
        2,
        8,
        1
      ]
    },
    {
      "Target": "PartOpacity",
      "Id": "Part11",
      "Segments": [
        0,
        1,
        2,
        8,
        1
      ]
    },
    {
      "Target": "PartOpacity",
      "Id": "Part",
      "Segments": [
        0,
        0,
        2,
        8,
        0
      ]
    },
    {
      "Target": "PartOpacity",
      "Id": "Part20",
      "Segments": [
        0,
        0,
        2,
        8,
        0
      ]
    },
    {
      "Target": "PartOpacity",
      "Id": "Part23",
      "Segments": [
        0,
        1,
        2,
        8,
        1
      ]
    },
    {
      "Target": "PartOpacity",
      "Id": "Part13",
      "Segments": [
        0,
        1,
        2,
        8,
        1
      ]
    },
    {
      "Target": "PartOpacity",
      "Id": "Part12",
      "Segments": [
        0,
        1,
        2,
        8,
        1
      ]
    },
    {
      "Target": "Model",
      "Id": "Opacity",
      "Segments": [
        0,
        1,
        0,
        8,
        1
      ]
    },
    {
      "Target": "Parameter",
      "Id": "BodyY",
      "Segments": [
        0,
        0,
        0,
        8,
        0
      ]
    },
    {
      "Target": "Parameter",
      "Id": "Waist_Roll",
      "Segments": [
        0,
        0,
        0,
        8,
        0
      ]
    },
    {
      "Target": "Parameter",
      "Id": "BodyX",
      "Segments": [
        0,
        0,
        0,
        8,
        0
      ]
    },
    {
      "Target": "Parameter",
      "Id": "Head_RollY",
      "Segments": [
        0,
        0,
        0,
        8,
        0
      ]
    },
    {
      "Target": "Parameter",
      "Id": "BrowR_Form",
      "Segments": [
        0,
        1,
        0,
        8,
        1
      ]
    },
    {
      "Target": "Parameter",
      "Id": "BrowR_Form2",
      "Segments": [
        0,
        1,
        0,
        8,
        1
      ]
    },
    {
      "Target": "Parameter",
      "Id": "BrowL_Form",
      "Segments": [
        0,
        -0.7,
        0,
        8,
        -0.7
      ]
    },
    {
      "Target": "Parameter",
      "Id": "BrowL_Form2",
      "Segments": [
        0,
        1,
        0,
        8,
        1
      ]
    },
    {
      "Target": "Parameter",
      "Id": "BrowR_Angle",
      "Segments": [
        0,
        -0.7,
        0,
        8,
        -0.7
      ]
    },
    {
      "Target": "Parameter",
      "Id": "BrowL_Angle",
      "Segments": [
        0,
        0,
        0,
        8,
        0
      ]
    },
    {
      "Target": "Parameter",
      "Id": "Eyeball_Size",
      "Segments": [
        0,
        0,
        0,
        8,
        0
      ]
    },
    {
      "Target": "Parameter",
      "Id": "HighlightX",
      "Segments": [
        0,
        0,
        0,
        8,
        0
      ]
    },
    {
      "Target": "Parameter",
      "Id": "EyeBallY",
      "Segments": [
        0,
        0.016,
        0,
        8,
        0.016
      ]
    },
    {
      "Target": "Parameter",
      "Id": "EyeR_Open",
      "Segments": [
        0,
        1,
        0,
        8,
        1
      ]
    },
    {
      "Target": "Parameter",
      "Id": "EyeR_Smile",
      "Segments": [
        0,
        0,
        0,
        8,
        0
      ]
    },
    {
      "Target": "Parameter",
      "Id": "EyeL_Open",
      "Segments": [
        0,
        1,
        0,
        8,
        1
      ]
    },
    {
      "Target": "Parameter",
      "Id": "EyeL_Smile",
      "Segments": [
        0,
        0.5,
        0,
        8,
        0.5
      ]
    },
    {
      "Target": "Parameter",
      "Id": "MouthForm2",
      "Segments": [
        0,
        0,
        0,
        8,
        0
      ]
    },
    {
      "Target": "Parameter",
      "Id": "MouthForm",
      "Segments": [
        0,
        -30,
        0,
        8,
        -30
      ]
    },
    {
      "Target": "Parameter",
      "Id": "Mouth_Open",
      "Segments": [
        0,
        1,
        0,
        8,
        1
      ]
    },
    {
      "Target": "Parameter",
      "Id": "Mouth_Size",
      "Segments": [
        0,
        1,
        0,
        8,
        1
      ]
    },
    {
      "Target": "Parameter",
      "Id": "Param",
      "Segments": [
        0,
        0,
        0,
        8,
        0
      ]
    },
    {
      "Target": "Parameter",
      "Id": "ArmR_Form",
      "Segments": [
        0,
        0,
        0,
        8,
        0
      ]
    },
    {
      "Target": "Parameter",
      "Id": "ArmL_Form2",
      "Segments": [
        0,
        0,
        0,
        8,
        0
      ]
    },
    {
      "Target": "Parameter",
      "Id": "ArmL_Form",
      "Segments": [
        0,
        0,
        0,
        8,
        0
      ]
    },
    {
      "Target": "Parameter",
      "Id": "LegR_Roll",
      "Segments": [
        0,
        0,
        0,
        8,
        0
      ]
    },
    {
      "Target": "Parameter",
      "Id": "LegL_Roll",
      "Segments": [
        0,
        0,
        0,
        8,
        0
      ]
    },
    {
      "Target": "Parameter",
      "Id": "Lowerbody_Roll",
      "Segments": [
        0,
        0,
        0,
        8,
        0
      ]
    }
  ],
  "UserData": []
}