{
  "Version": 3,
  "Meta": {
    "Duration": 10.0,
    "Fps": 30.0,
    "Loop": true,
    "AreBeziersRestricted": true,
    "CurveCount": 69,
    "TotalSegmentCount": 246,
    "TotalPointCount": 364,
    "UserDataCount": 0,
    "TotalUserDataSize": 0
  },
  "Curves": [
    {
      "Target": "Parameter",
      "Id": "Breath",
      "Segments": [
        0,
        0,
        0,
        1.333,
        0.849,
        1,
        1.555,
        0.849,
        1.778,
        0.806,
        2,
        0.616,
        1,
        2.422,
        0.254,
        2.845,
        0,
        3.267,
        0,
        0,
        5.767,
        0.705,
        0,
        7.633,
        0,
        0,
        9.367,
        0.796,
        1,
        9.578,
        0.796,
        9.789,
        0.737,
        10,
        0.616
      ]
    },
    {
      "Target": "Parameter",
      "Id": "Body_Shaking",
      "Segments": [
        0,
        0,
        0,
        1.133,
        10.894,
        1,
        1.422,
        10.894,
        1.711,
        10.7,
        2,
        6.975,
        1,
        2.489,
        0.671,
        2.978,
        -5.801,
        3.467,
        -5.801,
        0,
        5.333,
        7,
        0,
        7.133,
        -5.801,
        0,
        9.567,
        9.497,
        1,
        9.711,
        9.497,
        9.856,
        8.292,
        10,
        6.975
      ]
    },
    {
      "Target": "Parameter",
      "Id": "Param22",
      "Segments": [
        0,
        0,
        0,
        0.867,
        17.927,
        1,
        1.167,
        17.927,
        1.467,
        13.168,
        1.767,
        0,
        1,
        1.845,
        -0.58,
        1.922,
        -1.159,
        2,
        -1.687,
        1,
        2.389,
        -5.796,
        2.778,
        -12.43,
        3.167,
        -14.563,
        1,
        3.522,
        -16.98,
        3.878,
        -17.126,
        4.233,
        -17.126,
        1,
        4.678,
        -17.126,
        5.122,
        -16.966,
        5.567,
        -16.188,
        1,
        6.167,
        -14.731,
        6.767,
        -4.599,
        7.367,
        0,
        1,
        7.667,
        1.965,
        7.967,
        4.086,
        8.267,
        4.108,
        1,
        8.745,
        4.108,
        9.222,
        0.745,
        9.7,
        0,
        1,
        9.8,
        -0.497,
        9.9,
        -1.118,
        10,
        -1.687
      ]
    },
    {
      "Target": "Parameter",
      "Id": "Param4",
      "Segments": [
        0,
        0,
        2,
        2,
        0,
        2,
        2.533,
        0,
        0,
        4.533,
        -3,
        0,
        7.233,
        2.768,
        0,
        8.6,
        0,
        2,
        10,
        0
      ]
    },
    {
      "Target": "Parameter",
      "Id": "JacketR_Move",
      "Segments": [
        0,
        0,
        0,
        0.933,
        -4,
        0,
        2,
        4.191,
        0,
        3.333,
        -4.12,
        0,
        4.5,
        5.954,
        0,
        6.233,
        -3.837,
        0,
        7.5,
        5.39,
        0,
        8.8,
        -1.52,
        0,
        10,
        4.191
      ]
    },
    {
      "Target": "Parameter",
      "Id": "JacketL_Move",
      "Segments": [
        0,
        0,
        0,
        1.2,
        -3.675,
        1,
        1.467,
        -3.675,
        1.733,
        -3.736,
        2,
        -2.41,
        1,
        2.478,
        -0.034,
        2.955,
        2.844,
        3.433,
        2.844,
        0,
        5.667,
        -3.675,
        0,
        7.9,
        2.639,
        0,
        9.367,
        -3.3,
        1,
        9.578,
        -3.3,
        9.789,
        -3.254,
        10,
        -2.41
      ]
    },
    {
      "Target": "Parameter",
      "Id": "Param21",
      "Segments": [
        0,
        0,
        0,
        0.967,
        8.181,
        1,
        1.311,
        8.181,
        1.656,
        3.936,
        2,
        -2.277,
        1,
        2.167,
        -5.283,
        2.333,
        -5.974,
        2.5,
        -5.974,
        0,
        4.067,
        9,
        0,
        5.233,
        0,
        0,
        6.7,
        9.728,
        0,
        8.3,
        -5.974,
        0,
        9.5,
        3.34,
        1,
        9.667,
        3.34,
        9.833,
        1.583,
        10,
        -2.277
      ]
    },
    {
      "Target": "Parameter",
      "Id": "Head_AngleX",
      "Segments": [
        0,
        0,
        0,
        0.433,
        10,
        1,
        0.722,
        10,
        1.011,
        9.581,
        1.3,
        8.104,
        1,
        1.533,
        6.911,
        1.767,
        4.448,
        2,
        3.575,
        1,
        2.556,
        1.497,
        3.111,
        -0.285,
        3.667,
        -1.725,
        1,
        4.278,
        -3.31,
        4.889,
        -3.761,
        5.5,
        -3.761,
        0,
        7.5,
        10.38,
        1,
        8.333,
        10.38,
        9.167,
        6.417,
        10,
        3.575
      ]
    },
    {
      "Target": "Parameter",
      "Id": "Head_AngleY",
      "Segments": [
        0,
        0,
        0,
        0.433,
        -5.08,
        1,
        0.722,
        -5.08,
        1.011,
        -2.865,
        1.3,
        2.646,
        1,
        1.533,
        7.097,
        1.767,
        9.967,
        2,
        9.967,
        0,
        3.667,
        -5.725,
        0,
        5.5,
        3.531,
        0,
        7.5,
        -3.451,
        0,
        10,
        9.967
      ]
    },
    {
      "Target": "Parameter",
      "Id": "Head_Roll",
      "Segments": [
        0,
        0,
        2,
        1.4,
        0,
        1,
        1.6,
        0,
        1.8,
        -0.002,
        2,
        0.686,
        1,
        2.256,
        1.565,
        2.511,
        2.874,
        2.767,
        2.874,
        0,
        4.233,
        0.665,
        1,
        4.633,
        0.665,
        5.033,
        2.28,
        5.433,
        4,
        1,
        5.911,
        6.054,
        6.389,
        6.591,
        6.867,
        6.591,
        1,
        7.545,
        6.591,
        8.222,
        3.46,
        8.9,
        1.713,
        1,
        9.267,
        0.764,
        9.633,
        0.101,
        10,
        0.686
      ]
    },
    {
      "Target": "Parameter",
      "Id": "BrowRY",
      "Segments": [
        0,
        0,
        0,
        0.967,
        -0.2,
        0,
        2,
        0,
        2,
        4.533,
        0,
        0,
        6.567,
        0.2,
        0,
        8.233,
        0,
        2,
        10,
        0
      ]
    },
    {
      "Target": "Parameter",
      "Id": "BrowLY",
      "Segments": [
        0,
        0,
        0,
        0.967,
        -0.2,
        0,
        2,
        0,
        2,
        4.533,
        0,
        0,
        6.567,
        0.2,
        0,
        8.233,
        0,
        2,
        10,
        0
      ]
    },
    {
      "Target": "Parameter",
      "Id": "EyeBallX",
      "Segments": [
        0,
        0,
        0,
        0.433,
        -0.1,
        0,
        1.3,
        0,
        2,
        2,
        0,
        0,
        3.667,
        0.1,
        2,
        5.5,
        0.1,
        0,
        7.5,
        0,
        2,
        10,
        0
      ]
    },
    {
      "Target": "Parameter",
      "Id": "EyeBallY",
      "Segments": [
        0,
        0,
        0,
        0.433,
        0.016,
        0,
        1.3,
        -0.068,
        0,
        2,
        0.016,
        2,
        3.667,
        0.016,
        2,
        5.5,
        0.016,
        2,
        7.5,
        0.016,
        2,
        10,
        0.016
      ]
    },
    {
      "Target": "Parameter",
      "Id": "MouthForm",
      "Segments": [
        0,
        0,
        2,
        2,
        0,
        0,
        3.6,
        -11,
        0,
        6.233,
        0,
        2,
        10,
        0
      ]
    },
    {
      "Target": "Parameter",
      "Id": "Hair_Move",
      "Segments": [
        0,
        0,
        0,
        1.367,
        -11,
        1,
        1.578,
        -11,
        1.789,
        -11.351,
        2,
        -7.433,
        1,
        2.411,
        0.196,
        2.822,
        10.425,
        3.233,
        10.425,
        0,
        4.667,
        -8.71,
        0,
        6.467,
        8.863,
        0,
        7.667,
        -10.02,
        0,
        8.933,
        4.129,
        0,
        9.767,
        -9.135,
        1,
        9.845,
        -9.135,
        9.922,
        -8.535,
        10,
        -7.433
      ]
    },
    {
      "Target": "Parameter",
      "Id": "HairFront_Move",
      "Segments": [
        0,
        0,
        0,
        0.8,
        0.4,
        1,
        1.2,
        0.4,
        1.6,
        0.252,
        2,
        -0.006,
        1,
        2.322,
        -0.214,
        2.645,
        -0.3,
        2.967,
        -0.3,
        0,
        4.267,
        0.372,
        0,
        5.267,
        -0.192,
        0,
        6.3,
        0.329,
        0,
        7.7,
        -0.09,
        0,
        8.967,
        0.342,
        1,
        9.311,
        0.342,
        9.656,
        0.177,
        10,
        -0.006
      ]
    },
    {
      "Target": "Parameter",
      "Id": "HairSide_Move",
      "Segments": [
        0,
        0,
        0,
        0.8,
        0.3,
        1,
        1.2,
        0.3,
        1.6,
        0.184,
        2,
        0.009,
        1,
        2.244,
        -0.098,
        2.489,
        -0.129,
        2.733,
        -0.129,
        0,
        3.9,
        0.264,
        0,
        5.2,
        -0.108,
        0,
        6.467,
        0.198,
        0,
        7.8,
        -0.05,
        0,
        9.067,
        0.219,
        1,
        9.378,
        0.219,
        9.689,
        0.115,
        10,
        0.009
      ]
    },
    {
      "Target": "Parameter",
      "Id": "HairBack_Move",
      "Segments": [
        0,
        0,
        0,
        0.833,
        0.2,
        0,
        2,
        -0.218,
        0,
        3.3,
        0.228,
        0,
        4.433,
        -0.143,
        0,
        5.833,
        0.175,
        0,
        7.467,
        -0.143,
        0,
        8.6,
        0.212,
        0,
        10,
        -0.218
      ]
    },
    {
      "Target": "Parameter",
      "Id": "ShoulderRY",
      "Segments": [
        0,
        0,
        0,
        2,
        5,
        0,
        3.967,
        0,
        2,
        7.733,
        0,
        0,
        10,
        5
      ]
    },
    {
      "Target": "Parameter",
      "Id": "ShoulderLY",
      "Segments": [
        0,
        0,
        0,
        2,
        5,
        0,
        3.967,
        0,
        2,
        7.733,
        0,
        0,
        10,
        5
      ]
    },
    {
      "Target": "Parameter",
      "Id": "ShoulderR_Roll",
      "Segments": [
        0,
        0,
        0,
        0.9,
        4,
        1,
        1.267,
        4,
        1.633,
        2.065,
        2,
        1.196,
        1,
        2.233,
        0.627,
        2.467,
        0.442,
        2.7,
        0.442,
        0,
        4.567,
        2.622,
        0,
        7.167,
        1.075,
        0,
        8.833,
        2.457,
        1,
        9.222,
        2.457,
        9.611,
        1.887,
        10,
        1.196
      ]
    },
    {
      "Target": "Parameter",
      "Id": "ArmR_Roll",
      "Segments": [
        0,
        0,
        0,
        1,
        -4,
        1,
        1.333,
        -4,
        1.667,
        -2.944,
        2,
        -2,
        1,
        2.6,
        -0.301,
        3.2,
        0.193,
        3.8,
        0.193,
        0,
        7.9,
        -3,
        1,
        8.6,
        -3,
        9.3,
        -2.973,
        10,
        -2
      ]
    },
    {
      "Target": "Parameter",
      "Id": "ShoulderL_Roll",
      "Segments": [
        0,
        0,
        0,
        0.733,
        -2.018,
        1,
        1.155,
        -2.018,
        1.578,
        -0.104,
        2,
        0.672,
        1,
        2.233,
        1.045,
        2.467,
        1.263,
        2.7,
        1.263,
        0,
        4.833,
        -0.469,
        0,
        7.233,
        2.008,
        0,
        9.2,
        -0.235,
        1,
        9.467,
        -0.235,
        9.733,
        0.164,
        10,
        0.672
      ]
    },
    {
      "Target": "Parameter",
      "Id": "ArmL_Roll",
      "Segments": [
        0,
        0,
        0,
        1.167,
        1,
        1,
        1.445,
        1,
        1.722,
        1.01,
        2,
        0.888,
        1,
        2.378,
        0.722,
        2.755,
        0.298,
        3.133,
        -0.042,
        1,
        3.4,
        -0.282,
        3.666,
        -0.461,
        3.933,
        -0.461,
        0,
        5.9,
        0.973,
        0,
        7.967,
        -0.543,
        1,
        8.645,
        -0.543,
        9.322,
        0.982,
        10,
        0.888
      ]
    },
    {
      "Target": "Parameter",
      "Id": "HandR_Roll",
      "Segments": [
        0,
        0,
        0,
        0.7,
        2.514,
        0,
        2,
        -3.785,
        0,
        4.333,
        2.514,
        0,
        6.367,
        -2.997,
        0,
        8.467,
        3.301,
        0,
        10,
        -3.785
      ]
    },
    {
      "Target": "Parameter",
      "Id": "HandL_Roll",
      "Segments": [
        0,
        0,
        0,
        0.9,
        -11,
        1,
        1.267,
        -11,
        1.633,
        -8.221,
        2,
        -5.981,
        1,
        2.456,
        -3.197,
        2.911,
        -2.676,
        3.367,
        -2.676,
        0,
        5.867,
        -14,
        0,
        7.733,
        -5.475,
        0,
        9.133,
        -12.145,
        1,
        9.422,
        -12.145,
        9.711,
        -9.274,
        10,
        -5.981
      ]
    },
    {
      "Target": "PartOpacity",
      "Id": "Part2",
      "Segments": [
        0,
        1,
        2,
        2,
        1,
        2,
        10,
        1
      ]
    },
    {
      "Target": "PartOpacity",
      "Id": "Part3",
      "Segments": [
        0,
        1,
        2,
        2,
        1,
        2,
        10,
        1
      ]
    },
    {
      "Target": "PartOpacity",
      "Id": "Part10",
      "Segments": [
        0,
        1,
        2,
        2,
        1,
        2,
        10,
        1
      ]
    },
    {
      "Target": "PartOpacity",
      "Id": "Part4",
      "Segments": [
        0,
        1,
        2,
        2,
        1,
        2,
        10,
        1
      ]
    },
    {
      "Target": "PartOpacity",
      "Id": "Part9",
      "Segments": [
        0,
        0,
        2,
        2,
        0,
        2,
        10,
        0
      ]
    },
    {
      "Target": "PartOpacity",
      "Id": "Part5",
      "Segments": [
        0,
        1,
        2,
        2,
        1,
        2,
        10,
        1
      ]
    },
    {
      "Target": "PartOpacity",
      "Id": "Part6",
      "Segments": [
        0,
        1,
        2,
        2,
        1,
        2,
        10,
        1
      ]
    },
    {
      "Target": "PartOpacity",
      "Id": "Part7",
      "Segments": [
        0,
        1,
        2,
        2,
        1,
        2,
        10,
        1
      ]
    },
    {
      "Target": "PartOpacity",
      "Id": "Part8",
      "Segments": [
        0,
        1,
        2,
        2,
        1,
        2,
        10,
        1
      ]
    },
    {
      "Target": "PartOpacity",
      "Id": "Part11",
      "Segments": [
        0,
        1,
        2,
        2,
        1,
        2,
        10,
        1
      ]
    },
    {
      "Target": "PartOpacity",
      "Id": "Part",
      "Segments": [
        0,
        0,
        2,
        2,
        0,
        2,
        10,
        0
      ]
    },
    {
      "Target": "PartOpacity",
      "Id": "Part20",
      "Segments": [
        0,
        0,
        2,
        2,
        0,
        2,
        10,
        0
      ]
    },
    {
      "Target": "PartOpacity",
      "Id": "Part23",
      "Segments": [
        0,
        1,
        2,
        2,
        1,
        2,
        10,
        1
      ]
    },
    {
      "Target": "PartOpacity",
      "Id": "Part13",
      "Segments": [
        0,
        1,
        2,
        2,
        1,
        2,
        10,
        1
      ]
    },
    {
      "Target": "PartOpacity",
      "Id": "Part12",
      "Segments": [
        0,
        1,
        2,
        2,
        1,
        2,
        10,
        1
      ]
    },
    {
      "Target": "Model",
      "Id": "Opacity",
      "Segments": [
        0,
        1,
        0,
        10,
        1
      ]
    },
    {
      "Target": "Parameter",
      "Id": "BodyY",
      "Segments": [
        0,
        0,
        0,
        10,
        0
      ]
    },
    {
      "Target": "Parameter",
      "Id": "Waist_Roll",
      "Segments": [
        0,
        0,
        0,
        10,
        0
      ]
    },
    {
      "Target": "Parameter",
      "Id": "BodyX",
      "Segments": [
        0,
        0,
        0,
        10,
        0
      ]
    },
    {
      "Target": "Parameter",
      "Id": "Head_RollY",
      "Segments": [
        0,
        0,
        0,
        10,
        0
      ]
    },
    {
      "Target": "Parameter",
      "Id": "BrowR_Form",
      "Segments": [
        0,
        0,
        0,
        10,
        0
      ]
    },
    {
      "Target": "Parameter",
      "Id": "BrowR_Form2",
      "Segments": [
        0,
        1,
        0,
        10,
        1
      ]
    },
    {
      "Target": "Parameter",
      "Id": "BrowL_Form",
      "Segments": [
        0,
        0,
        0,
        10,
        0
      ]
    },
    {
      "Target": "Parameter",
      "Id": "BrowL_Form2",
      "Segments": [
        0,
        1,
        0,
        10,
        1
      ]
    },
    {
      "Target": "Parameter",
      "Id": "BrowR_Angle",
      "Segments": [
        0,
        0,
        0,
        10,
        0
      ]
    },
    {
      "Target": "Parameter",
      "Id": "BrowL_Angle",
      "Segments": [
        0,
        0,
        0,
        10,
        0
      ]
    },
    {
      "Target": "Parameter",
      "Id": "Eyeball_Size",
      "Segments": [
        0,
        0,
        0,
        10,
        0
      ]
    },
    {
      "Target": "Parameter",
      "Id": "HighlightX",
      "Segments": [
        0,
        0,
        0,
        10,
        0
      ]
    },
    {
      "Target": "Parameter",
      "Id": "EyeR_Open",
      "Segments": [
        0,
        1,
        0,
        10,
        1
      ]
    },
    {
      "Target": "Parameter",
      "Id": "EyeR_Smile",
      "Segments": [
        0,
        0.5,
        0,
        10,
        0.5
      ]
    },
    {
      "Target": "Parameter",
      "Id": "EyeL_Open",
      "Segments": [
        0,
        1,
        0,
        10,
        1
      ]
    },
    {
      "Target": "Parameter",
      "Id": "EyeL_Smile",
      "Segments": [
        0,
        0.5,
        0,
        10,
        0.5
      ]
    },
    {
      "Target": "Parameter",
      "Id": "MouthForm2",
      "Segments": [
        0,
        0,
        0,
        10,
        0
      ]
    },
    {
      "Target": "Parameter",
      "Id": "Mouth_Open",
      "Segments": [
        0,
        1,
        0,
        10,
        1
      ]
    },
    {
      "Target": "Parameter",
      "Id": "Mouth_Size",
      "Segments": [
        0,
        1,
        0,
        10,
        1
      ]
    },
    {
      "Target": "Parameter",
      "Id": "Param",
      "Segments": [
        0,
        0,
        0,
        10,
        0
      ]
    },
    {
      "Target": "Parameter",
      "Id": "ArmR_Form",
      "Segments": [
        0,
        0,
        0,
        10,
        0
      ]
    },
    {
      "Target": "Parameter",
      "Id": "ArmL_Form2",
      "Segments": [
        0,
        0,
        0,
        10,
        0
      ]
    },
    {
      "Target": "Parameter",
      "Id": "ArmL_Form",
      "Segments": [
        0,
        0,
        0,
        10,
        0
      ]
    },
    {
      "Target": "Parameter",
      "Id": "LegR_Roll",
      "Segments": [
        0,
        0,
        0,
        10,
        0
      ]
    },
    {
      "Target": "Parameter",
      "Id": "LegL_Roll",
      "Segments": [
        0,
        0,
        0,
        10,
        0
      ]
    },
    {
      "Target": "Parameter",
      "Id": "Lowerbody_Roll",
      "Segments": [
        0,
        0,
        0,
        10,
        0
      ]
    }
  ],
  "UserData": []
}