{
  "Version": 3,
  "Meta": {
    "Duration": 1.17,
    "Fps": 30.0,
    "Loop": true,
    "AreBeziersRestricted": true,
    "CurveCount": 69,
    "TotalSegmentCount": 114,
    "TotalPointCount": 214,
    "UserDataCount": 0,
    "TotalUserDataSize": 0
  },
  "Curves": [
    {
      "Target": "Parameter",
      "Id": "Breath",
      "Segments": [
        0,
        0.171,
        1,
        0.156,
        0.457,
        0.311,
        1,
        0.467,
        1,
        0,
        1.167,
        0
      ]
    },
    {
      "Target": "Parameter",
      "Id": "Body_Shaking",
      "Segments": [
        0,
        2.496,
        1,
        0.222,
        8.64,
        0.445,
        24,
        0.667,
        24,
        1,
        0.834,
        24,
        1,
        23.887,
        1.167,
        22.346
      ]
    },
    {
      "Target": "Parameter",
      "Id": "BodyY",
      "Segments": [
        0,
        -1.24,
        1,
        0.222,
        -4.333,
        0.445,
        -12.332,
        0.667,
        -15,
        1,
        0.834,
        -15.811,
        1,
        -15.83,
        1.167,
        -15.83
      ]
    },
    {
      "Target": "Parameter",
      "Id": "Param22",
      "Segments": [
        0,
        -0.456,
        1,
        0.222,
        -1.638,
        0.445,
        -4.996,
        0.667,
        -9,
        1,
        0.834,
        -12.003,
        1,
        -14.305,
        1.167,
        -16.109
      ]
    },
    {
      "Target": "Parameter",
      "Id": "Param4",
      "Segments": [
        0,
        -1.662,
        1,
        0.333,
        -7.959,
        0.667,
        -30,
        1,
        -30,
        2,
        1.167,
        -30
      ]
    },
    {
      "Target": "Parameter",
      "Id": "Waist_Roll",
      "Segments": [
        0,
        -0.87,
        1,
        0.222,
        -3.034,
        0.445,
        -8.584,
        0.667,
        -10,
        1,
        0.834,
        -10.616,
        1,
        -10.732,
        1.167,
        -10.732
      ]
    },
    {
      "Target": "Parameter",
      "Id": "JacketR_Move",
      "Segments": [
        0,
        -1.453,
        1,
        0.222,
        -5.031,
        0.445,
        -13.976,
        0.667,
        -13.976,
        1,
        0.834,
        -13.976,
        1,
        -13.77,
        1.167,
        -11.688
      ]
    },
    {
      "Target": "Parameter",
      "Id": "JacketL_Move",
      "Segments": [
        0,
        -1.453,
        1,
        0.222,
        -5.031,
        0.445,
        -13.976,
        0.667,
        -13.976,
        1,
        0.834,
        -13.976,
        1,
        -13.786,
        1.167,
        -11.863
      ]
    },
    {
      "Target": "Parameter",
      "Id": "BodyX",
      "Segments": [
        0,
        1.61,
        1,
        0.311,
        7.282,
        0.622,
        26,
        0.933,
        26,
        2,
        1.167,
        26
      ]
    },
    {
      "Target": "Parameter",
      "Id": "Head_AngleX",
      "Segments": [
        0,
        -1.375,
        1,
        0.267,
        -5.557,
        0.533,
        -18.203,
        0.8,
        -24.222,
        1,
        0.922,
        -25.87,
        1.045,
        -27.174,
        1.167,
        -27.923
      ]
    },
    {
      "Target": "Parameter",
      "Id": "Head_AngleY",
      "Segments": [
        0,
        -1.086,
        1,
        0.267,
        -4.348,
        0.533,
        -13.923,
        0.8,
        -15.222,
        1,
        0.922,
        -15.652,
        1.045,
        -15.652,
        1.167,
        -15.792
      ]
    },
    {
      "Target": "Parameter",
      "Id": "Head_Roll",
      "Segments": [
        0,
        -0.387,
        1,
        0.389,
        -2.109,
        0.778,
        -9,
        1.167,
        -9
      ]
    },
    {
      "Target": "Parameter",
      "Id": "Head_RollY",
      "Segments": [
        0,
        -0.73,
        1,
        0.389,
        -3.984,
        0.778,
        -17,
        1.167,
        -17
      ]
    },
    {
      "Target": "Parameter",
      "Id": "BrowRY",
      "Segments": [
        0,
        -0.205,
        1,
        0.033,
        -0.258,
        0.067,
        -0.3,
        0.1,
        -0.3,
        1,
        0.211,
        -0.3,
        0.322,
        -0.11,
        0.433,
        0,
        1,
        0.678,
        0.241,
        0.922,
        0.3,
        1.167,
        0.3
      ]
    },
    {
      "Target": "Parameter",
      "Id": "BrowLY",
      "Segments": [
        0,
        -0.205,
        1,
        0.033,
        -0.258,
        0.067,
        -0.3,
        0.1,
        -0.3,
        1,
        0.211,
        -0.3,
        0.322,
        -0.11,
        0.433,
        0,
        1,
        0.678,
        0.241,
        0.922,
        0.3,
        1.167,
        0.3
      ]
    },
    {
      "Target": "Parameter",
      "Id": "Eyeball_Size",
      "Segments": [
        0,
        0,
        2,
        0.267,
        0,
        0,
        0.533,
        -12,
        2,
        0.9,
        -12,
        0,
        1.167,
        0
      ]
    },
    {
      "Target": "Parameter",
      "Id": "EyeBallX",
      "Segments": [
        0,
        -0.188,
        1,
        0.133,
        -0.452,
        0.267,
        -0.9,
        0.4,
        -0.9,
        0,
        0.633,
        1,
        0,
        0.9,
        -1,
        0,
        1.167,
        0.599
      ]
    },
    {
      "Target": "Parameter",
      "Id": "EyeBallY",
      "Segments": [
        0,
        -0.125,
        1,
        0.133,
        -0.301,
        0.267,
        -0.6,
        0.4,
        -0.6,
        0,
        0.633,
        -0.3,
        2,
        0.9,
        -0.3,
        0,
        1.167,
        -0.4
      ]
    },
    {
      "Target": "Parameter",
      "Id": "MouthForm2",
      "Segments": [
        0,
        -12,
        1,
        0.056,
        -18,
        0.111,
        -24,
        0.167,
        -24,
        2,
        1.167,
        -24
      ]
    },
    {
      "Target": "Parameter",
      "Id": "MouthForm",
      "Segments": [
        0,
        -13,
        1,
        0.056,
        -19.5,
        0.111,
        -26,
        0.167,
        -26,
        2,
        1.167,
        -26
      ]
    },
    {
      "Target": "Parameter",
      "Id": "Hair_Move",
      "Segments": [
        0,
        6.414,
        1,
        0.022,
        7.347,
        0.045,
        8,
        0.067,
        8,
        0,
        0.733,
        -9,
        0,
        1.167,
        10.918
      ]
    },
    {
      "Target": "Parameter",
      "Id": "HairFront_Move",
      "Segments": [
        0,
        0.102,
        1,
        0.078,
        0.179,
        0.155,
        0.272,
        0.233,
        0.272,
        0,
        1.167,
        -0.105
      ]
    },
    {
      "Target": "Parameter",
      "Id": "HairSide_Move",
      "Segments": [
        0,
        0.102,
        1,
        0.078,
        0.179,
        0.155,
        0.272,
        0.233,
        0.272,
        0,
        1.167,
        -0.099
      ]
    },
    {
      "Target": "Parameter",
      "Id": "HairBack_Move",
      "Segments": [
        0,
        0.188,
        1,
        0.078,
        0.33,
        0.155,
        0.5,
        0.233,
        0.5,
        0,
        1.167,
        -0.233
      ]
    },
    {
      "Target": "Parameter",
      "Id": "ShoulderRY",
      "Segments": [
        0,
        -1.04,
        1,
        0.222,
        -3.6,
        0.445,
        -10,
        0.667,
        -10,
        1,
        0.834,
        -10,
        1,
        -9.99,
        1.167,
        -9.826
      ]
    },
    {
      "Target": "Parameter",
      "Id": "ShoulderLY",
      "Segments": [
        0,
        0.557,
        1,
        0.289,
        2.373,
        0.578,
        8,
        0.867,
        8,
        1,
        0.967,
        8,
        1.067,
        8.037,
        1.167,
        7.798
      ]
    },
    {
      "Target": "Parameter",
      "Id": "ShoulderR_Roll",
      "Segments": [
        0,
        0.624,
        1,
        0.244,
        2.35,
        0.489,
        7.174,
        0.733,
        8.95,
        1,
        0.878,
        9.766,
        1.022,
        10.083,
        1.167,
        10.083
      ]
    },
    {
      "Target": "Parameter",
      "Id": "Param",
      "Segments": [
        0,
        -1.259,
        1,
        0.278,
        -5.194,
        0.555,
        -17,
        0.833,
        -17,
        2,
        1.167,
        -17
      ]
    },
    {
      "Target": "Parameter",
      "Id": "ArmR_Roll",
      "Segments": [
        0,
        -0.944,
        1,
        0.2,
        -3.054,
        0.4,
        -8.121,
        0.6,
        -10.094,
        1,
        0.789,
        -11.339,
        0.978,
        -12.94,
        1.167,
        -13
      ]
    },
    {
      "Target": "Parameter",
      "Id": "ArmR_Form",
      "Segments": [
        0,
        -1.333,
        1,
        0.278,
        -5.5,
        0.555,
        -18,
        0.833,
        -18,
        2,
        1.167,
        -18
      ]
    },
    {
      "Target": "Parameter",
      "Id": "ShoulderL_Roll",
      "Segments": [
        0,
        0,
        2,
        0.7,
        0,
        1,
        0.856,
        0,
        1.011,
        -0.255,
        1.167,
        -0.504
      ]
    },
    {
      "Target": "Parameter",
      "Id": "ArmL_Roll",
      "Segments": [
        0,
        0.077,
        1,
        0.267,
        0.316,
        0.533,
        1.088,
        0.8,
        1.991,
        1,
        0.922,
        2.405,
        1.045,
        2.665,
        1.167,
        2.837
      ]
    },
    {
      "Target": "Parameter",
      "Id": "ArmL_Form",
      "Segments": [
        0,
        -0.484,
        1,
        0.233,
        -1.738,
        0.467,
        -5,
        0.7,
        -5,
        2,
        1.167,
        -5
      ]
    },
    {
      "Target": "Parameter",
      "Id": "HandL_Roll",
      "Segments": [
        0,
        -0.303,
        1,
        0.389,
        -1.681,
        0.778,
        -7.538,
        1.167,
        -13
      ]
    },
    {
      "Target": "PartOpacity",
      "Id": "Part2",
      "Segments": [
        0,
        1,
        2,
        1.17,
        1
      ]
    },
    {
      "Target": "PartOpacity",
      "Id": "Part3",
      "Segments": [
        0,
        1,
        2,
        1.17,
        1
      ]
    },
    {
      "Target": "PartOpacity",
      "Id": "Part10",
      "Segments": [
        0,
        1,
        2,
        1.17,
        1
      ]
    },
    {
      "Target": "PartOpacity",
      "Id": "Part4",
      "Segments": [
        0,
        1,
        2,
        1.17,
        1
      ]
    },
    {
      "Target": "PartOpacity",
      "Id": "Part9",
      "Segments": [
        0,
        0,
        2,
        1.17,
        0
      ]
    },
    {
      "Target": "PartOpacity",
      "Id": "Part5",
      "Segments": [
        0,
        1,
        2,
        1.17,
        1
      ]
    },
    {
      "Target": "PartOpacity",
      "Id": "Part6",
      "Segments": [
        0,
        1,
        2,
        1.17,
        1
      ]
    },
    {
      "Target": "PartOpacity",
      "Id": "Part7",
      "Segments": [
        0,
        1,
        2,
        1.17,
        1
      ]
    },
    {
      "Target": "PartOpacity",
      "Id": "Part8",
      "Segments": [
        0,
        1,
        2,
        1.17,
        1
      ]
    },
    {
      "Target": "PartOpacity",
      "Id": "Part11",
      "Segments": [
        0,
        1,
        2,
        0.27,
        1,
        0,
        0.47,
        0,
        2,
        1.17,
        0
      ]
    },
    {
      "Target": "PartOpacity",
      "Id": "Part",
      "Segments": [
        0,
        0,
        2,
        0.23,
        0,
        0,
        0.47,
        1,
        2,
        1.17,
        1
      ]
    },
    {
      "Target": "PartOpacity",
      "Id": "Part20",
      "Segments": [
        0,
        0,
        2,
        1.17,
        0
      ]
    },
    {
      "Target": "PartOpacity",
      "Id": "Part23",
      "Segments": [
        0,
        1,
        2,
        1.17,
        1
      ]
    },
    {
      "Target": "PartOpacity",
      "Id": "Part13",
      "Segments": [
        0,
        1,
        2,
        1.17,
        1
      ]
    },
    {
      "Target": "PartOpacity",
      "Id": "Part12",
      "Segments": [
        0,
        1,
        2,
        1.17,
        1
      ]
    },
    {
      "Target": "Model",
      "Id": "Opacity",
      "Segments": [
        0,
        1,
        0,
        1.17,
        1
      ]
    },
    {
      "Target": "Parameter",
      "Id": "Param21",
      "Segments": [
        0,
        0,
        0,
        1.17,
        0
      ]
    },
    {
      "Target": "Parameter",
      "Id": "BrowR_Form",
      "Segments": [
        0,
        0,
        0,
        1.17,
        0
      ]
    },
    {
      "Target": "Parameter",
      "Id": "BrowR_Form2",
      "Segments": [
        0,
        1,
        0,
        1.17,
        1
      ]
    },
    {
      "Target": "Parameter",
      "Id": "BrowL_Form",
      "Segments": [
        0,
        0,
        0,
        1.17,
        0
      ]
    },
    {
      "Target": "Parameter",
      "Id": "BrowL_Form2",
      "Segments": [
        0,
        1,
        0,
        1.17,
        1
      ]
    },
    {
      "Target": "Parameter",
      "Id": "BrowR_Angle",
      "Segments": [
        0,
        0,
        0,
        1.17,
        0
      ]
    },
    {
      "Target": "Parameter",
      "Id": "BrowL_Angle",
      "Segments": [
        0,
        0,
        0,
        1.17,
        0
      ]
    },
    {
      "Target": "Parameter",
      "Id": "HighlightX",
      "Segments": [
        0,
        0,
        0,
        1.17,
        0
      ]
    },
    {
      "Target": "Parameter",
      "Id": "EyeR_Open",
      "Segments": [
        0,
        1,
        0,
        1.17,
        1
      ]
    },
    {
      "Target": "Parameter",
      "Id": "EyeR_Smile",
      "Segments": [
        0,
        0.5,
        0,
        1.17,
        0.5
      ]
    },
    {
      "Target": "Parameter",
      "Id": "EyeL_Open",
      "Segments": [
        0,
        1,
        0,
        1.17,
        1
      ]
    },
    {
      "Target": "Parameter",
      "Id": "EyeL_Smile",
      "Segments": [
        0,
        0.5,
        0,
        1.17,
        0.5
      ]
    },
    {
      "Target": "Parameter",
      "Id": "Mouth_Open",
      "Segments": [
        0,
        1,
        0,
        1.17,
        1
      ]
    },
    {
      "Target": "Parameter",
      "Id": "Mouth_Size",
      "Segments": [
        0,
        1,
        0,
        1.17,
        1
      ]
    },
    {
      "Target": "Parameter",
      "Id": "ArmL_Form2",
      "Segments": [
        0,
        0,
        0,
        1.17,
        0
      ]
    },
    {
      "Target": "Parameter",
      "Id": "HandR_Roll",
      "Segments": [
        0,
        0,
        0,
        1.17,
        0
      ]
    },
    {
      "Target": "Parameter",
      "Id": "LegR_Roll",
      "Segments": [
        0,
        0,
        0,
        1.17,
        0
      ]
    },
    {
      "Target": "Parameter",
      "Id": "LegL_Roll",
      "Segments": [
        0,
        0,
        0,
        1.17,
        0
      ]
    },
    {
      "Target": "Parameter",
      "Id": "Lowerbody_Roll",
      "Segments": [
        0,
        0,
        0,
        1.17,
        0
      ]
    }
  ],
  "UserData": []
}