{
  "Version": 3,
  "Meta": {
    "Duration": 1.17,
    "Fps": 30.0,
    "Loop": true,
    "AreBeziersRestricted": true,
    "CurveCount": 69,
    "TotalSegmentCount": 133,
    "TotalPointCount": 247,
    "UserDataCount": 0,
    "TotalUserDataSize": 0
  },
  "Curves": [
    {
      "Target": "Parameter",
      "Id": "Breath",
      "Segments": [
        0,
        0.189,
        1,
        0.144,
        0.478,
        0.289,
        1,
        0.433,
        1,
        0,
        1.167,
        0
      ]
    },
    {
      "Target": "Parameter",
      "Id": "Body_Shaking",
      "Segments": [
        0,
        -2.705,
        1,
        0.244,
        -10.082,
        0.489,
        -30,
        0.733,
        -30,
        2,
        1.167,
        -30
      ]
    },
    {
      "Target": "Parameter",
      "Id": "BodyY",
      "Segments": [
        0,
        -4,
        1,
        0.056,
        -6,
        0.111,
        -8,
        0.167,
        -8,
        0,
        0.567,
        6.528,
        0,
        0.8,
        -2.86,
        0,
        1.167,
        0
      ]
    },
    {
      "Target": "Parameter",
      "Id": "Param22",
      "Segments": [
        0,
        -1.045,
        1,
        0.289,
        -4.448,
        0.578,
        -15,
        0.867,
        -15,
        0,
        1.167,
        -13
      ]
    },
    {
      "Target": "Parameter",
      "Id": "Param4",
      "Segments": [
        0,
        -15,
        1,
        0.056,
        -22.5,
        0.111,
        -30,
        0.167,
        -30,
        0,
        0.633,
        25,
        0,
        1,
        8,
        1,
        1.056,
        7.826,
        1.111,
        7.681,
        1.167,
        8.388
      ]
    },
    {
      "Target": "Parameter",
      "Id": "Waist_Roll",
      "Segments": [
        0,
        -1.5,
        1,
        0.056,
        -2.25,
        0.111,
        -3,
        0.167,
        -3,
        1,
        0.334,
        -3,
        0.5,
        6.564,
        0.667,
        8.932,
        1,
        0.834,
        11.169,
        1,
        11.617,
        1.167,
        12.073
      ]
    },
    {
      "Target": "Parameter",
      "Id": "JacketR_Move",
      "Segments": [
        0,
        2.31,
        1,
        0.089,
        4.349,
        0.178,
        7,
        0.267,
        7,
        0,
        0.7,
        -26.935,
        1,
        0.856,
        -26.935,
        1.011,
        -22.055,
        1.167,
        -15.319
      ]
    },
    {
      "Target": "Parameter",
      "Id": "JacketL_Move",
      "Segments": [
        0,
        -2.31,
        1,
        0.089,
        -4.349,
        0.178,
        -7,
        0.267,
        -7,
        0,
        0.7,
        27.065,
        1,
        0.856,
        27.065,
        1.011,
        22.775,
        1.167,
        16.531
      ]
    },
    {
      "Target": "Parameter",
      "Id": "BodyX",
      "Segments": [
        0,
        6,
        1,
        0.056,
        9,
        0.111,
        12,
        0.167,
        12,
        0,
        0.733,
        -8,
        2,
        1.167,
        -8
      ]
    },
    {
      "Target": "Parameter",
      "Id": "Head_AngleX",
      "Segments": [
        0,
        -3.024,
        1,
        0.067,
        -4.917,
        0.133,
        -7,
        0.2,
        -7,
        1,
        0.522,
        -7,
        0.845,
        -0.448,
        1.167,
        0
      ]
    },
    {
      "Target": "Parameter",
      "Id": "Head_AngleY",
      "Segments": [
        0,
        -12.96,
        1,
        0.067,
        -21.074,
        0.133,
        -30,
        0.2,
        -30,
        1,
        0.522,
        -30,
        0.845,
        0.665,
        1.167,
        1
      ]
    },
    {
      "Target": "Parameter",
      "Id": "Head_Roll",
      "Segments": [
        0,
        -1.059,
        1,
        0.2,
        -3.409,
        0.4,
        -8.952,
        0.6,
        -10.222,
        1,
        0.789,
        -11.276,
        0.978,
        -11.711,
        1.167,
        -12.241
      ]
    },
    {
      "Target": "Parameter",
      "Id": "Head_RollY",
      "Segments": [
        0,
        -6,
        1,
        0.056,
        -9,
        0.111,
        -12,
        0.167,
        -12,
        0,
        0.633,
        0,
        2,
        1.167,
        0
      ]
    },
    {
      "Target": "Parameter",
      "Id": "BrowRY",
      "Segments": [
        0,
        0,
        2,
        0.133,
        0,
        0,
        0.433,
        0.6,
        1,
        0.678,
        0.6,
        0.922,
        0.423,
        1.167,
        0.3
      ]
    },
    {
      "Target": "Parameter",
      "Id": "BrowLY",
      "Segments": [
        0,
        0,
        2,
        0.133,
        0,
        0,
        0.433,
        0.6,
        1,
        0.678,
        0.6,
        0.922,
        0.423,
        1.167,
        0.3
      ]
    },
    {
      "Target": "Parameter",
      "Id": "Eyeball_Size",
      "Segments": [
        0,
        0,
        2,
        0.2,
        0,
        0,
        0.467,
        -24.415,
        0,
        0.767,
        -13.711,
        2,
        1.167,
        -13.711
      ]
    },
    {
      "Target": "Parameter",
      "Id": "EyeR_Smile",
      "Segments": [
        0,
        0.5,
        1,
        0.122,
        0.902,
        0.245,
        1,
        0.367,
        1,
        0,
        0.667,
        0.7,
        2,
        1.167,
        0.7
      ]
    },
    {
      "Target": "Parameter",
      "Id": "EyeL_Smile",
      "Segments": [
        0,
        0.5,
        1,
        0.122,
        0.902,
        0.245,
        1,
        0.367,
        1,
        0,
        0.667,
        0.7,
        2,
        1.167,
        0.7
      ]
    },
    {
      "Target": "Parameter",
      "Id": "MouthForm2",
      "Segments": [
        0,
        -4.292,
        1,
        0.178,
        -12.585,
        0.355,
        -30,
        0.533,
        -30,
        2,
        1.167,
        -30
      ]
    },
    {
      "Target": "Parameter",
      "Id": "MouthForm",
      "Segments": [
        0,
        -7.376,
        1,
        0.067,
        -12.403,
        0.133,
        -18.87,
        0.2,
        -23,
        1,
        0.311,
        -29.883,
        0.422,
        -30,
        0.533,
        -30,
        2,
        1.167,
        -30
      ]
    },
    {
      "Target": "Parameter",
      "Id": "Hair_Move",
      "Segments": [
        0,
        6.414,
        1,
        0.022,
        7.347,
        0.045,
        8,
        0.067,
        8,
        0,
        0.733,
        -9,
        0,
        1.167,
        9.724
      ]
    },
    {
      "Target": "Parameter",
      "Id": "HairFront_Move",
      "Segments": [
        0,
        0.481,
        1,
        0.022,
        0.551,
        0.045,
        0.6,
        0.067,
        0.6,
        0,
        0.733,
        -0.4,
        1,
        0.878,
        -0.4,
        1.022,
        0.196,
        1.167,
        0.377
      ]
    },
    {
      "Target": "Parameter",
      "Id": "HairSide_Move",
      "Segments": [
        0,
        0.481,
        1,
        0.022,
        0.551,
        0.045,
        0.6,
        0.067,
        0.6,
        0,
        0.733,
        -0.4,
        1,
        0.878,
        -0.4,
        1.022,
        0.207,
        1.167,
        0.417
      ]
    },
    {
      "Target": "Parameter",
      "Id": "HairBack_Move",
      "Segments": [
        0,
        0.401,
        1,
        0.022,
        0.459,
        0.045,
        0.5,
        0.067,
        0.5,
        0,
        0.733,
        -0.3,
        1,
        0.878,
        -0.3,
        1.022,
        -0.144,
        1.167,
        0.013
      ]
    },
    {
      "Target": "Parameter",
      "Id": "ShoulderRY",
      "Segments": [
        0,
        1.749,
        1,
        0.1,
        3.52,
        0.2,
        6,
        0.3,
        6,
        0,
        0.833,
        -9,
        2,
        1.167,
        -9
      ]
    },
    {
      "Target": "Parameter",
      "Id": "ShoulderLY",
      "Segments": [
        0,
        4.082,
        1,
        0.1,
        8.214,
        0.2,
        14,
        0.3,
        14,
        0,
        0.833,
        11,
        2,
        1.167,
        11
      ]
    },
    {
      "Target": "Parameter",
      "Id": "ShoulderR_Roll",
      "Segments": [
        0,
        2.405,
        1,
        0.022,
        2.755,
        0.045,
        3,
        0.067,
        3,
        1,
        0.178,
        3,
        0.289,
        -1.697,
        0.4,
        -3.586,
        1,
        0.511,
        -5.474,
        0.622,
        -5.455,
        0.733,
        -5.455,
        1,
        0.878,
        -5.455,
        1.022,
        -4.594,
        1.167,
        -4.192
      ]
    },
    {
      "Target": "Parameter",
      "Id": "Param",
      "Segments": [
        0,
        -3.637,
        1,
        0.2,
        -11.626,
        0.4,
        -30,
        0.6,
        -30,
        2,
        1.167,
        -30
      ]
    },
    {
      "Target": "Parameter",
      "Id": "ArmR_Roll",
      "Segments": [
        0,
        -0.446,
        1,
        0.044,
        -0.843,
        0.089,
        -1.592,
        0.133,
        -3,
        1,
        0.289,
        -7.927,
        0.444,
        -16,
        0.6,
        -16,
        0,
        1.167,
        -12.819
      ]
    },
    {
      "Target": "Parameter",
      "Id": "ShoulderL_Roll",
      "Segments": [
        0,
        -1.475,
        1,
        0.056,
        -2.212,
        0.111,
        -2.949,
        0.167,
        -2.949,
        1,
        0.256,
        -2.963,
        0.344,
        3.806,
        0.433,
        5.737,
        1,
        0.555,
        7.643,
        0.678,
        8.148,
        0.8,
        8.284,
        1,
        0.922,
        8.417,
        1.045,
        8.259,
        1.167,
        7.898
      ]
    },
    {
      "Target": "Parameter",
      "Id": "ArmL_Form2",
      "Segments": [
        0,
        -2.91,
        1,
        0.2,
        -9.301,
        0.4,
        -24,
        0.6,
        -24,
        2,
        1.167,
        -24
      ]
    },
    {
      "Target": "Parameter",
      "Id": "ArmL_Roll",
      "Segments": [
        0,
        2.405,
        1,
        0.022,
        2.755,
        0.045,
        3,
        0.067,
        3,
        0,
        0.6,
        -3,
        0,
        1.167,
        0.942
      ]
    },
    {
      "Target": "Parameter",
      "Id": "ArmL_Form",
      "Segments": [
        0,
        -1.091,
        1,
        0.2,
        -3.488,
        0.4,
        -9,
        0.6,
        -9,
        2,
        1.167,
        -9
      ]
    },
    {
      "Target": "Parameter",
      "Id": "HandR_Roll",
      "Segments": [
        0,
        -0.034,
        1,
        0.389,
        -0.197,
        0.778,
        -0.976,
        1.167,
        -3
      ]
    },
    {
      "Target": "Parameter",
      "Id": "HandL_Roll",
      "Segments": [
        0,
        -6.226,
        1,
        0.022,
        -7.172,
        0.045,
        -7.877,
        0.067,
        -8,
        1,
        0.3,
        -9.287,
        0.534,
        -9.924,
        0.767,
        -11,
        1,
        0.9,
        -11.615,
        1.034,
        -12.138,
        1.167,
        -13.125
      ]
    },
    {
      "Target": "Parameter",
      "Id": "LegR_Roll",
      "Segments": [
        0,
        0.129,
        1,
        0.389,
        0.703,
        0.778,
        3,
        1.167,
        3
      ]
    },
    {
      "Target": "Parameter",
      "Id": "LegL_Roll",
      "Segments": [
        0,
        0.172,
        1,
        0.389,
        0.937,
        0.778,
        4,
        1.167,
        4
      ]
    },
    {
      "Target": "PartOpacity",
      "Id": "Part2",
      "Segments": [
        0,
        1,
        2,
        1.17,
        1
      ]
    },
    {
      "Target": "PartOpacity",
      "Id": "Part3",
      "Segments": [
        0,
        1,
        2,
        1.17,
        1
      ]
    },
    {
      "Target": "PartOpacity",
      "Id": "Part10",
      "Segments": [
        0,
        1,
        2,
        1.17,
        1
      ]
    },
    {
      "Target": "PartOpacity",
      "Id": "Part4",
      "Segments": [
        0,
        1,
        2,
        1.17,
        1
      ]
    },
    {
      "Target": "PartOpacity",
      "Id": "Part9",
      "Segments": [
        0,
        1,
        2,
        1.17,
        1
      ]
    },
    {
      "Target": "PartOpacity",
      "Id": "Part5",
      "Segments": [
        0,
        1,
        2,
        1.17,
        1
      ]
    },
    {
      "Target": "PartOpacity",
      "Id": "Part6",
      "Segments": [
        0,
        1,
        2,
        1.17,
        1
      ]
    },
    {
      "Target": "PartOpacity",
      "Id": "Part7",
      "Segments": [
        0,
        1,
        2,
        1.17,
        1
      ]
    },
    {
      "Target": "PartOpacity",
      "Id": "Part8",
      "Segments": [
        0,
        1,
        2,
        1.17,
        1
      ]
    },
    {
      "Target": "PartOpacity",
      "Id": "Part11",
      "Segments": [
        0,
        1,
        2,
        1.17,
        1
      ]
    },
    {
      "Target": "PartOpacity",
      "Id": "Part",
      "Segments": [
        0,
        0,
        2,
        1.17,
        0
      ]
    },
    {
      "Target": "PartOpacity",
      "Id": "Part20",
      "Segments": [
        0,
        0,
        2,
        1.17,
        0
      ]
    },
    {
      "Target": "PartOpacity",
      "Id": "Part23",
      "Segments": [
        0,
        1,
        2,
        1.17,
        1
      ]
    },
    {
      "Target": "PartOpacity",
      "Id": "Part13",
      "Segments": [
        0,
        1,
        2,
        1.17,
        1
      ]
    },
    {
      "Target": "PartOpacity",
      "Id": "Part12",
      "Segments": [
        0,
        1,
        2,
        1.17,
        1
      ]
    },
    {
      "Target": "Model",
      "Id": "Opacity",
      "Segments": [
        0,
        1,
        0,
        1.17,
        1
      ]
    },
    {
      "Target": "Parameter",
      "Id": "Param21",
      "Segments": [
        0,
        0,
        0,
        1.17,
        0
      ]
    },
    {
      "Target": "Parameter",
      "Id": "BrowR_Form",
      "Segments": [
        0,
        0,
        0,
        1.17,
        0
      ]
    },
    {
      "Target": "Parameter",
      "Id": "BrowR_Form2",
      "Segments": [
        0,
        1,
        0,
        1.17,
        1
      ]
    },
    {
      "Target": "Parameter",
      "Id": "BrowL_Form",
      "Segments": [
        0,
        0,
        0,
        1.17,
        0
      ]
    },
    {
      "Target": "Parameter",
      "Id": "BrowL_Form2",
      "Segments": [
        0,
        1,
        0,
        1.17,
        1
      ]
    },
    {
      "Target": "Parameter",
      "Id": "BrowR_Angle",
      "Segments": [
        0,
        0,
        0,
        1.17,
        0
      ]
    },
    {
      "Target": "Parameter",
      "Id": "BrowL_Angle",
      "Segments": [
        0,
        0,
        0,
        1.17,
        0
      ]
    },
    {
      "Target": "Parameter",
      "Id": "HighlightX",
      "Segments": [
        0,
        0,
        0,
        1.17,
        0
      ]
    },
    {
      "Target": "Parameter",
      "Id": "EyeBallX",
      "Segments": [
        0,
        0,
        0,
        1.17,
        0
      ]
    },
    {
      "Target": "Parameter",
      "Id": "EyeBallY",
      "Segments": [
        0,
        0,
        0,
        1.17,
        0
      ]
    },
    {
      "Target": "Parameter",
      "Id": "EyeR_Open",
      "Segments": [
        0,
        1,
        0,
        1.17,
        1
      ]
    },
    {
      "Target": "Parameter",
      "Id": "EyeL_Open",
      "Segments": [
        0,
        1,
        0,
        1.17,
        1
      ]
    },
    {
      "Target": "Parameter",
      "Id": "Mouth_Open",
      "Segments": [
        0,
        1,
        0,
        1.17,
        1
      ]
    },
    {
      "Target": "Parameter",
      "Id": "Mouth_Size",
      "Segments": [
        0,
        1,
        0,
        1.17,
        1
      ]
    },
    {
      "Target": "Parameter",
      "Id": "ArmR_Form",
      "Segments": [
        0,
        0,
        0,
        1.17,
        0
      ]
    },
    {
      "Target": "Parameter",
      "Id": "Lowerbody_Roll",
      "Segments": [
        0,
        0,
        0,
        1.17,
        0
      ]
    }
  ],
  "UserData": []
}