{
  "Version": 3,
  "Meta": {
    "Duration": 1.33,
    "Fps": 30.0,
    "Loop": true,
    "AreBeziersRestricted": true,
    "CurveCount": 68,
    "TotalSegmentCount": 96,
    "TotalPointCount": 190,
    "UserDataCount": 0,
    "TotalUserDataSize": 0
  },
  "Curves": [
    {
      "Target": "Parameter",
      "Id": "Breath",
      "Segments": [
        0,
        0.425,
        1,
        0.222,
        0.637,
        0.445,
        0.849,
        0.667,
        0.849,
        1,
        0.889,
        0.849,
        1.111,
        0.806,
        1.333,
        0.616
      ]
    },
    {
      "Target": "Parameter",
      "Id": "Body_Shaking",
      "Segments": [
        0,
        6.874,
        1,
        0.156,
        9.047,
        0.311,
        10.894,
        0.467,
        10.894,
        1,
        0.756,
        10.894,
        1.044,
        10.7,
        1.333,
        6.975
      ]
    },
    {
      "Target": "Parameter",
      "Id": "Param22",
      "Segments": [
        0,
        15.504,
        1,
        0.067,
        16.973,
        0.133,
        17.927,
        0.2,
        17.927,
        1,
        0.5,
        17.927,
        0.8,
        13.168,
        1.1,
        0,
        1,
        1.178,
        -0.58,
        1.255,
        -1.159,
        1.333,
        -1.687
      ]
    },
    {
      "Target": "Parameter",
      "Id": "JacketR_Move",
      "Segments": [
        0,
        -3.207,
        1,
        0.089,
        -3.673,
        0.178,
        -4,
        0.267,
        -4,
        0,
        1.333,
        4.191
      ]
    },
    {
      "Target": "Parameter",
      "Id": "JacketL_Move",
      "Segments": [
        0,
        -2.143,
        1,
        0.178,
        -2.949,
        0.355,
        -3.675,
        0.533,
        -3.675,
        1,
        0.8,
        -3.675,
        1.066,
        -3.736,
        1.333,
        -2.41
      ]
    },
    {
      "Target": "Parameter",
      "Id": "Param21",
      "Segments": [
        0,
        6.306,
        1,
        0.1,
        7.393,
        0.2,
        8.181,
        0.3,
        8.181,
        1,
        0.644,
        8.181,
        0.989,
        3.936,
        1.333,
        -2.277
      ]
    },
    {
      "Target": "Parameter",
      "Id": "Head_AngleX",
      "Segments": [
        0,
        9.896,
        1,
        0.211,
        9.698,
        0.422,
        9.183,
        0.633,
        8.104,
        1,
        0.866,
        6.911,
        1.1,
        4.448,
        1.333,
        3.575
      ]
    },
    {
      "Target": "Parameter",
      "Id": "Head_AngleY",
      "Segments": [
        0,
        -4.577,
        1,
        0.211,
        -3.649,
        0.422,
        -1.381,
        0.633,
        2.646,
        1,
        0.866,
        7.097,
        1.1,
        9.967,
        1.333,
        9.967
      ]
    },
    {
      "Target": "Parameter",
      "Id": "Head_Roll",
      "Segments": [
        0,
        0,
        2,
        0.733,
        0,
        1,
        0.933,
        0,
        1.133,
        -0.002,
        1.333,
        0.686
      ]
    },
    {
      "Target": "Parameter",
      "Id": "BrowRY",
      "Segments": [
        0,
        0.166,
        1,
        0.133,
        0.135,
        0.267,
        0.081,
        0.4,
        0,
        1,
        0.711,
        -0.19,
        1.022,
        -0.3,
        1.333,
        -0.3
      ]
    },
    {
      "Target": "Parameter",
      "Id": "BrowLY",
      "Segments": [
        0,
        0.166,
        1,
        0.133,
        0.135,
        0.267,
        0.081,
        0.4,
        0,
        1,
        0.711,
        -0.19,
        1.022,
        -0.3,
        1.333,
        -0.3
      ]
    },
    {
      "Target": "Parameter",
      "Id": "BrowR_Form",
      "Segments": [
        0,
        0.504,
        1,
        0.278,
        0.203,
        0.555,
        -0.7,
        0.833,
        -0.7,
        2,
        1.333,
        -0.7
      ]
    },
    {
      "Target": "Parameter",
      "Id": "BrowL_Form",
      "Segments": [
        0,
        0.504,
        1,
        0.278,
        0.203,
        0.555,
        -0.7,
        0.833,
        -0.7,
        2,
        1.333,
        -0.7
      ]
    },
    {
      "Target": "Parameter",
      "Id": "EyeBallX",
      "Segments": [
        0,
        -0.082,
        1,
        0.211,
        -0.053,
        0.422,
        0,
        0.633,
        0,
        2,
        1.333,
        0
      ]
    },
    {
      "Target": "Parameter",
      "Id": "EyeBallY",
      "Segments": [
        0,
        0.001,
        1,
        0.211,
        -0.023,
        0.422,
        -0.068,
        0.633,
        -0.068,
        0,
        1.333,
        0.016
      ]
    },
    {
      "Target": "Parameter",
      "Id": "MouthForm",
      "Segments": [
        0,
        -23.752,
        1,
        0.111,
        -21.273,
        0.222,
        -19,
        0.333,
        -19,
        1,
        0.666,
        -19,
        1,
        -19.576,
        1.333,
        -21
      ]
    },
    {
      "Target": "Parameter",
      "Id": "Hair_Move",
      "Segments": [
        0,
        -5.299,
        1,
        0.233,
        -8.114,
        0.467,
        -11,
        0.7,
        -11,
        1,
        0.911,
        -11,
        1.122,
        -11.351,
        1.333,
        -7.433
      ]
    },
    {
      "Target": "Parameter",
      "Id": "HairFront_Move",
      "Segments": [
        0,
        0.37,
        1,
        0.044,
        0.389,
        0.089,
        0.4,
        0.133,
        0.4,
        1,
        0.533,
        0.4,
        0.933,
        0.252,
        1.333,
        -0.006
      ]
    },
    {
      "Target": "Parameter",
      "Id": "HairSide_Move",
      "Segments": [
        0,
        0.278,
        1,
        0.044,
        0.292,
        0.089,
        0.3,
        0.133,
        0.3,
        1,
        0.533,
        0.3,
        0.933,
        0.184,
        1.333,
        0.009
      ]
    },
    {
      "Target": "Parameter",
      "Id": "HairBack_Move",
      "Segments": [
        0,
        0.179,
        1,
        0.056,
        0.192,
        0.111,
        0.2,
        0.167,
        0.2,
        0,
        1.333,
        -0.218
      ]
    },
    {
      "Target": "Parameter",
      "Id": "ShoulderRY",
      "Segments": [
        0,
        1.296,
        1,
        0.444,
        2.778,
        0.889,
        5,
        1.333,
        5
      ]
    },
    {
      "Target": "Parameter",
      "Id": "ShoulderLY",
      "Segments": [
        0,
        1.296,
        1,
        0.444,
        2.778,
        0.889,
        5,
        1.333,
        5
      ]
    },
    {
      "Target": "Parameter",
      "Id": "ShoulderR_Roll",
      "Segments": [
        0,
        3.333,
        1,
        0.078,
        3.731,
        0.155,
        4,
        0.233,
        4,
        1,
        0.6,
        4,
        0.966,
        2.065,
        1.333,
        1.196
      ]
    },
    {
      "Target": "Parameter",
      "Id": "ArmR_Roll",
      "Segments": [
        0,
        -2.963,
        1,
        0.111,
        -3.556,
        0.222,
        -4,
        0.333,
        -4,
        1,
        0.666,
        -4,
        1,
        -2.944,
        1.333,
        -2
      ]
    },
    {
      "Target": "Parameter",
      "Id": "ShoulderL_Roll",
      "Segments": [
        0,
        -1.971,
        1,
        0.022,
        -2.001,
        0.045,
        -2.018,
        0.067,
        -2.018,
        1,
        0.489,
        -2.018,
        0.911,
        -0.104,
        1.333,
        0.672
      ]
    },
    {
      "Target": "Parameter",
      "Id": "ArmL_Roll",
      "Segments": [
        0,
        0.606,
        1,
        0.167,
        0.816,
        0.333,
        1,
        0.5,
        1,
        1,
        0.778,
        1,
        1.055,
        1.01,
        1.333,
        0.888
      ]
    },
    {
      "Target": "Parameter",
      "Id": "HandR_Roll",
      "Segments": [
        0,
        2.497,
        1,
        0.011,
        2.508,
        0.022,
        2.514,
        0.033,
        2.514,
        0,
        1.333,
        -3.785
      ]
    },
    {
      "Target": "Parameter",
      "Id": "HandL_Roll",
      "Segments": [
        0,
        -9.165,
        1,
        0.078,
        -10.261,
        0.155,
        -11,
        0.233,
        -11,
        1,
        0.6,
        -11,
        0.966,
        -8.221,
        1.333,
        -5.981
      ]
    },
    {
      "Target": "PartOpacity",
      "Id": "Part2",
      "Segments": [
        0,
        1,
        2,
        1.33,
        1
      ]
    },
    {
      "Target": "PartOpacity",
      "Id": "Part3",
      "Segments": [
        0,
        1,
        2,
        1.33,
        1
      ]
    },
    {
      "Target": "PartOpacity",
      "Id": "Part10",
      "Segments": [
        0,
        1,
        2,
        1.33,
        1
      ]
    },
    {
      "Target": "PartOpacity",
      "Id": "Part4",
      "Segments": [
        0,
        1,
        2,
        1.33,
        1
      ]
    },
    {
      "Target": "PartOpacity",
      "Id": "Part9",
      "Segments": [
        0,
        0,
        2,
        1.33,
        0
      ]
    },
    {
      "Target": "PartOpacity",
      "Id": "Part5",
      "Segments": [
        0,
        1,
        2,
        1.33,
        1
      ]
    },
    {
      "Target": "PartOpacity",
      "Id": "Part6",
      "Segments": [
        0,
        1,
        2,
        1.33,
        1
      ]
    },
    {
      "Target": "PartOpacity",
      "Id": "Part7",
      "Segments": [
        0,
        1,
        2,
        1.33,
        1
      ]
    },
    {
      "Target": "PartOpacity",
      "Id": "Part8",
      "Segments": [
        0,
        1,
        2,
        1.33,
        1
      ]
    },
    {
      "Target": "PartOpacity",
      "Id": "Part11",
      "Segments": [
        0,
        1,
        2,
        1.33,
        1
      ]
    },
    {
      "Target": "PartOpacity",
      "Id": "Part",
      "Segments": [
        0,
        0,
        2,
        1.33,
        0
      ]
    },
    {
      "Target": "PartOpacity",
      "Id": "Part20",
      "Segments": [
        0,
        0,
        2,
        1.33,
        0
      ]
    },
    {
      "Target": "PartOpacity",
      "Id": "Part23",
      "Segments": [
        0,
        1,
        2,
        1.33,
        1
      ]
    },
    {
      "Target": "PartOpacity",
      "Id": "Part13",
      "Segments": [
        0,
        1,
        2,
        1.33,
        1
      ]
    },
    {
      "Target": "PartOpacity",
      "Id": "Part12",
      "Segments": [
        0,
        1,
        2,
        1.33,
        1
      ]
    },
    {
      "Target": "Model",
      "Id": "Opacity",
      "Segments": [
        0,
        1,
        0,
        1.33,
        1
      ]
    },
    {
      "Target": "Parameter",
      "Id": "BodyY",
      "Segments": [
        0,
        0,
        0,
        1.33,
        0
      ]
    },
    {
      "Target": "Parameter",
      "Id": "Param4",
      "Segments": [
        0,
        0,
        0,
        1.33,
        0
      ]
    },
    {
      "Target": "Parameter",
      "Id": "Waist_Roll",
      "Segments": [
        0,
        0,
        0,
        1.33,
        0
      ]
    },
    {
      "Target": "Parameter",
      "Id": "BodyX",
      "Segments": [
        0,
        0,
        0,
        1.33,
        0
      ]
    },
    {
      "Target": "Parameter",
      "Id": "Head_RollY",
      "Segments": [
        0,
        0,
        0,
        1.33,
        0
      ]
    },
    {
      "Target": "Parameter",
      "Id": "BrowR_Form2",
      "Segments": [
        0,
        1,
        0,
        1.33,
        1
      ]
    },
    {
      "Target": "Parameter",
      "Id": "BrowL_Form2",
      "Segments": [
        0,
        1,
        0,
        1.33,
        1
      ]
    },
    {
      "Target": "Parameter",
      "Id": "BrowR_Angle",
      "Segments": [
        0,
        0,
        0,
        1.33,
        0
      ]
    },
    {
      "Target": "Parameter",
      "Id": "BrowL_Angle",
      "Segments": [
        0,
        0,
        0,
        1.33,
        0
      ]
    },
    {
      "Target": "Parameter",
      "Id": "Eyeball_Size",
      "Segments": [
        0,
        0,
        0,
        1.33,
        0
      ]
    },
    {
      "Target": "Parameter",
      "Id": "HighlightX",
      "Segments": [
        0,
        0,
        0,
        1.33,
        0
      ]
    },
    {
      "Target": "Parameter",
      "Id": "EyeR_Open",
      "Segments": [
        0,
        1,
        0,
        1.33,
        1
      ]
    },
    {
      "Target": "Parameter",
      "Id": "EyeR_Smile",
      "Segments": [
        0,
        0.5,
        0,
        1.33,
        0.5
      ]
    },
    {
      "Target": "Parameter",
      "Id": "EyeL_Open",
      "Segments": [
        0,
        1,
        0,
        1.33,
        1
      ]
    },
    {
      "Target": "Parameter",
      "Id": "EyeL_Smile",
      "Segments": [
        0,
        0.5,
        0,
        1.33,
        0.5
      ]
    },
    {
      "Target": "Parameter",
      "Id": "MouthForm2",
      "Segments": [
        0,
        0,
        0,
        1.33,
        0
      ]
    },
    {
      "Target": "Parameter",
      "Id": "Mouth_Size",
      "Segments": [
        0,
        1,
        0,
        1.33,
        1
      ]
    },
    {
      "Target": "Parameter",
      "Id": "Param",
      "Segments": [
        0,
        0,
        0,
        1.33,
        0
      ]
    },
    {
      "Target": "Parameter",
      "Id": "ArmR_Form",
      "Segments": [
        0,
        0,
        0,
        1.33,
        0
      ]
    },
    {
      "Target": "Parameter",
      "Id": "ArmL_Form2",
      "Segments": [
        0,
        0,
        0,
        1.33,
        0
      ]
    },
    {
      "Target": "Parameter",
      "Id": "ArmL_Form",
      "Segments": [
        0,
        0,
        0,
        1.33,
        0
      ]
    },
    {
      "Target": "Parameter",
      "Id": "LegR_Roll",
      "Segments": [
        0,
        0,
        0,
        1.33,
        0
      ]
    },
    {
      "Target": "Parameter",
      "Id": "LegL_Roll",
      "Segments": [
        0,
        0,
        0,
        1.33,
        0
      ]
    },
    {
      "Target": "Parameter",
      "Id": "Lowerbody_Roll",
      "Segments": [
        0,
        0,
        0,
        1.33,
        0
      ]
    }
  ],
  "UserData": []
}