{
  "Version": 3,
  "Meta": {
    "Duration": 8.0,
    "Fps": 30.0,
    "Loop": true,
    "AreBeziersRestricted": true,
    "CurveCount": 69,
    "TotalSegmentCount": 181,
    "TotalPointCount": 259,
    "UserDataCount": 0,
    "TotalUserDataSize": 0
  },
  "Curves": [
    {
      "Target": "Parameter",
      "Id": "Breath",
      "Segments": [
        0,
        0,
        0,
        2.067,
        1,
        0,
        4.2,
        0,
        0,
        6.033,
        1,
        0,
        8,
        0
      ]
    },
    {
      "Target": "Parameter",
      "Id": "Body_Shaking",
      "Segments": [
        0,
        17,
        0,
        2.333,
        30,
        0,
        4.267,
        17.826,
        0,
        6.367,
        30,
        0,
        8,
        17
      ]
    },
    {
      "Target": "Parameter",
      "Id": "Param22",
      "Segments": [
        0,
        -1.192,
        1,
        0.567,
        -6.166,
        1.133,
        -12,
        1.7,
        -12,
        1,
        2.289,
        -12,
        2.878,
        -12.071,
        3.467,
        -11.724,
        1,
        4.045,
        -11.384,
        4.622,
        -1.6,
        5.2,
        -0.804,
        1,
        5.856,
        0.1,
        6.511,
        0,
        7.167,
        0,
        1,
        7.445,
        0,
        7.722,
        -0.145,
        8,
        -1.192
      ]
    },
    {
      "Target": "Parameter",
      "Id": "Param4",
      "Segments": [
        0,
        18.874,
        1,
        0.433,
        16.97,
        0.867,
        15.942,
        1.3,
        15.942,
        0,
        3.467,
        20.362,
        0,
        5.333,
        16.63,
        0,
        7.433,
        20.362,
        1,
        7.622,
        20.362,
        7.811,
        19.746,
        8,
        18.874
      ]
    },
    {
      "Target": "Parameter",
      "Id": "Waist_Roll",
      "Segments": [
        0,
        6.028,
        1,
        0.111,
        5.811,
        0.222,
        5.811,
        0.333,
        5.811,
        2,
        6.833,
        5.811,
        1,
        7.222,
        5.811,
        7.611,
        6.277,
        8,
        6.028
      ]
    },
    {
      "Target": "Parameter",
      "Id": "JacketR_Move",
      "Segments": [
        0,
        -11,
        0,
        1.367,
        6.845,
        0,
        2.633,
        -9.228,
        0,
        4.133,
        8.581,
        0,
        5.467,
        -6.436,
        0,
        6.767,
        6.545,
        0,
        8,
        -11
      ]
    },
    {
      "Target": "Parameter",
      "Id": "JacketL_Move",
      "Segments": [
        0,
        -8,
        0,
        1.367,
        10,
        0,
        2.667,
        -7,
        0,
        4.1,
        11,
        0,
        5.467,
        -8,
        0,
        6.767,
        9,
        0,
        8,
        -8
      ]
    },
    {
      "Target": "Parameter",
      "Id": "Head_AngleX",
      "Segments": [
        0,
        2.88,
        1,
        0.478,
        1.033,
        0.955,
        -2.286,
        1.433,
        -2.5,
        1,
        2.055,
        -2.779,
        2.678,
        -2.66,
        3.3,
        -3,
        1,
        4,
        -3.383,
        4.7,
        -10.937,
        5.4,
        -10.937,
        1,
        6.267,
        -10.937,
        7.133,
        4.96,
        8,
        2.88
      ]
    },
    {
      "Target": "Parameter",
      "Id": "Head_AngleY",
      "Segments": [
        0,
        -4.099,
        1,
        0.489,
        -12.628,
        0.978,
        -14.92,
        1.467,
        -14.92,
        0,
        3.3,
        0,
        0,
        5.4,
        -15.617,
        1,
        6.267,
        -15.617,
        7.133,
        2.664,
        8,
        -4.099
      ]
    },
    {
      "Target": "Parameter",
      "Id": "Head_Roll",
      "Segments": [
        0,
        6.047,
        1,
        0.189,
        5.204,
        0.378,
        4.481,
        0.567,
        4.162,
        1,
        0.867,
        3.655,
        1.167,
        4.07,
        1.467,
        3,
        1,
        2.578,
        -0.964,
        3.689,
        -8.426,
        4.8,
        -8.426,
        1,
        5,
        -8.426,
        5.2,
        -8.451,
        5.4,
        -8.055,
        1,
        5.7,
        -7.117,
        6,
        -0.805,
        6.3,
        1.404,
        1,
        6.867,
        5.821,
        7.433,
        8.519,
        8,
        6.047
      ]
    },
    {
      "Target": "Parameter",
      "Id": "EyeBallX",
      "Segments": [
        0,
        0.1,
        2,
        1.433,
        0.1,
        2,
        3.3,
        0.1,
        0,
        5.4,
        0.3,
        0,
        8,
        0.1
      ]
    },
    {
      "Target": "Parameter",
      "Id": "EyeBallY",
      "Segments": [
        0,
        -0.2,
        0,
        1.433,
        0.1,
        2,
        3.3,
        0.1,
        2,
        5.4,
        0.1,
        0,
        8,
        -0.2
      ]
    },
    {
      "Target": "Parameter",
      "Id": "MouthForm",
      "Segments": [
        0,
        -20,
        2,
        1.133,
        -20,
        0,
        2.633,
        -16,
        0,
        4.667,
        -20,
        2,
        8,
        -20
      ]
    },
    {
      "Target": "Parameter",
      "Id": "Hair_Move",
      "Segments": [
        0,
        2.02,
        1,
        0.133,
        -3.225,
        0.267,
        -7.433,
        0.4,
        -7.433,
        0,
        1.8,
        10.367,
        0,
        3.467,
        -9,
        0,
        5.133,
        9.546,
        0,
        6.567,
        -9,
        0,
        7.3,
        10.918,
        1,
        7.533,
        10.918,
        7.767,
        4.962,
        8,
        2.02
      ]
    },
    {
      "Target": "Parameter",
      "Id": "HairFront_Move",
      "Segments": [
        0,
        0.496,
        1,
        0.333,
        0.159,
        0.667,
        -0.024,
        1,
        -0.024,
        0,
        2.433,
        0.391,
        0,
        3.5,
        0.098,
        0,
        4.733,
        0.334,
        0,
        6.233,
        -0.181,
        0,
        7.633,
        0.581,
        1,
        7.755,
        0.581,
        7.878,
        0.556,
        8,
        0.496
      ]
    },
    {
      "Target": "Parameter",
      "Id": "HairSide_Move",
      "Segments": [
        0,
        0.417,
        1,
        0.322,
        0.163,
        0.645,
        -0.003,
        0.967,
        -0.003,
        0,
        2.733,
        0.352,
        0,
        3.833,
        0.138,
        0,
        5.033,
        0.268,
        0,
        6.4,
        -0.045,
        0,
        7.533,
        0.548,
        1,
        7.689,
        0.548,
        7.844,
        0.512,
        8,
        0.417
      ]
    },
    {
      "Target": "Parameter",
      "Id": "HairBack_Move",
      "Segments": [
        0,
        0.217,
        1,
        0.356,
        -0.08,
        0.711,
        -0.218,
        1.067,
        -0.218,
        0,
        2.233,
        0.228,
        0,
        3.767,
        -0.179,
        0,
        5.033,
        0.173,
        0,
        6.367,
        -0.143,
        0,
        7.633,
        0.314,
        1,
        7.755,
        0.314,
        7.878,
        0.269,
        8,
        0.217
      ]
    },
    {
      "Target": "Parameter",
      "Id": "ShoulderLY",
      "Segments": [
        0,
        16.999,
        1,
        0.311,
        14.875,
        0.622,
        11.658,
        0.933,
        11.658,
        0,
        2.967,
        20,
        0,
        5.067,
        12.086,
        0,
        7.367,
        19.331,
        1,
        7.578,
        19.331,
        7.789,
        18.818,
        8,
        16.999
      ]
    },
    {
      "Target": "Parameter",
      "Id": "ShoulderR_Roll",
      "Segments": [
        0,
        8.902,
        0,
        1.3,
        5.826,
        0,
        2.633,
        8.279,
        0,
        3.933,
        6.042,
        0,
        5.333,
        7.784,
        0,
        6.533,
        5.826,
        0,
        8,
        8.902
      ]
    },
    {
      "Target": "Parameter",
      "Id": "ArmR_Roll",
      "Segments": [
        0,
        -16.82,
        1,
        0.133,
        -17.966,
        0.267,
        -18,
        0.4,
        -18,
        0,
        1.667,
        -14.172,
        0,
        3.067,
        -16.441,
        0,
        4.533,
        -13.195,
        0,
        6.033,
        -17.279,
        0,
        7.333,
        -13.648,
        1,
        7.555,
        -13.648,
        7.778,
        -14.172,
        8,
        -16.82
      ]
    },
    {
      "Target": "Parameter",
      "Id": "ShoulderL_Roll",
      "Segments": [
        0,
        -3.083,
        0,
        1.233,
        -1.722,
        0,
        2.633,
        -2.937,
        0,
        4.1,
        2,
        0,
        5.467,
        -3.26,
        0,
        6.833,
        -2.125,
        0,
        8,
        -3.083
      ]
    },
    {
      "Target": "Parameter",
      "Id": "ArmL_Roll",
      "Segments": [
        0,
        36.915,
        1,
        0.311,
        36.336,
        0.622,
        36.021,
        0.933,
        36.021,
        0,
        2.6,
        36.915,
        0,
        4,
        34.335,
        0,
        4.767,
        35.582,
        0,
        4.8,
        35.308,
        0,
        4.833,
        35.747,
        0,
        4.9,
        35.49,
        0,
        4.967,
        35.787,
        0,
        5,
        35.536,
        1,
        5.022,
        35.536,
        5.045,
        35.77,
        5.067,
        35.823,
        1,
        5.234,
        36.215,
        5.4,
        36.36,
        5.567,
        36.36,
        0,
        6.833,
        34.571,
        1,
        7.222,
        34.571,
        7.611,
        37.396,
        8,
        36.915
      ]
    },
    {
      "Target": "Parameter",
      "Id": "HandR_Roll",
      "Segments": [
        0,
        -15.402,
        0,
        2.367,
        -7.933,
        0,
        4.4,
        -14.46,
        0,
        6.3,
        -8.432,
        0,
        8,
        -15.402
      ]
    },
    {
      "Target": "Parameter",
      "Id": "HandL_Roll",
      "Segments": [
        0,
        -18.811,
        1,
        0.289,
        -17.009,
        0.578,
        -16,
        0.867,
        -16,
        0,
        2.533,
        -18,
        0,
        4.167,
        -12,
        0,
        5.633,
        -18,
        0,
        6.767,
        -16,
        0,
        7.767,
        -19.504,
        1,
        7.845,
        -19.504,
        7.922,
        -19.377,
        8,
        -18.811
      ]
    },
    {
      "Target": "PartOpacity",
      "Id": "Part2",
      "Segments": [
        0,
        1,
        2,
        8,
        1
      ]
    },
    {
      "Target": "PartOpacity",
      "Id": "Part3",
      "Segments": [
        0,
        1,
        2,
        8,
        1
      ]
    },
    {
      "Target": "PartOpacity",
      "Id": "Part10",
      "Segments": [
        0,
        1,
        2,
        8,
        1
      ]
    },
    {
      "Target": "PartOpacity",
      "Id": "Part4",
      "Segments": [
        0,
        1,
        2,
        8,
        1
      ]
    },
    {
      "Target": "PartOpacity",
      "Id": "Part9",
      "Segments": [
        0,
        1,
        2,
        8,
        1
      ]
    },
    {
      "Target": "PartOpacity",
      "Id": "Part5",
      "Segments": [
        0,
        1,
        2,
        8,
        1
      ]
    },
    {
      "Target": "PartOpacity",
      "Id": "Part6",
      "Segments": [
        0,
        1,
        2,
        8,
        1
      ]
    },
    {
      "Target": "PartOpacity",
      "Id": "Part7",
      "Segments": [
        0,
        1,
        2,
        8,
        1
      ]
    },
    {
      "Target": "PartOpacity",
      "Id": "Part8",
      "Segments": [
        0,
        1,
        2,
        8,
        1
      ]
    },
    {
      "Target": "PartOpacity",
      "Id": "Part11",
      "Segments": [
        0,
        1,
        2,
        8,
        1
      ]
    },
    {
      "Target": "PartOpacity",
      "Id": "Part",
      "Segments": [
        0,
        0,
        2,
        8,
        0
      ]
    },
    {
      "Target": "PartOpacity",
      "Id": "Part20",
      "Segments": [
        0,
        0,
        2,
        8,
        0
      ]
    },
    {
      "Target": "PartOpacity",
      "Id": "Part23",
      "Segments": [
        0,
        1,
        2,
        8,
        1
      ]
    },
    {
      "Target": "PartOpacity",
      "Id": "Part13",
      "Segments": [
        0,
        1,
        2,
        8,
        1
      ]
    },
    {
      "Target": "PartOpacity",
      "Id": "Part12",
      "Segments": [
        0,
        1,
        2,
        8,
        1
      ]
    },
    {
      "Target": "Model",
      "Id": "Opacity",
      "Segments": [
        0,
        1,
        0,
        8,
        1
      ]
    },
    {
      "Target": "Parameter",
      "Id": "BodyY",
      "Segments": [
        0,
        -22,
        0,
        8,
        -22
      ]
    },
    {
      "Target": "Parameter",
      "Id": "Param21",
      "Segments": [
        0,
        0,
        0,
        8,
        0
      ]
    },
    {
      "Target": "Parameter",
      "Id": "BodyX",
      "Segments": [
        0,
        -19,
        0,
        8,
        -19
      ]
    },
    {
      "Target": "Parameter",
      "Id": "Head_RollY",
      "Segments": [
        0,
        0,
        0,
        8,
        0
      ]
    },
    {
      "Target": "Parameter",
      "Id": "BrowRY",
      "Segments": [
        0,
        -0.1,
        0,
        8,
        -0.1
      ]
    },
    {
      "Target": "Parameter",
      "Id": "BrowLY",
      "Segments": [
        0,
        -0.1,
        0,
        8,
        -0.1
      ]
    },
    {
      "Target": "Parameter",
      "Id": "BrowR_Form",
      "Segments": [
        0,
        -0.7,
        0,
        8,
        -0.7
      ]
    },
    {
      "Target": "Parameter",
      "Id": "BrowR_Form2",
      "Segments": [
        0,
        1,
        0,
        8,
        1
      ]
    },
    {
      "Target": "Parameter",
      "Id": "BrowL_Form",
      "Segments": [
        0,
        -0.7,
        0,
        8,
        -0.7
      ]
    },
    {
      "Target": "Parameter",
      "Id": "BrowL_Form2",
      "Segments": [
        0,
        1,
        0,
        8,
        1
      ]
    },
    {
      "Target": "Parameter",
      "Id": "BrowR_Angle",
      "Segments": [
        0,
        0.2,
        0,
        8,
        0.2
      ]
    },
    {
      "Target": "Parameter",
      "Id": "BrowL_Angle",
      "Segments": [
        0,
        -0.2,
        0,
        8,
        -0.2
      ]
    },
    {
      "Target": "Parameter",
      "Id": "Eyeball_Size",
      "Segments": [
        0,
        0,
        0,
        8,
        0
      ]
    },
    {
      "Target": "Parameter",
      "Id": "HighlightX",
      "Segments": [
        0,
        0,
        0,
        8,
        0
      ]
    },
    {
      "Target": "Parameter",
      "Id": "EyeR_Open",
      "Segments": [
        0,
        1,
        0,
        8,
        1
      ]
    },
    {
      "Target": "Parameter",
      "Id": "EyeR_Smile",
      "Segments": [
        0,
        0.5,
        0,
        8,
        0.5
      ]
    },
    {
      "Target": "Parameter",
      "Id": "EyeL_Open",
      "Segments": [
        0,
        1,
        0,
        8,
        1
      ]
    },
    {
      "Target": "Parameter",
      "Id": "EyeL_Smile",
      "Segments": [
        0,
        0.5,
        0,
        8,
        0.5
      ]
    },
    {
      "Target": "Parameter",
      "Id": "MouthForm2",
      "Segments": [
        0,
        0,
        0,
        8,
        0
      ]
    },
    {
      "Target": "Parameter",
      "Id": "Mouth_Open",
      "Segments": [
        0,
        1,
        0,
        8,
        1
      ]
    },
    {
      "Target": "Parameter",
      "Id": "Mouth_Size",
      "Segments": [
        0,
        1,
        0,
        8,
        1
      ]
    },
    {
      "Target": "Parameter",
      "Id": "ShoulderRY",
      "Segments": [
        0,
        -10,
        0,
        8,
        -10
      ]
    },
    {
      "Target": "Parameter",
      "Id": "Param",
      "Segments": [
        0,
        0,
        0,
        8,
        0
      ]
    },
    {
      "Target": "Parameter",
      "Id": "ArmR_Form",
      "Segments": [
        0,
        0,
        0,
        8,
        0
      ]
    },
    {
      "Target": "Parameter",
      "Id": "ArmL_Form2",
      "Segments": [
        0,
        -16,
        0,
        8,
        -16
      ]
    },
    {
      "Target": "Parameter",
      "Id": "ArmL_Form",
      "Segments": [
        0,
        -15,
        0,
        8,
        -15
      ]
    },
    {
      "Target": "Parameter",
      "Id": "LegR_Roll",
      "Segments": [
        0,
        3,
        0,
        8,
        3
      ]
    },
    {
      "Target": "Parameter",
      "Id": "LegL_Roll",
      "Segments": [
        0,
        7,
        0,
        8,
        7
      ]
    },
    {
      "Target": "Parameter",
      "Id": "Lowerbody_Roll",
      "Segments": [
        0,
        0,
        0,
        8,
        0
      ]
    }
  ],
  "UserData": []
}