{
  "Version": 3,
  "Meta": {
    "Duration": 1.83,
    "Fps": 30.0,
    "Loop": true,
    "AreBeziersRestricted": true,
    "CurveCount": 68,
    "TotalSegmentCount": 103,
    "TotalPointCount": 205,
    "UserDataCount": 0,
    "TotalUserDataSize": 0
  },
  "Curves": [
    {
      "Target": "Parameter",
      "Id": "Breath",
      "Segments": [
        0,
        0.036,
        1,
        0.389,
        0.199,
        0.778,
        0.849,
        1.167,
        0.849,
        1,
        1.389,
        0.849,
        1.611,
        0.806,
        1.833,
        0.616
      ]
    },
    {
      "Target": "Parameter",
      "Id": "Body_Shaking",
      "Segments": [
        0,
        0.638,
        1,
        0.322,
        2.969,
        0.645,
        10.894,
        0.967,
        10.894,
        1,
        1.256,
        10.894,
        1.544,
        10.7,
        1.833,
        6.975
      ]
    },
    {
      "Target": "Parameter",
      "Id": "Param22",
      "Segments": [
        0,
        1.734,
        1,
        0.233,
        6.232,
        0.467,
        17.927,
        0.7,
        17.927,
        1,
        1,
        17.927,
        1.3,
        13.168,
        1.6,
        0,
        1,
        1.678,
        -0.58,
        1.755,
        -1.159,
        1.833,
        -1.687
      ]
    },
    {
      "Target": "Parameter",
      "Id": "JacketR_Move",
      "Segments": [
        0,
        -0.337,
        1,
        0.256,
        -1.301,
        0.511,
        -4,
        0.767,
        -4,
        0,
        1.833,
        4.191
      ]
    },
    {
      "Target": "Parameter",
      "Id": "JacketL_Move",
      "Segments": [
        0,
        -0.193,
        1,
        0.344,
        -0.95,
        0.689,
        -3.675,
        1.033,
        -3.675,
        1,
        1.3,
        -3.675,
        1.566,
        -3.736,
        1.833,
        -2.41
      ]
    },
    {
      "Target": "Parameter",
      "Id": "Param21",
      "Segments": [
        0,
        0.646,
        1,
        0.267,
        2.578,
        0.533,
        8.181,
        0.8,
        8.181,
        1,
        1.144,
        8.181,
        1.489,
        3.936,
        1.833,
        -2.277
      ]
    },
    {
      "Target": "Parameter",
      "Id": "Head_AngleX",
      "Segments": [
        0,
        3.3,
        1,
        0.089,
        6.213,
        0.178,
        10,
        0.267,
        10,
        1,
        0.556,
        10,
        0.844,
        9.581,
        1.133,
        8.104,
        1,
        1.366,
        6.911,
        1.6,
        4.448,
        1.833,
        3.575
      ]
    },
    {
      "Target": "Parameter",
      "Id": "Head_AngleY",
      "Segments": [
        0,
        -1.676,
        1,
        0.089,
        -3.156,
        0.178,
        -5.08,
        0.267,
        -5.08,
        1,
        0.556,
        -5.08,
        0.844,
        -2.865,
        1.133,
        2.646,
        1,
        1.366,
        7.097,
        1.6,
        9.967,
        1.833,
        9.967
      ]
    },
    {
      "Target": "Parameter",
      "Id": "Head_Roll",
      "Segments": [
        0,
        0,
        2,
        1.233,
        0,
        1,
        1.433,
        0,
        1.633,
        -0.002,
        1.833,
        0.686
      ]
    },
    {
      "Target": "Parameter",
      "Id": "BrowRY",
      "Segments": [
        0,
        -0.046,
        1,
        0.144,
        -0.119,
        0.289,
        -0.255,
        0.433,
        -0.3,
        1,
        0.9,
        -0.445,
        1.366,
        -0.468,
        1.833,
        -0.468
      ]
    },
    {
      "Target": "Parameter",
      "Id": "BrowLY",
      "Segments": [
        0,
        -0.046,
        1,
        0.144,
        -0.119,
        0.289,
        -0.255,
        0.433,
        -0.3,
        1,
        0.9,
        -0.445,
        1.366,
        -0.468,
        1.833,
        -0.468
      ]
    },
    {
      "Target": "Parameter",
      "Id": "BrowR_Form",
      "Segments": [
        0,
        -0.125,
        1,
        0.167,
        -0.35,
        0.333,
        -0.8,
        0.5,
        -0.8,
        2,
        1.833,
        -0.8
      ]
    },
    {
      "Target": "Parameter",
      "Id": "BrowL_Form",
      "Segments": [
        0,
        -0.125,
        1,
        0.167,
        -0.35,
        0.333,
        -0.8,
        0.5,
        -0.8,
        2,
        1.833,
        -0.8
      ]
    },
    {
      "Target": "Parameter",
      "Id": "BrowR_Angle",
      "Segments": [
        0,
        -0.156,
        1,
        0.167,
        -0.438,
        0.333,
        -1,
        0.5,
        -1,
        2,
        1.833,
        -1
      ]
    },
    {
      "Target": "Parameter",
      "Id": "BrowL_Angle",
      "Segments": [
        0,
        0.156,
        1,
        0.167,
        0.438,
        0.333,
        1,
        0.5,
        1,
        2,
        1.833,
        1
      ]
    },
    {
      "Target": "Parameter",
      "Id": "EyeBallX",
      "Segments": [
        0,
        -0.033,
        1,
        0.089,
        -0.062,
        0.178,
        -0.1,
        0.267,
        -0.1,
        0,
        1.133,
        0,
        2,
        1.833,
        0
      ]
    },
    {
      "Target": "Parameter",
      "Id": "EyeBallY",
      "Segments": [
        0,
        0.005,
        1,
        0.089,
        0.01,
        0.178,
        0.016,
        0.267,
        0.016,
        0,
        1.133,
        -0.068,
        0,
        1.833,
        0.016
      ]
    },
    {
      "Target": "Parameter",
      "Id": "MouthForm2",
      "Segments": [
        0,
        -3.75,
        1,
        0.167,
        -10.5,
        0.333,
        -24,
        0.5,
        -24,
        2,
        1.833,
        -24
      ]
    },
    {
      "Target": "Parameter",
      "Id": "MouthForm",
      "Segments": [
        0,
        -4.062,
        1,
        0.167,
        -11.375,
        0.333,
        -26,
        0.5,
        -26,
        2,
        1.833,
        -26
      ]
    },
    {
      "Target": "Parameter",
      "Id": "Hair_Move",
      "Segments": [
        0,
        -0.451,
        1,
        0.4,
        -2.519,
        0.8,
        -11,
        1.2,
        -11,
        1,
        1.411,
        -11,
        1.622,
        -11.351,
        1.833,
        -7.433
      ]
    },
    {
      "Target": "Parameter",
      "Id": "HairFront_Move",
      "Segments": [
        0,
        0.045,
        1,
        0.211,
        0.149,
        0.422,
        0.4,
        0.633,
        0.4,
        1,
        1.033,
        0.4,
        1.433,
        0.252,
        1.833,
        -0.006
      ]
    },
    {
      "Target": "Parameter",
      "Id": "HairSide_Move",
      "Segments": [
        0,
        0.034,
        1,
        0.211,
        0.112,
        0.422,
        0.3,
        0.633,
        0.3,
        1,
        1.033,
        0.3,
        1.433,
        0.184,
        1.833,
        0.009
      ]
    },
    {
      "Target": "Parameter",
      "Id": "HairBack_Move",
      "Segments": [
        0,
        0.021,
        1,
        0.222,
        0.072,
        0.445,
        0.2,
        0.667,
        0.2,
        0,
        1.833,
        -0.218
      ]
    },
    {
      "Target": "Parameter",
      "Id": "ShoulderRY",
      "Segments": [
        0,
        0.098,
        1,
        0.611,
        0.799,
        1.222,
        5,
        1.833,
        5
      ]
    },
    {
      "Target": "Parameter",
      "Id": "ShoulderLY",
      "Segments": [
        0,
        0.098,
        1,
        0.611,
        0.799,
        1.222,
        5,
        1.833,
        5
      ]
    },
    {
      "Target": "Parameter",
      "Id": "ShoulderR_Roll",
      "Segments": [
        0,
        0.361,
        1,
        0.244,
        1.344,
        0.489,
        4,
        0.733,
        4,
        1,
        1.1,
        4,
        1.466,
        2.065,
        1.833,
        1.196
      ]
    },
    {
      "Target": "Parameter",
      "Id": "ArmR_Roll",
      "Segments": [
        0,
        -0.296,
        1,
        0.278,
        -1.222,
        0.555,
        -4,
        0.833,
        -4,
        1,
        1.166,
        -4,
        1.5,
        -2.944,
        1.833,
        -2
      ]
    },
    {
      "Target": "Parameter",
      "Id": "ShoulderL_Roll",
      "Segments": [
        0,
        -0.265,
        1,
        0.189,
        -0.813,
        0.378,
        -2.018,
        0.567,
        -2.018,
        1,
        0.989,
        -2.018,
        1.411,
        -0.104,
        1.833,
        0.672
      ]
    },
    {
      "Target": "Parameter",
      "Id": "ArmL_Roll",
      "Segments": [
        0,
        0.055,
        1,
        0.333,
        0.265,
        0.667,
        1,
        1,
        1,
        1,
        1.278,
        1,
        1.555,
        1.01,
        1.833,
        0.888
      ]
    },
    {
      "Target": "Parameter",
      "Id": "HandR_Roll",
      "Segments": [
        0,
        0.36,
        1,
        0.178,
        1.054,
        0.355,
        2.514,
        0.533,
        2.514,
        0,
        1.833,
        -3.785
      ]
    },
    {
      "Target": "Parameter",
      "Id": "HandL_Roll",
      "Segments": [
        0,
        -0.992,
        1,
        0.244,
        -3.697,
        0.489,
        -11,
        0.733,
        -11,
        1,
        1.1,
        -11,
        1.466,
        -8.221,
        1.833,
        -5.981
      ]
    },
    {
      "Target": "PartOpacity",
      "Id": "Part2",
      "Segments": [
        0,
        1,
        2,
        1.83,
        1
      ]
    },
    {
      "Target": "PartOpacity",
      "Id": "Part3",
      "Segments": [
        0,
        1,
        2,
        1.83,
        1
      ]
    },
    {
      "Target": "PartOpacity",
      "Id": "Part10",
      "Segments": [
        0,
        1,
        2,
        1.83,
        1
      ]
    },
    {
      "Target": "PartOpacity",
      "Id": "Part4",
      "Segments": [
        0,
        1,
        2,
        1.83,
        1
      ]
    },
    {
      "Target": "PartOpacity",
      "Id": "Part9",
      "Segments": [
        0,
        0,
        2,
        1.83,
        0
      ]
    },
    {
      "Target": "PartOpacity",
      "Id": "Part5",
      "Segments": [
        0,
        1,
        2,
        1.83,
        1
      ]
    },
    {
      "Target": "PartOpacity",
      "Id": "Part6",
      "Segments": [
        0,
        1,
        2,
        1.83,
        1
      ]
    },
    {
      "Target": "PartOpacity",
      "Id": "Part7",
      "Segments": [
        0,
        1,
        2,
        1.83,
        1
      ]
    },
    {
      "Target": "PartOpacity",
      "Id": "Part8",
      "Segments": [
        0,
        1,
        2,
        1.83,
        1
      ]
    },
    {
      "Target": "PartOpacity",
      "Id": "Part11",
      "Segments": [
        0,
        1,
        2,
        1.83,
        1
      ]
    },
    {
      "Target": "PartOpacity",
      "Id": "Part",
      "Segments": [
        0,
        0,
        2,
        1.83,
        0
      ]
    },
    {
      "Target": "PartOpacity",
      "Id": "Part20",
      "Segments": [
        0,
        0,
        2,
        1.83,
        0
      ]
    },
    {
      "Target": "PartOpacity",
      "Id": "Part23",
      "Segments": [
        0,
        1,
        2,
        1.83,
        1
      ]
    },
    {
      "Target": "PartOpacity",
      "Id": "Part13",
      "Segments": [
        0,
        1,
        2,
        1.83,
        1
      ]
    },
    {
      "Target": "PartOpacity",
      "Id": "Part12",
      "Segments": [
        0,
        1,
        2,
        1.83,
        1
      ]
    },
    {
      "Target": "Model",
      "Id": "Opacity",
      "Segments": [
        0,
        1,
        0,
        1.83,
        1
      ]
    },
    {
      "Target": "Parameter",
      "Id": "BodyY",
      "Segments": [
        0,
        0,
        0,
        1.83,
        0
      ]
    },
    {
      "Target": "Parameter",
      "Id": "Param4",
      "Segments": [
        0,
        0,
        0,
        1.83,
        0
      ]
    },
    {
      "Target": "Parameter",
      "Id": "Waist_Roll",
      "Segments": [
        0,
        0,
        0,
        1.83,
        0
      ]
    },
    {
      "Target": "Parameter",
      "Id": "BodyX",
      "Segments": [
        0,
        0,
        0,
        1.83,
        0
      ]
    },
    {
      "Target": "Parameter",
      "Id": "Head_RollY",
      "Segments": [
        0,
        0,
        0,
        1.83,
        0
      ]
    },
    {
      "Target": "Parameter",
      "Id": "BrowR_Form2",
      "Segments": [
        0,
        1,
        0,
        1.83,
        1
      ]
    },
    {
      "Target": "Parameter",
      "Id": "BrowL_Form2",
      "Segments": [
        0,
        1,
        0,
        1.83,
        1
      ]
    },
    {
      "Target": "Parameter",
      "Id": "Eyeball_Size",
      "Segments": [
        0,
        0,
        0,
        1.83,
        0
      ]
    },
    {
      "Target": "Parameter",
      "Id": "HighlightX",
      "Segments": [
        0,
        0,
        0,
        1.83,
        0
      ]
    },
    {
      "Target": "Parameter",
      "Id": "EyeR_Open",
      "Segments": [
        0,
        1,
        0,
        1.83,
        1
      ]
    },
    {
      "Target": "Parameter",
      "Id": "EyeR_Smile",
      "Segments": [
        0,
        0.5,
        0,
        1.83,
        0.5
      ]
    },
    {
      "Target": "Parameter",
      "Id": "EyeL_Open",
      "Segments": [
        0,
        1,
        0,
        1.83,
        1
      ]
    },
    {
      "Target": "Parameter",
      "Id": "EyeL_Smile",
      "Segments": [
        0,
        0.5,
        0,
        1.83,
        0.5
      ]
    },
    {
      "Target": "Parameter",
      "Id": "Mouth_Size",
      "Segments": [
        0,
        1,
        0,
        1.83,
        1
      ]
    },
    {
      "Target": "Parameter",
      "Id": "Param",
      "Segments": [
        0,
        0,
        0,
        1.83,
        0
      ]
    },
    {
      "Target": "Parameter",
      "Id": "ArmR_Form",
      "Segments": [
        0,
        0,
        0,
        1.83,
        0
      ]
    },
    {
      "Target": "Parameter",
      "Id": "ArmL_Form2",
      "Segments": [
        0,
        0,
        0,
        1.83,
        0
      ]
    },
    {
      "Target": "Parameter",
      "Id": "ArmL_Form",
      "Segments": [
        0,
        0,
        0,
        1.83,
        0
      ]
    },
    {
      "Target": "Parameter",
      "Id": "LegR_Roll",
      "Segments": [
        0,
        0,
        0,
        1.83,
        0
      ]
    },
    {
      "Target": "Parameter",
      "Id": "LegL_Roll",
      "Segments": [
        0,
        0,
        0,
        1.83,
        0
      ]
    },
    {
      "Target": "Parameter",
      "Id": "Lowerbody_Roll",
      "Segments": [
        0,
        0,
        0,
        1.83,
        0
      ]
    }
  ],
  "UserData": []
}