{
  "Version": 3,
  "Meta": {
    "Duration": 1.87,
    "Fps": 30.0,
    "Loop": true,
    "AreBeziersRestricted": true,
    "CurveCount": 68,
    "TotalSegmentCount": 154,
    "TotalPointCount": 290,
    "UserDataCount": 0,
    "TotalUserDataSize": 0
  },
  "Curves": [
    {
      "Target": "Parameter",
      "Id": "Breath",
      "Segments": [
        0,
        0.095,
        1,
        0.189,
        0.345,
        0.378,
        1,
        0.567,
        1,
        0,
        1.867,
        0
      ]
    },
    {
      "Target": "Parameter",
      "Id": "Body_Shaking",
      "Segments": [
        0,
        1.458,
        1,
        0.289,
        7.467,
        0.578,
        30,
        0.867,
        30,
        0,
        1.867,
        17
      ]
    },
    {
      "Target": "Parameter",
      "Id": "BodyY",
      "Segments": [
        0,
        -1.069,
        1,
        0.289,
        -5.476,
        0.578,
        -22,
        0.867,
        -22,
        2,
        1.867,
        -22
      ]
    },
    {
      "Target": "Parameter",
      "Id": "Param22",
      "Segments": [
        0,
        0,
        2,
        1.333,
        0,
        1,
        1.511,
        0,
        1.689,
        -0.116,
        1.867,
        -1.192
      ]
    },
    {
      "Target": "Parameter",
      "Id": "Param4",
      "Segments": [
        0,
        -2.705,
        1,
        0.078,
        -5.355,
        0.155,
        -9,
        0.233,
        -9,
        0,
        0.867,
        21,
        1,
        1.2,
        21,
        1.534,
        20.339,
        1.867,
        18.874
      ]
    },
    {
      "Target": "Parameter",
      "Id": "Waist_Roll",
      "Segments": [
        0,
        -2.085,
        1,
        0.056,
        -3.457,
        0.111,
        -5,
        0.167,
        -5,
        0,
        0.6,
        6,
        1,
        0.689,
        6.956,
        0.778,
        7.2,
        0.867,
        7.2,
        1,
        1.2,
        7.2,
        1.534,
        6.679,
        1.867,
        6.028
      ]
    },
    {
      "Target": "Parameter",
      "Id": "JacketR_Move",
      "Segments": [
        0,
        -4.928,
        1,
        0.067,
        -8.96,
        0.133,
        -14,
        0.2,
        -14,
        0,
        0.9,
        8.581,
        0,
        1.867,
        -11
      ]
    },
    {
      "Target": "Parameter",
      "Id": "JacketL_Move",
      "Segments": [
        0,
        -4.928,
        1,
        0.067,
        -8.96,
        0.133,
        -14,
        0.2,
        -14,
        0,
        0.867,
        13,
        0,
        1.867,
        -8
      ]
    },
    {
      "Target": "Parameter",
      "Id": "BodyX",
      "Segments": [
        0,
        0,
        2,
        0.233,
        0,
        0,
        0.867,
        -19,
        2,
        1.867,
        -19
      ]
    },
    {
      "Target": "Parameter",
      "Id": "Head_AngleX",
      "Segments": [
        0,
        2.031,
        1,
        0.133,
        5.688,
        0.267,
        13,
        0.4,
        13,
        0,
        0.867,
        0,
        0,
        1.333,
        4,
        1,
        1.511,
        4,
        1.689,
        3.567,
        1.867,
        2.88
      ]
    },
    {
      "Target": "Parameter",
      "Id": "Head_AngleY",
      "Segments": [
        0,
        -3.272,
        1,
        0.133,
        -9.161,
        0.267,
        -20.94,
        0.4,
        -20.94,
        1,
        0.556,
        -20.94,
        0.711,
        -6.017,
        0.867,
        0,
        1,
        1.022,
        6.017,
        1.178,
        6.108,
        1.333,
        6.108,
        1,
        1.511,
        6.108,
        1.689,
        -0.998,
        1.867,
        -4.099
      ]
    },
    {
      "Target": "Parameter",
      "Id": "Head_Roll",
      "Segments": [
        0,
        0.257,
        1,
        0.3,
        1.368,
        0.6,
        5.773,
        0.9,
        7.291,
        1,
        1.044,
        7.824,
        1.189,
        7.923,
        1.333,
        7.923,
        1,
        1.511,
        7.923,
        1.689,
        6.84,
        1.867,
        6.047
      ]
    },
    {
      "Target": "Parameter",
      "Id": "BrowRY",
      "Segments": [
        0,
        -0.014,
        1,
        0.144,
        -0.042,
        0.289,
        -0.1,
        0.433,
        -0.1,
        2,
        1.867,
        -0.1
      ]
    },
    {
      "Target": "Parameter",
      "Id": "BrowLY",
      "Segments": [
        0,
        -0.014,
        1,
        0.144,
        -0.042,
        0.289,
        -0.1,
        0.433,
        -0.1,
        2,
        1.867,
        -0.1
      ]
    },
    {
      "Target": "Parameter",
      "Id": "BrowR_Form",
      "Segments": [
        0,
        -0.139,
        1,
        0.111,
        -0.343,
        0.222,
        -0.7,
        0.333,
        -0.7,
        2,
        1.867,
        -0.7
      ]
    },
    {
      "Target": "Parameter",
      "Id": "BrowL_Form",
      "Segments": [
        0,
        -0.139,
        1,
        0.111,
        -0.343,
        0.222,
        -0.7,
        0.333,
        -0.7,
        2,
        1.867,
        -0.7
      ]
    },
    {
      "Target": "Parameter",
      "Id": "BrowR_Angle",
      "Segments": [
        0,
        0.021,
        1,
        0.178,
        0.072,
        0.355,
        0.2,
        0.533,
        0.2,
        2,
        1.867,
        0.2
      ]
    },
    {
      "Target": "Parameter",
      "Id": "BrowL_Angle",
      "Segments": [
        0,
        -0.021,
        1,
        0.178,
        -0.072,
        0.355,
        -0.2,
        0.533,
        -0.2,
        2,
        1.867,
        -0.2
      ]
    },
    {
      "Target": "Parameter",
      "Id": "EyeBallX",
      "Segments": [
        0,
        0,
        2,
        0.4,
        0,
        0,
        1.067,
        0.1,
        2,
        1.867,
        0.1
      ]
    },
    {
      "Target": "Parameter",
      "Id": "EyeBallY",
      "Segments": [
        0,
        0.031,
        1,
        0.133,
        0.088,
        0.267,
        0.2,
        0.4,
        0.2,
        0,
        1.067,
        -0.2,
        2,
        1.867,
        -0.2
      ]
    },
    {
      "Target": "Parameter",
      "Id": "MouthForm2",
      "Segments": [
        0,
        -10.56,
        1,
        0.067,
        -19.2,
        0.133,
        -30,
        0.2,
        -30,
        2,
        0.733,
        -30,
        0,
        1.867,
        0
      ]
    },
    {
      "Target": "Parameter",
      "Id": "MouthForm",
      "Segments": [
        0,
        -7.04,
        1,
        0.067,
        -12.8,
        0.133,
        -20,
        0.2,
        -20,
        2,
        1.867,
        -20
      ]
    },
    {
      "Target": "Parameter",
      "Id": "Hair_Move",
      "Segments": [
        0,
        4.851,
        1,
        0.033,
        6.531,
        0.067,
        8,
        0.1,
        8,
        0,
        0.767,
        -9,
        0,
        1.267,
        12.68,
        1,
        1.467,
        12.68,
        1.667,
        9.887,
        1.867,
        2.02
      ]
    },
    {
      "Target": "Parameter",
      "Id": "HairFront_Move",
      "Segments": [
        0,
        0.364,
        1,
        0.033,
        0.49,
        0.067,
        0.6,
        0.1,
        0.6,
        0,
        0.767,
        -0.4,
        1,
        0.934,
        -0.4,
        1.1,
        0.325,
        1.267,
        0.506,
        1,
        1.467,
        0.638,
        1.667,
        0.656,
        1.867,
        0.496
      ]
    },
    {
      "Target": "Parameter",
      "Id": "HairSide_Move",
      "Segments": [
        0,
        0.364,
        1,
        0.033,
        0.49,
        0.067,
        0.6,
        0.1,
        0.6,
        0,
        0.767,
        -0.4,
        1,
        0.945,
        -0.4,
        1.122,
        0.291,
        1.3,
        0.501,
        1,
        1.489,
        0.662,
        1.678,
        0.55,
        1.867,
        0.417
      ]
    },
    {
      "Target": "Parameter",
      "Id": "HairBack_Move",
      "Segments": [
        0,
        0.303,
        1,
        0.033,
        0.408,
        0.067,
        0.5,
        0.1,
        0.5,
        0,
        0.767,
        -0.3,
        0,
        1.633,
        0.326,
        1,
        1.711,
        0.326,
        1.789,
        0.282,
        1.867,
        0.217
      ]
    },
    {
      "Target": "Parameter",
      "Id": "ShoulderRY",
      "Segments": [
        0,
        0,
        2,
        0.333,
        0,
        0,
        1.133,
        -10,
        2,
        1.867,
        -10
      ]
    },
    {
      "Target": "Parameter",
      "Id": "ShoulderLY",
      "Segments": [
        0,
        -2.502,
        1,
        0.056,
        -4.148,
        0.111,
        -6,
        0.167,
        -6,
        1,
        0.3,
        -6,
        0.434,
        -6.544,
        0.567,
        -4.594,
        1,
        0.778,
        -1.505,
        0.989,
        18,
        1.2,
        18,
        1,
        1.422,
        19.139,
        1.645,
        18.228,
        1.867,
        16.999
      ]
    },
    {
      "Target": "Parameter",
      "Id": "ShoulderR_Roll",
      "Segments": [
        0,
        0.055,
        1,
        0.111,
        0.156,
        0.222,
        0.415,
        0.333,
        1,
        1,
        0.622,
        2.52,
        0.911,
        4.247,
        1.2,
        6.2,
        1,
        1.422,
        7.703,
        1.645,
        8.902,
        1.867,
        8.902
      ]
    },
    {
      "Target": "Parameter",
      "Id": "Param",
      "Segments": [
        0,
        -2.705,
        1,
        0.078,
        -5.355,
        0.155,
        -9,
        0.233,
        -9,
        0,
        0.733,
        0,
        2,
        1.867,
        0
      ]
    },
    {
      "Target": "Parameter",
      "Id": "ArmR_Roll",
      "Segments": [
        0,
        -6.011,
        1,
        0.078,
        -11.901,
        0.155,
        -20,
        0.233,
        -20,
        0,
        0.733,
        -11,
        1,
        1.111,
        -11,
        1.489,
        -13.573,
        1.867,
        -16.82
      ]
    },
    {
      "Target": "Parameter",
      "Id": "ArmR_Form",
      "Segments": [
        0,
        -2.705,
        1,
        0.078,
        -5.355,
        0.155,
        -9,
        0.233,
        -9,
        0,
        0.733,
        0,
        2,
        1.867,
        0
      ]
    },
    {
      "Target": "Parameter",
      "Id": "ShoulderL_Roll",
      "Segments": [
        0,
        1.129,
        1,
        0.1,
        2.604,
        0.2,
        5,
        0.3,
        5,
        1,
        0.389,
        5,
        0.478,
        4.469,
        0.567,
        3.58,
        1,
        0.789,
        1.355,
        1.011,
        -2.628,
        1.233,
        -2.937,
        1,
        1.444,
        -3.103,
        1.656,
        -3.088,
        1.867,
        -3.083
      ]
    },
    {
      "Target": "Parameter",
      "Id": "ArmL_Form2",
      "Segments": [
        0,
        -2.807,
        1,
        0.122,
        -7.396,
        0.245,
        -16,
        0.367,
        -16,
        2,
        1.867,
        -16
      ]
    },
    {
      "Target": "Parameter",
      "Id": "ArmL_Roll",
      "Segments": [
        0,
        0.022,
        1,
        0.067,
        0.143,
        0.133,
        0.578,
        0.2,
        2,
        1,
        0.344,
        5.08,
        0.489,
        26.603,
        0.633,
        34.335,
        1,
        0.644,
        34.93,
        0.656,
        34.571,
        0.667,
        34.571,
        0,
        0.7,
        34.288,
        0,
        0.767,
        35.628,
        0,
        0.8,
        35.476,
        0,
        0.867,
        36.36,
        0,
        0.9,
        36.164,
        0,
        0.967,
        36.915,
        0,
        1,
        36.724,
        0,
        1.067,
        37.481,
        0,
        1.1,
        37.294,
        0,
        1.233,
        37.481,
        1,
        1.444,
        37.481,
        1.656,
        37.308,
        1.867,
        36.915
      ]
    },
    {
      "Target": "Parameter",
      "Id": "ArmL_Form",
      "Segments": [
        0,
        -2.631,
        1,
        0.122,
        -6.933,
        0.245,
        -15,
        0.367,
        -15,
        2,
        1.867,
        -15
      ]
    },
    {
      "Target": "Parameter",
      "Id": "HandR_Roll",
      "Segments": [
        0,
        -0.453,
        1,
        0.211,
        -1.825,
        0.422,
        -6.022,
        0.633,
        -8.921,
        1,
        0.844,
        -11.82,
        1.056,
        -14.157,
        1.267,
        -14.833,
        1,
        1.467,
        -15.473,
        1.667,
        -15.402,
        1.867,
        -15.402
      ]
    },
    {
      "Target": "Parameter",
      "Id": "HandL_Roll",
      "Segments": [
        0,
        -0.542,
        1,
        0.233,
        -2.394,
        0.467,
        -8.761,
        0.7,
        -16,
        1,
        0.844,
        -20.481,
        0.989,
        -21,
        1.133,
        -21,
        1,
        1.378,
        -21,
        1.622,
        -20.336,
        1.867,
        -18.811
      ]
    },
    {
      "Target": "Parameter",
      "Id": "LegR_Roll",
      "Segments": [
        0,
        0.109,
        1,
        0.344,
        0.647,
        0.689,
        3,
        1.033,
        3,
        2,
        1.867,
        3
      ]
    },
    {
      "Target": "Parameter",
      "Id": "LegL_Roll",
      "Segments": [
        0,
        0.253,
        1,
        0.344,
        1.509,
        0.689,
        7,
        1.033,
        7,
        2,
        1.867,
        7
      ]
    },
    {
      "Target": "PartOpacity",
      "Id": "Part2",
      "Segments": [
        0,
        1,
        2,
        1.87,
        1
      ]
    },
    {
      "Target": "PartOpacity",
      "Id": "Part3",
      "Segments": [
        0,
        1,
        2,
        1.87,
        1
      ]
    },
    {
      "Target": "PartOpacity",
      "Id": "Part10",
      "Segments": [
        0,
        1,
        2,
        1.87,
        1
      ]
    },
    {
      "Target": "PartOpacity",
      "Id": "Part4",
      "Segments": [
        0,
        1,
        2,
        1.87,
        1
      ]
    },
    {
      "Target": "PartOpacity",
      "Id": "Part9",
      "Segments": [
        0,
        1,
        2,
        1.87,
        1
      ]
    },
    {
      "Target": "PartOpacity",
      "Id": "Part5",
      "Segments": [
        0,
        1,
        2,
        1.87,
        1
      ]
    },
    {
      "Target": "PartOpacity",
      "Id": "Part6",
      "Segments": [
        0,
        1,
        2,
        1.87,
        1
      ]
    },
    {
      "Target": "PartOpacity",
      "Id": "Part7",
      "Segments": [
        0,
        1,
        2,
        1.87,
        1
      ]
    },
    {
      "Target": "PartOpacity",
      "Id": "Part8",
      "Segments": [
        0,
        1,
        2,
        1.87,
        1
      ]
    },
    {
      "Target": "PartOpacity",
      "Id": "Part11",
      "Segments": [
        0,
        1,
        2,
        1.87,
        1
      ]
    },
    {
      "Target": "PartOpacity",
      "Id": "Part",
      "Segments": [
        0,
        0,
        2,
        1.87,
        0
      ]
    },
    {
      "Target": "PartOpacity",
      "Id": "Part20",
      "Segments": [
        0,
        0,
        2,
        1.87,
        0
      ]
    },
    {
      "Target": "PartOpacity",
      "Id": "Part23",
      "Segments": [
        0,
        1,
        2,
        1.87,
        1
      ]
    },
    {
      "Target": "PartOpacity",
      "Id": "Part13",
      "Segments": [
        0,
        1,
        2,
        1.87,
        1
      ]
    },
    {
      "Target": "PartOpacity",
      "Id": "Part12",
      "Segments": [
        0,
        1,
        2,
        1.87,
        1
      ]
    },
    {
      "Target": "Model",
      "Id": "Opacity",
      "Segments": [
        0,
        1,
        0,
        1.87,
        1
      ]
    },
    {
      "Target": "Parameter",
      "Id": "Param21",
      "Segments": [
        0,
        0,
        0,
        1.87,
        0
      ]
    },
    {
      "Target": "Parameter",
      "Id": "Head_RollY",
      "Segments": [
        0,
        0,
        0,
        1.87,
        0
      ]
    },
    {
      "Target": "Parameter",
      "Id": "BrowR_Form2",
      "Segments": [
        0,
        1,
        0,
        1.87,
        1
      ]
    },
    {
      "Target": "Parameter",
      "Id": "BrowL_Form2",
      "Segments": [
        0,
        1,
        0,
        1.87,
        1
      ]
    },
    {
      "Target": "Parameter",
      "Id": "Eyeball_Size",
      "Segments": [
        0,
        0,
        0,
        1.87,
        0
      ]
    },
    {
      "Target": "Parameter",
      "Id": "HighlightX",
      "Segments": [
        0,
        0,
        0,
        1.87,
        0
      ]
    },
    {
      "Target": "Parameter",
      "Id": "EyeR_Open",
      "Segments": [
        0,
        1,
        0,
        1.87,
        1
      ]
    },
    {
      "Target": "Parameter",
      "Id": "EyeR_Smile",
      "Segments": [
        0,
        0.5,
        0,
        1.87,
        0.5
      ]
    },
    {
      "Target": "Parameter",
      "Id": "EyeL_Open",
      "Segments": [
        0,
        1,
        0,
        1.87,
        1
      ]
    },
    {
      "Target": "Parameter",
      "Id": "EyeL_Smile",
      "Segments": [
        0,
        0.5,
        0,
        1.87,
        0.5
      ]
    },
    {
      "Target": "Parameter",
      "Id": "Mouth_Size",
      "Segments": [
        0,
        1,
        0,
        1.87,
        1
      ]
    },
    {
      "Target": "Parameter",
      "Id": "Lowerbody_Roll",
      "Segments": [
        0,
        0,
        0,
        1.87,
        0
      ]
    }
  ],
  "UserData": []
}