{
  "Version": 3,
  "Meta": {
    "Duration": 8.333,
    "Fps": 30.0,
    "Loop": true,
    "AreBeziersRestricted": true,
    "CurveCount": 95,
    "TotalSegmentCount": 175,
    "TotalPointCount": 259,
    "UserDataCount": 1,
    "TotalUserDataSize": 0
  },
  "Curves": [
    {
      "Target": "Parameter",
      "Id": "Breath",
      "Segments": [
        0,
        0,
        0,
        0.9,
        0.7,
        0,
        2.033,
        0,
        0,
        3.433,
        0.7,
        0,
        5.467,
        0,
        0,
        6.9,
        0.7,
        0,
        8.333,
        0
      ]
    },
    {
      "Target": "Parameter",
      "Id": "Body_Shaking",
      "Segments": [
        0,
        12.8,
        1,
        0.578,
        16.475,
        1.155,
        18,
        1.733,
        18,
        0,
        5.9,
        4.226,
        1,
        6.711,
        4.226,
        7.522,
        8.348,
        8.333,
        12.788
      ]
    },
    {
      "Target": "Parameter",
      "Id": "Body_Twist",
      "Segments": [
        0,
        0,
        1,
        0.622,
        -10.368,
        1.245,
        -12,
        1.867,
        -12,
        0,
        5.733,
        11,
        1,
        6.6,
        11,
        7.466,
        1.789,
        8.333,
        0
      ]
    },
    {
      "Target": "Parameter",
      "Id": "Param3",
      "Segments": [
        0,
        -18.3,
        1,
        0.622,
        -21.821,
        1.245,
        -22.977,
        1.867,
        -22.977,
        0,
        5.733,
        -12,
        0,
        8.333,
        -18.3
      ]
    },
    {
      "Target": "Parameter",
      "Id": "Body_Pose1",
      "Segments": [
        0,
        0,
        0,
        1.533,
        1,
        2,
        5.1,
        1,
        0,
        7.3,
        -2.308,
        0,
        8.333,
        0
      ]
    },
    {
      "Target": "Parameter",
      "Id": "Waist_Roll",
      "Segments": [
        0,
        1.5,
        1,
        1.833,
        1.6,
        3.667,
        1.62,
        5.5,
        1.62,
        0,
        8.333,
        1.5
      ]
    },
    {
      "Target": "Parameter",
      "Id": "Tie_Shaking",
      "Segments": [
        0,
        4.465,
        1,
        0.389,
        -0.224,
        0.778,
        -2.335,
        1.167,
        -2.335,
        0,
        2.733,
        3.806,
        0,
        4.767,
        -3.009,
        0,
        7.5,
        7.374,
        1,
        7.778,
        7.374,
        8.055,
        5.783,
        8.333,
        4.465
      ]
    },
    {
      "Target": "Parameter",
      "Id": "Head_AngleX",
      "Segments": [
        0,
        0,
        0,
        1.533,
        -13,
        1,
        1.944,
        -13,
        2.356,
        -13.692,
        2.767,
        -11,
        1,
        3.734,
        -4.671,
        4.7,
        6,
        5.667,
        6,
        0,
        8.333,
        0
      ]
    },
    {
      "Target": "Parameter",
      "Id": "Head_AngleY",
      "Segments": [
        0,
        -9,
        0,
        1.533,
        -10,
        0,
        2.767,
        -6,
        2,
        5.667,
        -6,
        0,
        8.333,
        -9
      ]
    },
    {
      "Target": "Parameter",
      "Id": "Head_Roll",
      "Segments": [
        0,
        -2,
        0,
        1.533,
        -9.685,
        0,
        3.8,
        1,
        1,
        4.6,
        1,
        5.4,
        0.191,
        6.2,
        -0.838,
        1,
        6.911,
        -1.752,
        7.622,
        -2,
        8.333,
        -2
      ]
    },
    {
      "Target": "Parameter",
      "Id": "Earrings_Shaking",
      "Segments": [
        0,
        0,
        1,
        0.111,
        -5.022,
        0.222,
        -5.189,
        0.333,
        -5.189,
        0,
        1.367,
        17.439,
        0,
        2.433,
        -5.189,
        0,
        3.433,
        17.439,
        0,
        4.6,
        -5.189,
        0,
        5.567,
        17.439,
        0,
        6.633,
        -5.189,
        0,
        7.433,
        17.439,
        1,
        7.733,
        17.439,
        8.033,
        4.591,
        8.333,
        0
      ]
    },
    {
      "Target": "Parameter",
      "Id": "HairFront_Shaking",
      "Segments": [
        0,
        -0.1,
        1,
        0.189,
        -0.44,
        0.378,
        -0.6,
        0.567,
        -0.6,
        0,
        1.967,
        0.502,
        1,
        2.345,
        0.502,
        2.722,
        -0.077,
        3.1,
        -0.358,
        1,
        3.278,
        -0.491,
        3.455,
        -0.454,
        3.633,
        -0.454,
        1,
        3.989,
        -0.454,
        4.344,
        -0.122,
        4.7,
        0.211,
        1,
        4.956,
        0.45,
        5.211,
        0.477,
        5.467,
        0.477,
        0,
        6.733,
        -0.316,
        0,
        7.8,
        0.159,
        1,
        7.978,
        0.159,
        8.155,
        0.025,
        8.333,
        -0.1
      ]
    },
    {
      "Target": "Parameter",
      "Id": "HairBack_Shaking",
      "Segments": [
        0,
        -0.213,
        1,
        0.111,
        -0.378,
        0.222,
        -0.4,
        0.333,
        -0.4,
        0,
        1.833,
        0.5,
        1,
        2.333,
        0.5,
        2.833,
        -0.022,
        3.333,
        -0.448,
        1,
        3.544,
        -0.628,
        3.756,
        -0.6,
        3.967,
        -0.6,
        1,
        4.356,
        -0.6,
        4.744,
        -0.198,
        5.133,
        0.132,
        1,
        5.511,
        0.454,
        5.889,
        0.494,
        6.267,
        0.494,
        1,
        6.667,
        0.494,
        7.067,
        0.503,
        7.467,
        0.4,
        1,
        7.756,
        0.335,
        8.044,
        0.044,
        8.333,
        -0.213
      ]
    },
    {
      "Target": "Parameter",
      "Id": "ShoulderR_Roll",
      "Segments": [
        0,
        -27,
        1,
        0.8,
        -27,
        1.6,
        -27.799,
        2.4,
        -27.9,
        1,
        3.311,
        -28.015,
        4.222,
        -28,
        5.133,
        -28,
        0,
        8.333,
        -27
      ]
    },
    {
      "Target": "Parameter",
      "Id": "ArmR_Roll",
      "Segments": [
        0,
        34,
        0,
        2.4,
        34.3,
        1,
        3.311,
        34.3,
        4.222,
        34.276,
        5.133,
        34.186,
        1,
        6.2,
        34.081,
        7.266,
        34,
        8.333,
        34
      ]
    },
    {
      "Target": "Parameter",
      "Id": "HandR_Roll",
      "Segments": [
        0,
        -30,
        0,
        1.5,
        -26.195,
        0,
        3.533,
        -30,
        0,
        5.433,
        -26.855,
        1,
        6.011,
        -26.855,
        6.589,
        -29.358,
        7.167,
        -29.795,
        1,
        7.556,
        -30.089,
        7.944,
        -30,
        8.333,
        -30
      ]
    },
    {
      "Target": "Parameter",
      "Id": "ArmR_Back",
      "Segments": [
        0,
        -30,
        2,
        1.867,
        -30,
        0,
        5.733,
        -27,
        0,
        8.333,
        -30
      ]
    },
    {
      "Target": "Parameter",
      "Id": "ShoulderL_Roll",
      "Segments": [
        0,
        28.5,
        0,
        2.9,
        29.76,
        1,
        4,
        29.76,
        5.1,
        29.018,
        6.2,
        28.68,
        1,
        6.911,
        28.462,
        7.622,
        28.5,
        8.333,
        28.5
      ]
    },
    {
      "Target": "Parameter",
      "Id": "ArmL_Roll",
      "Segments": [
        0,
        -34.76,
        1,
        1.044,
        -34.748,
        2.089,
        -34.749,
        3.133,
        -34.729,
        1,
        4.155,
        -34.709,
        5.178,
        -34.1,
        6.2,
        -34.1,
        0,
        8.333,
        -34.76
      ]
    },
    {
      "Target": "Parameter",
      "Id": "ArmL_Scale",
      "Segments": [
        0,
        -15,
        1,
        0.411,
        -16.021,
        0.822,
        -17.011,
        1.233,
        -17.011,
        1,
        1.789,
        -17.011,
        2.344,
        -16.091,
        2.9,
        -15,
        1,
        3.322,
        -14.17,
        3.745,
        -14,
        4.167,
        -14,
        0,
        6.2,
        -15,
        2,
        8.333,
        -15
      ]
    },
    {
      "Target": "Parameter",
      "Id": "HandL_Roll",
      "Segments": [
        0,
        30,
        2,
        1.667,
        30,
        2,
        3.967,
        30,
        2,
        5.367,
        30,
        0,
        7.167,
        29.913,
        0,
        8.333,
        30
      ]
    },
    {
      "Target": "Parameter",
      "Id": "Skirt_Shaking",
      "Segments": [
        0,
        0,
        1,
        0.211,
        -6.266,
        0.422,
        -10.812,
        0.633,
        -10.812,
        0,
        1.733,
        6,
        0,
        3.1,
        -10.812,
        0,
        4.667,
        6,
        0,
        6.2,
        -8.851,
        0,
        7.567,
        6,
        1,
        7.822,
        6,
        8.078,
        3.096,
        8.333,
        0
      ]
    },
    {
      "Target": "PartOpacity",
      "Id": "Part11",
      "Segments": [
        0,
        1,
        2,
        8.33,
        1
      ]
    },
    {
      "Target": "PartOpacity",
      "Id": "Part",
      "Segments": [
        0,
        1,
        2,
        8.33,
        1
      ]
    },
    {
      "Target": "PartOpacity",
      "Id": "Part2",
      "Segments": [
        0,
        1,
        2,
        8.33,
        1
      ]
    },
    {
      "Target": "PartOpacity",
      "Id": "Part3",
      "Segments": [
        0,
        1,
        2,
        8.33,
        1
      ]
    },
    {
      "Target": "PartOpacity",
      "Id": "Part4",
      "Segments": [
        0,
        1,
        2,
        8.33,
        1
      ]
    },
    {
      "Target": "PartOpacity",
      "Id": "Part5",
      "Segments": [
        0,
        1,
        2,
        8.33,
        1
      ]
    },
    {
      "Target": "PartOpacity",
      "Id": "Part17",
      "Segments": [
        0,
        1,
        2,
        8.33,
        1
      ]
    },
    {
      "Target": "PartOpacity",
      "Id": "Part6",
      "Segments": [
        0,
        1,
        2,
        8.33,
        1
      ]
    },
    {
      "Target": "PartOpacity",
      "Id": "Part15",
      "Segments": [
        0,
        0,
        2,
        8.33,
        0
      ]
    },
    {
      "Target": "PartOpacity",
      "Id": "Part25",
      "Segments": [
        0,
        1,
        2,
        8.33,
        1
      ]
    },
    {
      "Target": "PartOpacity",
      "Id": "Part7",
      "Segments": [
        0,
        1,
        2,
        8.33,
        1
      ]
    },
    {
      "Target": "PartOpacity",
      "Id": "Part26",
      "Segments": [
        0,
        1,
        2,
        8.33,
        1
      ]
    },
    {
      "Target": "PartOpacity",
      "Id": "Part20",
      "Segments": [
        0,
        1,
        2,
        8.33,
        1
      ]
    },
    {
      "Target": "PartOpacity",
      "Id": "Part18",
      "Segments": [
        0,
        0,
        2,
        8.33,
        0
      ]
    },
    {
      "Target": "PartOpacity",
      "Id": "Part21",
      "Segments": [
        0,
        0,
        2,
        8.33,
        0
      ]
    },
    {
      "Target": "PartOpacity",
      "Id": "Part16",
      "Segments": [
        0,
        0,
        2,
        8.33,
        0
      ]
    },
    {
      "Target": "PartOpacity",
      "Id": "Part34",
      "Segments": [
        0,
        1,
        2,
        8.33,
        1
      ]
    },
    {
      "Target": "PartOpacity",
      "Id": "Part8",
      "Segments": [
        0,
        1,
        2,
        8.33,
        1
      ]
    },
    {
      "Target": "PartOpacity",
      "Id": "Part9",
      "Segments": [
        0,
        1,
        2,
        8.33,
        1
      ]
    },
    {
      "Target": "PartOpacity",
      "Id": "Part22",
      "Segments": [
        0,
        1,
        2,
        8.33,
        1
      ]
    },
    {
      "Target": "PartOpacity",
      "Id": "Part14",
      "Segments": [
        0,
        0,
        2,
        8.33,
        0
      ]
    },
    {
      "Target": "PartOpacity",
      "Id": "Part33",
      "Segments": [
        0,
        1,
        2,
        8.33,
        1
      ]
    },
    {
      "Target": "PartOpacity",
      "Id": "Part23",
      "Segments": [
        0,
        1,
        2,
        8.33,
        1
      ]
    },
    {
      "Target": "PartOpacity",
      "Id": "Part12",
      "Segments": [
        0,
        0,
        2,
        8.33,
        0
      ]
    },
    {
      "Target": "PartOpacity",
      "Id": "Part30",
      "Segments": [
        0,
        0,
        2,
        8.33,
        0
      ]
    },
    {
      "Target": "PartOpacity",
      "Id": "Part32",
      "Segments": [
        0,
        1,
        2,
        8.33,
        1
      ]
    },
    {
      "Target": "PartOpacity",
      "Id": "Part24",
      "Segments": [
        0,
        1,
        2,
        8.33,
        1
      ]
    },
    {
      "Target": "PartOpacity",
      "Id": "Part19",
      "Segments": [
        0,
        1,
        2,
        8.33,
        1
      ]
    },
    {
      "Target": "PartOpacity",
      "Id": "Part13",
      "Segments": [
        0,
        1,
        2,
        8.33,
        1
      ]
    },
    {
      "Target": "PartOpacity",
      "Id": "Part29",
      "Segments": [
        0,
        1,
        2,
        8.33,
        1
      ]
    },
    {
      "Target": "PartOpacity",
      "Id": "Part27",
      "Segments": [
        0,
        0,
        2,
        8.33,
        0
      ]
    },
    {
      "Target": "PartOpacity",
      "Id": "Part28",
      "Segments": [
        0,
        1,
        2,
        8.33,
        1
      ]
    },
    {
      "Target": "PartOpacity",
      "Id": "Part10",
      "Segments": [
        0,
        1,
        2,
        8.33,
        1
      ]
    },
    {
      "Target": "Model",
      "Id": "Opacity",
      "Segments": [
        0,
        1,
        0,
        8.333,
        1
      ]
    },
    {
      "Target": "Parameter",
      "Id": "BodyY",
      "Segments": [
        0,
        0,
        0,
        8.333,
        0
      ]
    },
    {
      "Target": "Parameter",
      "Id": "All_Position",
      "Segments": [
        0,
        0,
        0,
        8.333,
        0
      ]
    },
    {
      "Target": "Parameter",
      "Id": "HeadY",
      "Segments": [
        0,
        0,
        0,
        8.333,
        0
      ]
    },
    {
      "Target": "Parameter",
      "Id": "BrowRX",
      "Segments": [
        0,
        0,
        0,
        8.333,
        0
      ]
    },
    {
      "Target": "Parameter",
      "Id": "BrowRY",
      "Segments": [
        0,
        1,
        0,
        8.333,
        1
      ]
    },
    {
      "Target": "Parameter",
      "Id": "BrowLX",
      "Segments": [
        0,
        0,
        0,
        8.333,
        0
      ]
    },
    {
      "Target": "Parameter",
      "Id": "BrowLY",
      "Segments": [
        0,
        0.4,
        0,
        8.333,
        0.4
      ]
    },
    {
      "Target": "Parameter",
      "Id": "BrowRAngle",
      "Segments": [
        0,
        0,
        0,
        8.333,
        0
      ]
    },
    {
      "Target": "Parameter",
      "Id": "BrowLAngle",
      "Segments": [
        0,
        0,
        0,
        8.333,
        0
      ]
    },
    {
      "Target": "Parameter",
      "Id": "BrowR_Form",
      "Segments": [
        0,
        0,
        0,
        8.333,
        0
      ]
    },
    {
      "Target": "Parameter",
      "Id": "BrowL_Form",
      "Segments": [
        0,
        0,
        0,
        8.333,
        0
      ]
    },
    {
      "Target": "Parameter",
      "Id": "EyeR_Open",
      "Segments": [
        0,
        1,
        0,
        8.333,
        1
      ]
    },
    {
      "Target": "Parameter",
      "Id": "EyeR_Smile",
      "Segments": [
        0,
        0,
        0,
        8.333,
        0
      ]
    },
    {
      "Target": "Parameter",
      "Id": "EyeR_Form",
      "Segments": [
        0,
        0,
        0,
        8.333,
        0
      ]
    },
    {
      "Target": "Parameter",
      "Id": "EyeL_Open",
      "Segments": [
        0,
        1,
        0,
        8.333,
        1
      ]
    },
    {
      "Target": "Parameter",
      "Id": "EyeL_Smile",
      "Segments": [
        0,
        0,
        0,
        8.333,
        0
      ]
    },
    {
      "Target": "Parameter",
      "Id": "EyeL_Form",
      "Segments": [
        0,
        0,
        0,
        8.333,
        0
      ]
    },
    {
      "Target": "Parameter",
      "Id": "EyeBallX",
      "Segments": [
        0,
        0,
        0,
        8.333,
        0
      ]
    },
    {
      "Target": "Parameter",
      "Id": "EyeBallY",
      "Segments": [
        0,
        0,
        0,
        8.333,
        0
      ]
    },
    {
      "Target": "Parameter",
      "Id": "Mouth_Form",
      "Segments": [
        0,
        0,
        0,
        8.333,
        0
      ]
    },
    {
      "Target": "Parameter",
      "Id": "Mouth_Open",
      "Segments": [
        0,
        1,
        0,
        8.333,
        1
      ]
    },
    {
      "Target": "Parameter",
      "Id": "Mouth_Size",
      "Segments": [
        0,
        1,
        0,
        8.333,
        1
      ]
    },
    {
      "Target": "Parameter",
      "Id": "Mouth_PositionX",
      "Segments": [
        0,
        0,
        0,
        8.333,
        0
      ]
    },
    {
      "Target": "Parameter",
      "Id": "Mouth_PositionY",
      "Segments": [
        0,
        0,
        0,
        8.333,
        0
      ]
    },
    {
      "Target": "Parameter",
      "Id": "ShoulderRY",
      "Segments": [
        0,
        8,
        0,
        8.333,
        8
      ]
    },
    {
      "Target": "Parameter",
      "Id": "ShoulderR_Scale",
      "Segments": [
        0,
        -3,
        0,
        8.333,
        -3
      ]
    },
    {
      "Target": "Parameter",
      "Id": "ArmR_Scale",
      "Segments": [
        0,
        -30,
        0,
        8.333,
        -30
      ]
    },
    {
      "Target": "Parameter",
      "Id": "ElbowR_Weight",
      "Segments": [
        0,
        0,
        0,
        8.333,
        0
      ]
    },
    {
      "Target": "Parameter",
      "Id": "ArmR_Weight",
      "Segments": [
        0,
        0,
        0,
        8.333,
        0
      ]
    },
    {
      "Target": "Parameter",
      "Id": "Param",
      "Segments": [
        0,
        -30,
        0,
        8.333,
        -30
      ]
    },
    {
      "Target": "Parameter",
      "Id": "ShoulderLY",
      "Segments": [
        0,
        23,
        0,
        8.333,
        23
      ]
    },
    {
      "Target": "Parameter",
      "Id": "ShoulderL_Scale",
      "Segments": [
        0,
        -4,
        0,
        8.333,
        -4
      ]
    },
    {
      "Target": "Parameter",
      "Id": "HandL__Pose2_Weight",
      "Segments": [
        0,
        0,
        0,
        8.333,
        0
      ]
    },
    {
      "Target": "Parameter",
      "Id": "HandL_Pose1_Hold",
      "Segments": [
        0,
        0,
        0,
        8.333,
        0
      ]
    },
    {
      "Target": "Parameter",
      "Id": "HandL_Pose1_Weight",
      "Segments": [
        0,
        0,
        0,
        8.333,
        0
      ]
    },
    {
      "Target": "Parameter",
      "Id": "Param2",
      "Segments": [
        0,
        30,
        0,
        8.333,
        30
      ]
    },
    {
      "Target": "Parameter",
      "Id": "LegR_Roll",
      "Segments": [
        0,
        -15,
        0,
        8.333,
        -15
      ]
    },
    {
      "Target": "Parameter",
      "Id": "LegL_Roll",
      "Segments": [
        0,
        16,
        0,
        8.333,
        16
      ]
    },
    {
      "Target": "Parameter",
      "Id": "Lowerbody_Roll",
      "Segments": [
        0,
        0,
        0,
        8.333,
        0
      ]
    }
  ],
  "UserData": [
    {
      "Time": 0.0,
      "Value": ""
    }
  ]
}