{
  "Version": 3,
  "Meta": {
    "Duration": 8.333,
    "Fps": 30.0,
    "Loop": true,
    "AreBeziersRestricted": true,
    "CurveCount": 97,
    "TotalSegmentCount": 213,
    "TotalPointCount": 339,
    "UserDataCount": 1,
    "TotalUserDataSize": 0
  },
  "Curves": [
    {
      "Target": "Parameter",
      "Id": "Breath",
      "Segments": [
        0,
        0.138,
        1,
        0.278,
        0.007,
        0.555,
        0,
        0.833,
        0,
        0,
        2.433,
        0.6,
        0,
        4.367,
        0,
        0,
        6.433,
        0.4,
        1,
        7.066,
        0.4,
        7.7,
        0.327,
        8.333,
        0.138
      ]
    },
    {
      "Target": "Parameter",
      "Id": "Body_Shaking",
      "Segments": [
        0,
        -25,
        1,
        0.267,
        -25,
        0.533,
        -24.862,
        0.8,
        -20,
        1,
        1.444,
        -8.251,
        2.089,
        2,
        2.733,
        2,
        0,
        4.1,
        -6,
        0,
        6.033,
        3,
        0,
        8.333,
        -25
      ]
    },
    {
      "Target": "Parameter",
      "Id": "Body_Twist",
      "Segments": [
        0,
        -2,
        2,
        0.267,
        -2,
        1,
        0.834,
        -2,
        1.4,
        3.64,
        1.967,
        11.347,
        1,
        2.456,
        17.997,
        2.944,
        20,
        3.433,
        20,
        1,
        3.933,
        20,
        4.433,
        4.38,
        4.933,
        -0.29,
        1,
        5.444,
        -5.064,
        5.956,
        -4.75,
        6.467,
        -4.75,
        0,
        8.333,
        -2
      ]
    },
    {
      "Target": "Parameter",
      "Id": "Param3",
      "Segments": [
        0,
        -12.563,
        2,
        0.267,
        -12.563,
        0,
        3.433,
        -9.563,
        1,
        3.933,
        -9.563,
        4.433,
        -10.626,
        4.933,
        -13.563,
        1,
        5.444,
        -16.565,
        5.956,
        -18.563,
        6.467,
        -18.563,
        0,
        8.333,
        -12.563
      ]
    },
    {
      "Target": "Parameter",
      "Id": "Body_Pose1",
      "Segments": [
        0,
        -4,
        1,
        0.767,
        -4,
        1.533,
        -3.939,
        2.3,
        -3,
        1,
        3.511,
        -1.517,
        4.722,
        0,
        5.933,
        0,
        0,
        8.333,
        -4
      ]
    },
    {
      "Target": "Parameter",
      "Id": "Waist_Roll",
      "Segments": [
        0,
        1,
        1,
        0.444,
        0.653,
        0.889,
        0.578,
        1.333,
        0.578,
        0,
        3,
        2,
        0,
        4.733,
        1,
        0,
        6.233,
        2,
        1,
        6.933,
        2,
        7.633,
        1.419,
        8.333,
        1
      ]
    },
    {
      "Target": "Parameter",
      "Id": "Tie_Shaking",
      "Segments": [
        0,
        -0.7,
        1,
        0.2,
        0.912,
        0.4,
        1.715,
        0.6,
        1.715,
        0,
        2.367,
        -6,
        0,
        4,
        2,
        0,
        6.4,
        -6,
        1,
        7.044,
        -6,
        7.689,
        -5.691,
        8.333,
        -0.7
      ]
    },
    {
      "Target": "Parameter",
      "Id": "Head_AngleX",
      "Segments": [
        0,
        14,
        1,
        0.411,
        14,
        0.822,
        13.588,
        1.233,
        11,
        1,
        1.878,
        6.943,
        2.522,
        2.858,
        3.167,
        -4,
        1,
        4.011,
        -12.986,
        4.856,
        -23,
        5.7,
        -23,
        0,
        8.333,
        14
      ]
    },
    {
      "Target": "Parameter",
      "Id": "Head_AngleY",
      "Segments": [
        0,
        -6,
        2,
        1.233,
        -6,
        0,
        3.167,
        -11,
        1,
        4.011,
        -11,
        4.856,
        -11.07,
        5.7,
        -10,
        1,
        6.578,
        -8.888,
        7.455,
        -6,
        8.333,
        -6
      ]
    },
    {
      "Target": "Parameter",
      "Id": "Head_Roll",
      "Segments": [
        0,
        -13,
        1,
        0.4,
        -13,
        0.8,
        -12.963,
        1.2,
        -12,
        1,
        1.933,
        -10.234,
        2.667,
        -7.242,
        3.4,
        -5,
        1,
        3.789,
        -3.811,
        4.178,
        -3.34,
        4.567,
        -3.34,
        0,
        8.333,
        -13
      ]
    },
    {
      "Target": "Parameter",
      "Id": "Earrings_Shaking",
      "Segments": [
        0,
        2.8,
        1,
        0.111,
        -3.04,
        0.222,
        -5.189,
        0.333,
        -5.189,
        0,
        1.367,
        17.439,
        0,
        2.433,
        -5.189,
        0,
        3.433,
        17.439,
        0,
        4.6,
        -5.189,
        0,
        5.567,
        17.439,
        0,
        6.633,
        -5.189,
        0,
        7.433,
        17.439,
        1,
        7.733,
        17.439,
        8.033,
        6.62,
        8.333,
        2.8
      ]
    },
    {
      "Target": "Parameter",
      "Id": "EyeBallX",
      "Segments": [
        0,
        0.2,
        0,
        3,
        0,
        0,
        5.267,
        0.2,
        2,
        8.333,
        0.2
      ]
    },
    {
      "Target": "Parameter",
      "Id": "EyeBallY",
      "Segments": [
        0,
        0.2,
        0,
        3,
        0,
        2,
        5.267,
        0,
        0,
        8.333,
        0.2
      ]
    },
    {
      "Target": "Parameter",
      "Id": "HairFront_Shaking",
      "Segments": [
        0,
        0.1,
        1,
        0.289,
        -0.175,
        0.578,
        -0.267,
        0.867,
        -0.267,
        0,
        2.267,
        0.305,
        0,
        3.867,
        -0.478,
        0,
        5.067,
        0.191,
        0,
        6.467,
        -0.372,
        0,
        7.533,
        0.361,
        1,
        7.8,
        0.361,
        8.066,
        0.277,
        8.333,
        0.1
      ]
    },
    {
      "Target": "Parameter",
      "Id": "HairBack_Shaking",
      "Segments": [
        0,
        0.3,
        1,
        0.289,
        0.038,
        0.578,
        -0.1,
        0.867,
        -0.1,
        0,
        2.367,
        0.5,
        0,
        4.1,
        -0.2,
        0,
        5.067,
        0.6,
        0,
        6.533,
        -0.2,
        1,
        6.8,
        -0.2,
        7.066,
        -0.032,
        7.333,
        0.3,
        1,
        7.666,
        0.558,
        8,
        0.55,
        8.333,
        0.3
      ]
    },
    {
      "Target": "Parameter",
      "Id": "ShoulderRY",
      "Segments": [
        0,
        -18,
        2,
        2.333,
        -18,
        0,
        5.033,
        -11,
        2,
        6.467,
        -11,
        0,
        8.333,
        -18
      ]
    },
    {
      "Target": "Parameter",
      "Id": "ShoulderR_Roll",
      "Segments": [
        0,
        -4,
        0,
        2.333,
        -2.64,
        1,
        2.778,
        -2.64,
        3.222,
        -2.595,
        3.667,
        -4.08,
        1,
        4.122,
        -5.602,
        4.578,
        -9.002,
        5.033,
        -9.002,
        1,
        5.511,
        -9.002,
        5.989,
        -9.122,
        6.467,
        -8.683,
        1,
        7.089,
        -8.11,
        7.711,
        -4,
        8.333,
        -4
      ]
    },
    {
      "Target": "Parameter",
      "Id": "ShoulderR_Scale",
      "Segments": [
        0,
        -13,
        2,
        2.333,
        -13,
        0,
        4.5,
        -10.099,
        0,
        5.033,
        -11,
        0,
        6.5,
        -10.4,
        0,
        8.333,
        -13
      ]
    },
    {
      "Target": "Parameter",
      "Id": "ArmR_Roll",
      "Segments": [
        0,
        46.486,
        1,
        0.778,
        46.486,
        1.555,
        46.482,
        2.333,
        46.536,
        1,
        2.833,
        46.57,
        3.333,
        47.478,
        3.833,
        47.945,
        1,
        4.089,
        48.183,
        4.344,
        48.346,
        4.6,
        48.65,
        1,
        4.744,
        48.822,
        4.889,
        49.185,
        5.033,
        49.185,
        1,
        5.511,
        49.185,
        5.989,
        49.222,
        6.467,
        48.63,
        1,
        7.089,
        47.859,
        7.711,
        46.486,
        8.333,
        46.486
      ]
    },
    {
      "Target": "Parameter",
      "Id": "ArmR_Scale",
      "Segments": [
        0,
        -30,
        1,
        0.778,
        -30,
        1.555,
        -28.384,
        2.333,
        -25.6,
        1,
        2.666,
        -24.407,
        3,
        -24,
        3.333,
        -24,
        1,
        3.9,
        -24,
        4.466,
        -25.537,
        5.033,
        -27.69,
        1,
        5.5,
        -29.463,
        5.966,
        -30,
        6.433,
        -30,
        2,
        8.333,
        -30
      ]
    },
    {
      "Target": "Parameter",
      "Id": "HandR_Roll",
      "Segments": [
        0,
        -2,
        2,
        2.333,
        -2,
        0,
        4.167,
        -5.425,
        1,
        4.456,
        -5.425,
        4.744,
        -5.051,
        5.033,
        -4.58,
        1,
        6.133,
        -2.786,
        7.233,
        -2,
        8.333,
        -2
      ]
    },
    {
      "Target": "Parameter",
      "Id": "ArmR_Back",
      "Segments": [
        0,
        -17,
        2,
        3,
        -17,
        0,
        5.333,
        -24,
        2,
        6.267,
        -24,
        0,
        8.333,
        -17
      ]
    },
    {
      "Target": "Parameter",
      "Id": "ElbowR_Weight",
      "Segments": [
        0,
        -27,
        1,
        1.144,
        -27,
        2.289,
        -26.376,
        3.433,
        -24,
        1,
        4.444,
        -21.901,
        5.456,
        -20,
        6.467,
        -20,
        0,
        8.333,
        -27
      ]
    },
    {
      "Target": "Parameter",
      "Id": "ShoulderLY",
      "Segments": [
        0,
        18,
        2,
        2.333,
        18,
        0,
        5.033,
        14,
        2,
        6.467,
        14,
        0,
        8.333,
        18
      ]
    },
    {
      "Target": "Parameter",
      "Id": "ShoulderL_Roll",
      "Segments": [
        0,
        -9,
        1,
        0.778,
        -9.195,
        1.555,
        -9.174,
        2.333,
        -9.521,
        1,
        3.233,
        -9.922,
        4.133,
        -13.86,
        5.033,
        -13.86,
        1,
        5.511,
        -13.86,
        5.989,
        -13.95,
        6.467,
        -13.646,
        1,
        7.089,
        -13.249,
        7.711,
        -9,
        8.333,
        -9
      ]
    },
    {
      "Target": "Parameter",
      "Id": "ArmL_Roll",
      "Segments": [
        0,
        -43.24,
        2,
        2.333,
        -43.24,
        0,
        4.033,
        -42.229,
        1,
        4.366,
        -42.229,
        4.7,
        -42.341,
        5.033,
        -42.382,
        1,
        5.511,
        -42.44,
        5.989,
        -42.422,
        6.467,
        -42.505,
        1,
        7.089,
        -42.613,
        7.711,
        -43.24,
        8.333,
        -43.24
      ]
    },
    {
      "Target": "Parameter",
      "Id": "ArmL_Scale",
      "Segments": [
        0,
        -16,
        0,
        2.333,
        -15.49,
        1,
        3,
        -15.49,
        3.666,
        -16.367,
        4.333,
        -18,
        1,
        4.622,
        -18.708,
        4.911,
        -19.099,
        5.2,
        -20.01,
        1,
        5.622,
        -21.341,
        6.045,
        -22.66,
        6.467,
        -22.66,
        0,
        8.333,
        -16
      ]
    },
    {
      "Target": "Parameter",
      "Id": "HandL_Roll",
      "Segments": [
        0,
        13,
        2,
        2.333,
        13,
        1,
        3.233,
        13,
        4.133,
        11.006,
        5.033,
        10,
        1,
        5.511,
        9.466,
        5.989,
        9.586,
        6.467,
        9.586,
        0,
        8.333,
        13
      ]
    },
    {
      "Target": "Parameter",
      "Id": "Param4",
      "Segments": [
        0,
        -28,
        0,
        3.433,
        -26,
        1,
        3.933,
        -26,
        4.433,
        -28.022,
        4.933,
        -29,
        1,
        5.444,
        -29.999,
        5.956,
        -30,
        6.467,
        -30,
        0,
        8.333,
        -28
      ]
    },
    {
      "Target": "Parameter",
      "Id": "LegR_Roll",
      "Segments": [
        0,
        -5,
        0,
        2.4,
        -4,
        2,
        5.4,
        -4,
        0,
        8.333,
        -5
      ]
    },
    {
      "Target": "Parameter",
      "Id": "LegL_Roll",
      "Segments": [
        0,
        13,
        2,
        2.4,
        13,
        0,
        5.4,
        9,
        0,
        8.333,
        13
      ]
    },
    {
      "Target": "Parameter",
      "Id": "Skirt_Shaking",
      "Segments": [
        0,
        9,
        0,
        2.067,
        -5,
        0,
        3.9,
        7,
        0,
        6.867,
        -4,
        0,
        8.333,
        9
      ]
    },
    {
      "Target": "PartOpacity",
      "Id": "Part11",
      "Segments": [
        0,
        1,
        2,
        8.33,
        1
      ]
    },
    {
      "Target": "PartOpacity",
      "Id": "Part",
      "Segments": [
        0,
        1,
        2,
        8.33,
        1
      ]
    },
    {
      "Target": "PartOpacity",
      "Id": "Part2",
      "Segments": [
        0,
        1,
        2,
        8.33,
        1
      ]
    },
    {
      "Target": "PartOpacity",
      "Id": "Part3",
      "Segments": [
        0,
        1,
        2,
        8.33,
        1
      ]
    },
    {
      "Target": "PartOpacity",
      "Id": "Part4",
      "Segments": [
        0,
        1,
        2,
        8.33,
        1
      ]
    },
    {
      "Target": "PartOpacity",
      "Id": "Part5",
      "Segments": [
        0,
        1,
        2,
        8.33,
        1
      ]
    },
    {
      "Target": "PartOpacity",
      "Id": "Part17",
      "Segments": [
        0,
        1,
        2,
        8.33,
        1
      ]
    },
    {
      "Target": "PartOpacity",
      "Id": "Part6",
      "Segments": [
        0,
        1,
        2,
        8.33,
        1
      ]
    },
    {
      "Target": "PartOpacity",
      "Id": "Part15",
      "Segments": [
        0,
        1,
        2,
        8.33,
        1
      ]
    },
    {
      "Target": "PartOpacity",
      "Id": "Part25",
      "Segments": [
        0,
        1,
        2,
        8.33,
        1
      ]
    },
    {
      "Target": "PartOpacity",
      "Id": "Part7",
      "Segments": [
        0,
        1,
        2,
        8.33,
        1
      ]
    },
    {
      "Target": "PartOpacity",
      "Id": "Part26",
      "Segments": [
        0,
        1,
        2,
        8.33,
        1
      ]
    },
    {
      "Target": "PartOpacity",
      "Id": "Part20",
      "Segments": [
        0,
        1,
        2,
        8.33,
        1
      ]
    },
    {
      "Target": "PartOpacity",
      "Id": "Part18",
      "Segments": [
        0,
        1,
        2,
        8.33,
        1
      ]
    },
    {
      "Target": "PartOpacity",
      "Id": "Part21",
      "Segments": [
        0,
        0,
        2,
        8.33,
        0
      ]
    },
    {
      "Target": "PartOpacity",
      "Id": "Part16",
      "Segments": [
        0,
        0,
        2,
        8.33,
        0
      ]
    },
    {
      "Target": "PartOpacity",
      "Id": "Part34",
      "Segments": [
        0,
        0,
        2,
        8.33,
        0
      ]
    },
    {
      "Target": "PartOpacity",
      "Id": "Part8",
      "Segments": [
        0,
        1,
        2,
        8.33,
        1
      ]
    },
    {
      "Target": "PartOpacity",
      "Id": "Part9",
      "Segments": [
        0,
        1,
        2,
        8.33,
        1
      ]
    },
    {
      "Target": "PartOpacity",
      "Id": "Part22",
      "Segments": [
        0,
        1,
        2,
        8.33,
        1
      ]
    },
    {
      "Target": "PartOpacity",
      "Id": "Part14",
      "Segments": [
        0,
        0,
        2,
        8.33,
        0
      ]
    },
    {
      "Target": "PartOpacity",
      "Id": "Part33",
      "Segments": [
        0,
        0,
        2,
        8.33,
        0
      ]
    },
    {
      "Target": "PartOpacity",
      "Id": "Part23",
      "Segments": [
        0,
        1,
        2,
        8.33,
        1
      ]
    },
    {
      "Target": "PartOpacity",
      "Id": "Part12",
      "Segments": [
        0,
        1,
        2,
        8.33,
        1
      ]
    },
    {
      "Target": "PartOpacity",
      "Id": "Part30",
      "Segments": [
        0,
        0,
        2,
        8.33,
        0
      ]
    },
    {
      "Target": "PartOpacity",
      "Id": "Part32",
      "Segments": [
        0,
        1,
        2,
        8.33,
        1
      ]
    },
    {
      "Target": "PartOpacity",
      "Id": "Part24",
      "Segments": [
        0,
        0,
        2,
        8.33,
        0
      ]
    },
    {
      "Target": "PartOpacity",
      "Id": "Part19",
      "Segments": [
        0,
        0,
        2,
        8.33,
        0
      ]
    },
    {
      "Target": "PartOpacity",
      "Id": "Part13",
      "Segments": [
        0,
        1,
        2,
        8.33,
        1
      ]
    },
    {
      "Target": "PartOpacity",
      "Id": "Part29",
      "Segments": [
        0,
        1,
        2,
        8.33,
        1
      ]
    },
    {
      "Target": "PartOpacity",
      "Id": "Part27",
      "Segments": [
        0,
        0,
        2,
        8.33,
        0
      ]
    },
    {
      "Target": "PartOpacity",
      "Id": "Part28",
      "Segments": [
        0,
        1,
        2,
        8.33,
        1
      ]
    },
    {
      "Target": "PartOpacity",
      "Id": "Part10",
      "Segments": [
        0,
        1,
        2,
        8.33,
        1
      ]
    },
    {
      "Target": "Model",
      "Id": "Opacity",
      "Segments": [
        0,
        1,
        0,
        8.333,
        1
      ]
    },
    {
      "Target": "Parameter",
      "Id": "BodyY",
      "Segments": [
        0,
        0,
        0,
        8.333,
        0
      ]
    },
    {
      "Target": "Parameter",
      "Id": "All_Position",
      "Segments": [
        0,
        0,
        0,
        8.333,
        0
      ]
    },
    {
      "Target": "Parameter",
      "Id": "HeadY",
      "Segments": [
        0,
        -8,
        0,
        8.333,
        -8
      ]
    },
    {
      "Target": "Parameter",
      "Id": "BrowRX",
      "Segments": [
        0,
        0,
        0,
        8.333,
        0
      ]
    },
    {
      "Target": "Parameter",
      "Id": "BrowRY",
      "Segments": [
        0,
        -0.3,
        0,
        8.333,
        -0.3
      ]
    },
    {
      "Target": "Parameter",
      "Id": "BrowLX",
      "Segments": [
        0,
        0.3,
        0,
        8.333,
        0.3
      ]
    },
    {
      "Target": "Parameter",
      "Id": "BrowLY",
      "Segments": [
        0,
        -0.1,
        0,
        8.333,
        -0.1
      ]
    },
    {
      "Target": "Parameter",
      "Id": "BrowRAngle",
      "Segments": [
        0,
        1,
        0,
        8.333,
        1
      ]
    },
    {
      "Target": "Parameter",
      "Id": "BrowLAngle",
      "Segments": [
        0,
        0.5,
        0,
        8.333,
        0.5
      ]
    },
    {
      "Target": "Parameter",
      "Id": "BrowR_Form",
      "Segments": [
        0,
        1,
        0,
        8.333,
        1
      ]
    },
    {
      "Target": "Parameter",
      "Id": "BrowL_Form",
      "Segments": [
        0,
        1,
        0,
        8.333,
        1
      ]
    },
    {
      "Target": "Parameter",
      "Id": "EyeR_Open",
      "Segments": [
        0,
        0.9,
        0,
        8.333,
        0.9
      ]
    },
    {
      "Target": "Parameter",
      "Id": "EyeR_Smile",
      "Segments": [
        0,
        -0.5,
        0,
        8.333,
        -0.5
      ]
    },
    {
      "Target": "Parameter",
      "Id": "EyeR_Form",
      "Segments": [
        0,
        -1,
        0,
        8.333,
        -1
      ]
    },
    {
      "Target": "Parameter",
      "Id": "EyeL_Open",
      "Segments": [
        0,
        0.8,
        0,
        8.333,
        0.8
      ]
    },
    {
      "Target": "Parameter",
      "Id": "EyeL_Smile",
      "Segments": [
        0,
        -0.3,
        0,
        8.333,
        -0.3
      ]
    },
    {
      "Target": "Parameter",
      "Id": "EyeL_Form",
      "Segments": [
        0,
        -1,
        0,
        8.333,
        -1
      ]
    },
    {
      "Target": "Parameter",
      "Id": "Eyeball_Size",
      "Segments": [
        0,
        0,
        0,
        8.333,
        0
      ]
    },
    {
      "Target": "Parameter",
      "Id": "Mouth_Form",
      "Segments": [
        0,
        -1,
        0,
        8.333,
        -1
      ]
    },
    {
      "Target": "Parameter",
      "Id": "Mouth_Open",
      "Segments": [
        0,
        1,
        0,
        8.333,
        1
      ]
    },
    {
      "Target": "Parameter",
      "Id": "Mouth_Size",
      "Segments": [
        0,
        1,
        0,
        8.333,
        1
      ]
    },
    {
      "Target": "Parameter",
      "Id": "Mouth_PositionX",
      "Segments": [
        0,
        0,
        0,
        8.333,
        0
      ]
    },
    {
      "Target": "Parameter",
      "Id": "Mouth_PositionY",
      "Segments": [
        0,
        0,
        0,
        8.333,
        0
      ]
    },
    {
      "Target": "Parameter",
      "Id": "ArmR_Weight",
      "Segments": [
        0,
        0,
        0,
        8.333,
        0
      ]
    },
    {
      "Target": "Parameter",
      "Id": "Param",
      "Segments": [
        0,
        0,
        0,
        8.333,
        0
      ]
    },
    {
      "Target": "Parameter",
      "Id": "ShoulderL_Scale",
      "Segments": [
        0,
        0,
        0,
        8.333,
        0
      ]
    },
    {
      "Target": "Parameter",
      "Id": "HandL__Pose2_Weight",
      "Segments": [
        0,
        0,
        0,
        8.333,
        0
      ]
    },
    {
      "Target": "Parameter",
      "Id": "HandL_Pose1_Hold",
      "Segments": [
        0,
        -30,
        0,
        8.333,
        -30
      ]
    },
    {
      "Target": "Parameter",
      "Id": "HandL_Pose1_Weight",
      "Segments": [
        0,
        -21,
        0,
        8.333,
        -21
      ]
    },
    {
      "Target": "Parameter",
      "Id": "Param2",
      "Segments": [
        0,
        0,
        0,
        8.333,
        0
      ]
    },
    {
      "Target": "Parameter",
      "Id": "Lowerbody_Roll",
      "Segments": [
        0,
        0,
        0,
        8.333,
        0
      ]
    }
  ],
  "UserData": [
    {
      "Time": 0.0,
      "Value": ""
    }
  ]
}