{
  "Version": 3,
  "Meta": {
    "Duration": 2.0,
    "Fps": 30.0,
    "Loop": true,
    "AreBeziersRestricted": true,
    "CurveCount": 97,
    "TotalSegmentCount": 214,
    "TotalPointCount": 320,
    "UserDataCount": 1,
    "TotalUserDataSize": 0
  },
  "Curves": [
    {
      "Target": "Parameter",
      "Id": "Breath",
      "Segments": [
        0,
        0,
        1,
        0.2,
        0,
        0.4,
        -0.023,
        0.6,
        0.1,
        1,
        0.844,
        0.251,
        1.089,
        0.849,
        1.333,
        0.849,
        1,
        1.555,
        0.849,
        1.778,
        0.643,
        2,
        0.313
      ]
    },
    {
      "Target": "Parameter",
      "Id": "Body_Shaking",
      "Segments": [
        0,
        0,
        0,
        1.167,
        18.979,
        0,
        2,
        8.066
      ]
    },
    {
      "Target": "Parameter",
      "Id": "ShoulderY",
      "Segments": [
        0,
        0,
        0,
        0.7,
        14,
        2,
        2,
        14
      ]
    },
    {
      "Target": "Parameter",
      "Id": "ArmR_Form3",
      "Segments": [
        0,
        0,
        0,
        1.167,
        30,
        2,
        2,
        30
      ]
    },
    {
      "Target": "Parameter",
      "Id": "Body_Pose1",
      "Segments": [
        0,
        0,
        1,
        0.078,
        -3.583,
        0.155,
        -8.413,
        0.233,
        -8.413,
        0,
        0.733,
        21,
        1,
        0.922,
        21,
        1.111,
        -16.084,
        1.3,
        -26.04,
        1,
        1.4,
        -31.311,
        1.5,
        -30,
        1.6,
        -30,
        2,
        2,
        -30
      ]
    },
    {
      "Target": "Parameter",
      "Id": "BodyY",
      "Segments": [
        0,
        0,
        0,
        0.233,
        -1.572,
        0,
        0.7,
        9.14,
        0,
        1.1,
        0,
        1,
        1.189,
        -0.869,
        1.278,
        -0.835,
        1.367,
        -0.835,
        0,
        1.7,
        0.417,
        0,
        2,
        0
      ]
    },
    {
      "Target": "Parameter",
      "Id": "Waist_Roll",
      "Segments": [
        0,
        0,
        0,
        0.367,
        0.153,
        0,
        1.167,
        -1.44,
        1,
        1.289,
        -1.559,
        1.411,
        -1.528,
        1.533,
        -1.513,
        1,
        1.689,
        -1.482,
        1.844,
        -1.44,
        2,
        -1.44
      ]
    },
    {
      "Target": "Parameter",
      "Id": "Body_Pose2",
      "Segments": [
        0,
        0,
        0,
        1.167,
        1,
        2,
        2,
        1
      ]
    },
    {
      "Target": "Parameter",
      "Id": "Sub_move",
      "Segments": [
        0,
        0,
        1,
        0.156,
        -6.428,
        0.311,
        -8.972,
        0.467,
        -8.972,
        0,
        1.067,
        0.867,
        0,
        1.733,
        -8.972,
        1,
        1.822,
        -8.972,
        1.911,
        -8.654,
        2,
        -6.705
      ]
    },
    {
      "Target": "Parameter",
      "Id": "Head_AngleX",
      "Segments": [
        0,
        0,
        0,
        1.167,
        6.84,
        2,
        2,
        6.84
      ]
    },
    {
      "Target": "Parameter",
      "Id": "Head_AngleY",
      "Segments": [
        0,
        0,
        1,
        0.111,
        -3.617,
        0.222,
        -14.191,
        0.333,
        -13.574,
        0,
        0.733,
        9.998,
        1,
        0.889,
        9.998,
        1.044,
        -3.469,
        1.2,
        -10.26,
        1,
        1.311,
        -15.11,
        1.422,
        -14.849,
        1.533,
        -14.849,
        1,
        1.689,
        -14.849,
        1.844,
        -13.181,
        2,
        -10.26
      ]
    },
    {
      "Target": "Parameter",
      "Id": "Head_Roll",
      "Segments": [
        0,
        0,
        0,
        0.733,
        7.12,
        1,
        0.878,
        7.12,
        1.022,
        6.499,
        1.167,
        5.56,
        1,
        1.445,
        3.754,
        1.722,
        2.981,
        2,
        2.981
      ]
    },
    {
      "Target": "Parameter",
      "Id": "Head_RollY",
      "Segments": [
        0,
        0,
        0,
        0.2,
        -19.903,
        0,
        0.533,
        12,
        0,
        1.167,
        -0.42,
        2,
        2,
        -0.42
      ]
    },
    {
      "Target": "Parameter",
      "Id": "EyeBallX",
      "Segments": [
        0,
        0,
        0,
        0.733,
        -0.044,
        1,
        0.878,
        -0.044,
        1.022,
        -0.021,
        1.167,
        0,
        1,
        1.289,
        0.018,
        1.411,
        0.02,
        1.533,
        0.02,
        2,
        2,
        0.02
      ]
    },
    {
      "Target": "Parameter",
      "Id": "EyeBallY",
      "Segments": [
        0,
        0,
        0,
        0.733,
        -0.216,
        0,
        1.167,
        0,
        0,
        1.533,
        -0.074,
        2,
        2,
        -0.074
      ]
    },
    {
      "Target": "Parameter",
      "Id": "BrowR_Angle",
      "Segments": [
        0,
        0,
        2,
        0.4,
        0,
        1,
        0.556,
        0,
        0.711,
        -0.726,
        0.867,
        -0.8,
        1,
        1.245,
        -0.981,
        1.622,
        -1,
        2,
        -1
      ]
    },
    {
      "Target": "Parameter",
      "Id": "BrowR_Form2",
      "Segments": [
        0,
        0,
        0,
        0.867,
        -30,
        2,
        2,
        -30
      ]
    },
    {
      "Target": "Parameter",
      "Id": "BrowRY",
      "Segments": [
        0,
        0,
        0,
        0.467,
        0.326,
        1,
        0.634,
        0.326,
        0.8,
        -0.371,
        0.967,
        -0.5,
        1,
        1.122,
        -0.632,
        1.278,
        -0.664,
        1.433,
        -0.664,
        1,
        1.622,
        -0.664,
        1.811,
        -0.542,
        2,
        -0.5
      ]
    },
    {
      "Target": "Parameter",
      "Id": "BrowL_Angle",
      "Segments": [
        0,
        0,
        2,
        0.4,
        0,
        1,
        0.556,
        0,
        0.711,
        0.726,
        0.867,
        0.8,
        1,
        1.245,
        0.981,
        1.622,
        1,
        2,
        1
      ]
    },
    {
      "Target": "Parameter",
      "Id": "BrowL_Form2",
      "Segments": [
        0,
        0,
        0,
        0.867,
        -30,
        2,
        2,
        -30
      ]
    },
    {
      "Target": "Parameter",
      "Id": "BrowLY",
      "Segments": [
        0,
        0,
        0,
        0.467,
        0.326,
        1,
        0.634,
        0.326,
        0.8,
        -0.377,
        0.967,
        -0.5,
        1,
        1.122,
        -0.603,
        1.278,
        -0.664,
        1.433,
        -0.664,
        1,
        1.622,
        -0.664,
        1.811,
        -0.542,
        2,
        -0.5
      ]
    },
    {
      "Target": "Parameter",
      "Id": "EyeR_Open",
      "Segments": [
        0,
        1,
        0,
        0.467,
        0,
        2,
        2,
        0
      ]
    },
    {
      "Target": "Parameter",
      "Id": "EyeR_Smile",
      "Segments": [
        0,
        0,
        0,
        0.467,
        -0.2,
        0,
        2,
        0
      ]
    },
    {
      "Target": "Parameter",
      "Id": "EyeL_Open",
      "Segments": [
        0,
        1,
        0,
        0.467,
        0,
        2,
        2,
        0
      ]
    },
    {
      "Target": "Parameter",
      "Id": "EyeL_Smile",
      "Segments": [
        0,
        0,
        0,
        0.467,
        -0.2,
        0,
        2,
        0
      ]
    },
    {
      "Target": "Parameter",
      "Id": "MouthForm",
      "Segments": [
        0,
        0,
        0,
        0.4,
        -11,
        0,
        0.967,
        0,
        2,
        2,
        0
      ]
    },
    {
      "Target": "Parameter",
      "Id": "Mouth_Size",
      "Segments": [
        0,
        0.5,
        0,
        0.4,
        0.3,
        0,
        0.967,
        0.4,
        2,
        2,
        0.4
      ]
    },
    {
      "Target": "Parameter",
      "Id": "MouthForm4",
      "Segments": [
        0,
        0,
        2,
        0.4,
        0,
        0,
        0.967,
        1,
        2,
        2,
        1
      ]
    },
    {
      "Target": "Parameter",
      "Id": "HairFront_Move",
      "Segments": [
        0,
        0,
        1,
        0.111,
        -0.401,
        0.222,
        -0.9,
        0.333,
        -0.9,
        0,
        0.9,
        0.841,
        0,
        1.667,
        -0.9,
        1,
        1.778,
        -0.9,
        1.889,
        -0.719,
        2,
        -0.382
      ]
    },
    {
      "Target": "Parameter",
      "Id": "HairSideR_Move",
      "Segments": [
        0,
        0,
        1,
        0.111,
        -0.236,
        0.222,
        -0.6,
        0.333,
        -0.6,
        0,
        1.2,
        0.685,
        0,
        2,
        -0.558
      ]
    },
    {
      "Target": "Parameter",
      "Id": "HairSideL_Move",
      "Segments": [
        0,
        0,
        1,
        0.111,
        -0.238,
        0.222,
        -0.5,
        0.333,
        -0.5,
        0,
        1.2,
        0.685,
        0,
        2,
        -0.63
      ]
    },
    {
      "Target": "Parameter",
      "Id": "ShoulderRY",
      "Segments": [
        0,
        0,
        0,
        0.5,
        13,
        0,
        1.233,
        11,
        2,
        2,
        11
      ]
    },
    {
      "Target": "Parameter",
      "Id": "ShoulderLY",
      "Segments": [
        0,
        0,
        0,
        0.5,
        13,
        0,
        1.233,
        11,
        2,
        2,
        11
      ]
    },
    {
      "Target": "Parameter",
      "Id": "ShoulderR_Roll",
      "Segments": [
        0,
        0,
        0,
        0.333,
        -7.031,
        1,
        0.478,
        -7.031,
        0.622,
        -7.155,
        0.767,
        -6.219,
        1,
        0.922,
        -5.211,
        1.078,
        -1.14,
        1.233,
        -1.14,
        2,
        2,
        -1.14
      ]
    },
    {
      "Target": "Parameter",
      "Id": "ShoulderL_Roll",
      "Segments": [
        0,
        0,
        0,
        0.267,
        4.797,
        1,
        0.378,
        4.797,
        0.489,
        0.687,
        0.6,
        -2.327,
        1,
        0.811,
        -8.054,
        1.022,
        -9.62,
        1.233,
        -9.62,
        2,
        2,
        -9.62
      ]
    },
    {
      "Target": "Parameter",
      "Id": "ArmR_Roll",
      "Segments": [
        0,
        0,
        0,
        0.367,
        6.377,
        1,
        0.511,
        15.442,
        0.656,
        30.112,
        0.8,
        32.795,
        1,
        0.967,
        35.308,
        1.133,
        30,
        1.3,
        30,
        2,
        2,
        30
      ]
    },
    {
      "Target": "Parameter",
      "Id": "ArmL_Roll",
      "Segments": [
        0,
        0,
        1,
        0.111,
        0,
        0.222,
        0.256,
        0.333,
        -3.974,
        1,
        0.533,
        -11.588,
        0.733,
        -22.463,
        0.933,
        -22.463,
        0,
        1.233,
        -20.72,
        2,
        2,
        -20.72
      ]
    },
    {
      "Target": "Parameter",
      "Id": "ArmR_Form",
      "Segments": [
        0,
        0,
        1,
        0.1,
        0,
        0.2,
        -2.397,
        0.3,
        -5.107,
        1,
        0.611,
        -13.537,
        0.922,
        -17,
        1.233,
        -17,
        2,
        2,
        -17
      ]
    },
    {
      "Target": "Parameter",
      "Id": "ArmL_Form",
      "Segments": [
        0,
        0,
        0,
        1.233,
        -18,
        2,
        2,
        -18
      ]
    },
    {
      "Target": "Parameter",
      "Id": "ArmR_Form2",
      "Segments": [
        0,
        0,
        1,
        0.1,
        0,
        0.2,
        -0.668,
        0.3,
        -6.608,
        1,
        0.378,
        -11.228,
        0.455,
        -21,
        0.533,
        -21,
        0,
        0.867,
        -2.727,
        0,
        1.233,
        -6,
        2,
        2,
        -6
      ]
    },
    {
      "Target": "Parameter",
      "Id": "ArmL_Form2",
      "Segments": [
        0,
        0,
        0,
        0.533,
        -10,
        0,
        0.867,
        -4.031,
        0,
        1.233,
        -6,
        2,
        2,
        -6
      ]
    },
    {
      "Target": "Parameter",
      "Id": "ArmR_Sup_Form",
      "Segments": [
        0,
        0,
        0,
        0.533,
        -17,
        0,
        0.833,
        -11,
        2,
        2,
        -11
      ]
    },
    {
      "Target": "Parameter",
      "Id": "ArmL_Sup_Form",
      "Segments": [
        0,
        0,
        0,
        0.433,
        -18,
        0,
        1.233,
        0,
        2,
        2,
        0
      ]
    },
    {
      "Target": "Parameter",
      "Id": "HandR_Roll",
      "Segments": [
        0,
        0,
        0,
        0.233,
        4.475,
        1,
        0.322,
        5.425,
        0.411,
        -1.495,
        0.5,
        -1.495,
        1,
        0.578,
        -1.495,
        0.655,
        4.253,
        0.733,
        0.813,
        1,
        0.811,
        -1.265,
        0.889,
        -18.287,
        0.967,
        -22.125,
        1,
        1.056,
        -29.635,
        1.144,
        -30,
        1.233,
        -30,
        2,
        2,
        -30
      ]
    },
    {
      "Target": "Parameter",
      "Id": "HandL_Roll",
      "Segments": [
        0,
        0,
        0,
        0.233,
        -3.295,
        0,
        0.5,
        3.697,
        1,
        0.578,
        3.697,
        0.655,
        0.87,
        0.733,
        -5.488,
        1,
        0.9,
        -19.112,
        1.066,
        -26.3,
        1.233,
        -26.3,
        2,
        2,
        -26.3
      ]
    },
    {
      "Target": "Parameter",
      "Id": "HandL_move2",
      "Segments": [
        0,
        0,
        0,
        0.967,
        -30,
        1,
        1.156,
        -30,
        1.344,
        21.172,
        1.533,
        26.413,
        1,
        1.689,
        30.73,
        1.844,
        30,
        2,
        30
      ]
    },
    {
      "Target": "PartOpacity",
      "Id": "Part",
      "Segments": [
        0,
        1,
        2,
        2,
        1
      ]
    },
    {
      "Target": "PartOpacity",
      "Id": "Part2",
      "Segments": [
        0,
        1,
        2,
        2,
        1
      ]
    },
    {
      "Target": "PartOpacity",
      "Id": "Part3",
      "Segments": [
        0,
        1,
        2,
        2,
        1
      ]
    },
    {
      "Target": "PartOpacity",
      "Id": "Part4",
      "Segments": [
        0,
        1,
        2,
        2,
        1
      ]
    },
    {
      "Target": "PartOpacity",
      "Id": "Part5",
      "Segments": [
        0,
        1,
        2,
        2,
        1
      ]
    },
    {
      "Target": "PartOpacity",
      "Id": "Part6",
      "Segments": [
        0,
        1,
        2,
        2,
        1
      ]
    },
    {
      "Target": "PartOpacity",
      "Id": "Part28",
      "Segments": [
        0,
        0,
        2,
        2,
        0
      ]
    },
    {
      "Target": "PartOpacity",
      "Id": "Part26",
      "Segments": [
        0,
        0,
        2,
        2,
        0
      ]
    },
    {
      "Target": "PartOpacity",
      "Id": "Part12",
      "Segments": [
        0,
        0,
        2,
        2,
        0
      ]
    },
    {
      "Target": "PartOpacity",
      "Id": "Part36",
      "Segments": [
        0,
        0,
        2,
        2,
        0
      ]
    },
    {
      "Target": "PartOpacity",
      "Id": "Part34",
      "Segments": [
        0,
        1,
        2,
        2,
        1
      ]
    },
    {
      "Target": "PartOpacity",
      "Id": "Part7",
      "Segments": [
        0,
        0,
        2,
        2,
        0
      ]
    },
    {
      "Target": "PartOpacity",
      "Id": "Part9",
      "Segments": [
        0,
        1,
        2,
        2,
        1
      ]
    },
    {
      "Target": "PartOpacity",
      "Id": "Part35",
      "Segments": [
        0,
        0,
        2,
        0.67,
        1,
        2,
        2,
        1
      ]
    },
    {
      "Target": "PartOpacity",
      "Id": "Part10",
      "Segments": [
        0,
        0,
        2,
        0.37,
        1,
        2,
        0.67,
        0,
        2,
        2,
        0
      ]
    },
    {
      "Target": "PartOpacity",
      "Id": "Part11",
      "Segments": [
        0,
        0,
        2,
        0.37,
        0,
        2,
        2,
        0
      ]
    },
    {
      "Target": "PartOpacity",
      "Id": "Part13",
      "Segments": [
        0,
        1,
        2,
        0.37,
        0,
        2,
        2,
        0
      ]
    },
    {
      "Target": "PartOpacity",
      "Id": "Part29",
      "Segments": [
        0,
        1,
        2,
        2,
        1
      ]
    },
    {
      "Target": "PartOpacity",
      "Id": "Part8",
      "Segments": [
        0,
        1,
        2,
        2,
        1
      ]
    },
    {
      "Target": "PartOpacity",
      "Id": "Part14",
      "Segments": [
        0,
        1,
        2,
        2,
        1
      ]
    },
    {
      "Target": "PartOpacity",
      "Id": "Part15",
      "Segments": [
        0,
        0,
        2,
        0.33,
        1,
        2,
        2,
        1
      ]
    },
    {
      "Target": "PartOpacity",
      "Id": "Part46",
      "Segments": [
        0,
        0,
        2,
        2,
        0
      ]
    },
    {
      "Target": "PartOpacity",
      "Id": "Part25",
      "Segments": [
        0,
        0,
        2,
        0.77,
        1,
        2,
        2,
        1
      ]
    },
    {
      "Target": "PartOpacity",
      "Id": "Part16",
      "Segments": [
        0,
        1,
        2,
        0.77,
        0,
        2,
        2,
        0
      ]
    },
    {
      "Target": "PartOpacity",
      "Id": "Part17",
      "Segments": [
        0,
        1,
        2,
        2,
        1
      ]
    },
    {
      "Target": "PartOpacity",
      "Id": "Part18",
      "Segments": [
        0,
        1,
        2,
        2,
        1
      ]
    },
    {
      "Target": "PartOpacity",
      "Id": "Part19",
      "Segments": [
        0,
        1,
        2,
        2,
        1
      ]
    },
    {
      "Target": "PartOpacity",
      "Id": "Part21",
      "Segments": [
        0,
        1,
        2,
        2,
        1
      ]
    },
    {
      "Target": "PartOpacity",
      "Id": "Part22",
      "Segments": [
        0,
        1,
        2,
        0.33,
        0,
        2,
        2,
        0
      ]
    },
    {
      "Target": "PartOpacity",
      "Id": "Part23",
      "Segments": [
        0,
        0,
        2,
        2,
        0
      ]
    },
    {
      "Target": "PartOpacity",
      "Id": "Part24",
      "Segments": [
        0,
        1,
        2,
        2,
        1
      ]
    },
    {
      "Target": "PartOpacity",
      "Id": "Part30",
      "Segments": [
        0,
        1,
        2,
        2,
        1
      ]
    },
    {
      "Target": "PartOpacity",
      "Id": "Part27",
      "Segments": [
        0,
        1,
        2,
        2,
        1
      ]
    },
    {
      "Target": "PartOpacity",
      "Id": "Part20",
      "Segments": [
        0,
        1,
        2,
        2,
        1
      ]
    },
    {
      "Target": "Model",
      "Id": "Opacity",
      "Segments": [
        0,
        1,
        0,
        2,
        1
      ]
    },
    {
      "Target": "Parameter",
      "Id": "BodyPoX",
      "Segments": [
        0,
        0,
        0,
        2,
        0
      ]
    },
    {
      "Target": "Parameter",
      "Id": "BodyX",
      "Segments": [
        0,
        0,
        0,
        2,
        0
      ]
    },
    {
      "Target": "Parameter",
      "Id": "Gra_On",
      "Segments": [
        0,
        0,
        0,
        2,
        0
      ]
    },
    {
      "Target": "Parameter",
      "Id": "Gra_Move",
      "Segments": [
        0,
        0,
        0,
        2,
        0
      ]
    },
    {
      "Target": "Parameter",
      "Id": "Wet_On",
      "Segments": [
        0,
        -1,
        0,
        2,
        -1
      ]
    },
    {
      "Target": "Parameter",
      "Id": "EyeBall_size",
      "Segments": [
        0,
        0,
        0,
        2,
        0
      ]
    },
    {
      "Target": "Parameter",
      "Id": "BrowR_Form",
      "Segments": [
        0,
        0,
        0,
        2,
        0
      ]
    },
    {
      "Target": "Parameter",
      "Id": "BrowL_Form",
      "Segments": [
        0,
        0,
        0,
        2,
        0
      ]
    },
    {
      "Target": "Parameter",
      "Id": "EyeL_Ang",
      "Segments": [
        0,
        0,
        0,
        2,
        0
      ]
    },
    {
      "Target": "Parameter",
      "Id": "MouthForm2",
      "Segments": [
        0,
        0,
        0,
        2,
        0
      ]
    },
    {
      "Target": "Parameter",
      "Id": "Mouth_Open",
      "Segments": [
        0,
        1,
        0,
        2,
        1
      ]
    },
    {
      "Target": "Parameter",
      "Id": "MouthForm3",
      "Segments": [
        0,
        0,
        0,
        2,
        0
      ]
    },
    {
      "Target": "Parameter",
      "Id": "HandR_move",
      "Segments": [
        0,
        0,
        0,
        2,
        0
      ]
    },
    {
      "Target": "Parameter",
      "Id": "Lowerbody_Roll",
      "Segments": [
        0,
        0,
        0,
        2,
        0
      ]
    },
    {
      "Target": "Parameter",
      "Id": "LegR_Roll",
      "Segments": [
        0,
        0,
        0,
        2,
        0
      ]
    },
    {
      "Target": "Parameter",
      "Id": "LegL_Roll",
      "Segments": [
        0,
        0,
        0,
        2,
        0
      ]
    }
  ],
  "UserData": [
    {
      "Time": 0.0,
      "Value": ""
    }
  ]
}