{
  "Version": 3,
  "Meta": {
    "Duration": 8.0,
    "Fps": 30.0,
    "Loop": true,
    "AreBeziersRestricted": true,
    "CurveCount": 97,
    "TotalSegmentCount": 257,
    "TotalPointCount": 365,
    "UserDataCount": 1,
    "TotalUserDataSize": 0
  },
  "Curves": [
    {
      "Target": "Parameter",
      "Id": "Breath",
      "Segments": [
        0,
        0.313,
        1,
        0.156,
        0.082,
        0.311,
        0,
        0.467,
        0,
        0,
        1.8,
        0.706,
        0,
        3.133,
        0,
        0,
        4.633,
        0.801,
        0,
        6.067,
        0,
        0,
        7.267,
        0.759,
        1,
        7.511,
        0.759,
        7.756,
        0.551,
        8,
        0.313
      ]
    },
    {
      "Target": "Parameter",
      "Id": "Body_Shaking",
      "Segments": [
        0,
        8.066,
        0,
        1.567,
        14.594,
        0,
        2.9,
        8.066,
        0,
        4.167,
        16.22,
        0,
        5.2,
        9.225,
        0,
        5.933,
        14.594,
        0,
        7,
        9.225,
        1,
        7.333,
        8.004,
        7.667,
        7.702,
        8,
        8.066
      ]
    },
    {
      "Target": "Parameter",
      "Id": "BodyX",
      "Segments": [
        0,
        0,
        2,
        0.767,
        0,
        1,
        0.889,
        0,
        1.011,
        0.369,
        1.133,
        -1.361,
        1,
        1.478,
        -6.238,
        1.822,
        -20.052,
        2.167,
        -23.549,
        1,
        2.689,
        -28.851,
        3.211,
        -29.513,
        3.733,
        -29.513,
        1,
        4.211,
        -29.513,
        4.689,
        -28.87,
        5.167,
        -23.672,
        1,
        5.467,
        -20.409,
        5.767,
        -4.569,
        6.067,
        -1.361,
        1,
        6.234,
        0.421,
        6.4,
        0,
        6.567,
        0,
        2,
        8,
        0
      ]
    },
    {
      "Target": "Parameter",
      "Id": "Body_Pose1",
      "Segments": [
        0,
        -30,
        2,
        1.1,
        -30,
        0,
        1.633,
        -26.04,
        0,
        2.267,
        -30,
        2,
        5.167,
        -30,
        0,
        5.633,
        -27.137,
        0,
        6.233,
        -30,
        2,
        8,
        -30
      ]
    },
    {
      "Target": "Parameter",
      "Id": "BodyY",
      "Segments": [
        0,
        0,
        2,
        1.1,
        0,
        0,
        1.633,
        3.545,
        0,
        2.267,
        -0.417,
        0,
        2.567,
        0,
        2,
        5.167,
        0,
        0,
        5.633,
        2.729,
        0,
        6.2,
        -0.417,
        0,
        6.6,
        0,
        2,
        8,
        0
      ]
    },
    {
      "Target": "Parameter",
      "Id": "Waist_Roll",
      "Segments": [
        0,
        -1.44,
        1,
        0.367,
        -1.438,
        0.733,
        -1.438,
        1.1,
        -1.435,
        1,
        1.289,
        -1.434,
        1.478,
        -1.186,
        1.667,
        -1.186,
        1,
        1.911,
        -1.186,
        2.156,
        -1.908,
        2.4,
        -2.015,
        1,
        2.833,
        -2.206,
        3.267,
        -2.212,
        3.7,
        -2.212,
        1,
        4.178,
        -2.212,
        4.655,
        -2.192,
        5.133,
        -2.015,
        1,
        5.333,
        -1.942,
        5.533,
        -1.377,
        5.733,
        -1.377,
        0,
        6.167,
        -1.44,
        2,
        8,
        -1.44
      ]
    },
    {
      "Target": "Parameter",
      "Id": "Sub_move",
      "Segments": [
        0,
        -6.705,
        1,
        0.222,
        -1.156,
        0.445,
        0.384,
        0.667,
        0.384,
        0,
        1.6,
        -8.972,
        0,
        2.667,
        0.323,
        0,
        3.567,
        -7.018,
        0,
        4.667,
        -0.106,
        0,
        5.7,
        -10.415,
        0,
        6.733,
        -0.528,
        0,
        7.733,
        -11.586,
        1,
        7.822,
        -11.586,
        7.911,
        -9.645,
        8,
        -6.705
      ]
    },
    {
      "Target": "Parameter",
      "Id": "Head_AngleX",
      "Segments": [
        0,
        6.84,
        0,
        0.6,
        6.8,
        0,
        1.967,
        10.278,
        0,
        3.133,
        1.164,
        1,
        3.3,
        1.164,
        3.466,
        1.301,
        3.633,
        3.013,
        1,
        4.122,
        8.034,
        4.611,
        11.718,
        5.1,
        11.718,
        0,
        6.533,
        6.84,
        0,
        7.3,
        9.059,
        0,
        8,
        6.84
      ]
    },
    {
      "Target": "Parameter",
      "Id": "Head_AngleY",
      "Segments": [
        0,
        -10.26,
        1,
        0.189,
        -6.713,
        0.378,
        -2.472,
        0.567,
        0,
        1,
        0.878,
        4.072,
        1.189,
        5.247,
        1.5,
        5.247,
        0,
        2.7,
        -7.84,
        1,
        2.867,
        -7.84,
        3.033,
        -5.788,
        3.2,
        -3.036,
        1,
        3.333,
        -0.835,
        3.467,
        -0.219,
        3.6,
        -0.219,
        0,
        4.5,
        -6.82,
        0,
        5.733,
        5.247,
        1,
        6.1,
        5.247,
        6.466,
        4.865,
        6.833,
        0,
        1,
        7.1,
        -3.538,
        7.366,
        -12.554,
        7.633,
        -12.554,
        1,
        7.755,
        -12.554,
        7.878,
        -12.369,
        8,
        -10.26
      ]
    },
    {
      "Target": "Parameter",
      "Id": "Head_Roll",
      "Segments": [
        0,
        2.981,
        0,
        1.567,
        7.3,
        0,
        2.9,
        3.28,
        1,
        3.378,
        3.28,
        3.855,
        5.451,
        4.333,
        6.331,
        1,
        4.789,
        7.169,
        5.244,
        7.12,
        5.7,
        7.12,
        1,
        6.078,
        7.12,
        6.455,
        7.16,
        6.833,
        6.22,
        1,
        7.222,
        5.253,
        7.611,
        2.981,
        8,
        2.981
      ]
    },
    {
      "Target": "Parameter",
      "Id": "BrowRY",
      "Segments": [
        0,
        -0.5,
        1,
        0.844,
        -0.31,
        1.689,
        -0.122,
        2.533,
        0,
        1,
        3.211,
        0.098,
        3.889,
        0.11,
        4.567,
        0.11,
        1,
        5.122,
        0.11,
        5.678,
        0.121,
        6.233,
        0,
        1,
        6.822,
        -0.129,
        7.411,
        -0.5,
        8,
        -0.5
      ]
    },
    {
      "Target": "Parameter",
      "Id": "BrowLY",
      "Segments": [
        0,
        -0.5,
        1,
        0.844,
        -0.31,
        1.689,
        -0.122,
        2.533,
        0,
        1,
        3.211,
        0.098,
        3.889,
        0.11,
        4.567,
        0.11,
        1,
        5.122,
        0.11,
        5.678,
        0.121,
        6.233,
        0,
        1,
        6.822,
        -0.128,
        7.411,
        -0.5,
        8,
        -0.5
      ]
    },
    {
      "Target": "Parameter",
      "Id": "HairFront_Move",
      "Segments": [
        0,
        -0.382,
        1,
        0.211,
        0.259,
        0.422,
        0.568,
        0.633,
        0.568,
        0,
        1.6,
        -0.763,
        0,
        2.633,
        0.568,
        0,
        3.733,
        -0.763,
        0,
        4.767,
        0.661,
        0,
        5.867,
        -0.763,
        0,
        6.8,
        0.503,
        0,
        7.667,
        -0.817,
        1,
        7.778,
        -0.817,
        7.889,
        -0.639,
        8,
        -0.382
      ]
    },
    {
      "Target": "Parameter",
      "Id": "HairSideR_Move",
      "Segments": [
        0,
        -0.558,
        0,
        0.933,
        0.469,
        0,
        2.067,
        -0.432,
        0,
        3,
        0.469,
        0,
        4.1,
        -0.432,
        0,
        5,
        0.469,
        0,
        6.267,
        -0.532,
        0,
        7.033,
        0.342,
        0,
        8,
        -0.558
      ]
    },
    {
      "Target": "Parameter",
      "Id": "HairSideL_Move",
      "Segments": [
        0,
        -0.63,
        0,
        0.967,
        0.572,
        0,
        2.1,
        -0.489,
        0,
        3.033,
        0.672,
        0,
        4.1,
        -0.589,
        0,
        5,
        0.672,
        0,
        6.2,
        -0.489,
        0,
        6.967,
        0.444,
        0,
        8,
        -0.63
      ]
    },
    {
      "Target": "Parameter",
      "Id": "ShoulderRY",
      "Segments": [
        0,
        11,
        2,
        1.1,
        11,
        0,
        1.633,
        13.639,
        0,
        2.167,
        11,
        2,
        5.167,
        11,
        0,
        5.633,
        13.639,
        0,
        6.067,
        11,
        2,
        8,
        11
      ]
    },
    {
      "Target": "Parameter",
      "Id": "ShoulderLY",
      "Segments": [
        0,
        11,
        2,
        1.1,
        11,
        0,
        1.633,
        13.639,
        0,
        2.167,
        11,
        2,
        5.167,
        11,
        0,
        5.633,
        13.639,
        0,
        6.067,
        11,
        2,
        8,
        11
      ]
    },
    {
      "Target": "Parameter",
      "Id": "ShoulderR_Roll",
      "Segments": [
        0,
        -1.14,
        2,
        1.1,
        -1.14,
        0,
        2.167,
        -5.248,
        2,
        5.167,
        -5.248,
        0,
        6.067,
        -1.14,
        2,
        8,
        -1.14
      ]
    },
    {
      "Target": "Parameter",
      "Id": "ShoulderL_Roll",
      "Segments": [
        0,
        -9.62,
        0,
        1.1,
        -9.6,
        0,
        2.167,
        -10.8,
        2,
        5.167,
        -10.8,
        0,
        6.067,
        -9.62,
        2,
        8,
        -9.62
      ]
    },
    {
      "Target": "Parameter",
      "Id": "ArmR_Roll",
      "Segments": [
        0,
        30,
        2,
        1.1,
        30,
        0,
        2.167,
        31.314,
        2,
        5.167,
        31.314,
        0,
        6.067,
        30,
        2,
        8,
        30
      ]
    },
    {
      "Target": "Parameter",
      "Id": "ArmL_Roll",
      "Segments": [
        0,
        -20.72,
        2,
        1.1,
        -20.72,
        1,
        1.456,
        -20.72,
        1.811,
        -20.88,
        2.167,
        -20.886,
        1,
        3.167,
        -20.901,
        4.167,
        -20.902,
        5.167,
        -20.902,
        0,
        6.067,
        -20.72,
        2,
        8,
        -20.72
      ]
    },
    {
      "Target": "Parameter",
      "Id": "ArmR_Form",
      "Segments": [
        0,
        -17,
        2,
        1.1,
        -17,
        0,
        2.167,
        -22.904,
        2,
        5.167,
        -22.904,
        0,
        6.067,
        -17,
        2,
        8,
        -17
      ]
    },
    {
      "Target": "Parameter",
      "Id": "ArmR_Form2",
      "Segments": [
        0,
        -6,
        2,
        1.1,
        -6,
        1,
        1.456,
        -6,
        1.811,
        -14.293,
        2.167,
        -15.471,
        1,
        2.667,
        -17.126,
        3.167,
        -17.054,
        3.667,
        -17.054,
        1,
        4.167,
        -17.054,
        4.667,
        -17.053,
        5.167,
        -15.471,
        1,
        5.467,
        -14.521,
        5.767,
        -6,
        6.067,
        -6,
        2,
        8,
        -6
      ]
    },
    {
      "Target": "Parameter",
      "Id": "ArmL_Form2",
      "Segments": [
        0,
        -6,
        2,
        1.1,
        -6,
        1,
        1.456,
        -6,
        1.811,
        -10.761,
        2.167,
        -11.789,
        1,
        2.711,
        -13.363,
        3.256,
        -13.39,
        3.8,
        -13.39,
        1,
        4.256,
        -13.39,
        4.711,
        -13.364,
        5.167,
        -11.789,
        1,
        5.467,
        -10.752,
        5.767,
        -6,
        6.067,
        -6,
        2,
        8,
        -6
      ]
    },
    {
      "Target": "Parameter",
      "Id": "HandL_Roll",
      "Segments": [
        0,
        -26.3,
        2,
        1.833,
        -26.3,
        1,
        2.189,
        -26.3,
        2.544,
        -26.785,
        2.9,
        -26.894,
        1,
        3.333,
        -27.026,
        3.767,
        -27.018,
        4.2,
        -27.018,
        1,
        4.556,
        -27.018,
        4.911,
        -27.024,
        5.267,
        -26.894,
        1,
        5.534,
        -26.797,
        5.8,
        -26.3,
        6.067,
        -26.3,
        2,
        8,
        -26.3
      ]
    },
    {
      "Target": "Parameter",
      "Id": "HandL_move2",
      "Segments": [
        0,
        30,
        0,
        1.067,
        11.268,
        0,
        2.3,
        30,
        0,
        3.433,
        13.928,
        0,
        4.333,
        27.3,
        0,
        5.4,
        12.728,
        0,
        6.3,
        26.46,
        0,
        7.167,
        12.008,
        0,
        8,
        30
      ]
    },
    {
      "Target": "Parameter",
      "Id": "LegR_Roll",
      "Segments": [
        0,
        0,
        2,
        1.1,
        0,
        0,
        2.167,
        -19,
        2,
        5.167,
        -19,
        0,
        6.067,
        0,
        2,
        8,
        0
      ]
    },
    {
      "Target": "Parameter",
      "Id": "LegL_Roll",
      "Segments": [
        0,
        0,
        2,
        1.1,
        0,
        0,
        2.167,
        -2,
        2,
        5.167,
        -2,
        0,
        6.067,
        0,
        2,
        8,
        0
      ]
    },
    {
      "Target": "PartOpacity",
      "Id": "Part",
      "Segments": [
        0,
        1,
        2,
        8,
        1
      ]
    },
    {
      "Target": "PartOpacity",
      "Id": "Part2",
      "Segments": [
        0,
        1,
        2,
        8,
        1
      ]
    },
    {
      "Target": "PartOpacity",
      "Id": "Part3",
      "Segments": [
        0,
        1,
        2,
        8,
        1
      ]
    },
    {
      "Target": "PartOpacity",
      "Id": "Part4",
      "Segments": [
        0,
        1,
        2,
        8,
        1
      ]
    },
    {
      "Target": "PartOpacity",
      "Id": "Part5",
      "Segments": [
        0,
        1,
        2,
        8,
        1
      ]
    },
    {
      "Target": "PartOpacity",
      "Id": "Part6",
      "Segments": [
        0,
        1,
        2,
        8,
        1
      ]
    },
    {
      "Target": "PartOpacity",
      "Id": "Part28",
      "Segments": [
        0,
        0,
        2,
        8,
        0
      ]
    },
    {
      "Target": "PartOpacity",
      "Id": "Part26",
      "Segments": [
        0,
        0,
        2,
        8,
        0
      ]
    },
    {
      "Target": "PartOpacity",
      "Id": "Part12",
      "Segments": [
        0,
        0,
        2,
        8,
        0
      ]
    },
    {
      "Target": "PartOpacity",
      "Id": "Part36",
      "Segments": [
        0,
        0,
        2,
        8,
        0
      ]
    },
    {
      "Target": "PartOpacity",
      "Id": "Part34",
      "Segments": [
        0,
        1,
        2,
        8,
        1
      ]
    },
    {
      "Target": "PartOpacity",
      "Id": "Part7",
      "Segments": [
        0,
        0,
        2,
        8,
        0
      ]
    },
    {
      "Target": "PartOpacity",
      "Id": "Part9",
      "Segments": [
        0,
        1,
        2,
        8,
        1
      ]
    },
    {
      "Target": "PartOpacity",
      "Id": "Part35",
      "Segments": [
        0,
        1,
        2,
        8,
        1
      ]
    },
    {
      "Target": "PartOpacity",
      "Id": "Part10",
      "Segments": [
        0,
        0,
        2,
        8,
        0
      ]
    },
    {
      "Target": "PartOpacity",
      "Id": "Part11",
      "Segments": [
        0,
        0,
        2,
        8,
        0
      ]
    },
    {
      "Target": "PartOpacity",
      "Id": "Part13",
      "Segments": [
        0,
        0,
        2,
        8,
        0
      ]
    },
    {
      "Target": "PartOpacity",
      "Id": "Part29",
      "Segments": [
        0,
        1,
        2,
        8,
        1
      ]
    },
    {
      "Target": "PartOpacity",
      "Id": "Part8",
      "Segments": [
        0,
        1,
        2,
        8,
        1
      ]
    },
    {
      "Target": "PartOpacity",
      "Id": "Part14",
      "Segments": [
        0,
        1,
        2,
        8,
        1
      ]
    },
    {
      "Target": "PartOpacity",
      "Id": "Part15",
      "Segments": [
        0,
        1,
        2,
        8,
        1
      ]
    },
    {
      "Target": "PartOpacity",
      "Id": "Part46",
      "Segments": [
        0,
        0,
        2,
        8,
        0
      ]
    },
    {
      "Target": "PartOpacity",
      "Id": "Part25",
      "Segments": [
        0,
        1,
        2,
        8,
        1
      ]
    },
    {
      "Target": "PartOpacity",
      "Id": "Part16",
      "Segments": [
        0,
        0,
        2,
        8,
        0
      ]
    },
    {
      "Target": "PartOpacity",
      "Id": "Part17",
      "Segments": [
        0,
        1,
        2,
        8,
        1
      ]
    },
    {
      "Target": "PartOpacity",
      "Id": "Part18",
      "Segments": [
        0,
        1,
        2,
        8,
        1
      ]
    },
    {
      "Target": "PartOpacity",
      "Id": "Part19",
      "Segments": [
        0,
        1,
        2,
        8,
        1
      ]
    },
    {
      "Target": "PartOpacity",
      "Id": "Part21",
      "Segments": [
        0,
        1,
        2,
        8,
        1
      ]
    },
    {
      "Target": "PartOpacity",
      "Id": "Part22",
      "Segments": [
        0,
        0,
        2,
        8,
        0
      ]
    },
    {
      "Target": "PartOpacity",
      "Id": "Part23",
      "Segments": [
        0,
        0,
        2,
        8,
        0
      ]
    },
    {
      "Target": "PartOpacity",
      "Id": "Part24",
      "Segments": [
        0,
        1,
        2,
        8,
        1
      ]
    },
    {
      "Target": "PartOpacity",
      "Id": "Part30",
      "Segments": [
        0,
        1,
        2,
        8,
        1
      ]
    },
    {
      "Target": "PartOpacity",
      "Id": "Part27",
      "Segments": [
        0,
        1,
        2,
        8,
        1
      ]
    },
    {
      "Target": "PartOpacity",
      "Id": "Part20",
      "Segments": [
        0,
        1,
        2,
        8,
        1
      ]
    },
    {
      "Target": "Model",
      "Id": "Opacity",
      "Segments": [
        0,
        1,
        0,
        8,
        1
      ]
    },
    {
      "Target": "Parameter",
      "Id": "BodyPoX",
      "Segments": [
        0,
        0,
        0,
        8,
        0
      ]
    },
    {
      "Target": "Parameter",
      "Id": "ShoulderY",
      "Segments": [
        0,
        14,
        0,
        8,
        14
      ]
    },
    {
      "Target": "Parameter",
      "Id": "ArmR_Form3",
      "Segments": [
        0,
        30,
        0,
        8,
        30
      ]
    },
    {
      "Target": "Parameter",
      "Id": "Body_Pose2",
      "Segments": [
        0,
        1,
        0,
        8,
        1
      ]
    },
    {
      "Target": "Parameter",
      "Id": "Head_RollY",
      "Segments": [
        0,
        -0.42,
        0,
        8,
        -0.42
      ]
    },
    {
      "Target": "Parameter",
      "Id": "Gra_On",
      "Segments": [
        0,
        0,
        0,
        8,
        0
      ]
    },
    {
      "Target": "Parameter",
      "Id": "Gra_Move",
      "Segments": [
        0,
        0,
        0,
        8,
        0
      ]
    },
    {
      "Target": "Parameter",
      "Id": "Wet_On",
      "Segments": [
        0,
        -1,
        0,
        8,
        -1
      ]
    },
    {
      "Target": "Parameter",
      "Id": "EyeBallX",
      "Segments": [
        0,
        0.02,
        0,
        8,
        0.02
      ]
    },
    {
      "Target": "Parameter",
      "Id": "EyeBallY",
      "Segments": [
        0,
        -0.074,
        0,
        8,
        -0.074
      ]
    },
    {
      "Target": "Parameter",
      "Id": "EyeBall_size",
      "Segments": [
        0,
        0,
        0,
        8,
        0
      ]
    },
    {
      "Target": "Parameter",
      "Id": "BrowR_Angle",
      "Segments": [
        0,
        -1,
        0,
        8,
        -1
      ]
    },
    {
      "Target": "Parameter",
      "Id": "BrowR_Form",
      "Segments": [
        0,
        0,
        0,
        8,
        0
      ]
    },
    {
      "Target": "Parameter",
      "Id": "BrowR_Form2",
      "Segments": [
        0,
        -30,
        0,
        8,
        -30
      ]
    },
    {
      "Target": "Parameter",
      "Id": "BrowL_Angle",
      "Segments": [
        0,
        1,
        0,
        8,
        1
      ]
    },
    {
      "Target": "Parameter",
      "Id": "BrowL_Form",
      "Segments": [
        0,
        0,
        0,
        8,
        0
      ]
    },
    {
      "Target": "Parameter",
      "Id": "BrowL_Form2",
      "Segments": [
        0,
        -30,
        0,
        8,
        -30
      ]
    },
    {
      "Target": "Parameter",
      "Id": "EyeR_Open",
      "Segments": [
        0,
        0,
        0,
        8,
        0
      ]
    },
    {
      "Target": "Parameter",
      "Id": "EyeR_Smile",
      "Segments": [
        0,
        0,
        0,
        8,
        0
      ]
    },
    {
      "Target": "Parameter",
      "Id": "EyeL_Open",
      "Segments": [
        0,
        0,
        0,
        8,
        0
      ]
    },
    {
      "Target": "Parameter",
      "Id": "EyeL_Smile",
      "Segments": [
        0,
        0,
        0,
        8,
        0
      ]
    },
    {
      "Target": "Parameter",
      "Id": "EyeL_Ang",
      "Segments": [
        0,
        0,
        0,
        8,
        0
      ]
    },
    {
      "Target": "Parameter",
      "Id": "MouthForm2",
      "Segments": [
        0,
        0,
        0,
        8,
        0
      ]
    },
    {
      "Target": "Parameter",
      "Id": "MouthForm",
      "Segments": [
        0,
        0,
        0,
        8,
        0
      ]
    },
    {
      "Target": "Parameter",
      "Id": "Mouth_Open",
      "Segments": [
        0,
        1,
        0,
        8,
        1
      ]
    },
    {
      "Target": "Parameter",
      "Id": "Mouth_Size",
      "Segments": [
        0,
        0.4,
        0,
        8,
        0.4
      ]
    },
    {
      "Target": "Parameter",
      "Id": "MouthForm3",
      "Segments": [
        0,
        0,
        0,
        8,
        0
      ]
    },
    {
      "Target": "Parameter",
      "Id": "MouthForm4",
      "Segments": [
        0,
        1,
        0,
        8,
        1
      ]
    },
    {
      "Target": "Parameter",
      "Id": "ArmL_Form",
      "Segments": [
        0,
        -18,
        0,
        8,
        -18
      ]
    },
    {
      "Target": "Parameter",
      "Id": "ArmR_Sup_Form",
      "Segments": [
        0,
        -11,
        0,
        8,
        -11
      ]
    },
    {
      "Target": "Parameter",
      "Id": "ArmL_Sup_Form",
      "Segments": [
        0,
        0,
        0,
        8,
        0
      ]
    },
    {
      "Target": "Parameter",
      "Id": "HandR_Roll",
      "Segments": [
        0,
        -30,
        0,
        8,
        -30
      ]
    },
    {
      "Target": "Parameter",
      "Id": "HandR_move",
      "Segments": [
        0,
        0,
        0,
        8,
        0
      ]
    },
    {
      "Target": "Parameter",
      "Id": "Lowerbody_Roll",
      "Segments": [
        0,
        0,
        0,
        8,
        0
      ]
    }
  ],
  "UserData": [
    {
      "Time": 0.0,
      "Value": ""
    }
  ]
}