{
  "Version": 3,
  "Meta": {
    "Duration": 8.0,
    "Fps": 30.0,
    "Loop": true,
    "AreBeziersRestricted": true,
    "CurveCount": 97,
    "TotalSegmentCount": 224,
    "TotalPointCount": 306,
    "UserDataCount": 1,
    "TotalUserDataSize": 0
  },
  "Curves": [
    {
      "Target": "Parameter",
      "Id": "Breath",
      "Segments": [
        0,
        0.616,
        1,
        0.256,
        0.36,
        0.511,
        0,
        0.767,
        0,
        0,
        1.9,
        0.796,
        0,
        3.267,
        0,
        0,
        4.7,
        0.849,
        0,
        6.367,
        0,
        0,
        7.567,
        0.796,
        1,
        7.711,
        0.796,
        7.856,
        0.761,
        8,
        0.616
      ]
    },
    {
      "Target": "Parameter",
      "Id": "Body_Shaking",
      "Segments": [
        0,
        19.127,
        1,
        0.722,
        18.564,
        1.445,
        16.281,
        2.167,
        16.281,
        0,
        4.267,
        19.127,
        0,
        6.233,
        17.846,
        0,
        8,
        19.127
      ]
    },
    {
      "Target": "Parameter",
      "Id": "ShoulderY",
      "Segments": [
        0,
        14,
        2,
        1.567,
        14,
        0,
        2.567,
        5,
        2,
        5.767,
        5,
        0,
        6.833,
        14,
        2,
        8,
        14
      ]
    },
    {
      "Target": "Parameter",
      "Id": "BodyX",
      "Segments": [
        0,
        30,
        1,
        0.478,
        30,
        0.955,
        29.836,
        1.433,
        24.822,
        1,
        1.578,
        23.22,
        1.722,
        11.416,
        1.867,
        -0.08,
        1,
        2.078,
        -4.733,
        2.289,
        -8.653,
        2.5,
        -10.276,
        1,
        2.978,
        -13.949,
        3.455,
        -14.772,
        3.933,
        -14.772,
        1,
        4.511,
        -14.772,
        5.089,
        -14.674,
        5.667,
        -13.481,
        1,
        5.922,
        -12.953,
        6.178,
        0,
        6.433,
        0,
        1,
        6.733,
        9.058,
        7.033,
        30,
        7.333,
        30,
        2,
        8,
        30
      ]
    },
    {
      "Target": "Parameter",
      "Id": "Body_Pose1",
      "Segments": [
        0,
        16,
        2,
        1.3,
        16,
        0,
        2.2,
        6.529,
        0,
        3.067,
        16,
        2,
        5.633,
        16,
        0,
        6.3,
        8.862,
        0,
        6.833,
        16,
        2,
        8,
        16
      ]
    },
    {
      "Target": "Parameter",
      "Id": "Waist_Roll",
      "Segments": [
        0,
        0.34,
        0,
        2.033,
        -0.177,
        0,
        3.833,
        0.165,
        0,
        5.933,
        -0.137,
        0,
        8,
        0.34
      ]
    },
    {
      "Target": "Parameter",
      "Id": "Sub_move",
      "Segments": [
        0,
        0.342,
        1,
        0.178,
        2.449,
        0.355,
        2.887,
        0.533,
        2.887,
        0,
        1.933,
        -4.41,
        0,
        3.3,
        2.887,
        0,
        4.8,
        -3.942,
        0,
        6.133,
        2.45,
        0,
        7.433,
        -3.942,
        1,
        7.622,
        -3.942,
        7.811,
        -3.328,
        8,
        0.342
      ]
    },
    {
      "Target": "Parameter",
      "Id": "Head_Roll",
      "Segments": [
        0,
        -3.817,
        1,
        0.444,
        -1.039,
        0.889,
        1.138,
        1.333,
        1.138,
        0,
        3.433,
        -5.478,
        0,
        5.333,
        0.698,
        0,
        7.333,
        -5.478,
        1,
        7.555,
        -5.478,
        7.778,
        -5.067,
        8,
        -3.817
      ]
    },
    {
      "Target": "Parameter",
      "Id": "Gra_Move",
      "Segments": [
        0,
        0,
        2,
        2.867,
        0,
        0,
        3.267,
        0.479,
        0,
        3.7,
        0,
        2,
        8,
        0
      ]
    },
    {
      "Target": "Parameter",
      "Id": "BrowRY",
      "Segments": [
        0,
        0.4,
        0,
        1.433,
        0,
        2,
        3.267,
        0,
        0,
        4.8,
        0.4,
        2,
        8,
        0.4
      ]
    },
    {
      "Target": "Parameter",
      "Id": "BrowLY",
      "Segments": [
        0,
        0.4,
        0,
        1.433,
        0.198,
        2,
        3.267,
        0.198,
        0,
        4.8,
        0.4,
        2,
        8,
        0.4
      ]
    },
    {
      "Target": "Parameter",
      "Id": "Mouth_Open",
      "Segments": [
        0,
        0.969,
        1,
        2.667,
        0.892,
        5.333,
        0.7,
        8,
        0.7
      ]
    },
    {
      "Target": "Parameter",
      "Id": "HairFront_Move",
      "Segments": [
        0,
        -0.533,
        1,
        0.167,
        -0.906,
        0.333,
        -0.869,
        0.5,
        -0.869,
        0,
        1.667,
        0.714,
        0,
        3.1,
        -0.669,
        0,
        4.5,
        0.676,
        0,
        5.7,
        -0.358,
        0,
        6.967,
        0.687,
        1,
        7.311,
        0.687,
        7.656,
        0.176,
        8,
        -0.533
      ]
    },
    {
      "Target": "Parameter",
      "Id": "HairSideR_Move",
      "Segments": [
        0,
        0.068,
        1,
        0.256,
        -0.393,
        0.511,
        -0.529,
        0.767,
        -0.529,
        0,
        1.9,
        0.803,
        0,
        3.567,
        -0.605,
        0,
        4.833,
        0.83,
        0,
        6.267,
        -0.529,
        0,
        7.4,
        0.693,
        1,
        7.6,
        0.693,
        7.8,
        0.423,
        8,
        0.068
      ]
    },
    {
      "Target": "Parameter",
      "Id": "HairSideL_Move",
      "Segments": [
        0,
        0.325,
        1,
        0.256,
        -0.097,
        0.511,
        -0.468,
        0.767,
        -0.468,
        0,
        2.133,
        0.781,
        0,
        3.567,
        -0.468,
        0,
        4.967,
        0.693,
        0,
        6.167,
        -0.413,
        0,
        7.433,
        0.693,
        1,
        7.622,
        0.693,
        7.811,
        0.543,
        8,
        0.325
      ]
    },
    {
      "Target": "Parameter",
      "Id": "ShoulderRY",
      "Segments": [
        0,
        13.643,
        1,
        0.478,
        13.227,
        0.955,
        13.093,
        1.433,
        12.403,
        1,
        1.822,
        11.842,
        2.211,
        7.603,
        2.6,
        7.603,
        2,
        5.967,
        7.603,
        0,
        7.567,
        14,
        1,
        7.711,
        14,
        7.856,
        13.797,
        8,
        13.643
      ]
    },
    {
      "Target": "Parameter",
      "Id": "ShoulderLY",
      "Segments": [
        0,
        20.4,
        2,
        2.867,
        20.4,
        0,
        3.267,
        30,
        0,
        3.7,
        20.4,
        2,
        8,
        20.4
      ]
    },
    {
      "Target": "Parameter",
      "Id": "ShoulderL_Roll",
      "Segments": [
        0,
        -23.576,
        1,
        0.478,
        -23.576,
        0.955,
        -23.569,
        1.433,
        -23.597,
        1,
        1.933,
        -23.627,
        2.433,
        -24.487,
        2.933,
        -24.487,
        2,
        5.8,
        -24.487,
        0,
        6.767,
        -23.576,
        2,
        8,
        -23.576
      ]
    },
    {
      "Target": "Parameter",
      "Id": "ArmR_Roll",
      "Segments": [
        0,
        25.715,
        2,
        1.233,
        25.715,
        0,
        2.867,
        24.99,
        0,
        3.267,
        25.14,
        0,
        3.7,
        24.99,
        2,
        4.667,
        24.99,
        0,
        6.067,
        24.665,
        0,
        7,
        25.715,
        2,
        8,
        25.715
      ]
    },
    {
      "Target": "Parameter",
      "Id": "ArmL_Roll",
      "Segments": [
        0,
        -33.228,
        2,
        1.433,
        -33.228,
        0,
        2.1,
        -33.521,
        0,
        2.933,
        -33.498,
        2,
        5.8,
        -33.498,
        0,
        6.767,
        -33.228,
        2,
        8,
        -33.228
      ]
    },
    {
      "Target": "Parameter",
      "Id": "ArmR_Form",
      "Segments": [
        0,
        -7.296,
        2,
        1.8,
        -7.296,
        0,
        3.033,
        -10.08,
        2,
        6.167,
        -10.08,
        1,
        6.434,
        -10.08,
        6.7,
        -8.523,
        6.967,
        -7.992,
        1,
        7.311,
        -7.306,
        7.656,
        -7.296,
        8,
        -7.296
      ]
    },
    {
      "Target": "Parameter",
      "Id": "ArmL_Form",
      "Segments": [
        0,
        -14.812,
        2,
        1.433,
        -14.812,
        0,
        2.933,
        -11.117,
        2,
        5.767,
        -11.117,
        0,
        6.767,
        -14.812,
        2,
        8,
        -14.812
      ]
    },
    {
      "Target": "Parameter",
      "Id": "ArmR_Form2",
      "Segments": [
        0,
        -5,
        2,
        1.433,
        -5,
        1,
        1.633,
        -5,
        1.833,
        -7.13,
        2.033,
        -9.599,
        1,
        2.355,
        -13.577,
        2.678,
        -20.263,
        3,
        -20.263,
        1,
        3.889,
        -20.264,
        4.778,
        -20.264,
        5.667,
        -20.264,
        1,
        6.067,
        -20.264,
        6.467,
        -6.56,
        6.867,
        -5.468,
        1,
        6.934,
        -5.037,
        7,
        -5,
        7.067,
        -5,
        2,
        8,
        -5
      ]
    },
    {
      "Target": "Parameter",
      "Id": "ArmL_Form2",
      "Segments": [
        0,
        0,
        2,
        2.767,
        0,
        0,
        3.7,
        -1.59,
        1,
        4.344,
        -1.59,
        4.989,
        -1.579,
        5.633,
        -1.41,
        1,
        5.922,
        -1.334,
        6.211,
        0,
        6.5,
        0,
        2,
        8,
        0
      ]
    },
    {
      "Target": "Parameter",
      "Id": "HandR_Roll",
      "Segments": [
        0,
        -29.516,
        1,
        0.211,
        -29.148,
        0.422,
        -28.983,
        0.633,
        -28.983,
        0,
        1.733,
        -30,
        0,
        3,
        -28.306,
        0,
        4.3,
        -30,
        0,
        5.867,
        -28.306,
        0,
        7.133,
        -30,
        1,
        7.422,
        -30,
        7.711,
        -29.913,
        8,
        -29.516
      ]
    },
    {
      "Target": "Parameter",
      "Id": "HandL_Roll",
      "Segments": [
        0,
        -1.796,
        1,
        0.556,
        -1.831,
        1.111,
        -1.846,
        1.667,
        -1.904,
        1,
        2.089,
        -1.948,
        2.511,
        -2.554,
        2.933,
        -2.554,
        2,
        5.667,
        -2.554,
        0,
        6.833,
        -1.74,
        0,
        8,
        -1.796
      ]
    },
    {
      "Target": "Parameter",
      "Id": "HandR_move",
      "Segments": [
        0,
        -30,
        0,
        0.9,
        30,
        0,
        2.1,
        -30,
        0,
        3.467,
        30,
        0,
        5,
        -30,
        0,
        6.3,
        30,
        0,
        8,
        -30
      ]
    },
    {
      "Target": "Parameter",
      "Id": "LegL_Roll",
      "Segments": [
        0,
        14.177,
        2,
        1.7,
        14.177,
        1,
        2.011,
        14.178,
        2.322,
        30,
        2.633,
        30,
        2,
        5.767,
        30,
        1,
        6.089,
        30,
        6.411,
        14.178,
        6.733,
        14.177,
        2,
        8,
        14.177
      ]
    },
    {
      "Target": "PartOpacity",
      "Id": "Part",
      "Segments": [
        0,
        1,
        2,
        8,
        1
      ]
    },
    {
      "Target": "PartOpacity",
      "Id": "Part2",
      "Segments": [
        0,
        1,
        2,
        8,
        1
      ]
    },
    {
      "Target": "PartOpacity",
      "Id": "Part3",
      "Segments": [
        0,
        1,
        2,
        8,
        1
      ]
    },
    {
      "Target": "PartOpacity",
      "Id": "Part4",
      "Segments": [
        0,
        1,
        2,
        8,
        1
      ]
    },
    {
      "Target": "PartOpacity",
      "Id": "Part5",
      "Segments": [
        0,
        1,
        2,
        8,
        1
      ]
    },
    {
      "Target": "PartOpacity",
      "Id": "Part6",
      "Segments": [
        0,
        1,
        2,
        8,
        1
      ]
    },
    {
      "Target": "PartOpacity",
      "Id": "Part28",
      "Segments": [
        0,
        0,
        2,
        8,
        0
      ]
    },
    {
      "Target": "PartOpacity",
      "Id": "Part26",
      "Segments": [
        0,
        1,
        2,
        8,
        1
      ]
    },
    {
      "Target": "PartOpacity",
      "Id": "Part12",
      "Segments": [
        0,
        1,
        2,
        8,
        1
      ]
    },
    {
      "Target": "PartOpacity",
      "Id": "Part36",
      "Segments": [
        0,
        0,
        2,
        8,
        0
      ]
    },
    {
      "Target": "PartOpacity",
      "Id": "Part34",
      "Segments": [
        0,
        1,
        2,
        8,
        1
      ]
    },
    {
      "Target": "PartOpacity",
      "Id": "Part7",
      "Segments": [
        0,
        0,
        2,
        8,
        0
      ]
    },
    {
      "Target": "PartOpacity",
      "Id": "Part9",
      "Segments": [
        0,
        0,
        2,
        8,
        0
      ]
    },
    {
      "Target": "PartOpacity",
      "Id": "Part35",
      "Segments": [
        0,
        0,
        2,
        8,
        0
      ]
    },
    {
      "Target": "PartOpacity",
      "Id": "Part10",
      "Segments": [
        0,
        0,
        2,
        8,
        0
      ]
    },
    {
      "Target": "PartOpacity",
      "Id": "Part11",
      "Segments": [
        0,
        0,
        2,
        8,
        0
      ]
    },
    {
      "Target": "PartOpacity",
      "Id": "Part13",
      "Segments": [
        0,
        1,
        2,
        8,
        1
      ]
    },
    {
      "Target": "PartOpacity",
      "Id": "Part29",
      "Segments": [
        0,
        1,
        2,
        8,
        1
      ]
    },
    {
      "Target": "PartOpacity",
      "Id": "Part8",
      "Segments": [
        0,
        1,
        2,
        8,
        1
      ]
    },
    {
      "Target": "PartOpacity",
      "Id": "Part14",
      "Segments": [
        0,
        1,
        2,
        8,
        1
      ]
    },
    {
      "Target": "PartOpacity",
      "Id": "Part15",
      "Segments": [
        0,
        1,
        2,
        8,
        1
      ]
    },
    {
      "Target": "PartOpacity",
      "Id": "Part46",
      "Segments": [
        0,
        0,
        2,
        8,
        0
      ]
    },
    {
      "Target": "PartOpacity",
      "Id": "Part25",
      "Segments": [
        0,
        0,
        2,
        8,
        0
      ]
    },
    {
      "Target": "PartOpacity",
      "Id": "Part16",
      "Segments": [
        0,
        1,
        2,
        8,
        1
      ]
    },
    {
      "Target": "PartOpacity",
      "Id": "Part17",
      "Segments": [
        0,
        1,
        2,
        8,
        1
      ]
    },
    {
      "Target": "PartOpacity",
      "Id": "Part18",
      "Segments": [
        0,
        1,
        2,
        8,
        1
      ]
    },
    {
      "Target": "PartOpacity",
      "Id": "Part19",
      "Segments": [
        0,
        1,
        2,
        8,
        1
      ]
    },
    {
      "Target": "PartOpacity",
      "Id": "Part21",
      "Segments": [
        0,
        1,
        2,
        8,
        1
      ]
    },
    {
      "Target": "PartOpacity",
      "Id": "Part22",
      "Segments": [
        0,
        0,
        2,
        8,
        0
      ]
    },
    {
      "Target": "PartOpacity",
      "Id": "Part23",
      "Segments": [
        0,
        0,
        2,
        8,
        0
      ]
    },
    {
      "Target": "PartOpacity",
      "Id": "Part24",
      "Segments": [
        0,
        1,
        2,
        8,
        1
      ]
    },
    {
      "Target": "PartOpacity",
      "Id": "Part30",
      "Segments": [
        0,
        1,
        2,
        8,
        1
      ]
    },
    {
      "Target": "PartOpacity",
      "Id": "Part27",
      "Segments": [
        0,
        1,
        2,
        8,
        1
      ]
    },
    {
      "Target": "PartOpacity",
      "Id": "Part20",
      "Segments": [
        0,
        1,
        2,
        8,
        1
      ]
    },
    {
      "Target": "Model",
      "Id": "Opacity",
      "Segments": [
        0,
        1,
        0,
        8,
        1
      ]
    },
    {
      "Target": "Parameter",
      "Id": "BodyPoX",
      "Segments": [
        0,
        0,
        0,
        8,
        0
      ]
    },
    {
      "Target": "Parameter",
      "Id": "ArmR_Form3",
      "Segments": [
        0,
        30,
        0,
        8,
        30
      ]
    },
    {
      "Target": "Parameter",
      "Id": "BodyY",
      "Segments": [
        0,
        0,
        0,
        8,
        0
      ]
    },
    {
      "Target": "Parameter",
      "Id": "Body_Pose2",
      "Segments": [
        0,
        1,
        0,
        8,
        1
      ]
    },
    {
      "Target": "Parameter",
      "Id": "Head_AngleX",
      "Segments": [
        0,
        12.46,
        0,
        8,
        12.46
      ]
    },
    {
      "Target": "Parameter",
      "Id": "Head_AngleY",
      "Segments": [
        0,
        -25.26,
        0,
        8,
        -25.26
      ]
    },
    {
      "Target": "Parameter",
      "Id": "Head_RollY",
      "Segments": [
        0,
        1,
        0,
        8,
        1
      ]
    },
    {
      "Target": "Parameter",
      "Id": "Gra_On",
      "Segments": [
        0,
        0,
        0,
        8,
        0
      ]
    },
    {
      "Target": "Parameter",
      "Id": "Wet_On",
      "Segments": [
        0,
        -1,
        0,
        8,
        -1
      ]
    },
    {
      "Target": "Parameter",
      "Id": "EyeBallX",
      "Segments": [
        0,
        0,
        0,
        8,
        0
      ]
    },
    {
      "Target": "Parameter",
      "Id": "EyeBallY",
      "Segments": [
        0,
        0,
        0,
        8,
        0
      ]
    },
    {
      "Target": "Parameter",
      "Id": "EyeBall_size",
      "Segments": [
        0,
        0,
        0,
        8,
        0
      ]
    },
    {
      "Target": "Parameter",
      "Id": "BrowR_Angle",
      "Segments": [
        0,
        0.6,
        0,
        8,
        0.6
      ]
    },
    {
      "Target": "Parameter",
      "Id": "BrowR_Form",
      "Segments": [
        0,
        -0.6,
        0,
        8,
        -0.6
      ]
    },
    {
      "Target": "Parameter",
      "Id": "BrowR_Form2",
      "Segments": [
        0,
        -26,
        0,
        8,
        -26
      ]
    },
    {
      "Target": "Parameter",
      "Id": "BrowL_Angle",
      "Segments": [
        0,
        -0.7,
        0,
        8,
        -0.7
      ]
    },
    {
      "Target": "Parameter",
      "Id": "BrowL_Form",
      "Segments": [
        0,
        -0.5,
        0,
        8,
        -0.5
      ]
    },
    {
      "Target": "Parameter",
      "Id": "BrowL_Form2",
      "Segments": [
        0,
        -26,
        0,
        8,
        -26
      ]
    },
    {
      "Target": "Parameter",
      "Id": "EyeR_Open",
      "Segments": [
        0,
        0.9,
        0,
        8,
        0.9
      ]
    },
    {
      "Target": "Parameter",
      "Id": "EyeR_Smile",
      "Segments": [
        0,
        1,
        0,
        8,
        1
      ]
    },
    {
      "Target": "Parameter",
      "Id": "EyeL_Open",
      "Segments": [
        0,
        0.9,
        0,
        8,
        0.9
      ]
    },
    {
      "Target": "Parameter",
      "Id": "EyeL_Smile",
      "Segments": [
        0,
        1,
        0,
        8,
        1
      ]
    },
    {
      "Target": "Parameter",
      "Id": "EyeL_Ang",
      "Segments": [
        0,
        0.3,
        0,
        8,
        0.3
      ]
    },
    {
      "Target": "Parameter",
      "Id": "MouthForm2",
      "Segments": [
        0,
        0,
        0,
        8,
        0
      ]
    },
    {
      "Target": "Parameter",
      "Id": "MouthForm",
      "Segments": [
        0,
        0,
        0,
        8,
        0
      ]
    },
    {
      "Target": "Parameter",
      "Id": "Mouth_Size",
      "Segments": [
        0,
        0.8,
        0,
        8,
        0.8
      ]
    },
    {
      "Target": "Parameter",
      "Id": "MouthForm3",
      "Segments": [
        0,
        0,
        0,
        8,
        0
      ]
    },
    {
      "Target": "Parameter",
      "Id": "MouthForm4",
      "Segments": [
        0,
        0,
        0,
        8,
        0
      ]
    },
    {
      "Target": "Parameter",
      "Id": "ShoulderR_Roll",
      "Segments": [
        0,
        -3,
        0,
        8,
        -3
      ]
    },
    {
      "Target": "Parameter",
      "Id": "ArmR_Sup_Form",
      "Segments": [
        0,
        -23,
        0,
        8,
        -23
      ]
    },
    {
      "Target": "Parameter",
      "Id": "ArmL_Sup_Form",
      "Segments": [
        0,
        -15,
        0,
        8,
        -15
      ]
    },
    {
      "Target": "Parameter",
      "Id": "HandL_move2",
      "Segments": [
        0,
        0,
        0,
        8,
        0
      ]
    },
    {
      "Target": "Parameter",
      "Id": "Lowerbody_Roll",
      "Segments": [
        0,
        0,
        0,
        8,
        0
      ]
    },
    {
      "Target": "Parameter",
      "Id": "LegR_Roll",
      "Segments": [
        0,
        0,
        0,
        8,
        0
      ]
    }
  ],
  "UserData": [
    {
      "Time": 0.0,
      "Value": ""
    }
  ]
}