{
  "Version": 3,
  "Meta": {
    "Duration": 2.0,
    "Fps": 30.0,
    "Loop": true,
    "AreBeziersRestricted": true,
    "CurveCount": 97,
    "TotalSegmentCount": 229,
    "TotalPointCount": 365,
    "UserDataCount": 1,
    "TotalUserDataSize": 0
  },
  "Curves": [
    {
      "Target": "Parameter",
      "Id": "BodyPoX",
      "Segments": [
        0,
        0,
        0,
        0.367,
        7.834,
        0,
        1.033,
        -7.2,
        2,
        2,
        -7.2
      ]
    },
    {
      "Target": "Parameter",
      "Id": "Breath",
      "Segments": [
        0,
        0,
        1,
        0.2,
        0,
        0.4,
        -0.023,
        0.6,
        0.1,
        1,
        0.844,
        0.251,
        1.089,
        0.849,
        1.333,
        0.849,
        1,
        1.555,
        0.849,
        1.778,
        0.643,
        2,
        0.313
      ]
    },
    {
      "Target": "Parameter",
      "Id": "Body_Shaking",
      "Segments": [
        0,
        0,
        0,
        0.533,
        -7,
        1,
        0.811,
        -7,
        1.089,
        4.049,
        1.367,
        7.356,
        1,
        1.456,
        8.457,
        1.544,
        8.744,
        1.633,
        8.561,
        1,
        1.755,
        8.575,
        1.878,
        6.078,
        2,
        4.841
      ]
    },
    {
      "Target": "Parameter",
      "Id": "ArmR_Form3",
      "Segments": [
        0,
        0,
        0,
        0.8,
        16,
        2,
        2,
        16
      ]
    },
    {
      "Target": "Parameter",
      "Id": "BodyX",
      "Segments": [
        0,
        0,
        2,
        0.4,
        0,
        0,
        1.3,
        -25,
        2,
        2,
        -25
      ]
    },
    {
      "Target": "Parameter",
      "Id": "Body_Pose1",
      "Segments": [
        0,
        0,
        1,
        0.089,
        -5.717,
        0.178,
        -19.235,
        0.267,
        -19.235,
        1,
        0.5,
        -19.235,
        0.734,
        2.826,
        0.967,
        10,
        1,
        1.067,
        13.531,
        1.167,
        13.842,
        1.267,
        13.842,
        0,
        2,
        10
      ]
    },
    {
      "Target": "Parameter",
      "Id": "BodyY",
      "Segments": [
        0,
        0,
        1,
        0.1,
        -4.183,
        0.2,
        -14,
        0.3,
        -14,
        0,
        0.733,
        11,
        1,
        0.822,
        11,
        0.911,
        3.203,
        1,
        0,
        1,
        1.144,
        -5.205,
        1.289,
        -6.015,
        1.433,
        -6.015,
        0,
        2,
        0
      ]
    },
    {
      "Target": "Parameter",
      "Id": "Waist_Roll",
      "Segments": [
        0,
        0,
        1,
        0.1,
        -0.606,
        0.2,
        -1.392,
        0.3,
        -1.392,
        1,
        0.533,
        -1.392,
        0.767,
        1.057,
        1,
        1.76,
        1,
        1.133,
        2.125,
        1.267,
        2.052,
        1.4,
        2.02,
        1,
        1.6,
        1.957,
        1.8,
        1.76,
        2,
        1.76
      ]
    },
    {
      "Target": "Parameter",
      "Id": "Sub_move",
      "Segments": [
        0,
        0,
        1,
        0.078,
        4.258,
        0.155,
        8.096,
        0.233,
        7.148,
        1,
        0.378,
        7.148,
        0.522,
        -1.04,
        0.667,
        -3.65,
        1,
        0.778,
        -5.658,
        0.889,
        -5.395,
        1,
        -5.395,
        0,
        2,
        3.808
      ]
    },
    {
      "Target": "Parameter",
      "Id": "Head_AngleX",
      "Segments": [
        0,
        0,
        0,
        0.2,
        -2,
        0,
        0.8,
        0,
        2,
        1.067,
        0,
        2,
        2,
        0
      ]
    },
    {
      "Target": "Parameter",
      "Id": "Head_AngleY",
      "Segments": [
        0,
        0,
        1,
        0.067,
        0,
        0.133,
        -4.852,
        0.2,
        -11,
        1,
        0.244,
        -15.099,
        0.289,
        -16,
        0.333,
        -16,
        0,
        0.8,
        15.9,
        1,
        0.889,
        15.9,
        0.978,
        12.589,
        1.067,
        7.68,
        1,
        1.189,
        0.931,
        1.311,
        -1.75,
        1.433,
        -1.75,
        1,
        1.622,
        -1.75,
        1.811,
        0.063,
        2,
        4.029
      ]
    },
    {
      "Target": "Parameter",
      "Id": "Head_Roll",
      "Segments": [
        0,
        0,
        1,
        0.1,
        0,
        0.2,
        3.831,
        0.3,
        4.433,
        1,
        0.422,
        5.086,
        0.545,
        3.946,
        0.667,
        1.969,
        1,
        0.8,
        -0.143,
        0.934,
        -3.72,
        1.067,
        -3.72,
        2,
        2,
        -3.72
      ]
    },
    {
      "Target": "Parameter",
      "Id": "Head_RollY",
      "Segments": [
        0,
        0,
        0,
        0.2,
        -11,
        0,
        0.8,
        0,
        2,
        2,
        0
      ]
    },
    {
      "Target": "Parameter",
      "Id": "Wet_On",
      "Segments": [
        0,
        -1,
        2,
        0.4,
        -1,
        0,
        0.567,
        0,
        2,
        2,
        0
      ]
    },
    {
      "Target": "Parameter",
      "Id": "EyeBallX",
      "Segments": [
        0,
        0,
        2,
        0.733,
        0,
        1,
        1.155,
        0,
        1.578,
        0.016,
        2,
        0.093
      ]
    },
    {
      "Target": "Parameter",
      "Id": "EyeBallY",
      "Segments": [
        0,
        0,
        0,
        0.733,
        -0.5,
        2,
        2,
        -0.5
      ]
    },
    {
      "Target": "Parameter",
      "Id": "EyeBall_size",
      "Segments": [
        0,
        0,
        0,
        0.733,
        -25,
        2,
        2,
        -25
      ]
    },
    {
      "Target": "Parameter",
      "Id": "BrowR_Angle",
      "Segments": [
        0,
        0,
        0,
        0.733,
        -0.9,
        2,
        2,
        -0.9
      ]
    },
    {
      "Target": "Parameter",
      "Id": "BrowR_Form",
      "Segments": [
        0,
        0,
        0,
        0.733,
        -0.7,
        2,
        2,
        -0.7
      ]
    },
    {
      "Target": "Parameter",
      "Id": "BrowRY",
      "Segments": [
        0,
        0,
        0,
        0.367,
        0.4,
        0,
        0.9,
        -0.5,
        0,
        1.433,
        -0.1,
        2,
        2,
        -0.1
      ]
    },
    {
      "Target": "Parameter",
      "Id": "BrowL_Angle",
      "Segments": [
        0,
        0,
        0,
        0.733,
        0.7,
        2,
        2,
        0.7
      ]
    },
    {
      "Target": "Parameter",
      "Id": "BrowL_Form",
      "Segments": [
        0,
        0,
        0,
        0.733,
        -0.7,
        2,
        2,
        -0.7
      ]
    },
    {
      "Target": "Parameter",
      "Id": "BrowLY",
      "Segments": [
        0,
        0,
        0,
        0.367,
        0.4,
        0,
        0.9,
        -0.5,
        0,
        1.433,
        -0.2,
        2,
        2,
        -0.2
      ]
    },
    {
      "Target": "Parameter",
      "Id": "EyeR_Open",
      "Segments": [
        0,
        1,
        0,
        0.167,
        0,
        2,
        0.3,
        0,
        0,
        0.733,
        1,
        2,
        2,
        1
      ]
    },
    {
      "Target": "Parameter",
      "Id": "EyeR_Smile",
      "Segments": [
        0,
        0,
        0,
        0.733,
        1,
        2,
        2,
        1
      ]
    },
    {
      "Target": "Parameter",
      "Id": "EyeL_Open",
      "Segments": [
        0,
        1,
        0,
        0.167,
        0,
        2,
        0.3,
        0,
        0,
        0.733,
        1,
        2,
        2,
        1
      ]
    },
    {
      "Target": "Parameter",
      "Id": "EyeL_Smile",
      "Segments": [
        0,
        0,
        0,
        0.733,
        1,
        2,
        2,
        1
      ]
    },
    {
      "Target": "Parameter",
      "Id": "MouthForm2",
      "Segments": [
        0,
        0,
        0,
        0.8,
        -22,
        2,
        2,
        -22
      ]
    },
    {
      "Target": "Parameter",
      "Id": "MouthForm",
      "Segments": [
        0,
        0,
        0,
        0.8,
        -30,
        2,
        2,
        -30
      ]
    },
    {
      "Target": "Parameter",
      "Id": "Mouth_Size",
      "Segments": [
        0,
        0.5,
        0,
        0.267,
        0.3,
        0,
        0.8,
        0.7,
        2,
        2,
        0.7
      ]
    },
    {
      "Target": "Parameter",
      "Id": "MouthForm4",
      "Segments": [
        0,
        0,
        0,
        0.8,
        0.2,
        2,
        2,
        0.2
      ]
    },
    {
      "Target": "Parameter",
      "Id": "HairFront_Move",
      "Segments": [
        0,
        0,
        0,
        0.233,
        1,
        0,
        1.067,
        -1,
        0,
        2,
        0.67
      ]
    },
    {
      "Target": "Parameter",
      "Id": "HairSideR_Move",
      "Segments": [
        0,
        0,
        0,
        0.333,
        1,
        0,
        1.167,
        -1,
        0,
        2,
        0.538
      ]
    },
    {
      "Target": "Parameter",
      "Id": "HairSideL_Move",
      "Segments": [
        0,
        0,
        0,
        0.333,
        1,
        0,
        1.067,
        -1,
        0,
        2,
        0.673
      ]
    },
    {
      "Target": "Parameter",
      "Id": "ShoulderRY",
      "Segments": [
        0,
        0,
        0,
        0.167,
        -10,
        0,
        0.5,
        19,
        0,
        0.8,
        9,
        2,
        2,
        9
      ]
    },
    {
      "Target": "Parameter",
      "Id": "ShoulderLY",
      "Segments": [
        0,
        0,
        0,
        0.167,
        -10,
        0,
        0.5,
        19,
        0,
        0.8,
        9,
        2,
        2,
        9
      ]
    },
    {
      "Target": "Parameter",
      "Id": "ShoulderR_Roll",
      "Segments": [
        0,
        0,
        0,
        0.467,
        -15,
        1,
        0.567,
        -15,
        0.667,
        -9.636,
        0.767,
        -9.03,
        1,
        0.889,
        -8.497,
        1.011,
        -8.11,
        1.133,
        -7.8,
        1,
        1.422,
        -7.104,
        1.711,
        -6.926,
        2,
        -6.7
      ]
    },
    {
      "Target": "Parameter",
      "Id": "ShoulderL_Roll",
      "Segments": [
        0,
        0,
        0,
        0.467,
        12.794,
        1,
        0.567,
        12.794,
        0.667,
        3.158,
        0.767,
        2.521,
        1,
        0.889,
        1.822,
        1.011,
        1.741,
        1.133,
        1.577,
        1,
        1.422,
        1.296,
        1.711,
        0.908,
        2,
        0.908
      ]
    },
    {
      "Target": "Parameter",
      "Id": "ArmR_Roll",
      "Segments": [
        0,
        0,
        1,
        0.089,
        0,
        0.178,
        0.274,
        0.267,
        -0.374,
        1,
        0.434,
        -1.589,
        0.6,
        -74.507,
        0.767,
        -90.845,
        1,
        0.856,
        -99.559,
        0.944,
        -98.373,
        1.033,
        -98.373,
        1,
        1.144,
        -98.373,
        1.256,
        -95.941,
        1.367,
        -95.5,
        1,
        1.578,
        -94.662,
        1.789,
        -94.075,
        2,
        -93.7
      ]
    },
    {
      "Target": "Parameter",
      "Id": "ArmL_Roll",
      "Segments": [
        0,
        0,
        0,
        0.267,
        -1.951,
        1,
        0.434,
        -1.951,
        0.6,
        38.304,
        0.767,
        45.164,
        1,
        0.911,
        50.681,
        1.056,
        50,
        1.2,
        50,
        2,
        1.533,
        50,
        1,
        1.689,
        50,
        1.844,
        49.334,
        2,
        49.3
      ]
    },
    {
      "Target": "Parameter",
      "Id": "ArmR_Form",
      "Segments": [
        0,
        0,
        1,
        0.178,
        0,
        0.355,
        -3.951,
        0.533,
        -5.07,
        1,
        0.7,
        -6.119,
        0.866,
        -6,
        1.033,
        -6,
        2,
        2,
        -6
      ]
    },
    {
      "Target": "Parameter",
      "Id": "ArmL_Form",
      "Segments": [
        0,
        0,
        1,
        0.178,
        0,
        0.355,
        -2.356,
        0.533,
        -8.153,
        1,
        0.7,
        -13.587,
        0.866,
        -16.94,
        1.033,
        -16.94,
        2,
        2,
        -16.94
      ]
    },
    {
      "Target": "Parameter",
      "Id": "ArmR_Form2",
      "Segments": [
        0,
        0,
        0,
        0.3,
        -5.062,
        1,
        0.333,
        -6.646,
        0.367,
        -25,
        0.4,
        -25,
        0,
        0.767,
        -18,
        2,
        2,
        -18
      ]
    },
    {
      "Target": "Parameter",
      "Id": "ArmL_Form2",
      "Segments": [
        0,
        0,
        1,
        0.1,
        0,
        0.2,
        -1.127,
        0.3,
        -5.062,
        1,
        0.344,
        -7.12,
        0.389,
        -17.887,
        0.433,
        -24.334,
        1,
        0.466,
        -28.636,
        0.5,
        -30,
        0.533,
        -30,
        1,
        0.611,
        -30,
        0.689,
        -20.503,
        0.767,
        -16,
        1,
        0.889,
        -8.924,
        1.011,
        -7.751,
        1.133,
        -7.751,
        1,
        1.322,
        -7.751,
        1.511,
        -8.75,
        1.7,
        -10.879,
        1,
        1.8,
        -12.006,
        1.9,
        -13.297,
        2,
        -14.4
      ]
    },
    {
      "Target": "Parameter",
      "Id": "ArmR_Sup_Form",
      "Segments": [
        0,
        0,
        2,
        0.3,
        0,
        1,
        0.333,
        0,
        0.367,
        -18.36,
        0.4,
        -19,
        1,
        0.7,
        -24.756,
        1,
        -26.954,
        1.3,
        -26.954,
        2,
        2,
        -26.954
      ]
    },
    {
      "Target": "Parameter",
      "Id": "ArmL_Sup_Form",
      "Segments": [
        0,
        0,
        2,
        0.3,
        0,
        0,
        0.4,
        -30,
        2,
        0.667,
        -30,
        0,
        1.333,
        -24.09,
        1,
        1.555,
        -24.09,
        1.778,
        -25.207,
        2,
        -27.279
      ]
    },
    {
      "Target": "Parameter",
      "Id": "HandR_Roll",
      "Segments": [
        0,
        0,
        1,
        0.089,
        0,
        0.178,
        1.04,
        0.267,
        4.169,
        1,
        0.345,
        6.907,
        0.422,
        9,
        0.5,
        9,
        1,
        0.6,
        9,
        0.7,
        -4.716,
        0.8,
        -6.981,
        1,
        1,
        -11.51,
        1.2,
        -12.098,
        1.4,
        -12.098,
        1,
        1.6,
        -12.098,
        1.8,
        -11.301,
        2,
        -9.643
      ]
    },
    {
      "Target": "Parameter",
      "Id": "HandL_Roll",
      "Segments": [
        0,
        0,
        0,
        0.5,
        -12,
        1,
        0.6,
        -12,
        0.7,
        -1.878,
        0.8,
        0,
        1,
        0.967,
        2.999,
        1.133,
        3.22,
        1.3,
        3.22,
        1,
        1.533,
        3.22,
        1.767,
        2.697,
        2,
        1.512
      ]
    },
    {
      "Target": "Parameter",
      "Id": "HandR_move",
      "Segments": [
        0,
        0,
        0,
        0.533,
        -30,
        0,
        1.133,
        28.429,
        1,
        1.3,
        28.429,
        1.466,
        12.177,
        1.633,
        0,
        1,
        1.755,
        -8.93,
        1.878,
        -14.213,
        2,
        -18.7
      ]
    },
    {
      "Target": "Parameter",
      "Id": "HandL_move2",
      "Segments": [
        0,
        0,
        0,
        0.633,
        30,
        0,
        1.433,
        -30,
        1,
        1.622,
        -30,
        1.811,
        -2.082,
        2,
        11.494
      ]
    },
    {
      "Target": "Parameter",
      "Id": "LegR_Roll",
      "Segments": [
        0,
        0,
        0,
        0.8,
        -14,
        2,
        2,
        -14
      ]
    },
    {
      "Target": "Parameter",
      "Id": "LegL_Roll",
      "Segments": [
        0,
        0,
        0,
        0.8,
        15,
        2,
        2,
        15
      ]
    },
    {
      "Target": "PartOpacity",
      "Id": "Part",
      "Segments": [
        0,
        1,
        2,
        2,
        1
      ]
    },
    {
      "Target": "PartOpacity",
      "Id": "Part2",
      "Segments": [
        0,
        1,
        2,
        2,
        1
      ]
    },
    {
      "Target": "PartOpacity",
      "Id": "Part3",
      "Segments": [
        0,
        1,
        2,
        2,
        1
      ]
    },
    {
      "Target": "PartOpacity",
      "Id": "Part4",
      "Segments": [
        0,
        1,
        2,
        2,
        1
      ]
    },
    {
      "Target": "PartOpacity",
      "Id": "Part5",
      "Segments": [
        0,
        1,
        2,
        2,
        1
      ]
    },
    {
      "Target": "PartOpacity",
      "Id": "Part6",
      "Segments": [
        0,
        1,
        2,
        2,
        1
      ]
    },
    {
      "Target": "PartOpacity",
      "Id": "Part28",
      "Segments": [
        0,
        0,
        2,
        2,
        0
      ]
    },
    {
      "Target": "PartOpacity",
      "Id": "Part26",
      "Segments": [
        0,
        0,
        2,
        2,
        0
      ]
    },
    {
      "Target": "PartOpacity",
      "Id": "Part12",
      "Segments": [
        0,
        0,
        2,
        2,
        0
      ]
    },
    {
      "Target": "PartOpacity",
      "Id": "Part36",
      "Segments": [
        0,
        0,
        2,
        0.37,
        0.5,
        2,
        0.4,
        1,
        2,
        2,
        1
      ]
    },
    {
      "Target": "PartOpacity",
      "Id": "Part34",
      "Segments": [
        0,
        0,
        2,
        0.63,
        1,
        2,
        2,
        1
      ]
    },
    {
      "Target": "PartOpacity",
      "Id": "Part7",
      "Segments": [
        0,
        1,
        2,
        0.63,
        0,
        2,
        2,
        0
      ]
    },
    {
      "Target": "PartOpacity",
      "Id": "Part9",
      "Segments": [
        0,
        1,
        2,
        0.4,
        0,
        2,
        2,
        0
      ]
    },
    {
      "Target": "PartOpacity",
      "Id": "Part35",
      "Segments": [
        0,
        0,
        2,
        2,
        0
      ]
    },
    {
      "Target": "PartOpacity",
      "Id": "Part10",
      "Segments": [
        0,
        0,
        2,
        2,
        0
      ]
    },
    {
      "Target": "PartOpacity",
      "Id": "Part11",
      "Segments": [
        0,
        0,
        2,
        2,
        0
      ]
    },
    {
      "Target": "PartOpacity",
      "Id": "Part13",
      "Segments": [
        0,
        1,
        2,
        2,
        1
      ]
    },
    {
      "Target": "PartOpacity",
      "Id": "Part29",
      "Segments": [
        0,
        1,
        2,
        2,
        1
      ]
    },
    {
      "Target": "PartOpacity",
      "Id": "Part8",
      "Segments": [
        0,
        1,
        2,
        2,
        1
      ]
    },
    {
      "Target": "PartOpacity",
      "Id": "Part14",
      "Segments": [
        0,
        1,
        2,
        2,
        1
      ]
    },
    {
      "Target": "PartOpacity",
      "Id": "Part15",
      "Segments": [
        0,
        0,
        2,
        2,
        0
      ]
    },
    {
      "Target": "PartOpacity",
      "Id": "Part46",
      "Segments": [
        0,
        1,
        2,
        2,
        1
      ]
    },
    {
      "Target": "PartOpacity",
      "Id": "Part25",
      "Segments": [
        0,
        0,
        2,
        2,
        0
      ]
    },
    {
      "Target": "PartOpacity",
      "Id": "Part16",
      "Segments": [
        0,
        0,
        2,
        2,
        0
      ]
    },
    {
      "Target": "PartOpacity",
      "Id": "Part17",
      "Segments": [
        0,
        1,
        2,
        2,
        1
      ]
    },
    {
      "Target": "PartOpacity",
      "Id": "Part18",
      "Segments": [
        0,
        1,
        2,
        2,
        1
      ]
    },
    {
      "Target": "PartOpacity",
      "Id": "Part19",
      "Segments": [
        0,
        1,
        2,
        2,
        1
      ]
    },
    {
      "Target": "PartOpacity",
      "Id": "Part21",
      "Segments": [
        0,
        1,
        2,
        2,
        1
      ]
    },
    {
      "Target": "PartOpacity",
      "Id": "Part22",
      "Segments": [
        0,
        1,
        2,
        2,
        1
      ]
    },
    {
      "Target": "PartOpacity",
      "Id": "Part23",
      "Segments": [
        0,
        0,
        2,
        0.63,
        1,
        2,
        2,
        1
      ]
    },
    {
      "Target": "PartOpacity",
      "Id": "Part24",
      "Segments": [
        0,
        1,
        2,
        0.63,
        0,
        2,
        2,
        0
      ]
    },
    {
      "Target": "PartOpacity",
      "Id": "Part30",
      "Segments": [
        0,
        1,
        2,
        2,
        1
      ]
    },
    {
      "Target": "PartOpacity",
      "Id": "Part27",
      "Segments": [
        0,
        1,
        2,
        2,
        1
      ]
    },
    {
      "Target": "PartOpacity",
      "Id": "Part20",
      "Segments": [
        0,
        1,
        2,
        2,
        1
      ]
    },
    {
      "Target": "Model",
      "Id": "Opacity",
      "Segments": [
        0,
        1,
        0,
        2,
        1
      ]
    },
    {
      "Target": "Parameter",
      "Id": "ShoulderY",
      "Segments": [
        0,
        0,
        0,
        2,
        0
      ]
    },
    {
      "Target": "Parameter",
      "Id": "Body_Pose2",
      "Segments": [
        0,
        0,
        0,
        2,
        0
      ]
    },
    {
      "Target": "Parameter",
      "Id": "Gra_On",
      "Segments": [
        0,
        0,
        0,
        2,
        0
      ]
    },
    {
      "Target": "Parameter",
      "Id": "Gra_Move",
      "Segments": [
        0,
        0,
        0,
        2,
        0
      ]
    },
    {
      "Target": "Parameter",
      "Id": "BrowR_Form2",
      "Segments": [
        0,
        0,
        0,
        2,
        0
      ]
    },
    {
      "Target": "Parameter",
      "Id": "BrowL_Form2",
      "Segments": [
        0,
        0,
        0,
        2,
        0
      ]
    },
    {
      "Target": "Parameter",
      "Id": "EyeL_Ang",
      "Segments": [
        0,
        0,
        0,
        2,
        0
      ]
    },
    {
      "Target": "Parameter",
      "Id": "Mouth_Open",
      "Segments": [
        0,
        1,
        0,
        2,
        1
      ]
    },
    {
      "Target": "Parameter",
      "Id": "MouthForm3",
      "Segments": [
        0,
        0,
        0,
        2,
        0
      ]
    },
    {
      "Target": "Parameter",
      "Id": "Lowerbody_Roll",
      "Segments": [
        0,
        0,
        0,
        2,
        0
      ]
    }
  ],
  "UserData": [
    {
      "Time": 0.0,
      "Value": ""
    }
  ]
}