{
  "Version": 3,
  "Meta": {
    "Duration": 2.0,
    "Fps": 30.0,
    "Loop": true,
    "AreBeziersRestricted": true,
    "CurveCount": 101,
    "TotalSegmentCount": 209,
    "TotalPointCount": 275,
    "UserDataCount": 1,
    "TotalUserDataSize": 0
  },
  "Curves": [
    {
      "Target": "Parameter",
      "Id": "HairFront_Shaking",
      "Segments": [
        0,
        0,
        0,
        0.767,
        0.411,
        1,
        1.178,
        0.411,
        1.589,
        0.275,
        2,
        -0.034
      ]
    },
    {
      "Target": "Parameter",
      "Id": "HairBack_Shaking",
      "Segments": [
        0,
        0,
        0,
        1.067,
        0.3,
        1,
        1.378,
        0.3,
        1.689,
        0.186,
        2,
        -0.136
      ]
    },
    {
      "Target": "Parameter",
      "Id": "HairSideR_Shaking",
      "Segments": [
        0,
        0,
        0,
        0.933,
        0.5,
        1,
        1.289,
        0.5,
        1.644,
        0.284,
        2,
        -0.051
      ]
    },
    {
      "Target": "Parameter",
      "Id": "HairSideL_Shaking",
      "Segments": [
        0,
        0,
        0,
        0.933,
        0.385,
        1,
        1.289,
        0.385,
        1.644,
        0.228,
        2,
        -0.062
      ]
    },
    {
      "Target": "Parameter",
      "Id": "BrowRY",
      "Segments": [
        0,
        0,
        0,
        0.333,
        0.2,
        1,
        0.6,
        0.2,
        0.866,
        -0.237,
        1.133,
        -0.441,
        1,
        1.322,
        -0.585,
        1.511,
        -0.565,
        1.7,
        -0.565,
        2,
        2,
        -0.565
      ]
    },
    {
      "Target": "Parameter",
      "Id": "BrowLY",
      "Segments": [
        0,
        0,
        0,
        0.333,
        0.2,
        1,
        0.6,
        0.2,
        0.866,
        -0.237,
        1.133,
        -0.441,
        1,
        1.322,
        -0.585,
        1.511,
        -0.565,
        1.7,
        -0.565,
        2,
        2,
        -0.565
      ]
    },
    {
      "Target": "Parameter",
      "Id": "BrowR_Angle",
      "Segments": [
        0,
        0,
        2,
        0.8,
        0,
        0,
        1.333,
        0.3,
        2,
        2,
        0.3
      ]
    },
    {
      "Target": "Parameter",
      "Id": "BrowL_Angle",
      "Segments": [
        0,
        0,
        2,
        0.8,
        0,
        0,
        1.333,
        0.3,
        2,
        2,
        0.3
      ]
    },
    {
      "Target": "Parameter",
      "Id": "EyeR_Open",
      "Segments": [
        0,
        1,
        0,
        0.467,
        0,
        2,
        0.833,
        0,
        0,
        1.267,
        1,
        2,
        2,
        1
      ]
    },
    {
      "Target": "Parameter",
      "Id": "EyeL_Open",
      "Segments": [
        0,
        1,
        0,
        0.467,
        0,
        2,
        0.833,
        0,
        0,
        1.267,
        1,
        2,
        2,
        1
      ]
    },
    {
      "Target": "Parameter",
      "Id": "EyeR_Smile",
      "Segments": [
        0,
        0,
        2,
        0.2,
        0,
        0,
        0.633,
        0.7,
        0,
        1.3,
        0,
        2,
        2,
        0
      ]
    },
    {
      "Target": "Parameter",
      "Id": "EyeL_Smile",
      "Segments": [
        0,
        0,
        2,
        0.2,
        0,
        0,
        0.633,
        0.7,
        0,
        1.3,
        0,
        2,
        2,
        0
      ]
    },
    {
      "Target": "Parameter",
      "Id": "EyeBallY",
      "Segments": [
        0,
        0,
        1,
        0.667,
        0,
        1.333,
        -0.039,
        2,
        -0.1
      ]
    },
    {
      "Target": "Parameter",
      "Id": "Breath",
      "Segments": [
        0,
        0,
        0,
        0.967,
        0.5,
        0,
        2,
        0
      ]
    },
    {
      "Target": "Parameter",
      "Id": "Body_Shaking",
      "Segments": [
        0,
        0,
        0,
        2,
        -11.432
      ]
    },
    {
      "Target": "Parameter",
      "Id": "BodyY",
      "Segments": [
        0,
        0,
        1,
        0.111,
        0,
        0.222,
        -0.277,
        0.333,
        0.624,
        1,
        0.5,
        1.976,
        0.666,
        14,
        0.833,
        14,
        0,
        1.433,
        -6,
        0,
        1.9,
        0,
        2,
        2,
        0
      ]
    },
    {
      "Target": "Parameter",
      "Id": "Shoulder_Move",
      "Segments": [
        0,
        0,
        0,
        1.767,
        1,
        2,
        2,
        1
      ]
    },
    {
      "Target": "Parameter",
      "Id": "Arm_Form",
      "Segments": [
        0,
        0,
        0,
        1.767,
        1,
        2,
        2,
        1
      ]
    },
    {
      "Target": "Parameter",
      "Id": "Body_Twist",
      "Segments": [
        0,
        -10,
        0,
        1.167,
        0,
        2,
        2,
        0
      ]
    },
    {
      "Target": "Parameter",
      "Id": "Body_Pose1",
      "Segments": [
        0,
        16,
        1,
        0.289,
        16,
        0.578,
        16.004,
        0.867,
        13,
        1,
        1.078,
        10.805,
        1.289,
        0.005,
        1.5,
        0.005,
        2,
        2,
        0.005
      ]
    },
    {
      "Target": "Parameter",
      "Id": "Waist_Roll",
      "Segments": [
        0,
        2.271,
        1,
        0.589,
        2.271,
        1.178,
        14.879,
        1.767,
        20.207,
        1,
        1.845,
        20.837,
        1.922,
        21.182,
        2,
        21.479
      ]
    },
    {
      "Target": "Parameter",
      "Id": "Key_Shaking",
      "Segments": [
        0,
        0,
        2,
        0.567,
        0,
        0,
        0.933,
        -0.683,
        0,
        1.2,
        1.04,
        0,
        1.8,
        -1.133,
        1,
        1.867,
        -1.133,
        1.933,
        -0.651,
        2,
        0
      ]
    },
    {
      "Target": "Parameter",
      "Id": "Jaket_Shaking",
      "Segments": [
        0,
        0,
        0,
        0.8,
        -27,
        0,
        2,
        13.832
      ]
    },
    {
      "Target": "Parameter",
      "Id": "Skirt_Shaking",
      "Segments": [
        0,
        0,
        2,
        1.3,
        0,
        0,
        2,
        8
      ]
    },
    {
      "Target": "Parameter",
      "Id": "Head_AngleY",
      "Segments": [
        0,
        0,
        0,
        1.3,
        -4,
        1,
        1.533,
        -5.372,
        1.767,
        -6.249,
        2,
        -7.8
      ]
    },
    {
      "Target": "Parameter",
      "Id": "Head_Roll",
      "Segments": [
        0,
        0,
        0,
        0.567,
        0.019,
        1,
        0.734,
        0.019,
        0.9,
        -6.099,
        1.067,
        -8.834,
        1,
        1.234,
        -12.216,
        1.4,
        -14.702,
        1.567,
        -16.122,
        1,
        1.711,
        -17.353,
        1.856,
        -18.041,
        2,
        -18.638
      ]
    },
    {
      "Target": "Parameter",
      "Id": "HeadY",
      "Segments": [
        0,
        0,
        0,
        0.467,
        -1.066,
        0,
        0.8,
        1,
        0,
        1.567,
        -5,
        2,
        2,
        -5
      ]
    },
    {
      "Target": "Parameter",
      "Id": "Mouth_Size",
      "Segments": [
        0,
        0.3,
        0,
        2,
        0.4
      ]
    },
    {
      "Target": "Parameter",
      "Id": "ShoulderRY",
      "Segments": [
        0,
        11.44,
        0,
        0.733,
        16.48,
        0,
        1.367,
        2.66,
        2,
        2,
        2.66
      ]
    },
    {
      "Target": "Parameter",
      "Id": "ShoulderLY",
      "Segments": [
        0,
        -6.9,
        1,
        0.244,
        -6.9,
        0.489,
        3.7,
        0.733,
        8,
        1,
        0.944,
        11.713,
        1.156,
        11.503,
        1.367,
        11.503,
        2,
        2,
        11.503
      ]
    },
    {
      "Target": "Parameter",
      "Id": "ShoulderR_Roll",
      "Segments": [
        0,
        -14,
        1,
        0.211,
        -14,
        0.422,
        -13.015,
        0.633,
        -7.348,
        1,
        0.878,
        -0.785,
        1.122,
        5.9,
        1.367,
        5.9,
        2,
        2,
        5.9
      ]
    },
    {
      "Target": "Parameter",
      "Id": "ShoulderL_Roll",
      "Segments": [
        0,
        15,
        2,
        0.067,
        15,
        0,
        1.3,
        -6.78,
        2,
        2,
        -6.78
      ]
    },
    {
      "Target": "Parameter",
      "Id": "ArmR_Roll",
      "Segments": [
        0,
        12.324,
        2,
        0.167,
        12.324,
        0,
        0.5,
        12.124,
        1,
        0.633,
        12.124,
        0.767,
        16.747,
        0.9,
        18.32,
        1,
        0.944,
        18.751,
        0.989,
        18.766,
        1.033,
        18.766,
        0,
        1.4,
        16.918,
        2,
        2,
        16.918
      ]
    },
    {
      "Target": "Parameter",
      "Id": "ArmL_Roll",
      "Segments": [
        0,
        -13.68,
        2,
        0.167,
        -13.68,
        0,
        0.433,
        -12.52,
        0,
        0.9,
        -20.62,
        0,
        1.4,
        -18.387,
        2,
        2,
        -18.387
      ]
    },
    {
      "Target": "Parameter",
      "Id": "ShoulderL_Scale",
      "Segments": [
        0,
        -0.991,
        2,
        0.167,
        -0.991,
        0,
        0.967,
        -0.764,
        2,
        2,
        -0.764
      ]
    },
    {
      "Target": "Parameter",
      "Id": "ArmL_Scale",
      "Segments": [
        0,
        -1,
        2,
        0.167,
        -1,
        0,
        0.967,
        -0.654,
        2,
        2,
        -0.654
      ]
    },
    {
      "Target": "Parameter",
      "Id": "ShoulderR_Scale",
      "Segments": [
        0,
        -0.951,
        2,
        0.167,
        -0.951,
        0,
        0.7,
        -0.823,
        2,
        2,
        -0.823
      ]
    },
    {
      "Target": "Parameter",
      "Id": "ArmR_Scale",
      "Segments": [
        0,
        -1.217,
        2,
        0.167,
        -1.217,
        0,
        0.7,
        -1,
        2,
        2,
        -1
      ]
    },
    {
      "Target": "Parameter",
      "Id": "HandR_Roll",
      "Segments": [
        0,
        2.4,
        2,
        0.167,
        2.4,
        1,
        0.245,
        2.4,
        0.322,
        -5.668,
        0.4,
        -10.051,
        1,
        0.444,
        -12.555,
        0.489,
        -12.274,
        0.533,
        -12.274,
        1,
        0.666,
        -12.274,
        0.8,
        17.536,
        0.933,
        22.5,
        1,
        0.989,
        24.14,
        1.044,
        24.774,
        1.1,
        24.774,
        1,
        1.289,
        24.774,
        1.478,
        21.255,
        1.667,
        21.254,
        2,
        2,
        21.254
      ]
    },
    {
      "Target": "Parameter",
      "Id": "HandL_Roll",
      "Segments": [
        0,
        -40,
        2,
        0.133,
        -40,
        0,
        0.4,
        0.528,
        0,
        0.733,
        -23.305,
        1,
        0.822,
        -23.305,
        0.911,
        -3.814,
        1,
        10.88,
        1,
        1.1,
        27.411,
        1.2,
        30,
        1.3,
        30,
        2,
        2,
        30
      ]
    },
    {
      "Target": "Parameter",
      "Id": "HandR03_Move",
      "Segments": [
        0,
        0,
        2,
        0.167,
        0,
        0,
        0.667,
        30,
        0,
        1.267,
        -30,
        2,
        2,
        -30
      ]
    },
    {
      "Target": "Parameter",
      "Id": "LegR_Roll",
      "Segments": [
        0,
        -20,
        0,
        2,
        0
      ]
    },
    {
      "Target": "Parameter",
      "Id": "LegL_Rll",
      "Segments": [
        0,
        2,
        0,
        2,
        0
      ]
    },
    {
      "Target": "PartOpacity",
      "Id": "Part12",
      "Segments": [
        0,
        1,
        2,
        2,
        1
      ]
    },
    {
      "Target": "PartOpacity",
      "Id": "Part13",
      "Segments": [
        0,
        1,
        2,
        2,
        1
      ]
    },
    {
      "Target": "PartOpacity",
      "Id": "Part14",
      "Segments": [
        0,
        1,
        2,
        2,
        1
      ]
    },
    {
      "Target": "PartOpacity",
      "Id": "Part15",
      "Segments": [
        0,
        1,
        2,
        2,
        1
      ]
    },
    {
      "Target": "PartOpacity",
      "Id": "Part16",
      "Segments": [
        0,
        1,
        2,
        2,
        1
      ]
    },
    {
      "Target": "PartOpacity",
      "Id": "Part18",
      "Segments": [
        0,
        1,
        2,
        2,
        1
      ]
    },
    {
      "Target": "PartOpacity",
      "Id": "Part19",
      "Segments": [
        0,
        1,
        2,
        2,
        1
      ]
    },
    {
      "Target": "PartOpacity",
      "Id": "Part17",
      "Segments": [
        0,
        1,
        2,
        2,
        1
      ]
    },
    {
      "Target": "PartOpacity",
      "Id": "Part24",
      "Segments": [
        0,
        0,
        2,
        2,
        0
      ]
    },
    {
      "Target": "PartOpacity",
      "Id": "Part20",
      "Segments": [
        0,
        1,
        2,
        2,
        1
      ]
    },
    {
      "Target": "PartOpacity",
      "Id": "Part34",
      "Segments": [
        0,
        1,
        2,
        0.17,
        1,
        2,
        0.2,
        0,
        2,
        2,
        0
      ]
    },
    {
      "Target": "PartOpacity",
      "Id": "Part47",
      "Segments": [
        0,
        1,
        2,
        0.17,
        1,
        0,
        0.2,
        0,
        2,
        2,
        1
      ]
    },
    {
      "Target": "PartOpacity",
      "Id": "Part28",
      "Segments": [
        0,
        0,
        2,
        0.17,
        0,
        0,
        0.2,
        1,
        2,
        2,
        1
      ]
    },
    {
      "Target": "PartOpacity",
      "Id": "Part33",
      "Segments": [
        0,
        0,
        2,
        0.17,
        0,
        2,
        0.2,
        1,
        2,
        2,
        1
      ]
    },
    {
      "Target": "PartOpacity",
      "Id": "Part46",
      "Segments": [
        0,
        0,
        2,
        2,
        0
      ]
    },
    {
      "Target": "PartOpacity",
      "Id": "Part26",
      "Segments": [
        0,
        0,
        2,
        2,
        0
      ]
    },
    {
      "Target": "PartOpacity",
      "Id": "Part27",
      "Segments": [
        0,
        0,
        2,
        0.17,
        0,
        2,
        0.2,
        1,
        2,
        2,
        1
      ]
    },
    {
      "Target": "PartOpacity",
      "Id": "Part52",
      "Segments": [
        0,
        0,
        2,
        2,
        0
      ]
    },
    {
      "Target": "PartOpacity",
      "Id": "Part9",
      "Segments": [
        0,
        0,
        2,
        2,
        0
      ]
    },
    {
      "Target": "PartOpacity",
      "Id": "HandL3",
      "Segments": [
        0,
        1,
        2,
        2,
        1
      ]
    },
    {
      "Target": "PartOpacity",
      "Id": "Part32",
      "Segments": [
        0,
        0,
        2,
        2,
        0
      ]
    },
    {
      "Target": "PartOpacity",
      "Id": "Part2",
      "Segments": [
        0,
        1,
        2,
        2,
        1
      ]
    },
    {
      "Target": "PartOpacity",
      "Id": "Part5",
      "Segments": [
        0,
        1,
        2,
        2,
        1
      ]
    },
    {
      "Target": "PartOpacity",
      "Id": "Part3",
      "Segments": [
        0,
        1,
        2,
        2,
        1
      ]
    },
    {
      "Target": "PartOpacity",
      "Id": "Part4",
      "Segments": [
        0,
        1,
        2,
        2,
        1
      ]
    },
    {
      "Target": "PartOpacity",
      "Id": "Part22",
      "Segments": [
        0,
        1,
        2,
        2,
        1
      ]
    },
    {
      "Target": "PartOpacity",
      "Id": "Part25",
      "Segments": [
        0,
        1,
        2,
        2,
        1
      ]
    },
    {
      "Target": "PartOpacity",
      "Id": "Part7",
      "Segments": [
        0,
        1,
        2,
        2,
        1
      ]
    },
    {
      "Target": "PartOpacity",
      "Id": "Part",
      "Segments": [
        0,
        1,
        2,
        0.4,
        1,
        2,
        0.43,
        0,
        2,
        2,
        0
      ]
    },
    {
      "Target": "PartOpacity",
      "Id": "HandL2",
      "Segments": [
        0,
        0,
        2,
        0.4,
        0,
        2,
        0.43,
        1,
        2,
        0.9,
        1,
        2,
        0.93,
        0,
        2,
        2,
        0
      ]
    },
    {
      "Target": "PartOpacity",
      "Id": "Part21",
      "Segments": [
        0,
        0,
        2,
        0.9,
        0,
        2,
        0.93,
        1,
        2,
        2,
        1
      ]
    },
    {
      "Target": "PartOpacity",
      "Id": "Part23",
      "Segments": [
        0,
        0,
        2,
        2,
        0
      ]
    },
    {
      "Target": "PartOpacity",
      "Id": "Part6",
      "Segments": [
        0,
        0,
        2,
        2,
        0
      ]
    },
    {
      "Target": "PartOpacity",
      "Id": "HandL1",
      "Segments": [
        0,
        0,
        2,
        2,
        0
      ]
    },
    {
      "Target": "PartOpacity",
      "Id": "Part8",
      "Segments": [
        0,
        1,
        2,
        2,
        1
      ]
    },
    {
      "Target": "PartOpacity",
      "Id": "Part31",
      "Segments": [
        0,
        0,
        2,
        2,
        0
      ]
    },
    {
      "Target": "PartOpacity",
      "Id": "Part10",
      "Segments": [
        0,
        0,
        2,
        2,
        0
      ]
    },
    {
      "Target": "PartOpacity",
      "Id": "Part29",
      "Segments": [
        0,
        1,
        2,
        2,
        1
      ]
    },
    {
      "Target": "PartOpacity",
      "Id": "Part11",
      "Segments": [
        0,
        1,
        2,
        2,
        1
      ]
    },
    {
      "Target": "PartOpacity",
      "Id": "Part30",
      "Segments": [
        0,
        1,
        2,
        2,
        1
      ]
    },
    {
      "Target": "Model",
      "Id": "Opacity",
      "Segments": [
        0,
        1,
        0,
        2,
        1
      ]
    },
    {
      "Target": "Parameter",
      "Id": "BrowR_Form",
      "Segments": [
        0,
        0,
        0,
        2,
        0
      ]
    },
    {
      "Target": "Parameter",
      "Id": "BrowL_Form",
      "Segments": [
        0,
        0,
        0,
        2,
        0
      ]
    },
    {
      "Target": "Parameter",
      "Id": "BrowR_Form2",
      "Segments": [
        0,
        0,
        0,
        2,
        0
      ]
    },
    {
      "Target": "Parameter",
      "Id": "BrowL_Form2",
      "Segments": [
        0,
        0,
        0,
        2,
        0
      ]
    },
    {
      "Target": "Parameter",
      "Id": "EyeBall_Size",
      "Segments": [
        0,
        0,
        0,
        2,
        0
      ]
    },
    {
      "Target": "Parameter",
      "Id": "EyeBallX",
      "Segments": [
        0,
        0,
        0,
        2,
        0
      ]
    },
    {
      "Target": "Parameter",
      "Id": "All_Position",
      "Segments": [
        0,
        0,
        0,
        2,
        0
      ]
    },
    {
      "Target": "Parameter",
      "Id": "Head_AngleX",
      "Segments": [
        0,
        0,
        0,
        2,
        0
      ]
    },
    {
      "Target": "Parameter",
      "Id": "MouthForm2",
      "Segments": [
        0,
        0,
        0,
        2,
        0
      ]
    },
    {
      "Target": "Parameter",
      "Id": "Mouth_Form",
      "Segments": [
        0,
        0,
        0,
        2,
        0
      ]
    },
    {
      "Target": "Parameter",
      "Id": "Mouth_Open",
      "Segments": [
        0,
        1,
        0,
        2,
        1
      ]
    },
    {
      "Target": "Parameter",
      "Id": "Mouth_Form2",
      "Segments": [
        0,
        0,
        0,
        2,
        0
      ]
    },
    {
      "Target": "Parameter",
      "Id": "HandR03_move",
      "Segments": [
        0,
        0,
        0,
        2,
        0
      ]
    },
    {
      "Target": "Parameter",
      "Id": "HandL_02_Move",
      "Segments": [
        0,
        0,
        0,
        2,
        0
      ]
    },
    {
      "Target": "Parameter",
      "Id": "HandL012_Move",
      "Segments": [
        0,
        0,
        0,
        2,
        0
      ]
    },
    {
      "Target": "Parameter",
      "Id": "Param",
      "Segments": [
        0,
        0,
        0,
        2,
        0
      ]
    },
    {
      "Target": "Parameter",
      "Id": "Param2",
      "Segments": [
        0,
        0,
        0,
        2,
        0
      ]
    }
  ],
  "UserData": [
    {
      "Time": 0.0,
      "Value": ""
    }
  ]
}