{
  "Version": 3,
  "Meta": {
    "Duration": 8.0,
    "Fps": 30.0,
    "Loop": true,
    "AreBeziersRestricted": true,
    "CurveCount": 101,
    "TotalSegmentCount": 227,
    "TotalPointCount": 403,
    "UserDataCount": 1,
    "TotalUserDataSize": 0
  },
  "Curves": [
    {
      "Target": "Parameter",
      "Id": "HairFront_Shaking",
      "Segments": [
        0,
        0,
        1,
        0.556,
        0.282,
        1.111,
        0.352,
        1.667,
        0.352,
        0,
        3.5,
        -0.29,
        0,
        5.867,
        0.262,
        0,
        7.267,
        -0.214,
        1,
        7.511,
        -0.214,
        7.756,
        -0.088,
        8,
        0
      ]
    },
    {
      "Target": "Parameter",
      "Id": "HairBack_Shaking",
      "Segments": [
        0,
        0,
        1,
        0.367,
        0.293,
        0.733,
        0.4,
        1.1,
        0.4,
        0,
        2.933,
        -0.382,
        0,
        5.333,
        0.296,
        0,
        7.167,
        -0.222,
        1,
        7.445,
        -0.222,
        7.722,
        -0.117,
        8,
        0
      ]
    },
    {
      "Target": "Parameter",
      "Id": "HairSideR_Shaking",
      "Segments": [
        0,
        0,
        1,
        0.3,
        0.17,
        0.6,
        0.2,
        0.9,
        0.2,
        0,
        2.733,
        -0.3,
        0,
        4.4,
        0.199,
        0,
        6.9,
        -0.337,
        1,
        7.267,
        -0.337,
        7.633,
        -0.119,
        8,
        0
      ]
    },
    {
      "Target": "Parameter",
      "Id": "HairSideL_Shaking",
      "Segments": [
        0,
        0,
        1,
        0.3,
        0.178,
        0.6,
        0.3,
        0.9,
        0.3,
        0,
        2.733,
        -0.3,
        0,
        4.4,
        0.299,
        0,
        6.7,
        -0.345,
        1,
        7.133,
        -0.345,
        7.567,
        -0.148,
        8,
        0
      ]
    },
    {
      "Target": "Parameter",
      "Id": "BrowRY",
      "Segments": [
        0,
        -0.093,
        1,
        0.4,
        -0.081,
        0.8,
        -0.057,
        1.2,
        0,
        1,
        1.989,
        0.113,
        2.778,
        0.3,
        3.567,
        0.3,
        1,
        4.367,
        0.3,
        5.167,
        0.166,
        5.967,
        0,
        1,
        6.389,
        -0.088,
        6.811,
        -0.1,
        7.233,
        -0.1,
        1,
        7.489,
        -0.1,
        7.744,
        -0.098,
        8,
        -0.093
      ]
    },
    {
      "Target": "Parameter",
      "Id": "BrowLY",
      "Segments": [
        0,
        -0.093,
        1,
        0.4,
        -0.081,
        0.8,
        -0.057,
        1.2,
        0,
        1,
        1.989,
        0.113,
        2.778,
        0.3,
        3.567,
        0.3,
        1,
        4.367,
        0.3,
        5.167,
        0.166,
        5.967,
        0,
        1,
        6.389,
        -0.088,
        6.811,
        -0.1,
        7.233,
        -0.1,
        0,
        8,
        -0.093
      ]
    },
    {
      "Target": "Parameter",
      "Id": "EyeBallX",
      "Segments": [
        0,
        -0.015,
        1,
        0.222,
        -0.034,
        0.445,
        -0.04,
        0.667,
        -0.04,
        0,
        4.2,
        0.044,
        1,
        4.756,
        0.044,
        5.311,
        0.018,
        5.867,
        0.004,
        1,
        6.578,
        -0.013,
        7.289,
        -0.015,
        8,
        -0.015
      ]
    },
    {
      "Target": "Parameter",
      "Id": "EyeBallY",
      "Segments": [
        0,
        -0.043,
        1,
        0.689,
        -0.068,
        1.378,
        -0.07,
        2.067,
        -0.07,
        0,
        4.2,
        0.118,
        0,
        8,
        -0.043
      ]
    },
    {
      "Target": "Parameter",
      "Id": "Breath",
      "Segments": [
        0,
        0.3,
        0,
        1.733,
        0.8,
        0,
        3.833,
        0.102,
        0,
        5.933,
        0.8,
        0,
        8,
        0.3
      ]
    },
    {
      "Target": "Parameter",
      "Id": "Body_Shaking",
      "Segments": [
        0,
        4.396,
        1,
        0.3,
        5.31,
        0.6,
        5.684,
        0.9,
        5.684,
        2,
        1.4,
        5.684,
        1,
        1.733,
        5.684,
        2.067,
        5.444,
        2.4,
        3.825,
        1,
        3.044,
        0.693,
        3.689,
        -1.764,
        4.333,
        -1.764,
        2,
        5.867,
        -1.764,
        1,
        6.189,
        -1.764,
        6.511,
        -0.829,
        6.833,
        -0.033,
        1,
        7.222,
        0.866,
        7.611,
        3.013,
        8,
        4.396
      ]
    },
    {
      "Target": "Parameter",
      "Id": "Body_Twist",
      "Segments": [
        0,
        -7.804,
        1,
        0.633,
        -5.892,
        1.267,
        -5,
        1.9,
        -5,
        1,
        2.456,
        -5,
        3.011,
        -12.319,
        3.567,
        -14.619,
        1,
        4.145,
        -17.166,
        4.722,
        -17.092,
        5.3,
        -17.041,
        1,
        5.611,
        -16.995,
        5.922,
        -16.722,
        6.233,
        -15.781,
        1,
        6.633,
        -14.789,
        7.033,
        -12.002,
        7.433,
        -9.847,
        1,
        7.622,
        -9.028,
        7.811,
        -8.336,
        8,
        -7.804
      ]
    },
    {
      "Target": "Parameter",
      "Id": "Body_Pose1",
      "Segments": [
        0,
        16,
        1,
        0.378,
        17.888,
        0.755,
        17.768,
        1.133,
        17.768,
        1,
        1.744,
        17.636,
        2.356,
        14.944,
        2.967,
        14.944,
        0,
        5.1,
        17.297,
        0,
        7.367,
        14.606,
        1,
        7.578,
        14.606,
        7.789,
        14.606,
        8,
        16
      ]
    },
    {
      "Target": "Parameter",
      "Id": "Waist_Roll",
      "Segments": [
        0,
        0,
        2,
        2.067,
        0,
        0,
        4.167,
        2.28,
        2,
        6,
        2.28,
        0,
        8,
        0
      ]
    },
    {
      "Target": "Parameter",
      "Id": "Jaket_Shaking",
      "Segments": [
        0,
        1.75,
        1,
        0.333,
        6.912,
        0.667,
        12.609,
        1,
        13.191,
        1,
        1.733,
        14.472,
        2.467,
        14.581,
        3.2,
        14.581,
        0,
        4.767,
        -11.529,
        0,
        5.933,
        12.378,
        0,
        7.233,
        -11.053,
        1,
        7.489,
        -11.053,
        7.744,
        -6.831,
        8,
        1.75
      ]
    },
    {
      "Target": "Parameter",
      "Id": "Head_AngleX",
      "Segments": [
        0,
        0.649,
        0,
        2.167,
        0.304,
        1,
        2.589,
        0.304,
        3.011,
        1.24,
        3.433,
        4.147,
        1,
        4.166,
        9.196,
        4.9,
        12.36,
        5.633,
        12.36,
        0,
        8,
        0.649
      ]
    },
    {
      "Target": "Parameter",
      "Id": "Head_AngleY",
      "Segments": [
        0,
        1.864,
        1,
        0.344,
        4.045,
        0.689,
        4.006,
        1.033,
        4.045,
        1,
        1.466,
        4.069,
        1.9,
        3.703,
        2.333,
        1.234,
        1,
        3.266,
        -5.778,
        4.2,
        -7.092,
        5.133,
        -7.092,
        1,
        5.933,
        -7.092,
        6.733,
        -5.778,
        7.533,
        -1.55,
        1,
        7.689,
        -0.604,
        7.844,
        0.63,
        8,
        1.864
      ]
    },
    {
      "Target": "Parameter",
      "Id": "Head_Roll",
      "Segments": [
        0,
        -4.155,
        1,
        0.544,
        -4.517,
        1.089,
        -4.581,
        1.633,
        -4.581,
        1,
        2.555,
        -4.581,
        3.478,
        0.612,
        4.4,
        0.757,
        1,
        4.956,
        0.808,
        5.511,
        0.661,
        6.067,
        0.443,
        1,
        6.711,
        -0.036,
        7.356,
        -4.155,
        8,
        -4.155
      ]
    },
    {
      "Target": "Parameter",
      "Id": "Mouth_Form",
      "Segments": [
        0,
        0,
        0,
        8,
        -8
      ]
    },
    {
      "Target": "Parameter",
      "Id": "Mouth_Size",
      "Segments": [
        0,
        0.3,
        0,
        2.8,
        0.425,
        2,
        5.267,
        0.425,
        0,
        8,
        0.3
      ]
    },
    {
      "Target": "Parameter",
      "Id": "ShoulderRY",
      "Segments": [
        0,
        9.372,
        1,
        0.322,
        7.625,
        0.645,
        7.725,
        0.967,
        7.725,
        1,
        1.178,
        7.725,
        1.389,
        7.924,
        1.6,
        8.606,
        1,
        1.956,
        10.25,
        2.311,
        12.698,
        2.667,
        12.698,
        1,
        2.978,
        12.698,
        3.289,
        7.956,
        3.6,
        6.09,
        1,
        3.922,
        4.445,
        4.245,
        3.792,
        4.567,
        3.565,
        1,
        4.989,
        3.372,
        5.411,
        3.402,
        5.833,
        3.917,
        1,
        6.266,
        4.385,
        6.7,
        13.674,
        7.133,
        13.674,
        1,
        7.422,
        13.674,
        7.711,
        11.562,
        8,
        9.372
      ]
    },
    {
      "Target": "Parameter",
      "Id": "ShoulderLY",
      "Segments": [
        0,
        -10.688,
        1,
        0.322,
        -12.078,
        0.645,
        -12,
        0.967,
        -12,
        1,
        1.178,
        -12,
        1.389,
        -11.933,
        1.6,
        -11.4,
        1,
        1.9,
        -10.476,
        2.2,
        -8.915,
        2.5,
        -8.915,
        1,
        2.867,
        -8.915,
        3.233,
        -9.113,
        3.6,
        -10.26,
        1,
        3.922,
        -11.268,
        4.245,
        -12.48,
        4.567,
        -12.48,
        1,
        4.911,
        -12.48,
        5.256,
        -12.465,
        5.6,
        -12.137,
        1,
        6.089,
        -11.463,
        6.578,
        -7.957,
        7.067,
        -7.957,
        1,
        7.378,
        -7.957,
        7.689,
        -9.995,
        8,
        -10.688
      ]
    },
    {
      "Target": "Parameter",
      "Id": "ShoulderR_Roll",
      "Segments": [
        0,
        -14.027,
        1,
        0.367,
        -14.027,
        0.733,
        -14.022,
        1.1,
        -13.99,
        1,
        1.411,
        -13.964,
        1.722,
        -13.931,
        2.033,
        -13.931,
        0,
        4.4,
        -14.048,
        2,
        6.2,
        -14.048,
        0,
        8,
        -14.027
      ]
    },
    {
      "Target": "Parameter",
      "Id": "ShoulderL_Roll",
      "Segments": [
        0,
        16.096,
        1,
        0.367,
        16.383,
        0.733,
        16.38,
        1.1,
        16.38,
        2,
        1.867,
        16.38,
        1,
        2.289,
        16.38,
        2.711,
        15.869,
        3.133,
        15.51,
        1,
        3.655,
        15.065,
        4.178,
        15,
        4.7,
        15,
        2,
        6.2,
        15,
        1,
        6.8,
        15,
        7.4,
        15.687,
        8,
        16.096
      ]
    },
    {
      "Target": "Parameter",
      "Id": "ArmR_Roll",
      "Segments": [
        0,
        12.5,
        1,
        0.356,
        12.573,
        0.711,
        12.657,
        1.067,
        12.657,
        2,
        1.833,
        12.657,
        0,
        4.133,
        11.972,
        1,
        4.822,
        11.972,
        5.511,
        12.019,
        6.2,
        12.182,
        1,
        6.8,
        12.299,
        7.4,
        12.4,
        8,
        12.5
      ]
    },
    {
      "Target": "Parameter",
      "Id": "ArmL_Roll",
      "Segments": [
        0,
        -14.023,
        0,
        1.1,
        -13.98,
        2,
        1.867,
        -13.98,
        0,
        4.7,
        -13.68,
        2,
        6.2,
        -13.68,
        0,
        8,
        -14.023
      ]
    },
    {
      "Target": "Parameter",
      "Id": "ShoulderL_Scale",
      "Segments": [
        0,
        -1,
        0,
        1.1,
        -0.975,
        2,
        1.867,
        -0.975,
        0,
        3.267,
        -0.962,
        0,
        4.7,
        -0.991,
        2,
        6.2,
        -0.991,
        0,
        8,
        -1
      ]
    },
    {
      "Target": "Parameter",
      "Id": "ShoulderR_Scale",
      "Segments": [
        0,
        -0.9,
        2,
        2.133,
        -0.9,
        0,
        4.067,
        -0.971,
        1,
        4.556,
        -0.972,
        5.044,
        -0.971,
        5.533,
        -0.966,
        1,
        6.355,
        -0.953,
        7.178,
        -0.9,
        8,
        -0.9
      ]
    },
    {
      "Target": "Parameter",
      "Id": "ArmR_Scale",
      "Segments": [
        0,
        -1.2,
        2,
        2.133,
        -1.2,
        1,
        2.778,
        -1.2,
        3.422,
        -1.285,
        4.067,
        -1.291,
        1,
        4.556,
        -1.295,
        5.044,
        -1.296,
        5.533,
        -1.283,
        1,
        6.355,
        -1.263,
        7.178,
        -1.2,
        8,
        -1.2
      ]
    },
    {
      "Target": "Parameter",
      "Id": "HandR_Roll",
      "Segments": [
        0,
        5,
        1,
        0.333,
        5.317,
        0.667,
        5.307,
        1,
        5.307,
        1,
        1.278,
        5.307,
        1.555,
        5.308,
        1.833,
        5.128,
        1,
        2.989,
        4.38,
        4.144,
        3.853,
        5.3,
        3.853,
        2,
        6.7,
        3.853,
        1,
        7.133,
        3.853,
        7.567,
        4.644,
        8,
        5
      ]
    },
    {
      "Target": "Parameter",
      "Id": "HandL_Roll",
      "Segments": [
        0,
        -38.978,
        1,
        0.367,
        -39.633,
        0.733,
        -40,
        1.1,
        -40,
        2,
        6.2,
        -40,
        1,
        6.8,
        -40,
        7.4,
        -38.581,
        8,
        -38.978
      ]
    },
    {
      "Target": "Parameter",
      "Id": "HandL_02_Move",
      "Segments": [
        0,
        0,
        1,
        0.367,
        5.885,
        0.733,
        5.853,
        1.1,
        5.853,
        0,
        2.7,
        -27,
        0,
        4.6,
        1.704,
        0,
        7.1,
        -30,
        0,
        8,
        0
      ]
    },
    {
      "Target": "Parameter",
      "Id": "Param",
      "Segments": [
        0,
        4,
        1,
        0.922,
        16.68,
        1.845,
        19.439,
        2.767,
        19.439,
        0,
        5.8,
        -15.632,
        1,
        6.533,
        -15.632,
        7.267,
        -8.114,
        8,
        4
      ]
    },
    {
      "Target": "Parameter",
      "Id": "LegR_Roll",
      "Segments": [
        0,
        -23,
        2,
        2.2,
        -23,
        0,
        3.967,
        -18.62,
        0,
        8,
        -23
      ]
    },
    {
      "Target": "Parameter",
      "Id": "LegL_Rll",
      "Segments": [
        0,
        8,
        2,
        2.2,
        8,
        0,
        3.967,
        5.36,
        0,
        8,
        8
      ]
    },
    {
      "Target": "PartOpacity",
      "Id": "Part12",
      "Segments": [
        0,
        1,
        2,
        8,
        1
      ]
    },
    {
      "Target": "PartOpacity",
      "Id": "Part13",
      "Segments": [
        0,
        1,
        2,
        8,
        1
      ]
    },
    {
      "Target": "PartOpacity",
      "Id": "Part14",
      "Segments": [
        0,
        1,
        2,
        8,
        1
      ]
    },
    {
      "Target": "PartOpacity",
      "Id": "Part15",
      "Segments": [
        0,
        1,
        2,
        8,
        1
      ]
    },
    {
      "Target": "PartOpacity",
      "Id": "Part16",
      "Segments": [
        0,
        1,
        2,
        8,
        1
      ]
    },
    {
      "Target": "PartOpacity",
      "Id": "Part18",
      "Segments": [
        0,
        1,
        2,
        8,
        1
      ]
    },
    {
      "Target": "PartOpacity",
      "Id": "Part19",
      "Segments": [
        0,
        1,
        2,
        8,
        1
      ]
    },
    {
      "Target": "PartOpacity",
      "Id": "Part17",
      "Segments": [
        0,
        1,
        2,
        8,
        1
      ]
    },
    {
      "Target": "PartOpacity",
      "Id": "Part24",
      "Segments": [
        0,
        0,
        2,
        8,
        0
      ]
    },
    {
      "Target": "PartOpacity",
      "Id": "Part20",
      "Segments": [
        0,
        1,
        2,
        8,
        1
      ]
    },
    {
      "Target": "PartOpacity",
      "Id": "Part34",
      "Segments": [
        0,
        1,
        2,
        8,
        1
      ]
    },
    {
      "Target": "PartOpacity",
      "Id": "Part47",
      "Segments": [
        0,
        1,
        2,
        8,
        1
      ]
    },
    {
      "Target": "PartOpacity",
      "Id": "Part28",
      "Segments": [
        0,
        0,
        2,
        8,
        0
      ]
    },
    {
      "Target": "PartOpacity",
      "Id": "Part33",
      "Segments": [
        0,
        0,
        2,
        8,
        0
      ]
    },
    {
      "Target": "PartOpacity",
      "Id": "Part46",
      "Segments": [
        0,
        1,
        2,
        8,
        1
      ]
    },
    {
      "Target": "PartOpacity",
      "Id": "Part26",
      "Segments": [
        0,
        0,
        2,
        8,
        0
      ]
    },
    {
      "Target": "PartOpacity",
      "Id": "Part27",
      "Segments": [
        0,
        0,
        2,
        8,
        0
      ]
    },
    {
      "Target": "PartOpacity",
      "Id": "Part52",
      "Segments": [
        0,
        0,
        2,
        8,
        0
      ]
    },
    {
      "Target": "PartOpacity",
      "Id": "Part9",
      "Segments": [
        0,
        0,
        2,
        8,
        0
      ]
    },
    {
      "Target": "PartOpacity",
      "Id": "HandL3",
      "Segments": [
        0,
        1,
        2,
        8,
        1
      ]
    },
    {
      "Target": "PartOpacity",
      "Id": "Part32",
      "Segments": [
        0,
        0,
        2,
        8,
        0
      ]
    },
    {
      "Target": "PartOpacity",
      "Id": "Part2",
      "Segments": [
        0,
        1,
        2,
        8,
        1
      ]
    },
    {
      "Target": "PartOpacity",
      "Id": "Part5",
      "Segments": [
        0,
        1,
        2,
        8,
        1
      ]
    },
    {
      "Target": "PartOpacity",
      "Id": "Part3",
      "Segments": [
        0,
        1,
        2,
        8,
        1
      ]
    },
    {
      "Target": "PartOpacity",
      "Id": "Part4",
      "Segments": [
        0,
        1,
        2,
        8,
        1
      ]
    },
    {
      "Target": "PartOpacity",
      "Id": "Part22",
      "Segments": [
        0,
        1,
        2,
        8,
        1
      ]
    },
    {
      "Target": "PartOpacity",
      "Id": "Part25",
      "Segments": [
        0,
        1,
        2,
        8,
        1
      ]
    },
    {
      "Target": "PartOpacity",
      "Id": "Part7",
      "Segments": [
        0,
        1,
        2,
        8,
        1
      ]
    },
    {
      "Target": "PartOpacity",
      "Id": "Part",
      "Segments": [
        0,
        1,
        2,
        8,
        1
      ]
    },
    {
      "Target": "PartOpacity",
      "Id": "HandL2",
      "Segments": [
        0,
        0,
        2,
        8,
        0
      ]
    },
    {
      "Target": "PartOpacity",
      "Id": "Part21",
      "Segments": [
        0,
        0,
        2,
        8,
        0
      ]
    },
    {
      "Target": "PartOpacity",
      "Id": "Part23",
      "Segments": [
        0,
        0,
        2,
        8,
        0
      ]
    },
    {
      "Target": "PartOpacity",
      "Id": "Part6",
      "Segments": [
        0,
        0,
        2,
        8,
        0
      ]
    },
    {
      "Target": "PartOpacity",
      "Id": "HandL1",
      "Segments": [
        0,
        0,
        2,
        8,
        0
      ]
    },
    {
      "Target": "PartOpacity",
      "Id": "Part8",
      "Segments": [
        0,
        1,
        2,
        8,
        1
      ]
    },
    {
      "Target": "PartOpacity",
      "Id": "Part31",
      "Segments": [
        0,
        0,
        2,
        8,
        0
      ]
    },
    {
      "Target": "PartOpacity",
      "Id": "Part10",
      "Segments": [
        0,
        0,
        2,
        8,
        0
      ]
    },
    {
      "Target": "PartOpacity",
      "Id": "Part29",
      "Segments": [
        0,
        1,
        2,
        8,
        1
      ]
    },
    {
      "Target": "PartOpacity",
      "Id": "Part11",
      "Segments": [
        0,
        1,
        2,
        8,
        1
      ]
    },
    {
      "Target": "PartOpacity",
      "Id": "Part30",
      "Segments": [
        0,
        1,
        2,
        8,
        1
      ]
    },
    {
      "Target": "Model",
      "Id": "Opacity",
      "Segments": [
        0,
        1,
        0,
        8,
        1
      ]
    },
    {
      "Target": "Parameter",
      "Id": "BrowR_Form",
      "Segments": [
        0,
        0,
        0,
        8,
        0
      ]
    },
    {
      "Target": "Parameter",
      "Id": "BrowL_Form",
      "Segments": [
        0,
        0,
        0,
        8,
        0
      ]
    },
    {
      "Target": "Parameter",
      "Id": "BrowR_Angle",
      "Segments": [
        0,
        0,
        0,
        8,
        0
      ]
    },
    {
      "Target": "Parameter",
      "Id": "BrowL_Angle",
      "Segments": [
        0,
        0,
        0,
        8,
        0
      ]
    },
    {
      "Target": "Parameter",
      "Id": "BrowR_Form2",
      "Segments": [
        0,
        0,
        0,
        8,
        0
      ]
    },
    {
      "Target": "Parameter",
      "Id": "BrowL_Form2",
      "Segments": [
        0,
        0,
        0,
        8,
        0
      ]
    },
    {
      "Target": "Parameter",
      "Id": "EyeBall_Size",
      "Segments": [
        0,
        0,
        0,
        8,
        0
      ]
    },
    {
      "Target": "Parameter",
      "Id": "EyeR_Open",
      "Segments": [
        0,
        1,
        0,
        8,
        1
      ]
    },
    {
      "Target": "Parameter",
      "Id": "EyeL_Open",
      "Segments": [
        0,
        1,
        0,
        8,
        1
      ]
    },
    {
      "Target": "Parameter",
      "Id": "EyeR_Smile",
      "Segments": [
        0,
        0,
        0,
        8,
        0
      ]
    },
    {
      "Target": "Parameter",
      "Id": "EyeL_Smile",
      "Segments": [
        0,
        0,
        0,
        8,
        0
      ]
    },
    {
      "Target": "Parameter",
      "Id": "BodyY",
      "Segments": [
        0,
        0,
        0,
        8,
        0
      ]
    },
    {
      "Target": "Parameter",
      "Id": "Shoulder_Move",
      "Segments": [
        0,
        0,
        0,
        8,
        0
      ]
    },
    {
      "Target": "Parameter",
      "Id": "Arm_Form",
      "Segments": [
        0,
        0,
        0,
        8,
        0
      ]
    },
    {
      "Target": "Parameter",
      "Id": "Key_Shaking",
      "Segments": [
        0,
        0,
        0,
        8,
        0
      ]
    },
    {
      "Target": "Parameter",
      "Id": "All_Position",
      "Segments": [
        0,
        0,
        0,
        8,
        0
      ]
    },
    {
      "Target": "Parameter",
      "Id": "Skirt_Shaking",
      "Segments": [
        0,
        0,
        0,
        8,
        0
      ]
    },
    {
      "Target": "Parameter",
      "Id": "HeadY",
      "Segments": [
        0,
        0,
        0,
        8,
        0
      ]
    },
    {
      "Target": "Parameter",
      "Id": "MouthForm2",
      "Segments": [
        0,
        0,
        0,
        8,
        0
      ]
    },
    {
      "Target": "Parameter",
      "Id": "Mouth_Open",
      "Segments": [
        0,
        1,
        0,
        8,
        1
      ]
    },
    {
      "Target": "Parameter",
      "Id": "Mouth_Form2",
      "Segments": [
        0,
        0,
        0,
        8,
        0
      ]
    },
    {
      "Target": "Parameter",
      "Id": "ArmL_Scale",
      "Segments": [
        0,
        -1,
        0,
        8,
        -1
      ]
    },
    {
      "Target": "Parameter",
      "Id": "HandR03_Move",
      "Segments": [
        0,
        0,
        0,
        8,
        0
      ]
    },
    {
      "Target": "Parameter",
      "Id": "HandR03_move",
      "Segments": [
        0,
        0,
        0,
        8,
        0
      ]
    },
    {
      "Target": "Parameter",
      "Id": "HandL012_Move",
      "Segments": [
        0,
        0,
        0,
        8,
        0
      ]
    },
    {
      "Target": "Parameter",
      "Id": "Param2",
      "Segments": [
        0,
        0,
        0,
        8,
        0
      ]
    }
  ],
  "UserData": [
    {
      "Time": 0.0,
      "Value": ""
    }
  ]
}