{
  "Version": 3,
  "Meta": {
    "Duration": 8.0,
    "Fps": 30.0,
    "Loop": true,
    "AreBeziersRestricted": true,
    "CurveCount": 101,
    "TotalSegmentCount": 229,
    "TotalPointCount": 399,
    "UserDataCount": 1,
    "TotalUserDataSize": 0
  },
  "Curves": [
    {
      "Target": "Parameter",
      "Id": "HairFront_Shaking",
      "Segments": [
        0,
        -0.034,
        1,
        0.211,
        -0.233,
        0.422,
        -0.293,
        0.633,
        -0.293,
        0,
        1.733,
        0.319,
        0,
        2.967,
        -0.238,
        0,
        4.133,
        0.28,
        0,
        5.667,
        -0.238,
        0,
        7.3,
        0.28,
        1,
        7.533,
        0.28,
        7.767,
        0.092,
        8,
        -0.034
      ]
    },
    {
      "Target": "Parameter",
      "Id": "HairBack_Shaking",
      "Segments": [
        0,
        -0.136,
        1,
        0.244,
        -0.496,
        0.489,
        -0.641,
        0.733,
        -0.641,
        1,
        0.9,
        -0.641,
        1.066,
        -0.634,
        1.233,
        -0.467,
        1,
        1.478,
        -0.223,
        1.722,
        0.055,
        1.967,
        0.055,
        0,
        3.333,
        -0.518,
        0,
        4.433,
        0.146,
        0,
        5.967,
        -0.619,
        0,
        7.367,
        0.171,
        1,
        7.578,
        0.175,
        7.789,
        0.132,
        8,
        -0.136
      ]
    },
    {
      "Target": "Parameter",
      "Id": "HairSideR_Shaking",
      "Segments": [
        0,
        -0.051,
        1,
        0.089,
        -0.199,
        0.178,
        -0.274,
        0.267,
        -0.274,
        0,
        1.467,
        0.302,
        0,
        3.067,
        -0.149,
        0,
        4.3,
        0.263,
        0,
        5.867,
        -0.545,
        0,
        7.4,
        0.237,
        1,
        7.6,
        0.237,
        7.8,
        0.23,
        8,
        -0.051
      ]
    },
    {
      "Target": "Parameter",
      "Id": "HairSideL_Shaking",
      "Segments": [
        0,
        -0.062,
        1,
        0.089,
        -0.181,
        0.178,
        -0.242,
        0.267,
        -0.242,
        0,
        1.467,
        0.361,
        0,
        3.1,
        -0.126,
        0,
        4.3,
        0.25,
        0,
        6,
        -0.513,
        0,
        7.533,
        0.185,
        1,
        7.689,
        0.185,
        7.844,
        0.177,
        8,
        -0.062
      ]
    },
    {
      "Target": "Parameter",
      "Id": "BrowRY",
      "Segments": [
        0,
        0.3,
        0,
        1.2,
        0.064,
        0,
        3.567,
        0.861,
        0,
        5.967,
        0.102,
        1,
        6.389,
        0.102,
        6.811,
        0.202,
        7.233,
        0.266,
        1,
        7.489,
        0.304,
        7.744,
        0.3,
        8,
        0.3
      ]
    },
    {
      "Target": "Parameter",
      "Id": "BrowLY",
      "Segments": [
        0,
        0.3,
        1,
        0.4,
        0.3,
        0.8,
        -0.088,
        1.2,
        -0.077,
        0,
        3.567,
        -0.008,
        1,
        4.367,
        -0.008,
        5.167,
        -0.03,
        5.967,
        -0.071,
        1,
        6.389,
        -0.093,
        6.811,
        -0.103,
        7.233,
        -0.103,
        1,
        7.489,
        -0.103,
        7.744,
        -0.102,
        8,
        -0.098
      ]
    },
    {
      "Target": "Parameter",
      "Id": "EyeR_Open",
      "Segments": [
        0,
        0.8,
        0,
        8,
        0.804
      ]
    },
    {
      "Target": "Parameter",
      "Id": "EyeL_Open",
      "Segments": [
        0,
        0.8,
        0,
        8,
        0.804
      ]
    },
    {
      "Target": "Parameter",
      "Id": "EyeBallX",
      "Segments": [
        0,
        -0.015,
        1,
        0.222,
        -0.036,
        0.445,
        -0.04,
        0.667,
        -0.04,
        1,
        1.078,
        -0.04,
        1.489,
        0.041,
        1.9,
        0.044,
        1,
        2.411,
        0.048,
        2.922,
        0.047,
        3.433,
        0.051,
        1,
        3.689,
        0.053,
        3.944,
        0.272,
        4.2,
        0.272,
        1,
        4.756,
        0.272,
        5.311,
        0.262,
        5.867,
        0.185,
        1,
        6.578,
        0.103,
        7.289,
        0.034,
        8,
        -0.015
      ]
    },
    {
      "Target": "Parameter",
      "Id": "EyeBallY",
      "Segments": [
        0,
        0.085,
        1,
        0.633,
        0.086,
        1.267,
        0.086,
        1.9,
        0.086,
        2,
        4.267,
        0.086,
        0,
        8,
        0.1
      ]
    },
    {
      "Target": "Parameter",
      "Id": "Breath",
      "Segments": [
        0,
        0,
        0,
        1.767,
        0.7,
        0,
        3.733,
        0,
        0,
        6.2,
        0.6,
        0,
        8,
        0
      ]
    },
    {
      "Target": "Parameter",
      "Id": "Body_Shaking",
      "Segments": [
        0,
        -4.079,
        1,
        0.222,
        -4.623,
        0.445,
        -4.576,
        0.667,
        -4.576,
        0,
        3.233,
        -3.536,
        0,
        5.2,
        -5.075,
        0,
        7.433,
        -3.695,
        1,
        7.622,
        -3.695,
        7.811,
        -3.805,
        8,
        -4.079
      ]
    },
    {
      "Target": "Parameter",
      "Id": "Body_Twist",
      "Segments": [
        0,
        -1.96,
        1,
        0.5,
        -0.85,
        1,
        0,
        1.5,
        0,
        1,
        2.1,
        0,
        2.7,
        0.041,
        3.3,
        -0.248,
        1,
        3.822,
        -0.499,
        4.345,
        -4.83,
        4.867,
        -5.498,
        1,
        5.367,
        -6.138,
        5.867,
        -6.081,
        6.367,
        -6.081,
        1,
        6.911,
        -6.081,
        7.456,
        -3.63,
        8,
        -1.96
      ]
    },
    {
      "Target": "Parameter",
      "Id": "Body_Pose1",
      "Segments": [
        0,
        -23.976,
        1,
        0.189,
        -28.444,
        0.378,
        -29.309,
        0.567,
        -29.309,
        1,
        2.156,
        -29.822,
        3.744,
        -30,
        5.333,
        -30,
        0,
        7.433,
        -17.911,
        1,
        7.622,
        -17.911,
        7.811,
        -18.42,
        8,
        -23.976
      ]
    },
    {
      "Target": "Parameter",
      "Id": "Waist_Roll",
      "Segments": [
        0,
        4.2,
        0,
        1.167,
        1.358,
        1,
        1.378,
        1.358,
        1.589,
        1.352,
        1.8,
        1.598,
        1,
        2.189,
        2.302,
        2.578,
        3.609,
        2.967,
        4.203,
        1,
        3.211,
        4.376,
        3.456,
        4.286,
        3.7,
        3.801,
        1,
        4.2,
        2.673,
        4.7,
        1.26,
        5.2,
        1.26,
        1,
        5.622,
        1.26,
        6.045,
        1.198,
        6.467,
        1.44,
        1,
        6.978,
        1.733,
        7.489,
        4.2,
        8,
        4.2
      ]
    },
    {
      "Target": "Parameter",
      "Id": "Jaket_Shaking",
      "Segments": [
        0,
        1.75,
        1,
        0.311,
        11.718,
        0.622,
        13.56,
        0.933,
        13.56,
        0,
        2.833,
        -11.529,
        0,
        4.767,
        12.252,
        0,
        7.1,
        -11.011,
        1,
        7.4,
        -11.011,
        7.7,
        -7.997,
        8,
        1.75
      ]
    },
    {
      "Target": "Parameter",
      "Id": "Skirt_Shaking",
      "Segments": [
        0,
        -7.883,
        1,
        0.233,
        -1.353,
        0.467,
        5.815,
        0.7,
        5.815,
        0,
        1.533,
        -1.715,
        0,
        2.333,
        1.789,
        0,
        3.333,
        -4.896,
        0,
        4.3,
        4.81,
        0,
        5.567,
        -3.874,
        0,
        6.567,
        4.026,
        0,
        7.7,
        -9.445,
        1,
        7.8,
        -9.445,
        7.9,
        -9.441,
        8,
        -7.883
      ]
    },
    {
      "Target": "Parameter",
      "Id": "Head_AngleX",
      "Segments": [
        0,
        0,
        2,
        3.267,
        0,
        1,
        3.711,
        0,
        4.156,
        -11.816,
        4.6,
        -14.319,
        1,
        4.867,
        -15.947,
        5.133,
        -15.979,
        5.4,
        -15.918,
        1,
        5.922,
        -15.918,
        6.445,
        -8.904,
        6.967,
        -3.963,
        1,
        7.311,
        -0.207,
        7.656,
        0,
        8,
        0
      ]
    },
    {
      "Target": "Parameter",
      "Id": "Head_AngleY",
      "Segments": [
        0,
        -13.628,
        1,
        0.356,
        -14.648,
        0.711,
        -14.508,
        1.067,
        -14.508,
        1,
        1.534,
        -14.508,
        2,
        -4.577,
        2.467,
        -1.244,
        1,
        2.678,
        0.124,
        2.889,
        1.478,
        3.1,
        1.478,
        1,
        3.667,
        1.478,
        4.233,
        -13.999,
        4.8,
        -18.234,
        1,
        5.178,
        -20.421,
        5.555,
        -20.573,
        5.933,
        -20.573,
        1,
        6.166,
        -20.573,
        6.4,
        -17.859,
        6.633,
        -15.042,
        1,
        6.922,
        -12.42,
        7.211,
        -12.096,
        7.5,
        -12.096,
        1,
        7.667,
        -12.096,
        7.833,
        -13.328,
        8,
        -13.628
      ]
    },
    {
      "Target": "Parameter",
      "Id": "Head_Roll",
      "Segments": [
        0,
        1.68,
        0,
        2.733,
        1.4,
        1,
        3.4,
        1.4,
        4.066,
        2.26,
        4.733,
        3,
        1,
        5.144,
        3.456,
        5.556,
        3.457,
        5.967,
        3.457,
        0,
        7.233,
        1.5,
        0,
        8,
        1.68
      ]
    },
    {
      "Target": "Parameter",
      "Id": "HeadY",
      "Segments": [
        0,
        0,
        0,
        0.7,
        -4,
        1,
        1.422,
        -4,
        2.145,
        -0.115,
        2.867,
        0,
        1,
        4.245,
        0.22,
        5.622,
        0.22,
        7,
        0.22,
        1,
        7.333,
        0.22,
        7.667,
        0.135,
        8,
        0
      ]
    },
    {
      "Target": "Parameter",
      "Id": "ShoulderRY",
      "Segments": [
        0,
        17.761,
        1,
        0.189,
        18.177,
        0.378,
        18.284,
        0.567,
        18.201,
        1,
        1.345,
        17.702,
        2.122,
        15.688,
        2.9,
        14.927,
        1,
        3.889,
        14.149,
        4.878,
        14,
        5.867,
        14.163,
        1,
        6.578,
        14.316,
        7.289,
        16.18,
        8,
        17.761
      ]
    },
    {
      "Target": "Parameter",
      "Id": "ShoulderLY",
      "Segments": [
        0,
        -0.001,
        1,
        0.189,
        -1.112,
        0.378,
        -2.111,
        0.567,
        -2.996,
        1,
        0.889,
        -4.447,
        1.211,
        -5,
        1.533,
        -5,
        0,
        5.433,
        2.401,
        1,
        6.044,
        2.401,
        6.656,
        2.117,
        7.267,
        1.884,
        1,
        7.511,
        1.748,
        7.756,
        1.521,
        8,
        -0.001
      ]
    },
    {
      "Target": "Parameter",
      "Id": "ShoulderR_Roll",
      "Segments": [
        0,
        2.973,
        1,
        0.278,
        3.511,
        0.555,
        3.393,
        0.833,
        3.393,
        0,
        2.7,
        3.153,
        0,
        4.833,
        3.453,
        1,
        5.478,
        3.453,
        6.122,
        2.938,
        6.767,
        2.735,
        1,
        7.178,
        2.622,
        7.589,
        2.486,
        8,
        2.973
      ]
    },
    {
      "Target": "Parameter",
      "Id": "ShoulderL_Roll",
      "Segments": [
        0,
        -3.44,
        1,
        0.333,
        -4.469,
        0.667,
        -4.874,
        1,
        -4.874,
        0,
        2.6,
        -3.971,
        0,
        5.1,
        -4.523,
        1,
        5.811,
        -4.472,
        6.522,
        -2.99,
        7.233,
        -2.764,
        1,
        7.489,
        -2.764,
        7.744,
        -2.814,
        8,
        -3.44
      ]
    },
    {
      "Target": "Parameter",
      "Id": "ArmL_Roll",
      "Segments": [
        0,
        0.238,
        1,
        0.156,
        0.623,
        0.311,
        0.824,
        0.467,
        0.824,
        1,
        1.011,
        0.824,
        1.556,
        -0.898,
        2.1,
        -0.843,
        0,
        4.267,
        0.586,
        1,
        5.134,
        0.586,
        6,
        -0.88,
        6.867,
        -0.843,
        1,
        7.245,
        -0.77,
        7.622,
        -0.44,
        8,
        0.238
      ]
    },
    {
      "Target": "Parameter",
      "Id": "ArmR_Scale",
      "Segments": [
        0,
        -0.5,
        1,
        0.167,
        -0.595,
        0.333,
        -0.665,
        0.5,
        -0.696,
        1,
        0.767,
        -0.745,
        1.033,
        -0.751,
        1.3,
        -0.751,
        0,
        2.233,
        -0.625,
        2,
        3.5,
        -0.625,
        0,
        5.067,
        -0.721,
        1,
        5.889,
        -0.721,
        6.711,
        -0.521,
        7.533,
        -0.449,
        1,
        7.689,
        -0.439,
        7.844,
        -0.444,
        8,
        -0.5
      ]
    },
    {
      "Target": "Parameter",
      "Id": "HandR_Roll",
      "Segments": [
        0,
        -14.708,
        2,
        0.667,
        -14.708,
        2,
        3.5,
        -14.708,
        0,
        4.7,
        -16.748,
        1,
        5.222,
        -16.748,
        5.745,
        -16.546,
        6.267,
        -15.432,
        1,
        6.545,
        -14.84,
        6.822,
        -13.628,
        7.1,
        -13.628,
        0,
        8,
        -14.708
      ]
    },
    {
      "Target": "Parameter",
      "Id": "HandL_Roll",
      "Segments": [
        0,
        -0.75,
        0,
        1.867,
        -6.182,
        0,
        4.167,
        0,
        0,
        6.533,
        -4.399,
        0,
        8,
        -0.75
      ]
    },
    {
      "Target": "Parameter",
      "Id": "HandR03_move",
      "Segments": [
        0,
        0,
        1,
        0.244,
        -23.159,
        0.489,
        -30,
        0.733,
        -30,
        2,
        3.567,
        -30,
        0,
        5.8,
        24,
        2,
        6.933,
        24,
        0,
        8,
        0
      ]
    },
    {
      "Target": "PartOpacity",
      "Id": "Part12",
      "Segments": [
        0,
        1,
        2,
        8,
        1
      ]
    },
    {
      "Target": "PartOpacity",
      "Id": "Part13",
      "Segments": [
        0,
        1,
        2,
        8,
        1
      ]
    },
    {
      "Target": "PartOpacity",
      "Id": "Part14",
      "Segments": [
        0,
        1,
        2,
        8,
        1
      ]
    },
    {
      "Target": "PartOpacity",
      "Id": "Part15",
      "Segments": [
        0,
        1,
        2,
        8,
        1
      ]
    },
    {
      "Target": "PartOpacity",
      "Id": "Part16",
      "Segments": [
        0,
        1,
        2,
        8,
        1
      ]
    },
    {
      "Target": "PartOpacity",
      "Id": "Part18",
      "Segments": [
        0,
        1,
        2,
        8,
        1
      ]
    },
    {
      "Target": "PartOpacity",
      "Id": "Part19",
      "Segments": [
        0,
        1,
        2,
        8,
        1
      ]
    },
    {
      "Target": "PartOpacity",
      "Id": "Part17",
      "Segments": [
        0,
        1,
        2,
        8,
        1
      ]
    },
    {
      "Target": "PartOpacity",
      "Id": "Part24",
      "Segments": [
        0,
        0,
        2,
        8,
        0
      ]
    },
    {
      "Target": "PartOpacity",
      "Id": "Part20",
      "Segments": [
        0,
        1,
        2,
        8,
        1
      ]
    },
    {
      "Target": "PartOpacity",
      "Id": "Part34",
      "Segments": [
        0,
        0,
        2,
        8,
        0
      ]
    },
    {
      "Target": "PartOpacity",
      "Id": "Part47",
      "Segments": [
        0,
        0,
        2,
        8,
        0
      ]
    },
    {
      "Target": "PartOpacity",
      "Id": "Part28",
      "Segments": [
        0,
        1,
        2,
        8,
        1
      ]
    },
    {
      "Target": "PartOpacity",
      "Id": "Part33",
      "Segments": [
        0,
        1,
        2,
        8,
        1
      ]
    },
    {
      "Target": "PartOpacity",
      "Id": "Part46",
      "Segments": [
        0,
        1,
        2,
        8,
        1
      ]
    },
    {
      "Target": "PartOpacity",
      "Id": "Part26",
      "Segments": [
        0,
        0,
        2,
        8,
        0
      ]
    },
    {
      "Target": "PartOpacity",
      "Id": "Part27",
      "Segments": [
        0,
        0,
        2,
        8,
        0
      ]
    },
    {
      "Target": "PartOpacity",
      "Id": "Part52",
      "Segments": [
        0,
        0,
        2,
        8,
        0
      ]
    },
    {
      "Target": "PartOpacity",
      "Id": "Part9",
      "Segments": [
        0,
        1,
        2,
        8,
        1
      ]
    },
    {
      "Target": "PartOpacity",
      "Id": "HandL3",
      "Segments": [
        0,
        0,
        2,
        8,
        0
      ]
    },
    {
      "Target": "PartOpacity",
      "Id": "Part32",
      "Segments": [
        0,
        1,
        2,
        8,
        1
      ]
    },
    {
      "Target": "PartOpacity",
      "Id": "Part2",
      "Segments": [
        0,
        1,
        2,
        8,
        1
      ]
    },
    {
      "Target": "PartOpacity",
      "Id": "Part5",
      "Segments": [
        0,
        1,
        2,
        8,
        1
      ]
    },
    {
      "Target": "PartOpacity",
      "Id": "Part3",
      "Segments": [
        0,
        1,
        2,
        8,
        1
      ]
    },
    {
      "Target": "PartOpacity",
      "Id": "Part4",
      "Segments": [
        0,
        1,
        2,
        8,
        1
      ]
    },
    {
      "Target": "PartOpacity",
      "Id": "Part22",
      "Segments": [
        0,
        1,
        2,
        8,
        1
      ]
    },
    {
      "Target": "PartOpacity",
      "Id": "Part25",
      "Segments": [
        0,
        1,
        2,
        8,
        1
      ]
    },
    {
      "Target": "PartOpacity",
      "Id": "Part7",
      "Segments": [
        0,
        0,
        2,
        8,
        0
      ]
    },
    {
      "Target": "PartOpacity",
      "Id": "Part",
      "Segments": [
        0,
        1,
        2,
        8,
        1
      ]
    },
    {
      "Target": "PartOpacity",
      "Id": "HandL2",
      "Segments": [
        0,
        0,
        2,
        8,
        0
      ]
    },
    {
      "Target": "PartOpacity",
      "Id": "Part21",
      "Segments": [
        0,
        0,
        2,
        8,
        0
      ]
    },
    {
      "Target": "PartOpacity",
      "Id": "Part23",
      "Segments": [
        0,
        0,
        2,
        8,
        0
      ]
    },
    {
      "Target": "PartOpacity",
      "Id": "Part6",
      "Segments": [
        0,
        0,
        2,
        8,
        0
      ]
    },
    {
      "Target": "PartOpacity",
      "Id": "HandL1",
      "Segments": [
        0,
        1,
        2,
        8,
        1
      ]
    },
    {
      "Target": "PartOpacity",
      "Id": "Part8",
      "Segments": [
        0,
        1,
        2,
        8,
        1
      ]
    },
    {
      "Target": "PartOpacity",
      "Id": "Part31",
      "Segments": [
        0,
        1,
        2,
        8,
        1
      ]
    },
    {
      "Target": "PartOpacity",
      "Id": "Part10",
      "Segments": [
        0,
        0,
        2,
        8,
        0
      ]
    },
    {
      "Target": "PartOpacity",
      "Id": "Part29",
      "Segments": [
        0,
        1,
        2,
        8,
        1
      ]
    },
    {
      "Target": "PartOpacity",
      "Id": "Part11",
      "Segments": [
        0,
        1,
        2,
        8,
        1
      ]
    },
    {
      "Target": "PartOpacity",
      "Id": "Part30",
      "Segments": [
        0,
        1,
        2,
        8,
        1
      ]
    },
    {
      "Target": "Model",
      "Id": "Opacity",
      "Segments": [
        0,
        1,
        0,
        8,
        1
      ]
    },
    {
      "Target": "Parameter",
      "Id": "BrowR_Form",
      "Segments": [
        0,
        0.1,
        0,
        8,
        0.1
      ]
    },
    {
      "Target": "Parameter",
      "Id": "BrowL_Form",
      "Segments": [
        0,
        0.1,
        0,
        8,
        0.1
      ]
    },
    {
      "Target": "Parameter",
      "Id": "BrowR_Angle",
      "Segments": [
        0,
        -0.2,
        0,
        8,
        -0.2
      ]
    },
    {
      "Target": "Parameter",
      "Id": "BrowL_Angle",
      "Segments": [
        0,
        -0.2,
        0,
        8,
        -0.2
      ]
    },
    {
      "Target": "Parameter",
      "Id": "BrowR_Form2",
      "Segments": [
        0,
        1,
        0,
        8,
        1
      ]
    },
    {
      "Target": "Parameter",
      "Id": "BrowL_Form2",
      "Segments": [
        0,
        1,
        0,
        8,
        1
      ]
    },
    {
      "Target": "Parameter",
      "Id": "EyeBall_Size",
      "Segments": [
        0,
        0,
        0,
        8,
        0
      ]
    },
    {
      "Target": "Parameter",
      "Id": "EyeR_Smile",
      "Segments": [
        0,
        0,
        0,
        8,
        0
      ]
    },
    {
      "Target": "Parameter",
      "Id": "EyeL_Smile",
      "Segments": [
        0,
        0,
        0,
        8,
        0
      ]
    },
    {
      "Target": "Parameter",
      "Id": "BodyY",
      "Segments": [
        0,
        0,
        0,
        8,
        0
      ]
    },
    {
      "Target": "Parameter",
      "Id": "Shoulder_Move",
      "Segments": [
        0,
        0,
        0,
        8,
        0
      ]
    },
    {
      "Target": "Parameter",
      "Id": "Arm_Form",
      "Segments": [
        0,
        0.6,
        0,
        8,
        0.6
      ]
    },
    {
      "Target": "Parameter",
      "Id": "Key_Shaking",
      "Segments": [
        0,
        0,
        0,
        8,
        0
      ]
    },
    {
      "Target": "Parameter",
      "Id": "All_Position",
      "Segments": [
        0,
        0,
        0,
        8,
        0
      ]
    },
    {
      "Target": "Parameter",
      "Id": "MouthForm2",
      "Segments": [
        0,
        0,
        0,
        8,
        0
      ]
    },
    {
      "Target": "Parameter",
      "Id": "Mouth_Form",
      "Segments": [
        0,
        0,
        0,
        8,
        0
      ]
    },
    {
      "Target": "Parameter",
      "Id": "Mouth_Open",
      "Segments": [
        0,
        1,
        0,
        8,
        1
      ]
    },
    {
      "Target": "Parameter",
      "Id": "Mouth_Size",
      "Segments": [
        0,
        0.399,
        0,
        8,
        0.399
      ]
    },
    {
      "Target": "Parameter",
      "Id": "Mouth_Form2",
      "Segments": [
        0,
        0,
        0,
        8,
        0
      ]
    },
    {
      "Target": "Parameter",
      "Id": "ArmR_Roll",
      "Segments": [
        0,
        17.352,
        0,
        8,
        17.352
      ]
    },
    {
      "Target": "Parameter",
      "Id": "ShoulderL_Scale",
      "Segments": [
        0,
        -0.6,
        0,
        8,
        -0.6
      ]
    },
    {
      "Target": "Parameter",
      "Id": "ArmL_Scale",
      "Segments": [
        0,
        -0.3,
        0,
        8,
        -0.3
      ]
    },
    {
      "Target": "Parameter",
      "Id": "ShoulderR_Scale",
      "Segments": [
        0,
        -0.9,
        0,
        8,
        -0.9
      ]
    },
    {
      "Target": "Parameter",
      "Id": "HandR03_Move",
      "Segments": [
        0,
        0,
        0,
        8,
        0
      ]
    },
    {
      "Target": "Parameter",
      "Id": "HandL_02_Move",
      "Segments": [
        0,
        0,
        0,
        8,
        0
      ]
    },
    {
      "Target": "Parameter",
      "Id": "HandL012_Move",
      "Segments": [
        0,
        0,
        0,
        8,
        0
      ]
    },
    {
      "Target": "Parameter",
      "Id": "Param",
      "Segments": [
        0,
        0,
        0,
        8,
        0
      ]
    },
    {
      "Target": "Parameter",
      "Id": "Param2",
      "Segments": [
        0,
        0,
        0,
        8,
        0
      ]
    },
    {
      "Target": "Parameter",
      "Id": "LegR_Roll",
      "Segments": [
        0,
        0,
        0,
        8,
        0
      ]
    },
    {
      "Target": "Parameter",
      "Id": "LegL_Rll",
      "Segments": [
        0,
        0,
        0,
        8,
        0
      ]
    }
  ],
  "UserData": [
    {
      "Time": 0.0,
      "Value": ""
    }
  ]
}