{
  "Version": 3,
  "Meta": {
    "Duration": 1.77,
    "Fps": 30.0,
    "Loop": true,
    "AreBeziersRestricted": true,
    "CurveCount": 85,
    "TotalSegmentCount": 121,
    "TotalPointCount": 221,
    "UserDataCount": 1,
    "TotalUserDataSize": 0
  },
  "Curves": [
    {
      "Target": "Parameter",
      "Id": "Breath",
      "Segments": [
        0,
        0.069,
        1,
        0.367,
        0.271,
        0.733,
        0.849,
        1.1,
        0.849,
        1,
        1.322,
        0.849,
        1.545,
        0.806,
        1.767,
        0.616
      ]
    },
    {
      "Target": "Parameter",
      "Id": "Body_Shaking",
      "Segments": [
        0,
        1.195,
        1,
        0.3,
        4.024,
        0.6,
        10.894,
        0.9,
        10.894,
        1,
        1.189,
        10.894,
        1.478,
        10.7,
        1.767,
        6.975
      ]
    },
    {
      "Target": "Parameter",
      "Id": "Param22",
      "Segments": [
        0,
        3.199,
        1,
        0.211,
        8.354,
        0.422,
        17.927,
        0.633,
        17.927,
        1,
        0.933,
        17.927,
        1.233,
        13.168,
        1.533,
        0,
        1,
        1.611,
        -0.58,
        1.689,
        -1.159,
        1.767,
        -1.687
      ]
    },
    {
      "Target": "Parameter",
      "Id": "Head_AngleX",
      "Segments": [
        0,
        5.576,
        1,
        0.067,
        7.87,
        0.133,
        10,
        0.2,
        10,
        1,
        0.489,
        10,
        0.778,
        9.581,
        1.067,
        8.104,
        1,
        1.3,
        6.911,
        1.534,
        4.448,
        1.767,
        3.575
      ]
    },
    {
      "Target": "Parameter",
      "Id": "Head_AngleY",
      "Segments": [
        0,
        -2.832,
        1,
        0.067,
        -3.998,
        0.133,
        -5.08,
        0.2,
        -5.08,
        1,
        0.489,
        -5.08,
        0.778,
        -2.865,
        1.067,
        2.646,
        1,
        1.3,
        7.097,
        1.534,
        9.967,
        1.767,
        9.967
      ]
    },
    {
      "Target": "Parameter",
      "Id": "Head_Roll",
      "Segments": [
        0,
        0,
        2,
        1.167,
        0,
        1,
        1.367,
        0,
        1.567,
        -0.002,
        1.767,
        0.686
      ]
    },
    {
      "Target": "Parameter",
      "Id": "EyeBallX",
      "Segments": [
        0,
        -0.056,
        1,
        0.067,
        -0.079,
        0.133,
        -0.1,
        0.2,
        -0.1,
        0,
        1.067,
        0,
        2,
        1.767,
        0
      ]
    },
    {
      "Target": "Parameter",
      "Id": "EyeBallY",
      "Segments": [
        0,
        0.009,
        1,
        0.067,
        0.013,
        0.133,
        0.016,
        0.2,
        0.016,
        0,
        1.067,
        -0.068,
        0,
        1.767,
        0.016
      ]
    },
    {
      "Target": "Parameter",
      "Id": "BrowRY",
      "Segments": [
        0,
        -0.084,
        1,
        0.122,
        -0.158,
        0.245,
        -0.262,
        0.367,
        -0.3,
        1,
        0.834,
        -0.445,
        1.3,
        -0.468,
        1.767,
        -0.468
      ]
    },
    {
      "Target": "Parameter",
      "Id": "BrowLY",
      "Segments": [
        0,
        -0.084,
        1,
        0.122,
        -0.158,
        0.245,
        -0.262,
        0.367,
        -0.3,
        1,
        0.834,
        -0.445,
        1.3,
        -0.468,
        1.767,
        -0.468
      ]
    },
    {
      "Target": "Parameter",
      "Id": "BrowR_Form",
      "Segments": [
        0,
        -0.225,
        1,
        0.144,
        -0.462,
        0.289,
        -0.8,
        0.433,
        -0.8,
        2,
        1.767,
        -0.8
      ]
    },
    {
      "Target": "Parameter",
      "Id": "BrowL_Form",
      "Segments": [
        0,
        -0.225,
        1,
        0.144,
        -0.462,
        0.289,
        -0.8,
        0.433,
        -0.8,
        2,
        1.767,
        -0.8
      ]
    },
    {
      "Target": "Parameter",
      "Id": "BrowR_Angle",
      "Segments": [
        0,
        -0.282,
        1,
        0.144,
        -0.577,
        0.289,
        -1,
        0.433,
        -1,
        2,
        1.767,
        -1
      ]
    },
    {
      "Target": "Parameter",
      "Id": "BrowL_Angle",
      "Segments": [
        0,
        0.282,
        1,
        0.144,
        0.577,
        0.289,
        1,
        0.433,
        1,
        2,
        1.767,
        1
      ]
    },
    {
      "Target": "Parameter",
      "Id": "MouthForm2",
      "Segments": [
        0,
        -6.762,
        1,
        0.144,
        -13.86,
        0.289,
        -24,
        0.433,
        -24,
        2,
        1.767,
        -24
      ]
    },
    {
      "Target": "Parameter",
      "Id": "MouthForm",
      "Segments": [
        0,
        -7.325,
        1,
        0.144,
        -15.015,
        0.289,
        -26,
        0.433,
        -26,
        2,
        1.767,
        -26
      ]
    },
    {
      "Target": "Parameter",
      "Id": "Hair_Move",
      "Segments": [
        0,
        -0.852,
        1,
        0.378,
        -3.435,
        0.755,
        -11,
        1.133,
        -11,
        1,
        1.344,
        -11,
        1.556,
        -11.351,
        1.767,
        -7.433
      ]
    },
    {
      "Target": "Parameter",
      "Id": "HairFront_Move",
      "Segments": [
        0,
        0.082,
        1,
        0.189,
        0.199,
        0.378,
        0.4,
        0.567,
        0.4,
        1,
        0.967,
        0.4,
        1.367,
        0.252,
        1.767,
        -0.006
      ]
    },
    {
      "Target": "Parameter",
      "Id": "HairSide_Move",
      "Segments": [
        0,
        0.062,
        1,
        0.189,
        0.149,
        0.378,
        0.3,
        0.567,
        0.3,
        1,
        0.967,
        0.3,
        1.367,
        0.184,
        1.767,
        0.009
      ]
    },
    {
      "Target": "Parameter",
      "Id": "HairBack_Move",
      "Segments": [
        0,
        0.038,
        1,
        0.2,
        0.096,
        0.4,
        0.2,
        0.6,
        0.2,
        0,
        1.767,
        -0.218
      ]
    },
    {
      "Target": "Parameter",
      "Id": "ShoulderRY",
      "Segments": [
        0,
        0.188,
        1,
        0.589,
        1.099,
        1.178,
        5,
        1.767,
        5
      ]
    },
    {
      "Target": "Parameter",
      "Id": "ShoulderLY",
      "Segments": [
        0,
        0.188,
        1,
        0.589,
        1.099,
        1.178,
        5,
        1.767,
        5
      ]
    },
    {
      "Target": "Parameter",
      "Id": "ShoulderR_Roll",
      "Segments": [
        0,
        0.667,
        1,
        0.222,
        1.805,
        0.445,
        4,
        0.667,
        4,
        1,
        1.034,
        4,
        1.4,
        2.065,
        1.767,
        1.196
      ]
    },
    {
      "Target": "Parameter",
      "Id": "ShoulderL_Roll",
      "Segments": [
        0,
        -0.483,
        1,
        0.167,
        -1.08,
        0.333,
        -2.018,
        0.5,
        -2.018,
        1,
        0.922,
        -2.018,
        1.345,
        -0.104,
        1.767,
        0.672
      ]
    },
    {
      "Target": "Parameter",
      "Id": "ArmR_Roll",
      "Segments": [
        0,
        -0.552,
        1,
        0.256,
        -1.649,
        0.511,
        -4,
        0.767,
        -4,
        1,
        1.1,
        -4,
        1.434,
        -2.944,
        1.767,
        -2
      ]
    },
    {
      "Target": "Parameter",
      "Id": "ArmL_Roll",
      "Segments": [
        0,
        0.104,
        1,
        0.311,
        0.36,
        0.622,
        1,
        0.933,
        1,
        1,
        1.211,
        1,
        1.489,
        1.01,
        1.767,
        0.888
      ]
    },
    {
      "Target": "Parameter",
      "Id": "ArmR_Sup_Form",
      "Segments": [
        0,
        0,
        2,
        0.267,
        0,
        0,
        1.767,
        -5.746
      ]
    },
    {
      "Target": "Parameter",
      "Id": "ArmL_Sup_Form",
      "Segments": [
        0,
        -1.501,
        1,
        0.222,
        -4.062,
        0.445,
        -9,
        0.667,
        -9,
        1,
        1.034,
        -9,
        1.4,
        -0.719,
        1.767,
        -0.475
      ]
    },
    {
      "Target": "Parameter",
      "Id": "Param",
      "Segments": [
        0,
        -4.534,
        1,
        0.189,
        -10.989,
        0.378,
        -22.055,
        0.567,
        -22.055,
        0,
        1.767,
        21.625
      ]
    },
    {
      "Target": "Parameter",
      "Id": "Bmove_01",
      "Segments": [
        0,
        -4.523,
        1,
        0.189,
        -10.962,
        0.378,
        -22,
        0.567,
        -22,
        0,
        1.767,
        22
      ]
    },
    {
      "Target": "Parameter",
      "Id": "HandR_Roll",
      "Segments": [
        0,
        0.652,
        1,
        0.156,
        1.396,
        0.311,
        2.514,
        0.467,
        2.514,
        0,
        1.767,
        -3.785
      ]
    },
    {
      "Target": "Parameter",
      "Id": "HandL_Roll",
      "Segments": [
        0,
        -1.835,
        1,
        0.222,
        -4.964,
        0.445,
        -11,
        0.667,
        -11,
        1,
        1.034,
        -11,
        1.4,
        -8.221,
        1.767,
        -5.981
      ]
    },
    {
      "Target": "PartOpacity",
      "Id": "Part2",
      "Segments": [
        0,
        1,
        2,
        1.77,
        1
      ]
    },
    {
      "Target": "PartOpacity",
      "Id": "Part22",
      "Segments": [
        0,
        1,
        2,
        1.77,
        1
      ]
    },
    {
      "Target": "PartOpacity",
      "Id": "Part3",
      "Segments": [
        0,
        1,
        2,
        1.77,
        1
      ]
    },
    {
      "Target": "PartOpacity",
      "Id": "Part10",
      "Segments": [
        0,
        1,
        2,
        1.77,
        1
      ]
    },
    {
      "Target": "PartOpacity",
      "Id": "Part4",
      "Segments": [
        0,
        1,
        2,
        1.77,
        1
      ]
    },
    {
      "Target": "PartOpacity",
      "Id": "Part9",
      "Segments": [
        0,
        0,
        2,
        1.77,
        0
      ]
    },
    {
      "Target": "PartOpacity",
      "Id": "Part5",
      "Segments": [
        0,
        1,
        2,
        1.77,
        1
      ]
    },
    {
      "Target": "PartOpacity",
      "Id": "Part6",
      "Segments": [
        0,
        1,
        2,
        1.77,
        1
      ]
    },
    {
      "Target": "PartOpacity",
      "Id": "Part39",
      "Segments": [
        0,
        1,
        2,
        1.77,
        1
      ]
    },
    {
      "Target": "PartOpacity",
      "Id": "Part7",
      "Segments": [
        0,
        1,
        2,
        1.77,
        1
      ]
    },
    {
      "Target": "PartOpacity",
      "Id": "Part40",
      "Segments": [
        0,
        1,
        2,
        1.77,
        1
      ]
    },
    {
      "Target": "PartOpacity",
      "Id": "Part30",
      "Segments": [
        0,
        1,
        2,
        1.77,
        1
      ]
    },
    {
      "Target": "PartOpacity",
      "Id": "Part8",
      "Segments": [
        0,
        1,
        2,
        1.77,
        1
      ]
    },
    {
      "Target": "PartOpacity",
      "Id": "Part11",
      "Segments": [
        0,
        1,
        2,
        1.77,
        1
      ]
    },
    {
      "Target": "PartOpacity",
      "Id": "Part",
      "Segments": [
        0,
        0,
        2,
        1.77,
        0
      ]
    },
    {
      "Target": "PartOpacity",
      "Id": "Part20",
      "Segments": [
        0,
        0,
        2,
        1.77,
        0
      ]
    },
    {
      "Target": "PartOpacity",
      "Id": "Part29",
      "Segments": [
        0,
        1,
        2,
        1.77,
        1
      ]
    },
    {
      "Target": "PartOpacity",
      "Id": "Part16",
      "Segments": [
        0,
        1,
        2,
        1.77,
        1
      ]
    },
    {
      "Target": "PartOpacity",
      "Id": "Part17",
      "Segments": [
        0,
        1,
        2,
        1.77,
        1
      ]
    },
    {
      "Target": "PartOpacity",
      "Id": "Part26",
      "Segments": [
        0,
        1,
        2,
        1.77,
        1
      ]
    },
    {
      "Target": "PartOpacity",
      "Id": "Part19",
      "Segments": [
        0,
        1,
        2,
        1.77,
        1
      ]
    },
    {
      "Target": "PartOpacity",
      "Id": "Part23",
      "Segments": [
        0,
        1,
        2,
        1.77,
        1
      ]
    },
    {
      "Target": "PartOpacity",
      "Id": "Part13",
      "Segments": [
        0,
        1,
        2,
        1.77,
        1
      ]
    },
    {
      "Target": "PartOpacity",
      "Id": "Part24",
      "Segments": [
        0,
        1,
        2,
        1.77,
        1
      ]
    },
    {
      "Target": "PartOpacity",
      "Id": "Part18",
      "Segments": [
        0,
        1,
        2,
        1.77,
        1
      ]
    },
    {
      "Target": "PartOpacity",
      "Id": "Part15",
      "Segments": [
        0,
        1,
        2,
        1.77,
        1
      ]
    },
    {
      "Target": "PartOpacity",
      "Id": "Part12",
      "Segments": [
        0,
        1,
        2,
        1.77,
        1
      ]
    },
    {
      "Target": "PartOpacity",
      "Id": "Part14",
      "Segments": [
        0,
        1,
        2,
        1.77,
        1
      ]
    },
    {
      "Target": "Model",
      "Id": "Opacity",
      "Segments": [
        0,
        1,
        0,
        1.77,
        1
      ]
    },
    {
      "Target": "Parameter",
      "Id": "BodyY",
      "Segments": [
        0,
        0,
        0,
        1.77,
        0
      ]
    },
    {
      "Target": "Parameter",
      "Id": "Body_Pose1",
      "Segments": [
        0,
        0,
        0,
        1.77,
        0
      ]
    },
    {
      "Target": "Parameter",
      "Id": "Waist_Roll",
      "Segments": [
        0,
        0,
        0,
        1.77,
        0
      ]
    },
    {
      "Target": "Parameter",
      "Id": "BodyX",
      "Segments": [
        0,
        0,
        0,
        1.77,
        0
      ]
    },
    {
      "Target": "Parameter",
      "Id": "Head_RollY",
      "Segments": [
        0,
        0,
        0,
        1.77,
        0
      ]
    },
    {
      "Target": "Parameter",
      "Id": "BrowR_Form2",
      "Segments": [
        0,
        1,
        0,
        1.77,
        1
      ]
    },
    {
      "Target": "Parameter",
      "Id": "BrowL_Form2",
      "Segments": [
        0,
        1,
        0,
        1.77,
        1
      ]
    },
    {
      "Target": "Parameter",
      "Id": "Eyeball_Size",
      "Segments": [
        0,
        0,
        0,
        1.77,
        0
      ]
    },
    {
      "Target": "Parameter",
      "Id": "HighlightX",
      "Segments": [
        0,
        0,
        0,
        1.77,
        0
      ]
    },
    {
      "Target": "Parameter",
      "Id": "EyeR_Open",
      "Segments": [
        0,
        1,
        0,
        1.77,
        1
      ]
    },
    {
      "Target": "Parameter",
      "Id": "EyeR_Smile",
      "Segments": [
        0,
        0.5,
        0,
        1.77,
        0.5
      ]
    },
    {
      "Target": "Parameter",
      "Id": "EyeL_Open",
      "Segments": [
        0,
        1,
        0,
        1.77,
        1
      ]
    },
    {
      "Target": "Parameter",
      "Id": "EyeL_Smile",
      "Segments": [
        0,
        0.5,
        0,
        1.77,
        0.5
      ]
    },
    {
      "Target": "Parameter",
      "Id": "Smile_Form",
      "Segments": [
        0,
        1,
        0,
        1.77,
        1
      ]
    },
    {
      "Target": "Parameter",
      "Id": "Mouth_Open",
      "Segments": [
        0,
        1,
        0,
        1.77,
        1
      ]
    },
    {
      "Target": "Parameter",
      "Id": "Mouth_Size",
      "Segments": [
        0,
        1,
        0,
        1.77,
        1
      ]
    },
    {
      "Target": "Parameter",
      "Id": "ArmR_Form2",
      "Segments": [
        0,
        0,
        0,
        1.77,
        0
      ]
    },
    {
      "Target": "Parameter",
      "Id": "ArmR_Form",
      "Segments": [
        0,
        0,
        0,
        1.77,
        0
      ]
    },
    {
      "Target": "Parameter",
      "Id": "ArmL_Form2",
      "Segments": [
        0,
        0,
        0,
        1.77,
        0
      ]
    },
    {
      "Target": "Parameter",
      "Id": "ArmL_Form",
      "Segments": [
        0,
        0,
        0,
        1.77,
        0
      ]
    },
    {
      "Target": "Parameter",
      "Id": "ArmR_Move03",
      "Segments": [
        0,
        0,
        0,
        1.77,
        0
      ]
    },
    {
      "Target": "Parameter",
      "Id": "LegR_Roll",
      "Segments": [
        0,
        0,
        0,
        1.77,
        0
      ]
    },
    {
      "Target": "Parameter",
      "Id": "LegL_Roll",
      "Segments": [
        0,
        0,
        0,
        1.77,
        0
      ]
    },
    {
      "Target": "Parameter",
      "Id": "Lowerbody_Roll",
      "Segments": [
        0,
        0,
        0,
        1.77,
        0
      ]
    }
  ],
  "UserData": [
    {
      "Time": 0.0,
      "Value": ""
    }
  ]
}