{
  "Version": 3,
  "Meta": {
    "Duration": 8.0,
    "Fps": 30.0,
    "Loop": true,
    "AreBeziersRestricted": true,
    "CurveCount": 85,
    "TotalSegmentCount": 219,
    "TotalPointCount": 333,
    "UserDataCount": 1,
    "TotalUserDataSize": 0
  },
  "Curves": [
    {
      "Target": "Parameter",
      "Id": "Breath",
      "Segments": [
        0,
        0.482,
        1,
        0.233,
        0.823,
        0.467,
        1,
        0.7,
        1,
        0,
        2.3,
        0,
        0,
        3.533,
        1,
        0,
        5.033,
        0,
        0,
        6.167,
        1,
        0,
        7.667,
        0,
        1,
        7.778,
        0,
        7.889,
        0.257,
        8,
        0.482
      ]
    },
    {
      "Target": "Parameter",
      "Id": "Body_Shaking",
      "Segments": [
        0,
        6.823,
        0,
        1.567,
        -10.105,
        0,
        4.233,
        5.794,
        0,
        6.233,
        -6.731,
        0,
        8,
        6.823
      ]
    },
    {
      "Target": "Parameter",
      "Id": "Param22",
      "Segments": [
        0,
        -29.907,
        1,
        0.5,
        -29.727,
        1,
        -29.459,
        1.5,
        -28.067,
        1,
        2.133,
        -25.695,
        2.767,
        -8.909,
        3.4,
        -7.303,
        1,
        4.056,
        -5.739,
        4.711,
        -5.548,
        5.367,
        -8.794,
        1,
        5.8,
        -10.439,
        6.234,
        -20.141,
        6.667,
        -26.896,
        1,
        6.978,
        -29.857,
        7.289,
        -30,
        7.6,
        -30,
        0,
        8,
        -29.907
      ]
    },
    {
      "Target": "Parameter",
      "Id": "Body_Pose1",
      "Segments": [
        0,
        0,
        0,
        2.433,
        12,
        0,
        4.733,
        -4.362,
        1,
        5.822,
        -4.362,
        6.911,
        -1.468,
        8,
        0
      ]
    },
    {
      "Target": "Parameter",
      "Id": "Waist_Roll",
      "Segments": [
        0,
        6.91,
        1,
        0.133,
        6.494,
        0.267,
        6.344,
        0.4,
        6.344,
        0,
        2.267,
        7,
        2,
        4.833,
        7,
        0,
        6.467,
        6.792,
        0,
        7.6,
        7.292,
        1,
        7.733,
        7.292,
        7.867,
        7.172,
        8,
        6.91
      ]
    },
    {
      "Target": "Parameter",
      "Id": "Head_AngleX",
      "Segments": [
        0,
        -0.138,
        1,
        0.111,
        -0.239,
        0.222,
        -0.337,
        0.333,
        -0.337,
        0,
        1.367,
        2,
        0,
        2.367,
        1.404,
        0,
        3.167,
        10.638,
        1,
        3.667,
        10.638,
        4.167,
        0.871,
        4.667,
        0,
        1,
        5.278,
        -1.009,
        5.889,
        -7.428,
        6.5,
        -7.428,
        1,
        6.733,
        -7.428,
        6.967,
        -7.266,
        7.2,
        -5.293,
        1,
        7.467,
        -1.779,
        7.733,
        0.102,
        8,
        -0.138
      ]
    },
    {
      "Target": "Parameter",
      "Id": "Head_AngleY",
      "Segments": [
        0,
        9.861,
        1,
        0.278,
        9.861,
        0.555,
        -3.802,
        0.833,
        -6.073,
        1,
        1.155,
        -8.833,
        1.478,
        -8.53,
        1.8,
        -7.925,
        1,
        2.244,
        -6.954,
        2.689,
        -3.153,
        3.133,
        -0.556,
        1,
        3.644,
        2.782,
        4.156,
        4.081,
        4.667,
        4.081,
        0,
        6.5,
        -8.987,
        1,
        6.756,
        -8.987,
        7.011,
        -7.54,
        7.267,
        -1.474,
        1,
        7.511,
        4.328,
        7.756,
        9.861,
        8,
        9.861
      ]
    },
    {
      "Target": "Parameter",
      "Id": "Head_Roll",
      "Segments": [
        0,
        -5.032,
        1,
        0.222,
        -5.032,
        0.445,
        -6.705,
        0.667,
        -7.95,
        1,
        1,
        -9.818,
        1.334,
        -10.213,
        1.667,
        -10.213,
        1,
        1.967,
        -10.213,
        2.267,
        -10.347,
        2.567,
        -9.603,
        1,
        3.022,
        -6.972,
        3.478,
        0.126,
        3.933,
        0.86,
        1,
        4.233,
        1.328,
        4.533,
        0.983,
        4.833,
        -1.292,
        1,
        5.344,
        -5.294,
        5.856,
        -11,
        6.367,
        -11,
        0,
        8,
        -5.032
      ]
    },
    {
      "Target": "Parameter",
      "Id": "EyeBallX",
      "Segments": [
        0,
        0,
        2,
        0.333,
        0,
        2,
        4.667,
        0,
        0,
        6.5,
        0.2,
        1,
        6.767,
        0.2,
        7.033,
        0.171,
        7.3,
        0.1,
        1,
        7.533,
        0.038,
        7.767,
        0,
        8,
        0
      ]
    },
    {
      "Target": "Parameter",
      "Id": "EyeBallY",
      "Segments": [
        0,
        0,
        2,
        0.333,
        0,
        1,
        1.778,
        0,
        3.222,
        -0.055,
        4.667,
        -0.148,
        1,
        5.278,
        -0.187,
        5.889,
        -0.2,
        6.5,
        -0.2,
        2,
        7.3,
        -0.2,
        0,
        8,
        0
      ]
    },
    {
      "Target": "Parameter",
      "Id": "BrowRY",
      "Segments": [
        0,
        0,
        2,
        3,
        0,
        0,
        4.4,
        0.3,
        0,
        5.8,
        0,
        2,
        8,
        0
      ]
    },
    {
      "Target": "Parameter",
      "Id": "BrowLY",
      "Segments": [
        0,
        0,
        2,
        3,
        0,
        0,
        4.4,
        0.3,
        0,
        5.8,
        0,
        2,
        8,
        0
      ]
    },
    {
      "Target": "Parameter",
      "Id": "EyeR_Smile",
      "Segments": [
        0,
        0.5,
        2,
        1.033,
        0.5,
        0,
        2.133,
        0,
        2,
        3.533,
        0,
        0,
        4.9,
        0.5,
        2,
        8,
        0.5
      ]
    },
    {
      "Target": "Parameter",
      "Id": "EyeL_Smile",
      "Segments": [
        0,
        0.5,
        2,
        1.033,
        0.5,
        0,
        2.133,
        0,
        2,
        3.533,
        0,
        0,
        4.9,
        0.5,
        2,
        8,
        0.5
      ]
    },
    {
      "Target": "Parameter",
      "Id": "Hair_Move",
      "Segments": [
        0,
        2.02,
        1,
        0.133,
        -4.413,
        0.267,
        -7.433,
        0.4,
        -7.433,
        0,
        1.8,
        10.367,
        0,
        3.467,
        -9,
        0,
        5.133,
        9.546,
        0,
        6.567,
        -9,
        0,
        7.3,
        10.918,
        1,
        7.533,
        10.918,
        7.767,
        4.962,
        8,
        2.02
      ]
    },
    {
      "Target": "Parameter",
      "Id": "HairFront_Move",
      "Segments": [
        0,
        0.496,
        1,
        0.256,
        0.159,
        0.511,
        -0.085,
        0.767,
        -0.085,
        0,
        2.3,
        0.289,
        0,
        3.5,
        0.098,
        0,
        4.733,
        0.334,
        0,
        6.233,
        -0.181,
        0,
        7.633,
        0.581,
        1,
        7.755,
        0.581,
        7.878,
        0.556,
        8,
        0.496
      ]
    },
    {
      "Target": "Parameter",
      "Id": "HairSide_Move",
      "Segments": [
        0,
        0.417,
        1,
        0.322,
        0.163,
        0.645,
        -0.022,
        0.967,
        -0.022,
        0,
        2.6,
        0.25,
        0,
        3.833,
        0.138,
        0,
        5.033,
        0.268,
        0,
        6.4,
        -0.045,
        0,
        7.533,
        0.548,
        1,
        7.689,
        0.548,
        7.844,
        0.512,
        8,
        0.417
      ]
    },
    {
      "Target": "Parameter",
      "Id": "HairBack_Move",
      "Segments": [
        0,
        0.217,
        1,
        0.356,
        -0.057,
        0.711,
        -0.218,
        1.067,
        -0.218,
        0,
        2.233,
        0.228,
        0,
        3.767,
        -0.179,
        0,
        5.033,
        0.173,
        0,
        6.367,
        -0.143,
        0,
        7.667,
        0.314,
        1,
        7.778,
        0.314,
        7.889,
        0.282,
        8,
        0.217
      ]
    },
    {
      "Target": "Parameter",
      "Id": "ShoulderLY",
      "Segments": [
        0,
        4.48,
        1,
        0.156,
        4.925,
        0.311,
        5,
        0.467,
        5,
        2,
        6.2,
        5,
        0,
        7.7,
        4.146,
        1,
        7.8,
        4.146,
        7.9,
        4.261,
        8,
        4.48
      ]
    },
    {
      "Target": "Parameter",
      "Id": "ShoulderR_Roll",
      "Segments": [
        0,
        7.694,
        0,
        1.933,
        4.436,
        0,
        4.133,
        5.47,
        0,
        6.233,
        4.436,
        0,
        8,
        7.694
      ]
    },
    {
      "Target": "Parameter",
      "Id": "ShoulderL_Roll",
      "Segments": [
        0,
        -4.138,
        1,
        0.2,
        -3.522,
        0.4,
        -2.789,
        0.6,
        -2.789,
        0,
        1.967,
        -6.741,
        0,
        3.867,
        -2.789,
        0,
        6.3,
        -5.714,
        1,
        6.867,
        -5.714,
        7.433,
        -5.759,
        8,
        -4.223
      ]
    },
    {
      "Target": "Parameter",
      "Id": "ArmR_Roll",
      "Segments": [
        0,
        -14.2,
        1,
        0.111,
        -14.396,
        0.222,
        -14.415,
        0.333,
        -14.415,
        0,
        2.4,
        -9.903,
        0,
        4.033,
        -16,
        1,
        4.211,
        -16,
        4.389,
        -15.647,
        4.567,
        -14.9,
        1,
        4.789,
        -13.967,
        5.011,
        -13.479,
        5.233,
        -13.479,
        0,
        6.467,
        -15.146,
        0,
        7.433,
        -13.192,
        1,
        7.622,
        -13.192,
        7.811,
        -13.82,
        8,
        -14.2
      ]
    },
    {
      "Target": "Parameter",
      "Id": "ArmL_Roll",
      "Segments": [
        0,
        27.048,
        1,
        0.567,
        24.515,
        1.133,
        23.654,
        1.7,
        23.654,
        1,
        2.889,
        23.654,
        4.078,
        24.285,
        5.267,
        26.611,
        1,
        5.811,
        27.676,
        6.356,
        29.244,
        6.9,
        29.244,
        1,
        7.267,
        29.203,
        7.633,
        28.19,
        8,
        27.048
      ]
    },
    {
      "Target": "Parameter",
      "Id": "ArmR_Sup_Form",
      "Segments": [
        0,
        0,
        2,
        1.967,
        0,
        0,
        3.933,
        -11,
        1,
        4.444,
        -11,
        4.956,
        -4.704,
        5.467,
        -3,
        1,
        6.311,
        -0.184,
        7.156,
        0,
        8,
        0
      ]
    },
    {
      "Target": "Parameter",
      "Id": "ArmL_Sup_Form",
      "Segments": [
        0,
        -16.82,
        0,
        1.567,
        -20.053,
        0,
        3.067,
        -18.298,
        0,
        4.533,
        -20.879,
        0,
        5.7,
        -16.944,
        0,
        6.833,
        -19.3,
        0,
        8,
        -16.82
      ]
    },
    {
      "Target": "Parameter",
      "Id": "Param",
      "Segments": [
        0,
        -1.176,
        1,
        0.133,
        -11.113,
        0.267,
        -14.703,
        0.4,
        -14.703,
        0,
        1.267,
        18.531,
        0,
        2.533,
        -26.694,
        0,
        4.3,
        21.625,
        0,
        5.867,
        -14.703,
        0,
        7.2,
        21.625,
        1,
        7.467,
        21.625,
        7.733,
        15.43,
        8,
        -1.176
      ]
    },
    {
      "Target": "Parameter",
      "Id": "Bmove_01",
      "Segments": [
        0,
        -22.823,
        0,
        1.267,
        16,
        0,
        2.533,
        -20,
        0,
        4.3,
        18,
        0,
        5.4,
        -18,
        0,
        6.7,
        22,
        0,
        8,
        -22.823
      ]
    },
    {
      "Target": "Parameter",
      "Id": "HandR_Roll",
      "Segments": [
        0,
        -6.156,
        1,
        0.422,
        -7.774,
        0.845,
        -8.972,
        1.267,
        -8.972,
        0,
        3.2,
        1.371,
        0,
        4.733,
        -7.738,
        0,
        6.6,
        -3.017,
        1,
        7.067,
        -3.017,
        7.533,
        -4.704,
        8,
        -6.156
      ]
    },
    {
      "Target": "Parameter",
      "Id": "HandL_Roll",
      "Segments": [
        0,
        -13.865,
        0,
        1.033,
        -12.671,
        0,
        2.867,
        -16.123,
        0,
        5.2,
        -13.398,
        0,
        7,
        -15.738,
        0,
        8,
        -13.865
      ]
    },
    {
      "Target": "PartOpacity",
      "Id": "Part2",
      "Segments": [
        0,
        1,
        2,
        8,
        1
      ]
    },
    {
      "Target": "PartOpacity",
      "Id": "Part22",
      "Segments": [
        0,
        1,
        2,
        8,
        1
      ]
    },
    {
      "Target": "PartOpacity",
      "Id": "Part3",
      "Segments": [
        0,
        1,
        2,
        8,
        1
      ]
    },
    {
      "Target": "PartOpacity",
      "Id": "Part10",
      "Segments": [
        0,
        1,
        2,
        8,
        1
      ]
    },
    {
      "Target": "PartOpacity",
      "Id": "Part4",
      "Segments": [
        0,
        1,
        2,
        8,
        1
      ]
    },
    {
      "Target": "PartOpacity",
      "Id": "Part9",
      "Segments": [
        0,
        0,
        2,
        8,
        0
      ]
    },
    {
      "Target": "PartOpacity",
      "Id": "Part5",
      "Segments": [
        0,
        1,
        2,
        8,
        1
      ]
    },
    {
      "Target": "PartOpacity",
      "Id": "Part6",
      "Segments": [
        0,
        1,
        2,
        8,
        1
      ]
    },
    {
      "Target": "PartOpacity",
      "Id": "Part39",
      "Segments": [
        0,
        1,
        2,
        8,
        1
      ]
    },
    {
      "Target": "PartOpacity",
      "Id": "Part7",
      "Segments": [
        0,
        1,
        2,
        8,
        1
      ]
    },
    {
      "Target": "PartOpacity",
      "Id": "Part40",
      "Segments": [
        0,
        1,
        2,
        8,
        1
      ]
    },
    {
      "Target": "PartOpacity",
      "Id": "Part30",
      "Segments": [
        0,
        1,
        2,
        8,
        1
      ]
    },
    {
      "Target": "PartOpacity",
      "Id": "Part8",
      "Segments": [
        0,
        1,
        2,
        8,
        1
      ]
    },
    {
      "Target": "PartOpacity",
      "Id": "Part11",
      "Segments": [
        0,
        1,
        2,
        8,
        1
      ]
    },
    {
      "Target": "PartOpacity",
      "Id": "Part",
      "Segments": [
        0,
        0,
        2,
        8,
        0
      ]
    },
    {
      "Target": "PartOpacity",
      "Id": "Part20",
      "Segments": [
        0,
        0,
        2,
        8,
        0
      ]
    },
    {
      "Target": "PartOpacity",
      "Id": "Part29",
      "Segments": [
        0,
        1,
        2,
        8,
        1
      ]
    },
    {
      "Target": "PartOpacity",
      "Id": "Part16",
      "Segments": [
        0,
        1,
        2,
        8,
        1
      ]
    },
    {
      "Target": "PartOpacity",
      "Id": "Part17",
      "Segments": [
        0,
        1,
        2,
        8,
        1
      ]
    },
    {
      "Target": "PartOpacity",
      "Id": "Part26",
      "Segments": [
        0,
        1,
        2,
        8,
        1
      ]
    },
    {
      "Target": "PartOpacity",
      "Id": "Part19",
      "Segments": [
        0,
        1,
        2,
        8,
        1
      ]
    },
    {
      "Target": "PartOpacity",
      "Id": "Part23",
      "Segments": [
        0,
        1,
        2,
        8,
        1
      ]
    },
    {
      "Target": "PartOpacity",
      "Id": "Part13",
      "Segments": [
        0,
        1,
        2,
        8,
        1
      ]
    },
    {
      "Target": "PartOpacity",
      "Id": "Part24",
      "Segments": [
        0,
        1,
        2,
        8,
        1
      ]
    },
    {
      "Target": "PartOpacity",
      "Id": "Part18",
      "Segments": [
        0,
        1,
        2,
        8,
        1
      ]
    },
    {
      "Target": "PartOpacity",
      "Id": "Part15",
      "Segments": [
        0,
        1,
        2,
        8,
        1
      ]
    },
    {
      "Target": "PartOpacity",
      "Id": "Part12",
      "Segments": [
        0,
        1,
        2,
        8,
        1
      ]
    },
    {
      "Target": "PartOpacity",
      "Id": "Part14",
      "Segments": [
        0,
        1,
        2,
        8,
        1
      ]
    },
    {
      "Target": "Model",
      "Id": "Opacity",
      "Segments": [
        0,
        1,
        0,
        8,
        1
      ]
    },
    {
      "Target": "Parameter",
      "Id": "BodyY",
      "Segments": [
        0,
        0,
        0,
        8,
        0
      ]
    },
    {
      "Target": "Parameter",
      "Id": "BodyX",
      "Segments": [
        0,
        0,
        0,
        8,
        0
      ]
    },
    {
      "Target": "Parameter",
      "Id": "Head_RollY",
      "Segments": [
        0,
        -20,
        0,
        8,
        -20
      ]
    },
    {
      "Target": "Parameter",
      "Id": "BrowR_Form",
      "Segments": [
        0,
        0,
        0,
        8,
        0
      ]
    },
    {
      "Target": "Parameter",
      "Id": "BrowR_Form2",
      "Segments": [
        0,
        1,
        0,
        8,
        1
      ]
    },
    {
      "Target": "Parameter",
      "Id": "BrowL_Form",
      "Segments": [
        0,
        0,
        0,
        8,
        0
      ]
    },
    {
      "Target": "Parameter",
      "Id": "BrowL_Form2",
      "Segments": [
        0,
        1,
        0,
        8,
        1
      ]
    },
    {
      "Target": "Parameter",
      "Id": "BrowR_Angle",
      "Segments": [
        0,
        0,
        0,
        8,
        0
      ]
    },
    {
      "Target": "Parameter",
      "Id": "BrowL_Angle",
      "Segments": [
        0,
        0,
        0,
        8,
        0
      ]
    },
    {
      "Target": "Parameter",
      "Id": "Eyeball_Size",
      "Segments": [
        0,
        0,
        0,
        8,
        0
      ]
    },
    {
      "Target": "Parameter",
      "Id": "HighlightX",
      "Segments": [
        0,
        0,
        0,
        8,
        0
      ]
    },
    {
      "Target": "Parameter",
      "Id": "EyeR_Open",
      "Segments": [
        0,
        1,
        0,
        8,
        1
      ]
    },
    {
      "Target": "Parameter",
      "Id": "EyeL_Open",
      "Segments": [
        0,
        1,
        0,
        8,
        1
      ]
    },
    {
      "Target": "Parameter",
      "Id": "Smile_Form",
      "Segments": [
        0,
        1,
        0,
        8,
        1
      ]
    },
    {
      "Target": "Parameter",
      "Id": "MouthForm2",
      "Segments": [
        0,
        0,
        0,
        8,
        0
      ]
    },
    {
      "Target": "Parameter",
      "Id": "MouthForm",
      "Segments": [
        0,
        0,
        0,
        8,
        0
      ]
    },
    {
      "Target": "Parameter",
      "Id": "Mouth_Open",
      "Segments": [
        0,
        1,
        0,
        8,
        1
      ]
    },
    {
      "Target": "Parameter",
      "Id": "Mouth_Size",
      "Segments": [
        0,
        1,
        0,
        8,
        1
      ]
    },
    {
      "Target": "Parameter",
      "Id": "ShoulderRY",
      "Segments": [
        0,
        -10,
        0,
        8,
        -10
      ]
    },
    {
      "Target": "Parameter",
      "Id": "ArmR_Form2",
      "Segments": [
        0,
        0,
        0,
        8,
        0
      ]
    },
    {
      "Target": "Parameter",
      "Id": "ArmR_Form",
      "Segments": [
        0,
        0,
        0,
        8,
        0
      ]
    },
    {
      "Target": "Parameter",
      "Id": "ArmL_Form2",
      "Segments": [
        0,
        0,
        0,
        8,
        0
      ]
    },
    {
      "Target": "Parameter",
      "Id": "ArmL_Form",
      "Segments": [
        0,
        0,
        0,
        8,
        0
      ]
    },
    {
      "Target": "Parameter",
      "Id": "ArmR_Move03",
      "Segments": [
        0,
        0,
        0,
        8,
        0
      ]
    },
    {
      "Target": "Parameter",
      "Id": "LegR_Roll",
      "Segments": [
        0,
        2,
        0,
        8,
        2
      ]
    },
    {
      "Target": "Parameter",
      "Id": "LegL_Roll",
      "Segments": [
        0,
        3,
        0,
        8,
        3
      ]
    },
    {
      "Target": "Parameter",
      "Id": "Lowerbody_Roll",
      "Segments": [
        0,
        0,
        0,
        8,
        0
      ]
    }
  ],
  "UserData": [
    {
      "Time": 0.0,
      "Value": ""
    }
  ]
}