{
  "Version": 3,
  "Meta": {
    "Duration": 8.0,
    "Fps": 30.0,
    "Loop": true,
    "AreBeziersRestricted": true,
    "CurveCount": 85,
    "TotalSegmentCount": 209,
    "TotalPointCount": 313,
    "UserDataCount": 1,
    "TotalUserDataSize": 0
  },
  "Curves": [
    {
      "Target": "Parameter",
      "Id": "Breath",
      "Segments": [
        0,
        0,
        0,
        2.133,
        0.988,
        0,
        4.2,
        0,
        0,
        5.833,
        0.9,
        0,
        8,
        0
      ]
    },
    {
      "Target": "Parameter",
      "Id": "Body_Shaking",
      "Segments": [
        0,
        22.346,
        1,
        0.433,
        18.339,
        0.867,
        15.234,
        1.3,
        15.234,
        0,
        3.367,
        24.896,
        0,
        5.233,
        15.234,
        0,
        7.4,
        24.535,
        1,
        7.6,
        24.535,
        7.8,
        24.265,
        8,
        22.346
      ]
    },
    {
      "Target": "Parameter",
      "Id": "BodyY",
      "Segments": [
        0,
        -15.83,
        0,
        0.667,
        -15,
        2,
        4.5,
        -15,
        0,
        6.567,
        -13.689,
        0,
        8,
        -15.83
      ]
    },
    {
      "Target": "Parameter",
      "Id": "Param22",
      "Segments": [
        0,
        -16.109,
        1,
        0.211,
        -18.394,
        0.422,
        -19,
        0.633,
        -19,
        1,
        1.589,
        -19,
        2.544,
        -16.722,
        3.5,
        -13.057,
        1,
        4.211,
        -10.329,
        4.922,
        -9.339,
        5.633,
        -9.339,
        1,
        6.422,
        -9.339,
        7.211,
        -11.45,
        8,
        -16
      ]
    },
    {
      "Target": "Parameter",
      "Id": "Waist_Roll",
      "Segments": [
        0,
        -10.732,
        0,
        3.167,
        -10,
        0,
        8,
        -10.732
      ]
    },
    {
      "Target": "Parameter",
      "Id": "Head_AngleX",
      "Segments": [
        0,
        -27.923,
        1,
        0.3,
        -29.563,
        0.6,
        -30,
        0.9,
        -30,
        1,
        1.211,
        -30,
        1.522,
        -23.586,
        1.833,
        -16.448,
        1,
        2.266,
        -6.506,
        2.7,
        -3.42,
        3.133,
        -3.42,
        1,
        3.566,
        -3.42,
        4,
        -4.819,
        4.433,
        -9.058,
        1,
        4.978,
        -13.514,
        5.522,
        -30,
        6.067,
        -30,
        1,
        6.711,
        -30,
        7.356,
        -26.522,
        8,
        -27.923
      ]
    },
    {
      "Target": "Parameter",
      "Id": "Head_AngleY",
      "Segments": [
        0,
        -15.792,
        1,
        0.3,
        -15.993,
        0.6,
        -16.037,
        0.9,
        -16.037,
        0,
        2.4,
        -7.233,
        0,
        3.3,
        -8.949,
        0,
        4.333,
        -5.399,
        0,
        6.4,
        -19.746,
        0,
        7.567,
        -15.222,
        1,
        7.711,
        -15.222,
        7.856,
        -15.725,
        8,
        -15.792
      ]
    },
    {
      "Target": "Parameter",
      "Id": "Head_Roll",
      "Segments": [
        0,
        -9,
        1,
        0.6,
        -9,
        1.2,
        -2.997,
        1.8,
        -1.407,
        1,
        2.289,
        0.004,
        2.778,
        0.434,
        3.267,
        0.434,
        1,
        4.211,
        0.434,
        5.156,
        -8.054,
        6.1,
        -9,
        1,
        6.733,
        -9.67,
        7.367,
        -9.58,
        8,
        -9
      ]
    },
    {
      "Target": "Parameter",
      "Id": "Head_RollY",
      "Segments": [
        0,
        -17,
        0,
        2.1,
        -9,
        2,
        6.5,
        -9,
        0,
        8,
        -17
      ]
    },
    {
      "Target": "Parameter",
      "Id": "EyeBallX",
      "Segments": [
        0,
        0.599,
        0,
        1.033,
        -0.8,
        0,
        2.5,
        0.5,
        0,
        3.8,
        0.3,
        1,
        4.556,
        0.3,
        5.311,
        0.4,
        6.067,
        0.5,
        1,
        6.711,
        0.585,
        7.356,
        0.599,
        8,
        0.599
      ]
    },
    {
      "Target": "Parameter",
      "Id": "EyeBallY",
      "Segments": [
        0,
        -0.4,
        2,
        1.033,
        -0.4,
        2,
        2.5,
        -0.4,
        1,
        2.933,
        -0.4,
        3.367,
        -0.345,
        3.8,
        -0.3,
        1,
        4.556,
        -0.221,
        5.311,
        -0.2,
        6.067,
        -0.2,
        0,
        8,
        -0.4
      ]
    },
    {
      "Target": "Parameter",
      "Id": "BrowRY",
      "Segments": [
        0,
        0.3,
        0,
        1.467,
        0,
        2,
        4.033,
        0,
        0,
        5.733,
        0.4,
        0,
        8,
        0.3
      ]
    },
    {
      "Target": "Parameter",
      "Id": "BrowLY",
      "Segments": [
        0,
        0.3,
        0,
        1.467,
        0,
        2,
        4.033,
        0,
        0,
        5.733,
        0.4,
        0,
        8,
        0.3
      ]
    },
    {
      "Target": "Parameter",
      "Id": "BrowR_Form",
      "Segments": [
        0,
        0,
        0,
        1.467,
        -0.3,
        0,
        3.733,
        0,
        2,
        8,
        0
      ]
    },
    {
      "Target": "Parameter",
      "Id": "BrowL_Form",
      "Segments": [
        0,
        0,
        0,
        1.467,
        -0.3,
        0,
        3.733,
        0,
        2,
        8,
        0
      ]
    },
    {
      "Target": "Parameter",
      "Id": "BrowR_Angle",
      "Segments": [
        0,
        0,
        0,
        1.467,
        0.3,
        0,
        3.733,
        0,
        2,
        8,
        0
      ]
    },
    {
      "Target": "Parameter",
      "Id": "BrowL_Angle",
      "Segments": [
        0,
        0,
        0,
        1.467,
        -0.3,
        0,
        3.733,
        0,
        2,
        8,
        0
      ]
    },
    {
      "Target": "Parameter",
      "Id": "EyeR_Smile",
      "Segments": [
        0,
        0.5,
        2,
        1.867,
        0.5,
        0,
        2.833,
        1,
        0,
        3.767,
        0.5,
        2,
        8,
        0.5
      ]
    },
    {
      "Target": "Parameter",
      "Id": "EyeL_Smile",
      "Segments": [
        0,
        0.5,
        2,
        1.867,
        0.5,
        0,
        2.833,
        1,
        0,
        3.767,
        0.5,
        2,
        8,
        0.5
      ]
    },
    {
      "Target": "Parameter",
      "Id": "Hair_Move",
      "Segments": [
        0,
        10.918,
        1,
        0.189,
        10.918,
        0.378,
        8.415,
        0.567,
        1.973,
        1,
        0.734,
        -3.712,
        0.9,
        -7.433,
        1.067,
        -7.433,
        0,
        2.467,
        10.367,
        0,
        4.133,
        -9,
        0,
        5.8,
        9.546,
        0,
        7.233,
        -9,
        0,
        8,
        10.918
      ]
    },
    {
      "Target": "Parameter",
      "Id": "HairFront_Move",
      "Segments": [
        0,
        -0.105,
        1,
        0.222,
        -0.105,
        0.445,
        -0.033,
        0.667,
        0.149,
        1,
        0.967,
        0.284,
        1.267,
        0.326,
        1.567,
        0.141,
        1,
        1.8,
        0.01,
        2.034,
        -0.026,
        2.267,
        -0.026,
        0,
        3.7,
        0.386,
        0,
        5.333,
        0.067,
        0,
        6.733,
        0.346,
        0,
        8,
        -0.105
      ]
    },
    {
      "Target": "Parameter",
      "Id": "HairSide_Move",
      "Segments": [
        0,
        -0.099,
        1,
        0.222,
        -0.099,
        0.445,
        -0.065,
        0.667,
        0.145,
        1,
        0.878,
        0.306,
        1.089,
        0.334,
        1.3,
        0.228,
        1,
        1.633,
        -0.026,
        1.967,
        -0.001,
        2.3,
        -0.001,
        0,
        3.633,
        0.348,
        0,
        5.533,
        0.082,
        0,
        6.733,
        0.331,
        0,
        8,
        -0.099
      ]
    },
    {
      "Target": "Parameter",
      "Id": "HairBack_Move",
      "Segments": [
        0,
        -0.233,
        0,
        1,
        0.255,
        1,
        1.122,
        0.255,
        1.245,
        0.246,
        1.367,
        0.17,
        1,
        1.734,
        -0.059,
        2.1,
        -0.218,
        2.467,
        -0.218,
        0,
        3.8,
        0.217,
        0,
        5.433,
        -0.18,
        0,
        6.667,
        0.201,
        0,
        8,
        -0.233
      ]
    },
    {
      "Target": "Parameter",
      "Id": "ShoulderRY",
      "Segments": [
        0,
        -0.189,
        1,
        0.444,
        -0.162,
        0.889,
        -0.141,
        1.333,
        -0.141,
        0,
        3.433,
        -0.199,
        0,
        5.9,
        -0.141,
        0,
        7.533,
        -0.199,
        1,
        7.689,
        -0.199,
        7.844,
        -0.195,
        8,
        -0.189
      ]
    },
    {
      "Target": "Parameter",
      "Id": "ShoulderLY",
      "Segments": [
        0,
        -3.83,
        1,
        0.411,
        -4.497,
        0.822,
        -4.645,
        1.233,
        -4.645,
        0,
        3.667,
        -4.046,
        0,
        5.767,
        -4.847,
        0,
        7.767,
        -3.687,
        1,
        7.845,
        -3.687,
        7.922,
        -3.741,
        8,
        -3.83
      ]
    },
    {
      "Target": "Parameter",
      "Id": "ShoulderR_Roll",
      "Segments": [
        0,
        10.083,
        0,
        2.8,
        6.145,
        0,
        4.733,
        7.959,
        0,
        6.267,
        7.128,
        0,
        8,
        10.083
      ]
    },
    {
      "Target": "Parameter",
      "Id": "ShoulderL_Roll",
      "Segments": [
        0,
        -0.504,
        1,
        0.244,
        -0.896,
        0.489,
        -1.008,
        0.733,
        -1.008,
        1,
        1.355,
        -1.008,
        1.978,
        -0.322,
        2.6,
        0.086,
        1,
        3.378,
        0.633,
        4.155,
        1.002,
        4.933,
        1.002,
        1,
        5.644,
        1.002,
        6.356,
        0.601,
        7.067,
        0.274,
        1,
        7.378,
        0.142,
        7.689,
        -0.079,
        8,
        -0.504
      ]
    },
    {
      "Target": "Parameter",
      "Id": "ArmR_Roll",
      "Segments": [
        0,
        -13,
        1,
        0.667,
        -13.47,
        1.333,
        -13.566,
        2,
        -13.566,
        0,
        4.2,
        -10.841,
        0,
        5.867,
        -11.743,
        0,
        7,
        -10.094,
        0,
        8,
        -13
      ]
    },
    {
      "Target": "Parameter",
      "Id": "ArmL_Roll",
      "Segments": [
        0,
        2.837,
        1,
        0.289,
        3.243,
        0.578,
        3.36,
        0.867,
        3.36,
        1,
        1.645,
        3.36,
        2.422,
        1.53,
        3.2,
        1.254,
        1,
        4.467,
        0.909,
        5.733,
        0.832,
        7,
        1.394,
        1,
        7.333,
        1.717,
        7.667,
        2.124,
        8,
        2.837
      ]
    },
    {
      "Target": "Parameter",
      "Id": "Param",
      "Segments": [
        0,
        6.405,
        1,
        0.222,
        -5.238,
        0.445,
        -12.764,
        0.667,
        -12.764,
        0,
        1.8,
        7.885,
        0,
        3,
        -8.486,
        0,
        4.5,
        14.262,
        0,
        6.2,
        -9.613,
        0,
        7.567,
        12.36,
        1,
        7.711,
        12.36,
        7.856,
        11.198,
        8,
        6.405
      ]
    },
    {
      "Target": "Parameter",
      "Id": "Bmove_01",
      "Segments": [
        0,
        -3.834,
        1,
        0.222,
        -15.798,
        0.445,
        -22,
        0.667,
        -22,
        0,
        1.8,
        15,
        0,
        3,
        -16,
        0,
        4.233,
        20,
        0,
        5.933,
        -18,
        0,
        7.167,
        18.101,
        1,
        7.445,
        18.101,
        7.722,
        6.403,
        8,
        -3.834
      ]
    },
    {
      "Target": "Parameter",
      "Id": "HandR_Roll",
      "Segments": [
        0,
        0,
        0,
        1.933,
        -4.403,
        0,
        4.967,
        1.806,
        0,
        6.7,
        -2.744,
        0,
        8,
        0
      ]
    },
    {
      "Target": "Parameter",
      "Id": "HandL_Roll",
      "Segments": [
        0,
        -13,
        1,
        0.367,
        -18.15,
        0.733,
        -18.82,
        1.1,
        -18.82,
        0,
        3.733,
        -11.033,
        0,
        5.767,
        -18.388,
        0,
        7.6,
        -11.033,
        1,
        7.733,
        -11.001,
        7.867,
        -12.16,
        8,
        -13
      ]
    },
    {
      "Target": "PartOpacity",
      "Id": "Part2",
      "Segments": [
        0,
        1,
        2,
        8,
        1
      ]
    },
    {
      "Target": "PartOpacity",
      "Id": "Part22",
      "Segments": [
        0,
        1,
        2,
        8,
        1
      ]
    },
    {
      "Target": "PartOpacity",
      "Id": "Part3",
      "Segments": [
        0,
        1,
        2,
        8,
        1
      ]
    },
    {
      "Target": "PartOpacity",
      "Id": "Part10",
      "Segments": [
        0,
        1,
        2,
        8,
        1
      ]
    },
    {
      "Target": "PartOpacity",
      "Id": "Part4",
      "Segments": [
        0,
        1,
        2,
        8,
        1
      ]
    },
    {
      "Target": "PartOpacity",
      "Id": "Part9",
      "Segments": [
        0,
        0,
        2,
        8,
        0
      ]
    },
    {
      "Target": "PartOpacity",
      "Id": "Part5",
      "Segments": [
        0,
        1,
        2,
        8,
        1
      ]
    },
    {
      "Target": "PartOpacity",
      "Id": "Part6",
      "Segments": [
        0,
        1,
        2,
        8,
        1
      ]
    },
    {
      "Target": "PartOpacity",
      "Id": "Part39",
      "Segments": [
        0,
        1,
        2,
        8,
        1
      ]
    },
    {
      "Target": "PartOpacity",
      "Id": "Part7",
      "Segments": [
        0,
        1,
        2,
        8,
        1
      ]
    },
    {
      "Target": "PartOpacity",
      "Id": "Part40",
      "Segments": [
        0,
        1,
        2,
        8,
        1
      ]
    },
    {
      "Target": "PartOpacity",
      "Id": "Part30",
      "Segments": [
        0,
        1,
        2,
        8,
        1
      ]
    },
    {
      "Target": "PartOpacity",
      "Id": "Part8",
      "Segments": [
        0,
        1,
        2,
        8,
        1
      ]
    },
    {
      "Target": "PartOpacity",
      "Id": "Part11",
      "Segments": [
        0,
        0,
        2,
        8,
        0
      ]
    },
    {
      "Target": "PartOpacity",
      "Id": "Part",
      "Segments": [
        0,
        1,
        2,
        8,
        1
      ]
    },
    {
      "Target": "PartOpacity",
      "Id": "Part20",
      "Segments": [
        0,
        0,
        2,
        8,
        0
      ]
    },
    {
      "Target": "PartOpacity",
      "Id": "Part29",
      "Segments": [
        0,
        1,
        2,
        8,
        1
      ]
    },
    {
      "Target": "PartOpacity",
      "Id": "Part16",
      "Segments": [
        0,
        1,
        2,
        8,
        1
      ]
    },
    {
      "Target": "PartOpacity",
      "Id": "Part17",
      "Segments": [
        0,
        1,
        2,
        8,
        1
      ]
    },
    {
      "Target": "PartOpacity",
      "Id": "Part26",
      "Segments": [
        0,
        1,
        2,
        8,
        1
      ]
    },
    {
      "Target": "PartOpacity",
      "Id": "Part19",
      "Segments": [
        0,
        1,
        2,
        8,
        1
      ]
    },
    {
      "Target": "PartOpacity",
      "Id": "Part23",
      "Segments": [
        0,
        1,
        2,
        8,
        1
      ]
    },
    {
      "Target": "PartOpacity",
      "Id": "Part13",
      "Segments": [
        0,
        1,
        2,
        8,
        1
      ]
    },
    {
      "Target": "PartOpacity",
      "Id": "Part24",
      "Segments": [
        0,
        1,
        2,
        8,
        1
      ]
    },
    {
      "Target": "PartOpacity",
      "Id": "Part18",
      "Segments": [
        0,
        1,
        2,
        8,
        1
      ]
    },
    {
      "Target": "PartOpacity",
      "Id": "Part15",
      "Segments": [
        0,
        1,
        2,
        8,
        1
      ]
    },
    {
      "Target": "PartOpacity",
      "Id": "Part12",
      "Segments": [
        0,
        1,
        2,
        8,
        1
      ]
    },
    {
      "Target": "PartOpacity",
      "Id": "Part14",
      "Segments": [
        0,
        1,
        2,
        8,
        1
      ]
    },
    {
      "Target": "Model",
      "Id": "Opacity",
      "Segments": [
        0,
        1,
        0,
        8,
        1
      ]
    },
    {
      "Target": "Parameter",
      "Id": "Body_Pose1",
      "Segments": [
        0,
        -30,
        0,
        8,
        -30
      ]
    },
    {
      "Target": "Parameter",
      "Id": "BodyX",
      "Segments": [
        0,
        26,
        0,
        8,
        26
      ]
    },
    {
      "Target": "Parameter",
      "Id": "BrowR_Form2",
      "Segments": [
        0,
        1,
        0,
        8,
        1
      ]
    },
    {
      "Target": "Parameter",
      "Id": "BrowL_Form2",
      "Segments": [
        0,
        1,
        0,
        8,
        1
      ]
    },
    {
      "Target": "Parameter",
      "Id": "Eyeball_Size",
      "Segments": [
        0,
        0,
        0,
        8,
        0
      ]
    },
    {
      "Target": "Parameter",
      "Id": "HighlightX",
      "Segments": [
        0,
        0,
        0,
        8,
        0
      ]
    },
    {
      "Target": "Parameter",
      "Id": "EyeR_Open",
      "Segments": [
        0,
        1,
        0,
        8,
        1
      ]
    },
    {
      "Target": "Parameter",
      "Id": "EyeL_Open",
      "Segments": [
        0,
        1,
        0,
        8,
        1
      ]
    },
    {
      "Target": "Parameter",
      "Id": "Smile_Form",
      "Segments": [
        0,
        1,
        0,
        8,
        1
      ]
    },
    {
      "Target": "Parameter",
      "Id": "MouthForm2",
      "Segments": [
        0,
        -24,
        0,
        8,
        -24
      ]
    },
    {
      "Target": "Parameter",
      "Id": "MouthForm",
      "Segments": [
        0,
        -26,
        0,
        8,
        -26
      ]
    },
    {
      "Target": "Parameter",
      "Id": "Mouth_Open",
      "Segments": [
        0,
        1,
        0,
        8,
        1
      ]
    },
    {
      "Target": "Parameter",
      "Id": "Mouth_Size",
      "Segments": [
        0,
        1,
        0,
        8,
        1
      ]
    },
    {
      "Target": "Parameter",
      "Id": "ArmR_Form2",
      "Segments": [
        0,
        0,
        0,
        8,
        0
      ]
    },
    {
      "Target": "Parameter",
      "Id": "ArmR_Form",
      "Segments": [
        0,
        0,
        0,
        8,
        0
      ]
    },
    {
      "Target": "Parameter",
      "Id": "ArmL_Form2",
      "Segments": [
        0,
        0,
        0,
        8,
        0
      ]
    },
    {
      "Target": "Parameter",
      "Id": "ArmL_Form",
      "Segments": [
        0,
        0,
        0,
        8,
        0
      ]
    },
    {
      "Target": "Parameter",
      "Id": "ArmR_Sup_Form",
      "Segments": [
        0,
        0,
        0,
        8,
        0
      ]
    },
    {
      "Target": "Parameter",
      "Id": "ArmL_Sup_Form",
      "Segments": [
        0,
        0,
        0,
        8,
        0
      ]
    },
    {
      "Target": "Parameter",
      "Id": "ArmR_Move03",
      "Segments": [
        0,
        0,
        0,
        8,
        0
      ]
    },
    {
      "Target": "Parameter",
      "Id": "LegR_Roll",
      "Segments": [
        0,
        0,
        0,
        8,
        0
      ]
    },
    {
      "Target": "Parameter",
      "Id": "LegL_Roll",
      "Segments": [
        0,
        0,
        0,
        8,
        0
      ]
    },
    {
      "Target": "Parameter",
      "Id": "Lowerbody_Roll",
      "Segments": [
        0,
        0,
        0,
        8,
        0
      ]
    }
  ],
  "UserData": [
    {
      "Time": 0.0,
      "Value": ""
    }
  ]
}