{
  "Version": 3,
  "Meta": {
    "Duration": 1.233,
    "Fps": 30.0,
    "Loop": true,
    "AreBeziersRestricted": true,
    "CurveCount": 85,
    "TotalSegmentCount": 150,
    "TotalPointCount": 276,
    "UserDataCount": 1,
    "TotalUserDataSize": 0
  },
  "Curves": [
    {
      "Target": "Parameter",
      "Id": "Breath",
      "Segments": [
        0,
        0.074,
        1,
        0.167,
        0.306,
        0.333,
        1,
        0.5,
        1,
        0,
        1.233,
        0
      ]
    },
    {
      "Target": "Parameter",
      "Id": "Body_Shaking",
      "Segments": [
        0,
        -1.029,
        1,
        0.267,
        -6.296,
        0.533,
        -30,
        0.8,
        -30,
        2,
        1.233,
        -30
      ]
    },
    {
      "Target": "Parameter",
      "Id": "BodyY",
      "Segments": [
        0,
        -1.728,
        1,
        0.078,
        -4.08,
        0.155,
        -8,
        0.233,
        -8,
        0,
        0.633,
        6.528,
        0,
        0.867,
        -2.86,
        0,
        1.233,
        0
      ]
    },
    {
      "Target": "Parameter",
      "Id": "Param22",
      "Segments": [
        0,
        -0.394,
        1,
        0.311,
        -2.763,
        0.622,
        -15,
        0.933,
        -15,
        0,
        1.233,
        -13
      ]
    },
    {
      "Target": "Parameter",
      "Id": "Body_Pose1",
      "Segments": [
        0,
        -6.48,
        1,
        0.078,
        -15.3,
        0.155,
        -30,
        0.233,
        -30,
        0,
        0.7,
        25,
        0,
        1.067,
        8,
        1,
        1.122,
        7.826,
        1.178,
        7.681,
        1.233,
        8.388
      ]
    },
    {
      "Target": "Parameter",
      "Id": "Waist_Roll",
      "Segments": [
        0,
        -0.648,
        1,
        0.078,
        -1.53,
        0.155,
        -3,
        0.233,
        -3,
        1,
        0.4,
        -3,
        0.566,
        6.564,
        0.733,
        8.932,
        1,
        0.9,
        11.169,
        1.066,
        11.617,
        1.233,
        12.073
      ]
    },
    {
      "Target": "Parameter",
      "Id": "BodyX",
      "Segments": [
        0,
        2.592,
        1,
        0.078,
        6.12,
        0.155,
        12,
        0.233,
        12,
        0,
        0.8,
        -8,
        2,
        1.233,
        -8
      ]
    },
    {
      "Target": "Parameter",
      "Id": "Head_AngleX",
      "Segments": [
        0,
        -1.278,
        1,
        0.089,
        -3.298,
        0.178,
        -7,
        0.267,
        -7,
        1,
        0.589,
        -7,
        0.911,
        -0.448,
        1.233,
        0
      ]
    },
    {
      "Target": "Parameter",
      "Id": "Head_AngleY",
      "Segments": [
        0,
        -5.477,
        1,
        0.089,
        -14.132,
        0.178,
        -30,
        0.267,
        -30,
        1,
        0.589,
        -30,
        0.911,
        0.665,
        1.233,
        1
      ]
    },
    {
      "Target": "Parameter",
      "Id": "Head_Roll",
      "Segments": [
        0,
        -0.404,
        1,
        0.222,
        -2.125,
        0.445,
        -8.811,
        0.667,
        -10.222,
        1,
        0.856,
        -11.276,
        1.044,
        -11.711,
        1.233,
        -12.241
      ]
    },
    {
      "Target": "Parameter",
      "Id": "Head_RollY",
      "Segments": [
        0,
        -2.592,
        1,
        0.078,
        -6.12,
        0.155,
        -12,
        0.233,
        -12,
        0,
        0.7,
        0,
        2,
        1.233,
        0
      ]
    },
    {
      "Target": "Parameter",
      "Id": "BrowRY",
      "Segments": [
        0,
        -0.14,
        1,
        0.089,
        -0.363,
        0.178,
        -0.775,
        0.267,
        -0.8,
        1,
        0.589,
        -0.89,
        0.911,
        -0.9,
        1.233,
        -0.9
      ]
    },
    {
      "Target": "Parameter",
      "Id": "BrowLY",
      "Segments": [
        0,
        -0.14,
        1,
        0.089,
        -0.363,
        0.178,
        -0.775,
        0.267,
        -0.8,
        1,
        0.589,
        -0.89,
        0.911,
        -0.9,
        1.233,
        -0.9
      ]
    },
    {
      "Target": "Parameter",
      "Id": "BrowR_Form",
      "Segments": [
        0,
        -0.082,
        1,
        0.156,
        -0.322,
        0.311,
        -1,
        0.467,
        -1,
        2,
        1.233,
        -1
      ]
    },
    {
      "Target": "Parameter",
      "Id": "BrowL_Form",
      "Segments": [
        0,
        -0.058,
        1,
        0.156,
        -0.225,
        0.311,
        -0.7,
        0.467,
        -0.7,
        2,
        1.233,
        -0.7
      ]
    },
    {
      "Target": "Parameter",
      "Id": "EyeR_Open",
      "Segments": [
        0,
        0.784,
        1,
        0.078,
        0.49,
        0.155,
        0,
        0.233,
        0,
        2,
        1.233,
        0
      ]
    },
    {
      "Target": "Parameter",
      "Id": "EyeR_Smile",
      "Segments": [
        0,
        -0.086,
        1,
        0.078,
        -0.204,
        0.155,
        -0.4,
        0.233,
        -0.4,
        2,
        1.233,
        -0.4
      ]
    },
    {
      "Target": "Parameter",
      "Id": "EyeL_Open",
      "Segments": [
        0,
        0.784,
        1,
        0.078,
        0.49,
        0.155,
        0,
        0.233,
        0,
        2,
        1.233,
        0
      ]
    },
    {
      "Target": "Parameter",
      "Id": "EyeL_Smile",
      "Segments": [
        0,
        -0.086,
        1,
        0.078,
        -0.204,
        0.155,
        -0.4,
        0.233,
        -0.4,
        2,
        1.233,
        -0.4
      ]
    },
    {
      "Target": "Parameter",
      "Id": "MouthForm2",
      "Segments": [
        0,
        -6.48,
        1,
        0.078,
        -15.3,
        0.155,
        -30,
        0.233,
        -30,
        2,
        1.233,
        -30
      ]
    },
    {
      "Target": "Parameter",
      "Id": "MouthForm",
      "Segments": [
        0,
        -3.888,
        1,
        0.078,
        -9.18,
        0.155,
        -18,
        0.233,
        -18,
        2,
        1.233,
        -18
      ]
    },
    {
      "Target": "Parameter",
      "Id": "Hair_Move",
      "Segments": [
        0,
        3.149,
        1,
        0.044,
        5.388,
        0.089,
        8,
        0.133,
        8,
        0,
        0.8,
        -9,
        0,
        1.233,
        9.724
      ]
    },
    {
      "Target": "Parameter",
      "Id": "HairFront_Move",
      "Segments": [
        0,
        0.236,
        1,
        0.044,
        0.404,
        0.089,
        0.6,
        0.133,
        0.6,
        0,
        0.8,
        -0.4,
        1,
        0.944,
        -0.4,
        1.089,
        0.196,
        1.233,
        0.377
      ]
    },
    {
      "Target": "Parameter",
      "Id": "HairSide_Move",
      "Segments": [
        0,
        0.236,
        1,
        0.044,
        0.404,
        0.089,
        0.6,
        0.133,
        0.6,
        0,
        0.8,
        -0.4,
        1,
        0.944,
        -0.4,
        1.089,
        0.207,
        1.233,
        0.417
      ]
    },
    {
      "Target": "Parameter",
      "Id": "HairBack_Move",
      "Segments": [
        0,
        0.197,
        1,
        0.044,
        0.337,
        0.089,
        0.5,
        0.133,
        0.5,
        0,
        0.8,
        -0.3,
        1,
        0.944,
        -0.3,
        1.089,
        -0.144,
        1.233,
        0.013
      ]
    },
    {
      "Target": "Parameter",
      "Id": "ShoulderRY",
      "Segments": [
        0,
        0.708,
        1,
        0.122,
        2.296,
        0.245,
        6,
        0.367,
        6,
        0,
        0.9,
        -9,
        2,
        1.233,
        -9
      ]
    },
    {
      "Target": "Parameter",
      "Id": "ShoulderLY",
      "Segments": [
        0,
        1.653,
        1,
        0.122,
        5.357,
        0.245,
        14,
        0.367,
        14,
        0,
        0.9,
        11,
        2,
        1.233,
        11
      ]
    },
    {
      "Target": "Parameter",
      "Id": "ShoulderR_Roll",
      "Segments": [
        0,
        1.181,
        1,
        0.044,
        2.02,
        0.089,
        3,
        0.133,
        3,
        1,
        0.244,
        3,
        0.356,
        -1.697,
        0.467,
        -3.586,
        1,
        0.578,
        -5.474,
        0.689,
        -5.455,
        0.8,
        -5.455,
        1,
        0.944,
        -5.455,
        1.089,
        -4.594,
        1.233,
        -4.192
      ]
    },
    {
      "Target": "Parameter",
      "Id": "ShoulderL_Roll",
      "Segments": [
        0,
        -0.637,
        1,
        0.078,
        -1.504,
        0.155,
        -2.949,
        0.233,
        -2.949,
        1,
        0.322,
        -2.963,
        0.411,
        3.806,
        0.5,
        5.737,
        1,
        0.622,
        7.643,
        0.745,
        8.148,
        0.867,
        8.284,
        1,
        0.989,
        8.417,
        1.111,
        8.259,
        1.233,
        7.898
      ]
    },
    {
      "Target": "Parameter",
      "Id": "ArmR_Roll",
      "Segments": [
        0,
        -0.074,
        1,
        0.067,
        -0.259,
        0.133,
        -0.888,
        0.2,
        -3,
        1,
        0.356,
        -7.927,
        0.511,
        -16,
        0.667,
        -16,
        0,
        1.233,
        -12.819
      ]
    },
    {
      "Target": "Parameter",
      "Id": "ArmL_Roll",
      "Segments": [
        0,
        1.181,
        1,
        0.044,
        2.02,
        0.089,
        3,
        0.133,
        3,
        0,
        0.667,
        -3,
        0,
        1.233,
        0.942
      ]
    },
    {
      "Target": "Parameter",
      "Id": "ArmR_Sup_Form",
      "Segments": [
        0,
        0,
        2,
        0.167,
        0,
        0,
        0.733,
        -19,
        0,
        1.233,
        0
      ]
    },
    {
      "Target": "Parameter",
      "Id": "ArmL_Sup_Form",
      "Segments": [
        0,
        0,
        2,
        0.167,
        0,
        0,
        0.733,
        -18,
        0,
        1.233,
        0
      ]
    },
    {
      "Target": "Parameter",
      "Id": "Param",
      "Segments": [
        0,
        -3.034,
        1,
        0.122,
        -9.833,
        0.245,
        -25.697,
        0.367,
        -25.697,
        1,
        0.467,
        -25.697,
        0.567,
        19.513,
        0.667,
        20.956,
        1,
        0.734,
        21.918,
        0.8,
        21.625,
        0.867,
        21.625,
        1,
        0.989,
        21.625,
        1.111,
        8.702,
        1.233,
        -1.495
      ]
    },
    {
      "Target": "Parameter",
      "Id": "Bmove_01",
      "Segments": [
        0,
        -4.056,
        1,
        0.111,
        -12.249,
        0.222,
        -30,
        0.333,
        -30,
        0,
        1.033,
        22,
        1,
        1.1,
        22,
        1.166,
        22.722,
        1.233,
        17.378
      ]
    },
    {
      "Target": "Parameter",
      "Id": "ArmR_Move03",
      "Segments": [
        0,
        -4.192,
        1,
        0.067,
        -9.2,
        0.133,
        -17.466,
        0.2,
        -22,
        1,
        0.289,
        -28.045,
        0.378,
        -28,
        0.467,
        -28,
        0,
        0.833,
        12,
        0,
        1.233,
        0
      ]
    },
    {
      "Target": "Parameter",
      "Id": "HandR_Roll",
      "Segments": [
        0,
        -0.012,
        1,
        0.411,
        -0.112,
        0.822,
        -0.861,
        1.233,
        -3
      ]
    },
    {
      "Target": "Parameter",
      "Id": "HandL_Roll",
      "Segments": [
        0,
        -3.014,
        1,
        0.044,
        -5.178,
        0.089,
        -7.755,
        0.133,
        -8,
        1,
        0.366,
        -9.287,
        0.6,
        -9.924,
        0.833,
        -11,
        1,
        0.966,
        -11.615,
        1.1,
        -12.138,
        1.233,
        -13.125
      ]
    },
    {
      "Target": "Parameter",
      "Id": "LegR_Roll",
      "Segments": [
        0,
        0.048,
        1,
        0.411,
        0.433,
        0.822,
        3,
        1.233,
        3
      ]
    },
    {
      "Target": "Parameter",
      "Id": "LegL_Roll",
      "Segments": [
        0,
        0.064,
        1,
        0.411,
        0.578,
        0.822,
        4,
        1.233,
        4
      ]
    },
    {
      "Target": "PartOpacity",
      "Id": "Part2",
      "Segments": [
        0,
        1,
        2,
        1.23,
        1
      ]
    },
    {
      "Target": "PartOpacity",
      "Id": "Part22",
      "Segments": [
        0,
        1,
        2,
        1.23,
        1
      ]
    },
    {
      "Target": "PartOpacity",
      "Id": "Part3",
      "Segments": [
        0,
        1,
        2,
        1.23,
        1
      ]
    },
    {
      "Target": "PartOpacity",
      "Id": "Part10",
      "Segments": [
        0,
        1,
        2,
        1.23,
        1
      ]
    },
    {
      "Target": "PartOpacity",
      "Id": "Part4",
      "Segments": [
        0,
        1,
        2,
        1.23,
        1
      ]
    },
    {
      "Target": "PartOpacity",
      "Id": "Part9",
      "Segments": [
        0,
        1,
        2,
        1.23,
        1
      ]
    },
    {
      "Target": "PartOpacity",
      "Id": "Part5",
      "Segments": [
        0,
        1,
        2,
        1.23,
        1
      ]
    },
    {
      "Target": "PartOpacity",
      "Id": "Part6",
      "Segments": [
        0,
        1,
        2,
        1.23,
        1
      ]
    },
    {
      "Target": "PartOpacity",
      "Id": "Part39",
      "Segments": [
        0,
        1,
        2,
        1.23,
        1
      ]
    },
    {
      "Target": "PartOpacity",
      "Id": "Part7",
      "Segments": [
        0,
        1,
        2,
        1.23,
        1
      ]
    },
    {
      "Target": "PartOpacity",
      "Id": "Part40",
      "Segments": [
        0,
        1,
        2,
        1.23,
        1
      ]
    },
    {
      "Target": "PartOpacity",
      "Id": "Part30",
      "Segments": [
        0,
        1,
        2,
        1.23,
        1
      ]
    },
    {
      "Target": "PartOpacity",
      "Id": "Part8",
      "Segments": [
        0,
        1,
        2,
        1.23,
        1
      ]
    },
    {
      "Target": "PartOpacity",
      "Id": "Part11",
      "Segments": [
        0,
        1,
        2,
        1.23,
        1
      ]
    },
    {
      "Target": "PartOpacity",
      "Id": "Part",
      "Segments": [
        0,
        0,
        2,
        1.23,
        0
      ]
    },
    {
      "Target": "PartOpacity",
      "Id": "Part20",
      "Segments": [
        0,
        0,
        2,
        1.23,
        0
      ]
    },
    {
      "Target": "PartOpacity",
      "Id": "Part29",
      "Segments": [
        0,
        1,
        2,
        1.23,
        1
      ]
    },
    {
      "Target": "PartOpacity",
      "Id": "Part16",
      "Segments": [
        0,
        1,
        2,
        1.23,
        1
      ]
    },
    {
      "Target": "PartOpacity",
      "Id": "Part17",
      "Segments": [
        0,
        1,
        2,
        1.23,
        1
      ]
    },
    {
      "Target": "PartOpacity",
      "Id": "Part26",
      "Segments": [
        0,
        1,
        2,
        1.23,
        1
      ]
    },
    {
      "Target": "PartOpacity",
      "Id": "Part19",
      "Segments": [
        0,
        1,
        2,
        1.23,
        1
      ]
    },
    {
      "Target": "PartOpacity",
      "Id": "Part23",
      "Segments": [
        0,
        1,
        2,
        1.23,
        1
      ]
    },
    {
      "Target": "PartOpacity",
      "Id": "Part13",
      "Segments": [
        0,
        1,
        2,
        1.23,
        1
      ]
    },
    {
      "Target": "PartOpacity",
      "Id": "Part24",
      "Segments": [
        0,
        1,
        2,
        1.23,
        1
      ]
    },
    {
      "Target": "PartOpacity",
      "Id": "Part18",
      "Segments": [
        0,
        1,
        2,
        1.23,
        1
      ]
    },
    {
      "Target": "PartOpacity",
      "Id": "Part15",
      "Segments": [
        0,
        1,
        2,
        1.23,
        1
      ]
    },
    {
      "Target": "PartOpacity",
      "Id": "Part12",
      "Segments": [
        0,
        1,
        2,
        1.23,
        1
      ]
    },
    {
      "Target": "PartOpacity",
      "Id": "Part14",
      "Segments": [
        0,
        1,
        2,
        1.23,
        1
      ]
    },
    {
      "Target": "Model",
      "Id": "Opacity",
      "Segments": [
        0,
        1,
        0,
        1.233,
        1
      ]
    },
    {
      "Target": "Parameter",
      "Id": "EyeBallX",
      "Segments": [
        0,
        0,
        0,
        1.233,
        0
      ]
    },
    {
      "Target": "Parameter",
      "Id": "EyeBallY",
      "Segments": [
        0,
        0,
        0,
        1.233,
        0
      ]
    },
    {
      "Target": "Parameter",
      "Id": "BrowR_Form2",
      "Segments": [
        0,
        1,
        0,
        1.233,
        1
      ]
    },
    {
      "Target": "Parameter",
      "Id": "BrowL_Form2",
      "Segments": [
        0,
        1,
        0,
        1.233,
        1
      ]
    },
    {
      "Target": "Parameter",
      "Id": "BrowR_Angle",
      "Segments": [
        0,
        0,
        0,
        1.233,
        0
      ]
    },
    {
      "Target": "Parameter",
      "Id": "BrowL_Angle",
      "Segments": [
        0,
        0,
        0,
        1.233,
        0
      ]
    },
    {
      "Target": "Parameter",
      "Id": "Eyeball_Size",
      "Segments": [
        0,
        0,
        0,
        1.233,
        0
      ]
    },
    {
      "Target": "Parameter",
      "Id": "HighlightX",
      "Segments": [
        0,
        0,
        0,
        1.233,
        0
      ]
    },
    {
      "Target": "Parameter",
      "Id": "Smile_Form",
      "Segments": [
        0,
        1,
        0,
        1.233,
        1
      ]
    },
    {
      "Target": "Parameter",
      "Id": "Mouth_Open",
      "Segments": [
        0,
        1,
        0,
        1.233,
        1
      ]
    },
    {
      "Target": "Parameter",
      "Id": "Mouth_Size",
      "Segments": [
        0,
        1,
        0,
        1.233,
        1
      ]
    },
    {
      "Target": "Parameter",
      "Id": "ArmR_Form2",
      "Segments": [
        0,
        0,
        0,
        1.233,
        0
      ]
    },
    {
      "Target": "Parameter",
      "Id": "ArmR_Form",
      "Segments": [
        0,
        0,
        0,
        1.233,
        0
      ]
    },
    {
      "Target": "Parameter",
      "Id": "ArmL_Form2",
      "Segments": [
        0,
        0,
        0,
        1.233,
        0
      ]
    },
    {
      "Target": "Parameter",
      "Id": "ArmL_Form",
      "Segments": [
        0,
        0,
        0,
        1.233,
        0
      ]
    },
    {
      "Target": "Parameter",
      "Id": "Lowerbody_Roll",
      "Segments": [
        0,
        0,
        0,
        1.233,
        0
      ]
    }
  ],
  "UserData": [
    {
      "Time": 0.0,
      "Value": ""
    }
  ]
}