{
  "Version": 3,
  "Meta": {
    "Duration": 1.17,
    "Fps": 30.0,
    "Loop": true,
    "AreBeziersRestricted": true,
    "CurveCount": 85,
    "TotalSegmentCount": 126,
    "TotalPointCount": 220,
    "UserDataCount": 1,
    "TotalUserDataSize": 0
  },
  "Curves": [
    {
      "Target": "Parameter",
      "Id": "Breath",
      "Segments": [
        0,
        0.171,
        1,
        0.156,
        0.457,
        0.311,
        1,
        0.467,
        1,
        0,
        1.167,
        0
      ]
    },
    {
      "Target": "Parameter",
      "Id": "Body_Shaking",
      "Segments": [
        0,
        2.496,
        1,
        0.222,
        8.64,
        0.445,
        24,
        0.667,
        24,
        1,
        0.834,
        24,
        1,
        23.887,
        1.167,
        22.346
      ]
    },
    {
      "Target": "Parameter",
      "Id": "BodyY",
      "Segments": [
        0,
        -1.24,
        1,
        0.222,
        -4.333,
        0.445,
        -12.332,
        0.667,
        -15,
        1,
        0.834,
        -15.811,
        1,
        -15.83,
        1.167,
        -15.83
      ]
    },
    {
      "Target": "Parameter",
      "Id": "Param22",
      "Segments": [
        0,
        -0.456,
        1,
        0.222,
        -1.638,
        0.445,
        -4.996,
        0.667,
        -9,
        1,
        0.834,
        -12.003,
        1,
        -14.305,
        1.167,
        -16.109
      ]
    },
    {
      "Target": "Parameter",
      "Id": "Body_Pose1",
      "Segments": [
        0,
        -1.662,
        1,
        0.333,
        -7.959,
        0.667,
        -30,
        1,
        -30,
        2,
        1.167,
        -30
      ]
    },
    {
      "Target": "Parameter",
      "Id": "Waist_Roll",
      "Segments": [
        0,
        -0.87,
        1,
        0.222,
        -3.034,
        0.445,
        -8.584,
        0.667,
        -10,
        1,
        0.834,
        -10.616,
        1,
        -10.732,
        1.167,
        -10.732
      ]
    },
    {
      "Target": "Parameter",
      "Id": "BodyX",
      "Segments": [
        0,
        1.61,
        1,
        0.311,
        7.282,
        0.622,
        26,
        0.933,
        26,
        2,
        1.167,
        26
      ]
    },
    {
      "Target": "Parameter",
      "Id": "Head_AngleX",
      "Segments": [
        0,
        -1.375,
        1,
        0.267,
        -5.557,
        0.533,
        -18.203,
        0.8,
        -24.222,
        1,
        0.922,
        -25.87,
        1.045,
        -27.174,
        1.167,
        -27.923
      ]
    },
    {
      "Target": "Parameter",
      "Id": "Head_AngleY",
      "Segments": [
        0,
        -1.086,
        1,
        0.267,
        -4.348,
        0.533,
        -13.923,
        0.8,
        -15.222,
        1,
        0.922,
        -15.652,
        1.045,
        -15.652,
        1.167,
        -15.792
      ]
    },
    {
      "Target": "Parameter",
      "Id": "Head_Roll",
      "Segments": [
        0,
        -0.387,
        1,
        0.389,
        -2.109,
        0.778,
        -9,
        1.167,
        -9
      ]
    },
    {
      "Target": "Parameter",
      "Id": "Head_RollY",
      "Segments": [
        0,
        -0.73,
        1,
        0.389,
        -3.984,
        0.778,
        -17,
        1.167,
        -17
      ]
    },
    {
      "Target": "Parameter",
      "Id": "EyeBallX",
      "Segments": [
        0,
        0.047,
        1,
        0.267,
        0.189,
        0.533,
        0.6,
        0.8,
        0.6,
        1,
        0.922,
        0.6,
        1.045,
        0.602,
        1.167,
        0.599
      ]
    },
    {
      "Target": "Parameter",
      "Id": "EyeBallY",
      "Segments": [
        0,
        -0.032,
        1,
        0.267,
        -0.126,
        0.533,
        -0.4,
        0.8,
        -0.4,
        2,
        1.167,
        -0.4
      ]
    },
    {
      "Target": "Parameter",
      "Id": "BrowRY",
      "Segments": [
        0,
        0,
        2,
        0.3,
        0,
        0,
        0.833,
        -0.2,
        2,
        1.167,
        -0.2
      ]
    },
    {
      "Target": "Parameter",
      "Id": "BrowLY",
      "Segments": [
        0,
        0,
        2,
        0.3,
        0,
        0,
        0.833,
        -0.2,
        2,
        1.167,
        -0.2
      ]
    },
    {
      "Target": "Parameter",
      "Id": "BrowR_Form",
      "Segments": [
        0,
        -0.109,
        1,
        0.167,
        -0.306,
        0.333,
        -0.7,
        0.5,
        -0.7,
        2,
        1.167,
        -0.7
      ]
    },
    {
      "Target": "Parameter",
      "Id": "BrowL_Form",
      "Segments": [
        0,
        -0.109,
        1,
        0.167,
        -0.306,
        0.333,
        -0.7,
        0.5,
        -0.7,
        2,
        1.167,
        -0.7
      ]
    },
    {
      "Target": "Parameter",
      "Id": "BrowR_Angle",
      "Segments": [
        0,
        -0.156,
        1,
        0.167,
        -0.438,
        0.333,
        -1,
        0.5,
        -1,
        2,
        1.167,
        -1
      ]
    },
    {
      "Target": "Parameter",
      "Id": "BrowL_Angle",
      "Segments": [
        0,
        0.156,
        1,
        0.167,
        0.438,
        0.333,
        1,
        0.5,
        1,
        2,
        1.167,
        1
      ]
    },
    {
      "Target": "Parameter",
      "Id": "Eyeball_Size",
      "Segments": [
        0,
        -0.312,
        1,
        0.167,
        -0.875,
        0.333,
        -2,
        0.5,
        -2,
        2,
        1.167,
        -2
      ]
    },
    {
      "Target": "Parameter",
      "Id": "HighlightX",
      "Segments": [
        0,
        0,
        1,
        0.389,
        0.001,
        0.778,
        0.004,
        1.167,
        0.004
      ]
    },
    {
      "Target": "Parameter",
      "Id": "MouthForm",
      "Segments": [
        0,
        -3.906,
        1,
        0.167,
        -10.938,
        0.333,
        -25,
        0.5,
        -25,
        2,
        1.167,
        -25
      ]
    },
    {
      "Target": "Parameter",
      "Id": "Hair_Move",
      "Segments": [
        0,
        6.414,
        1,
        0.022,
        7.347,
        0.045,
        8,
        0.067,
        8,
        0,
        0.733,
        -9,
        0,
        1.167,
        10.918
      ]
    },
    {
      "Target": "Parameter",
      "Id": "HairFront_Move",
      "Segments": [
        0,
        0.102,
        1,
        0.078,
        0.179,
        0.155,
        0.272,
        0.233,
        0.272,
        0,
        1.167,
        -0.105
      ]
    },
    {
      "Target": "Parameter",
      "Id": "HairSide_Move",
      "Segments": [
        0,
        0.102,
        1,
        0.078,
        0.179,
        0.155,
        0.272,
        0.233,
        0.272,
        0,
        1.167,
        -0.099
      ]
    },
    {
      "Target": "Parameter",
      "Id": "HairBack_Move",
      "Segments": [
        0,
        0.188,
        1,
        0.078,
        0.33,
        0.155,
        0.5,
        0.233,
        0.5,
        0,
        1.167,
        -0.233
      ]
    },
    {
      "Target": "Parameter",
      "Id": "ShoulderRY",
      "Segments": [
        0,
        -0.021,
        1,
        0.222,
        -0.072,
        0.445,
        -0.199,
        0.667,
        -0.199,
        1,
        0.834,
        -0.199,
        1,
        -0.199,
        1.167,
        -0.189
      ]
    },
    {
      "Target": "Parameter",
      "Id": "ShoulderLY",
      "Segments": [
        0,
        -0.093,
        1,
        0.2,
        -0.317,
        0.4,
        -0.948,
        0.6,
        -2.013,
        1,
        0.789,
        -2.839,
        0.978,
        -3.462,
        1.167,
        -3.83
      ]
    },
    {
      "Target": "Parameter",
      "Id": "ShoulderR_Roll",
      "Segments": [
        0,
        0.624,
        1,
        0.244,
        2.35,
        0.489,
        7.174,
        0.733,
        8.95,
        1,
        0.878,
        9.766,
        1.022,
        10.083,
        1.167,
        10.083
      ]
    },
    {
      "Target": "Parameter",
      "Id": "ShoulderL_Roll",
      "Segments": [
        0,
        0,
        2,
        0.7,
        0,
        1,
        0.856,
        0,
        1.011,
        -0.255,
        1.167,
        -0.504
      ]
    },
    {
      "Target": "Parameter",
      "Id": "ArmR_Roll",
      "Segments": [
        0,
        -0.944,
        1,
        0.2,
        -3.054,
        0.4,
        -8.121,
        0.6,
        -10.094,
        1,
        0.789,
        -11.339,
        0.978,
        -12.94,
        1.167,
        -13
      ]
    },
    {
      "Target": "Parameter",
      "Id": "ArmL_Roll",
      "Segments": [
        0,
        0.077,
        1,
        0.267,
        0.316,
        0.533,
        1.088,
        0.8,
        1.991,
        1,
        0.922,
        2.405,
        1.045,
        2.665,
        1.167,
        2.837
      ]
    },
    {
      "Target": "Parameter",
      "Id": "Param",
      "Segments": [
        0,
        -6.268,
        1,
        0.044,
        -8.628,
        0.089,
        -10.751,
        0.133,
        -10.751,
        0,
        0.733,
        16.433,
        1,
        0.878,
        16.433,
        1.022,
        13.973,
        1.167,
        6.405
      ]
    },
    {
      "Target": "Parameter",
      "Id": "Bmove_01",
      "Segments": [
        0,
        -5.83,
        1,
        0.044,
        -8.025,
        0.089,
        -10,
        0.133,
        -10,
        0,
        0.533,
        13,
        1,
        0.744,
        13,
        0.956,
        7.531,
        1.167,
        -3.834
      ]
    },
    {
      "Target": "Parameter",
      "Id": "HandL_Roll",
      "Segments": [
        0,
        -0.303,
        1,
        0.389,
        -1.681,
        0.778,
        -7.538,
        1.167,
        -13
      ]
    },
    {
      "Target": "PartOpacity",
      "Id": "Part2",
      "Segments": [
        0,
        1,
        2,
        1.17,
        1
      ]
    },
    {
      "Target": "PartOpacity",
      "Id": "Part22",
      "Segments": [
        0,
        1,
        2,
        1.17,
        1
      ]
    },
    {
      "Target": "PartOpacity",
      "Id": "Part3",
      "Segments": [
        0,
        1,
        2,
        1.17,
        1
      ]
    },
    {
      "Target": "PartOpacity",
      "Id": "Part10",
      "Segments": [
        0,
        1,
        2,
        1.17,
        1
      ]
    },
    {
      "Target": "PartOpacity",
      "Id": "Part4",
      "Segments": [
        0,
        1,
        2,
        1.17,
        1
      ]
    },
    {
      "Target": "PartOpacity",
      "Id": "Part9",
      "Segments": [
        0,
        0,
        2,
        1.17,
        0
      ]
    },
    {
      "Target": "PartOpacity",
      "Id": "Part5",
      "Segments": [
        0,
        1,
        2,
        1.17,
        1
      ]
    },
    {
      "Target": "PartOpacity",
      "Id": "Part6",
      "Segments": [
        0,
        1,
        2,
        1.17,
        1
      ]
    },
    {
      "Target": "PartOpacity",
      "Id": "Part39",
      "Segments": [
        0,
        1,
        2,
        1.17,
        1
      ]
    },
    {
      "Target": "PartOpacity",
      "Id": "Part7",
      "Segments": [
        0,
        1,
        2,
        1.17,
        1
      ]
    },
    {
      "Target": "PartOpacity",
      "Id": "Part40",
      "Segments": [
        0,
        1,
        2,
        1.17,
        1
      ]
    },
    {
      "Target": "PartOpacity",
      "Id": "Part30",
      "Segments": [
        0,
        1,
        2,
        1.17,
        1
      ]
    },
    {
      "Target": "PartOpacity",
      "Id": "Part8",
      "Segments": [
        0,
        1,
        2,
        1.17,
        1
      ]
    },
    {
      "Target": "PartOpacity",
      "Id": "Part11",
      "Segments": [
        0,
        1,
        2,
        0.27,
        1,
        0,
        0.47,
        0,
        2,
        1.17,
        0
      ]
    },
    {
      "Target": "PartOpacity",
      "Id": "Part",
      "Segments": [
        0,
        0,
        2,
        0.23,
        0,
        0,
        0.47,
        1,
        2,
        1.17,
        1
      ]
    },
    {
      "Target": "PartOpacity",
      "Id": "Part20",
      "Segments": [
        0,
        0,
        2,
        1.17,
        0
      ]
    },
    {
      "Target": "PartOpacity",
      "Id": "Part29",
      "Segments": [
        0,
        1,
        2,
        1.17,
        1
      ]
    },
    {
      "Target": "PartOpacity",
      "Id": "Part16",
      "Segments": [
        0,
        1,
        2,
        1.17,
        1
      ]
    },
    {
      "Target": "PartOpacity",
      "Id": "Part17",
      "Segments": [
        0,
        1,
        2,
        1.17,
        1
      ]
    },
    {
      "Target": "PartOpacity",
      "Id": "Part26",
      "Segments": [
        0,
        1,
        2,
        1.17,
        1
      ]
    },
    {
      "Target": "PartOpacity",
      "Id": "Part19",
      "Segments": [
        0,
        1,
        2,
        1.17,
        1
      ]
    },
    {
      "Target": "PartOpacity",
      "Id": "Part23",
      "Segments": [
        0,
        1,
        2,
        1.17,
        1
      ]
    },
    {
      "Target": "PartOpacity",
      "Id": "Part13",
      "Segments": [
        0,
        1,
        2,
        1.17,
        1
      ]
    },
    {
      "Target": "PartOpacity",
      "Id": "Part24",
      "Segments": [
        0,
        1,
        2,
        1.17,
        1
      ]
    },
    {
      "Target": "PartOpacity",
      "Id": "Part18",
      "Segments": [
        0,
        1,
        2,
        1.17,
        1
      ]
    },
    {
      "Target": "PartOpacity",
      "Id": "Part15",
      "Segments": [
        0,
        1,
        2,
        1.17,
        1
      ]
    },
    {
      "Target": "PartOpacity",
      "Id": "Part12",
      "Segments": [
        0,
        1,
        2,
        1.17,
        1
      ]
    },
    {
      "Target": "PartOpacity",
      "Id": "Part14",
      "Segments": [
        0,
        1,
        2,
        1.17,
        1
      ]
    },
    {
      "Target": "Model",
      "Id": "Opacity",
      "Segments": [
        0,
        1,
        0,
        1.17,
        1
      ]
    },
    {
      "Target": "Parameter",
      "Id": "BrowR_Form2",
      "Segments": [
        0,
        1,
        0,
        1.17,
        1
      ]
    },
    {
      "Target": "Parameter",
      "Id": "BrowL_Form2",
      "Segments": [
        0,
        1,
        0,
        1.17,
        1
      ]
    },
    {
      "Target": "Parameter",
      "Id": "EyeR_Open",
      "Segments": [
        0,
        1,
        0,
        1.17,
        1
      ]
    },
    {
      "Target": "Parameter",
      "Id": "EyeR_Smile",
      "Segments": [
        0,
        0.5,
        0,
        1.17,
        0.5
      ]
    },
    {
      "Target": "Parameter",
      "Id": "EyeL_Open",
      "Segments": [
        0,
        1,
        0,
        1.17,
        1
      ]
    },
    {
      "Target": "Parameter",
      "Id": "EyeL_Smile",
      "Segments": [
        0,
        0.5,
        0,
        1.17,
        0.5
      ]
    },
    {
      "Target": "Parameter",
      "Id": "Smile_Form",
      "Segments": [
        0,
        1,
        0,
        1.17,
        1
      ]
    },
    {
      "Target": "Parameter",
      "Id": "MouthForm2",
      "Segments": [
        0,
        0,
        0,
        1.17,
        0
      ]
    },
    {
      "Target": "Parameter",
      "Id": "Mouth_Open",
      "Segments": [
        0,
        1,
        0,
        1.17,
        1
      ]
    },
    {
      "Target": "Parameter",
      "Id": "Mouth_Size",
      "Segments": [
        0,
        1,
        0,
        1.17,
        1
      ]
    },
    {
      "Target": "Parameter",
      "Id": "ArmR_Form2",
      "Segments": [
        0,
        0,
        0,
        1.17,
        0
      ]
    },
    {
      "Target": "Parameter",
      "Id": "ArmR_Form",
      "Segments": [
        0,
        0,
        0,
        1.17,
        0
      ]
    },
    {
      "Target": "Parameter",
      "Id": "ArmL_Form2",
      "Segments": [
        0,
        0,
        0,
        1.17,
        0
      ]
    },
    {
      "Target": "Parameter",
      "Id": "ArmL_Form",
      "Segments": [
        0,
        0,
        0,
        1.17,
        0
      ]
    },
    {
      "Target": "Parameter",
      "Id": "ArmR_Sup_Form",
      "Segments": [
        0,
        0,
        0,
        1.17,
        0
      ]
    },
    {
      "Target": "Parameter",
      "Id": "ArmL_Sup_Form",
      "Segments": [
        0,
        0,
        0,
        1.17,
        0
      ]
    },
    {
      "Target": "Parameter",
      "Id": "ArmR_Move03",
      "Segments": [
        0,
        0,
        0,
        1.17,
        0
      ]
    },
    {
      "Target": "Parameter",
      "Id": "HandR_Roll",
      "Segments": [
        0,
        0,
        0,
        1.17,
        0
      ]
    },
    {
      "Target": "Parameter",
      "Id": "LegR_Roll",
      "Segments": [
        0,
        0,
        0,
        1.17,
        0
      ]
    },
    {
      "Target": "Parameter",
      "Id": "LegL_Roll",
      "Segments": [
        0,
        0,
        0,
        1.17,
        0
      ]
    },
    {
      "Target": "Parameter",
      "Id": "Lowerbody_Roll",
      "Segments": [
        0,
        0,
        0,
        1.17,
        0
      ]
    }
  ],
  "UserData": [
    {
      "Time": 0.0,
      "Value": ""
    }
  ]
}