{
  "Version": 3,
  "Meta": {
    "Duration": 1.333,
    "Fps": 30.0,
    "Loop": true,
    "AreBeziersRestricted": true,
    "CurveCount": 78,
    "TotalSegmentCount": 176,
    "TotalPointCount": 294,
    "UserDataCount": 1,
    "TotalUserDataSize": 0
  },
  "Curves": [
    {
      "Target": "Parameter",
      "Id": "Param31",
      "Segments": [
        0,
        0,
        1,
        0.122,
        0,
        0.245,
        -6.28,
        0.367,
        -20,
        1,
        0.422,
        -26.236,
        0.478,
        -30,
        0.533,
        -30,
        1,
        0.655,
        -30,
        0.778,
        -18.96,
        0.9,
        -11,
        1,
        1.044,
        -1.593,
        1.189,
        0,
        1.333,
        0
      ]
    },
    {
      "Target": "Parameter",
      "Id": "Param32",
      "Segments": [
        0,
        0,
        0,
        0.467,
        -8,
        0,
        0.733,
        11,
        1,
        0.822,
        10.351,
        0.911,
        -2.291,
        1,
        2,
        0,
        1.167,
        3,
        0,
        1.333,
        0
      ]
    },
    {
      "Target": "Parameter",
      "Id": "Param29",
      "Segments": [
        0,
        0,
        0,
        0.4,
        4,
        0,
        0.933,
        -25,
        1,
        1.066,
        -25,
        1.2,
        -7.733,
        1.333,
        -4.4
      ]
    },
    {
      "Target": "Parameter",
      "Id": "Param24",
      "Segments": [
        0,
        0,
        2,
        0.633,
        0,
        1,
        0.733,
        0,
        0.833,
        -7.151,
        0.933,
        -10,
        1,
        1.066,
        -13.799,
        1.2,
        -15.677,
        1.333,
        -18.315
      ]
    },
    {
      "Target": "Parameter",
      "Id": "Param5",
      "Segments": [
        0,
        0,
        0,
        0.533,
        22,
        0,
        0.8,
        0,
        2,
        1.333,
        0
      ]
    },
    {
      "Target": "Parameter",
      "Id": "Param",
      "Segments": [
        0,
        0,
        2,
        0.167,
        0,
        0,
        0.833,
        -18,
        2,
        1.333,
        -18
      ]
    },
    {
      "Target": "Parameter",
      "Id": "Param23",
      "Segments": [
        0,
        -30,
        0,
        1.333,
        30
      ]
    },
    {
      "Target": "Parameter",
      "Id": "PARAM_Pose2",
      "Segments": [
        0,
        0,
        2,
        0.167,
        0,
        0,
        0.8,
        30,
        2,
        1.333,
        30
      ]
    },
    {
      "Target": "Parameter",
      "Id": "Param3",
      "Segments": [
        0,
        0,
        1,
        0.122,
        0,
        0.245,
        10.975,
        0.367,
        15,
        1,
        0.511,
        19.757,
        0.656,
        20,
        0.8,
        20,
        1,
        0.978,
        20,
        1.155,
        16.948,
        1.333,
        11.1
      ]
    },
    {
      "Target": "Parameter",
      "Id": "Param2",
      "Segments": [
        0,
        0,
        0,
        0.533,
        -12,
        0,
        1.333,
        0
      ]
    },
    {
      "Target": "Parameter",
      "Id": "Param30",
      "Segments": [
        0,
        0,
        0,
        0.367,
        -18,
        0,
        0.633,
        21,
        0,
        0.867,
        -9,
        0,
        1.333,
        0
      ]
    },
    {
      "Target": "Parameter",
      "Id": "Param7",
      "Segments": [
        0,
        0,
        1,
        0.167,
        0,
        0.333,
        -5.506,
        0.5,
        -20,
        1,
        0.556,
        -24.831,
        0.611,
        -30,
        0.667,
        -30,
        1,
        0.789,
        -30,
        0.911,
        -17.311,
        1.033,
        -11,
        1,
        1.133,
        -5.837,
        1.233,
        -1.268,
        1.333,
        -0.8
      ]
    },
    {
      "Target": "Parameter",
      "Id": "Param4",
      "Segments": [
        0,
        0,
        0,
        0.567,
        -16,
        1,
        0.822,
        -16,
        1.078,
        -10.023,
        1.333,
        -2.642
      ]
    },
    {
      "Target": "Parameter",
      "Id": "Param15",
      "Segments": [
        0,
        0,
        0,
        0.567,
        -11,
        1,
        0.822,
        -11,
        1.078,
        -6.906,
        1.333,
        -1.816
      ]
    },
    {
      "Target": "Parameter",
      "Id": "Param18",
      "Segments": [
        0,
        0,
        2,
        0.467,
        0,
        0,
        0.733,
        -5.842,
        1,
        0.822,
        -5.842,
        0.911,
        -4.594,
        1,
        0,
        1,
        1.056,
        2.871,
        1.111,
        6.267,
        1.167,
        6.267,
        1,
        1.222,
        6.267,
        1.278,
        4.031,
        1.333,
        0
      ]
    },
    {
      "Target": "Parameter",
      "Id": "EyeR_Open",
      "Segments": [
        0,
        1,
        1,
        0.033,
        1,
        0.067,
        0.496,
        0.1,
        0.1,
        1,
        0.111,
        -0.032,
        0.122,
        0,
        0.133,
        0,
        2,
        0.2,
        0,
        1,
        0.222,
        0,
        0.245,
        0.04,
        0.267,
        0.2,
        1,
        0.289,
        0.36,
        0.311,
        0.64,
        0.333,
        0.8,
        1,
        0.355,
        0.96,
        0.378,
        1,
        0.4,
        1,
        2,
        0.833,
        1,
        2,
        1.333,
        1
      ]
    },
    {
      "Target": "Parameter",
      "Id": "ParamEyeRSmile",
      "Segments": [
        0,
        0,
        2,
        0.133,
        0,
        1,
        0.222,
        0,
        0.311,
        0.094,
        0.4,
        0.136,
        1,
        0.467,
        0.167,
        0.533,
        0.181,
        0.6,
        0.189,
        1,
        0.678,
        0.2,
        0.755,
        0.2,
        0.833,
        0.2,
        2,
        1.333,
        0.2
      ]
    },
    {
      "Target": "Parameter",
      "Id": "Param13",
      "Segments": [
        0,
        0,
        2,
        0.233,
        0,
        1,
        0.289,
        0,
        0.344,
        -0.309,
        0.4,
        -0.332,
        1,
        0.544,
        -0.393,
        0.689,
        -0.4,
        0.833,
        -0.4,
        2,
        1.333,
        -0.4
      ]
    },
    {
      "Target": "Parameter",
      "Id": "EyeL_Open",
      "Segments": [
        0,
        1,
        1,
        0.033,
        1,
        0.067,
        0.496,
        0.1,
        0.1,
        1,
        0.111,
        -0.032,
        0.122,
        0,
        0.133,
        0,
        2,
        0.2,
        0,
        1,
        0.222,
        0,
        0.245,
        0.04,
        0.267,
        0.2,
        1,
        0.289,
        0.36,
        0.311,
        0.64,
        0.333,
        0.8,
        1,
        0.355,
        0.96,
        0.378,
        1,
        0.4,
        1,
        2,
        0.833,
        1,
        2,
        1.333,
        1
      ]
    },
    {
      "Target": "Parameter",
      "Id": "ParamEyeLSmile",
      "Segments": [
        0,
        0,
        2,
        0.133,
        0,
        1,
        0.222,
        0,
        0.311,
        0.153,
        0.4,
        0.22,
        1,
        0.456,
        0.262,
        0.511,
        0.28,
        0.567,
        0.288,
        1,
        0.656,
        0.299,
        0.744,
        0.3,
        0.833,
        0.3,
        2,
        1.333,
        0.3
      ]
    },
    {
      "Target": "Parameter",
      "Id": "Param14",
      "Segments": [
        0,
        0,
        2,
        0.233,
        0,
        1,
        0.289,
        0,
        0.344,
        -0.156,
        0.4,
        -0.167,
        1,
        0.544,
        -0.197,
        0.689,
        -0.2,
        0.833,
        -0.2,
        2,
        1.333,
        -0.2
      ]
    },
    {
      "Target": "Parameter",
      "Id": "ParamBrowLY",
      "Segments": [
        0,
        0,
        1,
        0.067,
        0,
        0.133,
        -0.042,
        0.2,
        -0.1,
        1,
        0.267,
        -0.158,
        0.333,
        -0.235,
        0.4,
        -0.253,
        1,
        0.544,
        -0.294,
        0.689,
        -0.3,
        0.833,
        -0.3,
        2,
        1.333,
        -0.3
      ]
    },
    {
      "Target": "Parameter",
      "Id": "ParamBrowRY",
      "Segments": [
        0,
        0,
        2,
        0.2,
        0,
        1,
        0.267,
        0,
        0.333,
        -0.147,
        0.4,
        -0.163,
        1,
        0.544,
        -0.197,
        0.689,
        -0.2,
        0.833,
        -0.2,
        2,
        1.333,
        -0.2
      ]
    },
    {
      "Target": "Parameter",
      "Id": "ParamBrowLAngle",
      "Segments": [
        0,
        0,
        2,
        0.2,
        0,
        1,
        0.267,
        0,
        0.333,
        -0.069,
        0.4,
        -0.078,
        1,
        0.544,
        -0.098,
        0.689,
        -0.1,
        0.833,
        -0.1,
        2,
        1.333,
        -0.1
      ]
    },
    {
      "Target": "Parameter",
      "Id": "ParamBrowRAngle",
      "Segments": [
        0,
        0,
        2,
        0.2,
        0,
        1,
        0.267,
        0,
        0.333,
        -0.061,
        0.4,
        -0.073,
        1,
        0.544,
        -0.097,
        0.689,
        -0.1,
        0.833,
        -0.1,
        2,
        1.333,
        -0.1
      ]
    },
    {
      "Target": "Parameter",
      "Id": "ParamBrowLForm",
      "Segments": [
        0,
        0,
        2,
        0.2,
        0,
        1,
        0.267,
        0,
        0.333,
        -0.634,
        0.4,
        -0.654,
        1,
        0.544,
        -0.698,
        0.689,
        -0.7,
        0.833,
        -0.7,
        2,
        1.333,
        -0.7
      ]
    },
    {
      "Target": "Parameter",
      "Id": "ParamBrowLForm2",
      "Segments": [
        0,
        0,
        2,
        0.2,
        0,
        0,
        0.4,
        -0.1,
        0,
        0.833,
        0,
        2,
        1.333,
        0
      ]
    },
    {
      "Target": "Parameter",
      "Id": "ParamBrowRForm",
      "Segments": [
        0,
        0,
        2,
        0.2,
        0,
        1,
        0.267,
        0,
        0.333,
        -0.701,
        0.4,
        -0.731,
        1,
        0.544,
        -0.797,
        0.689,
        -0.8,
        0.833,
        -0.8,
        2,
        1.333,
        -0.8
      ]
    },
    {
      "Target": "Parameter",
      "Id": "ParamBrowRForm2",
      "Segments": [
        0,
        0,
        2,
        0.2,
        0,
        0,
        0.4,
        -1,
        0,
        0.833,
        0,
        2,
        1.333,
        0
      ]
    },
    {
      "Target": "Parameter",
      "Id": "ParamMouthForm",
      "Segments": [
        0,
        0,
        1,
        0.033,
        0,
        0.067,
        -0.021,
        0.1,
        -0.061,
        1,
        0.211,
        -0.196,
        0.322,
        -0.429,
        0.433,
        -0.463,
        1,
        0.566,
        -0.503,
        0.7,
        -0.5,
        0.833,
        -0.5,
        2,
        1.333,
        -0.5
      ]
    },
    {
      "Target": "Parameter",
      "Id": "Mouth_Open",
      "Segments": [
        0,
        1,
        0,
        0.4,
        0,
        0,
        0.833,
        1,
        2,
        1.333,
        1
      ]
    },
    {
      "Target": "Parameter",
      "Id": "Mouth_Size",
      "Segments": [
        0,
        0.5,
        1,
        0.111,
        0.5,
        0.222,
        -4.629,
        0.333,
        -4.785,
        1,
        0.5,
        -5.019,
        0.666,
        -5,
        0.833,
        -5,
        1,
        1,
        -5,
        1.166,
        -0.022,
        1.333,
        0
      ]
    },
    {
      "Target": "PartOpacity",
      "Id": "Part37",
      "Segments": [
        0,
        0,
        2,
        0.53,
        0.8,
        2,
        0.57,
        1,
        2,
        1.33,
        1
      ]
    },
    {
      "Target": "PartOpacity",
      "Id": "Part41",
      "Segments": [
        0,
        1,
        2,
        0.57,
        0,
        2,
        1.33,
        0
      ]
    },
    {
      "Target": "PartOpacity",
      "Id": "Part43",
      "Segments": [
        0,
        1,
        2,
        0.33,
        0,
        2,
        1.33,
        0
      ]
    },
    {
      "Target": "PartOpacity",
      "Id": "Part39",
      "Segments": [
        0,
        0,
        2,
        0.3,
        0.8,
        2,
        0.33,
        1,
        2,
        1.33,
        1
      ]
    },
    {
      "Target": "Parameter",
      "Id": "Param16",
      "Segments": [
        0,
        0,
        0,
        1.333,
        0
      ]
    },
    {
      "Target": "Parameter",
      "Id": "PARAM_ArmL_Rotaion",
      "Segments": [
        0,
        0,
        0,
        1.333,
        0
      ]
    },
    {
      "Target": "Parameter",
      "Id": "PARAM_HandL_Rotation",
      "Segments": [
        0,
        0,
        0,
        1.333,
        0
      ]
    },
    {
      "Target": "Parameter",
      "Id": "ParamEyeBallX",
      "Segments": [
        0,
        0.2,
        0,
        1.333,
        0.2
      ]
    },
    {
      "Target": "Parameter",
      "Id": "ParamEyeBallY",
      "Segments": [
        0,
        0,
        0,
        1.333,
        0
      ]
    },
    {
      "Target": "Parameter",
      "Id": "Param11",
      "Segments": [
        0,
        0,
        0,
        1.333,
        0
      ]
    },
    {
      "Target": "Parameter",
      "Id": "Param6",
      "Segments": [
        0,
        0,
        0,
        1.333,
        0
      ]
    },
    {
      "Target": "PartOpacity",
      "Id": "Part38",
      "Segments": [
        0,
        1,
        0,
        1.333,
        1
      ]
    },
    {
      "Target": "PartOpacity",
      "Id": "Part36",
      "Segments": [
        0,
        1,
        0,
        1.333,
        1
      ]
    },
    {
      "Target": "PartOpacity",
      "Id": "Part35",
      "Segments": [
        0,
        1,
        0,
        1.333,
        1
      ]
    },
    {
      "Target": "PartOpacity",
      "Id": "Part4",
      "Segments": [
        0,
        1,
        0,
        1.333,
        1
      ]
    },
    {
      "Target": "PartOpacity",
      "Id": "Part34",
      "Segments": [
        0,
        1,
        0,
        1.333,
        1
      ]
    },
    {
      "Target": "PartOpacity",
      "Id": "Part",
      "Segments": [
        0,
        1,
        0,
        1.333,
        1
      ]
    },
    {
      "Target": "PartOpacity",
      "Id": "Part40",
      "Segments": [
        0,
        1,
        0,
        1.333,
        1
      ]
    },
    {
      "Target": "PartOpacity",
      "Id": "Part2",
      "Segments": [
        0,
        1,
        0,
        1.333,
        1
      ]
    },
    {
      "Target": "PartOpacity",
      "Id": "Part5",
      "Segments": [
        0,
        1,
        0,
        1.333,
        1
      ]
    },
    {
      "Target": "PartOpacity",
      "Id": "Part8",
      "Segments": [
        0,
        1,
        0,
        1.333,
        1
      ]
    },
    {
      "Target": "PartOpacity",
      "Id": "Part3",
      "Segments": [
        0,
        1,
        0,
        1.333,
        1
      ]
    },
    {
      "Target": "PartOpacity",
      "Id": "Part9",
      "Segments": [
        0,
        1,
        0,
        1.333,
        1
      ]
    },
    {
      "Target": "PartOpacity",
      "Id": "Part16",
      "Segments": [
        0,
        1,
        0,
        1.333,
        1
      ]
    },
    {
      "Target": "PartOpacity",
      "Id": "Part14",
      "Segments": [
        0,
        1,
        0,
        1.333,
        1
      ]
    },
    {
      "Target": "PartOpacity",
      "Id": "Part15",
      "Segments": [
        0,
        1,
        0,
        1.333,
        1
      ]
    },
    {
      "Target": "PartOpacity",
      "Id": "Part17",
      "Segments": [
        0,
        1,
        0,
        1.333,
        1
      ]
    },
    {
      "Target": "PartOpacity",
      "Id": "Part10",
      "Segments": [
        0,
        1,
        0,
        1.333,
        1
      ]
    },
    {
      "Target": "PartOpacity",
      "Id": "Part26",
      "Segments": [
        0,
        1,
        0,
        1.333,
        1
      ]
    },
    {
      "Target": "PartOpacity",
      "Id": "Part27",
      "Segments": [
        0,
        1,
        0,
        1.333,
        1
      ]
    },
    {
      "Target": "PartOpacity",
      "Id": "Part11",
      "Segments": [
        0,
        1,
        0,
        1.333,
        1
      ]
    },
    {
      "Target": "PartOpacity",
      "Id": "Part12",
      "Segments": [
        0,
        1,
        0,
        1.333,
        1
      ]
    },
    {
      "Target": "PartOpacity",
      "Id": "Part18",
      "Segments": [
        0,
        1,
        0,
        1.333,
        1
      ]
    },
    {
      "Target": "PartOpacity",
      "Id": "Part29",
      "Segments": [
        0,
        1,
        0,
        1.333,
        1
      ]
    },
    {
      "Target": "PartOpacity",
      "Id": "Part19",
      "Segments": [
        0,
        1,
        0,
        1.333,
        1
      ]
    },
    {
      "Target": "PartOpacity",
      "Id": "Part30",
      "Segments": [
        0,
        1,
        0,
        1.333,
        1
      ]
    },
    {
      "Target": "PartOpacity",
      "Id": "Part42",
      "Segments": [
        0,
        1,
        0,
        1.333,
        1
      ]
    },
    {
      "Target": "PartOpacity",
      "Id": "Part20",
      "Segments": [
        0,
        1,
        0,
        1.333,
        1
      ]
    },
    {
      "Target": "PartOpacity",
      "Id": "Part21",
      "Segments": [
        0,
        1,
        0,
        1.333,
        1
      ]
    },
    {
      "Target": "PartOpacity",
      "Id": "Part22",
      "Segments": [
        0,
        1,
        0,
        1.333,
        1
      ]
    },
    {
      "Target": "PartOpacity",
      "Id": "Part25",
      "Segments": [
        0,
        1,
        0,
        1.333,
        1
      ]
    },
    {
      "Target": "PartOpacity",
      "Id": "Part6",
      "Segments": [
        0,
        1,
        0,
        1.333,
        1
      ]
    },
    {
      "Target": "PartOpacity",
      "Id": "Part28",
      "Segments": [
        0,
        1,
        0,
        1.333,
        1
      ]
    },
    {
      "Target": "PartOpacity",
      "Id": "Part24",
      "Segments": [
        0,
        1,
        0,
        1.333,
        1
      ]
    },
    {
      "Target": "PartOpacity",
      "Id": "Part23",
      "Segments": [
        0,
        1,
        0,
        1.333,
        1
      ]
    },
    {
      "Target": "PartOpacity",
      "Id": "Part13",
      "Segments": [
        0,
        1,
        0,
        1.333,
        1
      ]
    }
  ],
  "UserData": [
    {
      "Time": 0.0,
      "Value": ""
    }
  ]
}