{
  "Version": 3,
  "Meta": {
    "Duration": 1.17,
    "Fps": 30.0,
    "Loop": true,
    "AreBeziersRestricted": true,
    "CurveCount": 78,
    "TotalSegmentCount": 162,
    "TotalPointCount": 232,
    "UserDataCount": 1,
    "TotalUserDataSize": 0
  },
  "Curves": [
    {
      "Target": "Parameter",
      "Id": "Param31",
      "Segments": [
        0,
        -4.002,
        1,
        0.067,
        -7.246,
        0.133,
        -12.516,
        0.2,
        -20,
        1,
        0.256,
        -26.236,
        0.311,
        -30,
        0.367,
        -30,
        1,
        0.489,
        -30,
        0.611,
        -18.96,
        0.733,
        -11,
        1,
        0.878,
        -1.593,
        1.022,
        0,
        1.167,
        0
      ]
    },
    {
      "Target": "Parameter",
      "Id": "Param32",
      "Segments": [
        0,
        -2.332,
        1,
        0.1,
        -4.694,
        0.2,
        -8,
        0.3,
        -8,
        0,
        0.567,
        11,
        1,
        0.656,
        10.351,
        0.744,
        -2.291,
        0.833,
        2,
        0,
        1,
        3,
        0,
        1.167,
        0
      ]
    },
    {
      "Target": "Parameter",
      "Id": "Param29",
      "Segments": [
        0,
        1.505,
        1,
        0.078,
        2.639,
        0.155,
        4,
        0.233,
        4,
        0,
        0.767,
        -25,
        0,
        1.167,
        -4.4
      ]
    },
    {
      "Target": "Parameter",
      "Id": "Param24",
      "Segments": [
        0,
        0,
        2,
        0.467,
        0,
        1,
        0.567,
        0,
        0.667,
        -5.083,
        0.767,
        -10,
        1,
        0.9,
        -16.556,
        1.034,
        -18.315,
        1.167,
        -18.315
      ]
    },
    {
      "Target": "Parameter",
      "Id": "Param5",
      "Segments": [
        0,
        5.103,
        1,
        0.122,
        11.602,
        0.245,
        22,
        0.367,
        22,
        0,
        0.633,
        0,
        2,
        1.167,
        0
      ]
    },
    {
      "Target": "Parameter",
      "Id": "Param",
      "Segments": [
        0,
        0,
        0,
        0.667,
        -18,
        2,
        1.167,
        -18
      ]
    },
    {
      "Target": "Parameter",
      "Id": "Param23",
      "Segments": [
        0,
        -27.422,
        1,
        0.389,
        -15.938,
        0.778,
        30,
        1.167,
        30
      ]
    },
    {
      "Target": "Parameter",
      "Id": "Param16",
      "Segments": [
        0,
        0,
        0,
        0.633,
        30,
        2,
        1.167,
        30
      ]
    },
    {
      "Target": "Parameter",
      "Id": "Param2",
      "Segments": [
        0,
        -2.783,
        1,
        0.122,
        -6.328,
        0.245,
        -12,
        0.367,
        -12,
        0,
        1.167,
        0
      ]
    },
    {
      "Target": "Parameter",
      "Id": "Param30",
      "Segments": [
        0,
        -7.776,
        1,
        0.067,
        -12.645,
        0.133,
        -18,
        0.2,
        -18,
        0,
        0.467,
        21,
        0,
        0.7,
        -9,
        0,
        1.167,
        0
      ]
    },
    {
      "Target": "Parameter",
      "Id": "Param7",
      "Segments": [
        0,
        -1.374,
        1,
        0.111,
        -3.304,
        0.222,
        -7.456,
        0.333,
        -15,
        1,
        0.389,
        -18.772,
        0.444,
        -25,
        0.5,
        -25,
        1,
        0.622,
        -25,
        0.745,
        -19.839,
        0.867,
        -11,
        1,
        0.967,
        -3.768,
        1.067,
        -0.8,
        1.167,
        -0.8
      ]
    },
    {
      "Target": "Parameter",
      "Id": "Param18",
      "Segments": [
        0,
        0,
        2,
        0.133,
        0,
        0,
        0.567,
        -5.842,
        1,
        0.667,
        -5.842,
        0.767,
        -4.662,
        0.867,
        0,
        1,
        0.911,
        2.072,
        0.956,
        6.267,
        1,
        6.267,
        0,
        1.167,
        0
      ]
    },
    {
      "Target": "Parameter",
      "Id": "EyeR_Open",
      "Segments": [
        0,
        0.741,
        1,
        0.011,
        0.889,
        0.022,
        1,
        0.033,
        1,
        2,
        0.533,
        1,
        0,
        0.633,
        0,
        0,
        0.733,
        1,
        2,
        0.867,
        1,
        2,
        1.167,
        1
      ]
    },
    {
      "Target": "Parameter",
      "Id": "ParamEyeRSmile",
      "Segments": [
        0,
        0.926,
        1,
        0.011,
        0.972,
        0.022,
        1,
        0.033,
        1,
        2,
        0.5,
        1,
        0,
        0.867,
        -1,
        2,
        1.167,
        -1
      ]
    },
    {
      "Target": "Parameter",
      "Id": "Param13",
      "Segments": [
        0,
        -0.563,
        1,
        0.011,
        -0.586,
        0.022,
        -0.6,
        0.033,
        -0.6,
        2,
        0.5,
        -0.6,
        2,
        0.867,
        -0.6,
        2,
        1.167,
        -0.6
      ]
    },
    {
      "Target": "Parameter",
      "Id": "EyeL_Open",
      "Segments": [
        0,
        0.741,
        1,
        0.011,
        0.889,
        0.022,
        1,
        0.033,
        1,
        2,
        0.533,
        1,
        0,
        0.633,
        0,
        0,
        0.733,
        1,
        2,
        0.867,
        1,
        2,
        1.167,
        1
      ]
    },
    {
      "Target": "Parameter",
      "Id": "ParamEyeLSmile",
      "Segments": [
        0,
        0.926,
        1,
        0.011,
        0.972,
        0.022,
        1,
        0.033,
        1,
        2,
        0.5,
        1,
        0,
        0.867,
        -1,
        2,
        1.167,
        -1
      ]
    },
    {
      "Target": "Parameter",
      "Id": "Param14",
      "Segments": [
        0,
        -0.741,
        1,
        0.011,
        -0.778,
        0.022,
        -0.8,
        0.033,
        -0.8,
        2,
        0.5,
        -0.8,
        2,
        0.867,
        -0.8,
        2,
        1.167,
        -0.8
      ]
    },
    {
      "Target": "Parameter",
      "Id": "ParamEyeBallY",
      "Segments": [
        0,
        -0.185,
        1,
        0.011,
        -0.194,
        0.022,
        -0.2,
        0.033,
        -0.2,
        2,
        0.5,
        -0.2,
        0,
        0.867,
        -0.3,
        2,
        1.167,
        -0.3
      ]
    },
    {
      "Target": "Parameter",
      "Id": "Param11",
      "Segments": [
        0,
        -17.593,
        1,
        0.011,
        -18.472,
        0.022,
        -19,
        0.033,
        -19,
        2,
        0.5,
        -19,
        0,
        0.667,
        -12,
        2,
        1.167,
        -12
      ]
    },
    {
      "Target": "Parameter",
      "Id": "ParamBrowLY",
      "Segments": [
        0,
        0.926,
        1,
        0.011,
        0.972,
        0.022,
        1,
        0.033,
        1,
        2,
        0.5,
        1,
        0,
        0.733,
        0,
        2,
        0.867,
        0,
        2,
        1.167,
        0
      ]
    },
    {
      "Target": "Parameter",
      "Id": "ParamBrowRY",
      "Segments": [
        0,
        0.926,
        1,
        0.011,
        0.972,
        0.022,
        1,
        0.033,
        1,
        2,
        0.5,
        1,
        0,
        0.733,
        -0.3,
        2,
        0.867,
        -0.3,
        2,
        1.167,
        -0.3
      ]
    },
    {
      "Target": "Parameter",
      "Id": "ParamBrowLAngle",
      "Segments": [
        0,
        -0.093,
        1,
        0.011,
        -0.097,
        0.022,
        -0.1,
        0.033,
        -0.1,
        2,
        0.5,
        -0.1,
        2,
        0.867,
        -0.1,
        2,
        1.167,
        -0.1
      ]
    },
    {
      "Target": "Parameter",
      "Id": "ParamBrowRAngle",
      "Segments": [
        0,
        0.278,
        1,
        0.011,
        0.292,
        0.022,
        0.3,
        0.033,
        0.3,
        2,
        0.5,
        0.3,
        2,
        0.867,
        0.3,
        2,
        1.167,
        0.3
      ]
    },
    {
      "Target": "Parameter",
      "Id": "ParamBrowLForm",
      "Segments": [
        0,
        -0.926,
        1,
        0.011,
        -0.972,
        0.022,
        -1,
        0.033,
        -1,
        2,
        0.5,
        -1,
        2,
        0.867,
        -1,
        2,
        1.167,
        -1
      ]
    },
    {
      "Target": "Parameter",
      "Id": "ParamBrowRForm",
      "Segments": [
        0,
        -0.278,
        1,
        0.011,
        -0.292,
        0.022,
        -0.3,
        0.033,
        -0.3,
        2,
        0.5,
        -0.3,
        2,
        0.867,
        -0.3,
        2,
        1.167,
        -0.3
      ]
    },
    {
      "Target": "Parameter",
      "Id": "ParamBrowRForm2",
      "Segments": [
        0,
        -0.926,
        1,
        0.011,
        -0.972,
        0.022,
        -1,
        0.033,
        -1,
        2,
        0.5,
        -1,
        2,
        0.867,
        -1,
        2,
        1.167,
        -1
      ]
    },
    {
      "Target": "Parameter",
      "Id": "ParamMouthForm",
      "Segments": [
        0,
        0.741,
        1,
        0.011,
        0.778,
        0.022,
        0.8,
        0.033,
        0.8,
        2,
        0.5,
        0.8,
        2,
        1.167,
        0.8
      ]
    },
    {
      "Target": "Parameter",
      "Id": "Mouth_Size",
      "Segments": [
        0,
        0.5,
        2,
        0.033,
        0.5,
        2,
        0.233,
        0.5,
        0,
        0.467,
        0.7,
        0,
        1.167,
        0.5
      ]
    },
    {
      "Target": "PartOpacity",
      "Id": "Part3",
      "Segments": [
        0,
        1,
        2,
        0.67,
        1,
        2,
        1.17,
        1
      ]
    },
    {
      "Target": "Parameter",
      "Id": "PARAM_Pose2",
      "Segments": [
        0,
        0,
        0,
        1.17,
        0
      ]
    },
    {
      "Target": "Parameter",
      "Id": "Param3",
      "Segments": [
        0,
        0,
        0,
        1.17,
        0
      ]
    },
    {
      "Target": "Parameter",
      "Id": "PARAM_ArmL_Rotaion",
      "Segments": [
        0,
        0,
        0,
        1.17,
        0
      ]
    },
    {
      "Target": "Parameter",
      "Id": "PARAM_HandL_Rotation",
      "Segments": [
        0,
        0,
        0,
        1.17,
        0
      ]
    },
    {
      "Target": "Parameter",
      "Id": "Param4",
      "Segments": [
        0,
        0,
        0,
        1.17,
        0
      ]
    },
    {
      "Target": "Parameter",
      "Id": "Param15",
      "Segments": [
        0,
        0,
        0,
        1.17,
        0
      ]
    },
    {
      "Target": "Parameter",
      "Id": "ParamEyeBallX",
      "Segments": [
        0,
        0.2,
        0,
        1.17,
        0.2
      ]
    },
    {
      "Target": "Parameter",
      "Id": "ParamBrowLForm2",
      "Segments": [
        0,
        0,
        0,
        1.17,
        0
      ]
    },
    {
      "Target": "Parameter",
      "Id": "Mouth_Open",
      "Segments": [
        0,
        1,
        0,
        1.17,
        1
      ]
    },
    {
      "Target": "Parameter",
      "Id": "Param6",
      "Segments": [
        0,
        0,
        0,
        1.17,
        0
      ]
    },
    {
      "Target": "PartOpacity",
      "Id": "Part38",
      "Segments": [
        0,
        1,
        0,
        1.17,
        1
      ]
    },
    {
      "Target": "PartOpacity",
      "Id": "Part36",
      "Segments": [
        0,
        1,
        0,
        1.17,
        1
      ]
    },
    {
      "Target": "PartOpacity",
      "Id": "Part35",
      "Segments": [
        0,
        1,
        0,
        1.17,
        1
      ]
    },
    {
      "Target": "PartOpacity",
      "Id": "Part4",
      "Segments": [
        0,
        1,
        0,
        1.17,
        1
      ]
    },
    {
      "Target": "PartOpacity",
      "Id": "Part34",
      "Segments": [
        0,
        1,
        0,
        1.17,
        1
      ]
    },
    {
      "Target": "PartOpacity",
      "Id": "Part",
      "Segments": [
        0,
        1,
        0,
        1.17,
        1
      ]
    },
    {
      "Target": "PartOpacity",
      "Id": "Part40",
      "Segments": [
        0,
        1,
        0,
        1.17,
        1
      ]
    },
    {
      "Target": "PartOpacity",
      "Id": "Part2",
      "Segments": [
        0,
        1,
        0,
        1.17,
        1
      ]
    },
    {
      "Target": "PartOpacity",
      "Id": "Part5",
      "Segments": [
        0,
        1,
        0,
        1.17,
        1
      ]
    },
    {
      "Target": "PartOpacity",
      "Id": "Part8",
      "Segments": [
        0,
        1,
        0,
        1.17,
        1
      ]
    },
    {
      "Target": "PartOpacity",
      "Id": "Part9",
      "Segments": [
        0,
        1,
        0,
        1.17,
        1
      ]
    },
    {
      "Target": "PartOpacity",
      "Id": "Part16",
      "Segments": [
        0,
        1,
        0,
        1.17,
        1
      ]
    },
    {
      "Target": "PartOpacity",
      "Id": "Part14",
      "Segments": [
        0,
        1,
        0,
        1.17,
        1
      ]
    },
    {
      "Target": "PartOpacity",
      "Id": "Part15",
      "Segments": [
        0,
        1,
        0,
        1.17,
        1
      ]
    },
    {
      "Target": "PartOpacity",
      "Id": "Part17",
      "Segments": [
        0,
        1,
        0,
        1.17,
        1
      ]
    },
    {
      "Target": "PartOpacity",
      "Id": "Part10",
      "Segments": [
        0,
        1,
        0,
        1.17,
        1
      ]
    },
    {
      "Target": "PartOpacity",
      "Id": "Part26",
      "Segments": [
        0,
        1,
        0,
        1.17,
        1
      ]
    },
    {
      "Target": "PartOpacity",
      "Id": "Part27",
      "Segments": [
        0,
        1,
        0,
        1.17,
        1
      ]
    },
    {
      "Target": "PartOpacity",
      "Id": "Part11",
      "Segments": [
        0,
        1,
        0,
        1.17,
        1
      ]
    },
    {
      "Target": "PartOpacity",
      "Id": "Part12",
      "Segments": [
        0,
        1,
        0,
        1.17,
        1
      ]
    },
    {
      "Target": "PartOpacity",
      "Id": "Part18",
      "Segments": [
        0,
        1,
        0,
        1.17,
        1
      ]
    },
    {
      "Target": "PartOpacity",
      "Id": "Part29",
      "Segments": [
        0,
        1,
        0,
        1.17,
        1
      ]
    },
    {
      "Target": "PartOpacity",
      "Id": "Part19",
      "Segments": [
        0,
        1,
        0,
        1.17,
        1
      ]
    },
    {
      "Target": "PartOpacity",
      "Id": "Part37",
      "Segments": [
        0,
        0,
        0,
        1.17,
        0
      ]
    },
    {
      "Target": "PartOpacity",
      "Id": "Part41",
      "Segments": [
        0,
        1,
        0,
        1.17,
        1
      ]
    },
    {
      "Target": "PartOpacity",
      "Id": "Part30",
      "Segments": [
        0,
        1,
        0,
        1.17,
        1
      ]
    },
    {
      "Target": "PartOpacity",
      "Id": "Part42",
      "Segments": [
        0,
        1,
        0,
        1.17,
        1
      ]
    },
    {
      "Target": "PartOpacity",
      "Id": "Part43",
      "Segments": [
        0,
        1,
        0,
        1.17,
        1
      ]
    },
    {
      "Target": "PartOpacity",
      "Id": "Part39",
      "Segments": [
        0,
        0,
        0,
        1.17,
        0
      ]
    },
    {
      "Target": "PartOpacity",
      "Id": "Part20",
      "Segments": [
        0,
        1,
        0,
        1.17,
        1
      ]
    },
    {
      "Target": "PartOpacity",
      "Id": "Part21",
      "Segments": [
        0,
        1,
        0,
        1.17,
        1
      ]
    },
    {
      "Target": "PartOpacity",
      "Id": "Part22",
      "Segments": [
        0,
        1,
        0,
        1.17,
        1
      ]
    },
    {
      "Target": "PartOpacity",
      "Id": "Part25",
      "Segments": [
        0,
        1,
        0,
        1.17,
        1
      ]
    },
    {
      "Target": "PartOpacity",
      "Id": "Part6",
      "Segments": [
        0,
        1,
        0,
        1.17,
        1
      ]
    },
    {
      "Target": "PartOpacity",
      "Id": "Part28",
      "Segments": [
        0,
        1,
        0,
        1.17,
        1
      ]
    },
    {
      "Target": "PartOpacity",
      "Id": "Part24",
      "Segments": [
        0,
        1,
        0,
        1.17,
        1
      ]
    },
    {
      "Target": "PartOpacity",
      "Id": "Part23",
      "Segments": [
        0,
        1,
        0,
        1.17,
        1
      ]
    },
    {
      "Target": "PartOpacity",
      "Id": "Part13",
      "Segments": [
        0,
        1,
        0,
        1.17,
        1
      ]
    }
  ],
  "UserData": [
    {
      "Time": 0.0,
      "Value": ""
    }
  ]
}