{
  "Version": 3,
  "Meta": {
    "Duration": 1.833,
    "Fps": 30.0,
    "Loop": true,
    "AreBeziersRestricted": true,
    "CurveCount": 74,
    "TotalSegmentCount": 116,
    "TotalPointCount": 184,
    "UserDataCount": 1,
    "TotalUserDataSize": 0
  },
  "Curves": [
    {
      "Target": "Parameter",
      "Id": "Param31",
      "Segments": [
        0,
        -0.485,
        1,
        0.511,
        -3.356,
        1.022,
        -18,
        1.533,
        -18,
        0,
        1.833,
        -16.4
      ]
    },
    {
      "Target": "Parameter",
      "Id": "Param32",
      "Segments": [
        0,
        -0.549,
        1,
        0.444,
        -3.358,
        0.889,
        -16,
        1.333,
        -16,
        0,
        1.833,
        -10
      ]
    },
    {
      "Target": "Parameter",
      "Id": "Param29",
      "Segments": [
        0,
        -0.35,
        1,
        0.511,
        -2.424,
        1.022,
        -13,
        1.533,
        -13,
        0,
        1.833,
        -11.8
      ]
    },
    {
      "Target": "Parameter",
      "Id": "Param24",
      "Segments": [
        0,
        0.303,
        1,
        0.556,
        2.256,
        1.111,
        13,
        1.667,
        13,
        2,
        1.833,
        13
      ]
    },
    {
      "Target": "Parameter",
      "Id": "Param23",
      "Segments": [
        0,
        -28.884,
        1,
        0.611,
        -20.944,
        1.222,
        26.7,
        1.833,
        26.7
      ]
    },
    {
      "Target": "Parameter",
      "Id": "Param3",
      "Segments": [
        0,
        0.256,
        1,
        0.611,
        2.076,
        1.222,
        13,
        1.833,
        13
      ]
    },
    {
      "Target": "Parameter",
      "Id": "Param2",
      "Segments": [
        0,
        0.052,
        1,
        0.578,
        0.409,
        1.155,
        2.641,
        1.733,
        7,
        1,
        1.766,
        7.251,
        1.8,
        7.7,
        1.833,
        7.7
      ]
    },
    {
      "Target": "Parameter",
      "Id": "Param30",
      "Segments": [
        0,
        0.515,
        1,
        0.478,
        3.357,
        0.955,
        17,
        1.433,
        17,
        0,
        1.833,
        10
      ]
    },
    {
      "Target": "Parameter",
      "Id": "Param7",
      "Segments": [
        0,
        0,
        2,
        0.833,
        0,
        0,
        1.833,
        -3.5
      ]
    },
    {
      "Target": "Parameter",
      "Id": "Param4",
      "Segments": [
        0,
        -0.138,
        1,
        0.611,
        -1.118,
        1.222,
        -7,
        1.833,
        -7
      ]
    },
    {
      "Target": "Parameter",
      "Id": "Param18",
      "Segments": [
        0,
        -0.17,
        1,
        0.333,
        -0.842,
        0.667,
        -3.439,
        1,
        -6.9,
        1,
        1.278,
        -9.784,
        1.555,
        -10.6,
        1.833,
        -10.6
      ]
    },
    {
      "Target": "Parameter",
      "Id": "EyeR_Open",
      "Segments": [
        0,
        0.948,
        1,
        0.111,
        0.889,
        0.222,
        0.8,
        0.333,
        0.8,
        2,
        1,
        0.8,
        2,
        1.833,
        0.8
      ]
    },
    {
      "Target": "Parameter",
      "Id": "ParamEyeRSmile",
      "Segments": [
        0,
        -0.259,
        1,
        0.111,
        -0.556,
        0.222,
        -1,
        0.333,
        -1,
        2,
        1,
        -1,
        2,
        1.833,
        -1
      ]
    },
    {
      "Target": "Parameter",
      "Id": "EyeL_Open",
      "Segments": [
        0,
        0.922,
        1,
        0.111,
        0.833,
        0.222,
        0.7,
        0.333,
        0.7,
        2,
        1,
        0.7,
        2,
        1.833,
        0.7
      ]
    },
    {
      "Target": "Parameter",
      "Id": "ParamEyeLSmile",
      "Segments": [
        0,
        -0.259,
        1,
        0.111,
        -0.556,
        0.222,
        -1,
        0.333,
        -1,
        2,
        1,
        -1,
        2,
        1.833,
        -1
      ]
    },
    {
      "Target": "Parameter",
      "Id": "ParamEyeBallX",
      "Segments": [
        0,
        0.227,
        1,
        0.089,
        0.252,
        0.178,
        0.287,
        0.267,
        0.3,
        1,
        0.789,
        0.379,
        1.311,
        0.4,
        1.833,
        0.4
      ]
    },
    {
      "Target": "Parameter",
      "Id": "ParamEyeBallY",
      "Segments": [
        0,
        -0.093,
        1,
        0.089,
        -0.176,
        0.178,
        -0.286,
        0.267,
        -0.3,
        1,
        0.789,
        -0.383,
        1.311,
        -0.4,
        1.833,
        -0.4
      ]
    },
    {
      "Target": "Parameter",
      "Id": "ParamBrowLY",
      "Segments": [
        0,
        0.195,
        1,
        0.033,
        0.297,
        0.067,
        0.4,
        0.1,
        0.4,
        2,
        0.367,
        0.4,
        2,
        1,
        0.4,
        2,
        1.833,
        0.4
      ]
    },
    {
      "Target": "Parameter",
      "Id": "ParamBrowRY",
      "Segments": [
        0,
        0.194,
        1,
        0.033,
        0.322,
        0.067,
        0.46,
        0.1,
        0.5,
        1,
        0.189,
        0.606,
        0.278,
        0.6,
        0.367,
        0.6,
        2,
        1,
        0.6,
        2,
        1.833,
        0.6
      ]
    },
    {
      "Target": "Parameter",
      "Id": "ParamBrowLAngle",
      "Segments": [
        0,
        -0.334,
        1,
        0.056,
        -0.509,
        0.111,
        -0.697,
        0.167,
        -0.755,
        1,
        0.234,
        -0.824,
        0.3,
        -0.8,
        0.367,
        -0.8,
        2,
        1,
        -0.8,
        2,
        1.833,
        -0.8
      ]
    },
    {
      "Target": "Parameter",
      "Id": "ParamBrowRAngle",
      "Segments": [
        0,
        -0.336,
        1,
        0.056,
        -0.51,
        0.111,
        -0.699,
        0.167,
        -0.756,
        1,
        0.234,
        -0.823,
        0.3,
        -0.8,
        0.367,
        -0.8,
        2,
        1,
        -0.8,
        2,
        1.833,
        -0.8
      ]
    },
    {
      "Target": "Parameter",
      "Id": "ParamBrowLForm",
      "Segments": [
        0,
        -0.414,
        1,
        0.056,
        -0.631,
        0.111,
        -0.866,
        0.167,
        -0.941,
        1,
        0.234,
        -1.03,
        0.3,
        -1,
        0.367,
        -1,
        2,
        1,
        -1,
        2,
        1.833,
        -1
      ]
    },
    {
      "Target": "Parameter",
      "Id": "ParamBrowRForm",
      "Segments": [
        0,
        -0.286,
        1,
        0.056,
        -0.436,
        0.111,
        -0.6,
        0.167,
        -0.656,
        1,
        0.234,
        -0.722,
        0.3,
        -0.7,
        0.367,
        -0.7,
        2,
        1,
        -0.7,
        2,
        1.833,
        -0.7
      ]
    },
    {
      "Target": "Parameter",
      "Id": "ParamMouthForm",
      "Segments": [
        0,
        -0.34,
        1,
        0.056,
        -0.522,
        0.111,
        -0.727,
        0.167,
        -0.82,
        1,
        0.234,
        -0.932,
        0.3,
        -0.9,
        0.367,
        -0.9,
        2,
        1,
        -0.9,
        2,
        1.833,
        -0.9
      ]
    },
    {
      "Target": "Parameter",
      "Id": "Mouth_Open",
      "Segments": [
        0,
        0.5,
        1,
        0.267,
        0.869,
        0.533,
        1,
        0.8,
        1,
        2,
        1.833,
        1
      ]
    },
    {
      "Target": "Parameter",
      "Id": "Mouth_Size",
      "Segments": [
        0,
        -1,
        0,
        0.8,
        0,
        2,
        1.833,
        0
      ]
    },
    {
      "Target": "Parameter",
      "Id": "Param5",
      "Segments": [
        0,
        0,
        0,
        1.833,
        0
      ]
    },
    {
      "Target": "Parameter",
      "Id": "Param",
      "Segments": [
        0,
        0,
        0,
        1.833,
        0
      ]
    },
    {
      "Target": "Parameter",
      "Id": "Param16",
      "Segments": [
        0,
        0,
        0,
        1.833,
        0
      ]
    },
    {
      "Target": "Parameter",
      "Id": "PARAM_Pose2",
      "Segments": [
        0,
        0,
        0,
        1.833,
        0
      ]
    },
    {
      "Target": "Parameter",
      "Id": "PARAM_ArmL_Rotaion",
      "Segments": [
        0,
        0,
        0,
        1.833,
        0
      ]
    },
    {
      "Target": "Parameter",
      "Id": "PARAM_HandL_Rotation",
      "Segments": [
        0,
        0,
        0,
        1.833,
        0
      ]
    },
    {
      "Target": "Parameter",
      "Id": "Param15",
      "Segments": [
        0,
        0,
        0,
        1.833,
        0
      ]
    },
    {
      "Target": "Parameter",
      "Id": "Param13",
      "Segments": [
        0,
        0,
        0,
        1.833,
        0
      ]
    },
    {
      "Target": "Parameter",
      "Id": "Param14",
      "Segments": [
        0,
        0,
        0,
        1.833,
        0
      ]
    },
    {
      "Target": "Parameter",
      "Id": "Param11",
      "Segments": [
        0,
        0,
        0,
        1.833,
        0
      ]
    },
    {
      "Target": "Parameter",
      "Id": "ParamBrowLForm2",
      "Segments": [
        0,
        0,
        0,
        1.833,
        0
      ]
    },
    {
      "Target": "Parameter",
      "Id": "ParamBrowRForm2",
      "Segments": [
        0,
        0,
        0,
        1.833,
        0
      ]
    },
    {
      "Target": "Parameter",
      "Id": "Param6",
      "Segments": [
        0,
        0,
        0,
        1.833,
        0
      ]
    },
    {
      "Target": "PartOpacity",
      "Id": "Part38",
      "Segments": [
        0,
        1,
        0,
        1.833,
        1
      ]
    },
    {
      "Target": "PartOpacity",
      "Id": "Part36",
      "Segments": [
        0,
        1,
        0,
        1.833,
        1
      ]
    },
    {
      "Target": "PartOpacity",
      "Id": "Part35",
      "Segments": [
        0,
        1,
        0,
        1.833,
        1
      ]
    },
    {
      "Target": "PartOpacity",
      "Id": "Part4",
      "Segments": [
        0,
        1,
        0,
        1.833,
        1
      ]
    },
    {
      "Target": "PartOpacity",
      "Id": "Part34",
      "Segments": [
        0,
        1,
        0,
        1.833,
        1
      ]
    },
    {
      "Target": "PartOpacity",
      "Id": "Part",
      "Segments": [
        0,
        1,
        0,
        1.833,
        1
      ]
    },
    {
      "Target": "PartOpacity",
      "Id": "Part40",
      "Segments": [
        0,
        1,
        0,
        1.833,
        1
      ]
    },
    {
      "Target": "PartOpacity",
      "Id": "Part2",
      "Segments": [
        0,
        1,
        0,
        1.833,
        1
      ]
    },
    {
      "Target": "PartOpacity",
      "Id": "Part5",
      "Segments": [
        0,
        1,
        0,
        1.833,
        1
      ]
    },
    {
      "Target": "PartOpacity",
      "Id": "Part8",
      "Segments": [
        0,
        1,
        0,
        1.833,
        1
      ]
    },
    {
      "Target": "PartOpacity",
      "Id": "Part3",
      "Segments": [
        0,
        1,
        0,
        1.833,
        1
      ]
    },
    {
      "Target": "PartOpacity",
      "Id": "Part9",
      "Segments": [
        0,
        1,
        0,
        1.833,
        1
      ]
    },
    {
      "Target": "PartOpacity",
      "Id": "Part10",
      "Segments": [
        0,
        1,
        0,
        1.833,
        1
      ]
    },
    {
      "Target": "PartOpacity",
      "Id": "Part26",
      "Segments": [
        0,
        1,
        0,
        1.833,
        1
      ]
    },
    {
      "Target": "PartOpacity",
      "Id": "Part27",
      "Segments": [
        0,
        1,
        0,
        1.833,
        1
      ]
    },
    {
      "Target": "PartOpacity",
      "Id": "Part11",
      "Segments": [
        0,
        1,
        0,
        1.833,
        1
      ]
    },
    {
      "Target": "PartOpacity",
      "Id": "Part12",
      "Segments": [
        0,
        1,
        0,
        1.833,
        1
      ]
    },
    {
      "Target": "PartOpacity",
      "Id": "Part18",
      "Segments": [
        0,
        1,
        0,
        1.833,
        1
      ]
    },
    {
      "Target": "PartOpacity",
      "Id": "Part29",
      "Segments": [
        0,
        1,
        0,
        1.833,
        1
      ]
    },
    {
      "Target": "PartOpacity",
      "Id": "Part19",
      "Segments": [
        0,
        1,
        0,
        1.833,
        1
      ]
    },
    {
      "Target": "PartOpacity",
      "Id": "Part37",
      "Segments": [
        0,
        0,
        0,
        1.833,
        0
      ]
    },
    {
      "Target": "PartOpacity",
      "Id": "Part41",
      "Segments": [
        0,
        1,
        0,
        1.833,
        1
      ]
    },
    {
      "Target": "PartOpacity",
      "Id": "Part30",
      "Segments": [
        0,
        1,
        0,
        1.833,
        1
      ]
    },
    {
      "Target": "PartOpacity",
      "Id": "Part42",
      "Segments": [
        0,
        1,
        0,
        1.833,
        1
      ]
    },
    {
      "Target": "PartOpacity",
      "Id": "Part43",
      "Segments": [
        0,
        1,
        0,
        1.833,
        1
      ]
    },
    {
      "Target": "PartOpacity",
      "Id": "Part39",
      "Segments": [
        0,
        0,
        0,
        1.833,
        0
      ]
    },
    {
      "Target": "PartOpacity",
      "Id": "Part20",
      "Segments": [
        0,
        1,
        0,
        1.833,
        1
      ]
    },
    {
      "Target": "PartOpacity",
      "Id": "Part21",
      "Segments": [
        0,
        1,
        0,
        1.833,
        1
      ]
    },
    {
      "Target": "PartOpacity",
      "Id": "Part22",
      "Segments": [
        0,
        1,
        0,
        1.833,
        1
      ]
    },
    {
      "Target": "PartOpacity",
      "Id": "Part25",
      "Segments": [
        0,
        1,
        0,
        1.833,
        1
      ]
    },
    {
      "Target": "PartOpacity",
      "Id": "Part6",
      "Segments": [
        0,
        1,
        0,
        1.833,
        1
      ]
    },
    {
      "Target": "PartOpacity",
      "Id": "Part28",
      "Segments": [
        0,
        1,
        0,
        1.833,
        1
      ]
    },
    {
      "Target": "PartOpacity",
      "Id": "Part24",
      "Segments": [
        0,
        1,
        0,
        1.833,
        1
      ]
    },
    {
      "Target": "PartOpacity",
      "Id": "Part23",
      "Segments": [
        0,
        1,
        0,
        1.833,
        1
      ]
    },
    {
      "Target": "PartOpacity",
      "Id": "Part13",
      "Segments": [
        0,
        1,
        0,
        1.833,
        1
      ]
    }
  ],
  "UserData": [
    {
      "Time": 0.0,
      "Value": ""
    }
  ]
}