{
  "Version": 3,
  "Meta": {
    "Duration": 2.0,
    "Fps": 30.0,
    "Loop": true,
    "AreBeziersRestricted": true,
    "CurveCount": 102,
    "TotalSegmentCount": 254,
    "TotalPointCount": 388,
    "UserDataCount": 1,
    "TotalUserDataSize": 0
  },
  "Curves": [
    {
      "Target": "Parameter",
      "Id": "EyeR_PSY",
      "Segments": [
        0,
        0,
        1,
        0.667,
        10,
        1.333,
        20,
        2,
        30
      ]
    },
    {
      "Target": "Parameter",
      "Id": "EyeR_PSY2",
      "Segments": [
        0,
        0,
        1,
        0.333,
        10,
        0.667,
        20,
        1,
        30,
        1,
        1.333,
        10,
        1.667,
        -10,
        2,
        -30
      ]
    },
    {
      "Target": "Parameter",
      "Id": "EyeL_PSY",
      "Segments": [
        0,
        0,
        1,
        0.667,
        10,
        1.333,
        20,
        2,
        30
      ]
    },
    {
      "Target": "Parameter",
      "Id": "EyeL_PSY2",
      "Segments": [
        0,
        0,
        1,
        0.333,
        10,
        0.667,
        20,
        1,
        30,
        1,
        1.333,
        10,
        1.667,
        -10,
        2,
        -30
      ]
    },
    {
      "Target": "Parameter",
      "Id": "PSY",
      "Segments": [
        0,
        0,
        0,
        1,
        0.5,
        0,
        2,
        0
      ]
    },
    {
      "Target": "Parameter",
      "Id": "Breath",
      "Segments": [
        0,
        0,
        0,
        0.5,
        0.23,
        0,
        1.333,
        0,
        1,
        1.555,
        0,
        1.778,
        0.038,
        2,
        0.115
      ]
    },
    {
      "Target": "Parameter",
      "Id": "Body_Shaking",
      "Segments": [
        0,
        0,
        0,
        0.433,
        6.944,
        0,
        1.333,
        -5.83,
        1,
        1.555,
        -5.83,
        1.778,
        -0.118,
        2,
        1.267
      ]
    },
    {
      "Target": "Parameter",
      "Id": "BodyY",
      "Segments": [
        0,
        0,
        0,
        0.133,
        -8,
        0,
        0.5,
        6.008,
        1,
        0.578,
        6.008,
        0.655,
        -3.084,
        0.733,
        -5.055,
        1,
        0.811,
        -7.026,
        0.889,
        -6.901,
        0.967,
        -6.901,
        1,
        1.145,
        -6.901,
        1.322,
        -2.039,
        1.5,
        -0.569,
        1,
        1.667,
        0.372,
        1.833,
        0.673,
        2,
        0.673
      ]
    },
    {
      "Target": "Parameter",
      "Id": "Param22",
      "Segments": [
        0,
        0,
        2,
        1.133,
        0,
        1,
        1.422,
        0,
        1.711,
        -3.609,
        2,
        -5.529
      ]
    },
    {
      "Target": "Parameter",
      "Id": "Body_Pose1",
      "Segments": [
        0,
        0,
        0,
        0.367,
        17,
        1,
        0.556,
        17,
        0.744,
        -12.058,
        0.933,
        -13,
        1,
        1.011,
        -13.278,
        1.089,
        -13.168,
        1.167,
        -11.891,
        1,
        1.289,
        -7.794,
        1.411,
        -2.194,
        1.533,
        -1.608,
        1,
        1.689,
        -0.625,
        1.844,
        -0.629,
        2,
        -0.629
      ]
    },
    {
      "Target": "Parameter",
      "Id": "Waist_Roll",
      "Segments": [
        0,
        0,
        0,
        0.4,
        4,
        1,
        0.511,
        4,
        0.622,
        1.729,
        0.733,
        0,
        1,
        0.789,
        -0.864,
        0.844,
        -0.78,
        0.9,
        -0.78,
        1,
        1,
        -0.78,
        1.1,
        -0.154,
        1.2,
        0,
        1,
        1.467,
        0.412,
        1.733,
        0.746,
        2,
        0.978
      ]
    },
    {
      "Target": "Parameter",
      "Id": "Head_AngleX",
      "Segments": [
        0,
        0,
        0,
        0.133,
        -2,
        0,
        0.4,
        0,
        1,
        0.511,
        0,
        0.622,
        -0.501,
        0.733,
        -1.16,
        1,
        0.955,
        -2.477,
        1.178,
        -3,
        1.4,
        -3,
        0,
        2,
        -1
      ]
    },
    {
      "Target": "Parameter",
      "Id": "Head_AngleY",
      "Segments": [
        0,
        0,
        0,
        0.133,
        -8,
        0,
        0.4,
        19.02,
        0,
        0.733,
        -15.18,
        1,
        0.811,
        -15.18,
        0.889,
        -12.541,
        0.967,
        -10.106,
        1,
        1.189,
        -3.148,
        1.411,
        4.012,
        1.633,
        9,
        1,
        1.755,
        11.744,
        1.878,
        12,
        2,
        12
      ]
    },
    {
      "Target": "Parameter",
      "Id": "Head_Roll",
      "Segments": [
        0,
        0,
        1,
        0.133,
        0,
        0.267,
        0.135,
        0.4,
        1.5,
        1,
        0.511,
        2.637,
        0.622,
        4.62,
        0.733,
        4.62,
        1,
        1.044,
        4.62,
        1.356,
        0.512,
        1.667,
        0,
        1,
        1.778,
        -0.104,
        1.889,
        -0.141,
        2,
        -0.165
      ]
    },
    {
      "Target": "Parameter",
      "Id": "Head_RollY",
      "Segments": [
        0,
        0,
        0,
        0.133,
        -12.563,
        0,
        0.4,
        -12.544,
        0,
        0.733,
        -17.42,
        0,
        2,
        0
      ]
    },
    {
      "Target": "Parameter",
      "Id": "EyeBallX",
      "Segments": [
        0,
        0,
        2,
        0.233,
        0,
        0,
        0.567,
        0.1,
        0,
        1.2,
        0,
        1,
        1.467,
        0,
        1.733,
        0.019,
        2,
        0.02
      ]
    },
    {
      "Target": "Parameter",
      "Id": "EyeBallY",
      "Segments": [
        0,
        0,
        1,
        0.078,
        0,
        0.155,
        -0.136,
        0.233,
        -0.2,
        1,
        0.344,
        -0.291,
        0.456,
        -0.3,
        0.567,
        -0.3,
        0,
        0.867,
        -0.02,
        1,
        0.978,
        -0.02,
        1.089,
        -0.092,
        1.2,
        -0.12,
        1,
        1.467,
        -0.186,
        1.733,
        -0.2,
        2,
        -0.2
      ]
    },
    {
      "Target": "Parameter",
      "Id": "BrowRY",
      "Segments": [
        0,
        0,
        0,
        0.2,
        -0.4,
        0,
        0.4,
        0,
        2,
        2,
        0
      ]
    },
    {
      "Target": "Parameter",
      "Id": "BrowLY",
      "Segments": [
        0,
        0,
        0,
        0.2,
        -0.4,
        0,
        0.4,
        0,
        2,
        2,
        0
      ]
    },
    {
      "Target": "Parameter",
      "Id": "BrowR_Form",
      "Segments": [
        0,
        0,
        0,
        1.167,
        -0.173,
        2,
        2,
        -0.173
      ]
    },
    {
      "Target": "Parameter",
      "Id": "BrowL_Form",
      "Segments": [
        0,
        0,
        0,
        1.167,
        -0.173,
        2,
        2,
        -0.173
      ]
    },
    {
      "Target": "Parameter",
      "Id": "HighlightX",
      "Segments": [
        0,
        0,
        2,
        0.733,
        0,
        0,
        0.8,
        30,
        1,
        0.833,
        30,
        0.867,
        -30,
        0.9,
        -30,
        0,
        0.967,
        30,
        0,
        1.067,
        -30,
        0,
        1.167,
        30,
        1,
        1.189,
        30,
        1.211,
        -30,
        1.233,
        -30,
        0,
        1.333,
        30,
        0,
        1.4,
        0,
        2,
        2,
        0
      ]
    },
    {
      "Target": "Parameter",
      "Id": "EyeR_Open",
      "Segments": [
        0,
        1,
        0,
        0.2,
        0,
        2,
        0.333,
        0,
        0,
        0.467,
        1,
        2,
        2,
        1
      ]
    },
    {
      "Target": "Parameter",
      "Id": "EyeR_Smile",
      "Segments": [
        0,
        0.5,
        2,
        0.4,
        0.5,
        0,
        0.633,
        0.8,
        2,
        1.267,
        0.8,
        0,
        1.833,
        0.5,
        2,
        2,
        0.5
      ]
    },
    {
      "Target": "Parameter",
      "Id": "EyeL_Open",
      "Segments": [
        0,
        1,
        0,
        0.2,
        0,
        2,
        0.333,
        0,
        0,
        0.467,
        1,
        2,
        2,
        1
      ]
    },
    {
      "Target": "Parameter",
      "Id": "EyeL_Smile",
      "Segments": [
        0,
        0.5,
        2,
        0.4,
        0.5,
        0,
        0.633,
        0.8,
        2,
        1.267,
        0.8,
        0,
        1.833,
        0.5,
        2,
        2,
        0.5
      ]
    },
    {
      "Target": "Parameter",
      "Id": "MouthForm",
      "Segments": [
        0,
        0,
        0,
        0.4,
        -14,
        0,
        0.633,
        0,
        2,
        2,
        0
      ]
    },
    {
      "Target": "Parameter",
      "Id": "Mouth_Size",
      "Segments": [
        0,
        0.5,
        0,
        0.4,
        0.3,
        0,
        0.633,
        0.5,
        2,
        2,
        0.5
      ]
    },
    {
      "Target": "Parameter",
      "Id": "Hair_Move",
      "Segments": [
        0,
        0,
        0,
        0.433,
        8,
        0,
        0.933,
        -9,
        0,
        1.533,
        12.68,
        1,
        1.689,
        12.68,
        1.844,
        9.497,
        2,
        2.02
      ]
    },
    {
      "Target": "Parameter",
      "Id": "HairFront_Move",
      "Segments": [
        0,
        0,
        0,
        0.433,
        0.6,
        0,
        0.933,
        -0.4,
        1,
        1.133,
        -0.4,
        1.333,
        0.437,
        1.533,
        0.506,
        1,
        1.689,
        0.545,
        1.844,
        0.545,
        2,
        0.496
      ]
    },
    {
      "Target": "Parameter",
      "Id": "HairSide_Move",
      "Segments": [
        0,
        0,
        0,
        0.433,
        0.6,
        0,
        0.933,
        -0.4,
        1,
        1.166,
        -0.4,
        1.4,
        0.382,
        1.633,
        0.501,
        1,
        1.678,
        0.518,
        1.722,
        0.536,
        1.767,
        0.536,
        1,
        1.845,
        0.536,
        1.922,
        0.493,
        2,
        0.443
      ]
    },
    {
      "Target": "Parameter",
      "Id": "HairBack_Move",
      "Segments": [
        0,
        0,
        0,
        0.433,
        0.5,
        0,
        0.933,
        -0.3,
        0,
        1.667,
        0.314,
        1,
        1.778,
        0.314,
        1.889,
        0.301,
        2,
        0.217
      ]
    },
    {
      "Target": "Parameter",
      "Id": "ShoulderRY",
      "Segments": [
        0,
        0,
        0,
        0.667,
        2,
        0,
        1.4,
        0,
        0,
        2,
        4
      ]
    },
    {
      "Target": "Parameter",
      "Id": "ShoulderLY",
      "Segments": [
        0,
        0,
        0,
        0.667,
        2,
        0,
        1.2,
        0,
        0,
        2,
        5
      ]
    },
    {
      "Target": "Parameter",
      "Id": "ShoulderR_Roll",
      "Segments": [
        0,
        0,
        0,
        0.333,
        -7.42,
        1,
        0.478,
        -7.42,
        0.622,
        -6.387,
        0.767,
        -5.286,
        1,
        0.867,
        -4.567,
        0.967,
        -4.53,
        1.067,
        -4.599,
        1,
        1.378,
        -4.769,
        1.689,
        -6.55,
        2,
        -6.55
      ]
    },
    {
      "Target": "Parameter",
      "Id": "ShoulderL_Roll",
      "Segments": [
        0,
        0,
        0,
        0.333,
        6.828,
        1,
        0.466,
        6.828,
        0.6,
        0.515,
        0.733,
        -0.537,
        1,
        0.833,
        -1.105,
        0.933,
        -1.071,
        1.033,
        -0.905,
        1,
        1.355,
        -0.389,
        1.678,
        2.154,
        2,
        2.154
      ]
    },
    {
      "Target": "Parameter",
      "Id": "ArmR_Roll",
      "Segments": [
        0,
        0,
        1,
        0.056,
        0,
        0.111,
        0.634,
        0.167,
        4.997,
        1,
        0.222,
        9.36,
        0.278,
        19.004,
        0.333,
        24.868,
        1,
        0.411,
        33.077,
        0.489,
        44.785,
        0.567,
        47.672,
        1,
        0.634,
        50.146,
        0.7,
        50,
        0.767,
        50,
        0,
        2,
        49.354
      ]
    },
    {
      "Target": "Parameter",
      "Id": "ArmL_Roll",
      "Segments": [
        0,
        0,
        1,
        0.111,
        0,
        0.222,
        16.016,
        0.333,
        25,
        1,
        0.422,
        32.188,
        0.511,
        39.37,
        0.6,
        39.37,
        1,
        0.656,
        39.765,
        0.711,
        40,
        0.767,
        40,
        0,
        2,
        39.728
      ]
    },
    {
      "Target": "Parameter",
      "Id": "ArmR_Form2",
      "Segments": [
        0,
        0,
        0,
        0.3,
        -30,
        0,
        0.733,
        -19.044,
        0,
        2,
        -25.072
      ]
    },
    {
      "Target": "Parameter",
      "Id": "ArmR_Form",
      "Segments": [
        0,
        0,
        0,
        0.3,
        -50,
        2,
        1.067,
        -50,
        0,
        2,
        -46
      ]
    },
    {
      "Target": "Parameter",
      "Id": "ArmL_Form2",
      "Segments": [
        0,
        0,
        0,
        0.3,
        -30,
        0,
        0.733,
        -24.71,
        0,
        2,
        -30
      ]
    },
    {
      "Target": "Parameter",
      "Id": "ArmL_Form",
      "Segments": [
        0,
        0,
        1,
        0.1,
        0,
        0.2,
        -1.625,
        0.3,
        -13,
        1,
        0.456,
        -30.695,
        0.611,
        -46.778,
        0.767,
        -46.778,
        2,
        1.067,
        -46.778,
        0,
        2,
        -37.346
      ]
    },
    {
      "Target": "Parameter",
      "Id": "ArmR_Sup_Form",
      "Segments": [
        0,
        0,
        0,
        0.4,
        -30,
        2,
        1.067,
        -30,
        0,
        2,
        -24
      ]
    },
    {
      "Target": "Parameter",
      "Id": "ArmL_Sup_Form",
      "Segments": [
        0,
        0,
        0,
        0.4,
        -25,
        2,
        1.067,
        -25,
        0,
        2,
        -18
      ]
    },
    {
      "Target": "Parameter",
      "Id": "HandR_Roll",
      "Segments": [
        0,
        0,
        2,
        0.167,
        0,
        0,
        0.433,
        -10,
        1,
        0.522,
        -10,
        0.611,
        -4.549,
        0.7,
        -4.431,
        1,
        0.822,
        -4.269,
        0.945,
        -4.287,
        1.067,
        -4.287,
        0,
        2,
        -4.779
      ]
    },
    {
      "Target": "Parameter",
      "Id": "HandL_Roll",
      "Segments": [
        0,
        0,
        2,
        0.133,
        0,
        0,
        0.4,
        6,
        1,
        0.5,
        6,
        0.6,
        -5.665,
        0.7,
        -7.152,
        1,
        0.811,
        -8.804,
        0.922,
        -8.665,
        1.033,
        -8.665,
        0,
        2,
        -6.987
      ]
    },
    {
      "Target": "Parameter",
      "Id": "LegR_Roll",
      "Segments": [
        0,
        0,
        0,
        1.333,
        2,
        2,
        2,
        2
      ]
    },
    {
      "Target": "Parameter",
      "Id": "LegL_Roll",
      "Segments": [
        0,
        0,
        0,
        1.333,
        3,
        2,
        2,
        3
      ]
    },
    {
      "Target": "PartOpacity",
      "Id": "Part27",
      "Segments": [
        0,
        0,
        2,
        0.2,
        0,
        0,
        0.27,
        1,
        2,
        2,
        1
      ]
    },
    {
      "Target": "PartOpacity",
      "Id": "Part30",
      "Segments": [
        0,
        0,
        2,
        0.17,
        0,
        2,
        0.2,
        0,
        1,
        0.21,
        0,
        0.22,
        0.59,
        0.23,
        0.8,
        1,
        0.243,
        1.01,
        0.257,
        1,
        0.27,
        1,
        2,
        2,
        1
      ]
    },
    {
      "Target": "PartOpacity",
      "Id": "Part34",
      "Segments": [
        0,
        1,
        2,
        0.5,
        1,
        1,
        0.51,
        1,
        0.52,
        0.97,
        0.53,
        0.7,
        1,
        0.543,
        0.43,
        0.557,
        0,
        0.57,
        0,
        2,
        2,
        0
      ]
    },
    {
      "Target": "PartOpacity",
      "Id": "Part33",
      "Segments": [
        0,
        0,
        2,
        0.5,
        0,
        0,
        0.57,
        1,
        2,
        2,
        1
      ]
    },
    {
      "Target": "PartOpacity",
      "Id": "Part9",
      "Segments": [
        0,
        0,
        2,
        0.03,
        1,
        2,
        2,
        1
      ]
    },
    {
      "Target": "PartOpacity",
      "Id": "Part38",
      "Segments": [
        0,
        0,
        2,
        2,
        0
      ]
    },
    {
      "Target": "PartOpacity",
      "Id": "Part39",
      "Segments": [
        0,
        1,
        2,
        2,
        1
      ]
    },
    {
      "Target": "PartOpacity",
      "Id": "Part7",
      "Segments": [
        0,
        1,
        2,
        2,
        1
      ]
    },
    {
      "Target": "PartOpacity",
      "Id": "Part37",
      "Segments": [
        0,
        0,
        2,
        2,
        0
      ]
    },
    {
      "Target": "PartOpacity",
      "Id": "Part40",
      "Segments": [
        0,
        1,
        2,
        2,
        1
      ]
    },
    {
      "Target": "PartOpacity",
      "Id": "Part8",
      "Segments": [
        0,
        1,
        2,
        0.27,
        0,
        2,
        0.6,
        0,
        2,
        2,
        0
      ]
    },
    {
      "Target": "PartOpacity",
      "Id": "Part31",
      "Segments": [
        0,
        0,
        2,
        0.07,
        0,
        0,
        0.1,
        1,
        2,
        0.2,
        1,
        2,
        0.23,
        1,
        0,
        0.27,
        0,
        2,
        2,
        0
      ]
    },
    {
      "Target": "PartOpacity",
      "Id": "Part23",
      "Segments": [
        0,
        1,
        2,
        0.07,
        1,
        0,
        0.1,
        0,
        2,
        0.27,
        0,
        2,
        2,
        0
      ]
    },
    {
      "Target": "Model",
      "Id": "Opacity",
      "Segments": [
        0,
        1,
        0,
        2,
        1
      ]
    },
    {
      "Target": "Parameter",
      "Id": "BodyX",
      "Segments": [
        0,
        0,
        0,
        2,
        0
      ]
    },
    {
      "Target": "Parameter",
      "Id": "BrowR_Form2",
      "Segments": [
        0,
        1,
        0,
        2,
        1
      ]
    },
    {
      "Target": "Parameter",
      "Id": "BrowL_Form2",
      "Segments": [
        0,
        1,
        0,
        2,
        1
      ]
    },
    {
      "Target": "Parameter",
      "Id": "BrowR_Angle",
      "Segments": [
        0,
        0,
        0,
        2,
        0
      ]
    },
    {
      "Target": "Parameter",
      "Id": "BrowL_Angle",
      "Segments": [
        0,
        0,
        0,
        2,
        0
      ]
    },
    {
      "Target": "Parameter",
      "Id": "Eyeball_Size",
      "Segments": [
        0,
        0,
        0,
        2,
        0
      ]
    },
    {
      "Target": "Parameter",
      "Id": "Smile_Form",
      "Segments": [
        0,
        1,
        0,
        2,
        1
      ]
    },
    {
      "Target": "Parameter",
      "Id": "MouthForm3",
      "Segments": [
        0,
        0,
        0,
        2,
        0
      ]
    },
    {
      "Target": "Parameter",
      "Id": "MouthForm2",
      "Segments": [
        0,
        0,
        0,
        2,
        0
      ]
    },
    {
      "Target": "Parameter",
      "Id": "Mouth_Open",
      "Segments": [
        0,
        1,
        0,
        2,
        1
      ]
    },
    {
      "Target": "Parameter",
      "Id": "ArmR_Sup_X",
      "Segments": [
        0,
        0,
        0,
        2,
        0
      ]
    },
    {
      "Target": "Parameter",
      "Id": "ArmL_Sup_Y",
      "Segments": [
        0,
        0,
        0,
        2,
        0
      ]
    },
    {
      "Target": "Parameter",
      "Id": "HandL_Sup_Roll",
      "Segments": [
        0,
        0,
        0,
        2,
        0
      ]
    },
    {
      "Target": "Parameter",
      "Id": "HandL_Sup_move",
      "Segments": [
        0,
        0,
        0,
        2,
        0
      ]
    },
    {
      "Target": "Parameter",
      "Id": "HandR_move2",
      "Segments": [
        0,
        0,
        0,
        2,
        0
      ]
    },
    {
      "Target": "Parameter",
      "Id": "Lowerbody_Roll",
      "Segments": [
        0,
        0,
        0,
        2,
        0
      ]
    },
    {
      "Target": "PartOpacity",
      "Id": "Part14",
      "Segments": [
        0,
        1,
        0,
        2,
        1
      ]
    },
    {
      "Target": "PartOpacity",
      "Id": "Part2",
      "Segments": [
        0,
        1,
        0,
        2,
        1
      ]
    },
    {
      "Target": "PartOpacity",
      "Id": "Part3",
      "Segments": [
        0,
        1,
        0,
        2,
        1
      ]
    },
    {
      "Target": "PartOpacity",
      "Id": "Part28",
      "Segments": [
        0,
        0,
        0,
        2,
        0
      ]
    },
    {
      "Target": "PartOpacity",
      "Id": "Part10",
      "Segments": [
        0,
        1,
        0,
        2,
        1
      ]
    },
    {
      "Target": "PartOpacity",
      "Id": "Part4",
      "Segments": [
        0,
        1,
        0,
        2,
        1
      ]
    },
    {
      "Target": "PartOpacity",
      "Id": "Part5",
      "Segments": [
        0,
        1,
        0,
        2,
        1
      ]
    },
    {
      "Target": "PartOpacity",
      "Id": "Part6",
      "Segments": [
        0,
        1,
        0,
        2,
        1
      ]
    },
    {
      "Target": "PartOpacity",
      "Id": "Part15",
      "Segments": [
        0,
        1,
        0,
        2,
        1
      ]
    },
    {
      "Target": "PartOpacity",
      "Id": "Part11",
      "Segments": [
        0,
        1,
        0,
        2,
        1
      ]
    },
    {
      "Target": "PartOpacity",
      "Id": "Part",
      "Segments": [
        0,
        0,
        0,
        2,
        0
      ]
    },
    {
      "Target": "PartOpacity",
      "Id": "Part20",
      "Segments": [
        0,
        0,
        0,
        2,
        0
      ]
    },
    {
      "Target": "PartOpacity",
      "Id": "Part21",
      "Segments": [
        0,
        0,
        0,
        2,
        0
      ]
    },
    {
      "Target": "PartOpacity",
      "Id": "Part16",
      "Segments": [
        0,
        1,
        0,
        2,
        1
      ]
    },
    {
      "Target": "PartOpacity",
      "Id": "Part22",
      "Segments": [
        0,
        1,
        0,
        2,
        1
      ]
    },
    {
      "Target": "PartOpacity",
      "Id": "Part17",
      "Segments": [
        0,
        1,
        0,
        2,
        1
      ]
    },
    {
      "Target": "PartOpacity",
      "Id": "Part26",
      "Segments": [
        0,
        1,
        0,
        2,
        1
      ]
    },
    {
      "Target": "PartOpacity",
      "Id": "Part29",
      "Segments": [
        0,
        1,
        0,
        2,
        1
      ]
    },
    {
      "Target": "PartOpacity",
      "Id": "Part25",
      "Segments": [
        0,
        1,
        0,
        2,
        1
      ]
    },
    {
      "Target": "PartOpacity",
      "Id": "Part19",
      "Segments": [
        0,
        1,
        0,
        2,
        1
      ]
    },
    {
      "Target": "PartOpacity",
      "Id": "Part24",
      "Segments": [
        0,
        0,
        0,
        2,
        0
      ]
    },
    {
      "Target": "PartOpacity",
      "Id": "Part13",
      "Segments": [
        0,
        1,
        0,
        2,
        1
      ]
    },
    {
      "Target": "PartOpacity",
      "Id": "Part18",
      "Segments": [
        0,
        1,
        0,
        2,
        1
      ]
    },
    {
      "Target": "PartOpacity",
      "Id": "Part12",
      "Segments": [
        0,
        1,
        0,
        2,
        1
      ]
    }
  ],
  "UserData": [
    {
      "Time": 0.0,
      "Value": ""
    }
  ]
}