{
  "Version": 3,
  "Meta": {
    "Duration": 1.333,
    "Fps": 30.0,
    "Loop": true,
    "AreBeziersRestricted": true,
    "CurveCount": 103,
    "TotalSegmentCount": 206,
    "TotalPointCount": 318,
    "UserDataCount": 1,
    "TotalUserDataSize": 0
  },
  "Curves": [
    {
      "Target": "Parameter",
      "Id": "EyeR_PSY",
      "Segments": [
        0,
        0,
        1,
        0.444,
        10,
        0.889,
        20,
        1.333,
        30
      ]
    },
    {
      "Target": "Parameter",
      "Id": "EyeR_PSY2",
      "Segments": [
        0,
        0,
        1,
        0.444,
        10,
        0.889,
        20,
        1.333,
        30
      ]
    },
    {
      "Target": "Parameter",
      "Id": "EyeL_PSY",
      "Segments": [
        0,
        0,
        1,
        0.444,
        10,
        0.889,
        20,
        1.333,
        30
      ]
    },
    {
      "Target": "Parameter",
      "Id": "EyeL_PSY2",
      "Segments": [
        0,
        0,
        1,
        0.444,
        10,
        0.889,
        20,
        1.333,
        30
      ]
    },
    {
      "Target": "Parameter",
      "Id": "PSY",
      "Segments": [
        0,
        0,
        0,
        1.333,
        0.5
      ]
    },
    {
      "Target": "Parameter",
      "Id": "Breath",
      "Segments": [
        0,
        0,
        0,
        0.6,
        1,
        0,
        1.333,
        0
      ]
    },
    {
      "Target": "Parameter",
      "Id": "Body_Shaking",
      "Segments": [
        0,
        0,
        0,
        0.9,
        -30,
        2,
        1.333,
        -30
      ]
    },
    {
      "Target": "Parameter",
      "Id": "BodyY",
      "Segments": [
        0,
        0,
        0,
        0.333,
        -8,
        0,
        0.733,
        6.528,
        0,
        0.967,
        -2.86,
        0,
        1.333,
        0
      ]
    },
    {
      "Target": "Parameter",
      "Id": "Param22",
      "Segments": [
        0,
        0,
        0,
        1.033,
        -15,
        0,
        1.333,
        -13
      ]
    },
    {
      "Target": "Parameter",
      "Id": "Body_Pose1",
      "Segments": [
        0,
        0,
        0,
        0.333,
        -30,
        0,
        0.8,
        25,
        0,
        1.167,
        8,
        1,
        1.222,
        7.826,
        1.278,
        7.681,
        1.333,
        8.388
      ]
    },
    {
      "Target": "Parameter",
      "Id": "Waist_Roll",
      "Segments": [
        0,
        0,
        0,
        0.333,
        -3,
        1,
        0.5,
        -3,
        0.666,
        6.564,
        0.833,
        8.932,
        1,
        1,
        11.169,
        1.166,
        11.617,
        1.333,
        12.073
      ]
    },
    {
      "Target": "Parameter",
      "Id": "BodyX",
      "Segments": [
        0,
        0,
        0,
        0.333,
        12,
        0,
        0.9,
        -8,
        2,
        1.333,
        -8
      ]
    },
    {
      "Target": "Parameter",
      "Id": "Head_AngleX",
      "Segments": [
        0,
        0,
        0,
        0.233,
        -7,
        1,
        0.455,
        -7,
        0.678,
        -1.564,
        0.9,
        0,
        1,
        1.044,
        0.935,
        1.189,
        1.236,
        1.333,
        1.537
      ]
    },
    {
      "Target": "Parameter",
      "Id": "Head_AngleY",
      "Segments": [
        0,
        0,
        0,
        0.233,
        -12.688,
        1,
        0.455,
        -12.688,
        0.678,
        4.553,
        0.9,
        6.156,
        1,
        1.044,
        7.206,
        1.189,
        7.628,
        1.333,
        8.024
      ]
    },
    {
      "Target": "Parameter",
      "Id": "Head_Roll",
      "Segments": [
        0,
        0,
        0,
        0.9,
        -1.65,
        2,
        1.333,
        -1.65
      ]
    },
    {
      "Target": "Parameter",
      "Id": "Head_RollY",
      "Segments": [
        0,
        0,
        0,
        0.333,
        -12,
        0,
        0.8,
        0,
        2,
        1.333,
        0
      ]
    },
    {
      "Target": "Parameter",
      "Id": "BrowRY",
      "Segments": [
        0,
        0,
        2,
        0.3,
        0,
        0,
        0.6,
        0.6,
        1,
        0.844,
        0.6,
        1.089,
        0.386,
        1.333,
        0.3
      ]
    },
    {
      "Target": "Parameter",
      "Id": "BrowLY",
      "Segments": [
        0,
        0,
        2,
        0.3,
        0,
        0,
        0.6,
        0.6,
        1,
        0.844,
        0.6,
        1.089,
        0.386,
        1.333,
        0.3
      ]
    },
    {
      "Target": "Parameter",
      "Id": "Eyeball_Size",
      "Segments": [
        0,
        0,
        2,
        0.367,
        0,
        0,
        0.633,
        -24.415,
        0,
        0.933,
        -21,
        2,
        1.333,
        -21
      ]
    },
    {
      "Target": "Parameter",
      "Id": "EyeR_Open",
      "Segments": [
        0,
        1,
        0,
        0.167,
        0,
        2,
        0.367,
        0,
        0,
        0.667,
        1,
        2,
        1.333,
        1
      ]
    },
    {
      "Target": "Parameter",
      "Id": "EyeR_Smile",
      "Segments": [
        0,
        0,
        1,
        0.056,
        0,
        0.111,
        0.317,
        0.167,
        0.5,
        1,
        0.289,
        0.902,
        0.411,
        1,
        0.533,
        1,
        0,
        0.833,
        0.7,
        2,
        1.333,
        0.7
      ]
    },
    {
      "Target": "Parameter",
      "Id": "EyeL_Open",
      "Segments": [
        0,
        1,
        0,
        0.167,
        0,
        2,
        0.367,
        0,
        0,
        0.667,
        1,
        2,
        1.333,
        1
      ]
    },
    {
      "Target": "Parameter",
      "Id": "EyeL_Smile",
      "Segments": [
        0,
        0,
        1,
        0.056,
        0,
        0.111,
        0.317,
        0.167,
        0.5,
        1,
        0.289,
        0.902,
        0.411,
        1,
        0.533,
        1,
        0,
        0.833,
        0.7,
        2,
        1.333,
        0.7
      ]
    },
    {
      "Target": "Parameter",
      "Id": "MouthForm2",
      "Segments": [
        0,
        0,
        0,
        0.7,
        -23,
        2,
        1.333,
        -23
      ]
    },
    {
      "Target": "Parameter",
      "Id": "MouthForm",
      "Segments": [
        0,
        0,
        1,
        0.122,
        0,
        0.245,
        -15.429,
        0.367,
        -23,
        1,
        0.478,
        -29.883,
        0.589,
        -30,
        0.7,
        -30,
        2,
        1.333,
        -30
      ]
    },
    {
      "Target": "Parameter",
      "Id": "Mouth_Size",
      "Segments": [
        0,
        0.5,
        1,
        0.233,
        0.5,
        0.467,
        0.47,
        0.7,
        0.4,
        1,
        0.911,
        0.337,
        1.122,
        0.3,
        1.333,
        0.3
      ]
    },
    {
      "Target": "Parameter",
      "Id": "Hair_Move",
      "Segments": [
        0,
        0,
        0,
        0.233,
        8,
        0,
        0.9,
        -9,
        0,
        1.333,
        9.724
      ]
    },
    {
      "Target": "Parameter",
      "Id": "HairFront_Move",
      "Segments": [
        0,
        0,
        0,
        0.233,
        0.6,
        0,
        0.9,
        -0.4,
        1,
        1.044,
        -0.4,
        1.189,
        0.196,
        1.333,
        0.377
      ]
    },
    {
      "Target": "Parameter",
      "Id": "HairSide_Move",
      "Segments": [
        0,
        0,
        0,
        0.233,
        0.6,
        0,
        0.9,
        -0.4,
        1,
        1.044,
        -0.4,
        1.189,
        0.322,
        1.333,
        0.417
      ]
    },
    {
      "Target": "Parameter",
      "Id": "HairBack_Move",
      "Segments": [
        0,
        0,
        0,
        0.233,
        0.5,
        0,
        0.9,
        -0.3,
        1,
        1.044,
        -0.3,
        1.189,
        -0.144,
        1.333,
        0.013
      ]
    },
    {
      "Target": "Parameter",
      "Id": "ShoulderRY",
      "Segments": [
        0,
        0,
        0,
        0.467,
        6,
        1,
        0.645,
        6,
        0.822,
        1.787,
        1,
        -0.4,
        1,
        1.111,
        -1.227,
        1.222,
        -1.581,
        1.333,
        -1.581
      ]
    },
    {
      "Target": "Parameter",
      "Id": "ShoulderLY",
      "Segments": [
        0,
        0,
        0,
        0.467,
        14,
        0,
        1,
        -6.999,
        2,
        1.333,
        -6.999
      ]
    },
    {
      "Target": "Parameter",
      "Id": "ShoulderR_Roll",
      "Segments": [
        0,
        0,
        0,
        0.233,
        3,
        1,
        0.322,
        3,
        0.411,
        -1.431,
        0.5,
        -3.586,
        1,
        0.578,
        -5.471,
        0.655,
        -5.455,
        0.733,
        -5.455,
        1,
        0.933,
        -5.455,
        1.133,
        -2.467,
        1.333,
        -1.901
      ]
    },
    {
      "Target": "Parameter",
      "Id": "ShoulderL_Roll",
      "Segments": [
        0,
        0,
        0,
        0.333,
        -2.949,
        1,
        0.4,
        -2.963,
        0.466,
        2.464,
        0.533,
        4.262,
        1,
        0.622,
        6.084,
        0.711,
        6.557,
        0.8,
        6.555,
        1,
        0.978,
        6.555,
        1.155,
        2.963,
        1.333,
        2.707
      ]
    },
    {
      "Target": "Parameter",
      "Id": "ArmR_Sup_X",
      "Segments": [
        0,
        0,
        0,
        0.567,
        -30,
        1,
        0.634,
        -30,
        0.7,
        -12.249,
        0.767,
        -9.08,
        1,
        0.956,
        -0.102,
        1.144,
        1.92,
        1.333,
        1.92
      ]
    },
    {
      "Target": "Parameter",
      "Id": "ArmL_Sup_Y",
      "Segments": [
        0,
        0,
        0,
        0.567,
        -30,
        0,
        0.767,
        30,
        1,
        0.956,
        30,
        1.144,
        -7.078,
        1.333,
        -15
      ]
    },
    {
      "Target": "Parameter",
      "Id": "ArmR_Roll",
      "Segments": [
        0,
        0,
        1,
        0.1,
        0,
        0.2,
        -0.797,
        0.3,
        -3,
        1,
        0.356,
        -4.339,
        0.411,
        -7.226,
        0.467,
        -10.752,
        1,
        0.522,
        -14.584,
        0.578,
        -35.737,
        0.633,
        -37.52,
        1,
        0.711,
        -40.016,
        0.789,
        -40.093,
        0.867,
        -40.093,
        1,
        1.022,
        -40.093,
        1.178,
        -36.945,
        1.333,
        -34.823
      ]
    },
    {
      "Target": "Parameter",
      "Id": "ArmL_Roll",
      "Segments": [
        0,
        0,
        0,
        0.233,
        0.23,
        0,
        0.767,
        0,
        2,
        1.333,
        0
      ]
    },
    {
      "Target": "Parameter",
      "Id": "ArmR_Form",
      "Segments": [
        0,
        0,
        2,
        0.433,
        0,
        0,
        0.533,
        -35,
        2,
        1.333,
        -35
      ]
    },
    {
      "Target": "Parameter",
      "Id": "ArmL_Form2",
      "Segments": [
        0,
        0,
        0,
        0.767,
        -30,
        2,
        1.333,
        -30
      ]
    },
    {
      "Target": "Parameter",
      "Id": "ArmL_Form",
      "Segments": [
        0,
        0,
        2,
        0.4,
        0,
        0,
        0.6,
        -60,
        0,
        1.333,
        -9
      ]
    },
    {
      "Target": "Parameter",
      "Id": "ArmR_Sup_Form",
      "Segments": [
        0,
        0,
        2,
        0.467,
        0,
        0,
        0.733,
        -30,
        2,
        1.333,
        -30
      ]
    },
    {
      "Target": "Parameter",
      "Id": "ArmL_Sup_Form",
      "Segments": [
        0,
        0,
        2,
        0.4,
        0,
        0,
        0.533,
        -30,
        2,
        1.333,
        -30
      ]
    },
    {
      "Target": "Parameter",
      "Id": "HandR_Roll",
      "Segments": [
        0,
        0,
        1,
        0.189,
        0,
        0.378,
        -3.513,
        0.567,
        -9.871,
        1,
        0.667,
        -13.238,
        0.767,
        -14.622,
        0.867,
        -14.622,
        1,
        1.022,
        -14.622,
        1.178,
        -13.864,
        1.333,
        -13.238
      ]
    },
    {
      "Target": "Parameter",
      "Id": "HandL_Roll",
      "Segments": [
        0,
        0,
        1,
        0.078,
        0,
        0.155,
        -7.571,
        0.233,
        -8,
        1,
        0.466,
        -9.287,
        0.7,
        -9.924,
        0.933,
        -11,
        1,
        1.066,
        -11.615,
        1.2,
        -12.138,
        1.333,
        -13.125
      ]
    },
    {
      "Target": "Parameter",
      "Id": "HandL_Sup_Roll",
      "Segments": [
        0,
        0,
        2,
        0.533,
        0,
        0,
        0.8,
        0.74,
        1,
        0.978,
        0.74,
        1.155,
        -1.589,
        1.333,
        -1.86
      ]
    },
    {
      "Target": "Parameter",
      "Id": "HandL_Sup_move",
      "Segments": [
        0,
        0,
        0,
        0.4,
        -30,
        0,
        0.833,
        30,
        1,
        1,
        30,
        1.166,
        14.325,
        1.333,
        0
      ]
    },
    {
      "Target": "Parameter",
      "Id": "HandR_move2",
      "Segments": [
        0,
        -17,
        2,
        0.533,
        -17,
        0,
        0.8,
        30,
        1,
        0.978,
        30,
        1.155,
        13.992,
        1.333,
        0
      ]
    },
    {
      "Target": "Parameter",
      "Id": "LegR_Roll",
      "Segments": [
        0,
        0,
        0,
        1.333,
        3
      ]
    },
    {
      "Target": "Parameter",
      "Id": "LegL_Roll",
      "Segments": [
        0,
        0,
        0,
        1.333,
        4
      ]
    },
    {
      "Target": "PartOpacity",
      "Id": "Part14",
      "Segments": [
        0,
        1,
        2,
        1.33,
        1
      ]
    },
    {
      "Target": "PartOpacity",
      "Id": "Part2",
      "Segments": [
        0,
        1,
        2,
        1.33,
        1
      ]
    },
    {
      "Target": "PartOpacity",
      "Id": "Part3",
      "Segments": [
        0,
        1,
        2,
        1.33,
        1
      ]
    },
    {
      "Target": "PartOpacity",
      "Id": "Part28",
      "Segments": [
        0,
        0,
        2,
        0.5,
        0,
        1,
        0.543,
        0,
        0.587,
        0.4,
        0.63,
        0.8,
        1,
        0.653,
        1,
        0.677,
        1,
        0.7,
        1,
        2,
        1.33,
        1
      ]
    },
    {
      "Target": "PartOpacity",
      "Id": "Part27",
      "Segments": [
        0,
        0,
        2,
        1.33,
        0
      ]
    },
    {
      "Target": "PartOpacity",
      "Id": "Part30",
      "Segments": [
        0,
        0,
        2,
        1.33,
        0
      ]
    },
    {
      "Target": "PartOpacity",
      "Id": "Part34",
      "Segments": [
        0,
        0,
        2,
        1.33,
        0
      ]
    },
    {
      "Target": "PartOpacity",
      "Id": "Part33",
      "Segments": [
        0,
        0,
        2,
        1.33,
        0
      ]
    },
    {
      "Target": "PartOpacity",
      "Id": "Part10",
      "Segments": [
        0,
        1,
        2,
        1.33,
        1
      ]
    },
    {
      "Target": "PartOpacity",
      "Id": "Part4",
      "Segments": [
        0,
        1,
        2,
        1.33,
        1
      ]
    },
    {
      "Target": "PartOpacity",
      "Id": "Part9",
      "Segments": [
        0,
        0,
        2,
        1.33,
        0
      ]
    },
    {
      "Target": "PartOpacity",
      "Id": "Part5",
      "Segments": [
        0,
        1,
        2,
        1.33,
        1
      ]
    },
    {
      "Target": "PartOpacity",
      "Id": "Part6",
      "Segments": [
        0,
        1,
        2,
        1.33,
        1
      ]
    },
    {
      "Target": "PartOpacity",
      "Id": "Part38",
      "Segments": [
        0,
        0,
        2,
        1.33,
        0
      ]
    },
    {
      "Target": "PartOpacity",
      "Id": "Part39",
      "Segments": [
        0,
        1,
        2,
        1.33,
        1
      ]
    },
    {
      "Target": "PartOpacity",
      "Id": "Part7",
      "Segments": [
        0,
        1,
        2,
        1.33,
        1
      ]
    },
    {
      "Target": "PartOpacity",
      "Id": "Part37",
      "Segments": [
        0,
        0,
        2,
        1.33,
        0
      ]
    },
    {
      "Target": "PartOpacity",
      "Id": "Part40",
      "Segments": [
        0,
        1,
        2,
        1.33,
        1
      ]
    },
    {
      "Target": "PartOpacity",
      "Id": "Part15",
      "Segments": [
        0,
        1,
        2,
        1.33,
        1
      ]
    },
    {
      "Target": "PartOpacity",
      "Id": "Part8",
      "Segments": [
        0,
        1,
        2,
        0.33,
        1,
        2,
        0.5,
        1,
        1,
        0.533,
        1,
        0.567,
        0.68,
        0.6,
        0.3,
        1,
        0.623,
        0.05,
        0.647,
        0,
        0.67,
        0,
        2,
        1.33,
        0
      ]
    },
    {
      "Target": "PartOpacity",
      "Id": "Part11",
      "Segments": [
        0,
        1,
        2,
        1.33,
        1
      ]
    },
    {
      "Target": "PartOpacity",
      "Id": "Part",
      "Segments": [
        0,
        0,
        2,
        1.33,
        0
      ]
    },
    {
      "Target": "PartOpacity",
      "Id": "Part20",
      "Segments": [
        0,
        0,
        2,
        1.33,
        0
      ]
    },
    {
      "Target": "PartOpacity",
      "Id": "Part21",
      "Segments": [
        0,
        0,
        2,
        1.33,
        0
      ]
    },
    {
      "Target": "PartOpacity",
      "Id": "Part16",
      "Segments": [
        0,
        1,
        2,
        1.33,
        1
      ]
    },
    {
      "Target": "PartOpacity",
      "Id": "Part22",
      "Segments": [
        0,
        1,
        2,
        1.33,
        1
      ]
    },
    {
      "Target": "PartOpacity",
      "Id": "Part31",
      "Segments": [
        0,
        0,
        2,
        1.33,
        0
      ]
    },
    {
      "Target": "PartOpacity",
      "Id": "Part32",
      "Segments": [
        0,
        0,
        2,
        1.33,
        0
      ]
    },
    {
      "Target": "PartOpacity",
      "Id": "Part17",
      "Segments": [
        0,
        1,
        2,
        1.33,
        1
      ]
    },
    {
      "Target": "PartOpacity",
      "Id": "Part26",
      "Segments": [
        0,
        1,
        2,
        1.33,
        1
      ]
    },
    {
      "Target": "PartOpacity",
      "Id": "Part29",
      "Segments": [
        0,
        1,
        2,
        1.33,
        1
      ]
    },
    {
      "Target": "PartOpacity",
      "Id": "Part25",
      "Segments": [
        0,
        1,
        2,
        1.33,
        1
      ]
    },
    {
      "Target": "PartOpacity",
      "Id": "Part19",
      "Segments": [
        0,
        1,
        2,
        1.33,
        1
      ]
    },
    {
      "Target": "PartOpacity",
      "Id": "Part23",
      "Segments": [
        0,
        1,
        2,
        1.33,
        1
      ]
    },
    {
      "Target": "PartOpacity",
      "Id": "Part24",
      "Segments": [
        0,
        0,
        2,
        0.53,
        0,
        1,
        0.553,
        0.267,
        0.577,
        0.533,
        0.6,
        0.8,
        1,
        0.623,
        0.867,
        0.647,
        0.933,
        0.67,
        1,
        2,
        1.33,
        1
      ]
    },
    {
      "Target": "PartOpacity",
      "Id": "Part13",
      "Segments": [
        0,
        1,
        2,
        0.53,
        1,
        1,
        0.577,
        0.667,
        0.623,
        0.333,
        0.67,
        0,
        2,
        1.33,
        0
      ]
    },
    {
      "Target": "PartOpacity",
      "Id": "Part18",
      "Segments": [
        0,
        1,
        2,
        1.33,
        1
      ]
    },
    {
      "Target": "PartOpacity",
      "Id": "Part12",
      "Segments": [
        0,
        1,
        2,
        1.33,
        1
      ]
    },
    {
      "Target": "Model",
      "Id": "Opacity",
      "Segments": [
        0,
        1,
        0,
        1.333,
        1
      ]
    },
    {
      "Target": "Parameter",
      "Id": "EyeBallX",
      "Segments": [
        0,
        0,
        0,
        1.333,
        0
      ]
    },
    {
      "Target": "Parameter",
      "Id": "EyeBallY",
      "Segments": [
        0,
        0,
        0,
        1.333,
        0
      ]
    },
    {
      "Target": "Parameter",
      "Id": "BrowR_Form",
      "Segments": [
        0,
        0,
        0,
        1.333,
        0
      ]
    },
    {
      "Target": "Parameter",
      "Id": "BrowR_Form2",
      "Segments": [
        0,
        1,
        0,
        1.333,
        1
      ]
    },
    {
      "Target": "Parameter",
      "Id": "BrowL_Form",
      "Segments": [
        0,
        0,
        0,
        1.333,
        0
      ]
    },
    {
      "Target": "Parameter",
      "Id": "BrowL_Form2",
      "Segments": [
        0,
        1,
        0,
        1.333,
        1
      ]
    },
    {
      "Target": "Parameter",
      "Id": "BrowR_Angle",
      "Segments": [
        0,
        0,
        0,
        1.333,
        0
      ]
    },
    {
      "Target": "Parameter",
      "Id": "BrowL_Angle",
      "Segments": [
        0,
        0,
        0,
        1.333,
        0
      ]
    },
    {
      "Target": "Parameter",
      "Id": "HighlightX",
      "Segments": [
        0,
        0,
        0,
        1.333,
        0
      ]
    },
    {
      "Target": "Parameter",
      "Id": "Smile_Form",
      "Segments": [
        0,
        1,
        0,
        1.333,
        1
      ]
    },
    {
      "Target": "Parameter",
      "Id": "MouthForm3",
      "Segments": [
        0,
        0,
        0,
        1.333,
        0
      ]
    },
    {
      "Target": "Parameter",
      "Id": "Mouth_Open",
      "Segments": [
        0,
        1,
        0,
        1.333,
        1
      ]
    },
    {
      "Target": "Parameter",
      "Id": "ArmR_Form2",
      "Segments": [
        0,
        0,
        0,
        1.333,
        0
      ]
    },
    {
      "Target": "Parameter",
      "Id": "Lowerbody_Roll",
      "Segments": [
        0,
        0,
        0,
        1.333,
        0
      ]
    }
  ],
  "UserData": [
    {
      "Time": 0.0,
      "Value": ""
    }
  ]
}