{
  "Version": 3,
  "Meta": {
    "Duration": 8.0,
    "Fps": 30.0,
    "Loop": true,
    "AreBeziersRestricted": true,
    "CurveCount": 103,
    "TotalSegmentCount": 224,
    "TotalPointCount": 360,
    "UserDataCount": 1,
    "TotalUserDataSize": 0
  },
  "Curves": [
    {
      "Target": "Parameter",
      "Id": "EyeR_PSY",
      "Segments": [
        0,
        30,
        1,
        0.678,
        20,
        1.355,
        10,
        2.033,
        0,
        1,
        2.678,
        10,
        3.322,
        20,
        3.967,
        30,
        1,
        4.667,
        20,
        5.367,
        10,
        6.067,
        0,
        1,
        6.711,
        10,
        7.356,
        20,
        8,
        30
      ]
    },
    {
      "Target": "Parameter",
      "Id": "EyeR_PSY2",
      "Segments": [
        0,
        30,
        1,
        0.711,
        10,
        1.422,
        -10,
        2.133,
        -30,
        1,
        2.655,
        -10,
        3.178,
        10,
        3.7,
        30,
        1,
        4.333,
        10,
        4.967,
        -10,
        5.6,
        -30,
        1,
        6.4,
        -10,
        7.2,
        10,
        8,
        30
      ]
    },
    {
      "Target": "Parameter",
      "Id": "EyeL_PSY",
      "Segments": [
        0,
        30,
        1,
        0.678,
        20,
        1.355,
        10,
        2.033,
        0,
        1,
        2.678,
        10,
        3.322,
        20,
        3.967,
        30,
        1,
        4.667,
        20,
        5.367,
        10,
        6.067,
        0,
        1,
        6.711,
        10,
        7.356,
        20,
        8,
        30
      ]
    },
    {
      "Target": "Parameter",
      "Id": "EyeL_PSY2",
      "Segments": [
        0,
        30,
        1,
        0.711,
        10,
        1.422,
        -10,
        2.133,
        -30,
        1,
        2.655,
        -10,
        3.178,
        10,
        3.7,
        30,
        1,
        4.333,
        10,
        4.967,
        -10,
        5.6,
        -30,
        1,
        6.4,
        -10,
        7.2,
        10,
        8,
        30
      ]
    },
    {
      "Target": "Parameter",
      "Id": "PSY",
      "Segments": [
        0,
        0.5,
        0,
        1,
        0,
        0,
        1.933,
        0.5,
        0,
        2.967,
        0,
        0,
        3.933,
        0.5,
        0,
        4.933,
        0,
        0,
        6.033,
        0.5,
        0,
        6.967,
        0,
        0,
        8,
        0.5
      ]
    },
    {
      "Target": "Parameter",
      "Id": "Breath",
      "Segments": [
        0,
        0,
        0,
        2.067,
        0.934,
        0,
        3.967,
        0,
        0,
        5.833,
        1,
        0,
        8,
        0
      ]
    },
    {
      "Target": "Parameter",
      "Id": "Body_Pose1",
      "Segments": [
        0,
        8.388,
        1,
        0.589,
        17.136,
        1.178,
        25.217,
        1.767,
        25.217,
        0,
        4.533,
        13,
        0,
        6.267,
        20.797,
        0,
        7.833,
        8,
        1,
        7.889,
        8,
        7.944,
        8.043,
        8,
        8.388
      ]
    },
    {
      "Target": "Parameter",
      "Id": "Waist_Roll",
      "Segments": [
        0,
        12.073,
        1,
        0.1,
        12.214,
        0.2,
        12.232,
        0.3,
        12.232,
        0,
        1.533,
        10.666,
        0,
        3.933,
        12.232,
        0,
        6.567,
        10.666,
        1,
        7.045,
        10.666,
        7.522,
        11.847,
        8,
        12.073
      ]
    },
    {
      "Target": "Parameter",
      "Id": "Head_AngleX",
      "Segments": [
        0,
        1.537,
        1,
        0.311,
        2.111,
        0.622,
        2.472,
        0.933,
        2.395,
        1,
        1.411,
        2.201,
        1.889,
        -6.181,
        2.367,
        -6.181,
        1,
        2.9,
        -6.181,
        3.434,
        -3.135,
        3.967,
        -0.753,
        1,
        4.9,
        3.416,
        5.834,
        4.483,
        6.767,
        4.483,
        1,
        7.178,
        4.483,
        7.589,
        1.266,
        8,
        1.537
      ]
    },
    {
      "Target": "Parameter",
      "Id": "Head_AngleY",
      "Segments": [
        0,
        8.024,
        1,
        0.311,
        8.834,
        0.622,
        9.015,
        0.933,
        8.418,
        1,
        1.411,
        7.447,
        1.889,
        1.105,
        2.367,
        1.105,
        0,
        4.067,
        11.161,
        0,
        7,
        1.105,
        0,
        8,
        8.024
      ]
    },
    {
      "Target": "Parameter",
      "Id": "EyeBallX",
      "Segments": [
        0,
        0,
        2,
        1.2,
        0,
        0,
        2.533,
        0.1,
        0,
        3.967,
        -0.1,
        0,
        8,
        0
      ]
    },
    {
      "Target": "Parameter",
      "Id": "EyeBallY",
      "Segments": [
        0,
        0,
        2,
        1.2,
        0,
        0,
        2.533,
        -0.2,
        2,
        3.967,
        -0.2,
        0,
        8,
        0
      ]
    },
    {
      "Target": "Parameter",
      "Id": "BrowRY",
      "Segments": [
        0,
        0.3,
        1,
        0.611,
        0.084,
        1.222,
        0.036,
        1.833,
        0.036,
        1,
        2.711,
        0.036,
        3.589,
        0.239,
        4.467,
        0.3,
        1,
        5.345,
        0.361,
        6.222,
        0.356,
        7.1,
        0.356,
        1,
        7.4,
        0.356,
        7.7,
        0.354,
        8,
        0.3
      ]
    },
    {
      "Target": "Parameter",
      "Id": "BrowLY",
      "Segments": [
        0,
        0.3,
        1,
        0.611,
        0.084,
        1.222,
        0.036,
        1.833,
        0.036,
        1,
        2.711,
        0.036,
        3.589,
        0.239,
        4.467,
        0.3,
        1,
        5.345,
        0.361,
        6.222,
        0.356,
        7.1,
        0.356,
        1,
        7.4,
        0.356,
        7.7,
        0.353,
        8,
        0.3
      ]
    },
    {
      "Target": "Parameter",
      "Id": "Hair_Move",
      "Segments": [
        0,
        9.724,
        1,
        0.144,
        9.724,
        0.289,
        6.538,
        0.433,
        1.939,
        1,
        0.644,
        -4.782,
        0.856,
        -7.433,
        1.067,
        -7.433,
        0,
        2.467,
        10.367,
        0,
        4.133,
        -9,
        0,
        5.8,
        9.546,
        0,
        7.233,
        -9,
        0,
        8,
        9.724
      ]
    },
    {
      "Target": "Parameter",
      "Id": "HairFront_Move",
      "Segments": [
        0,
        0.377,
        1,
        0.267,
        0.596,
        0.533,
        0.601,
        0.8,
        0.441,
        1,
        1.089,
        0.104,
        1.378,
        -0.024,
        1.667,
        -0.024,
        0,
        2.8,
        0.436,
        0,
        4,
        0.026,
        0,
        5.5,
        0.595,
        0,
        7.267,
        -0.089,
        1,
        7.511,
        -0.089,
        7.756,
        0.155,
        8,
        0.377
      ]
    },
    {
      "Target": "Parameter",
      "Id": "HairSide_Move",
      "Segments": [
        0,
        0.417,
        1,
        0.267,
        0.595,
        0.533,
        0.627,
        0.8,
        0.48,
        1,
        1.078,
        0.226,
        1.355,
        -0.003,
        1.633,
        -0.003,
        0,
        2.9,
        0.39,
        0,
        4.133,
        0.066,
        0,
        5.633,
        0.549,
        0,
        7.267,
        -0.006,
        1,
        7.511,
        -0.006,
        7.756,
        0.216,
        8,
        0.417
      ]
    },
    {
      "Target": "Parameter",
      "Id": "HairBack_Move",
      "Segments": [
        0,
        0.013,
        1,
        0.156,
        0.182,
        0.311,
        0.218,
        0.467,
        0.218,
        0,
        1.733,
        -0.237,
        0,
        3.1,
        0.294,
        0,
        4.667,
        -0.257,
        0,
        6.067,
        0.354,
        0,
        7.333,
        -0.169,
        1,
        7.555,
        -0.169,
        7.778,
        -0.1,
        8,
        0.013
      ]
    },
    {
      "Target": "Parameter",
      "Id": "ShoulderRY",
      "Segments": [
        0,
        -1.581,
        2,
        3.533,
        -1.581,
        0,
        5.8,
        2.419,
        0,
        8,
        -1.581
      ]
    },
    {
      "Target": "Parameter",
      "Id": "ShoulderLY",
      "Segments": [
        0,
        -6.999,
        2,
        3.533,
        -6.999,
        0,
        5.8,
        -1.999,
        0,
        8,
        -6.999
      ]
    },
    {
      "Target": "Parameter",
      "Id": "ShoulderR_Roll",
      "Segments": [
        0,
        -1.901,
        1,
        0.378,
        -0.832,
        0.755,
        -0.755,
        1.133,
        -0.755,
        0,
        2.4,
        -1.618,
        0,
        4.167,
        -1.092,
        0,
        6.733,
        -2.667,
        1,
        7.155,
        -2.634,
        7.578,
        -2.592,
        8,
        -1.901
      ]
    },
    {
      "Target": "Parameter",
      "Id": "ShoulderL_Roll",
      "Segments": [
        0,
        2.707,
        1,
        0.344,
        2.211,
        0.689,
        2.198,
        1.033,
        2.198,
        0,
        2.6,
        2.707,
        0,
        4.533,
        2.022,
        0,
        6.933,
        3.087,
        1,
        7.289,
        3.102,
        7.644,
        3.011,
        8,
        2.707
      ]
    },
    {
      "Target": "Parameter",
      "Id": "ArmR_Sup_X",
      "Segments": [
        0,
        1.92,
        1,
        0.322,
        1.92,
        0.645,
        2.023,
        0.967,
        -4,
        1,
        1.445,
        -12.93,
        1.922,
        -25.714,
        2.4,
        -25.714,
        0,
        4.133,
        -9.08,
        0,
        6,
        -20.253,
        0,
        8,
        1.92
      ]
    },
    {
      "Target": "Parameter",
      "Id": "ArmL_Sup_Y",
      "Segments": [
        0,
        -15,
        1,
        0.322,
        -28.515,
        0.645,
        -30,
        0.967,
        -30,
        1,
        1.389,
        -30,
        1.811,
        -23.01,
        2.233,
        -4,
        1,
        2.544,
        10.007,
        2.856,
        20.329,
        3.167,
        20.329,
        0,
        5.033,
        -24.709,
        0,
        6.8,
        16.375,
        0,
        8,
        -15
      ]
    },
    {
      "Target": "Parameter",
      "Id": "ArmR_Roll",
      "Segments": [
        0,
        -34.823,
        1,
        0.256,
        -31.338,
        0.511,
        -30.577,
        0.767,
        -30.577,
        0,
        2.567,
        -36.697,
        0,
        4.967,
        -32.388,
        0,
        7.4,
        -37.52,
        1,
        7.6,
        -37.52,
        7.8,
        -36.747,
        8,
        -34.823
      ]
    },
    {
      "Target": "Parameter",
      "Id": "HandR_Roll",
      "Segments": [
        0,
        -13.238,
        1,
        0.4,
        -11.629,
        0.8,
        -11.092,
        1.2,
        -11.092,
        0,
        2.6,
        -14.004,
        0,
        4.467,
        -11.152,
        0,
        6.967,
        -14.437,
        1,
        7.311,
        -14.437,
        7.656,
        -14.456,
        8,
        -13.238
      ]
    },
    {
      "Target": "Parameter",
      "Id": "HandL_Roll",
      "Segments": [
        0,
        -13.125,
        1,
        0.3,
        -15.346,
        0.6,
        -17.17,
        0.9,
        -17.17,
        0,
        2.667,
        -5,
        0,
        4.867,
        -16,
        0,
        6.767,
        -7.009,
        1,
        7.178,
        -7.009,
        7.589,
        -9.746,
        8,
        -13.125
      ]
    },
    {
      "Target": "Parameter",
      "Id": "HandL_Sup_Roll",
      "Segments": [
        0,
        -1.86,
        1,
        0.511,
        -2.638,
        1.022,
        -2.763,
        1.533,
        -2.763,
        0,
        3.533,
        -1.67,
        0,
        5.367,
        -2.188,
        0,
        7.333,
        -1.422,
        1,
        7.555,
        -1.422,
        7.778,
        -1.541,
        8,
        -1.86
      ]
    },
    {
      "Target": "Parameter",
      "Id": "HandL_Sup_move",
      "Segments": [
        0,
        0,
        1,
        0.078,
        -5.537,
        0.155,
        -10.088,
        0.233,
        -13,
        1,
        0.511,
        -20.784,
        0.789,
        -20.329,
        1.067,
        -20,
        1,
        1.545,
        -19.191,
        2.022,
        0.91,
        2.5,
        0.91,
        0,
        4.6,
        -21.77,
        0,
        7.033,
        24.349,
        1,
        7.355,
        24.349,
        7.678,
        20.556,
        8,
        0
      ]
    },
    {
      "Target": "Parameter",
      "Id": "HandR_move2",
      "Segments": [
        0,
        0,
        1,
        0.244,
        -19.239,
        0.489,
        -24,
        0.733,
        -24,
        0,
        2.4,
        24.755,
        0,
        4.533,
        -24.695,
        0,
        6.867,
        25.93,
        1,
        7.245,
        25.93,
        7.622,
        19.5,
        8,
        0
      ]
    },
    {
      "Target": "PartOpacity",
      "Id": "Part14",
      "Segments": [
        0,
        1,
        2,
        8,
        1
      ]
    },
    {
      "Target": "PartOpacity",
      "Id": "Part2",
      "Segments": [
        0,
        1,
        2,
        8,
        1
      ]
    },
    {
      "Target": "PartOpacity",
      "Id": "Part3",
      "Segments": [
        0,
        1,
        2,
        8,
        1
      ]
    },
    {
      "Target": "PartOpacity",
      "Id": "Part28",
      "Segments": [
        0,
        1,
        2,
        8,
        1
      ]
    },
    {
      "Target": "PartOpacity",
      "Id": "Part27",
      "Segments": [
        0,
        0,
        2,
        8,
        0
      ]
    },
    {
      "Target": "PartOpacity",
      "Id": "Part30",
      "Segments": [
        0,
        0,
        2,
        8,
        0
      ]
    },
    {
      "Target": "PartOpacity",
      "Id": "Part34",
      "Segments": [
        0,
        0,
        2,
        8,
        0
      ]
    },
    {
      "Target": "PartOpacity",
      "Id": "Part33",
      "Segments": [
        0,
        0,
        2,
        8,
        0
      ]
    },
    {
      "Target": "PartOpacity",
      "Id": "Part10",
      "Segments": [
        0,
        1,
        2,
        8,
        1
      ]
    },
    {
      "Target": "PartOpacity",
      "Id": "Part4",
      "Segments": [
        0,
        1,
        2,
        8,
        1
      ]
    },
    {
      "Target": "PartOpacity",
      "Id": "Part9",
      "Segments": [
        0,
        0,
        2,
        8,
        0
      ]
    },
    {
      "Target": "PartOpacity",
      "Id": "Part5",
      "Segments": [
        0,
        1,
        2,
        8,
        1
      ]
    },
    {
      "Target": "PartOpacity",
      "Id": "Part6",
      "Segments": [
        0,
        1,
        2,
        8,
        1
      ]
    },
    {
      "Target": "PartOpacity",
      "Id": "Part38",
      "Segments": [
        0,
        0,
        2,
        8,
        0
      ]
    },
    {
      "Target": "PartOpacity",
      "Id": "Part39",
      "Segments": [
        0,
        1,
        2,
        8,
        1
      ]
    },
    {
      "Target": "PartOpacity",
      "Id": "Part7",
      "Segments": [
        0,
        1,
        2,
        8,
        1
      ]
    },
    {
      "Target": "PartOpacity",
      "Id": "Part37",
      "Segments": [
        0,
        0,
        2,
        8,
        0
      ]
    },
    {
      "Target": "PartOpacity",
      "Id": "Part40",
      "Segments": [
        0,
        1,
        2,
        8,
        1
      ]
    },
    {
      "Target": "PartOpacity",
      "Id": "Part15",
      "Segments": [
        0,
        1,
        2,
        8,
        1
      ]
    },
    {
      "Target": "PartOpacity",
      "Id": "Part8",
      "Segments": [
        0,
        0,
        2,
        8,
        0
      ]
    },
    {
      "Target": "PartOpacity",
      "Id": "Part11",
      "Segments": [
        0,
        1,
        2,
        8,
        1
      ]
    },
    {
      "Target": "PartOpacity",
      "Id": "Part",
      "Segments": [
        0,
        0,
        2,
        8,
        0
      ]
    },
    {
      "Target": "PartOpacity",
      "Id": "Part20",
      "Segments": [
        0,
        0,
        2,
        8,
        0
      ]
    },
    {
      "Target": "PartOpacity",
      "Id": "Part21",
      "Segments": [
        0,
        0,
        2,
        8,
        0
      ]
    },
    {
      "Target": "PartOpacity",
      "Id": "Part16",
      "Segments": [
        0,
        1,
        2,
        8,
        1
      ]
    },
    {
      "Target": "PartOpacity",
      "Id": "Part22",
      "Segments": [
        0,
        1,
        2,
        8,
        1
      ]
    },
    {
      "Target": "PartOpacity",
      "Id": "Part31",
      "Segments": [
        0,
        0,
        2,
        8,
        0
      ]
    },
    {
      "Target": "PartOpacity",
      "Id": "Part32",
      "Segments": [
        0,
        0,
        2,
        8,
        0
      ]
    },
    {
      "Target": "PartOpacity",
      "Id": "Part17",
      "Segments": [
        0,
        1,
        2,
        8,
        1
      ]
    },
    {
      "Target": "PartOpacity",
      "Id": "Part26",
      "Segments": [
        0,
        1,
        2,
        8,
        1
      ]
    },
    {
      "Target": "PartOpacity",
      "Id": "Part29",
      "Segments": [
        0,
        1,
        2,
        8,
        1
      ]
    },
    {
      "Target": "PartOpacity",
      "Id": "Part25",
      "Segments": [
        0,
        1,
        2,
        8,
        1
      ]
    },
    {
      "Target": "PartOpacity",
      "Id": "Part19",
      "Segments": [
        0,
        1,
        2,
        8,
        1
      ]
    },
    {
      "Target": "PartOpacity",
      "Id": "Part23",
      "Segments": [
        0,
        1,
        2,
        8,
        1
      ]
    },
    {
      "Target": "PartOpacity",
      "Id": "Part24",
      "Segments": [
        0,
        1,
        2,
        8,
        1
      ]
    },
    {
      "Target": "PartOpacity",
      "Id": "Part13",
      "Segments": [
        0,
        0,
        2,
        8,
        0
      ]
    },
    {
      "Target": "PartOpacity",
      "Id": "Part18",
      "Segments": [
        0,
        1,
        2,
        8,
        1
      ]
    },
    {
      "Target": "PartOpacity",
      "Id": "Part12",
      "Segments": [
        0,
        1,
        2,
        8,
        1
      ]
    },
    {
      "Target": "Model",
      "Id": "Opacity",
      "Segments": [
        0,
        1,
        0,
        8,
        1
      ]
    },
    {
      "Target": "Parameter",
      "Id": "Body_Shaking",
      "Segments": [
        0,
        -30,
        0,
        8,
        -30
      ]
    },
    {
      "Target": "Parameter",
      "Id": "BodyY",
      "Segments": [
        0,
        0,
        0,
        8,
        0
      ]
    },
    {
      "Target": "Parameter",
      "Id": "Param22",
      "Segments": [
        0,
        -13,
        0,
        8,
        -13
      ]
    },
    {
      "Target": "Parameter",
      "Id": "BodyX",
      "Segments": [
        0,
        -8,
        0,
        8,
        -8
      ]
    },
    {
      "Target": "Parameter",
      "Id": "Head_Roll",
      "Segments": [
        0,
        -1.65,
        0,
        8,
        -1.65
      ]
    },
    {
      "Target": "Parameter",
      "Id": "Head_RollY",
      "Segments": [
        0,
        0,
        0,
        8,
        0
      ]
    },
    {
      "Target": "Parameter",
      "Id": "BrowR_Form",
      "Segments": [
        0,
        0,
        0,
        8,
        0
      ]
    },
    {
      "Target": "Parameter",
      "Id": "BrowR_Form2",
      "Segments": [
        0,
        1,
        0,
        8,
        1
      ]
    },
    {
      "Target": "Parameter",
      "Id": "BrowL_Form",
      "Segments": [
        0,
        0,
        0,
        8,
        0
      ]
    },
    {
      "Target": "Parameter",
      "Id": "BrowL_Form2",
      "Segments": [
        0,
        1,
        0,
        8,
        1
      ]
    },
    {
      "Target": "Parameter",
      "Id": "BrowR_Angle",
      "Segments": [
        0,
        0,
        0,
        8,
        0
      ]
    },
    {
      "Target": "Parameter",
      "Id": "BrowL_Angle",
      "Segments": [
        0,
        0,
        0,
        8,
        0
      ]
    },
    {
      "Target": "Parameter",
      "Id": "Eyeball_Size",
      "Segments": [
        0,
        -21,
        0,
        8,
        -21
      ]
    },
    {
      "Target": "Parameter",
      "Id": "HighlightX",
      "Segments": [
        0,
        0,
        0,
        8,
        0
      ]
    },
    {
      "Target": "Parameter",
      "Id": "EyeR_Open",
      "Segments": [
        0,
        1,
        0,
        8,
        1
      ]
    },
    {
      "Target": "Parameter",
      "Id": "EyeR_Smile",
      "Segments": [
        0,
        0.7,
        0,
        8,
        0.7
      ]
    },
    {
      "Target": "Parameter",
      "Id": "EyeL_Open",
      "Segments": [
        0,
        1,
        0,
        8,
        1
      ]
    },
    {
      "Target": "Parameter",
      "Id": "EyeL_Smile",
      "Segments": [
        0,
        0.7,
        0,
        8,
        0.7
      ]
    },
    {
      "Target": "Parameter",
      "Id": "Smile_Form",
      "Segments": [
        0,
        1,
        0,
        8,
        1
      ]
    },
    {
      "Target": "Parameter",
      "Id": "MouthForm3",
      "Segments": [
        0,
        0,
        0,
        8,
        0
      ]
    },
    {
      "Target": "Parameter",
      "Id": "MouthForm2",
      "Segments": [
        0,
        -23,
        0,
        8,
        -23
      ]
    },
    {
      "Target": "Parameter",
      "Id": "MouthForm",
      "Segments": [
        0,
        -30,
        0,
        8,
        -30
      ]
    },
    {
      "Target": "Parameter",
      "Id": "Mouth_Open",
      "Segments": [
        0,
        1,
        0,
        8,
        1
      ]
    },
    {
      "Target": "Parameter",
      "Id": "Mouth_Size",
      "Segments": [
        0,
        0.3,
        0,
        8,
        0.3
      ]
    },
    {
      "Target": "Parameter",
      "Id": "ArmL_Roll",
      "Segments": [
        0,
        0,
        0,
        8,
        0
      ]
    },
    {
      "Target": "Parameter",
      "Id": "ArmR_Form2",
      "Segments": [
        0,
        0,
        0,
        8,
        0
      ]
    },
    {
      "Target": "Parameter",
      "Id": "ArmR_Form",
      "Segments": [
        0,
        -35,
        0,
        8,
        -35
      ]
    },
    {
      "Target": "Parameter",
      "Id": "ArmL_Form2",
      "Segments": [
        0,
        -30,
        0,
        8,
        -30
      ]
    },
    {
      "Target": "Parameter",
      "Id": "ArmL_Form",
      "Segments": [
        0,
        -9,
        0,
        8,
        -9
      ]
    },
    {
      "Target": "Parameter",
      "Id": "ArmR_Sup_Form",
      "Segments": [
        0,
        -30,
        0,
        8,
        -30
      ]
    },
    {
      "Target": "Parameter",
      "Id": "ArmL_Sup_Form",
      "Segments": [
        0,
        -30,
        0,
        8,
        -30
      ]
    },
    {
      "Target": "Parameter",
      "Id": "LegR_Roll",
      "Segments": [
        0,
        3,
        0,
        8,
        3
      ]
    },
    {
      "Target": "Parameter",
      "Id": "LegL_Roll",
      "Segments": [
        0,
        4,
        0,
        8,
        4
      ]
    },
    {
      "Target": "Parameter",
      "Id": "Lowerbody_Roll",
      "Segments": [
        0,
        0,
        0,
        8,
        0
      ]
    }
  ],
  "UserData": [
    {
      "Time": 0.0,
      "Value": ""
    }
  ]
}