{
  "Version": 3,
  "Meta": {
    "Duration": 2.0,
    "Fps": 30.0,
    "Loop": true,
    "AreBeziersRestricted": true,
    "CurveCount": 103,
    "TotalSegmentCount": 197,
    "TotalPointCount": 283,
    "UserDataCount": 1,
    "TotalUserDataSize": 0
  },
  "Curves": [
    {
      "Target": "Parameter",
      "Id": "EyeR_PSY",
      "Segments": [
        0,
        0,
        1,
        0.667,
        10,
        1.333,
        20,
        2,
        30
      ]
    },
    {
      "Target": "Parameter",
      "Id": "EyeR_PSY2",
      "Segments": [
        0,
        0,
        1,
        0.333,
        10,
        0.667,
        20,
        1,
        30,
        1,
        1.333,
        10,
        1.667,
        -10,
        2,
        -30
      ]
    },
    {
      "Target": "Parameter",
      "Id": "EyeL_PSY",
      "Segments": [
        0,
        0,
        1,
        0.667,
        10,
        1.333,
        20,
        2,
        30
      ]
    },
    {
      "Target": "Parameter",
      "Id": "EyeL_PSY2",
      "Segments": [
        0,
        0,
        1,
        0.333,
        10,
        0.667,
        20,
        1,
        30,
        1,
        1.333,
        10,
        1.667,
        -10,
        2,
        -30
      ]
    },
    {
      "Target": "Parameter",
      "Id": "PSY",
      "Segments": [
        0,
        0,
        0,
        1,
        0.5,
        0,
        2,
        0
      ]
    },
    {
      "Target": "Parameter",
      "Id": "Breath",
      "Segments": [
        0,
        0,
        0,
        0.7,
        1,
        0,
        2,
        0
      ]
    },
    {
      "Target": "Parameter",
      "Id": "Body_Shaking",
      "Segments": [
        0,
        0,
        0,
        1,
        30,
        0,
        2,
        17
      ]
    },
    {
      "Target": "Parameter",
      "Id": "BodyY",
      "Segments": [
        0,
        0,
        0,
        1,
        -22,
        2,
        2,
        -22
      ]
    },
    {
      "Target": "Parameter",
      "Id": "Param22",
      "Segments": [
        0,
        0,
        2,
        1.467,
        0,
        1,
        1.645,
        0,
        1.822,
        -0.116,
        2,
        -1.192
      ]
    },
    {
      "Target": "Parameter",
      "Id": "Body_Pose1",
      "Segments": [
        0,
        0,
        0,
        0.367,
        -9,
        0,
        1,
        21,
        1,
        1.333,
        21,
        1.667,
        20.339,
        2,
        18.874
      ]
    },
    {
      "Target": "Parameter",
      "Id": "Waist_Roll",
      "Segments": [
        0,
        0,
        0,
        0.3,
        -5,
        0,
        0.733,
        6,
        1,
        0.822,
        6.956,
        0.911,
        7.2,
        1,
        7.2,
        1,
        1.333,
        7.2,
        1.667,
        6.679,
        2,
        6.028
      ]
    },
    {
      "Target": "Parameter",
      "Id": "BodyX",
      "Segments": [
        0,
        0,
        2,
        0.367,
        0,
        0,
        1,
        -19,
        2,
        2,
        -19
      ]
    },
    {
      "Target": "Parameter",
      "Id": "Head_AngleX",
      "Segments": [
        0,
        0,
        0,
        0.533,
        13,
        0,
        1,
        0,
        0,
        1.467,
        4,
        1,
        1.645,
        4,
        1.822,
        3.567,
        2,
        2.88
      ]
    },
    {
      "Target": "Parameter",
      "Id": "Head_AngleY",
      "Segments": [
        0,
        0,
        0,
        0.533,
        -20.94,
        1,
        0.689,
        -20.94,
        0.844,
        -6.017,
        1,
        0,
        1,
        1.156,
        6.017,
        1.311,
        6.108,
        1.467,
        6.108,
        1,
        1.645,
        6.108,
        1.822,
        -0.998,
        2,
        -4.099
      ]
    },
    {
      "Target": "Parameter",
      "Id": "Head_Roll",
      "Segments": [
        0,
        0,
        1,
        0.344,
        0,
        0.689,
        5.548,
        1.033,
        7.291,
        1,
        1.178,
        7.824,
        1.322,
        7.923,
        1.467,
        7.923,
        1,
        1.645,
        7.923,
        1.822,
        6.84,
        2,
        6.047
      ]
    },
    {
      "Target": "Parameter",
      "Id": "EyeBallX",
      "Segments": [
        0,
        0,
        2,
        0.533,
        0,
        0,
        1.2,
        0.1,
        2,
        2,
        0.1
      ]
    },
    {
      "Target": "Parameter",
      "Id": "EyeBallY",
      "Segments": [
        0,
        0,
        0,
        0.533,
        0.2,
        0,
        1.2,
        -0.2,
        2,
        2,
        -0.2
      ]
    },
    {
      "Target": "Parameter",
      "Id": "BrowRY",
      "Segments": [
        0,
        0,
        0,
        0.567,
        -0.7,
        2,
        2,
        -0.7
      ]
    },
    {
      "Target": "Parameter",
      "Id": "BrowLY",
      "Segments": [
        0,
        0,
        0,
        0.567,
        -0.4,
        2,
        2,
        -0.4
      ]
    },
    {
      "Target": "Parameter",
      "Id": "BrowR_Form",
      "Segments": [
        0,
        0,
        0,
        0.467,
        -0.8,
        2,
        2,
        -0.8
      ]
    },
    {
      "Target": "Parameter",
      "Id": "BrowL_Form",
      "Segments": [
        0,
        0,
        0,
        0.467,
        -0.8,
        0,
        2,
        -0.7
      ]
    },
    {
      "Target": "Parameter",
      "Id": "BrowR_Angle",
      "Segments": [
        0,
        0,
        0,
        0.667,
        0.2,
        2,
        2,
        0.2
      ]
    },
    {
      "Target": "Parameter",
      "Id": "BrowL_Angle",
      "Segments": [
        0,
        0,
        0,
        0.667,
        -0.2,
        2,
        2,
        -0.2
      ]
    },
    {
      "Target": "Parameter",
      "Id": "EyeR_Open",
      "Segments": [
        0,
        1,
        0,
        0.267,
        0,
        2,
        0.467,
        0,
        0,
        0.667,
        1,
        2,
        2,
        1
      ]
    },
    {
      "Target": "Parameter",
      "Id": "EyeL_Open",
      "Segments": [
        0,
        1,
        0,
        0.267,
        0,
        2,
        0.467,
        0,
        0,
        0.667,
        1,
        2,
        2,
        1
      ]
    },
    {
      "Target": "Parameter",
      "Id": "MouthForm2",
      "Segments": [
        0,
        0,
        0,
        0.333,
        -30,
        2,
        0.867,
        -30,
        2,
        2,
        -30
      ]
    },
    {
      "Target": "Parameter",
      "Id": "MouthForm",
      "Segments": [
        0,
        0,
        0,
        0.333,
        -20,
        2,
        2,
        -20
      ]
    },
    {
      "Target": "Parameter",
      "Id": "Mouth_Size",
      "Segments": [
        0,
        0.5,
        0,
        0.667,
        0.3,
        2,
        2,
        0.3
      ]
    },
    {
      "Target": "Parameter",
      "Id": "Hair_Move",
      "Segments": [
        0,
        0,
        0,
        0.233,
        8,
        0,
        0.9,
        -9,
        0,
        1.4,
        12.68,
        1,
        1.6,
        12.68,
        1.8,
        9.887,
        2,
        2.02
      ]
    },
    {
      "Target": "Parameter",
      "Id": "HairFront_Move",
      "Segments": [
        0,
        0,
        0,
        0.233,
        0.6,
        0,
        0.9,
        -0.4,
        1,
        1.067,
        -0.4,
        1.233,
        0.325,
        1.4,
        0.506,
        1,
        1.6,
        0.638,
        1.8,
        0.656,
        2,
        0.496
      ]
    },
    {
      "Target": "Parameter",
      "Id": "HairSide_Move",
      "Segments": [
        0,
        0,
        0,
        0.233,
        0.6,
        0,
        0.9,
        -0.4,
        1,
        1.078,
        -0.4,
        1.255,
        0.291,
        1.433,
        0.501,
        1,
        1.622,
        0.662,
        1.811,
        0.55,
        2,
        0.417
      ]
    },
    {
      "Target": "Parameter",
      "Id": "HairBack_Move",
      "Segments": [
        0,
        0,
        0,
        0.233,
        0.5,
        0,
        0.9,
        -0.3,
        0,
        1.767,
        0.326,
        1,
        1.845,
        0.326,
        1.922,
        0.282,
        2,
        0.217
      ]
    },
    {
      "Target": "Parameter",
      "Id": "ShoulderRY",
      "Segments": [
        0,
        0,
        2,
        0.467,
        0,
        0,
        1.267,
        -10,
        2,
        2,
        -10
      ]
    },
    {
      "Target": "Parameter",
      "Id": "ShoulderLY",
      "Segments": [
        0,
        0,
        0,
        0.3,
        -6,
        1,
        0.433,
        -6,
        0.567,
        -6.544,
        0.7,
        -4.594,
        1,
        0.911,
        -1.505,
        1.122,
        18,
        1.333,
        18,
        1,
        1.555,
        19.139,
        1.778,
        18.228,
        2,
        16.999
      ]
    },
    {
      "Target": "Parameter",
      "Id": "ShoulderR_Roll",
      "Segments": [
        0,
        0,
        1,
        0.156,
        0,
        0.311,
        0.181,
        0.467,
        1,
        1,
        0.756,
        2.52,
        1.044,
        4.247,
        1.333,
        6.2,
        1,
        1.555,
        7.703,
        1.778,
        8.902,
        2,
        8.902
      ]
    },
    {
      "Target": "Parameter",
      "Id": "ShoulderL_Roll",
      "Segments": [
        0,
        0,
        0,
        0.433,
        5,
        1,
        0.522,
        5,
        0.611,
        4.469,
        0.7,
        3.58,
        1,
        0.922,
        1.355,
        1.145,
        -2.628,
        1.367,
        -2.937,
        1,
        1.578,
        -3.103,
        1.789,
        -3.088,
        2,
        -3.083
      ]
    },
    {
      "Target": "Parameter",
      "Id": "ArmR_Roll",
      "Segments": [
        0,
        0,
        0,
        0.367,
        -20,
        0,
        0.867,
        -11,
        1,
        1.245,
        -11,
        1.622,
        -13.573,
        2,
        -16.82
      ]
    },
    {
      "Target": "Parameter",
      "Id": "ArmL_Roll",
      "Segments": [
        0,
        0,
        1,
        0.111,
        0,
        0.222,
        -0.369,
        0.333,
        2,
        1,
        0.478,
        5.08,
        0.622,
        26.603,
        0.767,
        34.335,
        1,
        0.778,
        34.93,
        0.789,
        34.571,
        0.8,
        34.571,
        0,
        0.833,
        34.288,
        0,
        0.9,
        35.628,
        0,
        0.933,
        35.476,
        0,
        1,
        36.36,
        0,
        1.033,
        36.164,
        0,
        1.1,
        36.915,
        0,
        1.133,
        36.724,
        0,
        1.2,
        37.481,
        0,
        1.233,
        37.294,
        0,
        1.367,
        37.481,
        1,
        1.578,
        37.481,
        1.789,
        37.308,
        2,
        36.915
      ]
    },
    {
      "Target": "Parameter",
      "Id": "ArmR_Form2",
      "Segments": [
        0,
        0,
        0,
        0.367,
        -9,
        0,
        0.867,
        0,
        2,
        2,
        0
      ]
    },
    {
      "Target": "Parameter",
      "Id": "ArmR_Form",
      "Segments": [
        0,
        0,
        0,
        0.367,
        -9,
        0,
        0.867,
        0,
        2,
        2,
        0
      ]
    },
    {
      "Target": "Parameter",
      "Id": "ArmL_Form2",
      "Segments": [
        0,
        0,
        0,
        0.5,
        -16,
        2,
        2,
        -16
      ]
    },
    {
      "Target": "Parameter",
      "Id": "ArmL_Form",
      "Segments": [
        0,
        0,
        0,
        0.5,
        -15,
        2,
        2,
        -15
      ]
    },
    {
      "Target": "Parameter",
      "Id": "HandR_Roll",
      "Segments": [
        0,
        0,
        1,
        0.256,
        0,
        0.511,
        -5.411,
        0.767,
        -8.921,
        1,
        0.978,
        -11.82,
        1.189,
        -14.157,
        1.4,
        -14.833,
        1,
        1.6,
        -15.473,
        1.8,
        -15.402,
        2,
        -15.402
      ]
    },
    {
      "Target": "Parameter",
      "Id": "HandL_Roll",
      "Segments": [
        0,
        0,
        1,
        0.278,
        0,
        0.555,
        -7.382,
        0.833,
        -16,
        1,
        0.978,
        -20.481,
        1.122,
        -21,
        1.267,
        -21,
        1,
        1.511,
        -21,
        1.756,
        -20.336,
        2,
        -18.811
      ]
    },
    {
      "Target": "Parameter",
      "Id": "LegR_Roll",
      "Segments": [
        0,
        0,
        0,
        1.167,
        3,
        2,
        2,
        3
      ]
    },
    {
      "Target": "Parameter",
      "Id": "LegL_Roll",
      "Segments": [
        0,
        0,
        0,
        1.167,
        7,
        2,
        2,
        7
      ]
    },
    {
      "Target": "PartOpacity",
      "Id": "Part14",
      "Segments": [
        0,
        1,
        2,
        2,
        1
      ]
    },
    {
      "Target": "PartOpacity",
      "Id": "Part2",
      "Segments": [
        0,
        1,
        2,
        2,
        1
      ]
    },
    {
      "Target": "PartOpacity",
      "Id": "Part3",
      "Segments": [
        0,
        1,
        2,
        2,
        1
      ]
    },
    {
      "Target": "PartOpacity",
      "Id": "Part28",
      "Segments": [
        0,
        0,
        2,
        2,
        0
      ]
    },
    {
      "Target": "PartOpacity",
      "Id": "Part27",
      "Segments": [
        0,
        0,
        2,
        2,
        0
      ]
    },
    {
      "Target": "PartOpacity",
      "Id": "Part30",
      "Segments": [
        0,
        0,
        2,
        2,
        0
      ]
    },
    {
      "Target": "PartOpacity",
      "Id": "Part34",
      "Segments": [
        0,
        0,
        2,
        2,
        0
      ]
    },
    {
      "Target": "PartOpacity",
      "Id": "Part33",
      "Segments": [
        0,
        0,
        2,
        2,
        0
      ]
    },
    {
      "Target": "PartOpacity",
      "Id": "Part10",
      "Segments": [
        0,
        1,
        2,
        2,
        1
      ]
    },
    {
      "Target": "PartOpacity",
      "Id": "Part4",
      "Segments": [
        0,
        1,
        2,
        2,
        1
      ]
    },
    {
      "Target": "PartOpacity",
      "Id": "Part9",
      "Segments": [
        0,
        0,
        2,
        0.03,
        1,
        2,
        2,
        1
      ]
    },
    {
      "Target": "PartOpacity",
      "Id": "Part5",
      "Segments": [
        0,
        1,
        2,
        2,
        1
      ]
    },
    {
      "Target": "PartOpacity",
      "Id": "Part6",
      "Segments": [
        0,
        1,
        2,
        2,
        1
      ]
    },
    {
      "Target": "PartOpacity",
      "Id": "Part38",
      "Segments": [
        0,
        0,
        2,
        2,
        0
      ]
    },
    {
      "Target": "PartOpacity",
      "Id": "Part39",
      "Segments": [
        0,
        1,
        2,
        2,
        1
      ]
    },
    {
      "Target": "PartOpacity",
      "Id": "Part7",
      "Segments": [
        0,
        1,
        2,
        2,
        1
      ]
    },
    {
      "Target": "PartOpacity",
      "Id": "Part37",
      "Segments": [
        0,
        0,
        2,
        2,
        0
      ]
    },
    {
      "Target": "PartOpacity",
      "Id": "Part40",
      "Segments": [
        0,
        1,
        2,
        2,
        1
      ]
    },
    {
      "Target": "PartOpacity",
      "Id": "Part15",
      "Segments": [
        0,
        1,
        2,
        2,
        1
      ]
    },
    {
      "Target": "PartOpacity",
      "Id": "Part8",
      "Segments": [
        0,
        1,
        2,
        2,
        1
      ]
    },
    {
      "Target": "PartOpacity",
      "Id": "Part11",
      "Segments": [
        0,
        1,
        2,
        2,
        1
      ]
    },
    {
      "Target": "PartOpacity",
      "Id": "Part",
      "Segments": [
        0,
        0,
        2,
        2,
        0
      ]
    },
    {
      "Target": "PartOpacity",
      "Id": "Part20",
      "Segments": [
        0,
        0,
        2,
        2,
        0
      ]
    },
    {
      "Target": "PartOpacity",
      "Id": "Part21",
      "Segments": [
        0,
        0,
        2,
        2,
        0
      ]
    },
    {
      "Target": "PartOpacity",
      "Id": "Part16",
      "Segments": [
        0,
        1,
        2,
        2,
        1
      ]
    },
    {
      "Target": "PartOpacity",
      "Id": "Part22",
      "Segments": [
        0,
        1,
        2,
        2,
        1
      ]
    },
    {
      "Target": "PartOpacity",
      "Id": "Part31",
      "Segments": [
        0,
        0,
        2,
        0.2,
        0,
        2,
        2,
        0
      ]
    },
    {
      "Target": "PartOpacity",
      "Id": "Part32",
      "Segments": [
        0,
        0,
        2,
        2,
        0
      ]
    },
    {
      "Target": "PartOpacity",
      "Id": "Part17",
      "Segments": [
        0,
        1,
        2,
        2,
        1
      ]
    },
    {
      "Target": "PartOpacity",
      "Id": "Part26",
      "Segments": [
        0,
        1,
        2,
        2,
        1
      ]
    },
    {
      "Target": "PartOpacity",
      "Id": "Part29",
      "Segments": [
        0,
        1,
        2,
        2,
        1
      ]
    },
    {
      "Target": "PartOpacity",
      "Id": "Part25",
      "Segments": [
        0,
        1,
        2,
        2,
        1
      ]
    },
    {
      "Target": "PartOpacity",
      "Id": "Part19",
      "Segments": [
        0,
        1,
        2,
        2,
        1
      ]
    },
    {
      "Target": "PartOpacity",
      "Id": "Part23",
      "Segments": [
        0,
        1,
        2,
        2,
        1
      ]
    },
    {
      "Target": "PartOpacity",
      "Id": "Part24",
      "Segments": [
        0,
        0,
        2,
        2,
        0
      ]
    },
    {
      "Target": "PartOpacity",
      "Id": "Part13",
      "Segments": [
        0,
        1,
        2,
        2,
        1
      ]
    },
    {
      "Target": "PartOpacity",
      "Id": "Part18",
      "Segments": [
        0,
        1,
        2,
        2,
        1
      ]
    },
    {
      "Target": "PartOpacity",
      "Id": "Part12",
      "Segments": [
        0,
        1,
        2,
        2,
        1
      ]
    },
    {
      "Target": "Model",
      "Id": "Opacity",
      "Segments": [
        0,
        1,
        0,
        2,
        1
      ]
    },
    {
      "Target": "Parameter",
      "Id": "Head_RollY",
      "Segments": [
        0,
        0,
        0,
        2,
        0
      ]
    },
    {
      "Target": "Parameter",
      "Id": "BrowR_Form2",
      "Segments": [
        0,
        1,
        0,
        2,
        1
      ]
    },
    {
      "Target": "Parameter",
      "Id": "BrowL_Form2",
      "Segments": [
        0,
        1,
        0,
        2,
        1
      ]
    },
    {
      "Target": "Parameter",
      "Id": "Eyeball_Size",
      "Segments": [
        0,
        0,
        0,
        2,
        0
      ]
    },
    {
      "Target": "Parameter",
      "Id": "HighlightX",
      "Segments": [
        0,
        0,
        0,
        2,
        0
      ]
    },
    {
      "Target": "Parameter",
      "Id": "EyeR_Smile",
      "Segments": [
        0,
        0.5,
        0,
        2,
        0.5
      ]
    },
    {
      "Target": "Parameter",
      "Id": "EyeL_Smile",
      "Segments": [
        0,
        0.5,
        0,
        2,
        0.5
      ]
    },
    {
      "Target": "Parameter",
      "Id": "Smile_Form",
      "Segments": [
        0,
        1,
        0,
        2,
        1
      ]
    },
    {
      "Target": "Parameter",
      "Id": "MouthForm3",
      "Segments": [
        0,
        0,
        0,
        2,
        0
      ]
    },
    {
      "Target": "Parameter",
      "Id": "Mouth_Open",
      "Segments": [
        0,
        1,
        0,
        2,
        1
      ]
    },
    {
      "Target": "Parameter",
      "Id": "ArmR_Sup_X",
      "Segments": [
        0,
        0,
        0,
        2,
        0
      ]
    },
    {
      "Target": "Parameter",
      "Id": "ArmL_Sup_Y",
      "Segments": [
        0,
        0,
        0,
        2,
        0
      ]
    },
    {
      "Target": "Parameter",
      "Id": "ArmR_Sup_Form",
      "Segments": [
        0,
        0,
        0,
        2,
        0
      ]
    },
    {
      "Target": "Parameter",
      "Id": "ArmL_Sup_Form",
      "Segments": [
        0,
        0,
        0,
        2,
        0
      ]
    },
    {
      "Target": "Parameter",
      "Id": "HandL_Sup_Roll",
      "Segments": [
        0,
        0,
        0,
        2,
        0
      ]
    },
    {
      "Target": "Parameter",
      "Id": "HandL_Sup_move",
      "Segments": [
        0,
        0,
        0,
        2,
        0
      ]
    },
    {
      "Target": "Parameter",
      "Id": "HandR_move2",
      "Segments": [
        0,
        0,
        0,
        2,
        0
      ]
    },
    {
      "Target": "Parameter",
      "Id": "Lowerbody_Roll",
      "Segments": [
        0,
        0,
        0,
        2,
        0
      ]
    }
  ],
  "UserData": [
    {
      "Time": 0.0,
      "Value": ""
    }
  ]
}