{
  "Version": 3,
  "Meta": {
    "Duration": 8.0,
    "Fps": 30.0,
    "Loop": true,
    "AreBeziersRestricted": true,
    "CurveCount": 48,
    "TotalSegmentCount": 111,
    "TotalPointCount": 139,
    "UserDataCount": 0,
    "TotalUserDataSize": 0
  },
  "Curves": [
    {
      "Target": "Parameter",
      "Id": "Param31",
      "Segments": [
        0,
        0,
        0,
        0.833,
        -21,
        0,
        1.967,
        -10,
        0,
        3.033,
        -22,
        0,
        4.233,
        -8,
        0,
        5.167,
        -19,
        0,
        5.967,
        -16,
        0,
        6.933,
        -20,
        0,
        8,
        0
      ]
    },
    {
      "Target": "Parameter",
      "Id": "Param32",
      "Segments": [
        0,
        0,
        2,
        0.767,
        0,
        2,
        1.933,
        0,
        0,
        2.967,
        13,
        1,
        3.189,
        13,
        3.411,
        11.181,
        3.633,
        6,
        1,
        3.833,
        1.337,
        4.033,
        -2,
        4.233,
        -2,
        0,
        5.033,
        6,
        0,
        5.6,
        -2,
        0,
        7.033,
        7,
        0,
        8,
        0
      ]
    },
    {
      "Target": "Parameter",
      "Id": "Param29",
      "Segments": [
        0,
        -4.4,
        0,
        0.333,
        -2,
        0,
        0.933,
        -16,
        0,
        1.833,
        -4,
        0,
        2.667,
        -16,
        0,
        3.467,
        -10,
        0,
        4.2,
        -19,
        0,
        5,
        -9,
        0,
        5.867,
        -14,
        0,
        6.9,
        -8,
        1,
        7.267,
        -4.963,
        7.633,
        -4.4,
        8,
        -4.4
      ]
    },
    {
      "Target": "Parameter",
      "Id": "Param24",
      "Segments": [
        0,
        -18.315,
        0,
        1.2,
        -30,
        0,
        2.233,
        0,
        0,
        3.7,
        -30,
        1,
        4.278,
        -30,
        4.855,
        -29.089,
        5.433,
        -26,
        1,
        6.289,
        -21.426,
        7.144,
        -18.315,
        8,
        -18.315
      ]
    },
    {
      "Target": "Parameter",
      "Id": "Param23",
      "Segments": [
        0,
        30,
        0,
        2,
        -30,
        0,
        4,
        30,
        0,
        6,
        -30,
        0,
        8,
        30
      ]
    },
    {
      "Target": "Parameter",
      "Id": "Param3",
      "Segments": [
        0,
        0,
        2,
        0.467,
        0,
        0,
        2.933,
        18,
        0,
        4.267,
        5,
        0,
        6.1,
        13,
        0,
        8,
        0
      ]
    },
    {
      "Target": "Parameter",
      "Id": "Param2",
      "Segments": [
        0,
        0,
        2,
        1.3,
        0,
        0,
        4,
        -5,
        0,
        8,
        0
      ]
    },
    {
      "Target": "Parameter",
      "Id": "Param30",
      "Segments": [
        0,
        0,
        2,
        0.2,
        0,
        0,
        0.833,
        9,
        0,
        3.3,
        -18,
        0,
        4.667,
        14,
        0,
        5.667,
        -13,
        0,
        7.033,
        4,
        0,
        8,
        0
      ]
    },
    {
      "Target": "Parameter",
      "Id": "Param4",
      "Segments": [
        0,
        0,
        1,
        0.6,
        0,
        1.2,
        0.845,
        1.8,
        4,
        1,
        2.144,
        5.811,
        2.489,
        8,
        2.833,
        8,
        0,
        6.1,
        -9,
        1,
        6.4,
        -9,
        6.7,
        -6.765,
        7,
        -4,
        1,
        7.333,
        -0.928,
        7.667,
        0,
        8,
        0
      ]
    },
    {
      "Target": "Parameter",
      "Id": "Param15",
      "Segments": [
        0,
        0,
        0,
        1.8,
        -4,
        1,
        2.144,
        -4,
        2.489,
        -3.517,
        2.833,
        -1,
        1,
        3.366,
        2.898,
        3.9,
        6.03,
        4.433,
        6.03,
        1,
        4.833,
        6.03,
        5.233,
        5.449,
        5.633,
        0,
        1,
        5.789,
        -1.799,
        5.944,
        -7.673,
        6.1,
        -9,
        1,
        6.4,
        -11.559,
        6.7,
        -12,
        7,
        -12,
        0,
        8,
        0
      ]
    },
    {
      "Target": "Parameter",
      "Id": "Param18",
      "Segments": [
        0,
        0,
        0,
        0.167,
        -5.842,
        0,
        0.333,
        0,
        0,
        6.333,
        -10,
        0,
        8,
        0
      ]
    },
    {
      "Target": "Parameter",
      "Id": "ParamEyeBallX",
      "Segments": [
        0,
        0,
        2,
        2.833,
        0,
        0,
        4.4,
        0.3,
        2,
        6.033,
        0.3,
        0,
        8,
        0
      ]
    },
    {
      "Target": "Parameter",
      "Id": "ParamEyeBallY",
      "Segments": [
        0,
        -0.1,
        0,
        2.833,
        0,
        0,
        4.4,
        -0.3,
        0,
        6.033,
        0,
        0,
        8,
        -0.1
      ]
    },
    {
      "Target": "Parameter",
      "Id": "Param5",
      "Segments": [
        0,
        0,
        0,
        8,
        0
      ]
    },
    {
      "Target": "Parameter",
      "Id": "Param",
      "Segments": [
        0,
        -18,
        0,
        8,
        -18
      ]
    },
    {
      "Target": "Parameter",
      "Id": "Param16",
      "Segments": [
        0,
        30,
        0,
        8,
        30
      ]
    },
    {
      "Target": "Parameter",
      "Id": "EyeR_Open",
      "Segments": [
        0,
        1,
        0,
        8,
        1
      ]
    },
    {
      "Target": "Parameter",
      "Id": "ParamEyeRSmile",
      "Segments": [
        0,
        0.1,
        0,
        8,
        0.1
      ]
    },
    {
      "Target": "Parameter",
      "Id": "Param13",
      "Segments": [
        0,
        -0.7,
        0,
        8,
        -0.7
      ]
    },
    {
      "Target": "Parameter",
      "Id": "EyeL_Open",
      "Segments": [
        0,
        1,
        0,
        8,
        1
      ]
    },
    {
      "Target": "Parameter",
      "Id": "ParamEyeLSmile",
      "Segments": [
        0,
        0.1,
        0,
        8,
        0.1
      ]
    },
    {
      "Target": "Parameter",
      "Id": "Param14",
      "Segments": [
        0,
        -0.7,
        0,
        8,
        -0.7
      ]
    },
    {
      "Target": "Parameter",
      "Id": "Param11",
      "Segments": [
        0,
        0,
        0,
        8,
        0
      ]
    },
    {
      "Target": "Parameter",
      "Id": "ParamBrowLY",
      "Segments": [
        0,
        -0.4,
        0,
        8,
        -0.4
      ]
    },
    {
      "Target": "Parameter",
      "Id": "ParamBrowRY",
      "Segments": [
        0,
        -0.4,
        0,
        8,
        -0.4
      ]
    },
    {
      "Target": "Parameter",
      "Id": "ParamBrowLAngle",
      "Segments": [
        0,
        0.1,
        0,
        8,
        0.1
      ]
    },
    {
      "Target": "Parameter",
      "Id": "ParamBrowRAngle",
      "Segments": [
        0,
        0.1,
        0,
        8,
        0.1
      ]
    },
    {
      "Target": "Parameter",
      "Id": "ParamBrowLForm",
      "Segments": [
        0,
        -1,
        0,
        8,
        -1
      ]
    },
    {
      "Target": "Parameter",
      "Id": "ParamBrowLForm2",
      "Segments": [
        0,
        0,
        0,
        8,
        0
      ]
    },
    {
      "Target": "Parameter",
      "Id": "ParamBrowRForm",
      "Segments": [
        0,
        -1,
        0,
        8,
        -1
      ]
    },
    {
      "Target": "Parameter",
      "Id": "ParamBrowRForm2",
      "Segments": [
        0,
        0,
        0,
        8,
        0
      ]
    },
    {
      "Target": "Parameter",
      "Id": "ParamMouthForm",
      "Segments": [
        0,
        -0.8,
        0,
        8,
        -0.8
      ]
    },
    {
      "Target": "Parameter",
      "Id": "Mouth_Open",
      "Segments": [
        0,
        1,
        0,
        8,
        1
      ]
    },
    {
      "Target": "Parameter",
      "Id": "Param6",
      "Segments": [
        0,
        0,
        0,
        8,
        0
      ]
    },
    {
      "Target": "Parameter",
      "Id": "Mouth_Size",
      "Segments": [
        0,
        0.5,
        0,
        8,
        0.5
      ]
    },
    {
      "Target": "PartOpacity",
      "Id": "Part38",
      "Segments": [
        0,
        1,
        0,
        8,
        1
      ]
    },
    {
      "Target": "PartOpacity",
      "Id": "Part35",
      "Segments": [
        0,
        1,
        0,
        8,
        1
      ]
    },
    {
      "Target": "PartOpacity",
      "Id": "Part4",
      "Segments": [
        0,
        1,
        0,
        8,
        1
      ]
    },
    {
      "Target": "PartOpacity",
      "Id": "Part3",
      "Segments": [
        0,
        0,
        0,
        8,
        0
      ]
    },
    {
      "Target": "PartOpacity",
      "Id": "Part18",
      "Segments": [
        0,
        1,
        0,
        8,
        1
      ]
    },
    {
      "Target": "PartOpacity",
      "Id": "Part29",
      "Segments": [
        0,
        1,
        0,
        8,
        1
      ]
    },
    {
      "Target": "PartOpacity",
      "Id": "Part19",
      "Segments": [
        0,
        1,
        0,
        8,
        1
      ]
    },
    {
      "Target": "PartOpacity",
      "Id": "Part30",
      "Segments": [
        0,
        1,
        0,
        8,
        1
      ]
    },
    {
      "Target": "PartOpacity",
      "Id": "Part20",
      "Segments": [
        0,
        1,
        0,
        8,
        1
      ]
    },
    {
      "Target": "PartOpacity",
      "Id": "Part25",
      "Segments": [
        0,
        1,
        0,
        8,
        1
      ]
    },
    {
      "Target": "PartOpacity",
      "Id": "Part6",
      "Segments": [
        0,
        1,
        0,
        8,
        1
      ]
    },
    {
      "Target": "PartOpacity",
      "Id": "Part28",
      "Segments": [
        0,
        1,
        0,
        8,
        1
      ]
    },
    {
      "Target": "PartOpacity",
      "Id": "Part13",
      "Segments": [
        0,
        1,
        0,
        8,
        1
      ]
    }
  ],
  "UserData": []
}