{
  "Version": 3,
  "Meta": {
    "Duration": 9.333,
    "Fps": 30.0,
    "Loop": true,
    "AreBeziersRestricted": true,
    "CurveCount": 35,
    "TotalSegmentCount": 163,
    "TotalPointCount": 223,
    "UserDataCount": 0,
    "TotalUserDataSize": 0
  },
  "Curves": [
    {
      "Target": "Parameter",
      "Id": "Param31",
      "Segments": [
        0,
        0,
        1,
        0.122,
        0,
        0.245,
        -6.28,
        0.367,
        -20,
        1,
        0.422,
        -26.236,
        0.478,
        -30,
        0.533,
        -30,
        1,
        0.655,
        -30,
        0.778,
        -18.96,
        0.9,
        -11,
        1,
        1.044,
        -1.593,
        1.189,
        0,
        1.333,
        0,
        0,
        2.167,
        -21,
        0,
        3.3,
        -10,
        0,
        4.367,
        -22,
        0,
        5.567,
        -8,
        0,
        6.5,
        -19,
        0,
        7.3,
        -16,
        0,
        8.267,
        -20,
        0,
        9.333,
        0
      ]
    },
    {
      "Target": "Parameter",
      "Id": "Param32",
      "Segments": [
        0,
        0,
        0,
        0.467,
        -8,
        0,
        0.733,
        11,
        1,
        0.822,
        10.351,
        0.911,
        -2.291,
        1,
        2,
        0,
        1.167,
        3,
        0,
        1.333,
        0,
        2,
        2.1,
        0,
        2,
        3.267,
        0,
        0,
        4.3,
        13,
        1,
        4.522,
        13,
        4.745,
        11.181,
        4.967,
        6,
        1,
        5.167,
        1.337,
        5.367,
        -2,
        5.567,
        -2,
        0,
        6.367,
        6,
        0,
        6.933,
        -2,
        0,
        8.367,
        7,
        0,
        9.333,
        0
      ]
    },
    {
      "Target": "Parameter",
      "Id": "Param29",
      "Segments": [
        0,
        0,
        0,
        0.4,
        4,
        0,
        0.933,
        -25,
        1,
        1.066,
        -25,
        1.2,
        -7.733,
        1.333,
        -4.4,
        1,
        1.444,
        -1.622,
        1.556,
        -2,
        1.667,
        -2,
        0,
        2.267,
        -16,
        0,
        3.167,
        -4,
        0,
        4,
        -16,
        0,
        4.8,
        -10,
        0,
        5.533,
        -19,
        0,
        6.333,
        -9,
        0,
        7.2,
        -14,
        0,
        8.233,
        -8,
        1,
        8.6,
        -4.963,
        8.966,
        -4.4,
        9.333,
        -4.4
      ]
    },
    {
      "Target": "Parameter",
      "Id": "Param24",
      "Segments": [
        0,
        0,
        2,
        0.633,
        0,
        1,
        0.733,
        0,
        0.833,
        -7.151,
        0.933,
        -10,
        1,
        1.066,
        -13.799,
        1.2,
        -15.677,
        1.333,
        -18.315,
        1,
        1.733,
        -26.229,
        2.133,
        -30,
        2.533,
        -30,
        0,
        3.567,
        0,
        0,
        5.033,
        -30,
        1,
        5.611,
        -30,
        6.189,
        -29.089,
        6.767,
        -26,
        1,
        7.622,
        -21.426,
        8.478,
        -18.315,
        9.333,
        -18.315
      ]
    },
    {
      "Target": "Parameter",
      "Id": "Param5",
      "Segments": [
        0,
        0,
        0,
        0.533,
        22,
        0,
        0.8,
        0,
        2,
        1.333,
        0,
        2,
        9.333,
        0
      ]
    },
    {
      "Target": "Parameter",
      "Id": "Param",
      "Segments": [
        0,
        0,
        2,
        0.167,
        0,
        0,
        0.833,
        -18,
        2,
        1.333,
        -18,
        2,
        9.333,
        -18
      ]
    },
    {
      "Target": "Parameter",
      "Id": "Param23",
      "Segments": [
        0,
        -30,
        0,
        1.333,
        30,
        0,
        3.333,
        -30,
        0,
        5.333,
        30,
        0,
        7.333,
        -30,
        0,
        9.333,
        30
      ]
    },
    {
      "Target": "Parameter",
      "Id": "Param16",
      "Segments": [
        0,
        0,
        2,
        0.167,
        0,
        0,
        0.8,
        30,
        2,
        1.333,
        30,
        2,
        9.333,
        30
      ]
    },
    {
      "Target": "Parameter",
      "Id": "Param3",
      "Segments": [
        0,
        0,
        2,
        1.333,
        0,
        2,
        1.8,
        0,
        0,
        4.267,
        18,
        0,
        5.6,
        5,
        0,
        7.433,
        13,
        0,
        9.333,
        0
      ]
    },
    {
      "Target": "Parameter",
      "Id": "Param2",
      "Segments": [
        0,
        0,
        0,
        0.533,
        -12,
        0,
        1.333,
        0,
        2,
        2.633,
        0,
        0,
        5.333,
        -5,
        0,
        9.333,
        0
      ]
    },
    {
      "Target": "Parameter",
      "Id": "Param30",
      "Segments": [
        0,
        0,
        0,
        0.367,
        -18,
        0,
        0.633,
        21,
        0,
        0.867,
        -9,
        0,
        1.333,
        0,
        2,
        1.533,
        0,
        0,
        2.167,
        9,
        0,
        4.633,
        -18,
        0,
        6,
        14,
        0,
        7,
        -13,
        0,
        8.367,
        4,
        0,
        9.333,
        0
      ]
    },
    {
      "Target": "Parameter",
      "Id": "Param4",
      "Segments": [
        0,
        0,
        2,
        1.333,
        0,
        1,
        1.933,
        0,
        2.533,
        0.845,
        3.133,
        4,
        1,
        3.478,
        5.811,
        3.822,
        8,
        4.167,
        8,
        0,
        7.433,
        -9,
        1,
        7.733,
        -9,
        8.033,
        -6.765,
        8.333,
        -4,
        1,
        8.666,
        -0.928,
        9,
        0,
        9.333,
        0
      ]
    },
    {
      "Target": "Parameter",
      "Id": "Param15",
      "Segments": [
        0,
        0,
        2,
        1.333,
        0,
        0,
        3.133,
        -4,
        1,
        3.478,
        -4,
        3.822,
        -3.517,
        4.167,
        -1,
        1,
        4.7,
        2.898,
        5.234,
        6.03,
        5.767,
        6.03,
        1,
        6.167,
        6.03,
        6.567,
        5.449,
        6.967,
        0,
        1,
        7.122,
        -1.799,
        7.278,
        -7.673,
        7.433,
        -9,
        1,
        7.733,
        -11.559,
        8.033,
        -12,
        8.333,
        -12,
        0,
        9.333,
        0
      ]
    },
    {
      "Target": "Parameter",
      "Id": "Param18",
      "Segments": [
        0,
        0,
        2,
        0.467,
        0,
        0,
        0.733,
        -5.842,
        1,
        0.822,
        -5.842,
        0.911,
        -4.594,
        1,
        0,
        1,
        1.056,
        2.871,
        1.111,
        6.267,
        1.167,
        6.267,
        1,
        1.222,
        6.267,
        1.278,
        4.031,
        1.333,
        0,
        1,
        1.389,
        -4.031,
        1.444,
        -5.842,
        1.5,
        -5.842,
        0,
        1.667,
        0,
        0,
        7.667,
        -10,
        0,
        9.333,
        0
      ]
    },
    {
      "Target": "Parameter",
      "Id": "EyeR_Open",
      "Segments": [
        0,
        1,
        2,
        2.333,
        1,
        0,
        2.467,
        0,
        0,
        2.567,
        1,
        2,
        5,
        1,
        0,
        5.133,
        0,
        0,
        5.2,
        1,
        2,
        7.467,
        1,
        0,
        7.6,
        0,
        0,
        7.7,
        1,
        2,
        7.767,
        1,
        0,
        7.9,
        0,
        0,
        7.967,
        1,
        2,
        9.333,
        1
      ]
    },
    {
      "Target": "Parameter",
      "Id": "EyeL_Open",
      "Segments": [
        0,
        1,
        2,
        2.333,
        1,
        0,
        2.467,
        0,
        0,
        2.567,
        1,
        2,
        5,
        1,
        0,
        5.133,
        0,
        0,
        5.2,
        1,
        2,
        7.467,
        1,
        0,
        7.6,
        0,
        0,
        7.7,
        1,
        2,
        7.767,
        1,
        0,
        7.9,
        0,
        0,
        7.967,
        1,
        2,
        9.333,
        1
      ]
    },
    {
      "Target": "Parameter",
      "Id": "ParamEyeBallX",
      "Segments": [
        0,
        0.2,
        0,
        1.333,
        0,
        2,
        4.167,
        0,
        0,
        5.733,
        0.5,
        1,
        6.278,
        0.5,
        6.822,
        0.449,
        7.367,
        0.3,
        1,
        8.022,
        0.12,
        8.678,
        0,
        9.333,
        0
      ]
    },
    {
      "Target": "Parameter",
      "Id": "ParamEyeBallY",
      "Segments": [
        0,
        0,
        0,
        1.333,
        -0.1,
        0,
        4.167,
        0,
        0,
        5.733,
        -0.4,
        0,
        7.367,
        0,
        0,
        9.333,
        -0.1
      ]
    },
    {
      "Target": "Parameter",
      "Id": "ParamEyeRSmile",
      "Segments": [
        0,
        0,
        0,
        9.333,
        0
      ]
    },
    {
      "Target": "Parameter",
      "Id": "Param13",
      "Segments": [
        0,
        0,
        0,
        9.333,
        0
      ]
    },
    {
      "Target": "Parameter",
      "Id": "ParamEyeLSmile",
      "Segments": [
        0,
        0,
        0,
        9.333,
        0
      ]
    },
    {
      "Target": "Parameter",
      "Id": "Param14",
      "Segments": [
        0,
        0,
        0,
        9.333,
        0
      ]
    },
    {
      "Target": "Parameter",
      "Id": "Param11",
      "Segments": [
        0,
        0,
        0,
        9.333,
        0
      ]
    },
    {
      "Target": "Parameter",
      "Id": "ParamBrowLY",
      "Segments": [
        0,
        0,
        0,
        9.333,
        0
      ]
    },
    {
      "Target": "Parameter",
      "Id": "ParamBrowRY",
      "Segments": [
        0,
        0,
        0,
        9.333,
        0
      ]
    },
    {
      "Target": "Parameter",
      "Id": "ParamBrowLAngle",
      "Segments": [
        0,
        0,
        0,
        9.333,
        0
      ]
    },
    {
      "Target": "Parameter",
      "Id": "ParamBrowRAngle",
      "Segments": [
        0,
        0,
        0,
        9.333,
        0
      ]
    },
    {
      "Target": "Parameter",
      "Id": "ParamBrowLForm",
      "Segments": [
        0,
        0,
        0,
        9.333,
        0
      ]
    },
    {
      "Target": "Parameter",
      "Id": "ParamBrowLForm2",
      "Segments": [
        0,
        0,
        0,
        9.333,
        0
      ]
    },
    {
      "Target": "Parameter",
      "Id": "ParamBrowRForm",
      "Segments": [
        0,
        0,
        0,
        9.333,
        0
      ]
    },
    {
      "Target": "Parameter",
      "Id": "ParamBrowRForm2",
      "Segments": [
        0,
        0,
        0,
        9.333,
        0
      ]
    },
    {
      "Target": "Parameter",
      "Id": "ParamMouthForm",
      "Segments": [
        0,
        0,
        0,
        9.333,
        0
      ]
    },
    {
      "Target": "Parameter",
      "Id": "Mouth_Open",
      "Segments": [
        0,
        1,
        0,
        9.333,
        1
      ]
    },
    {
      "Target": "Parameter",
      "Id": "Param6",
      "Segments": [
        0,
        0,
        0,
        9.333,
        0
      ]
    },
    {
      "Target": "Parameter",
      "Id": "Mouth_Size",
      "Segments": [
        0,
        0.5,
        0,
        9.333,
        0.5
      ]
    }
  ],
  "UserData": []
}