{
  "Version": 3,
  "Meta": {
    "Duration": 8.0,
    "Fps": 30.0,
    "Loop": true,
    "AreBeziersRestricted": true,
    "CurveCount": 47,
    "TotalSegmentCount": 139,
    "TotalPointCount": 233,
    "UserDataCount": 0,
    "TotalUserDataSize": 0
  },
  "Curves": [
    {
      "Target": "Parameter",
      "Id": "Param31",
      "Segments": [
        0,
        0,
        0,
        1.7,
        -18,
        1,
        1.8,
        -18,
        1.9,
        -18.531,
        2,
        -16.4,
        1,
        2.5,
        -5.747,
        3,
        4,
        3.5,
        4,
        0,
        4.167,
        -6,
        1,
        4.467,
        -6,
        4.767,
        0.736,
        5.067,
        8,
        1,
        5.367,
        15.264,
        5.667,
        17,
        5.967,
        17,
        1,
        6.322,
        17,
        6.678,
        7.092,
        7.033,
        -4,
        1,
        7.355,
        -14.052,
        7.678,
        -16.4,
        8,
        -16.4
      ]
    },
    {
      "Target": "Parameter",
      "Id": "Param32",
      "Segments": [
        0,
        0,
        0,
        1.5,
        -16,
        1,
        1.667,
        -16,
        1.833,
        -15.578,
        2,
        -10,
        1,
        2.433,
        4.502,
        2.867,
        16,
        3.3,
        16,
        0,
        4.4,
        -15,
        1,
        4.744,
        -15,
        5.089,
        -4.759,
        5.433,
        3,
        1,
        5.655,
        8.006,
        5.878,
        8,
        6.1,
        8,
        1,
        6.356,
        8,
        6.611,
        -1.846,
        6.867,
        -5,
        1,
        7.245,
        -9.663,
        7.622,
        -10,
        8,
        -10
      ]
    },
    {
      "Target": "Parameter",
      "Id": "Param29",
      "Segments": [
        0,
        0,
        0,
        1.7,
        -13,
        1,
        1.8,
        -13,
        1.9,
        -13.528,
        2,
        -11.8,
        1,
        2.567,
        -2.008,
        3.133,
        7,
        3.7,
        7,
        1,
        3.978,
        7,
        4.255,
        3.751,
        4.533,
        -4,
        1,
        4.633,
        -6.79,
        4.733,
        -9,
        4.833,
        -9,
        1,
        5,
        -9,
        5.166,
        -7.702,
        5.333,
        -5,
        1,
        5.578,
        -1.037,
        5.822,
        1,
        6.067,
        1,
        1,
        6.367,
        1,
        6.667,
        -2.136,
        6.967,
        -6,
        1,
        7.311,
        -10.436,
        7.656,
        -11.8,
        8,
        -11.8
      ]
    },
    {
      "Target": "Parameter",
      "Id": "Param24",
      "Segments": [
        0,
        0,
        0,
        1.833,
        13,
        2,
        2,
        13,
        1,
        2.356,
        13,
        2.711,
        12.865,
        3.067,
        4,
        1,
        3.367,
        -3.48,
        3.667,
        -30,
        3.967,
        -30,
        1,
        4.734,
        -30,
        5.5,
        -2.35,
        6.267,
        7,
        1,
        6.845,
        14.046,
        7.422,
        13,
        8,
        13
      ]
    },
    {
      "Target": "Parameter",
      "Id": "Param23",
      "Segments": [
        0,
        -30,
        1,
        0.667,
        -30,
        1.333,
        -2.218,
        2,
        26.7,
        1,
        2.111,
        31.52,
        2.222,
        30,
        2.333,
        30,
        0,
        4.533,
        -30,
        0,
        6.2,
        30,
        0,
        8,
        26.7
      ]
    },
    {
      "Target": "Parameter",
      "Id": "Param3",
      "Segments": [
        0,
        0,
        0,
        2,
        13,
        2,
        2.033,
        13,
        1,
        2.133,
        13,
        2.233,
        13.275,
        2.333,
        12,
        1,
        2.844,
        5.481,
        3.356,
        0,
        3.867,
        0,
        0,
        5.5,
        30,
        0,
        8,
        13
      ]
    },
    {
      "Target": "Parameter",
      "Id": "Param2",
      "Segments": [
        0,
        0,
        1,
        0.633,
        0,
        1.267,
        2.346,
        1.9,
        7,
        1,
        1.933,
        7.245,
        1.967,
        7.499,
        2,
        7.7,
        1,
        2.7,
        11.927,
        3.4,
        14,
        4.1,
        14,
        1,
        4.756,
        14,
        5.411,
        10.4,
        6.067,
        9,
        1,
        6.711,
        7.624,
        7.356,
        7.7,
        8,
        7.7
      ]
    },
    {
      "Target": "Parameter",
      "Id": "Param30",
      "Segments": [
        0,
        0,
        0,
        1.6,
        17,
        1,
        1.733,
        17,
        1.867,
        16.806,
        2,
        10,
        1,
        2.389,
        -9.851,
        2.778,
        -26,
        3.167,
        -26,
        0,
        4.833,
        16,
        0,
        6.1,
        -28,
        1,
        6.389,
        -28,
        6.678,
        -15.44,
        6.967,
        -5,
        1,
        7.311,
        7.447,
        7.656,
        10,
        8,
        10
      ]
    },
    {
      "Target": "Parameter",
      "Id": "Param4",
      "Segments": [
        0,
        0,
        1,
        0.667,
        0,
        1.333,
        -3.349,
        2,
        -7,
        1,
        2.411,
        -9.251,
        2.822,
        -11.04,
        3.233,
        -12,
        1,
        3.944,
        -13.66,
        4.656,
        -14.784,
        5.367,
        -16,
        1,
        5.811,
        -16.76,
        6.256,
        -17,
        6.7,
        -17,
        0,
        8,
        -7
      ]
    },
    {
      "Target": "Parameter",
      "Id": "Param15",
      "Segments": [
        0,
        0,
        2,
        2,
        0,
        0,
        3.233,
        2,
        0,
        5.367,
        -14,
        1,
        5.811,
        -14,
        6.256,
        -12.608,
        6.7,
        -8,
        1,
        7.133,
        -3.507,
        7.567,
        0,
        8,
        0
      ]
    },
    {
      "Target": "Parameter",
      "Id": "Param18",
      "Segments": [
        0,
        0,
        1,
        0.667,
        0,
        1.333,
        -4.926,
        2,
        -10.391,
        1,
        2.111,
        -11.302,
        2.222,
        -11,
        2.333,
        -11,
        0,
        4,
        26,
        0,
        4.8,
        0,
        0,
        7.1,
        12,
        0,
        8,
        -10.391
      ]
    },
    {
      "Target": "Parameter",
      "Id": "EyeR_Open",
      "Segments": [
        0,
        1,
        2,
        2,
        1,
        2,
        2.333,
        1,
        0,
        2.467,
        0,
        0,
        2.567,
        1,
        2,
        4.967,
        1,
        0,
        5.1,
        0,
        0,
        5.167,
        1,
        2,
        7.467,
        1,
        0,
        7.6,
        0,
        0,
        7.7,
        1,
        2,
        7.767,
        1,
        0,
        7.9,
        0,
        0,
        8,
        1
      ]
    },
    {
      "Target": "Parameter",
      "Id": "EyeL_Open",
      "Segments": [
        0,
        1,
        2,
        2,
        1,
        2,
        2.333,
        1,
        0,
        2.467,
        0,
        0,
        2.567,
        1,
        2,
        4.967,
        1,
        0,
        5.1,
        0,
        0,
        5.167,
        1,
        2,
        7.467,
        1,
        0,
        7.6,
        0,
        0,
        7.7,
        1,
        2,
        7.767,
        1,
        0,
        7.9,
        0,
        0,
        8,
        1
      ]
    },
    {
      "Target": "Parameter",
      "Id": "ParamEyeBallX",
      "Segments": [
        0,
        0.2,
        2,
        2,
        0.2,
        0,
        2.9,
        0.7,
        2,
        5.367,
        0.7,
        1,
        5.811,
        0.7,
        6.256,
        0.706,
        6.7,
        0.6,
        1,
        7.133,
        0.496,
        7.567,
        0.2,
        8,
        0.2
      ]
    },
    {
      "Target": "Parameter",
      "Id": "ParamEyeBallY",
      "Segments": [
        0,
        0,
        2,
        2,
        0,
        0,
        2.9,
        -0.1,
        0,
        5.367,
        0,
        2,
        6.7,
        0,
        2,
        8,
        0
      ]
    },
    {
      "Target": "Parameter",
      "Id": "Param5",
      "Segments": [
        0,
        0,
        0,
        8,
        0
      ]
    },
    {
      "Target": "Parameter",
      "Id": "Param",
      "Segments": [
        0,
        0,
        0,
        8,
        0
      ]
    },
    {
      "Target": "Parameter",
      "Id": "Param16",
      "Segments": [
        0,
        0,
        0,
        8,
        0
      ]
    },
    {
      "Target": "Parameter",
      "Id": "ParamEyeRSmile",
      "Segments": [
        0,
        0,
        0,
        8,
        0
      ]
    },
    {
      "Target": "Parameter",
      "Id": "Param13",
      "Segments": [
        0,
        0,
        0,
        8,
        0
      ]
    },
    {
      "Target": "Parameter",
      "Id": "ParamEyeLSmile",
      "Segments": [
        0,
        0,
        0,
        8,
        0
      ]
    },
    {
      "Target": "Parameter",
      "Id": "Param14",
      "Segments": [
        0,
        0,
        0,
        8,
        0
      ]
    },
    {
      "Target": "Parameter",
      "Id": "Param11",
      "Segments": [
        0,
        0,
        0,
        8,
        0
      ]
    },
    {
      "Target": "Parameter",
      "Id": "ParamBrowLY",
      "Segments": [
        0,
        0,
        0,
        8,
        0
      ]
    },
    {
      "Target": "Parameter",
      "Id": "ParamBrowRY",
      "Segments": [
        0,
        0,
        0,
        8,
        0
      ]
    },
    {
      "Target": "Parameter",
      "Id": "ParamBrowLAngle",
      "Segments": [
        0,
        0,
        0,
        8,
        0
      ]
    },
    {
      "Target": "Parameter",
      "Id": "ParamBrowRAngle",
      "Segments": [
        0,
        0,
        0,
        8,
        0
      ]
    },
    {
      "Target": "Parameter",
      "Id": "ParamBrowLForm",
      "Segments": [
        0,
        0,
        0,
        8,
        0
      ]
    },
    {
      "Target": "Parameter",
      "Id": "ParamBrowLForm2",
      "Segments": [
        0,
        0,
        0,
        8,
        0
      ]
    },
    {
      "Target": "Parameter",
      "Id": "ParamBrowRForm",
      "Segments": [
        0,
        0,
        0,
        8,
        0
      ]
    },
    {
      "Target": "Parameter",
      "Id": "ParamBrowRForm2",
      "Segments": [
        0,
        0,
        0,
        8,
        0
      ]
    },
    {
      "Target": "Parameter",
      "Id": "ParamMouthForm",
      "Segments": [
        0,
        0,
        0,
        8,
        0
      ]
    },
    {
      "Target": "Parameter",
      "Id": "Mouth_Open",
      "Segments": [
        0,
        1,
        0,
        8,
        1
      ]
    },
    {
      "Target": "Parameter",
      "Id": "Param6",
      "Segments": [
        0,
        0,
        0,
        8,
        0
      ]
    },
    {
      "Target": "Parameter",
      "Id": "Mouth_Size",
      "Segments": [
        0,
        0.5,
        0,
        8,
        0.5
      ]
    },
    {
      "Target": "PartOpacity",
      "Id": "Part38",
      "Segments": [
        0,
        1,
        0,
        8,
        1
      ]
    },
    {
      "Target": "PartOpacity",
      "Id": "Part35",
      "Segments": [
        0,
        1,
        0,
        8,
        1
      ]
    },
    {
      "Target": "PartOpacity",
      "Id": "Part4",
      "Segments": [
        0,
        1,
        0,
        8,
        1
      ]
    },
    {
      "Target": "PartOpacity",
      "Id": "Part18",
      "Segments": [
        0,
        1,
        0,
        8,
        1
      ]
    },
    {
      "Target": "PartOpacity",
      "Id": "Part29",
      "Segments": [
        0,
        1,
        0,
        8,
        1
      ]
    },
    {
      "Target": "PartOpacity",
      "Id": "Part19",
      "Segments": [
        0,
        1,
        0,
        8,
        1
      ]
    },
    {
      "Target": "PartOpacity",
      "Id": "Part30",
      "Segments": [
        0,
        1,
        0,
        8,
        1
      ]
    },
    {
      "Target": "PartOpacity",
      "Id": "Part20",
      "Segments": [
        0,
        1,
        0,
        8,
        1
      ]
    },
    {
      "Target": "PartOpacity",
      "Id": "Part25",
      "Segments": [
        0,
        1,
        0,
        8,
        1
      ]
    },
    {
      "Target": "PartOpacity",
      "Id": "Part6",
      "Segments": [
        0,
        1,
        0,
        8,
        1
      ]
    },
    {
      "Target": "PartOpacity",
      "Id": "Part28",
      "Segments": [
        0,
        1,
        0,
        8,
        1
      ]
    },
    {
      "Target": "PartOpacity",
      "Id": "Part13",
      "Segments": [
        0,
        1,
        0,
        8,
        1
      ]
    }
  ],
  "UserData": []
}