{
  "Version": 3,
  "Meta": {
    "Duration": 1.333,
    "Fps": 30.0,
    "Loop": true,
    "AreBeziersRestricted": true,
    "CurveCount": 91,
    "TotalSegmentCount": 150,
    "TotalPointCount": 238,
    "UserDataCount": 1,
    "TotalUserDataSize": 0
  },
  "Curves": [
    {
      "Target": "Parameter",
      "Id": "Breath",
      "Segments": [
        0,
        0,
        0,
        1,
        0.595,
        1,
        1.111,
        0.595,
        1.222,
        0.595,
        1.333,
        0.594
      ]
    },
    {
      "Target": "Parameter",
      "Id": "Body_Shaking",
      "Segments": [
        0,
        0,
        0,
        0.333,
        -4,
        0,
        1.333,
        -1.039
      ]
    },
    {
      "Target": "Parameter",
      "Id": "BodyY",
      "Segments": [
        0,
        0,
        0,
        0.333,
        -7,
        0,
        1.333,
        -1.51
      ]
    },
    {
      "Target": "Parameter",
      "Id": "Waist_Roll",
      "Segments": [
        0,
        0,
        0,
        0.333,
        -2,
        1,
        0.555,
        -2,
        0.778,
        2.76,
        1,
        4.432,
        1,
        1.111,
        5.31,
        1.222,
        5.812,
        1.333,
        5.812
      ]
    },
    {
      "Target": "Parameter",
      "Id": "Body_Twist",
      "Segments": [
        0,
        0,
        1,
        0.333,
        0,
        0.667,
        -5.546,
        1,
        -12.399,
        1,
        1.111,
        -14.684,
        1.222,
        -14.704,
        1.333,
        -14.704
      ]
    },
    {
      "Target": "Parameter",
      "Id": "Body_Pose1",
      "Segments": [
        0,
        0,
        2,
        0.333,
        0,
        0,
        1,
        1,
        2,
        1.333,
        1
      ]
    },
    {
      "Target": "Parameter",
      "Id": "NeckRace_Shaking",
      "Segments": [
        0,
        0,
        0,
        0.5,
        0.4,
        0,
        1.333,
        -0.11
      ]
    },
    {
      "Target": "Parameter",
      "Id": "NeckRibbon_Shaking",
      "Segments": [
        0,
        0,
        0,
        0.5,
        0.4,
        0,
        1.333,
        -0.3
      ]
    },
    {
      "Target": "Parameter",
      "Id": "VestsFrill_Shaking",
      "Segments": [
        0,
        0,
        0,
        0.5,
        0.6,
        0,
        1.333,
        -0.1
      ]
    },
    {
      "Target": "Parameter",
      "Id": "JacketHem_Shaking",
      "Segments": [
        0,
        0,
        0,
        0.5,
        0.9,
        0,
        1.333,
        -0.6
      ]
    },
    {
      "Target": "Parameter",
      "Id": "BodyX",
      "Segments": [
        0,
        0,
        2,
        0.3,
        0,
        0,
        1.033,
        -8.315,
        2,
        1.333,
        -8.315
      ]
    },
    {
      "Target": "Parameter",
      "Id": "Head_AngleX",
      "Segments": [
        0,
        0,
        0,
        0.4,
        -4.78,
        1,
        0.6,
        -4.78,
        0.8,
        6.4,
        1,
        8.994,
        1,
        1.111,
        10.158,
        1.222,
        10.924,
        1.333,
        11.437
      ]
    },
    {
      "Target": "Parameter",
      "Id": "Head_AngleY",
      "Segments": [
        0,
        0,
        0,
        0.4,
        -15.384,
        0,
        1,
        5,
        2,
        1.333,
        5
      ]
    },
    {
      "Target": "Parameter",
      "Id": "HeadY",
      "Segments": [
        0,
        0,
        0,
        0.367,
        -13.405,
        1,
        0.511,
        -13.405,
        0.656,
        -0.231,
        0.8,
        0.788,
        1,
        0.978,
        2.042,
        1.155,
        1.916,
        1.333,
        1.916
      ]
    },
    {
      "Target": "Parameter",
      "Id": "Head_Roll",
      "Segments": [
        0,
        0,
        1,
        0.167,
        0,
        0.333,
        -6.822,
        0.5,
        -7.313,
        1,
        0.778,
        -7.717,
        1.055,
        -6.848,
        1.333,
        -6.371
      ]
    },
    {
      "Target": "Parameter",
      "Id": "Mouth_Size",
      "Segments": [
        0,
        0.3,
        0,
        1,
        0.1,
        2,
        1.333,
        0.1
      ]
    },
    {
      "Target": "Parameter",
      "Id": "Mouth_Size2",
      "Segments": [
        0,
        0,
        0,
        1.333,
        22
      ]
    },
    {
      "Target": "Parameter",
      "Id": "BrowRY",
      "Segments": [
        0,
        0,
        2,
        0.5,
        0,
        0,
        1.333,
        0.2
      ]
    },
    {
      "Target": "Parameter",
      "Id": "BrowLY",
      "Segments": [
        0,
        0,
        2,
        0.5,
        0,
        0,
        1.333,
        0.2
      ]
    },
    {
      "Target": "Parameter",
      "Id": "BrowR_Angle",
      "Segments": [
        0,
        0,
        0,
        1.333,
        -0.4
      ]
    },
    {
      "Target": "Parameter",
      "Id": "BrowL_Angle",
      "Segments": [
        0,
        0,
        0,
        1.333,
        -0.4
      ]
    },
    {
      "Target": "Parameter",
      "Id": "EyeR_Open",
      "Segments": [
        0,
        1,
        0,
        0.4,
        0,
        0,
        1,
        0.9,
        2,
        1.333,
        0.9
      ]
    },
    {
      "Target": "Parameter",
      "Id": "EyeL_Open",
      "Segments": [
        0,
        1,
        0,
        0.4,
        0,
        0,
        1,
        0.9,
        2,
        1.333,
        0.9
      ]
    },
    {
      "Target": "Parameter",
      "Id": "HairFront_Shaking",
      "Segments": [
        0,
        0,
        1,
        0.222,
        -0.314,
        0.445,
        -0.639,
        0.667,
        -0.639,
        1,
        0.889,
        -0.639,
        1.111,
        -0.185,
        1.333,
        0.072
      ]
    },
    {
      "Target": "Parameter",
      "Id": "HairFront_Shaking02",
      "Segments": [
        0,
        0,
        1,
        0.167,
        -0.5,
        0.333,
        -1,
        0.5,
        -1,
        1,
        0.644,
        -1,
        0.789,
        -0.452,
        0.933,
        0,
        1,
        1.066,
        0.401,
        1.2,
        0.468,
        1.333,
        0.462
      ]
    },
    {
      "Target": "Parameter",
      "Id": "HairRibbon_Shaking",
      "Segments": [
        0,
        0,
        1,
        0.222,
        -0.526,
        0.445,
        -0.9,
        0.667,
        -0.9,
        1,
        0.889,
        -0.9,
        1.111,
        -0.575,
        1.333,
        -0.13
      ]
    },
    {
      "Target": "Parameter",
      "Id": "ShoulderRY",
      "Segments": [
        0,
        0,
        1,
        0.311,
        0,
        0.622,
        -14.242,
        0.933,
        -17.218,
        1,
        1.066,
        -18.346,
        1.2,
        -19,
        1.333,
        -19
      ]
    },
    {
      "Target": "Parameter",
      "Id": "ShoulderLY",
      "Segments": [
        0,
        0,
        0,
        0.833,
        14.24,
        0,
        1.333,
        12
      ]
    },
    {
      "Target": "Parameter",
      "Id": "ShoulderR_Roll",
      "Segments": [
        0,
        0,
        1,
        0.333,
        0,
        0.667,
        3.063,
        1,
        8,
        1,
        1.111,
        9.688,
        1.222,
        10.181,
        1.333,
        10.558
      ]
    },
    {
      "Target": "Parameter",
      "Id": "ShoulderL_Roll",
      "Segments": [
        0,
        0,
        0,
        0.633,
        30,
        1,
        0.778,
        30,
        0.922,
        28.919,
        1.067,
        27.669,
        1,
        1.156,
        26.899,
        1.244,
        26.79,
        1.333,
        26.79
      ]
    },
    {
      "Target": "Parameter",
      "Id": "ArmR_Roll",
      "Segments": [
        0,
        0,
        1,
        0.333,
        0,
        0.667,
        -3.061,
        1,
        -5.287,
        1,
        1.111,
        -5.999,
        1.222,
        -6.247,
        1.333,
        -6.247
      ]
    },
    {
      "Target": "Parameter",
      "Id": "ArmL_Roll",
      "Segments": [
        0,
        0,
        1,
        0.211,
        0,
        0.422,
        -1.697,
        0.633,
        -5.307,
        1,
        0.755,
        -7.352,
        0.878,
        -12.536,
        1,
        -15.891,
        1,
        1.111,
        -17.408,
        1.222,
        -17.491,
        1.333,
        -17.491
      ]
    },
    {
      "Target": "Parameter",
      "Id": "ArmL_Roll2",
      "Segments": [
        0,
        0,
        1,
        0.167,
        0,
        0.333,
        -0.466,
        0.5,
        -8,
        1,
        0.778,
        -20.557,
        1.055,
        -34,
        1.333,
        -34
      ]
    },
    {
      "Target": "Parameter",
      "Id": "Param7",
      "Segments": [
        0,
        0,
        0,
        1.333,
        -7
      ]
    },
    {
      "Target": "Parameter",
      "Id": "HandR_Roll",
      "Segments": [
        0,
        0,
        0,
        1,
        13,
        1,
        1.111,
        13,
        1.222,
        12.983,
        1.333,
        12.771
      ]
    },
    {
      "Target": "Parameter",
      "Id": "HandL_Roll",
      "Segments": [
        0,
        0,
        0,
        1,
        -30,
        2,
        1.333,
        -30
      ]
    },
    {
      "Target": "Parameter",
      "Id": "HandL02_move",
      "Segments": [
        0,
        0,
        0,
        0.7,
        30,
        0,
        1,
        -18,
        1,
        1.111,
        -18,
        1.222,
        -2.676,
        1.333,
        0
      ]
    },
    {
      "Target": "Parameter",
      "Id": "HandLFrill_Shaking",
      "Segments": [
        0,
        0,
        0,
        0.7,
        1,
        1,
        0.856,
        1,
        1.011,
        0.145,
        1.167,
        -0.5,
        1,
        1.222,
        -0.73,
        1.278,
        -0.818,
        1.333,
        -0.848
      ]
    },
    {
      "Target": "Parameter",
      "Id": "HandRFrill_Shaking",
      "Segments": [
        0,
        0,
        0,
        0.433,
        0.3,
        1,
        0.622,
        0.3,
        0.811,
        0.01,
        1,
        -0.4,
        1,
        1.111,
        -0.641,
        1.222,
        -0.7,
        1.333,
        -0.7
      ]
    },
    {
      "Target": "Parameter",
      "Id": "LegR_Roll",
      "Segments": [
        0,
        0,
        0,
        0.533,
        -3.539,
        1,
        0.689,
        -3.539,
        0.844,
        -0.862,
        1,
        -0.048,
        1,
        1.111,
        0.502,
        1.222,
        0.727,
        1.333,
        0.727
      ]
    },
    {
      "Target": "Parameter",
      "Id": "LegL_Roll",
      "Segments": [
        0,
        0,
        0,
        0.533,
        -6,
        0,
        1,
        3.149,
        1,
        1.111,
        3.935,
        1.222,
        4.13,
        1.333,
        4.13
      ]
    },
    {
      "Target": "Parameter",
      "Id": "Lowerbody_Roll",
      "Segments": [
        0,
        0,
        1,
        0.333,
        0,
        0.667,
        4.244,
        1,
        4.748,
        1,
        1.111,
        4.942,
        1.222,
        5,
        1.333,
        5
      ]
    },
    {
      "Target": "PartOpacity",
      "Id": "Part",
      "Segments": [
        0,
        1,
        2,
        1.33,
        1
      ]
    },
    {
      "Target": "PartOpacity",
      "Id": "Part13",
      "Segments": [
        0,
        1,
        2,
        1.33,
        1
      ]
    },
    {
      "Target": "PartOpacity",
      "Id": "Part3",
      "Segments": [
        0,
        1,
        2,
        1.33,
        1
      ]
    },
    {
      "Target": "PartOpacity",
      "Id": "Part16",
      "Segments": [
        0,
        1,
        2,
        1.33,
        1
      ]
    },
    {
      "Target": "PartOpacity",
      "Id": "Part4",
      "Segments": [
        0,
        1,
        2,
        1.33,
        1
      ]
    },
    {
      "Target": "PartOpacity",
      "Id": "Part26",
      "Segments": [
        0,
        1,
        2,
        1.33,
        1
      ]
    },
    {
      "Target": "PartOpacity",
      "Id": "Part15",
      "Segments": [
        0,
        1,
        2,
        1.33,
        1
      ]
    },
    {
      "Target": "PartOpacity",
      "Id": "Part8",
      "Segments": [
        0,
        0,
        2,
        1.33,
        0
      ]
    },
    {
      "Target": "PartOpacity",
      "Id": "Part11",
      "Segments": [
        0,
        1,
        2,
        1.33,
        1
      ]
    },
    {
      "Target": "PartOpacity",
      "Id": "Part5",
      "Segments": [
        0,
        1,
        2,
        1.33,
        1
      ]
    },
    {
      "Target": "PartOpacity",
      "Id": "Part30",
      "Segments": [
        0,
        0,
        2,
        1.33,
        0
      ]
    },
    {
      "Target": "PartOpacity",
      "Id": "Part18",
      "Segments": [
        0,
        0,
        2,
        1.33,
        0
      ]
    },
    {
      "Target": "PartOpacity",
      "Id": "Part12",
      "Segments": [
        0,
        0,
        2,
        1.33,
        0
      ]
    },
    {
      "Target": "PartOpacity",
      "Id": "Part10",
      "Segments": [
        0,
        0,
        2,
        0.27,
        0.1,
        1,
        0.337,
        0.18,
        0.403,
        1,
        0.47,
        1,
        2,
        1.33,
        1
      ]
    },
    {
      "Target": "PartOpacity",
      "Id": "Part9",
      "Segments": [
        0,
        1,
        2,
        0.27,
        0.9,
        1,
        0.337,
        0.82,
        0.403,
        0,
        0.47,
        0,
        2,
        1.33,
        0
      ]
    },
    {
      "Target": "PartOpacity",
      "Id": "Part25",
      "Segments": [
        0,
        1,
        2,
        1.33,
        1
      ]
    },
    {
      "Target": "PartOpacity",
      "Id": "Part22",
      "Segments": [
        0,
        0,
        2,
        1.33,
        0
      ]
    },
    {
      "Target": "PartOpacity",
      "Id": "Part28",
      "Segments": [
        0,
        0,
        2,
        1.33,
        0
      ]
    },
    {
      "Target": "PartOpacity",
      "Id": "Part6",
      "Segments": [
        0,
        0,
        2,
        1.33,
        0
      ]
    },
    {
      "Target": "PartOpacity",
      "Id": "Part29",
      "Segments": [
        0,
        1,
        2,
        1.33,
        1
      ]
    },
    {
      "Target": "PartOpacity",
      "Id": "Part31",
      "Segments": [
        0,
        0,
        2,
        1.33,
        0
      ]
    },
    {
      "Target": "PartOpacity",
      "Id": "Part27",
      "Segments": [
        0,
        1,
        2,
        1.33,
        1
      ]
    },
    {
      "Target": "PartOpacity",
      "Id": "Part20",
      "Segments": [
        0,
        1,
        2,
        1.33,
        1
      ]
    },
    {
      "Target": "PartOpacity",
      "Id": "Part21",
      "Segments": [
        0,
        1,
        2,
        1.33,
        1
      ]
    },
    {
      "Target": "PartOpacity",
      "Id": "Part17",
      "Segments": [
        0,
        1,
        2,
        1.33,
        1
      ]
    },
    {
      "Target": "PartOpacity",
      "Id": "Part2",
      "Segments": [
        0,
        1,
        2,
        1.33,
        1
      ]
    },
    {
      "Target": "PartOpacity",
      "Id": "Part19",
      "Segments": [
        0,
        1,
        2,
        1.33,
        1
      ]
    },
    {
      "Target": "PartOpacity",
      "Id": "Part24",
      "Segments": [
        0,
        1,
        2,
        1.33,
        1
      ]
    },
    {
      "Target": "PartOpacity",
      "Id": "Part23",
      "Segments": [
        0,
        1,
        2,
        1.33,
        1
      ]
    },
    {
      "Target": "Parameter",
      "Id": "BadyY",
      "Segments": [
        0,
        0,
        0,
        1.333,
        0
      ]
    },
    {
      "Target": "Parameter",
      "Id": "Tooth",
      "Segments": [
        0,
        0,
        0,
        1.333,
        0
      ]
    },
    {
      "Target": "Parameter",
      "Id": "Mouth_Form",
      "Segments": [
        0,
        1,
        0,
        1.333,
        1
      ]
    },
    {
      "Target": "Parameter",
      "Id": "Mouth_Open",
      "Segments": [
        0,
        1,
        0,
        1.333,
        1
      ]
    },
    {
      "Target": "Parameter",
      "Id": "Mouth_Y",
      "Segments": [
        0,
        0,
        0,
        1.333,
        0
      ]
    },
    {
      "Target": "Parameter",
      "Id": "Param3",
      "Segments": [
        0,
        0,
        0,
        1.333,
        0
      ]
    },
    {
      "Target": "Parameter",
      "Id": "Param2",
      "Segments": [
        0,
        0,
        0,
        1.333,
        0
      ]
    },
    {
      "Target": "Parameter",
      "Id": "BrowR_Form",
      "Segments": [
        0,
        0,
        0,
        1.333,
        0
      ]
    },
    {
      "Target": "Parameter",
      "Id": "BrowL_Form",
      "Segments": [
        0,
        0,
        0,
        1.333,
        0
      ]
    },
    {
      "Target": "Parameter",
      "Id": "EyeBall_Size",
      "Segments": [
        0,
        0,
        0,
        1.333,
        0
      ]
    },
    {
      "Target": "Parameter",
      "Id": "EyeBallX",
      "Segments": [
        0,
        0,
        0,
        1.333,
        0
      ]
    },
    {
      "Target": "Parameter",
      "Id": "ParamEyeBallY",
      "Segments": [
        0,
        0,
        0,
        1.333,
        0
      ]
    },
    {
      "Target": "Parameter",
      "Id": "EyeR_Smile",
      "Segments": [
        0,
        0.2,
        0,
        1.333,
        0.2
      ]
    },
    {
      "Target": "Parameter",
      "Id": "EyeL_Smile",
      "Segments": [
        0,
        0.2,
        0,
        1.333,
        0.2
      ]
    },
    {
      "Target": "Parameter",
      "Id": "ArmR_Roll2",
      "Segments": [
        0,
        0,
        0,
        1.333,
        0
      ]
    },
    {
      "Target": "Parameter",
      "Id": "Param6",
      "Segments": [
        0,
        0,
        0,
        1.333,
        0
      ]
    },
    {
      "Target": "Parameter",
      "Id": "Param8",
      "Segments": [
        0,
        0,
        0,
        1.333,
        0
      ]
    },
    {
      "Target": "Parameter",
      "Id": "Param9",
      "Segments": [
        0,
        0,
        0,
        1.333,
        0
      ]
    },
    {
      "Target": "Parameter",
      "Id": "Param4",
      "Segments": [
        0,
        0,
        0,
        1.333,
        0
      ]
    },
    {
      "Target": "Parameter",
      "Id": "Param",
      "Segments": [
        0,
        0,
        0,
        1.333,
        0
      ]
    }
  ],
  "UserData": [
    {
      "Time": 0.0,
      "Value": ""
    }
  ]
}