{
  "Version": 3,
  "Meta": {
    "Duration": 8.0,
    "Fps": 30.0,
    "Loop": true,
    "AreBeziersRestricted": true,
    "CurveCount": 92,
    "TotalSegmentCount": 210,
    "TotalPointCount": 358,
    "UserDataCount": 1,
    "TotalUserDataSize": 0
  },
  "Curves": [
    {
      "Target": "Parameter",
      "Id": "Breath",
      "Segments": [
        0,
        0.336,
        1,
        0.5,
        0.133,
        1,
        0,
        1.5,
        0,
        0,
        3.133,
        0.619,
        0,
        5.167,
        0,
        0,
        6.933,
        0.535,
        1,
        7.289,
        0.535,
        7.644,
        0.434,
        8,
        0.336
      ]
    },
    {
      "Target": "Parameter",
      "Id": "Body_Shaking",
      "Segments": [
        0,
        8.076,
        1,
        0.233,
        9.612,
        0.467,
        10.661,
        0.7,
        11,
        1,
        1.267,
        11.721,
        1.833,
        11.273,
        2.4,
        10.087,
        1,
        3.756,
        7.509,
        5.111,
        4.375,
        6.467,
        4.375,
        1,
        6.978,
        4.375,
        7.489,
        4.834,
        8,
        8.076
      ]
    },
    {
      "Target": "Parameter",
      "Id": "Waist_Roll",
      "Segments": [
        0,
        -3.739,
        1,
        0.556,
        -3.739,
        1.111,
        -3.709,
        1.667,
        -3.269,
        1,
        3.122,
        -2.115,
        4.578,
        -1.22,
        6.033,
        -1.22,
        1,
        6.278,
        -1.22,
        6.522,
        -1.703,
        6.767,
        -2.319,
        1,
        7.178,
        -3.355,
        7.589,
        -3.739,
        8,
        -3.739
      ]
    },
    {
      "Target": "Parameter",
      "Id": "Body_Twist",
      "Segments": [
        0,
        -5.056,
        1,
        0.333,
        -6.794,
        0.667,
        -8,
        1,
        -8,
        1,
        1.411,
        -8,
        1.822,
        -7.195,
        2.233,
        -6.472,
        1,
        3.2,
        -4.617,
        4.166,
        -2.662,
        5.133,
        -1.104,
        1,
        5.689,
        -0.325,
        6.244,
        -0.651,
        6.8,
        -1.706,
        1,
        7.2,
        -2.506,
        7.6,
        -3.799,
        8,
        -5.056
      ]
    },
    {
      "Target": "Parameter",
      "Id": "Body_Pose1",
      "Segments": [
        0,
        -0.08,
        1,
        0.289,
        -0.022,
        0.578,
        0,
        0.867,
        0,
        2,
        5.8,
        0,
        0,
        6.933,
        -0.149,
        1,
        7.289,
        -0.149,
        7.644,
        -0.131,
        8,
        -0.08
      ]
    },
    {
      "Target": "Parameter",
      "Id": "NeckRace_Shaking",
      "Segments": [
        0,
        0.422,
        1,
        0.344,
        0.145,
        0.689,
        -0.24,
        1.033,
        -0.24,
        0,
        2.233,
        0.436,
        0,
        3.9,
        -0.5,
        0,
        5.4,
        0.336,
        0,
        6.967,
        -0.3,
        1,
        7.311,
        -0.3,
        7.656,
        0.551,
        8,
        0.422
      ]
    },
    {
      "Target": "Parameter",
      "Id": "NeckRibbon_Shaking",
      "Segments": [
        0,
        0.1,
        1,
        0.344,
        -0.074,
        0.689,
        -0.2,
        1.033,
        -0.2,
        0,
        2.233,
        0.3,
        0,
        3.9,
        -0.3,
        0,
        5.4,
        0.2,
        0,
        6.967,
        -0.251,
        0,
        8,
        0.1
      ]
    },
    {
      "Target": "Parameter",
      "Id": "VestsFrill_Shaking",
      "Segments": [
        0,
        0.3,
        1,
        0.333,
        -0.142,
        0.667,
        -0.4,
        1,
        -0.4,
        0,
        2.167,
        0.3,
        0,
        3.8,
        -0.4,
        0,
        5.267,
        0.397,
        0,
        6.833,
        -0.5,
        1,
        7.222,
        -0.5,
        7.611,
        0.463,
        8,
        0.3
      ]
    },
    {
      "Target": "Parameter",
      "Id": "JacketHem_Shaking",
      "Segments": [
        0,
        0.667,
        1,
        0.333,
        0.889,
        0.667,
        1,
        1,
        1,
        1,
        2.378,
        1,
        3.755,
        0.736,
        5.133,
        0,
        1,
        5.689,
        -0.297,
        6.244,
        -0.6,
        6.8,
        -0.6,
        1,
        7.189,
        -0.6,
        7.578,
        0.393,
        7.967,
        0.667,
        2,
        8,
        0.667
      ]
    },
    {
      "Target": "Parameter",
      "Id": "Head_AngleX",
      "Segments": [
        0,
        2,
        1,
        0.2,
        1.008,
        0.4,
        0.493,
        0.6,
        0,
        1,
        1.189,
        -1.451,
        1.778,
        -2,
        2.367,
        -2,
        0,
        7.233,
        3.118,
        1,
        7.489,
        3.118,
        7.744,
        2.547,
        8,
        2
      ]
    },
    {
      "Target": "Parameter",
      "Id": "Head_AngleY",
      "Segments": [
        0,
        -6,
        1,
        0.378,
        -6,
        0.755,
        -4.116,
        1.133,
        -1.595,
        1,
        1.633,
        1.743,
        2.133,
        2.931,
        2.633,
        2.931,
        0,
        8,
        -6
      ]
    },
    {
      "Target": "Parameter",
      "Id": "Head_Roll",
      "Segments": [
        0,
        -2.462,
        1,
        0.356,
        -3.359,
        0.711,
        -3.478,
        1.067,
        -3.478,
        0,
        2.667,
        -2.462,
        1,
        3.389,
        -0.596,
        4.111,
        1.91,
        4.833,
        1.91,
        1,
        5.889,
        1.91,
        6.944,
        0.34,
        8,
        -2.462
      ]
    },
    {
      "Target": "Parameter",
      "Id": "BrowRY",
      "Segments": [
        0,
        -0.3,
        2,
        1.5,
        -0.3,
        0,
        3.1,
        -0.1,
        0,
        4.567,
        -0.6,
        0,
        8,
        -0.3
      ]
    },
    {
      "Target": "Parameter",
      "Id": "BrowLY",
      "Segments": [
        0,
        -0.4,
        2,
        1.5,
        -0.4,
        0,
        3.1,
        -0.2,
        0,
        4.567,
        -0.7,
        0,
        8,
        -0.4
      ]
    },
    {
      "Target": "Parameter",
      "Id": "EyeBallX",
      "Segments": [
        0,
        0.1,
        2,
        1.033,
        0.1,
        2,
        3.067,
        0.1,
        2,
        3.933,
        0.1,
        0,
        5.2,
        0.5,
        0,
        8,
        0.1
      ]
    },
    {
      "Target": "Parameter",
      "Id": "ParamEyeBallY",
      "Segments": [
        0,
        -0.1,
        1,
        0.344,
        -0.134,
        0.689,
        -0.166,
        1.033,
        -0.2,
        1,
        1.711,
        -0.266,
        2.389,
        -0.3,
        3.067,
        -0.3,
        1,
        3.356,
        -0.3,
        3.644,
        -0.252,
        3.933,
        -0.2,
        1,
        4.355,
        -0.124,
        4.778,
        -0.1,
        5.2,
        -0.1,
        2,
        8,
        -0.1
      ]
    },
    {
      "Target": "Parameter",
      "Id": "HairFront_Shaking",
      "Segments": [
        0,
        -0.423,
        1,
        0.156,
        -0.423,
        0.311,
        -0.345,
        0.467,
        -0.2,
        1,
        0.656,
        -0.023,
        0.844,
        0.061,
        1.033,
        0.061,
        0,
        2.133,
        -0.398,
        0,
        3.9,
        0.203,
        0,
        5.033,
        -0.103,
        0,
        6.333,
        0.057,
        1,
        6.6,
        0.057,
        6.866,
        0.049,
        7.133,
        -0.029,
        1,
        7.422,
        -0.131,
        7.711,
        -0.423,
        8,
        -0.423
      ]
    },
    {
      "Target": "Parameter",
      "Id": "HairFront_Shaking02",
      "Segments": [
        0,
        -0.42,
        0,
        1.033,
        0.058,
        0,
        2.6,
        -0.492,
        0,
        4.3,
        0.254,
        0,
        5.567,
        -0.142,
        0,
        6.5,
        0.074,
        1,
        6.711,
        0.074,
        6.922,
        0.084,
        7.133,
        -0.016,
        1,
        7.422,
        -0.153,
        7.711,
        -0.42,
        8,
        -0.42
      ]
    },
    {
      "Target": "Parameter",
      "Id": "HairRibbon_Shaking",
      "Segments": [
        0,
        -0.7,
        0,
        1.033,
        0.06,
        0,
        2.133,
        -0.6,
        0,
        3.9,
        0.3,
        0,
        5.033,
        -0.4,
        0,
        6.367,
        0.1,
        1,
        6.622,
        0.1,
        6.878,
        0.12,
        7.133,
        0,
        1,
        7.422,
        -0.136,
        7.711,
        -0.7,
        8,
        -0.7
      ]
    },
    {
      "Target": "Parameter",
      "Id": "ShoulderRY",
      "Segments": [
        0,
        5.927,
        1,
        0.711,
        5.927,
        1.422,
        5.867,
        2.133,
        5.085,
        1,
        3.278,
        3.827,
        4.422,
        2.587,
        5.567,
        2.587,
        0,
        8,
        5.927
      ]
    },
    {
      "Target": "Parameter",
      "Id": "ShoulderLY",
      "Segments": [
        0,
        -8.882,
        1,
        0.733,
        -8.882,
        1.467,
        -8.995,
        2.2,
        -8.047,
        1,
        3.322,
        -6.437,
        4.445,
        -2.263,
        5.567,
        -2.263,
        0,
        8,
        -8.882
      ]
    },
    {
      "Target": "Parameter",
      "Id": "ShoulderR_Roll",
      "Segments": [
        0,
        6.151,
        1,
        0.156,
        6.661,
        0.311,
        6.789,
        0.467,
        6.789,
        1,
        1.134,
        6.789,
        1.8,
        6.203,
        2.467,
        5.239,
        1,
        3.6,
        3.602,
        4.734,
        2.877,
        5.867,
        2.877,
        1,
        6.578,
        2.962,
        7.289,
        3.74,
        8,
        6.151
      ]
    },
    {
      "Target": "Parameter",
      "Id": "ShoulderL_Roll",
      "Segments": [
        0,
        -0.551,
        1,
        0.222,
        -0.096,
        0.445,
        0.128,
        0.667,
        0.33,
        1,
        1.3,
        0.907,
        1.934,
        1.11,
        2.567,
        1.11,
        1,
        3.345,
        1.11,
        4.122,
        0.767,
        4.9,
        -0.004,
        1,
        5.544,
        -0.643,
        6.189,
        -1.009,
        6.833,
        -1.009,
        1,
        7.222,
        -1.009,
        7.611,
        -0.954,
        8,
        -0.551
      ]
    },
    {
      "Target": "Parameter",
      "Id": "ArmR_Roll",
      "Segments": [
        0,
        -1.961,
        1,
        0.689,
        -1.761,
        1.378,
        0,
        2.067,
        0,
        0,
        4.8,
        -2,
        0,
        6.4,
        -0.32,
        0,
        8,
        -1.961
      ]
    },
    {
      "Target": "Parameter",
      "Id": "ArmL_Roll",
      "Segments": [
        0,
        -0.24,
        1,
        0.278,
        0.011,
        0.555,
        0,
        0.833,
        0,
        0,
        2.8,
        -1.05,
        0,
        4.9,
        -0.004,
        1,
        5.544,
        -0.004,
        6.189,
        -0.453,
        6.833,
        -0.497,
        1,
        7.222,
        -0.522,
        7.611,
        -0.523,
        8,
        -0.24
      ]
    },
    {
      "Target": "Parameter",
      "Id": "ArmL_Roll2",
      "Segments": [
        0,
        -7.709,
        1,
        0.3,
        -9.702,
        0.6,
        -10,
        0.9,
        -10,
        0,
        8,
        -7.709
      ]
    },
    {
      "Target": "Parameter",
      "Id": "HandR_Roll",
      "Segments": [
        0,
        0.475,
        1,
        0.389,
        0.972,
        0.778,
        0.972,
        1.167,
        0.941,
        1,
        1.845,
        0.899,
        2.522,
        -4.015,
        3.2,
        -4.015,
        0,
        5.1,
        0.475,
        0,
        6.833,
        -3.544,
        0,
        8,
        0.475
      ]
    },
    {
      "Target": "Parameter",
      "Id": "HandL_Roll",
      "Segments": [
        0,
        -1.361,
        1,
        0.411,
        -0.148,
        0.822,
        -0.178,
        1.233,
        -0.178,
        0,
        3.633,
        -4,
        0,
        5.033,
        1.207,
        0,
        6.833,
        -4.341,
        1,
        7.222,
        -4.341,
        7.611,
        -2.828,
        8,
        -1.361
      ]
    },
    {
      "Target": "Parameter",
      "Id": "HandLFrill_Shaking",
      "Segments": [
        0,
        0.404,
        1,
        0.467,
        0.939,
        0.933,
        1,
        1.4,
        1,
        0,
        3.8,
        -0.7,
        0,
        5.2,
        0.6,
        0,
        7,
        -0.7,
        1,
        7.333,
        -0.7,
        7.667,
        -0.325,
        8,
        0.4
      ]
    },
    {
      "Target": "Parameter",
      "Id": "HandRFrill_Shaking",
      "Segments": [
        0,
        0.351,
        1,
        0.444,
        0.821,
        0.889,
        0.9,
        1.333,
        0.9,
        0,
        3.367,
        -0.6,
        0,
        5.267,
        0.4,
        0,
        7,
        -0.6,
        1,
        7.333,
        -0.6,
        7.667,
        -0.114,
        8,
        0.351
      ]
    },
    {
      "Target": "Parameter",
      "Id": "LegL_Roll",
      "Segments": [
        0,
        7.32,
        1,
        0.4,
        7.32,
        0.8,
        7.166,
        1.2,
        6.756,
        1,
        2.011,
        5.926,
        2.822,
        5.453,
        3.633,
        5.453,
        0,
        8,
        7.32
      ]
    },
    {
      "Target": "Parameter",
      "Id": "Lowerbody_Roll",
      "Segments": [
        0,
        0.947,
        2,
        3.2,
        0.947,
        0,
        4.833,
        0,
        2,
        6.733,
        0,
        0,
        8,
        0.947
      ]
    },
    {
      "Target": "PartOpacity",
      "Id": "Part7",
      "Segments": [
        0,
        1,
        2,
        8,
        1
      ]
    },
    {
      "Target": "PartOpacity",
      "Id": "Part",
      "Segments": [
        0,
        1,
        2,
        8,
        1
      ]
    },
    {
      "Target": "PartOpacity",
      "Id": "Part13",
      "Segments": [
        0,
        1,
        2,
        8,
        1
      ]
    },
    {
      "Target": "PartOpacity",
      "Id": "Part3",
      "Segments": [
        0,
        1,
        2,
        8,
        1
      ]
    },
    {
      "Target": "PartOpacity",
      "Id": "Part16",
      "Segments": [
        0,
        1,
        2,
        8,
        1
      ]
    },
    {
      "Target": "PartOpacity",
      "Id": "Part4",
      "Segments": [
        0,
        1,
        2,
        8,
        1
      ]
    },
    {
      "Target": "PartOpacity",
      "Id": "Part26",
      "Segments": [
        0,
        1,
        2,
        8,
        1
      ]
    },
    {
      "Target": "PartOpacity",
      "Id": "Part15",
      "Segments": [
        0,
        1,
        2,
        8,
        1
      ]
    },
    {
      "Target": "PartOpacity",
      "Id": "Part8",
      "Segments": [
        0,
        1,
        2,
        8,
        1
      ]
    },
    {
      "Target": "PartOpacity",
      "Id": "Part11",
      "Segments": [
        0,
        1,
        2,
        8,
        1
      ]
    },
    {
      "Target": "PartOpacity",
      "Id": "Part5",
      "Segments": [
        0,
        1,
        2,
        8,
        1
      ]
    },
    {
      "Target": "PartOpacity",
      "Id": "Part30",
      "Segments": [
        0,
        0,
        2,
        8,
        0
      ]
    },
    {
      "Target": "PartOpacity",
      "Id": "Part18",
      "Segments": [
        0,
        0,
        2,
        8,
        0
      ]
    },
    {
      "Target": "PartOpacity",
      "Id": "Part12",
      "Segments": [
        0,
        0,
        2,
        8,
        0
      ]
    },
    {
      "Target": "PartOpacity",
      "Id": "Part10",
      "Segments": [
        0,
        0,
        2,
        8,
        0
      ]
    },
    {
      "Target": "PartOpacity",
      "Id": "Part9",
      "Segments": [
        0,
        1,
        2,
        8,
        1
      ]
    },
    {
      "Target": "PartOpacity",
      "Id": "Part25",
      "Segments": [
        0,
        1,
        2,
        8,
        1
      ]
    },
    {
      "Target": "PartOpacity",
      "Id": "Part22",
      "Segments": [
        0,
        0,
        2,
        8,
        0
      ]
    },
    {
      "Target": "PartOpacity",
      "Id": "Part28",
      "Segments": [
        0,
        0,
        2,
        8,
        0
      ]
    },
    {
      "Target": "PartOpacity",
      "Id": "Part6",
      "Segments": [
        0,
        0,
        2,
        8,
        0
      ]
    },
    {
      "Target": "PartOpacity",
      "Id": "Part29",
      "Segments": [
        0,
        1,
        2,
        8,
        1
      ]
    },
    {
      "Target": "PartOpacity",
      "Id": "Part31",
      "Segments": [
        0,
        0,
        2,
        8,
        0
      ]
    },
    {
      "Target": "PartOpacity",
      "Id": "Part27",
      "Segments": [
        0,
        1,
        2,
        8,
        1
      ]
    },
    {
      "Target": "PartOpacity",
      "Id": "Part20",
      "Segments": [
        0,
        1,
        2,
        8,
        1
      ]
    },
    {
      "Target": "PartOpacity",
      "Id": "Part21",
      "Segments": [
        0,
        1,
        2,
        8,
        1
      ]
    },
    {
      "Target": "PartOpacity",
      "Id": "Part17",
      "Segments": [
        0,
        1,
        2,
        8,
        1
      ]
    },
    {
      "Target": "PartOpacity",
      "Id": "Part2",
      "Segments": [
        0,
        1,
        2,
        8,
        1
      ]
    },
    {
      "Target": "PartOpacity",
      "Id": "Part19",
      "Segments": [
        0,
        1,
        2,
        8,
        1
      ]
    },
    {
      "Target": "PartOpacity",
      "Id": "Part24",
      "Segments": [
        0,
        1,
        2,
        8,
        1
      ]
    },
    {
      "Target": "PartOpacity",
      "Id": "Part23",
      "Segments": [
        0,
        1,
        2,
        8,
        1
      ]
    },
    {
      "Target": "Parameter",
      "Id": "BodyY",
      "Segments": [
        0,
        0,
        0,
        8,
        0
      ]
    },
    {
      "Target": "Parameter",
      "Id": "BodyX",
      "Segments": [
        0,
        0,
        0,
        8,
        0
      ]
    },
    {
      "Target": "Parameter",
      "Id": "BadyY",
      "Segments": [
        0,
        0,
        0,
        8,
        0
      ]
    },
    {
      "Target": "Parameter",
      "Id": "HeadY",
      "Segments": [
        0,
        0,
        0,
        8,
        0
      ]
    },
    {
      "Target": "Parameter",
      "Id": "Tooth",
      "Segments": [
        0,
        -25,
        0,
        8,
        -25
      ]
    },
    {
      "Target": "Parameter",
      "Id": "Mouth_Form",
      "Segments": [
        0,
        1,
        0,
        8,
        1
      ]
    },
    {
      "Target": "Parameter",
      "Id": "Mouth_Open",
      "Segments": [
        0,
        1,
        0,
        8,
        1
      ]
    },
    {
      "Target": "Parameter",
      "Id": "Mouth_Size",
      "Segments": [
        0,
        0.5,
        0,
        8,
        0.5
      ]
    },
    {
      "Target": "Parameter",
      "Id": "Mouth_Size2",
      "Segments": [
        0,
        0,
        0,
        8,
        0
      ]
    },
    {
      "Target": "Parameter",
      "Id": "Mouth_Y",
      "Segments": [
        0,
        -30,
        0,
        8,
        -30
      ]
    },
    {
      "Target": "Parameter",
      "Id": "Param3",
      "Segments": [
        0,
        0,
        0,
        8,
        0
      ]
    },
    {
      "Target": "Parameter",
      "Id": "Param2",
      "Segments": [
        0,
        0,
        0,
        8,
        0
      ]
    },
    {
      "Target": "Parameter",
      "Id": "BrowR_Form",
      "Segments": [
        0,
        -0.4,
        0,
        8,
        -0.4
      ]
    },
    {
      "Target": "Parameter",
      "Id": "BrowL_Form",
      "Segments": [
        0,
        -1.8,
        0,
        8,
        -1.8
      ]
    },
    {
      "Target": "Parameter",
      "Id": "BrowR_Angle",
      "Segments": [
        0,
        -0.1,
        0,
        8,
        -0.1
      ]
    },
    {
      "Target": "Parameter",
      "Id": "BrowL_Angle",
      "Segments": [
        0,
        0.1,
        0,
        8,
        0.1
      ]
    },
    {
      "Target": "Parameter",
      "Id": "EyeBall_Size",
      "Segments": [
        0,
        0,
        0,
        8,
        0
      ]
    },
    {
      "Target": "Parameter",
      "Id": "EyeR_Open",
      "Segments": [
        0,
        0,
        0,
        8,
        0
      ]
    },
    {
      "Target": "Parameter",
      "Id": "EyeR_Smile",
      "Segments": [
        0,
        -1,
        0,
        8,
        -1
      ]
    },
    {
      "Target": "Parameter",
      "Id": "EyeL_Open",
      "Segments": [
        0,
        0,
        0,
        8,
        0
      ]
    },
    {
      "Target": "Parameter",
      "Id": "EyeL_Smile",
      "Segments": [
        0,
        -1,
        0,
        8,
        -1
      ]
    },
    {
      "Target": "Parameter",
      "Id": "ArmR_Roll2",
      "Segments": [
        0,
        0,
        0,
        8,
        0
      ]
    },
    {
      "Target": "Parameter",
      "Id": "Param6",
      "Segments": [
        0,
        0,
        0,
        8,
        0
      ]
    },
    {
      "Target": "Parameter",
      "Id": "Param7",
      "Segments": [
        0,
        0,
        0,
        8,
        0
      ]
    },
    {
      "Target": "Parameter",
      "Id": "Param8",
      "Segments": [
        0,
        0,
        0,
        8,
        0
      ]
    },
    {
      "Target": "Parameter",
      "Id": "Param9",
      "Segments": [
        0,
        0,
        0,
        8,
        0
      ]
    },
    {
      "Target": "Parameter",
      "Id": "HandL02_move",
      "Segments": [
        0,
        0,
        0,
        8,
        0
      ]
    },
    {
      "Target": "Parameter",
      "Id": "Param4",
      "Segments": [
        0,
        0,
        0,
        8,
        0
      ]
    },
    {
      "Target": "Parameter",
      "Id": "Param",
      "Segments": [
        0,
        0,
        0,
        8,
        0
      ]
    },
    {
      "Target": "Parameter",
      "Id": "LegR_Roll",
      "Segments": [
        0,
        0,
        0,
        8,
        0
      ]
    }
  ],
  "UserData": [
    {
      "Time": 0.0,
      "Value": ""
    }
  ]
}