{
  "Version": 3,
  "Meta": {
    "Duration": 8.0,
    "Fps": 30.0,
    "Loop": true,
    "AreBeziersRestricted": true,
    "CurveCount": 93,
    "TotalSegmentCount": 219,
    "TotalPointCount": 289,
    "UserDataCount": 1,
    "TotalUserDataSize": 0
  },
  "Curves": [
    {
      "Target": "Parameter",
      "Id": "Breath",
      "Segments": [
        0,
        0.7,
        0,
        1.2,
        0,
        0,
        2.4,
        0.7,
        0,
        3.633,
        0,
        0,
        5.2,
        0.663,
        0,
        6.533,
        0,
        0,
        8,
        0.7
      ]
    },
    {
      "Target": "Parameter",
      "Id": "Body_Shaking",
      "Segments": [
        0,
        -1.174,
        0,
        1.233,
        1.297,
        0,
        2.6,
        -1.079,
        0,
        3.933,
        0.946,
        0,
        5.5,
        -0.948,
        0,
        6.633,
        0.77,
        0,
        8,
        -1.174
      ]
    },
    {
      "Target": "Parameter",
      "Id": "Body_Twist",
      "Segments": [
        0,
        -21.699,
        1,
        0.867,
        -23.037,
        1.733,
        -21.977,
        2.6,
        -19.192,
        1,
        2.978,
        -17.657,
        3.355,
        -6.387,
        3.733,
        -3.992,
        1,
        4.2,
        -0.669,
        4.666,
        -0.359,
        5.133,
        -0.359,
        1,
        5.555,
        -0.359,
        5.978,
        -0.564,
        6.4,
        -1.679,
        1,
        6.933,
        -3.005,
        7.467,
        -20.85,
        8,
        -21.699
      ]
    },
    {
      "Target": "Parameter",
      "Id": "NeckRace_Shaking",
      "Segments": [
        0,
        -0.3,
        0,
        1.5,
        0.5,
        0,
        2.833,
        0.1,
        0,
        4.167,
        0.7,
        0,
        5.433,
        0.1,
        0,
        6.533,
        0.4,
        0,
        8,
        -0.3
      ]
    },
    {
      "Target": "Parameter",
      "Id": "NeckRibbon_Shaking",
      "Segments": [
        0,
        -0.393,
        0,
        1.5,
        0.3,
        0,
        2.833,
        -0.093,
        0,
        4.167,
        0.4,
        0,
        5.433,
        -0.193,
        0,
        6.533,
        0.4,
        0,
        8,
        -0.393
      ]
    },
    {
      "Target": "Parameter",
      "Id": "VestsFrill_Shaking",
      "Segments": [
        0,
        -0.9,
        0,
        1.5,
        0.4,
        0,
        2.833,
        -0.5,
        0,
        4.167,
        0.8,
        0,
        5.433,
        -0.4,
        0,
        6.533,
        0.5,
        0,
        8,
        -0.9
      ]
    },
    {
      "Target": "Parameter",
      "Id": "JacketHem_Shaking",
      "Segments": [
        0,
        0.6,
        1,
        0.644,
        0.6,
        1.289,
        0.114,
        1.933,
        -0.302,
        1,
        2.378,
        -0.589,
        2.822,
        -0.6,
        3.267,
        -0.6,
        0,
        4.967,
        0.7,
        0,
        8,
        0.6
      ]
    },
    {
      "Target": "Parameter",
      "Id": "Head_AngleX",
      "Segments": [
        0,
        -4.26,
        2,
        2.6,
        -4.26,
        1,
        3.256,
        -4.26,
        3.911,
        -4.169,
        4.567,
        -1.92,
        1,
        5.222,
        0.329,
        5.878,
        4.14,
        6.533,
        4.14,
        0,
        8,
        -4.26
      ]
    },
    {
      "Target": "Parameter",
      "Id": "Head_AngleY",
      "Segments": [
        0,
        -20.34,
        1,
        0.344,
        -20.34,
        0.689,
        -14.658,
        1.033,
        -11.4,
        1,
        1.555,
        -6.46,
        2.078,
        -5.658,
        2.6,
        -5.658,
        0,
        4.9,
        -18.307,
        0,
        6.533,
        -6.367,
        0,
        8,
        -20.34
      ]
    },
    {
      "Target": "Parameter",
      "Id": "Head_Roll",
      "Segments": [
        0,
        -3.46,
        2,
        2.6,
        -3.46,
        0,
        4.9,
        -1.3,
        2,
        6.533,
        -1.3,
        0,
        8,
        -3.46
      ]
    },
    {
      "Target": "Parameter",
      "Id": "BrowRY",
      "Segments": [
        0,
        0.085,
        1,
        0.089,
        0.095,
        0.178,
        0.1,
        0.267,
        0.1,
        0,
        1.733,
        0,
        2,
        3.533,
        0,
        0,
        5.533,
        0.1,
        0,
        7.7,
        0.077,
        1,
        7.8,
        0.077,
        7.9,
        0.077,
        8,
        0.085
      ]
    },
    {
      "Target": "Parameter",
      "Id": "BrowLY",
      "Segments": [
        0,
        0.085,
        1,
        0.089,
        0.095,
        0.178,
        0.1,
        0.267,
        0.1,
        0,
        1.733,
        0,
        2,
        3.533,
        0,
        0,
        5.533,
        0.1,
        0,
        7.7,
        0.077,
        1,
        7.8,
        0.077,
        7.9,
        0.077,
        8,
        0.085
      ]
    },
    {
      "Target": "Parameter",
      "Id": "HairFront_Shaking",
      "Segments": [
        0,
        0.192,
        1,
        0.144,
        0.188,
        0.289,
        0.138,
        0.433,
        0.029,
        1,
        0.678,
        -0.18,
        0.922,
        -0.428,
        1.167,
        -0.428,
        0,
        2.133,
        0.165,
        0,
        3.267,
        -0.324,
        0,
        4.2,
        0.075,
        0,
        5.067,
        -0.246,
        0,
        6.1,
        0.192,
        0,
        7.267,
        -0.324,
        0,
        8,
        0.192
      ]
    },
    {
      "Target": "Parameter",
      "Id": "HairFront_Shaking02",
      "Segments": [
        0,
        0.462,
        0,
        1.1,
        -0.368,
        0,
        2.167,
        0.39,
        0,
        3.333,
        -0.431,
        0,
        4.367,
        0.31,
        0,
        5.467,
        -0.431,
        0,
        6.4,
        0.518,
        0,
        7.267,
        -0.368,
        0,
        8,
        0.462
      ]
    },
    {
      "Target": "Parameter",
      "Id": "HairRibbon_Shaking",
      "Segments": [
        0,
        -0.003,
        0,
        1.167,
        -0.673,
        0,
        2.133,
        -0.103,
        0,
        3.267,
        -0.673,
        0,
        4.2,
        -0.103,
        0,
        5.067,
        -0.673,
        0,
        6.1,
        -0.103,
        0,
        7.267,
        -0.773,
        0,
        8,
        -0.003
      ]
    },
    {
      "Target": "Parameter",
      "Id": "ShoulderRY",
      "Segments": [
        0,
        -17.246,
        1,
        0.189,
        -13.907,
        0.378,
        -13.02,
        0.567,
        -13.02,
        0,
        1.433,
        -19.59,
        0,
        2.5,
        -15.505,
        0,
        3.6,
        -21,
        0,
        4.533,
        -16.938,
        0,
        5.567,
        -23.16,
        0,
        6.533,
        -18.366,
        0,
        7.333,
        -23.16,
        1,
        7.555,
        -23.16,
        7.778,
        -20.125,
        8,
        -17.246
      ]
    },
    {
      "Target": "Parameter",
      "Id": "ShoulderLY",
      "Segments": [
        0,
        29,
        2,
        2.1,
        29,
        0,
        3.2,
        25.1,
        0,
        4.267,
        30,
        2,
        6.567,
        30,
        0,
        8,
        29
      ]
    },
    {
      "Target": "Parameter",
      "Id": "ShoulderR_Roll",
      "Segments": [
        0,
        3.74,
        1,
        0.344,
        2.546,
        0.689,
        2.126,
        1.033,
        2.126,
        1,
        1.422,
        2.126,
        1.811,
        2.405,
        2.2,
        3.655,
        1,
        2.656,
        5.119,
        3.111,
        6.379,
        3.567,
        6.379,
        0,
        5.067,
        3.315,
        0,
        6.633,
        7.146,
        1,
        7.089,
        7.146,
        7.544,
        5.404,
        8,
        3.74
      ]
    },
    {
      "Target": "Parameter",
      "Id": "ShoulderL_Roll",
      "Segments": [
        0,
        -32.9,
        2,
        1.167,
        -32.9,
        2,
        2.6,
        -32.9,
        1,
        3.456,
        -32.9,
        4.311,
        -32.74,
        5.167,
        -31.85,
        1,
        5.634,
        -31.365,
        6.1,
        -30.4,
        6.567,
        -30.4,
        0,
        8,
        -32.9
      ]
    },
    {
      "Target": "Parameter",
      "Id": "ArmR_Roll",
      "Segments": [
        0,
        -1.052,
        1,
        0.211,
        -0.446,
        0.422,
        -0.315,
        0.633,
        -0.315,
        1,
        0.911,
        -0.315,
        1.189,
        -0.69,
        1.467,
        -1.771,
        1,
        1.722,
        -2.766,
        1.978,
        -3.475,
        2.233,
        -3.475,
        0,
        3.433,
        -1.771,
        0,
        4.833,
        -3.475,
        0,
        5.967,
        -1.771,
        0,
        6.967,
        -2.232,
        1,
        7.311,
        -2.232,
        7.656,
        -1.723,
        8,
        -1.052
      ]
    },
    {
      "Target": "Parameter",
      "Id": "ArmL_Roll",
      "Segments": [
        0,
        -31,
        0,
        1.167,
        -31.5,
        1,
        1.645,
        -31.5,
        2.122,
        -31.221,
        2.6,
        -31,
        1,
        3.456,
        -30.604,
        4.311,
        -30.5,
        5.167,
        -30.5,
        1,
        5.634,
        -30.5,
        6.1,
        -30.796,
        6.567,
        -30.9,
        1,
        7.045,
        -31.006,
        7.522,
        -31,
        8,
        -31
      ]
    },
    {
      "Target": "Parameter",
      "Id": "HandR_Roll",
      "Segments": [
        0,
        2.88,
        0,
        1.2,
        -2.062,
        0,
        2.5,
        2.934,
        0,
        3.9,
        -2.934,
        0,
        5.433,
        2.934,
        0,
        6.733,
        -2.299,
        0,
        8,
        2.88
      ]
    },
    {
      "Target": "Parameter",
      "Id": "HandL_Roll",
      "Segments": [
        0,
        -3.899,
        0,
        0.967,
        0,
        0,
        2.4,
        -3.126,
        0,
        3.8,
        -0.551,
        0,
        5.433,
        -3.126,
        0,
        6.767,
        -0.551,
        0,
        8,
        -3.899
      ]
    },
    {
      "Target": "Parameter",
      "Id": "HandLFrill_Shaking",
      "Segments": [
        0,
        0.418,
        1,
        0.378,
        0.891,
        0.755,
        1,
        1.133,
        1,
        0,
        2.567,
        -0.4,
        0,
        3.933,
        0.8,
        0,
        5.2,
        -0.2,
        0,
        6.4,
        0.7,
        1,
        6.933,
        0.7,
        7.467,
        -0.42,
        8,
        0.418
      ]
    },
    {
      "Target": "Parameter",
      "Id": "HandRFrill_Shaking",
      "Segments": [
        0,
        0,
        0,
        2.167,
        -0.5,
        0,
        3.633,
        0.2,
        0,
        5.233,
        -0.3,
        0,
        6.667,
        0.3,
        0,
        8,
        0
      ]
    },
    {
      "Target": "PartOpacity",
      "Id": "Part",
      "Segments": [
        0,
        1,
        2,
        8,
        1
      ]
    },
    {
      "Target": "PartOpacity",
      "Id": "Part13",
      "Segments": [
        0,
        1,
        2,
        8,
        1
      ]
    },
    {
      "Target": "PartOpacity",
      "Id": "Part3",
      "Segments": [
        0,
        1,
        2,
        8,
        1
      ]
    },
    {
      "Target": "PartOpacity",
      "Id": "Part16",
      "Segments": [
        0,
        1,
        2,
        8,
        1
      ]
    },
    {
      "Target": "PartOpacity",
      "Id": "Part4",
      "Segments": [
        0,
        1,
        2,
        8,
        1
      ]
    },
    {
      "Target": "PartOpacity",
      "Id": "Part26",
      "Segments": [
        0,
        1,
        2,
        8,
        1
      ]
    },
    {
      "Target": "PartOpacity",
      "Id": "Part15",
      "Segments": [
        0,
        1,
        2,
        8,
        1
      ]
    },
    {
      "Target": "PartOpacity",
      "Id": "Part8",
      "Segments": [
        0,
        0,
        2,
        8,
        0
      ]
    },
    {
      "Target": "PartOpacity",
      "Id": "Part11",
      "Segments": [
        0,
        1,
        2,
        8,
        1
      ]
    },
    {
      "Target": "PartOpacity",
      "Id": "Part5",
      "Segments": [
        0,
        1,
        2,
        8,
        1
      ]
    },
    {
      "Target": "PartOpacity",
      "Id": "Part30",
      "Segments": [
        0,
        1,
        2,
        8,
        1
      ]
    },
    {
      "Target": "PartOpacity",
      "Id": "Part18",
      "Segments": [
        0,
        0,
        2,
        8,
        0
      ]
    },
    {
      "Target": "PartOpacity",
      "Id": "Part12",
      "Segments": [
        0,
        0,
        2,
        8,
        0
      ]
    },
    {
      "Target": "PartOpacity",
      "Id": "Part10",
      "Segments": [
        0,
        0,
        2,
        8,
        0
      ]
    },
    {
      "Target": "PartOpacity",
      "Id": "Part9",
      "Segments": [
        0,
        0,
        2,
        8,
        0
      ]
    },
    {
      "Target": "PartOpacity",
      "Id": "Part25",
      "Segments": [
        0,
        1,
        2,
        8,
        1
      ]
    },
    {
      "Target": "PartOpacity",
      "Id": "Part22",
      "Segments": [
        0,
        0,
        2,
        8,
        0
      ]
    },
    {
      "Target": "PartOpacity",
      "Id": "Part28",
      "Segments": [
        0,
        0,
        2,
        8,
        0
      ]
    },
    {
      "Target": "PartOpacity",
      "Id": "Part6",
      "Segments": [
        0,
        0,
        2,
        8,
        0
      ]
    },
    {
      "Target": "PartOpacity",
      "Id": "Part29",
      "Segments": [
        0,
        1,
        2,
        8,
        1
      ]
    },
    {
      "Target": "PartOpacity",
      "Id": "Part31",
      "Segments": [
        0,
        0,
        2,
        8,
        0
      ]
    },
    {
      "Target": "PartOpacity",
      "Id": "Part27",
      "Segments": [
        0,
        1,
        2,
        8,
        1
      ]
    },
    {
      "Target": "PartOpacity",
      "Id": "Part20",
      "Segments": [
        0,
        1,
        2,
        8,
        1
      ]
    },
    {
      "Target": "PartOpacity",
      "Id": "Part21",
      "Segments": [
        0,
        1,
        2,
        8,
        1
      ]
    },
    {
      "Target": "PartOpacity",
      "Id": "Part17",
      "Segments": [
        0,
        1,
        2,
        8,
        1
      ]
    },
    {
      "Target": "PartOpacity",
      "Id": "Part2",
      "Segments": [
        0,
        1,
        2,
        8,
        1
      ]
    },
    {
      "Target": "PartOpacity",
      "Id": "Part19",
      "Segments": [
        0,
        1,
        2,
        8,
        1
      ]
    },
    {
      "Target": "PartOpacity",
      "Id": "Part24",
      "Segments": [
        0,
        1,
        2,
        8,
        1
      ]
    },
    {
      "Target": "PartOpacity",
      "Id": "Part23",
      "Segments": [
        0,
        1,
        2,
        8,
        1
      ]
    },
    {
      "Target": "Model",
      "Id": "Opacity",
      "Segments": [
        0,
        1,
        0,
        8,
        1
      ]
    },
    {
      "Target": "Parameter",
      "Id": "BodyY",
      "Segments": [
        0,
        0,
        0,
        8,
        0
      ]
    },
    {
      "Target": "Parameter",
      "Id": "Waist_Roll",
      "Segments": [
        0,
        0,
        0,
        8,
        0
      ]
    },
    {
      "Target": "Parameter",
      "Id": "Body_Pose1",
      "Segments": [
        0,
        0,
        0,
        8,
        0
      ]
    },
    {
      "Target": "Parameter",
      "Id": "BodyX",
      "Segments": [
        0,
        0,
        0,
        8,
        0
      ]
    },
    {
      "Target": "Parameter",
      "Id": "BadyY",
      "Segments": [
        0,
        0,
        0,
        8,
        0
      ]
    },
    {
      "Target": "Parameter",
      "Id": "HeadY",
      "Segments": [
        0,
        -20,
        0,
        8,
        -20
      ]
    },
    {
      "Target": "Parameter",
      "Id": "Tooth",
      "Segments": [
        0,
        0,
        0,
        8,
        0
      ]
    },
    {
      "Target": "Parameter",
      "Id": "Mouth_Form",
      "Segments": [
        0,
        1,
        0,
        8,
        1
      ]
    },
    {
      "Target": "Parameter",
      "Id": "Mouth_Open",
      "Segments": [
        0,
        1,
        0,
        8,
        1
      ]
    },
    {
      "Target": "Parameter",
      "Id": "Mouth_Size",
      "Segments": [
        0,
        0.5,
        0,
        8,
        0.5
      ]
    },
    {
      "Target": "Parameter",
      "Id": "Mouth_Size2",
      "Segments": [
        0,
        0,
        0,
        8,
        0
      ]
    },
    {
      "Target": "Parameter",
      "Id": "Mouth_Y",
      "Segments": [
        0,
        0,
        0,
        8,
        0
      ]
    },
    {
      "Target": "Parameter",
      "Id": "Param3",
      "Segments": [
        0,
        0,
        0,
        8,
        0
      ]
    },
    {
      "Target": "Parameter",
      "Id": "Param2",
      "Segments": [
        0,
        0,
        0,
        8,
        0
      ]
    },
    {
      "Target": "Parameter",
      "Id": "BrowR_Form",
      "Segments": [
        0,
        1.1,
        0,
        8,
        1.1
      ]
    },
    {
      "Target": "Parameter",
      "Id": "BrowL_Form",
      "Segments": [
        0,
        1.2,
        0,
        8,
        1.2
      ]
    },
    {
      "Target": "Parameter",
      "Id": "BrowR_Angle",
      "Segments": [
        0,
        0.1,
        0,
        8,
        0.1
      ]
    },
    {
      "Target": "Parameter",
      "Id": "BrowL_Angle",
      "Segments": [
        0,
        0.1,
        0,
        8,
        0.1
      ]
    },
    {
      "Target": "Parameter",
      "Id": "EyeBall_Size",
      "Segments": [
        0,
        0,
        0,
        8,
        0
      ]
    },
    {
      "Target": "Parameter",
      "Id": "EyeBallX",
      "Segments": [
        0,
        0,
        0,
        8,
        0
      ]
    },
    {
      "Target": "Parameter",
      "Id": "ParamEyeBallY",
      "Segments": [
        0,
        0,
        0,
        8,
        0
      ]
    },
    {
      "Target": "Parameter",
      "Id": "EyeR_Open",
      "Segments": [
        0,
        0,
        0,
        8,
        0
      ]
    },
    {
      "Target": "Parameter",
      "Id": "EyeR_Smile",
      "Segments": [
        0,
        -0.9,
        0,
        8,
        -0.9
      ]
    },
    {
      "Target": "Parameter",
      "Id": "EyeL_Open",
      "Segments": [
        0,
        0,
        0,
        8,
        0
      ]
    },
    {
      "Target": "Parameter",
      "Id": "EyeL_Smile",
      "Segments": [
        0,
        -0.9,
        0,
        8,
        -0.9
      ]
    },
    {
      "Target": "Parameter",
      "Id": "ArmR_Roll2",
      "Segments": [
        0,
        0,
        0,
        8,
        0
      ]
    },
    {
      "Target": "Parameter",
      "Id": "ArmL_Roll2",
      "Segments": [
        0,
        -46.43,
        0,
        8,
        -46.43
      ]
    },
    {
      "Target": "Parameter",
      "Id": "Param6",
      "Segments": [
        0,
        0,
        0,
        8,
        0
      ]
    },
    {
      "Target": "Parameter",
      "Id": "Param7",
      "Segments": [
        0,
        -23,
        0,
        8,
        -23
      ]
    },
    {
      "Target": "Parameter",
      "Id": "Param8",
      "Segments": [
        0,
        0,
        0,
        8,
        0
      ]
    },
    {
      "Target": "Parameter",
      "Id": "Param9",
      "Segments": [
        0,
        -30,
        0,
        8,
        -30
      ]
    },
    {
      "Target": "Parameter",
      "Id": "HandL02_move",
      "Segments": [
        0,
        0,
        0,
        8,
        0
      ]
    },
    {
      "Target": "Parameter",
      "Id": "Param4",
      "Segments": [
        0,
        0,
        0,
        8,
        0
      ]
    },
    {
      "Target": "Parameter",
      "Id": "Param",
      "Segments": [
        0,
        0,
        0,
        8,
        0
      ]
    },
    {
      "Target": "Parameter",
      "Id": "LegR_Roll",
      "Segments": [
        0,
        0,
        0,
        8,
        0
      ]
    },
    {
      "Target": "Parameter",
      "Id": "LegL_Roll",
      "Segments": [
        0,
        0,
        0,
        8,
        0
      ]
    },
    {
      "Target": "Parameter",
      "Id": "Lowerbody_Roll",
      "Segments": [
        0,
        0,
        0,
        8,
        0
      ]
    },
    {
      "Target": "PartOpacity",
      "Id": "Part7",
      "Segments": [
        0,
        1,
        0,
        8,
        1
      ]
    }
  ],
  "UserData": [
    {
      "Time": 0.0,
      "Value": ""
    }
  ]
}