{
  "Version": 3,
  "Meta": {
    "Duration": 1.333,
    "Fps": 30.0,
    "Loop": true,
    "AreBeziersRestricted": true,
    "CurveCount": 91,
    "TotalSegmentCount": 173,
    "TotalPointCount": 263,
    "UserDataCount": 1,
    "TotalUserDataSize": 0
  },
  "Curves": [
    {
      "Target": "Parameter",
      "Id": "Breath",
      "Segments": [
        0,
        0,
        0,
        0.9,
        0.595,
        1,
        1.044,
        0.595,
        1.189,
        0.542,
        1.333,
        0.417
      ]
    },
    {
      "Target": "Parameter",
      "Id": "Body_Shaking",
      "Segments": [
        0,
        0,
        0,
        0.6,
        -6.385,
        1,
        0.656,
        -6.385,
        0.711,
        -5.215,
        0.767,
        -4.218,
        1,
        0.956,
        -0.797,
        1.144,
        2.591,
        1.333,
        3.732
      ]
    },
    {
      "Target": "Parameter",
      "Id": "BodyY",
      "Segments": [
        0,
        0,
        0,
        1.333,
        2.808
      ]
    },
    {
      "Target": "Parameter",
      "Id": "Waist_Roll",
      "Segments": [
        0,
        0,
        0,
        0.6,
        -6.219,
        1,
        0.656,
        -6.219,
        0.711,
        -4.844,
        0.767,
        -3.679,
        1,
        0.956,
        0.674,
        1.144,
        6.738,
        1.333,
        8.297
      ]
    },
    {
      "Target": "Parameter",
      "Id": "Body_Twist",
      "Segments": [
        0,
        0,
        2,
        0.433,
        0,
        1,
        0.589,
        0,
        0.744,
        -18.692,
        0.9,
        -23.658,
        1,
        1.044,
        -27.066,
        1.189,
        -27.963,
        1.333,
        -28.986
      ]
    },
    {
      "Target": "Parameter",
      "Id": "Body_Pose1",
      "Segments": [
        0,
        0,
        0,
        0.333,
        -0.851,
        1,
        0.378,
        -0.85,
        0.422,
        -0.799,
        0.467,
        -0.743,
        1,
        0.756,
        -0.251,
        1.044,
        0,
        1.333,
        0
      ]
    },
    {
      "Target": "Parameter",
      "Id": "NeckRace_Shaking",
      "Segments": [
        0,
        0,
        0,
        0.667,
        -0.6,
        1,
        0.889,
        -0.6,
        1.111,
        -0.433,
        1.333,
        -0.1
      ]
    },
    {
      "Target": "Parameter",
      "Id": "NeckRibbon_Shaking",
      "Segments": [
        0,
        0,
        0,
        0.667,
        -0.6,
        1,
        0.889,
        -0.6,
        1.111,
        -0.374,
        1.333,
        0
      ]
    },
    {
      "Target": "Parameter",
      "Id": "VestsFrill_Shaking",
      "Segments": [
        0,
        0,
        0,
        0.667,
        -0.6,
        1,
        0.889,
        -0.6,
        1.111,
        -0.343,
        1.333,
        0.1
      ]
    },
    {
      "Target": "Parameter",
      "Id": "JacketHem_Shaking",
      "Segments": [
        0,
        0,
        0,
        0.767,
        0.5,
        1,
        0.956,
        0.5,
        1.144,
        -0.053,
        1.333,
        -0.3
      ]
    },
    {
      "Target": "Parameter",
      "Id": "Head_AngleX",
      "Segments": [
        0,
        0,
        2,
        0.3,
        0,
        1,
        0.644,
        0,
        0.989,
        -14.758,
        1.333,
        -17.148
      ]
    },
    {
      "Target": "Parameter",
      "Id": "Head_AngleY",
      "Segments": [
        0,
        0,
        1,
        0.111,
        0,
        0.222,
        -12.877,
        0.333,
        -17.688,
        1,
        0.433,
        -22.017,
        0.533,
        -21.894,
        0.633,
        -21.894,
        1,
        0.866,
        -21.894,
        1.1,
        12.586,
        1.333,
        16.487
      ]
    },
    {
      "Target": "Parameter",
      "Id": "HeadY",
      "Segments": [
        0,
        0,
        0,
        1.333,
        13.378
      ]
    },
    {
      "Target": "Parameter",
      "Id": "Head_Roll",
      "Segments": [
        0,
        0,
        2,
        0.367,
        0,
        1,
        0.689,
        0,
        1.011,
        5.518,
        1.333,
        8.003
      ]
    },
    {
      "Target": "Parameter",
      "Id": "Mouth_Form",
      "Segments": [
        0,
        1,
        1,
        0.167,
        1,
        0.333,
        -0.52,
        0.5,
        -0.7,
        1,
        0.778,
        -1.001,
        1.055,
        -1,
        1.333,
        -1
      ]
    },
    {
      "Target": "Parameter",
      "Id": "Mouth_Size",
      "Segments": [
        0,
        0.3,
        0,
        0.467,
        0.5,
        0,
        1.333,
        0.467
      ]
    },
    {
      "Target": "Parameter",
      "Id": "BrowRY",
      "Segments": [
        0,
        0,
        0,
        0.367,
        0.2,
        0,
        0.9,
        0,
        1,
        1.044,
        0,
        1.189,
        0.012,
        1.333,
        0.026
      ]
    },
    {
      "Target": "Parameter",
      "Id": "BrowLY",
      "Segments": [
        0,
        0,
        0,
        0.367,
        0.2,
        0,
        0.9,
        0,
        1,
        1.044,
        0,
        1.189,
        0.012,
        1.333,
        0.026
      ]
    },
    {
      "Target": "Parameter",
      "Id": "BrowR_Form",
      "Segments": [
        0,
        0,
        0,
        0.2,
        -0.5,
        2,
        0.533,
        -0.5,
        0,
        1.033,
        -1.4,
        2,
        1.333,
        -1.4
      ]
    },
    {
      "Target": "Parameter",
      "Id": "BrowL_Form",
      "Segments": [
        0,
        0,
        0,
        0.2,
        -0.5,
        2,
        0.533,
        -0.5,
        0,
        1.033,
        -1.4,
        2,
        1.333,
        -1.4
      ]
    },
    {
      "Target": "Parameter",
      "Id": "BrowR_Angle",
      "Segments": [
        0,
        0,
        2,
        0.2,
        0,
        2,
        0.533,
        0,
        0,
        1.033,
        0.6,
        2,
        1.333,
        0.6
      ]
    },
    {
      "Target": "Parameter",
      "Id": "BrowL_Angle",
      "Segments": [
        0,
        0,
        2,
        0.2,
        0,
        2,
        0.533,
        0,
        0,
        1.033,
        0.6,
        2,
        1.333,
        0.6
      ]
    },
    {
      "Target": "Parameter",
      "Id": "EyeR_Open",
      "Segments": [
        0,
        1,
        2,
        0.167,
        1,
        0,
        0.567,
        0,
        2,
        1.167,
        0,
        2,
        1.333,
        0
      ]
    },
    {
      "Target": "Parameter",
      "Id": "EyeR_Smile",
      "Segments": [
        0,
        0.2,
        0,
        0.333,
        0.6,
        2,
        1.333,
        0.6
      ]
    },
    {
      "Target": "Parameter",
      "Id": "EyeL_Open",
      "Segments": [
        0,
        1,
        2,
        0.167,
        1,
        0,
        0.567,
        0,
        2,
        1.167,
        0,
        2,
        1.333,
        0
      ]
    },
    {
      "Target": "Parameter",
      "Id": "EyeL_Smile",
      "Segments": [
        0,
        0.2,
        0,
        0.333,
        0.6,
        2,
        1.333,
        0.6
      ]
    },
    {
      "Target": "Parameter",
      "Id": "HairFront_Shaking",
      "Segments": [
        0,
        0,
        0,
        0.567,
        -0.547,
        1,
        0.767,
        -0.547,
        0.967,
        -0.144,
        1.167,
        0.134,
        1,
        1.222,
        0.215,
        1.278,
        0.25,
        1.333,
        0.274
      ]
    },
    {
      "Target": "Parameter",
      "Id": "HairFront_Shaking02",
      "Segments": [
        0,
        0,
        1,
        0.167,
        -0.5,
        0.333,
        -1,
        0.5,
        -1,
        1,
        0.644,
        -1,
        0.789,
        -0.452,
        0.933,
        0,
        1,
        1.066,
        0.401,
        1.2,
        0.468,
        1.333,
        0.462
      ]
    },
    {
      "Target": "Parameter",
      "Id": "HairRibbon_Shaking",
      "Segments": [
        0,
        0,
        0,
        0.567,
        -0.6,
        0,
        1.333,
        0.4
      ]
    },
    {
      "Target": "Parameter",
      "Id": "ShoulderRY",
      "Segments": [
        0,
        0,
        0,
        0.367,
        -3.544,
        0,
        1.133,
        18,
        1,
        1.2,
        19.073,
        1.266,
        19.432,
        1.333,
        19.432
      ]
    },
    {
      "Target": "Parameter",
      "Id": "ShoulderLY",
      "Segments": [
        0,
        0,
        2,
        0.333,
        0,
        0,
        1.033,
        -30,
        2,
        1.333,
        -30
      ]
    },
    {
      "Target": "Parameter",
      "Id": "ShoulderR_Roll",
      "Segments": [
        0,
        0,
        1,
        0.144,
        0,
        0.289,
        1.486,
        0.433,
        1.615,
        1,
        0.533,
        1.615,
        0.633,
        -23.108,
        0.733,
        -30,
        1,
        0.933,
        -44.32,
        1.133,
        -51.663,
        1.333,
        -53.368
      ]
    },
    {
      "Target": "Parameter",
      "Id": "ShoulderL_Roll",
      "Segments": [
        0,
        0,
        0,
        0.567,
        -6.664,
        1,
        0.822,
        -6.664,
        1.078,
        -0.377,
        1.333,
        0.264
      ]
    },
    {
      "Target": "Parameter",
      "Id": "ArmR_Roll",
      "Segments": [
        0,
        0,
        0,
        0.3,
        0.9,
        1,
        0.533,
        0.787,
        0.767,
        -44.221,
        1,
        -51.541,
        1,
        1.111,
        -54.426,
        1.222,
        -54.549,
        1.333,
        -54.549
      ]
    },
    {
      "Target": "Parameter",
      "Id": "ArmL_Roll",
      "Segments": [
        0,
        0,
        0,
        0.433,
        -1,
        1,
        0.733,
        -1,
        1.033,
        2.744,
        1.333,
        3.087
      ]
    },
    {
      "Target": "Parameter",
      "Id": "ArmR_Roll2",
      "Segments": [
        0,
        0,
        2,
        0.433,
        0,
        0,
        0.667,
        -50,
        0,
        1.333,
        -37.65
      ]
    },
    {
      "Target": "Parameter",
      "Id": "Param6",
      "Segments": [
        0,
        0,
        2,
        0.567,
        0,
        1,
        0.656,
        0,
        0.744,
        -9.919,
        0.833,
        -10.614,
        1,
        1,
        -11.951,
        1.166,
        -7,
        1.333,
        -7
      ]
    },
    {
      "Target": "Parameter",
      "Id": "Param7",
      "Segments": [
        0,
        0,
        0,
        0.667,
        -9.56,
        2,
        1.333,
        -9.56
      ]
    },
    {
      "Target": "Parameter",
      "Id": "Param8",
      "Segments": [
        0,
        0,
        0,
        0.667,
        -30,
        0,
        1.033,
        -5,
        2,
        1.333,
        -5
      ]
    },
    {
      "Target": "Parameter",
      "Id": "HandR_Roll",
      "Segments": [
        0,
        0,
        2,
        0.333,
        0,
        1,
        0.466,
        0,
        0.6,
        -0.508,
        0.733,
        1.112,
        1,
        0.789,
        2.289,
        0.844,
        4.216,
        0.9,
        8.046,
        1,
        0.967,
        14.456,
        1.033,
        19.186,
        1.1,
        19.078,
        1,
        1.178,
        19.769,
        1.255,
        15.969,
        1.333,
        15.165
      ]
    },
    {
      "Target": "Parameter",
      "Id": "HandL_Roll",
      "Segments": [
        0,
        0,
        1,
        0.178,
        0,
        0.355,
        -4.8,
        0.533,
        -4.975,
        1,
        0.8,
        -5.239,
        1.066,
        -5.218,
        1.333,
        -5.218
      ]
    },
    {
      "Target": "Parameter",
      "Id": "Param4",
      "Segments": [
        0,
        0,
        0,
        0.8,
        -30,
        0,
        1.333,
        30
      ]
    },
    {
      "Target": "Parameter",
      "Id": "HandLFrill_Shaking",
      "Segments": [
        0,
        0,
        0,
        0.6,
        -1,
        1,
        0.844,
        -1,
        1.089,
        -0.059,
        1.333,
        0.7
      ]
    },
    {
      "Target": "Parameter",
      "Id": "HandRFrill_Shaking",
      "Segments": [
        0,
        0,
        0,
        0.4,
        1,
        2,
        0.833,
        1,
        1,
        1,
        1,
        1.166,
        0.125,
        1.333,
        -0.2
      ]
    },
    {
      "Target": "PartOpacity",
      "Id": "Part",
      "Segments": [
        0,
        1,
        2,
        1.33,
        1
      ]
    },
    {
      "Target": "PartOpacity",
      "Id": "Part13",
      "Segments": [
        0,
        1,
        2,
        1.33,
        1
      ]
    },
    {
      "Target": "PartOpacity",
      "Id": "Part3",
      "Segments": [
        0,
        1,
        2,
        1.33,
        1
      ]
    },
    {
      "Target": "PartOpacity",
      "Id": "Part16",
      "Segments": [
        0,
        1,
        2,
        1.33,
        1
      ]
    },
    {
      "Target": "PartOpacity",
      "Id": "Part4",
      "Segments": [
        0,
        1,
        2,
        1.33,
        1
      ]
    },
    {
      "Target": "PartOpacity",
      "Id": "Part26",
      "Segments": [
        0,
        1,
        2,
        1.33,
        1
      ]
    },
    {
      "Target": "PartOpacity",
      "Id": "Part15",
      "Segments": [
        0,
        1,
        2,
        1.33,
        1
      ]
    },
    {
      "Target": "PartOpacity",
      "Id": "Part8",
      "Segments": [
        0,
        0,
        2,
        1.33,
        0
      ]
    },
    {
      "Target": "PartOpacity",
      "Id": "Part11",
      "Segments": [
        0,
        1,
        2,
        1.33,
        1
      ]
    },
    {
      "Target": "PartOpacity",
      "Id": "Part5",
      "Segments": [
        0,
        1,
        2,
        1.33,
        1
      ]
    },
    {
      "Target": "PartOpacity",
      "Id": "Part30",
      "Segments": [
        0,
        0,
        2,
        1.33,
        0
      ]
    },
    {
      "Target": "PartOpacity",
      "Id": "Part18",
      "Segments": [
        0,
        0,
        2,
        1.33,
        0
      ]
    },
    {
      "Target": "PartOpacity",
      "Id": "Part12",
      "Segments": [
        0,
        0,
        2,
        1.33,
        0
      ]
    },
    {
      "Target": "PartOpacity",
      "Id": "Part10",
      "Segments": [
        0,
        0,
        2,
        1.33,
        0
      ]
    },
    {
      "Target": "PartOpacity",
      "Id": "Part9",
      "Segments": [
        0,
        1,
        2,
        1.33,
        1
      ]
    },
    {
      "Target": "PartOpacity",
      "Id": "Part25",
      "Segments": [
        0,
        1,
        2,
        1.33,
        1
      ]
    },
    {
      "Target": "PartOpacity",
      "Id": "Part22",
      "Segments": [
        0,
        0,
        2,
        0.63,
        0,
        0,
        0.8,
        1,
        2,
        1.33,
        1
      ]
    },
    {
      "Target": "PartOpacity",
      "Id": "Part28",
      "Segments": [
        0,
        0,
        2,
        0.63,
        0,
        0,
        0.8,
        1,
        2,
        1.33,
        1
      ]
    },
    {
      "Target": "PartOpacity",
      "Id": "Part6",
      "Segments": [
        0,
        0,
        2,
        1.33,
        0
      ]
    },
    {
      "Target": "PartOpacity",
      "Id": "Part29",
      "Segments": [
        0,
        1,
        2,
        0.63,
        0,
        2,
        1.33,
        0
      ]
    },
    {
      "Target": "PartOpacity",
      "Id": "Part31",
      "Segments": [
        0,
        0,
        2,
        1.33,
        0
      ]
    },
    {
      "Target": "PartOpacity",
      "Id": "Part27",
      "Segments": [
        0,
        1,
        2,
        0.63,
        0,
        2,
        1.33,
        0
      ]
    },
    {
      "Target": "PartOpacity",
      "Id": "Part20",
      "Segments": [
        0,
        1,
        2,
        1.33,
        1
      ]
    },
    {
      "Target": "PartOpacity",
      "Id": "Part21",
      "Segments": [
        0,
        1,
        2,
        1.33,
        1
      ]
    },
    {
      "Target": "PartOpacity",
      "Id": "Part17",
      "Segments": [
        0,
        1,
        2,
        0.8,
        0,
        2,
        1.33,
        0
      ]
    },
    {
      "Target": "PartOpacity",
      "Id": "Part2",
      "Segments": [
        0,
        1,
        2,
        1.33,
        1
      ]
    },
    {
      "Target": "PartOpacity",
      "Id": "Part19",
      "Segments": [
        0,
        1,
        2,
        1.33,
        1
      ]
    },
    {
      "Target": "PartOpacity",
      "Id": "Part24",
      "Segments": [
        0,
        1,
        2,
        1.33,
        1
      ]
    },
    {
      "Target": "PartOpacity",
      "Id": "Part23",
      "Segments": [
        0,
        1,
        2,
        1.33,
        1
      ]
    },
    {
      "Target": "Parameter",
      "Id": "BodyX",
      "Segments": [
        0,
        0,
        0,
        1.333,
        0
      ]
    },
    {
      "Target": "Parameter",
      "Id": "BadyY",
      "Segments": [
        0,
        0,
        0,
        1.333,
        0
      ]
    },
    {
      "Target": "Parameter",
      "Id": "Tooth",
      "Segments": [
        0,
        0,
        0,
        1.333,
        0
      ]
    },
    {
      "Target": "Parameter",
      "Id": "Mouth_Open",
      "Segments": [
        0,
        1,
        0,
        1.333,
        1
      ]
    },
    {
      "Target": "Parameter",
      "Id": "Mouth_Size2",
      "Segments": [
        0,
        0,
        0,
        1.333,
        0
      ]
    },
    {
      "Target": "Parameter",
      "Id": "Mouth_Y",
      "Segments": [
        0,
        0,
        0,
        1.333,
        0
      ]
    },
    {
      "Target": "Parameter",
      "Id": "Param3",
      "Segments": [
        0,
        0,
        0,
        1.333,
        0
      ]
    },
    {
      "Target": "Parameter",
      "Id": "Param2",
      "Segments": [
        0,
        0,
        0,
        1.333,
        0
      ]
    },
    {
      "Target": "Parameter",
      "Id": "EyeBall_Size",
      "Segments": [
        0,
        0,
        0,
        1.333,
        0
      ]
    },
    {
      "Target": "Parameter",
      "Id": "EyeBallX",
      "Segments": [
        0,
        0,
        0,
        1.333,
        0
      ]
    },
    {
      "Target": "Parameter",
      "Id": "ParamEyeBallY",
      "Segments": [
        0,
        0,
        0,
        1.333,
        0
      ]
    },
    {
      "Target": "Parameter",
      "Id": "ArmL_Roll2",
      "Segments": [
        0,
        0,
        0,
        1.333,
        0
      ]
    },
    {
      "Target": "Parameter",
      "Id": "Param9",
      "Segments": [
        0,
        0,
        0,
        1.333,
        0
      ]
    },
    {
      "Target": "Parameter",
      "Id": "HandL02_move",
      "Segments": [
        0,
        0,
        0,
        1.333,
        0
      ]
    },
    {
      "Target": "Parameter",
      "Id": "Param",
      "Segments": [
        0,
        0,
        0,
        1.333,
        0
      ]
    },
    {
      "Target": "Parameter",
      "Id": "LegR_Roll",
      "Segments": [
        0,
        0,
        0,
        1.333,
        0
      ]
    },
    {
      "Target": "Parameter",
      "Id": "LegL_Roll",
      "Segments": [
        0,
        0,
        0,
        1.333,
        0
      ]
    },
    {
      "Target": "Parameter",
      "Id": "Lowerbody_Roll",
      "Segments": [
        0,
        0,
        0,
        1.333,
        0
      ]
    }
  ],
  "UserData": [
    {
      "Time": 0.0,
      "Value": ""
    }
  ]
}