{
  "Version": 3,
  "Meta": {
    "Duration": 1.333,
    "Fps": 30.0,
    "Loop": true,
    "AreBeziersRestricted": true,
    "CurveCount": 105,
    "TotalSegmentCount": 194,
    "TotalPointCount": 278,
    "UserDataCount": 1,
    "TotalUserDataSize": 0
  },
  "Curves": [
    {
      "Target": "Parameter",
      "Id": "Body_Twist",
      "Segments": [
        0,
        0,
        0,
        0.6,
        16,
        0,
        0.933,
        5,
        1,
        1.066,
        5,
        1.2,
        5.483,
        1.333,
        7
      ]
    },
    {
      "Target": "Parameter",
      "Id": "Frill_Shaking",
      "Segments": [
        0,
        0,
        0,
        0.767,
        -21,
        0,
        1.333,
        15
      ]
    },
    {
      "Target": "Parameter",
      "Id": "Ribbon_Shaking",
      "Segments": [
        0,
        0,
        0,
        0.767,
        -17,
        0,
        1.333,
        18
      ]
    },
    {
      "Target": "Parameter",
      "Id": "BodyFrill_Shaking",
      "Segments": [
        0,
        0,
        0,
        0.567,
        24,
        0,
        1.333,
        -16
      ]
    },
    {
      "Target": "Parameter",
      "Id": "Body_Shaking",
      "Segments": [
        0,
        0,
        0,
        0.6,
        7,
        0,
        1.333,
        4
      ]
    },
    {
      "Target": "Parameter",
      "Id": "BodyY",
      "Segments": [
        0,
        0,
        0,
        0.4,
        6,
        0,
        1.333,
        0
      ]
    },
    {
      "Target": "Parameter",
      "Id": "Breath",
      "Segments": [
        0,
        0,
        1,
        0.2,
        0,
        0.4,
        0.098,
        0.6,
        0.5,
        1,
        0.689,
        0.679,
        0.778,
        1,
        0.867,
        1,
        0,
        1.333,
        0
      ]
    },
    {
      "Target": "Parameter",
      "Id": "Skirt_Shaking",
      "Segments": [
        0,
        0,
        2,
        0.267,
        0,
        0,
        0.7,
        -13,
        1,
        0.911,
        -13,
        1.122,
        -11.904,
        1.333,
        -7
      ]
    },
    {
      "Target": "Parameter",
      "Id": "SkirtFrill_Shaking",
      "Segments": [
        0,
        0,
        2,
        0.267,
        0,
        0,
        0.767,
        -10,
        0,
        1.333,
        4
      ]
    },
    {
      "Target": "Parameter",
      "Id": "Head_AngleX",
      "Segments": [
        0,
        0,
        0,
        0.833,
        9,
        0,
        1.333,
        7
      ]
    },
    {
      "Target": "Parameter",
      "Id": "Head_AngleY",
      "Segments": [
        0,
        0,
        0,
        0.833,
        -14,
        1,
        1,
        -14,
        1.166,
        -6.206,
        1.333,
        -6
      ]
    },
    {
      "Target": "Parameter",
      "Id": "Head_Roll",
      "Segments": [
        0,
        0,
        0,
        1.333,
        -20
      ]
    },
    {
      "Target": "Parameter",
      "Id": "HeadY",
      "Segments": [
        0,
        0,
        0,
        1.333,
        -8
      ]
    },
    {
      "Target": "Parameter",
      "Id": "EyeBallX",
      "Segments": [
        0,
        0,
        0,
        1.333,
        0.2
      ]
    },
    {
      "Target": "Parameter",
      "Id": "EyeL_Smile",
      "Segments": [
        0,
        0,
        0,
        0.133,
        0.1,
        0,
        0.3,
        0,
        2,
        0.833,
        0,
        2,
        1.333,
        0
      ]
    },
    {
      "Target": "Parameter",
      "Id": "EyeR_Open",
      "Segments": [
        0,
        1,
        0,
        0.833,
        0.931,
        2,
        1.333,
        0.931
      ]
    },
    {
      "Target": "Parameter",
      "Id": "EyeR_Smile",
      "Segments": [
        0,
        0,
        0,
        0.133,
        0.1,
        0,
        0.3,
        0,
        2,
        0.833,
        0,
        2,
        1.333,
        0
      ]
    },
    {
      "Target": "Parameter",
      "Id": "BrowLY",
      "Segments": [
        0,
        0,
        1,
        0.167,
        0,
        0.333,
        0.209,
        0.5,
        0.339,
        1,
        0.689,
        0.487,
        0.878,
        0.5,
        1.067,
        0.5,
        2,
        1.333,
        0.5
      ]
    },
    {
      "Target": "Parameter",
      "Id": "BrowRY",
      "Segments": [
        0,
        0,
        0,
        1.067,
        -0.1,
        2,
        1.333,
        -0.1
      ]
    },
    {
      "Target": "Parameter",
      "Id": "BrowR_Form",
      "Segments": [
        0,
        0,
        0,
        0.567,
        0.896,
        1,
        0.734,
        0.981,
        0.9,
        1,
        1.067,
        1,
        2,
        1.333,
        1
      ]
    },
    {
      "Target": "Parameter",
      "Id": "Mouth_Form",
      "Segments": [
        0,
        0,
        1,
        0.167,
        0,
        0.333,
        -0.599,
        0.5,
        -0.772,
        1,
        0.589,
        -0.862,
        0.678,
        -0.915,
        0.767,
        -0.929,
        1,
        0.856,
        -0.956,
        0.944,
        -0.968,
        1.033,
        -0.981,
        1,
        1.133,
        -0.996,
        1.233,
        -1,
        1.333,
        -1
      ]
    },
    {
      "Target": "Parameter",
      "Id": "Mouth_Size",
      "Segments": [
        0,
        1,
        0,
        0.5,
        0.591,
        1,
        0.589,
        0.541,
        0.678,
        0.523,
        0.767,
        0.517,
        1,
        0.956,
        0.502,
        1.144,
        0.5,
        1.333,
        0.5
      ]
    },
    {
      "Target": "Parameter",
      "Id": "HairFront_Shaking",
      "Segments": [
        0,
        0,
        0,
        0.833,
        -0.4,
        1,
        1,
        -0.4,
        1.166,
        -0.271,
        1.333,
        0
      ]
    },
    {
      "Target": "Parameter",
      "Id": "HairSide_Shaking",
      "Segments": [
        0,
        0,
        0,
        0.833,
        -0.4,
        1,
        1,
        -0.4,
        1.166,
        -0.173,
        1.333,
        0
      ]
    },
    {
      "Target": "Parameter",
      "Id": "HairBack_Shaking",
      "Segments": [
        0,
        0,
        0,
        0.833,
        -0.6,
        1,
        1,
        -0.6,
        1.166,
        -0.237,
        1.333,
        0
      ]
    },
    {
      "Target": "Parameter",
      "Id": "Shoulder_Move",
      "Segments": [
        0,
        0,
        1,
        0.1,
        0,
        0.2,
        0.325,
        0.3,
        3,
        1,
        0.422,
        6.27,
        0.545,
        10,
        0.667,
        10,
        0,
        1,
        3,
        2,
        1.333,
        3
      ]
    },
    {
      "Target": "Parameter",
      "Id": "ShoulderR_Roll",
      "Segments": [
        0,
        0,
        1,
        0.044,
        0,
        0.089,
        -2.534,
        0.133,
        -3.46,
        1,
        0.2,
        -4.849,
        0.266,
        -5,
        0.333,
        -5,
        1,
        0.433,
        -5,
        0.533,
        -4.373,
        0.633,
        -4.071,
        1,
        0.866,
        -3.367,
        1.1,
        -3.205,
        1.333,
        -3.205
      ]
    },
    {
      "Target": "Parameter",
      "Id": "ArmR_Roll",
      "Segments": [
        0,
        0,
        2,
        0.067,
        0,
        1,
        0.267,
        0,
        0.467,
        28.54,
        0.667,
        29.05,
        1,
        0.889,
        29.616,
        1.111,
        29.866,
        1.333,
        29.972
      ]
    },
    {
      "Target": "Parameter",
      "Id": "ShoulderL_Roll",
      "Segments": [
        0,
        0,
        0,
        0.233,
        0.96,
        2,
        0.433,
        0.96,
        1,
        0.533,
        0.96,
        0.633,
        -3.04,
        0.733,
        -4,
        1,
        0.933,
        -5.919,
        1.133,
        -8.236,
        1.333,
        -8.32
      ]
    },
    {
      "Target": "Parameter",
      "Id": "ArmL_Roll",
      "Segments": [
        0,
        0,
        0,
        0.767,
        26.05,
        0,
        1.333,
        25.403
      ]
    },
    {
      "Target": "Parameter",
      "Id": "ArmR_Sleeve_Move",
      "Segments": [
        0,
        0,
        0,
        0.267,
        -30,
        2,
        0.4,
        -30,
        0,
        0.7,
        30,
        2,
        1.333,
        30
      ]
    },
    {
      "Target": "Parameter",
      "Id": "ArmL_Sleeve_Move",
      "Segments": [
        0,
        0,
        0,
        1.333,
        18
      ]
    },
    {
      "Target": "Parameter",
      "Id": "ArmR_Form",
      "Segments": [
        0,
        0,
        1,
        0.111,
        0,
        0.222,
        0.08,
        0.333,
        0.4,
        1,
        0.444,
        0.72,
        0.556,
        1,
        0.667,
        1,
        2,
        1.333,
        1
      ]
    },
    {
      "Target": "Parameter",
      "Id": "ArmL_Form",
      "Segments": [
        0,
        0,
        1,
        0.111,
        0,
        0.222,
        0.171,
        0.333,
        0.4,
        1,
        0.444,
        0.629,
        0.556,
        0.7,
        0.667,
        0.7,
        2,
        1.333,
        0.7
      ]
    },
    {
      "Target": "Parameter",
      "Id": "ArmR_Sup_Form",
      "Segments": [
        0,
        0,
        0,
        0.5,
        1,
        2,
        1.333,
        1
      ]
    },
    {
      "Target": "Parameter",
      "Id": "HandR_Roll",
      "Segments": [
        0,
        0,
        1,
        0.022,
        0,
        0.045,
        -0.807,
        0.067,
        -0.971,
        1,
        0.078,
        -1.053,
        0.089,
        -1.022,
        0.1,
        -1.022,
        0,
        0.667,
        13.36,
        0,
        1.333,
        22
      ]
    },
    {
      "Target": "Parameter",
      "Id": "HandL_Roll",
      "Segments": [
        0,
        0,
        0,
        0.067,
        2.476,
        1,
        0.078,
        2.476,
        0.089,
        2.265,
        0.1,
        2.109,
        1,
        0.3,
        -0.688,
        0.5,
        -3.114,
        0.7,
        -6.121,
        1,
        0.733,
        -6.622,
        0.767,
        -9.485,
        0.8,
        -10.121,
        1,
        0.978,
        -13.514,
        1.155,
        -14.788,
        1.333,
        -14.788
      ]
    },
    {
      "Target": "Parameter",
      "Id": "Leg_L",
      "Segments": [
        0,
        0,
        1,
        0.244,
        0,
        0.489,
        0.849,
        0.733,
        4,
        1,
        0.933,
        6.578,
        1.133,
        9,
        1.333,
        9
      ]
    },
    {
      "Target": "Parameter",
      "Id": "Leg_R",
      "Segments": [
        0,
        0,
        1,
        0.222,
        0,
        0.445,
        1.716,
        0.667,
        4,
        1,
        0.889,
        6.284,
        1.111,
        7,
        1.333,
        7
      ]
    },
    {
      "Target": "Parameter",
      "Id": "BackRibbon_Shaking",
      "Segments": [
        0,
        0,
        0,
        0.833,
        -5.314,
        1,
        1,
        -5.314,
        1.166,
        -4.15,
        1.333,
        -0.214
      ]
    },
    {
      "Target": "PartOpacity",
      "Id": "Part56",
      "Segments": [
        0,
        1,
        2,
        1.33,
        1
      ]
    },
    {
      "Target": "PartOpacity",
      "Id": "Part",
      "Segments": [
        0,
        1,
        2,
        1.33,
        1
      ]
    },
    {
      "Target": "PartOpacity",
      "Id": "Part32",
      "Segments": [
        0,
        1,
        2,
        1.33,
        1
      ]
    },
    {
      "Target": "PartOpacity",
      "Id": "Part33",
      "Segments": [
        0,
        1,
        2,
        1.33,
        1
      ]
    },
    {
      "Target": "PartOpacity",
      "Id": "Part2",
      "Segments": [
        0,
        1,
        2,
        1.33,
        1
      ]
    },
    {
      "Target": "PartOpacity",
      "Id": "Part35",
      "Segments": [
        0,
        1,
        2,
        1.33,
        1
      ]
    },
    {
      "Target": "PartOpacity",
      "Id": "Part12",
      "Segments": [
        0,
        1,
        2,
        1.33,
        1
      ]
    },
    {
      "Target": "PartOpacity",
      "Id": "Part4",
      "Segments": [
        0,
        1,
        2,
        1.33,
        1
      ]
    },
    {
      "Target": "PartOpacity",
      "Id": "Part3",
      "Segments": [
        0,
        1,
        2,
        1.33,
        1
      ]
    },
    {
      "Target": "PartOpacity",
      "Id": "Part13",
      "Segments": [
        0,
        1,
        2,
        1.33,
        1
      ]
    },
    {
      "Target": "PartOpacity",
      "Id": "Part28",
      "Segments": [
        0,
        1,
        2,
        1.33,
        1
      ]
    },
    {
      "Target": "PartOpacity",
      "Id": "Part55",
      "Segments": [
        0,
        1,
        2,
        1.33,
        1
      ]
    },
    {
      "Target": "PartOpacity",
      "Id": "Part36",
      "Segments": [
        0,
        1,
        2,
        1.33,
        1
      ]
    },
    {
      "Target": "PartOpacity",
      "Id": "Part22",
      "Segments": [
        0,
        0,
        2,
        1.33,
        0
      ]
    },
    {
      "Target": "PartOpacity",
      "Id": "Part27",
      "Segments": [
        0,
        0,
        2,
        1.33,
        0
      ]
    },
    {
      "Target": "PartOpacity",
      "Id": "Part9",
      "Segments": [
        0,
        1,
        2,
        0.37,
        1,
        2,
        0.4,
        1,
        2,
        0.43,
        1,
        2,
        1.33,
        1
      ]
    },
    {
      "Target": "PartOpacity",
      "Id": "Part25",
      "Segments": [
        0,
        0,
        2,
        0.4,
        1,
        2,
        1.33,
        1
      ]
    },
    {
      "Target": "PartOpacity",
      "Id": "Part17",
      "Segments": [
        0,
        1,
        2,
        0.13,
        1,
        0,
        0.2,
        0,
        2,
        1.33,
        0
      ]
    },
    {
      "Target": "PartOpacity",
      "Id": "Part18",
      "Segments": [
        0,
        0,
        2,
        0.1,
        0,
        0,
        0.13,
        1,
        2,
        0.17,
        1,
        2,
        0.4,
        0,
        2,
        1.33,
        0
      ]
    },
    {
      "Target": "PartOpacity",
      "Id": "Part19",
      "Segments": [
        0,
        0,
        2,
        1.33,
        0
      ]
    },
    {
      "Target": "PartOpacity",
      "Id": "Part23",
      "Segments": [
        0,
        1,
        2,
        1.33,
        1
      ]
    },
    {
      "Target": "PartOpacity",
      "Id": "Part31",
      "Segments": [
        0,
        0,
        2,
        0.37,
        0,
        2,
        0.4,
        1,
        2,
        1.33,
        1
      ]
    },
    {
      "Target": "PartOpacity",
      "Id": "Part38",
      "Segments": [
        0,
        0,
        2,
        1.33,
        0
      ]
    },
    {
      "Target": "PartOpacity",
      "Id": "Part37",
      "Segments": [
        0,
        1,
        2,
        1.33,
        1
      ]
    },
    {
      "Target": "PartOpacity",
      "Id": "Part24",
      "Segments": [
        0,
        0,
        2,
        0.1,
        0,
        2,
        0.13,
        1,
        2,
        0.37,
        1,
        2,
        0.4,
        0,
        2,
        1.33,
        0
      ]
    },
    {
      "Target": "PartOpacity",
      "Id": "Part26",
      "Segments": [
        0,
        0,
        2,
        0.1,
        0,
        2,
        0.13,
        1,
        2,
        1.33,
        1
      ]
    },
    {
      "Target": "PartOpacity",
      "Id": "Part8",
      "Segments": [
        0,
        1,
        2,
        1.33,
        1
      ]
    },
    {
      "Target": "PartOpacity",
      "Id": "Part6",
      "Segments": [
        0,
        1,
        2,
        1.33,
        1
      ]
    },
    {
      "Target": "PartOpacity",
      "Id": "Part11",
      "Segments": [
        0,
        1,
        2,
        1.33,
        1
      ]
    },
    {
      "Target": "PartOpacity",
      "Id": "Part5",
      "Segments": [
        0,
        1,
        2,
        1.33,
        1
      ]
    },
    {
      "Target": "PartOpacity",
      "Id": "Part45",
      "Segments": [
        0,
        1,
        2,
        1.33,
        1
      ]
    },
    {
      "Target": "PartOpacity",
      "Id": "Part21",
      "Segments": [
        0,
        0,
        2,
        0.37,
        0,
        0,
        0.4,
        1,
        2,
        0.43,
        1,
        2,
        1.33,
        1
      ]
    },
    {
      "Target": "PartOpacity",
      "Id": "Part10",
      "Segments": [
        0,
        1,
        2,
        1.33,
        1
      ]
    },
    {
      "Target": "PartOpacity",
      "Id": "Part14",
      "Segments": [
        0,
        0,
        2,
        1.33,
        0
      ]
    },
    {
      "Target": "PartOpacity",
      "Id": "Part15",
      "Segments": [
        0,
        0,
        2,
        1.33,
        0
      ]
    },
    {
      "Target": "PartOpacity",
      "Id": "Part16",
      "Segments": [
        0,
        1,
        2,
        0.13,
        1,
        0,
        0.2,
        0,
        2,
        1.33,
        1
      ]
    },
    {
      "Target": "PartOpacity",
      "Id": "Part7",
      "Segments": [
        0,
        1,
        2,
        1.33,
        1
      ]
    },
    {
      "Target": "PartOpacity",
      "Id": "Part20",
      "Segments": [
        0,
        1,
        2,
        1.33,
        1
      ]
    },
    {
      "Target": "PartOpacity",
      "Id": "Part51",
      "Segments": [
        0,
        1,
        2,
        1.33,
        1
      ]
    },
    {
      "Target": "PartOpacity",
      "Id": "Part52",
      "Segments": [
        0,
        1,
        2,
        1.33,
        1
      ]
    },
    {
      "Target": "Model",
      "Id": "Opacity",
      "Segments": [
        0,
        1,
        0,
        1.333,
        1
      ]
    },
    {
      "Target": "Parameter",
      "Id": "Param6",
      "Segments": [
        0,
        1,
        0,
        1.333,
        1
      ]
    },
    {
      "Target": "Parameter",
      "Id": "Param7",
      "Segments": [
        0,
        1,
        0,
        1.333,
        1
      ]
    },
    {
      "Target": "Parameter",
      "Id": "Param",
      "Segments": [
        0,
        1,
        0,
        1.333,
        1
      ]
    },
    {
      "Target": "Parameter",
      "Id": "Param2",
      "Segments": [
        0,
        1,
        0,
        1.333,
        1
      ]
    },
    {
      "Target": "Parameter",
      "Id": "Param3",
      "Segments": [
        0,
        1,
        0,
        1.333,
        1
      ]
    },
    {
      "Target": "Parameter",
      "Id": "Param4",
      "Segments": [
        0,
        1,
        0,
        1.333,
        1
      ]
    },
    {
      "Target": "Parameter",
      "Id": "Param5",
      "Segments": [
        0,
        1,
        0,
        1.333,
        1
      ]
    },
    {
      "Target": "Parameter",
      "Id": "Param8",
      "Segments": [
        0,
        1,
        0,
        1.333,
        1
      ]
    },
    {
      "Target": "Parameter",
      "Id": "Param9",
      "Segments": [
        0,
        1,
        0,
        1.333,
        1
      ]
    },
    {
      "Target": "Parameter",
      "Id": "Body_Pose1",
      "Segments": [
        0,
        0,
        0,
        1.333,
        0
      ]
    },
    {
      "Target": "Parameter",
      "Id": "Skirt_Roll",
      "Segments": [
        0,
        0,
        0,
        1.333,
        0
      ]
    },
    {
      "Target": "Parameter",
      "Id": "EyeBallY",
      "Segments": [
        0,
        0,
        0,
        1.333,
        0
      ]
    },
    {
      "Target": "Parameter",
      "Id": "EyeBall_Size",
      "Segments": [
        0,
        0,
        0,
        1.333,
        0
      ]
    },
    {
      "Target": "Parameter",
      "Id": "EyeL_Open",
      "Segments": [
        0,
        1,
        0,
        1.333,
        1
      ]
    },
    {
      "Target": "Parameter",
      "Id": "BrowL_Angle",
      "Segments": [
        0,
        0,
        0,
        1.333,
        0
      ]
    },
    {
      "Target": "Parameter",
      "Id": "BrowR_Angle",
      "Segments": [
        0,
        0,
        0,
        1.333,
        0
      ]
    },
    {
      "Target": "Parameter",
      "Id": "BrowL_Form",
      "Segments": [
        0,
        0,
        0,
        1.333,
        0
      ]
    },
    {
      "Target": "Parameter",
      "Id": "EyeY",
      "Segments": [
        0,
        0,
        0,
        1.333,
        0
      ]
    },
    {
      "Target": "Parameter",
      "Id": "MouthY",
      "Segments": [
        0,
        0,
        0,
        1.333,
        0
      ]
    },
    {
      "Target": "Parameter",
      "Id": "Mouth_Open",
      "Segments": [
        0,
        1,
        0,
        1.333,
        1
      ]
    },
    {
      "Target": "Parameter",
      "Id": "ArmL_Sup_Form",
      "Segments": [
        0,
        0,
        0,
        1.333,
        0
      ]
    },
    {
      "Target": "Parameter",
      "Id": "HandR01_Move",
      "Segments": [
        0,
        0,
        0,
        1.333,
        0
      ]
    },
    {
      "Target": "Parameter",
      "Id": "HandR03_move",
      "Segments": [
        0,
        0,
        0,
        1.333,
        0
      ]
    },
    {
      "Target": "Parameter",
      "Id": "HandL_move",
      "Segments": [
        0,
        0,
        0,
        1.333,
        0
      ]
    }
  ],
  "UserData": [
    {
      "Time": 0.0,
      "Value": ""
    }
  ]
}