{
  "Version": 3,
  "Meta": {
    "Duration": 8.0,
    "Fps": 30.0,
    "Loop": true,
    "AreBeziersRestricted": true,
    "CurveCount": 105,
    "TotalSegmentCount": 208,
    "TotalPointCount": 308,
    "UserDataCount": 1,
    "TotalUserDataSize": 0
  },
  "Curves": [
    {
      "Target": "Parameter",
      "Id": "Body_Twist",
      "Segments": [
        0,
        -13,
        1,
        0.389,
        -13,
        0.778,
        -24.01,
        1.167,
        -22.653,
        1,
        2.111,
        -22.653,
        3.056,
        -1.653,
        4,
        -1.652,
        2,
        5.667,
        -1.652,
        0,
        8,
        -13
      ]
    },
    {
      "Target": "Parameter",
      "Id": "Frill_Shaking",
      "Segments": [
        0,
        -7,
        0,
        1.333,
        -24,
        1,
        2.278,
        -24,
        3.222,
        -15.757,
        4.167,
        8,
        1,
        4.445,
        14.987,
        4.722,
        26,
        5,
        26,
        1,
        5.278,
        26,
        5.555,
        12.668,
        5.833,
        8,
        1,
        6.555,
        -4.137,
        7.278,
        -7,
        8,
        -7
      ]
    },
    {
      "Target": "Parameter",
      "Id": "Ribbon_Shaking",
      "Segments": [
        0,
        -7,
        0,
        1.333,
        -20,
        1,
        2.278,
        -20,
        3.222,
        -13.118,
        4.167,
        4,
        1,
        4.445,
        9.035,
        4.722,
        14,
        5,
        14,
        1,
        5.278,
        14,
        5.555,
        7.338,
        5.833,
        4,
        1,
        6.555,
        -4.679,
        7.278,
        -7,
        8,
        -7
      ]
    },
    {
      "Target": "Parameter",
      "Id": "BodyFrill_Shaking",
      "Segments": [
        0,
        6,
        0,
        1.333,
        23,
        0,
        4.167,
        -10,
        2,
        5.833,
        -10,
        0,
        8,
        6
      ]
    },
    {
      "Target": "Parameter",
      "Id": "Body_Shaking",
      "Segments": [
        0,
        2,
        0,
        1.933,
        -2,
        0,
        4.233,
        3,
        0,
        6.333,
        0,
        0,
        8,
        2
      ]
    },
    {
      "Target": "Parameter",
      "Id": "Breath",
      "Segments": [
        0,
        0,
        0,
        1.267,
        1,
        0,
        2.767,
        0,
        0,
        4.067,
        1,
        0,
        5.5,
        0,
        0,
        6.767,
        1,
        0,
        8,
        0
      ]
    },
    {
      "Target": "Parameter",
      "Id": "Skirt_Shaking",
      "Segments": [
        0,
        0,
        1,
        0.444,
        -4.036,
        0.889,
        -7,
        1.333,
        -7,
        0,
        4.033,
        4,
        1,
        4.4,
        4,
        4.766,
        2.64,
        5.133,
        0,
        1,
        5.6,
        -3.36,
        6.066,
        -5,
        6.533,
        -5,
        0,
        8,
        0
      ]
    },
    {
      "Target": "Parameter",
      "Id": "SkirtFrill_Shaking",
      "Segments": [
        0,
        -9,
        1,
        0.5,
        -19.365,
        1,
        -21,
        1.5,
        -21,
        0,
        4.167,
        26,
        1,
        4.556,
        26,
        4.944,
        26.329,
        5.333,
        18,
        1,
        5.789,
        8.244,
        6.244,
        -14,
        6.7,
        -14,
        1,
        7.133,
        -14,
        7.567,
        3.069,
        8,
        -9
      ]
    },
    {
      "Target": "Parameter",
      "Id": "Head_AngleX",
      "Segments": [
        0,
        -3,
        0,
        4.167,
        4.04,
        0,
        6.133,
        4,
        1,
        6.755,
        3.951,
        7.378,
        -3,
        8,
        -3
      ]
    },
    {
      "Target": "Parameter",
      "Id": "Head_AngleY",
      "Segments": [
        0,
        -1,
        0,
        4.167,
        4,
        0,
        6.133,
        -5,
        0,
        8,
        -1
      ]
    },
    {
      "Target": "Parameter",
      "Id": "Head_Roll",
      "Segments": [
        0,
        -4.587,
        1,
        0.7,
        -7.654,
        1.4,
        -9,
        2.1,
        -9,
        0,
        4.167,
        3,
        0,
        6.133,
        -7,
        0,
        8,
        -4.587
      ]
    },
    {
      "Target": "Parameter",
      "Id": "EyeBallX",
      "Segments": [
        0,
        0.2,
        0,
        4.167,
        0,
        0,
        8,
        0.2
      ]
    },
    {
      "Target": "Parameter",
      "Id": "EyeBallY",
      "Segments": [
        0,
        0,
        0,
        4.167,
        -0.1,
        0,
        8,
        0
      ]
    },
    {
      "Target": "Parameter",
      "Id": "BrowLY",
      "Segments": [
        0,
        0.061,
        1,
        0.356,
        -0.152,
        0.711,
        -0.3,
        1.067,
        -0.3,
        0,
        8,
        0.061
      ]
    },
    {
      "Target": "Parameter",
      "Id": "BrowRY",
      "Segments": [
        0,
        0.061,
        1,
        0.356,
        -0.152,
        0.711,
        -0.3,
        1.067,
        -0.3,
        0,
        8,
        0.061
      ]
    },
    {
      "Target": "Parameter",
      "Id": "Mouth_Form",
      "Segments": [
        0,
        0,
        0,
        2.167,
        -0.3,
        0,
        8,
        0
      ]
    },
    {
      "Target": "Parameter",
      "Id": "HairFront_Shaking",
      "Segments": [
        0,
        0.179,
        1,
        0.244,
        -0.26,
        0.489,
        -0.4,
        0.733,
        -0.4,
        0,
        1.5,
        0,
        0,
        2.5,
        -0.5,
        1,
        2.911,
        -0.5,
        3.322,
        -0.402,
        3.733,
        0,
        1,
        4.022,
        0.283,
        4.311,
        0.6,
        4.6,
        0.6,
        0,
        5.8,
        -0.2,
        0,
        7.033,
        0.6,
        1,
        7.355,
        0.6,
        7.678,
        0.483,
        8,
        0.179
      ]
    },
    {
      "Target": "Parameter",
      "Id": "HairSide_Shaking",
      "Segments": [
        0,
        0.107,
        1,
        0.211,
        -0.066,
        0.422,
        -0.2,
        0.633,
        -0.2,
        0,
        1.933,
        0.2,
        0,
        3.167,
        -0.304,
        0,
        4.3,
        0.2,
        0,
        5.467,
        0,
        0,
        7,
        0.4,
        1,
        7.333,
        0.4,
        7.667,
        0.324,
        8,
        0.107
      ]
    },
    {
      "Target": "Parameter",
      "Id": "HairBack_Shaking",
      "Segments": [
        0,
        0.031,
        1,
        0.211,
        -0.285,
        0.422,
        -0.7,
        0.633,
        -0.7,
        0,
        1.933,
        0.2,
        0,
        3.167,
        -0.7,
        0,
        4.3,
        0.3,
        0,
        5.467,
        -0.4,
        0,
        7,
        0.5,
        1,
        7.333,
        0.5,
        7.667,
        0.376,
        8,
        0.031
      ]
    },
    {
      "Target": "Parameter",
      "Id": "Shoulder_Move",
      "Segments": [
        0,
        0,
        2,
        2,
        0,
        0,
        3,
        3.336,
        0,
        4,
        0,
        2,
        6,
        0,
        0,
        7,
        3.336,
        0,
        8,
        0
      ]
    },
    {
      "Target": "Parameter",
      "Id": "ShoulderR_Roll",
      "Segments": [
        0,
        0.36,
        1,
        0.6,
        0.868,
        1.2,
        1,
        1.8,
        1,
        0,
        5.6,
        0.076,
        1,
        6.4,
        0.076,
        7.2,
        -0.012,
        8,
        0.36
      ]
    },
    {
      "Target": "Parameter",
      "Id": "ArmR_Roll",
      "Segments": [
        0,
        -0.041,
        1,
        0.6,
        0.27,
        1.2,
        0.45,
        1.8,
        0.45,
        1,
        3.322,
        0.45,
        4.845,
        0.381,
        6.367,
        0.159,
        1,
        6.911,
        0.073,
        7.456,
        -0.14,
        8,
        -0.041
      ]
    },
    {
      "Target": "Parameter",
      "Id": "ShoulderL_Roll",
      "Segments": [
        0,
        -0.368,
        1,
        0.5,
        -0.66,
        1,
        -0.684,
        1.5,
        -0.684,
        0,
        5.733,
        0.1,
        1,
        6.489,
        0.1,
        7.244,
        -0.081,
        8,
        -0.368
      ]
    },
    {
      "Target": "Parameter",
      "Id": "ArmL_Roll",
      "Segments": [
        0,
        -1,
        1,
        0.222,
        -1,
        0.445,
        -0.244,
        0.667,
        0,
        1,
        1.111,
        0.489,
        1.556,
        0.557,
        2,
        0.557,
        0,
        4.567,
        -1,
        2,
        8,
        -1
      ]
    },
    {
      "Target": "Parameter",
      "Id": "ArmR_Sleeve_Move",
      "Segments": [
        0,
        0,
        0,
        1.967,
        11,
        0,
        4.833,
        -30,
        0,
        5.767,
        0,
        0,
        6.533,
        -26,
        0,
        8,
        0
      ]
    },
    {
      "Target": "Parameter",
      "Id": "ArmL_Sleeve_Move",
      "Segments": [
        0,
        0,
        0,
        2.167,
        -30,
        1,
        2.456,
        -30,
        2.744,
        -19.602,
        3.033,
        -8,
        1,
        3.6,
        14.758,
        4.166,
        23,
        4.733,
        23,
        0,
        5.667,
        3,
        0,
        6.5,
        20,
        0,
        7.5,
        -8,
        0,
        8,
        0
      ]
    },
    {
      "Target": "Parameter",
      "Id": "HandR_Roll",
      "Segments": [
        0,
        -0.41,
        0,
        0.633,
        1,
        0,
        4.567,
        -1,
        0,
        5.833,
        1,
        0,
        8,
        -0.41
      ]
    },
    {
      "Target": "Parameter",
      "Id": "HandL_Roll",
      "Segments": [
        0,
        -2.646,
        1,
        0.389,
        -0.576,
        0.778,
        0,
        1.167,
        0,
        0,
        4.4,
        -3,
        2,
        5.5,
        -3,
        0,
        6.233,
        -2,
        1,
        6.822,
        -2,
        7.411,
        -3.391,
        8,
        -2.646
      ]
    },
    {
      "Target": "Parameter",
      "Id": "HandR01_Move",
      "Segments": [
        0,
        3.527,
        1,
        0.722,
        4.696,
        1.445,
        5,
        2.167,
        5,
        0,
        6.833,
        -5,
        0,
        8,
        3.527
      ]
    },
    {
      "Target": "Parameter",
      "Id": "HandL_move",
      "Segments": [
        0,
        5.623,
        1,
        0.211,
        6.87,
        0.422,
        7,
        0.633,
        7,
        1,
        0.811,
        7,
        0.989,
        4.303,
        1.167,
        3,
        1,
        2.067,
        -3.594,
        2.967,
        -6,
        3.867,
        -6,
        1,
        4.6,
        -6,
        5.334,
        -4.12,
        6.067,
        0,
        1,
        6.711,
        3.621,
        7.356,
        5.623,
        8,
        5.623
      ]
    },
    {
      "Target": "Parameter",
      "Id": "BackRibbon_Shaking",
      "Segments": [
        0,
        -4.192,
        1,
        0.111,
        -5.621,
        0.222,
        -5.853,
        0.333,
        -5.853,
        0,
        1.833,
        2,
        0,
        4.233,
        -7,
        0,
        6.167,
        -0.045,
        1,
        6.778,
        -0.045,
        7.389,
        -0.235,
        8,
        -4.192
      ]
    },
    {
      "Target": "PartOpacity",
      "Id": "Part",
      "Segments": [
        0,
        1,
        2,
        8,
        1
      ]
    },
    {
      "Target": "PartOpacity",
      "Id": "Part2",
      "Segments": [
        0,
        1,
        2,
        8,
        1
      ]
    },
    {
      "Target": "PartOpacity",
      "Id": "Part12",
      "Segments": [
        0,
        1,
        2,
        8,
        1
      ]
    },
    {
      "Target": "PartOpacity",
      "Id": "Part4",
      "Segments": [
        0,
        1,
        2,
        8,
        1
      ]
    },
    {
      "Target": "PartOpacity",
      "Id": "Part3",
      "Segments": [
        0,
        1,
        2,
        8,
        1
      ]
    },
    {
      "Target": "PartOpacity",
      "Id": "Part13",
      "Segments": [
        0,
        1,
        2,
        8,
        1
      ]
    },
    {
      "Target": "PartOpacity",
      "Id": "Part22",
      "Segments": [
        0,
        0,
        2,
        8,
        0.02
      ]
    },
    {
      "Target": "PartOpacity",
      "Id": "Part9",
      "Segments": [
        0,
        1,
        2,
        8,
        1
      ]
    },
    {
      "Target": "PartOpacity",
      "Id": "Part17",
      "Segments": [
        0,
        1,
        2,
        8,
        1
      ]
    },
    {
      "Target": "PartOpacity",
      "Id": "Part18",
      "Segments": [
        0,
        0,
        2,
        8,
        0
      ]
    },
    {
      "Target": "PartOpacity",
      "Id": "Part19",
      "Segments": [
        0,
        0,
        2,
        8,
        0
      ]
    },
    {
      "Target": "PartOpacity",
      "Id": "Part23",
      "Segments": [
        0,
        1,
        2,
        8,
        1
      ]
    },
    {
      "Target": "PartOpacity",
      "Id": "Part31",
      "Segments": [
        0,
        0,
        2,
        8,
        0
      ]
    },
    {
      "Target": "PartOpacity",
      "Id": "Part24",
      "Segments": [
        0,
        0,
        2,
        8,
        0
      ]
    },
    {
      "Target": "PartOpacity",
      "Id": "Part8",
      "Segments": [
        0,
        1,
        2,
        8,
        1
      ]
    },
    {
      "Target": "PartOpacity",
      "Id": "Part6",
      "Segments": [
        0,
        1,
        2,
        8,
        1
      ]
    },
    {
      "Target": "PartOpacity",
      "Id": "Part11",
      "Segments": [
        0,
        1,
        2,
        8,
        1
      ]
    },
    {
      "Target": "PartOpacity",
      "Id": "Part5",
      "Segments": [
        0,
        1,
        2,
        8,
        1
      ]
    },
    {
      "Target": "PartOpacity",
      "Id": "Part21",
      "Segments": [
        0,
        0,
        2,
        8,
        0
      ]
    },
    {
      "Target": "PartOpacity",
      "Id": "Part10",
      "Segments": [
        0,
        1,
        2,
        8,
        1
      ]
    },
    {
      "Target": "PartOpacity",
      "Id": "Part14",
      "Segments": [
        0,
        0,
        2,
        8,
        0
      ]
    },
    {
      "Target": "PartOpacity",
      "Id": "Part15",
      "Segments": [
        0,
        0,
        2,
        8,
        0
      ]
    },
    {
      "Target": "PartOpacity",
      "Id": "Part16",
      "Segments": [
        0,
        1,
        2,
        8,
        1
      ]
    },
    {
      "Target": "PartOpacity",
      "Id": "Part7",
      "Segments": [
        0,
        1,
        2,
        8,
        1
      ]
    },
    {
      "Target": "PartOpacity",
      "Id": "Part20",
      "Segments": [
        0,
        1,
        2,
        8,
        1
      ]
    },
    {
      "Target": "Model",
      "Id": "Opacity",
      "Segments": [
        0,
        1,
        0,
        8,
        1
      ]
    },
    {
      "Target": "Parameter",
      "Id": "Param6",
      "Segments": [
        0,
        1,
        0,
        8,
        1
      ]
    },
    {
      "Target": "Parameter",
      "Id": "Param7",
      "Segments": [
        0,
        1,
        0,
        8,
        1
      ]
    },
    {
      "Target": "Parameter",
      "Id": "Param",
      "Segments": [
        0,
        1,
        0,
        8,
        1
      ]
    },
    {
      "Target": "Parameter",
      "Id": "Param2",
      "Segments": [
        0,
        1,
        0,
        8,
        1
      ]
    },
    {
      "Target": "Parameter",
      "Id": "Param3",
      "Segments": [
        0,
        1,
        0,
        8,
        1
      ]
    },
    {
      "Target": "Parameter",
      "Id": "Param4",
      "Segments": [
        0,
        1,
        0,
        8,
        1
      ]
    },
    {
      "Target": "Parameter",
      "Id": "Param5",
      "Segments": [
        0,
        1,
        0,
        8,
        1
      ]
    },
    {
      "Target": "Parameter",
      "Id": "Param8",
      "Segments": [
        0,
        1,
        0,
        8,
        1
      ]
    },
    {
      "Target": "Parameter",
      "Id": "Param9",
      "Segments": [
        0,
        1,
        0,
        8,
        1
      ]
    },
    {
      "Target": "Parameter",
      "Id": "BodyY",
      "Segments": [
        0,
        0,
        0,
        8,
        0
      ]
    },
    {
      "Target": "Parameter",
      "Id": "Body_Pose1",
      "Segments": [
        0,
        0,
        0,
        8,
        0
      ]
    },
    {
      "Target": "Parameter",
      "Id": "Skirt_Roll",
      "Segments": [
        0,
        0,
        0,
        8,
        0
      ]
    },
    {
      "Target": "Parameter",
      "Id": "HeadY",
      "Segments": [
        0,
        0,
        0,
        8,
        0
      ]
    },
    {
      "Target": "Parameter",
      "Id": "EyeBall_Size",
      "Segments": [
        0,
        0,
        0,
        8,
        0
      ]
    },
    {
      "Target": "Parameter",
      "Id": "EyeL_Open",
      "Segments": [
        0,
        1,
        0,
        8,
        1
      ]
    },
    {
      "Target": "Parameter",
      "Id": "EyeL_Smile",
      "Segments": [
        0,
        0,
        0,
        8,
        0
      ]
    },
    {
      "Target": "Parameter",
      "Id": "EyeR_Open",
      "Segments": [
        0,
        1,
        0,
        8,
        1
      ]
    },
    {
      "Target": "Parameter",
      "Id": "EyeR_Smile",
      "Segments": [
        0,
        0,
        0,
        8,
        0
      ]
    },
    {
      "Target": "Parameter",
      "Id": "BrowL_Angle",
      "Segments": [
        0,
        0,
        0,
        8,
        0
      ]
    },
    {
      "Target": "Parameter",
      "Id": "BrowR_Angle",
      "Segments": [
        0,
        0,
        0,
        8,
        0
      ]
    },
    {
      "Target": "Parameter",
      "Id": "BrowL_Form",
      "Segments": [
        0,
        0,
        0,
        8,
        0
      ]
    },
    {
      "Target": "Parameter",
      "Id": "BrowR_Form",
      "Segments": [
        0,
        0,
        0,
        8,
        0
      ]
    },
    {
      "Target": "Parameter",
      "Id": "EyeY",
      "Segments": [
        0,
        0,
        0,
        8,
        0
      ]
    },
    {
      "Target": "Parameter",
      "Id": "MouthY",
      "Segments": [
        0,
        0,
        0,
        8,
        0
      ]
    },
    {
      "Target": "Parameter",
      "Id": "Mouth_Open",
      "Segments": [
        0,
        1,
        0,
        8,
        1
      ]
    },
    {
      "Target": "Parameter",
      "Id": "Mouth_Size",
      "Segments": [
        0,
        1,
        0,
        8,
        1
      ]
    },
    {
      "Target": "Parameter",
      "Id": "ArmR_Form",
      "Segments": [
        0,
        0,
        0,
        8,
        0
      ]
    },
    {
      "Target": "Parameter",
      "Id": "ArmL_Form",
      "Segments": [
        0,
        0,
        0,
        8,
        0
      ]
    },
    {
      "Target": "Parameter",
      "Id": "ArmL_Sup_Form2",
      "Segments": [
        0,
        0,
        0,
        8,
        0
      ]
    },
    {
      "Target": "Parameter",
      "Id": "ArmR_Sup_Form",
      "Segments": [
        0,
        0,
        0,
        8,
        0
      ]
    },
    {
      "Target": "Parameter",
      "Id": "ArmL_Sup_Form",
      "Segments": [
        0,
        0,
        0,
        8,
        0
      ]
    },
    {
      "Target": "Parameter",
      "Id": "HandR03_move",
      "Segments": [
        0,
        0,
        0,
        8,
        0
      ]
    },
    {
      "Target": "Parameter",
      "Id": "Leg_L",
      "Segments": [
        0,
        0,
        0,
        8,
        0
      ]
    },
    {
      "Target": "Parameter",
      "Id": "Leg_R",
      "Segments": [
        0,
        0,
        0,
        8,
        0
      ]
    },
    {
      "Target": "PartOpacity",
      "Id": "Part56",
      "Segments": [
        0,
        1,
        0,
        8,
        1
      ]
    },
    {
      "Target": "PartOpacity",
      "Id": "Part32",
      "Segments": [
        0,
        1,
        0,
        8,
        1
      ]
    },
    {
      "Target": "PartOpacity",
      "Id": "Part33",
      "Segments": [
        0,
        1,
        0,
        8,
        1
      ]
    },
    {
      "Target": "PartOpacity",
      "Id": "Part35",
      "Segments": [
        0,
        1,
        0,
        8,
        1
      ]
    },
    {
      "Target": "PartOpacity",
      "Id": "Part28",
      "Segments": [
        0,
        1,
        0,
        8,
        1
      ]
    },
    {
      "Target": "PartOpacity",
      "Id": "Part55",
      "Segments": [
        0,
        1,
        0,
        8,
        1
      ]
    },
    {
      "Target": "PartOpacity",
      "Id": "Part36",
      "Segments": [
        0,
        1,
        0,
        8,
        1
      ]
    },
    {
      "Target": "PartOpacity",
      "Id": "Part27",
      "Segments": [
        0,
        1,
        0,
        8,
        1
      ]
    },
    {
      "Target": "PartOpacity",
      "Id": "Part25",
      "Segments": [
        0,
        0,
        0,
        8,
        0
      ]
    },
    {
      "Target": "PartOpacity",
      "Id": "Part26",
      "Segments": [
        0,
        1,
        0,
        8,
        1
      ]
    },
    {
      "Target": "PartOpacity",
      "Id": "Part45",
      "Segments": [
        0,
        1,
        0,
        8,
        1
      ]
    },
    {
      "Target": "PartOpacity",
      "Id": "Part29",
      "Segments": [
        0,
        1,
        0,
        8,
        1
      ]
    },
    {
      "Target": "PartOpacity",
      "Id": "Part51",
      "Segments": [
        0,
        1,
        0,
        8,
        1
      ]
    },
    {
      "Target": "PartOpacity",
      "Id": "Part52",
      "Segments": [
        0,
        1,
        0,
        8,
        1
      ]
    }
  ],
  "UserData": [
    {
      "Time": 0.0,
      "Value": ""
    }
  ]
}