{
  "Version": 3,
  "Meta": {
    "Duration": 1.17,
    "Fps": 30.0,
    "Loop": true,
    "AreBeziersRestricted": true,
    "CurveCount": 106,
    "TotalSegmentCount": 145,
    "TotalPointCount": 145,
    "UserDataCount": 1,
    "TotalUserDataSize": 0
  },
  "Curves": [
    {
      "Target": "Parameter",
      "Id": "Body_Twist",
      "Segments": [
        0,
        -4.94,
        0,
        1.167,
        -13
      ]
    },
    {
      "Target": "Parameter",
      "Id": "Frill_Shaking",
      "Segments": [
        0,
        14,
        0,
        1.167,
        -7
      ]
    },
    {
      "Target": "Parameter",
      "Id": "Ribbon_Shaking",
      "Segments": [
        0,
        11,
        0,
        1.167,
        -7
      ]
    },
    {
      "Target": "Parameter",
      "Id": "BodyFrill_Shaking",
      "Segments": [
        0,
        10,
        0,
        1.167,
        6
      ]
    },
    {
      "Target": "Parameter",
      "Id": "Body_Shaking",
      "Segments": [
        0,
        -5.536,
        0,
        1.167,
        2
      ]
    },
    {
      "Target": "Parameter",
      "Id": "BodyY",
      "Segments": [
        0,
        -4.754,
        0,
        0.5,
        11,
        0,
        1.167,
        0
      ]
    },
    {
      "Target": "Parameter",
      "Id": "Body_Pose1",
      "Segments": [
        0,
        0,
        0,
        0.5,
        3,
        0,
        1.167,
        0
      ]
    },
    {
      "Target": "Parameter",
      "Id": "Skirt_Shaking",
      "Segments": [
        0,
        -3.762,
        0,
        1.167,
        0
      ]
    },
    {
      "Target": "Parameter",
      "Id": "Skirt_Roll",
      "Segments": [
        0,
        -1.4,
        0,
        1.167,
        0
      ]
    },
    {
      "Target": "Parameter",
      "Id": "SkirtFrill_Shaking",
      "Segments": [
        0,
        0,
        0,
        1.167,
        -9
      ]
    },
    {
      "Target": "Parameter",
      "Id": "Head_AngleX",
      "Segments": [
        0,
        -2.654,
        0,
        1.167,
        -3
      ]
    },
    {
      "Target": "Parameter",
      "Id": "Head_AngleY",
      "Segments": [
        0,
        6.764,
        0,
        1.167,
        -1
      ]
    },
    {
      "Target": "Parameter",
      "Id": "Head_Roll",
      "Segments": [
        0,
        9,
        0,
        1.167,
        -4.587
      ]
    },
    {
      "Target": "Parameter",
      "Id": "HeadY",
      "Segments": [
        0,
        -30,
        0,
        1.167,
        0
      ]
    },
    {
      "Target": "Parameter",
      "Id": "EyeBallX",
      "Segments": [
        0,
        0,
        0,
        0.333,
        0.2,
        2,
        1.167,
        0.2
      ]
    },
    {
      "Target": "Parameter",
      "Id": "EyeBallY",
      "Segments": [
        0,
        -0.3,
        0,
        0.333,
        0,
        2,
        1.167,
        0
      ]
    },
    {
      "Target": "Parameter",
      "Id": "EyeL_Open",
      "Segments": [
        0,
        0,
        0,
        0.333,
        1,
        2,
        1.167,
        1
      ]
    },
    {
      "Target": "Parameter",
      "Id": "EyeL_Smile",
      "Segments": [
        0,
        -1,
        0,
        0.333,
        0,
        2,
        1.167,
        0
      ]
    },
    {
      "Target": "Parameter",
      "Id": "EyeR_Open",
      "Segments": [
        0,
        0,
        0,
        0.333,
        1,
        2,
        1.167,
        1
      ]
    },
    {
      "Target": "Parameter",
      "Id": "EyeR_Smile",
      "Segments": [
        0,
        -1,
        0,
        0.333,
        0,
        2,
        1.167,
        0
      ]
    },
    {
      "Target": "Parameter",
      "Id": "BrowLY",
      "Segments": [
        0,
        -1.5,
        0,
        0.333,
        -0.3,
        2,
        1.167,
        -0.3
      ]
    },
    {
      "Target": "Parameter",
      "Id": "BrowRY",
      "Segments": [
        0,
        -1.5,
        0,
        0.333,
        -0.363,
        2,
        1.167,
        -0.363
      ]
    },
    {
      "Target": "Parameter",
      "Id": "BrowL_Angle",
      "Segments": [
        0,
        0.507,
        0,
        0.333,
        0.277,
        2,
        1.167,
        0.277
      ]
    },
    {
      "Target": "Parameter",
      "Id": "BrowR_Angle",
      "Segments": [
        0,
        0.507,
        0,
        0.333,
        0.281,
        2,
        1.167,
        0.281
      ]
    },
    {
      "Target": "Parameter",
      "Id": "BrowL_Form",
      "Segments": [
        0,
        -0.063,
        0,
        0.333,
        -0.3,
        2,
        1.167,
        -0.3
      ]
    },
    {
      "Target": "Parameter",
      "Id": "BrowR_Form",
      "Segments": [
        0,
        -0.263,
        0,
        0.333,
        -0.4,
        2,
        1.167,
        -0.4
      ]
    },
    {
      "Target": "Parameter",
      "Id": "MouthY",
      "Segments": [
        0,
        30,
        0,
        0.667,
        0,
        2,
        1.167,
        0
      ]
    },
    {
      "Target": "Parameter",
      "Id": "Mouth_Form",
      "Segments": [
        0,
        0,
        0,
        0.667,
        -0.8,
        2,
        1.167,
        -0.8
      ]
    },
    {
      "Target": "Parameter",
      "Id": "Mouth_Open",
      "Segments": [
        0,
        1,
        0,
        0.667,
        0.5,
        2,
        1.167,
        0.5
      ]
    },
    {
      "Target": "Parameter",
      "Id": "Mouth_Size",
      "Segments": [
        0,
        1,
        0,
        0.667,
        0.8,
        2,
        1.167,
        0.8
      ]
    },
    {
      "Target": "Parameter",
      "Id": "HairFront_Shaking",
      "Segments": [
        0,
        0.483,
        0,
        1.167,
        0.179
      ]
    },
    {
      "Target": "Parameter",
      "Id": "HairSide_Shaking",
      "Segments": [
        0,
        0.2,
        0,
        1.167,
        0.107
      ]
    },
    {
      "Target": "Parameter",
      "Id": "HairBack_Shaking",
      "Segments": [
        0,
        0.161,
        0,
        1.167,
        0.031
      ]
    },
    {
      "Target": "Parameter",
      "Id": "Shoulder_Move",
      "Segments": [
        0,
        29.418,
        0,
        1.167,
        0
      ]
    },
    {
      "Target": "Parameter",
      "Id": "ShoulderR_Roll",
      "Segments": [
        0,
        -2.041,
        0,
        0.767,
        -3,
        0,
        1.167,
        0.36
      ]
    },
    {
      "Target": "Parameter",
      "Id": "ArmR_Roll",
      "Segments": [
        0,
        36.862,
        0,
        0.967,
        -4.25,
        0,
        1.167,
        -0.041
      ]
    },
    {
      "Target": "Parameter",
      "Id": "ShoulderL_Roll",
      "Segments": [
        0,
        -7.679,
        0,
        0.767,
        1.6,
        0,
        1.167,
        -0.368
      ]
    },
    {
      "Target": "Parameter",
      "Id": "ArmL_Roll",
      "Segments": [
        0,
        33.762,
        0,
        0.967,
        -1.966,
        0,
        1.167,
        -1
      ]
    },
    {
      "Target": "Parameter",
      "Id": "ArmL_Sleeve_Move",
      "Segments": [
        0,
        15,
        0,
        1.167,
        0
      ]
    },
    {
      "Target": "Parameter",
      "Id": "ArmR_Form",
      "Segments": [
        0,
        0.3,
        0,
        1.167,
        0
      ]
    },
    {
      "Target": "Parameter",
      "Id": "ArmL_Form",
      "Segments": [
        0,
        0.3,
        0,
        1.167,
        0
      ]
    },
    {
      "Target": "Parameter",
      "Id": "ArmR_Sup_Form",
      "Segments": [
        0,
        1,
        0,
        1.167,
        0
      ]
    },
    {
      "Target": "Parameter",
      "Id": "ArmL_Sup_Form",
      "Segments": [
        0,
        1,
        0,
        1.167,
        0
      ]
    },
    {
      "Target": "Parameter",
      "Id": "HandR_Roll",
      "Segments": [
        0,
        10.287,
        0,
        1.167,
        -0.41
      ]
    },
    {
      "Target": "Parameter",
      "Id": "HandL_Roll",
      "Segments": [
        0,
        -12.285,
        0,
        1.167,
        -2.646
      ]
    },
    {
      "Target": "Parameter",
      "Id": "HandR01_Move",
      "Segments": [
        0,
        0,
        0,
        1.167,
        3.527
      ]
    },
    {
      "Target": "Parameter",
      "Id": "HandL_move",
      "Segments": [
        0,
        0,
        0,
        1.167,
        5.623
      ]
    },
    {
      "Target": "Parameter",
      "Id": "Leg_L",
      "Segments": [
        0,
        25,
        0,
        1.167,
        0
      ]
    },
    {
      "Target": "Parameter",
      "Id": "Leg_R",
      "Segments": [
        0,
        -15,
        0,
        1.167,
        0
      ]
    },
    {
      "Target": "Parameter",
      "Id": "BackRibbon_Shaking",
      "Segments": [
        0,
        0,
        0,
        1.167,
        -4.192
      ]
    },
    {
      "Target": "PartOpacity",
      "Id": "Part",
      "Segments": [
        0,
        1,
        2,
        1.17,
        1
      ]
    },
    {
      "Target": "PartOpacity",
      "Id": "Part2",
      "Segments": [
        0,
        1,
        2,
        1.17,
        1
      ]
    },
    {
      "Target": "PartOpacity",
      "Id": "Part12",
      "Segments": [
        0,
        1,
        2,
        1.17,
        1
      ]
    },
    {
      "Target": "PartOpacity",
      "Id": "Part4",
      "Segments": [
        0,
        1,
        2,
        1.17,
        1
      ]
    },
    {
      "Target": "PartOpacity",
      "Id": "Part3",
      "Segments": [
        0,
        1,
        2,
        1.17,
        1
      ]
    },
    {
      "Target": "PartOpacity",
      "Id": "Part13",
      "Segments": [
        0,
        1,
        2,
        1.17,
        1
      ]
    },
    {
      "Target": "PartOpacity",
      "Id": "Part22",
      "Segments": [
        0,
        1,
        2,
        0.37,
        1,
        0,
        0.47,
        0,
        2,
        1.17,
        0
      ]
    },
    {
      "Target": "PartOpacity",
      "Id": "Part9",
      "Segments": [
        0,
        1,
        2,
        0.37,
        1,
        2,
        0.47,
        1,
        2,
        1.17,
        1
      ]
    },
    {
      "Target": "PartOpacity",
      "Id": "Part17",
      "Segments": [
        0,
        0,
        2,
        0.73,
        1,
        2,
        1.17,
        1
      ]
    },
    {
      "Target": "PartOpacity",
      "Id": "Part18",
      "Segments": [
        0,
        0,
        2,
        0.4,
        1,
        2,
        0.73,
        1,
        0,
        0.8,
        0,
        2,
        1.17,
        0
      ]
    },
    {
      "Target": "PartOpacity",
      "Id": "Part19",
      "Segments": [
        0,
        0,
        2,
        1.17,
        0
      ]
    },
    {
      "Target": "PartOpacity",
      "Id": "Part23",
      "Segments": [
        0,
        1,
        2,
        1.17,
        1
      ]
    },
    {
      "Target": "PartOpacity",
      "Id": "Part31",
      "Segments": [
        0,
        1,
        2,
        0.37,
        1,
        0,
        0.47,
        0,
        2,
        1.17,
        0
      ]
    },
    {
      "Target": "PartOpacity",
      "Id": "Part24",
      "Segments": [
        0,
        0,
        2,
        0.37,
        1,
        2,
        0.73,
        1,
        0,
        0.8,
        0,
        2,
        1.17,
        0
      ]
    },
    {
      "Target": "PartOpacity",
      "Id": "Part26",
      "Segments": [
        0,
        1,
        2,
        1.17,
        1
      ]
    },
    {
      "Target": "PartOpacity",
      "Id": "Part8",
      "Segments": [
        0,
        1,
        2,
        1.17,
        1
      ]
    },
    {
      "Target": "PartOpacity",
      "Id": "Part6",
      "Segments": [
        0,
        1,
        2,
        1.17,
        1
      ]
    },
    {
      "Target": "PartOpacity",
      "Id": "Part11",
      "Segments": [
        0,
        1,
        2,
        1.17,
        1
      ]
    },
    {
      "Target": "PartOpacity",
      "Id": "Part5",
      "Segments": [
        0,
        1,
        2,
        1.17,
        1
      ]
    },
    {
      "Target": "PartOpacity",
      "Id": "Part21",
      "Segments": [
        0,
        0,
        2,
        1.17,
        0
      ]
    },
    {
      "Target": "PartOpacity",
      "Id": "Part10",
      "Segments": [
        0,
        1,
        2,
        0.73,
        1,
        3,
        0.8,
        1,
        2,
        1.17,
        1
      ]
    },
    {
      "Target": "PartOpacity",
      "Id": "Part14",
      "Segments": [
        0,
        0,
        2,
        1.17,
        0
      ]
    },
    {
      "Target": "PartOpacity",
      "Id": "Part15",
      "Segments": [
        0,
        0,
        2,
        1.17,
        0
      ]
    },
    {
      "Target": "PartOpacity",
      "Id": "Part16",
      "Segments": [
        0,
        0,
        2,
        0.73,
        1,
        2,
        1.17,
        1
      ]
    },
    {
      "Target": "PartOpacity",
      "Id": "Part7",
      "Segments": [
        0,
        1,
        2,
        1.17,
        1
      ]
    },
    {
      "Target": "PartOpacity",
      "Id": "Part20",
      "Segments": [
        0,
        1,
        2,
        1.17,
        1
      ]
    },
    {
      "Target": "Model",
      "Id": "Opacity",
      "Segments": [
        0,
        1,
        0,
        1.17,
        1
      ]
    },
    {
      "Target": "Parameter",
      "Id": "Param6",
      "Segments": [
        0,
        1,
        0,
        1.17,
        1
      ]
    },
    {
      "Target": "Parameter",
      "Id": "Param7",
      "Segments": [
        0,
        1,
        0,
        1.17,
        1
      ]
    },
    {
      "Target": "Parameter",
      "Id": "Param",
      "Segments": [
        0,
        1,
        0,
        1.17,
        1
      ]
    },
    {
      "Target": "Parameter",
      "Id": "Param2",
      "Segments": [
        0,
        1,
        0,
        1.17,
        1
      ]
    },
    {
      "Target": "Parameter",
      "Id": "Param3",
      "Segments": [
        0,
        1,
        0,
        1.17,
        1
      ]
    },
    {
      "Target": "Parameter",
      "Id": "Param4",
      "Segments": [
        0,
        1,
        0,
        1.17,
        1
      ]
    },
    {
      "Target": "Parameter",
      "Id": "Param5",
      "Segments": [
        0,
        1,
        0,
        1.17,
        1
      ]
    },
    {
      "Target": "Parameter",
      "Id": "Param8",
      "Segments": [
        0,
        1,
        0,
        1.17,
        1
      ]
    },
    {
      "Target": "Parameter",
      "Id": "Param9",
      "Segments": [
        0,
        1,
        0,
        1.17,
        1
      ]
    },
    {
      "Target": "Parameter",
      "Id": "Breath",
      "Segments": [
        0,
        0,
        0,
        1.17,
        0
      ]
    },
    {
      "Target": "Parameter",
      "Id": "EyeBall_Size",
      "Segments": [
        0,
        0,
        0,
        1.17,
        0
      ]
    },
    {
      "Target": "Parameter",
      "Id": "EyeY",
      "Segments": [
        0,
        0,
        0,
        1.17,
        0
      ]
    },
    {
      "Target": "Parameter",
      "Id": "ArmR_Sleeve_Move",
      "Segments": [
        0,
        0,
        0,
        1.17,
        0
      ]
    },
    {
      "Target": "Parameter",
      "Id": "ArmL_Sup_Form2",
      "Segments": [
        0,
        0,
        0,
        1.17,
        0
      ]
    },
    {
      "Target": "Parameter",
      "Id": "HandR03_move",
      "Segments": [
        0,
        0,
        0,
        1.17,
        0
      ]
    },
    {
      "Target": "PartOpacity",
      "Id": "Part56",
      "Segments": [
        0,
        1,
        0,
        1.17,
        1
      ]
    },
    {
      "Target": "PartOpacity",
      "Id": "Part32",
      "Segments": [
        0,
        1,
        0,
        1.17,
        1
      ]
    },
    {
      "Target": "PartOpacity",
      "Id": "Part33",
      "Segments": [
        0,
        1,
        0,
        1.17,
        1
      ]
    },
    {
      "Target": "PartOpacity",
      "Id": "Part35",
      "Segments": [
        0,
        1,
        0,
        1.17,
        1
      ]
    },
    {
      "Target": "PartOpacity",
      "Id": "Part28",
      "Segments": [
        0,
        1,
        0,
        1.17,
        1
      ]
    },
    {
      "Target": "PartOpacity",
      "Id": "Part55",
      "Segments": [
        0,
        1,
        0,
        1.17,
        1
      ]
    },
    {
      "Target": "PartOpacity",
      "Id": "Part36",
      "Segments": [
        0,
        1,
        0,
        1.17,
        1
      ]
    },
    {
      "Target": "PartOpacity",
      "Id": "Part27",
      "Segments": [
        0,
        1,
        0,
        1.17,
        1
      ]
    },
    {
      "Target": "PartOpacity",
      "Id": "Part25",
      "Segments": [
        0,
        0,
        0,
        1.17,
        0
      ]
    },
    {
      "Target": "PartOpacity",
      "Id": "Part38",
      "Segments": [
        0,
        1,
        0,
        1.17,
        1
      ]
    },
    {
      "Target": "PartOpacity",
      "Id": "Part37",
      "Segments": [
        0,
        0,
        0,
        1.17,
        0
      ]
    },
    {
      "Target": "PartOpacity",
      "Id": "Part45",
      "Segments": [
        0,
        1,
        0,
        1.17,
        1
      ]
    },
    {
      "Target": "PartOpacity",
      "Id": "Part51",
      "Segments": [
        0,
        1,
        0,
        1.17,
        1
      ]
    },
    {
      "Target": "PartOpacity",
      "Id": "Part52",
      "Segments": [
        0,
        1,
        0,
        1.17,
        1
      ]
    }
  ],
  "UserData": [
    {
      "Time": 0.0,
      "Value": ""
    }
  ]
}