{
  "Version": 3,
  "Meta": {
    "Duration": 8.0,
    "Fps": 30.0,
    "Loop": true,
    "AreBeziersRestricted": true,
    "CurveCount": 104,
    "TotalSegmentCount": 232,
    "TotalPointCount": 338,
    "UserDataCount": 1,
    "TotalUserDataSize": 0
  },
  "Curves": [
    {
      "Target": "Parameter",
      "Id": "Body_Twist",
      "Segments": [
        0,
        -20.409,
        0,
        1.633,
        -25.409,
        0,
        3.733,
        -9.409,
        0,
        5.8,
        -25.409,
        0,
        8,
        -20.409
      ]
    },
    {
      "Target": "Parameter",
      "Id": "Frill_Shaking",
      "Segments": [
        0,
        0,
        1,
        0.6,
        -13.544,
        1.2,
        -19,
        1.8,
        -19,
        0,
        3.9,
        18,
        0,
        5.967,
        -19,
        1,
        6.645,
        -19,
        7.322,
        6.757,
        8,
        0
      ]
    },
    {
      "Target": "Parameter",
      "Id": "Ribbon_Shaking",
      "Segments": [
        0,
        0,
        1,
        0.6,
        -15.5,
        1.2,
        -22,
        1.8,
        -22,
        0,
        3.9,
        22,
        0,
        5.967,
        -25,
        1,
        6.645,
        -25,
        7.322,
        7.27,
        8,
        0
      ]
    },
    {
      "Target": "Parameter",
      "Id": "BodyFrill_Shaking",
      "Segments": [
        0,
        0,
        1,
        0.6,
        12.987,
        1.2,
        18,
        1.8,
        18,
        0,
        3.9,
        -17,
        0,
        5.967,
        12,
        1,
        6.645,
        12,
        7.322,
        -7.13,
        8,
        0
      ]
    },
    {
      "Target": "Parameter",
      "Id": "Body_Shaking",
      "Segments": [
        0,
        -4.221,
        1,
        0.478,
        -5.602,
        0.955,
        -6,
        1.433,
        -6,
        0,
        3.4,
        0,
        0,
        5.167,
        -6,
        0,
        6.9,
        -3,
        1,
        7.267,
        -3,
        7.633,
        -2.974,
        8,
        -4.221
      ]
    },
    {
      "Target": "Parameter",
      "Id": "BodyY",
      "Segments": [
        0,
        0.491,
        1,
        0.333,
        1.519,
        0.667,
        2,
        1,
        2,
        0,
        4.7,
        0.907,
        0,
        5.433,
        -2.346,
        0,
        5.933,
        0,
        1,
        6.622,
        0,
        7.311,
        -0.201,
        8,
        0.491
      ]
    },
    {
      "Target": "Parameter",
      "Id": "Body_Pose1",
      "Segments": [
        0,
        19.44,
        1,
        0.444,
        18.881,
        0.889,
        18.653,
        1.333,
        18,
        1,
        2.033,
        16.972,
        2.733,
        16,
        3.433,
        16,
        0,
        5.233,
        18,
        0,
        7,
        16,
        1,
        7.333,
        16,
        7.667,
        19.383,
        8,
        19.44
      ]
    },
    {
      "Target": "Parameter",
      "Id": "Breath",
      "Segments": [
        0,
        0,
        0,
        1.5,
        1,
        0,
        3.6,
        0,
        0,
        5.467,
        1,
        0,
        8,
        0
      ]
    },
    {
      "Target": "Parameter",
      "Id": "Skirt_Shaking",
      "Segments": [
        0,
        0,
        1,
        0.244,
        -1.278,
        0.489,
        -2.16,
        0.733,
        -2.16,
        0,
        2.1,
        0,
        2,
        3.233,
        0,
        0,
        4.233,
        -3,
        0,
        6.5,
        4.704,
        1,
        7,
        4.704,
        7.5,
        2.496,
        8,
        0
      ]
    },
    {
      "Target": "Parameter",
      "Id": "Skirt_Roll",
      "Segments": [
        0,
        -4.372,
        1,
        0.233,
        -8.034,
        0.467,
        -8,
        0.7,
        -8,
        0,
        2.533,
        1.657,
        0,
        4.267,
        -1.885,
        0,
        6.5,
        1.657,
        1,
        7,
        1.657,
        7.5,
        0.314,
        8,
        -4.372
      ]
    },
    {
      "Target": "Parameter",
      "Id": "SkirtFrill_Shaking",
      "Segments": [
        0,
        -9,
        1,
        0.278,
        -23.299,
        0.555,
        -26,
        0.833,
        -26,
        0,
        2.7,
        5,
        0,
        4.433,
        -13,
        0,
        6.667,
        5,
        1,
        7.111,
        5,
        7.556,
        1.252,
        8,
        -9
      ]
    },
    {
      "Target": "Parameter",
      "Id": "Head_AngleX",
      "Segments": [
        0,
        -4,
        1,
        0.222,
        -3.26,
        0.445,
        -3.073,
        0.667,
        -2,
        1,
        0.922,
        -0.766,
        1.178,
        2.731,
        1.433,
        6,
        1,
        1.666,
        8.985,
        1.9,
        12,
        2.133,
        12,
        1,
        2.7,
        12,
        3.266,
        7.575,
        3.833,
        0.186,
        1,
        4.078,
        -3.001,
        4.322,
        -4,
        4.567,
        -4,
        1,
        4.834,
        -4,
        5.1,
        -3.93,
        5.367,
        -3,
        1,
        5.8,
        -1.488,
        6.234,
        0,
        6.667,
        0,
        0,
        8,
        -4
      ]
    },
    {
      "Target": "Parameter",
      "Id": "Head_AngleY",
      "Segments": [
        0,
        -4,
        1,
        0.222,
        -1.694,
        0.445,
        1.116,
        0.667,
        2,
        1,
        0.922,
        3.017,
        1.178,
        3.03,
        1.433,
        3.03,
        0,
        2.133,
        -18.579,
        1,
        2.7,
        -18.579,
        3.266,
        -11.308,
        3.833,
        -1.98,
        1,
        4.078,
        2.044,
        4.322,
        2.483,
        4.567,
        2.483,
        0,
        5.367,
        -15.862,
        0,
        6.667,
        -2,
        0,
        8,
        -4
      ]
    },
    {
      "Target": "Parameter",
      "Id": "Head_Roll",
      "Segments": [
        0,
        -17,
        0,
        0.667,
        -18.96,
        1,
        0.922,
        -18.96,
        1.178,
        -5.286,
        1.433,
        3,
        1,
        1.666,
        10.565,
        1.9,
        11,
        2.133,
        11,
        1,
        2.7,
        11,
        3.266,
        7.036,
        3.833,
        0.723,
        1,
        4.344,
        -4.971,
        4.856,
        -13.871,
        5.367,
        -15,
        1,
        6.245,
        -16.938,
        7.122,
        -17,
        8,
        -17
      ]
    },
    {
      "Target": "Parameter",
      "Id": "EyeBallX",
      "Segments": [
        0,
        0.1,
        2,
        1,
        0.1,
        0,
        1.433,
        0,
        2,
        2.133,
        0,
        1,
        2.7,
        0,
        3.266,
        0.02,
        3.833,
        0.1,
        1,
        4.078,
        0.135,
        4.322,
        0.2,
        4.567,
        0.2,
        0,
        6.667,
        0,
        0,
        8,
        0.1
      ]
    },
    {
      "Target": "Parameter",
      "Id": "EyeBallY",
      "Segments": [
        0,
        0,
        2,
        1,
        0,
        0,
        1.433,
        -0.1,
        0,
        2.133,
        0,
        0,
        3.833,
        -0.1,
        2,
        4.567,
        -0.1,
        0,
        6.667,
        0,
        2,
        8,
        0
      ]
    },
    {
      "Target": "Parameter",
      "Id": "Mouth_Form",
      "Segments": [
        0,
        -0.8,
        1,
        0.389,
        -0.748,
        0.778,
        -0.757,
        1.167,
        -0.7,
        1,
        1.556,
        -0.643,
        1.944,
        -0.4,
        2.333,
        -0.4,
        0,
        4.8,
        -1,
        0,
        6.333,
        -0.745,
        0,
        8,
        -0.8
      ]
    },
    {
      "Target": "Parameter",
      "Id": "HairFront_Shaking",
      "Segments": [
        0,
        0,
        0,
        0.567,
        -0.2,
        1,
        0.778,
        -0.2,
        0.989,
        -0.007,
        1.2,
        0.2,
        1,
        1.533,
        0.527,
        1.867,
        0.63,
        2.2,
        0.63,
        0,
        3.133,
        0,
        0,
        4.1,
        0.576,
        0,
        5.7,
        -0.198,
        0,
        6.433,
        0.4,
        0,
        8,
        0
      ]
    },
    {
      "Target": "Parameter",
      "Id": "HairSide_Shaking",
      "Segments": [
        0,
        0,
        0,
        0.6,
        -0.3,
        1,
        0.822,
        -0.3,
        1.045,
        -0.308,
        1.267,
        -0.201,
        1,
        1.545,
        -0.067,
        1.822,
        0.2,
        2.1,
        0.2,
        0,
        3.167,
        0,
        0,
        4.1,
        0.6,
        0,
        5.7,
        0.1,
        0,
        6.433,
        0.3,
        0,
        8,
        0
      ]
    },
    {
      "Target": "Parameter",
      "Id": "HairBack_Shaking",
      "Segments": [
        0,
        0,
        0,
        0.6,
        -0.6,
        1,
        0.822,
        -0.6,
        1.045,
        -0.569,
        1.267,
        -0.2,
        1,
        1.545,
        0.261,
        1.822,
        0.8,
        2.1,
        0.8,
        0,
        3.167,
        -0.3,
        0,
        4.1,
        0.6,
        0,
        5.7,
        -0.3,
        0,
        6.433,
        0.1,
        0,
        8,
        0
      ]
    },
    {
      "Target": "Parameter",
      "Id": "Shoulder_Move",
      "Segments": [
        0,
        24.026,
        1,
        0.389,
        28.088,
        0.778,
        30,
        1.167,
        30,
        0,
        3.1,
        11,
        0,
        4.633,
        30,
        0,
        6.767,
        12,
        1,
        7.178,
        12,
        7.589,
        16.93,
        8,
        24.026
      ]
    },
    {
      "Target": "Parameter",
      "Id": "ShoulderR_Roll",
      "Segments": [
        0,
        -18.436,
        2,
        1.633,
        -18.436,
        0,
        3.733,
        -19.39,
        0,
        8,
        -18.436
      ]
    },
    {
      "Target": "Parameter",
      "Id": "ArmR_Roll",
      "Segments": [
        0,
        23.264,
        2,
        1.633,
        23.264,
        0,
        3.733,
        24.264,
        0,
        8,
        23.264
      ]
    },
    {
      "Target": "Parameter",
      "Id": "ShoulderL_Roll",
      "Segments": [
        0,
        20.375,
        0,
        3.733,
        21.327,
        0,
        8,
        20.375
      ]
    },
    {
      "Target": "Parameter",
      "Id": "ArmL_Roll",
      "Segments": [
        0,
        23.985,
        2,
        1.633,
        23.985,
        0,
        3.733,
        24.485,
        0,
        8,
        23.985
      ]
    },
    {
      "Target": "Parameter",
      "Id": "ArmR_Sleeve_Move",
      "Segments": [
        0,
        -12,
        1,
        0.444,
        -24.377,
        0.889,
        -28,
        1.333,
        -28,
        0,
        3.267,
        8,
        0,
        4.8,
        -22,
        0,
        6.933,
        13.383,
        1,
        7.289,
        13.383,
        7.644,
        4.978,
        8,
        0
      ]
    },
    {
      "Target": "Parameter",
      "Id": "ArmL_Sleeve_Move",
      "Segments": [
        0,
        13,
        1,
        0.444,
        23.984,
        0.889,
        27,
        1.333,
        27,
        0,
        3.267,
        -15,
        0,
        4.8,
        15,
        0,
        6.933,
        -13,
        1,
        7.289,
        -13,
        7.644,
        2.478,
        8,
        13
      ]
    },
    {
      "Target": "Parameter",
      "Id": "HandR_Roll",
      "Segments": [
        0,
        -25.737,
        0,
        1.633,
        -27.737,
        0,
        3.733,
        -25.737,
        0,
        5.1,
        -27.737,
        2,
        6.667,
        -27.737,
        0,
        8,
        -25.737
      ]
    },
    {
      "Target": "Parameter",
      "Id": "HandL_Roll",
      "Segments": [
        0,
        28,
        0,
        1.633,
        24,
        0,
        3.733,
        28,
        0,
        5.1,
        24,
        0,
        6.667,
        30,
        0,
        8,
        28
      ]
    },
    {
      "Target": "Parameter",
      "Id": "BackRibbon_Shaking",
      "Segments": [
        0,
        -13,
        1,
        0.222,
        -23.026,
        0.445,
        -24,
        0.667,
        -24,
        0,
        2.7,
        11,
        0,
        4.667,
        -11,
        0,
        6.5,
        2,
        1,
        7,
        2,
        7.5,
        -0.357,
        8,
        -13
      ]
    },
    {
      "Target": "PartOpacity",
      "Id": "Part",
      "Segments": [
        0,
        1,
        2,
        8,
        1
      ]
    },
    {
      "Target": "PartOpacity",
      "Id": "Part2",
      "Segments": [
        0,
        1,
        2,
        8,
        1
      ]
    },
    {
      "Target": "PartOpacity",
      "Id": "Part12",
      "Segments": [
        0,
        1,
        2,
        8,
        1
      ]
    },
    {
      "Target": "PartOpacity",
      "Id": "Part4",
      "Segments": [
        0,
        1,
        2,
        8,
        1
      ]
    },
    {
      "Target": "PartOpacity",
      "Id": "Part3",
      "Segments": [
        0,
        1,
        2,
        8,
        1
      ]
    },
    {
      "Target": "PartOpacity",
      "Id": "Part13",
      "Segments": [
        0,
        1,
        2,
        8,
        1
      ]
    },
    {
      "Target": "PartOpacity",
      "Id": "Part22",
      "Segments": [
        0,
        0,
        2,
        8,
        0
      ]
    },
    {
      "Target": "PartOpacity",
      "Id": "Part9",
      "Segments": [
        0,
        1,
        2,
        8,
        1
      ]
    },
    {
      "Target": "PartOpacity",
      "Id": "Part17",
      "Segments": [
        0,
        0,
        2,
        8,
        0
      ]
    },
    {
      "Target": "PartOpacity",
      "Id": "Part18",
      "Segments": [
        0,
        1,
        2,
        8,
        1
      ]
    },
    {
      "Target": "PartOpacity",
      "Id": "Part19",
      "Segments": [
        0,
        0,
        2,
        8,
        0
      ]
    },
    {
      "Target": "PartOpacity",
      "Id": "Part23",
      "Segments": [
        0,
        1,
        2,
        8,
        1
      ]
    },
    {
      "Target": "PartOpacity",
      "Id": "Part31",
      "Segments": [
        0,
        0,
        2,
        8,
        0
      ]
    },
    {
      "Target": "PartOpacity",
      "Id": "Part24",
      "Segments": [
        0,
        0,
        2,
        8,
        0
      ]
    },
    {
      "Target": "PartOpacity",
      "Id": "Part26",
      "Segments": [
        0,
        1,
        2,
        8,
        1
      ]
    },
    {
      "Target": "PartOpacity",
      "Id": "Part8",
      "Segments": [
        0,
        1,
        2,
        8,
        1
      ]
    },
    {
      "Target": "PartOpacity",
      "Id": "Part6",
      "Segments": [
        0,
        1,
        2,
        8,
        1
      ]
    },
    {
      "Target": "PartOpacity",
      "Id": "Part11",
      "Segments": [
        0,
        1,
        2,
        8,
        1
      ]
    },
    {
      "Target": "PartOpacity",
      "Id": "Part5",
      "Segments": [
        0,
        1,
        2,
        8,
        1
      ]
    },
    {
      "Target": "PartOpacity",
      "Id": "Part21",
      "Segments": [
        0,
        1,
        2,
        8,
        1
      ]
    },
    {
      "Target": "PartOpacity",
      "Id": "Part10",
      "Segments": [
        0,
        1,
        2,
        8,
        1
      ]
    },
    {
      "Target": "PartOpacity",
      "Id": "Part14",
      "Segments": [
        0,
        0,
        2,
        8,
        0
      ]
    },
    {
      "Target": "PartOpacity",
      "Id": "Part15",
      "Segments": [
        0,
        1,
        2,
        8,
        1
      ]
    },
    {
      "Target": "PartOpacity",
      "Id": "Part16",
      "Segments": [
        0,
        0,
        2,
        8,
        0
      ]
    },
    {
      "Target": "PartOpacity",
      "Id": "Part7",
      "Segments": [
        0,
        1,
        2,
        8,
        1
      ]
    },
    {
      "Target": "PartOpacity",
      "Id": "Part20",
      "Segments": [
        0,
        1,
        2,
        8,
        1
      ]
    },
    {
      "Target": "Model",
      "Id": "Opacity",
      "Segments": [
        0,
        1,
        0,
        8,
        1
      ]
    },
    {
      "Target": "Parameter",
      "Id": "Param6",
      "Segments": [
        0,
        1,
        0,
        8,
        1
      ]
    },
    {
      "Target": "Parameter",
      "Id": "Param7",
      "Segments": [
        0,
        -1,
        0,
        8,
        -1
      ]
    },
    {
      "Target": "Parameter",
      "Id": "Param",
      "Segments": [
        0,
        1,
        0,
        8,
        1
      ]
    },
    {
      "Target": "Parameter",
      "Id": "Param2",
      "Segments": [
        0,
        1,
        0,
        8,
        1
      ]
    },
    {
      "Target": "Parameter",
      "Id": "Param3",
      "Segments": [
        0,
        1,
        0,
        8,
        1
      ]
    },
    {
      "Target": "Parameter",
      "Id": "Param4",
      "Segments": [
        0,
        1,
        0,
        8,
        1
      ]
    },
    {
      "Target": "Parameter",
      "Id": "Param5",
      "Segments": [
        0,
        1,
        0,
        8,
        1
      ]
    },
    {
      "Target": "Parameter",
      "Id": "Param8",
      "Segments": [
        0,
        1,
        0,
        8,
        1
      ]
    },
    {
      "Target": "Parameter",
      "Id": "Param9",
      "Segments": [
        0,
        1,
        0,
        8,
        1
      ]
    },
    {
      "Target": "Parameter",
      "Id": "HeadY",
      "Segments": [
        0,
        0,
        0,
        8,
        0
      ]
    },
    {
      "Target": "Parameter",
      "Id": "EyeBall_Size",
      "Segments": [
        0,
        0,
        0,
        8,
        0
      ]
    },
    {
      "Target": "Parameter",
      "Id": "EyeL_Open",
      "Segments": [
        0,
        1,
        0,
        8,
        1
      ]
    },
    {
      "Target": "Parameter",
      "Id": "EyeL_Smile",
      "Segments": [
        0,
        0,
        0,
        8,
        0
      ]
    },
    {
      "Target": "Parameter",
      "Id": "EyeR_Open",
      "Segments": [
        0,
        1,
        0,
        8,
        1
      ]
    },
    {
      "Target": "Parameter",
      "Id": "EyeR_Smile",
      "Segments": [
        0,
        0,
        0,
        8,
        0
      ]
    },
    {
      "Target": "Parameter",
      "Id": "BrowLY",
      "Segments": [
        0,
        -0.426,
        0,
        8,
        -0.426
      ]
    },
    {
      "Target": "Parameter",
      "Id": "BrowRY",
      "Segments": [
        0,
        -0.626,
        0,
        8,
        -0.626
      ]
    },
    {
      "Target": "Parameter",
      "Id": "BrowL_Angle",
      "Segments": [
        0,
        0.2,
        0,
        8,
        0.2
      ]
    },
    {
      "Target": "Parameter",
      "Id": "BrowR_Angle",
      "Segments": [
        0,
        0,
        0,
        8,
        0
      ]
    },
    {
      "Target": "Parameter",
      "Id": "BrowL_Form",
      "Segments": [
        0,
        -0.964,
        0,
        8,
        -0.964
      ]
    },
    {
      "Target": "Parameter",
      "Id": "BrowR_Form",
      "Segments": [
        0,
        -0.961,
        0,
        8,
        -0.961
      ]
    },
    {
      "Target": "Parameter",
      "Id": "EyeY",
      "Segments": [
        0,
        0,
        0,
        8,
        0
      ]
    },
    {
      "Target": "Parameter",
      "Id": "MouthY",
      "Segments": [
        0,
        0,
        0,
        8,
        0
      ]
    },
    {
      "Target": "Parameter",
      "Id": "Mouth_Open",
      "Segments": [
        0,
        1,
        0,
        8,
        1
      ]
    },
    {
      "Target": "Parameter",
      "Id": "Mouth_Size",
      "Segments": [
        0,
        1,
        0,
        8,
        1
      ]
    },
    {
      "Target": "Parameter",
      "Id": "ArmR_Form",
      "Segments": [
        0,
        0.3,
        0,
        8,
        0.3
      ]
    },
    {
      "Target": "Parameter",
      "Id": "ArmL_Form",
      "Segments": [
        0,
        0.1,
        0,
        8,
        0.1
      ]
    },
    {
      "Target": "Parameter",
      "Id": "ArmL_Sup_Form2",
      "Segments": [
        0,
        1,
        0,
        8,
        1
      ]
    },
    {
      "Target": "Parameter",
      "Id": "ArmR_Sup_Form",
      "Segments": [
        0,
        1,
        0,
        8,
        1
      ]
    },
    {
      "Target": "Parameter",
      "Id": "ArmL_Sup_Form",
      "Segments": [
        0,
        0,
        0,
        8,
        0
      ]
    },
    {
      "Target": "Parameter",
      "Id": "HandR01_Move",
      "Segments": [
        0,
        15,
        0,
        8,
        15
      ]
    },
    {
      "Target": "Parameter",
      "Id": "HandR03_move",
      "Segments": [
        0,
        0,
        0,
        8,
        0
      ]
    },
    {
      "Target": "Parameter",
      "Id": "HandL_move",
      "Segments": [
        0,
        -15,
        0,
        8,
        -15
      ]
    },
    {
      "Target": "Parameter",
      "Id": "Leg_L",
      "Segments": [
        0,
        21,
        0,
        8,
        21
      ]
    },
    {
      "Target": "Parameter",
      "Id": "Leg_R",
      "Segments": [
        0,
        -14,
        0,
        8,
        -14
      ]
    },
    {
      "Target": "PartOpacity",
      "Id": "Part56",
      "Segments": [
        0,
        1,
        0,
        8,
        1
      ]
    },
    {
      "Target": "PartOpacity",
      "Id": "Part32",
      "Segments": [
        0,
        1,
        0,
        8,
        1
      ]
    },
    {
      "Target": "PartOpacity",
      "Id": "Part33",
      "Segments": [
        0,
        1,
        0,
        8,
        1
      ]
    },
    {
      "Target": "PartOpacity",
      "Id": "Part35",
      "Segments": [
        0,
        1,
        0,
        8,
        1
      ]
    },
    {
      "Target": "PartOpacity",
      "Id": "Part28",
      "Segments": [
        0,
        1,
        0,
        8,
        1
      ]
    },
    {
      "Target": "PartOpacity",
      "Id": "Part55",
      "Segments": [
        0,
        1,
        0,
        8,
        1
      ]
    },
    {
      "Target": "PartOpacity",
      "Id": "Part36",
      "Segments": [
        0,
        1,
        0,
        8,
        1
      ]
    },
    {
      "Target": "PartOpacity",
      "Id": "Part27",
      "Segments": [
        0,
        1,
        0,
        8,
        1
      ]
    },
    {
      "Target": "PartOpacity",
      "Id": "Part25",
      "Segments": [
        0,
        0,
        0,
        8,
        0
      ]
    },
    {
      "Target": "PartOpacity",
      "Id": "Part45",
      "Segments": [
        0,
        1,
        0,
        8,
        1
      ]
    },
    {
      "Target": "PartOpacity",
      "Id": "Part51",
      "Segments": [
        0,
        1,
        0,
        8,
        1
      ]
    },
    {
      "Target": "PartOpacity",
      "Id": "Part52",
      "Segments": [
        0,
        1,
        0,
        8,
        1
      ]
    }
  ],
  "UserData": [
    {
      "Time": 0.0,
      "Value": ""
    }
  ]
}