{
  "Version": 3,
  "Meta": {
    "Duration": 8.67,
    "Fps": 30.0,
    "Loop": true,
    "AreBeziersRestricted": true,
    "CurveCount": 105,
    "TotalSegmentCount": 242,
    "TotalPointCount": 358,
    "UserDataCount": 1,
    "TotalUserDataSize": 0
  },
  "Curves": [
    {
      "Target": "Parameter",
      "Id": "Body_Twist",
      "Segments": [
        0,
        7,
        1,
        0.567,
        13.449,
        1.133,
        17,
        1.7,
        17,
        1,
        2.411,
        17,
        3.122,
        -4.421,
        3.833,
        -8,
        1,
        4.366,
        -10.684,
        4.9,
        -10,
        5.433,
        -10,
        1,
        6.178,
        -10,
        6.922,
        -4.589,
        7.667,
        3,
        1,
        8,
        6.398,
        8.334,
        7,
        8.667,
        7
      ]
    },
    {
      "Target": "Parameter",
      "Id": "Frill_Shaking",
      "Segments": [
        0,
        15,
        0,
        2,
        -23,
        1,
        2.733,
        -23,
        3.467,
        -1.562,
        4.2,
        11,
        1,
        4.744,
        20.326,
        5.289,
        20,
        5.833,
        20,
        0,
        7.3,
        -13,
        0,
        8.667,
        15
      ]
    },
    {
      "Target": "Parameter",
      "Id": "Ribbon_Shaking",
      "Segments": [
        0,
        18,
        0,
        2,
        -26,
        0,
        5.833,
        20,
        0,
        7.3,
        -17,
        0,
        8.667,
        18
      ]
    },
    {
      "Target": "Parameter",
      "Id": "BodyFrill_Shaking",
      "Segments": [
        0,
        -16,
        0,
        1.5,
        19,
        1,
        2.122,
        19,
        2.745,
        -8.153,
        3.367,
        -10,
        1,
        5.134,
        -15.243,
        6.9,
        -16,
        8.667,
        -16
      ]
    },
    {
      "Target": "Parameter",
      "Id": "Body_Shaking",
      "Segments": [
        0,
        4,
        1,
        0.611,
        4,
        1.222,
        12.905,
        1.833,
        13,
        1,
        2.578,
        13,
        3.322,
        11.781,
        4.067,
        6,
        1,
        4.6,
        1.858,
        5.134,
        -3.387,
        5.667,
        -3.387,
        0,
        7.133,
        5,
        0,
        8.667,
        4
      ]
    },
    {
      "Target": "Parameter",
      "Id": "BodyY",
      "Segments": [
        0,
        0,
        1,
        0.444,
        0,
        0.889,
        4.72,
        1.333,
        5,
        1,
        2.011,
        5.427,
        2.689,
        5.4,
        3.367,
        5.4,
        0,
        8.667,
        0
      ]
    },
    {
      "Target": "Parameter",
      "Id": "Body_Pose1",
      "Segments": [
        0,
        0,
        1,
        0.222,
        0,
        0.445,
        -0.015,
        0.667,
        1.04,
        1,
        1.056,
        2.887,
        1.444,
        5,
        1.833,
        5,
        0,
        4.067,
        4.607,
        1,
        4.6,
        4.607,
        5.134,
        4.894,
        5.667,
        5.985,
        1,
        6.2,
        7.076,
        6.734,
        8,
        7.267,
        8,
        0,
        8.667,
        0
      ]
    },
    {
      "Target": "Parameter",
      "Id": "Breath",
      "Segments": [
        0,
        0,
        0,
        0.667,
        0.6,
        0,
        2,
        0,
        0,
        3,
        0.6,
        0,
        4,
        0,
        0,
        5,
        0.6,
        0,
        6,
        0,
        0,
        7,
        0.6,
        1,
        7.089,
        0.6,
        7.178,
        0.564,
        7.267,
        0.5,
        1,
        7.734,
        0.164,
        8.2,
        0,
        8.667,
        0
      ]
    },
    {
      "Target": "Parameter",
      "Id": "Skirt_Shaking",
      "Segments": [
        0,
        -7,
        1,
        0.222,
        -1.838,
        0.445,
        3,
        0.667,
        3,
        0,
        1.667,
        -8.86,
        1,
        1.967,
        -8.86,
        2.267,
        -8.864,
        2.567,
        -6,
        1,
        2.911,
        -2.712,
        3.256,
        3,
        3.6,
        3,
        0,
        4.6,
        -16,
        0,
        5.9,
        1,
        0,
        7.567,
        -16,
        1,
        7.934,
        -16,
        8.3,
        -13.735,
        8.667,
        -7
      ]
    },
    {
      "Target": "Parameter",
      "Id": "Skirt_Roll",
      "Segments": [
        0,
        0,
        2,
        3.6,
        0,
        1,
        3.933,
        0,
        4.267,
        0.695,
        4.6,
        1,
        1,
        5.033,
        1.396,
        5.467,
        1.419,
        5.9,
        1.419,
        0,
        7.567,
        0,
        2,
        8.667,
        0
      ]
    },
    {
      "Target": "Parameter",
      "Id": "SkirtFrill_Shaking",
      "Segments": [
        0,
        4,
        0,
        1.833,
        -12,
        0,
        3.767,
        4,
        0,
        4.767,
        -7,
        0,
        6.067,
        9,
        0,
        8.667,
        4
      ]
    },
    {
      "Target": "Parameter",
      "Id": "Head_AngleX",
      "Segments": [
        0,
        7,
        0,
        2,
        20,
        1,
        2.378,
        20,
        2.755,
        15.763,
        3.133,
        7,
        1,
        3.589,
        -3.568,
        4.044,
        -9,
        4.5,
        -9,
        1,
        4.922,
        -9,
        5.345,
        -9.499,
        5.767,
        -7,
        1,
        6.734,
        -1.279,
        7.7,
        7,
        8.667,
        7
      ]
    },
    {
      "Target": "Parameter",
      "Id": "Head_AngleY",
      "Segments": [
        0,
        -6,
        1,
        0.667,
        -5.175,
        1.333,
        -5,
        2,
        -5,
        0,
        3.133,
        -14,
        1,
        3.589,
        -14,
        4.044,
        -10.652,
        4.5,
        -10,
        1,
        4.922,
        -9.396,
        5.345,
        -9.585,
        5.767,
        -9,
        1,
        6.734,
        -7.66,
        7.7,
        -6,
        8.667,
        -6
      ]
    },
    {
      "Target": "Parameter",
      "Id": "Head_Roll",
      "Segments": [
        0,
        -20,
        1,
        0.667,
        -20,
        1.333,
        -10.567,
        2,
        -8,
        1,
        2.378,
        -6.545,
        2.755,
        -7,
        3.133,
        -7,
        1,
        3.544,
        -7,
        3.956,
        -12.033,
        4.367,
        -20,
        1,
        4.567,
        -23.876,
        4.767,
        -25,
        4.967,
        -25,
        0,
        7.567,
        -13,
        0,
        8.667,
        -20
      ]
    },
    {
      "Target": "Parameter",
      "Id": "EyeBallX",
      "Segments": [
        0,
        0,
        0,
        0.767,
        0.2,
        0,
        1.833,
        0.1,
        2,
        2.9,
        0.1,
        0,
        4.233,
        0,
        2,
        5.033,
        0,
        0,
        6.067,
        0.2,
        1,
        6.534,
        0.2,
        7,
        0.171,
        7.467,
        0.1,
        1,
        7.867,
        0.039,
        8.267,
        0,
        8.667,
        0
      ]
    },
    {
      "Target": "Parameter",
      "Id": "EyeBallY",
      "Segments": [
        0,
        0,
        2,
        0.767,
        0,
        0,
        1.833,
        -0.1,
        2,
        2.9,
        -0.1,
        0,
        4.233,
        0,
        2,
        5.033,
        0,
        2,
        6.067,
        0,
        0,
        7.467,
        -0.1,
        0,
        8.667,
        0
      ]
    },
    {
      "Target": "Parameter",
      "Id": "HairFront_Shaking",
      "Segments": [
        0,
        0,
        1,
        0.311,
        0.506,
        0.622,
        0.765,
        0.933,
        0.765,
        0,
        2.3,
        -0.3,
        0,
        3.533,
        1,
        0,
        4.767,
        0,
        0,
        6.167,
        1,
        0,
        7.767,
        -0.4,
        1,
        8.067,
        -0.4,
        8.367,
        -0.374,
        8.667,
        0
      ]
    },
    {
      "Target": "Parameter",
      "Id": "HairSide_Shaking",
      "Segments": [
        0,
        0,
        1,
        0.289,
        0.299,
        0.578,
        0.373,
        0.867,
        0.373,
        0,
        2.3,
        -0.218,
        0,
        3.533,
        0.373,
        0,
        4.767,
        -0.3,
        0,
        6.167,
        0.373,
        0,
        7.767,
        -0.428,
        1,
        8.067,
        -0.428,
        8.367,
        -0.373,
        8.667,
        0
      ]
    },
    {
      "Target": "Parameter",
      "Id": "HairBack_Shaking",
      "Segments": [
        0,
        0,
        1,
        0.289,
        0.411,
        0.578,
        0.5,
        0.867,
        0.5,
        0,
        2.3,
        -0.7,
        0,
        3.533,
        0.453,
        0,
        4.767,
        -1,
        0,
        6.167,
        0.6,
        0,
        7.767,
        -0.7,
        1,
        8.067,
        -0.7,
        8.367,
        -0.437,
        8.667,
        0
      ]
    },
    {
      "Target": "Parameter",
      "Id": "Shoulder_Move",
      "Segments": [
        0,
        3,
        0,
        3.967,
        8,
        0,
        8.667,
        3
      ]
    },
    {
      "Target": "Parameter",
      "Id": "ShoulderR_Roll",
      "Segments": [
        0,
        -3.205,
        1,
        1.111,
        -3.205,
        2.222,
        -3.88,
        3.333,
        -4.165,
        1,
        3.989,
        -4.333,
        4.644,
        -4.295,
        5.3,
        -4.295,
        0,
        8.667,
        -3.205
      ]
    },
    {
      "Target": "Parameter",
      "Id": "ArmR_Roll",
      "Segments": [
        0,
        29.972,
        1,
        1.111,
        30.5,
        2.222,
        30.76,
        3.333,
        31.372,
        1,
        3.989,
        31.733,
        4.644,
        32.519,
        5.3,
        32.519,
        0,
        8.667,
        29.972
      ]
    },
    {
      "Target": "Parameter",
      "Id": "ShoulderL_Roll",
      "Segments": [
        0,
        -8.32,
        1,
        1.111,
        -8.788,
        2.222,
        -8.962,
        3.333,
        -9.52,
        1,
        3.989,
        -9.849,
        4.644,
        -11.017,
        5.3,
        -11.017,
        0,
        8.667,
        -8.32
      ]
    },
    {
      "Target": "Parameter",
      "Id": "ArmL_Roll",
      "Segments": [
        0,
        25.403,
        0,
        3.333,
        25.753,
        1,
        3.989,
        25.753,
        4.644,
        25.675,
        5.3,
        25.591,
        1,
        6.422,
        25.447,
        7.545,
        25.4,
        8.667,
        25.4
      ]
    },
    {
      "Target": "Parameter",
      "Id": "HandR_Roll",
      "Segments": [
        0,
        22,
        0,
        1.5,
        19.06,
        0,
        8.667,
        22
      ]
    },
    {
      "Target": "Parameter",
      "Id": "HandL_Roll",
      "Segments": [
        0,
        -14.788,
        1,
        0.5,
        -14.788,
        1,
        -11.929,
        1.5,
        -10.408,
        1,
        2.222,
        -8.21,
        2.945,
        -7.93,
        3.667,
        -7.93,
        0,
        8.667,
        -14.788
      ]
    },
    {
      "Target": "Parameter",
      "Id": "BackRibbon_Shaking",
      "Segments": [
        0,
        -0.214,
        1,
        0.278,
        6.346,
        0.555,
        10.686,
        0.833,
        10.686,
        0,
        2.1,
        4.686,
        0,
        3.567,
        7.686,
        0,
        5.133,
        -12,
        0,
        6.533,
        -7.314,
        0,
        7.8,
        -8,
        1,
        8.089,
        -8,
        8.378,
        -6.287,
        8.667,
        -0.214
      ]
    },
    {
      "Target": "PartOpacity",
      "Id": "Part",
      "Segments": [
        0,
        1,
        2,
        0.67,
        1,
        2,
        8.67,
        1
      ]
    },
    {
      "Target": "PartOpacity",
      "Id": "Part2",
      "Segments": [
        0,
        1,
        2,
        0.67,
        1,
        2,
        8.67,
        1
      ]
    },
    {
      "Target": "PartOpacity",
      "Id": "Part12",
      "Segments": [
        0,
        1,
        2,
        0.67,
        1,
        2,
        8.67,
        1
      ]
    },
    {
      "Target": "PartOpacity",
      "Id": "Part4",
      "Segments": [
        0,
        1,
        2,
        0.67,
        1,
        2,
        8.67,
        1
      ]
    },
    {
      "Target": "PartOpacity",
      "Id": "Part3",
      "Segments": [
        0,
        1,
        2,
        0.67,
        1,
        2,
        8.67,
        1
      ]
    },
    {
      "Target": "PartOpacity",
      "Id": "Part13",
      "Segments": [
        0,
        1,
        2,
        0.67,
        1,
        2,
        8.67,
        1
      ]
    },
    {
      "Target": "PartOpacity",
      "Id": "Part22",
      "Segments": [
        0,
        0,
        2,
        8.67,
        0
      ]
    },
    {
      "Target": "PartOpacity",
      "Id": "Part27",
      "Segments": [
        0,
        0,
        2,
        0.67,
        0,
        2,
        8.67,
        0
      ]
    },
    {
      "Target": "PartOpacity",
      "Id": "Part9",
      "Segments": [
        0,
        1,
        2,
        0.67,
        1,
        2,
        8.67,
        1
      ]
    },
    {
      "Target": "PartOpacity",
      "Id": "Part25",
      "Segments": [
        0,
        1,
        2,
        0.67,
        1,
        2,
        8.67,
        1
      ]
    },
    {
      "Target": "PartOpacity",
      "Id": "Part17",
      "Segments": [
        0,
        0,
        2,
        0.67,
        0,
        2,
        8.67,
        0
      ]
    },
    {
      "Target": "PartOpacity",
      "Id": "Part18",
      "Segments": [
        0,
        0,
        2,
        0.67,
        0,
        2,
        8.67,
        0
      ]
    },
    {
      "Target": "PartOpacity",
      "Id": "Part19",
      "Segments": [
        0,
        0,
        2,
        0.67,
        0,
        2,
        8.67,
        0
      ]
    },
    {
      "Target": "PartOpacity",
      "Id": "Part23",
      "Segments": [
        0,
        1,
        2,
        0.67,
        1,
        2,
        8.67,
        1
      ]
    },
    {
      "Target": "PartOpacity",
      "Id": "Part31",
      "Segments": [
        0,
        1,
        2,
        8.67,
        1
      ]
    },
    {
      "Target": "PartOpacity",
      "Id": "Part38",
      "Segments": [
        0,
        0,
        2,
        8.67,
        0
      ]
    },
    {
      "Target": "PartOpacity",
      "Id": "Part37",
      "Segments": [
        0,
        1,
        2,
        8.67,
        1
      ]
    },
    {
      "Target": "PartOpacity",
      "Id": "Part24",
      "Segments": [
        0,
        0,
        2,
        0.67,
        0,
        2,
        8.67,
        0
      ]
    },
    {
      "Target": "PartOpacity",
      "Id": "Part26",
      "Segments": [
        0,
        1,
        2,
        0.67,
        1,
        2,
        8.67,
        1
      ]
    },
    {
      "Target": "PartOpacity",
      "Id": "Part8",
      "Segments": [
        0,
        1,
        2,
        0.67,
        1,
        2,
        8.67,
        1
      ]
    },
    {
      "Target": "PartOpacity",
      "Id": "Part6",
      "Segments": [
        0,
        1,
        2,
        0.67,
        1,
        2,
        8.67,
        1
      ]
    },
    {
      "Target": "PartOpacity",
      "Id": "Part11",
      "Segments": [
        0,
        1,
        2,
        0.67,
        1,
        2,
        8.67,
        1
      ]
    },
    {
      "Target": "PartOpacity",
      "Id": "Part5",
      "Segments": [
        0,
        1,
        2,
        0.67,
        1,
        2,
        8.67,
        1
      ]
    },
    {
      "Target": "PartOpacity",
      "Id": "Part21",
      "Segments": [
        0,
        1,
        2,
        0.67,
        1,
        2,
        8.67,
        1
      ]
    },
    {
      "Target": "PartOpacity",
      "Id": "Part10",
      "Segments": [
        0,
        1,
        2,
        0.67,
        1,
        2,
        8.67,
        1
      ]
    },
    {
      "Target": "PartOpacity",
      "Id": "Part14",
      "Segments": [
        0,
        0,
        2,
        0.67,
        0,
        2,
        8.67,
        0
      ]
    },
    {
      "Target": "PartOpacity",
      "Id": "Part15",
      "Segments": [
        0,
        0,
        2,
        0.67,
        0,
        2,
        8.67,
        0
      ]
    },
    {
      "Target": "PartOpacity",
      "Id": "Part16",
      "Segments": [
        0,
        1,
        2,
        0.67,
        1,
        2,
        8.67,
        1
      ]
    },
    {
      "Target": "PartOpacity",
      "Id": "Part7",
      "Segments": [
        0,
        1,
        2,
        0.67,
        1,
        2,
        8.67,
        1
      ]
    },
    {
      "Target": "PartOpacity",
      "Id": "Part20",
      "Segments": [
        0,
        1,
        2,
        0.67,
        1,
        2,
        8.67,
        1
      ]
    },
    {
      "Target": "Model",
      "Id": "Opacity",
      "Segments": [
        0,
        1,
        0,
        8.67,
        1
      ]
    },
    {
      "Target": "Parameter",
      "Id": "Param6",
      "Segments": [
        0,
        1,
        0,
        8.67,
        1
      ]
    },
    {
      "Target": "Parameter",
      "Id": "Param7",
      "Segments": [
        0,
        1,
        0,
        8.67,
        1
      ]
    },
    {
      "Target": "Parameter",
      "Id": "Param",
      "Segments": [
        0,
        1,
        0,
        8.67,
        1
      ]
    },
    {
      "Target": "Parameter",
      "Id": "Param2",
      "Segments": [
        0,
        1,
        0,
        8.67,
        1
      ]
    },
    {
      "Target": "Parameter",
      "Id": "Param3",
      "Segments": [
        0,
        1,
        0,
        8.67,
        1
      ]
    },
    {
      "Target": "Parameter",
      "Id": "Param4",
      "Segments": [
        0,
        1,
        0,
        8.67,
        1
      ]
    },
    {
      "Target": "Parameter",
      "Id": "Param5",
      "Segments": [
        0,
        1,
        0,
        8.67,
        1
      ]
    },
    {
      "Target": "Parameter",
      "Id": "Param8",
      "Segments": [
        0,
        1,
        0,
        8.67,
        1
      ]
    },
    {
      "Target": "Parameter",
      "Id": "Param9",
      "Segments": [
        0,
        1,
        0,
        8.67,
        1
      ]
    },
    {
      "Target": "Parameter",
      "Id": "HeadY",
      "Segments": [
        0,
        -8,
        0,
        8.67,
        -8
      ]
    },
    {
      "Target": "Parameter",
      "Id": "EyeBall_Size",
      "Segments": [
        0,
        0,
        0,
        8.67,
        0
      ]
    },
    {
      "Target": "Parameter",
      "Id": "EyeL_Open",
      "Segments": [
        0,
        1,
        0,
        8.67,
        1
      ]
    },
    {
      "Target": "Parameter",
      "Id": "EyeL_Smile",
      "Segments": [
        0,
        0,
        0,
        8.67,
        0
      ]
    },
    {
      "Target": "Parameter",
      "Id": "EyeR_Open",
      "Segments": [
        0,
        1,
        0,
        8.67,
        1
      ]
    },
    {
      "Target": "Parameter",
      "Id": "EyeR_Smile",
      "Segments": [
        0,
        0,
        0,
        8.67,
        0
      ]
    },
    {
      "Target": "Parameter",
      "Id": "BrowLY",
      "Segments": [
        0,
        0,
        0,
        8.67,
        0
      ]
    },
    {
      "Target": "Parameter",
      "Id": "BrowRY",
      "Segments": [
        0,
        0,
        0,
        8.67,
        0
      ]
    },
    {
      "Target": "Parameter",
      "Id": "BrowL_Angle",
      "Segments": [
        0,
        -0.4,
        0,
        8.67,
        -0.4
      ]
    },
    {
      "Target": "Parameter",
      "Id": "BrowR_Angle",
      "Segments": [
        0,
        -0.4,
        0,
        8.67,
        -0.4
      ]
    },
    {
      "Target": "Parameter",
      "Id": "BrowL_Form",
      "Segments": [
        0,
        1,
        0,
        8.67,
        1
      ]
    },
    {
      "Target": "Parameter",
      "Id": "BrowR_Form",
      "Segments": [
        0,
        1,
        0,
        8.67,
        1
      ]
    },
    {
      "Target": "Parameter",
      "Id": "EyeY",
      "Segments": [
        0,
        0,
        0,
        8.67,
        0
      ]
    },
    {
      "Target": "Parameter",
      "Id": "MouthY",
      "Segments": [
        0,
        0,
        0,
        8.67,
        0
      ]
    },
    {
      "Target": "Parameter",
      "Id": "Mouth_Form",
      "Segments": [
        0,
        -1,
        0,
        8.67,
        -1
      ]
    },
    {
      "Target": "Parameter",
      "Id": "Mouth_Open",
      "Segments": [
        0,
        0.5,
        0,
        8.67,
        0.5
      ]
    },
    {
      "Target": "Parameter",
      "Id": "Mouth_Size",
      "Segments": [
        0,
        0.6,
        0,
        8.67,
        0.6
      ]
    },
    {
      "Target": "Parameter",
      "Id": "ArmR_Sleeve_Move",
      "Segments": [
        0,
        30,
        0,
        8.67,
        30
      ]
    },
    {
      "Target": "Parameter",
      "Id": "ArmL_Sleeve_Move",
      "Segments": [
        0,
        18,
        0,
        8.67,
        18
      ]
    },
    {
      "Target": "Parameter",
      "Id": "ArmR_Form",
      "Segments": [
        0,
        1,
        0,
        8.67,
        1
      ]
    },
    {
      "Target": "Parameter",
      "Id": "ArmL_Form",
      "Segments": [
        0,
        0.7,
        0,
        8.67,
        0.7
      ]
    },
    {
      "Target": "Parameter",
      "Id": "ArmR_Sup_Form",
      "Segments": [
        0,
        1,
        0,
        8.67,
        1
      ]
    },
    {
      "Target": "Parameter",
      "Id": "ArmL_Sup_Form",
      "Segments": [
        0,
        0,
        0,
        8.67,
        0
      ]
    },
    {
      "Target": "Parameter",
      "Id": "HandR01_Move",
      "Segments": [
        0,
        0,
        0,
        8.67,
        0
      ]
    },
    {
      "Target": "Parameter",
      "Id": "HandR03_move",
      "Segments": [
        0,
        0,
        0,
        8.67,
        0
      ]
    },
    {
      "Target": "Parameter",
      "Id": "HandL_move",
      "Segments": [
        0,
        0,
        0,
        8.67,
        0
      ]
    },
    {
      "Target": "Parameter",
      "Id": "Leg_L",
      "Segments": [
        0,
        9,
        0,
        8.67,
        9
      ]
    },
    {
      "Target": "Parameter",
      "Id": "Leg_R",
      "Segments": [
        0,
        7,
        0,
        8.67,
        7
      ]
    },
    {
      "Target": "PartOpacity",
      "Id": "Part56",
      "Segments": [
        0,
        1,
        0,
        8.67,
        1
      ]
    },
    {
      "Target": "PartOpacity",
      "Id": "Part32",
      "Segments": [
        0,
        1,
        0,
        8.67,
        1
      ]
    },
    {
      "Target": "PartOpacity",
      "Id": "Part33",
      "Segments": [
        0,
        1,
        0,
        8.67,
        1
      ]
    },
    {
      "Target": "PartOpacity",
      "Id": "Part35",
      "Segments": [
        0,
        1,
        0,
        8.67,
        1
      ]
    },
    {
      "Target": "PartOpacity",
      "Id": "Part28",
      "Segments": [
        0,
        1,
        0,
        8.67,
        1
      ]
    },
    {
      "Target": "PartOpacity",
      "Id": "Part55",
      "Segments": [
        0,
        1,
        0,
        8.67,
        1
      ]
    },
    {
      "Target": "PartOpacity",
      "Id": "Part36",
      "Segments": [
        0,
        1,
        0,
        8.67,
        1
      ]
    },
    {
      "Target": "PartOpacity",
      "Id": "Part45",
      "Segments": [
        0,
        1,
        0,
        8.67,
        1
      ]
    },
    {
      "Target": "PartOpacity",
      "Id": "Part51",
      "Segments": [
        0,
        1,
        0,
        8.67,
        1
      ]
    },
    {
      "Target": "PartOpacity",
      "Id": "Part52",
      "Segments": [
        0,
        1,
        0,
        8.67,
        1
      ]
    }
  ],
  "UserData": [
    {
      "Time": 0.0,
      "Value": ""
    }
  ]
}