{
  "Version": 3,
  "Meta": {
    "Duration": 2.0,
    "Fps": 30.0,
    "Loop": true,
    "AreBeziersRestricted": true,
    "CurveCount": 91,
    "TotalSegmentCount": 185,
    "TotalPointCount": 273,
    "UserDataCount": 1,
    "TotalUserDataSize": 0
  },
  "Curves": [
    {
      "Target": "Parameter",
      "Id": "Breath",
      "Segments": [
        0,
        0,
        0,
        0.7,
        1,
        0,
        2,
        0
      ]
    },
    {
      "Target": "Parameter",
      "Id": "Body_Shaking",
      "Segments": [
        0,
        0,
        1,
        0.333,
        0,
        0.667,
        1.22,
        1,
        3.066,
        1,
        1.333,
        4.912,
        1.667,
        5.397,
        2,
        8.115
      ]
    },
    {
      "Target": "Parameter",
      "Id": "BodyY",
      "Segments": [
        0,
        0,
        0,
        1,
        -5,
        2,
        2,
        -5
      ]
    },
    {
      "Target": "Parameter",
      "Id": "Body_Twist",
      "Segments": [
        0,
        25,
        1,
        0.167,
        25,
        0.333,
        12.33,
        0.5,
        10,
        1,
        0.822,
        5.494,
        1.145,
        0,
        1.467,
        0,
        1,
        1.645,
        0,
        1.822,
        -0.116,
        2,
        -1.192
      ]
    },
    {
      "Target": "Parameter",
      "Id": "Body_Pose1",
      "Segments": [
        0,
        0,
        1,
        0.122,
        0,
        0.245,
        -4.954,
        0.367,
        -5,
        1,
        0.911,
        -5.205,
        1.456,
        -5.218,
        2,
        -5.504
      ]
    },
    {
      "Target": "Parameter",
      "Id": "Waist_Roll",
      "Segments": [
        0,
        0,
        0,
        0.333,
        2,
        1,
        0.555,
        2,
        0.778,
        -1.14,
        1,
        -1.345,
        1,
        1.333,
        -1.653,
        1.667,
        -1.828,
        2,
        -1.921
      ]
    },
    {
      "Target": "Parameter",
      "Id": "String_Shaiking",
      "Segments": [
        0,
        0,
        0,
        0.467,
        13,
        1,
        0.667,
        13,
        0.867,
        -4.699,
        1.067,
        -7.622,
        1,
        1.378,
        -11.435,
        1.689,
        2.43,
        2,
        4.167
      ]
    },
    {
      "Target": "Parameter",
      "Id": "Head_AngleX",
      "Segments": [
        0,
        20,
        1,
        0.178,
        20,
        0.355,
        -0.393,
        0.533,
        -0.634,
        1,
        1.022,
        -1.297,
        1.511,
        -1.567,
        2,
        -2.108
      ]
    },
    {
      "Target": "Parameter",
      "Id": "Head_AngleY",
      "Segments": [
        0,
        0,
        0,
        0.533,
        -17.47,
        0,
        1.433,
        -1.815,
        1,
        1.622,
        -1.815,
        1.811,
        -4.463,
        2,
        -5.914
      ]
    },
    {
      "Target": "Parameter",
      "Id": "Head_Roll",
      "Segments": [
        0,
        0,
        0,
        0.367,
        -3,
        0,
        1.367,
        2.942,
        1,
        1.578,
        2.942,
        1.789,
        1.519,
        2,
        0.862
      ]
    },
    {
      "Target": "Parameter",
      "Id": "EyeBallX",
      "Segments": [
        0,
        0,
        2,
        0.533,
        0,
        0,
        1.2,
        0.1,
        2,
        2,
        0.1
      ]
    },
    {
      "Target": "Parameter",
      "Id": "EyeBallY",
      "Segments": [
        0,
        0,
        0,
        0.533,
        0.2,
        0,
        1.2,
        -0.2,
        2,
        2,
        -0.2
      ]
    },
    {
      "Target": "Parameter",
      "Id": "BrowRY",
      "Segments": [
        0,
        0,
        0,
        0.567,
        -0.7,
        2,
        2,
        -0.7
      ]
    },
    {
      "Target": "Parameter",
      "Id": "BrowLY",
      "Segments": [
        0,
        0,
        0,
        0.567,
        -0.4,
        2,
        2,
        -0.4
      ]
    },
    {
      "Target": "Parameter",
      "Id": "BrowR_Form",
      "Segments": [
        0,
        0,
        0,
        0.467,
        -0.8,
        2,
        2,
        -0.8
      ]
    },
    {
      "Target": "Parameter",
      "Id": "BrowL_Form",
      "Segments": [
        0,
        0,
        0,
        0.467,
        -0.8,
        0,
        2,
        -0.7
      ]
    },
    {
      "Target": "Parameter",
      "Id": "BrowR_Angle",
      "Segments": [
        0,
        0,
        0,
        0.667,
        0.2,
        2,
        2,
        0.2
      ]
    },
    {
      "Target": "Parameter",
      "Id": "BrowL_Angle",
      "Segments": [
        0,
        0,
        0,
        0.667,
        -0.2,
        2,
        2,
        -0.2
      ]
    },
    {
      "Target": "Parameter",
      "Id": "EyeR_Open",
      "Segments": [
        0,
        1,
        0,
        0.267,
        0,
        2,
        0.467,
        0,
        0,
        0.667,
        1,
        2,
        2,
        1
      ]
    },
    {
      "Target": "Parameter",
      "Id": "EyeL_Open",
      "Segments": [
        0,
        1,
        0,
        0.267,
        0,
        2,
        0.467,
        0,
        0,
        0.667,
        1,
        2,
        2,
        1
      ]
    },
    {
      "Target": "Parameter",
      "Id": "MouthForm2",
      "Segments": [
        0,
        0,
        0,
        0.333,
        -30,
        2,
        0.867,
        -30,
        2,
        2,
        -30
      ]
    },
    {
      "Target": "Parameter",
      "Id": "MouthForm",
      "Segments": [
        0,
        0,
        0,
        0.333,
        -20,
        2,
        2,
        -20
      ]
    },
    {
      "Target": "Parameter",
      "Id": "Mouth_Size",
      "Segments": [
        0,
        0.5,
        0,
        0.667,
        0.3,
        2,
        2,
        0.3
      ]
    },
    {
      "Target": "Parameter",
      "Id": "Hair_Move",
      "Segments": [
        0,
        0,
        0,
        0.233,
        8,
        0,
        0.9,
        -9,
        0,
        1.4,
        10,
        1,
        1.6,
        10,
        1.8,
        5.833,
        2,
        2.02
      ]
    },
    {
      "Target": "Parameter",
      "Id": "HairFront_Move",
      "Segments": [
        0,
        0,
        0,
        0.233,
        0.4,
        0,
        0.9,
        -0.4,
        1,
        1.067,
        -0.4,
        1.233,
        0.325,
        1.4,
        0.506,
        1,
        1.6,
        0.638,
        1.8,
        0.656,
        2,
        0.496
      ]
    },
    {
      "Target": "Parameter",
      "Id": "HairSide_Move",
      "Segments": [
        0,
        0,
        0,
        0.233,
        0.4,
        0,
        0.9,
        -0.25,
        1,
        1.078,
        -0.25,
        1.255,
        0.219,
        1.433,
        0.429,
        1,
        1.622,
        0.59,
        1.811,
        0.478,
        2,
        0.345
      ]
    },
    {
      "Target": "Parameter",
      "Id": "HairBack_Move",
      "Segments": [
        0,
        0,
        0,
        0.233,
        0.4,
        0,
        0.9,
        -0.2,
        0,
        1.767,
        0.326,
        1,
        1.845,
        0.326,
        1.922,
        0.282,
        2,
        0.217
      ]
    },
    {
      "Target": "Parameter",
      "Id": "ShoulderRY",
      "Segments": [
        0,
        0,
        0,
        0.467,
        12,
        1,
        0.734,
        12,
        1,
        5.017,
        1.267,
        0,
        1,
        1.511,
        -4.599,
        1.756,
        -5,
        2,
        -5
      ]
    },
    {
      "Target": "Parameter",
      "Id": "ShoulderLY",
      "Segments": [
        0,
        0,
        0,
        0.3,
        -6,
        1,
        0.433,
        -6,
        0.567,
        -6.514,
        0.7,
        -4.594,
        1,
        0.911,
        -1.552,
        1.122,
        14.521,
        1.333,
        14.521,
        1,
        1.555,
        15.66,
        1.778,
        14.749,
        2,
        13.52
      ]
    },
    {
      "Target": "Parameter",
      "Id": "ShoulderR_Roll",
      "Segments": [
        0,
        3,
        0,
        0.467,
        1,
        0,
        2,
        5.391
      ]
    },
    {
      "Target": "Parameter",
      "Id": "ShoulderL_Roll",
      "Segments": [
        0,
        11,
        1,
        0.144,
        11,
        0.289,
        6.501,
        0.433,
        5,
        1,
        0.522,
        4.076,
        0.611,
        4.28,
        0.7,
        3.58,
        1,
        0.922,
        1.829,
        1.145,
        -2.628,
        1.367,
        -2.937,
        1,
        1.578,
        -3.103,
        1.789,
        -3.088,
        2,
        -3.083
      ]
    },
    {
      "Target": "Parameter",
      "Id": "ArmR_Roll",
      "Segments": [
        0,
        -3,
        1,
        0.122,
        -3,
        0.245,
        -4.055,
        0.367,
        -5.353,
        1,
        0.534,
        -7.122,
        0.7,
        -9.842,
        0.867,
        -10.07,
        1,
        1.245,
        -10.588,
        1.622,
        -10.723,
        2,
        -11.2
      ]
    },
    {
      "Target": "Parameter",
      "Id": "ArmL_Roll",
      "Segments": [
        0,
        17,
        0,
        0.333,
        2,
        1,
        0.478,
        2,
        0.622,
        23.439,
        0.767,
        34.335,
        1,
        0.778,
        35.174,
        0.789,
        34.571,
        0.8,
        34.571,
        0,
        0.833,
        34.288,
        0,
        0.9,
        35.628,
        0,
        0.933,
        35.476,
        0,
        1,
        36.36,
        0,
        1.033,
        36.164,
        0,
        1.1,
        36.915,
        0,
        1.133,
        36.724,
        0,
        1.2,
        37.481,
        0,
        1.233,
        37.294,
        1,
        1.278,
        37.294,
        1.322,
        37.44,
        1.367,
        37.481,
        1,
        1.578,
        37.678,
        1.789,
        37.922,
        2,
        38
      ]
    },
    {
      "Target": "Parameter",
      "Id": "ArmR_Form2",
      "Segments": [
        0,
        0,
        0,
        0.367,
        -3,
        0,
        0.867,
        0,
        2,
        2,
        0
      ]
    },
    {
      "Target": "Parameter",
      "Id": "ArmL_Form2",
      "Segments": [
        0,
        -10,
        1,
        0.167,
        -10,
        0.333,
        -16.167,
        0.5,
        -25,
        1,
        0.578,
        -29.122,
        0.655,
        -30,
        0.733,
        -30,
        0,
        2,
        -25
      ]
    },
    {
      "Target": "Parameter",
      "Id": "ArmL_Form",
      "Segments": [
        0,
        -33,
        0,
        0.333,
        -4,
        0,
        0.667,
        -22,
        2,
        2,
        -22
      ]
    },
    {
      "Target": "Parameter",
      "Id": "HandR_Roll",
      "Segments": [
        0,
        0,
        1,
        0.256,
        0,
        0.511,
        -0.805,
        0.767,
        -1.758,
        1,
        0.978,
        -2.546,
        1.189,
        -3.465,
        1.4,
        -3.686,
        1,
        1.6,
        -3.895,
        1.8,
        -3.871,
        2,
        -3.871
      ]
    },
    {
      "Target": "Parameter",
      "Id": "HandL_Roll",
      "Segments": [
        0,
        -17,
        0,
        0.833,
        -16,
        0,
        1.267,
        -21,
        1,
        1.511,
        -21,
        1.756,
        -19.502,
        2,
        -18.811
      ]
    },
    {
      "Target": "Parameter",
      "Id": "Param",
      "Segments": [
        0,
        0,
        2,
        0.5,
        0,
        0,
        0.667,
        -30,
        2,
        2,
        -30
      ]
    },
    {
      "Target": "Parameter",
      "Id": "PantsString_Shaking",
      "Segments": [
        0,
        0,
        0,
        0.3,
        10,
        0,
        0.8,
        -6,
        0,
        1.567,
        9,
        1,
        1.711,
        9,
        1.856,
        6.249,
        2,
        2.471
      ]
    },
    {
      "Target": "Parameter",
      "Id": "LegR_Roll",
      "Segments": [
        0,
        0,
        2,
        0.467,
        0,
        0,
        1.167,
        -7,
        2,
        2,
        -7
      ]
    },
    {
      "Target": "Parameter",
      "Id": "LegL_Roll",
      "Segments": [
        0,
        0,
        2,
        0.467,
        0,
        0,
        1.167,
        7,
        2,
        2,
        7
      ]
    },
    {
      "Target": "Parameter",
      "Id": "Lowerbody_Roll",
      "Segments": [
        0,
        0,
        2,
        0.567,
        0,
        0,
        1.167,
        -6,
        2,
        2,
        -6
      ]
    },
    {
      "Target": "PartOpacity",
      "Id": "Part20",
      "Segments": [
        0,
        1,
        2,
        2,
        1
      ]
    },
    {
      "Target": "PartOpacity",
      "Id": "Part2",
      "Segments": [
        0,
        1,
        2,
        2,
        1
      ]
    },
    {
      "Target": "PartOpacity",
      "Id": "Part3",
      "Segments": [
        0,
        1,
        2,
        2,
        1
      ]
    },
    {
      "Target": "PartOpacity",
      "Id": "Part10",
      "Segments": [
        0,
        1,
        2,
        2,
        1
      ]
    },
    {
      "Target": "PartOpacity",
      "Id": "Part4",
      "Segments": [
        0,
        1,
        2,
        2,
        1
      ]
    },
    {
      "Target": "PartOpacity",
      "Id": "Part9",
      "Segments": [
        0,
        0,
        2,
        0.03,
        1,
        2,
        2,
        1
      ]
    },
    {
      "Target": "PartOpacity",
      "Id": "Part5",
      "Segments": [
        0,
        1,
        2,
        2,
        1
      ]
    },
    {
      "Target": "PartOpacity",
      "Id": "Part6",
      "Segments": [
        0,
        1,
        2,
        2,
        1
      ]
    },
    {
      "Target": "PartOpacity",
      "Id": "Part39",
      "Segments": [
        0,
        1,
        2,
        2,
        1
      ]
    },
    {
      "Target": "PartOpacity",
      "Id": "Part7",
      "Segments": [
        0,
        1,
        2,
        2,
        1
      ]
    },
    {
      "Target": "PartOpacity",
      "Id": "Part40",
      "Segments": [
        0,
        1,
        2,
        2,
        1
      ]
    },
    {
      "Target": "PartOpacity",
      "Id": "Part33",
      "Segments": [
        0,
        0,
        2,
        2,
        0
      ]
    },
    {
      "Target": "PartOpacity",
      "Id": "Part34",
      "Segments": [
        0,
        0,
        2,
        2,
        0
      ]
    },
    {
      "Target": "PartOpacity",
      "Id": "Part8",
      "Segments": [
        0,
        1,
        2,
        2,
        1
      ]
    },
    {
      "Target": "PartOpacity",
      "Id": "Part11",
      "Segments": [
        0,
        1,
        2,
        2,
        1
      ]
    },
    {
      "Target": "PartOpacity",
      "Id": "Part",
      "Segments": [
        0,
        0,
        2,
        2,
        0
      ]
    },
    {
      "Target": "PartOpacity",
      "Id": "Part15",
      "Segments": [
        0,
        1,
        2,
        2,
        1
      ]
    },
    {
      "Target": "PartOpacity",
      "Id": "Part37",
      "Segments": [
        0,
        1,
        2,
        2,
        1
      ]
    },
    {
      "Target": "PartOpacity",
      "Id": "Part16",
      "Segments": [
        0,
        1,
        2,
        2,
        1
      ]
    },
    {
      "Target": "PartOpacity",
      "Id": "Part32",
      "Segments": [
        0,
        0,
        2,
        2,
        0
      ]
    },
    {
      "Target": "PartOpacity",
      "Id": "Part17",
      "Segments": [
        0,
        1,
        2,
        2,
        1
      ]
    },
    {
      "Target": "PartOpacity",
      "Id": "Part19",
      "Segments": [
        0,
        1,
        2,
        2,
        1
      ]
    },
    {
      "Target": "PartOpacity",
      "Id": "Part42",
      "Segments": [
        0,
        1,
        2,
        2,
        1
      ]
    },
    {
      "Target": "PartOpacity",
      "Id": "Part21",
      "Segments": [
        0,
        1,
        2,
        2,
        1
      ]
    },
    {
      "Target": "PartOpacity",
      "Id": "Part29",
      "Segments": [
        0,
        1,
        2,
        2,
        1
      ]
    },
    {
      "Target": "PartOpacity",
      "Id": "Part30",
      "Segments": [
        0,
        0,
        2,
        2,
        0
      ]
    },
    {
      "Target": "PartOpacity",
      "Id": "Part23",
      "Segments": [
        0,
        1,
        2,
        2,
        1
      ]
    },
    {
      "Target": "PartOpacity",
      "Id": "Part13",
      "Segments": [
        0,
        1,
        2,
        2,
        1
      ]
    },
    {
      "Target": "PartOpacity",
      "Id": "Part18",
      "Segments": [
        0,
        1,
        2,
        2,
        1
      ]
    },
    {
      "Target": "PartOpacity",
      "Id": "Part14",
      "Segments": [
        0,
        1,
        2,
        2,
        1
      ]
    },
    {
      "Target": "PartOpacity",
      "Id": "Part12",
      "Segments": [
        0,
        1,
        2,
        2,
        1
      ]
    },
    {
      "Target": "Model",
      "Id": "Opacity",
      "Segments": [
        0,
        1,
        0,
        2,
        1
      ]
    },
    {
      "Target": "Parameter",
      "Id": "BodyX",
      "Segments": [
        0,
        0,
        0,
        2,
        0
      ]
    },
    {
      "Target": "Parameter",
      "Id": "Head_RollY",
      "Segments": [
        0,
        0,
        0,
        2,
        0
      ]
    },
    {
      "Target": "Parameter",
      "Id": "Sweat",
      "Segments": [
        0,
        0,
        0,
        2,
        0
      ]
    },
    {
      "Target": "Parameter",
      "Id": "BrowR_Form2",
      "Segments": [
        0,
        1,
        0,
        2,
        1
      ]
    },
    {
      "Target": "Parameter",
      "Id": "BrowL_Form2",
      "Segments": [
        0,
        1,
        0,
        2,
        1
      ]
    },
    {
      "Target": "Parameter",
      "Id": "Eyeball_Size",
      "Segments": [
        0,
        0,
        0,
        2,
        0
      ]
    },
    {
      "Target": "Parameter",
      "Id": "HighlightX",
      "Segments": [
        0,
        0,
        0,
        2,
        0
      ]
    },
    {
      "Target": "Parameter",
      "Id": "EyeR_Smile",
      "Segments": [
        0,
        0.5,
        0,
        2,
        0.5
      ]
    },
    {
      "Target": "Parameter",
      "Id": "EyeL_Smile",
      "Segments": [
        0,
        0.5,
        0,
        2,
        0.5
      ]
    },
    {
      "Target": "Parameter",
      "Id": "Smile_Form",
      "Segments": [
        0,
        1,
        0,
        2,
        1
      ]
    },
    {
      "Target": "Parameter",
      "Id": "MouthForm3",
      "Segments": [
        0,
        0,
        0,
        2,
        0
      ]
    },
    {
      "Target": "Parameter",
      "Id": "Mouth_Open",
      "Segments": [
        0,
        1,
        0,
        2,
        1
      ]
    },
    {
      "Target": "Parameter",
      "Id": "Param5",
      "Segments": [
        0,
        0,
        0,
        2,
        0
      ]
    },
    {
      "Target": "Parameter",
      "Id": "Param2",
      "Segments": [
        0,
        -30,
        0,
        2,
        -30
      ]
    },
    {
      "Target": "Parameter",
      "Id": "ArmR_Form",
      "Segments": [
        0,
        0,
        0,
        2,
        0
      ]
    },
    {
      "Target": "Parameter",
      "Id": "Param4",
      "Segments": [
        0,
        0,
        0,
        2,
        0
      ]
    }
  ],
  "UserData": [
    {
      "Time": 0.0,
      "Value": ""
    }
  ]
}