{
  "Version": 3,
  "Meta": {
    "Duration": 2.0,
    "Fps": 30.0,
    "Loop": true,
    "AreBeziersRestricted": true,
    "CurveCount": 91,
    "TotalSegmentCount": 199,
    "TotalPointCount": 309,
    "UserDataCount": 1,
    "TotalUserDataSize": 0
  },
  "Curves": [
    {
      "Target": "Parameter",
      "Id": "Breath",
      "Segments": [
        0,
        0,
        0,
        0.5,
        0.23,
        0,
        1.333,
        0,
        2,
        2,
        0
      ]
    },
    {
      "Target": "Parameter",
      "Id": "Body_Shaking",
      "Segments": [
        0,
        0,
        0,
        0.433,
        6.944,
        0,
        1.333,
        -5.83,
        1,
        1.555,
        -5.83,
        1.778,
        -1.785,
        2,
        0
      ]
    },
    {
      "Target": "Parameter",
      "Id": "BodyY",
      "Segments": [
        0,
        0,
        0,
        0.133,
        -8,
        0,
        0.5,
        6.008,
        1,
        0.578,
        6.008,
        0.655,
        -3.084,
        0.733,
        -5.055,
        1,
        0.811,
        -7.026,
        0.889,
        -6.901,
        0.967,
        -6.901,
        1,
        1.145,
        -6.901,
        1.322,
        -2.039,
        1.5,
        -0.569,
        1,
        1.667,
        0.372,
        1.833,
        0,
        2,
        0
      ]
    },
    {
      "Target": "Parameter",
      "Id": "Body_Twist",
      "Segments": [
        0,
        25,
        0,
        0.667,
        29,
        2,
        2,
        29
      ]
    },
    {
      "Target": "Parameter",
      "Id": "Body_Pose1",
      "Segments": [
        0,
        0,
        0,
        0.367,
        13.708,
        0,
        0.933,
        5.397,
        0,
        2,
        6.708
      ]
    },
    {
      "Target": "Parameter",
      "Id": "Waist_Roll",
      "Segments": [
        0,
        0,
        0,
        0.4,
        3,
        1,
        0.511,
        3,
        0.622,
        0.718,
        0.733,
        0,
        1,
        0.789,
        -0.359,
        0.844,
        -0.24,
        0.9,
        -0.24,
        0,
        1.2,
        0,
        2,
        2,
        0
      ]
    },
    {
      "Target": "Parameter",
      "Id": "String_Shaiking",
      "Segments": [
        0,
        0,
        0,
        0.433,
        9,
        1,
        0.622,
        9,
        0.811,
        -7.733,
        1,
        -11,
        1,
        1.278,
        -16.919,
        1.555,
        2,
        1.833,
        2,
        1,
        1.889,
        2,
        1.944,
        2.103,
        2,
        1.6
      ]
    },
    {
      "Target": "Parameter",
      "Id": "Head_AngleX",
      "Segments": [
        0,
        20,
        0,
        0.133,
        -2,
        1,
        0.222,
        -2,
        0.311,
        -2.424,
        0.4,
        0,
        1,
        0.511,
        3.03,
        0.622,
        29,
        0.733,
        29,
        2,
        2,
        29
      ]
    },
    {
      "Target": "Parameter",
      "Id": "Head_AngleY",
      "Segments": [
        0,
        0,
        0,
        0.133,
        -8,
        0,
        0.4,
        9,
        0,
        0.733,
        -8.192,
        1,
        0.811,
        -8.192,
        0.889,
        -4.962,
        0.967,
        -3.118,
        1,
        1.156,
        1.361,
        1.344,
        2.616,
        1.533,
        2.616,
        0,
        2,
        0
      ]
    },
    {
      "Target": "Parameter",
      "Id": "Head_Roll",
      "Segments": [
        0,
        0,
        1,
        0.133,
        0,
        0.267,
        0.135,
        0.4,
        1.5,
        1,
        0.511,
        2.637,
        0.622,
        4.62,
        0.733,
        4.62,
        1,
        1.155,
        4.62,
        1.578,
        3.277,
        2,
        2
      ]
    },
    {
      "Target": "Parameter",
      "Id": "EyeBallX",
      "Segments": [
        0,
        0,
        2,
        0.533,
        0,
        0,
        1.2,
        0.1,
        2,
        2,
        0.1
      ]
    },
    {
      "Target": "Parameter",
      "Id": "EyeBallY",
      "Segments": [
        0,
        0,
        0,
        0.533,
        0.2,
        0,
        1.2,
        -0.2,
        2,
        2,
        -0.2
      ]
    },
    {
      "Target": "Parameter",
      "Id": "BrowRY",
      "Segments": [
        0,
        0,
        0,
        0.567,
        -0.7,
        0,
        2,
        -0.4
      ]
    },
    {
      "Target": "Parameter",
      "Id": "BrowLY",
      "Segments": [
        0,
        0,
        0,
        0.567,
        -0.4,
        0,
        2,
        -0.3
      ]
    },
    {
      "Target": "Parameter",
      "Id": "BrowR_Form",
      "Segments": [
        0,
        0,
        0,
        0.467,
        -0.8,
        0,
        2,
        -0.3
      ]
    },
    {
      "Target": "Parameter",
      "Id": "BrowR_Form2",
      "Segments": [
        0,
        1,
        0,
        2,
        0
      ]
    },
    {
      "Target": "Parameter",
      "Id": "BrowL_Form",
      "Segments": [
        0,
        0,
        0,
        0.467,
        -0.8,
        0,
        2,
        -0.7
      ]
    },
    {
      "Target": "Parameter",
      "Id": "BrowL_Form2",
      "Segments": [
        0,
        1,
        0,
        2,
        0.4
      ]
    },
    {
      "Target": "Parameter",
      "Id": "BrowR_Angle",
      "Segments": [
        0,
        0,
        1,
        0.222,
        0,
        0.445,
        0.05,
        0.667,
        0.2,
        1,
        1.111,
        0.5,
        1.556,
        0.68,
        2,
        0.68
      ]
    },
    {
      "Target": "Parameter",
      "Id": "BrowL_Angle",
      "Segments": [
        0,
        0,
        1,
        0.222,
        0,
        0.445,
        -0.109,
        0.667,
        -0.2,
        1,
        1.111,
        -0.382,
        1.556,
        -0.436,
        2,
        -0.436
      ]
    },
    {
      "Target": "Parameter",
      "Id": "EyeR_Open",
      "Segments": [
        0,
        1,
        0,
        0.267,
        0,
        2,
        0.467,
        0,
        0,
        0.667,
        1,
        2,
        2,
        1
      ]
    },
    {
      "Target": "Parameter",
      "Id": "EyeL_Open",
      "Segments": [
        0,
        1,
        0,
        0.267,
        0,
        2,
        0.467,
        0,
        0,
        0.667,
        1,
        2,
        2,
        1
      ]
    },
    {
      "Target": "Parameter",
      "Id": "MouthForm3",
      "Segments": [
        0,
        0,
        0,
        1,
        -30,
        2,
        2,
        -30
      ]
    },
    {
      "Target": "Parameter",
      "Id": "MouthForm2",
      "Segments": [
        0,
        0,
        0,
        0.333,
        -30,
        2,
        1,
        -30,
        2,
        2,
        -30
      ]
    },
    {
      "Target": "Parameter",
      "Id": "MouthForm",
      "Segments": [
        0,
        0,
        1,
        0.111,
        0,
        0.222,
        -15.722,
        0.333,
        -20,
        1,
        0.555,
        -28.556,
        0.778,
        -30,
        1,
        -30,
        0,
        2,
        -20
      ]
    },
    {
      "Target": "Parameter",
      "Id": "Mouth_Size",
      "Segments": [
        0,
        0.5,
        0,
        0.667,
        0.3,
        2,
        1,
        0.3,
        2,
        2,
        0.3
      ]
    },
    {
      "Target": "Parameter",
      "Id": "Hair_Move",
      "Segments": [
        0,
        0,
        0,
        0.433,
        8,
        0,
        0.933,
        -9,
        0,
        1.533,
        12.68,
        1,
        1.689,
        12.68,
        1.844,
        6.2,
        2,
        2.02
      ]
    },
    {
      "Target": "Parameter",
      "Id": "HairFront_Move",
      "Segments": [
        0,
        0,
        0,
        0.433,
        0.5,
        0,
        0.933,
        -0.3,
        1,
        1.133,
        -0.3,
        1.333,
        0.378,
        1.533,
        0.446,
        1,
        1.689,
        0.485,
        1.844,
        0.485,
        2,
        0.436
      ]
    },
    {
      "Target": "Parameter",
      "Id": "HairSide_Move",
      "Segments": [
        0,
        0,
        0,
        0.433,
        0.5,
        0,
        0.933,
        -0.3,
        1,
        1.166,
        -0.3,
        1.4,
        0.312,
        1.633,
        0.43,
        1,
        1.678,
        0.447,
        1.722,
        0.466,
        1.767,
        0.466,
        1,
        1.845,
        0.466,
        1.922,
        0.423,
        2,
        0.373
      ]
    },
    {
      "Target": "Parameter",
      "Id": "HairBack_Move",
      "Segments": [
        0,
        0,
        0,
        0.433,
        0.5,
        0,
        0.933,
        -0.3,
        0,
        1.667,
        0.314,
        1,
        1.778,
        0.314,
        1.889,
        0.301,
        2,
        0.217
      ]
    },
    {
      "Target": "Parameter",
      "Id": "ShoulderRY",
      "Segments": [
        0,
        0,
        0,
        0.667,
        14,
        0,
        1.4,
        12,
        2,
        2,
        12
      ]
    },
    {
      "Target": "Parameter",
      "Id": "ShoulderLY",
      "Segments": [
        0,
        0,
        0,
        0.667,
        2,
        0,
        1.2,
        0,
        2,
        2,
        0
      ]
    },
    {
      "Target": "Parameter",
      "Id": "ShoulderR_Roll",
      "Segments": [
        0,
        3,
        1,
        0.033,
        3,
        0.067,
        -0.214,
        0.1,
        -1.05,
        1,
        0.211,
        -3.838,
        0.322,
        -4.6,
        0.433,
        -4.6,
        1,
        0.566,
        -4.6,
        0.7,
        -3.502,
        0.833,
        -3.5,
        1,
        1.222,
        -3.494,
        1.611,
        -3.497,
        2,
        -3.487
      ]
    },
    {
      "Target": "Parameter",
      "Id": "ShoulderL_Roll",
      "Segments": [
        0,
        11,
        1,
        0.111,
        11,
        0.222,
        11.096,
        0.333,
        10,
        1,
        0.5,
        8.356,
        0.666,
        1.309,
        0.833,
        1.11,
        1,
        1.222,
        0.644,
        1.611,
        0.235,
        2,
        0.11
      ]
    },
    {
      "Target": "Parameter",
      "Id": "ArmR_Roll",
      "Segments": [
        0,
        -3,
        1,
        0.056,
        -3,
        0.111,
        -1.948,
        0.167,
        0.997,
        1,
        0.389,
        12.778,
        0.611,
        34.459,
        0.833,
        37.318,
        1,
        1.033,
        39.891,
        1.233,
        39.518,
        1.433,
        39.518,
        0,
        2,
        39.112
      ]
    },
    {
      "Target": "Parameter",
      "Id": "Param5",
      "Segments": [
        0,
        0,
        2,
        0.133,
        30,
        2,
        2,
        30
      ]
    },
    {
      "Target": "Parameter",
      "Id": "ArmL_Roll",
      "Segments": [
        0,
        17,
        1,
        0.122,
        17,
        0.245,
        11.227,
        0.367,
        9,
        1,
        0.522,
        6.166,
        0.678,
        3.226,
        0.833,
        2.974,
        1,
        1.222,
        2.345,
        1.611,
        2.274,
        2,
        2.274
      ]
    },
    {
      "Target": "Parameter",
      "Id": "ArmR_Form2",
      "Segments": [
        0,
        0,
        2,
        0.2,
        0,
        1,
        0.356,
        0,
        0.511,
        -8.392,
        0.667,
        -9,
        1,
        1.111,
        -10.738,
        1.556,
        -11,
        2,
        -11
      ]
    },
    {
      "Target": "Parameter",
      "Id": "ArmR_Form",
      "Segments": [
        0,
        0,
        2,
        0.2,
        0,
        1,
        0.233,
        0,
        0.267,
        -10.049,
        0.3,
        -14,
        1,
        0.422,
        -28.488,
        0.545,
        -33,
        0.667,
        -33,
        2,
        2,
        -33
      ]
    },
    {
      "Target": "Parameter",
      "Id": "ArmL_Form2",
      "Segments": [
        0,
        -10,
        0,
        0.967,
        -21,
        2,
        2,
        -21
      ]
    },
    {
      "Target": "Parameter",
      "Id": "ArmL_Form",
      "Segments": [
        0,
        -33,
        1,
        0.1,
        -33,
        0.2,
        -30.516,
        0.3,
        -25,
        1,
        0.478,
        -15.194,
        0.655,
        -10,
        0.833,
        -10,
        1,
        1.222,
        -10,
        1.611,
        -12.466,
        2,
        -13
      ]
    },
    {
      "Target": "Parameter",
      "Id": "Param4",
      "Segments": [
        0,
        0,
        2,
        0.5,
        0,
        1,
        0.644,
        0,
        0.789,
        -5.99,
        0.933,
        -10,
        1,
        1.066,
        -13.702,
        1.2,
        -14,
        1.333,
        -14,
        2,
        2,
        -14
      ]
    },
    {
      "Target": "Parameter",
      "Id": "HandR_Roll",
      "Segments": [
        0,
        0,
        2,
        0.167,
        0,
        1,
        0.389,
        0,
        0.611,
        9.408,
        0.833,
        12,
        1,
        1.222,
        16.537,
        1.611,
        17.012,
        2,
        17.012
      ]
    },
    {
      "Target": "Parameter",
      "Id": "HandL_Roll",
      "Segments": [
        0,
        -17,
        0,
        0.133,
        0,
        0,
        0.4,
        -5.202,
        2,
        2,
        -5.202
      ]
    },
    {
      "Target": "Parameter",
      "Id": "PantsString_Shaking",
      "Segments": [
        0,
        0,
        0,
        0.267,
        4,
        0,
        0.967,
        -8,
        0,
        1.7,
        4,
        1,
        1.8,
        4,
        1.9,
        3.199,
        2,
        1.6
      ]
    },
    {
      "Target": "Parameter",
      "Id": "LegR_Roll",
      "Segments": [
        0,
        0,
        0,
        0.667,
        -3,
        2,
        2,
        -3
      ]
    },
    {
      "Target": "Parameter",
      "Id": "LegL_Roll",
      "Segments": [
        0,
        0,
        0,
        0.667,
        5,
        2,
        2,
        5
      ]
    },
    {
      "Target": "PartOpacity",
      "Id": "Part20",
      "Segments": [
        0,
        1,
        2,
        2,
        1
      ]
    },
    {
      "Target": "PartOpacity",
      "Id": "Part2",
      "Segments": [
        0,
        1,
        2,
        2,
        1
      ]
    },
    {
      "Target": "PartOpacity",
      "Id": "Part3",
      "Segments": [
        0,
        1,
        2,
        2,
        1
      ]
    },
    {
      "Target": "PartOpacity",
      "Id": "Part10",
      "Segments": [
        0,
        1,
        2,
        2,
        1
      ]
    },
    {
      "Target": "PartOpacity",
      "Id": "Part4",
      "Segments": [
        0,
        1,
        2,
        2,
        1
      ]
    },
    {
      "Target": "PartOpacity",
      "Id": "Part9",
      "Segments": [
        0,
        0,
        2,
        0.03,
        1,
        2,
        2,
        1
      ]
    },
    {
      "Target": "PartOpacity",
      "Id": "Part5",
      "Segments": [
        0,
        1,
        2,
        2,
        1
      ]
    },
    {
      "Target": "PartOpacity",
      "Id": "Part6",
      "Segments": [
        0,
        1,
        2,
        2,
        1
      ]
    },
    {
      "Target": "PartOpacity",
      "Id": "Part39",
      "Segments": [
        0,
        1,
        2,
        2,
        1
      ]
    },
    {
      "Target": "PartOpacity",
      "Id": "Part7",
      "Segments": [
        0,
        1,
        2,
        2,
        1
      ]
    },
    {
      "Target": "PartOpacity",
      "Id": "Part40",
      "Segments": [
        0,
        1,
        2,
        2,
        1
      ]
    },
    {
      "Target": "PartOpacity",
      "Id": "Part33",
      "Segments": [
        0,
        1,
        2,
        0.63,
        1,
        2,
        2,
        1
      ]
    },
    {
      "Target": "PartOpacity",
      "Id": "Part34",
      "Segments": [
        0,
        1,
        2,
        2,
        1
      ]
    },
    {
      "Target": "PartOpacity",
      "Id": "Part8",
      "Segments": [
        0,
        1,
        2,
        0.67,
        1,
        2,
        2,
        1
      ]
    },
    {
      "Target": "PartOpacity",
      "Id": "Part11",
      "Segments": [
        0,
        1,
        2,
        0.5,
        0,
        2,
        2,
        0
      ]
    },
    {
      "Target": "PartOpacity",
      "Id": "Part",
      "Segments": [
        0,
        0,
        2,
        0.37,
        0,
        0,
        0.5,
        1,
        2,
        2,
        1
      ]
    },
    {
      "Target": "PartOpacity",
      "Id": "Part15",
      "Segments": [
        0,
        1,
        2,
        2,
        1
      ]
    },
    {
      "Target": "PartOpacity",
      "Id": "Part37",
      "Segments": [
        0,
        1,
        2,
        2,
        1
      ]
    },
    {
      "Target": "PartOpacity",
      "Id": "Part16",
      "Segments": [
        0,
        1,
        2,
        2,
        1
      ]
    },
    {
      "Target": "PartOpacity",
      "Id": "Part32",
      "Segments": [
        0,
        1,
        2,
        2,
        1
      ]
    },
    {
      "Target": "PartOpacity",
      "Id": "Part17",
      "Segments": [
        0,
        1,
        2,
        2,
        1
      ]
    },
    {
      "Target": "PartOpacity",
      "Id": "Part19",
      "Segments": [
        0,
        1,
        2,
        2,
        1
      ]
    },
    {
      "Target": "PartOpacity",
      "Id": "Part42",
      "Segments": [
        0,
        1,
        2,
        2,
        1
      ]
    },
    {
      "Target": "PartOpacity",
      "Id": "Part21",
      "Segments": [
        0,
        1,
        2,
        2,
        1
      ]
    },
    {
      "Target": "PartOpacity",
      "Id": "Part29",
      "Segments": [
        0,
        1,
        2,
        2,
        1
      ]
    },
    {
      "Target": "PartOpacity",
      "Id": "Part30",
      "Segments": [
        0,
        1,
        2,
        2,
        1
      ]
    },
    {
      "Target": "PartOpacity",
      "Id": "Part23",
      "Segments": [
        0,
        1,
        2,
        2,
        1
      ]
    },
    {
      "Target": "PartOpacity",
      "Id": "Part13",
      "Segments": [
        0,
        1,
        2,
        0.37,
        1,
        2,
        2,
        1
      ]
    },
    {
      "Target": "PartOpacity",
      "Id": "Part18",
      "Segments": [
        0,
        1,
        2,
        2,
        1
      ]
    },
    {
      "Target": "PartOpacity",
      "Id": "Part14",
      "Segments": [
        0,
        1,
        2,
        2,
        1
      ]
    },
    {
      "Target": "PartOpacity",
      "Id": "Part12",
      "Segments": [
        0,
        1,
        2,
        2,
        1
      ]
    },
    {
      "Target": "Model",
      "Id": "Opacity",
      "Segments": [
        0,
        1,
        0,
        2,
        1
      ]
    },
    {
      "Target": "Parameter",
      "Id": "BodyX",
      "Segments": [
        0,
        0,
        0,
        2,
        0
      ]
    },
    {
      "Target": "Parameter",
      "Id": "Head_RollY",
      "Segments": [
        0,
        0,
        0,
        2,
        0
      ]
    },
    {
      "Target": "Parameter",
      "Id": "Sweat",
      "Segments": [
        0,
        0,
        0,
        2,
        0
      ]
    },
    {
      "Target": "Parameter",
      "Id": "Eyeball_Size",
      "Segments": [
        0,
        0,
        0,
        2,
        0
      ]
    },
    {
      "Target": "Parameter",
      "Id": "HighlightX",
      "Segments": [
        0,
        0,
        0,
        2,
        0
      ]
    },
    {
      "Target": "Parameter",
      "Id": "EyeR_Smile",
      "Segments": [
        0,
        0.5,
        0,
        2,
        0.5
      ]
    },
    {
      "Target": "Parameter",
      "Id": "EyeL_Smile",
      "Segments": [
        0,
        0.5,
        0,
        2,
        0.5
      ]
    },
    {
      "Target": "Parameter",
      "Id": "Smile_Form",
      "Segments": [
        0,
        1,
        0,
        2,
        1
      ]
    },
    {
      "Target": "Parameter",
      "Id": "Mouth_Open",
      "Segments": [
        0,
        1,
        0,
        2,
        1
      ]
    },
    {
      "Target": "Parameter",
      "Id": "Param2",
      "Segments": [
        0,
        -30,
        0,
        2,
        -30
      ]
    },
    {
      "Target": "Parameter",
      "Id": "Param",
      "Segments": [
        0,
        0,
        0,
        2,
        0
      ]
    },
    {
      "Target": "Parameter",
      "Id": "Lowerbody_Roll",
      "Segments": [
        0,
        0,
        0,
        2,
        0
      ]
    }
  ],
  "UserData": [
    {
      "Time": 0.0,
      "Value": ""
    }
  ]
}