{
  "Version": 3,
  "Meta": {
    "Duration": 8.0,
    "Fps": 30.0,
    "Loop": true,
    "AreBeziersRestricted": true,
    "CurveCount": 90,
    "TotalSegmentCount": 195,
    "TotalPointCount": 323,
    "UserDataCount": 1,
    "TotalUserDataSize": 0
  },
  "Curves": [
    {
      "Target": "Parameter",
      "Id": "Breath",
      "Segments": [
        0,
        0.1,
        0,
        1.767,
        0.413,
        0,
        4.2,
        0,
        0,
        5.967,
        0.5,
        0,
        8,
        0.1
      ]
    },
    {
      "Target": "Parameter",
      "Id": "Body_Shaking",
      "Segments": [
        0,
        0,
        1,
        0.667,
        0.597,
        1.333,
        1.194,
        2,
        2,
        1,
        2.333,
        2.526,
        2.667,
        3,
        3,
        3,
        0,
        5.133,
        1,
        0,
        6.7,
        5,
        0,
        8,
        0
      ]
    },
    {
      "Target": "Parameter",
      "Id": "Body_Twist",
      "Segments": [
        0,
        -2,
        1,
        0.778,
        -2,
        1.555,
        -2.53,
        2.333,
        -9,
        1,
        2.866,
        -13.437,
        3.4,
        -25,
        3.933,
        -25,
        1,
        4.711,
        -25,
        5.489,
        -9.916,
        6.267,
        -5,
        1,
        6.845,
        -1.348,
        7.422,
        -2,
        8,
        -2
      ]
    },
    {
      "Target": "Parameter",
      "Id": "Body_Pose1",
      "Segments": [
        0,
        0,
        0,
        2.1,
        16,
        0,
        3.767,
        0,
        0,
        6,
        15,
        0,
        8,
        0
      ]
    },
    {
      "Target": "Parameter",
      "Id": "Waist_Roll",
      "Segments": [
        0,
        -5,
        1,
        0.689,
        -4.272,
        1.378,
        -3.137,
        2.067,
        -3,
        1,
        3.467,
        -2.722,
        4.867,
        -2.7,
        6.267,
        -2.7,
        0,
        7.267,
        -6,
        0,
        8,
        -5
      ]
    },
    {
      "Target": "Parameter",
      "Id": "Head_AngleX",
      "Segments": [
        0,
        -23,
        2,
        0.733,
        -23,
        1,
        1.033,
        -23,
        1.333,
        -11.737,
        1.633,
        -10,
        1,
        2.2,
        -6.719,
        2.766,
        -6.767,
        3.333,
        -3,
        1,
        3.822,
        0.25,
        4.311,
        16,
        4.8,
        16,
        1,
        5.289,
        16,
        5.778,
        7.761,
        6.267,
        -4,
        1,
        6.845,
        -17.899,
        7.422,
        -23,
        8,
        -23
      ]
    },
    {
      "Target": "Parameter",
      "Id": "Head_AngleY",
      "Segments": [
        0,
        1,
        2,
        0.733,
        1,
        0,
        1.633,
        6,
        1,
        2.2,
        6,
        2.766,
        -0.703,
        3.333,
        -9,
        1,
        3.822,
        -16.158,
        4.311,
        -18,
        4.8,
        -18,
        0,
        6.267,
        16,
        0,
        8,
        1
      ]
    },
    {
      "Target": "Parameter",
      "Id": "Head_Roll",
      "Segments": [
        0,
        -10,
        1,
        0.556,
        -10,
        1.111,
        -10.211,
        1.667,
        -9,
        1,
        2.245,
        -7.741,
        2.822,
        0,
        3.4,
        0,
        1,
        3.867,
        0,
        4.333,
        -0.576,
        4.8,
        -1.66,
        1,
        5.289,
        -2.795,
        5.778,
        -3.345,
        6.267,
        -5,
        1,
        6.845,
        -6.956,
        7.422,
        -10,
        8,
        -10
      ]
    },
    {
      "Target": "Parameter",
      "Id": "HeadY",
      "Segments": [
        0,
        -4,
        0,
        3.4,
        -6,
        0,
        8,
        -4
      ]
    },
    {
      "Target": "Parameter",
      "Id": "EyeBallX",
      "Segments": [
        0,
        0.4,
        0,
        1.533,
        0.1,
        2,
        3.2,
        0.1,
        2,
        4.667,
        0.1,
        0,
        8,
        0.4
      ]
    },
    {
      "Target": "Parameter",
      "Id": "EyeBallY",
      "Segments": [
        0,
        0.1,
        1,
        0.511,
        0.171,
        1.022,
        0.2,
        1.533,
        0.2,
        2,
        3.2,
        0.2,
        0,
        4.667,
        0.1,
        2,
        8,
        0.1
      ]
    },
    {
      "Target": "Parameter",
      "Id": "Hair_Move",
      "Segments": [
        0,
        0,
        1,
        0.411,
        2.939,
        0.822,
        10,
        1.233,
        10,
        0,
        3.433,
        -1.837,
        1,
        3.844,
        -1.837,
        4.256,
        -2.018,
        4.667,
        0,
        1,
        5.045,
        1.854,
        5.422,
        10,
        5.8,
        10,
        0,
        7.4,
        -3.544,
        0,
        8,
        0
      ]
    },
    {
      "Target": "Parameter",
      "Id": "HairFront_Shaking",
      "Segments": [
        0,
        0,
        1,
        0.178,
        0.256,
        0.355,
        0.316,
        0.533,
        0.316,
        1,
        0.711,
        0.316,
        0.889,
        0.178,
        1.067,
        0.003,
        1,
        1.4,
        -0.324,
        1.734,
        -0.448,
        2.067,
        -0.448,
        0,
        3.2,
        0,
        0,
        4.533,
        -0.411,
        0,
        5.9,
        0.15,
        0,
        7.5,
        -0.346,
        0,
        8,
        0
      ]
    },
    {
      "Target": "Parameter",
      "Id": "HairSide_Shaking",
      "Segments": [
        0,
        0.2,
        1,
        0.144,
        0.518,
        0.289,
        0.572,
        0.433,
        0.572,
        1,
        0.655,
        0.572,
        0.878,
        0.384,
        1.1,
        0.2,
        1,
        1.411,
        -0.058,
        1.722,
        -0.126,
        2.033,
        -0.126,
        0,
        3.167,
        0.378,
        0,
        4.833,
        -0.517,
        0,
        5.8,
        0.378,
        0,
        7.367,
        -0.7,
        0,
        8,
        0.2
      ]
    },
    {
      "Target": "Parameter",
      "Id": "HairBack_Move",
      "Segments": [
        0,
        -0.2,
        1,
        0.156,
        -0.272,
        0.311,
        -0.257,
        0.467,
        -0.257,
        1,
        0.667,
        -0.257,
        0.867,
        -0.208,
        1.067,
        -0.1,
        1,
        1.434,
        0.097,
        1.8,
        0.2,
        2.167,
        0.2,
        0,
        3.1,
        -0.1,
        0,
        4.367,
        0.2,
        0,
        5.967,
        -0.257,
        0,
        7.133,
        0.304,
        0,
        8,
        -0.2
      ]
    },
    {
      "Target": "Parameter",
      "Id": "ShoulderR_Roll",
      "Segments": [
        0,
        1,
        1,
        0.556,
        1,
        1.111,
        -0.214,
        1.667,
        -0.62,
        1,
        2.245,
        -1.042,
        2.822,
        -1.329,
        3.4,
        -1.412,
        1,
        3.867,
        -1.479,
        4.333,
        -1.454,
        4.8,
        -1.52,
        1,
        5.289,
        -1.589,
        5.778,
        -2,
        6.267,
        -2,
        0,
        8,
        1
      ]
    },
    {
      "Target": "Parameter",
      "Id": "ShoulderRY",
      "Segments": [
        0,
        12,
        1,
        0.556,
        12.848,
        1.111,
        13.08,
        1.667,
        13.08,
        1,
        2.245,
        13.08,
        2.822,
        11.233,
        3.4,
        10,
        1,
        3.867,
        9.004,
        4.333,
        9,
        4.8,
        9,
        0,
        6.267,
        26,
        0,
        8,
        12
      ]
    },
    {
      "Target": "Parameter",
      "Id": "ArmR_Roll",
      "Segments": [
        0,
        17.5,
        0,
        1.667,
        17.481,
        1,
        2.245,
        17.481,
        2.822,
        17.523,
        3.4,
        17.6,
        1,
        3.867,
        17.662,
        4.333,
        17.69,
        4.8,
        17.69,
        1,
        5.289,
        17.69,
        5.778,
        17.656,
        6.267,
        17.598,
        1,
        6.845,
        17.53,
        7.422,
        17.5,
        8,
        17.5
      ]
    },
    {
      "Target": "Parameter",
      "Id": "ShoulderL_Roll",
      "Segments": [
        0,
        -5,
        0,
        1.667,
        -7.3,
        0,
        2.333,
        -7,
        1,
        2.689,
        -6.064,
        3.044,
        -5.128,
        3.4,
        -4.192,
        1,
        3.867,
        -4.192,
        4.333,
        -4.149,
        4.8,
        -4.32,
        1,
        5.289,
        -4.499,
        5.778,
        -10.26,
        6.267,
        -10.26,
        0,
        8,
        -5
      ]
    },
    {
      "Target": "Parameter",
      "Id": "ShoulderLY",
      "Segments": [
        0,
        0,
        1,
        0.556,
        0.794,
        1.111,
        1,
        1.667,
        1,
        1,
        2.245,
        1,
        2.822,
        -0.629,
        3.4,
        -4.203,
        1,
        3.867,
        -7.09,
        4.333,
        -8.704,
        4.8,
        -8.704,
        0,
        8,
        0
      ]
    },
    {
      "Target": "Parameter",
      "Id": "ArmL_Roll",
      "Segments": [
        0,
        4,
        1,
        0.556,
        4.073,
        1.111,
        4.143,
        1.667,
        4.143,
        1,
        2.245,
        4.143,
        2.822,
        3.824,
        3.4,
        3.612,
        1,
        3.867,
        3.441,
        4.333,
        3.44,
        4.8,
        3.44,
        0,
        6.267,
        4.046,
        0,
        8,
        4
      ]
    },
    {
      "Target": "Parameter",
      "Id": "ArmL_Scale",
      "Segments": [
        0,
        -10,
        1,
        0.556,
        -9.206,
        1.111,
        -9,
        1.667,
        -9,
        0,
        3.4,
        -14,
        1,
        3.867,
        -14,
        4.333,
        -13.641,
        4.8,
        -11,
        1,
        5.289,
        -8.233,
        5.778,
        -5,
        6.267,
        -5,
        0,
        8,
        -10
      ]
    },
    {
      "Target": "Parameter",
      "Id": "HandR_Roll",
      "Segments": [
        0,
        -17,
        1,
        0.556,
        -17,
        1.111,
        -16.388,
        1.667,
        -15.146,
        1,
        2.245,
        -13.855,
        2.822,
        -13.2,
        3.4,
        -13.2,
        1,
        3.867,
        -13.2,
        4.333,
        -13.301,
        4.8,
        -13.605,
        1,
        5.289,
        -13.923,
        5.778,
        -14.096,
        6.267,
        -14.69,
        1,
        6.845,
        -15.392,
        7.422,
        -17,
        8,
        -17
      ]
    },
    {
      "Target": "Parameter",
      "Id": "HandL_Roll",
      "Segments": [
        0,
        5,
        1,
        0.556,
        5.374,
        1.111,
        5.465,
        1.667,
        6,
        1,
        2.245,
        6.557,
        2.822,
        8.541,
        3.4,
        10,
        1,
        3.867,
        11.178,
        4.333,
        12,
        4.8,
        12,
        0,
        6.267,
        2,
        0,
        8,
        5
      ]
    },
    {
      "Target": "Parameter",
      "Id": "Lowerbody_Roll",
      "Segments": [
        0,
        8.934,
        0,
        1.367,
        -1.493,
        0,
        2.7,
        8.934,
        0,
        4.133,
        -1.493,
        0,
        5.4,
        8.934,
        0,
        6.933,
        -1.493,
        0,
        8,
        8.934
      ]
    },
    {
      "Target": "PartOpacity",
      "Id": "Part10",
      "Segments": [
        0,
        1,
        2,
        8,
        1
      ]
    },
    {
      "Target": "PartOpacity",
      "Id": "Part8",
      "Segments": [
        0,
        1,
        2,
        8,
        1
      ]
    },
    {
      "Target": "PartOpacity",
      "Id": "Part45",
      "Segments": [
        0,
        0,
        2,
        8,
        0
      ]
    },
    {
      "Target": "PartOpacity",
      "Id": "Part47",
      "Segments": [
        0,
        0,
        2,
        8,
        0
      ]
    },
    {
      "Target": "PartOpacity",
      "Id": "Part22",
      "Segments": [
        0,
        1,
        2,
        8,
        1
      ]
    },
    {
      "Target": "PartOpacity",
      "Id": "Part24",
      "Segments": [
        0,
        1,
        2,
        8,
        1
      ]
    },
    {
      "Target": "PartOpacity",
      "Id": "Part2",
      "Segments": [
        0,
        0,
        2,
        8,
        0
      ]
    },
    {
      "Target": "PartOpacity",
      "Id": "Part11",
      "Segments": [
        0,
        1,
        2,
        8,
        1
      ]
    },
    {
      "Target": "PartOpacity",
      "Id": "Part18",
      "Segments": [
        0,
        1,
        2,
        8,
        1
      ]
    },
    {
      "Target": "PartOpacity",
      "Id": "Part6",
      "Segments": [
        0,
        0,
        2,
        8,
        0
      ]
    },
    {
      "Target": "PartOpacity",
      "Id": "Part52",
      "Segments": [
        0,
        0,
        2,
        8,
        0
      ]
    },
    {
      "Target": "PartOpacity",
      "Id": "Part35",
      "Segments": [
        0,
        1,
        2,
        8,
        1
      ]
    },
    {
      "Target": "PartOpacity",
      "Id": "Part5",
      "Segments": [
        0,
        1,
        2,
        8,
        1
      ]
    },
    {
      "Target": "PartOpacity",
      "Id": "Part",
      "Segments": [
        0,
        0,
        2,
        8,
        0
      ]
    },
    {
      "Target": "PartOpacity",
      "Id": "Part4",
      "Segments": [
        0,
        1,
        2,
        8,
        1
      ]
    },
    {
      "Target": "PartOpacity",
      "Id": "Part27",
      "Segments": [
        0,
        0,
        2,
        8,
        0
      ]
    },
    {
      "Target": "PartOpacity",
      "Id": "Part3",
      "Segments": [
        0,
        0,
        2,
        8,
        0
      ]
    },
    {
      "Target": "PartOpacity",
      "Id": "Part29",
      "Segments": [
        0,
        0,
        2,
        8,
        0
      ]
    },
    {
      "Target": "PartOpacity",
      "Id": "Part36",
      "Segments": [
        0,
        1,
        2,
        8,
        1
      ]
    },
    {
      "Target": "PartOpacity",
      "Id": "Part23",
      "Segments": [
        0,
        1,
        2,
        8,
        1
      ]
    },
    {
      "Target": "PartOpacity",
      "Id": "Part7",
      "Segments": [
        0,
        1,
        2,
        8,
        1
      ]
    },
    {
      "Target": "PartOpacity",
      "Id": "Part12",
      "Segments": [
        0,
        1,
        2,
        8,
        1
      ]
    },
    {
      "Target": "PartOpacity",
      "Id": "Part13",
      "Segments": [
        0,
        1,
        2,
        8,
        1
      ]
    },
    {
      "Target": "PartOpacity",
      "Id": "Part14",
      "Segments": [
        0,
        1,
        2,
        8,
        1
      ]
    },
    {
      "Target": "PartOpacity",
      "Id": "Part15",
      "Segments": [
        0,
        1,
        2,
        8,
        1
      ]
    },
    {
      "Target": "PartOpacity",
      "Id": "Part16",
      "Segments": [
        0,
        1,
        2,
        8,
        1
      ]
    },
    {
      "Target": "PartOpacity",
      "Id": "Part17",
      "Segments": [
        0,
        1,
        2,
        8,
        1
      ]
    },
    {
      "Target": "PartOpacity",
      "Id": "Part31",
      "Segments": [
        0,
        1,
        2,
        8,
        1
      ]
    },
    {
      "Target": "PartOpacity",
      "Id": "Part9",
      "Segments": [
        0,
        0,
        2,
        8,
        0
      ]
    },
    {
      "Target": "PartOpacity",
      "Id": "Part32",
      "Segments": [
        0,
        1,
        2,
        8,
        1
      ]
    },
    {
      "Target": "PartOpacity",
      "Id": "Part33",
      "Segments": [
        0,
        1,
        2,
        8,
        1
      ]
    },
    {
      "Target": "PartOpacity",
      "Id": "Part34",
      "Segments": [
        0,
        0,
        2,
        8,
        0
      ]
    },
    {
      "Target": "PartOpacity",
      "Id": "Part19",
      "Segments": [
        0,
        1,
        2,
        8,
        1
      ]
    },
    {
      "Target": "PartOpacity",
      "Id": "Part20",
      "Segments": [
        0,
        1,
        2,
        8,
        1
      ]
    },
    {
      "Target": "PartOpacity",
      "Id": "Part21",
      "Segments": [
        0,
        1,
        2,
        8,
        1
      ]
    },
    {
      "Target": "PartOpacity",
      "Id": "Part25",
      "Segments": [
        0,
        1,
        2,
        8,
        1
      ]
    },
    {
      "Target": "PartOpacity",
      "Id": "Part26",
      "Segments": [
        0,
        1,
        2,
        8,
        1
      ]
    },
    {
      "Target": "PartOpacity",
      "Id": "Part28",
      "Segments": [
        0,
        1,
        2,
        8,
        1
      ]
    },
    {
      "Target": "PartOpacity",
      "Id": "Part30",
      "Segments": [
        0,
        1,
        2,
        8,
        1
      ]
    },
    {
      "Target": "Model",
      "Id": "Opacity",
      "Segments": [
        0,
        1,
        0,
        8,
        1
      ]
    },
    {
      "Target": "Parameter",
      "Id": "BodyY",
      "Segments": [
        0,
        0,
        0,
        8,
        0
      ]
    },
    {
      "Target": "Parameter",
      "Id": "BodyX",
      "Segments": [
        0,
        0,
        0,
        8,
        0
      ]
    },
    {
      "Target": "Parameter",
      "Id": "BrowRY",
      "Segments": [
        0,
        -0.2,
        0,
        8,
        -0.2
      ]
    },
    {
      "Target": "Parameter",
      "Id": "BrowRX",
      "Segments": [
        0,
        -0.1,
        0,
        8,
        -0.1
      ]
    },
    {
      "Target": "Parameter",
      "Id": "BrowLY",
      "Segments": [
        0,
        -0.3,
        0,
        8,
        -0.3
      ]
    },
    {
      "Target": "Parameter",
      "Id": "BrowLX",
      "Segments": [
        0,
        0,
        0,
        8,
        0
      ]
    },
    {
      "Target": "Parameter",
      "Id": "BrowR_Form",
      "Segments": [
        0,
        0,
        0,
        8,
        0
      ]
    },
    {
      "Target": "Parameter",
      "Id": "BrowL_Form",
      "Segments": [
        0,
        0,
        0,
        8,
        0
      ]
    },
    {
      "Target": "Parameter",
      "Id": "BrowR_Angle",
      "Segments": [
        0,
        0.3,
        0,
        8,
        0.3
      ]
    },
    {
      "Target": "Parameter",
      "Id": "BrowL_Angle",
      "Segments": [
        0,
        0.1,
        0,
        8,
        0.1
      ]
    },
    {
      "Target": "Parameter",
      "Id": "EyeR_Open",
      "Segments": [
        0,
        1,
        0,
        8,
        1
      ]
    },
    {
      "Target": "Parameter",
      "Id": "EyeR_Smile",
      "Segments": [
        0,
        0.7,
        0,
        8,
        0.7
      ]
    },
    {
      "Target": "Parameter",
      "Id": "EyeL_Open",
      "Segments": [
        0,
        1,
        0,
        8,
        1
      ]
    },
    {
      "Target": "Parameter",
      "Id": "EyeL_Smile",
      "Segments": [
        0,
        0.8,
        0,
        8,
        0.8
      ]
    },
    {
      "Target": "Parameter",
      "Id": "EyeBall_Size",
      "Segments": [
        0,
        0,
        0,
        8,
        0
      ]
    },
    {
      "Target": "Parameter",
      "Id": "Tooth",
      "Segments": [
        0,
        0,
        0,
        8,
        0
      ]
    },
    {
      "Target": "Parameter",
      "Id": "Mouth_Form",
      "Segments": [
        0,
        1,
        0,
        8,
        1
      ]
    },
    {
      "Target": "Parameter",
      "Id": "Mouth_Open",
      "Segments": [
        0,
        0.5,
        0,
        8,
        0.5
      ]
    },
    {
      "Target": "Parameter",
      "Id": "Mouth_Size",
      "Segments": [
        0,
        1,
        0,
        8,
        1
      ]
    },
    {
      "Target": "Parameter",
      "Id": "MouthY",
      "Segments": [
        0,
        0,
        0,
        8,
        0
      ]
    },
    {
      "Target": "Parameter",
      "Id": "MouthX",
      "Segments": [
        0,
        0,
        0,
        8,
        0
      ]
    },
    {
      "Target": "Parameter",
      "Id": "ShoulderR_Scale",
      "Segments": [
        0,
        27,
        0,
        8,
        27
      ]
    },
    {
      "Target": "Parameter",
      "Id": "ArmR_Scale",
      "Segments": [
        0,
        0,
        0,
        8,
        0
      ]
    },
    {
      "Target": "Parameter",
      "Id": "ShoulderL_Scale",
      "Segments": [
        0,
        30,
        0,
        8,
        30
      ]
    },
    {
      "Target": "Parameter",
      "Id": "HandR_move",
      "Segments": [
        0,
        0,
        0,
        8,
        0
      ]
    }
  ],
  "UserData": [
    {
      "Time": 0.0,
      "Value": ""
    }
  ]
}