{
  "Version": 3,
  "Meta": {
    "Duration": 8.67,
    "Fps": 30.0,
    "Loop": true,
    "AreBeziersRestricted": true,
    "CurveCount": 90,
    "TotalSegmentCount": 169,
    "TotalPointCount": 229,
    "UserDataCount": 1,
    "TotalUserDataSize": 0
  },
  "Curves": [
    {
      "Target": "Parameter",
      "Id": "Breath",
      "Segments": [
        0,
        0.583,
        0,
        0.8,
        0.221,
        0,
        1.767,
        0.7,
        0,
        2.867,
        0,
        0,
        3.833,
        0.7,
        0,
        5.033,
        0,
        0,
        6.4,
        0.7,
        0,
        7.567,
        0,
        0,
        8.667,
        0.583
      ]
    },
    {
      "Target": "Parameter",
      "Id": "Body_Shaking",
      "Segments": [
        0,
        16.719,
        1,
        0.244,
        21.809,
        0.489,
        23,
        0.733,
        23,
        1,
        1.1,
        23,
        1.466,
        23.109,
        1.833,
        22.861,
        1,
        2.489,
        22.416,
        3.144,
        9.704,
        3.8,
        0,
        1,
        4.644,
        -12.5,
        5.489,
        -24,
        6.333,
        -24,
        0,
        8.667,
        16.719
      ]
    },
    {
      "Target": "Parameter",
      "Id": "Body_Twist",
      "Segments": [
        0,
        3.134,
        1,
        0.133,
        1.761,
        0.267,
        0,
        0.4,
        0,
        0,
        2.3,
        27,
        1,
        2.811,
        27,
        3.322,
        26.651,
        3.833,
        14,
        1,
        4.522,
        -3.051,
        5.211,
        -27,
        5.9,
        -27,
        1,
        6.3,
        -27,
        6.7,
        -18.14,
        7.1,
        -4.088,
        1,
        7.622,
        2.916,
        8.145,
        3.134,
        8.667,
        3.134
      ]
    },
    {
      "Target": "Parameter",
      "Id": "Waist_Roll",
      "Segments": [
        0,
        3.804,
        0,
        1.833,
        2,
        0,
        6.5,
        5,
        0,
        8.667,
        3.804
      ]
    },
    {
      "Target": "Parameter",
      "Id": "Head_AngleX",
      "Segments": [
        0,
        6.244,
        1,
        0.356,
        9.035,
        0.711,
        9.942,
        1.067,
        13,
        1,
        1.311,
        15.102,
        1.556,
        19.826,
        1.8,
        19.826,
        1,
        2.133,
        19.826,
        2.467,
        13.666,
        2.8,
        12,
        1,
        3.133,
        10.334,
        3.467,
        11.437,
        3.8,
        9,
        1,
        4.422,
        3.527,
        5.045,
        -6,
        5.667,
        -6,
        0,
        8.667,
        6.244
      ]
    },
    {
      "Target": "Parameter",
      "Id": "Head_AngleY",
      "Segments": [
        0,
        -0.318,
        0,
        1.067,
        -1,
        1,
        1.645,
        -1,
        2.222,
        -0.913,
        2.8,
        1,
        1,
        3.133,
        2.104,
        3.467,
        8,
        3.8,
        8,
        1,
        4.422,
        8,
        5.045,
        0.211,
        5.667,
        0,
        1,
        6.667,
        -0.339,
        7.667,
        -0.318,
        8.667,
        -0.318
      ]
    },
    {
      "Target": "Parameter",
      "Id": "Head_Roll",
      "Segments": [
        0,
        -14,
        1,
        0.322,
        -14.956,
        0.645,
        -15,
        0.967,
        -15,
        1,
        1.578,
        -15,
        2.189,
        -12.763,
        2.8,
        -12,
        1,
        3.589,
        -11.014,
        4.378,
        -11,
        5.167,
        -11,
        1,
        5.989,
        -11,
        6.811,
        -11.131,
        7.633,
        -12,
        1,
        7.978,
        -12.364,
        8.322,
        -14,
        8.667,
        -14
      ]
    },
    {
      "Target": "Parameter",
      "Id": "EyeBallY",
      "Segments": [
        0,
        0.2,
        2,
        2.8,
        0.2,
        0,
        3.667,
        0.1,
        0,
        8.667,
        0.2
      ]
    },
    {
      "Target": "Parameter",
      "Id": "Hair_Move",
      "Segments": [
        0,
        0,
        1,
        0.411,
        0.522,
        0.822,
        -6.261,
        1.233,
        -6.261,
        0,
        2.333,
        -3.13,
        0,
        3.867,
        -8,
        0,
        5.667,
        0,
        0,
        7.167,
        -8,
        0,
        8.667,
        0
      ]
    },
    {
      "Target": "Parameter",
      "Id": "HairFront_Shaking",
      "Segments": [
        0,
        -0.638,
        1,
        0.033,
        -0.638,
        0.067,
        -0.634,
        0.1,
        -0.619,
        1,
        0.433,
        -0.427,
        0.767,
        0.034,
        1.1,
        0,
        0,
        2.4,
        -0.515,
        0,
        3.967,
        0.104,
        0,
        6,
        -0.515,
        0,
        7.567,
        -0.1,
        0,
        8.667,
        -0.638
      ]
    },
    {
      "Target": "Parameter",
      "Id": "HairSide_Shaking",
      "Segments": [
        0,
        -0.4,
        0,
        1.167,
        0.1,
        0,
        2.433,
        -0.5,
        0,
        4,
        0.2,
        0,
        6.067,
        -0.5,
        0,
        7.6,
        0.1,
        0,
        8.667,
        -0.4
      ]
    },
    {
      "Target": "Parameter",
      "Id": "HairBack_Move",
      "Segments": [
        0,
        -0.476,
        0,
        1.1,
        0,
        0,
        2.4,
        -0.4,
        0,
        3.967,
        0.1,
        0,
        6,
        -0.4,
        0,
        7.567,
        0,
        0,
        8.667,
        -0.476
      ]
    },
    {
      "Target": "Parameter",
      "Id": "ShoulderR_Roll",
      "Segments": [
        0,
        0.606,
        1,
        0.289,
        0.885,
        0.578,
        1,
        0.867,
        1,
        1,
        1.211,
        1,
        1.556,
        0.432,
        1.9,
        -0.6,
        1,
        2.222,
        -1.566,
        2.545,
        -2,
        2.867,
        -2,
        0,
        8.667,
        0.606
      ]
    },
    {
      "Target": "Parameter",
      "Id": "ArmR_Roll",
      "Segments": [
        0,
        29.8,
        0,
        1.267,
        28.68,
        0,
        2.567,
        29.8,
        0,
        3.967,
        28.732,
        0,
        5.567,
        29.707,
        0,
        7.333,
        29.494,
        0,
        8.667,
        29.8
      ]
    },
    {
      "Target": "Parameter",
      "Id": "ShoulderL_Roll",
      "Segments": [
        0,
        27,
        0,
        0.7,
        26.48,
        0,
        2.067,
        28,
        0,
        2.867,
        27,
        0,
        4.233,
        29,
        0,
        5.467,
        27,
        2,
        8.667,
        27
      ]
    },
    {
      "Target": "Parameter",
      "Id": "HandR_Roll",
      "Segments": [
        0,
        -22,
        1,
        0.444,
        -22.698,
        0.889,
        -23,
        1.333,
        -23,
        0,
        2.633,
        -20,
        0,
        4.033,
        -22,
        0,
        5.633,
        -20,
        0,
        7.433,
        -23,
        0,
        8.667,
        -22
      ]
    },
    {
      "Target": "Parameter",
      "Id": "HandL_Roll",
      "Segments": [
        0,
        -6,
        0,
        1.1,
        -13,
        0,
        2.267,
        -6,
        0,
        3.367,
        -15,
        0,
        4.533,
        -3.891,
        0,
        5.933,
        -13,
        0,
        7.6,
        -4.911,
        0,
        8.667,
        -6
      ]
    },
    {
      "Target": "PartOpacity",
      "Id": "Part10",
      "Segments": [
        0,
        1,
        2,
        8.67,
        1
      ]
    },
    {
      "Target": "PartOpacity",
      "Id": "Part8",
      "Segments": [
        0,
        1,
        2,
        8.67,
        1
      ]
    },
    {
      "Target": "PartOpacity",
      "Id": "Part45",
      "Segments": [
        0,
        1,
        2,
        8.67,
        1
      ]
    },
    {
      "Target": "PartOpacity",
      "Id": "Part47",
      "Segments": [
        0,
        1,
        2,
        8.67,
        1
      ]
    },
    {
      "Target": "PartOpacity",
      "Id": "Part22",
      "Segments": [
        0,
        0,
        2,
        8.67,
        0
      ]
    },
    {
      "Target": "PartOpacity",
      "Id": "Part24",
      "Segments": [
        0,
        0,
        2,
        8.67,
        0
      ]
    },
    {
      "Target": "PartOpacity",
      "Id": "Part2",
      "Segments": [
        0,
        0,
        2,
        8.67,
        0
      ]
    },
    {
      "Target": "PartOpacity",
      "Id": "Part11",
      "Segments": [
        0,
        1,
        2,
        8.67,
        1
      ]
    },
    {
      "Target": "PartOpacity",
      "Id": "Part18",
      "Segments": [
        0,
        1,
        2,
        8.67,
        1
      ]
    },
    {
      "Target": "PartOpacity",
      "Id": "Part6",
      "Segments": [
        0,
        0,
        2,
        8.67,
        0
      ]
    },
    {
      "Target": "PartOpacity",
      "Id": "Part52",
      "Segments": [
        0,
        0,
        2,
        8.67,
        0
      ]
    },
    {
      "Target": "PartOpacity",
      "Id": "Part35",
      "Segments": [
        0,
        1,
        2,
        8.67,
        1
      ]
    },
    {
      "Target": "PartOpacity",
      "Id": "Part5",
      "Segments": [
        0,
        0,
        2,
        8.67,
        0
      ]
    },
    {
      "Target": "PartOpacity",
      "Id": "Part",
      "Segments": [
        0,
        1,
        2,
        8.67,
        1
      ]
    },
    {
      "Target": "PartOpacity",
      "Id": "Part4",
      "Segments": [
        0,
        1,
        2,
        8.67,
        1
      ]
    },
    {
      "Target": "PartOpacity",
      "Id": "Part27",
      "Segments": [
        0,
        0,
        2,
        8.67,
        0
      ]
    },
    {
      "Target": "PartOpacity",
      "Id": "Part3",
      "Segments": [
        0,
        0,
        2,
        8.67,
        0
      ]
    },
    {
      "Target": "PartOpacity",
      "Id": "Part29",
      "Segments": [
        0,
        0,
        2,
        8.67,
        0
      ]
    },
    {
      "Target": "PartOpacity",
      "Id": "Part36",
      "Segments": [
        0,
        1,
        2,
        8.67,
        1
      ]
    },
    {
      "Target": "PartOpacity",
      "Id": "Part23",
      "Segments": [
        0,
        0,
        2,
        8.67,
        0
      ]
    },
    {
      "Target": "PartOpacity",
      "Id": "Part7",
      "Segments": [
        0,
        1,
        2,
        8.67,
        1
      ]
    },
    {
      "Target": "PartOpacity",
      "Id": "Part12",
      "Segments": [
        0,
        1,
        2,
        8.67,
        1
      ]
    },
    {
      "Target": "PartOpacity",
      "Id": "Part13",
      "Segments": [
        0,
        1,
        2,
        8.67,
        1
      ]
    },
    {
      "Target": "PartOpacity",
      "Id": "Part14",
      "Segments": [
        0,
        1,
        2,
        8.67,
        1
      ]
    },
    {
      "Target": "PartOpacity",
      "Id": "Part15",
      "Segments": [
        0,
        1,
        2,
        8.67,
        1
      ]
    },
    {
      "Target": "PartOpacity",
      "Id": "Part16",
      "Segments": [
        0,
        1,
        2,
        8.67,
        1
      ]
    },
    {
      "Target": "PartOpacity",
      "Id": "Part17",
      "Segments": [
        0,
        1,
        2,
        8.67,
        1
      ]
    },
    {
      "Target": "PartOpacity",
      "Id": "Part31",
      "Segments": [
        0,
        1,
        2,
        8.67,
        1
      ]
    },
    {
      "Target": "PartOpacity",
      "Id": "Part9",
      "Segments": [
        0,
        0,
        2,
        8.67,
        0
      ]
    },
    {
      "Target": "PartOpacity",
      "Id": "Part32",
      "Segments": [
        0,
        1,
        2,
        8.67,
        1
      ]
    },
    {
      "Target": "PartOpacity",
      "Id": "Part33",
      "Segments": [
        0,
        1,
        2,
        8.67,
        1
      ]
    },
    {
      "Target": "PartOpacity",
      "Id": "Part34",
      "Segments": [
        0,
        0,
        2,
        8.67,
        0
      ]
    },
    {
      "Target": "PartOpacity",
      "Id": "Part19",
      "Segments": [
        0,
        1,
        2,
        8.67,
        1
      ]
    },
    {
      "Target": "PartOpacity",
      "Id": "Part20",
      "Segments": [
        0,
        1,
        2,
        8.67,
        1
      ]
    },
    {
      "Target": "PartOpacity",
      "Id": "Part21",
      "Segments": [
        0,
        1,
        2,
        8.67,
        1
      ]
    },
    {
      "Target": "PartOpacity",
      "Id": "Part25",
      "Segments": [
        0,
        1,
        2,
        8.67,
        1
      ]
    },
    {
      "Target": "PartOpacity",
      "Id": "Part26",
      "Segments": [
        0,
        1,
        2,
        8.67,
        1
      ]
    },
    {
      "Target": "PartOpacity",
      "Id": "Part28",
      "Segments": [
        0,
        1,
        2,
        8.67,
        1
      ]
    },
    {
      "Target": "PartOpacity",
      "Id": "Part30",
      "Segments": [
        0,
        1,
        2,
        8.67,
        1
      ]
    },
    {
      "Target": "Model",
      "Id": "Opacity",
      "Segments": [
        0,
        1,
        0,
        8.67,
        1
      ]
    },
    {
      "Target": "Parameter",
      "Id": "BodyY",
      "Segments": [
        0,
        -4.994,
        0,
        8.67,
        -4.994
      ]
    },
    {
      "Target": "Parameter",
      "Id": "Body_Pose1",
      "Segments": [
        0,
        12,
        0,
        8.67,
        12
      ]
    },
    {
      "Target": "Parameter",
      "Id": "BodyX",
      "Segments": [
        0,
        0,
        0,
        8.67,
        0
      ]
    },
    {
      "Target": "Parameter",
      "Id": "HeadY",
      "Segments": [
        0,
        10,
        0,
        8.67,
        10
      ]
    },
    {
      "Target": "Parameter",
      "Id": "BrowRY",
      "Segments": [
        0,
        -0.6,
        0,
        8.67,
        -0.6
      ]
    },
    {
      "Target": "Parameter",
      "Id": "BrowRX",
      "Segments": [
        0,
        -0.3,
        0,
        8.67,
        -0.3
      ]
    },
    {
      "Target": "Parameter",
      "Id": "BrowLY",
      "Segments": [
        0,
        -0.5,
        0,
        8.67,
        -0.5
      ]
    },
    {
      "Target": "Parameter",
      "Id": "BrowLX",
      "Segments": [
        0,
        0.3,
        0,
        8.67,
        0.3
      ]
    },
    {
      "Target": "Parameter",
      "Id": "BrowR_Form",
      "Segments": [
        0,
        -1,
        0,
        8.67,
        -1
      ]
    },
    {
      "Target": "Parameter",
      "Id": "BrowL_Form",
      "Segments": [
        0,
        -1,
        0,
        8.67,
        -1
      ]
    },
    {
      "Target": "Parameter",
      "Id": "BrowR_Angle",
      "Segments": [
        0,
        0,
        0,
        8.67,
        0
      ]
    },
    {
      "Target": "Parameter",
      "Id": "BrowL_Angle",
      "Segments": [
        0,
        0.2,
        0,
        8.67,
        0.2
      ]
    },
    {
      "Target": "Parameter",
      "Id": "EyeR_Open",
      "Segments": [
        0,
        1,
        0,
        8.67,
        1
      ]
    },
    {
      "Target": "Parameter",
      "Id": "EyeR_Smile",
      "Segments": [
        0,
        1,
        0,
        8.67,
        1
      ]
    },
    {
      "Target": "Parameter",
      "Id": "EyeL_Open",
      "Segments": [
        0,
        1,
        0,
        8.67,
        1
      ]
    },
    {
      "Target": "Parameter",
      "Id": "EyeL_Smile",
      "Segments": [
        0,
        1,
        0,
        8.67,
        1
      ]
    },
    {
      "Target": "Parameter",
      "Id": "EyeBall_Size",
      "Segments": [
        0,
        0,
        0,
        8.67,
        0
      ]
    },
    {
      "Target": "Parameter",
      "Id": "EyeBallX",
      "Segments": [
        0,
        0,
        0,
        8.67,
        0
      ]
    },
    {
      "Target": "Parameter",
      "Id": "Tooth",
      "Segments": [
        0,
        -30,
        0,
        8.67,
        -30
      ]
    },
    {
      "Target": "Parameter",
      "Id": "Mouth_Form",
      "Segments": [
        0,
        0,
        0,
        8.67,
        0
      ]
    },
    {
      "Target": "Parameter",
      "Id": "Mouth_Open",
      "Segments": [
        0,
        1,
        0,
        8.67,
        1
      ]
    },
    {
      "Target": "Parameter",
      "Id": "Mouth_Size",
      "Segments": [
        0,
        1,
        0,
        8.67,
        1
      ]
    },
    {
      "Target": "Parameter",
      "Id": "MouthY",
      "Segments": [
        0,
        0,
        0,
        8.67,
        0
      ]
    },
    {
      "Target": "Parameter",
      "Id": "MouthX",
      "Segments": [
        0,
        0,
        0,
        8.67,
        0
      ]
    },
    {
      "Target": "Parameter",
      "Id": "ShoulderRY",
      "Segments": [
        0,
        -15,
        0,
        8.67,
        -15
      ]
    },
    {
      "Target": "Parameter",
      "Id": "ShoulderR_Scale",
      "Segments": [
        0,
        26,
        0,
        8.67,
        26
      ]
    },
    {
      "Target": "Parameter",
      "Id": "ArmR_Scale",
      "Segments": [
        0,
        -30,
        0,
        8.67,
        -30
      ]
    },
    {
      "Target": "Parameter",
      "Id": "ShoulderLY",
      "Segments": [
        0,
        16,
        0,
        8.67,
        16
      ]
    },
    {
      "Target": "Parameter",
      "Id": "ShoulderL_Scale",
      "Segments": [
        0,
        -30,
        0,
        8.67,
        -30
      ]
    },
    {
      "Target": "Parameter",
      "Id": "ArmL_Roll",
      "Segments": [
        0,
        19,
        0,
        8.67,
        19
      ]
    },
    {
      "Target": "Parameter",
      "Id": "ArmL_Scale",
      "Segments": [
        0,
        -30,
        0,
        8.67,
        -30
      ]
    },
    {
      "Target": "Parameter",
      "Id": "HandR_move",
      "Segments": [
        0,
        0,
        0,
        8.67,
        0
      ]
    },
    {
      "Target": "Parameter",
      "Id": "Lowerbody_Roll",
      "Segments": [
        0,
        13.972,
        0,
        8.67,
        13.972
      ]
    }
  ],
  "UserData": [
    {
      "Time": 0.0,
      "Value": ""
    }
  ]
}