{
  "Version": 3,
  "Meta": {
    "Duration": 1.333,
    "Fps": 30.0,
    "Loop": true,
    "AreBeziersRestricted": true,
    "CurveCount": 90,
    "TotalSegmentCount": 207,
    "TotalPointCount": 297,
    "UserDataCount": 1,
    "TotalUserDataSize": 0
  },
  "Curves": [
    {
      "Target": "Parameter",
      "Id": "Breath",
      "Segments": [
        0,
        0,
        1,
        0.256,
        0,
        0.511,
        0.08,
        0.767,
        0.3,
        1,
        0.956,
        0.463,
        1.144,
        0.583,
        1.333,
        0.583
      ]
    },
    {
      "Target": "Parameter",
      "Id": "Body_Shaking",
      "Segments": [
        0,
        0,
        0,
        0.433,
        -7,
        1,
        0.544,
        -7,
        0.656,
        -3.67,
        0.767,
        0,
        1,
        0.956,
        6.239,
        1.144,
        12.787,
        1.333,
        16.719
      ]
    },
    {
      "Target": "Parameter",
      "Id": "BodyY",
      "Segments": [
        0,
        0,
        0,
        0.433,
        13,
        1,
        0.544,
        13,
        0.656,
        -0.332,
        0.767,
        -2,
        1,
        0.956,
        -4.835,
        1.144,
        -4.994,
        1.333,
        -4.994
      ]
    },
    {
      "Target": "Parameter",
      "Id": "Body_Twist",
      "Segments": [
        0,
        0,
        0,
        0.433,
        -25,
        1,
        0.544,
        -25,
        0.656,
        3.1,
        0.767,
        5,
        1,
        0.956,
        9.222,
        1.144,
        5.87,
        1.333,
        3.134
      ]
    },
    {
      "Target": "Parameter",
      "Id": "Body_Pose1",
      "Segments": [
        0,
        0,
        0,
        0.433,
        14,
        0,
        0.767,
        10,
        0,
        1.333,
        12
      ]
    },
    {
      "Target": "Parameter",
      "Id": "Waist_Roll",
      "Segments": [
        0,
        0,
        0,
        0.433,
        -1,
        1,
        0.544,
        -1,
        0.656,
        2.536,
        0.767,
        3,
        1,
        0.956,
        3.789,
        1.144,
        3.804,
        1.333,
        3.804
      ]
    },
    {
      "Target": "Parameter",
      "Id": "Head_AngleX",
      "Segments": [
        0,
        0,
        0,
        0.467,
        -29,
        1,
        0.567,
        -29,
        0.667,
        -4.01,
        0.767,
        -2,
        1,
        0.956,
        1.796,
        1.144,
        4.761,
        1.333,
        6.244
      ]
    },
    {
      "Target": "Parameter",
      "Id": "Head_AngleY",
      "Segments": [
        0,
        0,
        1,
        0.156,
        0,
        0.311,
        -6.03,
        0.467,
        -8,
        1,
        0.567,
        -9.266,
        0.667,
        -9,
        0.767,
        -9,
        0,
        1.333,
        -0.318
      ]
    },
    {
      "Target": "Parameter",
      "Id": "Head_Roll",
      "Segments": [
        0,
        0,
        1,
        0.156,
        0,
        0.311,
        -7.745,
        0.467,
        -9,
        1,
        0.756,
        -11.331,
        1.044,
        -13.143,
        1.333,
        -14
      ]
    },
    {
      "Target": "Parameter",
      "Id": "HeadY",
      "Segments": [
        0,
        0,
        0,
        0.467,
        -8,
        1,
        0.567,
        -8,
        0.667,
        -3.976,
        0.767,
        0,
        1,
        0.956,
        7.51,
        1.144,
        10,
        1.333,
        10
      ]
    },
    {
      "Target": "Parameter",
      "Id": "BrowRY",
      "Segments": [
        0,
        0,
        0,
        0.5,
        -0.6,
        2,
        1.333,
        -0.6
      ]
    },
    {
      "Target": "Parameter",
      "Id": "BrowRX",
      "Segments": [
        0,
        0,
        0,
        0.5,
        -0.3,
        2,
        1.333,
        -0.3
      ]
    },
    {
      "Target": "Parameter",
      "Id": "BrowLY",
      "Segments": [
        0,
        0,
        0,
        0.5,
        -0.5,
        2,
        1.333,
        -0.5
      ]
    },
    {
      "Target": "Parameter",
      "Id": "BrowLX",
      "Segments": [
        0,
        0,
        0,
        0.5,
        0.3,
        2,
        1.333,
        0.3
      ]
    },
    {
      "Target": "Parameter",
      "Id": "BrowR_Form",
      "Segments": [
        0,
        0,
        0,
        0.5,
        -1,
        2,
        1.333,
        -1
      ]
    },
    {
      "Target": "Parameter",
      "Id": "BrowL_Form",
      "Segments": [
        0,
        0,
        0,
        0.5,
        -1,
        2,
        1.333,
        -1
      ]
    },
    {
      "Target": "Parameter",
      "Id": "BrowL_Angle",
      "Segments": [
        0,
        0,
        0,
        0.5,
        0.2,
        2,
        1.333,
        0.2
      ]
    },
    {
      "Target": "Parameter",
      "Id": "EyeR_Smile",
      "Segments": [
        0,
        0,
        0,
        0.767,
        1,
        2,
        1.333,
        1
      ]
    },
    {
      "Target": "Parameter",
      "Id": "EyeL_Smile",
      "Segments": [
        0,
        0,
        0,
        0.767,
        1,
        2,
        1.333,
        1
      ]
    },
    {
      "Target": "Parameter",
      "Id": "EyeBallX",
      "Segments": [
        0,
        0,
        0,
        0.433,
        0.4,
        0,
        0.767,
        0,
        2,
        1.333,
        0
      ]
    },
    {
      "Target": "Parameter",
      "Id": "EyeBallY",
      "Segments": [
        0,
        0,
        0,
        0.433,
        -0.1,
        0,
        0.767,
        0.2,
        2,
        1.333,
        0.2
      ]
    },
    {
      "Target": "Parameter",
      "Id": "Tooth",
      "Segments": [
        0,
        0,
        0,
        0.767,
        -30,
        2,
        1.333,
        -30
      ]
    },
    {
      "Target": "Parameter",
      "Id": "Hair_Move",
      "Segments": [
        0,
        0,
        0,
        0.467,
        7,
        0,
        1.333,
        0
      ]
    },
    {
      "Target": "Parameter",
      "Id": "HairFront_Shaking",
      "Segments": [
        0,
        0,
        1,
        0.1,
        -0.068,
        0.2,
        -0.068,
        0.3,
        0,
        0,
        0.567,
        0.41,
        1,
        0.767,
        0.405,
        0.967,
        -0.529,
        1.167,
        -0.619,
        1,
        1.222,
        -0.666,
        1.278,
        -0.638,
        1.333,
        -0.638
      ]
    },
    {
      "Target": "Parameter",
      "Id": "HairSide_Shaking",
      "Segments": [
        0,
        0,
        0,
        0.567,
        0.4,
        0,
        1.333,
        -0.4
      ]
    },
    {
      "Target": "Parameter",
      "Id": "HairBack_Move",
      "Segments": [
        0,
        0,
        0,
        0.567,
        0.5,
        0,
        1.167,
        -0.476,
        1,
        1.222,
        -0.488,
        1.278,
        -0.476,
        1.333,
        -0.476
      ]
    },
    {
      "Target": "Parameter",
      "Id": "ShoulderR_Roll",
      "Segments": [
        0,
        0,
        0,
        0.467,
        -4,
        1,
        0.567,
        -4,
        0.667,
        -0.16,
        0.767,
        0,
        1,
        0.956,
        0.301,
        1.144,
        0.424,
        1.333,
        0.606
      ]
    },
    {
      "Target": "Parameter",
      "Id": "ShoulderRY",
      "Segments": [
        0,
        0,
        0,
        0.367,
        25,
        0,
        0.767,
        -15,
        2,
        1.333,
        -15
      ]
    },
    {
      "Target": "Parameter",
      "Id": "ShoulderR_Scale",
      "Segments": [
        0,
        0,
        0,
        0.767,
        26,
        2,
        1.333,
        26
      ]
    },
    {
      "Target": "Parameter",
      "Id": "ArmR_Roll",
      "Segments": [
        0,
        0,
        1,
        0.122,
        0,
        0.245,
        1.291,
        0.367,
        2.5,
        0,
        0.467,
        3,
        1,
        0.567,
        4.508,
        0.667,
        22.924,
        0.767,
        25.109,
        1,
        0.956,
        29.235,
        1.144,
        29.8,
        1.333,
        29.8
      ]
    },
    {
      "Target": "Parameter",
      "Id": "ArmR_Scale",
      "Segments": [
        0,
        -20,
        0,
        0.467,
        -30,
        2,
        0.767,
        -30,
        2,
        1.333,
        -30
      ]
    },
    {
      "Target": "Parameter",
      "Id": "ShoulderL_Roll",
      "Segments": [
        0,
        0,
        0,
        0.367,
        -14,
        1,
        0.5,
        -14,
        0.634,
        21.841,
        0.767,
        24,
        1,
        0.956,
        27.059,
        1.144,
        27,
        1.333,
        27
      ]
    },
    {
      "Target": "Parameter",
      "Id": "ShoulderLY",
      "Segments": [
        0,
        0,
        1,
        0.122,
        0,
        0.245,
        11.944,
        0.367,
        13,
        1,
        0.5,
        14.151,
        0.634,
        14.464,
        0.767,
        15,
        1,
        0.956,
        15.759,
        1.144,
        16,
        1.333,
        16
      ]
    },
    {
      "Target": "Parameter",
      "Id": "ShoulderL_Scale",
      "Segments": [
        0,
        0,
        2,
        0.533,
        0,
        1,
        0.611,
        0,
        0.689,
        -28.623,
        0.767,
        -29,
        1,
        0.956,
        -29.915,
        1.144,
        -30,
        1.333,
        -30
      ]
    },
    {
      "Target": "Parameter",
      "Id": "ArmL_Roll",
      "Segments": [
        0,
        0.5,
        0,
        0.467,
        -11,
        1,
        0.567,
        -11,
        0.667,
        17.48,
        0.767,
        18,
        1,
        0.956,
        18.982,
        1.144,
        19,
        1.333,
        19
      ]
    },
    {
      "Target": "Parameter",
      "Id": "ArmL_Scale",
      "Segments": [
        0,
        5,
        2,
        0.467,
        5,
        1,
        0.567,
        5,
        0.667,
        -25.51,
        0.767,
        -27,
        1,
        0.956,
        -29.815,
        1.144,
        -30,
        1.333,
        -30
      ]
    },
    {
      "Target": "Parameter",
      "Id": "HandR_Roll",
      "Segments": [
        0,
        10,
        0,
        0.3,
        21,
        1,
        0.456,
        21,
        0.611,
        -20.515,
        0.767,
        -21,
        1,
        0.956,
        -21.589,
        1.144,
        -21.703,
        1.333,
        -22
      ]
    },
    {
      "Target": "Parameter",
      "Id": "HandL_Roll",
      "Segments": [
        0,
        0,
        0,
        0.5,
        -16,
        1,
        0.589,
        -16,
        0.678,
        -16.344,
        0.767,
        -15,
        1,
        0.956,
        -12.143,
        1.144,
        -6,
        1.333,
        -6
      ]
    },
    {
      "Target": "Parameter",
      "Id": "HandR_move",
      "Segments": [
        0,
        -1,
        0,
        0.233,
        0,
        2,
        0.767,
        0,
        2,
        1.333,
        0
      ]
    },
    {
      "Target": "Parameter",
      "Id": "Lowerbody_Roll",
      "Segments": [
        0,
        0,
        1,
        0.256,
        0,
        0.511,
        6.854,
        0.767,
        11,
        1,
        0.956,
        14.065,
        1.144,
        13.972,
        1.333,
        13.972
      ]
    },
    {
      "Target": "PartOpacity",
      "Id": "Part10",
      "Segments": [
        0,
        1,
        2,
        0.77,
        1,
        2,
        1.33,
        1
      ]
    },
    {
      "Target": "PartOpacity",
      "Id": "Part8",
      "Segments": [
        0,
        1,
        2,
        1.33,
        1
      ]
    },
    {
      "Target": "PartOpacity",
      "Id": "Part45",
      "Segments": [
        0,
        0,
        2,
        0.57,
        0,
        0,
        0.63,
        1,
        2,
        0.77,
        1,
        2,
        1.33,
        1
      ]
    },
    {
      "Target": "PartOpacity",
      "Id": "Part47",
      "Segments": [
        0,
        0,
        2,
        0.47,
        0,
        0,
        0.6,
        1,
        2,
        0.77,
        1,
        2,
        1.33,
        1
      ]
    },
    {
      "Target": "PartOpacity",
      "Id": "Part22",
      "Segments": [
        0,
        1,
        2,
        0.57,
        1,
        0,
        0.63,
        0,
        2,
        0.77,
        0,
        2,
        1.33,
        0
      ]
    },
    {
      "Target": "PartOpacity",
      "Id": "Part24",
      "Segments": [
        0,
        0,
        2,
        0.77,
        0,
        2,
        1.33,
        0
      ]
    },
    {
      "Target": "PartOpacity",
      "Id": "Part2",
      "Segments": [
        0,
        1,
        2,
        0.47,
        1,
        0,
        0.6,
        0,
        2,
        0.77,
        0,
        2,
        1.33,
        0
      ]
    },
    {
      "Target": "PartOpacity",
      "Id": "Part11",
      "Segments": [
        0,
        1,
        2,
        0.77,
        1,
        2,
        1.33,
        1
      ]
    },
    {
      "Target": "PartOpacity",
      "Id": "Part18",
      "Segments": [
        0,
        1,
        2,
        1.33,
        1
      ]
    },
    {
      "Target": "PartOpacity",
      "Id": "Part6",
      "Segments": [
        0,
        1,
        2,
        0.5,
        1,
        0,
        0.57,
        0,
        2,
        0.77,
        0,
        2,
        1.33,
        0
      ]
    },
    {
      "Target": "PartOpacity",
      "Id": "Part52",
      "Segments": [
        0,
        1,
        2,
        0.5,
        1,
        0,
        0.57,
        0,
        2,
        0.77,
        0,
        2,
        1.33,
        0
      ]
    },
    {
      "Target": "PartOpacity",
      "Id": "Part35",
      "Segments": [
        0,
        1,
        2,
        0.77,
        1,
        2,
        1.33,
        1
      ]
    },
    {
      "Target": "PartOpacity",
      "Id": "Part5",
      "Segments": [
        0,
        0,
        2,
        0.77,
        0,
        2,
        1.33,
        0
      ]
    },
    {
      "Target": "PartOpacity",
      "Id": "Part",
      "Segments": [
        0,
        0,
        2,
        0.5,
        0,
        3,
        0.57,
        1,
        2,
        0.77,
        1,
        2,
        1.33,
        1
      ]
    },
    {
      "Target": "PartOpacity",
      "Id": "Part4",
      "Segments": [
        0,
        0,
        2,
        0.5,
        0,
        3,
        0.57,
        1,
        2,
        0.77,
        1,
        2,
        1.33,
        1
      ]
    },
    {
      "Target": "PartOpacity",
      "Id": "Part27",
      "Segments": [
        0,
        0,
        2,
        0.77,
        0,
        2,
        1.33,
        0
      ]
    },
    {
      "Target": "PartOpacity",
      "Id": "Part3",
      "Segments": [
        0,
        0,
        2,
        0.77,
        0,
        2,
        1.33,
        0
      ]
    },
    {
      "Target": "PartOpacity",
      "Id": "Part29",
      "Segments": [
        0,
        0,
        2,
        0.77,
        0,
        2,
        1.33,
        0
      ]
    },
    {
      "Target": "PartOpacity",
      "Id": "Part36",
      "Segments": [
        0,
        1,
        2,
        1.33,
        1
      ]
    },
    {
      "Target": "PartOpacity",
      "Id": "Part23",
      "Segments": [
        0,
        1,
        2,
        0.47,
        1,
        1,
        0.49,
        0.667,
        0.51,
        0.333,
        0.53,
        0,
        2,
        1.33,
        0
      ]
    },
    {
      "Target": "PartOpacity",
      "Id": "Part7",
      "Segments": [
        0,
        1,
        2,
        0.47,
        0,
        3,
        0.53,
        1,
        2,
        1.33,
        1
      ]
    },
    {
      "Target": "PartOpacity",
      "Id": "Part12",
      "Segments": [
        0,
        1,
        2,
        0.77,
        1,
        2,
        1.33,
        1
      ]
    },
    {
      "Target": "PartOpacity",
      "Id": "Part13",
      "Segments": [
        0,
        1,
        2,
        0.77,
        1,
        2,
        1.33,
        1
      ]
    },
    {
      "Target": "PartOpacity",
      "Id": "Part14",
      "Segments": [
        0,
        1,
        2,
        0.77,
        1,
        2,
        1.33,
        1
      ]
    },
    {
      "Target": "PartOpacity",
      "Id": "Part15",
      "Segments": [
        0,
        1,
        2,
        0.77,
        1,
        2,
        1.33,
        1
      ]
    },
    {
      "Target": "PartOpacity",
      "Id": "Part16",
      "Segments": [
        0,
        1,
        2,
        0.77,
        1,
        2,
        1.33,
        1
      ]
    },
    {
      "Target": "PartOpacity",
      "Id": "Part17",
      "Segments": [
        0,
        1,
        2,
        0.77,
        1,
        2,
        1.33,
        1
      ]
    },
    {
      "Target": "PartOpacity",
      "Id": "Part31",
      "Segments": [
        0,
        1,
        2,
        1.33,
        1
      ]
    },
    {
      "Target": "PartOpacity",
      "Id": "Part9",
      "Segments": [
        0,
        0,
        2,
        0.77,
        0,
        2,
        1.33,
        0
      ]
    },
    {
      "Target": "PartOpacity",
      "Id": "Part32",
      "Segments": [
        0,
        1,
        2,
        1.33,
        1
      ]
    },
    {
      "Target": "PartOpacity",
      "Id": "Part33",
      "Segments": [
        0,
        1,
        2,
        1.33,
        1
      ]
    },
    {
      "Target": "PartOpacity",
      "Id": "Part34",
      "Segments": [
        0,
        0,
        2,
        1.33,
        0
      ]
    },
    {
      "Target": "PartOpacity",
      "Id": "Part19",
      "Segments": [
        0,
        1,
        2,
        0.77,
        1,
        2,
        1.33,
        1
      ]
    },
    {
      "Target": "PartOpacity",
      "Id": "Part20",
      "Segments": [
        0,
        1,
        2,
        0.77,
        1,
        2,
        1.33,
        1
      ]
    },
    {
      "Target": "PartOpacity",
      "Id": "Part21",
      "Segments": [
        0,
        1,
        2,
        0.77,
        1,
        2,
        1.33,
        1
      ]
    },
    {
      "Target": "PartOpacity",
      "Id": "Part25",
      "Segments": [
        0,
        1,
        2,
        0.77,
        1,
        2,
        1.33,
        1
      ]
    },
    {
      "Target": "PartOpacity",
      "Id": "Part26",
      "Segments": [
        0,
        1,
        2,
        0.77,
        1,
        2,
        1.33,
        1
      ]
    },
    {
      "Target": "PartOpacity",
      "Id": "Part28",
      "Segments": [
        0,
        1,
        2,
        0.77,
        1,
        2,
        1.33,
        1
      ]
    },
    {
      "Target": "PartOpacity",
      "Id": "Part30",
      "Segments": [
        0,
        1,
        2,
        0.77,
        1,
        2,
        1.33,
        1
      ]
    },
    {
      "Target": "Model",
      "Id": "Opacity",
      "Segments": [
        0,
        1,
        0,
        1.333,
        1
      ]
    },
    {
      "Target": "Parameter",
      "Id": "BodyX",
      "Segments": [
        0,
        0,
        0,
        1.333,
        0
      ]
    },
    {
      "Target": "Parameter",
      "Id": "BrowR_Angle",
      "Segments": [
        0,
        0,
        0,
        1.333,
        0
      ]
    },
    {
      "Target": "Parameter",
      "Id": "EyeR_Open",
      "Segments": [
        0,
        1,
        0,
        1.333,
        1
      ]
    },
    {
      "Target": "Parameter",
      "Id": "EyeL_Open",
      "Segments": [
        0,
        1,
        0,
        1.333,
        1
      ]
    },
    {
      "Target": "Parameter",
      "Id": "EyeBall_Size",
      "Segments": [
        0,
        0,
        0,
        1.333,
        0
      ]
    },
    {
      "Target": "Parameter",
      "Id": "Mouth_Form",
      "Segments": [
        0,
        0,
        0,
        1.333,
        0
      ]
    },
    {
      "Target": "Parameter",
      "Id": "Mouth_Open",
      "Segments": [
        0,
        1,
        0,
        1.333,
        1
      ]
    },
    {
      "Target": "Parameter",
      "Id": "Mouth_Size",
      "Segments": [
        0,
        1,
        0,
        1.333,
        1
      ]
    },
    {
      "Target": "Parameter",
      "Id": "MouthY",
      "Segments": [
        0,
        0,
        0,
        1.333,
        0
      ]
    },
    {
      "Target": "Parameter",
      "Id": "MouthX",
      "Segments": [
        0,
        0,
        0,
        1.333,
        0
      ]
    }
  ],
  "UserData": [
    {
      "Time": 0.0,
      "Value": ""
    }
  ]
}