{
  "Version": 3,
  "Meta": {
    "Duration": 6.0,
    "Fps": 30.0,
    "Loop": true,
    "AreBeziersRestricted": true,
    "CurveCount": 93,
    "TotalSegmentCount": 183,
    "TotalPointCount": 249,
    "UserDataCount": 1,
    "TotalUserDataSize": 0
  },
  "Curves": [
    {
      "Target": "Parameter",
      "Id": "Breath",
      "Segments": [
        0,
        -21.339,
        0,
        1,
        -10,
        0,
        2,
        -21.339,
        0,
        3,
        -10,
        0,
        4,
        -21.339,
        0,
        5.033,
        -10,
        0,
        6,
        -21.339
      ]
    },
    {
      "Target": "Parameter",
      "Id": "Body_Twist",
      "Segments": [
        0,
        15.175,
        0,
        3.033,
        -8,
        0,
        6,
        15.175
      ]
    },
    {
      "Target": "Parameter",
      "Id": "Waist_Roll",
      "Segments": [
        0,
        13,
        1,
        0.167,
        11.642,
        0.333,
        11.76,
        0.5,
        11.76,
        0,
        2.433,
        15.82,
        0,
        3.733,
        13.02,
        0,
        4.933,
        15.64,
        1,
        5.289,
        15.64,
        5.644,
        15.752,
        6,
        13
      ]
    },
    {
      "Target": "Parameter",
      "Id": "Necktie_Move",
      "Segments": [
        0,
        3.148,
        1,
        0.089,
        5.44,
        0.178,
        6.108,
        0.267,
        6.108,
        0,
        2,
        -12.677,
        0,
        3.433,
        -5.215,
        0,
        4.533,
        -11,
        1,
        5.022,
        -11,
        5.511,
        -6.632,
        6,
        3.148
      ]
    },
    {
      "Target": "Parameter",
      "Id": "Jacket_Move",
      "Segments": [
        0,
        3.6,
        1,
        0.122,
        5.801,
        0.245,
        6.25,
        0.367,
        6,
        0,
        1.933,
        -4,
        0,
        3.433,
        0,
        0,
        4.533,
        -5,
        1,
        5.022,
        -5,
        5.511,
        -1.706,
        6,
        3.6
      ]
    },
    {
      "Target": "Parameter",
      "Id": "Head_AngleX",
      "Segments": [
        0,
        -4.51,
        1,
        0.611,
        -7.277,
        1.222,
        -10.042,
        1.833,
        -12.814,
        1,
        2.222,
        -14.578,
        2.611,
        -15.466,
        3,
        -15.466,
        1,
        3.567,
        -15.466,
        4.133,
        -13.993,
        4.7,
        -9.914,
        1,
        5.133,
        -6.795,
        5.567,
        -4.51,
        6,
        -4.51
      ]
    },
    {
      "Target": "Parameter",
      "Id": "Head_AngleY",
      "Segments": [
        0,
        -14.64,
        1,
        0.2,
        -16.793,
        0.4,
        -16.421,
        0.6,
        -16.421,
        0,
        1.6,
        -8,
        0,
        2.433,
        -13,
        0,
        4.633,
        -9.309,
        1,
        5.089,
        -9.309,
        5.544,
        -11.569,
        6,
        -14.64
      ]
    },
    {
      "Target": "Parameter",
      "Id": "Head_Roll",
      "Segments": [
        0,
        -4.453,
        1,
        0.289,
        -4.744,
        0.578,
        -4.72,
        0.867,
        -4.72,
        0,
        1.767,
        -3.92,
        0,
        2.667,
        -5.02,
        0,
        3.7,
        -1.18,
        0,
        4.833,
        -3.9,
        1,
        5.222,
        -3.9,
        5.611,
        -1.164,
        6,
        -4.453
      ]
    },
    {
      "Target": "Parameter",
      "Id": "EyeBallX",
      "Segments": [
        0,
        0.3,
        2,
        0.6,
        0.3,
        0,
        1.4,
        0.5,
        0,
        4.633,
        0.2,
        0,
        6,
        0.3
      ]
    },
    {
      "Target": "Parameter",
      "Id": "EyeBallY",
      "Segments": [
        0,
        0.2,
        2,
        0.6,
        0.2,
        0,
        1.4,
        0,
        1,
        2.478,
        0,
        3.555,
        0.02,
        4.633,
        0.1,
        1,
        5.089,
        0.134,
        5.544,
        0.2,
        6,
        0.2
      ]
    },
    {
      "Target": "Parameter",
      "Id": "Param",
      "Segments": [
        0,
        -0.3,
        1,
        0.089,
        4.788,
        0.178,
        6,
        0.267,
        6,
        0,
        1.333,
        -12,
        0,
        2.433,
        9,
        0,
        3.5,
        -12,
        0,
        4.8,
        14.581,
        1,
        5.2,
        14.581,
        5.6,
        -8.191,
        6,
        0.3
      ]
    },
    {
      "Target": "Parameter",
      "Id": "HairSide_Shaking",
      "Segments": [
        0,
        -3.208,
        1,
        0.122,
        -0.37,
        0.245,
        0,
        0.367,
        0,
        0,
        1.5,
        -7.88,
        0,
        2.333,
        -0.242,
        0,
        3.567,
        -6.695,
        0,
        4.767,
        2.3,
        1,
        5.178,
        2.3,
        5.589,
        -7.125,
        6,
        -3.208
      ]
    },
    {
      "Target": "Parameter",
      "Id": "ShoulderRY",
      "Segments": [
        0,
        25,
        0,
        0.7,
        22,
        0,
        1.567,
        28.054,
        0,
        2.5,
        22,
        0,
        3.633,
        28.054,
        0,
        4.667,
        21,
        0,
        6,
        25
      ]
    },
    {
      "Target": "Parameter",
      "Id": "ShoulderR_Roll",
      "Segments": [
        0,
        -45,
        1,
        0.278,
        -44.505,
        0.555,
        -44.239,
        0.833,
        -44.15,
        1,
        1.1,
        -44.064,
        1.366,
        -44.101,
        1.633,
        -44,
        1,
        1.933,
        -43.887,
        2.233,
        -42.26,
        2.533,
        -42.26,
        0,
        3.7,
        -44,
        0,
        4.833,
        -43.1,
        0,
        6,
        -45
      ]
    },
    {
      "Target": "Parameter",
      "Id": "ArmR_Roll",
      "Segments": [
        0,
        -29.5,
        0,
        0.633,
        -29.3,
        0,
        1.6,
        -29.412,
        0,
        2.667,
        -29.24,
        0,
        3.767,
        -29.291,
        0,
        4.967,
        -28.931,
        0,
        6,
        -29.5
      ]
    },
    {
      "Target": "Parameter",
      "Id": "ShoulderL_Roll",
      "Segments": [
        0,
        -8.865,
        1,
        0.256,
        -10.771,
        0.511,
        -10.786,
        0.767,
        -10.786,
        0,
        1.633,
        -10.306,
        1,
        1.9,
        -10.306,
        2.166,
        -10.905,
        2.433,
        -11.066,
        1,
        2.722,
        -11.24,
        3.011,
        -11.297,
        3.3,
        -11.386,
        1,
        3.6,
        -11.479,
        3.9,
        -11.506,
        4.2,
        -11.506,
        1,
        4.511,
        -11.506,
        4.822,
        -10.496,
        5.133,
        -9.699,
        1,
        5.422,
        -8.577,
        5.711,
        -8.307,
        6,
        -8.865
      ]
    },
    {
      "Target": "Parameter",
      "Id": "ArmL_Roll",
      "Segments": [
        0,
        18.894,
        0,
        0.733,
        18.754,
        0,
        1.667,
        19.664,
        0,
        2.667,
        19.214,
        0,
        3.5,
        19.852,
        0,
        4.533,
        19.314,
        0,
        5.233,
        19.364,
        1,
        5.489,
        19.364,
        5.744,
        19.447,
        6,
        18.894
      ]
    },
    {
      "Target": "Parameter",
      "Id": "HandR_Roll",
      "Segments": [
        0,
        0,
        1,
        0.278,
        0,
        0.555,
        -0.389,
        0.833,
        -1.024,
        1,
        1.166,
        -1.786,
        1.5,
        -2.104,
        1.833,
        -2.104,
        0,
        2.667,
        -1.661,
        0,
        3.7,
        -2.721,
        0,
        6,
        0
      ]
    },
    {
      "Target": "Parameter",
      "Id": "HandL_Roll",
      "Segments": [
        0,
        19.964,
        0,
        0.933,
        14.253,
        0,
        1.6,
        15.237,
        0,
        2.733,
        10.756,
        0,
        3.733,
        15.002,
        0,
        4.767,
        10.756,
        0,
        6,
        19.964
      ]
    },
    {
      "Target": "Parameter",
      "Id": "ShoulderY",
      "Segments": [
        0,
        0,
        0,
        1.333,
        9,
        0,
        2.5,
        -2,
        0,
        3.567,
        6,
        0,
        4.567,
        -4,
        0,
        6,
        0
      ]
    },
    {
      "Target": "Parameter",
      "Id": "LegR_Roll",
      "Segments": [
        0,
        -6,
        1,
        1.167,
        -4.547,
        2.333,
        -4.052,
        3.5,
        -4.052,
        0,
        6,
        -6
      ]
    },
    {
      "Target": "Parameter",
      "Id": "LegL_Roll",
      "Segments": [
        0,
        3,
        2,
        1.1,
        3,
        0,
        3,
        0.983,
        0,
        6,
        3
      ]
    },
    {
      "Target": "PartOpacity",
      "Id": "Part22",
      "Segments": [
        0,
        1,
        2,
        6,
        1
      ]
    },
    {
      "Target": "PartOpacity",
      "Id": "Part8",
      "Segments": [
        0,
        1,
        2,
        6,
        1
      ]
    },
    {
      "Target": "PartOpacity",
      "Id": "Part13",
      "Segments": [
        0,
        1,
        2,
        6,
        1
      ]
    },
    {
      "Target": "PartOpacity",
      "Id": "Part26",
      "Segments": [
        0,
        0,
        2,
        6,
        0
      ]
    },
    {
      "Target": "PartOpacity",
      "Id": "Part33",
      "Segments": [
        0,
        0,
        2,
        6,
        0
      ]
    },
    {
      "Target": "PartOpacity",
      "Id": "Part16",
      "Segments": [
        0,
        1,
        2,
        6,
        1
      ]
    },
    {
      "Target": "PartOpacity",
      "Id": "Part39",
      "Segments": [
        0,
        0,
        2,
        6,
        0
      ]
    },
    {
      "Target": "PartOpacity",
      "Id": "Part14",
      "Segments": [
        0,
        0,
        2,
        6,
        0
      ]
    },
    {
      "Target": "PartOpacity",
      "Id": "Part24",
      "Segments": [
        0,
        1,
        2,
        6,
        1
      ]
    },
    {
      "Target": "PartOpacity",
      "Id": "Part15",
      "Segments": [
        0,
        0,
        2,
        6,
        0
      ]
    },
    {
      "Target": "PartOpacity",
      "Id": "Part29",
      "Segments": [
        0,
        1,
        2,
        6,
        1
      ]
    },
    {
      "Target": "PartOpacity",
      "Id": "Part30",
      "Segments": [
        0,
        0,
        2,
        6,
        0
      ]
    },
    {
      "Target": "PartOpacity",
      "Id": "Part18",
      "Segments": [
        0,
        0,
        2,
        6,
        0
      ]
    },
    {
      "Target": "PartOpacity",
      "Id": "Part5",
      "Segments": [
        0,
        1,
        2,
        6,
        1
      ]
    },
    {
      "Target": "PartOpacity",
      "Id": "Part3",
      "Segments": [
        0,
        1,
        2,
        6,
        1
      ]
    },
    {
      "Target": "PartOpacity",
      "Id": "Part4",
      "Segments": [
        0,
        1,
        2,
        6,
        1
      ]
    },
    {
      "Target": "PartOpacity",
      "Id": "Part12",
      "Segments": [
        0,
        1,
        2,
        6,
        1
      ]
    },
    {
      "Target": "PartOpacity",
      "Id": "Part11",
      "Segments": [
        0,
        1,
        2,
        6,
        1
      ]
    },
    {
      "Target": "PartOpacity",
      "Id": "Part25",
      "Segments": [
        0,
        1,
        2,
        6,
        1
      ]
    },
    {
      "Target": "PartOpacity",
      "Id": "Part",
      "Segments": [
        0,
        1,
        2,
        6,
        1
      ]
    },
    {
      "Target": "PartOpacity",
      "Id": "Part2",
      "Segments": [
        0,
        1,
        2,
        6,
        1
      ]
    },
    {
      "Target": "PartOpacity",
      "Id": "Part6",
      "Segments": [
        0,
        1,
        2,
        6,
        1
      ]
    },
    {
      "Target": "PartOpacity",
      "Id": "Part10",
      "Segments": [
        0,
        1,
        2,
        6,
        1
      ]
    },
    {
      "Target": "PartOpacity",
      "Id": "Part7",
      "Segments": [
        0,
        1,
        2,
        6,
        1
      ]
    },
    {
      "Target": "PartOpacity",
      "Id": "Part21",
      "Segments": [
        0,
        1,
        2,
        6,
        1
      ]
    },
    {
      "Target": "PartOpacity",
      "Id": "Part27",
      "Segments": [
        0,
        0,
        2,
        6,
        0
      ]
    },
    {
      "Target": "PartOpacity",
      "Id": "Part28",
      "Segments": [
        0,
        1,
        2,
        6,
        1
      ]
    },
    {
      "Target": "PartOpacity",
      "Id": "Part32",
      "Segments": [
        0,
        0,
        2,
        6,
        0
      ]
    },
    {
      "Target": "PartOpacity",
      "Id": "Part36",
      "Segments": [
        0,
        0,
        2,
        6,
        0
      ]
    },
    {
      "Target": "PartOpacity",
      "Id": "Part17",
      "Segments": [
        0,
        1,
        2,
        6,
        1
      ]
    },
    {
      "Target": "PartOpacity",
      "Id": "Part31",
      "Segments": [
        0,
        1,
        2,
        6,
        1
      ]
    },
    {
      "Target": "PartOpacity",
      "Id": "Part20",
      "Segments": [
        0,
        0,
        2,
        6,
        0
      ]
    },
    {
      "Target": "PartOpacity",
      "Id": "Part19",
      "Segments": [
        0,
        0,
        2,
        6,
        0
      ]
    },
    {
      "Target": "PartOpacity",
      "Id": "Part37",
      "Segments": [
        0,
        0,
        2,
        6,
        0
      ]
    },
    {
      "Target": "PartOpacity",
      "Id": "Part23",
      "Segments": [
        0,
        0,
        2,
        6,
        0
      ]
    },
    {
      "Target": "PartOpacity",
      "Id": "Part9",
      "Segments": [
        0,
        1,
        2,
        6,
        1
      ]
    },
    {
      "Target": "Model",
      "Id": "Opacity",
      "Segments": [
        0,
        1,
        0,
        6,
        1
      ]
    },
    {
      "Target": "Parameter",
      "Id": "HeadY",
      "Segments": [
        0,
        0,
        0,
        6,
        0
      ]
    },
    {
      "Target": "Parameter",
      "Id": "BrowRY",
      "Segments": [
        0,
        0,
        0,
        6,
        0
      ]
    },
    {
      "Target": "Parameter",
      "Id": "BrowRX",
      "Segments": [
        0,
        0,
        0,
        6,
        0
      ]
    },
    {
      "Target": "Parameter",
      "Id": "BrowR_Angle",
      "Segments": [
        0,
        0,
        0,
        6,
        0
      ]
    },
    {
      "Target": "Parameter",
      "Id": "BrowR_Form",
      "Segments": [
        0,
        0,
        0,
        6,
        0
      ]
    },
    {
      "Target": "Parameter",
      "Id": "BrowLY",
      "Segments": [
        0,
        0,
        0,
        6,
        0
      ]
    },
    {
      "Target": "Parameter",
      "Id": "BrowLX",
      "Segments": [
        0,
        0,
        0,
        6,
        0
      ]
    },
    {
      "Target": "Parameter",
      "Id": "BrowL_Angle",
      "Segments": [
        0,
        0,
        0,
        6,
        0
      ]
    },
    {
      "Target": "Parameter",
      "Id": "BrowL_Form",
      "Segments": [
        0,
        0,
        0,
        6,
        0
      ]
    },
    {
      "Target": "Parameter",
      "Id": "BrowR_Form2",
      "Segments": [
        0,
        0,
        0,
        6,
        0
      ]
    },
    {
      "Target": "Parameter",
      "Id": "BrowL_Form2",
      "Segments": [
        0,
        0,
        0,
        6,
        0
      ]
    },
    {
      "Target": "Parameter",
      "Id": "EyelidsR_Line",
      "Segments": [
        0,
        0,
        0,
        6,
        0
      ]
    },
    {
      "Target": "Parameter",
      "Id": "EyelidsL_Line",
      "Segments": [
        0,
        0,
        0,
        6,
        0
      ]
    },
    {
      "Target": "Parameter",
      "Id": "Eye_Size",
      "Segments": [
        0,
        0,
        0,
        6,
        0
      ]
    },
    {
      "Target": "Parameter",
      "Id": "EyeR_Smile",
      "Segments": [
        0,
        0,
        0,
        6,
        0
      ]
    },
    {
      "Target": "Parameter",
      "Id": "EyeR_Open",
      "Segments": [
        0,
        1,
        0,
        6,
        1
      ]
    },
    {
      "Target": "Parameter",
      "Id": "EyeL_Smile",
      "Segments": [
        0,
        0,
        0,
        6,
        0
      ]
    },
    {
      "Target": "Parameter",
      "Id": "EyeL_Open",
      "Segments": [
        0,
        1,
        0,
        6,
        1
      ]
    },
    {
      "Target": "Parameter",
      "Id": "EyeBall_Size",
      "Segments": [
        0,
        0,
        0,
        6,
        0
      ]
    },
    {
      "Target": "Parameter",
      "Id": "EyeL_Shadow",
      "Segments": [
        0,
        0,
        0,
        6,
        0
      ]
    },
    {
      "Target": "Parameter",
      "Id": "EyeR_Shadow",
      "Segments": [
        0,
        0,
        0,
        6,
        0
      ]
    },
    {
      "Target": "Parameter",
      "Id": "Mouth_Form",
      "Segments": [
        0,
        0,
        0,
        6,
        0
      ]
    },
    {
      "Target": "Parameter",
      "Id": "Mouth_Open",
      "Segments": [
        0,
        1,
        0,
        6,
        1
      ]
    },
    {
      "Target": "Parameter",
      "Id": "Mouth_Size",
      "Segments": [
        0,
        0,
        0,
        6,
        0
      ]
    },
    {
      "Target": "Parameter",
      "Id": "Hair_Shaking",
      "Segments": [
        0,
        0,
        0,
        6,
        0
      ]
    },
    {
      "Target": "Parameter",
      "Id": "ArmR_Scale",
      "Segments": [
        0,
        23,
        0,
        6,
        23
      ]
    },
    {
      "Target": "Parameter",
      "Id": "ShoulderR_Scale",
      "Segments": [
        0,
        27,
        0,
        6,
        27
      ]
    },
    {
      "Target": "Parameter",
      "Id": "ShoulderLY",
      "Segments": [
        0,
        -17,
        0,
        6,
        -17
      ]
    },
    {
      "Target": "Parameter",
      "Id": "ArmL_Scale",
      "Segments": [
        0,
        -15.28,
        0,
        6,
        -15.28
      ]
    },
    {
      "Target": "Parameter",
      "Id": "ShoulderL_Scale",
      "Segments": [
        0,
        -13,
        0,
        6,
        -13
      ]
    },
    {
      "Target": "Parameter",
      "Id": "Param9",
      "Segments": [
        0,
        1,
        0,
        6,
        1
      ]
    },
    {
      "Target": "Parameter",
      "Id": "Param2",
      "Segments": [
        0,
        0,
        0,
        6,
        0
      ]
    },
    {
      "Target": "Parameter",
      "Id": "Lowerbody_Roll",
      "Segments": [
        0,
        0,
        0,
        6,
        0
      ]
    },
    {
      "Target": "PartOpacity",
      "Id": "Part38",
      "Segments": [
        0,
        0,
        0,
        6,
        0
      ]
    }
  ],
  "UserData": [
    {
      "Time": 0.0,
      "Value": ""
    }
  ]
}