{
  "Version": 3,
  "Meta": {
    "Duration": 2.0,
    "Fps": 30.0,
    "Loop": true,
    "AreBeziersRestricted": true,
    "CurveCount": 92,
    "TotalSegmentCount": 267,
    "TotalPointCount": 379,
    "UserDataCount": 1,
    "TotalUserDataSize": 0
  },
  "Curves": [
    {
      "Target": "Parameter",
      "Id": "Breath",
      "Segments": [
        0,
        -20,
        1,
        0.333,
        -20,
        0.667,
        -11.463,
        1,
        -3.494,
        1,
        1.333,
        4.475,
        1.667,
        6,
        2,
        6
      ]
    },
    {
      "Target": "Parameter",
      "Id": "Body_Twist",
      "Segments": [
        0,
        0,
        1,
        0.222,
        0,
        0.445,
        -18.681,
        0.667,
        -25,
        1,
        0.856,
        -30.371,
        1.044,
        -30,
        1.233,
        -30,
        1,
        1.489,
        -30,
        1.744,
        -29.391,
        2,
        -29
      ]
    },
    {
      "Target": "Parameter",
      "Id": "Waist_Roll",
      "Segments": [
        0,
        0,
        0,
        0.167,
        -8,
        0,
        0.667,
        9,
        0,
        1.1,
        8,
        0,
        2,
        11
      ]
    },
    {
      "Target": "Parameter",
      "Id": "Necktie_Move",
      "Segments": [
        0,
        0,
        0,
        0.4,
        -14.717,
        0,
        0.8,
        2,
        0,
        1.3,
        -4,
        0,
        2,
        1.617
      ]
    },
    {
      "Target": "Parameter",
      "Id": "Jacket_Move",
      "Segments": [
        0,
        0,
        0,
        0.367,
        -20,
        0,
        0.833,
        1,
        0,
        1.3,
        -6,
        0,
        2,
        5
      ]
    },
    {
      "Target": "Parameter",
      "Id": "Head_AngleX",
      "Segments": [
        0,
        0,
        0,
        0.233,
        -9,
        1,
        0.322,
        -9,
        0.411,
        -4.073,
        0.5,
        1,
        1,
        0.622,
        7.976,
        0.745,
        10,
        0.867,
        10,
        1,
        1.022,
        10,
        1.178,
        0.743,
        1.333,
        0,
        1,
        1.555,
        -1.062,
        1.778,
        -1,
        2,
        -1
      ]
    },
    {
      "Target": "Parameter",
      "Id": "Head_AngleY",
      "Segments": [
        0,
        0,
        0,
        0.233,
        -6,
        1,
        0.322,
        -6,
        0.411,
        -5.914,
        0.5,
        -4,
        1,
        0.622,
        -1.369,
        0.745,
        2,
        0.867,
        2,
        1,
        1.022,
        2,
        1.178,
        1.064,
        1.333,
        0,
        1,
        1.555,
        -1.52,
        1.778,
        -2.214,
        2,
        -4
      ]
    },
    {
      "Target": "Parameter",
      "Id": "Head_Roll",
      "Segments": [
        0,
        0,
        0,
        0.233,
        -13,
        0,
        0.667,
        -5,
        0,
        1.067,
        -12,
        2,
        1.433,
        -12,
        0,
        2,
        -11
      ]
    },
    {
      "Target": "Parameter",
      "Id": "HeadY",
      "Segments": [
        0,
        0,
        0,
        0.2,
        -22,
        0,
        0.667,
        -5,
        2,
        2,
        -5
      ]
    },
    {
      "Target": "Parameter",
      "Id": "BrowRY",
      "Segments": [
        0,
        0,
        1,
        0.1,
        0,
        0.2,
        -0.429,
        0.3,
        -0.8,
        1,
        0.356,
        -1.006,
        0.411,
        -1,
        0.467,
        -1,
        0,
        0.667,
        -0.4,
        2,
        1.2,
        -0.4,
        2,
        2,
        -0.4
      ]
    },
    {
      "Target": "Parameter",
      "Id": "BrowR_Angle",
      "Segments": [
        0,
        0,
        0,
        0.3,
        0.3,
        0,
        0.467,
        0.278,
        0,
        0.633,
        1,
        2,
        1.2,
        1,
        2,
        2,
        1
      ]
    },
    {
      "Target": "Parameter",
      "Id": "BrowR_Form",
      "Segments": [
        0,
        0,
        1,
        0.1,
        0,
        0.2,
        -0.28,
        0.3,
        -0.4,
        1,
        0.356,
        -0.466,
        0.411,
        -0.5,
        0.467,
        -0.5,
        0,
        0.633,
        -0.9,
        2,
        1.2,
        -0.9,
        2,
        2,
        -0.9
      ]
    },
    {
      "Target": "Parameter",
      "Id": "BrowLY",
      "Segments": [
        0,
        0,
        2,
        0.233,
        0,
        1,
        0.255,
        0,
        0.278,
        -0.729,
        0.3,
        -0.8,
        1,
        0.356,
        -0.979,
        0.411,
        -1,
        0.467,
        -1,
        0,
        0.667,
        0,
        2,
        1.2,
        0,
        2,
        2,
        0
      ]
    },
    {
      "Target": "Parameter",
      "Id": "BrowL_Angle",
      "Segments": [
        0,
        0,
        0,
        0.3,
        0.3,
        0,
        0.467,
        0.276,
        1,
        0.522,
        0.276,
        0.578,
        0.8,
        0.633,
        0.82,
        1,
        0.822,
        0.888,
        1.011,
        0.9,
        1.2,
        0.9,
        2,
        2,
        0.9
      ]
    },
    {
      "Target": "Parameter",
      "Id": "BrowL_Form",
      "Segments": [
        0,
        0,
        1,
        0.1,
        0,
        0.2,
        -0.28,
        0.3,
        -0.4,
        1,
        0.356,
        -0.466,
        0.411,
        -0.5,
        0.467,
        -0.5,
        0,
        0.633,
        -0.7,
        2,
        1.2,
        -0.7,
        2,
        2,
        -0.7
      ]
    },
    {
      "Target": "Parameter",
      "Id": "EyeBallX",
      "Segments": [
        0,
        0.3,
        0,
        0.267,
        0,
        2,
        0.533,
        0,
        0,
        0.633,
        0.8,
        2,
        1.2,
        0.8,
        2,
        2,
        0.8
      ]
    },
    {
      "Target": "Parameter",
      "Id": "EyeBallY",
      "Segments": [
        0,
        0.2,
        0,
        0.267,
        -1,
        2,
        0.533,
        -1,
        0,
        0.633,
        0.3,
        2,
        1.2,
        0.3,
        2,
        2,
        0.3
      ]
    },
    {
      "Target": "Parameter",
      "Id": "EyeR_Smile",
      "Segments": [
        0,
        0,
        0,
        0.267,
        0.3,
        0,
        0.367,
        0,
        2,
        0.433,
        0,
        0,
        0.633,
        0.7,
        0,
        1.2,
        0,
        2,
        2,
        0
      ]
    },
    {
      "Target": "Parameter",
      "Id": "EyeR_Open",
      "Segments": [
        0,
        1,
        1,
        0.089,
        1,
        0.178,
        0.764,
        0.267,
        0.2,
        1,
        0.278,
        0.129,
        0.289,
        0,
        0.3,
        0,
        2,
        0.5,
        0,
        0,
        0.633,
        1,
        2,
        1.2,
        1,
        2,
        2,
        1
      ]
    },
    {
      "Target": "Parameter",
      "Id": "EyeL_Smile",
      "Segments": [
        0,
        0,
        0,
        0.267,
        0.3,
        0,
        0.367,
        0,
        2,
        0.433,
        0,
        0,
        0.633,
        0.7,
        0,
        1.2,
        0,
        2,
        2,
        0
      ]
    },
    {
      "Target": "Parameter",
      "Id": "EyeL_Open",
      "Segments": [
        0,
        1,
        1,
        0.089,
        1,
        0.178,
        0.764,
        0.267,
        0.2,
        1,
        0.278,
        0.129,
        0.289,
        0,
        0.3,
        0,
        2,
        0.5,
        0,
        0,
        0.633,
        1,
        2,
        1.2,
        1,
        2,
        2,
        1
      ]
    },
    {
      "Target": "Parameter",
      "Id": "EyeBall_Size",
      "Segments": [
        0,
        0,
        0,
        0.633,
        -0.3,
        0,
        0.667,
        -0.177,
        0,
        1.2,
        -0.2,
        2,
        2,
        -0.2
      ]
    },
    {
      "Target": "Parameter",
      "Id": "Mouth_Form",
      "Segments": [
        0,
        0,
        0,
        0.233,
        -1,
        2,
        0.667,
        -1,
        2,
        1.167,
        -1,
        0,
        1.2,
        1,
        2,
        2,
        1
      ]
    },
    {
      "Target": "Parameter",
      "Id": "Mouth_Open",
      "Segments": [
        0,
        1,
        1,
        0.1,
        1,
        0.2,
        0.216,
        0.3,
        0.057,
        1,
        0.356,
        -0.032,
        0.411,
        0,
        0.467,
        0,
        0,
        0.6,
        0.912,
        0,
        1.167,
        0,
        0,
        1.2,
        1,
        2,
        2,
        1
      ]
    },
    {
      "Target": "Parameter",
      "Id": "Param",
      "Segments": [
        0,
        0,
        0,
        0.3,
        14,
        0,
        0.6,
        -24.521,
        0,
        1.267,
        24,
        0,
        2,
        0
      ]
    },
    {
      "Target": "Parameter",
      "Id": "Hair_Shaking",
      "Segments": [
        0,
        0,
        0,
        0.067,
        20,
        0,
        0.367,
        -13,
        0,
        0.767,
        20,
        1,
        0.878,
        20,
        0.989,
        13.463,
        1.1,
        11,
        1,
        1.4,
        2.501,
        1.7,
        0,
        2,
        0
      ]
    },
    {
      "Target": "Parameter",
      "Id": "HairSide_Shaking",
      "Segments": [
        0,
        0,
        0,
        0.2,
        10,
        0,
        0.5,
        -19,
        0,
        1.4,
        10,
        1,
        1.6,
        10,
        1.8,
        1.11,
        2,
        -2.223
      ]
    },
    {
      "Target": "Parameter",
      "Id": "ShoulderR_Roll",
      "Segments": [
        0,
        0,
        1,
        0.289,
        0,
        0.578,
        19.133,
        0.867,
        20,
        1,
        1.245,
        21.134,
        1.622,
        21.507,
        2,
        22.011
      ]
    },
    {
      "Target": "Parameter",
      "Id": "ArmR_Roll",
      "Segments": [
        0,
        0,
        0,
        0.433,
        -16.618,
        1,
        0.955,
        -16.618,
        1.478,
        -15.3,
        2,
        -15.298
      ]
    },
    {
      "Target": "Parameter",
      "Id": "ArmR_Scale",
      "Segments": [
        0,
        0,
        1,
        0.167,
        0,
        0.333,
        -15.855,
        0.5,
        -16.991,
        1,
        1,
        -20.396,
        1.5,
        -20.991,
        2,
        -20.991
      ]
    },
    {
      "Target": "Parameter",
      "Id": "ShoulderLY",
      "Segments": [
        0,
        0,
        0,
        0.4,
        11,
        0,
        0.833,
        -29.577,
        0,
        2,
        -18
      ]
    },
    {
      "Target": "Parameter",
      "Id": "ShoulderL_Roll",
      "Segments": [
        0,
        0,
        0,
        0.4,
        35,
        1,
        0.567,
        29.969,
        0.733,
        24.281,
        0.9,
        20,
        1,
        1.011,
        17.421,
        1.122,
        14.729,
        1.233,
        13.3,
        1,
        1.289,
        12.353,
        1.344,
        11.403,
        1.4,
        11,
        1,
        1.6,
        9.257,
        1.8,
        7.369,
        2,
        6.25
      ]
    },
    {
      "Target": "Parameter",
      "Id": "ArmL_Roll",
      "Segments": [
        0,
        0,
        1,
        0.133,
        0,
        0.267,
        -25.501,
        0.4,
        -26.078,
        1,
        0.522,
        -26.608,
        0.645,
        -26.591,
        0.767,
        -26.879,
        1,
        0.778,
        -26.979,
        0.789,
        -27.079,
        0.8,
        -27.179,
        1,
        0.811,
        -27.079,
        0.822,
        -26.979,
        0.833,
        -26.879,
        1,
        0.855,
        -27.076,
        0.878,
        -27.273,
        0.9,
        -27.47,
        1,
        0.922,
        -27.37,
        0.945,
        -27.27,
        0.967,
        -27.17,
        1,
        1.011,
        -27.28,
        1.056,
        -27.39,
        1.1,
        -27.5,
        1,
        1.122,
        -27.433,
        1.145,
        -27.367,
        1.167,
        -27.3,
        1,
        1.367,
        -26.893,
        1.567,
        -26.485,
        1.767,
        -26.078,
        1,
        1.845,
        -25.977,
        1.922,
        -26,
        2,
        -26
      ]
    },
    {
      "Target": "Parameter",
      "Id": "ShoulderL_Scale",
      "Segments": [
        0,
        0,
        0,
        0.4,
        -5,
        0,
        2,
        0
      ]
    },
    {
      "Target": "Parameter",
      "Id": "Param9",
      "Segments": [
        0,
        0,
        0,
        0.067,
        1,
        2,
        2,
        1
      ]
    },
    {
      "Target": "Parameter",
      "Id": "HandR_Roll",
      "Segments": [
        0,
        -4,
        0,
        0.733,
        0,
        2,
        2,
        0
      ]
    },
    {
      "Target": "Parameter",
      "Id": "HandL_Roll",
      "Segments": [
        0,
        25,
        0,
        0.5,
        -10,
        1,
        0.589,
        -10,
        0.678,
        -6.684,
        0.767,
        -4,
        1,
        0.922,
        0.697,
        1.078,
        6.852,
        1.233,
        8,
        1,
        1.489,
        9.887,
        1.744,
        10,
        2,
        10
      ]
    },
    {
      "Target": "Parameter",
      "Id": "ShoulderY",
      "Segments": [
        0,
        0,
        0,
        0.5,
        25,
        0,
        1,
        -2,
        0,
        2,
        12.556
      ]
    },
    {
      "Target": "Parameter",
      "Id": "LegR_Roll",
      "Segments": [
        0,
        0,
        1,
        0.167,
        0,
        0.333,
        -0.515,
        0.5,
        -1,
        1,
        1,
        -2.454,
        1.5,
        -3,
        2,
        -3
      ]
    },
    {
      "Target": "Parameter",
      "Id": "LegL_Roll",
      "Segments": [
        0,
        0,
        0,
        0.5,
        7,
        0,
        2,
        6
      ]
    },
    {
      "Target": "Parameter",
      "Id": "Lowerbody_Roll",
      "Segments": [
        0,
        0,
        0,
        0.5,
        -10,
        2,
        2,
        -10
      ]
    },
    {
      "Target": "PartOpacity",
      "Id": "Part22",
      "Segments": [
        0,
        1,
        2,
        0.5,
        1,
        2,
        2,
        1
      ]
    },
    {
      "Target": "PartOpacity",
      "Id": "Part8",
      "Segments": [
        0,
        1,
        2,
        0.5,
        1,
        2,
        2,
        1
      ]
    },
    {
      "Target": "PartOpacity",
      "Id": "Part13",
      "Segments": [
        0,
        1,
        2,
        0.5,
        1,
        2,
        2,
        1
      ]
    },
    {
      "Target": "PartOpacity",
      "Id": "Part26",
      "Segments": [
        0,
        1,
        2,
        0.07,
        1,
        0,
        0.2,
        0,
        2,
        0.27,
        0,
        2,
        2,
        0
      ]
    },
    {
      "Target": "PartOpacity",
      "Id": "Part33",
      "Segments": [
        0,
        0,
        2,
        2,
        0
      ]
    },
    {
      "Target": "PartOpacity",
      "Id": "Part16",
      "Segments": [
        0,
        0,
        2,
        2,
        0
      ]
    },
    {
      "Target": "PartOpacity",
      "Id": "Part39",
      "Segments": [
        0,
        0,
        2,
        0.1,
        0,
        3,
        0.17,
        1,
        2,
        2,
        1
      ]
    },
    {
      "Target": "PartOpacity",
      "Id": "Part38",
      "Segments": [
        0,
        0,
        2,
        2,
        0
      ]
    },
    {
      "Target": "PartOpacity",
      "Id": "Part14",
      "Segments": [
        0,
        1,
        2,
        0.1,
        1,
        0,
        0.17,
        0,
        2,
        2,
        0
      ]
    },
    {
      "Target": "PartOpacity",
      "Id": "Part24",
      "Segments": [
        0,
        1,
        2,
        0.5,
        1,
        2,
        2,
        1
      ]
    },
    {
      "Target": "PartOpacity",
      "Id": "Part15",
      "Segments": [
        0,
        0,
        2,
        0.5,
        0,
        2,
        2,
        0
      ]
    },
    {
      "Target": "PartOpacity",
      "Id": "Part29",
      "Segments": [
        0,
        0,
        2,
        0.5,
        0,
        2,
        2,
        0
      ]
    },
    {
      "Target": "PartOpacity",
      "Id": "Part30",
      "Segments": [
        0,
        0,
        2,
        0.07,
        0,
        0,
        0.2,
        1,
        2,
        0.33,
        1,
        2,
        2,
        1
      ]
    },
    {
      "Target": "PartOpacity",
      "Id": "Part18",
      "Segments": [
        0,
        1,
        2,
        0.07,
        1,
        2,
        0.2,
        0,
        2,
        0.33,
        0,
        2,
        2,
        0
      ]
    },
    {
      "Target": "PartOpacity",
      "Id": "Part5",
      "Segments": [
        0,
        1,
        2,
        0.5,
        1,
        2,
        2,
        1
      ]
    },
    {
      "Target": "PartOpacity",
      "Id": "Part3",
      "Segments": [
        0,
        1,
        2,
        0.5,
        1,
        2,
        2,
        1
      ]
    },
    {
      "Target": "PartOpacity",
      "Id": "Part4",
      "Segments": [
        0,
        1,
        2,
        0.5,
        1,
        2,
        2,
        1
      ]
    },
    {
      "Target": "PartOpacity",
      "Id": "Part12",
      "Segments": [
        0,
        1,
        2,
        0.5,
        1,
        2,
        2,
        1
      ]
    },
    {
      "Target": "PartOpacity",
      "Id": "Part11",
      "Segments": [
        0,
        1,
        2,
        0.5,
        1,
        2,
        2,
        1
      ]
    },
    {
      "Target": "PartOpacity",
      "Id": "Part25",
      "Segments": [
        0,
        1,
        2,
        0.5,
        1,
        2,
        2,
        1
      ]
    },
    {
      "Target": "PartOpacity",
      "Id": "Part",
      "Segments": [
        0,
        1,
        2,
        0.5,
        1,
        2,
        2,
        1
      ]
    },
    {
      "Target": "PartOpacity",
      "Id": "Part2",
      "Segments": [
        0,
        1,
        2,
        0.5,
        1,
        2,
        2,
        1
      ]
    },
    {
      "Target": "PartOpacity",
      "Id": "Part6",
      "Segments": [
        0,
        1,
        2,
        0.5,
        1,
        2,
        2,
        1
      ]
    },
    {
      "Target": "PartOpacity",
      "Id": "Part10",
      "Segments": [
        0,
        1,
        2,
        0.5,
        1,
        2,
        2,
        1
      ]
    },
    {
      "Target": "PartOpacity",
      "Id": "Part7",
      "Segments": [
        0,
        1,
        2,
        0.5,
        1,
        2,
        2,
        1
      ]
    },
    {
      "Target": "PartOpacity",
      "Id": "Part21",
      "Segments": [
        0,
        1,
        2,
        0.5,
        1,
        2,
        2,
        1
      ]
    },
    {
      "Target": "PartOpacity",
      "Id": "Part27",
      "Segments": [
        0,
        1,
        2,
        0.13,
        1,
        0,
        0.2,
        0,
        2,
        0.5,
        0,
        2,
        2,
        0
      ]
    },
    {
      "Target": "PartOpacity",
      "Id": "Part28",
      "Segments": [
        0,
        0,
        2,
        2,
        0
      ]
    },
    {
      "Target": "PartOpacity",
      "Id": "Part32",
      "Segments": [
        0,
        0,
        2,
        0.1,
        1,
        2,
        2,
        1
      ]
    },
    {
      "Target": "PartOpacity",
      "Id": "Part17",
      "Segments": [
        0,
        1,
        2,
        0.23,
        1,
        2,
        0.5,
        1,
        2,
        2,
        1
      ]
    },
    {
      "Target": "PartOpacity",
      "Id": "Part31",
      "Segments": [
        0,
        0,
        2,
        0.5,
        0,
        2,
        2,
        0
      ]
    },
    {
      "Target": "PartOpacity",
      "Id": "Part20",
      "Segments": [
        0,
        1,
        2,
        0.13,
        0,
        2,
        2,
        0
      ]
    },
    {
      "Target": "PartOpacity",
      "Id": "Part19",
      "Segments": [
        0,
        0,
        2,
        2,
        0
      ]
    },
    {
      "Target": "PartOpacity",
      "Id": "Part37",
      "Segments": [
        0,
        0,
        2,
        0.07,
        0,
        0,
        0.13,
        1,
        2,
        0.5,
        1,
        2,
        2,
        1
      ]
    },
    {
      "Target": "PartOpacity",
      "Id": "Part23",
      "Segments": [
        0,
        0,
        2,
        0.5,
        0,
        2,
        2,
        0
      ]
    },
    {
      "Target": "PartOpacity",
      "Id": "Part9",
      "Segments": [
        0,
        1,
        2,
        0.5,
        1,
        2,
        2,
        1
      ]
    },
    {
      "Target": "Model",
      "Id": "Opacity",
      "Segments": [
        0,
        1,
        0,
        2,
        1
      ]
    },
    {
      "Target": "Parameter",
      "Id": "BrowRX",
      "Segments": [
        0,
        0,
        0,
        2,
        0
      ]
    },
    {
      "Target": "Parameter",
      "Id": "BrowLX",
      "Segments": [
        0,
        0,
        0,
        2,
        0
      ]
    },
    {
      "Target": "Parameter",
      "Id": "BrowR_Form2",
      "Segments": [
        0,
        0,
        0,
        2,
        0
      ]
    },
    {
      "Target": "Parameter",
      "Id": "BrowL_Form2",
      "Segments": [
        0,
        0,
        0,
        2,
        0
      ]
    },
    {
      "Target": "Parameter",
      "Id": "EyelidsR_Line",
      "Segments": [
        0,
        0,
        0,
        2,
        0
      ]
    },
    {
      "Target": "Parameter",
      "Id": "EyelidsL_Line",
      "Segments": [
        0,
        0,
        0,
        2,
        0
      ]
    },
    {
      "Target": "Parameter",
      "Id": "Eye_Size",
      "Segments": [
        0,
        0,
        0,
        2,
        0
      ]
    },
    {
      "Target": "Parameter",
      "Id": "EyeL_Shadow",
      "Segments": [
        0,
        0,
        0,
        2,
        0
      ]
    },
    {
      "Target": "Parameter",
      "Id": "EyeR_Shadow",
      "Segments": [
        0,
        0,
        0,
        2,
        0
      ]
    },
    {
      "Target": "Parameter",
      "Id": "Mouth_Size",
      "Segments": [
        0,
        0,
        0,
        2,
        0
      ]
    },
    {
      "Target": "Parameter",
      "Id": "ShoulderRY",
      "Segments": [
        0,
        0,
        0,
        2,
        0
      ]
    },
    {
      "Target": "Parameter",
      "Id": "ShoulderR_Scale",
      "Segments": [
        0,
        0,
        0,
        2,
        0
      ]
    },
    {
      "Target": "Parameter",
      "Id": "ArmL_Scale",
      "Segments": [
        0,
        0,
        0,
        2,
        0
      ]
    },
    {
      "Target": "PartOpacity",
      "Id": "Part36",
      "Segments": [
        0,
        1,
        0,
        2,
        1
      ]
    }
  ],
  "UserData": [
    {
      "Time": 0.0,
      "Value": ""
    }
  ]
}