{
  "Version": 3,
  "Meta": {
    "Duration": 6.0,
    "Fps": 30.0,
    "Loop": true,
    "AreBeziersRestricted": true,
    "CurveCount": 91,
    "TotalSegmentCount": 152,
    "TotalPointCount": 212,
    "UserDataCount": 1,
    "TotalUserDataSize": 0
  },
  "Curves": [
    {
      "Target": "Parameter",
      "Id": "Breath",
      "Segments": [
        0,
        -10,
        0,
        1.1,
        11.65,
        1,
        1.422,
        11.65,
        1.745,
        10.19,
        2.067,
        3.515,
        1,
        2.4,
        -3.39,
        2.734,
        -10,
        3.067,
        -10,
        0,
        4.2,
        11.65,
        1,
        4.489,
        11.65,
        4.778,
        9.295,
        5.067,
        2.444,
        1,
        5.378,
        -4.933,
        5.689,
        -10,
        6,
        -10
      ]
    },
    {
      "Target": "Parameter",
      "Id": "Body_Twist",
      "Segments": [
        0,
        -7,
        0,
        3.067,
        -9,
        0,
        6,
        -7
      ]
    },
    {
      "Target": "Parameter",
      "Id": "Waist_Roll",
      "Segments": [
        0,
        -4,
        1,
        0.311,
        -2.475,
        0.622,
        -2.22,
        0.933,
        -2.22,
        0,
        2.833,
        -3.98,
        0,
        4.233,
        -2.3,
        0,
        5.267,
        -4.824,
        1,
        5.511,
        -4.824,
        5.756,
        -5.299,
        6,
        -4
      ]
    },
    {
      "Target": "Parameter",
      "Id": "Necktie_Move",
      "Segments": [
        0,
        1.3,
        1,
        0.211,
        3.574,
        0.422,
        4.021,
        0.633,
        4.021,
        0,
        2.133,
        -0.49,
        0,
        3.933,
        2.602,
        0,
        5.4,
        0,
        1,
        5.6,
        0,
        5.8,
        0.65,
        6,
        1.3
      ]
    },
    {
      "Target": "Parameter",
      "Id": "Jacket_Move",
      "Segments": [
        0,
        -1.8,
        1,
        0.256,
        2.979,
        0.511,
        4.239,
        0.767,
        4.239,
        0,
        2.1,
        -4.96,
        0,
        3.933,
        1.34,
        0,
        5.367,
        -6,
        1,
        5.578,
        -6,
        5.789,
        -4.596,
        6,
        -1.8
      ]
    },
    {
      "Target": "Parameter",
      "Id": "Head_AngleX",
      "Segments": [
        0,
        -4,
        0,
        3.067,
        -10.333,
        1,
        3.4,
        -10.333,
        3.734,
        -8.021,
        4.067,
        -6.81,
        1,
        4.711,
        -4.47,
        5.356,
        -4,
        6,
        -4
      ]
    },
    {
      "Target": "Parameter",
      "Id": "Head_AngleY",
      "Segments": [
        0,
        -4,
        1,
        1.022,
        -4,
        2.045,
        -5.529,
        3.067,
        -8.91,
        1,
        3.4,
        -10.013,
        3.734,
        -10.751,
        4.067,
        -10.751,
        0,
        6,
        -4
      ]
    },
    {
      "Target": "Parameter",
      "Id": "Head_Roll",
      "Segments": [
        0,
        -12,
        0,
        1.067,
        -8.78,
        0,
        2.767,
        -12.02,
        0,
        5.067,
        -11,
        0,
        6,
        -12
      ]
    },
    {
      "Target": "Parameter",
      "Id": "HeadY",
      "Segments": [
        0,
        -3.431,
        0,
        2.367,
        -4.431,
        0,
        6,
        -3.431
      ]
    },
    {
      "Target": "Parameter",
      "Id": "Param",
      "Segments": [
        0,
        -13.769,
        1,
        0.533,
        2.65,
        1.067,
        10,
        1.6,
        10,
        0,
        3,
        -15,
        0,
        4.333,
        17,
        1,
        4.889,
        17,
        5.444,
        -30,
        6,
        -13.769
      ]
    },
    {
      "Target": "Parameter",
      "Id": "Hair_Shaking",
      "Segments": [
        0,
        0,
        1,
        0.522,
        8.299,
        1.045,
        11,
        1.567,
        11,
        0,
        2.933,
        -16,
        1,
        3.955,
        -16,
        4.978,
        -7.158,
        6,
        0
      ]
    },
    {
      "Target": "Parameter",
      "Id": "HairSide_Shaking",
      "Segments": [
        0,
        -8.971,
        1,
        0.233,
        -4.475,
        0.467,
        -3.62,
        0.7,
        -3.62,
        0,
        1.433,
        -8.971,
        0,
        2.733,
        -2.18,
        0,
        3.633,
        -8.971,
        0,
        4.733,
        -5.428,
        1,
        5.144,
        -5.428,
        5.556,
        -16.226,
        5.967,
        -8.971,
        2,
        6,
        -8.971
      ]
    },
    {
      "Target": "Parameter",
      "Id": "ShoulderR_Roll",
      "Segments": [
        0,
        23.68,
        1,
        0.356,
        23.259,
        0.711,
        21.945,
        1.067,
        21.945,
        0,
        2.967,
        23,
        0,
        4.433,
        21.735,
        0,
        6,
        23.68
      ]
    },
    {
      "Target": "Parameter",
      "Id": "ArmR_Roll",
      "Segments": [
        0,
        -13.603,
        0,
        1.133,
        -12.871,
        0,
        3.067,
        -13.33,
        0,
        4.5,
        -13.29,
        0,
        6,
        -13.603
      ]
    },
    {
      "Target": "Parameter",
      "Id": "ShoulderL_Roll",
      "Segments": [
        0,
        -12.724,
        0,
        1.033,
        -12.026,
        0,
        2.967,
        -13.224,
        0,
        4.433,
        -11.756,
        0,
        6,
        -12.724
      ]
    },
    {
      "Target": "Parameter",
      "Id": "ArmL_Roll",
      "Segments": [
        0,
        0.654,
        1,
        0.356,
        0.888,
        0.711,
        0.949,
        1.067,
        0.949,
        1,
        1.811,
        0.949,
        2.556,
        0.64,
        3.3,
        0.262,
        1,
        3.744,
        0.036,
        4.189,
        0,
        4.633,
        0,
        1,
        5.089,
        0,
        5.544,
        0.074,
        6,
        0.654
      ]
    },
    {
      "Target": "Parameter",
      "Id": "HandR_Roll",
      "Segments": [
        0,
        0,
        0,
        1.167,
        -2,
        0,
        3.4,
        1.103,
        0,
        4.7,
        -2,
        0,
        6,
        0
      ]
    },
    {
      "Target": "Parameter",
      "Id": "HandL_Roll",
      "Segments": [
        0,
        -29,
        1,
        0.389,
        -26.416,
        0.778,
        -25,
        1.167,
        -25,
        0,
        3.4,
        -30,
        0,
        4.7,
        -27,
        0,
        6,
        -29
      ]
    },
    {
      "Target": "Parameter",
      "Id": "ShoulderY",
      "Segments": [
        0,
        18,
        1,
        0.356,
        19.353,
        0.711,
        20,
        1.067,
        20,
        0,
        2.067,
        10.723,
        1,
        2.4,
        10.723,
        2.734,
        11.117,
        3.067,
        13.354,
        1,
        3.4,
        15.591,
        3.734,
        18,
        4.067,
        18,
        0,
        5,
        12.883,
        1,
        5.333,
        12.883,
        5.667,
        14.761,
        6,
        18
      ]
    },
    {
      "Target": "PartOpacity",
      "Id": "Part22",
      "Segments": [
        0,
        1,
        2,
        6,
        1
      ]
    },
    {
      "Target": "PartOpacity",
      "Id": "Part8",
      "Segments": [
        0,
        1,
        2,
        6,
        1
      ]
    },
    {
      "Target": "PartOpacity",
      "Id": "Part13",
      "Segments": [
        0,
        1,
        2,
        6,
        1
      ]
    },
    {
      "Target": "PartOpacity",
      "Id": "Part26",
      "Segments": [
        0,
        0,
        2,
        6,
        0
      ]
    },
    {
      "Target": "PartOpacity",
      "Id": "Part33",
      "Segments": [
        0,
        0,
        2,
        6,
        0
      ]
    },
    {
      "Target": "PartOpacity",
      "Id": "Part16",
      "Segments": [
        0,
        0,
        2,
        6,
        0
      ]
    },
    {
      "Target": "PartOpacity",
      "Id": "Part39",
      "Segments": [
        0,
        0,
        2,
        6,
        0
      ]
    },
    {
      "Target": "PartOpacity",
      "Id": "Part38",
      "Segments": [
        0,
        1,
        2,
        6,
        1
      ]
    },
    {
      "Target": "PartOpacity",
      "Id": "Part14",
      "Segments": [
        0,
        0,
        2,
        6,
        0
      ]
    },
    {
      "Target": "PartOpacity",
      "Id": "Part24",
      "Segments": [
        0,
        1,
        2,
        6,
        1
      ]
    },
    {
      "Target": "PartOpacity",
      "Id": "Part15",
      "Segments": [
        0,
        0,
        2,
        6,
        0
      ]
    },
    {
      "Target": "PartOpacity",
      "Id": "Part29",
      "Segments": [
        0,
        0,
        2,
        6,
        0
      ]
    },
    {
      "Target": "PartOpacity",
      "Id": "Part30",
      "Segments": [
        0,
        1,
        2,
        6,
        1
      ]
    },
    {
      "Target": "PartOpacity",
      "Id": "Part18",
      "Segments": [
        0,
        0,
        2,
        6,
        0
      ]
    },
    {
      "Target": "PartOpacity",
      "Id": "Part5",
      "Segments": [
        0,
        1,
        2,
        6,
        1
      ]
    },
    {
      "Target": "PartOpacity",
      "Id": "Part3",
      "Segments": [
        0,
        1,
        2,
        6,
        1
      ]
    },
    {
      "Target": "PartOpacity",
      "Id": "Part4",
      "Segments": [
        0,
        1,
        2,
        6,
        1
      ]
    },
    {
      "Target": "PartOpacity",
      "Id": "Part12",
      "Segments": [
        0,
        1,
        2,
        6,
        1
      ]
    },
    {
      "Target": "PartOpacity",
      "Id": "Part11",
      "Segments": [
        0,
        1,
        2,
        6,
        1
      ]
    },
    {
      "Target": "PartOpacity",
      "Id": "Part25",
      "Segments": [
        0,
        1,
        2,
        6,
        1
      ]
    },
    {
      "Target": "PartOpacity",
      "Id": "Part",
      "Segments": [
        0,
        1,
        2,
        6,
        1
      ]
    },
    {
      "Target": "PartOpacity",
      "Id": "Part2",
      "Segments": [
        0,
        1,
        2,
        6,
        1
      ]
    },
    {
      "Target": "PartOpacity",
      "Id": "Part6",
      "Segments": [
        0,
        1,
        2,
        6,
        1
      ]
    },
    {
      "Target": "PartOpacity",
      "Id": "Part10",
      "Segments": [
        0,
        1,
        2,
        6,
        1
      ]
    },
    {
      "Target": "PartOpacity",
      "Id": "Part7",
      "Segments": [
        0,
        1,
        2,
        6,
        1
      ]
    },
    {
      "Target": "PartOpacity",
      "Id": "Part21",
      "Segments": [
        0,
        1,
        2,
        6,
        1
      ]
    },
    {
      "Target": "PartOpacity",
      "Id": "Part27",
      "Segments": [
        0,
        1,
        2,
        6,
        1
      ]
    },
    {
      "Target": "PartOpacity",
      "Id": "Part28",
      "Segments": [
        0,
        0,
        2,
        6,
        0
      ]
    },
    {
      "Target": "PartOpacity",
      "Id": "Part32",
      "Segments": [
        0,
        1,
        2,
        6,
        1
      ]
    },
    {
      "Target": "PartOpacity",
      "Id": "Part17",
      "Segments": [
        0,
        1,
        2,
        6,
        1
      ]
    },
    {
      "Target": "PartOpacity",
      "Id": "Part31",
      "Segments": [
        0,
        0,
        2,
        6,
        0
      ]
    },
    {
      "Target": "PartOpacity",
      "Id": "Part20",
      "Segments": [
        0,
        0,
        2,
        6,
        0
      ]
    },
    {
      "Target": "PartOpacity",
      "Id": "Part19",
      "Segments": [
        0,
        0,
        2,
        6,
        0
      ]
    },
    {
      "Target": "PartOpacity",
      "Id": "Part37",
      "Segments": [
        0,
        0,
        2,
        6,
        0
      ]
    },
    {
      "Target": "PartOpacity",
      "Id": "Part23",
      "Segments": [
        0,
        1,
        2,
        6,
        1
      ]
    },
    {
      "Target": "PartOpacity",
      "Id": "Part9",
      "Segments": [
        0,
        1,
        2,
        6,
        1
      ]
    },
    {
      "Target": "Model",
      "Id": "Opacity",
      "Segments": [
        0,
        1,
        0,
        6,
        1
      ]
    },
    {
      "Target": "Parameter",
      "Id": "BrowRY",
      "Segments": [
        0,
        0,
        0,
        6,
        0
      ]
    },
    {
      "Target": "Parameter",
      "Id": "BrowRX",
      "Segments": [
        0,
        0,
        0,
        6,
        0
      ]
    },
    {
      "Target": "Parameter",
      "Id": "BrowR_Angle",
      "Segments": [
        0,
        0,
        0,
        6,
        0
      ]
    },
    {
      "Target": "Parameter",
      "Id": "BrowR_Form",
      "Segments": [
        0,
        -1,
        0,
        6,
        -1
      ]
    },
    {
      "Target": "Parameter",
      "Id": "BrowLY",
      "Segments": [
        0,
        -0.4,
        0,
        6,
        -0.4
      ]
    },
    {
      "Target": "Parameter",
      "Id": "BrowLX",
      "Segments": [
        0,
        0,
        0,
        6,
        0
      ]
    },
    {
      "Target": "Parameter",
      "Id": "BrowL_Angle",
      "Segments": [
        0,
        -0.4,
        0,
        6,
        -0.4
      ]
    },
    {
      "Target": "Parameter",
      "Id": "BrowL_Form",
      "Segments": [
        0,
        -0.6,
        0,
        6,
        -0.6
      ]
    },
    {
      "Target": "Parameter",
      "Id": "BrowR_Form2",
      "Segments": [
        0,
        0,
        0,
        6,
        0
      ]
    },
    {
      "Target": "Parameter",
      "Id": "BrowL_Form2",
      "Segments": [
        0,
        0,
        0,
        6,
        0
      ]
    },
    {
      "Target": "Parameter",
      "Id": "EyelidsR_Line",
      "Segments": [
        0,
        0,
        0,
        6,
        0
      ]
    },
    {
      "Target": "Parameter",
      "Id": "EyelidsL_Line",
      "Segments": [
        0,
        0,
        0,
        6,
        0
      ]
    },
    {
      "Target": "Parameter",
      "Id": "Eye_Size",
      "Segments": [
        0,
        0,
        0,
        6,
        0
      ]
    },
    {
      "Target": "Parameter",
      "Id": "EyeBallX",
      "Segments": [
        0,
        -0.1,
        0,
        6,
        -0.1
      ]
    },
    {
      "Target": "Parameter",
      "Id": "EyeBallY",
      "Segments": [
        0,
        -1,
        0,
        6,
        -1
      ]
    },
    {
      "Target": "Parameter",
      "Id": "EyeR_Smile",
      "Segments": [
        0,
        0,
        0,
        6,
        0
      ]
    },
    {
      "Target": "Parameter",
      "Id": "EyeR_Open",
      "Segments": [
        0,
        0.9,
        0,
        6,
        0.9
      ]
    },
    {
      "Target": "Parameter",
      "Id": "EyeL_Smile",
      "Segments": [
        0,
        0,
        0,
        6,
        0
      ]
    },
    {
      "Target": "Parameter",
      "Id": "EyeL_Open",
      "Segments": [
        0,
        0.8,
        0,
        6,
        0.8
      ]
    },
    {
      "Target": "Parameter",
      "Id": "EyeBall_Size",
      "Segments": [
        0,
        0,
        0,
        6,
        0
      ]
    },
    {
      "Target": "Parameter",
      "Id": "EyeL_Shadow",
      "Segments": [
        0,
        0,
        0,
        6,
        0
      ]
    },
    {
      "Target": "Parameter",
      "Id": "EyeR_Shadow",
      "Segments": [
        0,
        0,
        0,
        6,
        0
      ]
    },
    {
      "Target": "Parameter",
      "Id": "Mouth_Form",
      "Segments": [
        0,
        -1,
        0,
        6,
        -1
      ]
    },
    {
      "Target": "Parameter",
      "Id": "Mouth_Open",
      "Segments": [
        0,
        1,
        0,
        6,
        1
      ]
    },
    {
      "Target": "Parameter",
      "Id": "Mouth_Size",
      "Segments": [
        0,
        0.2,
        0,
        6,
        0.2
      ]
    },
    {
      "Target": "Parameter",
      "Id": "ShoulderRY",
      "Segments": [
        0,
        -30,
        0,
        6,
        -30
      ]
    },
    {
      "Target": "Parameter",
      "Id": "ArmR_Scale",
      "Segments": [
        0,
        -19,
        0,
        6,
        -19
      ]
    },
    {
      "Target": "Parameter",
      "Id": "ShoulderR_Scale",
      "Segments": [
        0,
        25,
        0,
        6,
        25
      ]
    },
    {
      "Target": "Parameter",
      "Id": "ShoulderLY",
      "Segments": [
        0,
        13.6,
        0,
        6,
        13.6
      ]
    },
    {
      "Target": "Parameter",
      "Id": "ArmL_Scale",
      "Segments": [
        0,
        -9.615,
        0,
        6,
        -9.615
      ]
    },
    {
      "Target": "Parameter",
      "Id": "ShoulderL_Scale",
      "Segments": [
        0,
        -9.781,
        0,
        6,
        -9.781
      ]
    },
    {
      "Target": "Parameter",
      "Id": "Param9",
      "Segments": [
        0,
        1,
        0,
        6,
        1
      ]
    },
    {
      "Target": "Parameter",
      "Id": "LegR_Roll",
      "Segments": [
        0,
        0,
        0,
        6,
        0
      ]
    },
    {
      "Target": "Parameter",
      "Id": "LegL_Roll",
      "Segments": [
        0,
        0,
        0,
        6,
        0
      ]
    },
    {
      "Target": "Parameter",
      "Id": "Lowerbody_Roll",
      "Segments": [
        0,
        -5,
        0,
        6,
        -5
      ]
    }
  ],
  "UserData": [
    {
      "Time": 0.0,
      "Value": ""
    }
  ]
}