{
  "Version": 3,
  "Meta": {
    "Duration": 2.0,
    "Fps": 30.0,
    "Loop": true,
    "AreBeziersRestricted": true,
    "CurveCount": 97,
    "TotalSegmentCount": 228,
    "TotalPointCount": 284,
    "UserDataCount": 1,
    "TotalUserDataSize": 0
  },
  "Curves": [
    {
      "Target": "Parameter",
      "Id": "Breath",
      "Segments": [
        0,
        -20,
        1,
        0.044,
        -20,
        0.089,
        -4.249,
        0.133,
        1.348,
        1,
        0.2,
        9.743,
        0.266,
        10.599,
        0.333,
        10.599,
        0,
        0.867,
        1.348,
        0,
        1.467,
        6.508,
        0,
        2,
        -1.007
      ]
    },
    {
      "Target": "Parameter",
      "Id": "BodyY",
      "Segments": [
        0,
        0,
        0,
        0.167,
        -30,
        2,
        2,
        -30
      ]
    },
    {
      "Target": "Parameter",
      "Id": "Waist_Roll",
      "Segments": [
        0,
        0,
        0,
        0.167,
        18.5,
        0,
        0.567,
        16,
        0,
        2,
        18
      ]
    },
    {
      "Target": "Parameter",
      "Id": "Necktie_Move",
      "Segments": [
        0,
        0,
        1,
        0.044,
        0,
        0.089,
        -12.08,
        0.133,
        -14.422,
        1,
        0.211,
        -18.52,
        0.289,
        -18.968,
        0.367,
        -18.968,
        1,
        0.511,
        -18.968,
        0.656,
        -9.588,
        0.8,
        -2.9,
        1,
        0.922,
        2.759,
        1.045,
        3.2,
        1.167,
        3.2,
        0,
        2,
        -2.397
      ]
    },
    {
      "Target": "Parameter",
      "Id": "Jacket_Move",
      "Segments": [
        0,
        0,
        0,
        0.4,
        -12.62,
        0,
        1.067,
        6.693,
        0,
        2,
        -4.851
      ]
    },
    {
      "Target": "Parameter",
      "Id": "BodyX",
      "Segments": [
        0,
        0,
        0,
        0.167,
        -3,
        2,
        2,
        -3
      ]
    },
    {
      "Target": "Parameter",
      "Id": "Head_AngleX",
      "Segments": [
        0,
        0,
        0,
        0.267,
        -10,
        0,
        1.133,
        -8,
        2,
        2,
        -8
      ]
    },
    {
      "Target": "Parameter",
      "Id": "Head_AngleY",
      "Segments": [
        0,
        0,
        0,
        0.267,
        -6,
        0,
        1.133,
        -1,
        2,
        2,
        -1
      ]
    },
    {
      "Target": "Parameter",
      "Id": "Head_Roll",
      "Segments": [
        0,
        0,
        1,
        0.022,
        0,
        0.045,
        -3.566,
        0.067,
        -9.231,
        1,
        0.1,
        -17.728,
        0.134,
        -21.341,
        0.167,
        -21.341,
        0,
        0.6,
        -19,
        0,
        2,
        -21
      ]
    },
    {
      "Target": "Parameter",
      "Id": "HeadY",
      "Segments": [
        0,
        0,
        1,
        0.022,
        0,
        0.045,
        -8.718,
        0.067,
        -9,
        1,
        0.134,
        -9.845,
        0.2,
        -10,
        0.267,
        -10,
        0,
        2,
        -6.326
      ]
    },
    {
      "Target": "Parameter",
      "Id": "HeadX",
      "Segments": [
        0,
        0,
        0,
        0.1,
        -22.172,
        0,
        2,
        -15
      ]
    },
    {
      "Target": "Parameter",
      "Id": "BrowRY",
      "Segments": [
        0,
        0,
        0,
        0.133,
        0.6,
        2,
        0.2,
        0.6,
        0,
        0.333,
        -0.4,
        2,
        0.667,
        -0.4,
        2,
        2,
        -0.4
      ]
    },
    {
      "Target": "Parameter",
      "Id": "BrowR_Angle",
      "Segments": [
        0,
        0,
        0,
        0.1,
        0.3,
        2,
        0.2,
        0.3,
        0,
        0.333,
        0.5,
        2,
        0.667,
        0.5,
        2,
        2,
        0.5
      ]
    },
    {
      "Target": "Parameter",
      "Id": "BrowR_Form",
      "Segments": [
        0,
        0,
        0,
        0.1,
        -0.6,
        2,
        0.2,
        -0.6,
        1,
        0.244,
        -0.6,
        0.289,
        -0.765,
        0.333,
        -0.8,
        1,
        0.444,
        -0.886,
        0.556,
        -0.9,
        0.667,
        -0.9,
        0,
        2,
        -0.8
      ]
    },
    {
      "Target": "Parameter",
      "Id": "BrowLY",
      "Segments": [
        0,
        0,
        0,
        0.133,
        0.6,
        2,
        0.2,
        0.6,
        0,
        0.333,
        -0.3,
        2,
        0.667,
        -0.3,
        2,
        2,
        -0.3
      ]
    },
    {
      "Target": "Parameter",
      "Id": "BrowLX",
      "Segments": [
        0,
        0,
        0,
        0.667,
        0.3,
        2,
        2,
        0.3
      ]
    },
    {
      "Target": "Parameter",
      "Id": "BrowL_Angle",
      "Segments": [
        0,
        0,
        0,
        0.1,
        0.3,
        2,
        0.2,
        0.3,
        0,
        0.333,
        0.6,
        2,
        0.667,
        0.6,
        2,
        2,
        0.6
      ]
    },
    {
      "Target": "Parameter",
      "Id": "BrowL_Form",
      "Segments": [
        0,
        0,
        0,
        0.1,
        -0.6,
        2,
        0.2,
        -0.6,
        0,
        0.333,
        -0.8,
        2,
        0.667,
        -0.8,
        0,
        2,
        -0.6
      ]
    },
    {
      "Target": "Parameter",
      "Id": "BrowR_Form2",
      "Segments": [
        0,
        0,
        2,
        0.2,
        0,
        0,
        0.333,
        30,
        2,
        0.667,
        30,
        2,
        2,
        30
      ]
    },
    {
      "Target": "Parameter",
      "Id": "BrowL_Form2",
      "Segments": [
        0,
        0,
        2,
        0.2,
        0,
        0,
        0.333,
        30,
        2,
        0.667,
        30,
        2,
        2,
        30
      ]
    },
    {
      "Target": "Parameter",
      "Id": "Eye_Size",
      "Segments": [
        0,
        0,
        0,
        0.2,
        0.3,
        2,
        0.667,
        0.3,
        2,
        2,
        0.3
      ]
    },
    {
      "Target": "Parameter",
      "Id": "EyeBallX",
      "Segments": [
        0,
        0.3,
        0,
        0.667,
        0,
        2,
        2,
        0
      ]
    },
    {
      "Target": "Parameter",
      "Id": "EyeBallY",
      "Segments": [
        0,
        0.2,
        0,
        0.667,
        0,
        2,
        2,
        0
      ]
    },
    {
      "Target": "Parameter",
      "Id": "EyeR_Smile",
      "Segments": [
        0,
        0,
        2,
        0.233,
        0,
        0,
        0.333,
        0.8,
        2,
        0.667,
        0.8,
        2,
        2,
        0.8
      ]
    },
    {
      "Target": "Parameter",
      "Id": "EyeR_Open",
      "Segments": [
        0,
        1,
        2,
        0.2,
        1,
        0,
        0.333,
        0,
        2,
        0.667,
        0,
        2,
        2,
        0
      ]
    },
    {
      "Target": "Parameter",
      "Id": "EyeL_Smile",
      "Segments": [
        0,
        0,
        2,
        0.233,
        0,
        0,
        0.333,
        0.8,
        2,
        0.667,
        0.8,
        2,
        2,
        0.8
      ]
    },
    {
      "Target": "Parameter",
      "Id": "EyeL_Open",
      "Segments": [
        0,
        1,
        2,
        0.2,
        1,
        0,
        0.333,
        0,
        2,
        0.667,
        0,
        2,
        2,
        0
      ]
    },
    {
      "Target": "Parameter",
      "Id": "EyeBall_Size",
      "Segments": [
        0,
        0,
        0,
        0.133,
        -0.5,
        2,
        0.667,
        -0.5,
        2,
        2,
        -0.5
      ]
    },
    {
      "Target": "Parameter",
      "Id": "EyeL_Shadow",
      "Segments": [
        0,
        0,
        1,
        0.078,
        0,
        0.155,
        0.798,
        0.233,
        6,
        1,
        0.266,
        8.229,
        0.3,
        30,
        0.333,
        30,
        2,
        0.667,
        30,
        2,
        2,
        30
      ]
    },
    {
      "Target": "Parameter",
      "Id": "EyeR_Shadow",
      "Segments": [
        0,
        0,
        1,
        0.078,
        0,
        0.155,
        2.315,
        0.233,
        13,
        1,
        0.266,
        17.579,
        0.3,
        30,
        0.333,
        30,
        0,
        0.667,
        29,
        2,
        2,
        29
      ]
    },
    {
      "Target": "Parameter",
      "Id": "Mouth_Form",
      "Segments": [
        0,
        0,
        1,
        0.033,
        0,
        0.067,
        0.781,
        0.1,
        0.9,
        1,
        0.133,
        1.019,
        0.167,
        1,
        0.2,
        1,
        0,
        0.233,
        -1,
        2,
        0.333,
        -1,
        2,
        0.667,
        -1,
        2,
        2,
        -1
      ]
    },
    {
      "Target": "Parameter",
      "Id": "Mouth_Open",
      "Segments": [
        0,
        1,
        0,
        0.1,
        0.5,
        2,
        0.2,
        0.5,
        0,
        0.233,
        0.2,
        0,
        0.333,
        1,
        2,
        0.667,
        1,
        2,
        2,
        1
      ]
    },
    {
      "Target": "Parameter",
      "Id": "Mouth_Size",
      "Segments": [
        0,
        0,
        0,
        0.1,
        -0.2,
        0,
        0.2,
        0.5,
        0,
        0.667,
        0.4,
        2,
        2,
        0.4
      ]
    },
    {
      "Target": "Parameter",
      "Id": "Param",
      "Segments": [
        0,
        0,
        0,
        0.3,
        -24,
        0,
        0.7,
        9,
        0,
        1.267,
        -8,
        0,
        2,
        0
      ]
    },
    {
      "Target": "Parameter",
      "Id": "Hair_Shaking",
      "Segments": [
        0,
        0,
        0,
        0.333,
        -7,
        0,
        0.5,
        0,
        2,
        1.3,
        0,
        2,
        2,
        0
      ]
    },
    {
      "Target": "Parameter",
      "Id": "HairSide_Shaking",
      "Segments": [
        0,
        0,
        0,
        0.333,
        -8,
        0,
        0.767,
        4,
        0,
        1.3,
        -7.183,
        0,
        2,
        0
      ]
    },
    {
      "Target": "Parameter",
      "Id": "ShoulderR_Roll",
      "Segments": [
        0,
        0,
        1,
        0.089,
        -9.643,
        0.178,
        -33.918,
        0.267,
        -33.918,
        1,
        0.356,
        -33.918,
        0.444,
        -21.793,
        0.533,
        -21.149,
        1,
        1.022,
        -17.606,
        1.511,
        -16.541,
        2,
        -16.541
      ]
    },
    {
      "Target": "Parameter",
      "Id": "ArmR_Roll",
      "Segments": [
        0,
        0,
        0,
        0.267,
        23.54,
        0,
        0.467,
        20,
        2,
        2,
        20
      ]
    },
    {
      "Target": "Parameter",
      "Id": "ArmR_Scale",
      "Segments": [
        0,
        0,
        0,
        0.233,
        -9,
        2,
        2,
        -9
      ]
    },
    {
      "Target": "Parameter",
      "Id": "ShoulderR_Scale",
      "Segments": [
        0,
        0,
        0,
        0.233,
        -8.162,
        2,
        2,
        -8.162
      ]
    },
    {
      "Target": "Parameter",
      "Id": "Param4",
      "Segments": [
        0,
        0,
        2,
        0.033,
        1,
        2,
        2,
        1
      ]
    },
    {
      "Target": "Parameter",
      "Id": "ShoulderLY",
      "Segments": [
        0,
        0,
        0,
        0.267,
        30,
        2,
        2,
        30
      ]
    },
    {
      "Target": "Parameter",
      "Id": "ShoulderL_Roll",
      "Segments": [
        0,
        0,
        1,
        0.067,
        5.786,
        0.133,
        24,
        0.2,
        24,
        0,
        0.567,
        5.014,
        0,
        1.367,
        7.804,
        0,
        2,
        5.014
      ]
    },
    {
      "Target": "Parameter",
      "Id": "ArmL_Roll",
      "Segments": [
        0,
        0,
        0,
        0.233,
        -18.445,
        0,
        0.533,
        -17.695,
        1,
        0.811,
        -17.695,
        1.089,
        -17.701,
        1.367,
        -17.776,
        1,
        1.578,
        -17.833,
        1.789,
        -17.945,
        2,
        -17.945
      ]
    },
    {
      "Target": "Parameter",
      "Id": "Param9",
      "Segments": [
        0,
        0,
        0,
        0.033,
        1,
        2,
        2,
        1
      ]
    },
    {
      "Target": "Parameter",
      "Id": "HandR_Roll",
      "Segments": [
        0,
        -4,
        1,
        0.078,
        -4,
        0.155,
        25.704,
        0.233,
        26,
        1,
        0.822,
        28.244,
        1.411,
        29,
        2,
        29
      ]
    },
    {
      "Target": "Parameter",
      "Id": "HandL_Roll",
      "Segments": [
        0,
        25,
        0,
        0.167,
        0,
        2,
        2,
        0
      ]
    },
    {
      "Target": "Parameter",
      "Id": "ShoulderY",
      "Segments": [
        0,
        0,
        0,
        0.267,
        30,
        1,
        0.345,
        30,
        0.422,
        0.704,
        0.5,
        0,
        1,
        1,
        -4.525,
        1.5,
        -6,
        2,
        -6
      ]
    },
    {
      "Target": "Parameter",
      "Id": "LegR_Roll",
      "Segments": [
        0,
        0,
        0,
        0.333,
        -10,
        2,
        2,
        -10
      ]
    },
    {
      "Target": "Parameter",
      "Id": "LegL_Roll",
      "Segments": [
        0,
        0,
        0,
        0.333,
        2,
        2,
        2,
        2
      ]
    },
    {
      "Target": "PartOpacity",
      "Id": "Part22",
      "Segments": [
        0,
        1,
        2,
        2,
        1
      ]
    },
    {
      "Target": "PartOpacity",
      "Id": "Part8",
      "Segments": [
        0,
        1,
        2,
        2,
        1
      ]
    },
    {
      "Target": "PartOpacity",
      "Id": "Part13",
      "Segments": [
        0,
        1,
        2,
        2,
        1
      ]
    },
    {
      "Target": "PartOpacity",
      "Id": "Part26",
      "Segments": [
        0,
        1,
        0,
        0.17,
        0,
        2,
        2,
        0
      ]
    },
    {
      "Target": "PartOpacity",
      "Id": "Part33",
      "Segments": [
        0,
        0,
        0,
        0.03,
        1,
        2,
        2,
        1
      ]
    },
    {
      "Target": "PartOpacity",
      "Id": "Part16",
      "Segments": [
        0,
        0,
        2,
        2,
        0
      ]
    },
    {
      "Target": "PartOpacity",
      "Id": "Part39",
      "Segments": [
        0,
        0,
        2,
        2,
        0
      ]
    },
    {
      "Target": "PartOpacity",
      "Id": "Part38",
      "Segments": [
        0,
        0,
        2,
        2,
        0
      ]
    },
    {
      "Target": "PartOpacity",
      "Id": "Part14",
      "Segments": [
        0,
        1,
        2,
        2,
        1
      ]
    },
    {
      "Target": "PartOpacity",
      "Id": "Part24",
      "Segments": [
        0,
        1,
        2,
        2,
        1
      ]
    },
    {
      "Target": "PartOpacity",
      "Id": "Part15",
      "Segments": [
        0,
        0,
        0,
        0.07,
        1,
        2,
        2,
        1
      ]
    },
    {
      "Target": "PartOpacity",
      "Id": "Part29",
      "Segments": [
        0,
        0,
        2,
        2,
        0
      ]
    },
    {
      "Target": "PartOpacity",
      "Id": "Part30",
      "Segments": [
        0,
        0,
        2,
        2,
        0
      ]
    },
    {
      "Target": "PartOpacity",
      "Id": "Part18",
      "Segments": [
        0,
        1,
        2,
        0.07,
        0,
        2,
        2,
        0
      ]
    },
    {
      "Target": "PartOpacity",
      "Id": "Part5",
      "Segments": [
        0,
        1,
        2,
        2,
        1
      ]
    },
    {
      "Target": "PartOpacity",
      "Id": "Part3",
      "Segments": [
        0,
        1,
        2,
        2,
        1
      ]
    },
    {
      "Target": "PartOpacity",
      "Id": "Part4",
      "Segments": [
        0,
        1,
        2,
        2,
        1
      ]
    },
    {
      "Target": "PartOpacity",
      "Id": "Part12",
      "Segments": [
        0,
        1,
        2,
        2,
        1
      ]
    },
    {
      "Target": "PartOpacity",
      "Id": "Part11",
      "Segments": [
        0,
        1,
        2,
        2,
        1
      ]
    },
    {
      "Target": "PartOpacity",
      "Id": "Part25",
      "Segments": [
        0,
        1,
        2,
        2,
        1
      ]
    },
    {
      "Target": "PartOpacity",
      "Id": "Part",
      "Segments": [
        0,
        1,
        2,
        2,
        1
      ]
    },
    {
      "Target": "PartOpacity",
      "Id": "Part2",
      "Segments": [
        0,
        1,
        2,
        2,
        1
      ]
    },
    {
      "Target": "PartOpacity",
      "Id": "Part6",
      "Segments": [
        0,
        1,
        2,
        2,
        1
      ]
    },
    {
      "Target": "PartOpacity",
      "Id": "Part10",
      "Segments": [
        0,
        1,
        2,
        2,
        1
      ]
    },
    {
      "Target": "PartOpacity",
      "Id": "Part7",
      "Segments": [
        0,
        1,
        2,
        2,
        1
      ]
    },
    {
      "Target": "PartOpacity",
      "Id": "Part21",
      "Segments": [
        0,
        1,
        2,
        2,
        1
      ]
    },
    {
      "Target": "PartOpacity",
      "Id": "Part27",
      "Segments": [
        0,
        1,
        0,
        0.17,
        0,
        2,
        2,
        0
      ]
    },
    {
      "Target": "PartOpacity",
      "Id": "Part32",
      "Segments": [
        0,
        0,
        2,
        0.03,
        1,
        2,
        2,
        1
      ]
    },
    {
      "Target": "PartOpacity",
      "Id": "Part17",
      "Segments": [
        0,
        1,
        2,
        2,
        1
      ]
    },
    {
      "Target": "PartOpacity",
      "Id": "Part31",
      "Segments": [
        0,
        0,
        2,
        2,
        0
      ]
    },
    {
      "Target": "PartOpacity",
      "Id": "Part20",
      "Segments": [
        0,
        1,
        2,
        0.07,
        0,
        2,
        2,
        1
      ]
    },
    {
      "Target": "PartOpacity",
      "Id": "Part19",
      "Segments": [
        0,
        0,
        0,
        0.07,
        1,
        2,
        2,
        1
      ]
    },
    {
      "Target": "PartOpacity",
      "Id": "Part37",
      "Segments": [
        0,
        0,
        2,
        2,
        0
      ]
    },
    {
      "Target": "PartOpacity",
      "Id": "Part23",
      "Segments": [
        0,
        0,
        2,
        2,
        0
      ]
    },
    {
      "Target": "PartOpacity",
      "Id": "Part9",
      "Segments": [
        0,
        1,
        2,
        2,
        1
      ]
    },
    {
      "Target": "Model",
      "Id": "Opacity",
      "Segments": [
        0,
        1,
        0,
        2,
        1
      ]
    },
    {
      "Target": "Parameter",
      "Id": "Body_Twist",
      "Segments": [
        0,
        0,
        0,
        2,
        0
      ]
    },
    {
      "Target": "Parameter",
      "Id": "Body_Shaking",
      "Segments": [
        0,
        0,
        0,
        2,
        0
      ]
    },
    {
      "Target": "Parameter",
      "Id": "BrowRX",
      "Segments": [
        0,
        0,
        0,
        2,
        0
      ]
    },
    {
      "Target": "Parameter",
      "Id": "EyelidsR_Line",
      "Segments": [
        0,
        0,
        0,
        2,
        0
      ]
    },
    {
      "Target": "Parameter",
      "Id": "EyelidsL_Line",
      "Segments": [
        0,
        0,
        0,
        2,
        0
      ]
    },
    {
      "Target": "Parameter",
      "Id": "ShoulderRY",
      "Segments": [
        0,
        0,
        0,
        2,
        0
      ]
    },
    {
      "Target": "Parameter",
      "Id": "ArmL_Scale",
      "Segments": [
        0,
        0,
        0,
        2,
        0
      ]
    },
    {
      "Target": "Parameter",
      "Id": "ShoulderL_Scale",
      "Segments": [
        0,
        0,
        0,
        2,
        0
      ]
    },
    {
      "Target": "Parameter",
      "Id": "Lowerbody_Roll",
      "Segments": [
        0,
        0,
        0,
        2,
        0
      ]
    },
    {
      "Target": "PartOpacity",
      "Id": "Part28",
      "Segments": [
        0,
        0,
        0,
        2,
        0
      ]
    },
    {
      "Target": "PartOpacity",
      "Id": "Part36",
      "Segments": [
        0,
        1,
        0,
        2,
        1
      ]
    }
  ],
  "UserData": [
    {
      "Time": 0.0,
      "Value": ""
    }
  ]
}