{
  "Version": 3,
  "Meta": {
    "Duration": 6.0,
    "Fps": 30.0,
    "Loop": true,
    "AreBeziersRestricted": true,
    "CurveCount": 92,
    "TotalSegmentCount": 170,
    "TotalPointCount": 248,
    "UserDataCount": 1,
    "TotalUserDataSize": 0
  },
  "Curves": [
    {
      "Target": "Parameter",
      "Id": "Breath",
      "Segments": [
        0,
        6,
        1,
        0.589,
        6,
        1.178,
        2.382,
        1.767,
        0.78,
        1,
        1.967,
        0.235,
        2.167,
        0.463,
        2.367,
        0.463,
        1,
        2.589,
        0.463,
        2.811,
        1.119,
        3.033,
        4.833,
        1,
        3.189,
        7.433,
        3.344,
        11.526,
        3.5,
        11.526,
        1,
        3.667,
        11.526,
        3.833,
        10.334,
        4,
        7.998,
        1,
        4.344,
        3.17,
        4.689,
        0.78,
        5.033,
        0.78,
        0,
        6,
        6
      ]
    },
    {
      "Target": "Parameter",
      "Id": "Body_Twist",
      "Segments": [
        0,
        -29,
        1,
        0.611,
        -28.066,
        1.222,
        -27.321,
        1.833,
        -26.611,
        1,
        2.333,
        -26.029,
        2.833,
        -25.84,
        3.333,
        -25.84,
        0,
        6,
        -29
      ]
    },
    {
      "Target": "Parameter",
      "Id": "Waist_Roll",
      "Segments": [
        0,
        11,
        0,
        0.733,
        9.716,
        0,
        1.933,
        11.32,
        0,
        2.967,
        10.237,
        0,
        3.967,
        11.281,
        0,
        5,
        9.486,
        0,
        6,
        11
      ]
    },
    {
      "Target": "Parameter",
      "Id": "Necktie_Move",
      "Segments": [
        0,
        1.617,
        0,
        0.833,
        0,
        1,
        1.211,
        0,
        1.589,
        0.004,
        1.967,
        1,
        1,
        2.389,
        2.113,
        2.811,
        4,
        3.233,
        4,
        1,
        3.555,
        4,
        3.878,
        1.218,
        4.2,
        -1,
        1,
        4.522,
        -3.218,
        4.845,
        -3.5,
        5.167,
        -3.5,
        0,
        6,
        1.617
      ]
    },
    {
      "Target": "Parameter",
      "Id": "Jacket_Move",
      "Segments": [
        0,
        5,
        0,
        0.833,
        -6,
        0,
        3.233,
        9.907,
        0,
        4.933,
        -5.877,
        1,
        5.089,
        -5.877,
        5.244,
        -2.364,
        5.4,
        0.517,
        1,
        5.6,
        4.221,
        5.8,
        5,
        6,
        5
      ]
    },
    {
      "Target": "Parameter",
      "Id": "Head_AngleX",
      "Segments": [
        0,
        -1,
        0,
        2.5,
        2.606,
        0,
        5.167,
        -2.48,
        0,
        6,
        -1
      ]
    },
    {
      "Target": "Parameter",
      "Id": "Head_AngleY",
      "Segments": [
        0,
        -4,
        1,
        0.211,
        -5.697,
        0.422,
        -8,
        0.633,
        -8,
        1,
        0.889,
        -8,
        1.144,
        -6.437,
        1.4,
        -4,
        1,
        1.7,
        -1.139,
        2,
        0,
        2.3,
        0,
        1,
        2.644,
        0,
        2.989,
        -6.916,
        3.333,
        -8,
        1,
        3.944,
        -9.924,
        4.556,
        -10,
        5.167,
        -10,
        0,
        6,
        -4
      ]
    },
    {
      "Target": "Parameter",
      "Id": "Head_Roll",
      "Segments": [
        0,
        -11,
        0,
        0.9,
        -12,
        0,
        2.333,
        -11,
        0,
        3.9,
        -12,
        1,
        4.356,
        -12,
        4.811,
        -11.944,
        5.267,
        -11.6,
        1,
        5.511,
        -11.416,
        5.756,
        -11,
        6,
        -11
      ]
    },
    {
      "Target": "Parameter",
      "Id": "Param",
      "Segments": [
        0,
        0,
        0,
        1.267,
        14,
        0,
        2.367,
        -16,
        0,
        4,
        15.54,
        0,
        5.033,
        -9.155,
        0,
        6,
        0
      ]
    },
    {
      "Target": "Parameter",
      "Id": "Hair_Shaking",
      "Segments": [
        0,
        0,
        0,
        0.733,
        3,
        1,
        1.166,
        3,
        1.6,
        2.422,
        2.033,
        0,
        1,
        2.144,
        -0.621,
        2.256,
        -7,
        2.367,
        -7,
        1,
        2.478,
        -7,
        2.589,
        -6.915,
        2.7,
        -6,
        1,
        2.889,
        -4.444,
        3.078,
        -2.714,
        3.267,
        0,
        1,
        3.545,
        3.992,
        3.822,
        8,
        4.1,
        8,
        0,
        4.933,
        -2,
        0,
        6,
        0
      ]
    },
    {
      "Target": "Parameter",
      "Id": "HairSide_Shaking",
      "Segments": [
        0,
        -2.223,
        1,
        0.144,
        -4.631,
        0.289,
        -4.307,
        0.433,
        -4.307,
        0,
        1.2,
        -0.289,
        0,
        2.567,
        -2.778,
        0,
        3.9,
        2.202,
        0,
        4.767,
        -0.996,
        0,
        5.5,
        0.611,
        1,
        5.667,
        0.611,
        5.833,
        -0.518,
        6,
        -2.223
      ]
    },
    {
      "Target": "Parameter",
      "Id": "ShoulderR_Roll",
      "Segments": [
        0,
        22.011,
        1,
        0.367,
        22.501,
        0.733,
        22.597,
        1.1,
        22.597,
        0,
        2.133,
        21.097,
        0,
        3.033,
        22.597,
        0,
        4.133,
        21.622,
        0,
        4.9,
        22.597,
        0,
        6,
        22.011
      ]
    },
    {
      "Target": "Parameter",
      "Id": "ArmR_Roll",
      "Segments": [
        0,
        -15.298,
        1,
        0.4,
        -15.296,
        0.8,
        -15.297,
        1.2,
        -15.296,
        1,
        1.544,
        -15.295,
        1.889,
        -14.916,
        2.233,
        -14.916,
        0,
        3.067,
        -15.386,
        0,
        4.267,
        -14.546,
        1,
        4.567,
        -14.546,
        4.867,
        -15.22,
        5.167,
        -15.266,
        1,
        5.445,
        -15.308,
        5.722,
        -15.298,
        6,
        -15.298
      ]
    },
    {
      "Target": "Parameter",
      "Id": "ShoulderL_Roll",
      "Segments": [
        0,
        6.25,
        1,
        0.311,
        4.509,
        0.622,
        4.05,
        0.933,
        4.05,
        0,
        2.067,
        6.849,
        0,
        3.133,
        6.302,
        0,
        4.1,
        7.15,
        0,
        5,
        4.9,
        1,
        5.333,
        4.9,
        5.667,
        8,
        6,
        6.25
      ]
    },
    {
      "Target": "Parameter",
      "Id": "HandR_Roll",
      "Segments": [
        0,
        0,
        0,
        1.333,
        3.103,
        0,
        2.333,
        1,
        0,
        3.333,
        4.636,
        0,
        4.167,
        2.081,
        0,
        5.1,
        3.614,
        0,
        6,
        0
      ]
    },
    {
      "Target": "Parameter",
      "Id": "ShoulderY",
      "Segments": [
        0,
        12.556,
        0,
        0.967,
        3.806,
        0,
        1.767,
        8.765,
        1,
        2.011,
        8.765,
        2.256,
        7.698,
        2.5,
        4.152,
        1,
        2.611,
        2.54,
        2.722,
        0.436,
        2.833,
        0.436,
        1,
        3.478,
        0.436,
        4.122,
        0.45,
        4.767,
        2.695,
        1,
        5.178,
        4.128,
        5.589,
        12.556,
        6,
        12.556
      ]
    },
    {
      "Target": "Parameter",
      "Id": "LegR_Roll",
      "Segments": [
        0,
        -3,
        0,
        4.033,
        0,
        0,
        6,
        -3
      ]
    },
    {
      "Target": "Parameter",
      "Id": "LegL_Roll",
      "Segments": [
        0,
        6,
        0,
        4.067,
        8,
        0,
        6,
        6
      ]
    },
    {
      "Target": "PartOpacity",
      "Id": "Part22",
      "Segments": [
        0,
        1,
        2,
        6,
        1
      ]
    },
    {
      "Target": "PartOpacity",
      "Id": "Part8",
      "Segments": [
        0,
        1,
        2,
        6,
        1
      ]
    },
    {
      "Target": "PartOpacity",
      "Id": "Part13",
      "Segments": [
        0,
        1,
        2,
        6,
        1
      ]
    },
    {
      "Target": "PartOpacity",
      "Id": "Part26",
      "Segments": [
        0,
        0,
        2,
        6,
        0
      ]
    },
    {
      "Target": "PartOpacity",
      "Id": "Part33",
      "Segments": [
        0,
        0,
        2,
        6,
        0
      ]
    },
    {
      "Target": "PartOpacity",
      "Id": "Part16",
      "Segments": [
        0,
        0,
        2,
        6,
        0
      ]
    },
    {
      "Target": "PartOpacity",
      "Id": "Part39",
      "Segments": [
        0,
        1,
        2,
        6,
        1
      ]
    },
    {
      "Target": "PartOpacity",
      "Id": "Part38",
      "Segments": [
        0,
        0,
        2,
        6,
        0
      ]
    },
    {
      "Target": "PartOpacity",
      "Id": "Part14",
      "Segments": [
        0,
        0,
        2,
        6,
        0
      ]
    },
    {
      "Target": "PartOpacity",
      "Id": "Part24",
      "Segments": [
        0,
        1,
        2,
        6,
        1
      ]
    },
    {
      "Target": "PartOpacity",
      "Id": "Part15",
      "Segments": [
        0,
        0,
        2,
        6,
        0
      ]
    },
    {
      "Target": "PartOpacity",
      "Id": "Part29",
      "Segments": [
        0,
        0,
        2,
        6,
        0
      ]
    },
    {
      "Target": "PartOpacity",
      "Id": "Part30",
      "Segments": [
        0,
        1,
        2,
        6,
        1
      ]
    },
    {
      "Target": "PartOpacity",
      "Id": "Part18",
      "Segments": [
        0,
        0,
        2,
        6,
        0
      ]
    },
    {
      "Target": "PartOpacity",
      "Id": "Part5",
      "Segments": [
        0,
        1,
        2,
        6,
        1
      ]
    },
    {
      "Target": "PartOpacity",
      "Id": "Part3",
      "Segments": [
        0,
        1,
        2,
        6,
        1
      ]
    },
    {
      "Target": "PartOpacity",
      "Id": "Part4",
      "Segments": [
        0,
        1,
        2,
        6,
        1
      ]
    },
    {
      "Target": "PartOpacity",
      "Id": "Part12",
      "Segments": [
        0,
        1,
        2,
        6,
        1
      ]
    },
    {
      "Target": "PartOpacity",
      "Id": "Part11",
      "Segments": [
        0,
        1,
        2,
        6,
        1
      ]
    },
    {
      "Target": "PartOpacity",
      "Id": "Part25",
      "Segments": [
        0,
        1,
        2,
        6,
        1
      ]
    },
    {
      "Target": "PartOpacity",
      "Id": "Part",
      "Segments": [
        0,
        1,
        2,
        6,
        1
      ]
    },
    {
      "Target": "PartOpacity",
      "Id": "Part2",
      "Segments": [
        0,
        1,
        2,
        6,
        1
      ]
    },
    {
      "Target": "PartOpacity",
      "Id": "Part6",
      "Segments": [
        0,
        1,
        2,
        6,
        1
      ]
    },
    {
      "Target": "PartOpacity",
      "Id": "Part10",
      "Segments": [
        0,
        1,
        2,
        6,
        1
      ]
    },
    {
      "Target": "PartOpacity",
      "Id": "Part7",
      "Segments": [
        0,
        1,
        2,
        6,
        1
      ]
    },
    {
      "Target": "PartOpacity",
      "Id": "Part21",
      "Segments": [
        0,
        1,
        2,
        6,
        1
      ]
    },
    {
      "Target": "PartOpacity",
      "Id": "Part27",
      "Segments": [
        0,
        0,
        2,
        6,
        0
      ]
    },
    {
      "Target": "PartOpacity",
      "Id": "Part28",
      "Segments": [
        0,
        0,
        2,
        6,
        0
      ]
    },
    {
      "Target": "PartOpacity",
      "Id": "Part17",
      "Segments": [
        0,
        1,
        2,
        6,
        1
      ]
    },
    {
      "Target": "PartOpacity",
      "Id": "Part31",
      "Segments": [
        0,
        0,
        2,
        6,
        0
      ]
    },
    {
      "Target": "PartOpacity",
      "Id": "Part20",
      "Segments": [
        0,
        0,
        2,
        6,
        0
      ]
    },
    {
      "Target": "PartOpacity",
      "Id": "Part19",
      "Segments": [
        0,
        0,
        2,
        6,
        0
      ]
    },
    {
      "Target": "PartOpacity",
      "Id": "Part37",
      "Segments": [
        0,
        1,
        2,
        6,
        1
      ]
    },
    {
      "Target": "PartOpacity",
      "Id": "Part23",
      "Segments": [
        0,
        0,
        2,
        6,
        0
      ]
    },
    {
      "Target": "PartOpacity",
      "Id": "Part9",
      "Segments": [
        0,
        1,
        2,
        6,
        1
      ]
    },
    {
      "Target": "Model",
      "Id": "Opacity",
      "Segments": [
        0,
        1,
        0,
        6,
        1
      ]
    },
    {
      "Target": "Parameter",
      "Id": "HeadY",
      "Segments": [
        0,
        -5,
        0,
        6,
        -5
      ]
    },
    {
      "Target": "Parameter",
      "Id": "BrowRY",
      "Segments": [
        0,
        -0.4,
        0,
        6,
        -0.4
      ]
    },
    {
      "Target": "Parameter",
      "Id": "BrowRX",
      "Segments": [
        0,
        0,
        0,
        6,
        0
      ]
    },
    {
      "Target": "Parameter",
      "Id": "BrowR_Angle",
      "Segments": [
        0,
        1,
        0,
        6,
        1
      ]
    },
    {
      "Target": "Parameter",
      "Id": "BrowR_Form",
      "Segments": [
        0,
        -0.9,
        0,
        6,
        -0.9
      ]
    },
    {
      "Target": "Parameter",
      "Id": "BrowLY",
      "Segments": [
        0,
        0,
        0,
        6,
        0
      ]
    },
    {
      "Target": "Parameter",
      "Id": "BrowLX",
      "Segments": [
        0,
        0,
        0,
        6,
        0
      ]
    },
    {
      "Target": "Parameter",
      "Id": "BrowL_Angle",
      "Segments": [
        0,
        0.9,
        0,
        6,
        0.9
      ]
    },
    {
      "Target": "Parameter",
      "Id": "BrowL_Form",
      "Segments": [
        0,
        -0.7,
        0,
        6,
        -0.7
      ]
    },
    {
      "Target": "Parameter",
      "Id": "BrowR_Form2",
      "Segments": [
        0,
        0,
        0,
        6,
        0
      ]
    },
    {
      "Target": "Parameter",
      "Id": "BrowL_Form2",
      "Segments": [
        0,
        0,
        0,
        6,
        0
      ]
    },
    {
      "Target": "Parameter",
      "Id": "EyelidsR_Line",
      "Segments": [
        0,
        0,
        0,
        6,
        0
      ]
    },
    {
      "Target": "Parameter",
      "Id": "EyelidsL_Line",
      "Segments": [
        0,
        0,
        0,
        6,
        0
      ]
    },
    {
      "Target": "Parameter",
      "Id": "Eye_Size",
      "Segments": [
        0,
        0,
        0,
        6,
        0
      ]
    },
    {
      "Target": "Parameter",
      "Id": "EyeBallX",
      "Segments": [
        0,
        0.8,
        0,
        6,
        0.8
      ]
    },
    {
      "Target": "Parameter",
      "Id": "EyeBallY",
      "Segments": [
        0,
        0.3,
        0,
        6,
        0.3
      ]
    },
    {
      "Target": "Parameter",
      "Id": "EyeR_Smile",
      "Segments": [
        0,
        0,
        0,
        6,
        0
      ]
    },
    {
      "Target": "Parameter",
      "Id": "EyeR_Open",
      "Segments": [
        0,
        1,
        0,
        6,
        1
      ]
    },
    {
      "Target": "Parameter",
      "Id": "EyeL_Smile",
      "Segments": [
        0,
        0,
        0,
        6,
        0
      ]
    },
    {
      "Target": "Parameter",
      "Id": "EyeL_Open",
      "Segments": [
        0,
        1,
        0,
        6,
        1
      ]
    },
    {
      "Target": "Parameter",
      "Id": "EyeBall_Size",
      "Segments": [
        0,
        -0.2,
        0,
        6,
        -0.2
      ]
    },
    {
      "Target": "Parameter",
      "Id": "EyeL_Shadow",
      "Segments": [
        0,
        0,
        0,
        6,
        0
      ]
    },
    {
      "Target": "Parameter",
      "Id": "EyeR_Shadow",
      "Segments": [
        0,
        0,
        0,
        6,
        0
      ]
    },
    {
      "Target": "Parameter",
      "Id": "Mouth_Form",
      "Segments": [
        0,
        1,
        0,
        6,
        1
      ]
    },
    {
      "Target": "Parameter",
      "Id": "Mouth_Open",
      "Segments": [
        0,
        1,
        0,
        6,
        1
      ]
    },
    {
      "Target": "Parameter",
      "Id": "Mouth_Size",
      "Segments": [
        0,
        0,
        0,
        6,
        0
      ]
    },
    {
      "Target": "Parameter",
      "Id": "ShoulderRY",
      "Segments": [
        0,
        0,
        0,
        6,
        0
      ]
    },
    {
      "Target": "Parameter",
      "Id": "ArmR_Scale",
      "Segments": [
        0,
        -20.991,
        0,
        6,
        -20.991
      ]
    },
    {
      "Target": "Parameter",
      "Id": "ShoulderR_Scale",
      "Segments": [
        0,
        0,
        0,
        6,
        0
      ]
    },
    {
      "Target": "Parameter",
      "Id": "ShoulderLY",
      "Segments": [
        0,
        -18,
        0,
        6,
        -18
      ]
    },
    {
      "Target": "Parameter",
      "Id": "ArmL_Roll",
      "Segments": [
        0,
        -26,
        0,
        6,
        -26
      ]
    },
    {
      "Target": "Parameter",
      "Id": "ArmL_Scale",
      "Segments": [
        0,
        0,
        0,
        6,
        0
      ]
    },
    {
      "Target": "Parameter",
      "Id": "ShoulderL_Scale",
      "Segments": [
        0,
        0,
        0,
        6,
        0
      ]
    },
    {
      "Target": "Parameter",
      "Id": "Param9",
      "Segments": [
        0,
        1,
        0,
        6,
        1
      ]
    },
    {
      "Target": "Parameter",
      "Id": "HandL_Roll",
      "Segments": [
        0,
        10,
        0,
        6,
        10
      ]
    },
    {
      "Target": "Parameter",
      "Id": "Lowerbody_Roll",
      "Segments": [
        0,
        -10,
        0,
        6,
        -10
      ]
    },
    {
      "Target": "PartOpacity",
      "Id": "Part32",
      "Segments": [
        0,
        1,
        0,
        6,
        1
      ]
    },
    {
      "Target": "PartOpacity",
      "Id": "Part36",
      "Segments": [
        0,
        1,
        0,
        6,
        1
      ]
    }
  ],
  "UserData": [
    {
      "Time": 0.0,
      "Value": ""
    }
  ]
}