{
  "Version": 3,
  "Meta": {
    "Duration": 8.0,
    "Fps": 30.0,
    "Loop": true,
    "AreBeziersRestricted": true,
    "CurveCount": 88,
    "TotalSegmentCount": 181,
    "TotalPointCount": 255,
    "UserDataCount": 1,
    "TotalUserDataSize": 0
  },
  "Curves": [
    {
      "Target": "Parameter",
      "Id": "Breath",
      "Segments": [
        0,
        0.616,
        1,
        0.422,
        0.254,
        0.845,
        0,
        1.267,
        0,
        0,
        3.767,
        0.705,
        0,
        5.633,
        0,
        0,
        7.367,
        0.796,
        1,
        7.578,
        0.796,
        7.789,
        0.737,
        8,
        0.616
      ]
    },
    {
      "Target": "Parameter",
      "Id": "Body_Shaking",
      "Segments": [
        0,
        6.975,
        1,
        0.489,
        0.671,
        0.978,
        -5.801,
        1.467,
        -5.801,
        0,
        3.333,
        7,
        0,
        5.133,
        -5.801,
        0,
        7.567,
        9.497,
        1,
        7.711,
        9.497,
        7.856,
        8.292,
        8,
        6.975
      ]
    },
    {
      "Target": "Parameter",
      "Id": "Body_Twist",
      "Segments": [
        0,
        8.087,
        1,
        0.389,
        3.979,
        0.778,
        3.702,
        1.167,
        1.568,
        1,
        1.522,
        -0.275,
        1.878,
        -0.995,
        2.233,
        -0.995,
        1,
        2.678,
        -0.995,
        3.122,
        -0.835,
        3.567,
        -0.057,
        1,
        4.167,
        1.4,
        4.767,
        5.175,
        5.367,
        9.774,
        1,
        5.667,
        11.739,
        5.967,
        13.861,
        6.267,
        13.883,
        1,
        6.745,
        13.883,
        7.222,
        10.519,
        7.7,
        9.774,
        1,
        7.8,
        9.149,
        7.9,
        8.087,
        8,
        8.087
      ]
    },
    {
      "Target": "Parameter",
      "Id": "Body_Pose1",
      "Segments": [
        0,
        0,
        2,
        0.533,
        0,
        0,
        2.533,
        -1,
        0,
        5.233,
        2.768,
        0,
        6.6,
        0,
        2,
        8,
        0
      ]
    },
    {
      "Target": "Parameter",
      "Id": "Jacket_Shaking",
      "Segments": [
        0,
        -1.414,
        1,
        0.289,
        -2.58,
        0.578,
        -3,
        0.867,
        -3,
        0,
        2.267,
        3,
        0,
        3.467,
        -3,
        0,
        4.333,
        3,
        0,
        5.7,
        -3,
        0,
        6.9,
        1,
        1,
        7.267,
        1,
        7.633,
        -0.323,
        8,
        -1.414
      ]
    },
    {
      "Target": "Parameter",
      "Id": "Tie_Shaiking",
      "Segments": [
        0,
        -0.5,
        1,
        0.3,
        -1.614,
        0.6,
        -2,
        0.9,
        -2,
        0,
        2.267,
        2,
        0,
        3.233,
        -2,
        0,
        4.333,
        2,
        0,
        5.667,
        -2,
        0,
        6.933,
        1,
        1,
        7.289,
        1,
        7.644,
        0.123,
        8,
        -0.5
      ]
    },
    {
      "Target": "Parameter",
      "Id": "Head_AngleX",
      "Segments": [
        0,
        3.575,
        1,
        0.556,
        2.046,
        1.111,
        0.914,
        1.667,
        -0.124,
        1,
        2.278,
        -1.264,
        2.889,
        -1.619,
        3.5,
        -1.619,
        0,
        5.5,
        8.104,
        1,
        6.333,
        8.104,
        7.167,
        6.417,
        8,
        3.575
      ]
    },
    {
      "Target": "Parameter",
      "Id": "Head_AngleY",
      "Segments": [
        0,
        9.967,
        0,
        1.667,
        -2.588,
        0,
        3.5,
        3.531,
        0,
        5.5,
        -0.554,
        0,
        8,
        9.967
      ]
    },
    {
      "Target": "Parameter",
      "Id": "Head_Roll",
      "Segments": [
        0,
        0.686,
        1,
        0.256,
        1.565,
        0.511,
        2.874,
        0.767,
        2.874,
        0,
        2.233,
        0.665,
        1,
        2.633,
        0.665,
        3.033,
        1.832,
        3.433,
        3.011,
        1,
        3.911,
        4.419,
        4.389,
        4.762,
        4.867,
        4.762,
        1,
        5.545,
        4.762,
        6.222,
        3.46,
        6.9,
        1.713,
        1,
        7.267,
        0.764,
        7.633,
        0.101,
        8,
        0.686
      ]
    },
    {
      "Target": "Parameter",
      "Id": "EyeBallX",
      "Segments": [
        0,
        0,
        0,
        1.667,
        0.1,
        2,
        3.5,
        0.1,
        0,
        5.5,
        0,
        2,
        8,
        0
      ]
    },
    {
      "Target": "Parameter",
      "Id": "BrowRY",
      "Segments": [
        0,
        -0.6,
        0,
        2.533,
        -0.619,
        0,
        4.567,
        -0.571,
        0,
        6.233,
        -0.619,
        0,
        8,
        -0.6
      ]
    },
    {
      "Target": "Parameter",
      "Id": "BrowLY",
      "Segments": [
        0,
        -0.531,
        0,
        2.533,
        -0.547,
        0,
        4.567,
        -0.5,
        0,
        6.233,
        -0.547,
        0,
        8,
        -0.531
      ]
    },
    {
      "Target": "Parameter",
      "Id": "Hair_Move",
      "Segments": [
        0,
        -7.433,
        1,
        0.367,
        -0.855,
        0.733,
        8.162,
        1.1,
        8.162,
        0,
        2.667,
        -7.641,
        0,
        4.467,
        5.348,
        0,
        5.667,
        -8.951,
        0,
        6.933,
        0.614,
        0,
        7.767,
        -9.931,
        1,
        7.845,
        -10.343,
        7.922,
        -8.535,
        8,
        -7.433
      ]
    },
    {
      "Target": "Parameter",
      "Id": "HairFront_Move",
      "Segments": [
        0,
        -0.006,
        1,
        0.3,
        -0.169,
        0.6,
        -0.2,
        0.9,
        -0.2,
        0,
        1.933,
        0.297,
        0,
        3.1,
        -0.091,
        0,
        4.133,
        0.329,
        0,
        5.533,
        -0.042,
        0,
        6.833,
        0.297,
        1,
        7.222,
        0.281,
        7.611,
        0.157,
        8,
        -0.006
      ]
    },
    {
      "Target": "Parameter",
      "Id": "HairSide_Move",
      "Segments": [
        0,
        0.009,
        1,
        0.244,
        -0.059,
        0.489,
        -0.051,
        0.733,
        -0.051,
        0,
        1.9,
        0.222,
        0,
        3.3,
        -0.051,
        0,
        4.467,
        0.198,
        0,
        5.8,
        -0.016,
        0,
        7.067,
        0.219,
        1,
        7.378,
        0.219,
        7.689,
        0.115,
        8,
        0.009
      ]
    },
    {
      "Target": "Parameter",
      "Id": "HairBack_Move",
      "Segments": [
        0,
        -0.218,
        0,
        1.3,
        0.144,
        0,
        2.433,
        -0.143,
        0,
        3.833,
        0.092,
        0,
        5.467,
        -0.143,
        0,
        6.6,
        0.129,
        0,
        8,
        -0.218
      ]
    },
    {
      "Target": "Parameter",
      "Id": "ShoulderLY",
      "Segments": [
        0,
        -2,
        1,
        0.656,
        -3.221,
        1.311,
        -3.711,
        1.967,
        -3.711,
        2,
        5.733,
        -3.711,
        0,
        8,
        -2
      ]
    },
    {
      "Target": "Parameter",
      "Id": "ShoulderR_Roll",
      "Segments": [
        0,
        0,
        1,
        0.233,
        0,
        0.467,
        0.064,
        0.7,
        0.442,
        1,
        1.322,
        1.448,
        1.945,
        2.13,
        2.567,
        2.13,
        0,
        5.167,
        1.075,
        0,
        6.833,
        1.965,
        0,
        8,
        0
      ]
    },
    {
      "Target": "Parameter",
      "Id": "ShoulderL_Roll",
      "Segments": [
        0,
        10.999,
        1,
        0.233,
        11.017,
        0.467,
        11.068,
        0.7,
        11.068,
        0,
        2.833,
        10.896,
        0,
        5.233,
        11.214,
        0,
        7.2,
        10.89,
        0,
        8,
        10.999
      ]
    },
    {
      "Target": "Parameter",
      "Id": "ArmR_Roll",
      "Segments": [
        0,
        0,
        1,
        0.6,
        0.198,
        1.2,
        0.193,
        1.8,
        0.193,
        0,
        5.9,
        -2.1,
        0,
        8,
        0
      ]
    },
    {
      "Target": "Parameter",
      "Id": "ArmL_Roll",
      "Segments": [
        0,
        16.999,
        0,
        1.933,
        16.825,
        0,
        5.967,
        17.028,
        0,
        8,
        16.999
      ]
    },
    {
      "Target": "Parameter",
      "Id": "ArmL_Form",
      "Segments": [
        0,
        -34,
        1,
        0.678,
        -34.772,
        1.355,
        -35.34,
        2.033,
        -35.34,
        1,
        3.378,
        -35.34,
        4.722,
        -35.22,
        6.067,
        -34.696,
        1,
        6.711,
        -34.445,
        7.356,
        -34,
        8,
        -34
      ]
    },
    {
      "Target": "Parameter",
      "Id": "HandR_Roll",
      "Segments": [
        0,
        0,
        0,
        2.333,
        2.514,
        0,
        4.367,
        -0.818,
        0,
        6.467,
        3.301,
        0,
        8,
        0
      ]
    },
    {
      "Target": "PartOpacity",
      "Id": "Part2",
      "Segments": [
        0,
        1,
        2,
        8,
        1
      ]
    },
    {
      "Target": "PartOpacity",
      "Id": "Part3",
      "Segments": [
        0,
        1,
        2,
        8,
        1
      ]
    },
    {
      "Target": "PartOpacity",
      "Id": "Part30",
      "Segments": [
        0,
        0,
        2,
        8,
        0
      ]
    },
    {
      "Target": "PartOpacity",
      "Id": "Part33",
      "Segments": [
        0,
        0,
        2,
        8,
        0
      ]
    },
    {
      "Target": "PartOpacity",
      "Id": "Part34",
      "Segments": [
        0,
        0,
        2,
        8,
        0
      ]
    },
    {
      "Target": "PartOpacity",
      "Id": "Part10",
      "Segments": [
        0,
        1,
        2,
        8,
        1
      ]
    },
    {
      "Target": "PartOpacity",
      "Id": "Part4",
      "Segments": [
        0,
        1,
        2,
        8,
        1
      ]
    },
    {
      "Target": "PartOpacity",
      "Id": "Part9",
      "Segments": [
        0,
        0,
        2,
        8,
        0
      ]
    },
    {
      "Target": "PartOpacity",
      "Id": "Part5",
      "Segments": [
        0,
        1,
        2,
        8,
        1
      ]
    },
    {
      "Target": "PartOpacity",
      "Id": "Part6",
      "Segments": [
        0,
        1,
        2,
        8,
        1
      ]
    },
    {
      "Target": "PartOpacity",
      "Id": "Part39",
      "Segments": [
        0,
        1,
        2,
        8,
        1
      ]
    },
    {
      "Target": "PartOpacity",
      "Id": "Part7",
      "Segments": [
        0,
        1,
        2,
        8,
        1
      ]
    },
    {
      "Target": "PartOpacity",
      "Id": "Part40",
      "Segments": [
        0,
        1,
        2,
        8,
        1
      ]
    },
    {
      "Target": "PartOpacity",
      "Id": "Part8",
      "Segments": [
        0,
        1,
        2,
        8,
        1
      ]
    },
    {
      "Target": "PartOpacity",
      "Id": "Part21",
      "Segments": [
        0,
        0,
        2,
        8,
        0
      ]
    },
    {
      "Target": "PartOpacity",
      "Id": "Part11",
      "Segments": [
        0,
        1,
        2,
        8,
        1
      ]
    },
    {
      "Target": "PartOpacity",
      "Id": "Part",
      "Segments": [
        0,
        0,
        2,
        8,
        0
      ]
    },
    {
      "Target": "PartOpacity",
      "Id": "Part16",
      "Segments": [
        0,
        1,
        2,
        8,
        1
      ]
    },
    {
      "Target": "PartOpacity",
      "Id": "Part32",
      "Segments": [
        0,
        0,
        2,
        8,
        0
      ]
    },
    {
      "Target": "PartOpacity",
      "Id": "Part15",
      "Segments": [
        0,
        1,
        2,
        8,
        1
      ]
    },
    {
      "Target": "PartOpacity",
      "Id": "Part19",
      "Segments": [
        0,
        1,
        2,
        8,
        1
      ]
    },
    {
      "Target": "PartOpacity",
      "Id": "Part25",
      "Segments": [
        0,
        1,
        2,
        8,
        1
      ]
    },
    {
      "Target": "PartOpacity",
      "Id": "Part17",
      "Segments": [
        0,
        1,
        2,
        8,
        1
      ]
    },
    {
      "Target": "PartOpacity",
      "Id": "Part29",
      "Segments": [
        0,
        1,
        2,
        8,
        1
      ]
    },
    {
      "Target": "PartOpacity",
      "Id": "Part23",
      "Segments": [
        0,
        1,
        2,
        8,
        1
      ]
    },
    {
      "Target": "PartOpacity",
      "Id": "Part13",
      "Segments": [
        0,
        1,
        2,
        8,
        1
      ]
    },
    {
      "Target": "PartOpacity",
      "Id": "Part18",
      "Segments": [
        0,
        1,
        2,
        8,
        1
      ]
    },
    {
      "Target": "PartOpacity",
      "Id": "Part12",
      "Segments": [
        0,
        1,
        2,
        8,
        1
      ]
    },
    {
      "Target": "Model",
      "Id": "Opacity",
      "Segments": [
        0,
        1,
        0,
        8,
        1
      ]
    },
    {
      "Target": "Parameter",
      "Id": "BodyY",
      "Segments": [
        0,
        0,
        0,
        8,
        0
      ]
    },
    {
      "Target": "Parameter",
      "Id": "Waist_Roll",
      "Segments": [
        0,
        0,
        0,
        8,
        0
      ]
    },
    {
      "Target": "Parameter",
      "Id": "BodyX",
      "Segments": [
        0,
        0,
        0,
        8,
        0
      ]
    },
    {
      "Target": "Parameter",
      "Id": "Head_RollY",
      "Segments": [
        0,
        0,
        0,
        8,
        0
      ]
    },
    {
      "Target": "Parameter",
      "Id": "Sweat",
      "Segments": [
        0,
        0,
        0,
        8,
        0
      ]
    },
    {
      "Target": "Parameter",
      "Id": "EyeBallY",
      "Segments": [
        0,
        0.016,
        0,
        8,
        0.016
      ]
    },
    {
      "Target": "Parameter",
      "Id": "BrowR_Form",
      "Segments": [
        0,
        -0.5,
        0,
        8,
        -0.5
      ]
    },
    {
      "Target": "Parameter",
      "Id": "BrowR_Form2",
      "Segments": [
        0,
        0,
        0,
        8,
        0
      ]
    },
    {
      "Target": "Parameter",
      "Id": "BrowL_Form",
      "Segments": [
        0,
        -0.7,
        0,
        8,
        -0.7
      ]
    },
    {
      "Target": "Parameter",
      "Id": "BrowL_Form2",
      "Segments": [
        0,
        0,
        0,
        8,
        0
      ]
    },
    {
      "Target": "Parameter",
      "Id": "BrowR_Angle",
      "Segments": [
        0,
        0.2,
        0,
        8,
        0.2
      ]
    },
    {
      "Target": "Parameter",
      "Id": "BrowL_Angle",
      "Segments": [
        0,
        -0.3,
        0,
        8,
        -0.3
      ]
    },
    {
      "Target": "Parameter",
      "Id": "Eyeball_Size",
      "Segments": [
        0,
        0,
        0,
        8,
        0
      ]
    },
    {
      "Target": "Parameter",
      "Id": "HighlightX",
      "Segments": [
        0,
        0,
        0,
        8,
        0
      ]
    },
    {
      "Target": "Parameter",
      "Id": "EyeR_Open",
      "Segments": [
        0,
        1,
        0,
        8,
        1
      ]
    },
    {
      "Target": "Parameter",
      "Id": "EyeR_Smile",
      "Segments": [
        0,
        0.5,
        0,
        8,
        0.5
      ]
    },
    {
      "Target": "Parameter",
      "Id": "EyeL_Open",
      "Segments": [
        0,
        1,
        0,
        8,
        1
      ]
    },
    {
      "Target": "Parameter",
      "Id": "EyeL_Smile",
      "Segments": [
        0,
        0.5,
        0,
        8,
        0.5
      ]
    },
    {
      "Target": "Parameter",
      "Id": "Smile_Form",
      "Segments": [
        0,
        1,
        0,
        8,
        1
      ]
    },
    {
      "Target": "Parameter",
      "Id": "MouthForm3",
      "Segments": [
        0,
        0,
        0,
        8,
        0
      ]
    },
    {
      "Target": "Parameter",
      "Id": "MouthForm2",
      "Segments": [
        0,
        0,
        0,
        8,
        0
      ]
    },
    {
      "Target": "Parameter",
      "Id": "MouthForm",
      "Segments": [
        0,
        -21,
        0,
        8,
        -21
      ]
    },
    {
      "Target": "Parameter",
      "Id": "Mouth_Open",
      "Segments": [
        0,
        1,
        0,
        8,
        1
      ]
    },
    {
      "Target": "Parameter",
      "Id": "Mouth_Size",
      "Segments": [
        0,
        0.2,
        0,
        8,
        0.2
      ]
    },
    {
      "Target": "Parameter",
      "Id": "ShoulderRY",
      "Segments": [
        0,
        0,
        0,
        8,
        0
      ]
    },
    {
      "Target": "Parameter",
      "Id": "ArmR_Form2",
      "Segments": [
        0,
        0,
        0,
        8,
        0
      ]
    },
    {
      "Target": "Parameter",
      "Id": "ArmR_Form",
      "Segments": [
        0,
        0,
        0,
        8,
        0
      ]
    },
    {
      "Target": "Parameter",
      "Id": "ArmL_Form2",
      "Segments": [
        0,
        -10,
        0,
        8,
        -10
      ]
    },
    {
      "Target": "Parameter",
      "Id": "ArmR_Sup_Form",
      "Segments": [
        0,
        0,
        0,
        8,
        0
      ]
    },
    {
      "Target": "Parameter",
      "Id": "ArmL_Sup_Form",
      "Segments": [
        0,
        -22,
        0,
        8,
        -22
      ]
    },
    {
      "Target": "Parameter",
      "Id": "Param4",
      "Segments": [
        0,
        0,
        0,
        8,
        0
      ]
    },
    {
      "Target": "Parameter",
      "Id": "HandL_Roll",
      "Segments": [
        0,
        -17,
        0,
        8,
        -17
      ]
    },
    {
      "Target": "Parameter",
      "Id": "Param3",
      "Segments": [
        0,
        0,
        0,
        8,
        0
      ]
    },
    {
      "Target": "Parameter",
      "Id": "LegR_Roll",
      "Segments": [
        0,
        0,
        0,
        8,
        0
      ]
    },
    {
      "Target": "Parameter",
      "Id": "LegL_Roll",
      "Segments": [
        0,
        0,
        0,
        8,
        0
      ]
    },
    {
      "Target": "Parameter",
      "Id": "Lowerbody_Roll",
      "Segments": [
        0,
        0,
        0,
        8,
        0
      ]
    }
  ],
  "UserData": [
    {
      "Time": 0.0,
      "Value": ""
    }
  ]
}