{
  "Version": 3,
  "Meta": {
    "Duration": 8.0,
    "Fps": 30.0,
    "Loop": true,
    "AreBeziersRestricted": true,
    "CurveCount": 88,
    "TotalSegmentCount": 196,
    "TotalPointCount": 282,
    "UserDataCount": 1,
    "TotalUserDataSize": 0
  },
  "Curves": [
    {
      "Target": "Parameter",
      "Id": "Breath",
      "Segments": [
        0,
        0,
        0,
        2.067,
        1,
        0,
        4.2,
        0,
        0,
        6.033,
        1,
        0,
        8,
        0
      ]
    },
    {
      "Target": "Parameter",
      "Id": "Body_Shaking",
      "Segments": [
        0,
        8.115,
        1,
        0.778,
        14.458,
        1.555,
        21.115,
        2.333,
        21.115,
        0,
        4.267,
        8.941,
        0,
        6.367,
        21.115,
        0,
        8,
        8.115
      ]
    },
    {
      "Target": "Parameter",
      "Id": "Body_Twist",
      "Segments": [
        0,
        -1.192,
        1,
        0.567,
        -3.689,
        1.133,
        -10.457,
        1.7,
        -12,
        1,
        2,
        -12.816,
        2.3,
        -12.59,
        2.6,
        -12.59,
        1,
        2.889,
        -12.59,
        3.178,
        -13.03,
        3.467,
        -11.724,
        1,
        4.045,
        -9.113,
        4.622,
        -0.804,
        5.2,
        -0.804,
        0,
        6.933,
        -6.104,
        0,
        8,
        -1.192
      ]
    },
    {
      "Target": "Parameter",
      "Id": "Body_Pose1",
      "Segments": [
        0,
        -5.504,
        1,
        0.433,
        -5.732,
        0.867,
        -8.436,
        1.3,
        -8.436,
        0,
        3.467,
        -4.016,
        0,
        5.333,
        -7.748,
        1,
        6.033,
        -7.748,
        6.733,
        -6.149,
        7.433,
        -5.576,
        1,
        7.622,
        -5.576,
        7.811,
        -5.416,
        8,
        -5.504
      ]
    },
    {
      "Target": "Parameter",
      "Id": "Waist_Roll",
      "Segments": [
        0,
        -1.921,
        1,
        0.111,
        -1.952,
        0.222,
        -1.951,
        0.333,
        -1.957,
        1,
        2.5,
        -2.08,
        4.666,
        -2.137,
        6.833,
        -2.137,
        0,
        8,
        -1.921
      ]
    },
    {
      "Target": "Parameter",
      "Id": "Jacket_Shaking",
      "Segments": [
        0,
        4.515,
        0,
        1.233,
        0,
        0,
        2.467,
        4.515,
        0,
        3.767,
        -1,
        0,
        4.967,
        4.515,
        0,
        6.4,
        -1,
        0,
        8,
        4.515
      ]
    },
    {
      "Target": "Parameter",
      "Id": "Tie_Shaiking",
      "Segments": [
        0,
        7,
        0,
        1.2,
        -0.615,
        0,
        2.5,
        7,
        0,
        3.733,
        -1.615,
        0,
        4.967,
        6,
        0,
        6.4,
        -0.615,
        0,
        8,
        7
      ]
    },
    {
      "Target": "Parameter",
      "Id": "Head_AngleX",
      "Segments": [
        0,
        -2.108,
        1,
        0.478,
        -2.636,
        0.955,
        -3.681,
        1.433,
        -3.875,
        1,
        2.055,
        -4.127,
        2.678,
        -4.118,
        3.3,
        -4.374,
        1,
        4,
        -4.663,
        4.7,
        -5.206,
        5.4,
        -5.206,
        0,
        8,
        -2.108
      ]
    },
    {
      "Target": "Parameter",
      "Id": "Head_AngleY",
      "Segments": [
        0,
        -5.914,
        1,
        0.489,
        -9.668,
        0.978,
        -10.695,
        1.467,
        -10.695,
        0,
        3.3,
        -1.815,
        0,
        5.4,
        -13.852,
        1,
        6.267,
        -13.852,
        7.133,
        -1.344,
        8,
        -5.914
      ]
    },
    {
      "Target": "Parameter",
      "Id": "Head_Roll",
      "Segments": [
        0,
        0.862,
        1,
        0.189,
        0.274,
        0.378,
        0.029,
        0.567,
        -0.252,
        1,
        0.867,
        -0.698,
        1.167,
        -0.778,
        1.467,
        -1.413,
        1,
        2.578,
        -3.766,
        3.689,
        -5.681,
        4.8,
        -5.681,
        1,
        5,
        -5.147,
        5.2,
        -5.705,
        5.4,
        -5.31,
        1,
        5.7,
        -4.372,
        6,
        -3.971,
        6.3,
        -1.762,
        1,
        6.867,
        0.129,
        7.433,
        0.862,
        8,
        0.862
      ]
    },
    {
      "Target": "Parameter",
      "Id": "EyeBallX",
      "Segments": [
        0,
        0.1,
        2,
        1.433,
        0.1,
        2,
        3.3,
        0.1,
        0,
        5.4,
        0.3,
        0,
        8,
        0.1
      ]
    },
    {
      "Target": "Parameter",
      "Id": "EyeBallY",
      "Segments": [
        0,
        -0.2,
        0,
        1.433,
        0.1,
        2,
        3.3,
        0.1,
        2,
        5.4,
        0.1,
        0,
        8,
        -0.2
      ]
    },
    {
      "Target": "Parameter",
      "Id": "MouthForm",
      "Segments": [
        0,
        -20,
        2,
        1.133,
        -20,
        0,
        2.633,
        -16,
        0,
        4.667,
        -20,
        2,
        8,
        -20
      ]
    },
    {
      "Target": "Parameter",
      "Id": "Hair_Move",
      "Segments": [
        0,
        2.02,
        1,
        0.267,
        -3.064,
        0.533,
        -4.32,
        0.8,
        -4.32,
        0,
        1.8,
        10.367,
        0,
        3.467,
        -5.276,
        0,
        4.9,
        10,
        0,
        6.3,
        -5.276,
        0,
        7.233,
        8,
        1,
        7.489,
        8.13,
        7.744,
        4.962,
        8,
        2.02
      ]
    },
    {
      "Target": "Parameter",
      "Id": "HairFront_Move",
      "Segments": [
        0,
        0.496,
        1,
        0.378,
        0.159,
        0.755,
        0.089,
        1.133,
        0.05,
        0,
        2.433,
        0.399,
        0,
        3.5,
        0.098,
        0,
        4.733,
        0.383,
        0,
        6.133,
        0.11,
        1,
        6.533,
        0.11,
        6.933,
        0.508,
        7.333,
        0.6,
        1,
        7.555,
        0.642,
        7.778,
        0.6,
        8,
        0.496
      ]
    },
    {
      "Target": "Parameter",
      "Id": "HairSide_Move",
      "Segments": [
        0,
        0.345,
        1,
        0.3,
        0.136,
        0.6,
        0.077,
        0.9,
        0.077,
        0,
        2.733,
        0.352,
        0,
        3.833,
        0.138,
        0,
        5.033,
        0.268,
        0,
        6.233,
        0.022,
        1,
        6.589,
        0.022,
        6.944,
        0.311,
        7.3,
        0.396,
        1,
        7.533,
        0.446,
        7.767,
        0.446,
        8,
        0.345
      ]
    },
    {
      "Target": "Parameter",
      "Id": "HairBack_Move",
      "Segments": [
        0,
        0.217,
        1,
        0.356,
        -0.08,
        0.711,
        -0.218,
        1.067,
        -0.218,
        0,
        2.233,
        0.228,
        0,
        3.767,
        -0.179,
        0,
        5.033,
        0.173,
        0,
        6.367,
        -0.143,
        0,
        7.633,
        0.314,
        1,
        7.755,
        0.314,
        7.878,
        0.269,
        8,
        0.217
      ]
    },
    {
      "Target": "Parameter",
      "Id": "ShoulderLY",
      "Segments": [
        0,
        13.52,
        1,
        0.311,
        11.396,
        0.622,
        8.18,
        0.933,
        8.18,
        0,
        2.967,
        16.521,
        0,
        5.067,
        8.607,
        0,
        7.233,
        16.001,
        1,
        7.489,
        16.001,
        7.744,
        14.788,
        8,
        13.52
      ]
    },
    {
      "Target": "Parameter",
      "Id": "ShoulderR_Roll",
      "Segments": [
        0,
        5.391,
        0,
        1.3,
        3.593,
        0,
        2.633,
        5.596,
        0,
        3.933,
        3.809,
        0,
        5.333,
        5.102,
        0,
        6.633,
        3.593,
        0,
        8,
        5.391
      ]
    },
    {
      "Target": "Parameter",
      "Id": "ShoulderL_Roll",
      "Segments": [
        0,
        -3.083,
        0,
        1.233,
        -1.722,
        0,
        2.633,
        -2.937,
        0,
        4.1,
        -1.62,
        0,
        5.467,
        -3.26,
        0,
        6.833,
        -2.125,
        0,
        8,
        -3.083
      ]
    },
    {
      "Target": "Parameter",
      "Id": "ArmR_Roll",
      "Segments": [
        0,
        -11.2,
        1,
        0.167,
        -11.41,
        0.333,
        -12,
        0.5,
        -12,
        0,
        1.667,
        -9.683,
        0,
        3.067,
        -10.822,
        0,
        4.533,
        -8.684,
        0,
        6.033,
        -10.98,
        0,
        7.333,
        -10.07,
        1,
        7.555,
        -10.07,
        7.778,
        -10.68,
        8,
        -11.2
      ]
    },
    {
      "Target": "Parameter",
      "Id": "ArmL_Roll",
      "Segments": [
        0,
        38,
        1,
        0.311,
        38.115,
        0.622,
        38.126,
        0.933,
        38.126,
        1,
        1.489,
        38.126,
        2.044,
        37.976,
        2.6,
        37.9,
        1,
        3.067,
        37.836,
        3.533,
        37.84,
        4,
        37.84,
        1,
        4.522,
        37.84,
        5.045,
        38.056,
        5.567,
        38.185,
        1,
        5.989,
        38.289,
        6.411,
        38.286,
        6.833,
        38.286,
        0,
        8,
        38
      ]
    },
    {
      "Target": "Parameter",
      "Id": "HandR_Roll",
      "Segments": [
        0,
        -3.871,
        0,
        2.367,
        -1.444,
        0,
        4.4,
        -3.564,
        0,
        6.3,
        -1.599,
        0,
        8,
        -3.871
      ]
    },
    {
      "Target": "Parameter",
      "Id": "HandL_Roll",
      "Segments": [
        0,
        -18.811,
        1,
        0.289,
        -17.995,
        0.578,
        -17.963,
        0.867,
        -17.963,
        0,
        2.533,
        -18,
        0,
        4.167,
        -17.963,
        0,
        5.633,
        -18,
        0,
        6.5,
        -17.963,
        1,
        6.833,
        -17.963,
        7.167,
        -18.788,
        7.5,
        -19.242,
        1,
        7.667,
        -19.205,
        7.833,
        -19.356,
        8,
        -18.811
      ]
    },
    {
      "Target": "Parameter",
      "Id": "LegL_Roll",
      "Segments": [
        0,
        7,
        0,
        1.3,
        7.74,
        0,
        5.067,
        6.821,
        0,
        8,
        7
      ]
    },
    {
      "Target": "PartOpacity",
      "Id": "Part2",
      "Segments": [
        0,
        1,
        2,
        8,
        1
      ]
    },
    {
      "Target": "PartOpacity",
      "Id": "Part3",
      "Segments": [
        0,
        1,
        2,
        8,
        1
      ]
    },
    {
      "Target": "PartOpacity",
      "Id": "Part30",
      "Segments": [
        0,
        0,
        2,
        8,
        0
      ]
    },
    {
      "Target": "PartOpacity",
      "Id": "Part33",
      "Segments": [
        0,
        0,
        2,
        8,
        0
      ]
    },
    {
      "Target": "PartOpacity",
      "Id": "Part34",
      "Segments": [
        0,
        0,
        2,
        8,
        0
      ]
    },
    {
      "Target": "PartOpacity",
      "Id": "Part10",
      "Segments": [
        0,
        1,
        2,
        8,
        1
      ]
    },
    {
      "Target": "PartOpacity",
      "Id": "Part4",
      "Segments": [
        0,
        1,
        2,
        8,
        1
      ]
    },
    {
      "Target": "PartOpacity",
      "Id": "Part9",
      "Segments": [
        0,
        1,
        2,
        8,
        1
      ]
    },
    {
      "Target": "PartOpacity",
      "Id": "Part5",
      "Segments": [
        0,
        1,
        2,
        8,
        1
      ]
    },
    {
      "Target": "PartOpacity",
      "Id": "Part6",
      "Segments": [
        0,
        1,
        2,
        8,
        1
      ]
    },
    {
      "Target": "PartOpacity",
      "Id": "Part39",
      "Segments": [
        0,
        1,
        2,
        8,
        1
      ]
    },
    {
      "Target": "PartOpacity",
      "Id": "Part7",
      "Segments": [
        0,
        1,
        2,
        8,
        1
      ]
    },
    {
      "Target": "PartOpacity",
      "Id": "Part8",
      "Segments": [
        0,
        1,
        2,
        8,
        1
      ]
    },
    {
      "Target": "PartOpacity",
      "Id": "Part21",
      "Segments": [
        0,
        1,
        2,
        8,
        1
      ]
    },
    {
      "Target": "PartOpacity",
      "Id": "Part11",
      "Segments": [
        0,
        1,
        2,
        8,
        1
      ]
    },
    {
      "Target": "PartOpacity",
      "Id": "Part",
      "Segments": [
        0,
        0,
        2,
        8,
        0
      ]
    },
    {
      "Target": "PartOpacity",
      "Id": "Part16",
      "Segments": [
        0,
        1,
        2,
        8,
        1
      ]
    },
    {
      "Target": "PartOpacity",
      "Id": "Part32",
      "Segments": [
        0,
        0,
        2,
        8,
        0
      ]
    },
    {
      "Target": "PartOpacity",
      "Id": "Part15",
      "Segments": [
        0,
        1,
        2,
        8,
        1
      ]
    },
    {
      "Target": "PartOpacity",
      "Id": "Part19",
      "Segments": [
        0,
        1,
        2,
        8,
        1
      ]
    },
    {
      "Target": "PartOpacity",
      "Id": "Part25",
      "Segments": [
        0,
        1,
        2,
        8,
        1
      ]
    },
    {
      "Target": "PartOpacity",
      "Id": "Part17",
      "Segments": [
        0,
        1,
        2,
        8,
        1
      ]
    },
    {
      "Target": "PartOpacity",
      "Id": "Part29",
      "Segments": [
        0,
        1,
        2,
        8,
        1
      ]
    },
    {
      "Target": "PartOpacity",
      "Id": "Part23",
      "Segments": [
        0,
        1,
        2,
        8,
        1
      ]
    },
    {
      "Target": "PartOpacity",
      "Id": "Part13",
      "Segments": [
        0,
        1,
        2,
        8,
        1
      ]
    },
    {
      "Target": "PartOpacity",
      "Id": "Part18",
      "Segments": [
        0,
        1,
        2,
        8,
        1
      ]
    },
    {
      "Target": "PartOpacity",
      "Id": "Part12",
      "Segments": [
        0,
        1,
        2,
        8,
        1
      ]
    },
    {
      "Target": "Model",
      "Id": "Opacity",
      "Segments": [
        0,
        1,
        0,
        8,
        1
      ]
    },
    {
      "Target": "Parameter",
      "Id": "BodyY",
      "Segments": [
        0,
        -5,
        0,
        8,
        -5
      ]
    },
    {
      "Target": "Parameter",
      "Id": "BodyX",
      "Segments": [
        0,
        0,
        0,
        8,
        0
      ]
    },
    {
      "Target": "Parameter",
      "Id": "Head_RollY",
      "Segments": [
        0,
        0,
        0,
        8,
        0
      ]
    },
    {
      "Target": "Parameter",
      "Id": "Sweat",
      "Segments": [
        0,
        0,
        0,
        8,
        0
      ]
    },
    {
      "Target": "Parameter",
      "Id": "BrowRY",
      "Segments": [
        0,
        -0.7,
        0,
        8,
        -0.7
      ]
    },
    {
      "Target": "Parameter",
      "Id": "BrowLY",
      "Segments": [
        0,
        -0.4,
        0,
        8,
        -0.4
      ]
    },
    {
      "Target": "Parameter",
      "Id": "BrowR_Form",
      "Segments": [
        0,
        -0.8,
        0,
        8,
        -0.8
      ]
    },
    {
      "Target": "Parameter",
      "Id": "BrowR_Form2",
      "Segments": [
        0,
        1,
        0,
        8,
        1
      ]
    },
    {
      "Target": "Parameter",
      "Id": "BrowL_Form",
      "Segments": [
        0,
        -0.7,
        0,
        8,
        -0.7
      ]
    },
    {
      "Target": "Parameter",
      "Id": "BrowL_Form2",
      "Segments": [
        0,
        1,
        0,
        8,
        1
      ]
    },
    {
      "Target": "Parameter",
      "Id": "BrowR_Angle",
      "Segments": [
        0,
        0.2,
        0,
        8,
        0.2
      ]
    },
    {
      "Target": "Parameter",
      "Id": "BrowL_Angle",
      "Segments": [
        0,
        -0.2,
        0,
        8,
        -0.2
      ]
    },
    {
      "Target": "Parameter",
      "Id": "Eyeball_Size",
      "Segments": [
        0,
        0,
        0,
        8,
        0
      ]
    },
    {
      "Target": "Parameter",
      "Id": "HighlightX",
      "Segments": [
        0,
        0,
        0,
        8,
        0
      ]
    },
    {
      "Target": "Parameter",
      "Id": "EyeR_Open",
      "Segments": [
        0,
        1,
        0,
        8,
        1
      ]
    },
    {
      "Target": "Parameter",
      "Id": "EyeR_Smile",
      "Segments": [
        0,
        0.5,
        0,
        8,
        0.5
      ]
    },
    {
      "Target": "Parameter",
      "Id": "EyeL_Open",
      "Segments": [
        0,
        1,
        0,
        8,
        1
      ]
    },
    {
      "Target": "Parameter",
      "Id": "EyeL_Smile",
      "Segments": [
        0,
        0.5,
        0,
        8,
        0.5
      ]
    },
    {
      "Target": "Parameter",
      "Id": "Smile_Form",
      "Segments": [
        0,
        1,
        0,
        8,
        1
      ]
    },
    {
      "Target": "Parameter",
      "Id": "MouthForm3",
      "Segments": [
        0,
        0,
        0,
        8,
        0
      ]
    },
    {
      "Target": "Parameter",
      "Id": "MouthForm2",
      "Segments": [
        0,
        -30,
        0,
        8,
        -30
      ]
    },
    {
      "Target": "Parameter",
      "Id": "Mouth_Open",
      "Segments": [
        0,
        1,
        0,
        8,
        1
      ]
    },
    {
      "Target": "Parameter",
      "Id": "Mouth_Size",
      "Segments": [
        0,
        0.3,
        0,
        8,
        0.3
      ]
    },
    {
      "Target": "Parameter",
      "Id": "ShoulderRY",
      "Segments": [
        0,
        -5,
        0,
        8,
        -5
      ]
    },
    {
      "Target": "Parameter",
      "Id": "ArmR_Form2",
      "Segments": [
        0,
        0,
        0,
        8,
        0
      ]
    },
    {
      "Target": "Parameter",
      "Id": "ArmR_Form",
      "Segments": [
        0,
        0,
        0,
        8,
        0
      ]
    },
    {
      "Target": "Parameter",
      "Id": "ArmL_Form2",
      "Segments": [
        0,
        -25,
        0,
        8,
        -25
      ]
    },
    {
      "Target": "Parameter",
      "Id": "ArmL_Form",
      "Segments": [
        0,
        -22,
        0,
        8,
        -22
      ]
    },
    {
      "Target": "Parameter",
      "Id": "ArmR_Sup_Form",
      "Segments": [
        0,
        0,
        0,
        8,
        0
      ]
    },
    {
      "Target": "Parameter",
      "Id": "ArmL_Sup_Form",
      "Segments": [
        0,
        0,
        0,
        8,
        0
      ]
    },
    {
      "Target": "Parameter",
      "Id": "Param4",
      "Segments": [
        0,
        0,
        0,
        8,
        0
      ]
    },
    {
      "Target": "Parameter",
      "Id": "Param3",
      "Segments": [
        0,
        30,
        0,
        8,
        30
      ]
    },
    {
      "Target": "Parameter",
      "Id": "LegR_Roll",
      "Segments": [
        0,
        -7,
        0,
        8,
        -7
      ]
    },
    {
      "Target": "Parameter",
      "Id": "Lowerbody_Roll",
      "Segments": [
        0,
        -6,
        0,
        8,
        -6
      ]
    },
    {
      "Target": "PartOpacity",
      "Id": "Part40",
      "Segments": [
        0,
        1,
        0,
        8,
        1
      ]
    }
  ],
  "UserData": [
    {
      "Time": 0.0,
      "Value": ""
    }
  ]
}