{
  "Version": 3,
  "Meta": {
    "Duration": 8.0,
    "Fps": 30.0,
    "Loop": true,
    "AreBeziersRestricted": true,
    "CurveCount": 88,
    "TotalSegmentCount": 196,
    "TotalPointCount": 252,
    "UserDataCount": 1,
    "TotalUserDataSize": 0
  },
  "Curves": [
    {
      "Target": "Parameter",
      "Id": "Breath",
      "Segments": [
        0,
        0,
        0,
        0.667,
        0.23,
        0,
        2.2,
        0,
        0,
        3.5,
        0.23,
        0,
        5,
        0,
        0,
        6.133,
        0.23,
        0,
        7.567,
        0,
        2,
        8,
        0
      ]
    },
    {
      "Target": "Parameter",
      "Id": "Body_Shaking",
      "Segments": [
        0,
        0,
        1,
        0.178,
        1.428,
        0.355,
        1.294,
        0.533,
        1.294,
        1,
        0.811,
        1.294,
        1.089,
        0.662,
        1.367,
        0.222,
        1,
        1.789,
        -0.446,
        2.211,
        -0.578,
        2.633,
        -0.578,
        0,
        4.6,
        0.869,
        0,
        6.5,
        -0.364,
        0,
        8,
        0
      ]
    },
    {
      "Target": "Parameter",
      "Id": "BodyY",
      "Segments": [
        0,
        0,
        0,
        0.767,
        -1.576,
        0,
        2.6,
        1.027,
        0,
        4.167,
        -1.31,
        0,
        5.567,
        0.673,
        0,
        6.867,
        -2.019,
        0,
        8,
        0
      ]
    },
    {
      "Target": "Parameter",
      "Id": "Body_Twist",
      "Segments": [
        0,
        29,
        0,
        1.367,
        27.558,
        1,
        2.011,
        27.462,
        2.656,
        27.508,
        3.3,
        27.665,
        1,
        4.011,
        27.935,
        4.722,
        28.881,
        5.433,
        28.881,
        1,
        5.933,
        28.881,
        6.433,
        28.837,
        6.933,
        28.648,
        0,
        8,
        29
      ]
    },
    {
      "Target": "Parameter",
      "Id": "Body_Pose1",
      "Segments": [
        0,
        6.708,
        0,
        1.8,
        5.201,
        0,
        3.9,
        7.077,
        0,
        6.267,
        4.589,
        0,
        8,
        6.708
      ]
    },
    {
      "Target": "Parameter",
      "Id": "Waist_Roll",
      "Segments": [
        0,
        0,
        0,
        1.833,
        0.612,
        0,
        5.8,
        -0.443,
        0,
        8,
        0
      ]
    },
    {
      "Target": "Parameter",
      "Id": "Jacket_Shaking",
      "Segments": [
        0,
        1,
        0,
        0.933,
        -3,
        0,
        2,
        2,
        0,
        3.533,
        -3,
        0,
        5.033,
        1,
        0,
        6.567,
        -1.523,
        0,
        8,
        3
      ]
    },
    {
      "Target": "Parameter",
      "Id": "Tie_Shaiking",
      "Segments": [
        0,
        2,
        0,
        0.833,
        -3,
        0,
        2.067,
        2,
        0,
        3.567,
        -3,
        0,
        5.233,
        2,
        0,
        6.567,
        -2,
        0,
        8,
        2
      ]
    },
    {
      "Target": "Parameter",
      "Id": "Head_AngleX",
      "Segments": [
        0,
        29,
        0,
        2.033,
        27.429,
        0,
        3.6,
        29.537,
        0,
        5.867,
        27.429,
        0,
        8,
        29
      ]
    },
    {
      "Target": "Parameter",
      "Id": "Head_AngleY",
      "Segments": [
        0,
        0,
        1,
        0.656,
        0,
        1.311,
        0.443,
        1.967,
        2.417,
        1,
        2.511,
        4.056,
        3.056,
        5.792,
        3.6,
        5.792,
        0,
        5.933,
        -1,
        0,
        8,
        0
      ]
    },
    {
      "Target": "Parameter",
      "Id": "Head_Roll",
      "Segments": [
        0,
        2,
        1,
        0.233,
        1.294,
        0.467,
        1.287,
        0.7,
        1.287,
        1,
        1.333,
        1.452,
        1.967,
        2.455,
        2.6,
        2.455,
        0,
        4.333,
        1.287,
        0,
        6.667,
        2.455,
        1,
        7.111,
        2.455,
        7.556,
        2.21,
        8,
        2
      ]
    },
    {
      "Target": "Parameter",
      "Id": "EyeBallX",
      "Segments": [
        0,
        0,
        0,
        1.667,
        0.1,
        2,
        3.5,
        0.1,
        0,
        5.5,
        0,
        2,
        8,
        0
      ]
    },
    {
      "Target": "Parameter",
      "Id": "BrowRY",
      "Segments": [
        0,
        -0.5,
        0,
        1.667,
        -0.561,
        2,
        3.8,
        -0.561,
        0,
        8,
        -0.5
      ]
    },
    {
      "Target": "Parameter",
      "Id": "BrowLY",
      "Segments": [
        0,
        -0.8,
        1,
        0.556,
        -0.803,
        1.111,
        -0.803,
        1.667,
        -0.803,
        2,
        3.8,
        -0.803,
        0,
        8,
        -0.8
      ]
    },
    {
      "Target": "Parameter",
      "Id": "BrowR_Form",
      "Segments": [
        0,
        -0.144,
        0,
        8,
        -0.142
      ]
    },
    {
      "Target": "Parameter",
      "Id": "BrowL_Angle",
      "Segments": [
        0,
        0.02,
        1,
        2.667,
        0.022,
        5.333,
        0.022,
        8,
        0.022
      ]
    },
    {
      "Target": "Parameter",
      "Id": "Hair_Move",
      "Segments": [
        0,
        2.02,
        1,
        0.189,
        -3.055,
        0.378,
        -3.805,
        0.567,
        -3.805,
        0,
        1.767,
        10.367,
        0,
        3.433,
        -3.805,
        0,
        4.967,
        10.367,
        0,
        6.3,
        -3.805,
        0,
        7.267,
        10.918,
        1,
        7.511,
        10.918,
        7.756,
        6.468,
        8,
        2.02
      ]
    },
    {
      "Target": "Parameter",
      "Id": "HairFront_Move",
      "Segments": [
        0,
        0.436,
        1,
        0.311,
        0.272,
        0.622,
        0.102,
        0.933,
        0.098,
        0,
        2.2,
        0.334,
        0,
        3.467,
        0.098,
        0,
        4.7,
        0.334,
        0,
        6.2,
        0,
        0,
        7.533,
        0.5,
        1,
        7.689,
        0.5,
        7.844,
        0.462,
        8,
        0.436
      ]
    },
    {
      "Target": "Parameter",
      "Id": "HairSide_Move",
      "Segments": [
        0,
        0.373,
        1,
        0.244,
        0.205,
        0.489,
        0.105,
        0.733,
        0.1,
        0,
        2.033,
        0.43,
        0,
        3.533,
        0.1,
        0,
        5.1,
        0.43,
        0,
        6.433,
        0.17,
        0,
        7.533,
        0.5,
        1,
        7.689,
        0.501,
        7.844,
        0.437,
        8,
        0.373
      ]
    },
    {
      "Target": "Parameter",
      "Id": "HairBack_Move",
      "Segments": [
        0,
        0.217,
        1,
        0.344,
        -0.045,
        0.689,
        -0.218,
        1.033,
        -0.218,
        0,
        2.2,
        0.228,
        0,
        3.733,
        -0.179,
        0,
        5,
        0.173,
        0,
        6.333,
        -0.143,
        0,
        7.667,
        0.314,
        1,
        7.778,
        0.314,
        7.889,
        0.27,
        8,
        0.217
      ]
    },
    {
      "Target": "Parameter",
      "Id": "ShoulderRY",
      "Segments": [
        0,
        0,
        2,
        1.5,
        0,
        0,
        3.5,
        3,
        0,
        5.533,
        0,
        0,
        7.067,
        2,
        0,
        8,
        0
      ]
    },
    {
      "Target": "Parameter",
      "Id": "ShoulderLY",
      "Segments": [
        0,
        0,
        2,
        1.233,
        0,
        0,
        3.233,
        4,
        0,
        5.3,
        0,
        0,
        6.833,
        4,
        0,
        8,
        0
      ]
    },
    {
      "Target": "Parameter",
      "Id": "ShoulderR_Roll",
      "Segments": [
        0,
        -3.487,
        1,
        0.589,
        -3.471,
        1.178,
        -3.226,
        1.767,
        -3.226,
        0,
        3.933,
        -3.543,
        0,
        6.2,
        -3.226,
        0,
        8,
        -3.5
      ]
    },
    {
      "Target": "Parameter",
      "Id": "ShoulderL_Roll",
      "Segments": [
        0,
        0.11,
        1,
        0.567,
        -0.073,
        1.133,
        -0.082,
        1.7,
        -0.082,
        0,
        4,
        0.375,
        0,
        6.2,
        -0.338,
        0,
        8,
        0.11
      ]
    },
    {
      "Target": "Parameter",
      "Id": "ArmR_Roll",
      "Segments": [
        0,
        39.112,
        0,
        1.867,
        39.751,
        0,
        3.567,
        39.444,
        0,
        5.5,
        39.751,
        0,
        8,
        39.112
      ]
    },
    {
      "Target": "Parameter",
      "Id": "ArmL_Roll",
      "Segments": [
        0,
        2.274,
        0,
        1.8,
        2.363,
        0,
        3.5,
        2.295,
        0,
        5.733,
        2.363,
        0,
        8,
        2.274
      ]
    },
    {
      "Target": "Parameter",
      "Id": "ArmL_Form",
      "Segments": [
        0,
        -13,
        1,
        1.2,
        -14.649,
        2.4,
        -15,
        3.6,
        -15,
        2,
        5.967,
        -15,
        0,
        8,
        -13
      ]
    },
    {
      "Target": "Parameter",
      "Id": "ArmL_Sup_Form",
      "Segments": [
        0,
        -30,
        2,
        1.5,
        -30,
        2,
        3.6,
        -30,
        0,
        5.967,
        -20,
        0,
        8,
        -30
      ]
    },
    {
      "Target": "Parameter",
      "Id": "HandR_Roll",
      "Segments": [
        0,
        17.012,
        1,
        0.622,
        17.012,
        1.245,
        17.042,
        1.867,
        16.753,
        1,
        2.478,
        16.47,
        3.089,
        15.414,
        3.7,
        15.414,
        1,
        4.444,
        15.414,
        5.189,
        16.311,
        5.933,
        16.687,
        1,
        6.622,
        17.034,
        7.311,
        17.012,
        8,
        17.012
      ]
    },
    {
      "Target": "Parameter",
      "Id": "HandL_Roll",
      "Segments": [
        0,
        -5.202,
        0,
        1.9,
        -6.3,
        0,
        3.733,
        -4.233,
        0,
        5.9,
        -6.255,
        0,
        8,
        -5.202
      ]
    },
    {
      "Target": "PartOpacity",
      "Id": "Part2",
      "Segments": [
        0,
        1,
        2,
        8,
        1
      ]
    },
    {
      "Target": "PartOpacity",
      "Id": "Part3",
      "Segments": [
        0,
        1,
        2,
        8,
        1
      ]
    },
    {
      "Target": "PartOpacity",
      "Id": "Part30",
      "Segments": [
        0,
        1,
        2,
        8,
        1
      ]
    },
    {
      "Target": "PartOpacity",
      "Id": "Part33",
      "Segments": [
        0,
        1,
        2,
        8,
        1
      ]
    },
    {
      "Target": "PartOpacity",
      "Id": "Part10",
      "Segments": [
        0,
        1,
        2,
        8,
        1
      ]
    },
    {
      "Target": "PartOpacity",
      "Id": "Part4",
      "Segments": [
        0,
        1,
        2,
        8,
        1
      ]
    },
    {
      "Target": "PartOpacity",
      "Id": "Part9",
      "Segments": [
        0,
        1,
        2,
        8,
        1
      ]
    },
    {
      "Target": "PartOpacity",
      "Id": "Part5",
      "Segments": [
        0,
        1,
        2,
        8,
        1
      ]
    },
    {
      "Target": "PartOpacity",
      "Id": "Part6",
      "Segments": [
        0,
        1,
        2,
        8,
        1
      ]
    },
    {
      "Target": "PartOpacity",
      "Id": "Part39",
      "Segments": [
        0,
        1,
        2,
        8,
        1
      ]
    },
    {
      "Target": "PartOpacity",
      "Id": "Part7",
      "Segments": [
        0,
        1,
        2,
        8,
        1
      ]
    },
    {
      "Target": "PartOpacity",
      "Id": "Part40",
      "Segments": [
        0,
        1,
        2,
        8,
        1
      ]
    },
    {
      "Target": "PartOpacity",
      "Id": "Part8",
      "Segments": [
        0,
        1,
        2,
        8,
        1
      ]
    },
    {
      "Target": "PartOpacity",
      "Id": "Part21",
      "Segments": [
        0,
        1,
        2,
        8,
        1
      ]
    },
    {
      "Target": "PartOpacity",
      "Id": "Part11",
      "Segments": [
        0,
        0,
        2,
        8,
        0
      ]
    },
    {
      "Target": "PartOpacity",
      "Id": "Part",
      "Segments": [
        0,
        1,
        2,
        8,
        1
      ]
    },
    {
      "Target": "PartOpacity",
      "Id": "Part16",
      "Segments": [
        0,
        1,
        2,
        8,
        1
      ]
    },
    {
      "Target": "PartOpacity",
      "Id": "Part32",
      "Segments": [
        0,
        1,
        2,
        8,
        1
      ]
    },
    {
      "Target": "PartOpacity",
      "Id": "Part15",
      "Segments": [
        0,
        1,
        2,
        8,
        1
      ]
    },
    {
      "Target": "PartOpacity",
      "Id": "Part19",
      "Segments": [
        0,
        1,
        2,
        8,
        1
      ]
    },
    {
      "Target": "PartOpacity",
      "Id": "Part25",
      "Segments": [
        0,
        1,
        2,
        8,
        1
      ]
    },
    {
      "Target": "PartOpacity",
      "Id": "Part17",
      "Segments": [
        0,
        1,
        2,
        8,
        1
      ]
    },
    {
      "Target": "PartOpacity",
      "Id": "Part29",
      "Segments": [
        0,
        1,
        2,
        8,
        1
      ]
    },
    {
      "Target": "PartOpacity",
      "Id": "Part23",
      "Segments": [
        0,
        1,
        2,
        8,
        1
      ]
    },
    {
      "Target": "PartOpacity",
      "Id": "Part13",
      "Segments": [
        0,
        0,
        2,
        8,
        0
      ]
    },
    {
      "Target": "PartOpacity",
      "Id": "Part18",
      "Segments": [
        0,
        1,
        2,
        8,
        1
      ]
    },
    {
      "Target": "PartOpacity",
      "Id": "Part12",
      "Segments": [
        0,
        1,
        2,
        8,
        1
      ]
    },
    {
      "Target": "Model",
      "Id": "Opacity",
      "Segments": [
        0,
        1,
        0,
        8,
        1
      ]
    },
    {
      "Target": "Parameter",
      "Id": "BodyX",
      "Segments": [
        0,
        0,
        0,
        8,
        0
      ]
    },
    {
      "Target": "Parameter",
      "Id": "Head_RollY",
      "Segments": [
        0,
        0,
        0,
        8,
        0
      ]
    },
    {
      "Target": "Parameter",
      "Id": "Sweat",
      "Segments": [
        0,
        1,
        0,
        8,
        1
      ]
    },
    {
      "Target": "Parameter",
      "Id": "EyeBallY",
      "Segments": [
        0,
        -0.1,
        0,
        8,
        -0.1
      ]
    },
    {
      "Target": "Parameter",
      "Id": "BrowR_Form2",
      "Segments": [
        0,
        0.2,
        0,
        8,
        0.2
      ]
    },
    {
      "Target": "Parameter",
      "Id": "BrowL_Form",
      "Segments": [
        0,
        -1,
        0,
        8,
        -1
      ]
    },
    {
      "Target": "Parameter",
      "Id": "BrowL_Form2",
      "Segments": [
        0,
        0,
        0,
        8,
        0
      ]
    },
    {
      "Target": "Parameter",
      "Id": "BrowR_Angle",
      "Segments": [
        0,
        0.5,
        0,
        8,
        0.5
      ]
    },
    {
      "Target": "Parameter",
      "Id": "Eyeball_Size",
      "Segments": [
        0,
        0,
        0,
        8,
        0
      ]
    },
    {
      "Target": "Parameter",
      "Id": "HighlightX",
      "Segments": [
        0,
        0,
        0,
        8,
        0
      ]
    },
    {
      "Target": "Parameter",
      "Id": "EyeR_Open",
      "Segments": [
        0,
        1,
        0,
        8,
        1
      ]
    },
    {
      "Target": "Parameter",
      "Id": "EyeR_Smile",
      "Segments": [
        0,
        0.5,
        0,
        8,
        0.5
      ]
    },
    {
      "Target": "Parameter",
      "Id": "EyeL_Open",
      "Segments": [
        0,
        1,
        0,
        8,
        1
      ]
    },
    {
      "Target": "Parameter",
      "Id": "EyeL_Smile",
      "Segments": [
        0,
        0.5,
        0,
        8,
        0.5
      ]
    },
    {
      "Target": "Parameter",
      "Id": "Smile_Form",
      "Segments": [
        0,
        1,
        0,
        8,
        1
      ]
    },
    {
      "Target": "Parameter",
      "Id": "MouthForm3",
      "Segments": [
        0,
        -30,
        0,
        8,
        -30
      ]
    },
    {
      "Target": "Parameter",
      "Id": "MouthForm2",
      "Segments": [
        0,
        0,
        0,
        8,
        0
      ]
    },
    {
      "Target": "Parameter",
      "Id": "MouthForm",
      "Segments": [
        0,
        -30,
        0,
        8,
        -30
      ]
    },
    {
      "Target": "Parameter",
      "Id": "Mouth_Open",
      "Segments": [
        0,
        0.5,
        0,
        8,
        0.5
      ]
    },
    {
      "Target": "Parameter",
      "Id": "Mouth_Size",
      "Segments": [
        0,
        0.3,
        0,
        8,
        0.3
      ]
    },
    {
      "Target": "Parameter",
      "Id": "ArmR_Form2",
      "Segments": [
        0,
        -11,
        0,
        8,
        -11
      ]
    },
    {
      "Target": "Parameter",
      "Id": "ArmR_Form",
      "Segments": [
        0,
        -33,
        0,
        8,
        -33
      ]
    },
    {
      "Target": "Parameter",
      "Id": "ArmL_Form2",
      "Segments": [
        0,
        -21,
        0,
        8,
        -21
      ]
    },
    {
      "Target": "Parameter",
      "Id": "ArmR_Sup_Form",
      "Segments": [
        0,
        -20,
        0,
        8,
        -20
      ]
    },
    {
      "Target": "Parameter",
      "Id": "Param4",
      "Segments": [
        0,
        -24,
        0,
        8,
        -24
      ]
    },
    {
      "Target": "Parameter",
      "Id": "Param3",
      "Segments": [
        0,
        0,
        0,
        8,
        0
      ]
    },
    {
      "Target": "Parameter",
      "Id": "LegR_Roll",
      "Segments": [
        0,
        -3,
        0,
        8,
        -3
      ]
    },
    {
      "Target": "Parameter",
      "Id": "LegL_Roll",
      "Segments": [
        0,
        5,
        0,
        8,
        5
      ]
    },
    {
      "Target": "Parameter",
      "Id": "Lowerbody_Roll",
      "Segments": [
        0,
        0,
        0,
        8,
        0
      ]
    },
    {
      "Target": "PartOpacity",
      "Id": "Part34",
      "Segments": [
        0,
        1,
        0,
        8,
        1
      ]
    }
  ],
  "UserData": [
    {
      "Time": 0.0,
      "Value": ""
    }
  ]
}