{
  "Version": 3,
  "FileReferences": {
    "Moc": "rekkaspring.moc3",
    "Textures": [
      "textures/texture_00.png"
    ],
    "Physics": null,
    "Motions": {
      "": [
        {
          "File": "motions/c119a_0070.motion3.json"
        },
        {
          "File": "motions/c119a_0031.motion3.json"
        },
        {
          "File": "motions/c119a_0101.motion3.json"
        },
        {
          "File": "motions/c119a_0080.motion3.json"
        },
        {
          "File": "motions/c119a_0071.motion3.json"
        },
        {
          "File": "motions/c119a_0011.motion3.json"
        },
        {
          "File": "motions/c119a_0081.motion3.json"
        },
        {
          "File": "motions/c119a_0100.motion3.json"
        },
        {
          "File": "motions/c119a_0091.motion3.json"
        },
        {
          "File": "motions/c119a_0120.motion3.json"
        },
        {
          "File": "motions/c119a_0030.motion3.json"
        },
        {
          "File": "motions/c119a_0111.motion3.json"
        },
        {
          "File": "motions/c119a_0090.motion3.json"
        },
        {
          "File": "motions/c119a_0121.motion3.json"
        },
        {
          "File": "motions/c119a_0110.motion3.json"
        },
        {
          "File": "motions/c119a_0010.motion3.json"
        }
      ]
    }
  },
  "Groups": [
    {
      "Target": "Parameter",
      "Name": "EyeBlink",
      "Ids": [
        "EyeL_Open",
        "EyeR_Open",
        "EyeL_Open",
        "EyeR_Open"
      ]
    },
    {
      "Target": "Parameter",
      "Name": "LipSync",
      "Ids": [
        "Mouth_Open",
        "Mouth_Open",
        "Mouth_Size",
        "Mouth_Size"
      ]
    }
  ]
}