{
  "Version": 3,
  "Meta": {
    "Duration": 2.0,
    "Fps": 30.0,
    "Loop": true,
    "AreBeziersRestricted": true,
    "CurveCount": 86,
    "TotalSegmentCount": 183,
    "TotalPointCount": 245,
    "UserDataCount": 1,
    "TotalUserDataSize": 0
  },
  "Curves": [
    {
      "Target": "Parameter",
      "Id": "Breath",
      "Segments": [
        0,
        0,
        0,
        0.967,
        0.5,
        0,
        2,
        0
      ]
    },
    {
      "Target": "Parameter",
      "Id": "Body_Shaking",
      "Segments": [
        0,
        0,
        1,
        0.667,
        0,
        1.333,
        -10.935,
        2,
        -11.432
      ]
    },
    {
      "Target": "Parameter",
      "Id": "BodyY",
      "Segments": [
        0,
        0,
        1,
        0.111,
        0,
        0.222,
        -0.277,
        0.333,
        0.624,
        1,
        0.5,
        1.976,
        0.666,
        14,
        0.833,
        14,
        0,
        1.433,
        -6,
        0,
        1.9,
        0,
        2,
        2,
        0
      ]
    },
    {
      "Target": "Parameter",
      "Id": "Shoulder_Move",
      "Segments": [
        0,
        0,
        0,
        1.767,
        1,
        2,
        2,
        1
      ]
    },
    {
      "Target": "Parameter",
      "Id": "Arm_Form",
      "Segments": [
        0,
        0,
        0,
        1.767,
        1,
        2,
        2,
        1
      ]
    },
    {
      "Target": "Parameter",
      "Id": "Body_Twist",
      "Segments": [
        0,
        -19,
        0,
        1.167,
        0,
        2,
        2,
        0
      ]
    },
    {
      "Target": "Parameter",
      "Id": "Body_Pose1",
      "Segments": [
        0,
        0,
        0,
        0.867,
        13,
        0,
        1.5,
        0.005,
        2,
        2,
        0.005
      ]
    },
    {
      "Target": "Parameter",
      "Id": "Waist_Roll",
      "Segments": [
        0,
        0,
        1,
        0.589,
        0,
        1.178,
        15.335,
        1.767,
        20.207,
        1,
        1.845,
        20.837,
        1.922,
        21.182,
        2,
        21.479
      ]
    },
    {
      "Target": "Parameter",
      "Id": "Key_Shaking",
      "Segments": [
        0,
        0,
        2,
        0.567,
        0,
        0,
        0.933,
        -0.683,
        0,
        1.2,
        1.04,
        0,
        1.8,
        -1.133,
        1,
        1.867,
        -1.133,
        1.933,
        -0.651,
        2,
        0
      ]
    },
    {
      "Target": "Parameter",
      "Id": "Skirt_Shaking",
      "Segments": [
        0,
        0,
        2,
        1.3,
        0,
        0,
        2,
        8
      ]
    },
    {
      "Target": "Parameter",
      "Id": "Head_AngleY",
      "Segments": [
        0,
        -9,
        0,
        1.3,
        -4,
        1,
        1.533,
        -4,
        1.767,
        -5.419,
        2,
        -7.8
      ]
    },
    {
      "Target": "Parameter",
      "Id": "Head_Roll",
      "Segments": [
        0,
        -7,
        0,
        0.567,
        0.019,
        1,
        0.734,
        0.019,
        0.9,
        -6.099,
        1.067,
        -8.834,
        1,
        1.234,
        -12.216,
        1.4,
        -14.702,
        1.567,
        -16.122,
        1,
        1.711,
        -17.353,
        1.856,
        -18.041,
        2,
        -18.638
      ]
    },
    {
      "Target": "Parameter",
      "Id": "HeadY",
      "Segments": [
        0,
        0,
        0,
        0.467,
        -1.066,
        0,
        0.8,
        1,
        0,
        1.567,
        -5,
        2,
        2,
        -5
      ]
    },
    {
      "Target": "Parameter",
      "Id": "EyeBallY",
      "Segments": [
        0,
        0,
        1,
        0.667,
        0,
        1.333,
        -0.039,
        2,
        -0.1
      ]
    },
    {
      "Target": "Parameter",
      "Id": "BrowRY",
      "Segments": [
        0,
        0,
        0,
        0.333,
        0.2,
        1,
        0.6,
        0.2,
        0.866,
        -0.138,
        1.133,
        -0.3,
        1,
        1.322,
        -0.415,
        1.511,
        -0.4,
        1.7,
        -0.4,
        2,
        2,
        -0.4
      ]
    },
    {
      "Target": "Parameter",
      "Id": "BrowLY",
      "Segments": [
        0,
        0,
        0,
        0.333,
        0.2,
        1,
        0.6,
        0.2,
        0.866,
        -0.138,
        1.133,
        -0.3,
        1,
        1.322,
        -0.415,
        1.511,
        -0.4,
        1.7,
        -0.4,
        2,
        2,
        -0.4
      ]
    },
    {
      "Target": "Parameter",
      "Id": "BrowR_Form",
      "Segments": [
        0,
        0,
        2,
        0.2,
        0,
        0,
        0.8,
        -0.4,
        2,
        2,
        -0.4
      ]
    },
    {
      "Target": "Parameter",
      "Id": "BrowL_Form",
      "Segments": [
        0,
        0,
        2,
        0.2,
        0,
        0,
        0.8,
        -0.6,
        2,
        2,
        -0.6
      ]
    },
    {
      "Target": "Parameter",
      "Id": "EyeR_Open",
      "Segments": [
        0,
        1,
        2,
        0.633,
        1,
        0,
        1.3,
        0.8,
        2,
        2,
        0.8
      ]
    },
    {
      "Target": "Parameter",
      "Id": "EyeL_Open",
      "Segments": [
        0,
        1,
        2,
        0.633,
        1,
        0,
        1.3,
        0.8,
        2,
        2,
        0.8
      ]
    },
    {
      "Target": "Parameter",
      "Id": "EyeR_Smile",
      "Segments": [
        0,
        0,
        2,
        0.2,
        0,
        0,
        0.633,
        0.7,
        0,
        1.3,
        0,
        2,
        2,
        0
      ]
    },
    {
      "Target": "Parameter",
      "Id": "EyeL_Smile",
      "Segments": [
        0,
        0,
        2,
        0.2,
        0,
        0,
        0.633,
        0.7,
        0,
        1.3,
        0,
        2,
        2,
        0
      ]
    },
    {
      "Target": "Parameter",
      "Id": "Mouth_Size",
      "Segments": [
        0,
        0.5,
        0,
        2,
        0.4
      ]
    },
    {
      "Target": "Parameter",
      "Id": "HairFront_Shaking",
      "Segments": [
        0,
        0,
        0,
        0.767,
        0.411,
        1,
        1.178,
        0.411,
        1.589,
        0.275,
        2,
        -0.034
      ]
    },
    {
      "Target": "Parameter",
      "Id": "HairBack_Shaking",
      "Segments": [
        0,
        0,
        0,
        1.067,
        0.3,
        1,
        1.378,
        0.3,
        1.689,
        0.186,
        2,
        -0.136
      ]
    },
    {
      "Target": "Parameter",
      "Id": "HairSideR_Shaking",
      "Segments": [
        0,
        0,
        0,
        0.933,
        0.5,
        1,
        1.289,
        0.5,
        1.644,
        0.284,
        2,
        -0.051
      ]
    },
    {
      "Target": "Parameter",
      "Id": "HairSideL_Shaking",
      "Segments": [
        0,
        0,
        0,
        0.933,
        0.385,
        1,
        1.289,
        0.385,
        1.644,
        0.228,
        2,
        -0.062
      ]
    },
    {
      "Target": "Parameter",
      "Id": "ShoulderRY",
      "Segments": [
        0,
        10,
        2,
        0.567,
        10,
        0,
        1.267,
        2.66,
        2,
        2,
        2.66
      ]
    },
    {
      "Target": "Parameter",
      "Id": "ShoulderLY",
      "Segments": [
        0,
        -12,
        2,
        0.567,
        -12,
        0,
        1.267,
        11.503,
        2,
        2,
        11.503
      ]
    },
    {
      "Target": "Parameter",
      "Id": "ShoulderR_Roll",
      "Segments": [
        0,
        0,
        0,
        0.367,
        -7.74,
        0,
        1.267,
        5.9,
        2,
        2,
        5.9
      ]
    },
    {
      "Target": "Parameter",
      "Id": "ShoulderL_Roll",
      "Segments": [
        0,
        18,
        1,
        0.122,
        18,
        0.245,
        15.781,
        0.367,
        11,
        1,
        0.667,
        -0.735,
        0.967,
        -6.78,
        1.267,
        -6.78,
        2,
        2,
        -6.78
      ]
    },
    {
      "Target": "Parameter",
      "Id": "ArmR_Roll",
      "Segments": [
        0,
        0,
        1,
        0.078,
        0,
        0.155,
        0.969,
        0.233,
        3.505,
        1,
        0.378,
        8.215,
        0.522,
        16.823,
        0.667,
        18.33,
        1,
        0.734,
        19.026,
        0.8,
        18.767,
        0.867,
        18.767,
        0,
        1.3,
        16.918,
        2,
        2,
        16.918
      ]
    },
    {
      "Target": "Parameter",
      "Id": "ArmL_Roll",
      "Segments": [
        0,
        -18,
        0,
        0.367,
        -9,
        0,
        0.933,
        -20.14,
        0,
        1.3,
        -18.387,
        2,
        2,
        -18.387
      ]
    },
    {
      "Target": "Parameter",
      "Id": "ShoulderL_Scale",
      "Segments": [
        0,
        -0.6,
        0,
        0.867,
        -0.764,
        2,
        2,
        -0.764
      ]
    },
    {
      "Target": "Parameter",
      "Id": "ArmL_Scale",
      "Segments": [
        0,
        -0.7,
        0,
        0.867,
        -0.654,
        2,
        2,
        -0.654
      ]
    },
    {
      "Target": "Parameter",
      "Id": "ShoulderR_Scale",
      "Segments": [
        0,
        0,
        0,
        0.6,
        -0.823,
        2,
        2,
        -0.823
      ]
    },
    {
      "Target": "Parameter",
      "Id": "ArmR_Scale",
      "Segments": [
        0,
        0,
        0,
        0.6,
        -1,
        2,
        2,
        -1
      ]
    },
    {
      "Target": "Parameter",
      "Id": "HandR_Roll",
      "Segments": [
        0,
        0,
        0,
        0.2,
        5,
        1,
        0.211,
        5,
        0.222,
        -5.012,
        0.233,
        -6,
        1,
        0.311,
        -12.918,
        0.389,
        -15.38,
        0.467,
        -15.38,
        0,
        0.833,
        22.5,
        1,
        0.889,
        24.14,
        0.944,
        24.774,
        1,
        24.774,
        0,
        1.567,
        21.254,
        2,
        2,
        21.254
      ]
    },
    {
      "Target": "Parameter",
      "Id": "HandL_Roll",
      "Segments": [
        0,
        30,
        1,
        0.1,
        30,
        0.2,
        28.936,
        0.3,
        13.713,
        1,
        0.411,
        -3.201,
        0.522,
        -28,
        0.633,
        -28,
        1,
        0.733,
        -28,
        0.833,
        -6.102,
        0.933,
        12,
        1,
        1.022,
        28.091,
        1.111,
        30,
        1.2,
        30,
        2,
        2,
        30
      ]
    },
    {
      "Target": "Parameter",
      "Id": "HandR03_Move",
      "Segments": [
        0,
        0,
        0,
        0.5,
        30,
        0,
        1.167,
        -30,
        2,
        2,
        -30
      ]
    },
    {
      "Target": "PartOpacity",
      "Id": "Part12",
      "Segments": [
        0,
        1,
        2,
        2,
        1
      ]
    },
    {
      "Target": "PartOpacity",
      "Id": "Part13",
      "Segments": [
        0,
        1,
        2,
        2,
        1
      ]
    },
    {
      "Target": "PartOpacity",
      "Id": "Part14",
      "Segments": [
        0,
        1,
        2,
        2,
        1
      ]
    },
    {
      "Target": "PartOpacity",
      "Id": "Part15",
      "Segments": [
        0,
        1,
        2,
        2,
        1
      ]
    },
    {
      "Target": "PartOpacity",
      "Id": "Part16",
      "Segments": [
        0,
        1,
        2,
        2,
        1
      ]
    },
    {
      "Target": "PartOpacity",
      "Id": "Part18",
      "Segments": [
        0,
        1,
        2,
        2,
        1
      ]
    },
    {
      "Target": "PartOpacity",
      "Id": "Part19",
      "Segments": [
        0,
        1,
        2,
        2,
        1
      ]
    },
    {
      "Target": "PartOpacity",
      "Id": "Part17",
      "Segments": [
        0,
        1,
        2,
        2,
        1
      ]
    },
    {
      "Target": "PartOpacity",
      "Id": "Part24",
      "Segments": [
        0,
        0,
        2,
        2,
        0
      ]
    },
    {
      "Target": "PartOpacity",
      "Id": "Part20",
      "Segments": [
        0,
        1,
        2,
        2,
        1
      ]
    },
    {
      "Target": "PartOpacity",
      "Id": "Part33",
      "Segments": [
        0,
        0,
        2,
        0.2,
        0,
        2,
        0.23,
        0.8,
        2,
        0.27,
        1,
        2,
        2,
        1
      ]
    },
    {
      "Target": "PartOpacity",
      "Id": "Part26",
      "Segments": [
        0,
        0,
        2,
        2,
        0
      ]
    },
    {
      "Target": "PartOpacity",
      "Id": "Part27",
      "Segments": [
        0,
        0,
        2,
        0.2,
        0,
        2,
        0.23,
        0.8,
        2,
        0.27,
        1,
        2,
        2,
        1
      ]
    },
    {
      "Target": "PartOpacity",
      "Id": "Part52",
      "Segments": [
        0,
        0,
        2,
        2,
        0
      ]
    },
    {
      "Target": "PartOpacity",
      "Id": "Part2",
      "Segments": [
        0,
        1,
        2,
        2,
        1
      ]
    },
    {
      "Target": "PartOpacity",
      "Id": "Part3",
      "Segments": [
        0,
        1,
        2,
        2,
        1
      ]
    },
    {
      "Target": "PartOpacity",
      "Id": "Part22",
      "Segments": [
        0,
        1,
        2,
        2,
        1
      ]
    },
    {
      "Target": "PartOpacity",
      "Id": "Part4",
      "Segments": [
        0,
        1,
        2,
        2,
        1
      ]
    },
    {
      "Target": "PartOpacity",
      "Id": "Part5",
      "Segments": [
        0,
        1,
        2,
        2,
        1
      ]
    },
    {
      "Target": "PartOpacity",
      "Id": "Part7",
      "Segments": [
        0,
        1,
        2,
        2,
        1
      ]
    },
    {
      "Target": "PartOpacity",
      "Id": "HandL2",
      "Segments": [
        0,
        0,
        2,
        0.33,
        0,
        2,
        0.37,
        1,
        2,
        0.9,
        1,
        2,
        0.93,
        0,
        2,
        2,
        0
      ]
    },
    {
      "Target": "PartOpacity",
      "Id": "Part21",
      "Segments": [
        0,
        0,
        2,
        0.9,
        0,
        2,
        0.93,
        1,
        2,
        2,
        1
      ]
    },
    {
      "Target": "PartOpacity",
      "Id": "Part23",
      "Segments": [
        0,
        1,
        2,
        0.33,
        1,
        2,
        0.37,
        0,
        2,
        0.93,
        0,
        2,
        2,
        0
      ]
    },
    {
      "Target": "PartOpacity",
      "Id": "Part6",
      "Segments": [
        0,
        0,
        2,
        2,
        0
      ]
    },
    {
      "Target": "PartOpacity",
      "Id": "HandL1",
      "Segments": [
        0,
        0,
        2,
        2,
        0
      ]
    },
    {
      "Target": "PartOpacity",
      "Id": "Part8",
      "Segments": [
        0,
        1,
        2,
        2,
        1
      ]
    },
    {
      "Target": "PartOpacity",
      "Id": "Part10",
      "Segments": [
        0,
        1,
        2,
        0.2,
        1,
        2,
        0.23,
        1,
        2,
        0.27,
        0,
        2,
        2,
        0
      ]
    },
    {
      "Target": "PartOpacity",
      "Id": "Part29",
      "Segments": [
        0,
        1,
        2,
        2,
        1
      ]
    },
    {
      "Target": "PartOpacity",
      "Id": "Part11",
      "Segments": [
        0,
        1,
        2,
        2,
        1
      ]
    },
    {
      "Target": "PartOpacity",
      "Id": "Part30",
      "Segments": [
        0,
        1,
        2,
        2,
        1
      ]
    },
    {
      "Target": "Model",
      "Id": "Opacity",
      "Segments": [
        0,
        1,
        0,
        2,
        1
      ]
    },
    {
      "Target": "Parameter",
      "Id": "Ribbon_Shaking",
      "Segments": [
        0,
        0,
        0,
        2,
        0
      ]
    },
    {
      "Target": "Parameter",
      "Id": "All_Position",
      "Segments": [
        0,
        0,
        0,
        2,
        0
      ]
    },
    {
      "Target": "Parameter",
      "Id": "Head_AngleX",
      "Segments": [
        0,
        0,
        0,
        2,
        0
      ]
    },
    {
      "Target": "Parameter",
      "Id": "EyeBallX",
      "Segments": [
        0,
        0,
        0,
        2,
        0
      ]
    },
    {
      "Target": "Parameter",
      "Id": "BrowR_Angle",
      "Segments": [
        0,
        0,
        0,
        2,
        0
      ]
    },
    {
      "Target": "Parameter",
      "Id": "BrowL_Angle",
      "Segments": [
        0,
        0,
        0,
        2,
        0
      ]
    },
    {
      "Target": "Parameter",
      "Id": "BrowR_Form2",
      "Segments": [
        0,
        0,
        0,
        2,
        0
      ]
    },
    {
      "Target": "Parameter",
      "Id": "BrowL_Form2",
      "Segments": [
        0,
        0,
        0,
        2,
        0
      ]
    },
    {
      "Target": "Parameter",
      "Id": "EyeBall_Size",
      "Segments": [
        0,
        0,
        0,
        2,
        0
      ]
    },
    {
      "Target": "Parameter",
      "Id": "MouthForm2",
      "Segments": [
        0,
        0,
        0,
        2,
        0
      ]
    },
    {
      "Target": "Parameter",
      "Id": "Mouth_Form",
      "Segments": [
        0,
        0,
        0,
        2,
        0
      ]
    },
    {
      "Target": "Parameter",
      "Id": "Mouth_Open",
      "Segments": [
        0,
        1,
        0,
        2,
        1
      ]
    },
    {
      "Target": "Parameter",
      "Id": "Mouth_Form2",
      "Segments": [
        0,
        0,
        0,
        2,
        0
      ]
    },
    {
      "Target": "Parameter",
      "Id": "HandR03_move",
      "Segments": [
        0,
        0,
        0,
        2,
        0
      ]
    },
    {
      "Target": "Parameter",
      "Id": "HandL_02_Move",
      "Segments": [
        0,
        0,
        0,
        2,
        0
      ]
    }
  ],
  "UserData": [
    {
      "Time": 0.0,
      "Value": ""
    }
  ]
}