{
  "Version": 3,
  "Meta": {
    "Duration": 8.0,
    "Fps": 30.0,
    "Loop": true,
    "AreBeziersRestricted": true,
    "CurveCount": 86,
    "TotalSegmentCount": 202,
    "TotalPointCount": 368,
    "UserDataCount": 1,
    "TotalUserDataSize": 0
  },
  "Curves": [
    {
      "Target": "Parameter",
      "Id": "Breath",
      "Segments": [
        0,
        0.3,
        0,
        1.733,
        0.8,
        0,
        3.833,
        0.102,
        0,
        5.933,
        0.8,
        0,
        8,
        0.3
      ]
    },
    {
      "Target": "Parameter",
      "Id": "Body_Shaking",
      "Segments": [
        0,
        4.396,
        1,
        0.3,
        5.052,
        0.6,
        5.093,
        0.9,
        5.093,
        2,
        1.4,
        5.093,
        1,
        1.733,
        5.093,
        2.067,
        5.045,
        2.4,
        3.825,
        1,
        3.044,
        1.464,
        3.689,
        -0.775,
        4.333,
        -0.775,
        2,
        5.867,
        -0.775,
        1,
        6.189,
        -0.775,
        6.511,
        -0.146,
        6.833,
        0.65,
        1,
        7.222,
        1.548,
        7.611,
        3.541,
        8,
        4.396
      ]
    },
    {
      "Target": "Parameter",
      "Id": "Body_Twist",
      "Segments": [
        0,
        -13.37,
        1,
        0.2,
        -12.732,
        0.4,
        -12.247,
        0.6,
        -12.033,
        1,
        1.089,
        -11.58,
        1.578,
        -11.277,
        2.067,
        -11.337,
        1,
        2.522,
        -11.514,
        2.978,
        -18.927,
        3.433,
        -21.776,
        1,
        3.933,
        -24.624,
        4.433,
        -24.951,
        4.933,
        -24.827,
        1,
        5.333,
        -24.744,
        5.733,
        -24.065,
        6.133,
        -23.124,
        1,
        6.544,
        -22.132,
        6.956,
        -17.569,
        7.367,
        -15.413,
        1,
        7.578,
        -14.469,
        7.789,
        -13.819,
        8,
        -13.37
      ]
    },
    {
      "Target": "Parameter",
      "Id": "Body_Pose1",
      "Segments": [
        0,
        3.319,
        1,
        0.233,
        0.869,
        0.467,
        0,
        0.7,
        0,
        2,
        6.6,
        0,
        1,
        7.067,
        0,
        7.533,
        7.573,
        8,
        3.319
      ]
    },
    {
      "Target": "Parameter",
      "Id": "Waist_Roll",
      "Segments": [
        0,
        0,
        2,
        2.067,
        0,
        0,
        4.167,
        2.28,
        2,
        6,
        2.28,
        0,
        8,
        0
      ]
    },
    {
      "Target": "Parameter",
      "Id": "Skirt_Shaking",
      "Segments": [
        0,
        -9,
        0,
        1.633,
        9,
        0,
        3.7,
        -7,
        0,
        5.733,
        8,
        0,
        8,
        -9
      ]
    },
    {
      "Target": "Parameter",
      "Id": "Head_AngleX",
      "Segments": [
        0,
        -0.446,
        1,
        0.222,
        -0.112,
        0.445,
        0,
        0.667,
        0,
        1,
        1.078,
        0,
        1.489,
        -0.404,
        1.9,
        -1,
        1,
        2.4,
        -1.725,
        2.9,
        -2,
        3.4,
        -2,
        2,
        4.2,
        -2,
        0,
        5.867,
        0,
        0,
        8,
        -0.446
      ]
    },
    {
      "Target": "Parameter",
      "Id": "Head_AngleY",
      "Segments": [
        0,
        -9,
        2,
        0.667,
        -9,
        0,
        1.9,
        -15,
        0,
        3.4,
        -9,
        2,
        4.2,
        -9,
        2,
        5.867,
        -9,
        2,
        8,
        -9
      ]
    },
    {
      "Target": "Parameter",
      "Id": "Head_Roll",
      "Segments": [
        0,
        -10.463,
        1,
        0.633,
        -10.947,
        1.267,
        -10.964,
        1.9,
        -10.964,
        0,
        4.367,
        -5.482,
        1,
        4.934,
        -5.482,
        5.5,
        -5.459,
        6.067,
        -5.704,
        1,
        6.711,
        -6.044,
        7.356,
        -10.463,
        8,
        -10.463
      ]
    },
    {
      "Target": "Parameter",
      "Id": "EyeBallX",
      "Segments": [
        0,
        -0.015,
        1,
        0.222,
        -0.034,
        0.445,
        -0.04,
        0.667,
        -0.04,
        0,
        1.9,
        0.044,
        2,
        4.2,
        0.044,
        1,
        4.756,
        0.044,
        5.311,
        0.018,
        5.867,
        0.004,
        1,
        6.578,
        -0.013,
        7.289,
        -0.015,
        8,
        -0.015
      ]
    },
    {
      "Target": "Parameter",
      "Id": "EyeBallY",
      "Segments": [
        0,
        0.085,
        1,
        0.633,
        0.109,
        1.267,
        0.118,
        1.9,
        0.118,
        2,
        4.2,
        0.118,
        0,
        8,
        0.085
      ]
    },
    {
      "Target": "Parameter",
      "Id": "BrowRY",
      "Segments": [
        0,
        -0.5,
        1,
        0.4,
        -0.5,
        0.8,
        -0.374,
        1.2,
        -0.36,
        1,
        1.989,
        -0.331,
        2.778,
        -0.33,
        3.567,
        -0.33,
        1,
        4.367,
        -0.33,
        5.167,
        -0.348,
        5.967,
        -0.36,
        1,
        6.389,
        -0.366,
        6.811,
        -0.364,
        7.233,
        -0.37,
        1,
        7.489,
        -0.373,
        7.744,
        -0.5,
        8,
        -0.5
      ]
    },
    {
      "Target": "Parameter",
      "Id": "BrowLY",
      "Segments": [
        0,
        -0.5,
        1,
        0.4,
        -0.5,
        0.8,
        -0.374,
        1.2,
        -0.36,
        1,
        1.989,
        -0.331,
        2.778,
        -0.33,
        3.567,
        -0.33,
        1,
        4.367,
        -0.33,
        5.167,
        -0.348,
        5.967,
        -0.36,
        1,
        6.389,
        -0.366,
        6.811,
        -0.364,
        7.233,
        -0.37,
        1,
        7.489,
        -0.373,
        7.744,
        -0.5,
        8,
        -0.5
      ]
    },
    {
      "Target": "Parameter",
      "Id": "HairFront_Shaking",
      "Segments": [
        0,
        0,
        1,
        0.556,
        0.282,
        1.111,
        0.352,
        1.667,
        0.352,
        0,
        3.5,
        -0.29,
        0,
        5.867,
        0.262,
        0,
        7.267,
        -0.214,
        1,
        7.511,
        -0.214,
        7.756,
        -0.088,
        8,
        0
      ]
    },
    {
      "Target": "Parameter",
      "Id": "HairBack_Shaking",
      "Segments": [
        0,
        0,
        1,
        0.367,
        0.203,
        0.733,
        0.262,
        1.1,
        0.262,
        0,
        3.467,
        -0.206,
        0,
        5.567,
        0.214,
        0,
        7.233,
        -0.169,
        1,
        7.489,
        -0.169,
        7.744,
        -0.117,
        8,
        0
      ]
    },
    {
      "Target": "Parameter",
      "Id": "HairSideR_Shaking",
      "Segments": [
        0,
        0,
        1,
        0.3,
        0.17,
        0.6,
        0.2,
        0.9,
        0.2,
        0,
        2.733,
        -0.3,
        0,
        4.4,
        0.199,
        0,
        6.9,
        -0.337,
        1,
        7.267,
        -0.337,
        7.633,
        -0.119,
        8,
        0
      ]
    },
    {
      "Target": "Parameter",
      "Id": "HairSideL_Shaking",
      "Segments": [
        0,
        0,
        1,
        0.3,
        0.178,
        0.6,
        0.3,
        0.9,
        0.3,
        0,
        2.733,
        -0.3,
        0,
        4.4,
        0.299,
        0,
        6.7,
        -0.345,
        1,
        7.133,
        -0.345,
        7.567,
        -0.148,
        8,
        0
      ]
    },
    {
      "Target": "Parameter",
      "Id": "ShoulderRY",
      "Segments": [
        0,
        9.372,
        1,
        0.322,
        7.625,
        0.645,
        7.725,
        0.967,
        7.725,
        1,
        1.178,
        7.725,
        1.389,
        7.924,
        1.6,
        8.606,
        1,
        1.956,
        10.25,
        2.311,
        12.698,
        2.667,
        12.698,
        1,
        2.978,
        12.698,
        3.289,
        11.674,
        3.6,
        7.725,
        1,
        3.922,
        3.636,
        4.245,
        0.17,
        4.567,
        0.17,
        1,
        4.989,
        0.17,
        5.411,
        0.193,
        5.833,
        1.221,
        1,
        6.266,
        2.531,
        6.7,
        11.675,
        7.133,
        11.675,
        1,
        7.422,
        11.675,
        7.711,
        11.019,
        8,
        9.372
      ]
    },
    {
      "Target": "Parameter",
      "Id": "ShoulderLY",
      "Segments": [
        0,
        -10.688,
        1,
        0.322,
        -12.127,
        0.645,
        -12,
        0.967,
        -12,
        1,
        1.178,
        -12,
        1.389,
        -11.933,
        1.6,
        -11.4,
        1,
        1.9,
        -10.476,
        2.2,
        -8.915,
        2.5,
        -8.915,
        1,
        2.867,
        -8.915,
        3.233,
        -9.113,
        3.6,
        -10.26,
        1,
        3.922,
        -11.268,
        4.245,
        -12.48,
        4.567,
        -12.48,
        1,
        4.911,
        -12.48,
        5.256,
        -12.465,
        5.6,
        -12.137,
        1,
        6.089,
        -11.463,
        6.578,
        -7.957,
        7.067,
        -7.957,
        1,
        7.378,
        -7.957,
        7.689,
        -8.35,
        8,
        -10.688
      ]
    },
    {
      "Target": "Parameter",
      "Id": "ShoulderR_Roll",
      "Segments": [
        0,
        2.86,
        1,
        0.533,
        2.972,
        1.067,
        2.402,
        1.6,
        1.738,
        1,
        1.933,
        1.477,
        2.267,
        1.094,
        2.6,
        0.953,
        1,
        3.022,
        0.739,
        3.445,
        0.837,
        3.867,
        1.245,
        1,
        4.111,
        1.46,
        4.356,
        1.892,
        4.6,
        2.015,
        1,
        4.822,
        2.121,
        5.045,
        2.114,
        5.267,
        1.857,
        1,
        5.622,
        1.28,
        5.978,
        0.06,
        6.333,
        0.06,
        0,
        8,
        2.86
      ]
    },
    {
      "Target": "Parameter",
      "Id": "ShoulderL_Roll",
      "Segments": [
        0,
        18,
        2,
        2.067,
        18,
        0,
        4.133,
        16.521,
        1,
        4.822,
        16.521,
        5.511,
        16.535,
        6.2,
        16.856,
        1,
        6.6,
        17.042,
        7,
        18,
        7.4,
        18,
        2,
        8,
        18
      ]
    },
    {
      "Target": "Parameter",
      "Id": "ArmR_Roll",
      "Segments": [
        0,
        -4.379,
        0,
        2.2,
        -3.862,
        1,
        3.122,
        -3.862,
        4.045,
        -4.799,
        4.967,
        -4.13,
        1,
        5.567,
        -3.743,
        6.167,
        -2.34,
        6.767,
        -2.891,
        1,
        7.178,
        -3.37,
        7.589,
        -4.379,
        8,
        -4.379
      ]
    },
    {
      "Target": "Parameter",
      "Id": "ArmL_Roll",
      "Segments": [
        0,
        -18,
        2,
        2.067,
        -18,
        0,
        4.133,
        -17.052,
        1,
        4.855,
        -17.052,
        5.578,
        -17.055,
        6.3,
        -17.168,
        1,
        6.667,
        -17.225,
        7.033,
        -18,
        7.4,
        -18,
        2,
        8,
        -18
      ]
    },
    {
      "Target": "Parameter",
      "Id": "ShoulderL_Scale",
      "Segments": [
        0,
        -0.6,
        2,
        2.067,
        -0.6,
        0,
        4.133,
        -0.742,
        1,
        4.889,
        -0.742,
        5.644,
        -0.741,
        6.4,
        -0.723,
        1,
        6.733,
        -0.716,
        7.067,
        -0.6,
        7.4,
        -0.6,
        2,
        8,
        -0.6
      ]
    },
    {
      "Target": "Parameter",
      "Id": "ArmL_Scale",
      "Segments": [
        0,
        -0.7,
        2,
        1.667,
        -0.7,
        0,
        4.133,
        -0.901,
        1,
        4.722,
        -0.901,
        5.311,
        -0.903,
        5.9,
        -0.864,
        1,
        6.4,
        -0.831,
        6.9,
        -0.7,
        7.4,
        -0.7,
        2,
        8,
        -0.7
      ]
    },
    {
      "Target": "Parameter",
      "Id": "HandR_Roll",
      "Segments": [
        0,
        -5.041,
        1,
        0.333,
        -5.541,
        0.667,
        -5.526,
        1,
        -5.526,
        1,
        1.511,
        -5.496,
        2.022,
        -1.497,
        2.533,
        -1.497,
        1,
        3.055,
        -1.497,
        3.578,
        -4.883,
        4.1,
        -2.203,
        1,
        4.356,
        -0.33,
        4.611,
        1.609,
        4.867,
        2,
        1,
        5.322,
        2.592,
        5.778,
        2.249,
        6.233,
        0.765,
        1,
        6.822,
        -1.501,
        7.411,
        -3.638,
        8,
        -5.041
      ]
    },
    {
      "Target": "Parameter",
      "Id": "HandL_Roll",
      "Segments": [
        0,
        29.7,
        1,
        1.1,
        29.945,
        2.2,
        30,
        3.3,
        30,
        0,
        8,
        29.7
      ]
    },
    {
      "Target": "Parameter",
      "Id": "HandL_02_Move",
      "Segments": [
        0,
        0,
        1,
        0.367,
        5.885,
        0.733,
        5.853,
        1.1,
        5.853,
        0,
        2.7,
        -27,
        0,
        4.6,
        1.704,
        0,
        7.1,
        -30,
        0,
        8,
        0
      ]
    },
    {
      "Target": "PartOpacity",
      "Id": "Part12",
      "Segments": [
        0,
        1,
        2,
        8,
        1
      ]
    },
    {
      "Target": "PartOpacity",
      "Id": "Part13",
      "Segments": [
        0,
        1,
        2,
        8,
        1
      ]
    },
    {
      "Target": "PartOpacity",
      "Id": "Part14",
      "Segments": [
        0,
        1,
        2,
        8,
        1
      ]
    },
    {
      "Target": "PartOpacity",
      "Id": "Part15",
      "Segments": [
        0,
        1,
        2,
        8,
        1
      ]
    },
    {
      "Target": "PartOpacity",
      "Id": "Part16",
      "Segments": [
        0,
        1,
        2,
        8,
        1
      ]
    },
    {
      "Target": "PartOpacity",
      "Id": "Part18",
      "Segments": [
        0,
        1,
        2,
        8,
        1
      ]
    },
    {
      "Target": "PartOpacity",
      "Id": "Part19",
      "Segments": [
        0,
        1,
        2,
        8,
        1
      ]
    },
    {
      "Target": "PartOpacity",
      "Id": "Part17",
      "Segments": [
        0,
        1,
        2,
        8,
        1
      ]
    },
    {
      "Target": "PartOpacity",
      "Id": "Part24",
      "Segments": [
        0,
        0,
        2,
        8,
        0
      ]
    },
    {
      "Target": "PartOpacity",
      "Id": "Part20",
      "Segments": [
        0,
        1,
        2,
        8,
        1
      ]
    },
    {
      "Target": "PartOpacity",
      "Id": "Part33",
      "Segments": [
        0,
        0,
        2,
        8,
        0
      ]
    },
    {
      "Target": "PartOpacity",
      "Id": "Part26",
      "Segments": [
        0,
        0,
        2,
        8,
        0
      ]
    },
    {
      "Target": "PartOpacity",
      "Id": "Part27",
      "Segments": [
        0,
        0,
        2,
        8,
        0
      ]
    },
    {
      "Target": "PartOpacity",
      "Id": "Part52",
      "Segments": [
        0,
        0,
        2,
        8,
        0
      ]
    },
    {
      "Target": "PartOpacity",
      "Id": "Part2",
      "Segments": [
        0,
        1,
        2,
        8,
        1
      ]
    },
    {
      "Target": "PartOpacity",
      "Id": "Part3",
      "Segments": [
        0,
        0,
        2,
        8,
        0
      ]
    },
    {
      "Target": "PartOpacity",
      "Id": "Part22",
      "Segments": [
        0,
        1,
        2,
        8,
        1
      ]
    },
    {
      "Target": "PartOpacity",
      "Id": "Part4",
      "Segments": [
        0,
        1,
        2,
        8,
        1
      ]
    },
    {
      "Target": "PartOpacity",
      "Id": "Part5",
      "Segments": [
        0,
        1,
        2,
        8,
        1
      ]
    },
    {
      "Target": "PartOpacity",
      "Id": "Part7",
      "Segments": [
        0,
        1,
        2,
        8,
        1
      ]
    },
    {
      "Target": "PartOpacity",
      "Id": "HandL2",
      "Segments": [
        0,
        0,
        2,
        8,
        0
      ]
    },
    {
      "Target": "PartOpacity",
      "Id": "Part21",
      "Segments": [
        0,
        0,
        2,
        8,
        0
      ]
    },
    {
      "Target": "PartOpacity",
      "Id": "Part23",
      "Segments": [
        0,
        1,
        2,
        8,
        1
      ]
    },
    {
      "Target": "PartOpacity",
      "Id": "Part6",
      "Segments": [
        0,
        0,
        2,
        8,
        0
      ]
    },
    {
      "Target": "PartOpacity",
      "Id": "HandL1",
      "Segments": [
        0,
        0,
        2,
        8,
        0
      ]
    },
    {
      "Target": "PartOpacity",
      "Id": "Part8",
      "Segments": [
        0,
        1,
        2,
        8,
        1
      ]
    },
    {
      "Target": "PartOpacity",
      "Id": "Part10",
      "Segments": [
        0,
        1,
        2,
        8,
        1
      ]
    },
    {
      "Target": "PartOpacity",
      "Id": "Part29",
      "Segments": [
        0,
        1,
        2,
        8,
        1
      ]
    },
    {
      "Target": "PartOpacity",
      "Id": "Part11",
      "Segments": [
        0,
        1,
        2,
        8,
        1
      ]
    },
    {
      "Target": "PartOpacity",
      "Id": "Part30",
      "Segments": [
        0,
        1,
        2,
        8,
        1
      ]
    },
    {
      "Target": "Model",
      "Id": "Opacity",
      "Segments": [
        0,
        1,
        0,
        8,
        1
      ]
    },
    {
      "Target": "Parameter",
      "Id": "BodyY",
      "Segments": [
        0,
        0,
        0,
        8,
        0
      ]
    },
    {
      "Target": "Parameter",
      "Id": "Shoulder_Move",
      "Segments": [
        0,
        0,
        0,
        8,
        0
      ]
    },
    {
      "Target": "Parameter",
      "Id": "Arm_Form",
      "Segments": [
        0,
        0,
        0,
        8,
        0
      ]
    },
    {
      "Target": "Parameter",
      "Id": "Ribbon_Shaking",
      "Segments": [
        0,
        0,
        0,
        8,
        0
      ]
    },
    {
      "Target": "Parameter",
      "Id": "Key_Shaking",
      "Segments": [
        0,
        0,
        0,
        8,
        0
      ]
    },
    {
      "Target": "Parameter",
      "Id": "All_Position",
      "Segments": [
        0,
        0,
        0,
        8,
        0
      ]
    },
    {
      "Target": "Parameter",
      "Id": "HeadY",
      "Segments": [
        0,
        0,
        0,
        8,
        0
      ]
    },
    {
      "Target": "Parameter",
      "Id": "BrowR_Form",
      "Segments": [
        0,
        -0.8,
        0,
        8,
        -0.8
      ]
    },
    {
      "Target": "Parameter",
      "Id": "BrowL_Form",
      "Segments": [
        0,
        -0.8,
        0,
        8,
        -0.8
      ]
    },
    {
      "Target": "Parameter",
      "Id": "BrowR_Angle",
      "Segments": [
        0,
        -0.2,
        0,
        8,
        -0.2
      ]
    },
    {
      "Target": "Parameter",
      "Id": "BrowL_Angle",
      "Segments": [
        0,
        -0.2,
        0,
        8,
        -0.2
      ]
    },
    {
      "Target": "Parameter",
      "Id": "BrowR_Form2",
      "Segments": [
        0,
        0.7,
        0,
        8,
        0.7
      ]
    },
    {
      "Target": "Parameter",
      "Id": "BrowL_Form2",
      "Segments": [
        0,
        0.9,
        0,
        8,
        0.9
      ]
    },
    {
      "Target": "Parameter",
      "Id": "EyeBall_Size",
      "Segments": [
        0,
        -7,
        0,
        8,
        -7
      ]
    },
    {
      "Target": "Parameter",
      "Id": "EyeR_Open",
      "Segments": [
        0,
        1,
        0,
        8,
        1
      ]
    },
    {
      "Target": "Parameter",
      "Id": "EyeL_Open",
      "Segments": [
        0,
        1,
        0,
        8,
        1
      ]
    },
    {
      "Target": "Parameter",
      "Id": "EyeR_Smile",
      "Segments": [
        0,
        1,
        0,
        8,
        1
      ]
    },
    {
      "Target": "Parameter",
      "Id": "EyeL_Smile",
      "Segments": [
        0,
        1,
        0,
        8,
        1
      ]
    },
    {
      "Target": "Parameter",
      "Id": "MouthForm2",
      "Segments": [
        0,
        0,
        0,
        8,
        0
      ]
    },
    {
      "Target": "Parameter",
      "Id": "Mouth_Form",
      "Segments": [
        0,
        -8,
        0,
        8,
        -8
      ]
    },
    {
      "Target": "Parameter",
      "Id": "Mouth_Open",
      "Segments": [
        0,
        1,
        0,
        8,
        1
      ]
    },
    {
      "Target": "Parameter",
      "Id": "Mouth_Size",
      "Segments": [
        0,
        0.455,
        0,
        8,
        0.455
      ]
    },
    {
      "Target": "Parameter",
      "Id": "Mouth_Form2",
      "Segments": [
        0,
        0,
        0,
        8,
        0
      ]
    },
    {
      "Target": "Parameter",
      "Id": "ShoulderR_Scale",
      "Segments": [
        0,
        0,
        0,
        8,
        0
      ]
    },
    {
      "Target": "Parameter",
      "Id": "ArmR_Scale",
      "Segments": [
        0,
        0,
        0,
        8,
        0
      ]
    },
    {
      "Target": "Parameter",
      "Id": "HandR03_Move",
      "Segments": [
        0,
        0,
        0,
        8,
        0
      ]
    },
    {
      "Target": "Parameter",
      "Id": "HandR03_move",
      "Segments": [
        0,
        0,
        0,
        8,
        0
      ]
    }
  ],
  "UserData": [
    {
      "Time": 0.0,
      "Value": ""
    }
  ]
}