{
  "Version": 3,
  "Meta": {
    "Duration": 10.0,
    "Fps": 30.0,
    "Loop": true,
    "AreBeziersRestricted": true,
    "CurveCount": 86,
    "TotalSegmentCount": 283,
    "TotalPointCount": 497,
    "UserDataCount": 1,
    "TotalUserDataSize": 0
  },
  "Curves": [
    {
      "Target": "Parameter",
      "Id": "Breath",
      "Segments": [
        0,
        0,
        0,
        0.967,
        0.5,
        0,
        2,
        0.3,
        0,
        3.733,
        0.8,
        0,
        5.833,
        0.102,
        0,
        7.933,
        0.8,
        0,
        10,
        0.3
      ]
    },
    {
      "Target": "Parameter",
      "Id": "Body_Shaking",
      "Segments": [
        0,
        0,
        1,
        0.278,
        0,
        0.555,
        0.031,
        0.833,
        0.65,
        1,
        1.222,
        1.516,
        1.611,
        3.545,
        2,
        4.396,
        1,
        2.3,
        5.052,
        2.6,
        5.093,
        2.9,
        5.093,
        2,
        3.4,
        5.093,
        1,
        3.733,
        5.093,
        4.067,
        5.045,
        4.4,
        3.825,
        1,
        5.044,
        1.464,
        5.689,
        -0.775,
        6.333,
        -0.775,
        2,
        7.867,
        -0.775,
        1,
        8.189,
        -0.775,
        8.511,
        -0.146,
        8.833,
        0.65,
        1,
        9.222,
        1.548,
        9.611,
        3.541,
        10,
        4.396
      ]
    },
    {
      "Target": "Parameter",
      "Id": "Body_Twist",
      "Segments": [
        0,
        -19,
        1,
        0.667,
        -19,
        1.333,
        -15.714,
        2,
        -13.37,
        1,
        2.2,
        -12.732,
        2.4,
        -12.247,
        2.6,
        -12.033,
        1,
        3.089,
        -11.58,
        3.578,
        -11.277,
        4.067,
        -11.337,
        1,
        4.522,
        -11.514,
        4.978,
        -18.927,
        5.433,
        -21.776,
        1,
        5.933,
        -24.624,
        6.433,
        -24.951,
        6.933,
        -24.827,
        1,
        7.333,
        -24.744,
        7.733,
        -24.065,
        8.133,
        -23.124,
        1,
        8.544,
        -22.132,
        8.956,
        -17.569,
        9.367,
        -15.413,
        1,
        9.578,
        -14.469,
        9.789,
        -13.819,
        10,
        -13.37
      ]
    },
    {
      "Target": "Parameter",
      "Id": "Body_Pose1",
      "Segments": [
        0,
        0,
        0,
        1,
        9,
        1,
        1.333,
        9,
        1.667,
        6.82,
        2,
        3.319,
        1,
        2.233,
        0.869,
        2.467,
        0,
        2.7,
        0,
        2,
        8.6,
        0,
        1,
        9.067,
        0,
        9.533,
        7.573,
        10,
        3.319
      ]
    },
    {
      "Target": "Parameter",
      "Id": "Waist_Roll",
      "Segments": [
        0,
        0,
        2,
        2,
        0,
        2,
        4.067,
        0,
        0,
        6.167,
        2.28,
        2,
        8,
        2.28,
        0,
        10,
        0
      ]
    },
    {
      "Target": "Parameter",
      "Id": "Skirt_Shaking",
      "Segments": [
        0,
        0,
        0,
        2,
        -9,
        0,
        3.633,
        9,
        0,
        5.7,
        -7,
        0,
        7.733,
        8,
        0,
        10,
        -9
      ]
    },
    {
      "Target": "Parameter",
      "Id": "Head_AngleX",
      "Segments": [
        0,
        0,
        0,
        1,
        -1.267,
        1,
        1.333,
        -1.267,
        1.667,
        -0.948,
        2,
        -0.446,
        1,
        2.222,
        -0.112,
        2.445,
        0,
        2.667,
        0,
        1,
        3.078,
        0,
        3.489,
        -0.404,
        3.9,
        -1,
        1,
        4.4,
        -1.725,
        4.9,
        -2,
        5.4,
        -2,
        2,
        6.2,
        -2,
        0,
        7.867,
        0,
        0,
        10,
        -0.446
      ]
    },
    {
      "Target": "Parameter",
      "Id": "Head_AngleY",
      "Segments": [
        0,
        -9,
        2,
        1,
        -9,
        2,
        2,
        -9,
        2,
        2.667,
        -9,
        0,
        3.9,
        -15,
        0,
        5.4,
        -9,
        2,
        6.2,
        -9,
        2,
        7.867,
        -9,
        2,
        10,
        -9
      ]
    },
    {
      "Target": "Parameter",
      "Id": "Head_Roll",
      "Segments": [
        0,
        -7,
        1,
        0.278,
        -7,
        0.555,
        -6.945,
        0.833,
        -7.156,
        1,
        1.222,
        -7.45,
        1.611,
        -10.167,
        2,
        -10.463,
        1,
        2.633,
        -10.947,
        3.267,
        -10.964,
        3.9,
        -10.964,
        0,
        6.367,
        -5.482,
        1,
        6.934,
        -5.482,
        7.5,
        -5.459,
        8.067,
        -5.704,
        1,
        8.711,
        -6.044,
        9.356,
        -10.463,
        10,
        -10.463
      ]
    },
    {
      "Target": "Parameter",
      "Id": "EyeBallX",
      "Segments": [
        0,
        0,
        0,
        1,
        0.03,
        1,
        1.333,
        0.03,
        1.667,
        0.013,
        2,
        -0.015,
        1,
        2.222,
        -0.034,
        2.445,
        -0.04,
        2.667,
        -0.04,
        0,
        3.9,
        0.044,
        2,
        6.2,
        0.044,
        1,
        6.756,
        0.044,
        7.311,
        0.018,
        7.867,
        0.004,
        1,
        8.578,
        -0.013,
        9.289,
        -0.015,
        10,
        -0.015
      ]
    },
    {
      "Target": "Parameter",
      "Id": "EyeBallY",
      "Segments": [
        0,
        0,
        1,
        0.333,
        0,
        0.667,
        0.019,
        1,
        0.038,
        1,
        1.333,
        0.057,
        1.667,
        0.072,
        2,
        0.085,
        1,
        2.633,
        0.109,
        3.267,
        0.118,
        3.9,
        0.118,
        2,
        6.2,
        0.118,
        0,
        10,
        0.085
      ]
    },
    {
      "Target": "Parameter",
      "Id": "BrowRY",
      "Segments": [
        0,
        0,
        0,
        1.167,
        -0.1,
        1,
        1.445,
        -0.1,
        1.722,
        -0.102,
        2,
        -0.093,
        1,
        2.4,
        -0.081,
        2.8,
        -0.057,
        3.2,
        0,
        1,
        3.989,
        0.113,
        4.778,
        0.3,
        5.567,
        0.3,
        1,
        6.367,
        0.3,
        7.167,
        0.166,
        7.967,
        0,
        1,
        8.389,
        -0.088,
        8.811,
        -0.1,
        9.233,
        -0.1,
        1,
        9.489,
        -0.1,
        9.744,
        -0.098,
        10,
        -0.093
      ]
    },
    {
      "Target": "Parameter",
      "Id": "BrowLY",
      "Segments": [
        0,
        0,
        0,
        1.167,
        -0.1,
        1,
        1.445,
        -0.1,
        1.722,
        -0.102,
        2,
        -0.093,
        1,
        2.4,
        -0.081,
        2.8,
        -0.057,
        3.2,
        0,
        1,
        3.989,
        0.113,
        4.778,
        0.3,
        5.567,
        0.3,
        1,
        6.367,
        0.3,
        7.167,
        0.166,
        7.967,
        0,
        1,
        8.389,
        -0.088,
        8.811,
        -0.1,
        9.233,
        -0.1,
        0,
        10,
        -0.093
      ]
    },
    {
      "Target": "Parameter",
      "Id": "Mouth_Form",
      "Segments": [
        0,
        0,
        0,
        1.1,
        -8,
        2,
        2,
        -8,
        2,
        10,
        -8
      ]
    },
    {
      "Target": "Parameter",
      "Id": "HairFront_Shaking",
      "Segments": [
        0,
        0,
        0,
        1.233,
        -0.349,
        1,
        1.489,
        -0.349,
        1.744,
        -0.13,
        2,
        0,
        1,
        2.556,
        0.282,
        3.111,
        0.352,
        3.667,
        0.352,
        0,
        5.5,
        -0.29,
        0,
        7.867,
        0.262,
        0,
        9.267,
        -0.214,
        1,
        9.511,
        -0.214,
        9.756,
        -0.088,
        10,
        0
      ]
    },
    {
      "Target": "Parameter",
      "Id": "HairBack_Shaking",
      "Segments": [
        0,
        0,
        0,
        1.2,
        -0.284,
        1,
        1.467,
        -0.284,
        1.733,
        -0.147,
        2,
        0,
        1,
        2.367,
        0.203,
        2.733,
        0.262,
        3.1,
        0.262,
        0,
        5.467,
        -0.206,
        0,
        7.567,
        0.214,
        0,
        9.233,
        -0.169,
        1,
        9.489,
        -0.169,
        9.744,
        -0.117,
        10,
        0
      ]
    },
    {
      "Target": "Parameter",
      "Id": "HairSideR_Shaking",
      "Segments": [
        0,
        0,
        0,
        0.9,
        -0.4,
        1,
        1.267,
        -0.4,
        1.633,
        -0.207,
        2,
        0,
        1,
        2.3,
        0.17,
        2.6,
        0.2,
        2.9,
        0.2,
        0,
        4.733,
        -0.3,
        0,
        6.4,
        0.199,
        0,
        8.9,
        -0.337,
        1,
        9.267,
        -0.337,
        9.633,
        -0.119,
        10,
        0
      ]
    },
    {
      "Target": "Parameter",
      "Id": "HairSideL_Shaking",
      "Segments": [
        0,
        0,
        0,
        0.9,
        -0.3,
        1,
        1.267,
        -0.3,
        1.633,
        -0.218,
        2,
        0,
        1,
        2.3,
        0.178,
        2.6,
        0.3,
        2.9,
        0.3,
        0,
        4.733,
        -0.3,
        0,
        6.4,
        0.299,
        0,
        8.7,
        -0.345,
        1,
        9.133,
        -0.345,
        9.567,
        -0.148,
        10,
        0
      ]
    },
    {
      "Target": "Parameter",
      "Id": "ShoulderRY",
      "Segments": [
        0,
        10,
        0,
        1.1,
        14.044,
        1,
        1.4,
        14.044,
        1.7,
        11.488,
        2,
        9.372,
        1,
        2.322,
        7.625,
        2.645,
        7.725,
        2.967,
        7.725,
        1,
        3.178,
        7.725,
        3.389,
        7.924,
        3.6,
        8.606,
        1,
        3.956,
        10.25,
        4.311,
        12.698,
        4.667,
        12.698,
        1,
        4.978,
        12.698,
        5.289,
        11.674,
        5.6,
        7.725,
        1,
        5.922,
        3.636,
        6.245,
        0.17,
        6.567,
        0.17,
        1,
        6.989,
        0.17,
        7.411,
        0.193,
        7.833,
        1.221,
        1,
        8.266,
        2.531,
        8.7,
        11.675,
        9.133,
        11.675,
        1,
        9.422,
        11.675,
        9.711,
        11.019,
        10,
        9.372
      ]
    },
    {
      "Target": "Parameter",
      "Id": "ShoulderLY",
      "Segments": [
        0,
        -12,
        0,
        1.2,
        -8.381,
        1,
        1.467,
        -8.381,
        1.733,
        -8.986,
        2,
        -10.688,
        1,
        2.322,
        -12.127,
        2.645,
        -12,
        2.967,
        -12,
        1,
        3.178,
        -12,
        3.389,
        -11.933,
        3.6,
        -11.4,
        1,
        3.9,
        -10.476,
        4.2,
        -8.915,
        4.5,
        -8.915,
        1,
        4.867,
        -8.915,
        5.233,
        -9.113,
        5.6,
        -10.26,
        1,
        5.922,
        -11.268,
        6.245,
        -12.48,
        6.567,
        -12.48,
        1,
        6.911,
        -12.48,
        7.256,
        -12.465,
        7.6,
        -12.137,
        1,
        8.089,
        -11.463,
        8.578,
        -7.957,
        9.067,
        -7.957,
        1,
        9.378,
        -7.957,
        9.689,
        -8.35,
        10,
        -10.688
      ]
    },
    {
      "Target": "Parameter",
      "Id": "ShoulderR_Roll",
      "Segments": [
        0,
        0,
        1,
        0.667,
        0,
        1.333,
        2.741,
        2,
        2.86,
        1,
        2.533,
        2.972,
        3.067,
        2.402,
        3.6,
        1.738,
        1,
        3.933,
        1.477,
        4.267,
        1.094,
        4.6,
        0.953,
        1,
        5.022,
        0.739,
        5.445,
        0.837,
        5.867,
        1.245,
        1,
        6.111,
        1.46,
        6.356,
        1.892,
        6.6,
        2.015,
        1,
        6.822,
        2.121,
        7.045,
        2.114,
        7.267,
        1.857,
        1,
        7.622,
        1.28,
        7.978,
        0.06,
        8.333,
        0.06,
        0,
        10,
        2.86
      ]
    },
    {
      "Target": "Parameter",
      "Id": "ShoulderL_Roll",
      "Segments": [
        0,
        18,
        2,
        2,
        18,
        2,
        4.067,
        18,
        0,
        6.133,
        16.521,
        1,
        6.822,
        16.521,
        7.511,
        16.535,
        8.2,
        16.856,
        1,
        8.6,
        17.042,
        9,
        18,
        9.4,
        18,
        2,
        10,
        18
      ]
    },
    {
      "Target": "Parameter",
      "Id": "ArmR_Roll",
      "Segments": [
        0,
        0,
        1,
        0.311,
        0,
        0.622,
        -1.454,
        0.933,
        -2.698,
        1,
        1.289,
        -4.12,
        1.644,
        -4.379,
        2,
        -4.379,
        0,
        4.2,
        -3.862,
        1,
        5.122,
        -3.862,
        6.045,
        -4.799,
        6.967,
        -4.13,
        1,
        7.567,
        -3.743,
        8.167,
        -2.34,
        8.767,
        -2.891,
        1,
        9.178,
        -3.37,
        9.589,
        -4.379,
        10,
        -4.379
      ]
    },
    {
      "Target": "Parameter",
      "Id": "ArmL_Roll",
      "Segments": [
        0,
        -18,
        0,
        1.2,
        -17.64,
        0,
        2,
        -18,
        2,
        4.067,
        -18,
        0,
        6.133,
        -17.052,
        1,
        6.855,
        -17.052,
        7.578,
        -17.055,
        8.3,
        -17.168,
        1,
        8.667,
        -17.225,
        9.033,
        -18,
        9.4,
        -18,
        2,
        10,
        -18
      ]
    },
    {
      "Target": "Parameter",
      "Id": "ShoulderL_Scale",
      "Segments": [
        0,
        -0.6,
        2,
        2,
        -0.6,
        2,
        4.067,
        -0.6,
        0,
        6.133,
        -0.742,
        1,
        6.889,
        -0.742,
        7.644,
        -0.741,
        8.4,
        -0.723,
        1,
        8.733,
        -0.716,
        9.067,
        -0.6,
        9.4,
        -0.6,
        2,
        10,
        -0.6
      ]
    },
    {
      "Target": "Parameter",
      "Id": "ArmL_Scale",
      "Segments": [
        0,
        -0.7,
        2,
        2,
        -0.7,
        2,
        3.667,
        -0.7,
        0,
        6.133,
        -0.901,
        1,
        6.722,
        -0.901,
        7.311,
        -0.903,
        7.9,
        -0.864,
        1,
        8.4,
        -0.831,
        8.9,
        -0.7,
        9.4,
        -0.7,
        2,
        10,
        -0.7
      ]
    },
    {
      "Target": "Parameter",
      "Id": "HandR_Roll",
      "Segments": [
        0,
        0,
        0,
        2,
        -5.041,
        1,
        2.333,
        -5.541,
        2.667,
        -5.526,
        3,
        -5.526,
        1,
        3.511,
        -5.496,
        4.022,
        -1.497,
        4.533,
        -1.497,
        1,
        5.055,
        -1.497,
        5.578,
        -4.883,
        6.1,
        -2.203,
        1,
        6.356,
        -0.33,
        6.611,
        1.609,
        6.867,
        2,
        1,
        7.322,
        2.592,
        7.778,
        2.249,
        8.233,
        0.765,
        1,
        8.822,
        -1.501,
        9.411,
        -3.638,
        10,
        -5.041
      ]
    },
    {
      "Target": "Parameter",
      "Id": "HandL_Roll",
      "Segments": [
        0,
        30,
        0,
        1.2,
        28.42,
        1,
        1.467,
        28.42,
        1.733,
        29.641,
        2,
        29.7,
        1,
        3.1,
        29.945,
        4.2,
        30,
        5.3,
        30,
        0,
        10,
        29.7
      ]
    },
    {
      "Target": "Parameter",
      "Id": "HandL_02_Move",
      "Segments": [
        0,
        0,
        1,
        0.167,
        0,
        0.333,
        -0.754,
        0.5,
        -8.308,
        1,
        0.722,
        -18.379,
        0.945,
        -30,
        1.167,
        -30,
        1,
        1.445,
        -30,
        1.722,
        -4.459,
        2,
        0,
        1,
        2.367,
        5.885,
        2.733,
        5.853,
        3.1,
        5.853,
        0,
        4.7,
        -27,
        0,
        6.6,
        1.704,
        0,
        9.1,
        -30,
        0,
        10,
        0
      ]
    },
    {
      "Target": "PartOpacity",
      "Id": "Part12",
      "Segments": [
        0,
        1,
        2,
        2,
        1,
        2,
        10,
        1
      ]
    },
    {
      "Target": "PartOpacity",
      "Id": "Part13",
      "Segments": [
        0,
        1,
        2,
        2,
        1,
        2,
        10,
        1
      ]
    },
    {
      "Target": "PartOpacity",
      "Id": "Part14",
      "Segments": [
        0,
        1,
        2,
        2,
        1,
        2,
        10,
        1
      ]
    },
    {
      "Target": "PartOpacity",
      "Id": "Part15",
      "Segments": [
        0,
        1,
        2,
        2,
        1,
        2,
        10,
        1
      ]
    },
    {
      "Target": "PartOpacity",
      "Id": "Part16",
      "Segments": [
        0,
        1,
        2,
        2,
        1,
        2,
        10,
        1
      ]
    },
    {
      "Target": "PartOpacity",
      "Id": "Part18",
      "Segments": [
        0,
        1,
        2,
        2,
        1,
        2,
        10,
        1
      ]
    },
    {
      "Target": "PartOpacity",
      "Id": "Part19",
      "Segments": [
        0,
        1,
        2,
        2,
        1,
        2,
        10,
        1
      ]
    },
    {
      "Target": "PartOpacity",
      "Id": "Part17",
      "Segments": [
        0,
        1,
        2,
        2,
        1,
        2,
        10,
        1
      ]
    },
    {
      "Target": "PartOpacity",
      "Id": "Part24",
      "Segments": [
        0,
        0,
        2,
        2,
        0,
        2,
        10,
        0
      ]
    },
    {
      "Target": "PartOpacity",
      "Id": "Part20",
      "Segments": [
        0,
        1,
        2,
        2,
        1,
        2,
        10,
        1
      ]
    },
    {
      "Target": "PartOpacity",
      "Id": "Part33",
      "Segments": [
        0,
        0,
        2,
        2,
        0,
        2,
        10,
        0
      ]
    },
    {
      "Target": "PartOpacity",
      "Id": "Part26",
      "Segments": [
        0,
        0,
        2,
        2,
        0,
        2,
        10,
        0
      ]
    },
    {
      "Target": "PartOpacity",
      "Id": "Part27",
      "Segments": [
        0,
        0,
        2,
        2,
        0,
        2,
        10,
        0
      ]
    },
    {
      "Target": "PartOpacity",
      "Id": "Part52",
      "Segments": [
        0,
        0,
        2,
        2,
        0,
        2,
        10,
        0
      ]
    },
    {
      "Target": "PartOpacity",
      "Id": "Part2",
      "Segments": [
        0,
        1,
        2,
        2,
        1,
        2,
        10,
        1
      ]
    },
    {
      "Target": "PartOpacity",
      "Id": "Part3",
      "Segments": [
        0,
        0,
        2,
        2,
        0,
        2,
        10,
        0
      ]
    },
    {
      "Target": "PartOpacity",
      "Id": "Part22",
      "Segments": [
        0,
        1,
        2,
        2,
        1,
        2,
        10,
        1
      ]
    },
    {
      "Target": "PartOpacity",
      "Id": "Part4",
      "Segments": [
        0,
        1,
        2,
        2,
        1,
        2,
        10,
        1
      ]
    },
    {
      "Target": "PartOpacity",
      "Id": "Part5",
      "Segments": [
        0,
        1,
        2,
        2,
        1,
        2,
        10,
        1
      ]
    },
    {
      "Target": "PartOpacity",
      "Id": "Part7",
      "Segments": [
        0,
        1,
        2,
        2,
        1,
        2,
        10,
        1
      ]
    },
    {
      "Target": "PartOpacity",
      "Id": "HandL2",
      "Segments": [
        0,
        0,
        2,
        2,
        0,
        2,
        10,
        0
      ]
    },
    {
      "Target": "PartOpacity",
      "Id": "Part21",
      "Segments": [
        0,
        0,
        2,
        2,
        0,
        2,
        10,
        0
      ]
    },
    {
      "Target": "PartOpacity",
      "Id": "Part23",
      "Segments": [
        0,
        1,
        2,
        2,
        1,
        2,
        10,
        1
      ]
    },
    {
      "Target": "PartOpacity",
      "Id": "Part6",
      "Segments": [
        0,
        0,
        2,
        2,
        0,
        2,
        10,
        0
      ]
    },
    {
      "Target": "PartOpacity",
      "Id": "HandL1",
      "Segments": [
        0,
        0,
        2,
        2,
        0,
        2,
        10,
        0
      ]
    },
    {
      "Target": "PartOpacity",
      "Id": "Part8",
      "Segments": [
        0,
        1,
        2,
        2,
        1,
        2,
        10,
        1
      ]
    },
    {
      "Target": "PartOpacity",
      "Id": "Part10",
      "Segments": [
        0,
        1,
        2,
        2,
        1,
        2,
        10,
        1
      ]
    },
    {
      "Target": "PartOpacity",
      "Id": "Part29",
      "Segments": [
        0,
        1,
        2,
        2,
        1,
        2,
        10,
        1
      ]
    },
    {
      "Target": "PartOpacity",
      "Id": "Part11",
      "Segments": [
        0,
        1,
        2,
        2,
        1,
        2,
        10,
        1
      ]
    },
    {
      "Target": "PartOpacity",
      "Id": "Part30",
      "Segments": [
        0,
        1,
        2,
        2,
        1,
        2,
        10,
        1
      ]
    },
    {
      "Target": "Model",
      "Id": "Opacity",
      "Segments": [
        0,
        1,
        0,
        10,
        1
      ]
    },
    {
      "Target": "Parameter",
      "Id": "BodyY",
      "Segments": [
        0,
        0,
        0,
        10,
        0
      ]
    },
    {
      "Target": "Parameter",
      "Id": "Shoulder_Move",
      "Segments": [
        0,
        0,
        0,
        10,
        0
      ]
    },
    {
      "Target": "Parameter",
      "Id": "Arm_Form",
      "Segments": [
        0,
        0,
        0,
        10,
        0
      ]
    },
    {
      "Target": "Parameter",
      "Id": "Ribbon_Shaking",
      "Segments": [
        0,
        0,
        0,
        10,
        0
      ]
    },
    {
      "Target": "Parameter",
      "Id": "Key_Shaking",
      "Segments": [
        0,
        0,
        0,
        10,
        0
      ]
    },
    {
      "Target": "Parameter",
      "Id": "All_Position",
      "Segments": [
        0,
        0,
        0,
        10,
        0
      ]
    },
    {
      "Target": "Parameter",
      "Id": "HeadY",
      "Segments": [
        0,
        0,
        0,
        10,
        0
      ]
    },
    {
      "Target": "Parameter",
      "Id": "BrowR_Form",
      "Segments": [
        0,
        0,
        0,
        10,
        0
      ]
    },
    {
      "Target": "Parameter",
      "Id": "BrowL_Form",
      "Segments": [
        0,
        0,
        0,
        10,
        0
      ]
    },
    {
      "Target": "Parameter",
      "Id": "BrowR_Angle",
      "Segments": [
        0,
        0,
        0,
        10,
        0
      ]
    },
    {
      "Target": "Parameter",
      "Id": "BrowL_Angle",
      "Segments": [
        0,
        0,
        0,
        10,
        0
      ]
    },
    {
      "Target": "Parameter",
      "Id": "BrowR_Form2",
      "Segments": [
        0,
        0,
        0,
        10,
        0
      ]
    },
    {
      "Target": "Parameter",
      "Id": "BrowL_Form2",
      "Segments": [
        0,
        0,
        0,
        10,
        0
      ]
    },
    {
      "Target": "Parameter",
      "Id": "EyeBall_Size",
      "Segments": [
        0,
        0,
        0,
        10,
        0
      ]
    },
    {
      "Target": "Parameter",
      "Id": "EyeR_Open",
      "Segments": [
        0,
        1,
        0,
        10,
        1
      ]
    },
    {
      "Target": "Parameter",
      "Id": "EyeL_Open",
      "Segments": [
        0,
        1,
        0,
        10,
        1
      ]
    },
    {
      "Target": "Parameter",
      "Id": "EyeR_Smile",
      "Segments": [
        0,
        0,
        0,
        10,
        0
      ]
    },
    {
      "Target": "Parameter",
      "Id": "EyeL_Smile",
      "Segments": [
        0,
        0,
        0,
        10,
        0
      ]
    },
    {
      "Target": "Parameter",
      "Id": "MouthForm2",
      "Segments": [
        0,
        0,
        0,
        10,
        0
      ]
    },
    {
      "Target": "Parameter",
      "Id": "Mouth_Open",
      "Segments": [
        0,
        1,
        0,
        10,
        1
      ]
    },
    {
      "Target": "Parameter",
      "Id": "Mouth_Size",
      "Segments": [
        0,
        0.5,
        0,
        10,
        0.5
      ]
    },
    {
      "Target": "Parameter",
      "Id": "Mouth_Form2",
      "Segments": [
        0,
        0,
        0,
        10,
        0
      ]
    },
    {
      "Target": "Parameter",
      "Id": "ShoulderR_Scale",
      "Segments": [
        0,
        0,
        0,
        10,
        0
      ]
    },
    {
      "Target": "Parameter",
      "Id": "ArmR_Scale",
      "Segments": [
        0,
        0,
        0,
        10,
        0
      ]
    },
    {
      "Target": "Parameter",
      "Id": "HandR03_Move",
      "Segments": [
        0,
        0,
        0,
        10,
        0
      ]
    },
    {
      "Target": "Parameter",
      "Id": "HandR03_move",
      "Segments": [
        0,
        0,
        0,
        10,
        0
      ]
    }
  ],
  "UserData": [
    {
      "Time": 0.0,
      "Value": ""
    }
  ]
}