{
  "Version": 3,
  "Meta": {
    "Duration": 0.7,
    "Fps": 60.0,
    "Loop": true,
    "AreBeziersRestricted": true,
    "CurveCount": 70,
    "TotalSegmentCount": 113,
    "TotalPointCount": 149,
    "UserDataCount": 1,
    "TotalUserDataSize": 0
  },
  "Curves": [
    {
      "Target": "Parameter",
      "Id": "PARAM_HAIR_FRONT",
      "Segments": [
        0,
        -0.3,
        0,
        0.067,
        1,
        0,
        0.7,
        0
      ]
    },
    {
      "Target": "Parameter",
      "Id": "PARAM_HAIR_BACK",
      "Segments": [
        0,
        -0.3,
        0,
        0.067,
        -0.5,
        0,
        0.7,
        0
      ]
    },
    {
      "Target": "Parameter",
      "Id": "Mouth_Form",
      "Segments": [
        0,
        12,
        0,
        0.067,
        0,
        2,
        0.7,
        0
      ]
    },
    {
      "Target": "Parameter",
      "Id": "Mouth_Form_Trouble",
      "Segments": [
        0,
        0,
        2,
        0.067,
        0,
        0,
        0.133,
        -30,
        2,
        0.7,
        -30
      ]
    },
    {
      "Target": "Parameter",
      "Id": "PARAM_BROW_L_Y",
      "Segments": [
        0,
        0.7,
        0,
        0.7,
        0
      ]
    },
    {
      "Target": "Parameter",
      "Id": "PARAM_BROW_R_Y",
      "Segments": [
        0,
        0.7,
        0,
        0.7,
        -1
      ]
    },
    {
      "Target": "Parameter",
      "Id": "PARAM_BROW_R_ANGLE",
      "Segments": [
        0,
        0.3,
        0,
        0.7,
        -1
      ]
    },
    {
      "Target": "Parameter",
      "Id": "PARAM_BROW_L_ANGLE",
      "Segments": [
        0,
        0.1,
        0,
        0.7,
        -1
      ]
    },
    {
      "Target": "Parameter",
      "Id": "PARAM_BROW_R_FORM",
      "Segments": [
        0,
        0,
        0,
        0.7,
        -1
      ]
    },
    {
      "Target": "Parameter",
      "Id": "PARAM_BROW_L_FORM",
      "Segments": [
        0,
        0,
        0,
        0.7,
        -1
      ]
    },
    {
      "Target": "Parameter",
      "Id": "PARAM_STRETCH_NECK",
      "Segments": [
        0,
        0,
        0,
        0.067,
        3,
        0,
        0.7,
        0
      ]
    },
    {
      "Target": "Parameter",
      "Id": "PARAM_ANGLE_X",
      "Segments": [
        0,
        -7,
        1,
        0.022,
        -7,
        0.045,
        -7.66,
        0.067,
        -6,
        1,
        0.278,
        9.766,
        0.489,
        23,
        0.7,
        23
      ]
    },
    {
      "Target": "Parameter",
      "Id": "PARAM_ANGLE_Y",
      "Segments": [
        0,
        -26,
        0,
        0.067,
        -30,
        0,
        0.7,
        -19
      ]
    },
    {
      "Target": "Parameter",
      "Id": "PARAM_ANGLE_Z",
      "Segments": [
        0,
        -30,
        2,
        0.067,
        -30,
        0,
        0.7,
        -23
      ]
    },
    {
      "Target": "Parameter",
      "Id": "PARAM_CHEST",
      "Segments": [
        0,
        8,
        0,
        0.167,
        -2,
        0,
        0.7,
        0
      ]
    },
    {
      "Target": "Parameter",
      "Id": "PARAM_BODY_ANGLE_X",
      "Segments": [
        0,
        8,
        1,
        0.056,
        8,
        0.111,
        6.173,
        0.167,
        5,
        1,
        0.345,
        1.247,
        0.522,
        0,
        0.7,
        0
      ]
    },
    {
      "Target": "Parameter",
      "Id": "PARAM_BODY_ANGLE_Z",
      "Segments": [
        0,
        3,
        2,
        0.067,
        3,
        0,
        0.7,
        6
      ]
    },
    {
      "Target": "Parameter",
      "Id": "Body_Shaking",
      "Segments": [
        0,
        0,
        2,
        0.067,
        0,
        0,
        0.7,
        24
      ]
    },
    {
      "Target": "Parameter",
      "Id": "Waist_Roll",
      "Segments": [
        0,
        0,
        2,
        0.067,
        0,
        0,
        0.7,
        7
      ]
    },
    {
      "Target": "Parameter",
      "Id": "ShoulderL_width",
      "Segments": [
        0,
        0,
        1,
        0.022,
        0,
        0.045,
        -10.646,
        0.067,
        -12,
        1,
        0.278,
        -24.865,
        0.489,
        -30,
        0.7,
        -30
      ]
    },
    {
      "Target": "Parameter",
      "Id": "ShoulderR_Scale",
      "Segments": [
        0,
        26,
        1,
        0.022,
        26,
        0.045,
        -8,
        0.067,
        -8,
        0,
        0.117,
        4,
        1,
        0.161,
        4,
        0.206,
        -17.621,
        0.25,
        -20,
        1,
        0.4,
        -28.031,
        0.55,
        -30,
        0.7,
        -30
      ]
    },
    {
      "Target": "Parameter",
      "Id": "ShoulderL_Scale",
      "Segments": [
        0,
        -27.4,
        0,
        0.067,
        -29.994,
        1,
        0.278,
        -29.998,
        0.489,
        -30,
        0.7,
        -30
      ]
    },
    {
      "Target": "Parameter",
      "Id": "ArmL_Scale",
      "Segments": [
        0,
        -3.9,
        1,
        0.022,
        -3.9,
        0.045,
        -0.023,
        0.067,
        -0.021,
        1,
        0.278,
        -0.005,
        0.489,
        0,
        0.7,
        0
      ]
    },
    {
      "Target": "Parameter",
      "Id": "ShoulderL_Y",
      "Segments": [
        0,
        0,
        2,
        0.067,
        0,
        0,
        0.7,
        2
      ]
    },
    {
      "Target": "Parameter",
      "Id": "PARAM_ARM_R",
      "Segments": [
        0,
        1.9,
        1,
        0.022,
        1.9,
        0.045,
        0.732,
        0.067,
        0,
        1,
        0.278,
        -6.949,
        0.489,
        -10,
        0.7,
        -10
      ]
    },
    {
      "Target": "Parameter",
      "Id": "PARAM_ARM_R_02",
      "Segments": [
        0,
        9,
        2,
        0.067,
        9,
        1,
        0.1,
        9,
        0.134,
        9.804,
        0.167,
        10.6,
        1,
        0.184,
        10.998,
        0.2,
        11,
        0.217,
        11,
        2,
        0.7,
        11
      ]
    },
    {
      "Target": "Parameter",
      "Id": "PARAM_ARM_L_02",
      "Segments": [
        0,
        -2,
        0,
        0.167,
        -0.54,
        0,
        0.7,
        -1
      ]
    },
    {
      "Target": "Parameter",
      "Id": "PARAM_ARM_L",
      "Segments": [
        0,
        1.5,
        0,
        0.167,
        0,
        0,
        0.7,
        2
      ]
    },
    {
      "Target": "Parameter",
      "Id": "HandL_Roll",
      "Segments": [
        0,
        -6,
        1,
        0.056,
        -6,
        0.111,
        -4.914,
        0.167,
        -4,
        1,
        0.345,
        -1.075,
        0.522,
        0,
        0.7,
        0
      ]
    },
    {
      "Target": "Parameter",
      "Id": "HandR_move",
      "Segments": [
        0,
        1,
        0,
        0.067,
        0,
        2,
        0.7,
        0
      ]
    },
    {
      "Target": "PartOpacity",
      "Id": "PARTS_SWEAT",
      "Segments": [
        0,
        0,
        2,
        0.07,
        0,
        2,
        0.7,
        0
      ]
    },
    {
      "Target": "PartOpacity",
      "Id": "Part14",
      "Segments": [
        0,
        0,
        2,
        0.17,
        1,
        2,
        0.7,
        1
      ]
    },
    {
      "Target": "PartOpacity",
      "Id": "Part18",
      "Segments": [
        0,
        1,
        2,
        0.15,
        1,
        2,
        0.17,
        0,
        2,
        0.7,
        0
      ]
    },
    {
      "Target": "PartOpacity",
      "Id": "Part16",
      "Segments": [
        0,
        1,
        2,
        0.1,
        0,
        2,
        0.7,
        0
      ]
    },
    {
      "Target": "PartOpacity",
      "Id": "Part17",
      "Segments": [
        0,
        1,
        2,
        0.15,
        1,
        2,
        0.17,
        0.8,
        3,
        0.7,
        0
      ]
    },
    {
      "Target": "PartOpacity",
      "Id": "Part7",
      "Segments": [
        0,
        0,
        2,
        0.17,
        1,
        2,
        0.7,
        1
      ]
    },
    {
      "Target": "PartOpacity",
      "Id": "Part12",
      "Segments": [
        0,
        0,
        2,
        0.07,
        0,
        3,
        0.7,
        0
      ]
    },
    {
      "Target": "PartOpacity",
      "Id": "Part13",
      "Segments": [
        0,
        0,
        2,
        0.07,
        0,
        3,
        0.7,
        0
      ]
    },
    {
      "Target": "PartOpacity",
      "Id": "PARTS_01_ARM_L",
      "Segments": [
        0,
        1,
        2,
        0.07,
        1,
        3,
        0.7,
        1
      ]
    },
    {
      "Target": "PartOpacity",
      "Id": "Part6",
      "Segments": [
        0,
        0,
        2,
        0.07,
        0,
        3,
        0.7,
        0
      ]
    },
    {
      "Target": "PartOpacity",
      "Id": "PARTS_01_CORE",
      "Segments": [
        0,
        1,
        2,
        0.07,
        1,
        3,
        0.7,
        1
      ]
    },
    {
      "Target": "Model",
      "Id": "Opacity",
      "Segments": [
        0,
        1,
        0,
        0.7,
        1
      ]
    },
    {
      "Target": "Parameter",
      "Id": "Mouth_Form_Longing",
      "Segments": [
        0,
        0,
        0,
        0.7,
        0
      ]
    },
    {
      "Target": "Parameter",
      "Id": "Mouth_Form_Surprise",
      "Segments": [
        0,
        0,
        0,
        0.7,
        0
      ]
    },
    {
      "Target": "Parameter",
      "Id": "Mouth_Size",
      "Segments": [
        0,
        1,
        0,
        0.7,
        1
      ]
    },
    {
      "Target": "Parameter",
      "Id": "Mouth_Open",
      "Segments": [
        0,
        1,
        0,
        0.7,
        1
      ]
    },
    {
      "Target": "Parameter",
      "Id": "PARAM_GLASSES_Y",
      "Segments": [
        0,
        0,
        0,
        0.7,
        0
      ]
    },
    {
      "Target": "Parameter",
      "Id": "PARAM_BREATH",
      "Segments": [
        0,
        0,
        0,
        0.7,
        0
      ]
    },
    {
      "Target": "Parameter",
      "Id": "All_Position",
      "Segments": [
        0,
        0,
        0,
        0.7,
        0
      ]
    },
    {
      "Target": "Parameter",
      "Id": "ArmR_Scale",
      "Segments": [
        0,
        1,
        0,
        0.7,
        1
      ]
    },
    {
      "Target": "Parameter",
      "Id": "ShoulderR_Y",
      "Segments": [
        0,
        0,
        0,
        0.7,
        0
      ]
    },
    {
      "Target": "Parameter",
      "Id": "HandR_02_Position",
      "Segments": [
        0,
        0,
        0,
        0.7,
        0
      ]
    },
    {
      "Target": "Parameter",
      "Id": "HandR_Roll",
      "Segments": [
        0,
        0,
        0,
        0.7,
        0
      ]
    },
    {
      "Target": "Parameter",
      "Id": "HandL_move",
      "Segments": [
        0,
        0,
        0,
        0.7,
        0
      ]
    },
    {
      "Target": "Parameter",
      "Id": "HandL_move_P2",
      "Segments": [
        0,
        0,
        0,
        0.7,
        0
      ]
    },
    {
      "Target": "PartOpacity",
      "Id": "head",
      "Segments": [
        0,
        1,
        0,
        0.7,
        1
      ]
    },
    {
      "Target": "PartOpacity",
      "Id": "FrontHair",
      "Segments": [
        0,
        1,
        0,
        0.7,
        1
      ]
    },
    {
      "Target": "PartOpacity",
      "Id": "Glass",
      "Segments": [
        0,
        1,
        0,
        0.7,
        1
      ]
    },
    {
      "Target": "PartOpacity",
      "Id": "Eyebrow",
      "Segments": [
        0,
        1,
        0,
        0.7,
        1
      ]
    },
    {
      "Target": "PartOpacity",
      "Id": "Part2",
      "Segments": [
        0,
        1,
        0,
        0.7,
        1
      ]
    },
    {
      "Target": "PartOpacity",
      "Id": "Face",
      "Segments": [
        0,
        1,
        0,
        0.7,
        1
      ]
    },
    {
      "Target": "PartOpacity",
      "Id": "BackHair",
      "Segments": [
        0,
        1,
        0,
        0.7,
        1
      ]
    },
    {
      "Target": "PartOpacity",
      "Id": "SideHair",
      "Segments": [
        0,
        1,
        0,
        0.7,
        1
      ]
    },
    {
      "Target": "PartOpacity",
      "Id": "Ear",
      "Segments": [
        0,
        1,
        0,
        0.7,
        1
      ]
    },
    {
      "Target": "PartOpacity",
      "Id": "PARTS_01_NECK",
      "Segments": [
        0,
        1,
        0,
        0.7,
        1
      ]
    },
    {
      "Target": "PartOpacity",
      "Id": "PARTS_01_BODY",
      "Segments": [
        0,
        1,
        0,
        0.7,
        1
      ]
    },
    {
      "Target": "PartOpacity",
      "Id": "Part11",
      "Segments": [
        0,
        0,
        0,
        0.7,
        0
      ]
    },
    {
      "Target": "PartOpacity",
      "Id": "Part9",
      "Segments": [
        0,
        0,
        0,
        0.7,
        0
      ]
    },
    {
      "Target": "PartOpacity",
      "Id": "Part",
      "Segments": [
        0,
        0,
        0,
        0.7,
        0
      ]
    },
    {
      "Target": "PartOpacity",
      "Id": "Part4",
      "Segments": [
        0,
        1,
        0,
        0.7,
        1
      ]
    }
  ],
  "UserData": [
    {
      "Time": 0.0,
      "Value": ""
    }
  ]
}