{
  "Version": 3,
  "Meta": {
    "Duration": 2.0,
    "Fps": 30.0,
    "Loop": true,
    "AreBeziersRestricted": true,
    "CurveCount": 49,
    "TotalSegmentCount": 124,
    "TotalPointCount": 206,
    "UserDataCount": 1,
    "TotalUserDataSize": 0
  },
  "Curves": [
    {
      "Target": "Parameter",
      "Id": "PARAM_HAIR_FRONT",
      "Segments": [
        0,
        0,
        0,
        0.367,
        1,
        1,
        0.578,
        1,
        0.789,
        -0.525,
        1,
        -0.7,
        1,
        1.167,
        -0.838,
        1.333,
        -0.8,
        1.5,
        -0.8,
        1,
        1.667,
        -0.8,
        1.833,
        -0.385,
        2,
        -0.3
      ]
    },
    {
      "Target": "Parameter",
      "Id": "PARAM_HAIR_BACK",
      "Segments": [
        0,
        0,
        0,
        0.367,
        -0.5,
        0,
        1,
        0.5,
        0,
        1.5,
        -0.5,
        1,
        1.667,
        -0.5,
        1.833,
        -0.378,
        2,
        -0.3
      ]
    },
    {
      "Target": "Parameter",
      "Id": "Mouth_Form_Surprise",
      "Segments": [
        0,
        0,
        0,
        0.5,
        -30,
        2,
        2,
        -30
      ]
    },
    {
      "Target": "Parameter",
      "Id": "Mouth_Size",
      "Segments": [
        0,
        1,
        0,
        0.333,
        0.5,
        0,
        0.5,
        1,
        2,
        2,
        1
      ]
    },
    {
      "Target": "Parameter",
      "Id": "PARAM_BROW_L_Y",
      "Segments": [
        0,
        0,
        2,
        0.3,
        0,
        0,
        0.5,
        1,
        0,
        0.767,
        0.8,
        2,
        2,
        0.8
      ]
    },
    {
      "Target": "Parameter",
      "Id": "PARAM_BROW_R_Y",
      "Segments": [
        0,
        0,
        2,
        0.3,
        0,
        0,
        0.5,
        1,
        0,
        0.767,
        0.8,
        2,
        2,
        0.8
      ]
    },
    {
      "Target": "Parameter",
      "Id": "PARAM_BROW_R_ANGLE",
      "Segments": [
        0,
        0,
        0,
        0.233,
        0.4,
        2,
        2,
        0.4
      ]
    },
    {
      "Target": "Parameter",
      "Id": "PARAM_STRETCH_NECK",
      "Segments": [
        0,
        0,
        0,
        0.367,
        3,
        2,
        0.667,
        3,
        2,
        1.5,
        3,
        0,
        2,
        0
      ]
    },
    {
      "Target": "Parameter",
      "Id": "PARAM_ANGLE_X",
      "Segments": [
        0,
        3,
        0,
        0.233,
        6,
        0,
        0.8,
        -25,
        2,
        1.033,
        -25,
        1,
        1.355,
        -25,
        1.678,
        -22.827,
        2,
        -21
      ]
    },
    {
      "Target": "Parameter",
      "Id": "PARAM_ANGLE_Y",
      "Segments": [
        0,
        -2,
        0,
        0.233,
        -11,
        1,
        0.422,
        -11,
        0.611,
        0.358,
        0.8,
        14,
        1,
        0.878,
        19.617,
        0.955,
        20,
        1.033,
        20,
        0,
        2,
        12
      ]
    },
    {
      "Target": "Parameter",
      "Id": "PARAM_ANGLE_Z",
      "Segments": [
        0,
        -3,
        1,
        0.267,
        -3,
        0.533,
        -2.47,
        0.8,
        0,
        1,
        0.878,
        0.72,
        0.955,
        11,
        1.033,
        11,
        2,
        2,
        11
      ]
    },
    {
      "Target": "Parameter",
      "Id": "PARAM_CHEST",
      "Segments": [
        0,
        0,
        0,
        0.167,
        -6,
        1,
        0.334,
        -6,
        0.5,
        -2.778,
        0.667,
        -2,
        1,
        0.8,
        -1.378,
        0.934,
        -1.628,
        1.067,
        -1,
        1,
        1.2,
        -0.372,
        1.334,
        15,
        1.467,
        15,
        1,
        1.645,
        15,
        1.822,
        10.39,
        2,
        8
      ]
    },
    {
      "Target": "Parameter",
      "Id": "PARAM_BODY_ANGLE_X",
      "Segments": [
        0,
        -4,
        1,
        0.111,
        -4,
        0.222,
        -6.796,
        0.333,
        -7,
        1,
        0.578,
        -7.449,
        0.822,
        -7.434,
        1.067,
        -7.96,
        1,
        1.378,
        -8.63,
        1.689,
        -10,
        2,
        -10
      ]
    },
    {
      "Target": "Parameter",
      "Id": "PARAM_BODY_ANGLE_Z",
      "Segments": [
        0,
        6,
        0,
        0.3,
        7,
        1,
        0.422,
        7,
        0.545,
        5.15,
        0.667,
        3,
        1,
        0.8,
        0.655,
        0.934,
        0,
        1.067,
        0,
        1,
        1.2,
        0,
        1.334,
        0.177,
        1.467,
        1,
        1,
        1.645,
        2.097,
        1.822,
        3,
        2,
        3
      ]
    },
    {
      "Target": "Parameter",
      "Id": "Waist_Roll",
      "Segments": [
        0,
        0,
        0,
        0.233,
        -7,
        0,
        0.833,
        8,
        0,
        2,
        4.98
      ]
    },
    {
      "Target": "Parameter",
      "Id": "ShoulderL_width",
      "Segments": [
        0,
        -30,
        1,
        0.167,
        -30,
        0.333,
        -14.294,
        0.5,
        -12,
        1,
        0.722,
        -8.942,
        0.945,
        -8.521,
        1.167,
        -6,
        1,
        1.445,
        -2.849,
        1.722,
        0,
        2,
        0
      ]
    },
    {
      "Target": "Parameter",
      "Id": "ShoulderR_Scale",
      "Segments": [
        0,
        -23,
        1,
        0.056,
        -23,
        0.111,
        -0.288,
        0.167,
        0,
        1,
        0.467,
        1.555,
        0.767,
        1.762,
        1.067,
        4,
        1,
        1.378,
        6.321,
        1.689,
        15,
        2,
        15
      ]
    },
    {
      "Target": "Parameter",
      "Id": "ArmR_Scale",
      "Segments": [
        0,
        0,
        0,
        0.167,
        0.5,
        0,
        2,
        0.003
      ]
    },
    {
      "Target": "Parameter",
      "Id": "ArmL_Scale",
      "Segments": [
        0,
        0,
        0,
        0.567,
        -30,
        2,
        2,
        -30
      ]
    },
    {
      "Target": "Parameter",
      "Id": "PARAM_ARM_R",
      "Segments": [
        0,
        -3,
        1,
        0.056,
        -3,
        0.111,
        -1.526,
        0.167,
        -1,
        1,
        0.222,
        -0.474,
        0.278,
        -0.379,
        0.333,
        0,
        1,
        0.511,
        1.212,
        0.689,
        1.9,
        0.867,
        1.9,
        0,
        1.167,
        0.96,
        0,
        2,
        1.9
      ]
    },
    {
      "Target": "Parameter",
      "Id": "PARAM_ARM_R_02",
      "Segments": [
        0,
        5,
        1,
        0.011,
        5,
        0.022,
        5.028,
        0.033,
        5.153,
        1,
        0.133,
        6.28,
        0.233,
        7.931,
        0.333,
        8.624,
        1,
        0.389,
        9.009,
        0.444,
        9.298,
        0.5,
        9.3,
        1,
        0.722,
        9.31,
        0.945,
        9.312,
        1.167,
        9.312,
        0,
        2,
        9.026
      ]
    },
    {
      "Target": "Parameter",
      "Id": "PARAM_ARM_L_02",
      "Segments": [
        0,
        -1,
        0,
        0.1,
        0.125,
        0,
        0.5,
        -10.78,
        1,
        0.678,
        -11.801,
        0.855,
        -11.72,
        1.033,
        -11.72,
        1,
        1.355,
        -11.72,
        1.678,
        -11.667,
        2,
        -11.56
      ]
    },
    {
      "Target": "Parameter",
      "Id": "PARAM_ARM_L",
      "Segments": [
        0,
        0,
        2,
        0.1,
        0,
        1,
        0.289,
        0,
        0.478,
        -8.066,
        0.667,
        -8.32,
        1,
        1.111,
        -8.918,
        1.556,
        -9.488,
        2,
        -9.6
      ]
    },
    {
      "Target": "Parameter",
      "Id": "HandL_Roll",
      "Segments": [
        0,
        0,
        0,
        0.333,
        3,
        1,
        0.444,
        3,
        0.556,
        2.526,
        0.667,
        2,
        1,
        1.111,
        -0.105,
        1.556,
        -1,
        2,
        -1
      ]
    },
    {
      "Target": "Parameter",
      "Id": "HandR_02_Position",
      "Segments": [
        0,
        0,
        1,
        0.011,
        0,
        0.022,
        30,
        0.033,
        30,
        0,
        0.267,
        0,
        2,
        2,
        0
      ]
    },
    {
      "Target": "Parameter",
      "Id": "HandR_Roll",
      "Segments": [
        0,
        -5,
        0,
        0.033,
        -6,
        0,
        0.267,
        0,
        2,
        2,
        0
      ]
    },
    {
      "Target": "Parameter",
      "Id": "HandR_move",
      "Segments": [
        0,
        0,
        2,
        0.033,
        0,
        2,
        0.1,
        0,
        2,
        0.667,
        0,
        0,
        1.167,
        -11,
        1,
        1.445,
        -11,
        1.722,
        -0.626,
        2,
        1
      ]
    },
    {
      "Target": "Parameter",
      "Id": "HandL_move",
      "Segments": [
        0,
        0,
        0,
        1.167,
        30,
        0,
        2,
        -7
      ]
    },
    {
      "Target": "PartOpacity",
      "Id": "Part",
      "Segments": [
        0,
        0,
        2,
        0.03,
        1,
        2,
        2,
        1
      ]
    },
    {
      "Target": "PartOpacity",
      "Id": "Part18",
      "Segments": [
        0,
        1,
        2,
        0.03,
        0,
        2,
        2,
        0
      ]
    },
    {
      "Target": "PartOpacity",
      "Id": "Part7",
      "Segments": [
        0,
        0,
        2,
        0.07,
        0,
        2,
        2,
        0
      ]
    },
    {
      "Target": "PartOpacity",
      "Id": "Part12",
      "Segments": [
        0,
        1,
        2,
        0.23,
        0,
        2,
        2,
        0
      ]
    },
    {
      "Target": "PartOpacity",
      "Id": "Part13",
      "Segments": [
        0,
        0,
        2,
        0.07,
        0,
        2,
        2,
        0
      ]
    },
    {
      "Target": "Parameter",
      "Id": "Mouth_Form",
      "Segments": [
        0,
        0,
        0,
        2,
        0
      ]
    },
    {
      "Target": "Parameter",
      "Id": "Mouth_Open",
      "Segments": [
        0,
        1,
        0,
        2,
        1
      ]
    },
    {
      "Target": "Parameter",
      "Id": "PARAM_BODY_ANGLE_Y",
      "Segments": [
        0,
        0,
        0,
        2,
        0
      ]
    },
    {
      "Target": "Parameter",
      "Id": "Body_Shaking",
      "Segments": [
        0,
        0,
        0,
        2,
        0
      ]
    },
    {
      "Target": "Parameter",
      "Id": "PARAM_BREATH",
      "Segments": [
        0,
        0,
        0,
        2,
        0
      ]
    },
    {
      "Target": "Parameter",
      "Id": "ShoulderL_Scale",
      "Segments": [
        0,
        -30,
        0,
        2,
        -30
      ]
    },
    {
      "Target": "Parameter",
      "Id": "ShoulderL_Y",
      "Segments": [
        0,
        0,
        0,
        2,
        0
      ]
    },
    {
      "Target": "Parameter",
      "Id": "ShoulderR_Y",
      "Segments": [
        0,
        0,
        0,
        2,
        0
      ]
    },
    {
      "Target": "Parameter",
      "Id": "HandL_move_P2",
      "Segments": [
        0,
        0,
        0,
        2,
        0
      ]
    },
    {
      "Target": "PartOpacity",
      "Id": "PARTS_SWEAT",
      "Segments": [
        0,
        0,
        0,
        2,
        0
      ]
    },
    {
      "Target": "PartOpacity",
      "Id": "Part14",
      "Segments": [
        0,
        0,
        0,
        2,
        0
      ]
    },
    {
      "Target": "PartOpacity",
      "Id": "Part11",
      "Segments": [
        0,
        0,
        0,
        2,
        0
      ]
    },
    {
      "Target": "PartOpacity",
      "Id": "Part9",
      "Segments": [
        0,
        1,
        0,
        2,
        1
      ]
    },
    {
      "Target": "PartOpacity",
      "Id": "Part17",
      "Segments": [
        0,
        0,
        0,
        2,
        0
      ]
    },
    {
      "Target": "PartOpacity",
      "Id": "Part6",
      "Segments": [
        0,
        0,
        0,
        2,
        0
      ]
    },
    {
      "Target": "PartOpacity",
      "Id": "PARTS_01_CORE",
      "Segments": [
        0,
        1,
        0,
        2,
        1
      ]
    }
  ],
  "UserData": [
    {
      "Time": 0.0,
      "Value": ""
    }
  ]
}