{
  "Version": 3,
  "Meta": {
    "Duration": 2.0,
    "Fps": 30.0,
    "Loop": true,
    "AreBeziersRestricted": true,
    "CurveCount": 52,
    "TotalSegmentCount": 102,
    "TotalPointCount": 146,
    "UserDataCount": 1,
    "TotalUserDataSize": 0
  },
  "Curves": [
    {
      "Target": "Parameter",
      "Id": "PARAM_HAIR_FRONT",
      "Segments": [
        0,
        0,
        0,
        0.5,
        -1,
        0,
        1.167,
        1,
        0,
        2,
        -0.3
      ]
    },
    {
      "Target": "Parameter",
      "Id": "PARAM_HAIR_BACK",
      "Segments": [
        0,
        0,
        0,
        0.5,
        -0.4,
        0,
        1.167,
        0.4,
        0,
        2,
        0
      ]
    },
    {
      "Target": "Parameter",
      "Id": "Mouth_Form",
      "Segments": [
        0,
        0,
        0,
        1,
        6,
        2,
        2,
        6
      ]
    },
    {
      "Target": "Parameter",
      "Id": "PARAM_ANGLE_X",
      "Segments": [
        0,
        3,
        0,
        0.267,
        0,
        0,
        0.833,
        23,
        0,
        2,
        6
      ]
    },
    {
      "Target": "Parameter",
      "Id": "PARAM_ANGLE_Y",
      "Segments": [
        0,
        -2,
        1,
        0.089,
        -2,
        0.178,
        -2.021,
        0.267,
        -1.98,
        1,
        0.456,
        -1.893,
        0.644,
        8,
        0.833,
        8,
        1,
        1.222,
        8,
        1.611,
        1.12,
        2,
        -1
      ]
    },
    {
      "Target": "Parameter",
      "Id": "PARAM_ANGLE_Z",
      "Segments": [
        0,
        -3,
        0,
        0.5,
        -5,
        0,
        1.167,
        2,
        1,
        1.445,
        2,
        1.722,
        -0.911,
        2,
        -3
      ]
    },
    {
      "Target": "Parameter",
      "Id": "PARAM_CHEST",
      "Segments": [
        0,
        0,
        0,
        0.5,
        -15,
        1,
        0.611,
        -15,
        0.722,
        -2.264,
        0.833,
        0,
        1,
        1.222,
        7.924,
        1.611,
        10,
        2,
        10
      ]
    },
    {
      "Target": "Parameter",
      "Id": "PARAM_BODY_ANGLE_X",
      "Segments": [
        0,
        -4,
        0,
        0.5,
        -10,
        0,
        1,
        -5,
        0,
        2,
        -7
      ]
    },
    {
      "Target": "Parameter",
      "Id": "Waist_Roll",
      "Segments": [
        0,
        0,
        0,
        0.5,
        -9,
        1,
        0.667,
        -9,
        0.833,
        -4.321,
        1,
        -3,
        1,
        1.333,
        -0.358,
        1.667,
        0,
        2,
        0
      ]
    },
    {
      "Target": "Parameter",
      "Id": "ShoulderL_width",
      "Segments": [
        0,
        -30,
        1,
        0.111,
        -30,
        0.222,
        -28.434,
        0.333,
        -22,
        1,
        0.389,
        -18.783,
        0.444,
        -13,
        0.5,
        -13,
        0,
        0.833,
        -30,
        2,
        2,
        -30
      ]
    },
    {
      "Target": "Parameter",
      "Id": "ShoulderR_Scale",
      "Segments": [
        0,
        -23,
        0,
        0.5,
        -15,
        0,
        2,
        -23
      ]
    },
    {
      "Target": "Parameter",
      "Id": "ArmR_Scale",
      "Segments": [
        0,
        0,
        0,
        0.5,
        0.3,
        0,
        2,
        0
      ]
    },
    {
      "Target": "Parameter",
      "Id": "ArmL_Scale",
      "Segments": [
        0,
        0,
        0,
        0.167,
        -30,
        2,
        0.333,
        -30,
        0,
        0.667,
        0,
        2,
        2,
        0
      ]
    },
    {
      "Target": "Parameter",
      "Id": "ShoulderL_Y",
      "Segments": [
        0,
        0,
        2,
        0.333,
        0,
        1,
        0.611,
        0,
        0.889,
        10.578,
        1.167,
        15,
        1,
        1.267,
        16.592,
        1.367,
        16,
        1.467,
        16,
        1,
        1.645,
        16,
        1.822,
        15.21,
        2,
        14
      ]
    },
    {
      "Target": "Parameter",
      "Id": "ShoulderR_Y",
      "Segments": [
        0,
        0,
        2,
        0.5,
        0,
        0,
        1.167,
        2,
        0,
        2,
        0
      ]
    },
    {
      "Target": "Parameter",
      "Id": "PARAM_ARM_L_02",
      "Segments": [
        0,
        -1,
        1,
        0.056,
        -1,
        0.111,
        -1.506,
        0.167,
        -5,
        1,
        0.222,
        -8.494,
        0.278,
        -17.521,
        0.333,
        -21,
        1,
        0.444,
        -27.958,
        0.556,
        -30,
        0.667,
        -30,
        2,
        0.933,
        -30,
        2,
        2,
        -30
      ]
    },
    {
      "Target": "Parameter",
      "Id": "PARAM_ARM_L",
      "Segments": [
        0,
        0,
        0,
        0.167,
        -5,
        1,
        0.422,
        -5,
        0.678,
        -4.523,
        0.933,
        -3,
        1,
        1.111,
        -1.941,
        1.289,
        -1,
        1.467,
        -1,
        0,
        2,
        -2
      ]
    },
    {
      "Target": "Parameter",
      "Id": "HandL_Roll",
      "Segments": [
        0,
        0,
        0,
        0.233,
        -10,
        0,
        0.267,
        10,
        2,
        0.5,
        10,
        0,
        1.167,
        -4,
        1,
        1.445,
        -4,
        1.722,
        -0.849,
        2,
        0
      ]
    },
    {
      "Target": "Parameter",
      "Id": "HandR_Roll",
      "Segments": [
        0,
        -5,
        0,
        1,
        -4,
        1,
        1.333,
        -4,
        1.667,
        -4.268,
        2,
        -4.607
      ]
    },
    {
      "Target": "Parameter",
      "Id": "HandL_move_P2",
      "Segments": [
        0,
        0,
        2,
        0.333,
        0,
        0,
        0.5,
        -30,
        1,
        0.667,
        -30,
        0.833,
        -3.989,
        1,
        0,
        1,
        1.333,
        7.978,
        1.667,
        9,
        2,
        9
      ]
    },
    {
      "Target": "PartOpacity",
      "Id": "Part11",
      "Segments": [
        0,
        0,
        2,
        0.13,
        0,
        2,
        2,
        0
      ]
    },
    {
      "Target": "PartOpacity",
      "Id": "Part9",
      "Segments": [
        0,
        1,
        2,
        0.13,
        1,
        2,
        2,
        1
      ]
    },
    {
      "Target": "PartOpacity",
      "Id": "Part4",
      "Segments": [
        0,
        1,
        2,
        0.27,
        0,
        2,
        2,
        0
      ]
    },
    {
      "Target": "PartOpacity",
      "Id": "Part6",
      "Segments": [
        0,
        0,
        2,
        0.27,
        1,
        2,
        2,
        1
      ]
    },
    {
      "Target": "Parameter",
      "Id": "Mouth_Size",
      "Segments": [
        0,
        1,
        0,
        2,
        1
      ]
    },
    {
      "Target": "Parameter",
      "Id": "Mouth_Open",
      "Segments": [
        0,
        1,
        0,
        2,
        1
      ]
    },
    {
      "Target": "Parameter",
      "Id": "PARAM_BROW_L_Y",
      "Segments": [
        0,
        0,
        0,
        2,
        0
      ]
    },
    {
      "Target": "Parameter",
      "Id": "PARAM_BROW_R_Y",
      "Segments": [
        0,
        0.5,
        0,
        2,
        0.5
      ]
    },
    {
      "Target": "Parameter",
      "Id": "PARAM_BROW_R_ANGLE",
      "Segments": [
        0,
        0,
        0,
        2,
        0
      ]
    },
    {
      "Target": "Parameter",
      "Id": "PARAM_BROW_L_ANGLE",
      "Segments": [
        0,
        0.3,
        0,
        2,
        0.3
      ]
    },
    {
      "Target": "Parameter",
      "Id": "PARAM_STRETCH_NECK",
      "Segments": [
        0,
        0,
        0,
        2,
        0
      ]
    },
    {
      "Target": "Parameter",
      "Id": "PARAM_BODY_ANGLE_Y",
      "Segments": [
        0,
        0,
        0,
        2,
        0
      ]
    },
    {
      "Target": "Parameter",
      "Id": "PARAM_BODY_ANGLE_Z",
      "Segments": [
        0,
        6,
        0,
        2,
        6
      ]
    },
    {
      "Target": "Parameter",
      "Id": "PARAM_BREATH",
      "Segments": [
        0,
        0,
        0,
        2,
        0
      ]
    },
    {
      "Target": "Parameter",
      "Id": "ShoulderL_Scale",
      "Segments": [
        0,
        -30,
        0,
        2,
        -30
      ]
    },
    {
      "Target": "Parameter",
      "Id": "PARAM_ARM_R",
      "Segments": [
        0,
        -3,
        0,
        2,
        -3
      ]
    },
    {
      "Target": "Parameter",
      "Id": "PARAM_ARM_R_02",
      "Segments": [
        0,
        5,
        0,
        2,
        5
      ]
    },
    {
      "Target": "Parameter",
      "Id": "HandR_02_Position",
      "Segments": [
        0,
        0,
        0,
        2,
        0
      ]
    },
    {
      "Target": "Parameter",
      "Id": "HandR_move",
      "Segments": [
        0,
        0,
        0,
        2,
        0
      ]
    },
    {
      "Target": "Parameter",
      "Id": "HandL_move",
      "Segments": [
        0,
        0,
        0,
        2,
        0
      ]
    },
    {
      "Target": "PartOpacity",
      "Id": "PARTS_SWEAT",
      "Segments": [
        0,
        0,
        0,
        2,
        0
      ]
    },
    {
      "Target": "PartOpacity",
      "Id": "Part14",
      "Segments": [
        0,
        0,
        0,
        2,
        0
      ]
    },
    {
      "Target": "PartOpacity",
      "Id": "Part",
      "Segments": [
        0,
        0,
        0,
        2,
        0
      ]
    },
    {
      "Target": "PartOpacity",
      "Id": "Part18",
      "Segments": [
        0,
        0,
        0,
        2,
        0
      ]
    },
    {
      "Target": "PartOpacity",
      "Id": "Part16",
      "Segments": [
        0,
        0,
        0,
        2,
        0
      ]
    },
    {
      "Target": "PartOpacity",
      "Id": "PARTS_01_ARM_R",
      "Segments": [
        0,
        1,
        0,
        2,
        1
      ]
    },
    {
      "Target": "PartOpacity",
      "Id": "Part17",
      "Segments": [
        0,
        0,
        0,
        2,
        0
      ]
    },
    {
      "Target": "PartOpacity",
      "Id": "Part7",
      "Segments": [
        0,
        0,
        0,
        2,
        0
      ]
    },
    {
      "Target": "PartOpacity",
      "Id": "Part12",
      "Segments": [
        0,
        1,
        0,
        2,
        1
      ]
    },
    {
      "Target": "PartOpacity",
      "Id": "Part13",
      "Segments": [
        0,
        0,
        0,
        2,
        0
      ]
    },
    {
      "Target": "PartOpacity",
      "Id": "PARTS_01_ARM_L",
      "Segments": [
        0,
        1,
        0,
        2,
        1
      ]
    },
    {
      "Target": "PartOpacity",
      "Id": "PARTS_01_CORE",
      "Segments": [
        0,
        1,
        0,
        2,
        1
      ]
    }
  ],
  "UserData": [
    {
      "Time": 0.0,
      "Value": ""
    }
  ]
}