{
  "Version": 3,
  "Meta": {
    "Duration": 2.0,
    "Fps": 30.0,
    "Loop": true,
    "AreBeziersRestricted": true,
    "CurveCount": 47,
    "TotalSegmentCount": 120,
    "TotalPointCount": 198,
    "UserDataCount": 1,
    "TotalUserDataSize": 0
  },
  "Curves": [
    {
      "Target": "Parameter",
      "Id": "PARAM_HAIR_FRONT",
      "Segments": [
        0,
        0,
        0,
        0.367,
        1,
        1,
        0.634,
        1,
        0.9,
        -0.294,
        1.167,
        -0.7,
        1,
        1.278,
        -0.869,
        1.389,
        -0.8,
        1.5,
        -0.8,
        1,
        1.667,
        -0.8,
        1.833,
        -0.385,
        2,
        -0.3
      ]
    },
    {
      "Target": "Parameter",
      "Id": "PARAM_HAIR_BACK",
      "Segments": [
        0,
        0,
        0,
        0.367,
        -0.5,
        0,
        1.167,
        0.5,
        0,
        1.5,
        -0.5,
        1,
        1.667,
        -0.5,
        1.833,
        -0.378,
        2,
        -0.3
      ]
    },
    {
      "Target": "Parameter",
      "Id": "Mouth_Form",
      "Segments": [
        0,
        0,
        1,
        0.122,
        0,
        0.245,
        1.65,
        0.367,
        6,
        1,
        0.467,
        8,
        0.567,
        10,
        0.667,
        12,
        2,
        2,
        12
      ]
    },
    {
      "Target": "Parameter",
      "Id": "PARAM_GLASSES_Y",
      "Segments": [
        0,
        0,
        2,
        0.667,
        0,
        2,
        1.167,
        0,
        0,
        1.333,
        1,
        0,
        1.667,
        0,
        2,
        2,
        0
      ]
    },
    {
      "Target": "Parameter",
      "Id": "PARAM_BROW_L_Y",
      "Segments": [
        0,
        0,
        0,
        1,
        0.7,
        2,
        2,
        0.7
      ]
    },
    {
      "Target": "Parameter",
      "Id": "PARAM_BROW_R_Y",
      "Segments": [
        0,
        0,
        0,
        1,
        0.7,
        2,
        2,
        0.7
      ]
    },
    {
      "Target": "Parameter",
      "Id": "PARAM_BROW_R_ANGLE",
      "Segments": [
        0,
        0,
        0,
        1,
        0.3,
        2,
        2,
        0.3
      ]
    },
    {
      "Target": "Parameter",
      "Id": "PARAM_BROW_L_ANGLE",
      "Segments": [
        0,
        0,
        0,
        1,
        0.1,
        2,
        2,
        0.1
      ]
    },
    {
      "Target": "Parameter",
      "Id": "PARAM_STRETCH_NECK",
      "Segments": [
        0,
        0,
        0,
        0.367,
        3,
        2,
        0.667,
        3,
        2,
        1.5,
        3,
        0,
        2,
        0
      ]
    },
    {
      "Target": "Parameter",
      "Id": "PARAM_ANGLE_X",
      "Segments": [
        0,
        3,
        0,
        0.367,
        4,
        0,
        0.867,
        -11,
        1,
        0.967,
        -11,
        1.067,
        -8.279,
        1.167,
        -6,
        1,
        1.278,
        -3.468,
        1.389,
        -3,
        1.5,
        -3,
        0,
        2,
        -7
      ]
    },
    {
      "Target": "Parameter",
      "Id": "PARAM_ANGLE_Y",
      "Segments": [
        0,
        -2,
        1,
        0.122,
        -2,
        0.245,
        -6.401,
        0.367,
        -14,
        1,
        0.534,
        -24.362,
        0.7,
        -29,
        0.867,
        -29,
        2,
        1.167,
        -29,
        0,
        1.5,
        -24,
        0,
        2,
        -26
      ]
    },
    {
      "Target": "Parameter",
      "Id": "PARAM_ANGLE_Z",
      "Segments": [
        0,
        -3,
        0,
        0.667,
        -30,
        2,
        1.5,
        -30,
        2,
        2,
        -30
      ]
    },
    {
      "Target": "Parameter",
      "Id": "PARAM_CHEST",
      "Segments": [
        0,
        0,
        0,
        0.167,
        -6,
        1,
        0.334,
        -6,
        0.5,
        -2.778,
        0.667,
        -2,
        1,
        0.8,
        -1.378,
        0.934,
        -1.628,
        1.067,
        -1,
        1,
        1.2,
        -0.372,
        1.334,
        15,
        1.467,
        15,
        1,
        1.645,
        15,
        1.822,
        10.39,
        2,
        8
      ]
    },
    {
      "Target": "Parameter",
      "Id": "PARAM_BODY_ANGLE_X",
      "Segments": [
        0,
        -4,
        1,
        0.056,
        -4,
        0.111,
        -0.93,
        0.167,
        0,
        1,
        0.334,
        2.79,
        0.5,
        4.847,
        0.667,
        7,
        1,
        0.834,
        9.153,
        1,
        10,
        1.167,
        10,
        2,
        1.467,
        10,
        0,
        2,
        8
      ]
    },
    {
      "Target": "Parameter",
      "Id": "PARAM_BODY_ANGLE_Z",
      "Segments": [
        0,
        6,
        0,
        0.3,
        7,
        1,
        0.422,
        7,
        0.545,
        5.15,
        0.667,
        3,
        1,
        0.8,
        0.655,
        0.934,
        0,
        1.067,
        0,
        1,
        1.2,
        0,
        1.334,
        0.177,
        1.467,
        1,
        1,
        1.645,
        2.097,
        1.822,
        3,
        2,
        3
      ]
    },
    {
      "Target": "Parameter",
      "Id": "ShoulderL_width",
      "Segments": [
        0,
        -30,
        0,
        0.167,
        0,
        0,
        0.5,
        -12,
        1,
        0.722,
        -12,
        0.945,
        -9.509,
        1.167,
        -6,
        1,
        1.445,
        -1.613,
        1.722,
        0,
        2,
        0
      ]
    },
    {
      "Target": "Parameter",
      "Id": "ShoulderR_Scale",
      "Segments": [
        0,
        -23,
        1,
        0.056,
        -23,
        0.111,
        -5.302,
        0.167,
        0,
        1,
        0.334,
        15.907,
        0.5,
        20,
        0.667,
        20,
        2,
        1.167,
        20,
        0,
        1.333,
        30,
        0,
        2,
        26
      ]
    },
    {
      "Target": "Parameter",
      "Id": "ArmR_Scale",
      "Segments": [
        0,
        0,
        1,
        0.056,
        0,
        0.111,
        0.367,
        0.167,
        0.5,
        1,
        0.334,
        0.9,
        0.5,
        1,
        0.667,
        1,
        2,
        2,
        1
      ]
    },
    {
      "Target": "Parameter",
      "Id": "ShoulderL_Scale",
      "Segments": [
        0,
        -30,
        1,
        0.667,
        -30,
        1.333,
        -29.591,
        2,
        -27.4
      ]
    },
    {
      "Target": "Parameter",
      "Id": "ArmL_Scale",
      "Segments": [
        0,
        0,
        1,
        0.667,
        0,
        1.333,
        -1.586,
        2,
        -3.9
      ]
    },
    {
      "Target": "Parameter",
      "Id": "PARAM_ARM_R",
      "Segments": [
        0,
        -3,
        1,
        0.056,
        -3,
        0.111,
        -1.526,
        0.167,
        -1,
        1,
        0.222,
        -0.474,
        0.278,
        -0.379,
        0.333,
        0,
        1,
        0.511,
        1.212,
        0.689,
        1.9,
        0.867,
        1.9,
        2,
        1.167,
        1.9,
        2,
        2,
        1.9
      ]
    },
    {
      "Target": "Parameter",
      "Id": "PARAM_ARM_R_02",
      "Segments": [
        0,
        5,
        1,
        0.111,
        5,
        0.222,
        8.381,
        0.333,
        8.624,
        1,
        0.511,
        9.014,
        0.689,
        9,
        0.867,
        9,
        2,
        1.167,
        9,
        2,
        2,
        9
      ]
    },
    {
      "Target": "Parameter",
      "Id": "PARAM_ARM_L_02",
      "Segments": [
        0,
        -1,
        1,
        0.222,
        -1,
        0.445,
        -1.079,
        0.667,
        -1.3,
        1,
        1.111,
        -1.742,
        1.556,
        -2,
        2,
        -2
      ]
    },
    {
      "Target": "Parameter",
      "Id": "PARAM_ARM_L",
      "Segments": [
        0,
        0,
        2,
        0.167,
        0,
        0,
        0.667,
        -0.54,
        0,
        2,
        1.5
      ]
    },
    {
      "Target": "Parameter",
      "Id": "HandL_Roll",
      "Segments": [
        0,
        0,
        1,
        0.167,
        0,
        0.333,
        -3.712,
        0.5,
        -4,
        1,
        1,
        -4.863,
        1.5,
        -5.326,
        2,
        -6
      ]
    },
    {
      "Target": "Parameter",
      "Id": "HandR_02_Position",
      "Segments": [
        0,
        0,
        1,
        0.011,
        0,
        0.022,
        30,
        0.033,
        30,
        0,
        0.267,
        0,
        2,
        2,
        0
      ]
    },
    {
      "Target": "Parameter",
      "Id": "HandR_Roll",
      "Segments": [
        0,
        -5,
        0,
        0.033,
        0,
        2,
        2,
        0
      ]
    },
    {
      "Target": "Parameter",
      "Id": "HandR_move",
      "Segments": [
        0,
        0,
        2,
        0.033,
        0,
        2,
        0.1,
        0,
        2,
        0.667,
        0,
        2,
        1.167,
        0,
        2,
        1.667,
        0,
        0,
        2,
        1
      ]
    },
    {
      "Target": "PartOpacity",
      "Id": "Part7",
      "Segments": [
        0,
        0,
        2,
        0.07,
        0,
        2,
        2,
        0
      ]
    },
    {
      "Target": "PartOpacity",
      "Id": "Part12",
      "Segments": [
        0,
        1,
        2,
        0.23,
        0,
        2,
        2,
        0
      ]
    },
    {
      "Target": "PartOpacity",
      "Id": "Part13",
      "Segments": [
        0,
        0,
        2,
        0.07,
        0,
        2,
        2,
        0
      ]
    },
    {
      "Target": "Parameter",
      "Id": "PARAM_BODY_ANGLE_Y",
      "Segments": [
        0,
        0,
        0,
        2,
        0
      ]
    },
    {
      "Target": "Parameter",
      "Id": "Body_Shaking",
      "Segments": [
        0,
        0,
        0,
        2,
        0
      ]
    },
    {
      "Target": "Parameter",
      "Id": "PARAM_BREATH",
      "Segments": [
        0,
        0,
        0,
        2,
        0
      ]
    },
    {
      "Target": "Parameter",
      "Id": "Waist_Roll",
      "Segments": [
        0,
        0,
        0,
        2,
        0
      ]
    },
    {
      "Target": "Parameter",
      "Id": "ShoulderL_Y",
      "Segments": [
        0,
        0,
        0,
        2,
        0
      ]
    },
    {
      "Target": "Parameter",
      "Id": "ShoulderR_Y",
      "Segments": [
        0,
        0,
        0,
        2,
        0
      ]
    },
    {
      "Target": "Parameter",
      "Id": "HandL_move",
      "Segments": [
        0,
        0,
        0,
        2,
        0
      ]
    },
    {
      "Target": "Parameter",
      "Id": "HandL_move_P2",
      "Segments": [
        0,
        0,
        0,
        2,
        0
      ]
    },
    {
      "Target": "PartOpacity",
      "Id": "PARTS_SWEAT",
      "Segments": [
        0,
        0,
        0,
        2,
        0
      ]
    },
    {
      "Target": "PartOpacity",
      "Id": "Part14",
      "Segments": [
        0,
        0,
        0,
        2,
        0
      ]
    },
    {
      "Target": "PartOpacity",
      "Id": "Part11",
      "Segments": [
        0,
        0,
        0,
        2,
        0
      ]
    },
    {
      "Target": "PartOpacity",
      "Id": "Part9",
      "Segments": [
        0,
        1,
        0,
        2,
        1
      ]
    },
    {
      "Target": "PartOpacity",
      "Id": "Part",
      "Segments": [
        0,
        0,
        0,
        2,
        0
      ]
    },
    {
      "Target": "PartOpacity",
      "Id": "Part18",
      "Segments": [
        0,
        1,
        0,
        2,
        1
      ]
    },
    {
      "Target": "PartOpacity",
      "Id": "Part6",
      "Segments": [
        0,
        0,
        0,
        2,
        0
      ]
    },
    {
      "Target": "PartOpacity",
      "Id": "PARTS_01_CORE",
      "Segments": [
        0,
        1,
        0,
        2,
        1
      ]
    }
  ],
  "UserData": [
    {
      "Time": 0.0,
      "Value": ""
    }
  ]
}