{
  "Version": 3,
  "Meta": {
    "Duration": 0.5,
    "Fps": 60.0,
    "Loop": true,
    "AreBeziersRestricted": true,
    "CurveCount": 68,
    "TotalSegmentCount": 122,
    "TotalPointCount": 164,
    "UserDataCount": 1,
    "TotalUserDataSize": 0
  },
  "Curves": [
    {
      "Target": "Parameter",
      "Id": "PARAM_HAIR_FRONT",
      "Segments": [
        0,
        0,
        0,
        0.25,
        1,
        0,
        0.5,
        -0.3
      ]
    },
    {
      "Target": "Parameter",
      "Id": "PARAM_HAIR_BACK",
      "Segments": [
        0,
        0,
        0,
        0.25,
        -0.5,
        0,
        0.5,
        -0.3
      ]
    },
    {
      "Target": "Parameter",
      "Id": "Mouth_Form_Trouble",
      "Segments": [
        0,
        -30,
        0,
        0.2,
        0,
        2,
        0.5,
        0
      ]
    },
    {
      "Target": "Parameter",
      "Id": "Mouth_Form_Surprise",
      "Segments": [
        0,
        0,
        0,
        0.2,
        -30,
        2,
        0.5,
        -30
      ]
    },
    {
      "Target": "Parameter",
      "Id": "PARAM_BROW_L_Y",
      "Segments": [
        0,
        0.3,
        0,
        0.25,
        0.8,
        2,
        0.5,
        0.8
      ]
    },
    {
      "Target": "Parameter",
      "Id": "PARAM_BROW_R_Y",
      "Segments": [
        0,
        -1,
        0,
        0.25,
        0.8,
        2,
        0.5,
        0.8
      ]
    },
    {
      "Target": "Parameter",
      "Id": "PARAM_BROW_R_ANGLE",
      "Segments": [
        0,
        -1,
        1,
        0.039,
        -1,
        0.078,
        0.106,
        0.117,
        0.3,
        1,
        0.145,
        0.438,
        0.172,
        0.4,
        0.2,
        0.4,
        2,
        0.5,
        0.4
      ]
    },
    {
      "Target": "Parameter",
      "Id": "PARAM_BROW_L_ANGLE",
      "Segments": [
        0,
        -1,
        1,
        0.039,
        -1,
        0.078,
        -0.878,
        0.117,
        -0.5,
        1,
        0.145,
        -0.23,
        0.172,
        0,
        0.2,
        0,
        2,
        0.5,
        0
      ]
    },
    {
      "Target": "Parameter",
      "Id": "PARAM_BROW_R_FORM",
      "Segments": [
        0,
        -1,
        0,
        0.25,
        0,
        2,
        0.5,
        0
      ]
    },
    {
      "Target": "Parameter",
      "Id": "PARAM_BROW_L_FORM",
      "Segments": [
        0,
        -1,
        0,
        0.25,
        0,
        2,
        0.5,
        0
      ]
    },
    {
      "Target": "Parameter",
      "Id": "PARAM_STRETCH_NECK",
      "Segments": [
        0,
        0,
        0,
        0.25,
        3,
        0,
        0.5,
        0
      ]
    },
    {
      "Target": "Parameter",
      "Id": "PARAM_ANGLE_X",
      "Segments": [
        0,
        23,
        0,
        0.25,
        -22,
        0,
        0.5,
        -21
      ]
    },
    {
      "Target": "Parameter",
      "Id": "PARAM_ANGLE_Y",
      "Segments": [
        0,
        -19,
        1,
        0.083,
        -19,
        0.167,
        -17.851,
        0.25,
        -9,
        1,
        0.333,
        -0.149,
        0.417,
        12,
        0.5,
        12
      ]
    },
    {
      "Target": "Parameter",
      "Id": "PARAM_ANGLE_Z",
      "Segments": [
        0,
        -23,
        1,
        0.083,
        -23,
        0.167,
        -17.333,
        0.25,
        -6,
        1,
        0.333,
        5.333,
        0.417,
        11,
        0.5,
        11
      ]
    },
    {
      "Target": "Parameter",
      "Id": "PARAM_CHEST",
      "Segments": [
        0,
        0,
        0,
        0.5,
        8
      ]
    },
    {
      "Target": "Parameter",
      "Id": "PARAM_BODY_ANGLE_X",
      "Segments": [
        0,
        0,
        0,
        0.5,
        -10
      ]
    },
    {
      "Target": "Parameter",
      "Id": "PARAM_BODY_ANGLE_Z",
      "Segments": [
        0,
        6,
        0,
        0.5,
        3
      ]
    },
    {
      "Target": "Parameter",
      "Id": "Body_Shaking",
      "Segments": [
        0,
        24,
        1,
        0.117,
        24,
        0.233,
        15.562,
        0.35,
        5,
        1,
        0.4,
        0.473,
        0.45,
        0,
        0.5,
        0
      ]
    },
    {
      "Target": "Parameter",
      "Id": "Waist_Roll",
      "Segments": [
        0,
        7,
        0,
        0.5,
        4.98
      ]
    },
    {
      "Target": "Parameter",
      "Id": "ShoulderL_width",
      "Segments": [
        0,
        -30,
        0,
        0.5,
        0
      ]
    },
    {
      "Target": "Parameter",
      "Id": "ShoulderR_Scale",
      "Segments": [
        0,
        -30,
        0,
        0.2,
        15,
        2,
        0.5,
        15
      ]
    },
    {
      "Target": "Parameter",
      "Id": "ArmR_Scale",
      "Segments": [
        0,
        1,
        1,
        0.067,
        1,
        0.133,
        0.627,
        0.2,
        0.4,
        1,
        0.3,
        0.059,
        0.4,
        0.003,
        0.5,
        0.003
      ]
    },
    {
      "Target": "Parameter",
      "Id": "ArmL_Scale",
      "Segments": [
        0,
        0,
        0,
        0.333,
        -30,
        2,
        0.5,
        -30
      ]
    },
    {
      "Target": "Parameter",
      "Id": "ShoulderL_Y",
      "Segments": [
        0,
        2,
        0,
        0.333,
        0,
        2,
        0.5,
        0
      ]
    },
    {
      "Target": "Parameter",
      "Id": "PARAM_ARM_R",
      "Segments": [
        0,
        -10,
        1,
        0.056,
        -10,
        0.111,
        -7.959,
        0.167,
        -3.93,
        1,
        0.172,
        -3.527,
        0.178,
        -2.921,
        0.183,
        -2.771,
        1,
        0.2,
        -2.321,
        0.216,
        -2.275,
        0.233,
        -1.636,
        1,
        0.278,
        0.068,
        0.322,
        1.9,
        0.367,
        1.9,
        2,
        0.5,
        1.9
      ]
    },
    {
      "Target": "Parameter",
      "Id": "PARAM_ARM_R_02",
      "Segments": [
        0,
        -10,
        2,
        0.033,
        -10,
        1,
        0.078,
        -10,
        0.122,
        -10.177,
        0.167,
        -10.94,
        1,
        0.189,
        -11.322,
        0.211,
        -12.332,
        0.233,
        -13.005,
        1,
        0.278,
        -14.35,
        0.322,
        -15,
        0.367,
        -15,
        2,
        0.5,
        -15
      ]
    },
    {
      "Target": "Parameter",
      "Id": "PARAM_ARM_L_02",
      "Segments": [
        0,
        -1,
        2,
        0.083,
        -1,
        1,
        0.161,
        -1,
        0.239,
        -4.987,
        0.317,
        -8.5,
        1,
        0.378,
        -11.26,
        0.439,
        -11.56,
        0.5,
        -11.56
      ]
    },
    {
      "Target": "Parameter",
      "Id": "PARAM_ARM_L",
      "Segments": [
        0,
        2,
        2,
        0.083,
        2,
        0,
        0.317,
        -9.6,
        2,
        0.5,
        -9.6
      ]
    },
    {
      "Target": "Parameter",
      "Id": "HandL_Roll",
      "Segments": [
        0,
        0,
        0,
        0.5,
        -1
      ]
    },
    {
      "Target": "Parameter",
      "Id": "HandR_move",
      "Segments": [
        0,
        -30,
        0,
        0.5,
        1
      ]
    },
    {
      "Target": "Parameter",
      "Id": "HandL_move",
      "Segments": [
        0,
        0,
        0,
        0.5,
        -7
      ]
    },
    {
      "Target": "PartOpacity",
      "Id": "Part14",
      "Segments": [
        0,
        1,
        2,
        0.2,
        0,
        2,
        0.37,
        0,
        2,
        0.5,
        0
      ]
    },
    {
      "Target": "PartOpacity",
      "Id": "Part11",
      "Segments": [
        0,
        0,
        2,
        0.37,
        0,
        2,
        0.5,
        0
      ]
    },
    {
      "Target": "PartOpacity",
      "Id": "Part9",
      "Segments": [
        0,
        0,
        2,
        0.2,
        0,
        2,
        0.5,
        0
      ]
    },
    {
      "Target": "PartOpacity",
      "Id": "Part",
      "Segments": [
        0,
        0,
        2,
        0.2,
        1,
        2,
        0.37,
        1,
        2,
        0.5,
        1
      ]
    },
    {
      "Target": "PartOpacity",
      "Id": "Part18",
      "Segments": [
        0,
        0,
        2,
        0.2,
        0,
        2,
        0.37,
        0,
        2,
        0.5,
        0
      ]
    },
    {
      "Target": "PartOpacity",
      "Id": "Part16",
      "Segments": [
        0,
        0,
        2,
        0.2,
        0,
        2,
        0.22,
        1,
        2,
        0.5,
        1
      ]
    },
    {
      "Target": "PartOpacity",
      "Id": "PARTS_01_ARM_R",
      "Segments": [
        0,
        1,
        2,
        0.32,
        0,
        2,
        0.5,
        0
      ]
    },
    {
      "Target": "PartOpacity",
      "Id": "Part17",
      "Segments": [
        0,
        0,
        2,
        0.37,
        0,
        2,
        0.5,
        0
      ]
    },
    {
      "Target": "PartOpacity",
      "Id": "Part7",
      "Segments": [
        0,
        1,
        2,
        0.2,
        0,
        2,
        0.22,
        0,
        2,
        0.37,
        0,
        2,
        0.5,
        0
      ]
    },
    {
      "Target": "PartOpacity",
      "Id": "Part12",
      "Segments": [
        0,
        0,
        2,
        0.37,
        0,
        2,
        0.5,
        0
      ]
    },
    {
      "Target": "PartOpacity",
      "Id": "Part13",
      "Segments": [
        0,
        0,
        2,
        0.37,
        0,
        2,
        0.5,
        0
      ]
    },
    {
      "Target": "PartOpacity",
      "Id": "PARTS_01_ARM_L",
      "Segments": [
        0,
        1,
        2,
        0.37,
        1,
        2,
        0.5,
        1
      ]
    },
    {
      "Target": "PartOpacity",
      "Id": "Part6",
      "Segments": [
        0,
        0,
        2,
        0.37,
        0,
        2,
        0.5,
        0
      ]
    },
    {
      "Target": "PartOpacity",
      "Id": "PARTS_01_CORE",
      "Segments": [
        0,
        1,
        2,
        0.37,
        1,
        2,
        0.5,
        1
      ]
    },
    {
      "Target": "Model",
      "Id": "Opacity",
      "Segments": [
        0,
        1,
        0,
        0.5,
        1
      ]
    },
    {
      "Target": "Parameter",
      "Id": "Mouth_Form",
      "Segments": [
        0,
        0,
        0,
        0.5,
        0
      ]
    },
    {
      "Target": "Parameter",
      "Id": "Mouth_Form_Longing",
      "Segments": [
        0,
        0,
        0,
        0.5,
        0
      ]
    },
    {
      "Target": "Parameter",
      "Id": "Mouth_Size",
      "Segments": [
        0,
        1,
        0,
        0.5,
        1
      ]
    },
    {
      "Target": "Parameter",
      "Id": "Mouth_Open",
      "Segments": [
        0,
        1,
        0,
        0.5,
        1
      ]
    },
    {
      "Target": "Parameter",
      "Id": "PARAM_BODY_ANGLE_Y",
      "Segments": [
        0,
        0,
        0,
        0.5,
        0
      ]
    },
    {
      "Target": "Parameter",
      "Id": "ShoulderL_Scale",
      "Segments": [
        0,
        -30,
        0,
        0.5,
        -30
      ]
    },
    {
      "Target": "Parameter",
      "Id": "HandR_02_Position",
      "Segments": [
        0,
        0,
        0,
        0.5,
        0
      ]
    },
    {
      "Target": "Parameter",
      "Id": "HandR_Roll",
      "Segments": [
        0,
        0,
        0,
        0.5,
        0
      ]
    },
    {
      "Target": "Parameter",
      "Id": "HandL_move_P2",
      "Segments": [
        0,
        0,
        0,
        0.5,
        0
      ]
    },
    {
      "Target": "PartOpacity",
      "Id": "head",
      "Segments": [
        0,
        1,
        0,
        0.5,
        1
      ]
    },
    {
      "Target": "PartOpacity",
      "Id": "FrontHair",
      "Segments": [
        0,
        1,
        0,
        0.5,
        1
      ]
    },
    {
      "Target": "PartOpacity",
      "Id": "Glass",
      "Segments": [
        0,
        1,
        0,
        0.5,
        1
      ]
    },
    {
      "Target": "PartOpacity",
      "Id": "Eyebrow",
      "Segments": [
        0,
        1,
        0,
        0.5,
        1
      ]
    },
    {
      "Target": "PartOpacity",
      "Id": "Part2",
      "Segments": [
        0,
        1,
        0,
        0.5,
        1
      ]
    },
    {
      "Target": "PartOpacity",
      "Id": "Face",
      "Segments": [
        0,
        1,
        0,
        0.5,
        1
      ]
    },
    {
      "Target": "PartOpacity",
      "Id": "BackHair",
      "Segments": [
        0,
        1,
        0,
        0.5,
        1
      ]
    },
    {
      "Target": "PartOpacity",
      "Id": "SideHair",
      "Segments": [
        0,
        1,
        0,
        0.5,
        1
      ]
    },
    {
      "Target": "PartOpacity",
      "Id": "Ear",
      "Segments": [
        0,
        1,
        0,
        0.5,
        1
      ]
    },
    {
      "Target": "PartOpacity",
      "Id": "PARTS_01_NECK",
      "Segments": [
        0,
        1,
        0,
        0.5,
        1
      ]
    },
    {
      "Target": "PartOpacity",
      "Id": "PARTS_SWEAT",
      "Segments": [
        0,
        0,
        0,
        0.5,
        0
      ]
    },
    {
      "Target": "PartOpacity",
      "Id": "PARTS_01_BODY",
      "Segments": [
        0,
        1,
        0,
        0.5,
        1
      ]
    },
    {
      "Target": "PartOpacity",
      "Id": "Part4",
      "Segments": [
        0,
        1,
        0,
        0.5,
        1
      ]
    }
  ],
  "UserData": [
    {
      "Time": 0.0,
      "Value": ""
    }
  ]
}