{
  "Version": 3,
  "Meta": {
    "Duration": 1.833,
    "Fps": 30.0,
    "Loop": true,
    "AreBeziersRestricted": true,
    "CurveCount": 80,
    "TotalSegmentCount": 196,
    "TotalPointCount": 272,
    "UserDataCount": 1,
    "TotalUserDataSize": 0
  },
  "Curves": [
    {
      "Target": "Parameter",
      "Id": "HeadX",
      "Segments": [
        0,
        0,
        2,
        0.133,
        0,
        0,
        0.367,
        2,
        0,
        0.933,
        -30,
        1,
        1.233,
        -30,
        1.533,
        -29.687,
        1.833,
        -28.7
      ]
    },
    {
      "Target": "Parameter",
      "Id": "HeadY",
      "Segments": [
        0,
        0,
        2,
        0.133,
        0,
        1,
        0.333,
        0,
        0.533,
        -8.012,
        0.733,
        -16.418,
        1,
        0.8,
        -19.22,
        0.866,
        -19.016,
        0.933,
        -19.016,
        0,
        1.4,
        -6.64,
        2,
        1.833,
        -6.64
      ]
    },
    {
      "Target": "Parameter",
      "Id": "HeadZ",
      "Segments": [
        0,
        0,
        2,
        0.467,
        0,
        0,
        1.033,
        -16.343,
        1,
        1.3,
        -16.343,
        1.566,
        -16.328,
        1.833,
        -16.08
      ]
    },
    {
      "Target": "Parameter",
      "Id": "BrowLY",
      "Segments": [
        0,
        0,
        2,
        0.033,
        0,
        0,
        0.533,
        0.02,
        2,
        1.833,
        0.02
      ]
    },
    {
      "Target": "Parameter",
      "Id": "BrowRY",
      "Segments": [
        0,
        0,
        2,
        0.033,
        0,
        0,
        0.533,
        -0.536,
        2,
        1.833,
        -0.536
      ]
    },
    {
      "Target": "Parameter",
      "Id": "BrowRX",
      "Segments": [
        0,
        0,
        2,
        0.033,
        0,
        0,
        0.533,
        0.1,
        2,
        1.833,
        0.1
      ]
    },
    {
      "Target": "Parameter",
      "Id": "BrowL_Angle",
      "Segments": [
        0,
        0,
        2,
        0.033,
        0,
        0,
        0.533,
        -0.128,
        2,
        1.833,
        -0.128
      ]
    },
    {
      "Target": "Parameter",
      "Id": "BrowR_Angle",
      "Segments": [
        0,
        0,
        2,
        0.033,
        0,
        0,
        0.533,
        -0.3,
        2,
        1.833,
        -0.3
      ]
    },
    {
      "Target": "Parameter",
      "Id": "BrowL_Form",
      "Segments": [
        0,
        0,
        2,
        0.033,
        0,
        0,
        0.533,
        0.3,
        2,
        1.833,
        0.3
      ]
    },
    {
      "Target": "Parameter",
      "Id": "BrowR_Form",
      "Segments": [
        0,
        0,
        2,
        0.033,
        0,
        0,
        0.533,
        0.3,
        2,
        1.833,
        0.3
      ]
    },
    {
      "Target": "Parameter",
      "Id": "EyeL_Smile",
      "Segments": [
        0,
        0,
        2,
        0.033,
        0,
        0,
        0.533,
        1,
        2,
        1.833,
        1
      ]
    },
    {
      "Target": "Parameter",
      "Id": "EyeR_Smile",
      "Segments": [
        0,
        0,
        2,
        0.033,
        0,
        0,
        0.533,
        1,
        2,
        1.833,
        1
      ]
    },
    {
      "Target": "Parameter",
      "Id": "EyeBallX",
      "Segments": [
        0,
        0.5,
        2,
        0.233,
        0.5,
        0,
        0.9,
        0.7,
        0,
        1.167,
        0.622,
        2,
        1.833,
        0.622
      ]
    },
    {
      "Target": "Parameter",
      "Id": "Mouth_Form",
      "Segments": [
        0,
        0,
        2,
        0.033,
        0,
        0,
        0.733,
        0.6,
        2,
        1.833,
        0.6
      ]
    },
    {
      "Target": "Parameter",
      "Id": "Mouth_Open",
      "Segments": [
        0,
        1,
        2,
        0.033,
        1,
        0,
        0.733,
        0.8,
        2,
        1.833,
        0.8
      ]
    },
    {
      "Target": "Parameter",
      "Id": "NeckZ",
      "Segments": [
        0,
        0,
        2,
        0.167,
        0,
        1,
        0.278,
        0,
        0.389,
        -0.247,
        0.5,
        -1,
        1,
        0.589,
        -1.603,
        0.678,
        -2.574,
        0.767,
        -3.162,
        1,
        0.834,
        -3.603,
        0.9,
        -3.694,
        0.967,
        -3.694,
        0,
        1.4,
        -0.2,
        2,
        1.833,
        -0.2
      ]
    },
    {
      "Target": "Parameter",
      "Id": "BodyX",
      "Segments": [
        0,
        0,
        1,
        0.144,
        0,
        0.289,
        0.159,
        0.433,
        -0.62,
        1,
        0.666,
        -1.879,
        0.9,
        -8.218,
        1.133,
        -9.155,
        1,
        1.366,
        -10.091,
        1.6,
        -10,
        1.833,
        -10
      ]
    },
    {
      "Target": "Parameter",
      "Id": "BodyY",
      "Segments": [
        0,
        0,
        1,
        0.044,
        0,
        0.089,
        0.24,
        0.133,
        0.896,
        1,
        0.266,
        2.863,
        0.4,
        6.978,
        0.533,
        7,
        1,
        0.822,
        7.049,
        1.111,
        7.056,
        1.4,
        7.1,
        1,
        1.544,
        7.122,
        1.689,
        7.204,
        1.833,
        7.3
      ]
    },
    {
      "Target": "Parameter",
      "Id": "BodyZ",
      "Segments": [
        0,
        0,
        2,
        0.133,
        0,
        1,
        0.244,
        0,
        0.356,
        -0.874,
        0.467,
        -1.214,
        1,
        0.556,
        -1.486,
        0.644,
        -1.451,
        0.733,
        -1.451,
        1,
        0.811,
        -1.451,
        0.889,
        -1.188,
        0.967,
        -0.51,
        1,
        1.067,
        0.363,
        1.167,
        1.481,
        1.267,
        2.287,
        1,
        1.311,
        2.645,
        1.356,
        2.7,
        1.4,
        2.7,
        2,
        1.833,
        2.7
      ]
    },
    {
      "Target": "Parameter",
      "Id": "BodyUpper",
      "Segments": [
        0,
        0,
        2,
        0.233,
        0,
        0,
        1.4,
        1.4,
        2,
        1.833,
        1.4
      ]
    },
    {
      "Target": "Parameter",
      "Id": "ShoulderL_Move",
      "Segments": [
        0,
        0,
        2,
        0.167,
        0,
        1,
        0.3,
        0,
        0.434,
        2.062,
        0.567,
        2.748,
        1,
        0.634,
        3.091,
        0.7,
        2.979,
        0.767,
        2.979,
        0,
        1.067,
        -0.796,
        0,
        1.4,
        -0.6,
        2,
        1.833,
        -0.6
      ]
    },
    {
      "Target": "Parameter",
      "Id": "ShoulderR_Move",
      "Segments": [
        0,
        0,
        2,
        0.1,
        0,
        1,
        0.222,
        0,
        0.345,
        1.707,
        0.467,
        5.964,
        1,
        0.534,
        8.286,
        0.6,
        9.983,
        0.667,
        9.983,
        0,
        1,
        6.484,
        0,
        1.2,
        8,
        2,
        1.833,
        8
      ]
    },
    {
      "Target": "Parameter",
      "Id": "ShoulderL_Roll",
      "Segments": [
        0,
        -1.5,
        0,
        1.1,
        1.668,
        1,
        1.344,
        1.668,
        1.589,
        1.088,
        1.833,
        0.05
      ]
    },
    {
      "Target": "Parameter",
      "Id": "ElbowL_Roll",
      "Segments": [
        0,
        0,
        2,
        0.233,
        0,
        0,
        0.8,
        -2.247,
        1,
        0.9,
        -2.247,
        1,
        -1.718,
        1.1,
        -1.522,
        1,
        1.344,
        -1.041,
        1.589,
        -0.942,
        1.833,
        -0.942
      ]
    },
    {
      "Target": "Parameter",
      "Id": "HandL_Roll",
      "Segments": [
        0,
        -0.5,
        0,
        0.467,
        0,
        0,
        1.4,
        -1.3,
        2,
        1.833,
        -1.3
      ]
    },
    {
      "Target": "Parameter",
      "Id": "Arm01L_Strech",
      "Segments": [
        0,
        0,
        2,
        0.167,
        0,
        0,
        0.567,
        0.684,
        2,
        1.833,
        0.684
      ]
    },
    {
      "Target": "Parameter",
      "Id": "Arm02L_Strech",
      "Segments": [
        0,
        0,
        2,
        0.467,
        0,
        0,
        0.733,
        -1,
        2,
        1.833,
        -1
      ]
    },
    {
      "Target": "Parameter",
      "Id": "ShoulderR_Roll",
      "Segments": [
        0,
        1.4,
        2,
        0.233,
        1.4,
        1,
        0.322,
        1.4,
        0.411,
        -1.813,
        0.5,
        -8.098,
        1,
        0.6,
        -15.168,
        0.7,
        -18.634,
        0.8,
        -18.634,
        0,
        1.833,
        -18.323
      ]
    },
    {
      "Target": "Parameter",
      "Id": "ElbowR_Roll",
      "Segments": [
        0,
        -1,
        2,
        0.233,
        -1,
        1,
        0.389,
        -1,
        0.544,
        2.539,
        0.7,
        10.008,
        1,
        0.767,
        13.209,
        0.833,
        15.02,
        0.9,
        15.02,
        0,
        1.833,
        14.72
      ]
    },
    {
      "Target": "Parameter",
      "Id": "HandR_Roll",
      "Segments": [
        0,
        1,
        1,
        0.189,
        1,
        0.378,
        0.255,
        0.567,
        -2.364,
        1,
        0.645,
        -3.442,
        0.722,
        -6.93,
        0.8,
        -8,
        1,
        0.922,
        -9.681,
        1.045,
        -10,
        1.167,
        -10,
        2,
        1.833,
        -10
      ]
    },
    {
      "Target": "Parameter",
      "Id": "Arm01R_Strech",
      "Segments": [
        0,
        0,
        2,
        0.233,
        0,
        0,
        0.7,
        -6.6,
        2,
        1.833,
        -6.6
      ]
    },
    {
      "Target": "Parameter",
      "Id": "Arm02R_Strech",
      "Segments": [
        0,
        0,
        2,
        0.233,
        0,
        0,
        0.8,
        -9.007,
        2,
        1.833,
        -9.007
      ]
    },
    {
      "Target": "Parameter",
      "Id": "Arm02R_Bias",
      "Segments": [
        0,
        0,
        2,
        0.233,
        0,
        1,
        0.355,
        0,
        0.478,
        -6.745,
        0.6,
        -8,
        1,
        0.789,
        -9.939,
        0.978,
        -10,
        1.167,
        -10,
        2,
        1.833,
        -10
      ]
    },
    {
      "Target": "Parameter",
      "Id": "HandR_Front",
      "Segments": [
        0,
        1,
        0,
        0.233,
        0,
        0,
        1.4,
        1,
        2,
        1.833,
        1
      ]
    },
    {
      "Target": "Parameter",
      "Id": "HandR_Strech",
      "Segments": [
        0,
        0,
        2,
        0.533,
        0,
        0,
        0.833,
        10,
        2,
        1.833,
        10
      ]
    },
    {
      "Target": "Parameter",
      "Id": "HandR01",
      "Segments": [
        0,
        1,
        2,
        0.6,
        1,
        0,
        0.633,
        0,
        2,
        1.833,
        0
      ]
    },
    {
      "Target": "Parameter",
      "Id": "HandR02",
      "Segments": [
        0,
        0,
        2,
        0.567,
        0,
        0,
        0.633,
        1,
        2,
        1.833,
        1
      ]
    },
    {
      "Target": "Parameter",
      "Id": "Param",
      "Segments": [
        0,
        0,
        2,
        0.233,
        0,
        1,
        0.355,
        0,
        0.478,
        5.323,
        0.6,
        14,
        1,
        0.711,
        21.888,
        0.822,
        25,
        0.933,
        25,
        2,
        1.833,
        25
      ]
    },
    {
      "Target": "Parameter",
      "Id": "HairUnder_Shaking",
      "Segments": [
        0,
        -0.017,
        0,
        0.433,
        0.061,
        0,
        0.567,
        0.028,
        0,
        0.933,
        0.539,
        0,
        1.333,
        -0.39,
        0,
        1.7,
        0.262,
        1,
        1.744,
        0.262,
        1.789,
        0.17,
        1.833,
        0.13
      ]
    },
    {
      "Target": "Parameter",
      "Id": "Param9",
      "Segments": [
        0,
        -15,
        2,
        0.367,
        -15,
        0,
        0.933,
        0,
        2,
        1.833,
        0
      ]
    },
    {
      "Target": "Parameter",
      "Id": "Param3",
      "Segments": [
        0,
        0,
        2,
        0.333,
        0,
        0,
        0.833,
        -7,
        2,
        1.833,
        -7
      ]
    },
    {
      "Target": "Parameter",
      "Id": "Param4",
      "Segments": [
        0,
        0,
        2,
        0.333,
        0,
        0,
        0.833,
        15,
        2,
        1.833,
        15
      ]
    },
    {
      "Target": "Parameter",
      "Id": "ALLX",
      "Segments": [
        0,
        0,
        2,
        0.433,
        0,
        0,
        0.9,
        -3.245,
        0,
        1.267,
        0.3,
        2,
        1.833,
        0.3
      ]
    },
    {
      "Target": "Parameter",
      "Id": "ALLY",
      "Segments": [
        0,
        0,
        2,
        0.2,
        0,
        0,
        1.267,
        1,
        2,
        1.833,
        1
      ]
    },
    {
      "Target": "PartOpacity",
      "Id": "Part12",
      "Segments": [
        0,
        1,
        2,
        1.83,
        1
      ]
    },
    {
      "Target": "PartOpacity",
      "Id": "Part2",
      "Segments": [
        0,
        1,
        2,
        1.83,
        1
      ]
    },
    {
      "Target": "PartOpacity",
      "Id": "Part3",
      "Segments": [
        0,
        1,
        2,
        1.83,
        1
      ]
    },
    {
      "Target": "PartOpacity",
      "Id": "Part4",
      "Segments": [
        0,
        1,
        2,
        1.83,
        1
      ]
    },
    {
      "Target": "PartOpacity",
      "Id": "Part5",
      "Segments": [
        0,
        1,
        2,
        1.83,
        1
      ]
    },
    {
      "Target": "PartOpacity",
      "Id": "Part6",
      "Segments": [
        0,
        1,
        2,
        1.83,
        1
      ]
    },
    {
      "Target": "PartOpacity",
      "Id": "Part7",
      "Segments": [
        0,
        1,
        2,
        1.83,
        1
      ]
    },
    {
      "Target": "PartOpacity",
      "Id": "Part8",
      "Segments": [
        0,
        1,
        2,
        1.83,
        1
      ]
    },
    {
      "Target": "PartOpacity",
      "Id": "Part9",
      "Segments": [
        0,
        1,
        2,
        1.83,
        1
      ]
    },
    {
      "Target": "PartOpacity",
      "Id": "Part28",
      "Segments": [
        0,
        1,
        2,
        1.83,
        1
      ]
    },
    {
      "Target": "PartOpacity",
      "Id": "Part10",
      "Segments": [
        0,
        1,
        2,
        1.83,
        1
      ]
    },
    {
      "Target": "PartOpacity",
      "Id": "Part15",
      "Segments": [
        0,
        1,
        2,
        1.83,
        1
      ]
    },
    {
      "Target": "PartOpacity",
      "Id": "Part14",
      "Segments": [
        0,
        1,
        2,
        1.83,
        1
      ]
    },
    {
      "Target": "PartOpacity",
      "Id": "Part",
      "Segments": [
        0,
        1,
        2,
        1.83,
        1
      ]
    },
    {
      "Target": "PartOpacity",
      "Id": "Part16",
      "Segments": [
        0,
        1,
        2,
        1.83,
        1
      ]
    },
    {
      "Target": "PartOpacity",
      "Id": "Part11",
      "Segments": [
        0,
        1,
        2,
        1.83,
        1
      ]
    },
    {
      "Target": "PartOpacity",
      "Id": "Part13",
      "Segments": [
        0,
        1,
        2,
        1.83,
        1
      ]
    },
    {
      "Target": "Model",
      "Id": "Opacity",
      "Segments": [
        0,
        1,
        0,
        1.833,
        1
      ]
    },
    {
      "Target": "Parameter",
      "Id": "BrowLX",
      "Segments": [
        0,
        0,
        0,
        1.833,
        0
      ]
    },
    {
      "Target": "Parameter",
      "Id": "EyeL_Open",
      "Segments": [
        0,
        1,
        0,
        1.833,
        1
      ]
    },
    {
      "Target": "Parameter",
      "Id": "EyeR_Open",
      "Segments": [
        0,
        1,
        0,
        1.833,
        1
      ]
    },
    {
      "Target": "Parameter",
      "Id": "EyeBallY",
      "Segments": [
        0,
        0,
        0,
        1.833,
        0
      ]
    },
    {
      "Target": "Parameter",
      "Id": "EyeBall_Size",
      "Segments": [
        0,
        0,
        0,
        1.833,
        0
      ]
    },
    {
      "Target": "Parameter",
      "Id": "Mouth_Size",
      "Segments": [
        0,
        1,
        0,
        1.833,
        1
      ]
    },
    {
      "Target": "Parameter",
      "Id": "Param8",
      "Segments": [
        0,
        0,
        0,
        1.833,
        0
      ]
    },
    {
      "Target": "Parameter",
      "Id": "Breath",
      "Segments": [
        0,
        0,
        0,
        1.833,
        0
      ]
    },
    {
      "Target": "Parameter",
      "Id": "Arm02L_Bias",
      "Segments": [
        0,
        0,
        0,
        1.833,
        0
      ]
    },
    {
      "Target": "Parameter",
      "Id": "HandL_Strech",
      "Segments": [
        0,
        0,
        0,
        1.833,
        0
      ]
    },
    {
      "Target": "Parameter",
      "Id": "HandL01",
      "Segments": [
        0,
        1,
        0,
        1.833,
        1
      ]
    },
    {
      "Target": "Parameter",
      "Id": "HandL02",
      "Segments": [
        0,
        0,
        0,
        1.833,
        0
      ]
    },
    {
      "Target": "Parameter",
      "Id": "Param2",
      "Segments": [
        0,
        0,
        0,
        1.833,
        0
      ]
    },
    {
      "Target": "Parameter",
      "Id": "Param5",
      "Segments": [
        0,
        20,
        0,
        1.833,
        20
      ]
    },
    {
      "Target": "Parameter",
      "Id": "ArmR_Front",
      "Segments": [
        0,
        0,
        0,
        1.833,
        0
      ]
    },
    {
      "Target": "Parameter",
      "Id": "Param6",
      "Segments": [
        0,
        27,
        0,
        1.833,
        27
      ]
    },
    {
      "Target": "Parameter",
      "Id": "Param7",
      "Segments": [
        0,
        0,
        0,
        1.833,
        0
      ]
    },
    {
      "Target": "Parameter",
      "Id": "ALLZ",
      "Segments": [
        0,
        0,
        0,
        1.833,
        0
      ]
    }
  ],
  "UserData": [
    {
      "Time": 0.0,
      "Value": ""
    }
  ]
}