{
  "Version": 3,
  "Meta": {
    "Duration": 8.0,
    "Fps": 30.0,
    "Loop": true,
    "AreBeziersRestricted": true,
    "CurveCount": 80,
    "TotalSegmentCount": 234,
    "TotalPointCount": 494,
    "UserDataCount": 1,
    "TotalUserDataSize": 0
  },
  "Curves": [
    {
      "Target": "Parameter",
      "Id": "HeadX",
      "Segments": [
        0,
        -28.7,
        1,
        0.1,
        -28.371,
        0.2,
        -28.333,
        0.3,
        -27,
        1,
        0.522,
        -24.038,
        0.745,
        -8.833,
        0.967,
        0.723,
        1,
        1.045,
        4.068,
        1.122,
        9.897,
        1.2,
        11.865,
        1,
        1.278,
        13.833,
        1.355,
        15.181,
        1.433,
        16.027,
        1,
        1.589,
        17.719,
        1.744,
        18.161,
        1.9,
        18.161,
        1,
        2.011,
        18.161,
        2.122,
        18.012,
        2.233,
        14.373,
        1,
        2.589,
        2.728,
        2.944,
        -6.143,
        3.3,
        -6.143,
        1,
        3.633,
        -6.143,
        3.967,
        -1.339,
        4.3,
        1.605,
        1,
        4.478,
        3.175,
        4.655,
        2.926,
        4.833,
        2.926,
        1,
        5.133,
        2.926,
        5.433,
        3.187,
        5.733,
        0.203,
        1,
        6.155,
        -3.998,
        6.578,
        -18.209,
        7,
        -23.827,
        1,
        7.333,
        -28.262,
        7.667,
        -28.7,
        8,
        -28.7
      ]
    },
    {
      "Target": "Parameter",
      "Id": "HeadY",
      "Segments": [
        0,
        -6.64,
        1,
        0.1,
        -6.64,
        0.2,
        -7.284,
        0.3,
        -7.852,
        1,
        0.556,
        -9.302,
        0.811,
        -9.802,
        1.067,
        -9.802,
        1,
        1.222,
        -9.802,
        1.378,
        -9.896,
        1.533,
        -9.684,
        1,
        2,
        -9.047,
        2.466,
        -7.265,
        2.933,
        -5.261,
        1,
        3.2,
        -4.116,
        3.466,
        0.828,
        3.733,
        4.2,
        1,
        3.911,
        6.449,
        4.089,
        10.429,
        4.267,
        11.736,
        1,
        4.489,
        13.369,
        4.711,
        13.517,
        4.933,
        13.517,
        1,
        5.133,
        13.517,
        5.333,
        13.737,
        5.533,
        12.208,
        1,
        5.889,
        9.491,
        6.244,
        0.765,
        6.6,
        -2.167,
        1,
        7.067,
        -6.014,
        7.533,
        -6.64,
        8,
        -6.64
      ]
    },
    {
      "Target": "Parameter",
      "Id": "HeadZ",
      "Segments": [
        0,
        -16.08,
        1,
        0.156,
        -15.935,
        0.311,
        -15.539,
        0.467,
        -14.559,
        1,
        0.711,
        -13.019,
        0.956,
        -8.644,
        1.2,
        -8.644,
        1,
        1.311,
        -8.644,
        1.422,
        -8.796,
        1.533,
        -9.072,
        1,
        1.922,
        -10.037,
        2.311,
        -10.506,
        2.7,
        -10.506,
        1,
        3.011,
        -10.506,
        3.322,
        -10.294,
        3.633,
        -9.538,
        1,
        3.766,
        -9.215,
        3.9,
        -8.346,
        4.033,
        -7.927,
        1,
        4.133,
        -7.613,
        4.233,
        -7.563,
        4.333,
        -7.563,
        1,
        4.6,
        -7.563,
        4.866,
        -7.561,
        5.133,
        -7.927,
        1,
        5.333,
        -8.202,
        5.533,
        -9.592,
        5.733,
        -10.506,
        1,
        6.044,
        -11.929,
        6.356,
        -14.244,
        6.667,
        -14.958,
        1,
        7.111,
        -15.977,
        7.556,
        -16.08,
        8,
        -16.08
      ]
    },
    {
      "Target": "Parameter",
      "Id": "EyeBallX",
      "Segments": [
        0,
        0.622,
        0,
        3.1,
        0.3,
        0,
        4.267,
        0.5,
        2,
        5.967,
        0.5,
        1,
        6.256,
        0.5,
        6.544,
        0.594,
        6.833,
        0.606,
        1,
        7.222,
        0.623,
        7.611,
        0.622,
        8,
        0.622
      ]
    },
    {
      "Target": "Parameter",
      "Id": "EyeBallY",
      "Segments": [
        0,
        0,
        0,
        1.233,
        -0.098,
        0,
        4.267,
        0,
        0,
        5.533,
        -0.196,
        0,
        8,
        0
      ]
    },
    {
      "Target": "Parameter",
      "Id": "NeckZ",
      "Segments": [
        0,
        -0.2,
        1,
        0.322,
        -0.2,
        0.645,
        -2.792,
        0.967,
        -3.12,
        1,
        1.134,
        -3.29,
        1.3,
        -3.262,
        1.467,
        -3.316,
        1,
        1.556,
        -3.344,
        1.644,
        -3.33,
        1.733,
        -3.38,
        1,
        1.922,
        -3.485,
        2.111,
        -3.792,
        2.3,
        -3.792,
        1,
        2.689,
        -3.792,
        3.078,
        -3.635,
        3.467,
        -2.93,
        1,
        3.656,
        -2.587,
        3.844,
        -1.439,
        4.033,
        -0.995,
        1,
        4.155,
        -0.708,
        4.278,
        -0.487,
        4.4,
        -0.414,
        1,
        4.7,
        -0.235,
        5,
        -0.2,
        5.3,
        -0.2,
        1,
        5.578,
        -0.2,
        5.855,
        -0.526,
        6.133,
        -0.995,
        1,
        6.389,
        -1.426,
        6.644,
        -1.57,
        6.9,
        -1.57,
        0,
        8,
        -0.2
      ]
    },
    {
      "Target": "Parameter",
      "Id": "BodyX",
      "Segments": [
        0,
        -10,
        0,
        2.1,
        -4.466,
        1,
        2.467,
        -4.466,
        2.833,
        -4.746,
        3.2,
        -6.011,
        1,
        3.367,
        -6.586,
        3.533,
        -7.749,
        3.7,
        -7.749,
        1,
        3.867,
        -7.749,
        4.033,
        -7.643,
        4.2,
        -7.192,
        1,
        4.456,
        -6.502,
        4.711,
        -5.989,
        4.967,
        -5.989,
        1,
        5.278,
        -5.989,
        5.589,
        -5.914,
        5.9,
        -6.613,
        1,
        6.6,
        -8.187,
        7.3,
        -10,
        8,
        -10
      ]
    },
    {
      "Target": "Parameter",
      "Id": "BodyY",
      "Segments": [
        0,
        7.3,
        1,
        0.278,
        7.485,
        0.555,
        7.712,
        0.833,
        8.019,
        1,
        1.066,
        8.278,
        1.3,
        8.87,
        1.533,
        9.189,
        1,
        1.622,
        9.311,
        1.711,
        9.313,
        1.8,
        9.313,
        1,
        2.078,
        9.313,
        2.355,
        9.203,
        2.633,
        8.675,
        1,
        2.989,
        8,
        3.344,
        7.103,
        3.7,
        6.177,
        1,
        3.778,
        5.974,
        3.855,
        5.268,
        3.933,
        4.924,
        1,
        4.055,
        4.383,
        4.178,
        4.195,
        4.3,
        4.195,
        1,
        4.522,
        4.195,
        4.745,
        4.733,
        4.967,
        5.575,
        1,
        5.522,
        7.678,
        6.078,
        8.625,
        6.633,
        8.625,
        0,
        8,
        7.3
      ]
    },
    {
      "Target": "Parameter",
      "Id": "BodyZ",
      "Segments": [
        0,
        2.7,
        1,
        0.322,
        2.7,
        0.645,
        2.688,
        0.967,
        3.199,
        1,
        1.3,
        3.727,
        1.634,
        4.849,
        1.967,
        4.849,
        1,
        2.189,
        4.849,
        2.411,
        4.688,
        2.633,
        4.315,
        1,
        2.966,
        3.756,
        3.3,
        3.186,
        3.633,
        2.582,
        1,
        3.811,
        2.259,
        3.989,
        1.846,
        4.167,
        1.521,
        1,
        4.267,
        1.338,
        4.367,
        1.281,
        4.467,
        1.281,
        1,
        4.967,
        1.281,
        5.467,
        2.033,
        5.967,
        3.783,
        1,
        6.122,
        4.327,
        6.278,
        4.754,
        6.433,
        4.754,
        1,
        6.6,
        4.754,
        6.766,
        4.462,
        6.933,
        4.027,
        1,
        7.289,
        3.1,
        7.644,
        2.7,
        8,
        2.7
      ]
    },
    {
      "Target": "Parameter",
      "Id": "BodyUpper",
      "Segments": [
        0,
        1.4,
        1,
        0.133,
        1.4,
        0.267,
        1.379,
        0.4,
        1.597,
        1,
        0.544,
        1.833,
        0.689,
        2.507,
        0.833,
        2.507,
        1,
        1.066,
        2.507,
        1.3,
        2.328,
        1.533,
        1.717,
        1,
        1.722,
        1.222,
        1.911,
        0.792,
        2.1,
        0.792,
        1,
        2.411,
        0.792,
        2.722,
        1.13,
        3.033,
        1.588,
        1,
        3.178,
        1.801,
        3.322,
        2.023,
        3.467,
        2.08,
        1,
        3.622,
        2.142,
        3.778,
        2.177,
        3.933,
        2.195,
        1,
        4.266,
        2.234,
        4.6,
        2.242,
        4.933,
        2.242,
        1,
        5.222,
        2.242,
        5.511,
        2.199,
        5.8,
        2.08,
        1,
        6.1,
        1.958,
        6.4,
        1.803,
        6.7,
        1.673,
        1,
        7.133,
        1.486,
        7.567,
        1.4,
        8,
        1.4
      ]
    },
    {
      "Target": "Parameter",
      "Id": "Breath",
      "Segments": [
        0,
        0,
        0,
        1.967,
        0.5,
        0,
        3.767,
        0,
        0,
        5.967,
        0.5,
        0,
        8,
        0
      ]
    },
    {
      "Target": "Parameter",
      "Id": "ShoulderL_Move",
      "Segments": [
        0,
        -0.6,
        1,
        0.422,
        -0.6,
        0.845,
        0.708,
        1.267,
        1.287,
        1,
        1.478,
        1.577,
        1.689,
        1.644,
        1.9,
        1.706,
        1,
        2.433,
        1.86,
        2.967,
        1.917,
        3.5,
        2.085,
        1,
        3.8,
        2.179,
        4.1,
        2.428,
        4.4,
        2.428,
        1,
        4.589,
        2.428,
        4.778,
        2.463,
        4.967,
        2.343,
        1,
        5.245,
        2.167,
        5.522,
        0.339,
        5.8,
        0.112,
        1,
        6.533,
        -0.488,
        7.267,
        -0.6,
        8,
        -0.6
      ]
    },
    {
      "Target": "Parameter",
      "Id": "ShoulderR_Move",
      "Segments": [
        0,
        8,
        0,
        0.967,
        8.708,
        1,
        1.156,
        8.708,
        1.344,
        8.43,
        1.533,
        8.367,
        1,
        2.011,
        8.21,
        2.489,
        8.169,
        2.967,
        8,
        1,
        3.189,
        7.921,
        3.411,
        7.259,
        3.633,
        6.683,
        1,
        3.844,
        6.135,
        4.056,
        4.364,
        4.267,
        4.231,
        1,
        4.5,
        4.084,
        4.734,
        4.094,
        4.967,
        3.981,
        1,
        5.222,
        3.857,
        5.478,
        3.707,
        5.733,
        3.707,
        0,
        8,
        8
      ]
    },
    {
      "Target": "Parameter",
      "Id": "ShoulderL_Roll",
      "Segments": [
        0,
        0.05,
        1,
        0.2,
        -0.8,
        0.4,
        -1.168,
        0.6,
        -1.168,
        0,
        1.933,
        3.639,
        1,
        2.389,
        3.639,
        2.844,
        2.126,
        3.3,
        0.134,
        1,
        3.611,
        -1.227,
        3.922,
        -1.546,
        4.233,
        -1.546,
        1,
        4.8,
        -1.546,
        5.366,
        0.003,
        5.933,
        2.621,
        1,
        6.189,
        3.802,
        6.444,
        4.192,
        6.7,
        4.192,
        1,
        7.133,
        4.192,
        7.567,
        1.947,
        8,
        0.05
      ]
    },
    {
      "Target": "Parameter",
      "Id": "ElbowL_Roll",
      "Segments": [
        0,
        -0.942,
        0,
        1.333,
        -1.633,
        0,
        2.233,
        -0.888,
        1,
        2.566,
        -0.888,
        2.9,
        -1.059,
        3.233,
        -1.5,
        1,
        3.6,
        -1.985,
        3.966,
        -2.285,
        4.333,
        -2.285,
        1,
        5.089,
        -2.285,
        5.844,
        -1.037,
        6.6,
        -0.968,
        1,
        7.067,
        -0.925,
        7.533,
        -0.942,
        8,
        -0.942
      ]
    },
    {
      "Target": "Parameter",
      "Id": "HandL_Roll",
      "Segments": [
        0,
        -1.3,
        2,
        1.067,
        -1.3,
        1,
        1.222,
        -1.3,
        1.378,
        -1.321,
        1.533,
        -1.347,
        1,
        1.8,
        -1.392,
        2.066,
        -1.416,
        2.333,
        -1.47,
        1,
        2.533,
        -1.51,
        2.733,
        -1.606,
        2.933,
        -1.683,
        1,
        3.055,
        -1.731,
        3.178,
        -1.81,
        3.3,
        -1.851,
        1,
        3.533,
        -1.93,
        3.767,
        -1.956,
        4,
        -1.956,
        1,
        4.156,
        -1.956,
        4.311,
        -1.942,
        4.467,
        -1.837,
        1,
        4.589,
        -1.754,
        4.711,
        -1.552,
        4.833,
        -1.405,
        1,
        4.944,
        -1.272,
        5.056,
        -1.201,
        5.167,
        -1.201,
        0,
        6.6,
        -2.016,
        0,
        8,
        -1.3
      ]
    },
    {
      "Target": "Parameter",
      "Id": "ShoulderR_Roll",
      "Segments": [
        0,
        -18.323,
        2,
        1.533,
        -18.323,
        0,
        4.233,
        -18.983,
        1,
        5.022,
        -18.983,
        5.811,
        -18.939,
        6.6,
        -18.703,
        1,
        7.067,
        -18.564,
        7.533,
        -18.323,
        8,
        -18.323
      ]
    },
    {
      "Target": "Parameter",
      "Id": "ElbowR_Roll",
      "Segments": [
        0,
        14.72,
        1,
        0.511,
        14.72,
        1.022,
        15.003,
        1.533,
        15.14,
        1,
        2.678,
        15.446,
        3.822,
        15.514,
        4.967,
        15.514,
        1,
        5.756,
        15.514,
        6.544,
        15.237,
        7.333,
        14.839,
        1,
        7.555,
        14.727,
        7.778,
        14.72,
        8,
        14.72
      ]
    },
    {
      "Target": "Parameter",
      "Id": "Arm02R_Strech",
      "Segments": [
        0,
        -9.007,
        0,
        0.967,
        -8.187,
        2,
        3.3,
        -8.187,
        1,
        3.856,
        -8.187,
        4.411,
        -8.203,
        4.967,
        -8.385,
        1,
        5.978,
        -8.714,
        6.989,
        -9.007,
        8,
        -9.007
      ]
    },
    {
      "Target": "Parameter",
      "Id": "HairUnder_Shaking",
      "Segments": [
        0,
        0.13,
        1,
        0.122,
        0.018,
        0.245,
        -0.011,
        0.367,
        -0.011,
        0,
        0.467,
        -0.01,
        0,
        1.067,
        -0.179,
        0,
        1.6,
        0.071,
        0,
        1.967,
        -0.047,
        0,
        2.333,
        0.035,
        0,
        2.633,
        -0.012,
        0,
        3.033,
        0.166,
        0,
        3.467,
        -0.123,
        0,
        3.833,
        0.054,
        0,
        4.133,
        -0.082,
        0,
        4.5,
        0.038,
        0,
        4.867,
        -0.045,
        0,
        5.267,
        0.047,
        0,
        5.667,
        -0.026,
        0,
        6.033,
        0.028,
        0,
        6.2,
        0.021,
        1,
        6.344,
        0.021,
        6.489,
        0.089,
        6.633,
        0.097,
        1,
        7.089,
        0.125,
        7.544,
        0.13,
        8,
        0.13
      ]
    },
    {
      "Target": "Parameter",
      "Id": "Param9",
      "Segments": [
        0,
        0,
        2,
        0.3,
        0,
        1,
        0.578,
        0,
        0.855,
        -14.461,
        1.133,
        -21,
        1,
        1.389,
        -27.016,
        1.644,
        -26.981,
        1.9,
        -26.981,
        1,
        2.011,
        -26.981,
        2.122,
        -26.612,
        2.233,
        -25.981,
        1,
        2.589,
        -23.961,
        2.944,
        -23,
        3.3,
        -23,
        0,
        4.367,
        -28,
        1,
        4.889,
        -28,
        5.411,
        -27.801,
        5.933,
        -24,
        1,
        6.289,
        -21.412,
        6.644,
        -4.406,
        7,
        -2,
        1,
        7.333,
        0.256,
        7.667,
        0,
        8,
        0
      ]
    },
    {
      "Target": "PartOpacity",
      "Id": "Part12",
      "Segments": [
        0,
        1,
        2,
        8,
        1
      ]
    },
    {
      "Target": "PartOpacity",
      "Id": "Part2",
      "Segments": [
        0,
        1,
        2,
        8,
        1
      ]
    },
    {
      "Target": "PartOpacity",
      "Id": "Part3",
      "Segments": [
        0,
        1,
        2,
        8,
        1
      ]
    },
    {
      "Target": "PartOpacity",
      "Id": "Part4",
      "Segments": [
        0,
        1,
        2,
        8,
        1
      ]
    },
    {
      "Target": "PartOpacity",
      "Id": "Part5",
      "Segments": [
        0,
        1,
        2,
        8,
        1
      ]
    },
    {
      "Target": "PartOpacity",
      "Id": "Part6",
      "Segments": [
        0,
        1,
        2,
        8,
        1
      ]
    },
    {
      "Target": "PartOpacity",
      "Id": "Part7",
      "Segments": [
        0,
        1,
        2,
        8,
        1
      ]
    },
    {
      "Target": "PartOpacity",
      "Id": "Part8",
      "Segments": [
        0,
        1,
        2,
        8,
        1
      ]
    },
    {
      "Target": "PartOpacity",
      "Id": "Part9",
      "Segments": [
        0,
        1,
        2,
        8,
        1
      ]
    },
    {
      "Target": "PartOpacity",
      "Id": "Part28",
      "Segments": [
        0,
        1,
        2,
        8,
        1
      ]
    },
    {
      "Target": "PartOpacity",
      "Id": "Part10",
      "Segments": [
        0,
        1,
        2,
        8,
        1
      ]
    },
    {
      "Target": "PartOpacity",
      "Id": "Part15",
      "Segments": [
        0,
        1,
        2,
        8,
        1
      ]
    },
    {
      "Target": "PartOpacity",
      "Id": "Part14",
      "Segments": [
        0,
        1,
        2,
        8,
        1
      ]
    },
    {
      "Target": "PartOpacity",
      "Id": "Part",
      "Segments": [
        0,
        1,
        2,
        8,
        1
      ]
    },
    {
      "Target": "PartOpacity",
      "Id": "Part16",
      "Segments": [
        0,
        1,
        2,
        8,
        1
      ]
    },
    {
      "Target": "PartOpacity",
      "Id": "Part11",
      "Segments": [
        0,
        1,
        2,
        8,
        1
      ]
    },
    {
      "Target": "PartOpacity",
      "Id": "Part13",
      "Segments": [
        0,
        1,
        2,
        8,
        1
      ]
    },
    {
      "Target": "Model",
      "Id": "Opacity",
      "Segments": [
        0,
        1,
        0,
        8,
        1
      ]
    },
    {
      "Target": "Parameter",
      "Id": "BrowLY",
      "Segments": [
        0,
        0.02,
        0,
        8,
        0.02
      ]
    },
    {
      "Target": "Parameter",
      "Id": "BrowRY",
      "Segments": [
        0,
        -0.536,
        0,
        8,
        -0.536
      ]
    },
    {
      "Target": "Parameter",
      "Id": "BrowLX",
      "Segments": [
        0,
        0,
        0,
        8,
        0
      ]
    },
    {
      "Target": "Parameter",
      "Id": "BrowRX",
      "Segments": [
        0,
        0.1,
        0,
        8,
        0.1
      ]
    },
    {
      "Target": "Parameter",
      "Id": "BrowL_Angle",
      "Segments": [
        0,
        -0.128,
        0,
        8,
        -0.128
      ]
    },
    {
      "Target": "Parameter",
      "Id": "BrowR_Angle",
      "Segments": [
        0,
        -0.3,
        0,
        8,
        -0.3
      ]
    },
    {
      "Target": "Parameter",
      "Id": "BrowL_Form",
      "Segments": [
        0,
        0.3,
        0,
        8,
        0.3
      ]
    },
    {
      "Target": "Parameter",
      "Id": "BrowR_Form",
      "Segments": [
        0,
        0.3,
        0,
        8,
        0.3
      ]
    },
    {
      "Target": "Parameter",
      "Id": "EyeL_Open",
      "Segments": [
        0,
        1,
        0,
        8,
        1
      ]
    },
    {
      "Target": "Parameter",
      "Id": "EyeL_Smile",
      "Segments": [
        0,
        1,
        0,
        8,
        1
      ]
    },
    {
      "Target": "Parameter",
      "Id": "EyeR_Open",
      "Segments": [
        0,
        1,
        0,
        8,
        1
      ]
    },
    {
      "Target": "Parameter",
      "Id": "EyeR_Smile",
      "Segments": [
        0,
        1,
        0,
        8,
        1
      ]
    },
    {
      "Target": "Parameter",
      "Id": "EyeBall_Size",
      "Segments": [
        0,
        0,
        0,
        8,
        0
      ]
    },
    {
      "Target": "Parameter",
      "Id": "Mouth_Form",
      "Segments": [
        0,
        0.6,
        0,
        8,
        0.6
      ]
    },
    {
      "Target": "Parameter",
      "Id": "Mouth_Open",
      "Segments": [
        0,
        0.8,
        0,
        8,
        0.8
      ]
    },
    {
      "Target": "Parameter",
      "Id": "Mouth_Size",
      "Segments": [
        0,
        1,
        0,
        8,
        1
      ]
    },
    {
      "Target": "Parameter",
      "Id": "Param8",
      "Segments": [
        0,
        0,
        0,
        8,
        0
      ]
    },
    {
      "Target": "Parameter",
      "Id": "Arm01L_Strech",
      "Segments": [
        0,
        0.684,
        0,
        8,
        0.684
      ]
    },
    {
      "Target": "Parameter",
      "Id": "Arm02L_Strech",
      "Segments": [
        0,
        -1,
        0,
        8,
        -1
      ]
    },
    {
      "Target": "Parameter",
      "Id": "Arm02L_Bias",
      "Segments": [
        0,
        0,
        0,
        8,
        0
      ]
    },
    {
      "Target": "Parameter",
      "Id": "HandL_Strech",
      "Segments": [
        0,
        0,
        0,
        8,
        0
      ]
    },
    {
      "Target": "Parameter",
      "Id": "HandL01",
      "Segments": [
        0,
        1,
        0,
        8,
        1
      ]
    },
    {
      "Target": "Parameter",
      "Id": "HandL02",
      "Segments": [
        0,
        0,
        0,
        8,
        0
      ]
    },
    {
      "Target": "Parameter",
      "Id": "Param2",
      "Segments": [
        0,
        0,
        0,
        8,
        0
      ]
    },
    {
      "Target": "Parameter",
      "Id": "Param5",
      "Segments": [
        0,
        20,
        0,
        8,
        20
      ]
    },
    {
      "Target": "Parameter",
      "Id": "HandR_Roll",
      "Segments": [
        0,
        -10,
        0,
        8,
        -10
      ]
    },
    {
      "Target": "Parameter",
      "Id": "Arm01R_Strech",
      "Segments": [
        0,
        -6.6,
        0,
        8,
        -6.6
      ]
    },
    {
      "Target": "Parameter",
      "Id": "Arm02R_Bias",
      "Segments": [
        0,
        -10,
        0,
        8,
        -10
      ]
    },
    {
      "Target": "Parameter",
      "Id": "ArmR_Front",
      "Segments": [
        0,
        0,
        0,
        8,
        0
      ]
    },
    {
      "Target": "Parameter",
      "Id": "HandR_Front",
      "Segments": [
        0,
        1,
        0,
        8,
        1
      ]
    },
    {
      "Target": "Parameter",
      "Id": "HandR_Strech",
      "Segments": [
        0,
        10,
        0,
        8,
        10
      ]
    },
    {
      "Target": "Parameter",
      "Id": "HandR01",
      "Segments": [
        0,
        0,
        0,
        8,
        0
      ]
    },
    {
      "Target": "Parameter",
      "Id": "HandR02",
      "Segments": [
        0,
        1,
        0,
        8,
        1
      ]
    },
    {
      "Target": "Parameter",
      "Id": "Param",
      "Segments": [
        0,
        25,
        0,
        8,
        25
      ]
    },
    {
      "Target": "Parameter",
      "Id": "Param6",
      "Segments": [
        0,
        27,
        0,
        8,
        27
      ]
    },
    {
      "Target": "Parameter",
      "Id": "Param7",
      "Segments": [
        0,
        0,
        0,
        8,
        0
      ]
    },
    {
      "Target": "Parameter",
      "Id": "Param3",
      "Segments": [
        0,
        -7,
        0,
        8,
        -7
      ]
    },
    {
      "Target": "Parameter",
      "Id": "Param4",
      "Segments": [
        0,
        15,
        0,
        8,
        15
      ]
    },
    {
      "Target": "Parameter",
      "Id": "ALLX",
      "Segments": [
        0,
        0.3,
        0,
        8,
        0.3
      ]
    },
    {
      "Target": "Parameter",
      "Id": "ALLY",
      "Segments": [
        0,
        1,
        0,
        8,
        1
      ]
    },
    {
      "Target": "Parameter",
      "Id": "ALLZ",
      "Segments": [
        0,
        0,
        0,
        8,
        0
      ]
    }
  ],
  "UserData": [
    {
      "Time": 0.0,
      "Value": ""
    }
  ]
}