{
  "Version": 3,
  "Meta": {
    "Duration": 8.0,
    "Fps": 30.0,
    "Loop": true,
    "AreBeziersRestricted": true,
    "CurveCount": 80,
    "TotalSegmentCount": 142,
    "TotalPointCount": 218,
    "UserDataCount": 1,
    "TotalUserDataSize": 0
  },
  "Curves": [
    {
      "Target": "Parameter",
      "Id": "HeadX",
      "Segments": [
        0,
        -15.037,
        2,
        0.533,
        -15.037,
        1,
        1.1,
        -15.037,
        1.666,
        -14.93,
        2.233,
        -9.771,
        1,
        2.7,
        -5.523,
        3.166,
        6,
        3.633,
        6,
        1,
        4.5,
        6,
        5.366,
        0.165,
        6.233,
        -8,
        1,
        6.822,
        -13.548,
        7.411,
        -15.037,
        8,
        -15.037
      ]
    },
    {
      "Target": "Parameter",
      "Id": "HeadY",
      "Segments": [
        0,
        -3.246,
        2,
        1.2,
        -3.246,
        0,
        3.067,
        6.594,
        0,
        6.6,
        -13,
        0,
        8,
        -3.246
      ]
    },
    {
      "Target": "Parameter",
      "Id": "EyeBallX",
      "Segments": [
        0,
        0.7,
        2,
        0.867,
        0.7,
        0,
        1.9,
        0.56,
        0,
        4.533,
        0.6,
        0,
        6.367,
        0.542,
        0,
        8,
        0.7
      ]
    },
    {
      "Target": "Parameter",
      "Id": "EyeBallY",
      "Segments": [
        0,
        -0.1,
        2,
        0.867,
        -0.1,
        0,
        1.9,
        -0.2,
        0,
        4.567,
        0,
        0,
        6.367,
        -0.232,
        0,
        8,
        -0.1
      ]
    },
    {
      "Target": "Parameter",
      "Id": "NeckZ",
      "Segments": [
        0,
        -1,
        0,
        1.667,
        -1.784,
        1,
        2.178,
        -1.784,
        2.689,
        -1.682,
        3.2,
        -1.375,
        1,
        3.544,
        -1.169,
        3.889,
        -1.003,
        4.233,
        -0.616,
        1,
        4.722,
        -0.067,
        5.211,
        0.7,
        5.7,
        0.7,
        1,
        5.9,
        0.7,
        6.1,
        0.744,
        6.3,
        0.662,
        1,
        6.867,
        0.431,
        7.433,
        -1,
        8,
        -1
      ]
    },
    {
      "Target": "Parameter",
      "Id": "BodyX",
      "Segments": [
        0,
        -6.104,
        0,
        2.167,
        -9.157,
        0,
        4.667,
        -0.34,
        1,
        4.989,
        -0.34,
        5.311,
        -0.765,
        5.633,
        -1.876,
        1,
        6.422,
        -4.597,
        7.211,
        -6.104,
        8,
        -6.104
      ]
    },
    {
      "Target": "Parameter",
      "Id": "BodyY",
      "Segments": [
        0,
        0.488,
        0,
        1.967,
        2.67,
        1,
        2.445,
        2.67,
        2.922,
        1.874,
        3.4,
        1.156,
        1,
        3.789,
        0.571,
        4.178,
        0.507,
        4.567,
        0.507,
        1,
        4.867,
        0.507,
        5.167,
        0.536,
        5.467,
        0.835,
        1,
        5.789,
        1.156,
        6.111,
        1.572,
        6.433,
        1.572,
        0,
        8,
        0.488
      ]
    },
    {
      "Target": "Parameter",
      "Id": "BodyZ",
      "Segments": [
        0,
        0.658,
        1,
        0.167,
        0.658,
        0.333,
        0.635,
        0.5,
        0.552,
        1,
        0.789,
        0.408,
        1.078,
        0.311,
        1.367,
        0.311,
        1,
        2.134,
        0.311,
        2.9,
        0.707,
        3.667,
        1.172,
        1,
        4.156,
        1.468,
        4.644,
        1.515,
        5.133,
        1.515,
        1,
        5.644,
        1.515,
        6.156,
        1.47,
        6.667,
        1.196,
        1,
        7.111,
        0.957,
        7.556,
        0.658,
        8,
        0.658
      ]
    },
    {
      "Target": "Parameter",
      "Id": "BodyUpper",
      "Segments": [
        0,
        1.238,
        0,
        2.533,
        1.158,
        0,
        6.967,
        3.187,
        0,
        8,
        1.238
      ]
    },
    {
      "Target": "Parameter",
      "Id": "Breath",
      "Segments": [
        0,
        0,
        0,
        3.067,
        0.504,
        0,
        6.6,
        0,
        2,
        8,
        0
      ]
    },
    {
      "Target": "Parameter",
      "Id": "ShoulderL_Move",
      "Segments": [
        0,
        3.83,
        2,
        2.667,
        3.83,
        0,
        5.7,
        3,
        0,
        8,
        3.83
      ]
    },
    {
      "Target": "Parameter",
      "Id": "ShoulderR_Move",
      "Segments": [
        0,
        0.4,
        2,
        2.7,
        0.4,
        1,
        3.056,
        0.4,
        3.411,
        0.634,
        3.767,
        1.012,
        1,
        4.411,
        1.697,
        5.056,
        2,
        5.7,
        2,
        0,
        8,
        0.4
      ]
    },
    {
      "Target": "Parameter",
      "Id": "ShoulderL_Roll",
      "Segments": [
        0,
        0,
        1,
        0.533,
        1.13,
        1.067,
        1.893,
        1.6,
        1.893,
        1,
        2.044,
        1.893,
        2.489,
        0.973,
        2.933,
        0.66,
        1,
        3.422,
        0.316,
        3.911,
        0.072,
        4.4,
        0,
        1,
        5.122,
        -0.107,
        5.845,
        -0.11,
        6.567,
        -0.11,
        0,
        8,
        0
      ]
    },
    {
      "Target": "Parameter",
      "Id": "ElbowL_Roll",
      "Segments": [
        0,
        -1.322,
        1,
        0.889,
        -1.322,
        1.778,
        -1.225,
        2.667,
        -0.927,
        1,
        3.245,
        -0.733,
        3.822,
        -0.562,
        4.4,
        -0.562,
        0,
        6.567,
        -1.643,
        0,
        8,
        -1.322
      ]
    },
    {
      "Target": "Parameter",
      "Id": "ShoulderR_Roll",
      "Segments": [
        0,
        1.446,
        0,
        1.8,
        0.978,
        1,
        2.767,
        0.978,
        3.733,
        0.989,
        4.7,
        1.171,
        1,
        5.178,
        1.261,
        5.655,
        1.945,
        6.133,
        1.945,
        0,
        8,
        1.446
      ]
    },
    {
      "Target": "Parameter",
      "Id": "ElbowR_Roll",
      "Segments": [
        0,
        -0.297,
        0,
        2.067,
        -0.957,
        0,
        4,
        0.094,
        0,
        8,
        -0.297
      ]
    },
    {
      "Target": "Parameter",
      "Id": "HandR_Roll",
      "Segments": [
        0,
        1.329,
        1,
        0.411,
        1.329,
        0.822,
        1.309,
        1.233,
        1.271,
        1,
        1.633,
        1.233,
        2.033,
        1.167,
        2.433,
        1.16,
        1,
        3.166,
        1.147,
        3.9,
        1.146,
        4.633,
        1.146,
        1,
        5.278,
        1.146,
        5.922,
        1.204,
        6.567,
        1.271,
        1,
        7.045,
        1.32,
        7.522,
        1.329,
        8,
        1.329
      ]
    },
    {
      "Target": "Parameter",
      "Id": "Param9",
      "Segments": [
        0,
        0,
        2,
        0.533,
        0,
        1,
        1.1,
        0,
        1.666,
        -0.514,
        2.233,
        -6.316,
        1,
        2.7,
        -11.094,
        3.166,
        -20,
        3.633,
        -20,
        0,
        8,
        0
      ]
    },
    {
      "Target": "PartOpacity",
      "Id": "Part12",
      "Segments": [
        0,
        1,
        2,
        8,
        1
      ]
    },
    {
      "Target": "PartOpacity",
      "Id": "Part2",
      "Segments": [
        0,
        1,
        2,
        8,
        1
      ]
    },
    {
      "Target": "PartOpacity",
      "Id": "Part3",
      "Segments": [
        0,
        1,
        2,
        8,
        1
      ]
    },
    {
      "Target": "PartOpacity",
      "Id": "Part4",
      "Segments": [
        0,
        1,
        2,
        8,
        1
      ]
    },
    {
      "Target": "PartOpacity",
      "Id": "Part5",
      "Segments": [
        0,
        1,
        2,
        8,
        1
      ]
    },
    {
      "Target": "PartOpacity",
      "Id": "Part6",
      "Segments": [
        0,
        1,
        2,
        8,
        1
      ]
    },
    {
      "Target": "PartOpacity",
      "Id": "Part7",
      "Segments": [
        0,
        1,
        2,
        8,
        1
      ]
    },
    {
      "Target": "PartOpacity",
      "Id": "Part8",
      "Segments": [
        0,
        1,
        2,
        8,
        1
      ]
    },
    {
      "Target": "PartOpacity",
      "Id": "Part9",
      "Segments": [
        0,
        1,
        2,
        8,
        1
      ]
    },
    {
      "Target": "PartOpacity",
      "Id": "Part28",
      "Segments": [
        0,
        1,
        2,
        8,
        1
      ]
    },
    {
      "Target": "PartOpacity",
      "Id": "Part10",
      "Segments": [
        0,
        1,
        2,
        8,
        1
      ]
    },
    {
      "Target": "PartOpacity",
      "Id": "Part15",
      "Segments": [
        0,
        1,
        2,
        8,
        1
      ]
    },
    {
      "Target": "PartOpacity",
      "Id": "Part14",
      "Segments": [
        0,
        1,
        2,
        8,
        1
      ]
    },
    {
      "Target": "PartOpacity",
      "Id": "Part",
      "Segments": [
        0,
        1,
        2,
        8,
        1
      ]
    },
    {
      "Target": "PartOpacity",
      "Id": "Part16",
      "Segments": [
        0,
        1,
        2,
        8,
        1
      ]
    },
    {
      "Target": "PartOpacity",
      "Id": "Part11",
      "Segments": [
        0,
        1,
        2,
        8,
        1
      ]
    },
    {
      "Target": "PartOpacity",
      "Id": "Part13",
      "Segments": [
        0,
        1,
        2,
        8,
        1
      ]
    },
    {
      "Target": "Model",
      "Id": "Opacity",
      "Segments": [
        0,
        1,
        0,
        8,
        1
      ]
    },
    {
      "Target": "Parameter",
      "Id": "HeadZ",
      "Segments": [
        0,
        -2.457,
        0,
        8,
        -2.457
      ]
    },
    {
      "Target": "Parameter",
      "Id": "BrowLY",
      "Segments": [
        0,
        0.5,
        0,
        8,
        0.5
      ]
    },
    {
      "Target": "Parameter",
      "Id": "BrowRY",
      "Segments": [
        0,
        0.4,
        0,
        8,
        0.4
      ]
    },
    {
      "Target": "Parameter",
      "Id": "BrowLX",
      "Segments": [
        0,
        0.1,
        0,
        8,
        0.1
      ]
    },
    {
      "Target": "Parameter",
      "Id": "BrowRX",
      "Segments": [
        0,
        0,
        0,
        8,
        0
      ]
    },
    {
      "Target": "Parameter",
      "Id": "BrowL_Angle",
      "Segments": [
        0,
        0.1,
        0,
        8,
        0.1
      ]
    },
    {
      "Target": "Parameter",
      "Id": "BrowR_Angle",
      "Segments": [
        0,
        0.1,
        0,
        8,
        0.1
      ]
    },
    {
      "Target": "Parameter",
      "Id": "BrowL_Form",
      "Segments": [
        0,
        0.4,
        0,
        8,
        0.4
      ]
    },
    {
      "Target": "Parameter",
      "Id": "BrowR_Form",
      "Segments": [
        0,
        0.4,
        0,
        8,
        0.4
      ]
    },
    {
      "Target": "Parameter",
      "Id": "EyeL_Open",
      "Segments": [
        0,
        1.2,
        0,
        8,
        1.2
      ]
    },
    {
      "Target": "Parameter",
      "Id": "EyeL_Smile",
      "Segments": [
        0,
        0,
        0,
        8,
        0
      ]
    },
    {
      "Target": "Parameter",
      "Id": "EyeR_Open",
      "Segments": [
        0,
        1.2,
        0,
        8,
        1.2
      ]
    },
    {
      "Target": "Parameter",
      "Id": "EyeR_Smile",
      "Segments": [
        0,
        0,
        0,
        8,
        0
      ]
    },
    {
      "Target": "Parameter",
      "Id": "EyeBall_Size",
      "Segments": [
        0,
        -0.4,
        0,
        8,
        -0.4
      ]
    },
    {
      "Target": "Parameter",
      "Id": "Mouth_Form",
      "Segments": [
        0,
        0,
        0,
        8,
        0
      ]
    },
    {
      "Target": "Parameter",
      "Id": "Mouth_Open",
      "Segments": [
        0,
        1,
        0,
        8,
        1
      ]
    },
    {
      "Target": "Parameter",
      "Id": "Mouth_Size",
      "Segments": [
        0,
        1,
        0,
        8,
        1
      ]
    },
    {
      "Target": "Parameter",
      "Id": "Param8",
      "Segments": [
        0,
        0,
        0,
        8,
        0
      ]
    },
    {
      "Target": "Parameter",
      "Id": "HandL_Roll",
      "Segments": [
        0,
        -1.298,
        0,
        8,
        -1.298
      ]
    },
    {
      "Target": "Parameter",
      "Id": "Arm01L_Strech",
      "Segments": [
        0,
        0.14,
        0,
        8,
        0.14
      ]
    },
    {
      "Target": "Parameter",
      "Id": "Arm02L_Strech",
      "Segments": [
        0,
        0,
        0,
        8,
        0
      ]
    },
    {
      "Target": "Parameter",
      "Id": "Arm02L_Bias",
      "Segments": [
        0,
        0,
        0,
        8,
        0
      ]
    },
    {
      "Target": "Parameter",
      "Id": "HandL_Strech",
      "Segments": [
        0,
        0,
        0,
        8,
        0
      ]
    },
    {
      "Target": "Parameter",
      "Id": "HandL01",
      "Segments": [
        0,
        1,
        0,
        8,
        1
      ]
    },
    {
      "Target": "Parameter",
      "Id": "HandL02",
      "Segments": [
        0,
        0,
        0,
        8,
        0
      ]
    },
    {
      "Target": "Parameter",
      "Id": "Param2",
      "Segments": [
        0,
        0,
        0,
        8,
        0
      ]
    },
    {
      "Target": "Parameter",
      "Id": "Param5",
      "Segments": [
        0,
        20,
        0,
        8,
        20
      ]
    },
    {
      "Target": "Parameter",
      "Id": "Arm01R_Strech",
      "Segments": [
        0,
        0,
        0,
        8,
        0
      ]
    },
    {
      "Target": "Parameter",
      "Id": "Arm02R_Strech",
      "Segments": [
        0,
        0,
        0,
        8,
        0
      ]
    },
    {
      "Target": "Parameter",
      "Id": "Arm02R_Bias",
      "Segments": [
        0,
        0,
        0,
        8,
        0
      ]
    },
    {
      "Target": "Parameter",
      "Id": "ArmR_Front",
      "Segments": [
        0,
        0,
        0,
        8,
        0
      ]
    },
    {
      "Target": "Parameter",
      "Id": "HandR_Front",
      "Segments": [
        0,
        1,
        0,
        8,
        1
      ]
    },
    {
      "Target": "Parameter",
      "Id": "HandR_Strech",
      "Segments": [
        0,
        0,
        0,
        8,
        0
      ]
    },
    {
      "Target": "Parameter",
      "Id": "HandR01",
      "Segments": [
        0,
        1,
        0,
        8,
        1
      ]
    },
    {
      "Target": "Parameter",
      "Id": "HandR02",
      "Segments": [
        0,
        0,
        0,
        8,
        0
      ]
    },
    {
      "Target": "Parameter",
      "Id": "Param",
      "Segments": [
        0,
        0,
        0,
        8,
        0
      ]
    },
    {
      "Target": "Parameter",
      "Id": "Param6",
      "Segments": [
        0,
        27,
        0,
        8,
        27
      ]
    },
    {
      "Target": "Parameter",
      "Id": "Param7",
      "Segments": [
        0,
        0,
        0,
        8,
        0
      ]
    },
    {
      "Target": "Parameter",
      "Id": "HairUnder_Shaking",
      "Segments": [
        0,
        0.039,
        0,
        8,
        0.039
      ]
    },
    {
      "Target": "Parameter",
      "Id": "Param3",
      "Segments": [
        0,
        8,
        0,
        8,
        8
      ]
    },
    {
      "Target": "Parameter",
      "Id": "Param4",
      "Segments": [
        0,
        12,
        0,
        8,
        12
      ]
    },
    {
      "Target": "Parameter",
      "Id": "ALLX",
      "Segments": [
        0,
        -2,
        0,
        8,
        -2
      ]
    },
    {
      "Target": "Parameter",
      "Id": "ALLY",
      "Segments": [
        0,
        1,
        0,
        8,
        1
      ]
    },
    {
      "Target": "Parameter",
      "Id": "ALLZ",
      "Segments": [
        0,
        0,
        0,
        8,
        0
      ]
    }
  ],
  "UserData": [
    {
      "Time": 0.0,
      "Value": ""
    }
  ]
}