{
  "Version": 3,
  "Meta": {
    "Duration": 8.0,
    "Fps": 30.0,
    "Loop": true,
    "AreBeziersRestricted": true,
    "CurveCount": 80,
    "TotalSegmentCount": 297,
    "TotalPointCount": 605,
    "UserDataCount": 1,
    "TotalUserDataSize": 0
  },
  "Curves": [
    {
      "Target": "Parameter",
      "Id": "HeadX",
      "Segments": [
        0,
        -4.08,
        1,
        0.322,
        -4.08,
        0.645,
        -4.726,
        0.967,
        -7.117,
        1,
        1.467,
        -10.828,
        1.967,
        -13.423,
        2.467,
        -13.423,
        0,
        3.967,
        14,
        1,
        4.611,
        14,
        5.256,
        12.045,
        5.9,
        8,
        1,
        6.367,
        5.071,
        6.833,
        2.371,
        7.3,
        -0.925,
        1,
        7.533,
        -2.572,
        7.767,
        -4.08,
        8,
        -4.08
      ]
    },
    {
      "Target": "Parameter",
      "Id": "HeadY",
      "Segments": [
        0,
        -5.48,
        0,
        0.9,
        -30,
        1,
        1.022,
        -30,
        1.145,
        -28.904,
        1.267,
        -22.727,
        1,
        1.445,
        -13.743,
        1.622,
        7.949,
        1.8,
        11.104,
        1,
        2.011,
        14.851,
        2.222,
        14.79,
        2.433,
        14.79,
        0,
        2.733,
        12.04,
        1,
        2.855,
        12.04,
        2.978,
        12.252,
        3.1,
        13.729,
        1,
        3.433,
        17.754,
        3.767,
        20.561,
        4.1,
        20.561,
        1,
        4.456,
        20.561,
        4.811,
        19.763,
        5.167,
        13.729,
        1,
        5.367,
        10.334,
        5.567,
        -5.943,
        5.767,
        -14.895,
        1,
        5.978,
        -24.345,
        6.189,
        -28.301,
        6.4,
        -28.301,
        1,
        6.744,
        -28.301,
        7.089,
        -20.275,
        7.433,
        -11.102,
        1,
        7.622,
        -6.071,
        7.811,
        -5.48,
        8,
        -5.48
      ]
    },
    {
      "Target": "Parameter",
      "Id": "HeadZ",
      "Segments": [
        0,
        12,
        1,
        0.056,
        12,
        0.111,
        11.928,
        0.167,
        11.582,
        1,
        0.534,
        9.299,
        0.9,
        6.125,
        1.267,
        4.472,
        1,
        1.556,
        3.171,
        1.844,
        3.06,
        2.133,
        3.06,
        1,
        2.455,
        3.06,
        2.778,
        3.059,
        3.1,
        3.068,
        1,
        3.322,
        3.074,
        3.545,
        4.479,
        3.767,
        5.436,
        1,
        3.856,
        5.818,
        3.944,
        6.872,
        4.033,
        7.9,
        1,
        4.1,
        8.671,
        4.166,
        9.667,
        4.233,
        9.667,
        1,
        4.422,
        9.667,
        4.611,
        5.759,
        4.8,
        0.894,
        1,
        4.856,
        -0.537,
        4.911,
        -0.507,
        4.967,
        -0.507,
        1,
        5.045,
        -0.507,
        5.122,
        0.825,
        5.2,
        1.871,
        1,
        5.344,
        3.812,
        5.489,
        4.983,
        5.633,
        6.817,
        1,
        5.733,
        8.086,
        5.833,
        9.096,
        5.933,
        9.096,
        0,
        6.5,
        7.492,
        1,
        6.622,
        7.492,
        6.745,
        8.509,
        6.867,
        9.096,
        1,
        7.067,
        10.056,
        7.267,
        10.762,
        7.467,
        11.357,
        1,
        7.645,
        11.887,
        7.822,
        12,
        8,
        12
      ]
    },
    {
      "Target": "Parameter",
      "Id": "EyeBallX",
      "Segments": [
        0,
        0.5,
        0,
        3.733,
        0.6,
        1,
        3.978,
        0.6,
        4.222,
        0.559,
        4.467,
        0.461,
        1,
        4.734,
        0.355,
        5,
        0.293,
        5.267,
        0.293,
        1,
        5.889,
        0.293,
        6.511,
        0.294,
        7.133,
        0.315,
        1,
        7.422,
        0.325,
        7.711,
        0.5,
        8,
        0.5
      ]
    },
    {
      "Target": "Parameter",
      "Id": "EyeBallY",
      "Segments": [
        0,
        -0.096,
        0,
        1.5,
        0,
        1,
        1.944,
        0,
        2.389,
        -0.173,
        2.833,
        -0.21,
        1,
        3.378,
        -0.255,
        3.922,
        -0.279,
        4.467,
        -0.294,
        1,
        4.734,
        -0.302,
        5,
        -0.3,
        5.267,
        -0.3,
        1,
        5.889,
        -0.3,
        6.511,
        -0.291,
        7.133,
        -0.23,
        1,
        7.422,
        -0.201,
        7.711,
        -0.096,
        8,
        -0.096
      ]
    },
    {
      "Target": "Parameter",
      "Id": "NeckZ",
      "Segments": [
        0,
        -1,
        0,
        1.1,
        -3.34,
        1,
        1.156,
        -3.34,
        1.211,
        -3.343,
        1.267,
        -3.281,
        1,
        1.556,
        -2.961,
        1.844,
        -2.74,
        2.133,
        -2.74,
        0,
        2.433,
        -2.741,
        1,
        2.689,
        -2.741,
        2.944,
        -2.741,
        3.2,
        -2.74,
        1,
        3.5,
        -2.738,
        3.8,
        1.69,
        4.1,
        4.112,
        1,
        4.2,
        4.92,
        4.3,
        5.595,
        4.4,
        5.595,
        1,
        4.444,
        5.595,
        4.489,
        4.371,
        4.533,
        3.328,
        1,
        4.655,
        0.46,
        4.778,
        -1.628,
        4.9,
        -4.446,
        1,
        4.956,
        -5.727,
        5.011,
        -6.843,
        5.067,
        -6.843,
        1,
        5.111,
        -6.843,
        5.156,
        -6.033,
        5.2,
        -5.804,
        1,
        5.367,
        -4.945,
        5.533,
        -4.472,
        5.7,
        -3.611,
        1,
        5.856,
        -2.806,
        6.011,
        -2.118,
        6.167,
        -2.118,
        0,
        6.833,
        -4.173,
        0,
        8,
        -1
      ]
    },
    {
      "Target": "Parameter",
      "Id": "BodyX",
      "Segments": [
        0,
        -3,
        1,
        0.422,
        -3,
        0.845,
        -3.628,
        1.267,
        -4.204,
        1,
        1.656,
        -4.735,
        2.044,
        -4.814,
        2.433,
        -4.814,
        2,
        2.733,
        -4.814,
        2,
        3.1,
        -4.814,
        2,
        3.733,
        -4.814,
        0,
        4.133,
        -5.735,
        1,
        4.366,
        -5.735,
        4.6,
        -4.932,
        4.833,
        -4.204,
        1,
        5.033,
        -3.581,
        5.233,
        -3.467,
        5.433,
        -2.802,
        1,
        5.589,
        -2.286,
        5.744,
        -1.1,
        5.9,
        -1.1,
        0,
        8,
        -3
      ]
    },
    {
      "Target": "Parameter",
      "Id": "BodyY",
      "Segments": [
        0,
        4.92,
        0,
        0.233,
        6.574,
        1,
        0.366,
        6.574,
        0.5,
        5.529,
        0.633,
        4.324,
        1,
        0.755,
        3.22,
        0.878,
        2.957,
        1,
        2.957,
        1,
        1.122,
        2.957,
        1.245,
        2.95,
        1.367,
        4.019,
        1,
        1.656,
        6.544,
        1.944,
        8.871,
        2.233,
        8.871,
        2,
        2.733,
        8.871,
        1,
        2.855,
        8.871,
        2.978,
        8.856,
        3.1,
        8.895,
        1,
        3.5,
        9.024,
        3.9,
        9.29,
        4.3,
        9.57,
        1,
        4.467,
        9.687,
        4.633,
        10,
        4.8,
        10,
        1,
        5.056,
        10,
        5.311,
        10.189,
        5.567,
        9.57,
        1,
        6.378,
        7.606,
        7.189,
        4.92,
        8,
        4.92
      ]
    },
    {
      "Target": "Parameter",
      "Id": "BodyZ",
      "Segments": [
        0,
        1.3,
        1,
        0.078,
        1.3,
        0.155,
        1.366,
        0.233,
        1.408,
        1,
        0.422,
        1.509,
        0.611,
        1.577,
        0.8,
        1.667,
        1,
        1.189,
        1.853,
        1.578,
        2.009,
        1.967,
        2.235,
        1,
        2.122,
        2.325,
        2.278,
        2.597,
        2.433,
        2.762,
        1,
        2.533,
        2.868,
        2.633,
        2.907,
        2.733,
        2.907,
        1,
        2.944,
        2.907,
        3.156,
        2.712,
        3.367,
        1.81,
        1,
        3.511,
        1.194,
        3.656,
        0.406,
        3.8,
        0.406,
        2,
        4.067,
        0.406,
        1,
        4.245,
        0.406,
        4.422,
        0.557,
        4.6,
        1.344,
        1,
        4.689,
        1.738,
        4.778,
        2.578,
        4.867,
        2.578,
        2,
        5.1,
        2.578,
        0,
        5.6,
        2.138,
        0,
        5.933,
        2.482,
        1,
        6.244,
        2.482,
        6.556,
        2.278,
        6.867,
        1.923,
        1,
        7.245,
        1.492,
        7.622,
        1.3,
        8,
        1.3
      ]
    },
    {
      "Target": "Parameter",
      "Id": "BodyUpper",
      "Segments": [
        0,
        0,
        2,
        0.533,
        0,
        0,
        1,
        -0.852,
        1,
        1.089,
        -0.852,
        1.178,
        -0.83,
        1.267,
        -0.164,
        1,
        1.422,
        1.003,
        1.578,
        2.879,
        1.733,
        4.575,
        1,
        1.866,
        6.028,
        2,
        6.961,
        2.133,
        6.961,
        2,
        2.733,
        6.961,
        1,
        2.855,
        6.961,
        2.978,
        6.972,
        3.1,
        6.77,
        1,
        3.389,
        6.293,
        3.678,
        5.32,
        3.967,
        4.872,
        1,
        4.256,
        4.423,
        4.544,
        4.357,
        4.833,
        3.831,
        1,
        5.155,
        3.244,
        5.478,
        0.769,
        5.8,
        0.551,
        1,
        6.533,
        0.055,
        7.267,
        0,
        8,
        0
      ]
    },
    {
      "Target": "Parameter",
      "Id": "Breath",
      "Segments": [
        0,
        0,
        1,
        0.422,
        0,
        0.845,
        0.154,
        1.267,
        0.448,
        1,
        1.322,
        0.487,
        1.378,
        0.5,
        1.433,
        0.5,
        1,
        1.989,
        0.5,
        2.544,
        0.419,
        3.1,
        0.349,
        1,
        4.033,
        0.23,
        4.967,
        0.112,
        5.9,
        0.048,
        1,
        6.6,
        0.001,
        7.3,
        0,
        8,
        0
      ]
    },
    {
      "Target": "Parameter",
      "Id": "ShoulderL_Move",
      "Segments": [
        0,
        1.2,
        0,
        1,
        4.947,
        0,
        1.8,
        4.26,
        2,
        2.733,
        4.26,
        0,
        3.1,
        3.735,
        1,
        3.322,
        3.735,
        3.545,
        3.722,
        3.767,
        4.317,
        1,
        3.934,
        4.763,
        4.1,
        6.68,
        4.267,
        6.68,
        0,
        5.033,
        3.735,
        0,
        5.967,
        5.444,
        0,
        8,
        1.2
      ]
    },
    {
      "Target": "Parameter",
      "Id": "ShoulderR_Move",
      "Segments": [
        0,
        1.84,
        0,
        0.833,
        5.093,
        1,
        1.155,
        5.093,
        1.478,
        4.325,
        1.8,
        4.2,
        1,
        2.111,
        4.079,
        2.422,
        4.088,
        2.733,
        4,
        1,
        2.855,
        3.966,
        2.978,
        3.833,
        3.1,
        3.491,
        1,
        3.289,
        2.963,
        3.478,
        1.157,
        3.667,
        1.157,
        2,
        4.1,
        1.157,
        1,
        4.322,
        1.157,
        4.545,
        2.021,
        4.767,
        4.2,
        1,
        4.856,
        5.072,
        4.944,
        5.808,
        5.033,
        5.808,
        0,
        5.633,
        1.502,
        0,
        6.4,
        3.781,
        0,
        8,
        1.84
      ]
    },
    {
      "Target": "Parameter",
      "Id": "ElbowL_Roll",
      "Segments": [
        0,
        -23.952,
        0,
        0.6,
        -24.223,
        1,
        0.833,
        -24.223,
        1.067,
        -24.213,
        1.3,
        -24.146,
        1,
        1.633,
        -24.051,
        1.967,
        -23.852,
        2.3,
        -23.781,
        1,
        2.822,
        -23.669,
        3.345,
        -23.626,
        3.867,
        -23.517,
        1,
        4.045,
        -23.48,
        4.222,
        -23.317,
        4.4,
        -23.317,
        0,
        5.133,
        -24.211,
        0,
        5.9,
        -23.4,
        0,
        8,
        -23.952
      ]
    },
    {
      "Target": "Parameter",
      "Id": "HandL_Roll",
      "Segments": [
        0,
        -5.6,
        0,
        1.467,
        -5.222,
        1,
        1.611,
        -5.222,
        1.756,
        -5.535,
        1.9,
        -5.635,
        1,
        2.067,
        -5.751,
        2.233,
        -5.746,
        2.4,
        -5.86,
        1,
        2.589,
        -5.988,
        2.778,
        -6.215,
        2.967,
        -6.215,
        1,
        3.156,
        -6.215,
        3.344,
        -5.87,
        3.533,
        -5.56,
        1,
        3.7,
        -5.286,
        3.866,
        -5.251,
        4.033,
        -5.251,
        1,
        4.155,
        -5.251,
        4.278,
        -5.607,
        4.4,
        -5.841,
        1,
        4.533,
        -6.096,
        4.667,
        -6.119,
        4.8,
        -6.119,
        1,
        4.856,
        -6.119,
        4.911,
        -5.943,
        4.967,
        -5.894,
        1,
        5.156,
        -5.727,
        5.344,
        -5.685,
        5.533,
        -5.685,
        0,
        5.867,
        -5.841,
        0,
        8,
        -5.6
      ]
    },
    {
      "Target": "Parameter",
      "Id": "Arm02L_Strech",
      "Segments": [
        0,
        0.973,
        0,
        0.867,
        0.462,
        1,
        1,
        0.462,
        1.134,
        0.463,
        1.267,
        0.478,
        1,
        1.511,
        0.506,
        1.756,
        0.531,
        2,
        0.531,
        2,
        2.533,
        0.531,
        1,
        3.1,
        0.531,
        3.666,
        0.59,
        4.233,
        0.793,
        1,
        4.678,
        0.952,
        5.122,
        1.094,
        5.567,
        1.094,
        0,
        8,
        0.973
      ]
    },
    {
      "Target": "Parameter",
      "Id": "HandL_Strech",
      "Segments": [
        0,
        0.001,
        1,
        0.189,
        0.001,
        0.378,
        -0.298,
        0.567,
        -0.517,
        1,
        0.8,
        -0.787,
        1.034,
        -0.995,
        1.267,
        -1.143,
        1,
        1.711,
        -1.426,
        2.156,
        -1.511,
        2.6,
        -1.511,
        1,
        2.7,
        -1.511,
        2.8,
        -1.467,
        2.9,
        -1.427,
        1,
        2.967,
        -1.4,
        3.033,
        -1.397,
        3.1,
        -1.37,
        1,
        3.233,
        -1.317,
        3.367,
        -1.27,
        3.5,
        -1.27,
        1,
        3.6,
        -1.27,
        3.7,
        -1.347,
        3.8,
        -1.852,
        1,
        3.9,
        -2.357,
        4,
        -2.939,
        4.1,
        -2.939,
        1,
        4.2,
        -2.939,
        4.3,
        -2.088,
        4.4,
        -1.726,
        1,
        4.5,
        -1.364,
        4.6,
        -1.051,
        4.7,
        -1.025,
        1,
        5.1,
        -0.918,
        5.5,
        -0.92,
        5.9,
        -0.763,
        1,
        6.6,
        -0.488,
        7.3,
        0.001,
        8,
        0.001
      ]
    },
    {
      "Target": "Parameter",
      "Id": "ShoulderR_Roll",
      "Segments": [
        0,
        -7,
        1,
        0.422,
        -7,
        0.845,
        -7.397,
        1.267,
        -7.756,
        1,
        1.611,
        -8.048,
        1.956,
        -8.08,
        2.3,
        -8.08,
        2,
        3.367,
        -8.08,
        0,
        4.3,
        -8.584,
        1,
        4.433,
        -8.584,
        4.567,
        -8.35,
        4.7,
        -8.243,
        1,
        5.8,
        -7.361,
        6.9,
        -7,
        8,
        -7
      ]
    },
    {
      "Target": "Parameter",
      "Id": "ElbowR_Roll",
      "Segments": [
        0,
        23.918,
        1,
        0.456,
        23.918,
        0.911,
        24.11,
        1.367,
        24.141,
        1,
        1.922,
        24.178,
        2.478,
        24.17,
        3.033,
        24.209,
        1,
        3.478,
        24.241,
        3.922,
        24.796,
        4.367,
        24.796,
        0,
        5.033,
        24.3,
        2,
        5.633,
        24.3,
        1,
        5.889,
        24.3,
        6.144,
        24.153,
        6.4,
        24.086,
        1,
        6.933,
        23.946,
        7.467,
        23.918,
        8,
        23.918
      ]
    },
    {
      "Target": "Parameter",
      "Id": "HandR_Roll",
      "Segments": [
        0,
        -5.332,
        0,
        2.3,
        -5.532,
        1,
        2.522,
        -5.532,
        2.745,
        -5.557,
        2.967,
        -5.427,
        1,
        3.356,
        -5.2,
        3.744,
        -4.762,
        4.133,
        -4.762,
        1,
        4.555,
        -4.762,
        4.978,
        -5.091,
        5.4,
        -5.165,
        1,
        6.267,
        -5.316,
        7.133,
        -5.332,
        8,
        -5.332
      ]
    },
    {
      "Target": "Parameter",
      "Id": "Arm01R_Strech",
      "Segments": [
        0,
        -8.874,
        0,
        0.8,
        -9.434,
        2,
        1,
        -9.434,
        1,
        1.089,
        -9.434,
        1.178,
        -9.411,
        1.267,
        -9.368,
        1,
        1.611,
        -9.202,
        1.956,
        -8.875,
        2.3,
        -8.874,
        2,
        3.1,
        -8.874,
        0,
        3.967,
        -8.862,
        2,
        4.367,
        -8.862,
        0,
        5.033,
        -8.281,
        0,
        5.633,
        -8.874,
        2,
        8,
        -8.874
      ]
    },
    {
      "Target": "Parameter",
      "Id": "Arm02R_Strech",
      "Segments": [
        0,
        -3,
        0,
        0.533,
        -3.588,
        0,
        1.167,
        -3.296,
        1,
        1.2,
        -3.296,
        1.234,
        -3.278,
        1.267,
        -3.309,
        1,
        1.611,
        -3.624,
        1.956,
        -3.94,
        2.3,
        -3.94,
        2,
        2.433,
        -3.94,
        2,
        3,
        -3.94,
        1,
        3.078,
        -3.94,
        3.155,
        -3.6,
        3.233,
        -3.449,
        1,
        3.389,
        -3.147,
        3.544,
        -3.006,
        3.7,
        -2.734,
        1,
        3.911,
        -2.364,
        4.122,
        -2.115,
        4.333,
        -2.115,
        0,
        5.2,
        -2.542,
        1,
        5.3,
        -2.542,
        5.4,
        -2.396,
        5.5,
        -1.968,
        1,
        5.556,
        -1.73,
        5.611,
        -1.514,
        5.667,
        -1.514,
        1,
        5.756,
        -1.514,
        5.844,
        -1.586,
        5.933,
        -1.699,
        1,
        6.622,
        -2.575,
        7.311,
        -3,
        8,
        -3
      ]
    },
    {
      "Target": "Parameter",
      "Id": "HairUnder_Shaking",
      "Segments": [
        0,
        -0.174,
        0,
        0.267,
        -0.121,
        0,
        0.533,
        -0.196,
        0,
        0.733,
        -0.16,
        0,
        0.9,
        -0.171,
        0,
        1.167,
        -0.151,
        0,
        1.3,
        -0.165,
        0,
        1.667,
        -0.138,
        0,
        1.967,
        -0.159,
        0,
        2.133,
        -0.157,
        0,
        2.5,
        -0.179,
        0,
        2.767,
        -0.151,
        1,
        2.878,
        -0.151,
        2.989,
        -0.178,
        3.1,
        -0.217,
        1,
        3.133,
        -0.229,
        3.167,
        -0.23,
        3.2,
        -0.23,
        0,
        3.7,
        -0.174,
        0,
        3.967,
        -0.196,
        0,
        4.233,
        -0.145,
        0,
        4.467,
        -0.179,
        1,
        4.556,
        -0.179,
        4.644,
        -0.176,
        4.733,
        -0.159,
        1,
        4.944,
        -0.117,
        5.156,
        -0.034,
        5.367,
        -0.014,
        1,
        5.545,
        0.002,
        5.722,
        0,
        5.9,
        0,
        0,
        8,
        -0.174
      ]
    },
    {
      "Target": "Parameter",
      "Id": "Param9",
      "Segments": [
        0,
        0,
        0,
        1.067,
        -3,
        2,
        1.9,
        -3,
        2,
        2.5,
        -3,
        0,
        3.333,
        -16.546,
        2,
        3.567,
        -16.546,
        0,
        8,
        0
      ]
    },
    {
      "Target": "PartOpacity",
      "Id": "Part12",
      "Segments": [
        0,
        1,
        2,
        8,
        1
      ]
    },
    {
      "Target": "PartOpacity",
      "Id": "Part2",
      "Segments": [
        0,
        1,
        2,
        8,
        1
      ]
    },
    {
      "Target": "PartOpacity",
      "Id": "Part3",
      "Segments": [
        0,
        1,
        2,
        8,
        1
      ]
    },
    {
      "Target": "PartOpacity",
      "Id": "Part4",
      "Segments": [
        0,
        1,
        2,
        8,
        1
      ]
    },
    {
      "Target": "PartOpacity",
      "Id": "Part5",
      "Segments": [
        0,
        1,
        2,
        8,
        1
      ]
    },
    {
      "Target": "PartOpacity",
      "Id": "Part6",
      "Segments": [
        0,
        1,
        2,
        8,
        1
      ]
    },
    {
      "Target": "PartOpacity",
      "Id": "Part7",
      "Segments": [
        0,
        1,
        2,
        8,
        1
      ]
    },
    {
      "Target": "PartOpacity",
      "Id": "Part8",
      "Segments": [
        0,
        1,
        2,
        8,
        1
      ]
    },
    {
      "Target": "PartOpacity",
      "Id": "Part9",
      "Segments": [
        0,
        1,
        2,
        8,
        1
      ]
    },
    {
      "Target": "PartOpacity",
      "Id": "Part28",
      "Segments": [
        0,
        1,
        2,
        8,
        1
      ]
    },
    {
      "Target": "PartOpacity",
      "Id": "Part10",
      "Segments": [
        0,
        1,
        2,
        8,
        1
      ]
    },
    {
      "Target": "PartOpacity",
      "Id": "Part15",
      "Segments": [
        0,
        1,
        2,
        8,
        1
      ]
    },
    {
      "Target": "PartOpacity",
      "Id": "Part14",
      "Segments": [
        0,
        1,
        2,
        8,
        1
      ]
    },
    {
      "Target": "PartOpacity",
      "Id": "Part",
      "Segments": [
        0,
        1,
        2,
        8,
        1
      ]
    },
    {
      "Target": "PartOpacity",
      "Id": "Part16",
      "Segments": [
        0,
        1,
        2,
        8,
        1
      ]
    },
    {
      "Target": "PartOpacity",
      "Id": "Part11",
      "Segments": [
        0,
        1,
        2,
        8,
        1
      ]
    },
    {
      "Target": "PartOpacity",
      "Id": "Part13",
      "Segments": [
        0,
        1,
        2,
        8,
        1
      ]
    },
    {
      "Target": "Model",
      "Id": "Opacity",
      "Segments": [
        0,
        1,
        0,
        8,
        1
      ]
    },
    {
      "Target": "Parameter",
      "Id": "BrowLY",
      "Segments": [
        0,
        0.198,
        0,
        8,
        0.198
      ]
    },
    {
      "Target": "Parameter",
      "Id": "BrowRY",
      "Segments": [
        0,
        -0.276,
        0,
        8,
        -0.276
      ]
    },
    {
      "Target": "Parameter",
      "Id": "BrowLX",
      "Segments": [
        0,
        -0.1,
        0,
        8,
        -0.1
      ]
    },
    {
      "Target": "Parameter",
      "Id": "BrowRX",
      "Segments": [
        0,
        -0.22,
        0,
        8,
        -0.22
      ]
    },
    {
      "Target": "Parameter",
      "Id": "BrowL_Angle",
      "Segments": [
        0,
        0.146,
        0,
        8,
        0.146
      ]
    },
    {
      "Target": "Parameter",
      "Id": "BrowR_Angle",
      "Segments": [
        0,
        0.052,
        0,
        8,
        0.052
      ]
    },
    {
      "Target": "Parameter",
      "Id": "BrowL_Form",
      "Segments": [
        0,
        -0.134,
        0,
        8,
        -0.134
      ]
    },
    {
      "Target": "Parameter",
      "Id": "BrowR_Form",
      "Segments": [
        0,
        0.13,
        0,
        8,
        0.13
      ]
    },
    {
      "Target": "Parameter",
      "Id": "EyeL_Open",
      "Segments": [
        0,
        1.1,
        0,
        8,
        1.1
      ]
    },
    {
      "Target": "Parameter",
      "Id": "EyeL_Smile",
      "Segments": [
        0,
        0,
        0,
        8,
        0
      ]
    },
    {
      "Target": "Parameter",
      "Id": "EyeR_Open",
      "Segments": [
        0,
        1.1,
        0,
        8,
        1.1
      ]
    },
    {
      "Target": "Parameter",
      "Id": "EyeR_Smile",
      "Segments": [
        0,
        0,
        0,
        8,
        0
      ]
    },
    {
      "Target": "Parameter",
      "Id": "EyeBall_Size",
      "Segments": [
        0,
        -0.536,
        0,
        8,
        -0.536
      ]
    },
    {
      "Target": "Parameter",
      "Id": "Mouth_Form",
      "Segments": [
        0,
        1,
        0,
        8,
        1
      ]
    },
    {
      "Target": "Parameter",
      "Id": "Mouth_Open",
      "Segments": [
        0,
        1,
        0,
        8,
        1
      ]
    },
    {
      "Target": "Parameter",
      "Id": "Mouth_Size",
      "Segments": [
        0,
        1,
        0,
        8,
        1
      ]
    },
    {
      "Target": "Parameter",
      "Id": "Param8",
      "Segments": [
        0,
        30,
        0,
        8,
        30
      ]
    },
    {
      "Target": "Parameter",
      "Id": "ShoulderL_Roll",
      "Segments": [
        0,
        -18.912,
        0,
        8,
        -18.912
      ]
    },
    {
      "Target": "Parameter",
      "Id": "Arm01L_Strech",
      "Segments": [
        0,
        -9.56,
        0,
        8,
        -9.56
      ]
    },
    {
      "Target": "Parameter",
      "Id": "Arm02L_Bias",
      "Segments": [
        0,
        -10,
        0,
        8,
        -10
      ]
    },
    {
      "Target": "Parameter",
      "Id": "HandL01",
      "Segments": [
        0,
        0,
        0,
        8,
        0
      ]
    },
    {
      "Target": "Parameter",
      "Id": "HandL02",
      "Segments": [
        0,
        1,
        0,
        8,
        1
      ]
    },
    {
      "Target": "Parameter",
      "Id": "Param2",
      "Segments": [
        0,
        -30,
        0,
        8,
        -30
      ]
    },
    {
      "Target": "Parameter",
      "Id": "Param5",
      "Segments": [
        0,
        20,
        0,
        8,
        20
      ]
    },
    {
      "Target": "Parameter",
      "Id": "Arm02R_Bias",
      "Segments": [
        0,
        -10,
        0,
        8,
        -10
      ]
    },
    {
      "Target": "Parameter",
      "Id": "ArmR_Front",
      "Segments": [
        0,
        1,
        0,
        8,
        1
      ]
    },
    {
      "Target": "Parameter",
      "Id": "HandR_Front",
      "Segments": [
        0,
        0,
        0,
        8,
        0
      ]
    },
    {
      "Target": "Parameter",
      "Id": "HandR_Strech",
      "Segments": [
        0,
        3,
        0,
        8,
        3
      ]
    },
    {
      "Target": "Parameter",
      "Id": "HandR01",
      "Segments": [
        0,
        0,
        0,
        8,
        0
      ]
    },
    {
      "Target": "Parameter",
      "Id": "HandR02",
      "Segments": [
        0,
        1,
        0,
        8,
        1
      ]
    },
    {
      "Target": "Parameter",
      "Id": "Param",
      "Segments": [
        0,
        0,
        0,
        8,
        0
      ]
    },
    {
      "Target": "Parameter",
      "Id": "Param6",
      "Segments": [
        0,
        10,
        0,
        8,
        10
      ]
    },
    {
      "Target": "Parameter",
      "Id": "Param7",
      "Segments": [
        0,
        30,
        0,
        8,
        30
      ]
    },
    {
      "Target": "Parameter",
      "Id": "Param3",
      "Segments": [
        0,
        -6.004,
        0,
        8,
        -6.004
      ]
    },
    {
      "Target": "Parameter",
      "Id": "Param4",
      "Segments": [
        0,
        4,
        0,
        8,
        4
      ]
    },
    {
      "Target": "Parameter",
      "Id": "ALLX",
      "Segments": [
        0,
        3,
        0,
        8,
        3
      ]
    },
    {
      "Target": "Parameter",
      "Id": "ALLY",
      "Segments": [
        0,
        -1,
        0,
        8,
        -1
      ]
    },
    {
      "Target": "Parameter",
      "Id": "ALLZ",
      "Segments": [
        0,
        0,
        0,
        8,
        0
      ]
    }
  ],
  "UserData": [
    {
      "Time": 0.0,
      "Value": ""
    }
  ]
}