{
  "Version": 3,
  "Meta": {
    "Duration": 1.8,
    "Fps": 30.0,
    "Loop": true,
    "AreBeziersRestricted": true,
    "CurveCount": 80,
    "TotalSegmentCount": 238,
    "TotalPointCount": 350,
    "UserDataCount": 1,
    "TotalUserDataSize": 0
  },
  "Curves": [
    {
      "Target": "Parameter",
      "Id": "HeadX",
      "Segments": [
        0,
        0,
        0,
        0.3,
        0.522,
        0,
        0.9,
        -8,
        0,
        1.333,
        -4.08,
        2,
        1.8,
        -4.08
      ]
    },
    {
      "Target": "Parameter",
      "Id": "HeadY",
      "Segments": [
        0,
        0,
        1,
        0.1,
        0,
        0.2,
        -9.713,
        0.3,
        -11.102,
        1,
        0.411,
        -12.645,
        0.522,
        -12.518,
        0.633,
        -12.518,
        0,
        0.833,
        4.518,
        0,
        1.033,
        -18.954,
        0,
        1.333,
        -5.48,
        2,
        1.8,
        -5.48
      ]
    },
    {
      "Target": "Parameter",
      "Id": "HeadZ",
      "Segments": [
        0,
        0,
        0,
        1.333,
        12,
        2,
        1.8,
        12
      ]
    },
    {
      "Target": "Parameter",
      "Id": "BrowLY",
      "Segments": [
        0,
        0,
        2,
        0.167,
        0,
        0,
        0.567,
        0.198,
        2,
        1.8,
        0.198
      ]
    },
    {
      "Target": "Parameter",
      "Id": "BrowRY",
      "Segments": [
        0,
        0,
        2,
        0.167,
        0,
        0,
        0.567,
        -0.276,
        2,
        1.8,
        -0.276
      ]
    },
    {
      "Target": "Parameter",
      "Id": "BrowLX",
      "Segments": [
        0,
        0,
        2,
        0.167,
        0,
        0,
        0.567,
        -0.1,
        2,
        1.8,
        -0.1
      ]
    },
    {
      "Target": "Parameter",
      "Id": "BrowRX",
      "Segments": [
        0,
        0,
        2,
        0.167,
        0,
        0,
        0.567,
        -0.22,
        2,
        1.8,
        -0.22
      ]
    },
    {
      "Target": "Parameter",
      "Id": "BrowL_Angle",
      "Segments": [
        0,
        0,
        2,
        0.167,
        0,
        0,
        0.567,
        0.146,
        2,
        1.8,
        0.146
      ]
    },
    {
      "Target": "Parameter",
      "Id": "BrowR_Angle",
      "Segments": [
        0,
        0,
        2,
        0.167,
        0,
        0,
        0.567,
        0.052,
        2,
        1.8,
        0.052
      ]
    },
    {
      "Target": "Parameter",
      "Id": "BrowL_Form",
      "Segments": [
        0,
        0,
        2,
        0.167,
        0,
        0,
        0.567,
        -0.134,
        2,
        1.8,
        -0.134
      ]
    },
    {
      "Target": "Parameter",
      "Id": "BrowR_Form",
      "Segments": [
        0,
        0,
        2,
        0.167,
        0,
        0,
        0.567,
        0.13,
        2,
        1.8,
        0.13
      ]
    },
    {
      "Target": "Parameter",
      "Id": "EyeL_Open",
      "Segments": [
        0,
        1,
        2,
        0.033,
        1,
        0,
        0.567,
        1.1,
        2,
        1.8,
        1.1
      ]
    },
    {
      "Target": "Parameter",
      "Id": "EyeR_Open",
      "Segments": [
        0,
        1,
        2,
        0.033,
        1,
        0,
        0.567,
        1.1,
        2,
        1.8,
        1.1
      ]
    },
    {
      "Target": "Parameter",
      "Id": "EyeBallX",
      "Segments": [
        0,
        0.5,
        2,
        0.3,
        0.5,
        0,
        0.9,
        0.4,
        0,
        1.267,
        0.5,
        2,
        1.8,
        0.5
      ]
    },
    {
      "Target": "Parameter",
      "Id": "EyeBallY",
      "Segments": [
        0,
        0,
        1,
        0.278,
        0,
        0.555,
        0,
        0.833,
        -0.008,
        1,
        0.978,
        -0.012,
        1.122,
        -0.096,
        1.267,
        -0.096,
        2,
        1.8,
        -0.096
      ]
    },
    {
      "Target": "Parameter",
      "Id": "EyeBall_Size",
      "Segments": [
        0,
        0,
        2,
        0.033,
        0,
        0,
        0.567,
        -0.536,
        2,
        1.8,
        -0.536
      ]
    },
    {
      "Target": "Parameter",
      "Id": "Mouth_Form",
      "Segments": [
        0,
        0,
        0,
        0.567,
        1,
        2,
        1.8,
        1
      ]
    },
    {
      "Target": "Parameter",
      "Id": "NeckZ",
      "Segments": [
        0,
        0,
        0,
        0.333,
        -1.153,
        1,
        0.466,
        -1.153,
        0.6,
        -0.96,
        0.733,
        0,
        1,
        0.822,
        0.64,
        0.911,
        1.544,
        1,
        1.544,
        0,
        1.333,
        -1,
        2,
        1.8,
        -1
      ]
    },
    {
      "Target": "Parameter",
      "Id": "Param8",
      "Segments": [
        0,
        0,
        2,
        0.667,
        0,
        0,
        1.067,
        30,
        2,
        1.8,
        30
      ]
    },
    {
      "Target": "Parameter",
      "Id": "BodyX",
      "Segments": [
        0,
        0,
        0,
        0.3,
        -0.112,
        0,
        0.9,
        2.99,
        0,
        1.333,
        -3,
        2,
        1.467,
        -3,
        2,
        1.8,
        -3
      ]
    },
    {
      "Target": "Parameter",
      "Id": "BodyY",
      "Segments": [
        0,
        0,
        0,
        0.367,
        -1.92,
        1,
        0.456,
        -1.92,
        0.544,
        4.561,
        0.633,
        5.9,
        1,
        0.666,
        6.402,
        0.7,
        6.178,
        0.733,
        6.178,
        1,
        0.789,
        6.178,
        0.844,
        5.048,
        0.9,
        5.015,
        1,
        1.044,
        4.928,
        1.189,
        4.92,
        1.333,
        4.92,
        2,
        1.8,
        4.92
      ]
    },
    {
      "Target": "Parameter",
      "Id": "BodyZ",
      "Segments": [
        0,
        0,
        0,
        0.2,
        0.034,
        0,
        0.567,
        -2.268,
        1,
        0.678,
        -2.268,
        0.789,
        -1.229,
        0.9,
        0.312,
        1,
        0.978,
        1.391,
        1.055,
        1.724,
        1.133,
        1.724,
        0,
        1.367,
        1.3,
        2,
        1.8,
        1.3
      ]
    },
    {
      "Target": "Parameter",
      "Id": "BodyUpper",
      "Segments": [
        0,
        0,
        0,
        0.3,
        -1,
        0,
        0.8,
        0.078,
        0,
        1.333,
        0,
        2,
        1.8,
        0
      ]
    },
    {
      "Target": "Parameter",
      "Id": "ShoulderL_Move",
      "Segments": [
        0,
        0,
        1,
        0.1,
        0,
        0.2,
        -0.29,
        0.3,
        -1.151,
        1,
        0.356,
        -1.629,
        0.411,
        -2.074,
        0.467,
        -2.074,
        0,
        0.833,
        4,
        1,
        0.989,
        4,
        1.144,
        2.86,
        1.3,
        2.097,
        1,
        1.467,
        1.279,
        1.633,
        1.2,
        1.8,
        1.2
      ]
    },
    {
      "Target": "Parameter",
      "Id": "ShoulderR_Move",
      "Segments": [
        0,
        0,
        0,
        0.367,
        -1.33,
        0,
        0.9,
        5,
        1,
        1.056,
        5,
        1.211,
        2.834,
        1.367,
        2.282,
        1,
        1.511,
        1.769,
        1.656,
        1.84,
        1.8,
        1.84
      ]
    },
    {
      "Target": "Parameter",
      "Id": "ShoulderL_Roll",
      "Segments": [
        0,
        -1.5,
        0,
        0.333,
        0.718,
        1,
        0.422,
        0.718,
        0.511,
        -2.284,
        0.6,
        -7.452,
        1,
        0.667,
        -11.328,
        0.733,
        -17.964,
        0.8,
        -18.352,
        1,
        0.9,
        -18.934,
        1,
        -18.912,
        1.1,
        -18.912,
        2,
        1.8,
        -18.912
      ]
    },
    {
      "Target": "Parameter",
      "Id": "ElbowL_Roll",
      "Segments": [
        0,
        0,
        2,
        0.233,
        0,
        1,
        0.3,
        0,
        0.366,
        0.124,
        0.433,
        -1.142,
        1,
        0.5,
        -2.408,
        0.566,
        -13.969,
        0.633,
        -19.728,
        1,
        0.689,
        -24.526,
        0.744,
        -26.376,
        0.8,
        -26.376,
        0,
        1,
        -23.48,
        0,
        1.467,
        -23.952,
        2,
        1.8,
        -23.952
      ]
    },
    {
      "Target": "Parameter",
      "Id": "HandL_Roll",
      "Segments": [
        0,
        -0.5,
        0,
        0.233,
        0.8,
        1,
        0.344,
        0.8,
        0.456,
        0.654,
        0.567,
        -0.27,
        1,
        0.656,
        -1.01,
        0.744,
        -3.081,
        0.833,
        -3.831,
        1,
        1,
        -5.238,
        1.166,
        -5.6,
        1.333,
        -5.6,
        2,
        1.8,
        -5.6
      ]
    },
    {
      "Target": "Parameter",
      "Id": "Arm01L_Strech",
      "Segments": [
        0,
        0,
        2,
        0.367,
        0,
        1,
        0.422,
        0,
        0.478,
        -0.001,
        0.533,
        -0.599,
        1,
        0.578,
        -1.078,
        0.622,
        -3.064,
        0.667,
        -4.924,
        1,
        0.689,
        -5.854,
        0.711,
        -9.56,
        0.733,
        -9.56,
        2,
        1.8,
        -9.56
      ]
    },
    {
      "Target": "Parameter",
      "Id": "Arm02L_Strech",
      "Segments": [
        0,
        0,
        2,
        0.367,
        0,
        1,
        0.5,
        0,
        0.634,
        0.019,
        0.767,
        0.296,
        1,
        0.867,
        0.504,
        0.967,
        0.973,
        1.067,
        0.973,
        2,
        1.8,
        0.973
      ]
    },
    {
      "Target": "Parameter",
      "Id": "Arm02L_Bias",
      "Segments": [
        0,
        0,
        1,
        0.156,
        0,
        0.311,
        2.273,
        0.467,
        5.42,
        1,
        0.545,
        6.994,
        0.622,
        7.309,
        0.7,
        7.309,
        0,
        1.1,
        -10,
        2,
        1.8,
        -10
      ]
    },
    {
      "Target": "Parameter",
      "Id": "HandL_Strech",
      "Segments": [
        0,
        0,
        0,
        0.233,
        0.32,
        0,
        0.5,
        0,
        0,
        1.8,
        0.001
      ]
    },
    {
      "Target": "Parameter",
      "Id": "HandL01",
      "Segments": [
        0,
        1,
        2,
        0.567,
        1,
        0,
        0.6,
        0,
        2,
        1.8,
        0
      ]
    },
    {
      "Target": "Parameter",
      "Id": "HandL02",
      "Segments": [
        0,
        0,
        2,
        0.567,
        0,
        0,
        0.6,
        1,
        2,
        1.8,
        1
      ]
    },
    {
      "Target": "Parameter",
      "Id": "Param2",
      "Segments": [
        0,
        0,
        2,
        0.5,
        0,
        0,
        0.667,
        -30,
        2,
        1.8,
        -30
      ]
    },
    {
      "Target": "Parameter",
      "Id": "ShoulderR_Roll",
      "Segments": [
        0,
        1.4,
        1,
        0.111,
        1.4,
        0.222,
        1.114,
        0.333,
        -0.29,
        1,
        0.422,
        -1.413,
        0.511,
        -3.035,
        0.6,
        -5.226,
        1,
        0.689,
        -7.417,
        0.778,
        -10.371,
        0.867,
        -10.371,
        0,
        1.1,
        -6.945,
        0,
        1.433,
        -7,
        2,
        1.8,
        -7
      ]
    },
    {
      "Target": "Parameter",
      "Id": "ElbowR_Roll",
      "Segments": [
        0,
        -1,
        1,
        0.167,
        -1,
        0.333,
        -0.626,
        0.5,
        1.327,
        1,
        0.556,
        1.978,
        0.611,
        12.944,
        0.667,
        18.97,
        1,
        0.722,
        24.996,
        0.778,
        28.239,
        0.833,
        28.239,
        1,
        0.9,
        28.239,
        0.966,
        25.985,
        1.033,
        25.028,
        1,
        1.066,
        24.549,
        1.1,
        24.527,
        1.133,
        24.314,
        1,
        1.178,
        24.03,
        1.222,
        23.918,
        1.267,
        23.918,
        2,
        1.567,
        23.918,
        2,
        1.8,
        23.918
      ]
    },
    {
      "Target": "Parameter",
      "Id": "HandR_Roll",
      "Segments": [
        0,
        1,
        0,
        0.567,
        1.831,
        0,
        0.667,
        -1.564,
        0,
        0.833,
        0.864,
        1,
        0.878,
        0.864,
        0.922,
        1.003,
        0.967,
        0,
        1,
        1.067,
        -2.257,
        1.167,
        -5.332,
        1.267,
        -5.332,
        2,
        1.8,
        -5.332
      ]
    },
    {
      "Target": "Parameter",
      "Id": "Arm01R_Strech",
      "Segments": [
        0,
        0,
        2,
        0.433,
        0,
        1,
        0.566,
        0,
        0.7,
        -4.362,
        0.833,
        -6.826,
        1,
        0.944,
        -8.88,
        1.056,
        -8.874,
        1.167,
        -8.874,
        2,
        1.8,
        -8.874
      ]
    },
    {
      "Target": "Parameter",
      "Id": "Arm02R_Strech",
      "Segments": [
        0,
        0,
        2,
        0.6,
        0,
        0,
        1.433,
        -3,
        2,
        1.8,
        -3
      ]
    },
    {
      "Target": "Parameter",
      "Id": "Arm02R_Bias",
      "Segments": [
        0,
        0,
        1,
        0.167,
        0,
        0.333,
        -0.175,
        0.5,
        -1,
        1,
        0.544,
        -1.22,
        0.589,
        -10,
        0.633,
        -10,
        2,
        1.8,
        -10
      ]
    },
    {
      "Target": "Parameter",
      "Id": "ArmR_Front",
      "Segments": [
        0,
        0,
        2,
        0.533,
        0,
        0,
        0.567,
        1,
        2,
        1.8,
        1
      ]
    },
    {
      "Target": "Parameter",
      "Id": "HandR_Front",
      "Segments": [
        0,
        1,
        2,
        0.933,
        1,
        0,
        0.967,
        0,
        2,
        1.8,
        0
      ]
    },
    {
      "Target": "Parameter",
      "Id": "HandR_Strech",
      "Segments": [
        0,
        0,
        0,
        1.433,
        3,
        2,
        1.8,
        3
      ]
    },
    {
      "Target": "Parameter",
      "Id": "HandR01",
      "Segments": [
        0,
        1,
        2,
        0.5,
        1,
        0,
        0.533,
        0.008,
        1,
        0.955,
        0.002,
        1.378,
        0,
        1.8,
        0
      ]
    },
    {
      "Target": "Parameter",
      "Id": "HandR02",
      "Segments": [
        0,
        0,
        2,
        0.5,
        0,
        0,
        0.533,
        1,
        2,
        1.8,
        1
      ]
    },
    {
      "Target": "Parameter",
      "Id": "Param",
      "Segments": [
        0,
        0,
        2,
        0.5,
        0,
        1,
        0.522,
        0,
        0.545,
        13.072,
        0.567,
        15,
        1,
        0.6,
        17.892,
        0.634,
        18,
        0.667,
        18,
        0,
        1.167,
        0,
        2,
        1.8,
        0
      ]
    },
    {
      "Target": "Parameter",
      "Id": "Param6",
      "Segments": [
        0,
        27,
        2,
        0.5,
        27,
        1,
        0.544,
        27,
        0.589,
        15.983,
        0.633,
        15,
        1,
        0.811,
        11.069,
        0.989,
        10,
        1.167,
        10,
        2,
        1.8,
        10
      ]
    },
    {
      "Target": "Parameter",
      "Id": "Param7",
      "Segments": [
        0,
        0,
        2,
        0.5,
        0,
        0,
        0.633,
        30,
        2,
        1.8,
        30
      ]
    },
    {
      "Target": "Parameter",
      "Id": "HairUnder_Shaking",
      "Segments": [
        0,
        -0.017,
        0,
        0.2,
        0.014,
        0,
        0.533,
        -0.077,
        0,
        0.833,
        0.25,
        0,
        1.133,
        -0.28,
        0,
        1.5,
        0.308,
        0,
        1.8,
        -0.174
      ]
    },
    {
      "Target": "Parameter",
      "Id": "Param9",
      "Segments": [
        0,
        -15,
        2,
        0.333,
        -15,
        1,
        0.511,
        -15,
        0.689,
        -8.632,
        0.867,
        -4,
        1,
        1.011,
        -0.236,
        1.156,
        0,
        1.3,
        0,
        2,
        1.8,
        0
      ]
    },
    {
      "Target": "Parameter",
      "Id": "Param3",
      "Segments": [
        0,
        0,
        2,
        0.333,
        0,
        0,
        1.167,
        -6.004,
        2,
        1.8,
        -6.004
      ]
    },
    {
      "Target": "Parameter",
      "Id": "Param4",
      "Segments": [
        0,
        0,
        2,
        0.333,
        0,
        0,
        1.167,
        4,
        2,
        1.8,
        4
      ]
    },
    {
      "Target": "Parameter",
      "Id": "ALLX",
      "Segments": [
        0,
        0,
        2,
        0.5,
        0,
        0,
        1,
        3,
        2,
        1.8,
        3
      ]
    },
    {
      "Target": "Parameter",
      "Id": "ALLY",
      "Segments": [
        0,
        0,
        2,
        0.5,
        0,
        0,
        1,
        -1,
        2,
        1.8,
        -1
      ]
    },
    {
      "Target": "PartOpacity",
      "Id": "Part12",
      "Segments": [
        0,
        1,
        2,
        1.8,
        1
      ]
    },
    {
      "Target": "PartOpacity",
      "Id": "Part2",
      "Segments": [
        0,
        1,
        2,
        1.8,
        1
      ]
    },
    {
      "Target": "PartOpacity",
      "Id": "Part3",
      "Segments": [
        0,
        1,
        2,
        1.8,
        1
      ]
    },
    {
      "Target": "PartOpacity",
      "Id": "Part4",
      "Segments": [
        0,
        1,
        2,
        1.8,
        1
      ]
    },
    {
      "Target": "PartOpacity",
      "Id": "Part5",
      "Segments": [
        0,
        1,
        2,
        1.8,
        1
      ]
    },
    {
      "Target": "PartOpacity",
      "Id": "Part6",
      "Segments": [
        0,
        1,
        2,
        1.8,
        1
      ]
    },
    {
      "Target": "PartOpacity",
      "Id": "Part7",
      "Segments": [
        0,
        1,
        2,
        1.8,
        1
      ]
    },
    {
      "Target": "PartOpacity",
      "Id": "Part8",
      "Segments": [
        0,
        1,
        2,
        1.8,
        1
      ]
    },
    {
      "Target": "PartOpacity",
      "Id": "Part9",
      "Segments": [
        0,
        1,
        2,
        1.8,
        1
      ]
    },
    {
      "Target": "PartOpacity",
      "Id": "Part28",
      "Segments": [
        0,
        1,
        2,
        1.8,
        1
      ]
    },
    {
      "Target": "PartOpacity",
      "Id": "Part10",
      "Segments": [
        0,
        1,
        2,
        1.8,
        1
      ]
    },
    {
      "Target": "PartOpacity",
      "Id": "Part15",
      "Segments": [
        0,
        1,
        2,
        1.8,
        1
      ]
    },
    {
      "Target": "PartOpacity",
      "Id": "Part14",
      "Segments": [
        0,
        1,
        2,
        1.8,
        1
      ]
    },
    {
      "Target": "PartOpacity",
      "Id": "Part",
      "Segments": [
        0,
        1,
        2,
        1.8,
        1
      ]
    },
    {
      "Target": "PartOpacity",
      "Id": "Part16",
      "Segments": [
        0,
        1,
        2,
        1.8,
        1
      ]
    },
    {
      "Target": "PartOpacity",
      "Id": "Part11",
      "Segments": [
        0,
        1,
        2,
        1.8,
        1
      ]
    },
    {
      "Target": "PartOpacity",
      "Id": "Part13",
      "Segments": [
        0,
        1,
        2,
        1.8,
        1
      ]
    },
    {
      "Target": "Model",
      "Id": "Opacity",
      "Segments": [
        0,
        1,
        0,
        1.8,
        1
      ]
    },
    {
      "Target": "Parameter",
      "Id": "EyeL_Smile",
      "Segments": [
        0,
        0,
        0,
        1.8,
        0
      ]
    },
    {
      "Target": "Parameter",
      "Id": "EyeR_Smile",
      "Segments": [
        0,
        0,
        0,
        1.8,
        0
      ]
    },
    {
      "Target": "Parameter",
      "Id": "Mouth_Open",
      "Segments": [
        0,
        1,
        0,
        1.8,
        1
      ]
    },
    {
      "Target": "Parameter",
      "Id": "Mouth_Size",
      "Segments": [
        0,
        1,
        0,
        1.8,
        1
      ]
    },
    {
      "Target": "Parameter",
      "Id": "Breath",
      "Segments": [
        0,
        0,
        0,
        1.8,
        0
      ]
    },
    {
      "Target": "Parameter",
      "Id": "Param5",
      "Segments": [
        0,
        20,
        0,
        1.8,
        20
      ]
    },
    {
      "Target": "Parameter",
      "Id": "ALLZ",
      "Segments": [
        0,
        0,
        0,
        1.8,
        0
      ]
    }
  ],
  "UserData": [
    {
      "Time": 0.0,
      "Value": ""
    }
  ]
}