{
  "Version": 3,
  "FileReferences": {
    "Moc": "kaireverse.moc3",
    "Textures": [
      "textures/texture_00.png"
    ],
    "Physics": "kaireverse.physics3.json",
    "Motions": {
      "": [
        {
          "File": "motions/c102b_0061.motion3.json"
        },
        {
          "File": "motions/c102b_0090.motion3.json"
        },
        {
          "File": "motions/c102b_0020.motion3.json"
        },
        {
          "File": "motions/c102b_0080.motion3.json"
        },
        {
          "File": "motions/c102b_0081.motion3.json"
        },
        {
          "File": "motions/c102b_0071.motion3.json"
        },
        {
          "File": "motions/c102b_0130.motion3.json"
        },
        {
          "File": "motions/c102b_0131.motion3.json"
        },
        {
          "File": "motions/c102b_0100.motion3.json"
        },
        {
          "File": "motions/c102b_0031.motion3.json"
        },
        {
          "File": "motions/c102b_0021.motion3.json"
        },
        {
          "File": "motions/c102b_0120.motion3.json"
        },
        {
          "File": "motions/c102b_0030.motion3.json"
        },
        {
          "File": "motions/c102b_0041.motion3.json"
        },
        {
          "File": "motions/c102b_0091.motion3.json"
        },
        {
          "File": "motions/c102b_0040.motion3.json"
        },
        {
          "File": "motions/c102b_0051.motion3.json"
        },
        {
          "File": "motions/c102b_0070.motion3.json"
        },
        {
          "File": "motions/c102b_0050.motion3.json"
        },
        {
          "File": "motions/c102b_0111.motion3.json"
        },
        {
          "File": "motions/c102b_0060.motion3.json"
        },
        {
          "File": "motions/c102b_0011.motion3.json"
        },
        {
          "File": "motions/c102b_0101.motion3.json"
        },
        {
          "File": "motions/c102b_0121.motion3.json"
        },
        {
          "File": "motions/c102b_0110.motion3.json"
        },
        {
          "File": "motions/c102b_0010.motion3.json"
        }
      ]
    }
  },
  "Groups": [
    {
      "Target": "Parameter",
      "Name": "EyeBlink",
      "Ids": [
        "EyeR_Open",
        "EyeR_Open",
        "EyeL_Open",
        "EyeL_Open"
      ]
    },
    {
      "Target": "Parameter",
      "Name": "LipSync",
      "Ids": [
        "Mouth_Size",
        "Mouth_Open",
        "Mouth_Open",
        "Mouth_Size"
      ]
    }
  ]
}