{
  "Version": 3,
  "Meta": {
    "Duration": 7.0,
    "Fps": 30.0,
    "Loop": true,
    "AreBeziersRestricted": true,
    "CurveCount": 84,
    "TotalSegmentCount": 199,
    "TotalPointCount": 263,
    "UserDataCount": 1,
    "TotalUserDataSize": 0
  },
  "Curves": [
    {
      "Target": "Parameter",
      "Id": "Breath",
      "Segments": [
        0,
        0,
        0,
        2.133,
        0.9,
        0,
        3.833,
        0,
        0,
        5.2,
        1,
        0,
        7,
        0
      ]
    },
    {
      "Target": "Parameter",
      "Id": "Body_Shaking",
      "Segments": [
        0,
        13,
        0,
        3.833,
        -12,
        0,
        7,
        13
      ]
    },
    {
      "Target": "Parameter",
      "Id": "Waist_Roll",
      "Segments": [
        0,
        4,
        0,
        1.2,
        1.9,
        0,
        3.267,
        3.58,
        0,
        4.9,
        1.291,
        0,
        7,
        4
      ]
    },
    {
      "Target": "Parameter",
      "Id": "Body_Pose1",
      "Segments": [
        0,
        8.072,
        0,
        0.567,
        2.973,
        0,
        1.267,
        8.072,
        0,
        2.067,
        0,
        0,
        2.9,
        8.072,
        0,
        3.8,
        2.973,
        0,
        4.667,
        8.072,
        0,
        5.733,
        2.973,
        0,
        7,
        8.072
      ]
    },
    {
      "Target": "Parameter",
      "Id": "BodyY",
      "Segments": [
        0,
        0,
        0,
        0.533,
        -11.169,
        0,
        1.267,
        0,
        0,
        2.2,
        -11.169,
        0,
        2.933,
        0,
        0,
        3.9,
        -11.169,
        0,
        4.733,
        0,
        0,
        5.767,
        -11.169,
        0,
        7,
        0
      ]
    },
    {
      "Target": "Parameter",
      "Id": "Body_Twist",
      "Segments": [
        0,
        0,
        0,
        1.8,
        -21.9,
        1,
        2.278,
        -21.9,
        2.755,
        -11.106,
        3.233,
        0,
        1,
        3.655,
        9.815,
        4.078,
        19.273,
        4.5,
        23.437,
        1,
        4.889,
        27.272,
        5.278,
        27.3,
        5.667,
        27.3,
        0,
        7,
        0
      ]
    },
    {
      "Target": "Parameter",
      "Id": "Head_AngleX",
      "Segments": [
        0,
        -5,
        0,
        1.3,
        -8,
        1,
        1.633,
        -8,
        1.967,
        -8.243,
        2.3,
        -7.354,
        1,
        2.733,
        -6.198,
        3.167,
        9.456,
        3.6,
        13,
        1,
        4.156,
        17.544,
        4.711,
        18,
        5.267,
        18,
        0,
        7,
        -5
      ]
    },
    {
      "Target": "Parameter",
      "Id": "Head_AngleY",
      "Segments": [
        0,
        0,
        0,
        1.3,
        -5,
        1,
        1.633,
        -5,
        1.967,
        -3.297,
        2.3,
        -2.354,
        1,
        2.733,
        -1.129,
        3.167,
        -1,
        3.6,
        -1,
        0,
        5.267,
        -12,
        0,
        7,
        0
      ]
    },
    {
      "Target": "Parameter",
      "Id": "Head_Roll",
      "Segments": [
        0,
        6,
        0,
        1.6,
        -8,
        0,
        3.433,
        2.851,
        0,
        5.033,
        -7,
        0,
        7,
        6
      ]
    },
    {
      "Target": "Parameter",
      "Id": "HeadY",
      "Segments": [
        0,
        0,
        0,
        1.567,
        -5,
        0,
        3.567,
        0,
        0,
        5.3,
        -1.14,
        0,
        7,
        0
      ]
    },
    {
      "Target": "Parameter",
      "Id": "EarringsL_Shaking",
      "Segments": [
        0,
        1,
        0,
        0.7,
        -0.6,
        0,
        1.367,
        0.272,
        0,
        2,
        -0.6,
        0,
        2.7,
        0.58,
        0,
        3.333,
        -1,
        0,
        3.9,
        0.344,
        0,
        4.633,
        -1,
        0,
        5.333,
        0.831,
        0,
        6.2,
        -1,
        0,
        7,
        1
      ]
    },
    {
      "Target": "Parameter",
      "Id": "EarringsR_Shaking",
      "Segments": [
        0,
        1,
        0,
        0.7,
        -1,
        0,
        1.367,
        0.624,
        0,
        2,
        -1,
        0,
        2.7,
        1,
        0,
        3.333,
        -0.1,
        0,
        3.9,
        1,
        0,
        4.633,
        -0.1,
        0,
        5.333,
        1,
        0,
        6.2,
        -1,
        0,
        7,
        1
      ]
    },
    {
      "Target": "Parameter",
      "Id": "HairFront_Shaking",
      "Segments": [
        0,
        0,
        1,
        0.189,
        0.304,
        0.378,
        0.3,
        0.567,
        0.3,
        0,
        1.567,
        -0.824,
        0,
        2.467,
        -0.271,
        0,
        3.567,
        -0.6,
        0,
        4.767,
        0.2,
        0,
        6.1,
        -0.824,
        0,
        7,
        0
      ]
    },
    {
      "Target": "Parameter",
      "Id": "HairSide_Shaking",
      "Segments": [
        0,
        -0.4,
        1,
        0.289,
        -0.276,
        0.578,
        -0.284,
        0.867,
        -0.284,
        1,
        1.145,
        -0.284,
        1.422,
        -0.293,
        1.7,
        -0.4,
        1,
        2.067,
        -0.541,
        2.433,
        -0.7,
        2.8,
        -0.7,
        0,
        4.767,
        0,
        0,
        7,
        -0.4
      ]
    },
    {
      "Target": "Parameter",
      "Id": "HairBack_Shaking",
      "Segments": [
        0,
        -0.2,
        0,
        0.633,
        -0.42,
        0,
        1.7,
        -0.342,
        1,
        1.856,
        -0.342,
        2.011,
        -0.366,
        2.167,
        -0.42,
        1,
        2.445,
        -0.516,
        2.722,
        -0.618,
        3,
        -0.714,
        1,
        3.367,
        -0.84,
        3.733,
        -0.9,
        4.1,
        -0.9,
        1,
        4.656,
        -0.9,
        5.211,
        -0.349,
        5.767,
        -0.252,
        1,
        6.178,
        -0.181,
        6.589,
        -0.2,
        7,
        -0.2
      ]
    },
    {
      "Target": "Parameter",
      "Id": "ShoulderRY",
      "Segments": [
        0,
        20,
        0,
        0.633,
        13,
        0,
        1.4,
        15.72,
        0,
        2.433,
        12,
        0,
        3.233,
        15.72,
        0,
        3.833,
        13,
        1,
        4.166,
        13,
        4.5,
        16.421,
        4.833,
        16.948,
        1,
        5.211,
        17.545,
        5.589,
        17.45,
        5.967,
        18,
        1,
        6.311,
        18.501,
        6.656,
        20,
        7,
        20
      ]
    },
    {
      "Target": "Parameter",
      "Id": "ShoulderR_Roll",
      "Segments": [
        0,
        -15.96,
        0,
        0.633,
        -18,
        2,
        1.4,
        -18,
        2,
        2.433,
        -18,
        0,
        3.233,
        -17,
        1,
        3.433,
        -17,
        3.633,
        -17.315,
        3.833,
        -17.54,
        1,
        4.166,
        -17.915,
        4.5,
        -18,
        4.833,
        -18,
        1,
        5.211,
        -18,
        5.589,
        -17.732,
        5.967,
        -17.04,
        1,
        6.311,
        -16.409,
        6.656,
        -16,
        7,
        -16
      ]
    },
    {
      "Target": "Parameter",
      "Id": "ArmR_Roll",
      "Segments": [
        0,
        27,
        0,
        0.633,
        28.38,
        0,
        1.4,
        27.6,
        0,
        2.433,
        28.74,
        0,
        3.233,
        28.44,
        0,
        3.833,
        29.28,
        1,
        4.166,
        29.28,
        4.5,
        28.911,
        4.833,
        28.56,
        1,
        5.211,
        28.162,
        5.589,
        27.962,
        5.967,
        27.595,
        1,
        6.311,
        27.26,
        6.656,
        27,
        7,
        27
      ]
    },
    {
      "Target": "Parameter",
      "Id": "ShoulderL_Roll",
      "Segments": [
        0,
        11.7,
        1,
        0.478,
        10.874,
        0.955,
        10.664,
        1.433,
        10.664,
        0,
        3.067,
        12.68,
        0,
        4.733,
        9.434,
        0,
        7,
        11.7
      ]
    },
    {
      "Target": "Parameter",
      "Id": "ArmL_Roll",
      "Segments": [
        0,
        -30,
        0,
        1.5,
        -29.76,
        0,
        3.1,
        -29.769,
        0,
        4.9,
        -29.64,
        0,
        7,
        -30
      ]
    },
    {
      "Target": "Parameter",
      "Id": "ArmL_Scale",
      "Segments": [
        0,
        -9,
        0,
        1.7,
        -11,
        0,
        3.733,
        -9,
        2,
        7,
        -9
      ]
    },
    {
      "Target": "Parameter",
      "Id": "HandL_Roll",
      "Segments": [
        0,
        13,
        1,
        0.544,
        13,
        1.089,
        13.021,
        1.633,
        12.921,
        1,
        2.155,
        12.825,
        2.678,
        10.305,
        3.2,
        10.305,
        0,
        4.967,
        13.733,
        0,
        7,
        13
      ]
    },
    {
      "Target": "Parameter",
      "Id": "LegL_Roll",
      "Segments": [
        0,
        0,
        0,
        1.233,
        2,
        0,
        3.667,
        -1,
        0,
        7,
        0
      ]
    },
    {
      "Target": "Parameter",
      "Id": "Skirt_Shaking",
      "Segments": [
        0,
        5,
        0,
        0.967,
        -9,
        0,
        1.967,
        4.019,
        0,
        3.267,
        -11.346,
        0,
        4.367,
        5,
        0,
        5.567,
        -9,
        0,
        7,
        5
      ]
    },
    {
      "Target": "Parameter",
      "Id": "Lowerbody_Roll",
      "Segments": [
        0,
        13,
        1,
        0.411,
        13,
        0.822,
        9.569,
        1.233,
        8.76,
        1,
        2.044,
        7.164,
        2.856,
        7,
        3.667,
        7,
        0,
        7,
        13
      ]
    },
    {
      "Target": "PartOpacity",
      "Id": "Part",
      "Segments": [
        0,
        1,
        2,
        7,
        1
      ]
    },
    {
      "Target": "PartOpacity",
      "Id": "Part3",
      "Segments": [
        0,
        1,
        2,
        7,
        1
      ]
    },
    {
      "Target": "PartOpacity",
      "Id": "Part4",
      "Segments": [
        0,
        1,
        2,
        7,
        1
      ]
    },
    {
      "Target": "PartOpacity",
      "Id": "Part5",
      "Segments": [
        0,
        1,
        2,
        7,
        1
      ]
    },
    {
      "Target": "PartOpacity",
      "Id": "Part6",
      "Segments": [
        0,
        1,
        2,
        7,
        1
      ]
    },
    {
      "Target": "PartOpacity",
      "Id": "Part7",
      "Segments": [
        0,
        1,
        2,
        7,
        1
      ]
    },
    {
      "Target": "PartOpacity",
      "Id": "Part8",
      "Segments": [
        0,
        1,
        2,
        7,
        1
      ]
    },
    {
      "Target": "PartOpacity",
      "Id": "Part39",
      "Segments": [
        0,
        1,
        2,
        7,
        1
      ]
    },
    {
      "Target": "PartOpacity",
      "Id": "Part9",
      "Segments": [
        0,
        1,
        2,
        7,
        1
      ]
    },
    {
      "Target": "PartOpacity",
      "Id": "Part31",
      "Segments": [
        0,
        0,
        2,
        7,
        0
      ]
    },
    {
      "Target": "PartOpacity",
      "Id": "Part28",
      "Segments": [
        0,
        1,
        2,
        7,
        1
      ]
    },
    {
      "Target": "PartOpacity",
      "Id": "Part29",
      "Segments": [
        0,
        0,
        2,
        7,
        0
      ]
    },
    {
      "Target": "PartOpacity",
      "Id": "Part30",
      "Segments": [
        0,
        1,
        2,
        7,
        1
      ]
    },
    {
      "Target": "PartOpacity",
      "Id": "Part32",
      "Segments": [
        0,
        1,
        2,
        7,
        1
      ]
    },
    {
      "Target": "PartOpacity",
      "Id": "Part34",
      "Segments": [
        0,
        0,
        2,
        7,
        0
      ]
    },
    {
      "Target": "PartOpacity",
      "Id": "Part33",
      "Segments": [
        0,
        1,
        2,
        7,
        1
      ]
    },
    {
      "Target": "PartOpacity",
      "Id": "Part10",
      "Segments": [
        0,
        1,
        2,
        7,
        1
      ]
    },
    {
      "Target": "PartOpacity",
      "Id": "Part11",
      "Segments": [
        0,
        1,
        2,
        7,
        1
      ]
    },
    {
      "Target": "PartOpacity",
      "Id": "Part12",
      "Segments": [
        0,
        1,
        2,
        7,
        1
      ]
    },
    {
      "Target": "PartOpacity",
      "Id": "Part25",
      "Segments": [
        0,
        1,
        2,
        7,
        1
      ]
    },
    {
      "Target": "PartOpacity",
      "Id": "Part17",
      "Segments": [
        0,
        0,
        2,
        7,
        0
      ]
    },
    {
      "Target": "PartOpacity",
      "Id": "Part27",
      "Segments": [
        0,
        1,
        2,
        7,
        1
      ]
    },
    {
      "Target": "PartOpacity",
      "Id": "Part26",
      "Segments": [
        0,
        1,
        2,
        7,
        1
      ]
    },
    {
      "Target": "PartOpacity",
      "Id": "Part22",
      "Segments": [
        0,
        1,
        2,
        7,
        1
      ]
    },
    {
      "Target": "PartOpacity",
      "Id": "Part24",
      "Segments": [
        0,
        0,
        2,
        7,
        0
      ]
    },
    {
      "Target": "PartOpacity",
      "Id": "Part23",
      "Segments": [
        0,
        1,
        2,
        7,
        1
      ]
    },
    {
      "Target": "PartOpacity",
      "Id": "Part35",
      "Segments": [
        0,
        1,
        2,
        7,
        1
      ]
    },
    {
      "Target": "PartOpacity",
      "Id": "Part37",
      "Segments": [
        0,
        1,
        2,
        7,
        1
      ]
    },
    {
      "Target": "PartOpacity",
      "Id": "Part36",
      "Segments": [
        0,
        1,
        2,
        7,
        1
      ]
    },
    {
      "Target": "PartOpacity",
      "Id": "Part38",
      "Segments": [
        0,
        1,
        2,
        7,
        1
      ]
    },
    {
      "Target": "PartOpacity",
      "Id": "Part2",
      "Segments": [
        0,
        1,
        2,
        7,
        1
      ]
    },
    {
      "Target": "PartOpacity",
      "Id": "Part13",
      "Segments": [
        0,
        1,
        2,
        7,
        1
      ]
    },
    {
      "Target": "Model",
      "Id": "Opacity",
      "Segments": [
        0,
        1,
        0,
        7,
        1
      ]
    },
    {
      "Target": "Parameter",
      "Id": "BodyX",
      "Segments": [
        0,
        0,
        0,
        7,
        0
      ]
    },
    {
      "Target": "Parameter",
      "Id": "Sweat",
      "Segments": [
        0,
        0,
        0,
        7,
        0
      ]
    },
    {
      "Target": "Parameter",
      "Id": "BrowR_Form1",
      "Segments": [
        0,
        0,
        0,
        7,
        0
      ]
    },
    {
      "Target": "Parameter",
      "Id": "BrowR_Form2",
      "Segments": [
        0,
        0,
        0,
        7,
        0
      ]
    },
    {
      "Target": "Parameter",
      "Id": "BrowL_Form1",
      "Segments": [
        0,
        0,
        0,
        7,
        0
      ]
    },
    {
      "Target": "Parameter",
      "Id": "BrowL_Form2",
      "Segments": [
        0,
        0,
        0,
        7,
        0
      ]
    },
    {
      "Target": "Parameter",
      "Id": "EyeR_Open",
      "Segments": [
        0,
        1,
        0,
        7,
        1
      ]
    },
    {
      "Target": "Parameter",
      "Id": "EyeR_Smile",
      "Segments": [
        0,
        1,
        0,
        7,
        1
      ]
    },
    {
      "Target": "Parameter",
      "Id": "EyeRY",
      "Segments": [
        0,
        1,
        0,
        7,
        1
      ]
    },
    {
      "Target": "Parameter",
      "Id": "EyeL_Open",
      "Segments": [
        0,
        1,
        0,
        7,
        1
      ]
    },
    {
      "Target": "Parameter",
      "Id": "EyeL_Smile",
      "Segments": [
        0,
        1,
        0,
        7,
        1
      ]
    },
    {
      "Target": "Parameter",
      "Id": "EyeLY",
      "Segments": [
        0,
        1,
        0,
        7,
        1
      ]
    },
    {
      "Target": "Parameter",
      "Id": "EyeBallX",
      "Segments": [
        0,
        0,
        0,
        7,
        0
      ]
    },
    {
      "Target": "Parameter",
      "Id": "EyeBallY",
      "Segments": [
        0,
        -0.2,
        0,
        7,
        -0.2
      ]
    },
    {
      "Target": "Parameter",
      "Id": "Mouth_Form1",
      "Segments": [
        0,
        0,
        0,
        7,
        0
      ]
    },
    {
      "Target": "Parameter",
      "Id": "Mouth_Form2",
      "Segments": [
        0,
        0.5,
        0,
        7,
        0.5
      ]
    },
    {
      "Target": "Parameter",
      "Id": "Mouth_Open",
      "Segments": [
        0,
        1,
        0,
        7,
        1
      ]
    },
    {
      "Target": "Parameter",
      "Id": "Mouth_Size",
      "Segments": [
        0,
        1,
        0,
        7,
        1
      ]
    },
    {
      "Target": "Parameter",
      "Id": "ShoulderR_Scale",
      "Segments": [
        0,
        -15,
        0,
        7,
        -15
      ]
    },
    {
      "Target": "Parameter",
      "Id": "HandR_Roll",
      "Segments": [
        0,
        0,
        0,
        7,
        0
      ]
    },
    {
      "Target": "Parameter",
      "Id": "HandR_Roll2",
      "Segments": [
        0,
        -15,
        0,
        7,
        -15
      ]
    },
    {
      "Target": "Parameter",
      "Id": "ArmR_Scale",
      "Segments": [
        0,
        -29,
        0,
        7,
        -29
      ]
    },
    {
      "Target": "Parameter",
      "Id": "ShoulderLY",
      "Segments": [
        0,
        22.4,
        0,
        7,
        22.4
      ]
    },
    {
      "Target": "Parameter",
      "Id": "ShoulderL_Scale",
      "Segments": [
        0,
        -29,
        0,
        7,
        -29
      ]
    },
    {
      "Target": "Parameter",
      "Id": "ShoulderL_move",
      "Segments": [
        0,
        1,
        0,
        7,
        1
      ]
    },
    {
      "Target": "Parameter",
      "Id": "LegR_Roll",
      "Segments": [
        0,
        0,
        0,
        7,
        0
      ]
    }
  ],
  "UserData": [
    {
      "Time": 0.0,
      "Value": ""
    }
  ]
}