{
  "Version": 3,
  "Meta": {
    "Duration": 1.333,
    "Fps": 30.0,
    "Loop": true,
    "AreBeziersRestricted": true,
    "CurveCount": 86,
    "TotalSegmentCount": 192,
    "TotalPointCount": 246,
    "UserDataCount": 1,
    "TotalUserDataSize": 0
  },
  "Curves": [
    {
      "Target": "Parameter",
      "Id": "Breath",
      "Segments": [
        0,
        0,
        0,
        0.7,
        0.7,
        0,
        1.333,
        0
      ]
    },
    {
      "Target": "Parameter",
      "Id": "Body_Shaking",
      "Segments": [
        0,
        0,
        0,
        0.167,
        -1,
        0,
        0.567,
        5,
        1,
        0.745,
        5,
        0.922,
        -5.264,
        1.1,
        -11.523,
        1,
        1.178,
        -14.261,
        1.255,
        -15.429,
        1.333,
        -16
      ]
    },
    {
      "Target": "Parameter",
      "Id": "Waist_Roll",
      "Segments": [
        0,
        0,
        0,
        0.2,
        -0.74,
        0,
        0.6,
        5.82,
        0,
        1.067,
        5,
        2,
        1.333,
        5
      ]
    },
    {
      "Target": "Parameter",
      "Id": "Body_Pose1",
      "Segments": [
        0,
        0,
        0,
        0.667,
        28,
        0,
        1.333,
        20
      ]
    },
    {
      "Target": "Parameter",
      "Id": "BodyY",
      "Segments": [
        0,
        0,
        0,
        0.2,
        -30,
        1,
        0.344,
        -30,
        0.489,
        -3.935,
        0.633,
        4,
        1,
        0.722,
        8.883,
        0.811,
        7.991,
        0.9,
        7.991,
        0,
        1.067,
        -12.3,
        1,
        1.156,
        -12.3,
        1.244,
        -0.458,
        1.333,
        0
      ]
    },
    {
      "Target": "Parameter",
      "Id": "Body_Twist",
      "Segments": [
        0,
        0,
        0,
        0.233,
        -5.3,
        0,
        0.633,
        28,
        0,
        1.067,
        -5.16,
        0,
        1.333,
        0
      ]
    },
    {
      "Target": "Parameter",
      "Id": "Head_AngleX",
      "Segments": [
        0,
        0,
        0,
        0.167,
        -9,
        0,
        0.667,
        13,
        0,
        1.133,
        -1,
        0,
        1.333,
        0
      ]
    },
    {
      "Target": "Parameter",
      "Id": "Head_AngleY",
      "Segments": [
        0,
        0,
        0,
        0.167,
        -2,
        0,
        0.667,
        10,
        0,
        1.133,
        -11,
        0,
        1.333,
        0
      ]
    },
    {
      "Target": "Parameter",
      "Id": "Head_Roll",
      "Segments": [
        0,
        0,
        0,
        0.233,
        -4,
        0,
        0.733,
        -0.04,
        1,
        0.844,
        -0.04,
        0.956,
        -5.886,
        1.067,
        -5.96,
        1,
        1.156,
        -6.019,
        1.244,
        -6,
        1.333,
        -6
      ]
    },
    {
      "Target": "Parameter",
      "Id": "EarringsL_Shaking",
      "Segments": [
        0,
        0,
        0,
        0.167,
        -0.3,
        0,
        0.667,
        1,
        0,
        1.067,
        -0.936,
        1,
        1.156,
        -0.936,
        1.244,
        -0.431,
        1.333,
        0
      ]
    },
    {
      "Target": "Parameter",
      "Id": "EarringsR_Shaking",
      "Segments": [
        0,
        0,
        0,
        0.167,
        -0.3,
        0,
        0.667,
        1,
        0,
        1.067,
        -0.9,
        1,
        1.156,
        -0.9,
        1.244,
        -0.425,
        1.333,
        0
      ]
    },
    {
      "Target": "Parameter",
      "Id": "BrowR_Form1",
      "Segments": [
        0,
        0,
        2,
        0.167,
        0,
        0,
        1.067,
        -1,
        2,
        1.333,
        -1
      ]
    },
    {
      "Target": "Parameter",
      "Id": "BrowR_Form2",
      "Segments": [
        0,
        0,
        0,
        0.167,
        1,
        0,
        1.067,
        0.9,
        2,
        1.333,
        0.9
      ]
    },
    {
      "Target": "Parameter",
      "Id": "BrowL_Form1",
      "Segments": [
        0,
        0,
        0,
        0.167,
        1,
        0,
        1.067,
        0.9,
        2,
        1.333,
        0.9
      ]
    },
    {
      "Target": "Parameter",
      "Id": "BrowL_Form2",
      "Segments": [
        0,
        0,
        2,
        0.167,
        0,
        0,
        1.067,
        -1,
        2,
        1.333,
        -1
      ]
    },
    {
      "Target": "Parameter",
      "Id": "EyeR_Open",
      "Segments": [
        0,
        1,
        0,
        0.167,
        0,
        2,
        1.067,
        0,
        2,
        1.333,
        0
      ]
    },
    {
      "Target": "Parameter",
      "Id": "EyeR_Smile",
      "Segments": [
        0,
        0,
        0,
        0.167,
        0.4,
        0,
        1.067,
        0.1,
        2,
        1.333,
        0.1
      ]
    },
    {
      "Target": "Parameter",
      "Id": "EyeL_Open",
      "Segments": [
        0,
        1,
        0,
        0.167,
        0,
        2,
        1.067,
        0,
        2,
        1.333,
        0
      ]
    },
    {
      "Target": "Parameter",
      "Id": "EyeL_Smile",
      "Segments": [
        0,
        0,
        0,
        0.167,
        0.4,
        0,
        1.067,
        0.1,
        2,
        1.333,
        0.1
      ]
    },
    {
      "Target": "Parameter",
      "Id": "EyeBallX",
      "Segments": [
        0,
        0,
        2,
        0.167,
        0,
        0,
        0.667,
        0.3,
        0,
        1.067,
        0,
        2,
        1.333,
        0
      ]
    },
    {
      "Target": "Parameter",
      "Id": "EyeBallY",
      "Segments": [
        0,
        0,
        2,
        0.167,
        0,
        0,
        0.667,
        -0.3,
        0,
        1.067,
        0,
        2,
        1.333,
        0
      ]
    },
    {
      "Target": "Parameter",
      "Id": "Mouth_Open",
      "Segments": [
        0,
        0.6,
        0,
        0.5,
        1,
        0,
        1.067,
        0.6,
        2,
        1.333,
        0.6
      ]
    },
    {
      "Target": "Parameter",
      "Id": "HairFront_Shaking",
      "Segments": [
        0,
        0,
        0,
        0.167,
        -0.401,
        0,
        0.7,
        0.624,
        1,
        0.856,
        0.624,
        1.011,
        -0.313,
        1.167,
        -0.5,
        1,
        1.222,
        -0.568,
        1.278,
        -0.5,
        1.333,
        -0.5
      ]
    },
    {
      "Target": "Parameter",
      "Id": "HairSide_Shaking",
      "Segments": [
        0,
        0,
        1,
        0.067,
        0,
        0.133,
        -0.259,
        0.2,
        -0.393,
        1,
        0.3,
        -0.594,
        0.4,
        -0.62,
        0.5,
        -0.62,
        0,
        1.2,
        -0.14,
        0,
        1.333,
        -0.174
      ]
    },
    {
      "Target": "Parameter",
      "Id": "HairBack_Shaking",
      "Segments": [
        0,
        0,
        0,
        0.333,
        -0.38,
        1,
        0.444,
        -0.38,
        0.556,
        -0.249,
        0.667,
        -0.212,
        1,
        0.889,
        -0.139,
        1.111,
        -0.13,
        1.333,
        -0.13
      ]
    },
    {
      "Target": "Parameter",
      "Id": "ShoulderRY",
      "Segments": [
        0,
        0,
        0,
        0.733,
        30,
        0,
        0.867,
        17,
        2,
        1.067,
        17,
        0,
        1.333,
        20
      ]
    },
    {
      "Target": "Parameter",
      "Id": "ShoulderR_Roll",
      "Segments": [
        0,
        0,
        2,
        0.167,
        0,
        0,
        0.733,
        -22,
        0,
        1.067,
        -16.98,
        1,
        1.156,
        -16.98,
        1.244,
        -17.022,
        1.333,
        -17.04
      ]
    },
    {
      "Target": "Parameter",
      "Id": "ShoulderR_Scale",
      "Segments": [
        0,
        0,
        0,
        1.067,
        -12,
        2,
        1.333,
        -12
      ]
    },
    {
      "Target": "Parameter",
      "Id": "ArmR_Roll",
      "Segments": [
        0,
        0,
        0,
        1.067,
        26.48,
        2,
        1.333,
        26.48
      ]
    },
    {
      "Target": "Parameter",
      "Id": "HandR_Roll",
      "Segments": [
        0,
        0,
        1,
        0.444,
        0,
        0.889,
        -3.983,
        1.333,
        -9.028
      ]
    },
    {
      "Target": "Parameter",
      "Id": "HandR_Roll2",
      "Segments": [
        0,
        0,
        0,
        1.067,
        -15,
        2,
        1.333,
        -15
      ]
    },
    {
      "Target": "Parameter",
      "Id": "ArmR_Scale",
      "Segments": [
        0,
        0,
        0,
        1.067,
        -23,
        2,
        1.333,
        -23
      ]
    },
    {
      "Target": "Parameter",
      "Id": "ShoulderLY",
      "Segments": [
        0,
        0,
        0,
        0.733,
        30,
        0,
        1.067,
        17,
        0,
        1.333,
        20
      ]
    },
    {
      "Target": "Parameter",
      "Id": "ShoulderL_Roll",
      "Segments": [
        0,
        0,
        2,
        0.167,
        0,
        0,
        0.733,
        26,
        0,
        1.067,
        16.52,
        0,
        1.333,
        17
      ]
    },
    {
      "Target": "Parameter",
      "Id": "ShoulderL_Scale",
      "Segments": [
        0,
        0,
        0,
        1.067,
        -13,
        2,
        1.333,
        -13
      ]
    },
    {
      "Target": "Parameter",
      "Id": "ArmL_Roll",
      "Segments": [
        0,
        0,
        0,
        1.067,
        -14,
        2,
        1.333,
        -14
      ]
    },
    {
      "Target": "Parameter",
      "Id": "ArmL_Scale",
      "Segments": [
        0,
        0,
        0,
        1.067,
        -10,
        2,
        1.333,
        -10
      ]
    },
    {
      "Target": "Parameter",
      "Id": "HandL_Roll",
      "Segments": [
        0,
        0,
        1,
        0.444,
        0,
        0.889,
        3.25,
        1.333,
        7.554
      ]
    },
    {
      "Target": "Parameter",
      "Id": "HandL_Roll2",
      "Segments": [
        0,
        0,
        2,
        0.467,
        0,
        0,
        1.067,
        28,
        2,
        1.333,
        28
      ]
    },
    {
      "Target": "Parameter",
      "Id": "ShoulderL_move",
      "Segments": [
        0,
        0,
        1,
        0.444,
        0,
        0.889,
        0.018,
        1.333,
        0.049
      ]
    },
    {
      "Target": "Parameter",
      "Id": "Param10",
      "Segments": [
        0,
        0,
        2,
        0.567,
        0,
        0,
        0.633,
        1,
        2,
        1.333,
        1
      ]
    },
    {
      "Target": "Parameter",
      "Id": "LegR_Roll",
      "Segments": [
        0,
        0,
        0,
        0.333,
        4,
        1,
        0.4,
        4,
        0.466,
        -6.339,
        0.533,
        -9,
        1,
        0.589,
        -11.218,
        0.644,
        -12.401,
        0.7,
        -13,
        1,
        0.911,
        -15.277,
        1.122,
        -16,
        1.333,
        -16
      ]
    },
    {
      "Target": "Parameter",
      "Id": "LegL_Roll",
      "Segments": [
        0,
        0,
        1,
        0.111,
        0,
        0.222,
        0.437,
        0.333,
        2,
        1,
        0.4,
        2.938,
        0.466,
        4.559,
        0.533,
        6,
        1,
        0.589,
        7.201,
        0.644,
        8,
        0.7,
        8,
        0,
        1.333,
        6
      ]
    },
    {
      "Target": "Parameter",
      "Id": "Skirt_Shaking",
      "Segments": [
        0,
        0,
        0,
        0.667,
        8.04,
        1,
        0.867,
        8.04,
        1.067,
        -6.951,
        1.267,
        -12.601,
        1,
        1.289,
        -13.229,
        1.311,
        -12.786,
        1.333,
        -12.786
      ]
    },
    {
      "Target": "PartOpacity",
      "Id": "Part",
      "Segments": [
        0,
        1,
        2,
        1.33,
        1
      ]
    },
    {
      "Target": "PartOpacity",
      "Id": "Part3",
      "Segments": [
        0,
        1,
        2,
        1.33,
        1
      ]
    },
    {
      "Target": "PartOpacity",
      "Id": "Part4",
      "Segments": [
        0,
        1,
        2,
        1.33,
        1
      ]
    },
    {
      "Target": "PartOpacity",
      "Id": "Part5",
      "Segments": [
        0,
        1,
        2,
        1.33,
        1
      ]
    },
    {
      "Target": "PartOpacity",
      "Id": "Part6",
      "Segments": [
        0,
        1,
        2,
        1.33,
        1
      ]
    },
    {
      "Target": "PartOpacity",
      "Id": "Part7",
      "Segments": [
        0,
        1,
        2,
        1.33,
        1
      ]
    },
    {
      "Target": "PartOpacity",
      "Id": "Part8",
      "Segments": [
        0,
        1,
        2,
        1.33,
        1
      ]
    },
    {
      "Target": "PartOpacity",
      "Id": "Part9",
      "Segments": [
        0,
        1,
        2,
        1.33,
        1
      ]
    },
    {
      "Target": "PartOpacity",
      "Id": "Part31",
      "Segments": [
        0,
        0,
        2,
        0.33,
        0,
        2,
        0.57,
        1,
        2,
        1.33,
        1
      ]
    },
    {
      "Target": "PartOpacity",
      "Id": "Part28",
      "Segments": [
        0,
        1,
        2,
        1.33,
        1
      ]
    },
    {
      "Target": "PartOpacity",
      "Id": "Part29",
      "Segments": [
        0,
        1,
        2,
        0.33,
        1,
        2,
        0.57,
        0,
        2,
        1.33,
        0
      ]
    },
    {
      "Target": "PartOpacity",
      "Id": "Part30",
      "Segments": [
        0,
        0,
        2,
        1.33,
        0
      ]
    },
    {
      "Target": "PartOpacity",
      "Id": "Part32",
      "Segments": [
        0,
        1,
        2,
        1.33,
        1
      ]
    },
    {
      "Target": "PartOpacity",
      "Id": "Part34",
      "Segments": [
        0,
        0,
        2,
        0.33,
        0,
        0,
        0.57,
        1,
        2,
        1.33,
        1
      ]
    },
    {
      "Target": "PartOpacity",
      "Id": "Part33",
      "Segments": [
        0,
        1,
        2,
        1.33,
        1
      ]
    },
    {
      "Target": "PartOpacity",
      "Id": "Part10",
      "Segments": [
        0,
        1,
        2,
        1.33,
        1
      ]
    },
    {
      "Target": "PartOpacity",
      "Id": "Part11",
      "Segments": [
        0,
        1,
        2,
        1.33,
        1
      ]
    },
    {
      "Target": "PartOpacity",
      "Id": "Part12",
      "Segments": [
        0,
        1,
        2,
        1.33,
        1
      ]
    },
    {
      "Target": "PartOpacity",
      "Id": "Part25",
      "Segments": [
        0,
        1,
        2,
        1.33,
        1
      ]
    },
    {
      "Target": "PartOpacity",
      "Id": "Part17",
      "Segments": [
        0,
        0,
        2,
        1.33,
        0
      ]
    },
    {
      "Target": "PartOpacity",
      "Id": "Part27",
      "Segments": [
        0,
        0,
        2,
        0.33,
        0,
        0,
        0.73,
        1,
        2,
        1.33,
        1
      ]
    },
    {
      "Target": "PartOpacity",
      "Id": "Part26",
      "Segments": [
        0,
        1,
        2,
        1.33,
        1
      ]
    },
    {
      "Target": "PartOpacity",
      "Id": "Part22",
      "Segments": [
        0,
        1,
        2,
        1.33,
        1
      ]
    },
    {
      "Target": "PartOpacity",
      "Id": "Part24",
      "Segments": [
        0,
        1,
        2,
        0.33,
        1,
        2,
        0.57,
        0,
        2,
        1.33,
        0
      ]
    },
    {
      "Target": "PartOpacity",
      "Id": "Part23",
      "Segments": [
        0,
        0,
        2,
        0.33,
        0,
        2,
        0.57,
        1,
        2,
        1.33,
        1
      ]
    },
    {
      "Target": "PartOpacity",
      "Id": "Part37",
      "Segments": [
        0,
        0,
        2,
        0.07,
        1,
        2,
        1.33,
        1
      ]
    },
    {
      "Target": "PartOpacity",
      "Id": "Part36",
      "Segments": [
        0,
        1,
        2,
        1.33,
        1
      ]
    },
    {
      "Target": "PartOpacity",
      "Id": "Part2",
      "Segments": [
        0,
        1,
        2,
        1.33,
        1
      ]
    },
    {
      "Target": "PartOpacity",
      "Id": "Part13",
      "Segments": [
        0,
        1,
        2,
        1.33,
        1
      ]
    },
    {
      "Target": "Model",
      "Id": "Opacity",
      "Segments": [
        0,
        1,
        0,
        1.333,
        1
      ]
    },
    {
      "Target": "Parameter",
      "Id": "BodyX",
      "Segments": [
        0,
        0,
        0,
        1.333,
        0
      ]
    },
    {
      "Target": "Parameter",
      "Id": "HeadY",
      "Segments": [
        0,
        0,
        0,
        1.333,
        0
      ]
    },
    {
      "Target": "Parameter",
      "Id": "Sweat",
      "Segments": [
        0,
        0,
        0,
        1.333,
        0
      ]
    },
    {
      "Target": "Parameter",
      "Id": "EyeRY",
      "Segments": [
        0,
        0,
        0,
        1.333,
        0
      ]
    },
    {
      "Target": "Parameter",
      "Id": "EyeLY",
      "Segments": [
        0,
        0,
        0,
        1.333,
        0
      ]
    },
    {
      "Target": "Parameter",
      "Id": "Mouth_Form1",
      "Segments": [
        0,
        0,
        0,
        1.333,
        0
      ]
    },
    {
      "Target": "Parameter",
      "Id": "Mouth_Form2",
      "Segments": [
        0,
        0,
        0,
        1.333,
        0
      ]
    },
    {
      "Target": "Parameter",
      "Id": "Mouth_Size",
      "Segments": [
        0,
        1,
        0,
        1.333,
        1
      ]
    },
    {
      "Target": "Parameter",
      "Id": "Lowerbody_Roll",
      "Segments": [
        0,
        0,
        0,
        1.333,
        0
      ]
    },
    {
      "Target": "PartOpacity",
      "Id": "Part39",
      "Segments": [
        0,
        1,
        0,
        1.333,
        1
      ]
    },
    {
      "Target": "PartOpacity",
      "Id": "Part35",
      "Segments": [
        0,
        1,
        0,
        1.333,
        1
      ]
    },
    {
      "Target": "PartOpacity",
      "Id": "Part38",
      "Segments": [
        0,
        1,
        0,
        1.333,
        1
      ]
    }
  ],
  "UserData": [
    {
      "Time": 0.0,
      "Value": ""
    }
  ]
}