{
  "Version": 3,
  "Meta": {
    "Duration": 7.0,
    "Fps": 30.0,
    "Loop": true,
    "AreBeziersRestricted": true,
    "CurveCount": 86,
    "TotalSegmentCount": 195,
    "TotalPointCount": 265,
    "UserDataCount": 1,
    "TotalUserDataSize": 0
  },
  "Curves": [
    {
      "Target": "Parameter",
      "Id": "Breath",
      "Segments": [
        0,
        0,
        0,
        2.133,
        0.9,
        0,
        3.833,
        0,
        0,
        5.2,
        1,
        0,
        7,
        0
      ]
    },
    {
      "Target": "Parameter",
      "Id": "Body_Shaking",
      "Segments": [
        0,
        13.9,
        0,
        3.833,
        -12,
        0,
        7,
        13.88
      ]
    },
    {
      "Target": "Parameter",
      "Id": "Waist_Roll",
      "Segments": [
        0,
        8.02,
        1,
        0.422,
        8.06,
        0.845,
        8.515,
        1.267,
        9,
        1,
        1.811,
        9.625,
        2.356,
        11.715,
        2.9,
        12,
        1,
        3.567,
        12.349,
        4.233,
        12.331,
        4.9,
        12.331,
        0,
        7,
        8
      ]
    },
    {
      "Target": "Parameter",
      "Id": "Body_Pose1",
      "Segments": [
        0,
        30,
        1,
        0.189,
        30,
        0.378,
        17.831,
        0.567,
        15,
        1,
        0.8,
        11.503,
        1.034,
        11.222,
        1.267,
        8.072,
        1,
        1.534,
        4.473,
        1.8,
        0,
        2.067,
        0,
        0,
        2.9,
        22,
        0,
        3.8,
        2.973,
        0,
        4.667,
        8.072,
        0,
        5.733,
        2.973,
        0,
        7,
        30
      ]
    },
    {
      "Target": "Parameter",
      "Id": "BodyY",
      "Segments": [
        0,
        0,
        0,
        0.533,
        -11.169,
        0,
        1.267,
        0,
        0,
        2.2,
        -11.169,
        0,
        2.933,
        0,
        0,
        3.9,
        -11.169,
        0,
        4.733,
        0,
        0,
        5.767,
        -11.169,
        0,
        7,
        0
      ]
    },
    {
      "Target": "Parameter",
      "Id": "Body_Twist",
      "Segments": [
        0,
        0,
        0,
        1.8,
        -21.9,
        1,
        2.278,
        -21.9,
        2.755,
        -11.106,
        3.233,
        0,
        1,
        3.655,
        9.815,
        4.078,
        19.273,
        4.5,
        23.437,
        1,
        4.889,
        27.272,
        5.278,
        27.3,
        5.667,
        27.3,
        0,
        7,
        0
      ]
    },
    {
      "Target": "Parameter",
      "Id": "Head_AngleX",
      "Segments": [
        0,
        -5,
        0,
        1.3,
        -8,
        1,
        1.633,
        -8,
        1.967,
        -8.243,
        2.3,
        -7.354,
        1,
        2.733,
        -6.198,
        3.167,
        9.456,
        3.6,
        13,
        1,
        4.156,
        17.544,
        4.711,
        18,
        5.267,
        18,
        0,
        7,
        -5
      ]
    },
    {
      "Target": "Parameter",
      "Id": "Head_AngleY",
      "Segments": [
        0,
        0,
        0,
        1.3,
        -5,
        1,
        1.633,
        -5,
        1.967,
        -3.297,
        2.3,
        -2.354,
        1,
        2.733,
        -1.129,
        3.167,
        -1,
        3.6,
        -1,
        0,
        5.267,
        -12,
        0,
        7,
        0
      ]
    },
    {
      "Target": "Parameter",
      "Id": "Head_Roll",
      "Segments": [
        0,
        6,
        0,
        1.6,
        0,
        0,
        3.433,
        2.971,
        0,
        5.033,
        0,
        0,
        7,
        6
      ]
    },
    {
      "Target": "Parameter",
      "Id": "HeadY",
      "Segments": [
        0,
        0,
        0,
        1.567,
        -5,
        0,
        3.567,
        0,
        0,
        5.3,
        -1.14,
        0,
        7,
        0
      ]
    },
    {
      "Target": "Parameter",
      "Id": "EarringsL_Shaking",
      "Segments": [
        0,
        1,
        0,
        0.7,
        -0.6,
        0,
        1.367,
        0.272,
        0,
        2,
        -0.6,
        0,
        2.7,
        0.58,
        0,
        3.333,
        -1,
        0,
        3.9,
        0.344,
        0,
        4.633,
        -1,
        0,
        5.333,
        0.831,
        0,
        6.2,
        -1,
        0,
        7,
        1
      ]
    },
    {
      "Target": "Parameter",
      "Id": "EarringsR_Shaking",
      "Segments": [
        0,
        1,
        0,
        0.7,
        -1,
        0,
        1.367,
        0.624,
        0,
        2,
        -1,
        0,
        2.7,
        1,
        0,
        3.333,
        -0.1,
        0,
        3.9,
        1,
        0,
        4.633,
        -0.1,
        0,
        5.333,
        1,
        0,
        6.2,
        -1,
        0,
        7,
        1
      ]
    },
    {
      "Target": "Parameter",
      "Id": "EyeBallX",
      "Segments": [
        0,
        0,
        0,
        2.733,
        0.3,
        1,
        3.578,
        0.3,
        4.422,
        0.291,
        5.267,
        0.2,
        1,
        5.845,
        0.138,
        6.422,
        0,
        7,
        0
      ]
    },
    {
      "Target": "Parameter",
      "Id": "EyeBallY",
      "Segments": [
        0,
        0,
        0,
        2.733,
        0.1,
        0,
        5.267,
        0,
        2,
        7,
        0
      ]
    },
    {
      "Target": "Parameter",
      "Id": "HairFront_Shaking",
      "Segments": [
        0,
        0,
        1,
        0.189,
        0.304,
        0.378,
        0.3,
        0.567,
        0.3,
        0,
        1.567,
        -0.824,
        0,
        2.467,
        -0.271,
        0,
        3.567,
        -0.6,
        0,
        4.767,
        0.2,
        0,
        6.1,
        -0.824,
        0,
        7,
        0
      ]
    },
    {
      "Target": "Parameter",
      "Id": "HairSide_Shaking",
      "Segments": [
        0,
        -0.4,
        1,
        0.289,
        -0.276,
        0.578,
        -0.284,
        0.867,
        -0.284,
        1,
        1.145,
        -0.284,
        1.422,
        -0.293,
        1.7,
        -0.4,
        1,
        2.067,
        -0.541,
        2.433,
        -0.7,
        2.8,
        -0.7,
        0,
        4.767,
        0,
        0,
        7,
        -0.4
      ]
    },
    {
      "Target": "Parameter",
      "Id": "HairBack_Shaking",
      "Segments": [
        0,
        -0.2,
        0,
        0.633,
        -0.42,
        0,
        1.7,
        -0.342,
        1,
        1.856,
        -0.342,
        2.011,
        -0.366,
        2.167,
        -0.42,
        1,
        2.445,
        -0.516,
        2.722,
        -0.618,
        3,
        -0.714,
        1,
        3.367,
        -0.84,
        3.733,
        -0.9,
        4.1,
        -0.9,
        1,
        4.656,
        -0.9,
        5.211,
        -0.349,
        5.767,
        -0.252,
        1,
        6.178,
        -0.181,
        6.589,
        -0.2,
        7,
        -0.2
      ]
    },
    {
      "Target": "Parameter",
      "Id": "ShoulderRY",
      "Segments": [
        0,
        30,
        0,
        0.633,
        13,
        0,
        1.4,
        15.72,
        0,
        2.433,
        12,
        0,
        3.233,
        15.72,
        0,
        3.833,
        13,
        1,
        4.166,
        13,
        4.5,
        16.421,
        4.833,
        16.948,
        1,
        5.211,
        17.545,
        5.589,
        17.357,
        5.967,
        18,
        1,
        6.311,
        18.587,
        6.656,
        30,
        7,
        30
      ]
    },
    {
      "Target": "Parameter",
      "Id": "ShoulderR_Roll",
      "Segments": [
        0,
        -15.96,
        0,
        7,
        -16
      ]
    },
    {
      "Target": "Parameter",
      "Id": "ArmR_Roll",
      "Segments": [
        0,
        39.51,
        0,
        7,
        39.5
      ]
    },
    {
      "Target": "Parameter",
      "Id": "HandR_Roll",
      "Segments": [
        0,
        -0.7,
        0,
        1.4,
        9.06,
        1,
        2.211,
        9.06,
        3.022,
        1.165,
        3.833,
        -1.38,
        1,
        4.166,
        -2.426,
        4.5,
        -2,
        4.833,
        -2,
        2,
        5.967,
        -2,
        0,
        7,
        -0.7
      ]
    },
    {
      "Target": "Parameter",
      "Id": "ShoulderLY",
      "Segments": [
        0,
        20,
        2,
        3.2,
        20,
        0,
        4.7,
        30,
        0,
        6,
        19,
        0,
        7,
        20
      ]
    },
    {
      "Target": "Parameter",
      "Id": "ShoulderL_Roll",
      "Segments": [
        0,
        15.5,
        1,
        0.633,
        15.5,
        1.267,
        16.238,
        1.9,
        16.52,
        1,
        2.378,
        16.733,
        2.855,
        16.7,
        3.333,
        16.7,
        0,
        4.7,
        16.467,
        0,
        6,
        16.76,
        0,
        7,
        15.5
      ]
    },
    {
      "Target": "Parameter",
      "Id": "ArmL_Roll",
      "Segments": [
        0,
        -14,
        0,
        1.9,
        -13.7,
        0,
        3.333,
        -14,
        0,
        4.7,
        -13.7,
        0,
        6,
        -14,
        2,
        7,
        -14
      ]
    },
    {
      "Target": "Parameter",
      "Id": "HandL_Roll2",
      "Segments": [
        0,
        28,
        0,
        1.9,
        26,
        0,
        3.333,
        28,
        0,
        4.7,
        27,
        0,
        6,
        28,
        2,
        7,
        28
      ]
    },
    {
      "Target": "Parameter",
      "Id": "Skirt_Shaking",
      "Segments": [
        0,
        11,
        1,
        0.322,
        16.295,
        0.645,
        16,
        0.967,
        16,
        1,
        1.3,
        16,
        1.634,
        11.945,
        1.967,
        4.019,
        1,
        2.4,
        -6.285,
        2.834,
        -11.346,
        3.267,
        -11.346,
        0,
        4.367,
        5,
        0,
        5.567,
        -9,
        0,
        7,
        11
      ]
    },
    {
      "Target": "PartOpacity",
      "Id": "Part",
      "Segments": [
        0,
        1,
        2,
        7,
        1
      ]
    },
    {
      "Target": "PartOpacity",
      "Id": "Part3",
      "Segments": [
        0,
        1,
        2,
        7,
        1
      ]
    },
    {
      "Target": "PartOpacity",
      "Id": "Part4",
      "Segments": [
        0,
        1,
        2,
        7,
        1
      ]
    },
    {
      "Target": "PartOpacity",
      "Id": "Part5",
      "Segments": [
        0,
        1,
        2,
        7,
        1
      ]
    },
    {
      "Target": "PartOpacity",
      "Id": "Part6",
      "Segments": [
        0,
        1,
        2,
        7,
        1
      ]
    },
    {
      "Target": "PartOpacity",
      "Id": "Part7",
      "Segments": [
        0,
        1,
        2,
        7,
        1
      ]
    },
    {
      "Target": "PartOpacity",
      "Id": "Part8",
      "Segments": [
        0,
        1,
        2,
        7,
        1
      ]
    },
    {
      "Target": "PartOpacity",
      "Id": "Part39",
      "Segments": [
        0,
        1,
        2,
        7,
        1
      ]
    },
    {
      "Target": "PartOpacity",
      "Id": "Part9",
      "Segments": [
        0,
        1,
        2,
        7,
        1
      ]
    },
    {
      "Target": "PartOpacity",
      "Id": "Part31",
      "Segments": [
        0,
        1,
        2,
        7,
        1
      ]
    },
    {
      "Target": "PartOpacity",
      "Id": "Part28",
      "Segments": [
        0,
        1,
        2,
        7,
        1
      ]
    },
    {
      "Target": "PartOpacity",
      "Id": "Part29",
      "Segments": [
        0,
        0,
        2,
        7,
        0
      ]
    },
    {
      "Target": "PartOpacity",
      "Id": "Part30",
      "Segments": [
        0,
        0,
        2,
        7,
        0
      ]
    },
    {
      "Target": "PartOpacity",
      "Id": "Part32",
      "Segments": [
        0,
        1,
        2,
        7,
        1
      ]
    },
    {
      "Target": "PartOpacity",
      "Id": "Part34",
      "Segments": [
        0,
        1,
        2,
        7,
        1
      ]
    },
    {
      "Target": "PartOpacity",
      "Id": "Part33",
      "Segments": [
        0,
        1,
        2,
        7,
        1
      ]
    },
    {
      "Target": "PartOpacity",
      "Id": "Part10",
      "Segments": [
        0,
        1,
        2,
        7,
        1
      ]
    },
    {
      "Target": "PartOpacity",
      "Id": "Part11",
      "Segments": [
        0,
        1,
        2,
        7,
        1
      ]
    },
    {
      "Target": "PartOpacity",
      "Id": "Part12",
      "Segments": [
        0,
        1,
        2,
        7,
        1
      ]
    },
    {
      "Target": "PartOpacity",
      "Id": "Part25",
      "Segments": [
        0,
        1,
        2,
        7,
        1
      ]
    },
    {
      "Target": "PartOpacity",
      "Id": "Part27",
      "Segments": [
        0,
        0,
        2,
        7,
        1
      ]
    },
    {
      "Target": "PartOpacity",
      "Id": "Part26",
      "Segments": [
        0,
        1,
        2,
        7,
        1
      ]
    },
    {
      "Target": "PartOpacity",
      "Id": "Part22",
      "Segments": [
        0,
        1,
        2,
        7,
        1
      ]
    },
    {
      "Target": "PartOpacity",
      "Id": "Part24",
      "Segments": [
        0,
        0,
        2,
        7,
        0
      ]
    },
    {
      "Target": "PartOpacity",
      "Id": "Part23",
      "Segments": [
        0,
        0,
        2,
        7,
        0
      ]
    },
    {
      "Target": "PartOpacity",
      "Id": "Part35",
      "Segments": [
        0,
        1,
        2,
        7,
        1
      ]
    },
    {
      "Target": "PartOpacity",
      "Id": "Part37",
      "Segments": [
        0,
        1,
        2,
        7,
        1
      ]
    },
    {
      "Target": "PartOpacity",
      "Id": "Part36",
      "Segments": [
        0,
        1,
        2,
        7,
        1
      ]
    },
    {
      "Target": "PartOpacity",
      "Id": "Part38",
      "Segments": [
        0,
        1,
        2,
        7,
        1
      ]
    },
    {
      "Target": "PartOpacity",
      "Id": "Part2",
      "Segments": [
        0,
        1,
        2,
        7,
        1
      ]
    },
    {
      "Target": "PartOpacity",
      "Id": "Part13",
      "Segments": [
        0,
        1,
        2,
        7,
        1
      ]
    },
    {
      "Target": "Model",
      "Id": "Opacity",
      "Segments": [
        0,
        1,
        0,
        7,
        1
      ]
    },
    {
      "Target": "Parameter",
      "Id": "BodyX",
      "Segments": [
        0,
        0,
        0,
        7,
        0
      ]
    },
    {
      "Target": "Parameter",
      "Id": "Sweat",
      "Segments": [
        0,
        0,
        0,
        7,
        0
      ]
    },
    {
      "Target": "Parameter",
      "Id": "BrowR_Form1",
      "Segments": [
        0,
        -1,
        0,
        7,
        -1
      ]
    },
    {
      "Target": "Parameter",
      "Id": "BrowR_Form2",
      "Segments": [
        0,
        0,
        0,
        7,
        0
      ]
    },
    {
      "Target": "Parameter",
      "Id": "BrowL_Form1",
      "Segments": [
        0,
        0,
        0,
        7,
        0
      ]
    },
    {
      "Target": "Parameter",
      "Id": "BrowL_Form2",
      "Segments": [
        0,
        -1,
        0,
        7,
        -1
      ]
    },
    {
      "Target": "Parameter",
      "Id": "EyeR_Open",
      "Segments": [
        0,
        1,
        0,
        7,
        1
      ]
    },
    {
      "Target": "Parameter",
      "Id": "EyeR_Smile",
      "Segments": [
        0,
        0,
        0,
        7,
        0
      ]
    },
    {
      "Target": "Parameter",
      "Id": "EyeRY",
      "Segments": [
        0,
        0.5,
        0,
        7,
        0.5
      ]
    },
    {
      "Target": "Parameter",
      "Id": "EyeL_Open",
      "Segments": [
        0,
        1,
        0,
        7,
        1
      ]
    },
    {
      "Target": "Parameter",
      "Id": "EyeL_Smile",
      "Segments": [
        0,
        0,
        0,
        7,
        0
      ]
    },
    {
      "Target": "Parameter",
      "Id": "EyeLY",
      "Segments": [
        0,
        0.5,
        0,
        7,
        0.5
      ]
    },
    {
      "Target": "Parameter",
      "Id": "Mouth_Form1",
      "Segments": [
        0,
        -1,
        0,
        7,
        -1
      ]
    },
    {
      "Target": "Parameter",
      "Id": "Mouth_Form2",
      "Segments": [
        0,
        0,
        0,
        7,
        0
      ]
    },
    {
      "Target": "Parameter",
      "Id": "Mouth_Open",
      "Segments": [
        0,
        1,
        0,
        7,
        1
      ]
    },
    {
      "Target": "Parameter",
      "Id": "Mouth_Size",
      "Segments": [
        0,
        1,
        0,
        7,
        1
      ]
    },
    {
      "Target": "Parameter",
      "Id": "ShoulderR_Scale",
      "Segments": [
        0,
        -30,
        0,
        7,
        -30
      ]
    },
    {
      "Target": "Parameter",
      "Id": "HandR_Roll2",
      "Segments": [
        0,
        0,
        0,
        7,
        0
      ]
    },
    {
      "Target": "Parameter",
      "Id": "ArmR_Scale",
      "Segments": [
        0,
        -13,
        0,
        7,
        -13
      ]
    },
    {
      "Target": "Parameter",
      "Id": "ShoulderL_Scale",
      "Segments": [
        0,
        -13,
        0,
        7,
        -13
      ]
    },
    {
      "Target": "Parameter",
      "Id": "ArmL_Scale",
      "Segments": [
        0,
        -10,
        0,
        7,
        -10
      ]
    },
    {
      "Target": "Parameter",
      "Id": "HandL_Roll",
      "Segments": [
        0,
        0,
        0,
        7,
        0
      ]
    },
    {
      "Target": "Parameter",
      "Id": "ShoulderL_move",
      "Segments": [
        0,
        0,
        0,
        7,
        0
      ]
    },
    {
      "Target": "Parameter",
      "Id": "Param10",
      "Segments": [
        0,
        1,
        0,
        7,
        1
      ]
    },
    {
      "Target": "Parameter",
      "Id": "LegR_Roll",
      "Segments": [
        0,
        0,
        0,
        7,
        0
      ]
    },
    {
      "Target": "Parameter",
      "Id": "LegL_Roll",
      "Segments": [
        0,
        0,
        0,
        7,
        0
      ]
    },
    {
      "Target": "Parameter",
      "Id": "Lowerbody_Roll",
      "Segments": [
        0,
        0,
        0,
        7,
        0
      ]
    },
    {
      "Target": "PartOpacity",
      "Id": "Part17",
      "Segments": [
        0,
        1,
        0,
        7,
        1
      ]
    }
  ],
  "UserData": [
    {
      "Time": 0.0,
      "Value": ""
    }
  ]
}