{
  "Version": 3,
  "Meta": {
    "Duration": 8.0,
    "Fps": 30.0,
    "Loop": true,
    "AreBeziersRestricted": true,
    "CurveCount": 87,
    "TotalSegmentCount": 193,
    "TotalPointCount": 283,
    "UserDataCount": 1,
    "TotalUserDataSize": 0
  },
  "Curves": [
    {
      "Target": "Parameter",
      "Id": "Body_Twist",
      "Segments": [
        0,
        18,
        1,
        0.789,
        18,
        1.578,
        17.286,
        2.367,
        11,
        1,
        2.9,
        6.75,
        3.434,
        -11.104,
        3.967,
        -16,
        1,
        4.411,
        -20.08,
        4.856,
        -20,
        5.3,
        -20,
        0,
        8,
        18
      ]
    },
    {
      "Target": "Parameter",
      "Id": "Body_Shaking",
      "Segments": [
        0,
        3,
        1,
        0.611,
        -0.158,
        1.222,
        -2,
        1.833,
        -2,
        0,
        3.833,
        3,
        0,
        5.933,
        -2,
        0,
        8,
        3
      ]
    },
    {
      "Target": "Parameter",
      "Id": "Body_Pose1",
      "Segments": [
        0,
        0,
        0,
        1,
        13,
        0,
        3.7,
        0,
        0,
        6.4,
        9,
        0,
        8,
        0
      ]
    },
    {
      "Target": "Parameter",
      "Id": "Breath",
      "Segments": [
        0,
        0,
        0,
        1,
        0.6,
        0,
        2,
        0,
        0,
        3,
        0.6,
        0,
        4,
        0,
        0,
        5,
        0.6,
        0,
        6,
        0,
        0,
        7,
        0.6,
        0,
        8,
        0
      ]
    },
    {
      "Target": "Parameter",
      "Id": "Tie_Shaking",
      "Segments": [
        0,
        8,
        0,
        1.9,
        3,
        0,
        3.367,
        9,
        1,
        3.634,
        9,
        3.9,
        3.103,
        4.167,
        0,
        1,
        4.667,
        -5.818,
        5.167,
        -7,
        5.667,
        -7,
        0,
        8,
        8
      ]
    },
    {
      "Target": "Parameter",
      "Id": "Waist_Move",
      "Segments": [
        0,
        -3,
        0,
        2.233,
        0,
        0,
        3.767,
        -3,
        0,
        6.467,
        0,
        0,
        8,
        -3
      ]
    },
    {
      "Target": "Parameter",
      "Id": "Skirt_Shaking",
      "Segments": [
        0,
        -13,
        0,
        2,
        0,
        0,
        4,
        -13,
        0,
        6,
        0,
        0,
        8,
        -13
      ]
    },
    {
      "Target": "Parameter",
      "Id": "Head_X",
      "Segments": [
        0,
        -6,
        1,
        0.7,
        -6,
        1.4,
        -3.534,
        2.1,
        0,
        1,
        2.967,
        4.376,
        3.833,
        6,
        4.7,
        6,
        0,
        8,
        -6
      ]
    },
    {
      "Target": "Parameter",
      "Id": "Head_Y",
      "Segments": [
        0,
        3.62,
        0,
        2.1,
        -9,
        1,
        2.967,
        -9,
        3.833,
        -2.717,
        4.7,
        0,
        1,
        5.8,
        3.448,
        6.9,
        3.62,
        8,
        3.62
      ]
    },
    {
      "Target": "Parameter",
      "Id": "Head_Roll",
      "Segments": [
        0,
        -7,
        0,
        2.1,
        -6,
        0,
        4.7,
        -17,
        0,
        8,
        -7
      ]
    },
    {
      "Target": "Parameter",
      "Id": "HairFront_Shaking",
      "Segments": [
        0,
        0.5,
        0,
        1.9,
        -0.3,
        0,
        3.6,
        0.2,
        1,
        4.111,
        0.2,
        4.622,
        -0.037,
        5.133,
        -0.2,
        1,
        5.466,
        -0.306,
        5.8,
        -0.3,
        6.133,
        -0.3,
        1,
        6.478,
        -0.3,
        6.822,
        -0.089,
        7.167,
        0.2,
        1,
        7.445,
        0.433,
        7.722,
        0.5,
        8,
        0.5
      ]
    },
    {
      "Target": "Parameter",
      "Id": "sideHair_Shaking",
      "Segments": [
        0,
        6,
        0,
        1.867,
        -9,
        0,
        3.8,
        4,
        0,
        5.867,
        -9,
        0,
        8,
        6
      ]
    },
    {
      "Target": "Parameter",
      "Id": "EyeBallX",
      "Segments": [
        0,
        0.192,
        0,
        2.1,
        0,
        0,
        4.7,
        0.1,
        2,
        6.4,
        0.1,
        0,
        8,
        0.192
      ]
    },
    {
      "Target": "Parameter",
      "Id": "EyeBallY",
      "Segments": [
        0,
        -0.072,
        0,
        2.1,
        0,
        2,
        4.7,
        0,
        2,
        6.4,
        0,
        0,
        8,
        -0.072
      ]
    },
    {
      "Target": "Parameter",
      "Id": "EyeL_Smile",
      "Segments": [
        0,
        0.3,
        2,
        3.1,
        0.3,
        0,
        4.167,
        0.1,
        2,
        5.467,
        0.1,
        0,
        8,
        0.3
      ]
    },
    {
      "Target": "Parameter",
      "Id": "BrowLY",
      "Segments": [
        0,
        -0.8,
        2,
        1.8,
        -0.8,
        2,
        3.1,
        -0.8,
        0,
        4.4,
        -0.5,
        0,
        8,
        -0.8
      ]
    },
    {
      "Target": "Parameter",
      "Id": "BrowRY",
      "Segments": [
        0,
        -0.4,
        1,
        0.6,
        -0.4,
        1.2,
        -0.207,
        1.8,
        0.1,
        1,
        2.233,
        0.322,
        2.667,
        0.4,
        3.1,
        0.4,
        0,
        4.4,
        0.3,
        2,
        5.7,
        0.3,
        0,
        8,
        -0.4
      ]
    },
    {
      "Target": "Parameter",
      "Id": "BrowL_Angle",
      "Segments": [
        0,
        -0.1,
        0,
        1.8,
        0.2,
        2,
        3.1,
        0.2,
        0,
        8,
        -0.1
      ]
    },
    {
      "Target": "Parameter",
      "Id": "BrowR_Angle",
      "Segments": [
        0,
        0,
        0,
        1.8,
        0.2,
        0,
        8,
        0
      ]
    },
    {
      "Target": "Parameter",
      "Id": "BrowL_Form2",
      "Segments": [
        0,
        5,
        0,
        4.4,
        4,
        2,
        5.7,
        4,
        0,
        8,
        5
      ]
    },
    {
      "Target": "Parameter",
      "Id": "BrowR_Form",
      "Segments": [
        0,
        0.4,
        1,
        1.467,
        0.039,
        2.933,
        -0.1,
        4.4,
        -0.1,
        2,
        5.7,
        -0.1,
        0,
        8,
        0.4
      ]
    },
    {
      "Target": "Parameter",
      "Id": "ShoulderR_Roll",
      "Segments": [
        0,
        0,
        2,
        1,
        0,
        0,
        2,
        -0.675,
        1,
        2.333,
        -0.675,
        2.667,
        -0.685,
        3,
        -0.643,
        1,
        3.333,
        -0.602,
        3.667,
        1.46,
        4,
        1.46,
        1,
        4.567,
        1.46,
        5.133,
        1.419,
        5.7,
        1.04,
        1,
        6.467,
        0.528,
        7.233,
        0,
        8,
        0
      ]
    },
    {
      "Target": "Parameter",
      "Id": "ArmR_Roll",
      "Segments": [
        0,
        0,
        0,
        2,
        -0.66,
        0,
        3,
        0,
        0,
        4,
        -1.48,
        2,
        5.7,
        -1.48,
        0,
        8,
        0
      ]
    },
    {
      "Target": "Parameter",
      "Id": "ArmR_Form",
      "Segments": [
        0,
        -23,
        1,
        0.611,
        -20.234,
        1.222,
        -20,
        1.833,
        -20,
        1,
        2.566,
        -20,
        3.3,
        -21.502,
        4.033,
        -22,
        1,
        5.355,
        -22.898,
        6.678,
        -23,
        8,
        -23
      ]
    },
    {
      "Target": "Parameter",
      "Id": "ShoulderL_Roll",
      "Segments": [
        0,
        0,
        1,
        0.333,
        0,
        0.667,
        -0.021,
        1,
        0.137,
        1,
        1.333,
        0.296,
        1.667,
        1,
        2,
        1,
        1,
        2.333,
        1,
        2.667,
        0.667,
        3,
        0,
        1,
        3.333,
        -0.667,
        3.667,
        -1,
        4,
        -1,
        1,
        4.567,
        -1,
        5.133,
        -0.8,
        5.7,
        -0.52,
        1,
        6.467,
        -0.141,
        7.233,
        0,
        8,
        0
      ]
    },
    {
      "Target": "Parameter",
      "Id": "ArmL_Roll",
      "Segments": [
        0,
        0,
        2,
        3,
        0,
        0,
        4,
        9,
        1,
        4.333,
        9,
        4.667,
        9.178,
        5,
        8,
        1,
        5.333,
        6.822,
        5.667,
        0,
        6,
        0,
        0,
        7,
        2,
        0,
        8,
        0
      ]
    },
    {
      "Target": "Parameter",
      "Id": "HandL_Roll",
      "Segments": [
        0,
        0,
        2,
        2.9,
        0,
        1,
        3.233,
        0,
        3.567,
        5.86,
        3.9,
        6,
        1,
        4.489,
        6.247,
        5.078,
        6.24,
        5.667,
        6.24,
        0,
        8,
        0
      ]
    },
    {
      "Target": "Parameter",
      "Id": "HandR_Roll",
      "Segments": [
        0,
        0,
        1,
        0.333,
        0,
        0.667,
        -0.062,
        1,
        2,
        1,
        1.333,
        4.062,
        1.667,
        9,
        2,
        9,
        1,
        2.3,
        9,
        2.6,
        2.219,
        2.9,
        0,
        1,
        3.233,
        -2.466,
        3.567,
        -3.994,
        3.9,
        -4.78,
        1,
        4.489,
        -6.169,
        5.078,
        -6.4,
        5.667,
        -6.4,
        0,
        8,
        0
      ]
    },
    {
      "Target": "Parameter",
      "Id": "HandL_move",
      "Segments": [
        0,
        -26,
        1,
        0.333,
        -26,
        0.667,
        -16.155,
        1,
        -9,
        1,
        1.333,
        -1.845,
        1.667,
        -0.661,
        2,
        7,
        1,
        2.3,
        13.895,
        2.6,
        30,
        2.9,
        30,
        0,
        3.9,
        -30,
        2,
        5.667,
        -30,
        0,
        6.867,
        -5,
        0,
        8,
        -26
      ]
    },
    {
      "Target": "Parameter",
      "Id": "HandR_move",
      "Segments": [
        0,
        -30,
        1,
        0.333,
        -30,
        0.667,
        -19.631,
        1,
        -11,
        1,
        1.333,
        -2.369,
        1.667,
        0.043,
        2,
        9,
        1,
        2.3,
        17.061,
        2.6,
        30,
        2.9,
        30,
        0,
        3.9,
        -30,
        2,
        5.667,
        -30,
        0,
        6.867,
        -5,
        0,
        8,
        -30
      ]
    },
    {
      "Target": "Parameter",
      "Id": "legL_Roll",
      "Segments": [
        0,
        0,
        0,
        4,
        -1,
        0,
        8,
        0
      ]
    },
    {
      "Target": "PartOpacity",
      "Id": "Part10",
      "Segments": [
        0,
        1,
        2,
        8,
        1
      ]
    },
    {
      "Target": "PartOpacity",
      "Id": "Part19",
      "Segments": [
        0,
        1,
        2,
        8,
        1
      ]
    },
    {
      "Target": "PartOpacity",
      "Id": "Part18",
      "Segments": [
        0,
        0,
        2,
        8,
        0
      ]
    },
    {
      "Target": "PartOpacity",
      "Id": "Part30",
      "Segments": [
        0,
        0,
        2,
        8,
        0
      ]
    },
    {
      "Target": "PartOpacity",
      "Id": "Part",
      "Segments": [
        0,
        1,
        2,
        8,
        1
      ]
    },
    {
      "Target": "PartOpacity",
      "Id": "Part5",
      "Segments": [
        0,
        1,
        2,
        8,
        1
      ]
    },
    {
      "Target": "PartOpacity",
      "Id": "Part6",
      "Segments": [
        0,
        1,
        2,
        8,
        1
      ]
    },
    {
      "Target": "PartOpacity",
      "Id": "Part3",
      "Segments": [
        0,
        1,
        2,
        8,
        1
      ]
    },
    {
      "Target": "PartOpacity",
      "Id": "Part4",
      "Segments": [
        0,
        1,
        2,
        8,
        1
      ]
    },
    {
      "Target": "PartOpacity",
      "Id": "Part21",
      "Segments": [
        0,
        1,
        2,
        8,
        1
      ]
    },
    {
      "Target": "PartOpacity",
      "Id": "Part7",
      "Segments": [
        0,
        1,
        2,
        8,
        1
      ]
    },
    {
      "Target": "PartOpacity",
      "Id": "Part20",
      "Segments": [
        0,
        0,
        2,
        8,
        0
      ]
    },
    {
      "Target": "PartOpacity",
      "Id": "Part11",
      "Segments": [
        0,
        1,
        2,
        8,
        1
      ]
    },
    {
      "Target": "PartOpacity",
      "Id": "Part29",
      "Segments": [
        0,
        0,
        2,
        8,
        0
      ]
    },
    {
      "Target": "PartOpacity",
      "Id": "Part9",
      "Segments": [
        0,
        0,
        2,
        8,
        0
      ]
    },
    {
      "Target": "PartOpacity",
      "Id": "Part2",
      "Segments": [
        0,
        1,
        2,
        8,
        1
      ]
    },
    {
      "Target": "PartOpacity",
      "Id": "Part13",
      "Segments": [
        0,
        1,
        2,
        8,
        1
      ]
    },
    {
      "Target": "PartOpacity",
      "Id": "Part17",
      "Segments": [
        0,
        1,
        2,
        8,
        1
      ]
    },
    {
      "Target": "PartOpacity",
      "Id": "Part12",
      "Segments": [
        0,
        1,
        2,
        8,
        1
      ]
    },
    {
      "Target": "PartOpacity",
      "Id": "Part15",
      "Segments": [
        0,
        1,
        2,
        8,
        1
      ]
    },
    {
      "Target": "PartOpacity",
      "Id": "Part24",
      "Segments": [
        0,
        0,
        2,
        8,
        0
      ]
    },
    {
      "Target": "PartOpacity",
      "Id": "Part25",
      "Segments": [
        0,
        1,
        2,
        8,
        1
      ]
    },
    {
      "Target": "PartOpacity",
      "Id": "Part27",
      "Segments": [
        0,
        0,
        2,
        8,
        0
      ]
    },
    {
      "Target": "PartOpacity",
      "Id": "Part31",
      "Segments": [
        0,
        0,
        2,
        8,
        0
      ]
    },
    {
      "Target": "PartOpacity",
      "Id": "Part22",
      "Segments": [
        0,
        0,
        2,
        8,
        0
      ]
    },
    {
      "Target": "PartOpacity",
      "Id": "Part32",
      "Segments": [
        0,
        1,
        2,
        8,
        1
      ]
    },
    {
      "Target": "PartOpacity",
      "Id": "Part26",
      "Segments": [
        0,
        1,
        2,
        8,
        1
      ]
    },
    {
      "Target": "PartOpacity",
      "Id": "Part23",
      "Segments": [
        0,
        0,
        2,
        8,
        0
      ]
    },
    {
      "Target": "PartOpacity",
      "Id": "Part28",
      "Segments": [
        0,
        1,
        2,
        8,
        1
      ]
    },
    {
      "Target": "PartOpacity",
      "Id": "Part16",
      "Segments": [
        0,
        1,
        2,
        8,
        1
      ]
    },
    {
      "Target": "PartOpacity",
      "Id": "Part14",
      "Segments": [
        0,
        1,
        2,
        8,
        1
      ]
    },
    {
      "Target": "Model",
      "Id": "Opacity",
      "Segments": [
        0,
        1,
        0,
        8,
        1
      ]
    },
    {
      "Target": "Parameter",
      "Id": "BodyY",
      "Segments": [
        0,
        0,
        0,
        8,
        0
      ]
    },
    {
      "Target": "Parameter",
      "Id": "ShoulderR_Y",
      "Segments": [
        0,
        0,
        0,
        8,
        0
      ]
    },
    {
      "Target": "Parameter",
      "Id": "ShoulderL_Y",
      "Segments": [
        0,
        0,
        0,
        8,
        0
      ]
    },
    {
      "Target": "Parameter",
      "Id": "Skirt_Roll",
      "Segments": [
        0,
        0,
        0,
        8,
        0
      ]
    },
    {
      "Target": "Parameter",
      "Id": "Skirt_Open",
      "Segments": [
        0,
        0,
        0,
        8,
        0
      ]
    },
    {
      "Target": "Parameter",
      "Id": "HairBack_Shaking",
      "Segments": [
        0,
        0.3,
        0,
        8,
        0.3
      ]
    },
    {
      "Target": "Parameter",
      "Id": "EyeBall_L_Size",
      "Segments": [
        0,
        0,
        0,
        8,
        0
      ]
    },
    {
      "Target": "Parameter",
      "Id": "EyeBall_R_Size",
      "Segments": [
        0,
        0,
        0,
        8,
        0
      ]
    },
    {
      "Target": "Parameter",
      "Id": "EyeL_Open",
      "Segments": [
        0,
        1,
        0,
        8,
        1
      ]
    },
    {
      "Target": "Parameter",
      "Id": "EyeR_Open",
      "Segments": [
        0,
        1,
        0,
        8,
        1
      ]
    },
    {
      "Target": "Parameter",
      "Id": "EyeR_Smile",
      "Segments": [
        0,
        0.143,
        0,
        8,
        0.143
      ]
    },
    {
      "Target": "Parameter",
      "Id": "BrowL_Form",
      "Segments": [
        0,
        -1,
        0,
        8,
        -1
      ]
    },
    {
      "Target": "Parameter",
      "Id": "BrowR_Form2",
      "Segments": [
        0,
        0,
        0,
        8,
        0
      ]
    },
    {
      "Target": "Parameter",
      "Id": "MouthForm2",
      "Segments": [
        0,
        0,
        0,
        8,
        0
      ]
    },
    {
      "Target": "Parameter",
      "Id": "Mouth_Form",
      "Segments": [
        0,
        0.5,
        0,
        8,
        0.5
      ]
    },
    {
      "Target": "Parameter",
      "Id": "Mouth_Open",
      "Segments": [
        0,
        1,
        0,
        8,
        1
      ]
    },
    {
      "Target": "Parameter",
      "Id": "Mouth_Size",
      "Segments": [
        0,
        1,
        0,
        8,
        1
      ]
    },
    {
      "Target": "Parameter",
      "Id": "ShoulderR_Form",
      "Segments": [
        0,
        -30,
        0,
        8,
        -30
      ]
    },
    {
      "Target": "Parameter",
      "Id": "SleeveR_Form",
      "Segments": [
        0,
        -30,
        0,
        8,
        -30
      ]
    },
    {
      "Target": "Parameter",
      "Id": "ArmL_Form",
      "Segments": [
        0,
        -30,
        0,
        8,
        -30
      ]
    },
    {
      "Target": "Parameter",
      "Id": "ShoulderL_Form",
      "Segments": [
        0,
        -30,
        0,
        8,
        -30
      ]
    },
    {
      "Target": "Parameter",
      "Id": "Param2",
      "Segments": [
        0,
        0,
        0,
        8,
        0
      ]
    },
    {
      "Target": "Parameter",
      "Id": "Param",
      "Segments": [
        0,
        0,
        0,
        8,
        0
      ]
    },
    {
      "Target": "Parameter",
      "Id": "legR_Roll",
      "Segments": [
        0,
        0,
        0,
        8,
        0
      ]
    }
  ],
  "UserData": [
    {
      "Time": 0.0,
      "Value": ""
    }
  ]
}