{
  "Version": 3,
  "Meta": {
    "Duration": 1.333,
    "Fps": 30.0,
    "Loop": true,
    "AreBeziersRestricted": true,
    "CurveCount": 87,
    "TotalSegmentCount": 177,
    "TotalPointCount": 273,
    "UserDataCount": 1,
    "TotalUserDataSize": 0
  },
  "Curves": [
    {
      "Target": "Parameter",
      "Id": "Body_Twist",
      "Segments": [
        0,
        0,
        0,
        0.6,
        16,
        0,
        0.933,
        5,
        1,
        1.066,
        5,
        1.2,
        5.436,
        1.333,
        7.003
      ]
    },
    {
      "Target": "Parameter",
      "Id": "Body_Shaking",
      "Segments": [
        0,
        0,
        0,
        0.6,
        7,
        0,
        1.333,
        4
      ]
    },
    {
      "Target": "Parameter",
      "Id": "BodyY",
      "Segments": [
        0,
        0,
        0,
        0.4,
        9.605,
        0,
        1.333,
        0
      ]
    },
    {
      "Target": "Parameter",
      "Id": "Body_Pose1",
      "Segments": [
        0,
        0,
        1,
        0.144,
        0,
        0.289,
        -1.481,
        0.433,
        -10,
        1,
        0.6,
        -19.83,
        0.766,
        -30,
        0.933,
        -30,
        1,
        1.066,
        -30,
        1.2,
        -29.983,
        1.333,
        -29.722
      ]
    },
    {
      "Target": "Parameter",
      "Id": "Breath",
      "Segments": [
        0,
        0,
        0,
        0.6,
        0.5,
        0,
        1.333,
        0
      ]
    },
    {
      "Target": "Parameter",
      "Id": "ShoulderR_Y",
      "Segments": [
        0,
        0,
        0,
        0.3,
        -8,
        1,
        0.422,
        -8,
        0.545,
        -7.011,
        0.667,
        -1.953,
        1,
        0.778,
        2.645,
        0.889,
        8,
        1,
        8,
        2,
        1.333,
        8
      ]
    },
    {
      "Target": "Parameter",
      "Id": "ShoulderL_Y",
      "Segments": [
        0,
        0,
        0,
        0.3,
        -8,
        1,
        0.422,
        -8,
        0.545,
        -7.037,
        0.667,
        -2,
        1,
        0.778,
        2.579,
        0.889,
        8,
        1,
        8,
        2,
        1.333,
        8
      ]
    },
    {
      "Target": "Parameter",
      "Id": "Tie_Shaking",
      "Segments": [
        0,
        0,
        0,
        1.333,
        -7
      ]
    },
    {
      "Target": "Parameter",
      "Id": "Waist_Move",
      "Segments": [
        0,
        0,
        1,
        0.311,
        0,
        0.622,
        9.905,
        0.933,
        11.988,
        1,
        1.066,
        12.881,
        1.2,
        12.671,
        1.333,
        13
      ]
    },
    {
      "Target": "Parameter",
      "Id": "Skirt_Shaking",
      "Segments": [
        0,
        0,
        1,
        0.056,
        0,
        0.111,
        -0.589,
        0.167,
        -2.462,
        1,
        0.367,
        -9.204,
        0.567,
        -13,
        0.767,
        -13,
        1,
        0.878,
        -13,
        0.989,
        -12.221,
        1.1,
        -10.569,
        1,
        1.178,
        -9.413,
        1.255,
        -8.033,
        1.333,
        -7
      ]
    },
    {
      "Target": "Parameter",
      "Id": "Head_X",
      "Segments": [
        0,
        0,
        0,
        0.833,
        9,
        2,
        1.333,
        9
      ]
    },
    {
      "Target": "Parameter",
      "Id": "Head_Y",
      "Segments": [
        0,
        0,
        1,
        0.278,
        0,
        0.555,
        -2.79,
        0.833,
        -14,
        1,
        1,
        -20.726,
        1.166,
        -30,
        1.333,
        -30
      ]
    },
    {
      "Target": "Parameter",
      "Id": "Head_Roll",
      "Segments": [
        0,
        0,
        0,
        1.333,
        -20
      ]
    },
    {
      "Target": "Parameter",
      "Id": "HairFront_Shaking",
      "Segments": [
        0,
        0,
        0,
        1.333,
        -0.2
      ]
    },
    {
      "Target": "Parameter",
      "Id": "sideHair_Shaking",
      "Segments": [
        0,
        0,
        0,
        0.933,
        -1,
        0,
        1.333,
        0
      ]
    },
    {
      "Target": "Parameter",
      "Id": "HairBack_Shaking",
      "Segments": [
        0,
        0,
        1,
        0.344,
        0.054,
        0.689,
        -0.114,
        1.033,
        -0.114,
        0,
        1.333,
        -0.1
      ]
    },
    {
      "Target": "Parameter",
      "Id": "EyeBallX",
      "Segments": [
        0,
        0,
        1,
        0.256,
        0,
        0.511,
        -0.114,
        0.767,
        -0.218,
        1,
        0.956,
        -0.294,
        1.144,
        -0.3,
        1.333,
        -0.3
      ]
    },
    {
      "Target": "Parameter",
      "Id": "EyeBallY",
      "Segments": [
        0,
        0,
        1,
        0.256,
        0,
        0.511,
        -0.3,
        0.767,
        -0.477,
        1,
        0.956,
        -0.608,
        1.144,
        -0.6,
        1.333,
        -0.6
      ]
    },
    {
      "Target": "Parameter",
      "Id": "EyeBall_L_Size",
      "Segments": [
        0,
        0,
        0,
        0.9,
        0.1,
        2,
        1.333,
        0.1
      ]
    },
    {
      "Target": "Parameter",
      "Id": "EyeL_Smile",
      "Segments": [
        0,
        0,
        1,
        0.3,
        0,
        0.6,
        -0.342,
        0.9,
        -0.595,
        1,
        1.044,
        -0.717,
        1.189,
        -0.7,
        1.333,
        -0.7
      ]
    },
    {
      "Target": "Parameter",
      "Id": "EyeR_Smile",
      "Segments": [
        0,
        0,
        1,
        0.3,
        0,
        0.6,
        -0.311,
        0.9,
        -0.58,
        1,
        1.044,
        -0.71,
        1.189,
        -0.7,
        1.333,
        -0.7
      ]
    },
    {
      "Target": "Parameter",
      "Id": "BrowLY",
      "Segments": [
        0,
        0,
        0,
        0.7,
        -0.713,
        0,
        1.333,
        -0.7
      ]
    },
    {
      "Target": "Parameter",
      "Id": "BrowRY",
      "Segments": [
        0,
        0,
        0,
        0.7,
        -0.787,
        0,
        1.333,
        -0.6
      ]
    },
    {
      "Target": "Parameter",
      "Id": "BrowL_Angle",
      "Segments": [
        0,
        0,
        0,
        0.967,
        -0.8,
        2,
        1.333,
        -0.8
      ]
    },
    {
      "Target": "Parameter",
      "Id": "BrowR_Angle",
      "Segments": [
        0,
        0,
        0,
        0.967,
        -0.8,
        2,
        1.333,
        -0.8
      ]
    },
    {
      "Target": "Parameter",
      "Id": "BrowL_Form",
      "Segments": [
        0,
        0,
        0,
        0.9,
        -0.7,
        2,
        1.333,
        -0.7
      ]
    },
    {
      "Target": "Parameter",
      "Id": "BrowL_Form2",
      "Segments": [
        0,
        0,
        0,
        1.333,
        17
      ]
    },
    {
      "Target": "Parameter",
      "Id": "BrowR_Form",
      "Segments": [
        0,
        0,
        0,
        0.9,
        -0.7,
        2,
        1.333,
        -0.7
      ]
    },
    {
      "Target": "Parameter",
      "Id": "BrowR_Form2",
      "Segments": [
        0,
        0,
        0,
        1.333,
        17
      ]
    },
    {
      "Target": "Parameter",
      "Id": "Mouth_Form",
      "Segments": [
        0,
        0,
        1,
        0.3,
        0,
        0.6,
        0.195,
        0.9,
        0.4,
        1,
        1.044,
        0.499,
        1.189,
        0.5,
        1.333,
        0.5
      ]
    },
    {
      "Target": "Parameter",
      "Id": "ShoulderR_Roll",
      "Segments": [
        0,
        0,
        2,
        0.133,
        0,
        0,
        0.333,
        -6,
        0,
        0.633,
        1.08,
        0,
        1.333,
        1
      ]
    },
    {
      "Target": "Parameter",
      "Id": "ArmR_Roll",
      "Segments": [
        0,
        0,
        2,
        0.133,
        0,
        1,
        0.322,
        0,
        0.511,
        27.203,
        0.7,
        28,
        1,
        0.911,
        28.89,
        1.122,
        28.74,
        1.333,
        28.74
      ]
    },
    {
      "Target": "Parameter",
      "Id": "ArmR_Form",
      "Segments": [
        0,
        -30,
        2,
        0.133,
        -30,
        0,
        0.367,
        30,
        0,
        0.7,
        24,
        2,
        1.333,
        24
      ]
    },
    {
      "Target": "Parameter",
      "Id": "ShoulderR_Form",
      "Segments": [
        0,
        -30,
        2,
        0.133,
        -30,
        1,
        0.311,
        -30,
        0.489,
        -0.817,
        0.667,
        9,
        1,
        0.889,
        21.271,
        1.111,
        22,
        1.333,
        22
      ]
    },
    {
      "Target": "Parameter",
      "Id": "SleeveR_Form",
      "Segments": [
        0,
        -30,
        0,
        0.3,
        20,
        0,
        0.833,
        -25,
        2,
        1.333,
        -25
      ]
    },
    {
      "Target": "Parameter",
      "Id": "ShoulderL_Roll",
      "Segments": [
        0,
        0,
        0,
        0.233,
        4,
        1,
        0.3,
        4,
        0.366,
        0.604,
        0.433,
        -5,
        1,
        0.489,
        -9.67,
        0.544,
        -17.817,
        0.6,
        -18,
        1,
        0.844,
        -18.805,
        1.089,
        -19,
        1.333,
        -19
      ]
    },
    {
      "Target": "Parameter",
      "Id": "ArmL_Roll",
      "Segments": [
        0,
        0,
        1,
        0.222,
        0,
        0.445,
        -24.81,
        0.667,
        -27.08,
        1,
        0.889,
        -29.35,
        1.111,
        -29,
        1.333,
        -29
      ]
    },
    {
      "Target": "Parameter",
      "Id": "ArmL_Form",
      "Segments": [
        0,
        -30,
        0,
        0.433,
        30,
        0,
        0.667,
        22,
        2,
        1.333,
        22
      ]
    },
    {
      "Target": "Parameter",
      "Id": "ShoulderL_Form",
      "Segments": [
        0,
        -30,
        1,
        0.222,
        -30,
        0.445,
        9.612,
        0.667,
        12,
        1,
        0.889,
        14.388,
        1.111,
        14,
        1.333,
        14
      ]
    },
    {
      "Target": "Parameter",
      "Id": "HandL_Roll",
      "Segments": [
        0,
        0,
        0,
        0.467,
        2,
        0,
        0.7,
        0,
        0,
        0.967,
        3.24,
        0,
        1.333,
        3
      ]
    },
    {
      "Target": "Parameter",
      "Id": "HandR_Roll",
      "Segments": [
        0,
        0,
        0,
        0.2,
        -11,
        0,
        0.233,
        -7,
        0,
        0.667,
        -11,
        0,
        0.9,
        -10.26,
        1,
        1.044,
        -10.26,
        1.189,
        -10.227,
        1.333,
        -10.38
      ]
    },
    {
      "Target": "Parameter",
      "Id": "HandL_move",
      "Segments": [
        0,
        0,
        0,
        0.367,
        30,
        0,
        0.667,
        0,
        0,
        0.733,
        30,
        2,
        1.333,
        30
      ]
    },
    {
      "Target": "Parameter",
      "Id": "Param2",
      "Segments": [
        0,
        0,
        1,
        0.167,
        0,
        0.333,
        0.178,
        0.5,
        2.812,
        1,
        0.589,
        4.217,
        0.678,
        30,
        0.767,
        30,
        1,
        0.811,
        30,
        0.856,
        7.267,
        0.9,
        0,
        1,
        1.044,
        -23.617,
        1.189,
        -30,
        1.333,
        -30
      ]
    },
    {
      "Target": "Parameter",
      "Id": "Param",
      "Segments": [
        0,
        0,
        2,
        0.233,
        30,
        2,
        1.333,
        30
      ]
    },
    {
      "Target": "Parameter",
      "Id": "legL_Roll",
      "Segments": [
        0,
        0,
        1,
        0.289,
        0,
        0.578,
        -5.486,
        0.867,
        -9.219,
        1,
        1.022,
        -11.229,
        1.178,
        -11,
        1.333,
        -11
      ]
    },
    {
      "Target": "Parameter",
      "Id": "legR_Roll",
      "Segments": [
        0,
        0,
        1,
        0.289,
        0,
        0.578,
        -6.254,
        0.867,
        -10.177,
        1,
        1.022,
        -12.29,
        1.178,
        -12,
        1.333,
        -12
      ]
    },
    {
      "Target": "PartOpacity",
      "Id": "Part10",
      "Segments": [
        0,
        1,
        2,
        1.33,
        1
      ]
    },
    {
      "Target": "PartOpacity",
      "Id": "Part19",
      "Segments": [
        0,
        1,
        2,
        0.37,
        1,
        1,
        0.39,
        0.89,
        0.41,
        0.23,
        0.43,
        0,
        2,
        1.33,
        0
      ]
    },
    {
      "Target": "PartOpacity",
      "Id": "Part18",
      "Segments": [
        0,
        0,
        2,
        0.37,
        0,
        0,
        0.43,
        1,
        2,
        1.33,
        1
      ]
    },
    {
      "Target": "PartOpacity",
      "Id": "Part30",
      "Segments": [
        0,
        0,
        2,
        1.33,
        0
      ]
    },
    {
      "Target": "PartOpacity",
      "Id": "Part",
      "Segments": [
        0,
        1,
        2,
        1.33,
        1
      ]
    },
    {
      "Target": "PartOpacity",
      "Id": "Part5",
      "Segments": [
        0,
        1,
        2,
        1.33,
        1
      ]
    },
    {
      "Target": "PartOpacity",
      "Id": "Part6",
      "Segments": [
        0,
        1,
        2,
        1.33,
        1
      ]
    },
    {
      "Target": "PartOpacity",
      "Id": "Part3",
      "Segments": [
        0,
        1,
        2,
        1.33,
        1
      ]
    },
    {
      "Target": "PartOpacity",
      "Id": "Part4",
      "Segments": [
        0,
        1,
        2,
        1.33,
        1
      ]
    },
    {
      "Target": "PartOpacity",
      "Id": "Part21",
      "Segments": [
        0,
        1,
        2,
        1.33,
        1
      ]
    },
    {
      "Target": "PartOpacity",
      "Id": "Part7",
      "Segments": [
        0,
        1,
        2,
        1.33,
        1
      ]
    },
    {
      "Target": "PartOpacity",
      "Id": "Part20",
      "Segments": [
        0,
        0,
        2,
        1.33,
        0
      ]
    },
    {
      "Target": "PartOpacity",
      "Id": "Part11",
      "Segments": [
        0,
        1,
        2,
        1.33,
        1
      ]
    },
    {
      "Target": "PartOpacity",
      "Id": "Part29",
      "Segments": [
        0,
        0,
        2,
        1.33,
        0
      ]
    },
    {
      "Target": "PartOpacity",
      "Id": "Part9",
      "Segments": [
        0,
        0,
        2,
        0.23,
        1,
        2,
        1.33,
        1
      ]
    },
    {
      "Target": "PartOpacity",
      "Id": "Part2",
      "Segments": [
        0,
        1,
        2,
        1.33,
        1
      ]
    },
    {
      "Target": "PartOpacity",
      "Id": "Part13",
      "Segments": [
        0,
        1,
        2,
        1.33,
        1
      ]
    },
    {
      "Target": "PartOpacity",
      "Id": "Part17",
      "Segments": [
        0,
        1,
        2,
        1.33,
        1
      ]
    },
    {
      "Target": "PartOpacity",
      "Id": "Part12",
      "Segments": [
        0,
        1,
        2,
        1.33,
        1
      ]
    },
    {
      "Target": "PartOpacity",
      "Id": "Part15",
      "Segments": [
        0,
        1,
        2,
        1.33,
        1
      ]
    },
    {
      "Target": "PartOpacity",
      "Id": "Part24",
      "Segments": [
        0,
        0,
        2,
        0.17,
        0,
        2,
        0.23,
        1,
        2,
        0.33,
        1,
        0,
        0.53,
        0,
        2,
        1.33,
        0
      ]
    },
    {
      "Target": "PartOpacity",
      "Id": "Part25",
      "Segments": [
        0,
        1,
        2,
        0.17,
        1,
        2,
        0.23,
        0,
        2,
        1.33,
        0
      ]
    },
    {
      "Target": "PartOpacity",
      "Id": "Part27",
      "Segments": [
        0,
        0,
        2,
        1.33,
        0
      ]
    },
    {
      "Target": "PartOpacity",
      "Id": "Part31",
      "Segments": [
        0,
        0,
        2,
        0.23,
        1,
        2,
        0.5,
        0,
        2,
        1.33,
        0
      ]
    },
    {
      "Target": "PartOpacity",
      "Id": "Part22",
      "Segments": [
        0,
        0,
        2,
        0.23,
        0,
        2,
        0.5,
        1,
        2,
        1.33,
        1
      ]
    },
    {
      "Target": "PartOpacity",
      "Id": "Part32",
      "Segments": [
        0,
        1,
        2,
        1.33,
        1
      ]
    },
    {
      "Target": "PartOpacity",
      "Id": "Part26",
      "Segments": [
        0,
        1,
        2,
        0.17,
        1,
        2,
        0.23,
        0,
        2,
        1.33,
        0
      ]
    },
    {
      "Target": "PartOpacity",
      "Id": "Part23",
      "Segments": [
        0,
        0,
        2,
        0.17,
        0,
        2,
        0.23,
        1,
        2,
        1.33,
        1
      ]
    },
    {
      "Target": "PartOpacity",
      "Id": "Part28",
      "Segments": [
        0,
        1,
        2,
        0.1,
        1,
        2,
        0.23,
        0,
        2,
        1.33,
        0
      ]
    },
    {
      "Target": "PartOpacity",
      "Id": "Part16",
      "Segments": [
        0,
        1,
        2,
        1.33,
        1
      ]
    },
    {
      "Target": "PartOpacity",
      "Id": "Part14",
      "Segments": [
        0,
        1,
        2,
        1.33,
        1
      ]
    },
    {
      "Target": "Model",
      "Id": "Opacity",
      "Segments": [
        0,
        1,
        0,
        1.333,
        1
      ]
    },
    {
      "Target": "Parameter",
      "Id": "Skirt_Roll",
      "Segments": [
        0,
        0,
        0,
        1.333,
        0
      ]
    },
    {
      "Target": "Parameter",
      "Id": "Skirt_Open",
      "Segments": [
        0,
        0,
        0,
        1.333,
        0
      ]
    },
    {
      "Target": "Parameter",
      "Id": "EyeBall_R_Size",
      "Segments": [
        0,
        0,
        0,
        1.333,
        0
      ]
    },
    {
      "Target": "Parameter",
      "Id": "EyeL_Open",
      "Segments": [
        0,
        1,
        0,
        1.333,
        1
      ]
    },
    {
      "Target": "Parameter",
      "Id": "EyeR_Open",
      "Segments": [
        0,
        1,
        0,
        1.333,
        1
      ]
    },
    {
      "Target": "Parameter",
      "Id": "MouthForm2",
      "Segments": [
        0,
        0,
        0,
        1.333,
        0
      ]
    },
    {
      "Target": "Parameter",
      "Id": "Mouth_Open",
      "Segments": [
        0,
        1,
        0,
        1.333,
        1
      ]
    },
    {
      "Target": "Parameter",
      "Id": "Mouth_Size",
      "Segments": [
        0,
        1,
        0,
        1.333,
        1
      ]
    },
    {
      "Target": "Parameter",
      "Id": "HandR_move",
      "Segments": [
        0,
        0,
        0,
        1.333,
        0
      ]
    }
  ],
  "UserData": [
    {
      "Time": 0.0,
      "Value": ""
    }
  ]
}