{
  "Version": 3,
  "Meta": {
    "Duration": 8.0,
    "Fps": 30.0,
    "Loop": true,
    "AreBeziersRestricted": true,
    "CurveCount": 73,
    "TotalSegmentCount": 184,
    "TotalPointCount": 266,
    "UserDataCount": 1,
    "TotalUserDataSize": 0
  },
  "Curves": [
    {
      "Target": "Parameter",
      "Id": "Param33",
      "Segments": [
        0,
        0,
        1,
        0.556,
        0,
        1.111,
        2.999,
        1.667,
        3.66,
        1,
        2.056,
        4.122,
        2.444,
        4,
        2.833,
        4,
        0,
        5.8,
        0,
        2,
        6.967,
        0,
        2,
        8,
        0
      ]
    },
    {
      "Target": "Parameter",
      "Id": "Param9",
      "Segments": [
        0,
        0.86,
        1,
        0.333,
        0.322,
        0.667,
        -3,
        1,
        -3,
        0,
        2.533,
        -1,
        2,
        3.733,
        -1,
        0,
        4.4,
        1,
        0,
        8,
        0.86
      ]
    },
    {
      "Target": "Parameter",
      "Id": "Param8",
      "Segments": [
        0,
        0.3,
        1,
        0.933,
        0.732,
        1.867,
        1.08,
        2.8,
        1.08,
        0,
        8,
        0.3
      ]
    },
    {
      "Target": "Parameter",
      "Id": "Param24",
      "Segments": [
        0,
        -11.4,
        1,
        0.444,
        -3.581,
        0.889,
        0,
        1.333,
        0,
        1,
        1.666,
        0,
        2,
        -11.498,
        2.333,
        -15,
        1,
        2.789,
        -19.786,
        3.244,
        -19.964,
        3.7,
        -19.964,
        0,
        8,
        -11.4
      ]
    },
    {
      "Target": "Parameter",
      "Id": "Param27",
      "Segments": [
        0,
        0,
        2,
        1.333,
        0,
        0,
        2.267,
        7,
        0,
        8,
        0
      ]
    },
    {
      "Target": "Parameter",
      "Id": "Param19",
      "Segments": [
        0,
        28.62,
        1,
        1.244,
        28.62,
        2.489,
        27.579,
        3.733,
        24,
        1,
        3.955,
        23.361,
        4.178,
        9,
        4.4,
        9,
        0,
        8,
        28.62
      ]
    },
    {
      "Target": "Parameter",
      "Id": "Param21",
      "Segments": [
        0,
        -10,
        1,
        0.456,
        -10.42,
        0.911,
        -10.251,
        1.367,
        -11,
        1,
        2.156,
        -12.297,
        2.944,
        -18,
        3.733,
        -18,
        0,
        4.4,
        -7.007,
        0,
        8,
        -10
      ]
    },
    {
      "Target": "Parameter",
      "Id": "Param25",
      "Segments": [
        0,
        6.1,
        0,
        1.333,
        0,
        0,
        3.5,
        12,
        0,
        8,
        6.1
      ]
    },
    {
      "Target": "Parameter",
      "Id": "Param22",
      "Segments": [
        0,
        4,
        1,
        1.467,
        2.197,
        2.933,
        2,
        4.4,
        2,
        0,
        8,
        4
      ]
    },
    {
      "Target": "Parameter",
      "Id": "Param5",
      "Segments": [
        0,
        -27,
        0,
        4.4,
        41,
        1,
        4.456,
        41,
        4.511,
        28.362,
        4.567,
        18,
        1,
        4.611,
        9.711,
        4.656,
        0.749,
        4.7,
        0,
        1,
        5.8,
        -18.541,
        6.9,
        -27,
        8,
        -27
      ]
    },
    {
      "Target": "Parameter",
      "Id": "ParamBreath",
      "Segments": [
        0,
        0,
        0,
        2.1,
        0.1,
        0,
        2.833,
        0,
        0,
        4.033,
        0.1,
        0,
        4.767,
        0,
        2,
        6.967,
        0,
        2,
        8,
        0
      ]
    },
    {
      "Target": "Parameter",
      "Id": "Param15",
      "Segments": [
        0,
        20.9,
        1,
        0.889,
        7.529,
        1.778,
        2.655,
        2.667,
        2.655,
        1,
        3.1,
        2.655,
        3.534,
        3.931,
        3.967,
        10,
        1,
        4.278,
        14.357,
        4.589,
        20,
        4.9,
        20,
        0,
        6,
        19.479,
        0,
        8,
        20.9
      ]
    },
    {
      "Target": "Parameter",
      "Id": "Param2",
      "Segments": [
        0,
        3.3,
        1,
        0.722,
        -0.613,
        1.445,
        -5,
        2.167,
        -5,
        0,
        4.033,
        5.04,
        0,
        5.833,
        -2,
        0,
        6.967,
        4,
        0,
        8,
        3.3
      ]
    },
    {
      "Target": "Parameter",
      "Id": "Param7",
      "Segments": [
        0,
        -3,
        1,
        0.578,
        -3,
        1.155,
        -0.423,
        1.733,
        4,
        1,
        2.3,
        8.338,
        2.866,
        10.18,
        3.433,
        10.18,
        0,
        4.767,
        -3,
        2,
        8,
        -3
      ]
    },
    {
      "Target": "Parameter",
      "Id": "Param10",
      "Segments": [
        0,
        -4,
        0,
        4.333,
        0,
        1,
        4.466,
        0,
        4.6,
        -1.677,
        4.733,
        -6,
        1,
        4.844,
        -9.602,
        4.956,
        -12,
        5.067,
        -12,
        0,
        8,
        -4
      ]
    },
    {
      "Target": "Parameter",
      "Id": "Param3",
      "Segments": [
        0,
        0.7,
        0,
        1.067,
        -30,
        0,
        1.967,
        0,
        0,
        2.667,
        -10,
        0,
        3.633,
        -14,
        0,
        4.4,
        -9,
        2,
        5.967,
        -9,
        0,
        8,
        0.7
      ]
    },
    {
      "Target": "Parameter",
      "Id": "Param4",
      "Segments": [
        0,
        -30,
        2,
        1.067,
        -30,
        2,
        1.967,
        -30,
        2,
        2.667,
        -30,
        2,
        3.633,
        -30,
        0,
        4.4,
        -14,
        0,
        5.967,
        -30,
        2,
        8,
        -30
      ]
    },
    {
      "Target": "Parameter",
      "Id": "Param13",
      "Segments": [
        0,
        1.9,
        1,
        0.1,
        1.9,
        0.2,
        -2.928,
        0.3,
        -13,
        1,
        0.411,
        -24.191,
        0.522,
        -30,
        0.633,
        -30,
        2,
        1.667,
        -30,
        1,
        1.834,
        -30,
        2,
        -14.487,
        2.167,
        -13,
        1,
        2.4,
        -10.918,
        2.634,
        -10.892,
        2.867,
        -9,
        1,
        3.489,
        -3.954,
        4.111,
        0,
        4.733,
        0,
        0,
        4.933,
        -30,
        0,
        5.133,
        -13,
        0,
        5.467,
        -30,
        1,
        5.978,
        -30,
        6.489,
        -21.694,
        7,
        -9,
        1,
        7.333,
        -0.721,
        7.667,
        1.9,
        8,
        1.9
      ]
    },
    {
      "Target": "Parameter",
      "Id": "Param14",
      "Segments": [
        0,
        1.3,
        1,
        0.1,
        1.3,
        0.2,
        -3.129,
        0.3,
        -13,
        1,
        0.411,
        -23.968,
        0.522,
        -30,
        0.633,
        -30,
        2,
        1.667,
        -30,
        1,
        1.834,
        -30,
        2,
        -13.775,
        2.167,
        -13,
        1,
        2.4,
        -11.915,
        2.634,
        -12.475,
        2.867,
        -11,
        1,
        3.489,
        -7.067,
        4.111,
        0,
        4.733,
        0,
        0,
        4.933,
        -30,
        0,
        5.133,
        -13,
        0,
        5.467,
        -30,
        1,
        5.978,
        -30,
        6.489,
        -23.63,
        7,
        -11,
        1,
        7.333,
        -2.763,
        7.667,
        1.3,
        8,
        1.3
      ]
    },
    {
      "Target": "Parameter",
      "Id": "Param16",
      "Segments": [
        0,
        4.3,
        1,
        0.2,
        1.344,
        0.4,
        0,
        0.6,
        0,
        0,
        2.233,
        18.305,
        0,
        4.567,
        -4.9,
        0,
        6.5,
        12.24,
        1,
        7,
        12.24,
        7.5,
        10.288,
        8,
        4.3
      ]
    },
    {
      "Target": "Parameter",
      "Id": "Param11",
      "Segments": [
        0,
        6.889,
        1,
        0.067,
        8.547,
        0.133,
        8.374,
        0.2,
        8.374,
        0,
        1.233,
        -2.943,
        0,
        2.333,
        7.485,
        0,
        3.533,
        3.453,
        0,
        4.667,
        14,
        0,
        5.667,
        1.338,
        0,
        6.567,
        7.485,
        0,
        7.433,
        0.518,
        1,
        7.622,
        0.518,
        7.811,
        4.317,
        8,
        6.889
      ]
    },
    {
      "Target": "PartOpacity",
      "Id": "Part",
      "Segments": [
        0,
        1,
        2,
        7.67,
        1,
        2,
        8,
        1
      ]
    },
    {
      "Target": "PartOpacity",
      "Id": "Part23",
      "Segments": [
        0,
        1,
        2,
        7.67,
        1,
        2,
        8,
        1
      ]
    },
    {
      "Target": "PartOpacity",
      "Id": "Part2",
      "Segments": [
        0,
        1,
        2,
        7.67,
        1,
        2,
        8,
        1
      ]
    },
    {
      "Target": "PartOpacity",
      "Id": "Part3",
      "Segments": [
        0,
        1,
        2,
        7.67,
        1,
        2,
        8,
        1
      ]
    },
    {
      "Target": "PartOpacity",
      "Id": "Part4",
      "Segments": [
        0,
        1,
        2,
        7.67,
        1,
        2,
        8,
        1
      ]
    },
    {
      "Target": "PartOpacity",
      "Id": "Part21",
      "Segments": [
        0,
        1,
        2,
        7.67,
        1,
        2,
        8,
        1
      ]
    },
    {
      "Target": "PartOpacity",
      "Id": "Part5",
      "Segments": [
        0,
        1,
        2,
        1.83,
        1,
        2,
        7.67,
        1,
        2,
        8,
        1
      ]
    },
    {
      "Target": "PartOpacity",
      "Id": "Part13",
      "Segments": [
        0,
        1,
        2,
        1.83,
        0,
        2,
        8,
        0
      ]
    },
    {
      "Target": "PartOpacity",
      "Id": "Part6",
      "Segments": [
        0,
        1,
        2,
        7.67,
        1,
        2,
        8,
        1
      ]
    },
    {
      "Target": "PartOpacity",
      "Id": "Part15",
      "Segments": [
        0,
        1,
        2,
        7.67,
        1,
        2,
        8,
        1
      ]
    },
    {
      "Target": "PartOpacity",
      "Id": "Part16",
      "Segments": [
        0,
        0,
        2,
        7.67,
        0,
        2,
        8,
        0
      ]
    },
    {
      "Target": "PartOpacity",
      "Id": "Part7",
      "Segments": [
        0,
        1,
        2,
        7.67,
        1,
        2,
        8,
        1
      ]
    },
    {
      "Target": "PartOpacity",
      "Id": "Part8",
      "Segments": [
        0,
        1,
        2,
        7.67,
        1,
        2,
        8,
        1
      ]
    },
    {
      "Target": "PartOpacity",
      "Id": "Part9",
      "Segments": [
        0,
        1,
        2,
        7.67,
        1,
        2,
        8,
        1
      ]
    },
    {
      "Target": "PartOpacity",
      "Id": "Part10",
      "Segments": [
        0,
        1,
        2,
        7.67,
        1,
        2,
        8,
        1
      ]
    },
    {
      "Target": "PartOpacity",
      "Id": "Part11",
      "Segments": [
        0,
        1,
        2,
        7.67,
        1,
        2,
        8,
        1
      ]
    },
    {
      "Target": "PartOpacity",
      "Id": "Part14",
      "Segments": [
        0,
        1,
        2,
        7.67,
        1,
        2,
        8,
        1
      ]
    },
    {
      "Target": "PartOpacity",
      "Id": "Part22",
      "Segments": [
        0,
        1,
        2,
        7.67,
        1,
        2,
        8,
        1
      ]
    },
    {
      "Target": "PartOpacity",
      "Id": "Part18",
      "Segments": [
        0,
        0,
        2,
        7.67,
        0,
        2,
        8,
        0
      ]
    },
    {
      "Target": "PartOpacity",
      "Id": "Part12",
      "Segments": [
        0,
        1,
        2,
        7.67,
        1,
        2,
        8,
        1
      ]
    },
    {
      "Target": "PartOpacity",
      "Id": "Part19",
      "Segments": [
        0,
        0,
        2,
        7.67,
        0,
        2,
        8,
        0
      ]
    },
    {
      "Target": "Parameter",
      "Id": "Param32",
      "Segments": [
        0,
        0,
        0,
        8,
        0
      ]
    },
    {
      "Target": "Parameter",
      "Id": "Param20",
      "Segments": [
        0,
        0,
        0,
        8,
        0
      ]
    },
    {
      "Target": "Parameter",
      "Id": "Param23",
      "Segments": [
        0,
        0,
        0,
        8,
        0
      ]
    },
    {
      "Target": "Parameter",
      "Id": "Param28",
      "Segments": [
        0,
        -30,
        0,
        8,
        -30
      ]
    },
    {
      "Target": "Parameter",
      "Id": "Param34",
      "Segments": [
        0,
        0,
        0,
        8,
        0
      ]
    },
    {
      "Target": "Parameter",
      "Id": "Param29",
      "Segments": [
        0,
        0,
        0,
        8,
        0
      ]
    },
    {
      "Target": "Parameter",
      "Id": "Param30",
      "Segments": [
        0,
        0,
        0,
        8,
        0
      ]
    },
    {
      "Target": "Parameter",
      "Id": "Param26",
      "Segments": [
        0,
        19,
        0,
        8,
        19
      ]
    },
    {
      "Target": "Parameter",
      "Id": "Param17",
      "Segments": [
        0,
        8,
        0,
        8,
        8
      ]
    },
    {
      "Target": "Parameter",
      "Id": "Param18",
      "Segments": [
        0,
        0,
        0,
        8,
        0
      ]
    },
    {
      "Target": "Parameter",
      "Id": "Param31",
      "Segments": [
        0,
        0,
        0,
        8,
        0
      ]
    },
    {
      "Target": "Parameter",
      "Id": "Param6",
      "Segments": [
        0,
        0,
        0,
        8,
        0
      ]
    },
    {
      "Target": "Parameter",
      "Id": "Param12",
      "Segments": [
        0,
        1.5,
        0,
        8,
        1.5
      ]
    },
    {
      "Target": "Parameter",
      "Id": "Mouth_Size",
      "Segments": [
        0,
        -0.4,
        0,
        8,
        -0.4
      ]
    },
    {
      "Target": "Parameter",
      "Id": "Mouth_Open",
      "Segments": [
        0,
        1,
        0,
        8,
        1
      ]
    },
    {
      "Target": "Parameter",
      "Id": "Param",
      "Segments": [
        0,
        0,
        0,
        8,
        0
      ]
    },
    {
      "Target": "Parameter",
      "Id": "ParamMouthForm",
      "Segments": [
        0,
        0,
        0,
        8,
        0
      ]
    },
    {
      "Target": "Parameter",
      "Id": "ParamBrowRForm",
      "Segments": [
        0,
        -0.5,
        0,
        8,
        -0.5
      ]
    },
    {
      "Target": "Parameter",
      "Id": "ParamBrowLForm",
      "Segments": [
        0,
        -0.5,
        0,
        8,
        -0.5
      ]
    },
    {
      "Target": "Parameter",
      "Id": "ParamBrowRAngle",
      "Segments": [
        0,
        -0.4,
        0,
        8,
        -0.4
      ]
    },
    {
      "Target": "Parameter",
      "Id": "ParamBrowLAngle",
      "Segments": [
        0,
        -0.2,
        0,
        8,
        -0.2
      ]
    },
    {
      "Target": "Parameter",
      "Id": "EyesSize",
      "Segments": [
        0,
        0,
        0,
        8,
        0
      ]
    },
    {
      "Target": "Parameter",
      "Id": "ParamBrowRY",
      "Segments": [
        0,
        -0.4,
        0,
        8,
        -0.4
      ]
    },
    {
      "Target": "Parameter",
      "Id": "ParamBrowLY",
      "Segments": [
        0,
        -0.5,
        0,
        8,
        -0.5
      ]
    },
    {
      "Target": "Parameter",
      "Id": "ParamEyeBallX",
      "Segments": [
        0,
        0,
        0,
        8,
        0
      ]
    },
    {
      "Target": "Parameter",
      "Id": "ParamEyeBallY",
      "Segments": [
        0,
        0,
        0,
        8,
        0
      ]
    },
    {
      "Target": "Parameter",
      "Id": "ParamEyeRSmile",
      "Segments": [
        0,
        0,
        0,
        8,
        0
      ]
    },
    {
      "Target": "Parameter",
      "Id": "EyeR_Open",
      "Segments": [
        0,
        0.903,
        0,
        8,
        0.903
      ]
    },
    {
      "Target": "Parameter",
      "Id": "EyeL_Open",
      "Segments": [
        0,
        0.9,
        0,
        8,
        0.9
      ]
    },
    {
      "Target": "Parameter",
      "Id": "ParamEyeLSmile",
      "Segments": [
        0,
        0,
        0,
        8,
        0
      ]
    },
    {
      "Target": "PartOpacity",
      "Id": "Part20",
      "Segments": [
        0,
        1,
        0,
        8,
        1
      ]
    }
  ],
  "UserData": [
    {
      "Time": 0.0,
      "Value": ""
    }
  ]
}