{
  "Version": 3,
  "Meta": {
    "Duration": 2.0,
    "Fps": 30.0,
    "Loop": true,
    "AreBeziersRestricted": true,
    "CurveCount": 71,
    "TotalSegmentCount": 214,
    "TotalPointCount": 284,
    "UserDataCount": 1,
    "TotalUserDataSize": 0
  },
  "Curves": [
    {
      "Target": "Parameter",
      "Id": "Param9",
      "Segments": [
        0,
        0,
        1,
        0.156,
        0,
        0.311,
        1.434,
        0.467,
        9.24,
        1,
        0.534,
        12.585,
        0.6,
        30,
        0.667,
        30,
        1,
        0.778,
        30,
        0.889,
        29.303,
        1,
        29,
        1,
        1.167,
        28.546,
        1.333,
        28.5,
        1.5,
        28.5,
        2,
        2,
        28.5
      ]
    },
    {
      "Target": "Parameter",
      "Id": "Param32",
      "Segments": [
        0,
        0,
        2,
        0.333,
        0,
        1,
        0.378,
        0,
        0.422,
        -2.421,
        0.467,
        -4,
        1,
        0.556,
        -7.159,
        0.644,
        -8,
        0.733,
        -8,
        0,
        1,
        -7,
        0,
        1.5,
        -10,
        0,
        2,
        -8
      ]
    },
    {
      "Target": "Parameter",
      "Id": "Param20",
      "Segments": [
        0,
        0,
        2,
        0.467,
        0,
        1,
        0.556,
        0,
        0.644,
        -21.819,
        0.733,
        -23,
        1,
        0.822,
        -24.181,
        0.911,
        -24,
        1,
        -24,
        2,
        1.5,
        -24,
        2,
        2,
        -24
      ]
    },
    {
      "Target": "Parameter",
      "Id": "Param24",
      "Segments": [
        0,
        0,
        0,
        1,
        -24,
        2,
        1.5,
        -24,
        2,
        2,
        -24
      ]
    },
    {
      "Target": "Parameter",
      "Id": "Param27",
      "Segments": [
        0,
        0,
        0,
        1,
        9,
        2,
        1.5,
        9,
        2,
        2,
        9
      ]
    },
    {
      "Target": "Parameter",
      "Id": "Param23",
      "Segments": [
        0,
        0,
        0,
        1.1,
        17,
        2,
        1.5,
        17,
        2,
        2,
        17
      ]
    },
    {
      "Target": "Parameter",
      "Id": "Param19",
      "Segments": [
        0,
        -22,
        1,
        0.056,
        -22,
        0.111,
        -21.774,
        0.167,
        -19,
        1,
        0.222,
        -16.226,
        0.278,
        -11.963,
        0.333,
        -4,
        1,
        0.411,
        7.148,
        0.489,
        27.72,
        0.567,
        27.72,
        0,
        1.3,
        26,
        0,
        2,
        26.1
      ]
    },
    {
      "Target": "Parameter",
      "Id": "Param21",
      "Segments": [
        0,
        23,
        1,
        0.111,
        23,
        0.222,
        8.734,
        0.333,
        2,
        1,
        0.444,
        -4.734,
        0.556,
        -5,
        0.667,
        -5,
        2,
        1.233,
        -5,
        2,
        2,
        -5
      ]
    },
    {
      "Target": "Parameter",
      "Id": "Param22",
      "Segments": [
        0,
        20,
        0,
        0.3,
        0,
        2,
        0.7,
        0,
        2,
        1.5,
        0,
        2,
        2,
        0
      ]
    },
    {
      "Target": "Parameter",
      "Id": "Param26",
      "Segments": [
        0,
        10,
        0,
        0.3,
        0,
        0,
        0.7,
        11,
        2,
        1.5,
        11,
        2,
        2,
        11
      ]
    },
    {
      "Target": "Parameter",
      "Id": "Param17",
      "Segments": [
        0,
        0,
        2,
        0.267,
        0,
        0,
        0.667,
        1,
        2,
        1.067,
        1,
        0,
        1.5,
        0,
        2,
        2,
        0
      ]
    },
    {
      "Target": "Parameter",
      "Id": "Param18",
      "Segments": [
        0,
        0,
        0,
        0.1,
        30,
        0,
        0.267,
        0,
        2,
        1.5,
        0,
        2,
        2,
        0
      ]
    },
    {
      "Target": "Parameter",
      "Id": "Param15",
      "Segments": [
        0,
        10,
        0,
        0.467,
        30,
        0,
        1,
        -1,
        0,
        1.467,
        30,
        0,
        2,
        21
      ]
    },
    {
      "Target": "Parameter",
      "Id": "Param7",
      "Segments": [
        0,
        0,
        0,
        0.533,
        -30,
        2,
        1.1,
        -30,
        0,
        1.5,
        -29.3,
        2,
        2,
        -29.3
      ]
    },
    {
      "Target": "Parameter",
      "Id": "Param10",
      "Segments": [
        0,
        9,
        1,
        0.089,
        9,
        0.178,
        4.173,
        0.267,
        3,
        1,
        0.489,
        0.066,
        0.711,
        -2.896,
        0.933,
        -4,
        1,
        1.289,
        -5.767,
        1.644,
        -6,
        2,
        -6
      ]
    },
    {
      "Target": "Parameter",
      "Id": "Param6",
      "Segments": [
        0,
        0,
        0,
        0.467,
        9,
        0,
        1.1,
        0,
        2,
        1.5,
        0,
        2,
        2,
        0
      ]
    },
    {
      "Target": "Parameter",
      "Id": "Param3",
      "Segments": [
        0,
        0,
        2,
        0.133,
        0,
        2,
        0.967,
        0,
        0,
        1.5,
        -30,
        2,
        2,
        -30
      ]
    },
    {
      "Target": "Parameter",
      "Id": "Param4",
      "Segments": [
        0,
        0,
        2,
        0.133,
        0,
        2,
        0.967,
        0,
        1,
        1.145,
        0,
        1.322,
        17.486,
        1.5,
        24,
        1,
        1.667,
        30.106,
        1.833,
        30,
        2,
        30
      ]
    },
    {
      "Target": "Parameter",
      "Id": "Param12",
      "Segments": [
        0,
        0,
        2,
        0.967,
        0,
        2,
        1.5,
        0,
        0,
        2,
        30
      ]
    },
    {
      "Target": "Parameter",
      "Id": "Param13",
      "Segments": [
        0,
        0,
        0,
        0.2,
        -30,
        0,
        0.533,
        30,
        1,
        0.711,
        30,
        0.889,
        -0.509,
        1.067,
        -22,
        1,
        1.145,
        -31.402,
        1.222,
        -30,
        1.3,
        -30,
        1,
        1.356,
        -30,
        1.411,
        -26.859,
        1.467,
        -15,
        1,
        1.522,
        -3.141,
        1.578,
        7,
        1.633,
        7,
        1,
        1.689,
        7,
        1.744,
        -13.639,
        1.8,
        -16,
        1,
        1.867,
        -18.833,
        1.933,
        -19.119,
        2,
        -21.5
      ]
    },
    {
      "Target": "Parameter",
      "Id": "Param14",
      "Segments": [
        0,
        0,
        0,
        0.2,
        -20,
        0,
        0.533,
        30,
        1,
        0.711,
        30,
        0.889,
        9.945,
        1.067,
        -15,
        1,
        1.145,
        -25.914,
        1.222,
        -27,
        1.3,
        -27,
        1,
        1.356,
        -27,
        1.411,
        -24.305,
        1.467,
        -13.5,
        1,
        1.534,
        -0.534,
        1.6,
        10,
        1.667,
        10,
        1,
        1.711,
        10,
        1.756,
        2.153,
        1.8,
        -3,
        1,
        1.867,
        -10.729,
        1.933,
        -18.179,
        2,
        -21.56
      ]
    },
    {
      "Target": "Parameter",
      "Id": "Param16",
      "Segments": [
        0,
        -4.9,
        0,
        0.167,
        -8.74,
        0,
        0.6,
        13.105,
        0,
        1.3,
        -16.777,
        0,
        2,
        -1.56
      ]
    },
    {
      "Target": "Parameter",
      "Id": "Param11",
      "Segments": [
        0,
        0,
        0,
        0.3,
        -13,
        0,
        0.7,
        7.808,
        0,
        1.433,
        -15.422,
        1,
        1.622,
        -15.422,
        1.811,
        1.952,
        2,
        3.5
      ]
    },
    {
      "Target": "Parameter",
      "Id": "Mouth_Size",
      "Segments": [
        0,
        0,
        2,
        0.4,
        0,
        0,
        0.667,
        -0.166,
        0,
        0.8,
        0.2,
        2,
        1.067,
        0.2,
        2,
        2,
        0.2
      ]
    },
    {
      "Target": "Parameter",
      "Id": "ParamBrowRForm",
      "Segments": [
        0,
        0,
        0,
        0.667,
        -0.7,
        2,
        0.8,
        -0.7,
        2,
        1.067,
        -0.7,
        2,
        2,
        -0.7
      ]
    },
    {
      "Target": "Parameter",
      "Id": "ParamBrowLForm",
      "Segments": [
        0,
        0,
        0,
        0.4,
        -1,
        0,
        0.667,
        -0.7,
        2,
        0.8,
        -0.7,
        2,
        1.067,
        -0.7,
        2,
        2,
        -0.7
      ]
    },
    {
      "Target": "Parameter",
      "Id": "ParamBrowRAngle",
      "Segments": [
        0,
        0,
        2,
        0.4,
        0,
        0,
        0.667,
        0.4,
        2,
        0.8,
        0.4,
        2,
        1.067,
        0.4,
        2,
        2,
        0.4
      ]
    },
    {
      "Target": "Parameter",
      "Id": "ParamBrowLAngle",
      "Segments": [
        0,
        0,
        2,
        0.4,
        0,
        0,
        0.667,
        0.4,
        2,
        0.8,
        0.4,
        2,
        1.067,
        0.4,
        2,
        2,
        0.4
      ]
    },
    {
      "Target": "Parameter",
      "Id": "EyesSize",
      "Segments": [
        0,
        0,
        2,
        0.4,
        0,
        0,
        0.667,
        0.4,
        2,
        0.8,
        0.4,
        2,
        1.067,
        0.4,
        2,
        2,
        0.4
      ]
    },
    {
      "Target": "Parameter",
      "Id": "ParamBrowRY",
      "Segments": [
        0,
        0,
        2,
        0.4,
        0,
        0,
        0.667,
        -0.4,
        2,
        0.8,
        -0.4,
        2,
        1.067,
        -0.4,
        2,
        2,
        -0.4
      ]
    },
    {
      "Target": "Parameter",
      "Id": "ParamBrowLY",
      "Segments": [
        0,
        0,
        2,
        0.4,
        0,
        0,
        0.667,
        -0.4,
        2,
        0.8,
        -0.4,
        2,
        1.067,
        -0.4,
        2,
        2,
        -0.4
      ]
    },
    {
      "Target": "Parameter",
      "Id": "ParamEyeBallX",
      "Segments": [
        0,
        0,
        2,
        0.4,
        0,
        1,
        0.578,
        0,
        0.755,
        0.3,
        0.933,
        0.5,
        1,
        1.289,
        0.9,
        1.644,
        1,
        2,
        1
      ]
    },
    {
      "Target": "Parameter",
      "Id": "ParamEyeBallY",
      "Segments": [
        0,
        0,
        2,
        0.4,
        0,
        1,
        0.578,
        0,
        0.755,
        -0.12,
        0.933,
        -0.2,
        1,
        1.289,
        -0.36,
        1.644,
        -0.4,
        2,
        -0.4
      ]
    },
    {
      "Target": "Parameter",
      "Id": "EyeR_Open",
      "Segments": [
        0,
        1,
        0,
        0.8,
        0.9,
        2,
        1,
        0.9,
        2,
        1.067,
        0.9,
        2,
        2,
        0.9
      ]
    },
    {
      "Target": "Parameter",
      "Id": "EyeL_Open",
      "Segments": [
        0,
        1,
        0,
        0.8,
        0.9,
        2,
        1,
        0.9,
        2,
        1.067,
        0.9,
        2,
        2,
        0.9
      ]
    },
    {
      "Target": "PartOpacity",
      "Id": "Part",
      "Segments": [
        0,
        1,
        2,
        1.33,
        1,
        2,
        2,
        1
      ]
    },
    {
      "Target": "PartOpacity",
      "Id": "Part23",
      "Segments": [
        0,
        1,
        2,
        1.33,
        1,
        2,
        2,
        1
      ]
    },
    {
      "Target": "PartOpacity",
      "Id": "Part2",
      "Segments": [
        0,
        1,
        2,
        1.33,
        1,
        2,
        2,
        1
      ]
    },
    {
      "Target": "PartOpacity",
      "Id": "Part3",
      "Segments": [
        0,
        1,
        2,
        1.33,
        1,
        2,
        2,
        1
      ]
    },
    {
      "Target": "PartOpacity",
      "Id": "Part5",
      "Segments": [
        0,
        1,
        2,
        0.33,
        1,
        2,
        1.33,
        1,
        2,
        2,
        1
      ]
    },
    {
      "Target": "PartOpacity",
      "Id": "Part13",
      "Segments": [
        0,
        1,
        2,
        0.37,
        1,
        2,
        2,
        1
      ]
    },
    {
      "Target": "PartOpacity",
      "Id": "Part6",
      "Segments": [
        0,
        1,
        2,
        1.33,
        1,
        2,
        2,
        1
      ]
    },
    {
      "Target": "PartOpacity",
      "Id": "Part15",
      "Segments": [
        0,
        1,
        2,
        1.33,
        1,
        2,
        2,
        1
      ]
    },
    {
      "Target": "PartOpacity",
      "Id": "Part16",
      "Segments": [
        0,
        0,
        2,
        1.33,
        0,
        2,
        2,
        0
      ]
    },
    {
      "Target": "PartOpacity",
      "Id": "Part7",
      "Segments": [
        0,
        1,
        2,
        1.33,
        1,
        2,
        2,
        1
      ]
    },
    {
      "Target": "PartOpacity",
      "Id": "Part8",
      "Segments": [
        0,
        1,
        2,
        1.33,
        1,
        2,
        2,
        1
      ]
    },
    {
      "Target": "PartOpacity",
      "Id": "Part9",
      "Segments": [
        0,
        1,
        2,
        1.33,
        1,
        2,
        2,
        1
      ]
    },
    {
      "Target": "PartOpacity",
      "Id": "Part10",
      "Segments": [
        0,
        1,
        2,
        1.33,
        1,
        2,
        2,
        1
      ]
    },
    {
      "Target": "PartOpacity",
      "Id": "Part11",
      "Segments": [
        0,
        1,
        2,
        1.33,
        1,
        2,
        2,
        1
      ]
    },
    {
      "Target": "PartOpacity",
      "Id": "Part14",
      "Segments": [
        0,
        1,
        2,
        1.33,
        1,
        2,
        2,
        1
      ]
    },
    {
      "Target": "PartOpacity",
      "Id": "Part22",
      "Segments": [
        0,
        0,
        0,
        0.17,
        1,
        2,
        1.33,
        1,
        2,
        2,
        1
      ]
    },
    {
      "Target": "PartOpacity",
      "Id": "Part18",
      "Segments": [
        0,
        1,
        2,
        0.17,
        0,
        2,
        1.33,
        0,
        2,
        2,
        0
      ]
    },
    {
      "Target": "PartOpacity",
      "Id": "Part12",
      "Segments": [
        0,
        1,
        2,
        1.33,
        1,
        2,
        2,
        1
      ]
    },
    {
      "Target": "PartOpacity",
      "Id": "Part19",
      "Segments": [
        0,
        0,
        2,
        1,
        0,
        2,
        1.33,
        0,
        2,
        2,
        0
      ]
    },
    {
      "Target": "Parameter",
      "Id": "Param33",
      "Segments": [
        0,
        0,
        0,
        2,
        0
      ]
    },
    {
      "Target": "Parameter",
      "Id": "Param8",
      "Segments": [
        0,
        0,
        0,
        2,
        0
      ]
    },
    {
      "Target": "Parameter",
      "Id": "Param28",
      "Segments": [
        0,
        -30,
        0,
        2,
        -30
      ]
    },
    {
      "Target": "Parameter",
      "Id": "Param34",
      "Segments": [
        0,
        0,
        0,
        2,
        0
      ]
    },
    {
      "Target": "Parameter",
      "Id": "Param29",
      "Segments": [
        0,
        0,
        0,
        2,
        0
      ]
    },
    {
      "Target": "Parameter",
      "Id": "Param25",
      "Segments": [
        0,
        0,
        0,
        2,
        0
      ]
    },
    {
      "Target": "Parameter",
      "Id": "Param30",
      "Segments": [
        0,
        0,
        0,
        2,
        0
      ]
    },
    {
      "Target": "Parameter",
      "Id": "Param5",
      "Segments": [
        0,
        0,
        0,
        2,
        0
      ]
    },
    {
      "Target": "Parameter",
      "Id": "ParamBreath",
      "Segments": [
        0,
        0,
        0,
        2,
        0
      ]
    },
    {
      "Target": "Parameter",
      "Id": "Param2",
      "Segments": [
        0,
        0,
        0,
        2,
        0
      ]
    },
    {
      "Target": "Parameter",
      "Id": "Param31",
      "Segments": [
        0,
        0,
        0,
        2,
        0
      ]
    },
    {
      "Target": "Parameter",
      "Id": "Mouth_Open",
      "Segments": [
        0,
        1,
        0,
        2,
        1
      ]
    },
    {
      "Target": "Parameter",
      "Id": "Param",
      "Segments": [
        0,
        0,
        0,
        2,
        0
      ]
    },
    {
      "Target": "Parameter",
      "Id": "ParamMouthForm",
      "Segments": [
        0,
        0,
        0,
        2,
        0
      ]
    },
    {
      "Target": "Parameter",
      "Id": "ParamEyeRSmile",
      "Segments": [
        0,
        0,
        0,
        2,
        0
      ]
    },
    {
      "Target": "Parameter",
      "Id": "ParamEyeLSmile",
      "Segments": [
        0,
        0,
        0,
        2,
        0
      ]
    },
    {
      "Target": "PartOpacity",
      "Id": "Part20",
      "Segments": [
        0,
        1,
        0,
        2,
        1
      ]
    }
  ],
  "UserData": [
    {
      "Time": 0.0,
      "Value": ""
    }
  ]
}