{
  "Version": 3,
  "Meta": {
    "Duration": 2.0,
    "Fps": 30.0,
    "Loop": true,
    "AreBeziersRestricted": true,
    "CurveCount": 74,
    "TotalSegmentCount": 91,
    "TotalPointCount": 103,
    "UserDataCount": 1,
    "TotalUserDataSize": 0
  },
  "Curves": [
    {
      "Target": "Parameter",
      "Id": "Param9",
      "Segments": [
        0,
        0,
        0,
        2,
        3.087
      ]
    },
    {
      "Target": "Parameter",
      "Id": "Param20",
      "Segments": [
        0,
        0,
        0,
        2,
        3
      ]
    },
    {
      "Target": "Parameter",
      "Id": "Param24",
      "Segments": [
        0,
        0,
        0,
        2,
        1
      ]
    },
    {
      "Target": "Parameter",
      "Id": "Param5",
      "Segments": [
        0,
        0,
        0,
        2,
        1.5
      ]
    },
    {
      "Target": "Parameter",
      "Id": "ParamBreath",
      "Segments": [
        0,
        0,
        0,
        2,
        1
      ]
    },
    {
      "Target": "Parameter",
      "Id": "Param15",
      "Segments": [
        0,
        10,
        0,
        2,
        12.2
      ]
    },
    {
      "Target": "Parameter",
      "Id": "Param2",
      "Segments": [
        0,
        0,
        1,
        0.644,
        0,
        1.289,
        0.022,
        1.933,
        0.069,
        1,
        1.955,
        0.071,
        1.978,
        0.1,
        2,
        0.1
      ]
    },
    {
      "Target": "Parameter",
      "Id": "Param7",
      "Segments": [
        0,
        0,
        0,
        2,
        -22.2
      ]
    },
    {
      "Target": "Parameter",
      "Id": "Param10",
      "Segments": [
        0,
        9,
        0,
        2,
        1.8
      ]
    },
    {
      "Target": "Parameter",
      "Id": "Param6",
      "Segments": [
        0,
        0,
        0,
        2,
        0.9
      ]
    },
    {
      "Target": "Parameter",
      "Id": "Param3",
      "Segments": [
        0,
        0,
        0,
        1.333,
        -17,
        0,
        2,
        -16.1
      ]
    },
    {
      "Target": "Parameter",
      "Id": "Param4",
      "Segments": [
        0,
        0,
        0,
        1.333,
        11,
        0,
        2,
        10.7
      ]
    },
    {
      "Target": "Parameter",
      "Id": "Param12",
      "Segments": [
        0,
        0,
        0,
        2,
        0.1
      ]
    },
    {
      "Target": "Parameter",
      "Id": "Param13",
      "Segments": [
        0,
        0,
        0,
        1.267,
        -8,
        0,
        2,
        -3.5
      ]
    },
    {
      "Target": "Parameter",
      "Id": "Param14",
      "Segments": [
        0,
        0,
        0,
        1.267,
        -3,
        2,
        2,
        -3
      ]
    },
    {
      "Target": "Parameter",
      "Id": "Param11",
      "Segments": [
        0,
        0,
        1,
        0.422,
        0,
        0.845,
        -8.519,
        1.267,
        -8.88,
        1,
        1.511,
        -9.089,
        1.756,
        -9,
        2,
        -9
      ]
    },
    {
      "Target": "Parameter",
      "Id": "ParamBrowRForm",
      "Segments": [
        0,
        0,
        0,
        0.5,
        -0.6,
        0,
        2,
        0
      ]
    },
    {
      "Target": "Parameter",
      "Id": "ParamBrowRAngle",
      "Segments": [
        0,
        0,
        0,
        0.533,
        0.2,
        2,
        2,
        0.2
      ]
    },
    {
      "Target": "Parameter",
      "Id": "ParamBrowLAngle",
      "Segments": [
        0,
        0,
        0,
        0.533,
        0.2,
        2,
        2,
        0.2
      ]
    },
    {
      "Target": "Parameter",
      "Id": "ParamBrowRY",
      "Segments": [
        0,
        0,
        0,
        0.533,
        1,
        2,
        2,
        1
      ]
    },
    {
      "Target": "Parameter",
      "Id": "ParamEyeBallX",
      "Segments": [
        0,
        0,
        0,
        0.533,
        0.5,
        2,
        2,
        0.5
      ]
    },
    {
      "Target": "Parameter",
      "Id": "ParamEyeRSmile",
      "Segments": [
        0,
        0,
        2,
        0.533,
        0,
        0,
        2,
        1
      ]
    },
    {
      "Target": "Parameter",
      "Id": "EyeR_Open",
      "Segments": [
        0,
        1,
        1,
        0.178,
        1,
        0.355,
        0.732,
        0.533,
        0.7,
        1,
        1.022,
        0.613,
        1.511,
        0.6,
        2,
        0.6
      ]
    },
    {
      "Target": "Parameter",
      "Id": "EyeL_Open",
      "Segments": [
        0,
        1,
        0,
        0.533,
        0.6,
        2,
        2,
        0.6
      ]
    },
    {
      "Target": "Parameter",
      "Id": "ParamEyeLSmile",
      "Segments": [
        0,
        0,
        2,
        0.533,
        0,
        0,
        2,
        1
      ]
    },
    {
      "Target": "PartOpacity",
      "Id": "Part",
      "Segments": [
        0,
        1,
        2,
        2,
        1
      ]
    },
    {
      "Target": "PartOpacity",
      "Id": "Part23",
      "Segments": [
        0,
        1,
        2,
        2,
        1
      ]
    },
    {
      "Target": "PartOpacity",
      "Id": "Part2",
      "Segments": [
        0,
        1,
        2,
        2,
        1
      ]
    },
    {
      "Target": "PartOpacity",
      "Id": "Part3",
      "Segments": [
        0,
        1,
        2,
        2,
        1
      ]
    },
    {
      "Target": "PartOpacity",
      "Id": "Part4",
      "Segments": [
        0,
        1,
        2,
        2,
        1
      ]
    },
    {
      "Target": "PartOpacity",
      "Id": "Part21",
      "Segments": [
        0,
        1,
        2,
        2,
        1
      ]
    },
    {
      "Target": "PartOpacity",
      "Id": "Part5",
      "Segments": [
        0,
        1,
        2,
        2,
        1
      ]
    },
    {
      "Target": "PartOpacity",
      "Id": "Part13",
      "Segments": [
        0,
        1,
        2,
        2,
        1
      ]
    },
    {
      "Target": "PartOpacity",
      "Id": "Part6",
      "Segments": [
        0,
        1,
        2,
        2,
        1
      ]
    },
    {
      "Target": "PartOpacity",
      "Id": "Part15",
      "Segments": [
        0,
        1,
        2,
        2,
        1
      ]
    },
    {
      "Target": "PartOpacity",
      "Id": "Part20",
      "Segments": [
        0,
        1,
        2,
        2,
        1
      ]
    },
    {
      "Target": "PartOpacity",
      "Id": "Part16",
      "Segments": [
        0,
        0,
        2,
        2,
        0
      ]
    },
    {
      "Target": "PartOpacity",
      "Id": "Part7",
      "Segments": [
        0,
        1,
        2,
        2,
        1
      ]
    },
    {
      "Target": "PartOpacity",
      "Id": "Part8",
      "Segments": [
        0,
        1,
        2,
        2,
        1
      ]
    },
    {
      "Target": "PartOpacity",
      "Id": "Part9",
      "Segments": [
        0,
        1,
        2,
        2,
        1
      ]
    },
    {
      "Target": "PartOpacity",
      "Id": "Part10",
      "Segments": [
        0,
        1,
        2,
        2,
        1
      ]
    },
    {
      "Target": "PartOpacity",
      "Id": "Part11",
      "Segments": [
        0,
        1,
        2,
        2,
        1
      ]
    },
    {
      "Target": "PartOpacity",
      "Id": "Part14",
      "Segments": [
        0,
        1,
        2,
        2,
        1
      ]
    },
    {
      "Target": "PartOpacity",
      "Id": "Part22",
      "Segments": [
        0,
        0,
        2,
        2,
        0
      ]
    },
    {
      "Target": "PartOpacity",
      "Id": "Part18",
      "Segments": [
        0,
        1,
        2,
        2,
        1
      ]
    },
    {
      "Target": "PartOpacity",
      "Id": "Part12",
      "Segments": [
        0,
        1,
        2,
        0.63,
        1,
        2,
        2,
        1
      ]
    },
    {
      "Target": "PartOpacity",
      "Id": "Part19",
      "Segments": [
        0,
        0,
        2,
        2,
        0
      ]
    },
    {
      "Target": "Model",
      "Id": "Opacity",
      "Segments": [
        0,
        1,
        0,
        2,
        1
      ]
    },
    {
      "Target": "Parameter",
      "Id": "Param33",
      "Segments": [
        0,
        0,
        0,
        2,
        0
      ]
    },
    {
      "Target": "Parameter",
      "Id": "Param32",
      "Segments": [
        0,
        0,
        0,
        2,
        0
      ]
    },
    {
      "Target": "Parameter",
      "Id": "Param8",
      "Segments": [
        0,
        0,
        0,
        2,
        0
      ]
    },
    {
      "Target": "Parameter",
      "Id": "Param27",
      "Segments": [
        0,
        0,
        0,
        2,
        0
      ]
    },
    {
      "Target": "Parameter",
      "Id": "Param23",
      "Segments": [
        0,
        0,
        0,
        2,
        0
      ]
    },
    {
      "Target": "Parameter",
      "Id": "Param28",
      "Segments": [
        0,
        -30,
        0,
        2,
        -30
      ]
    },
    {
      "Target": "Parameter",
      "Id": "Param34",
      "Segments": [
        0,
        0,
        0,
        2,
        0
      ]
    },
    {
      "Target": "Parameter",
      "Id": "Param19",
      "Segments": [
        0,
        -22,
        0,
        2,
        -22
      ]
    },
    {
      "Target": "Parameter",
      "Id": "Param21",
      "Segments": [
        0,
        23,
        0,
        2,
        23
      ]
    },
    {
      "Target": "Parameter",
      "Id": "Param29",
      "Segments": [
        0,
        0,
        0,
        2,
        0
      ]
    },
    {
      "Target": "Parameter",
      "Id": "Param25",
      "Segments": [
        0,
        0,
        0,
        2,
        0
      ]
    },
    {
      "Target": "Parameter",
      "Id": "Param22",
      "Segments": [
        0,
        20,
        0,
        2,
        20
      ]
    },
    {
      "Target": "Parameter",
      "Id": "Param30",
      "Segments": [
        0,
        0,
        0,
        2,
        0
      ]
    },
    {
      "Target": "Parameter",
      "Id": "Param26",
      "Segments": [
        0,
        10,
        0,
        2,
        10
      ]
    },
    {
      "Target": "Parameter",
      "Id": "Param17",
      "Segments": [
        0,
        0,
        0,
        2,
        0
      ]
    },
    {
      "Target": "Parameter",
      "Id": "Param18",
      "Segments": [
        0,
        0,
        0,
        2,
        0
      ]
    },
    {
      "Target": "Parameter",
      "Id": "Param31",
      "Segments": [
        0,
        0,
        0,
        2,
        0
      ]
    },
    {
      "Target": "Parameter",
      "Id": "Param16",
      "Segments": [
        0,
        -4.9,
        0,
        2,
        -4.9
      ]
    },
    {
      "Target": "Parameter",
      "Id": "Mouth_Size",
      "Segments": [
        0,
        0,
        0,
        2,
        0
      ]
    },
    {
      "Target": "Parameter",
      "Id": "Mouth_Open",
      "Segments": [
        0,
        1,
        0,
        2,
        1
      ]
    },
    {
      "Target": "Parameter",
      "Id": "Param",
      "Segments": [
        0,
        0,
        0,
        2,
        0
      ]
    },
    {
      "Target": "Parameter",
      "Id": "ParamMouthForm",
      "Segments": [
        0,
        0,
        0,
        2,
        0
      ]
    },
    {
      "Target": "Parameter",
      "Id": "ParamBrowLForm",
      "Segments": [
        0,
        0,
        0,
        2,
        0
      ]
    },
    {
      "Target": "Parameter",
      "Id": "EyesSize",
      "Segments": [
        0,
        0,
        0,
        2,
        0
      ]
    },
    {
      "Target": "Parameter",
      "Id": "ParamBrowLY",
      "Segments": [
        0,
        0,
        0,
        2,
        0
      ]
    },
    {
      "Target": "Parameter",
      "Id": "ParamEyeBallY",
      "Segments": [
        0,
        0,
        0,
        2,
        0
      ]
    }
  ],
  "UserData": [
    {
      "Time": 0.0,
      "Value": ""
    }
  ]
}