{
  "Version": 3,
  "Meta": {
    "Duration": 8.0,
    "Fps": 30.0,
    "Loop": true,
    "AreBeziersRestricted": true,
    "CurveCount": 88,
    "TotalSegmentCount": 206,
    "TotalPointCount": 272,
    "UserDataCount": 1,
    "TotalUserDataSize": 0
  },
  "Curves": [
    {
      "Target": "Parameter",
      "Id": "Breath",
      "Segments": [
        0,
        0.221,
        1,
        0.211,
        0.428,
        0.422,
        0.511,
        0.633,
        0.511,
        0,
        1.967,
        0,
        0,
        3.167,
        0.647,
        0,
        4.8,
        0,
        0,
        6.133,
        0.647,
        0,
        7.533,
        0,
        1,
        7.689,
        0,
        7.844,
        0.045,
        8,
        0.221
      ]
    },
    {
      "Target": "Parameter",
      "Id": "Body_Shaking",
      "Segments": [
        0,
        0.521,
        1,
        0.3,
        0.135,
        0.6,
        -0.348,
        0.9,
        -0.348,
        0,
        1.633,
        0.397,
        0,
        2.667,
        -1,
        1,
        3.045,
        -1,
        3.422,
        -0.65,
        3.8,
        0,
        1,
        4.111,
        0.536,
        4.422,
        0.78,
        4.733,
        0.78,
        0,
        6.233,
        -0.688,
        0,
        7.7,
        0.689,
        1,
        7.8,
        0.689,
        7.9,
        0.635,
        8,
        0.521
      ]
    },
    {
      "Target": "Parameter",
      "Id": "Waist_Roll",
      "Segments": [
        0,
        0.326,
        1,
        0.3,
        0.148,
        0.6,
        -0.181,
        0.9,
        -0.181,
        0,
        1.667,
        0.133,
        0,
        2.667,
        -1.609,
        1,
        3.045,
        -1.609,
        3.422,
        -0.414,
        3.8,
        0,
        1,
        4.189,
        0.426,
        4.578,
        0.4,
        4.967,
        0.4,
        0,
        6.267,
        -0.13,
        0,
        7.633,
        0.445,
        1,
        7.755,
        0.445,
        7.878,
        0.417,
        8,
        0.326
      ]
    },
    {
      "Target": "Parameter",
      "Id": "Body_Twist",
      "Segments": [
        0,
        -19.105,
        1,
        0.256,
        -19.715,
        0.511,
        -19.913,
        0.767,
        -19.913,
        1,
        1.211,
        -19.913,
        1.656,
        -19.953,
        2.1,
        -18.593,
        1,
        2.411,
        -17.641,
        2.722,
        -5.951,
        3.033,
        -4.964,
        1,
        3.855,
        -2.357,
        4.678,
        -1.938,
        5.5,
        -1.938,
        0,
        6.633,
        -2.898,
        1,
        6.966,
        -4.17,
        7.3,
        -12.96,
        7.633,
        -17.194,
        1,
        7.755,
        -18.413,
        7.878,
        -18.991,
        8,
        -19.105
      ]
    },
    {
      "Target": "Parameter",
      "Id": "Body_Pose1",
      "Segments": [
        0,
        0,
        2,
        1.667,
        0,
        0,
        2.667,
        -0.1,
        0,
        3.8,
        0,
        2,
        8,
        0
      ]
    },
    {
      "Target": "Parameter",
      "Id": "Head_AngleX",
      "Segments": [
        0,
        12.48,
        0,
        2.333,
        6,
        2,
        6.7,
        6,
        0,
        8,
        12.48
      ]
    },
    {
      "Target": "Parameter",
      "Id": "Head_AngleY",
      "Segments": [
        0,
        -14.22,
        0,
        0.967,
        -8.58,
        2,
        1.667,
        -8.58,
        0,
        2.533,
        -20.441,
        0,
        3.6,
        -5.4,
        0,
        5,
        -10.289,
        0,
        6.7,
        -4.194,
        0,
        8,
        -14.22
      ]
    },
    {
      "Target": "Parameter",
      "Id": "Head_Roll",
      "Segments": [
        0,
        -5.48,
        2,
        1.667,
        -5.48,
        0,
        2.333,
        -3.56,
        0,
        3.367,
        -4.396,
        0,
        4.467,
        -3.144,
        2,
        6.767,
        -3.144,
        0,
        8,
        -5.48
      ]
    },
    {
      "Target": "Parameter",
      "Id": "Mouth_Form",
      "Segments": [
        0,
        1,
        0,
        2.3,
        0.539,
        2,
        4.967,
        0.539,
        0,
        8,
        1
      ]
    },
    {
      "Target": "Parameter",
      "Id": "BrowRY",
      "Segments": [
        0,
        0.3,
        1,
        1.178,
        0.348,
        2.355,
        0.348,
        3.533,
        0.348,
        0,
        8,
        0.3
      ]
    },
    {
      "Target": "Parameter",
      "Id": "BrowLY",
      "Segments": [
        0,
        0.3,
        0,
        3.533,
        0.251,
        0,
        8,
        0.3
      ]
    },
    {
      "Target": "Parameter",
      "Id": "HairFront_Shaking",
      "Segments": [
        0,
        0.189,
        1,
        0.011,
        0.19,
        0.022,
        0.191,
        0.033,
        0.192,
        1,
        0.166,
        0.188,
        0.3,
        0.138,
        0.433,
        0.029,
        1,
        0.678,
        -0.18,
        0.922,
        -0.428,
        1.167,
        -0.428,
        0,
        2.133,
        0.165,
        0,
        3.267,
        -0.324,
        0,
        4.2,
        0.075,
        0,
        5.067,
        -0.246,
        0,
        6.1,
        0.192,
        0,
        7.267,
        -0.324,
        0,
        8,
        0.192
      ]
    },
    {
      "Target": "Parameter",
      "Id": "HairFront_Shaking02",
      "Segments": [
        0,
        0.462,
        0,
        1.1,
        -0.368,
        0,
        2.167,
        0.39,
        0,
        3.333,
        -0.431,
        0,
        4.367,
        0.31,
        0,
        5.467,
        -0.431,
        0,
        6.4,
        0.518,
        0,
        7.267,
        -0.368,
        0,
        8,
        0.462
      ]
    },
    {
      "Target": "Parameter",
      "Id": "HairSide_Shaking",
      "Segments": [
        0,
        -0.182,
        1,
        0.178,
        -0.056,
        0.355,
        0.072,
        0.533,
        0.072,
        0,
        1.633,
        -0.302,
        0,
        2.833,
        0,
        0,
        4.267,
        -0.4,
        0,
        5.8,
        -0.182,
        0,
        7.2,
        -0.43,
        1,
        7.467,
        -0.43,
        7.733,
        -0.322,
        8,
        -0.182
      ]
    },
    {
      "Target": "Parameter",
      "Id": "HairBack_Shaking",
      "Segments": [
        0,
        -0.031,
        1,
        0.211,
        0.108,
        0.422,
        0.197,
        0.633,
        0.197,
        0,
        2.067,
        -0.236,
        0,
        3.367,
        0.171,
        0,
        4.767,
        -0.208,
        0,
        6.067,
        0.171,
        1,
        6.478,
        0.171,
        6.889,
        -0.169,
        7.3,
        -0.254,
        1,
        7.533,
        -0.3,
        7.767,
        -0.254,
        8,
        -0.031
      ]
    },
    {
      "Target": "Parameter",
      "Id": "ShoulderRY",
      "Segments": [
        0,
        -30,
        2,
        1.667,
        -30,
        0,
        2.7,
        -17.4,
        0,
        3.8,
        -30,
        2,
        6.167,
        -30,
        2,
        8,
        -30
      ]
    },
    {
      "Target": "Parameter",
      "Id": "ShoulderLY",
      "Segments": [
        0,
        30,
        2,
        1.667,
        30,
        0,
        2.7,
        20.052,
        0,
        3.8,
        30,
        2,
        6.167,
        30,
        2,
        8,
        30
      ]
    },
    {
      "Target": "Parameter",
      "Id": "ShoulderR_Roll",
      "Segments": [
        0,
        -4.21,
        2,
        1.9,
        -4.21,
        0,
        3.333,
        -2,
        2,
        6.167,
        -2,
        0,
        8,
        -4.21
      ]
    },
    {
      "Target": "Parameter",
      "Id": "ShoulderL_Roll",
      "Segments": [
        0,
        -31.8,
        2,
        1.667,
        -31.8,
        2,
        2.333,
        -31.8,
        0,
        3.8,
        -30,
        2,
        6.167,
        -30,
        0,
        8,
        -31.8
      ]
    },
    {
      "Target": "Parameter",
      "Id": "ArmR_Roll",
      "Segments": [
        0,
        17.72,
        2,
        1.7,
        17.72,
        0,
        2.7,
        16.984,
        0,
        3.767,
        17.54,
        2,
        6.167,
        17.54,
        0,
        8,
        17.72
      ]
    },
    {
      "Target": "Parameter",
      "Id": "ArmL_Roll",
      "Segments": [
        0,
        -29,
        2,
        1.667,
        -29,
        2,
        2.333,
        -29,
        0,
        3.8,
        -28.4,
        2,
        6.167,
        -28.4,
        0,
        8,
        -29
      ]
    },
    {
      "Target": "Parameter",
      "Id": "ArmR_Roll2",
      "Segments": [
        0,
        -32.6,
        2,
        1.9,
        -32.6,
        0,
        3.333,
        -28,
        2,
        6.167,
        -28,
        0,
        8,
        -32.6
      ]
    },
    {
      "Target": "Parameter",
      "Id": "ArmL_Roll2",
      "Segments": [
        0,
        -37.92,
        1,
        0.633,
        -37.92,
        1.267,
        -37.923,
        1.9,
        -37.9,
        1,
        2.378,
        -37.882,
        2.855,
        -36,
        3.333,
        -36,
        2,
        6.167,
        -36,
        0,
        8,
        -37.92
      ]
    },
    {
      "Target": "Parameter",
      "Id": "Param8",
      "Segments": [
        0,
        -29.92,
        1,
        0.056,
        -30.132,
        0.111,
        -30,
        0.167,
        -30,
        2,
        2.233,
        -30,
        0,
        3.533,
        -16,
        2,
        6.167,
        -16,
        0,
        8,
        -29.92
      ]
    },
    {
      "Target": "Parameter",
      "Id": "HandL_Roll",
      "Segments": [
        0,
        -17.2,
        1,
        0.622,
        -17.2,
        1.245,
        -17.144,
        1.867,
        -16,
        1,
        2.167,
        -15.449,
        2.467,
        -7.66,
        2.767,
        -7.66,
        0,
        3.667,
        -16,
        1,
        4.022,
        -16.904,
        4.378,
        -17.2,
        4.733,
        -17.2,
        1,
        5.211,
        -17.2,
        5.689,
        -16.868,
        6.167,
        -16,
        1,
        6.467,
        -15.221,
        6.767,
        -5.206,
        7.067,
        -5.206,
        0,
        8,
        -17.2
      ]
    },
    {
      "Target": "Parameter",
      "Id": "LegL_Roll",
      "Segments": [
        0,
        4.54,
        2,
        1.833,
        4.54,
        0,
        2.667,
        1.818,
        0,
        3.533,
        5.269,
        2,
        7.333,
        5.269,
        0,
        8,
        4.54
      ]
    },
    {
      "Target": "PartOpacity",
      "Id": "Part",
      "Segments": [
        0,
        1,
        2,
        8,
        1
      ]
    },
    {
      "Target": "PartOpacity",
      "Id": "Part13",
      "Segments": [
        0,
        1,
        2,
        8,
        1
      ]
    },
    {
      "Target": "PartOpacity",
      "Id": "Part3",
      "Segments": [
        0,
        1,
        2,
        8,
        1
      ]
    },
    {
      "Target": "PartOpacity",
      "Id": "Part16",
      "Segments": [
        0,
        1,
        2,
        8,
        1
      ]
    },
    {
      "Target": "PartOpacity",
      "Id": "Part4",
      "Segments": [
        0,
        1,
        2,
        8,
        1
      ]
    },
    {
      "Target": "PartOpacity",
      "Id": "Part26",
      "Segments": [
        0,
        1,
        2,
        8,
        1
      ]
    },
    {
      "Target": "PartOpacity",
      "Id": "Part15",
      "Segments": [
        0,
        1,
        2,
        8,
        1
      ]
    },
    {
      "Target": "PartOpacity",
      "Id": "Part8",
      "Segments": [
        0,
        0,
        2,
        8,
        0
      ]
    },
    {
      "Target": "PartOpacity",
      "Id": "Part11",
      "Segments": [
        0,
        1,
        2,
        8,
        1
      ]
    },
    {
      "Target": "PartOpacity",
      "Id": "Part14",
      "Segments": [
        0,
        1,
        2,
        8,
        1
      ]
    },
    {
      "Target": "PartOpacity",
      "Id": "Part5",
      "Segments": [
        0,
        1,
        2,
        8,
        1
      ]
    },
    {
      "Target": "PartOpacity",
      "Id": "Part9",
      "Segments": [
        0,
        0,
        2,
        8,
        0
      ]
    },
    {
      "Target": "PartOpacity",
      "Id": "Part10",
      "Segments": [
        0,
        0,
        2,
        8,
        0
      ]
    },
    {
      "Target": "PartOpacity",
      "Id": "Part12",
      "Segments": [
        0,
        0,
        2,
        8,
        0
      ]
    },
    {
      "Target": "PartOpacity",
      "Id": "Part18",
      "Segments": [
        0,
        1,
        2,
        8,
        1
      ]
    },
    {
      "Target": "PartOpacity",
      "Id": "Part30",
      "Segments": [
        0,
        0,
        2,
        8,
        0
      ]
    },
    {
      "Target": "PartOpacity",
      "Id": "Part25",
      "Segments": [
        0,
        1,
        2,
        8,
        1
      ]
    },
    {
      "Target": "PartOpacity",
      "Id": "Part31",
      "Segments": [
        0,
        0,
        2,
        8,
        0
      ]
    },
    {
      "Target": "PartOpacity",
      "Id": "Part29",
      "Segments": [
        0,
        1,
        2,
        8,
        1
      ]
    },
    {
      "Target": "PartOpacity",
      "Id": "Part22",
      "Segments": [
        0,
        1,
        2,
        8,
        1
      ]
    },
    {
      "Target": "PartOpacity",
      "Id": "Part28",
      "Segments": [
        0,
        0,
        2,
        8,
        0
      ]
    },
    {
      "Target": "PartOpacity",
      "Id": "Part6",
      "Segments": [
        0,
        0,
        2,
        8,
        0
      ]
    },
    {
      "Target": "PartOpacity",
      "Id": "Part27",
      "Segments": [
        0,
        1,
        2,
        8,
        1
      ]
    },
    {
      "Target": "PartOpacity",
      "Id": "Part20",
      "Segments": [
        0,
        1,
        2,
        8,
        1
      ]
    },
    {
      "Target": "PartOpacity",
      "Id": "Part21",
      "Segments": [
        0,
        1,
        2,
        8,
        1
      ]
    },
    {
      "Target": "PartOpacity",
      "Id": "Part17",
      "Segments": [
        0,
        0,
        2,
        8,
        0
      ]
    },
    {
      "Target": "PartOpacity",
      "Id": "Part2",
      "Segments": [
        0,
        1,
        2,
        8,
        1
      ]
    },
    {
      "Target": "PartOpacity",
      "Id": "Part19",
      "Segments": [
        0,
        1,
        2,
        8,
        1
      ]
    },
    {
      "Target": "PartOpacity",
      "Id": "Part24",
      "Segments": [
        0,
        1,
        2,
        8,
        1
      ]
    },
    {
      "Target": "PartOpacity",
      "Id": "Part23",
      "Segments": [
        0,
        1,
        2,
        8,
        1
      ]
    },
    {
      "Target": "PartOpacity",
      "Id": "Part7",
      "Segments": [
        0,
        1,
        2,
        8,
        1
      ]
    },
    {
      "Target": "Parameter",
      "Id": "BodyY",
      "Segments": [
        0,
        0,
        0,
        8,
        0
      ]
    },
    {
      "Target": "Parameter",
      "Id": "BodyX",
      "Segments": [
        0,
        0,
        0,
        8,
        0
      ]
    },
    {
      "Target": "Parameter",
      "Id": "BadyY",
      "Segments": [
        0,
        0,
        0,
        8,
        0
      ]
    },
    {
      "Target": "Parameter",
      "Id": "HeadY",
      "Segments": [
        0,
        -6,
        0,
        8,
        -6
      ]
    },
    {
      "Target": "Parameter",
      "Id": "Tooth",
      "Segments": [
        0,
        0,
        0,
        8,
        0
      ]
    },
    {
      "Target": "Parameter",
      "Id": "Mouth_Open",
      "Segments": [
        0,
        1,
        0,
        8,
        1
      ]
    },
    {
      "Target": "Parameter",
      "Id": "Mouth_Size",
      "Segments": [
        0,
        0.5,
        0,
        8,
        0.5
      ]
    },
    {
      "Target": "Parameter",
      "Id": "Mouth_Size2",
      "Segments": [
        0,
        0,
        0,
        8,
        0
      ]
    },
    {
      "Target": "Parameter",
      "Id": "Mouth_Y",
      "Segments": [
        0,
        0,
        0,
        8,
        0
      ]
    },
    {
      "Target": "Parameter",
      "Id": "Param3",
      "Segments": [
        0,
        0,
        0,
        8,
        0
      ]
    },
    {
      "Target": "Parameter",
      "Id": "Param2",
      "Segments": [
        0,
        0,
        0,
        8,
        0
      ]
    },
    {
      "Target": "Parameter",
      "Id": "BrowR_Form",
      "Segments": [
        0,
        0,
        0,
        8,
        0
      ]
    },
    {
      "Target": "Parameter",
      "Id": "BrowL_Form",
      "Segments": [
        0,
        0,
        0,
        8,
        0
      ]
    },
    {
      "Target": "Parameter",
      "Id": "BrowR_Angle",
      "Segments": [
        0,
        0.2,
        0,
        8,
        0.2
      ]
    },
    {
      "Target": "Parameter",
      "Id": "BrowL_Angle",
      "Segments": [
        0,
        0.2,
        0,
        8,
        0.2
      ]
    },
    {
      "Target": "Parameter",
      "Id": "EyeBall_Size",
      "Segments": [
        0,
        0,
        0,
        8,
        0
      ]
    },
    {
      "Target": "Parameter",
      "Id": "EyeBallX",
      "Segments": [
        0,
        -0.086,
        0,
        8,
        -0.086
      ]
    },
    {
      "Target": "Parameter",
      "Id": "ParamEyeBallY",
      "Segments": [
        0,
        -0.4,
        0,
        8,
        -0.4
      ]
    },
    {
      "Target": "Parameter",
      "Id": "EyeR_Open",
      "Segments": [
        0,
        1,
        0,
        8,
        1
      ]
    },
    {
      "Target": "Parameter",
      "Id": "EyeR_Smile",
      "Segments": [
        0,
        0.2,
        0,
        8,
        0.2
      ]
    },
    {
      "Target": "Parameter",
      "Id": "EyeL_Open",
      "Segments": [
        0,
        1,
        0,
        8,
        1
      ]
    },
    {
      "Target": "Parameter",
      "Id": "EyeL_Smile",
      "Segments": [
        0,
        0.2,
        0,
        8,
        0.2
      ]
    },
    {
      "Target": "Parameter",
      "Id": "Param6",
      "Segments": [
        0,
        -22.122,
        0,
        8,
        -22.122
      ]
    },
    {
      "Target": "Parameter",
      "Id": "Param7",
      "Segments": [
        0,
        -28,
        0,
        8,
        -28
      ]
    },
    {
      "Target": "Parameter",
      "Id": "Param9",
      "Segments": [
        0,
        0,
        0,
        8,
        0
      ]
    },
    {
      "Target": "Parameter",
      "Id": "HandR_Roll",
      "Segments": [
        0,
        -16,
        0,
        8,
        -16
      ]
    },
    {
      "Target": "Parameter",
      "Id": "HandL02_move",
      "Segments": [
        0,
        0,
        0,
        8,
        0
      ]
    },
    {
      "Target": "Parameter",
      "Id": "Param4",
      "Segments": [
        0,
        -30,
        0,
        8,
        -30
      ]
    },
    {
      "Target": "Parameter",
      "Id": "Param",
      "Segments": [
        0,
        -24,
        0,
        8,
        -24
      ]
    },
    {
      "Target": "Parameter",
      "Id": "LegR_Roll",
      "Segments": [
        0,
        0,
        0,
        8,
        0
      ]
    },
    {
      "Target": "Parameter",
      "Id": "Lowerbody_Roll",
      "Segments": [
        0,
        0,
        0,
        8,
        0
      ]
    }
  ],
  "UserData": [
    {
      "Time": 0.0,
      "Value": ""
    }
  ]
}