{
  "Version": 3,
  "Meta": {
    "Duration": 8.0,
    "Fps": 30.0,
    "Loop": true,
    "AreBeziersRestricted": true,
    "CurveCount": 88,
    "TotalSegmentCount": 185,
    "TotalPointCount": 295,
    "UserDataCount": 1,
    "TotalUserDataSize": 0
  },
  "Curves": [
    {
      "Target": "Parameter",
      "Id": "Breath",
      "Segments": [
        0,
        0.417,
        1,
        0.311,
        0.147,
        0.622,
        0.002,
        0.933,
        0.002,
        0,
        2.333,
        0.494,
        0,
        3.8,
        0.002,
        0,
        5.4,
        0.595,
        0,
        6.567,
        0,
        0,
        7.6,
        0.595,
        1,
        7.733,
        0.595,
        7.867,
        0.532,
        8,
        0.417
      ]
    },
    {
      "Target": "Parameter",
      "Id": "Body_Shaking",
      "Segments": [
        0,
        3.732,
        1,
        0.578,
        6.313,
        1.155,
        6.657,
        1.733,
        6.28,
        1,
        2.389,
        5.578,
        3.044,
        3.38,
        3.7,
        1.581,
        1,
        4.7,
        -0.725,
        5.7,
        -0.527,
        6.7,
        0.22,
        1,
        7.133,
        0.725,
        7.567,
        2.635,
        8,
        3.732
      ]
    },
    {
      "Target": "Parameter",
      "Id": "BodyY",
      "Segments": [
        0,
        2.808,
        1,
        0.2,
        2.808,
        0.4,
        0.896,
        0.6,
        0.513,
        1,
        1.278,
        -0.359,
        1.955,
        -0.537,
        2.633,
        -0.537,
        0,
        7.133,
        0.358,
        1,
        7.422,
        0.575,
        7.711,
        2.808,
        8,
        2.808
      ]
    },
    {
      "Target": "Parameter",
      "Id": "Waist_Roll",
      "Segments": [
        0,
        8.297,
        1,
        0.511,
        10.457,
        1.022,
        8.506,
        1.533,
        8.017,
        1,
        2.344,
        7.221,
        3.156,
        6.938,
        3.967,
        6.938,
        0,
        6.767,
        7.45,
        1,
        7.178,
        7.833,
        7.589,
        7.748,
        8,
        8.297
      ]
    },
    {
      "Target": "Parameter",
      "Id": "Body_Twist",
      "Segments": [
        0,
        -28.986,
        1,
        0.133,
        -29.608,
        0.267,
        -29.547,
        0.4,
        -29.547,
        1,
        0.889,
        -29.547,
        1.378,
        -29.547,
        1.867,
        -29.097,
        1,
        2.545,
        -28.027,
        3.222,
        -20.355,
        3.9,
        -18.852,
        1,
        4.678,
        -17.247,
        5.455,
        -17.338,
        6.233,
        -17.705,
        1,
        6.822,
        -17.705,
        7.411,
        -27.963,
        8,
        -28.986
      ]
    },
    {
      "Target": "Parameter",
      "Id": "Head_AngleX",
      "Segments": [
        0,
        -17.148,
        1,
        0.3,
        -19.229,
        0.6,
        -18.827,
        0.9,
        -18.827,
        1,
        1.367,
        -18.827,
        1.833,
        -17.267,
        2.3,
        -16.282,
        1,
        3.656,
        -13.423,
        5.011,
        -12.534,
        6.367,
        -12.534,
        1,
        6.911,
        -12.534,
        7.456,
        -14.412,
        8,
        -17.148
      ]
    },
    {
      "Target": "Parameter",
      "Id": "Head_AngleY",
      "Segments": [
        0,
        16.487,
        1,
        0.244,
        20.572,
        0.489,
        20.147,
        0.733,
        20.147,
        0,
        2.333,
        16.487,
        0,
        4.5,
        20.147,
        1,
        5.189,
        20.147,
        5.878,
        12.691,
        6.567,
        11.665,
        1,
        7.045,
        11.665,
        7.522,
        12.261,
        8,
        16.487
      ]
    },
    {
      "Target": "Parameter",
      "Id": "HeadY",
      "Segments": [
        0,
        13.378,
        0,
        0.867,
        0,
        2,
        7.033,
        0,
        0,
        8,
        13.378
      ]
    },
    {
      "Target": "Parameter",
      "Id": "Head_Roll",
      "Segments": [
        0,
        8.003,
        1,
        0.111,
        8.842,
        0.222,
        9,
        0.333,
        9,
        0,
        2.3,
        1.79,
        0,
        4.733,
        9.58,
        0,
        7,
        3.048,
        1,
        7.333,
        3.048,
        7.667,
        6.271,
        8,
        8.003
      ]
    },
    {
      "Target": "Parameter",
      "Id": "BrowRY",
      "Segments": [
        0,
        0.026,
        1,
        0.533,
        0.077,
        1.067,
        0.098,
        1.6,
        0.098,
        0,
        3,
        0,
        2,
        6.5,
        0,
        1,
        7,
        0,
        7.5,
        0.005,
        8,
        0.026
      ]
    },
    {
      "Target": "Parameter",
      "Id": "BrowLY",
      "Segments": [
        0,
        0.026,
        1,
        0.533,
        0.078,
        1.067,
        0.1,
        1.6,
        0.1,
        0,
        3,
        0,
        2,
        6.5,
        0,
        1,
        7,
        0,
        7.5,
        0.005,
        8,
        0.026
      ]
    },
    {
      "Target": "Parameter",
      "Id": "HairFront_Shaking",
      "Segments": [
        0,
        0.274,
        1,
        0.144,
        0.319,
        0.289,
        0.271,
        0.433,
        0.18,
        1,
        0.689,
        -0.03,
        0.944,
        -0.444,
        1.2,
        -0.444,
        1,
        1.456,
        -0.444,
        1.711,
        0.144,
        1.967,
        0.219,
        1,
        2.078,
        0.251,
        2.189,
        0.246,
        2.3,
        0.191,
        1,
        2.611,
        0.041,
        2.922,
        -0.486,
        3.233,
        -0.486,
        1,
        3.544,
        -0.486,
        3.856,
        0.017,
        4.167,
        0.101,
        1,
        4.5,
        0.184,
        4.834,
        -0.249,
        5.167,
        -0.249,
        0,
        6.067,
        0.206,
        0,
        7.033,
        -0.249,
        1,
        7.355,
        -0.249,
        7.678,
        0.214,
        8,
        0.274
      ]
    },
    {
      "Target": "Parameter",
      "Id": "HairFront_Shaking02",
      "Segments": [
        0,
        0.462,
        0,
        1.1,
        -0.368,
        0,
        2.167,
        0.39,
        0,
        3.333,
        -0.431,
        0,
        4.367,
        0.31,
        0,
        5.467,
        -0.431,
        0,
        6.4,
        0.518,
        0,
        7.267,
        -0.368,
        0,
        8,
        0.462
      ]
    },
    {
      "Target": "Parameter",
      "Id": "HairSide_Shaking",
      "Segments": [
        0,
        -0.054,
        1,
        0.156,
        0.125,
        0.311,
        0.136,
        0.467,
        0.136,
        0,
        1.533,
        -0.302,
        0,
        2.733,
        0,
        0,
        4.167,
        -0.4,
        0,
        5.467,
        -0.199,
        0,
        7.033,
        -0.5,
        1,
        7.355,
        -0.5,
        7.678,
        -0.341,
        8,
        -0.054
      ]
    },
    {
      "Target": "Parameter",
      "Id": "HairBack_Shaking",
      "Segments": [
        0,
        0.056,
        1,
        0.2,
        0.285,
        0.4,
        0.351,
        0.6,
        0.351,
        0,
        1.867,
        -0.28,
        0,
        3.033,
        0.268,
        0,
        4.433,
        -0.28,
        0,
        5.867,
        0.268,
        0,
        7.4,
        -0.231,
        1,
        7.6,
        -0.231,
        7.8,
        -0.179,
        8,
        0.056
      ]
    },
    {
      "Target": "Parameter",
      "Id": "ShoulderRY",
      "Segments": [
        0,
        19.432,
        0,
        1.933,
        15.061,
        0,
        3.5,
        19.122,
        0,
        6.033,
        15.061,
        0,
        8,
        19.432
      ]
    },
    {
      "Target": "Parameter",
      "Id": "ShoulderR_Roll",
      "Segments": [
        0,
        -53.368,
        0,
        2.933,
        -53.219,
        0,
        5.4,
        -54.142,
        0,
        8,
        -53.368
      ]
    },
    {
      "Target": "Parameter",
      "Id": "ShoulderL_Roll",
      "Segments": [
        0,
        0.264,
        1,
        0.167,
        0.657,
        0.333,
        0.683,
        0.5,
        0.627,
        1,
        0.778,
        0.52,
        1.055,
        0.213,
        1.333,
        -0.29,
        1,
        1.689,
        -1.027,
        2.044,
        -1.161,
        2.4,
        -1.19,
        0,
        4.767,
        0,
        0,
        7.1,
        -0.815,
        1,
        7.4,
        -0.815,
        7.7,
        -0.36,
        8,
        0.264
      ]
    },
    {
      "Target": "Parameter",
      "Id": "ArmR_Roll",
      "Segments": [
        0,
        -54.549,
        2,
        1.1,
        -54.549,
        0,
        3,
        -54.42,
        1,
        4.544,
        -54.42,
        6.089,
        -54.439,
        7.633,
        -54.487,
        1,
        7.755,
        -54.49,
        7.878,
        -54.549,
        8,
        -54.549
      ]
    },
    {
      "Target": "Parameter",
      "Id": "ArmL_Roll",
      "Segments": [
        0,
        3.087,
        1,
        0.189,
        3.212,
        0.378,
        3.163,
        0.567,
        3.163,
        1,
        1.089,
        3.051,
        1.611,
        1.22,
        2.133,
        1.22,
        0,
        4.233,
        2.647,
        0,
        6.733,
        1.581,
        0,
        8,
        3.087
      ]
    },
    {
      "Target": "Parameter",
      "Id": "Param6",
      "Segments": [
        0,
        -7,
        2,
        0.5,
        -7,
        0,
        7.1,
        -6.609,
        0,
        8,
        -7
      ]
    },
    {
      "Target": "Parameter",
      "Id": "HandR_Roll",
      "Segments": [
        0,
        15.165,
        1,
        0.222,
        14.03,
        0.445,
        13.567,
        0.667,
        13.111,
        1,
        1.334,
        12.139,
        2,
        11.871,
        2.667,
        11.871,
        1,
        3.489,
        11.871,
        4.311,
        11.905,
        5.133,
        13.111,
        1,
        5.711,
        13.959,
        6.289,
        16.795,
        6.867,
        16.795,
        1,
        7.245,
        16.795,
        7.622,
        16.488,
        8,
        15.165
      ]
    },
    {
      "Target": "Parameter",
      "Id": "HandL_Roll",
      "Segments": [
        0,
        -5.218,
        0,
        2.067,
        -4.98,
        0,
        4.433,
        -5.22,
        0,
        6.433,
        -5.042,
        0,
        8,
        -5.22
      ]
    },
    {
      "Target": "Parameter",
      "Id": "Param4",
      "Segments": [
        0,
        30,
        2,
        1,
        30,
        0,
        2.733,
        0,
        0,
        5.333,
        30,
        0,
        7.033,
        3.489,
        0,
        8,
        30
      ]
    },
    {
      "Target": "PartOpacity",
      "Id": "Part",
      "Segments": [
        0,
        1,
        2,
        8,
        1
      ]
    },
    {
      "Target": "PartOpacity",
      "Id": "Part13",
      "Segments": [
        0,
        1,
        2,
        8,
        1
      ]
    },
    {
      "Target": "PartOpacity",
      "Id": "Part3",
      "Segments": [
        0,
        1,
        2,
        8,
        1
      ]
    },
    {
      "Target": "PartOpacity",
      "Id": "Part16",
      "Segments": [
        0,
        1,
        2,
        8,
        1
      ]
    },
    {
      "Target": "PartOpacity",
      "Id": "Part4",
      "Segments": [
        0,
        1,
        2,
        8,
        1
      ]
    },
    {
      "Target": "PartOpacity",
      "Id": "Part26",
      "Segments": [
        0,
        1,
        2,
        8,
        1
      ]
    },
    {
      "Target": "PartOpacity",
      "Id": "Part15",
      "Segments": [
        0,
        1,
        2,
        8,
        1
      ]
    },
    {
      "Target": "PartOpacity",
      "Id": "Part8",
      "Segments": [
        0,
        0,
        2,
        8,
        0
      ]
    },
    {
      "Target": "PartOpacity",
      "Id": "Part11",
      "Segments": [
        0,
        1,
        2,
        8,
        1
      ]
    },
    {
      "Target": "PartOpacity",
      "Id": "Part14",
      "Segments": [
        0,
        1,
        2,
        8,
        1
      ]
    },
    {
      "Target": "PartOpacity",
      "Id": "Part5",
      "Segments": [
        0,
        1,
        2,
        8,
        1
      ]
    },
    {
      "Target": "PartOpacity",
      "Id": "Part9",
      "Segments": [
        0,
        1,
        2,
        8,
        1
      ]
    },
    {
      "Target": "PartOpacity",
      "Id": "Part10",
      "Segments": [
        0,
        0,
        2,
        8,
        0
      ]
    },
    {
      "Target": "PartOpacity",
      "Id": "Part12",
      "Segments": [
        0,
        0,
        2,
        8,
        0
      ]
    },
    {
      "Target": "PartOpacity",
      "Id": "Part18",
      "Segments": [
        0,
        0,
        2,
        8,
        0
      ]
    },
    {
      "Target": "PartOpacity",
      "Id": "Part30",
      "Segments": [
        0,
        0,
        2,
        8,
        0
      ]
    },
    {
      "Target": "PartOpacity",
      "Id": "Part25",
      "Segments": [
        0,
        1,
        2,
        8,
        1
      ]
    },
    {
      "Target": "PartOpacity",
      "Id": "Part31",
      "Segments": [
        0,
        0,
        2,
        8,
        0
      ]
    },
    {
      "Target": "PartOpacity",
      "Id": "Part29",
      "Segments": [
        0,
        1,
        2,
        8,
        1
      ]
    },
    {
      "Target": "PartOpacity",
      "Id": "Part22",
      "Segments": [
        0,
        1,
        2,
        8,
        1
      ]
    },
    {
      "Target": "PartOpacity",
      "Id": "Part28",
      "Segments": [
        0,
        1,
        2,
        8,
        1
      ]
    },
    {
      "Target": "PartOpacity",
      "Id": "Part6",
      "Segments": [
        0,
        0,
        2,
        8,
        0
      ]
    },
    {
      "Target": "PartOpacity",
      "Id": "Part27",
      "Segments": [
        0,
        0,
        2,
        8,
        0
      ]
    },
    {
      "Target": "PartOpacity",
      "Id": "Part20",
      "Segments": [
        0,
        1,
        2,
        8,
        1
      ]
    },
    {
      "Target": "PartOpacity",
      "Id": "Part21",
      "Segments": [
        0,
        1,
        2,
        8,
        1
      ]
    },
    {
      "Target": "PartOpacity",
      "Id": "Part17",
      "Segments": [
        0,
        0,
        2,
        8,
        0
      ]
    },
    {
      "Target": "PartOpacity",
      "Id": "Part2",
      "Segments": [
        0,
        1,
        2,
        8,
        1
      ]
    },
    {
      "Target": "PartOpacity",
      "Id": "Part19",
      "Segments": [
        0,
        1,
        2,
        8,
        1
      ]
    },
    {
      "Target": "PartOpacity",
      "Id": "Part24",
      "Segments": [
        0,
        1,
        2,
        8,
        1
      ]
    },
    {
      "Target": "PartOpacity",
      "Id": "Part23",
      "Segments": [
        0,
        1,
        2,
        8,
        1
      ]
    },
    {
      "Target": "PartOpacity",
      "Id": "Part7",
      "Segments": [
        0,
        1,
        2,
        8,
        1
      ]
    },
    {
      "Target": "Parameter",
      "Id": "Body_Pose1",
      "Segments": [
        0,
        0,
        0,
        8,
        0
      ]
    },
    {
      "Target": "Parameter",
      "Id": "BodyX",
      "Segments": [
        0,
        0,
        0,
        8,
        0
      ]
    },
    {
      "Target": "Parameter",
      "Id": "BadyY",
      "Segments": [
        0,
        0,
        0,
        8,
        0
      ]
    },
    {
      "Target": "Parameter",
      "Id": "Tooth",
      "Segments": [
        0,
        0,
        0,
        8,
        0
      ]
    },
    {
      "Target": "Parameter",
      "Id": "Mouth_Form",
      "Segments": [
        0,
        -1,
        0,
        8,
        -1
      ]
    },
    {
      "Target": "Parameter",
      "Id": "Mouth_Open",
      "Segments": [
        0,
        1,
        0,
        8,
        1
      ]
    },
    {
      "Target": "Parameter",
      "Id": "Mouth_Size",
      "Segments": [
        0,
        0.467,
        0,
        8,
        0.467
      ]
    },
    {
      "Target": "Parameter",
      "Id": "Mouth_Size2",
      "Segments": [
        0,
        0,
        0,
        8,
        0
      ]
    },
    {
      "Target": "Parameter",
      "Id": "Mouth_Y",
      "Segments": [
        0,
        0,
        0,
        8,
        0
      ]
    },
    {
      "Target": "Parameter",
      "Id": "Param3",
      "Segments": [
        0,
        0,
        0,
        8,
        0
      ]
    },
    {
      "Target": "Parameter",
      "Id": "Param2",
      "Segments": [
        0,
        0,
        0,
        8,
        0
      ]
    },
    {
      "Target": "Parameter",
      "Id": "BrowR_Form",
      "Segments": [
        0,
        -1.4,
        0,
        8,
        -1.4
      ]
    },
    {
      "Target": "Parameter",
      "Id": "BrowL_Form",
      "Segments": [
        0,
        -1.4,
        0,
        8,
        -1.4
      ]
    },
    {
      "Target": "Parameter",
      "Id": "BrowR_Angle",
      "Segments": [
        0,
        0.6,
        0,
        8,
        0.6
      ]
    },
    {
      "Target": "Parameter",
      "Id": "BrowL_Angle",
      "Segments": [
        0,
        0.6,
        0,
        8,
        0.6
      ]
    },
    {
      "Target": "Parameter",
      "Id": "EyeBall_Size",
      "Segments": [
        0,
        0,
        0,
        8,
        0
      ]
    },
    {
      "Target": "Parameter",
      "Id": "EyeBallX",
      "Segments": [
        0,
        0,
        0,
        8,
        0
      ]
    },
    {
      "Target": "Parameter",
      "Id": "ParamEyeBallY",
      "Segments": [
        0,
        0,
        0,
        8,
        0
      ]
    },
    {
      "Target": "Parameter",
      "Id": "EyeR_Open",
      "Segments": [
        0,
        0,
        0,
        8,
        0
      ]
    },
    {
      "Target": "Parameter",
      "Id": "EyeR_Smile",
      "Segments": [
        0,
        0.6,
        0,
        8,
        0.6
      ]
    },
    {
      "Target": "Parameter",
      "Id": "EyeL_Open",
      "Segments": [
        0,
        0,
        0,
        8,
        0
      ]
    },
    {
      "Target": "Parameter",
      "Id": "EyeL_Smile",
      "Segments": [
        0,
        0.6,
        0,
        8,
        0.6
      ]
    },
    {
      "Target": "Parameter",
      "Id": "ShoulderLY",
      "Segments": [
        0,
        -30,
        0,
        8,
        -30
      ]
    },
    {
      "Target": "Parameter",
      "Id": "ArmR_Roll2",
      "Segments": [
        0,
        -37.65,
        0,
        8,
        -37.65
      ]
    },
    {
      "Target": "Parameter",
      "Id": "ArmL_Roll2",
      "Segments": [
        0,
        0,
        0,
        8,
        0
      ]
    },
    {
      "Target": "Parameter",
      "Id": "Param7",
      "Segments": [
        0,
        -9.56,
        0,
        8,
        -9.56
      ]
    },
    {
      "Target": "Parameter",
      "Id": "Param8",
      "Segments": [
        0,
        -15,
        0,
        8,
        -15
      ]
    },
    {
      "Target": "Parameter",
      "Id": "Param9",
      "Segments": [
        0,
        0,
        0,
        8,
        0
      ]
    },
    {
      "Target": "Parameter",
      "Id": "HandL02_move",
      "Segments": [
        0,
        0,
        0,
        8,
        0
      ]
    },
    {
      "Target": "Parameter",
      "Id": "Param",
      "Segments": [
        0,
        0,
        0,
        8,
        0
      ]
    },
    {
      "Target": "Parameter",
      "Id": "LegR_Roll",
      "Segments": [
        0,
        0,
        0,
        8,
        0
      ]
    },
    {
      "Target": "Parameter",
      "Id": "LegL_Roll",
      "Segments": [
        0,
        0,
        0,
        8,
        0
      ]
    },
    {
      "Target": "Parameter",
      "Id": "Lowerbody_Roll",
      "Segments": [
        0,
        0,
        0,
        8,
        0
      ]
    }
  ],
  "UserData": [
    {
      "Time": 0.0,
      "Value": ""
    }
  ]
}