{
  "Version": 3,
  "Meta": {
    "Duration": 2.0,
    "Fps": 30.0,
    "Loop": true,
    "AreBeziersRestricted": true,
    "CurveCount": 88,
    "TotalSegmentCount": 177,
    "TotalPointCount": 263,
    "UserDataCount": 1,
    "TotalUserDataSize": 0
  },
  "Curves": [
    {
      "Target": "Parameter",
      "Id": "Breath",
      "Segments": [
        0,
        0,
        2,
        1.6,
        0,
        1,
        1.733,
        0,
        1.867,
        0.09,
        2,
        0.221
      ]
    },
    {
      "Target": "Parameter",
      "Id": "Body_Shaking",
      "Segments": [
        0,
        0,
        0,
        0.6,
        -1.567,
        1,
        0.822,
        -1.567,
        1.045,
        -0.411,
        1.267,
        0,
        1,
        1.434,
        0.351,
        1.6,
        0.629,
        1.767,
        0.629,
        1,
        1.845,
        0.629,
        1.922,
        0.598,
        2,
        0.521
      ]
    },
    {
      "Target": "Parameter",
      "Id": "BodyY",
      "Segments": [
        0,
        0,
        0,
        0.533,
        -3.832,
        0,
        1.233,
        0,
        2,
        2,
        0
      ]
    },
    {
      "Target": "Parameter",
      "Id": "Waist_Roll",
      "Segments": [
        0,
        0,
        2,
        0.1,
        0,
        0,
        0.6,
        -3.419,
        0,
        1.267,
        0,
        1,
        1.434,
        0.375,
        1.6,
        0.389,
        1.767,
        0.389,
        1,
        1.845,
        0.389,
        1.922,
        0.375,
        2,
        0.326
      ]
    },
    {
      "Target": "Parameter",
      "Id": "Body_Twist",
      "Segments": [
        0,
        0,
        2,
        0.433,
        0,
        1,
        0.689,
        0,
        0.944,
        -8.25,
        1.2,
        -12.911,
        1,
        1.356,
        -15.748,
        1.511,
        -17.074,
        1.667,
        -17.958,
        1,
        1.778,
        -18.591,
        1.889,
        -18.84,
        2,
        -19.105
      ]
    },
    {
      "Target": "Parameter",
      "Id": "Body_Pose1",
      "Segments": [
        0,
        0,
        0,
        0.4,
        -0.2,
        0,
        0.767,
        0,
        2,
        2,
        0
      ]
    },
    {
      "Target": "Parameter",
      "Id": "Head_AngleX",
      "Segments": [
        0,
        0,
        0,
        0.467,
        -2.376,
        1,
        0.667,
        -2.376,
        0.867,
        2.571,
        1.067,
        6,
        1,
        1.378,
        11.333,
        1.689,
        12.48,
        2,
        12.48
      ]
    },
    {
      "Target": "Parameter",
      "Id": "Head_AngleY",
      "Segments": [
        0,
        0,
        1,
        0.133,
        0,
        0.267,
        -1.1,
        0.4,
        -2.516,
        1,
        0.622,
        -4.877,
        0.845,
        -6.661,
        1.067,
        -9,
        1,
        1.378,
        -12.275,
        1.689,
        -14.22,
        2,
        -14.22
      ]
    },
    {
      "Target": "Parameter",
      "Id": "HeadY",
      "Segments": [
        0,
        0,
        0,
        0.4,
        15,
        0,
        1.067,
        -6,
        2,
        2,
        -6
      ]
    },
    {
      "Target": "Parameter",
      "Id": "Head_Roll",
      "Segments": [
        0,
        0,
        0,
        0.333,
        0.232,
        0,
        1.3,
        -5.48,
        2,
        2,
        -5.48
      ]
    },
    {
      "Target": "Parameter",
      "Id": "Mouth_Size",
      "Segments": [
        0,
        0.3,
        0,
        0.533,
        0.5,
        2,
        2,
        0.5
      ]
    },
    {
      "Target": "Parameter",
      "Id": "BrowRY",
      "Segments": [
        0,
        0,
        1,
        0.667,
        0,
        1.333,
        0.273,
        2,
        0.3
      ]
    },
    {
      "Target": "Parameter",
      "Id": "BrowLY",
      "Segments": [
        0,
        0,
        0,
        2,
        0.3
      ]
    },
    {
      "Target": "Parameter",
      "Id": "BrowR_Angle",
      "Segments": [
        0,
        0,
        0,
        2,
        0.2
      ]
    },
    {
      "Target": "Parameter",
      "Id": "BrowL_Angle",
      "Segments": [
        0,
        0,
        0,
        2,
        0.2
      ]
    },
    {
      "Target": "Parameter",
      "Id": "EyeBallX",
      "Segments": [
        0,
        0,
        0,
        0.433,
        0.2,
        0,
        0.9,
        -0.128,
        0,
        2,
        -0.086
      ]
    },
    {
      "Target": "Parameter",
      "Id": "ParamEyeBallY",
      "Segments": [
        0,
        0,
        0,
        0.433,
        0.1,
        1,
        0.589,
        0.1,
        0.744,
        -0.055,
        0.9,
        -0.142,
        1,
        1.267,
        -0.348,
        1.633,
        -0.4,
        2,
        -0.4
      ]
    },
    {
      "Target": "Parameter",
      "Id": "EyeR_Open",
      "Segments": [
        0,
        1,
        0,
        0.4,
        0,
        2,
        0.6,
        0,
        0,
        0.9,
        1,
        2,
        2,
        1
      ]
    },
    {
      "Target": "Parameter",
      "Id": "EyeL_Open",
      "Segments": [
        0,
        1,
        0,
        0.4,
        0,
        2,
        0.6,
        0,
        0,
        0.9,
        1,
        2,
        2,
        1
      ]
    },
    {
      "Target": "Parameter",
      "Id": "HairFront_Shaking",
      "Segments": [
        0,
        0,
        0,
        0.967,
        -0.639,
        1,
        1.189,
        -0.639,
        1.411,
        -0.219,
        1.633,
        0.038,
        1,
        1.755,
        0.144,
        1.878,
        0.179,
        2,
        0.189
      ]
    },
    {
      "Target": "Parameter",
      "Id": "HairFront_Shaking02",
      "Segments": [
        0,
        0,
        0,
        0.7,
        -1,
        1,
        0.933,
        -1,
        1.167,
        -0.303,
        1.4,
        0,
        1,
        1.6,
        0.312,
        1.8,
        0.468,
        2,
        0.462
      ]
    },
    {
      "Target": "Parameter",
      "Id": "HairSide_Shaking",
      "Segments": [
        0,
        0,
        0,
        0.633,
        0.4,
        0,
        1.267,
        -0.4,
        1,
        1.511,
        -0.4,
        1.756,
        -0.355,
        2,
        -0.182
      ]
    },
    {
      "Target": "Parameter",
      "Id": "HairBack_Shaking",
      "Segments": [
        0,
        0,
        0,
        1.033,
        -0.332,
        1,
        1.355,
        -0.332,
        1.678,
        -0.243,
        2,
        -0.031
      ]
    },
    {
      "Target": "Parameter",
      "Id": "ShoulderRY",
      "Segments": [
        0,
        0,
        2,
        0.267,
        0,
        0,
        0.833,
        -30,
        2,
        2,
        -30
      ]
    },
    {
      "Target": "Parameter",
      "Id": "ShoulderLY",
      "Segments": [
        0,
        0,
        2,
        0.267,
        0,
        0,
        0.833,
        30,
        2,
        2,
        30
      ]
    },
    {
      "Target": "Parameter",
      "Id": "ShoulderR_Roll",
      "Segments": [
        0,
        0,
        0,
        0.267,
        -7.95,
        0,
        0.833,
        -2,
        0,
        1.9,
        -4.21,
        2,
        2,
        -4.21
      ]
    },
    {
      "Target": "Parameter",
      "Id": "ShoulderL_Roll",
      "Segments": [
        0,
        0,
        0,
        0.267,
        1.373,
        1,
        0.456,
        1.373,
        0.644,
        -29.062,
        0.833,
        -30,
        1,
        1.189,
        -31.766,
        1.544,
        -31.8,
        1.9,
        -31.8,
        2,
        2,
        -31.8
      ]
    },
    {
      "Target": "Parameter",
      "Id": "ArmR_Roll",
      "Segments": [
        0,
        0,
        1,
        0.1,
        0,
        0.2,
        0.956,
        0.3,
        2.88,
        1,
        0.533,
        7.368,
        0.767,
        15.245,
        1,
        16.356,
        1,
        1.3,
        17.784,
        1.6,
        17.72,
        1.9,
        17.72,
        2,
        2,
        17.72
      ]
    },
    {
      "Target": "Parameter",
      "Id": "ArmL_Roll",
      "Segments": [
        0,
        0,
        2,
        0.133,
        0,
        0,
        0.5,
        -16.002,
        1,
        0.622,
        -21.644,
        0.745,
        -27.816,
        0.867,
        -28.4,
        1,
        1.211,
        -28.933,
        1.556,
        -29,
        1.9,
        -29,
        2,
        2,
        -29
      ]
    },
    {
      "Target": "Parameter",
      "Id": "ArmR_Roll2",
      "Segments": [
        0,
        0,
        2,
        0.267,
        0,
        1,
        0.5,
        0,
        0.734,
        -26.146,
        0.967,
        -28,
        1,
        1.278,
        -30.472,
        1.589,
        -32.6,
        1.9,
        -32.6,
        2,
        2,
        -32.6
      ]
    },
    {
      "Target": "Parameter",
      "Id": "ArmL_Roll2",
      "Segments": [
        0,
        0,
        2,
        0.133,
        0,
        1,
        0.366,
        0,
        0.6,
        -35.324,
        0.833,
        -36,
        1,
        1.189,
        -37.031,
        1.544,
        -37.919,
        1.9,
        -37.92,
        2,
        2,
        -37.92
      ]
    },
    {
      "Target": "Parameter",
      "Id": "Param6",
      "Segments": [
        0,
        0,
        0,
        1.033,
        -22.122,
        2,
        2,
        -22.122
      ]
    },
    {
      "Target": "Parameter",
      "Id": "Param7",
      "Segments": [
        0,
        0,
        1,
        0.089,
        0,
        0.178,
        -2.531,
        0.267,
        -9,
        1,
        0.434,
        -21.129,
        0.6,
        -28,
        0.767,
        -28,
        2,
        2,
        -28
      ]
    },
    {
      "Target": "Parameter",
      "Id": "Param8",
      "Segments": [
        0,
        0,
        1,
        0.089,
        0,
        0.178,
        -5.541,
        0.267,
        -9,
        1,
        0.434,
        -14.391,
        0.6,
        -20.645,
        0.767,
        -22,
        1,
        1.178,
        -25.343,
        1.589,
        -28.346,
        2,
        -29.92
      ]
    },
    {
      "Target": "Parameter",
      "Id": "HandR_Roll",
      "Segments": [
        0,
        0,
        0,
        0.3,
        11,
        0,
        0.767,
        -16,
        2,
        2,
        -16
      ]
    },
    {
      "Target": "Parameter",
      "Id": "HandL_Roll",
      "Segments": [
        0,
        0,
        2,
        0.3,
        0,
        1,
        0.456,
        0,
        0.611,
        -15.591,
        0.767,
        -16,
        1,
        1.178,
        -17.081,
        1.589,
        -17.2,
        2,
        -17.2
      ]
    },
    {
      "Target": "Parameter",
      "Id": "Param4",
      "Segments": [
        0,
        0,
        0,
        0.767,
        -30,
        2,
        2,
        -30
      ]
    },
    {
      "Target": "Parameter",
      "Id": "Param",
      "Segments": [
        0,
        0,
        0,
        0.767,
        -24,
        2,
        2,
        -24
      ]
    },
    {
      "Target": "Parameter",
      "Id": "LegL_Roll",
      "Segments": [
        0,
        0,
        0,
        0.633,
        -6.382,
        1,
        0.822,
        -6.382,
        1.011,
        0.6,
        1.2,
        2.719,
        1,
        1.378,
        4.713,
        1.555,
        4.54,
        1.733,
        4.54,
        2,
        2,
        4.54
      ]
    },
    {
      "Target": "PartOpacity",
      "Id": "Part",
      "Segments": [
        0,
        1,
        2,
        2,
        1
      ]
    },
    {
      "Target": "PartOpacity",
      "Id": "Part13",
      "Segments": [
        0,
        1,
        2,
        2,
        1
      ]
    },
    {
      "Target": "PartOpacity",
      "Id": "Part3",
      "Segments": [
        0,
        1,
        2,
        2,
        1
      ]
    },
    {
      "Target": "PartOpacity",
      "Id": "Part16",
      "Segments": [
        0,
        1,
        2,
        2,
        1
      ]
    },
    {
      "Target": "PartOpacity",
      "Id": "Part4",
      "Segments": [
        0,
        1,
        2,
        2,
        1
      ]
    },
    {
      "Target": "PartOpacity",
      "Id": "Part26",
      "Segments": [
        0,
        1,
        2,
        2,
        1
      ]
    },
    {
      "Target": "PartOpacity",
      "Id": "Part15",
      "Segments": [
        0,
        1,
        2,
        2,
        1
      ]
    },
    {
      "Target": "PartOpacity",
      "Id": "Part8",
      "Segments": [
        0,
        0,
        2,
        2,
        0
      ]
    },
    {
      "Target": "PartOpacity",
      "Id": "Part11",
      "Segments": [
        0,
        1,
        2,
        2,
        1
      ]
    },
    {
      "Target": "PartOpacity",
      "Id": "Part14",
      "Segments": [
        0,
        1,
        2,
        2,
        1
      ]
    },
    {
      "Target": "PartOpacity",
      "Id": "Part5",
      "Segments": [
        0,
        1,
        2,
        2,
        1
      ]
    },
    {
      "Target": "PartOpacity",
      "Id": "Part9",
      "Segments": [
        0,
        1,
        2,
        0.3,
        0,
        2,
        2,
        0
      ]
    },
    {
      "Target": "PartOpacity",
      "Id": "Part10",
      "Segments": [
        0,
        0,
        2,
        2,
        0
      ]
    },
    {
      "Target": "PartOpacity",
      "Id": "Part12",
      "Segments": [
        0,
        0,
        2,
        2,
        0
      ]
    },
    {
      "Target": "PartOpacity",
      "Id": "Part18",
      "Segments": [
        0,
        0,
        2,
        0.3,
        1,
        2,
        2,
        1
      ]
    },
    {
      "Target": "PartOpacity",
      "Id": "Part30",
      "Segments": [
        0,
        0,
        2,
        0.3,
        0,
        2,
        2,
        0
      ]
    },
    {
      "Target": "PartOpacity",
      "Id": "Part25",
      "Segments": [
        0,
        1,
        2,
        2,
        1
      ]
    },
    {
      "Target": "PartOpacity",
      "Id": "Part31",
      "Segments": [
        0,
        0,
        2,
        0.3,
        1,
        2,
        0.47,
        0,
        2,
        2,
        0
      ]
    },
    {
      "Target": "PartOpacity",
      "Id": "Part22",
      "Segments": [
        0,
        0,
        2,
        0.47,
        1,
        2,
        2,
        1
      ]
    },
    {
      "Target": "PartOpacity",
      "Id": "Part28",
      "Segments": [
        0,
        0,
        2,
        0.47,
        0,
        2,
        2,
        0
      ]
    },
    {
      "Target": "PartOpacity",
      "Id": "Part6",
      "Segments": [
        0,
        0,
        2,
        0.47,
        0,
        2,
        2,
        0
      ]
    },
    {
      "Target": "PartOpacity",
      "Id": "Part27",
      "Segments": [
        0,
        1,
        2,
        0.47,
        1,
        2,
        2,
        1
      ]
    },
    {
      "Target": "PartOpacity",
      "Id": "Part20",
      "Segments": [
        0,
        1,
        2,
        2,
        1
      ]
    },
    {
      "Target": "PartOpacity",
      "Id": "Part21",
      "Segments": [
        0,
        1,
        2,
        2,
        1
      ]
    },
    {
      "Target": "PartOpacity",
      "Id": "Part17",
      "Segments": [
        0,
        1,
        2,
        0.3,
        0,
        2,
        2,
        0
      ]
    },
    {
      "Target": "PartOpacity",
      "Id": "Part2",
      "Segments": [
        0,
        1,
        2,
        2,
        1
      ]
    },
    {
      "Target": "PartOpacity",
      "Id": "Part19",
      "Segments": [
        0,
        1,
        2,
        2,
        1
      ]
    },
    {
      "Target": "PartOpacity",
      "Id": "Part24",
      "Segments": [
        0,
        1,
        2,
        2,
        1
      ]
    },
    {
      "Target": "PartOpacity",
      "Id": "Part23",
      "Segments": [
        0,
        1,
        2,
        2,
        1
      ]
    },
    {
      "Target": "PartOpacity",
      "Id": "Part7",
      "Segments": [
        0,
        1,
        2,
        2,
        1
      ]
    },
    {
      "Target": "Parameter",
      "Id": "BodyX",
      "Segments": [
        0,
        0,
        0,
        2,
        0
      ]
    },
    {
      "Target": "Parameter",
      "Id": "BadyY",
      "Segments": [
        0,
        0,
        0,
        2,
        0
      ]
    },
    {
      "Target": "Parameter",
      "Id": "Tooth",
      "Segments": [
        0,
        0,
        0,
        2,
        0
      ]
    },
    {
      "Target": "Parameter",
      "Id": "Mouth_Form",
      "Segments": [
        0,
        1,
        0,
        2,
        1
      ]
    },
    {
      "Target": "Parameter",
      "Id": "Mouth_Open",
      "Segments": [
        0,
        1,
        0,
        2,
        1
      ]
    },
    {
      "Target": "Parameter",
      "Id": "Mouth_Size2",
      "Segments": [
        0,
        0,
        0,
        2,
        0
      ]
    },
    {
      "Target": "Parameter",
      "Id": "Mouth_Y",
      "Segments": [
        0,
        0,
        0,
        2,
        0
      ]
    },
    {
      "Target": "Parameter",
      "Id": "Param3",
      "Segments": [
        0,
        0,
        0,
        2,
        0
      ]
    },
    {
      "Target": "Parameter",
      "Id": "Param2",
      "Segments": [
        0,
        0,
        0,
        2,
        0
      ]
    },
    {
      "Target": "Parameter",
      "Id": "BrowR_Form",
      "Segments": [
        0,
        0,
        0,
        2,
        0
      ]
    },
    {
      "Target": "Parameter",
      "Id": "BrowL_Form",
      "Segments": [
        0,
        0,
        0,
        2,
        0
      ]
    },
    {
      "Target": "Parameter",
      "Id": "EyeBall_Size",
      "Segments": [
        0,
        0,
        0,
        2,
        0
      ]
    },
    {
      "Target": "Parameter",
      "Id": "EyeR_Smile",
      "Segments": [
        0,
        0.2,
        0,
        2,
        0.2
      ]
    },
    {
      "Target": "Parameter",
      "Id": "EyeL_Smile",
      "Segments": [
        0,
        0.2,
        0,
        2,
        0.2
      ]
    },
    {
      "Target": "Parameter",
      "Id": "Param9",
      "Segments": [
        0,
        0,
        0,
        2,
        0
      ]
    },
    {
      "Target": "Parameter",
      "Id": "HandL02_move",
      "Segments": [
        0,
        0,
        0,
        2,
        0
      ]
    },
    {
      "Target": "Parameter",
      "Id": "LegR_Roll",
      "Segments": [
        0,
        0,
        0,
        2,
        0
      ]
    },
    {
      "Target": "Parameter",
      "Id": "Lowerbody_Roll",
      "Segments": [
        0,
        0,
        0,
        2,
        0
      ]
    },
    {
      "Target": "PartOpacity",
      "Id": "Part29",
      "Segments": [
        0,
        1,
        0,
        2,
        1
      ]
    }
  ],
  "UserData": [
    {
      "Time": 0.0,
      "Value": ""
    }
  ]
}