{
  "Version": 3,
  "Meta": {
    "Duration": 8.0,
    "Fps": 30.0,
    "Loop": true,
    "AreBeziersRestricted": true,
    "CurveCount": 73,
    "TotalSegmentCount": 382,
    "TotalPointCount": 794,
    "UserDataCount": 0,
    "TotalUserDataSize": 0
  },
  "Curves": [
    {
      "Target": "Parameter",
      "Id": "HeadX",
      "Segments": [
        0,
        -4.08,
        1,
        0.322,
        -5.669,
        0.645,
        -5.945,
        0.967,
        -7.117,
        1,
        1.467,
        -8.936,
        1.967,
        -10.154,
        2.467,
        -10.154,
        1,
        2.567,
        -10.154,
        2.667,
        -9.919,
        2.767,
        -9.049,
        1,
        3.167,
        -5.572,
        3.567,
        1.853,
        3.967,
        1.88,
        1,
        4.611,
        1.923,
        5.256,
        1.923,
        5.9,
        1.96,
        1,
        6.156,
        1.975,
        6.411,
        2.984,
        6.667,
        2.984,
        1,
        6.878,
        2.984,
        7.089,
        0.433,
        7.3,
        -0.925,
        1,
        7.533,
        -2.425,
        7.767,
        -3.286,
        8,
        -4.08
      ]
    },
    {
      "Target": "Parameter",
      "Id": "HeadY",
      "Segments": [
        0,
        -5.48,
        1,
        0.3,
        -12.544,
        0.6,
        -30,
        0.9,
        -30,
        1,
        1.022,
        -30,
        1.145,
        -28.904,
        1.267,
        -22.727,
        1,
        1.445,
        -13.743,
        1.622,
        7.949,
        1.8,
        11.104,
        1,
        2.011,
        14.851,
        2.222,
        14.79,
        2.433,
        14.79,
        0,
        2.733,
        12.04,
        1,
        2.855,
        12.04,
        2.978,
        12.252,
        3.1,
        13.729,
        1,
        3.433,
        17.754,
        3.767,
        20.561,
        4.1,
        20.561,
        1,
        4.456,
        20.561,
        4.811,
        19.763,
        5.167,
        13.729,
        1,
        5.367,
        10.334,
        5.567,
        -5.943,
        5.767,
        -14.895,
        1,
        5.978,
        -24.345,
        6.189,
        -28.301,
        6.4,
        -28.301,
        1,
        6.744,
        -28.301,
        7.089,
        -20.275,
        7.433,
        -11.102,
        1,
        7.622,
        -6.071,
        7.811,
        -5.48,
        8,
        -5.48
      ]
    },
    {
      "Target": "Parameter",
      "Id": "HeadZ",
      "Segments": [
        0,
        12,
        1,
        0.056,
        12,
        0.111,
        11.928,
        0.167,
        11.582,
        1,
        0.534,
        9.299,
        0.9,
        6.125,
        1.267,
        4.472,
        1,
        1.556,
        3.171,
        1.844,
        3.06,
        2.133,
        3.06,
        2,
        2.733,
        3.06,
        1,
        2.855,
        3.06,
        2.978,
        3.053,
        3.1,
        3.068,
        1,
        3.322,
        3.095,
        3.545,
        4.479,
        3.767,
        5.436,
        1,
        3.856,
        5.818,
        3.944,
        6.872,
        4.033,
        7.9,
        1,
        4.1,
        8.671,
        4.166,
        9.667,
        4.233,
        9.667,
        1,
        4.422,
        9.667,
        4.611,
        5.759,
        4.8,
        0.894,
        1,
        4.856,
        -0.537,
        4.911,
        -0.507,
        4.967,
        -0.507,
        1,
        5.045,
        -0.507,
        5.122,
        0.825,
        5.2,
        1.871,
        1,
        5.344,
        3.812,
        5.489,
        4.983,
        5.633,
        6.817,
        1,
        5.733,
        8.086,
        5.833,
        9.096,
        5.933,
        9.096,
        0,
        6.5,
        7.492,
        1,
        6.622,
        7.492,
        6.745,
        8.509,
        6.867,
        9.096,
        1,
        7.067,
        10.056,
        7.267,
        10.762,
        7.467,
        11.357,
        1,
        7.645,
        11.887,
        7.822,
        12,
        8,
        12
      ]
    },
    {
      "Target": "Parameter",
      "Id": "EyeL_Open",
      "Segments": [
        0,
        0.8,
        0,
        4.133,
        0.9,
        0,
        7.833,
        0.8,
        2,
        8,
        0.8
      ]
    },
    {
      "Target": "Parameter",
      "Id": "EyeR_Open",
      "Segments": [
        0,
        0.8,
        0,
        4.133,
        0.9,
        0,
        7.833,
        0.8,
        2,
        8,
        0.8
      ]
    },
    {
      "Target": "Parameter",
      "Id": "EyeBallX",
      "Segments": [
        0,
        0.4,
        1,
        1.244,
        0.531,
        2.489,
        0.6,
        3.733,
        0.6,
        1,
        3.978,
        0.6,
        4.222,
        0.559,
        4.467,
        0.461,
        1,
        4.734,
        0.355,
        5,
        0.293,
        5.267,
        0.293,
        1,
        5.889,
        0.293,
        6.511,
        0.296,
        7.133,
        0.315,
        1,
        7.422,
        0.324,
        7.711,
        0.37,
        8,
        0.4
      ]
    },
    {
      "Target": "Parameter",
      "Id": "EyeBallY",
      "Segments": [
        0,
        -0.1,
        1,
        0.5,
        -0.031,
        1,
        0,
        1.5,
        0,
        1,
        1.944,
        0,
        2.389,
        -0.173,
        2.833,
        -0.21,
        1,
        3.378,
        -0.255,
        3.922,
        -0.279,
        4.467,
        -0.294,
        1,
        4.734,
        -0.302,
        5,
        -0.3,
        5.267,
        -0.3,
        1,
        5.889,
        -0.3,
        6.511,
        -0.285,
        7.133,
        -0.23,
        1,
        7.422,
        -0.204,
        7.711,
        -0.14,
        8,
        -0.1
      ]
    },
    {
      "Target": "Parameter",
      "Id": "NeckZ",
      "Segments": [
        0,
        -1,
        1,
        0.367,
        -1.773,
        0.733,
        -3.34,
        1.1,
        -3.34,
        1,
        1.156,
        -3.34,
        1.211,
        -3.343,
        1.267,
        -3.281,
        1,
        1.556,
        -2.961,
        1.844,
        -2.74,
        2.133,
        -2.74,
        0,
        2.433,
        -2.741,
        1,
        2.689,
        -2.741,
        2.944,
        -2.741,
        3.2,
        -2.74,
        1,
        3.5,
        -2.738,
        3.8,
        1.69,
        4.1,
        4.112,
        1,
        4.2,
        4.92,
        4.3,
        5.595,
        4.4,
        5.595,
        1,
        4.444,
        5.595,
        4.489,
        4.371,
        4.533,
        3.328,
        1,
        4.655,
        0.46,
        4.778,
        -1.628,
        4.9,
        -4.446,
        1,
        4.956,
        -5.727,
        5.011,
        -6.843,
        5.067,
        -6.843,
        1,
        5.111,
        -6.843,
        5.156,
        -6.033,
        5.2,
        -5.804,
        1,
        5.367,
        -4.945,
        5.533,
        -4.472,
        5.7,
        -3.611,
        1,
        5.856,
        -2.806,
        6.011,
        -2.118,
        6.167,
        -2.118,
        0,
        6.833,
        -4.173,
        0,
        8,
        -1
      ]
    },
    {
      "Target": "Parameter",
      "Id": "BodyX",
      "Segments": [
        0,
        -3,
        1,
        0.422,
        -3,
        0.845,
        -3.628,
        1.267,
        -4.204,
        1,
        1.656,
        -4.735,
        2.044,
        -4.814,
        2.433,
        -4.814,
        2,
        2.733,
        -4.814,
        2,
        3.1,
        -4.814,
        2,
        3.733,
        -4.814,
        0,
        4.133,
        -5.735,
        1,
        4.366,
        -5.735,
        4.6,
        -4.932,
        4.833,
        -4.204,
        1,
        5.033,
        -3.581,
        5.233,
        -3.467,
        5.433,
        -2.802,
        1,
        5.589,
        -2.286,
        5.744,
        -1.1,
        5.9,
        -1.1,
        1,
        6.6,
        -1.1,
        7.3,
        -2.428,
        8,
        -3
      ]
    },
    {
      "Target": "Parameter",
      "Id": "BodyY",
      "Segments": [
        0,
        4.92,
        0,
        0.233,
        6.574,
        1,
        0.366,
        6.574,
        0.5,
        5.529,
        0.633,
        4.324,
        1,
        0.755,
        3.22,
        0.878,
        2.957,
        1,
        2.957,
        1,
        1.122,
        2.957,
        1.245,
        2.95,
        1.367,
        4.019,
        1,
        1.656,
        6.544,
        1.944,
        8.871,
        2.233,
        8.871,
        2,
        2.433,
        8.871,
        2,
        2.733,
        8.871,
        1,
        2.855,
        8.871,
        2.978,
        8.856,
        3.1,
        8.895,
        1,
        3.5,
        9.024,
        3.9,
        9.29,
        4.3,
        9.57,
        1,
        4.467,
        9.687,
        4.633,
        10,
        4.8,
        10,
        1,
        5.056,
        10,
        5.311,
        10.189,
        5.567,
        9.57,
        1,
        6.378,
        7.606,
        7.189,
        4.92,
        8,
        4.92
      ]
    },
    {
      "Target": "Parameter",
      "Id": "BodyZ",
      "Segments": [
        0,
        1.3,
        1,
        0.078,
        1.3,
        0.155,
        1.366,
        0.233,
        1.408,
        1,
        0.422,
        1.509,
        0.611,
        1.577,
        0.8,
        1.667,
        1,
        1.189,
        1.853,
        1.578,
        2.009,
        1.967,
        2.235,
        1,
        2.122,
        2.325,
        2.278,
        2.597,
        2.433,
        2.762,
        1,
        2.533,
        2.868,
        2.633,
        2.907,
        2.733,
        2.907,
        1,
        2.944,
        2.907,
        3.156,
        2.712,
        3.367,
        1.81,
        1,
        3.511,
        1.194,
        3.656,
        0.406,
        3.8,
        0.406,
        2,
        4.067,
        0.406,
        1,
        4.245,
        0.406,
        4.422,
        0.557,
        4.6,
        1.344,
        1,
        4.689,
        1.738,
        4.778,
        2.578,
        4.867,
        2.578,
        2,
        5.1,
        2.578,
        0,
        5.6,
        2.138,
        0,
        5.933,
        2.482,
        1,
        6.244,
        2.482,
        6.556,
        2.278,
        6.867,
        1.923,
        1,
        7.245,
        1.492,
        7.622,
        1.3,
        8,
        1.3
      ]
    },
    {
      "Target": "Parameter",
      "Id": "BodyUpper",
      "Segments": [
        0,
        0,
        2,
        0.533,
        0,
        0,
        1,
        -0.852,
        1,
        1.089,
        -0.852,
        1.178,
        -0.83,
        1.267,
        -0.164,
        1,
        1.422,
        1.003,
        1.578,
        2.879,
        1.733,
        4.575,
        1,
        1.866,
        6.028,
        2,
        6.961,
        2.133,
        6.961,
        2,
        2.433,
        6.961,
        2,
        2.733,
        6.961,
        1,
        2.855,
        6.961,
        2.978,
        6.972,
        3.1,
        6.77,
        1,
        3.389,
        6.293,
        3.678,
        5.32,
        3.967,
        4.872,
        1,
        4.256,
        4.423,
        4.544,
        4.357,
        4.833,
        3.831,
        1,
        5.155,
        3.244,
        5.478,
        0.769,
        5.8,
        0.551,
        1,
        6.533,
        0.055,
        7.267,
        0,
        8,
        0
      ]
    },
    {
      "Target": "Parameter",
      "Id": "Breath",
      "Segments": [
        0,
        0,
        1,
        0.422,
        0,
        0.845,
        0.154,
        1.267,
        0.448,
        1,
        1.322,
        0.487,
        1.378,
        0.5,
        1.433,
        0.5,
        1,
        1.989,
        0.5,
        2.544,
        0.419,
        3.1,
        0.349,
        1,
        4.033,
        0.23,
        4.967,
        0.112,
        5.9,
        0.048,
        1,
        6.6,
        0.001,
        7.3,
        0,
        8,
        0
      ]
    },
    {
      "Target": "Parameter",
      "Id": "ShoulderL_Move",
      "Segments": [
        0,
        1.2,
        0,
        1,
        4.947,
        1,
        1.089,
        4.947,
        1.178,
        4.794,
        1.267,
        4.648,
        1,
        1.445,
        4.355,
        1.622,
        4.26,
        1.8,
        4.26,
        2,
        2.133,
        4.26,
        2,
        2.433,
        4.26,
        2,
        2.733,
        4.26,
        0,
        3.1,
        3.735,
        1,
        3.322,
        3.735,
        3.545,
        3.722,
        3.767,
        4.317,
        1,
        3.934,
        4.763,
        4.1,
        6.68,
        4.267,
        6.68,
        1,
        4.389,
        6.68,
        4.511,
        6.198,
        4.633,
        5.259,
        1,
        4.766,
        4.235,
        4.9,
        3.735,
        5.033,
        3.735,
        1,
        5.222,
        3.735,
        5.411,
        4.289,
        5.6,
        4.947,
        1,
        5.722,
        5.373,
        5.845,
        5.444,
        5.967,
        5.444,
        1,
        6.167,
        5.444,
        6.367,
        5.094,
        6.567,
        4.26,
        1,
        7.045,
        2.268,
        7.522,
        1.2,
        8,
        1.2
      ]
    },
    {
      "Target": "Parameter",
      "Id": "ShoulderR_Move",
      "Segments": [
        0,
        1.84,
        0,
        0.833,
        5.093,
        0,
        1.8,
        4.2,
        2,
        2.133,
        4.2,
        0,
        2.433,
        4,
        2,
        2.733,
        4,
        1,
        2.855,
        4,
        2.978,
        4.058,
        3.1,
        3.491,
        1,
        3.289,
        2.616,
        3.478,
        1.157,
        3.667,
        1.157,
        2,
        4.1,
        1.157,
        1,
        4.322,
        1.157,
        4.545,
        1.845,
        4.767,
        4.2,
        1,
        4.856,
        5.142,
        4.944,
        6.608,
        5.033,
        6.608,
        1,
        5.1,
        6.608,
        5.166,
        6.219,
        5.233,
        5.093,
        1,
        5.366,
        2.839,
        5.5,
        1.502,
        5.633,
        1.502,
        0,
        6.4,
        3.781,
        0,
        8,
        1.84
      ]
    },
    {
      "Target": "Parameter",
      "Id": "ElbowL_Roll",
      "Segments": [
        0,
        -24.072,
        1,
        0.2,
        -24.146,
        0.4,
        -24.223,
        0.6,
        -24.223,
        1,
        0.833,
        -24.223,
        1.067,
        -24.213,
        1.3,
        -24.146,
        1,
        1.633,
        -24.051,
        1.967,
        -23.852,
        2.3,
        -23.781,
        1,
        2.822,
        -23.669,
        3.345,
        -23.613,
        3.867,
        -23.517,
        1,
        3.934,
        -23.505,
        4,
        -23.435,
        4.067,
        -23.4,
        1,
        4.178,
        -23.341,
        4.289,
        -23.317,
        4.4,
        -23.317,
        1,
        4.467,
        -23.317,
        4.533,
        -23.535,
        4.6,
        -23.66,
        1,
        4.667,
        -23.785,
        4.733,
        -23.791,
        4.8,
        -23.917,
        1,
        4.867,
        -24.043,
        4.933,
        -24.272,
        5,
        -24.272,
        1,
        5.044,
        -24.272,
        5.089,
        -24.282,
        5.133,
        -24.211,
        1,
        5.278,
        -23.981,
        5.422,
        -23.594,
        5.567,
        -23.311,
        1,
        5.6,
        -23.246,
        5.634,
        -23.232,
        5.667,
        -23.232,
        1,
        5.745,
        -23.232,
        5.822,
        -23.373,
        5.9,
        -23.4,
        1,
        6.6,
        -23.643,
        7.3,
        -23.854,
        8,
        -24.072
      ]
    },
    {
      "Target": "Parameter",
      "Id": "HandL_Roll",
      "Segments": [
        0,
        -6.529,
        1,
        0.489,
        -6.357,
        0.978,
        -6.191,
        1.467,
        -6.191,
        1,
        1.611,
        -6.191,
        1.756,
        -6.504,
        1.9,
        -6.604,
        1,
        2.067,
        -6.72,
        2.233,
        -6.715,
        2.4,
        -6.828,
        1,
        2.589,
        -6.957,
        2.778,
        -7.184,
        2.967,
        -7.184,
        1,
        3.156,
        -7.184,
        3.344,
        -6.839,
        3.533,
        -6.529,
        1,
        3.7,
        -6.255,
        3.866,
        -6.22,
        4.033,
        -6.22,
        1,
        4.155,
        -6.22,
        4.278,
        -6.576,
        4.4,
        -6.81,
        1,
        4.533,
        -7.064,
        4.667,
        -7.088,
        4.8,
        -7.088,
        1,
        4.856,
        -7.088,
        4.911,
        -6.912,
        4.967,
        -6.863,
        1,
        5.156,
        -6.696,
        5.344,
        -6.654,
        5.533,
        -6.654,
        0,
        5.867,
        -6.81,
        1,
        6.578,
        -6.81,
        7.289,
        -6.72,
        8,
        -6.529
      ]
    },
    {
      "Target": "Parameter",
      "Id": "Arm02L_Strech",
      "Segments": [
        0,
        2.6,
        0,
        0.867,
        2.089,
        1,
        1,
        2.089,
        1.134,
        2.09,
        1.267,
        2.105,
        1,
        1.511,
        2.133,
        1.756,
        2.158,
        2,
        2.158,
        2,
        2.533,
        2.158,
        0,
        4.233,
        2.42,
        2,
        4.367,
        2.42,
        1,
        4.767,
        2.42,
        5.167,
        2.435,
        5.567,
        2.481,
        1,
        5.634,
        2.489,
        5.7,
        2.563,
        5.767,
        2.563,
        0,
        5.9,
        2.489,
        0,
        8,
        2.6
      ]
    },
    {
      "Target": "Parameter",
      "Id": "HandL_Strech",
      "Segments": [
        0,
        5,
        1,
        0.189,
        5,
        0.378,
        4.701,
        0.567,
        4.482,
        1,
        0.8,
        4.212,
        1.034,
        4.004,
        1.267,
        3.856,
        1,
        1.711,
        3.573,
        2.156,
        3.488,
        2.6,
        3.488,
        1,
        2.7,
        3.488,
        2.8,
        3.532,
        2.9,
        3.572,
        1,
        2.967,
        3.599,
        3.033,
        3.602,
        3.1,
        3.629,
        1,
        3.233,
        3.682,
        3.367,
        3.729,
        3.5,
        3.729,
        1,
        3.6,
        3.729,
        3.7,
        3.652,
        3.8,
        3.147,
        1,
        3.9,
        2.642,
        4,
        2.06,
        4.1,
        2.06,
        1,
        4.2,
        2.06,
        4.3,
        2.911,
        4.4,
        3.273,
        1,
        4.5,
        3.635,
        4.6,
        3.948,
        4.7,
        3.975,
        1,
        5.1,
        4.081,
        5.5,
        4.079,
        5.9,
        4.236,
        1,
        6.6,
        4.511,
        7.3,
        5,
        8,
        5
      ]
    },
    {
      "Target": "Parameter",
      "Id": "ShoulderR_Roll",
      "Segments": [
        0,
        -7,
        1,
        0.422,
        -7,
        0.845,
        -7.397,
        1.267,
        -7.756,
        1,
        1.611,
        -8.048,
        1.956,
        -8.08,
        2.3,
        -8.08,
        2,
        2.433,
        -8.08,
        2,
        3.367,
        -8.08,
        0,
        4.3,
        -8.584,
        1,
        4.433,
        -8.584,
        4.567,
        -8.35,
        4.7,
        -8.243,
        1,
        5.8,
        -7.361,
        6.9,
        -7,
        8,
        -7
      ]
    },
    {
      "Target": "Parameter",
      "Id": "ElbowR_Roll",
      "Segments": [
        0,
        23.918,
        1,
        0.456,
        23.918,
        0.911,
        24.11,
        1.367,
        24.141,
        1,
        1.922,
        24.178,
        2.478,
        24.175,
        3.033,
        24.209,
        1,
        3.355,
        24.229,
        3.678,
        24.502,
        4,
        24.67,
        1,
        4.122,
        24.733,
        4.245,
        24.796,
        4.367,
        24.796,
        1,
        4.4,
        24.796,
        4.434,
        24.772,
        4.467,
        24.736,
        1,
        4.5,
        24.7,
        4.534,
        24.682,
        4.567,
        24.64,
        1,
        4.6,
        24.597,
        4.634,
        24.51,
        4.667,
        24.449,
        1,
        4.711,
        24.369,
        4.756,
        24.281,
        4.8,
        24.218,
        1,
        4.833,
        24.171,
        4.867,
        24.13,
        4.9,
        24.105,
        1,
        4.944,
        24.071,
        4.989,
        24.064,
        5.033,
        24.064,
        1,
        5.1,
        24.064,
        5.166,
        24.082,
        5.233,
        24.164,
        1,
        5.3,
        24.247,
        5.366,
        24.406,
        5.433,
        24.489,
        1,
        5.544,
        24.626,
        5.656,
        24.67,
        5.767,
        24.67,
        1,
        5.845,
        24.67,
        5.922,
        24.58,
        6,
        24.553,
        1,
        6.089,
        24.522,
        6.178,
        24.54,
        6.267,
        24.493,
        1,
        6.845,
        24.189,
        7.422,
        23.918,
        8,
        23.918
      ]
    },
    {
      "Target": "Parameter",
      "Id": "HandR_Roll",
      "Segments": [
        0,
        -5,
        0,
        2.3,
        -5.2,
        2,
        2.433,
        -5.2,
        1,
        2.611,
        -5.2,
        2.789,
        -5.225,
        2.967,
        -5.095,
        1,
        3.278,
        -4.868,
        3.589,
        -4.43,
        3.9,
        -4.43,
        2,
        4.133,
        -4.43,
        1,
        4.333,
        -4.43,
        4.533,
        -4.546,
        4.733,
        -4.629,
        1,
        4.955,
        -4.72,
        5.178,
        -4.816,
        5.4,
        -4.833,
        1,
        6.267,
        -4.899,
        7.133,
        -4.926,
        8,
        -5
      ]
    },
    {
      "Target": "Parameter",
      "Id": "Arm01R_Strech",
      "Segments": [
        0,
        -8.66,
        1,
        0.267,
        -8.667,
        0.533,
        -9.22,
        0.8,
        -9.22,
        2,
        1,
        -9.22,
        1,
        1.089,
        -9.22,
        1.178,
        -9.225,
        1.267,
        -9.154,
        1,
        1.611,
        -8.877,
        1.956,
        -8.66,
        2.3,
        -8.66,
        2,
        2.433,
        -8.66,
        2,
        3,
        -8.66,
        2,
        3.1,
        -8.66,
        1,
        3.389,
        -8.653,
        3.678,
        -8.647,
        3.967,
        -8.647,
        2,
        4.367,
        -8.647,
        1,
        4.878,
        -8.647,
        5.389,
        -8.647,
        5.9,
        -8.648,
        1,
        6.6,
        -8.649,
        7.3,
        -8.653,
        8,
        -8.66
      ]
    },
    {
      "Target": "Parameter",
      "Id": "Arm02R_Strech",
      "Segments": [
        0,
        -3,
        0,
        0.533,
        -3.588,
        0,
        1.167,
        -3.296,
        1,
        1.2,
        -3.296,
        1.234,
        -3.278,
        1.267,
        -3.309,
        1,
        1.611,
        -3.624,
        1.956,
        -3.94,
        2.3,
        -3.94,
        2,
        2.433,
        -3.94,
        2,
        3,
        -3.94,
        1,
        3.078,
        -3.94,
        3.155,
        -3.6,
        3.233,
        -3.449,
        1,
        3.389,
        -3.147,
        3.544,
        -3.006,
        3.7,
        -2.734,
        1,
        3.911,
        -2.364,
        4.122,
        -2.115,
        4.333,
        -2.115,
        0,
        5.2,
        -2.542,
        1,
        5.3,
        -2.542,
        5.4,
        -2.396,
        5.5,
        -1.968,
        1,
        5.556,
        -1.73,
        5.611,
        -1.514,
        5.667,
        -1.514,
        1,
        5.756,
        -1.514,
        5.844,
        -1.639,
        5.933,
        -1.699,
        1,
        6.622,
        -2.162,
        7.311,
        -2.486,
        8,
        -3
      ]
    },
    {
      "Target": "Parameter",
      "Id": "HairTop_Shaking",
      "Segments": [
        0,
        0.061,
        1,
        0.022,
        0.061,
        0.045,
        0.058,
        0.067,
        0.053,
        1,
        0.156,
        0.032,
        0.244,
        0.021,
        0.333,
        0.021,
        0,
        0.6,
        0.046,
        0,
        0.767,
        0.036,
        0,
        0.967,
        0.042,
        0,
        1.2,
        0.033,
        0,
        1.433,
        0.045,
        0,
        1.733,
        0.038,
        0,
        2,
        0.046,
        0,
        2.267,
        0.045,
        0,
        2.6,
        0.058,
        0,
        2.967,
        0.019,
        1,
        3.011,
        0.019,
        3.056,
        0.022,
        3.1,
        0.027,
        1,
        3.156,
        0.033,
        3.211,
        0.037,
        3.267,
        0.037,
        0,
        3.767,
        0.007,
        0,
        4.033,
        0.024,
        0,
        4.267,
        0.006,
        0,
        4.533,
        0.022,
        0,
        4.767,
        0.017,
        1,
        5.145,
        0.017,
        5.522,
        0.016,
        5.9,
        0.02,
        1,
        6.6,
        0.029,
        7.3,
        0.061,
        8,
        0.061
      ]
    },
    {
      "Target": "Parameter",
      "Id": "HairSide_Shaking",
      "Segments": [
        0,
        -0.174,
        0,
        0.267,
        -0.094,
        0,
        0.533,
        -0.169,
        0,
        0.733,
        -0.133,
        0,
        0.9,
        -0.144,
        0,
        1.167,
        -0.125,
        0,
        1.3,
        -0.138,
        0,
        1.667,
        -0.111,
        0,
        1.967,
        -0.132,
        0,
        2.133,
        -0.13,
        0,
        2.5,
        -0.152,
        0,
        2.767,
        -0.124,
        1,
        2.878,
        -0.124,
        2.989,
        -0.152,
        3.1,
        -0.19,
        1,
        3.133,
        -0.202,
        3.167,
        -0.203,
        3.2,
        -0.203,
        0,
        3.7,
        -0.147,
        0,
        3.967,
        -0.169,
        0,
        4.233,
        -0.118,
        0,
        4.467,
        -0.152,
        0,
        4.733,
        -0.132,
        0,
        5.367,
        -0.156,
        0,
        5.9,
        -0.141,
        0,
        8,
        -0.174
      ]
    },
    {
      "Target": "Parameter",
      "Id": "HairUnder_Shaking",
      "Segments": [
        0,
        -0.174,
        0,
        0.267,
        -0.121,
        0,
        0.533,
        -0.196,
        0,
        0.733,
        -0.16,
        0,
        0.9,
        -0.171,
        0,
        1.167,
        -0.151,
        0,
        1.3,
        -0.165,
        0,
        1.667,
        -0.138,
        0,
        1.967,
        -0.159,
        0,
        2.133,
        -0.157,
        0,
        2.5,
        -0.179,
        0,
        2.767,
        -0.151,
        1,
        2.878,
        -0.151,
        2.989,
        -0.178,
        3.1,
        -0.217,
        1,
        3.133,
        -0.229,
        3.167,
        -0.23,
        3.2,
        -0.23,
        0,
        3.7,
        -0.174,
        0,
        3.967,
        -0.196,
        0,
        4.233,
        -0.145,
        0,
        4.467,
        -0.179,
        1,
        4.556,
        -0.179,
        4.644,
        -0.176,
        4.733,
        -0.159,
        1,
        4.944,
        -0.117,
        5.156,
        -0.034,
        5.367,
        -0.014,
        1,
        5.545,
        0.002,
        5.722,
        0,
        5.9,
        0,
        0,
        8,
        -0.174
      ]
    },
    {
      "Target": "PartOpacity",
      "Id": "Part12",
      "Segments": [
        0,
        1,
        2,
        6.63,
        1,
        2,
        8,
        1
      ]
    },
    {
      "Target": "PartOpacity",
      "Id": "Part2",
      "Segments": [
        0,
        1,
        2,
        6.63,
        1,
        2,
        8,
        1
      ]
    },
    {
      "Target": "PartOpacity",
      "Id": "Part3",
      "Segments": [
        0,
        1,
        2,
        6.63,
        1,
        2,
        8,
        1
      ]
    },
    {
      "Target": "PartOpacity",
      "Id": "Part4",
      "Segments": [
        0,
        1,
        2,
        6.63,
        1,
        2,
        8,
        1
      ]
    },
    {
      "Target": "PartOpacity",
      "Id": "Part5",
      "Segments": [
        0,
        1,
        2,
        6.63,
        1,
        2,
        8,
        1
      ]
    },
    {
      "Target": "PartOpacity",
      "Id": "Part6",
      "Segments": [
        0,
        1,
        2,
        6.63,
        1,
        2,
        8,
        1
      ]
    },
    {
      "Target": "PartOpacity",
      "Id": "Part7",
      "Segments": [
        0,
        1,
        2,
        6.63,
        1,
        2,
        8,
        1
      ]
    },
    {
      "Target": "PartOpacity",
      "Id": "Part8",
      "Segments": [
        0,
        1,
        2,
        6.63,
        1,
        2,
        8,
        1
      ]
    },
    {
      "Target": "PartOpacity",
      "Id": "Part9",
      "Segments": [
        0,
        1,
        2,
        6.63,
        1,
        2,
        8,
        1
      ]
    },
    {
      "Target": "PartOpacity",
      "Id": "Part10",
      "Segments": [
        0,
        1,
        2,
        6.63,
        1,
        2,
        8,
        1
      ]
    },
    {
      "Target": "PartOpacity",
      "Id": "Part15",
      "Segments": [
        0,
        1,
        2,
        6.63,
        1,
        2,
        8,
        1
      ]
    },
    {
      "Target": "PartOpacity",
      "Id": "Part14",
      "Segments": [
        0,
        1,
        2,
        6.63,
        1,
        2,
        8,
        1
      ]
    },
    {
      "Target": "PartOpacity",
      "Id": "Part",
      "Segments": [
        0,
        1,
        2,
        6.63,
        1,
        2,
        8,
        1
      ]
    },
    {
      "Target": "PartOpacity",
      "Id": "Part16",
      "Segments": [
        0,
        1,
        2,
        6.63,
        1,
        2,
        8,
        1
      ]
    },
    {
      "Target": "PartOpacity",
      "Id": "Part11",
      "Segments": [
        0,
        1,
        2,
        6.63,
        1,
        2,
        8,
        1
      ]
    },
    {
      "Target": "PartOpacity",
      "Id": "Part13",
      "Segments": [
        0,
        1,
        2,
        6.63,
        1,
        2,
        8,
        1
      ]
    },
    {
      "Target": "Model",
      "Id": "Opacity",
      "Segments": [
        0,
        1,
        0,
        8,
        1
      ]
    },
    {
      "Target": "Parameter",
      "Id": "BrowLY",
      "Segments": [
        0,
        -0.412,
        0,
        8,
        -0.412
      ]
    },
    {
      "Target": "Parameter",
      "Id": "BrowRY",
      "Segments": [
        0,
        -0.594,
        0,
        8,
        -0.594
      ]
    },
    {
      "Target": "Parameter",
      "Id": "BrowLX",
      "Segments": [
        0,
        -0.2,
        0,
        8,
        -0.2
      ]
    },
    {
      "Target": "Parameter",
      "Id": "BrowRX",
      "Segments": [
        0,
        0,
        0,
        8,
        0
      ]
    },
    {
      "Target": "Parameter",
      "Id": "BrowL_Angle",
      "Segments": [
        0,
        -0.11,
        0,
        8,
        -0.11
      ]
    },
    {
      "Target": "Parameter",
      "Id": "BrowR_Angle",
      "Segments": [
        0,
        -0.138,
        0,
        8,
        -0.138
      ]
    },
    {
      "Target": "Parameter",
      "Id": "BrowL_Form",
      "Segments": [
        0,
        -0.7,
        0,
        8,
        -0.7
      ]
    },
    {
      "Target": "Parameter",
      "Id": "BrowR_Form",
      "Segments": [
        0,
        -0.5,
        0,
        8,
        -0.5
      ]
    },
    {
      "Target": "Parameter",
      "Id": "EyeL_Smile",
      "Segments": [
        0,
        0,
        0,
        8,
        0
      ]
    },
    {
      "Target": "Parameter",
      "Id": "EyeR_Smile",
      "Segments": [
        0,
        0,
        0,
        8,
        0
      ]
    },
    {
      "Target": "Parameter",
      "Id": "EyeBall_Size",
      "Segments": [
        0,
        0,
        0,
        8,
        0
      ]
    },
    {
      "Target": "Parameter",
      "Id": "Mouth_Form",
      "Segments": [
        0,
        -2,
        0,
        8,
        -2
      ]
    },
    {
      "Target": "Parameter",
      "Id": "Mouth_Open",
      "Segments": [
        0,
        0.5,
        0,
        8,
        0.5
      ]
    },
    {
      "Target": "Parameter",
      "Id": "Mouth_Size",
      "Segments": [
        0,
        1,
        0,
        8,
        1
      ]
    },
    {
      "Target": "Parameter",
      "Id": "ShoulderL_Roll",
      "Segments": [
        0,
        -17.94,
        0,
        8,
        -17.94
      ]
    },
    {
      "Target": "Parameter",
      "Id": "Arm01L_Strech",
      "Segments": [
        0,
        -9.1,
        0,
        8,
        -9.1
      ]
    },
    {
      "Target": "Parameter",
      "Id": "Arm02L_Bias",
      "Segments": [
        0,
        -10,
        0,
        8,
        -10
      ]
    },
    {
      "Target": "Parameter",
      "Id": "HandL01",
      "Segments": [
        0,
        0,
        0,
        8,
        0
      ]
    },
    {
      "Target": "Parameter",
      "Id": "HandL02",
      "Segments": [
        0,
        1,
        0,
        8,
        1
      ]
    },
    {
      "Target": "Parameter",
      "Id": "Arm02R_Bias",
      "Segments": [
        0,
        -10,
        0,
        8,
        -10
      ]
    },
    {
      "Target": "Parameter",
      "Id": "ArmR_Front",
      "Segments": [
        0,
        1,
        0,
        8,
        1
      ]
    },
    {
      "Target": "Parameter",
      "Id": "HandR_Front",
      "Segments": [
        0,
        0,
        0,
        8,
        0
      ]
    },
    {
      "Target": "Parameter",
      "Id": "ShoulderR_Bias",
      "Segments": [
        0,
        1,
        0,
        8,
        1
      ]
    },
    {
      "Target": "Parameter",
      "Id": "HandR_Strech",
      "Segments": [
        0,
        2.3,
        0,
        8,
        2.3
      ]
    },
    {
      "Target": "Parameter",
      "Id": "HandR01",
      "Segments": [
        0,
        0,
        0,
        8,
        0
      ]
    },
    {
      "Target": "Parameter",
      "Id": "HandR02",
      "Segments": [
        0,
        1,
        0,
        8,
        1
      ]
    },
    {
      "Target": "Parameter",
      "Id": "ALLX",
      "Segments": [
        0,
        3,
        0,
        8,
        3
      ]
    },
    {
      "Target": "Parameter",
      "Id": "ALLY",
      "Segments": [
        0,
        -1,
        0,
        8,
        -1
      ]
    },
    {
      "Target": "Parameter",
      "Id": "ALLZ",
      "Segments": [
        0,
        0,
        0,
        8,
        0
      ]
    }
  ],
  "UserData": []
}