{
  "Version": 3,
  "Meta": {
    "Duration": 9.8,
    "Fps": 30.0,
    "Loop": true,
    "AreBeziersRestricted": true,
    "CurveCount": 56,
    "TotalSegmentCount": 647,
    "TotalPointCount": 1151,
    "UserDataCount": 0,
    "TotalUserDataSize": 0
  },
  "Curves": [
    {
      "Target": "Parameter",
      "Id": "HeadX",
      "Segments": [
        0,
        0,
        0,
        0.3,
        0.522,
        0,
        0.9,
        -6.074,
        1,
        1.011,
        -6.074,
        1.122,
        -5.188,
        1.233,
        -4.3,
        1,
        1.266,
        -4.034,
        1.3,
        -4.08,
        1.333,
        -4.08,
        2,
        1.467,
        -4.08,
        2,
        1.8,
        -4.08,
        1,
        2.122,
        -4.08,
        2.445,
        -5.602,
        2.767,
        -7.117,
        1,
        3.267,
        -9.469,
        3.767,
        -10.154,
        4.267,
        -10.154,
        1,
        4.367,
        -10.154,
        4.467,
        -9.919,
        4.567,
        -9.049,
        1,
        4.967,
        -5.572,
        5.367,
        1.853,
        5.767,
        1.88,
        1,
        6.411,
        1.923,
        7.056,
        1.923,
        7.7,
        1.96,
        1,
        7.956,
        1.975,
        8.211,
        2.984,
        8.467,
        2.984,
        1,
        8.678,
        2.984,
        8.889,
        1.256,
        9.1,
        -0.925,
        1,
        9.333,
        -3.335,
        9.567,
        -4.08,
        9.8,
        -4.08
      ]
    },
    {
      "Target": "Parameter",
      "Id": "HeadY",
      "Segments": [
        0,
        0,
        1,
        0.1,
        0,
        0.2,
        -9.713,
        0.3,
        -11.102,
        1,
        0.411,
        -12.645,
        0.522,
        -12.518,
        0.633,
        -12.518,
        0,
        0.833,
        4.518,
        0,
        1.033,
        -18.954,
        0,
        1.333,
        -5.48,
        2,
        1.467,
        -5.48,
        2,
        1.8,
        -5.48,
        0,
        2.7,
        -30,
        1,
        2.822,
        -30,
        2.945,
        -28.904,
        3.067,
        -22.727,
        1,
        3.245,
        -13.743,
        3.422,
        7.949,
        3.6,
        11.104,
        1,
        3.811,
        14.851,
        4.022,
        14.79,
        4.233,
        14.79,
        0,
        4.533,
        12.04,
        1,
        4.655,
        12.04,
        4.778,
        12.252,
        4.9,
        13.729,
        1,
        5.233,
        17.754,
        5.567,
        20.561,
        5.9,
        20.561,
        1,
        6.256,
        20.561,
        6.611,
        19.763,
        6.967,
        13.729,
        1,
        7.167,
        10.334,
        7.367,
        -5.943,
        7.567,
        -14.895,
        1,
        7.778,
        -24.345,
        7.989,
        -28.301,
        8.2,
        -28.301,
        1,
        8.544,
        -28.301,
        8.889,
        -20.275,
        9.233,
        -11.102,
        1,
        9.422,
        -6.071,
        9.611,
        -5.48,
        9.8,
        -5.48
      ]
    },
    {
      "Target": "Parameter",
      "Id": "HeadZ",
      "Segments": [
        0,
        0,
        0,
        1.333,
        12,
        2,
        1.467,
        12,
        2,
        1.8,
        12,
        1,
        1.856,
        12,
        1.911,
        11.928,
        1.967,
        11.582,
        1,
        2.334,
        9.299,
        2.7,
        6.125,
        3.067,
        4.472,
        1,
        3.356,
        3.171,
        3.644,
        3.06,
        3.933,
        3.06,
        2,
        4.533,
        3.06,
        1,
        4.655,
        3.06,
        4.778,
        3.053,
        4.9,
        3.068,
        1,
        5.122,
        3.095,
        5.345,
        4.479,
        5.567,
        5.436,
        1,
        5.656,
        5.818,
        5.744,
        6.872,
        5.833,
        7.9,
        1,
        5.9,
        8.671,
        5.966,
        9.667,
        6.033,
        9.667,
        1,
        6.222,
        9.667,
        6.411,
        5.759,
        6.6,
        0.894,
        1,
        6.656,
        -0.537,
        6.711,
        -0.507,
        6.767,
        -0.507,
        1,
        6.845,
        -0.507,
        6.922,
        0.825,
        7,
        1.871,
        1,
        7.144,
        3.812,
        7.289,
        4.983,
        7.433,
        6.817,
        1,
        7.533,
        8.086,
        7.633,
        9.096,
        7.733,
        9.096,
        0,
        8.3,
        7.492,
        1,
        8.422,
        7.492,
        8.545,
        8.509,
        8.667,
        9.096,
        1,
        8.867,
        10.056,
        9.067,
        10.762,
        9.267,
        11.357,
        1,
        9.445,
        11.887,
        9.622,
        12,
        9.8,
        12
      ]
    },
    {
      "Target": "Parameter",
      "Id": "EyeBallX",
      "Segments": [
        0,
        0.5,
        2,
        0.3,
        0.5,
        0,
        0.9,
        0.4,
        2,
        1.8,
        0.4,
        0,
        4.267,
        0.6,
        1,
        4.478,
        0.6,
        4.689,
        0.547,
        4.9,
        0.461,
        1,
        5.189,
        0.343,
        5.478,
        0.293,
        5.767,
        0.293,
        1,
        6.411,
        0.293,
        7.056,
        0.292,
        7.7,
        0.315,
        1,
        8.4,
        0.34,
        9.1,
        0.4,
        9.8,
        0.4
      ]
    },
    {
      "Target": "Parameter",
      "Id": "EyeBallY",
      "Segments": [
        0,
        0,
        1,
        0.278,
        0,
        0.555,
        0,
        0.833,
        -0.008,
        1,
        1.022,
        -0.014,
        1.211,
        -0.096,
        1.4,
        -0.099,
        1,
        1.533,
        -0.101,
        1.667,
        -0.1,
        1.8,
        -0.1,
        0,
        2.7,
        0,
        1,
        3,
        0,
        3.3,
        -0.18,
        3.6,
        -0.21,
        1,
        4.033,
        -0.253,
        4.467,
        -0.284,
        4.9,
        -0.294,
        1,
        5.189,
        -0.302,
        5.478,
        -0.3,
        5.767,
        -0.3,
        1,
        6.411,
        -0.3,
        7.056,
        -0.289,
        7.7,
        -0.23,
        1,
        8.4,
        -0.165,
        9.1,
        -0.1,
        9.8,
        -0.1
      ]
    },
    {
      "Target": "Parameter",
      "Id": "NeckZ",
      "Segments": [
        0,
        0,
        0,
        0.333,
        -1.153,
        1,
        0.466,
        -1.153,
        0.6,
        -0.96,
        0.733,
        0,
        1,
        0.822,
        0.64,
        0.911,
        1.544,
        1,
        1.544,
        0,
        1.333,
        -1,
        2,
        1.467,
        -1,
        2,
        1.8,
        -1,
        0,
        2.9,
        -3.34,
        1,
        2.956,
        -3.34,
        3.011,
        -3.343,
        3.067,
        -3.281,
        1,
        3.356,
        -2.961,
        3.644,
        -2.74,
        3.933,
        -2.74,
        0,
        4.233,
        -2.741,
        1,
        4.489,
        -2.741,
        4.744,
        -2.741,
        5,
        -2.74,
        1,
        5.3,
        -2.738,
        5.6,
        1.69,
        5.9,
        4.112,
        1,
        6,
        4.92,
        6.1,
        5.595,
        6.2,
        5.595,
        1,
        6.244,
        5.595,
        6.289,
        4.371,
        6.333,
        3.328,
        1,
        6.455,
        0.46,
        6.578,
        -1.628,
        6.7,
        -4.446,
        1,
        6.756,
        -5.727,
        6.811,
        -6.843,
        6.867,
        -6.843,
        1,
        6.911,
        -6.843,
        6.956,
        -6.033,
        7,
        -5.804,
        1,
        7.167,
        -4.945,
        7.333,
        -4.472,
        7.5,
        -3.611,
        1,
        7.656,
        -2.806,
        7.811,
        -2.118,
        7.967,
        -2.118,
        0,
        8.633,
        -4.173,
        0,
        9.8,
        -1
      ]
    },
    {
      "Target": "Parameter",
      "Id": "BodyX",
      "Segments": [
        0,
        0,
        0,
        0.3,
        -0.112,
        0,
        0.9,
        2.99,
        0,
        1.333,
        -3,
        2,
        1.467,
        -3,
        2,
        1.8,
        -3,
        1,
        2.222,
        -3,
        2.645,
        -3.628,
        3.067,
        -4.204,
        1,
        3.456,
        -4.735,
        3.844,
        -4.814,
        4.233,
        -4.814,
        2,
        4.533,
        -4.814,
        2,
        4.9,
        -4.814,
        2,
        5.533,
        -4.814,
        0,
        5.933,
        -5.735,
        1,
        6.166,
        -5.735,
        6.4,
        -4.932,
        6.633,
        -4.204,
        1,
        6.833,
        -3.581,
        7.033,
        -3.467,
        7.233,
        -2.802,
        1,
        7.389,
        -2.286,
        7.544,
        -1.1,
        7.7,
        -1.1,
        0,
        9.8,
        -3
      ]
    },
    {
      "Target": "Parameter",
      "Id": "BodyY",
      "Segments": [
        0,
        0,
        0,
        0.367,
        -1.92,
        1,
        0.456,
        -1.92,
        0.544,
        4.561,
        0.633,
        5.9,
        1,
        0.666,
        6.402,
        0.7,
        6.178,
        0.733,
        6.178,
        1,
        0.789,
        6.178,
        0.844,
        5.048,
        0.9,
        5.015,
        1,
        1.044,
        4.928,
        1.189,
        4.92,
        1.333,
        4.92,
        2,
        1.467,
        4.92,
        2,
        1.8,
        4.92,
        0,
        2.033,
        6.574,
        1,
        2.166,
        6.574,
        2.3,
        5.529,
        2.433,
        4.324,
        1,
        2.555,
        3.22,
        2.678,
        2.957,
        2.8,
        2.957,
        1,
        2.922,
        2.957,
        3.045,
        2.95,
        3.167,
        4.019,
        1,
        3.456,
        6.544,
        3.744,
        8.871,
        4.033,
        8.871,
        2,
        4.233,
        8.871,
        2,
        4.533,
        8.871,
        1,
        4.655,
        8.871,
        4.778,
        8.856,
        4.9,
        8.895,
        1,
        5.3,
        9.024,
        5.7,
        9.29,
        6.1,
        9.57,
        1,
        6.267,
        9.687,
        6.433,
        10,
        6.6,
        10,
        1,
        6.856,
        10,
        7.111,
        10.189,
        7.367,
        9.57,
        1,
        8.178,
        7.606,
        8.989,
        4.92,
        9.8,
        4.92
      ]
    },
    {
      "Target": "Parameter",
      "Id": "BodyZ",
      "Segments": [
        0,
        0,
        0,
        0.2,
        0.034,
        0,
        0.567,
        -2.268,
        1,
        0.678,
        -2.268,
        0.789,
        -1.229,
        0.9,
        0.312,
        1,
        0.978,
        1.391,
        1.055,
        1.724,
        1.133,
        1.724,
        0,
        1.367,
        1.3,
        2,
        1.8,
        1.3,
        1,
        1.878,
        1.3,
        1.955,
        1.366,
        2.033,
        1.408,
        1,
        2.222,
        1.509,
        2.411,
        1.577,
        2.6,
        1.667,
        1,
        2.989,
        1.853,
        3.378,
        2.009,
        3.767,
        2.235,
        1,
        3.922,
        2.325,
        4.078,
        2.597,
        4.233,
        2.762,
        1,
        4.333,
        2.868,
        4.433,
        2.907,
        4.533,
        2.907,
        1,
        4.744,
        2.907,
        4.956,
        2.712,
        5.167,
        1.81,
        1,
        5.311,
        1.194,
        5.456,
        0.406,
        5.6,
        0.406,
        2,
        5.867,
        0.406,
        1,
        6.045,
        0.406,
        6.222,
        0.557,
        6.4,
        1.344,
        1,
        6.489,
        1.738,
        6.578,
        2.578,
        6.667,
        2.578,
        2,
        6.9,
        2.578,
        0,
        7.4,
        2.138,
        0,
        7.733,
        2.482,
        1,
        8.044,
        2.482,
        8.356,
        2.278,
        8.667,
        1.923,
        1,
        9.045,
        1.492,
        9.422,
        1.3,
        9.8,
        1.3
      ]
    },
    {
      "Target": "Parameter",
      "Id": "BodyUpper",
      "Segments": [
        0,
        0,
        0,
        0.3,
        -1,
        0,
        0.8,
        0.078,
        0,
        1.333,
        0,
        2,
        1.467,
        0,
        2,
        1.8,
        0,
        2,
        2.333,
        0,
        0,
        2.8,
        -0.852,
        1,
        2.889,
        -0.852,
        2.978,
        -0.83,
        3.067,
        -0.164,
        1,
        3.222,
        1.003,
        3.378,
        2.879,
        3.533,
        4.575,
        1,
        3.666,
        6.028,
        3.8,
        6.961,
        3.933,
        6.961,
        2,
        4.233,
        6.961,
        2,
        4.533,
        6.961,
        1,
        4.655,
        6.961,
        4.778,
        6.972,
        4.9,
        6.77,
        1,
        5.189,
        6.293,
        5.478,
        5.32,
        5.767,
        4.872,
        1,
        6.056,
        4.423,
        6.344,
        4.357,
        6.633,
        3.831,
        1,
        6.955,
        3.244,
        7.278,
        0.769,
        7.6,
        0.551,
        1,
        8.333,
        0.055,
        9.067,
        0,
        9.8,
        0
      ]
    },
    {
      "Target": "Parameter",
      "Id": "Breath",
      "Segments": [
        0,
        0,
        2,
        1.333,
        0,
        2,
        1.467,
        0,
        2,
        1.8,
        0,
        1,
        2.222,
        0,
        2.645,
        0.154,
        3.067,
        0.448,
        1,
        3.122,
        0.487,
        3.178,
        0.5,
        3.233,
        0.5,
        1,
        3.789,
        0.5,
        4.344,
        0.419,
        4.9,
        0.349,
        1,
        5.833,
        0.23,
        6.767,
        0.112,
        7.7,
        0.048,
        1,
        8.4,
        0.001,
        9.1,
        0,
        9.8,
        0
      ]
    },
    {
      "Target": "Parameter",
      "Id": "ShoulderL_Move",
      "Segments": [
        0,
        0,
        1,
        0.1,
        0,
        0.2,
        -0.29,
        0.3,
        -1.151,
        1,
        0.356,
        -1.629,
        0.411,
        -2.074,
        0.467,
        -2.074,
        0,
        0.833,
        5.469,
        1,
        0.989,
        5.469,
        1.144,
        2.967,
        1.3,
        2.097,
        1,
        1.467,
        1.164,
        1.633,
        1.2,
        1.8,
        1.2,
        0,
        2.8,
        4.947,
        1,
        2.889,
        4.947,
        2.978,
        4.794,
        3.067,
        4.648,
        1,
        3.245,
        4.355,
        3.422,
        4.26,
        3.6,
        4.26,
        2,
        3.933,
        4.26,
        2,
        4.233,
        4.26,
        2,
        4.533,
        4.26,
        0,
        4.9,
        3.735,
        1,
        5.122,
        3.735,
        5.345,
        3.722,
        5.567,
        4.317,
        1,
        5.734,
        4.763,
        5.9,
        6.68,
        6.067,
        6.68,
        1,
        6.189,
        6.68,
        6.311,
        6.198,
        6.433,
        5.259,
        1,
        6.566,
        4.235,
        6.7,
        3.735,
        6.833,
        3.735,
        1,
        7.022,
        3.735,
        7.211,
        4.289,
        7.4,
        4.947,
        1,
        7.522,
        5.373,
        7.645,
        5.444,
        7.767,
        5.444,
        1,
        7.967,
        5.444,
        8.167,
        5.094,
        8.367,
        4.26,
        1,
        8.845,
        2.268,
        9.322,
        1.2,
        9.8,
        1.2
      ]
    },
    {
      "Target": "Parameter",
      "Id": "ShoulderR_Move",
      "Segments": [
        0,
        0,
        0,
        0.367,
        -1.33,
        0,
        0.9,
        5,
        1,
        1.056,
        5,
        1.211,
        2.834,
        1.367,
        2.282,
        1,
        1.511,
        1.769,
        1.656,
        1.84,
        1.8,
        1.84,
        0,
        2.633,
        5.093,
        0,
        3.6,
        4.2,
        2,
        3.933,
        4.2,
        0,
        4.233,
        4,
        2,
        4.533,
        4,
        1,
        4.655,
        4,
        4.778,
        4.058,
        4.9,
        3.491,
        1,
        5.089,
        2.616,
        5.278,
        1.157,
        5.467,
        1.157,
        2,
        5.9,
        1.157,
        1,
        6.122,
        1.157,
        6.345,
        1.845,
        6.567,
        4.2,
        1,
        6.656,
        5.142,
        6.744,
        6.608,
        6.833,
        6.608,
        1,
        6.9,
        6.608,
        6.966,
        6.219,
        7.033,
        5.093,
        1,
        7.166,
        2.839,
        7.3,
        1.502,
        7.433,
        1.502,
        0,
        8.2,
        3.781,
        0,
        9.8,
        1.84
      ]
    },
    {
      "Target": "Parameter",
      "Id": "ShoulderL_Roll",
      "Segments": [
        0,
        0,
        0,
        0.333,
        3.058,
        1,
        0.422,
        3.058,
        0.511,
        -1.903,
        0.6,
        -7.452,
        1,
        0.667,
        -11.614,
        0.733,
        -16.993,
        0.8,
        -17.38,
        1,
        0.9,
        -17.96,
        1,
        -17.94,
        1.1,
        -17.94,
        2,
        1.467,
        -17.94,
        2,
        1.8,
        -17.94,
        2,
        3.067,
        -17.94,
        2,
        4.1,
        -17.94,
        2,
        4.233,
        -17.94,
        2,
        4.8,
        -17.94,
        2,
        4.9,
        -17.94,
        2,
        5.767,
        -17.94,
        2,
        6.167,
        -17.94,
        2,
        7.7,
        -17.94,
        2,
        9.8,
        -17.94
      ]
    },
    {
      "Target": "Parameter",
      "Id": "ElbowL_Roll",
      "Segments": [
        0,
        0,
        2,
        0.233,
        0,
        1,
        0.3,
        0,
        0.366,
        0.124,
        0.433,
        -1.142,
        1,
        0.5,
        -2.408,
        0.566,
        -13.969,
        0.633,
        -19.728,
        1,
        0.689,
        -24.526,
        0.744,
        -26.376,
        0.8,
        -26.376,
        0,
        1,
        -23.48,
        0,
        1.467,
        -24.072,
        2,
        1.8,
        -24.072,
        0,
        2.4,
        -24.223,
        1,
        2.633,
        -24.223,
        2.867,
        -24.213,
        3.1,
        -24.146,
        1,
        3.433,
        -24.051,
        3.767,
        -23.852,
        4.1,
        -23.781,
        1,
        4.622,
        -23.669,
        5.145,
        -23.613,
        5.667,
        -23.517,
        1,
        5.734,
        -23.505,
        5.8,
        -23.435,
        5.867,
        -23.4,
        1,
        5.978,
        -23.341,
        6.089,
        -23.317,
        6.2,
        -23.317,
        1,
        6.267,
        -23.317,
        6.333,
        -23.535,
        6.4,
        -23.66,
        1,
        6.467,
        -23.785,
        6.533,
        -23.791,
        6.6,
        -23.917,
        1,
        6.667,
        -24.043,
        6.733,
        -24.272,
        6.8,
        -24.272,
        1,
        6.844,
        -24.272,
        6.889,
        -24.282,
        6.933,
        -24.211,
        1,
        7.078,
        -23.981,
        7.222,
        -23.594,
        7.367,
        -23.311,
        1,
        7.4,
        -23.246,
        7.434,
        -23.232,
        7.467,
        -23.232,
        1,
        7.545,
        -23.232,
        7.622,
        -23.347,
        7.7,
        -23.4,
        1,
        8.4,
        -23.874,
        9.1,
        -24.072,
        9.8,
        -24.072
      ]
    },
    {
      "Target": "Parameter",
      "Id": "HandL_Roll",
      "Segments": [
        0,
        0,
        0,
        0.233,
        1,
        1,
        0.289,
        1,
        0.344,
        0.74,
        0.4,
        0.45,
        1,
        0.456,
        0.16,
        0.511,
        0.169,
        0.567,
        -0.27,
        1,
        0.656,
        -0.972,
        0.744,
        -4.029,
        0.833,
        -4.8,
        1,
        1,
        -6.245,
        1.166,
        -6.529,
        1.333,
        -6.529,
        2,
        1.8,
        -6.529,
        0,
        3.267,
        -6.191,
        1,
        3.411,
        -6.191,
        3.556,
        -6.504,
        3.7,
        -6.604,
        1,
        3.867,
        -6.72,
        4.033,
        -6.715,
        4.2,
        -6.828,
        1,
        4.389,
        -6.957,
        4.578,
        -7.184,
        4.767,
        -7.184,
        1,
        4.956,
        -7.184,
        5.144,
        -6.839,
        5.333,
        -6.529,
        1,
        5.5,
        -6.255,
        5.666,
        -6.22,
        5.833,
        -6.22,
        1,
        5.955,
        -6.22,
        6.078,
        -6.576,
        6.2,
        -6.81,
        1,
        6.333,
        -7.064,
        6.467,
        -7.088,
        6.6,
        -7.088,
        1,
        6.656,
        -7.088,
        6.711,
        -6.912,
        6.767,
        -6.863,
        1,
        6.956,
        -6.696,
        7.144,
        -6.654,
        7.333,
        -6.654,
        0,
        7.667,
        -6.81,
        0,
        9.8,
        -6.529
      ]
    },
    {
      "Target": "Parameter",
      "Id": "Arm01L_Strech",
      "Segments": [
        0,
        0,
        2,
        0.367,
        0,
        1,
        0.422,
        0,
        0.478,
        -0.001,
        0.533,
        -0.599,
        1,
        0.578,
        -1.078,
        0.622,
        -3.23,
        0.667,
        -4.924,
        1,
        0.689,
        -5.771,
        0.711,
        -9.049,
        0.733,
        -9.052,
        1,
        0.978,
        -9.087,
        1.222,
        -9.1,
        1.467,
        -9.1,
        2,
        1.8,
        -9.1,
        2,
        3.067,
        -9.1,
        2,
        4.1,
        -9.1,
        2,
        4.233,
        -9.1,
        2,
        4.8,
        -9.1,
        2,
        4.9,
        -9.1,
        2,
        5.767,
        -9.1,
        2,
        7.7,
        -9.1,
        2,
        9.8,
        -9.1
      ]
    },
    {
      "Target": "Parameter",
      "Id": "Arm02L_Strech",
      "Segments": [
        0,
        0,
        2,
        0.367,
        0,
        1,
        0.5,
        0,
        0.634,
        0.516,
        0.767,
        1.506,
        1,
        0.867,
        2.249,
        0.967,
        2.6,
        1.067,
        2.6,
        2,
        1.467,
        2.6,
        2,
        1.8,
        2.6,
        0,
        2.667,
        2.089,
        1,
        2.8,
        2.089,
        2.934,
        2.09,
        3.067,
        2.105,
        1,
        3.311,
        2.133,
        3.556,
        2.158,
        3.8,
        2.158,
        2,
        4.333,
        2.158,
        0,
        6.033,
        2.42,
        2,
        6.167,
        2.42,
        1,
        6.567,
        2.42,
        6.967,
        2.435,
        7.367,
        2.481,
        1,
        7.434,
        2.489,
        7.5,
        2.563,
        7.567,
        2.563,
        0,
        7.7,
        2.489,
        0,
        9.8,
        2.6
      ]
    },
    {
      "Target": "Parameter",
      "Id": "Arm02L_Bias",
      "Segments": [
        0,
        0,
        1,
        0.156,
        0,
        0.311,
        2.273,
        0.467,
        5.42,
        1,
        0.545,
        6.994,
        0.622,
        7.309,
        0.7,
        7.309,
        0,
        1.1,
        -10,
        2,
        1.467,
        -10,
        2,
        1.8,
        -10,
        2,
        3.067,
        -10,
        2,
        4.1,
        -10,
        2,
        4.233,
        -10,
        2,
        4.8,
        -10,
        2,
        4.9,
        -10,
        2,
        5.767,
        -10,
        2,
        6.167,
        -10,
        2,
        7.7,
        -10,
        2,
        9.8,
        -10
      ]
    },
    {
      "Target": "Parameter",
      "Id": "HandL_Strech",
      "Segments": [
        0,
        0,
        0,
        0.233,
        0.32,
        0,
        0.5,
        0,
        0,
        1.1,
        5,
        2,
        1.467,
        5,
        2,
        1.8,
        5,
        1,
        1.989,
        5,
        2.178,
        4.701,
        2.367,
        4.482,
        1,
        2.6,
        4.212,
        2.834,
        4.004,
        3.067,
        3.856,
        1,
        3.511,
        3.573,
        3.956,
        3.488,
        4.4,
        3.488,
        1,
        4.5,
        3.488,
        4.6,
        3.532,
        4.7,
        3.572,
        1,
        4.767,
        3.599,
        4.833,
        3.602,
        4.9,
        3.629,
        1,
        5.033,
        3.682,
        5.167,
        3.729,
        5.3,
        3.729,
        1,
        5.4,
        3.729,
        5.5,
        3.652,
        5.6,
        3.147,
        1,
        5.7,
        2.642,
        5.8,
        2.06,
        5.9,
        2.06,
        1,
        6,
        2.06,
        6.1,
        2.911,
        6.2,
        3.273,
        1,
        6.3,
        3.635,
        6.4,
        3.948,
        6.5,
        3.975,
        1,
        6.9,
        4.081,
        7.3,
        4.079,
        7.7,
        4.236,
        1,
        8.4,
        4.511,
        9.1,
        5,
        9.8,
        5
      ]
    },
    {
      "Target": "Parameter",
      "Id": "HandL01",
      "Segments": [
        0,
        1,
        2,
        0.567,
        1,
        0,
        0.6,
        0,
        2,
        1.1,
        0,
        2,
        1.467,
        0,
        2,
        1.8,
        0,
        2,
        3.067,
        0,
        2,
        4.1,
        0,
        2,
        4.233,
        0,
        2,
        4.8,
        0,
        2,
        4.9,
        0,
        2,
        5.767,
        0,
        2,
        6.167,
        0,
        2,
        7.7,
        0,
        2,
        9.8,
        0
      ]
    },
    {
      "Target": "Parameter",
      "Id": "HandL02",
      "Segments": [
        0,
        0,
        2,
        0.567,
        0,
        0,
        0.6,
        1,
        2,
        1.1,
        1,
        2,
        1.467,
        1,
        2,
        1.8,
        1,
        2,
        3.067,
        1,
        2,
        4.1,
        1,
        2,
        4.233,
        1,
        2,
        4.8,
        1,
        2,
        4.9,
        1,
        2,
        5.767,
        1,
        2,
        6.167,
        1,
        2,
        7.7,
        1,
        2,
        9.8,
        1
      ]
    },
    {
      "Target": "Parameter",
      "Id": "ShoulderR_Roll",
      "Segments": [
        0,
        0,
        1,
        0.111,
        0,
        0.222,
        -0.737,
        0.333,
        -2.09,
        1,
        0.422,
        -3.173,
        0.511,
        -3.665,
        0.6,
        -5.226,
        1,
        0.689,
        -6.787,
        0.778,
        -10.371,
        0.867,
        -10.371,
        0,
        1.1,
        -6.945,
        0,
        1.433,
        -7,
        2,
        1.567,
        -7,
        2,
        1.8,
        -7,
        1,
        2.222,
        -7,
        2.645,
        -7.397,
        3.067,
        -7.756,
        1,
        3.411,
        -8.048,
        3.756,
        -8.08,
        4.1,
        -8.08,
        2,
        4.233,
        -8.08,
        2,
        5.167,
        -8.08,
        0,
        6.1,
        -8.584,
        1,
        6.233,
        -8.584,
        6.367,
        -8.35,
        6.5,
        -8.243,
        1,
        7.6,
        -7.361,
        8.7,
        -7,
        9.8,
        -7
      ]
    },
    {
      "Target": "Parameter",
      "Id": "ElbowR_Roll",
      "Segments": [
        0,
        0,
        1,
        0.167,
        0,
        0.333,
        0.191,
        0.5,
        1.327,
        1,
        0.556,
        1.705,
        0.611,
        12.944,
        0.667,
        18.97,
        1,
        0.722,
        24.996,
        0.778,
        28.239,
        0.833,
        28.239,
        1,
        0.9,
        28.239,
        0.966,
        25.985,
        1.033,
        25.028,
        1,
        1.066,
        24.549,
        1.1,
        24.527,
        1.133,
        24.314,
        1,
        1.178,
        24.03,
        1.222,
        23.918,
        1.267,
        23.918,
        2,
        1.567,
        23.918,
        2,
        1.8,
        23.918,
        1,
        2.256,
        23.918,
        2.711,
        24.11,
        3.167,
        24.141,
        1,
        3.722,
        24.178,
        4.278,
        24.175,
        4.833,
        24.209,
        1,
        5.155,
        24.229,
        5.478,
        24.502,
        5.8,
        24.67,
        1,
        5.922,
        24.733,
        6.045,
        24.796,
        6.167,
        24.796,
        1,
        6.2,
        24.796,
        6.234,
        24.772,
        6.267,
        24.736,
        1,
        6.3,
        24.7,
        6.334,
        24.682,
        6.367,
        24.64,
        1,
        6.4,
        24.597,
        6.434,
        24.51,
        6.467,
        24.449,
        1,
        6.511,
        24.369,
        6.556,
        24.281,
        6.6,
        24.218,
        1,
        6.633,
        24.171,
        6.667,
        24.13,
        6.7,
        24.105,
        1,
        6.744,
        24.071,
        6.789,
        24.064,
        6.833,
        24.064,
        1,
        6.9,
        24.064,
        6.966,
        24.082,
        7.033,
        24.164,
        1,
        7.1,
        24.247,
        7.166,
        24.406,
        7.233,
        24.489,
        1,
        7.344,
        24.626,
        7.456,
        24.67,
        7.567,
        24.67,
        1,
        7.645,
        24.67,
        7.722,
        24.58,
        7.8,
        24.553,
        1,
        7.889,
        24.522,
        7.978,
        24.54,
        8.067,
        24.493,
        1,
        8.645,
        24.189,
        9.222,
        23.918,
        9.8,
        23.918
      ]
    },
    {
      "Target": "Parameter",
      "Id": "HandR_Roll",
      "Segments": [
        0,
        0,
        0,
        0.567,
        1.831,
        0,
        0.667,
        -1.564,
        0,
        0.833,
        0.864,
        1,
        0.878,
        0.864,
        0.922,
        0.978,
        0.967,
        0,
        1,
        1.067,
        -2.2,
        1.167,
        -5,
        1.267,
        -5,
        2,
        1.567,
        -5,
        2,
        1.8,
        -5,
        0,
        4.1,
        -5.2,
        2,
        4.233,
        -5.2,
        1,
        4.411,
        -5.2,
        4.589,
        -5.225,
        4.767,
        -5.095,
        1,
        5.078,
        -4.868,
        5.389,
        -4.43,
        5.7,
        -4.43,
        2,
        5.933,
        -4.43,
        1,
        6.133,
        -4.43,
        6.333,
        -4.546,
        6.533,
        -4.629,
        1,
        6.755,
        -4.72,
        6.978,
        -4.8,
        7.2,
        -4.833,
        1,
        8.067,
        -4.959,
        8.933,
        -5,
        9.8,
        -5
      ]
    },
    {
      "Target": "Parameter",
      "Id": "Arm01R_Strech",
      "Segments": [
        0,
        0,
        2,
        0.433,
        0,
        1,
        0.566,
        0,
        0.7,
        -4.168,
        0.833,
        -6.612,
        1,
        0.944,
        -8.649,
        1.056,
        -8.66,
        1.167,
        -8.66,
        2,
        1.433,
        -8.66,
        2,
        1.567,
        -8.66,
        2,
        1.8,
        -8.66,
        0,
        2.6,
        -9.22,
        2,
        2.8,
        -9.22,
        1,
        2.889,
        -9.22,
        2.978,
        -9.225,
        3.067,
        -9.154,
        1,
        3.411,
        -8.877,
        3.756,
        -8.66,
        4.1,
        -8.66,
        2,
        4.233,
        -8.66,
        2,
        4.8,
        -8.66,
        2,
        4.9,
        -8.66,
        1,
        5.189,
        -8.653,
        5.478,
        -8.647,
        5.767,
        -8.647,
        2,
        6.167,
        -8.647,
        1,
        6.678,
        -8.647,
        7.189,
        -8.647,
        7.7,
        -8.648,
        1,
        8.4,
        -8.649,
        9.1,
        -8.66,
        9.8,
        -8.66
      ]
    },
    {
      "Target": "Parameter",
      "Id": "Arm02R_Strech",
      "Segments": [
        0,
        0,
        2,
        0.6,
        0,
        0,
        1.433,
        -3,
        2,
        1.567,
        -3,
        2,
        1.8,
        -3,
        0,
        2.333,
        -3.588,
        0,
        2.967,
        -3.296,
        1,
        3,
        -3.296,
        3.034,
        -3.278,
        3.067,
        -3.309,
        1,
        3.411,
        -3.624,
        3.756,
        -3.94,
        4.1,
        -3.94,
        2,
        4.233,
        -3.94,
        2,
        4.8,
        -3.94,
        1,
        4.878,
        -3.94,
        4.955,
        -3.6,
        5.033,
        -3.449,
        1,
        5.189,
        -3.147,
        5.344,
        -3.006,
        5.5,
        -2.734,
        1,
        5.711,
        -2.364,
        5.922,
        -2.115,
        6.133,
        -2.115,
        0,
        7,
        -2.542,
        1,
        7.1,
        -2.542,
        7.2,
        -2.396,
        7.3,
        -1.968,
        1,
        7.356,
        -1.73,
        7.411,
        -1.514,
        7.467,
        -1.514,
        1,
        7.556,
        -1.514,
        7.644,
        -1.586,
        7.733,
        -1.699,
        1,
        8.422,
        -2.575,
        9.111,
        -3,
        9.8,
        -3
      ]
    },
    {
      "Target": "Parameter",
      "Id": "Arm02R_Bias",
      "Segments": [
        0,
        0,
        1,
        0.211,
        0,
        0.422,
        -0.448,
        0.633,
        -2.622,
        1,
        0.7,
        -3.308,
        0.766,
        -10,
        0.833,
        -10,
        2,
        1.433,
        -10,
        2,
        1.567,
        -10,
        2,
        1.8,
        -10,
        2,
        3.067,
        -10,
        2,
        4.1,
        -10,
        2,
        4.233,
        -10,
        2,
        4.8,
        -10,
        2,
        4.9,
        -10,
        2,
        5.767,
        -10,
        2,
        6.167,
        -10,
        2,
        7.7,
        -10,
        2,
        9.8,
        -10
      ]
    },
    {
      "Target": "Parameter",
      "Id": "ArmR_Front",
      "Segments": [
        0,
        0,
        2,
        0.533,
        0,
        0,
        0.567,
        1,
        2,
        1.433,
        1,
        2,
        1.567,
        1,
        2,
        1.8,
        1,
        2,
        3.067,
        1,
        2,
        4.1,
        1,
        2,
        4.233,
        1,
        2,
        4.8,
        1,
        2,
        4.9,
        1,
        2,
        5.767,
        1,
        2,
        6.167,
        1,
        2,
        7.7,
        1,
        2,
        9.8,
        1
      ]
    },
    {
      "Target": "Parameter",
      "Id": "HandR_Front",
      "Segments": [
        0,
        0,
        0,
        0.933,
        1,
        0,
        0.967,
        0,
        2,
        1.433,
        0,
        2,
        1.567,
        0,
        2,
        1.8,
        0,
        2,
        3.067,
        0,
        2,
        4.1,
        0,
        2,
        4.233,
        0,
        2,
        4.8,
        0,
        2,
        4.9,
        0,
        2,
        5.767,
        0,
        2,
        6.167,
        0,
        2,
        7.7,
        0,
        2,
        9.8,
        0
      ]
    },
    {
      "Target": "Parameter",
      "Id": "ShoulderR_Bias",
      "Segments": [
        0,
        0,
        2,
        0.533,
        0,
        0,
        0.767,
        1,
        2,
        1.433,
        1,
        2,
        1.567,
        1,
        2,
        1.8,
        1,
        2,
        3.067,
        1,
        2,
        4.1,
        1,
        2,
        4.233,
        1,
        2,
        4.8,
        1,
        2,
        4.9,
        1,
        2,
        5.767,
        1,
        2,
        6.167,
        1,
        2,
        7.7,
        1,
        2,
        9.8,
        1
      ]
    },
    {
      "Target": "Parameter",
      "Id": "HandR_Strech",
      "Segments": [
        0,
        0,
        0,
        1.433,
        2.3,
        2,
        1.567,
        2.3,
        2,
        1.8,
        2.3,
        2,
        3.067,
        2.3,
        2,
        4.1,
        2.3,
        2,
        4.233,
        2.3,
        2,
        4.8,
        2.3,
        2,
        4.9,
        2.3,
        2,
        5.767,
        2.3,
        2,
        6.167,
        2.3,
        2,
        7.7,
        2.3,
        2,
        9.8,
        2.3
      ]
    },
    {
      "Target": "Parameter",
      "Id": "HandR01",
      "Segments": [
        0,
        1,
        2,
        0.5,
        1,
        0,
        0.533,
        0.008,
        1,
        0.833,
        0.002,
        1.133,
        0,
        1.433,
        0,
        2,
        1.567,
        0,
        2,
        1.8,
        0,
        2,
        3.067,
        0,
        2,
        4.1,
        0,
        2,
        4.233,
        0,
        2,
        4.8,
        0,
        2,
        4.9,
        0,
        2,
        5.767,
        0,
        2,
        6.167,
        0,
        2,
        7.7,
        0,
        2,
        9.8,
        0
      ]
    },
    {
      "Target": "Parameter",
      "Id": "HandR02",
      "Segments": [
        0,
        0,
        2,
        0.5,
        0,
        0,
        0.533,
        1,
        2,
        1.433,
        1,
        2,
        1.567,
        1,
        2,
        1.8,
        1,
        2,
        3.067,
        1,
        2,
        4.1,
        1,
        2,
        4.233,
        1,
        2,
        4.8,
        1,
        2,
        4.9,
        1,
        2,
        5.767,
        1,
        2,
        6.167,
        1,
        2,
        7.7,
        1,
        2,
        9.8,
        1
      ]
    },
    {
      "Target": "Parameter",
      "Id": "HairTop_Shaking",
      "Segments": [
        0,
        0.005,
        2,
        0.033,
        0.005,
        0,
        0.267,
        -0.017,
        0,
        0.6,
        0.092,
        0,
        0.867,
        -0.124,
        0,
        1.2,
        0.199,
        0,
        1.567,
        -0.09,
        0,
        1.8,
        0.061,
        1,
        1.822,
        0.061,
        1.845,
        0.058,
        1.867,
        0.053,
        1,
        1.956,
        0.032,
        2.044,
        0.021,
        2.133,
        0.021,
        0,
        2.4,
        0.046,
        0,
        2.567,
        0.036,
        0,
        2.767,
        0.042,
        0,
        3,
        0.033,
        0,
        3.233,
        0.045,
        0,
        3.533,
        0.038,
        0,
        3.8,
        0.046,
        0,
        4.067,
        0.045,
        0,
        4.4,
        0.058,
        0,
        4.767,
        0.019,
        1,
        4.811,
        0.019,
        4.856,
        0.022,
        4.9,
        0.027,
        1,
        4.956,
        0.033,
        5.011,
        0.037,
        5.067,
        0.037,
        0,
        5.567,
        0.007,
        0,
        5.833,
        0.024,
        0,
        6.067,
        0.006,
        0,
        6.333,
        0.022,
        0,
        6.567,
        0.017,
        1,
        6.945,
        0.017,
        7.322,
        0.016,
        7.7,
        0.02,
        1,
        8.4,
        0.029,
        9.1,
        0.061,
        9.8,
        0.061
      ]
    },
    {
      "Target": "Parameter",
      "Id": "HairSide_Shaking",
      "Segments": [
        0,
        -0.011,
        0,
        0.2,
        0.014,
        0,
        0.533,
        -0.077,
        0,
        0.833,
        0.25,
        0,
        1.133,
        -0.28,
        0,
        1.5,
        0.308,
        0,
        1.8,
        -0.174,
        0,
        2.067,
        -0.094,
        0,
        2.333,
        -0.169,
        0,
        2.533,
        -0.133,
        0,
        2.7,
        -0.144,
        0,
        2.967,
        -0.125,
        0,
        3.1,
        -0.138,
        0,
        3.467,
        -0.111,
        0,
        3.767,
        -0.132,
        0,
        3.933,
        -0.13,
        0,
        4.3,
        -0.152,
        0,
        4.567,
        -0.124,
        1,
        4.678,
        -0.124,
        4.789,
        -0.152,
        4.9,
        -0.19,
        1,
        4.933,
        -0.202,
        4.967,
        -0.203,
        5,
        -0.203,
        0,
        5.5,
        -0.147,
        0,
        5.767,
        -0.169,
        0,
        6.033,
        -0.118,
        0,
        6.267,
        -0.152,
        0,
        6.533,
        -0.132,
        0,
        7.167,
        -0.156,
        0,
        7.7,
        -0.141,
        0,
        9.8,
        -0.174
      ]
    },
    {
      "Target": "Parameter",
      "Id": "HairUnder_Shaking",
      "Segments": [
        0,
        -0.011,
        0,
        0.2,
        0.014,
        0,
        0.533,
        -0.077,
        0,
        0.833,
        0.25,
        0,
        1.133,
        -0.28,
        0,
        1.5,
        0.308,
        0,
        1.8,
        -0.174,
        0,
        2.067,
        -0.121,
        0,
        2.333,
        -0.196,
        0,
        2.533,
        -0.16,
        0,
        2.7,
        -0.171,
        0,
        2.967,
        -0.151,
        0,
        3.1,
        -0.165,
        0,
        3.467,
        -0.138,
        0,
        3.767,
        -0.159,
        0,
        3.933,
        -0.157,
        0,
        4.3,
        -0.179,
        0,
        4.567,
        -0.151,
        1,
        4.678,
        -0.151,
        4.789,
        -0.178,
        4.9,
        -0.217,
        1,
        4.933,
        -0.229,
        4.967,
        -0.23,
        5,
        -0.23,
        0,
        5.5,
        -0.174,
        0,
        5.767,
        -0.196,
        0,
        6.033,
        -0.145,
        0,
        6.267,
        -0.179,
        1,
        6.356,
        -0.179,
        6.444,
        -0.176,
        6.533,
        -0.159,
        1,
        6.744,
        -0.117,
        6.956,
        -0.034,
        7.167,
        -0.014,
        1,
        7.345,
        0.002,
        7.522,
        0,
        7.7,
        0,
        0,
        9.8,
        -0.174
      ]
    },
    {
      "Target": "Parameter",
      "Id": "ALLX",
      "Segments": [
        0,
        0,
        2,
        0.5,
        0,
        0,
        1,
        3,
        2,
        1.8,
        3,
        2,
        4.9,
        3,
        2,
        7.7,
        3,
        2,
        9.8,
        3
      ]
    },
    {
      "Target": "Parameter",
      "Id": "ALLY",
      "Segments": [
        0,
        0,
        2,
        0.5,
        0,
        0,
        1,
        -1,
        2,
        1.8,
        -1,
        2,
        4.9,
        -1,
        2,
        7.7,
        -1,
        2,
        9.8,
        -1
      ]
    },
    {
      "Target": "Parameter",
      "Id": "BrowLY",
      "Segments": [
        0,
        0,
        0,
        9.8,
        0
      ]
    },
    {
      "Target": "Parameter",
      "Id": "BrowRY",
      "Segments": [
        0,
        0,
        0,
        9.8,
        0
      ]
    },
    {
      "Target": "Parameter",
      "Id": "BrowLX",
      "Segments": [
        0,
        0,
        0,
        9.8,
        0
      ]
    },
    {
      "Target": "Parameter",
      "Id": "BrowRX",
      "Segments": [
        0,
        0,
        0,
        9.8,
        0
      ]
    },
    {
      "Target": "Parameter",
      "Id": "BrowL_Angle",
      "Segments": [
        0,
        0,
        0,
        9.8,
        0
      ]
    },
    {
      "Target": "Parameter",
      "Id": "BrowR_Angle",
      "Segments": [
        0,
        0,
        0,
        9.8,
        0
      ]
    },
    {
      "Target": "Parameter",
      "Id": "BrowL_Form",
      "Segments": [
        0,
        0,
        0,
        9.8,
        0
      ]
    },
    {
      "Target": "Parameter",
      "Id": "BrowR_Form",
      "Segments": [
        0,
        0,
        0,
        9.8,
        0
      ]
    },
    {
      "Target": "Parameter",
      "Id": "EyeL_Open",
      "Segments": [
        0,
        1,
        0,
        9.8,
        1
      ]
    },
    {
      "Target": "Parameter",
      "Id": "EyeL_Smile",
      "Segments": [
        0,
        0,
        0,
        9.8,
        0
      ]
    },
    {
      "Target": "Parameter",
      "Id": "EyeR_Open",
      "Segments": [
        0,
        1,
        0,
        9.8,
        1
      ]
    },
    {
      "Target": "Parameter",
      "Id": "EyeR_Smile",
      "Segments": [
        0,
        0,
        0,
        9.8,
        0
      ]
    },
    {
      "Target": "Parameter",
      "Id": "EyeBall_Size",
      "Segments": [
        0,
        0,
        0,
        9.8,
        0
      ]
    },
    {
      "Target": "Parameter",
      "Id": "Mouth_Form",
      "Segments": [
        0,
        0,
        0,
        9.8,
        0
      ]
    },
    {
      "Target": "Parameter",
      "Id": "Mouth_Open",
      "Segments": [
        0,
        1,
        0,
        9.8,
        1
      ]
    },
    {
      "Target": "Parameter",
      "Id": "Mouth_Size",
      "Segments": [
        0,
        1,
        0,
        9.8,
        1
      ]
    },
    {
      "Target": "Parameter",
      "Id": "ALLZ",
      "Segments": [
        0,
        0,
        0,
        9.8,
        0
      ]
    }
  ],
  "UserData": []
}