{
  "Version": 3,
  "Meta": {
    "Duration": 8.0,
    "Fps": 30.0,
    "Loop": true,
    "AreBeziersRestricted": true,
    "CurveCount": 73,
    "TotalSegmentCount": 131,
    "TotalPointCount": 211,
    "UserDataCount": 0,
    "TotalUserDataSize": 0
  },
  "Curves": [
    {
      "Target": "Parameter",
      "Id": "HeadX",
      "Segments": [
        0,
        -15.037,
        2,
        0.533,
        -15.037,
        1,
        1.1,
        -15.037,
        1.666,
        -13.4,
        2.233,
        -9.771,
        1,
        2.7,
        -6.782,
        3.166,
        -5.095,
        3.633,
        -5.095,
        0,
        6.233,
        -15.037,
        2,
        8,
        -15.037
      ]
    },
    {
      "Target": "Parameter",
      "Id": "HeadY",
      "Segments": [
        0,
        -3.246,
        2,
        1.2,
        -3.246,
        0,
        3.067,
        6.594,
        0,
        6.6,
        -13,
        0,
        8,
        -3.246
      ]
    },
    {
      "Target": "Parameter",
      "Id": "EyeBallX",
      "Segments": [
        0,
        0.6,
        0,
        1.9,
        0.4,
        0,
        4.533,
        0.6,
        0,
        6.4,
        0.454,
        0,
        8,
        0.6
      ]
    },
    {
      "Target": "Parameter",
      "Id": "EyeBallY",
      "Segments": [
        0,
        0,
        0,
        1.9,
        -0.2,
        0,
        4.567,
        0,
        0,
        6.367,
        -0.1,
        0,
        8,
        0
      ]
    },
    {
      "Target": "Parameter",
      "Id": "NeckZ",
      "Segments": [
        0,
        -1,
        1,
        0.556,
        -1.416,
        1.111,
        -1.784,
        1.667,
        -1.784,
        1,
        2.178,
        -1.784,
        2.689,
        -1.682,
        3.2,
        -1.375,
        1,
        3.544,
        -1.169,
        3.889,
        -1.003,
        4.233,
        -0.616,
        1,
        4.722,
        -0.067,
        5.211,
        0.7,
        5.7,
        0.7,
        1,
        5.9,
        0.7,
        6.1,
        0.744,
        6.3,
        0.662,
        1,
        6.867,
        0.431,
        7.433,
        -1,
        8,
        -1
      ]
    },
    {
      "Target": "Parameter",
      "Id": "BodyX",
      "Segments": [
        0,
        -6.104,
        1,
        0.722,
        -6.464,
        1.445,
        -9.157,
        2.167,
        -9.157,
        0,
        4.667,
        -0.34,
        1,
        4.989,
        -0.34,
        5.311,
        -0.765,
        5.633,
        -1.876,
        1,
        6.422,
        -4.597,
        7.211,
        -6.104,
        8,
        -6.104
      ]
    },
    {
      "Target": "Parameter",
      "Id": "BodyY",
      "Segments": [
        0,
        0.488,
        1,
        0.656,
        0.917,
        1.311,
        2.67,
        1.967,
        2.67,
        1,
        2.445,
        2.67,
        2.922,
        1.874,
        3.4,
        1.156,
        1,
        3.789,
        0.571,
        4.178,
        0.507,
        4.567,
        0.507,
        1,
        4.867,
        0.507,
        5.167,
        0.536,
        5.467,
        0.835,
        1,
        5.789,
        1.156,
        6.111,
        1.572,
        6.433,
        1.572,
        1,
        6.955,
        1.572,
        7.478,
        0.972,
        8,
        0.488
      ]
    },
    {
      "Target": "Parameter",
      "Id": "BodyZ",
      "Segments": [
        0,
        0.658,
        1,
        0.167,
        0.579,
        0.333,
        0.61,
        0.5,
        0.552,
        1,
        0.789,
        0.451,
        1.078,
        0.311,
        1.367,
        0.311,
        1,
        2.134,
        0.311,
        2.9,
        0.707,
        3.667,
        1.172,
        1,
        4.156,
        1.468,
        4.644,
        1.515,
        5.133,
        1.515,
        1,
        5.644,
        1.515,
        6.156,
        1.47,
        6.667,
        1.196,
        1,
        7.111,
        0.957,
        7.556,
        0.658,
        8,
        0.658
      ]
    },
    {
      "Target": "Parameter",
      "Id": "BodyUpper",
      "Segments": [
        0,
        1.238,
        1,
        0.733,
        1.238,
        1.467,
        1.203,
        2.2,
        1.162,
        1,
        2.311,
        1.156,
        2.422,
        1.158,
        2.533,
        1.158,
        0,
        6.967,
        3.187,
        1,
        7.311,
        3.187,
        7.656,
        1.293,
        8,
        1.238
      ]
    },
    {
      "Target": "Parameter",
      "Id": "Breath",
      "Segments": [
        0,
        0,
        0,
        3.067,
        0.504,
        0,
        6.6,
        0,
        2,
        8,
        0
      ]
    },
    {
      "Target": "Parameter",
      "Id": "ShoulderL_Move",
      "Segments": [
        0,
        3.83,
        2,
        2.667,
        3.83,
        0,
        5.7,
        1.923,
        0,
        8,
        3.83
      ]
    },
    {
      "Target": "Parameter",
      "Id": "ShoulderR_Move",
      "Segments": [
        0,
        0.4,
        2,
        2.7,
        0.4,
        1,
        3.056,
        0.4,
        3.411,
        0.36,
        3.767,
        1.012,
        1,
        4.411,
        2.194,
        5.056,
        3.66,
        5.7,
        3.66,
        0,
        8,
        0.4
      ]
    },
    {
      "Target": "Parameter",
      "Id": "ShoulderL_Roll",
      "Segments": [
        0,
        4.568,
        0,
        1.6,
        6.811,
        0,
        2.933,
        5.578,
        2,
        4.4,
        5.578,
        0,
        6.567,
        4.568,
        2,
        8,
        4.568
      ]
    },
    {
      "Target": "Parameter",
      "Id": "ElbowL_Roll",
      "Segments": [
        0,
        -1.782,
        1,
        0.889,
        -1.782,
        1.778,
        -1.685,
        2.667,
        -1.387,
        1,
        3.245,
        -1.193,
        3.822,
        -1.022,
        4.4,
        -1.022,
        0,
        6.567,
        -2.103,
        1,
        7.045,
        -2.103,
        7.522,
        -2.069,
        8,
        -1.782
      ]
    },
    {
      "Target": "Parameter",
      "Id": "ShoulderR_Roll",
      "Segments": [
        0,
        -1.303,
        1,
        0.6,
        -1.579,
        1.2,
        -1.772,
        1.8,
        -1.772,
        1,
        2.767,
        -1.772,
        3.733,
        -1.588,
        4.7,
        -0.918,
        1,
        5.178,
        -0.587,
        5.655,
        -0.144,
        6.133,
        -0.144,
        1,
        6.755,
        -0.144,
        7.378,
        -0.675,
        8,
        -1.303
      ]
    },
    {
      "Target": "Parameter",
      "Id": "ElbowR_Roll",
      "Segments": [
        0,
        1.505,
        0,
        2.067,
        1.145,
        0,
        4,
        1.894,
        1,
        5.333,
        1.894,
        6.667,
        1.814,
        8,
        1.505
      ]
    },
    {
      "Target": "Parameter",
      "Id": "HandR_Roll",
      "Segments": [
        0,
        0.345,
        1,
        0.411,
        0.345,
        0.822,
        0.337,
        1.233,
        0.287,
        1,
        1.633,
        0.238,
        2.033,
        0.185,
        2.433,
        0.076,
        1,
        3.166,
        -0.124,
        3.9,
        -0.362,
        4.633,
        -0.78,
        1,
        5.278,
        -1.148,
        5.922,
        -1.955,
        6.567,
        -1.955,
        0,
        8,
        0.345
      ]
    },
    {
      "Target": "Model",
      "Id": "Opacity",
      "Segments": [
        0,
        1,
        0,
        8,
        1
      ]
    },
    {
      "Target": "Parameter",
      "Id": "HeadZ",
      "Segments": [
        0,
        -2.457,
        0,
        8,
        -2.457
      ]
    },
    {
      "Target": "Parameter",
      "Id": "BrowLY",
      "Segments": [
        0,
        -0.5,
        0,
        8,
        -0.5
      ]
    },
    {
      "Target": "Parameter",
      "Id": "BrowRY",
      "Segments": [
        0,
        -0.632,
        0,
        8,
        -0.632
      ]
    },
    {
      "Target": "Parameter",
      "Id": "BrowLX",
      "Segments": [
        0,
        0.2,
        0,
        8,
        0.2
      ]
    },
    {
      "Target": "Parameter",
      "Id": "BrowRX",
      "Segments": [
        0,
        0.122,
        0,
        8,
        0.122
      ]
    },
    {
      "Target": "Parameter",
      "Id": "BrowL_Angle",
      "Segments": [
        0,
        -0.3,
        0,
        8,
        -0.3
      ]
    },
    {
      "Target": "Parameter",
      "Id": "BrowR_Angle",
      "Segments": [
        0,
        -0.3,
        0,
        8,
        -0.3
      ]
    },
    {
      "Target": "Parameter",
      "Id": "BrowL_Form",
      "Segments": [
        0,
        -0.4,
        0,
        8,
        -0.4
      ]
    },
    {
      "Target": "Parameter",
      "Id": "BrowR_Form",
      "Segments": [
        0,
        -0.4,
        0,
        8,
        -0.4
      ]
    },
    {
      "Target": "Parameter",
      "Id": "EyeL_Open",
      "Segments": [
        0,
        0.9,
        0,
        8,
        0.9
      ]
    },
    {
      "Target": "Parameter",
      "Id": "EyeL_Smile",
      "Segments": [
        0,
        0.6,
        0,
        8,
        0.6
      ]
    },
    {
      "Target": "Parameter",
      "Id": "EyeR_Open",
      "Segments": [
        0,
        0.9,
        0,
        8,
        0.9
      ]
    },
    {
      "Target": "Parameter",
      "Id": "EyeR_Smile",
      "Segments": [
        0,
        0.6,
        0,
        8,
        0.6
      ]
    },
    {
      "Target": "Parameter",
      "Id": "EyeBall_Size",
      "Segments": [
        0,
        0,
        0,
        8,
        0
      ]
    },
    {
      "Target": "Parameter",
      "Id": "Mouth_Form",
      "Segments": [
        0,
        0,
        0,
        8,
        0
      ]
    },
    {
      "Target": "Parameter",
      "Id": "Mouth_Open",
      "Segments": [
        0,
        0.8,
        0,
        8,
        0.8
      ]
    },
    {
      "Target": "Parameter",
      "Id": "Mouth_Size",
      "Segments": [
        0,
        1,
        0,
        8,
        1
      ]
    },
    {
      "Target": "Parameter",
      "Id": "HandL_Roll",
      "Segments": [
        0,
        -1.298,
        0,
        8,
        -1.298
      ]
    },
    {
      "Target": "Parameter",
      "Id": "Arm01L_Strech",
      "Segments": [
        0,
        0.14,
        0,
        8,
        0.14
      ]
    },
    {
      "Target": "Parameter",
      "Id": "Arm02L_Strech",
      "Segments": [
        0,
        0,
        0,
        8,
        0
      ]
    },
    {
      "Target": "Parameter",
      "Id": "Arm02L_Bias",
      "Segments": [
        0,
        0,
        0,
        8,
        0
      ]
    },
    {
      "Target": "Parameter",
      "Id": "HandL_Strech",
      "Segments": [
        0,
        0,
        0,
        8,
        0
      ]
    },
    {
      "Target": "Parameter",
      "Id": "HandL01",
      "Segments": [
        0,
        1,
        0,
        8,
        1
      ]
    },
    {
      "Target": "Parameter",
      "Id": "HandL02",
      "Segments": [
        0,
        0,
        0,
        8,
        0
      ]
    },
    {
      "Target": "Parameter",
      "Id": "Arm01R_Strech",
      "Segments": [
        0,
        0,
        0,
        8,
        0
      ]
    },
    {
      "Target": "Parameter",
      "Id": "Arm02R_Strech",
      "Segments": [
        0,
        0,
        0,
        8,
        0
      ]
    },
    {
      "Target": "Parameter",
      "Id": "Arm02R_Bias",
      "Segments": [
        0,
        0,
        0,
        8,
        0
      ]
    },
    {
      "Target": "Parameter",
      "Id": "ArmR_Front",
      "Segments": [
        0,
        0,
        0,
        8,
        0
      ]
    },
    {
      "Target": "Parameter",
      "Id": "HandR_Front",
      "Segments": [
        0,
        1,
        0,
        8,
        1
      ]
    },
    {
      "Target": "Parameter",
      "Id": "ShoulderR_Bias",
      "Segments": [
        0,
        0,
        0,
        8,
        0
      ]
    },
    {
      "Target": "Parameter",
      "Id": "HandR_Strech",
      "Segments": [
        0,
        0,
        0,
        8,
        0
      ]
    },
    {
      "Target": "Parameter",
      "Id": "HandR01",
      "Segments": [
        0,
        1,
        0,
        8,
        1
      ]
    },
    {
      "Target": "Parameter",
      "Id": "HandR02",
      "Segments": [
        0,
        0,
        0,
        8,
        0
      ]
    },
    {
      "Target": "Parameter",
      "Id": "HairTop_Shaking",
      "Segments": [
        0,
        -0.015,
        0,
        8,
        -0.015
      ]
    },
    {
      "Target": "Parameter",
      "Id": "HairSide_Shaking",
      "Segments": [
        0,
        0.039,
        0,
        8,
        0.039
      ]
    },
    {
      "Target": "Parameter",
      "Id": "HairUnder_Shaking",
      "Segments": [
        0,
        0.039,
        0,
        8,
        0.039
      ]
    },
    {
      "Target": "Parameter",
      "Id": "ALLX",
      "Segments": [
        0,
        -2,
        0,
        8,
        -2
      ]
    },
    {
      "Target": "Parameter",
      "Id": "ALLY",
      "Segments": [
        0,
        1,
        0,
        8,
        1
      ]
    },
    {
      "Target": "Parameter",
      "Id": "ALLZ",
      "Segments": [
        0,
        0,
        0,
        8,
        0
      ]
    },
    {
      "Target": "PartOpacity",
      "Id": "Part12",
      "Segments": [
        0,
        1,
        0,
        8,
        1
      ]
    },
    {
      "Target": "PartOpacity",
      "Id": "Part2",
      "Segments": [
        0,
        1,
        0,
        8,
        1
      ]
    },
    {
      "Target": "PartOpacity",
      "Id": "Part3",
      "Segments": [
        0,
        1,
        0,
        8,
        1
      ]
    },
    {
      "Target": "PartOpacity",
      "Id": "Part4",
      "Segments": [
        0,
        1,
        0,
        8,
        1
      ]
    },
    {
      "Target": "PartOpacity",
      "Id": "Part5",
      "Segments": [
        0,
        1,
        0,
        8,
        1
      ]
    },
    {
      "Target": "PartOpacity",
      "Id": "Part6",
      "Segments": [
        0,
        1,
        0,
        8,
        1
      ]
    },
    {
      "Target": "PartOpacity",
      "Id": "Part7",
      "Segments": [
        0,
        1,
        0,
        8,
        1
      ]
    },
    {
      "Target": "PartOpacity",
      "Id": "Part8",
      "Segments": [
        0,
        1,
        0,
        8,
        1
      ]
    },
    {
      "Target": "PartOpacity",
      "Id": "Part9",
      "Segments": [
        0,
        1,
        0,
        8,
        1
      ]
    },
    {
      "Target": "PartOpacity",
      "Id": "Part10",
      "Segments": [
        0,
        1,
        0,
        8,
        1
      ]
    },
    {
      "Target": "PartOpacity",
      "Id": "Part15",
      "Segments": [
        0,
        1,
        0,
        8,
        1
      ]
    },
    {
      "Target": "PartOpacity",
      "Id": "Part14",
      "Segments": [
        0,
        1,
        0,
        8,
        1
      ]
    },
    {
      "Target": "PartOpacity",
      "Id": "Part",
      "Segments": [
        0,
        1,
        0,
        8,
        1
      ]
    },
    {
      "Target": "PartOpacity",
      "Id": "Part16",
      "Segments": [
        0,
        1,
        0,
        8,
        1
      ]
    },
    {
      "Target": "PartOpacity",
      "Id": "Part11",
      "Segments": [
        0,
        1,
        0,
        8,
        1
      ]
    },
    {
      "Target": "PartOpacity",
      "Id": "Part13",
      "Segments": [
        0,
        1,
        0,
        8,
        1
      ]
    }
  ],
  "UserData": []
}