{
  "Version": 3,
  "Meta": {
    "Duration": 1.0,
    "Fps": 30.0,
    "Loop": true,
    "AreBeziersRestricted": true,
    "CurveCount": 47,
    "TotalSegmentCount": 68,
    "TotalPointCount": 80,
    "UserDataCount": 0,
    "TotalUserDataSize": 0
  },
  "Curves": [
    {
      "Target": "Parameter",
      "Id": "Param3",
      "Segments": [
        0,
        0,
        0,
        0.267,
        1,
        0,
        1,
        0
      ]
    },
    {
      "Target": "Parameter",
      "Id": "Param8",
      "Segments": [
        0,
        0,
        0,
        0.267,
        -21,
        0,
        1,
        0
      ]
    },
    {
      "Target": "Parameter",
      "Id": "Param22",
      "Segments": [
        0,
        0,
        0,
        0.367,
        -6.278,
        0,
        1,
        0
      ]
    },
    {
      "Target": "Parameter",
      "Id": "Param23",
      "Segments": [
        0,
        0,
        0,
        1,
        4.9
      ]
    },
    {
      "Target": "Parameter",
      "Id": "Param15",
      "Segments": [
        0,
        0,
        0,
        1,
        5
      ]
    },
    {
      "Target": "Parameter",
      "Id": "Param13",
      "Segments": [
        0,
        0,
        0,
        1,
        -2
      ]
    },
    {
      "Target": "Parameter",
      "Id": "Param",
      "Segments": [
        0,
        0,
        2,
        0.1,
        0,
        1,
        0.211,
        0,
        0.322,
        -22.261,
        0.433,
        -25,
        1,
        0.622,
        -29.656,
        0.811,
        -30,
        1,
        -30
      ]
    },
    {
      "Target": "Parameter",
      "Id": "Param24",
      "Segments": [
        0,
        0,
        0,
        1,
        -16
      ]
    },
    {
      "Target": "Parameter",
      "Id": "Mouth_Open",
      "Segments": [
        0,
        1,
        0,
        0.233,
        0.5,
        2,
        1,
        0.5
      ]
    },
    {
      "Target": "Parameter",
      "Id": "Mouth_Size",
      "Segments": [
        0,
        0.5,
        0,
        0.233,
        0,
        2,
        1,
        0
      ]
    },
    {
      "Target": "Parameter",
      "Id": "ParamBrowRY",
      "Segments": [
        0,
        0,
        1,
        0.078,
        0,
        0.155,
        -0.449,
        0.233,
        -0.5,
        1,
        0.489,
        -0.668,
        0.744,
        -0.7,
        1,
        -0.7
      ]
    },
    {
      "Target": "Parameter",
      "Id": "ParamBrowLY",
      "Segments": [
        0,
        0,
        1,
        0.078,
        0,
        0.155,
        -0.449,
        0.233,
        -0.5,
        1,
        0.489,
        -0.668,
        0.744,
        -0.7,
        1,
        -0.7
      ]
    },
    {
      "Target": "Parameter",
      "Id": "Param10",
      "Segments": [
        0,
        0,
        0,
        0.233,
        23,
        2,
        1,
        23
      ]
    },
    {
      "Target": "Parameter",
      "Id": "ParamBrowLForm",
      "Segments": [
        0,
        0,
        0,
        0.233,
        -0.9,
        2,
        1,
        -0.9
      ]
    },
    {
      "Target": "Parameter",
      "Id": "ParamBrowRForm",
      "Segments": [
        0,
        0,
        0,
        0.233,
        -0.7,
        2,
        1,
        -0.7
      ]
    },
    {
      "Target": "Parameter",
      "Id": "Param12",
      "Segments": [
        0,
        0,
        0,
        0.233,
        1,
        2,
        1,
        1
      ]
    },
    {
      "Target": "Parameter",
      "Id": "ParamMouthForm",
      "Segments": [
        0,
        0,
        0,
        0.233,
        1,
        2,
        1,
        1
      ]
    },
    {
      "Target": "Parameter",
      "Id": "ParamBrowLAngle",
      "Segments": [
        0,
        0,
        0,
        0.233,
        1,
        2,
        1,
        1
      ]
    },
    {
      "Target": "Parameter",
      "Id": "ParamBrowRAngle",
      "Segments": [
        0,
        0,
        0,
        0.233,
        1,
        2,
        1,
        1
      ]
    },
    {
      "Target": "Parameter",
      "Id": "EyeL_Open",
      "Segments": [
        0,
        1,
        0,
        0.233,
        0,
        2,
        1,
        0
      ]
    },
    {
      "Target": "Parameter",
      "Id": "ParamEyeRSmile",
      "Segments": [
        0,
        0,
        0,
        0.233,
        -0.9,
        2,
        1,
        -0.9
      ]
    },
    {
      "Target": "Parameter",
      "Id": "ParamEyeLSmile",
      "Segments": [
        0,
        0,
        0,
        0.233,
        -0.9,
        2,
        1,
        -0.9
      ]
    },
    {
      "Target": "Parameter",
      "Id": "EyeR_Open",
      "Segments": [
        0,
        1,
        0,
        0.233,
        0,
        2,
        1,
        0
      ]
    },
    {
      "Target": "Parameter",
      "Id": "Param20",
      "Segments": [
        0,
        0,
        0,
        1,
        0
      ]
    },
    {
      "Target": "Parameter",
      "Id": "Param9",
      "Segments": [
        0,
        0,
        0,
        1,
        0
      ]
    },
    {
      "Target": "Parameter",
      "Id": "Param7",
      "Segments": [
        0,
        0,
        0,
        1,
        0
      ]
    },
    {
      "Target": "Parameter",
      "Id": "Param21",
      "Segments": [
        0,
        0,
        0,
        1,
        0
      ]
    },
    {
      "Target": "Parameter",
      "Id": "Param18",
      "Segments": [
        0,
        0,
        0,
        1,
        0
      ]
    },
    {
      "Target": "Parameter",
      "Id": "Param14",
      "Segments": [
        0,
        0,
        0,
        1,
        0
      ]
    },
    {
      "Target": "Parameter",
      "Id": "Param2",
      "Segments": [
        0,
        -30,
        0,
        1,
        -30
      ]
    },
    {
      "Target": "Parameter",
      "Id": "Param5",
      "Segments": [
        0,
        0,
        0,
        1,
        0
      ]
    },
    {
      "Target": "Parameter",
      "Id": "Param25",
      "Segments": [
        0,
        0,
        0,
        1,
        0
      ]
    },
    {
      "Target": "Parameter",
      "Id": "ParamBrowRX",
      "Segments": [
        0,
        0,
        0,
        1,
        0
      ]
    },
    {
      "Target": "Parameter",
      "Id": "ParamBrowLX",
      "Segments": [
        0,
        0,
        0,
        1,
        0
      ]
    },
    {
      "Target": "Parameter",
      "Id": "Param16",
      "Segments": [
        0,
        0,
        0,
        1,
        0
      ]
    },
    {
      "Target": "Parameter",
      "Id": "Param11",
      "Segments": [
        0,
        0,
        0,
        1,
        0
      ]
    },
    {
      "Target": "Parameter",
      "Id": "ParamEyeBallX",
      "Segments": [
        0,
        0,
        0,
        1,
        0
      ]
    },
    {
      "Target": "Parameter",
      "Id": "ParamEyeBallY",
      "Segments": [
        0,
        0,
        0,
        1,
        0
      ]
    },
    {
      "Target": "Parameter",
      "Id": "Param17",
      "Segments": [
        0,
        0,
        0,
        1,
        0
      ]
    },
    {
      "Target": "PartOpacity",
      "Id": "Part8",
      "Segments": [
        0,
        1,
        0,
        1,
        1
      ]
    },
    {
      "Target": "PartOpacity",
      "Id": "Part13",
      "Segments": [
        0,
        1,
        0,
        1,
        1
      ]
    },
    {
      "Target": "PartOpacity",
      "Id": "Part14",
      "Segments": [
        0,
        1,
        0,
        1,
        1
      ]
    },
    {
      "Target": "PartOpacity",
      "Id": "Part11",
      "Segments": [
        0,
        1,
        0,
        1,
        1
      ]
    },
    {
      "Target": "PartOpacity",
      "Id": "Part12",
      "Segments": [
        0,
        1,
        0,
        1,
        1
      ]
    },
    {
      "Target": "PartOpacity",
      "Id": "Part9",
      "Segments": [
        0,
        1,
        0,
        1,
        1
      ]
    },
    {
      "Target": "PartOpacity",
      "Id": "Part",
      "Segments": [
        0,
        1,
        0,
        1,
        1
      ]
    },
    {
      "Target": "PartOpacity",
      "Id": "Part10",
      "Segments": [
        0,
        1,
        0,
        1,
        1
      ]
    }
  ],
  "UserData": []
}