{
  "Version": 3,
  "Meta": {
    "Duration": 9.0,
    "Fps": 30.0,
    "Loop": true,
    "AreBeziersRestricted": true,
    "CurveCount": 46,
    "TotalSegmentCount": 114,
    "TotalPointCount": 182,
    "UserDataCount": 0,
    "TotalUserDataSize": 0
  },
  "Curves": [
    {
      "Target": "Parameter",
      "Id": "Param3",
      "Segments": [
        0,
        0,
        0,
        0.267,
        1,
        1,
        0.511,
        1,
        0.756,
        1.533,
        1,
        0,
        1,
        1.489,
        -3.066,
        1.978,
        -14,
        2.467,
        -14,
        0,
        4,
        27,
        2,
        5.667,
        27,
        0,
        7.3,
        29,
        0,
        9,
        0
      ]
    },
    {
      "Target": "Parameter",
      "Id": "Param8",
      "Segments": [
        0,
        0,
        0,
        0.267,
        -21,
        0,
        1,
        0,
        0,
        2.467,
        -11,
        0,
        4,
        2,
        0,
        5.667,
        -29,
        1,
        6.211,
        -29,
        6.756,
        -25.402,
        7.3,
        -16,
        1,
        7.867,
        -6.214,
        8.433,
        0,
        9,
        0
      ]
    },
    {
      "Target": "Parameter",
      "Id": "Param22",
      "Segments": [
        0,
        0,
        0,
        0.367,
        -6.278,
        1,
        0.578,
        -6.278,
        0.789,
        -5.612,
        1,
        0,
        1,
        1.178,
        4.726,
        1.355,
        12.941,
        1.533,
        12.941,
        0,
        2.933,
        2.838,
        0,
        5.2,
        12.941,
        0,
        6.3,
        -9.274,
        1,
        6.489,
        -9.274,
        6.678,
        -9.867,
        6.867,
        -6.278,
        1,
        7.245,
        0.901,
        7.622,
        12.941,
        8,
        12.941,
        0,
        9,
        0
      ]
    },
    {
      "Target": "Parameter",
      "Id": "Param23",
      "Segments": [
        0,
        0,
        1,
        0.333,
        0,
        0.667,
        1.209,
        1,
        4.9,
        1,
        1.5,
        10.437,
        2,
        14,
        2.5,
        14,
        2,
        9,
        14
      ]
    },
    {
      "Target": "Parameter",
      "Id": "Param7",
      "Segments": [
        0,
        0,
        2,
        1,
        0,
        0,
        4.933,
        6.796,
        0,
        7.067,
        -5,
        0,
        9,
        0
      ]
    },
    {
      "Target": "Parameter",
      "Id": "Param15",
      "Segments": [
        0,
        0,
        0,
        1,
        5,
        1,
        1.344,
        5,
        1.689,
        2.056,
        2.033,
        -2,
        1,
        2.355,
        -5.794,
        2.678,
        -7,
        3,
        -7,
        0,
        3.933,
        3,
        0,
        5.567,
        -9,
        1,
        6.034,
        -9,
        6.5,
        -8.542,
        6.967,
        -5,
        1,
        7.645,
        0.144,
        8.322,
        5,
        9,
        5
      ]
    },
    {
      "Target": "Parameter",
      "Id": "Param13",
      "Segments": [
        0,
        0,
        1,
        0.333,
        0,
        0.667,
        0.007,
        1,
        -2,
        1,
        1.522,
        -5.145,
        2.045,
        -9,
        2.567,
        -9,
        0,
        4.167,
        4,
        0,
        6.167,
        -6,
        0,
        7.733,
        1,
        0,
        9,
        -2
      ]
    },
    {
      "Target": "Parameter",
      "Id": "Param21",
      "Segments": [
        0,
        0,
        2,
        1,
        0,
        1,
        1.5,
        0,
        2,
        1.804,
        2.5,
        4,
        1,
        3.644,
        9.026,
        4.789,
        11,
        5.933,
        11,
        1,
        6.378,
        11,
        6.822,
        9.183,
        7.267,
        6,
        1,
        7.845,
        1.862,
        8.422,
        0,
        9,
        0
      ]
    },
    {
      "Target": "Parameter",
      "Id": "Param18",
      "Segments": [
        0,
        0,
        2,
        1,
        0,
        2,
        4.1,
        0,
        0,
        5.433,
        -4.314,
        1,
        6.155,
        -4.314,
        6.878,
        -4.298,
        7.6,
        -3.38,
        1,
        8.067,
        -2.787,
        8.533,
        0,
        9,
        0
      ]
    },
    {
      "Target": "Parameter",
      "Id": "Param14",
      "Segments": [
        0,
        0,
        2,
        1,
        0,
        0,
        2.933,
        -9,
        1,
        3.3,
        -9,
        3.666,
        -6.395,
        4.033,
        -5,
        1,
        4.511,
        -3.182,
        4.989,
        -1.351,
        5.467,
        -1,
        1,
        6.645,
        -0.134,
        7.822,
        0,
        9,
        0
      ]
    },
    {
      "Target": "Parameter",
      "Id": "Param2",
      "Segments": [
        0,
        -30,
        2,
        0.233,
        -30,
        2,
        1,
        -30,
        0,
        2.5,
        1,
        0,
        4,
        -30,
        2,
        4.367,
        -30,
        0,
        6.967,
        0,
        0,
        9,
        -30
      ]
    },
    {
      "Target": "Parameter",
      "Id": "Param",
      "Segments": [
        0,
        0,
        2,
        0.1,
        0,
        1,
        0.211,
        0,
        0.322,
        -22.261,
        0.433,
        -25,
        1,
        0.622,
        -29.656,
        0.811,
        -30,
        1,
        -30,
        2,
        9,
        -30
      ]
    },
    {
      "Target": "Parameter",
      "Id": "Param24",
      "Segments": [
        0,
        0,
        1,
        0.333,
        0,
        0.667,
        -11.627,
        1,
        -16,
        1,
        1.489,
        -22.413,
        1.978,
        -23,
        2.467,
        -23,
        0,
        4.167,
        -11,
        1,
        4.667,
        -11,
        5.167,
        -12.896,
        5.667,
        -14,
        1,
        6.445,
        -15.717,
        7.222,
        -16,
        8,
        -16,
        2,
        9,
        -16
      ]
    },
    {
      "Target": "Parameter",
      "Id": "Param25",
      "Segments": [
        0,
        0,
        2,
        1,
        0,
        0,
        2.467,
        -13,
        1,
        3.034,
        -13,
        3.6,
        -12.028,
        4.167,
        -8,
        1,
        4.667,
        -4.446,
        5.167,
        4.743,
        5.667,
        6,
        1,
        6.445,
        7.955,
        7.222,
        8,
        8,
        8,
        0,
        9,
        0
      ]
    },
    {
      "Target": "Parameter",
      "Id": "Param20",
      "Segments": [
        0,
        0,
        0,
        9,
        0
      ]
    },
    {
      "Target": "Parameter",
      "Id": "Param9",
      "Segments": [
        0,
        0,
        0,
        9,
        0
      ]
    },
    {
      "Target": "Parameter",
      "Id": "Param5",
      "Segments": [
        0,
        0,
        0,
        9,
        0
      ]
    },
    {
      "Target": "Parameter",
      "Id": "Mouth_Open",
      "Segments": [
        0,
        1,
        0,
        9,
        1
      ]
    },
    {
      "Target": "Parameter",
      "Id": "Mouth_Size",
      "Segments": [
        0,
        0.5,
        0,
        9,
        0.5
      ]
    },
    {
      "Target": "Parameter",
      "Id": "ParamBrowRY",
      "Segments": [
        0,
        0,
        0,
        9,
        0
      ]
    },
    {
      "Target": "Parameter",
      "Id": "ParamBrowRX",
      "Segments": [
        0,
        0,
        0,
        9,
        0
      ]
    },
    {
      "Target": "Parameter",
      "Id": "ParamBrowLX",
      "Segments": [
        0,
        0,
        0,
        9,
        0
      ]
    },
    {
      "Target": "Parameter",
      "Id": "ParamBrowLY",
      "Segments": [
        0,
        0,
        0,
        9,
        0
      ]
    },
    {
      "Target": "Parameter",
      "Id": "Param16",
      "Segments": [
        0,
        0,
        0,
        9,
        0
      ]
    },
    {
      "Target": "Parameter",
      "Id": "ParamBrowLForm",
      "Segments": [
        0,
        0,
        0,
        9,
        0
      ]
    },
    {
      "Target": "Parameter",
      "Id": "ParamBrowRForm",
      "Segments": [
        0,
        0,
        0,
        9,
        0
      ]
    },
    {
      "Target": "Parameter",
      "Id": "Param12",
      "Segments": [
        0,
        0,
        0,
        9,
        0
      ]
    },
    {
      "Target": "Parameter",
      "Id": "ParamMouthForm",
      "Segments": [
        0,
        0,
        0,
        9,
        0
      ]
    },
    {
      "Target": "Parameter",
      "Id": "Param11",
      "Segments": [
        0,
        0,
        0,
        9,
        0
      ]
    },
    {
      "Target": "Parameter",
      "Id": "ParamBrowLAngle",
      "Segments": [
        0,
        0,
        0,
        9,
        0
      ]
    },
    {
      "Target": "Parameter",
      "Id": "ParamBrowRAngle",
      "Segments": [
        0,
        0,
        0,
        9,
        0
      ]
    },
    {
      "Target": "Parameter",
      "Id": "ParamEyeBallX",
      "Segments": [
        0,
        0,
        0,
        9,
        0
      ]
    },
    {
      "Target": "Parameter",
      "Id": "ParamEyeBallY",
      "Segments": [
        0,
        0,
        0,
        9,
        0
      ]
    },
    {
      "Target": "Parameter",
      "Id": "Param17",
      "Segments": [
        0,
        0,
        0,
        9,
        0
      ]
    },
    {
      "Target": "Parameter",
      "Id": "EyeL_Open",
      "Segments": [
        0,
        1,
        0,
        9,
        1
      ]
    },
    {
      "Target": "Parameter",
      "Id": "ParamEyeRSmile",
      "Segments": [
        0,
        0,
        0,
        9,
        0
      ]
    },
    {
      "Target": "Parameter",
      "Id": "ParamEyeLSmile",
      "Segments": [
        0,
        0,
        0,
        9,
        0
      ]
    },
    {
      "Target": "Parameter",
      "Id": "EyeR_Open",
      "Segments": [
        0,
        1,
        0,
        9,
        1
      ]
    },
    {
      "Target": "PartOpacity",
      "Id": "Part8",
      "Segments": [
        0,
        1,
        0,
        9,
        1
      ]
    },
    {
      "Target": "PartOpacity",
      "Id": "Part13",
      "Segments": [
        0,
        1,
        0,
        9,
        1
      ]
    },
    {
      "Target": "PartOpacity",
      "Id": "Part14",
      "Segments": [
        0,
        1,
        0,
        9,
        1
      ]
    },
    {
      "Target": "PartOpacity",
      "Id": "Part11",
      "Segments": [
        0,
        1,
        0,
        9,
        1
      ]
    },
    {
      "Target": "PartOpacity",
      "Id": "Part12",
      "Segments": [
        0,
        1,
        0,
        9,
        1
      ]
    },
    {
      "Target": "PartOpacity",
      "Id": "Part9",
      "Segments": [
        0,
        1,
        0,
        9,
        1
      ]
    },
    {
      "Target": "PartOpacity",
      "Id": "Part",
      "Segments": [
        0,
        1,
        0,
        9,
        1
      ]
    },
    {
      "Target": "PartOpacity",
      "Id": "Part10",
      "Segments": [
        0,
        1,
        0,
        9,
        1
      ]
    }
  ],
  "UserData": []
}