{
  "Version": 3,
  "Meta": {
    "Duration": 1.0,
    "Fps": 30.0,
    "Loop": true,
    "AreBeziersRestricted": true,
    "CurveCount": 46,
    "TotalSegmentCount": 77,
    "TotalPointCount": 121,
    "UserDataCount": 0,
    "TotalUserDataSize": 0
  },
  "Curves": [
    {
      "Target": "Parameter",
      "Id": "Param20",
      "Segments": [
        0,
        0,
        0,
        1,
        24
      ]
    },
    {
      "Target": "Parameter",
      "Id": "Param3",
      "Segments": [
        0,
        0,
        0,
        1,
        30
      ]
    },
    {
      "Target": "Parameter",
      "Id": "Param22",
      "Segments": [
        0,
        0,
        0,
        0.467,
        -11.397,
        0,
        1,
        0
      ]
    },
    {
      "Target": "Parameter",
      "Id": "Param7",
      "Segments": [
        0,
        0,
        0,
        0.567,
        2,
        0,
        1,
        0
      ]
    },
    {
      "Target": "Parameter",
      "Id": "Param13",
      "Segments": [
        0,
        0,
        0,
        1,
        -20
      ]
    },
    {
      "Target": "Parameter",
      "Id": "Param2",
      "Segments": [
        0,
        -30,
        0,
        0.267,
        10,
        1,
        0.345,
        10,
        0.422,
        5.483,
        0.5,
        -3,
        1,
        0.667,
        -21.177,
        0.833,
        -30,
        1,
        -30
      ]
    },
    {
      "Target": "Parameter",
      "Id": "Param",
      "Segments": [
        0,
        0,
        1,
        0.033,
        3.469,
        0.067,
        6.939,
        0.1,
        10.408,
        1,
        0.4,
        26.122,
        0.7,
        30,
        1,
        30
      ]
    },
    {
      "Target": "Parameter",
      "Id": "Mouth_Open",
      "Segments": [
        0,
        1,
        0,
        0.1,
        0,
        1,
        0.167,
        0,
        0.233,
        0.885,
        0.3,
        0.907,
        1,
        0.533,
        0.986,
        0.767,
        1,
        1,
        1
      ]
    },
    {
      "Target": "Parameter",
      "Id": "Mouth_Size",
      "Segments": [
        0,
        0.5,
        0,
        1,
        0
      ]
    },
    {
      "Target": "Parameter",
      "Id": "ParamBrowRY",
      "Segments": [
        0,
        0,
        0,
        0.033,
        0.114,
        1,
        0.1,
        0.114,
        0.166,
        0.065,
        0.233,
        0.051,
        1,
        0.433,
        0.009,
        0.633,
        0,
        0.833,
        0,
        2,
        1,
        0
      ]
    },
    {
      "Target": "Parameter",
      "Id": "ParamBrowLY",
      "Segments": [
        0,
        0,
        0,
        0.033,
        0.054,
        1,
        0.1,
        0.054,
        0.166,
        0.04,
        0.233,
        0.032,
        1,
        0.433,
        0.007,
        0.633,
        0,
        0.833,
        0,
        2,
        1,
        0
      ]
    },
    {
      "Target": "Parameter",
      "Id": "ParamBrowLForm",
      "Segments": [
        0,
        0,
        1,
        0.078,
        0,
        0.155,
        -0.849,
        0.233,
        -0.888,
        1,
        0.433,
        -0.99,
        0.633,
        -1,
        0.833,
        -1,
        2,
        1,
        -1
      ]
    },
    {
      "Target": "Parameter",
      "Id": "ParamBrowRForm",
      "Segments": [
        0,
        0,
        1,
        0.078,
        0,
        0.155,
        -0.86,
        0.233,
        -0.896,
        1,
        0.433,
        -0.991,
        0.633,
        -1,
        0.833,
        -1,
        2,
        1,
        -1
      ]
    },
    {
      "Target": "Parameter",
      "Id": "ParamMouthForm",
      "Segments": [
        0,
        0,
        0,
        0.167,
        -1,
        2,
        0.233,
        -1,
        2,
        0.833,
        -1,
        2,
        1,
        -1
      ]
    },
    {
      "Target": "Parameter",
      "Id": "ParamBrowLAngle",
      "Segments": [
        0,
        0,
        1,
        0.078,
        0,
        0.155,
        -0.171,
        0.233,
        -0.179,
        1,
        0.433,
        -0.198,
        0.633,
        -0.2,
        0.833,
        -0.2,
        2,
        1,
        -0.2
      ]
    },
    {
      "Target": "Parameter",
      "Id": "ParamBrowRAngle",
      "Segments": [
        0,
        0,
        1,
        0.078,
        0,
        0.155,
        -0.175,
        0.233,
        -0.182,
        1,
        0.433,
        -0.198,
        0.633,
        -0.2,
        0.833,
        -0.2,
        2,
        1,
        -0.2
      ]
    },
    {
      "Target": "Parameter",
      "Id": "ParamEyeRSmile",
      "Segments": [
        0,
        0,
        0,
        0.033,
        0.2,
        1,
        0.1,
        0.2,
        0.166,
        -0.525,
        0.233,
        -0.564,
        1,
        0.433,
        -0.683,
        0.633,
        -0.7,
        0.833,
        -0.7,
        2,
        1,
        -0.7
      ]
    },
    {
      "Target": "Parameter",
      "Id": "ParamEyeLSmile",
      "Segments": [
        0,
        0,
        0,
        0.033,
        0.2,
        1,
        0.1,
        0.2,
        0.166,
        -0.378,
        0.233,
        -0.405,
        1,
        0.433,
        -0.488,
        0.633,
        -0.5,
        0.833,
        -0.5,
        2,
        1,
        -0.5
      ]
    },
    {
      "Target": "Parameter",
      "Id": "Param8",
      "Segments": [
        0,
        0,
        0,
        1,
        0
      ]
    },
    {
      "Target": "Parameter",
      "Id": "Param9",
      "Segments": [
        0,
        0,
        0,
        1,
        0
      ]
    },
    {
      "Target": "Parameter",
      "Id": "Param23",
      "Segments": [
        0,
        0,
        0,
        1,
        0
      ]
    },
    {
      "Target": "Parameter",
      "Id": "Param15",
      "Segments": [
        0,
        0,
        0,
        1,
        0
      ]
    },
    {
      "Target": "Parameter",
      "Id": "Param21",
      "Segments": [
        0,
        0,
        0,
        1,
        0
      ]
    },
    {
      "Target": "Parameter",
      "Id": "Param18",
      "Segments": [
        0,
        0,
        0,
        1,
        0
      ]
    },
    {
      "Target": "Parameter",
      "Id": "Param14",
      "Segments": [
        0,
        0,
        0,
        1,
        0
      ]
    },
    {
      "Target": "Parameter",
      "Id": "Param5",
      "Segments": [
        0,
        0,
        0,
        1,
        0
      ]
    },
    {
      "Target": "Parameter",
      "Id": "Param24",
      "Segments": [
        0,
        0,
        0,
        1,
        0
      ]
    },
    {
      "Target": "Parameter",
      "Id": "Param25",
      "Segments": [
        0,
        0,
        0,
        1,
        0
      ]
    },
    {
      "Target": "Parameter",
      "Id": "ParamBrowRX",
      "Segments": [
        0,
        0,
        0,
        1,
        0
      ]
    },
    {
      "Target": "Parameter",
      "Id": "ParamBrowLX",
      "Segments": [
        0,
        0,
        0,
        1,
        0
      ]
    },
    {
      "Target": "Parameter",
      "Id": "Param16",
      "Segments": [
        0,
        0,
        0,
        1,
        0
      ]
    },
    {
      "Target": "Parameter",
      "Id": "Param12",
      "Segments": [
        0,
        0,
        0,
        1,
        0
      ]
    },
    {
      "Target": "Parameter",
      "Id": "Param11",
      "Segments": [
        0,
        0,
        0,
        1,
        0
      ]
    },
    {
      "Target": "Parameter",
      "Id": "ParamEyeBallX",
      "Segments": [
        0,
        0,
        0,
        1,
        0
      ]
    },
    {
      "Target": "Parameter",
      "Id": "ParamEyeBallY",
      "Segments": [
        0,
        0,
        0,
        1,
        0
      ]
    },
    {
      "Target": "Parameter",
      "Id": "Param17",
      "Segments": [
        0,
        0,
        0,
        1,
        0
      ]
    },
    {
      "Target": "Parameter",
      "Id": "EyeL_Open",
      "Segments": [
        0,
        1,
        0,
        1,
        1
      ]
    },
    {
      "Target": "Parameter",
      "Id": "EyeR_Open",
      "Segments": [
        0,
        1,
        0,
        1,
        1
      ]
    },
    {
      "Target": "PartOpacity",
      "Id": "Part8",
      "Segments": [
        0,
        1,
        0,
        1,
        1
      ]
    },
    {
      "Target": "PartOpacity",
      "Id": "Part13",
      "Segments": [
        0,
        1,
        0,
        1,
        1
      ]
    },
    {
      "Target": "PartOpacity",
      "Id": "Part14",
      "Segments": [
        0,
        1,
        0,
        1,
        1
      ]
    },
    {
      "Target": "PartOpacity",
      "Id": "Part11",
      "Segments": [
        0,
        1,
        0,
        1,
        1
      ]
    },
    {
      "Target": "PartOpacity",
      "Id": "Part12",
      "Segments": [
        0,
        1,
        0,
        1,
        1
      ]
    },
    {
      "Target": "PartOpacity",
      "Id": "Part9",
      "Segments": [
        0,
        1,
        0,
        1,
        1
      ]
    },
    {
      "Target": "PartOpacity",
      "Id": "Part",
      "Segments": [
        0,
        1,
        0,
        1,
        1
      ]
    },
    {
      "Target": "PartOpacity",
      "Id": "Part10",
      "Segments": [
        0,
        1,
        0,
        1,
        1
      ]
    }
  ],
  "UserData": []
}