{
  "Version": 3,
  "Meta": {
    "Duration": 1.467,
    "Fps": 30.0,
    "Loop": true,
    "AreBeziersRestricted": true,
    "CurveCount": 56,
    "TotalSegmentCount": 108,
    "TotalPointCount": 140,
    "UserDataCount": 1,
    "TotalUserDataSize": 0
  },
  "Curves": [
    {
      "Target": "Parameter",
      "Id": "HeadX",
      "Segments": [
        0,
        0,
        0,
        0.667,
        7.387,
        1,
        0.934,
        7.387,
        1.2,
        7.484,
        1.467,
        7.044
      ]
    },
    {
      "Target": "Parameter",
      "Id": "NeckZ",
      "Segments": [
        0,
        0,
        1,
        0.222,
        0,
        0.445,
        -1.128,
        0.667,
        -1.604,
        1,
        0.756,
        -1.794,
        0.844,
        -1.723,
        0.933,
        -1.723,
        0,
        1.467,
        -1.488
      ]
    },
    {
      "Target": "Parameter",
      "Id": "BodyX",
      "Segments": [
        0,
        0,
        0,
        0.667,
        2.259,
        0,
        0.9,
        2.076,
        0,
        1.2,
        2.139,
        2,
        1.467,
        2.139
      ]
    },
    {
      "Target": "Parameter",
      "Id": "BodyY",
      "Segments": [
        0,
        0,
        0,
        0.667,
        1.42,
        0,
        1.333,
        -0.02,
        2,
        1.467,
        -0.02
      ]
    },
    {
      "Target": "Parameter",
      "Id": "BodyZ",
      "Segments": [
        0,
        0,
        1,
        0.144,
        0,
        0.289,
        0.058,
        0.433,
        0.364,
        1,
        0.522,
        0.552,
        0.611,
        0.854,
        0.7,
        0.854,
        1,
        0.744,
        0.854,
        0.789,
        0.737,
        0.833,
        0.657,
        1,
        0.944,
        0.456,
        1.056,
        0.268,
        1.167,
        0.136,
        1,
        1.222,
        0.07,
        1.278,
        0.002,
        1.333,
        0.002,
        1,
        1.378,
        0.001,
        1.422,
        0.001,
        1.467,
        0.001
      ]
    },
    {
      "Target": "Parameter",
      "Id": "BodyUpper",
      "Segments": [
        0,
        0,
        0,
        0.467,
        0.28,
        0,
        1.3,
        0,
        2,
        1.467,
        0
      ]
    },
    {
      "Target": "Parameter",
      "Id": "Breath",
      "Segments": [
        0,
        0,
        0,
        0.6,
        0.135,
        0,
        1.3,
        0,
        2,
        1.467,
        0
      ]
    },
    {
      "Target": "Parameter",
      "Id": "ShoulderL_Move",
      "Segments": [
        0,
        0,
        0,
        0.4,
        -0.859,
        1,
        0.511,
        -0.859,
        0.622,
        0.171,
        0.733,
        0.606,
        1,
        0.8,
        0.867,
        0.866,
        0.982,
        0.933,
        1.016,
        1,
        1.055,
        1.076,
        1.178,
        1.08,
        1.3,
        1.08,
        2,
        1.467,
        1.08
      ]
    },
    {
      "Target": "Parameter",
      "Id": "ShoulderR_Move",
      "Segments": [
        0,
        0,
        1,
        0.1,
        0,
        0.2,
        -0.093,
        0.3,
        -0.255,
        1,
        0.344,
        -0.327,
        0.389,
        -0.352,
        0.433,
        -0.352,
        1,
        0.489,
        -0.352,
        0.544,
        0.005,
        0.6,
        0.109,
        1,
        0.7,
        0.297,
        0.8,
        0.316,
        0.9,
        0.316,
        0,
        1.3,
        -0.581,
        2,
        1.467,
        -0.581
      ]
    },
    {
      "Target": "Parameter",
      "Id": "ShoulderL_Roll",
      "Segments": [
        0,
        0,
        0,
        0.633,
        0.24,
        0,
        1.4,
        0,
        2,
        1.467,
        0
      ]
    },
    {
      "Target": "Parameter",
      "Id": "ElbowL_Roll",
      "Segments": [
        0,
        0,
        0,
        0.7,
        0.92,
        0,
        1.4,
        0,
        2,
        1.467,
        0
      ]
    },
    {
      "Target": "Parameter",
      "Id": "ShoulderR_Roll",
      "Segments": [
        0,
        0,
        2,
        0.133,
        0,
        0,
        0.733,
        -0.076,
        2,
        1.467,
        -0.076
      ]
    },
    {
      "Target": "Parameter",
      "Id": "ElbowR_Roll",
      "Segments": [
        0,
        0,
        2,
        0.2,
        0,
        0,
        0.767,
        0.303,
        2,
        1.467,
        0.303
      ]
    },
    {
      "Target": "Parameter",
      "Id": "HairFront_Shaking",
      "Segments": [
        0,
        0,
        2,
        0.033,
        0,
        0,
        0.233,
        0.076,
        0,
        0.733,
        -0.14,
        0,
        1.1,
        0.09,
        0,
        1.467,
        0
      ]
    },
    {
      "Target": "Parameter",
      "Id": "HairSide_Shaking",
      "Segments": [
        0,
        0,
        2,
        0.033,
        0,
        0,
        0.233,
        0.086,
        0,
        0.733,
        -0.216,
        0,
        1.1,
        0.154,
        0,
        1.467,
        0
      ]
    },
    {
      "Target": "Parameter",
      "Id": "HairUnder_Shaking",
      "Segments": [
        0,
        0,
        2,
        0.033,
        0,
        0,
        0.233,
        0.129,
        0,
        0.733,
        -0.266,
        0,
        1.1,
        0.241,
        0,
        1.467,
        0
      ]
    },
    {
      "Target": "Parameter",
      "Id": "Jacket_Shaking",
      "Segments": [
        0,
        0,
        2,
        0.033,
        0,
        0,
        0.5,
        -0.054,
        0,
        1.133,
        0.054,
        0,
        1.467,
        0
      ]
    },
    {
      "Target": "Parameter",
      "Id": "String_Shaking",
      "Segments": [
        0,
        0,
        0,
        0.433,
        -11,
        0,
        1.033,
        3,
        0,
        1.467,
        0
      ]
    },
    {
      "Target": "Parameter",
      "Id": "BrowLY",
      "Segments": [
        0,
        0,
        0,
        1.467,
        0
      ]
    },
    {
      "Target": "Parameter",
      "Id": "BrowRY",
      "Segments": [
        0,
        0,
        0,
        1.467,
        0
      ]
    },
    {
      "Target": "Parameter",
      "Id": "BrowLX",
      "Segments": [
        0,
        0,
        0,
        1.467,
        0
      ]
    },
    {
      "Target": "Parameter",
      "Id": "BrowRX",
      "Segments": [
        0,
        0,
        0,
        1.467,
        0
      ]
    },
    {
      "Target": "Parameter",
      "Id": "BrowL_Angle",
      "Segments": [
        0,
        0,
        0,
        1.467,
        0
      ]
    },
    {
      "Target": "Parameter",
      "Id": "BrowR_Angle",
      "Segments": [
        0,
        0,
        0,
        1.467,
        0
      ]
    },
    {
      "Target": "Parameter",
      "Id": "BrowL_Form",
      "Segments": [
        0,
        0,
        0,
        1.467,
        0
      ]
    },
    {
      "Target": "Parameter",
      "Id": "BrowR_Form",
      "Segments": [
        0,
        0,
        0,
        1.467,
        0
      ]
    },
    {
      "Target": "Parameter",
      "Id": "EyeL_Open",
      "Segments": [
        0,
        1,
        0,
        1.467,
        1
      ]
    },
    {
      "Target": "Parameter",
      "Id": "EyeL_Smile",
      "Segments": [
        0,
        0,
        0,
        1.467,
        0
      ]
    },
    {
      "Target": "Parameter",
      "Id": "EyeR_Open",
      "Segments": [
        0,
        1,
        0,
        1.467,
        1
      ]
    },
    {
      "Target": "Parameter",
      "Id": "EyeR_Smile",
      "Segments": [
        0,
        0,
        0,
        1.467,
        0
      ]
    },
    {
      "Target": "Parameter",
      "Id": "EyeBallX",
      "Segments": [
        0,
        0,
        0,
        1.467,
        0
      ]
    },
    {
      "Target": "Parameter",
      "Id": "EyeBallY",
      "Segments": [
        0,
        0.5,
        0,
        1.467,
        0.5
      ]
    },
    {
      "Target": "Parameter",
      "Id": "EyeBall_Size",
      "Segments": [
        0,
        0,
        0,
        1.467,
        0
      ]
    },
    {
      "Target": "Parameter",
      "Id": "Mouth_Form",
      "Segments": [
        0,
        0,
        0,
        1.467,
        0
      ]
    },
    {
      "Target": "Parameter",
      "Id": "Mouth_Open",
      "Segments": [
        0,
        1,
        0,
        1.467,
        1
      ]
    },
    {
      "Target": "Parameter",
      "Id": "Teeth01",
      "Segments": [
        0,
        1,
        0,
        1.467,
        1
      ]
    },
    {
      "Target": "Parameter",
      "Id": "Mouth_Size",
      "Segments": [
        0,
        1,
        0,
        1.467,
        1
      ]
    },
    {
      "Target": "Parameter",
      "Id": "HeadY",
      "Segments": [
        0,
        0,
        0,
        1.467,
        0
      ]
    },
    {
      "Target": "Parameter",
      "Id": "HandL_Roll",
      "Segments": [
        0,
        0,
        0,
        1.467,
        0
      ]
    },
    {
      "Target": "Parameter",
      "Id": "Arm01L_Strech",
      "Segments": [
        0,
        0,
        0,
        1.467,
        0
      ]
    },
    {
      "Target": "Parameter",
      "Id": "Arm02L_Strech",
      "Segments": [
        0,
        0,
        0,
        1.467,
        0
      ]
    },
    {
      "Target": "Parameter",
      "Id": "HandL_Strech",
      "Segments": [
        0,
        0,
        0,
        1.467,
        0
      ]
    },
    {
      "Target": "Parameter",
      "Id": "HandL01",
      "Segments": [
        0,
        1,
        0,
        1.467,
        1
      ]
    },
    {
      "Target": "Parameter",
      "Id": "HandL02",
      "Segments": [
        0,
        0,
        0,
        1.467,
        0
      ]
    },
    {
      "Target": "Parameter",
      "Id": "ArmL01",
      "Segments": [
        0,
        1,
        0,
        1.467,
        1
      ]
    },
    {
      "Target": "Parameter",
      "Id": "ArmL02",
      "Segments": [
        0,
        0,
        0,
        1.467,
        0
      ]
    },
    {
      "Target": "Parameter",
      "Id": "HandR_Roll",
      "Segments": [
        0,
        0,
        0,
        1.467,
        0
      ]
    },
    {
      "Target": "Parameter",
      "Id": "Arm01R_Strech",
      "Segments": [
        0,
        0,
        0,
        1.467,
        0
      ]
    },
    {
      "Target": "Parameter",
      "Id": "Arm02R_Strech",
      "Segments": [
        0,
        0,
        0,
        1.467,
        0
      ]
    },
    {
      "Target": "Parameter",
      "Id": "ShoulderR_Reform",
      "Segments": [
        0,
        0,
        0,
        1.467,
        0
      ]
    },
    {
      "Target": "Parameter",
      "Id": "HandR_Strech",
      "Segments": [
        0,
        0,
        0,
        1.467,
        0
      ]
    },
    {
      "Target": "Parameter",
      "Id": "HandR01",
      "Segments": [
        0,
        1,
        0,
        1.467,
        1
      ]
    },
    {
      "Target": "Parameter",
      "Id": "HandR02",
      "Segments": [
        0,
        0,
        0,
        1.467,
        0
      ]
    },
    {
      "Target": "Parameter",
      "Id": "ALLX",
      "Segments": [
        0,
        0,
        0,
        1.467,
        0
      ]
    },
    {
      "Target": "Parameter",
      "Id": "ALLY",
      "Segments": [
        0,
        0,
        0,
        1.467,
        0
      ]
    },
    {
      "Target": "Parameter",
      "Id": "ALLZ",
      "Segments": [
        0,
        0,
        0,
        1.467,
        0
      ]
    }
  ],
  "UserData": [
    {
      "Time": 0.0,
      "Value": ""
    }
  ]
}