{
  "Version": 3,
  "Meta": {
    "Duration": 8.0,
    "Fps": 30.0,
    "Loop": true,
    "AreBeziersRestricted": true,
    "CurveCount": 56,
    "TotalSegmentCount": 184,
    "TotalPointCount": 284,
    "UserDataCount": 1,
    "TotalUserDataSize": 0
  },
  "Curves": [
    {
      "Target": "Parameter",
      "Id": "EyeBallX",
      "Segments": [
        0,
        0.056,
        0,
        1.2,
        0,
        2,
        2.2,
        0,
        0,
        3.4,
        0.116,
        2,
        4.667,
        0.116,
        0,
        8,
        0.056
      ]
    },
    {
      "Target": "Parameter",
      "Id": "EyeBallY",
      "Segments": [
        0,
        0.2,
        0,
        1.2,
        -0.073,
        2,
        2.2,
        -0.073,
        0,
        3.4,
        0.239,
        2,
        4.667,
        0.239,
        0,
        8,
        0.2
      ]
    },
    {
      "Target": "Parameter",
      "Id": "HeadX",
      "Segments": [
        0,
        6.06,
        0,
        1.567,
        9.18,
        1,
        1.834,
        9.18,
        2.1,
        9.226,
        2.367,
        8.99,
        1,
        2.834,
        8.577,
        3.3,
        7.243,
        3.767,
        6.531,
        1,
        4.489,
        5.431,
        5.211,
        5.01,
        5.933,
        5.01,
        0,
        8,
        6.06
      ]
    },
    {
      "Target": "Parameter",
      "Id": "HeadY",
      "Segments": [
        0,
        2.88,
        0,
        1.2,
        7.275,
        1,
        1.533,
        7.275,
        1.867,
        7.399,
        2.2,
        6.538,
        1,
        2.556,
        5.619,
        2.911,
        0.173,
        3.267,
        -2.937,
        1,
        3.578,
        -5.658,
        3.889,
        -6.949,
        4.2,
        -6.949,
        1,
        4.833,
        -6.949,
        5.467,
        -5.546,
        6.1,
        -2.278,
        1,
        6.733,
        0.991,
        7.367,
        2.88,
        8,
        2.88
      ]
    },
    {
      "Target": "Parameter",
      "Id": "NeckZ",
      "Segments": [
        0,
        -0.12,
        0,
        1.667,
        0.077,
        2,
        2.3,
        0.077,
        1,
        2.611,
        0.077,
        2.922,
        -0.114,
        3.233,
        -0.385,
        1,
        3.566,
        -0.675,
        3.9,
        -0.775,
        4.233,
        -0.775,
        1,
        4.922,
        -0.775,
        5.611,
        -0.766,
        6.3,
        -0.587,
        1,
        6.867,
        -0.439,
        7.433,
        -0.12,
        8,
        -0.12
      ]
    },
    {
      "Target": "Parameter",
      "Id": "BodyX",
      "Segments": [
        0,
        -0.86,
        0,
        1.667,
        0.069,
        1,
        1.845,
        0.069,
        2.022,
        0.079,
        2.2,
        -0.024,
        1,
        2.422,
        -0.153,
        2.645,
        -0.528,
        2.867,
        -0.845,
        1,
        3.389,
        -1.59,
        3.911,
        -2.044,
        4.433,
        -2.044,
        1,
        4.978,
        -2.044,
        5.522,
        -1.984,
        6.067,
        -1.645,
        1,
        6.711,
        -1.244,
        7.356,
        -0.86,
        8,
        -0.86
      ]
    },
    {
      "Target": "Parameter",
      "Id": "BodyY",
      "Segments": [
        0,
        1.3,
        1,
        0.322,
        1.424,
        0.645,
        1.772,
        0.967,
        1.772,
        1,
        1.378,
        1.772,
        1.789,
        1.758,
        2.2,
        1.644,
        1,
        2.733,
        1.495,
        3.267,
        1.087,
        3.8,
        1.042,
        1,
        4.589,
        0.976,
        5.378,
        0.97,
        6.167,
        0.912,
        1,
        6.478,
        0.89,
        6.789,
        0.732,
        7.1,
        0.732,
        0,
        8,
        1.3
      ]
    },
    {
      "Target": "Parameter",
      "Id": "BodyZ",
      "Segments": [
        0,
        1.5,
        1,
        0.344,
        1.527,
        0.689,
        1.541,
        1.033,
        1.581,
        1,
        1.244,
        1.606,
        1.456,
        1.76,
        1.667,
        1.76,
        1,
        1.845,
        1.76,
        2.022,
        1.765,
        2.2,
        1.738,
        1,
        2.467,
        1.697,
        2.733,
        1.582,
        3,
        1.444,
        1,
        3.4,
        1.238,
        3.8,
        1.018,
        4.2,
        1.018,
        1,
        4.556,
        1.018,
        4.911,
        1.027,
        5.267,
        1.046,
        1,
        5.834,
        1.077,
        6.4,
        1.092,
        6.967,
        1.14,
        1,
        7.311,
        1.169,
        7.656,
        1.5,
        8,
        1.5
      ]
    },
    {
      "Target": "Parameter",
      "Id": "Breath",
      "Segments": [
        0,
        0,
        0,
        2,
        0.1,
        0,
        4,
        0,
        0,
        6,
        0.1,
        0,
        8,
        0
      ]
    },
    {
      "Target": "Parameter",
      "Id": "ShoulderL_Move",
      "Segments": [
        0,
        -0.085,
        1,
        0.244,
        -0.085,
        0.489,
        0.267,
        0.733,
        0.617,
        1,
        1.011,
        1.015,
        1.289,
        1.106,
        1.567,
        1.106,
        0,
        3,
        -0.071,
        1,
        3.311,
        -0.071,
        3.622,
        0.053,
        3.933,
        0.278,
        1,
        4.255,
        0.511,
        4.578,
        0.617,
        4.9,
        0.617,
        0,
        6.7,
        -0.378,
        0,
        8,
        -0.085
      ]
    },
    {
      "Target": "Parameter",
      "Id": "ShoulderR_Move",
      "Segments": [
        0,
        7.735,
        2,
        2.533,
        7.735,
        0,
        3.867,
        8.395,
        0,
        5.433,
        7.735,
        2,
        8,
        7.735
      ]
    },
    {
      "Target": "Parameter",
      "Id": "ShoulderL_Roll",
      "Segments": [
        0,
        4.1,
        0,
        1.4,
        4.637,
        1,
        1.844,
        4.637,
        2.289,
        4.574,
        2.733,
        4.255,
        1,
        3.555,
        3.666,
        4.378,
        3.232,
        5.2,
        3.232,
        1,
        5.622,
        3.232,
        6.045,
        3.391,
        6.467,
        3.652,
        1,
        6.978,
        3.968,
        7.489,
        4.1,
        8,
        4.1
      ]
    },
    {
      "Target": "Parameter",
      "Id": "ElbowL_Roll",
      "Segments": [
        0,
        -0.695,
        2,
        1.133,
        -0.695,
        0,
        2.067,
        -0.473,
        1,
        2.689,
        -0.473,
        3.311,
        -0.48,
        3.933,
        -0.493,
        1,
        4.744,
        -0.509,
        5.556,
        -0.515,
        6.367,
        -0.54,
        1,
        6.911,
        -0.556,
        7.456,
        -0.695,
        8,
        -0.695
      ]
    },
    {
      "Target": "Parameter",
      "Id": "ShoulderR_Roll",
      "Segments": [
        0,
        -25.9,
        0,
        1.733,
        -25.3,
        1,
        1.933,
        -25.3,
        2.133,
        -25.278,
        2.333,
        -25.361,
        1,
        2.689,
        -25.509,
        3.044,
        -25.9,
        3.4,
        -25.9,
        1,
        3.611,
        -25.9,
        3.822,
        -25.924,
        4.033,
        -25.877,
        1,
        4.666,
        -25.735,
        5.3,
        -25.214,
        5.933,
        -25.214,
        0,
        8,
        -25.9
      ]
    },
    {
      "Target": "Parameter",
      "Id": "ElbowR_Roll",
      "Segments": [
        0,
        -26.9,
        1,
        0.244,
        -26.9,
        0.489,
        -26.943,
        0.733,
        -26.947,
        1,
        1.4,
        -26.958,
        2.066,
        -26.96,
        2.733,
        -26.972,
        1,
        3.2,
        -26.981,
        3.666,
        -27.014,
        4.133,
        -27.014,
        0,
        5.733,
        -26.9,
        2,
        8,
        -26.9
      ]
    },
    {
      "Target": "Parameter",
      "Id": "HairFront_Shaking",
      "Segments": [
        0,
        0,
        0,
        0.6,
        0.049,
        0,
        1.233,
        -0.099,
        0,
        1.767,
        0.004,
        0,
        2.3,
        -0.014,
        0,
        2.867,
        0.113,
        0,
        3.6,
        -0.115,
        0,
        4.167,
        0.094,
        0,
        4.667,
        0,
        0,
        4.8,
        0.041,
        0,
        5.1,
        0.01,
        0,
        5.433,
        0.021,
        0,
        7.067,
        -0.029,
        0,
        7.333,
        -0.027,
        0,
        7.467,
        -0.065,
        0,
        7.867,
        -0.008,
        2,
        7.9,
        -0.008,
        0,
        8,
        0
      ]
    },
    {
      "Target": "Parameter",
      "Id": "HairSide_Shaking",
      "Segments": [
        0,
        0,
        0,
        0.6,
        0.033,
        0,
        1.233,
        -0.066,
        0,
        1.767,
        0.003,
        0,
        2.3,
        -0.009,
        0,
        2.867,
        0.075,
        0,
        3.6,
        -0.077,
        0,
        4.167,
        0.063,
        0,
        4.667,
        0,
        0,
        4.8,
        0.028,
        0,
        5.1,
        0.006,
        0,
        5.433,
        0.014,
        0,
        7.067,
        -0.019,
        0,
        7.333,
        -0.018,
        0,
        7.467,
        -0.044,
        0,
        7.867,
        -0.005,
        2,
        7.9,
        -0.005,
        0,
        8,
        0
      ]
    },
    {
      "Target": "Parameter",
      "Id": "HairUnder_Shaking",
      "Segments": [
        0,
        0,
        0,
        0.6,
        0.049,
        0,
        1.233,
        -0.099,
        0,
        1.767,
        0.004,
        0,
        2.3,
        -0.014,
        0,
        2.867,
        0.113,
        0,
        3.6,
        -0.115,
        0,
        4.167,
        0.094,
        0,
        4.667,
        0,
        0,
        4.8,
        0.041,
        0,
        5.1,
        0.01,
        0,
        5.433,
        0.021,
        0,
        7.067,
        -0.029,
        0,
        7.333,
        -0.027,
        0,
        7.467,
        -0.065,
        0,
        7.867,
        -0.008,
        2,
        7.9,
        -0.008,
        0,
        8,
        0
      ]
    },
    {
      "Target": "Parameter",
      "Id": "Jacket_Shaking",
      "Segments": [
        0,
        0,
        1,
        0.133,
        -0.015,
        0.267,
        -0.015,
        0.4,
        -0.015,
        0,
        2.767,
        0.055,
        0,
        3,
        0.05,
        0,
        3.4,
        0.081,
        0,
        4.233,
        0.006,
        0,
        4.533,
        0.007,
        0,
        5.967,
        -0.001,
        2,
        6.133,
        -0.001,
        1,
        6.755,
        -0.001,
        7.378,
        0.008,
        8,
        0
      ]
    },
    {
      "Target": "Parameter",
      "Id": "String_Shaking",
      "Segments": [
        0,
        0,
        0,
        2.033,
        -9,
        0,
        3.967,
        1.33,
        0,
        6.233,
        -9,
        0,
        8,
        0
      ]
    },
    {
      "Target": "Parameter",
      "Id": "BrowLY",
      "Segments": [
        0,
        0.2,
        0,
        8,
        0.2
      ]
    },
    {
      "Target": "Parameter",
      "Id": "BrowRY",
      "Segments": [
        0,
        0.2,
        0,
        8,
        0.2
      ]
    },
    {
      "Target": "Parameter",
      "Id": "BrowLX",
      "Segments": [
        0,
        0.4,
        0,
        8,
        0.4
      ]
    },
    {
      "Target": "Parameter",
      "Id": "BrowRX",
      "Segments": [
        0,
        0.2,
        0,
        8,
        0.2
      ]
    },
    {
      "Target": "Parameter",
      "Id": "BrowL_Angle",
      "Segments": [
        0,
        0.9,
        0,
        8,
        0.9
      ]
    },
    {
      "Target": "Parameter",
      "Id": "BrowR_Angle",
      "Segments": [
        0,
        1,
        0,
        8,
        1
      ]
    },
    {
      "Target": "Parameter",
      "Id": "BrowL_Form",
      "Segments": [
        0,
        -0.5,
        0,
        8,
        -0.5
      ]
    },
    {
      "Target": "Parameter",
      "Id": "BrowR_Form",
      "Segments": [
        0,
        -0.4,
        0,
        8,
        -0.4
      ]
    },
    {
      "Target": "Parameter",
      "Id": "EyeL_Open",
      "Segments": [
        0,
        1,
        0,
        8,
        1
      ]
    },
    {
      "Target": "Parameter",
      "Id": "EyeL_Smile",
      "Segments": [
        0,
        1,
        0,
        8,
        1
      ]
    },
    {
      "Target": "Parameter",
      "Id": "EyeR_Open",
      "Segments": [
        0,
        1,
        0,
        8,
        1
      ]
    },
    {
      "Target": "Parameter",
      "Id": "EyeR_Smile",
      "Segments": [
        0,
        1,
        0,
        8,
        1
      ]
    },
    {
      "Target": "Parameter",
      "Id": "EyeBall_Size",
      "Segments": [
        0,
        0,
        0,
        8,
        0
      ]
    },
    {
      "Target": "Parameter",
      "Id": "Mouth_Form",
      "Segments": [
        0,
        -1,
        0,
        8,
        -1
      ]
    },
    {
      "Target": "Parameter",
      "Id": "Mouth_Open",
      "Segments": [
        0,
        1,
        0,
        8,
        1
      ]
    },
    {
      "Target": "Parameter",
      "Id": "Teeth01",
      "Segments": [
        0,
        1,
        0,
        8,
        1
      ]
    },
    {
      "Target": "Parameter",
      "Id": "Mouth_Size",
      "Segments": [
        0,
        0.5,
        0,
        8,
        0.5
      ]
    },
    {
      "Target": "Parameter",
      "Id": "BodyUpper",
      "Segments": [
        0,
        1.9,
        0,
        8,
        1.9
      ]
    },
    {
      "Target": "Parameter",
      "Id": "HandL_Roll",
      "Segments": [
        0,
        0,
        0,
        8,
        0
      ]
    },
    {
      "Target": "Parameter",
      "Id": "Arm01L_Strech",
      "Segments": [
        0,
        -1,
        0,
        8,
        -1
      ]
    },
    {
      "Target": "Parameter",
      "Id": "Arm02L_Strech",
      "Segments": [
        0,
        0,
        0,
        8,
        0
      ]
    },
    {
      "Target": "Parameter",
      "Id": "HandL_Strech",
      "Segments": [
        0,
        0,
        0,
        8,
        0
      ]
    },
    {
      "Target": "Parameter",
      "Id": "HandL01",
      "Segments": [
        0,
        1,
        0,
        8,
        1
      ]
    },
    {
      "Target": "Parameter",
      "Id": "HandL02",
      "Segments": [
        0,
        0,
        0,
        8,
        0
      ]
    },
    {
      "Target": "Parameter",
      "Id": "ArmL01",
      "Segments": [
        0,
        1,
        0,
        8,
        1
      ]
    },
    {
      "Target": "Parameter",
      "Id": "ArmL02",
      "Segments": [
        0,
        0,
        0,
        8,
        0
      ]
    },
    {
      "Target": "Parameter",
      "Id": "HandR_Roll",
      "Segments": [
        0,
        0,
        0,
        8,
        0
      ]
    },
    {
      "Target": "Parameter",
      "Id": "Arm01R_Strech",
      "Segments": [
        0,
        -8.8,
        0,
        8,
        -8.8
      ]
    },
    {
      "Target": "Parameter",
      "Id": "Arm02R_Strech",
      "Segments": [
        0,
        -8.94,
        0,
        8,
        -8.94
      ]
    },
    {
      "Target": "Parameter",
      "Id": "ShoulderR_Reform",
      "Segments": [
        0,
        0,
        0,
        8,
        0
      ]
    },
    {
      "Target": "Parameter",
      "Id": "HandR_Strech",
      "Segments": [
        0,
        10,
        0,
        8,
        10
      ]
    },
    {
      "Target": "Parameter",
      "Id": "HandR01",
      "Segments": [
        0,
        0,
        0,
        8,
        0
      ]
    },
    {
      "Target": "Parameter",
      "Id": "HandR02",
      "Segments": [
        0,
        1,
        0,
        8,
        1
      ]
    },
    {
      "Target": "Parameter",
      "Id": "ALLX",
      "Segments": [
        0,
        0,
        0,
        8,
        0
      ]
    },
    {
      "Target": "Parameter",
      "Id": "ALLY",
      "Segments": [
        0,
        0,
        0,
        8,
        0
      ]
    },
    {
      "Target": "Parameter",
      "Id": "ALLZ",
      "Segments": [
        0,
        0,
        0,
        8,
        0
      ]
    }
  ],
  "UserData": [
    {
      "Time": 0.0,
      "Value": ""
    }
  ]
}