{
  "Version": 3,
  "Meta": {
    "Duration": 8.0,
    "Fps": 30.0,
    "Loop": true,
    "AreBeziersRestricted": true,
    "CurveCount": 56,
    "TotalSegmentCount": 173,
    "TotalPointCount": 265,
    "UserDataCount": 1,
    "TotalUserDataSize": 0
  },
  "Curves": [
    {
      "Target": "Parameter",
      "Id": "EyeBallY",
      "Segments": [
        0,
        0.4,
        0,
        1.6,
        0.2,
        1,
        2.1,
        0.2,
        2.6,
        0.276,
        3.1,
        0.4,
        1,
        3.4,
        0.474,
        3.7,
        0.5,
        4,
        0.5,
        0,
        5.133,
        0.3,
        0,
        8,
        0.4
      ]
    },
    {
      "Target": "Parameter",
      "Id": "HeadY",
      "Segments": [
        0,
        -2.46,
        0,
        1.6,
        0.9,
        1,
        2.1,
        0.9,
        2.6,
        -0.042,
        3.1,
        -4.98,
        1,
        3.4,
        -7.943,
        3.7,
        -13.001,
        4,
        -13.001,
        0,
        5.133,
        -2.88,
        0,
        6.6,
        -11.704,
        0,
        8,
        -2.46
      ]
    },
    {
      "Target": "Parameter",
      "Id": "NeckZ",
      "Segments": [
        0,
        -5.52,
        0,
        1.5,
        -4.003,
        1,
        1.889,
        -4.003,
        2.278,
        -4.036,
        2.667,
        -4.292,
        1,
        2.967,
        -4.49,
        3.267,
        -5,
        3.567,
        -5.326,
        1,
        3.7,
        -5.471,
        3.834,
        -5.52,
        3.967,
        -5.52,
        1,
        4.411,
        -5.52,
        4.856,
        -5.18,
        5.3,
        -4.804,
        1,
        5.622,
        -4.531,
        5.945,
        -4.487,
        6.267,
        -4.487,
        0,
        8,
        -5.52
      ]
    },
    {
      "Target": "Parameter",
      "Id": "BodyX",
      "Segments": [
        0,
        -7.752,
        0,
        1.467,
        -6.431,
        0,
        3.6,
        -7.712,
        0,
        5.633,
        -6.431,
        0,
        8,
        -7.752
      ]
    },
    {
      "Target": "Parameter",
      "Id": "BodyY",
      "Segments": [
        0,
        5.48,
        1,
        0.356,
        5.48,
        0.711,
        5.051,
        1.067,
        4.367,
        1,
        1.389,
        3.747,
        1.711,
        3.51,
        2.033,
        3.51,
        0,
        3.167,
        5.196,
        1,
        3.589,
        5.196,
        4.011,
        5.02,
        4.433,
        4.525,
        1,
        4.878,
        4.003,
        5.322,
        3.655,
        5.767,
        3.655,
        0,
        8,
        5.48
      ]
    },
    {
      "Target": "Parameter",
      "Id": "BodyZ",
      "Segments": [
        0,
        2.92,
        1,
        0.256,
        2.92,
        0.511,
        2.788,
        0.767,
        2.473,
        1,
        1.122,
        2.034,
        1.478,
        1.785,
        1.833,
        1.785,
        1,
        2.189,
        1.785,
        2.544,
        1.869,
        2.9,
        2.317,
        1,
        3.089,
        2.556,
        3.278,
        3.028,
        3.467,
        3.028,
        0,
        5.367,
        2.271,
        0,
        6.8,
        3.069,
        1,
        6.944,
        3.069,
        7.089,
        2.997,
        7.233,
        2.971,
        1,
        7.489,
        2.925,
        7.744,
        2.92,
        8,
        2.92
      ]
    },
    {
      "Target": "Parameter",
      "Id": "BodyUpper",
      "Segments": [
        0,
        10,
        0,
        1.667,
        9.5,
        0,
        3.733,
        10,
        0,
        5.833,
        9.5,
        0,
        8,
        10
      ]
    },
    {
      "Target": "Parameter",
      "Id": "Breath",
      "Segments": [
        0,
        0,
        0,
        2,
        0.067,
        0,
        4,
        0,
        0,
        6,
        0.067,
        0,
        8,
        0
      ]
    },
    {
      "Target": "Parameter",
      "Id": "ShoulderL_Move",
      "Segments": [
        0,
        6.265,
        0,
        1.333,
        5.876,
        0,
        2.867,
        6.534,
        0,
        4.067,
        5.876,
        0,
        5.267,
        6.115,
        0,
        6.733,
        5.678,
        0,
        8,
        6.265
      ]
    },
    {
      "Target": "Parameter",
      "Id": "ShoulderL_Roll",
      "Segments": [
        0,
        -11.6,
        0,
        0.933,
        -12.233,
        0,
        2.133,
        -12.125,
        0,
        3.333,
        -13.07,
        1,
        4.3,
        -13.07,
        5.266,
        -12.069,
        6.233,
        -11.745,
        1,
        6.822,
        -11.548,
        7.411,
        -11.6,
        8,
        -11.6
      ]
    },
    {
      "Target": "Parameter",
      "Id": "ElbowL_Roll",
      "Segments": [
        0,
        -22.32,
        1,
        0.256,
        -22.32,
        0.511,
        -22.321,
        0.767,
        -22.318,
        1,
        1.211,
        -22.313,
        1.656,
        -22.307,
        2.1,
        -22.288,
        1,
        2.589,
        -22.266,
        3.078,
        -22.07,
        3.567,
        -22.07,
        0,
        5,
        -22.608,
        1,
        5.522,
        -22.608,
        6.045,
        -22.551,
        6.567,
        -22.451,
        1,
        7.045,
        -22.36,
        7.522,
        -22.32,
        8,
        -22.32
      ]
    },
    {
      "Target": "Parameter",
      "Id": "HandL_Roll",
      "Segments": [
        0,
        0.38,
        0,
        0.567,
        0.335,
        0,
        1.6,
        0.336,
        1,
        1.944,
        0.336,
        2.289,
        0.327,
        2.633,
        0.244,
        1,
        3.066,
        0.139,
        3.5,
        0.028,
        3.933,
        0.028,
        1,
        4.766,
        0.028,
        5.6,
        0.248,
        6.433,
        0.336,
        1,
        6.955,
        0.392,
        7.478,
        0.38,
        8,
        0.38
      ]
    },
    {
      "Target": "Parameter",
      "Id": "ShoulderR_Roll",
      "Segments": [
        0,
        17.86,
        0,
        1.4,
        18.216,
        1,
        1.6,
        18.216,
        1.8,
        18.125,
        2,
        17.91,
        1,
        2.278,
        17.611,
        2.555,
        17.443,
        2.833,
        17.443,
        0,
        3.8,
        17.91,
        1,
        4.067,
        17.91,
        4.333,
        17.548,
        4.6,
        17.443,
        1,
        4.8,
        17.365,
        5,
        17.381,
        5.2,
        17.381,
        0,
        6.167,
        17.91,
        0,
        6.933,
        17.723,
        0,
        8,
        17.86
      ]
    },
    {
      "Target": "Parameter",
      "Id": "ElbowR_Roll",
      "Segments": [
        0,
        -11.08,
        1,
        0.344,
        -11.08,
        0.689,
        -11.094,
        1.033,
        -11.107,
        1,
        1.478,
        -11.123,
        1.922,
        -11.127,
        2.367,
        -11.127,
        1,
        2.689,
        -11.127,
        3.011,
        -10.98,
        3.333,
        -10.872,
        1,
        3.466,
        -10.828,
        3.6,
        -10.837,
        3.733,
        -10.837,
        1,
        3.989,
        -10.837,
        4.244,
        -10.836,
        4.5,
        -10.84,
        1,
        4.744,
        -10.844,
        4.989,
        -10.952,
        5.233,
        -10.952,
        0,
        6.367,
        -10.918,
        0,
        8,
        -11.08
      ]
    },
    {
      "Target": "Parameter",
      "Id": "HandR_Roll",
      "Segments": [
        0,
        -0.58,
        0,
        1.2,
        -0.143,
        0,
        3,
        -0.26,
        0,
        4.4,
        -0.063,
        1,
        5.322,
        -0.063,
        6.245,
        -0.165,
        7.167,
        -0.424,
        1,
        7.445,
        -0.502,
        7.722,
        -0.58,
        8,
        -0.58
      ]
    },
    {
      "Target": "Parameter",
      "Id": "ShoulderR_Reform",
      "Segments": [
        0,
        -0.612,
        0,
        1.5,
        -0.4,
        0,
        3.733,
        -0.7,
        0,
        6.1,
        -0.4,
        0,
        8,
        -0.612
      ]
    },
    {
      "Target": "Parameter",
      "Id": "HairFront_Shaking",
      "Segments": [
        0,
        0,
        1,
        0.467,
        -0.115,
        0.933,
        -0.148,
        1.4,
        -0.148,
        0,
        2.767,
        0.204,
        0,
        3.533,
        -0.022,
        0,
        3.833,
        0.015,
        0,
        4.767,
        -0.151,
        0,
        7,
        0.095,
        0,
        8,
        0
      ]
    },
    {
      "Target": "Parameter",
      "Id": "HairSide_Shaking",
      "Segments": [
        0,
        0,
        1,
        0.467,
        -0.077,
        0.933,
        -0.099,
        1.4,
        -0.099,
        0,
        2.767,
        0.169,
        0,
        3.533,
        -0.015,
        0,
        3.833,
        0.01,
        0,
        4.767,
        -0.101,
        0,
        7,
        0.063,
        0,
        8,
        0
      ]
    },
    {
      "Target": "Parameter",
      "Id": "HairUnder_Shaking",
      "Segments": [
        0,
        0,
        1,
        0.467,
        -0.115,
        0.933,
        -0.148,
        1.4,
        -0.148,
        0,
        2.767,
        0.254,
        0,
        3.533,
        -0.022,
        0,
        3.833,
        0.015,
        0,
        4.767,
        -0.151,
        0,
        7,
        0.095,
        0,
        8,
        0
      ]
    },
    {
      "Target": "Parameter",
      "Id": "Jacket_Shaking",
      "Segments": [
        0,
        0,
        1,
        0.211,
        -0.019,
        0.422,
        -0.023,
        0.633,
        -0.023,
        0,
        1.733,
        0.034,
        0,
        2.733,
        -0.031,
        0,
        3.4,
        0.013,
        0,
        4.1,
        -0.004,
        0,
        4.733,
        0.003,
        0,
        5.067,
        0.002,
        2,
        5.1,
        0.002,
        2,
        5.133,
        0.002,
        0,
        5.8,
        0.005,
        0,
        6.6,
        -0.002,
        0,
        7.067,
        0,
        0,
        7.167,
        -0.001,
        0,
        7.533,
        0.002,
        0,
        8,
        0
      ]
    },
    {
      "Target": "Parameter",
      "Id": "String_Shaking",
      "Segments": [
        0,
        0,
        0,
        0.667,
        -8,
        0,
        1.667,
        4,
        0,
        2.667,
        -6,
        0,
        3.4,
        5,
        0,
        4.5,
        -4,
        0,
        5.733,
        6,
        0,
        6.933,
        -6,
        0,
        8,
        0
      ]
    },
    {
      "Target": "Parameter",
      "Id": "BrowLY",
      "Segments": [
        0,
        -0.6,
        0,
        8,
        -0.6
      ]
    },
    {
      "Target": "Parameter",
      "Id": "BrowRY",
      "Segments": [
        0,
        -0.6,
        0,
        8,
        -0.6
      ]
    },
    {
      "Target": "Parameter",
      "Id": "BrowLX",
      "Segments": [
        0,
        0,
        0,
        8,
        0
      ]
    },
    {
      "Target": "Parameter",
      "Id": "BrowRX",
      "Segments": [
        0,
        0,
        0,
        8,
        0
      ]
    },
    {
      "Target": "Parameter",
      "Id": "BrowL_Angle",
      "Segments": [
        0,
        0,
        0,
        8,
        0
      ]
    },
    {
      "Target": "Parameter",
      "Id": "BrowR_Angle",
      "Segments": [
        0,
        0,
        0,
        8,
        0
      ]
    },
    {
      "Target": "Parameter",
      "Id": "BrowL_Form",
      "Segments": [
        0,
        -0.5,
        0,
        8,
        -0.5
      ]
    },
    {
      "Target": "Parameter",
      "Id": "BrowR_Form",
      "Segments": [
        0,
        -0.5,
        0,
        8,
        -0.5
      ]
    },
    {
      "Target": "Parameter",
      "Id": "EyeL_Open",
      "Segments": [
        0,
        1,
        0,
        8,
        1
      ]
    },
    {
      "Target": "Parameter",
      "Id": "EyeL_Smile",
      "Segments": [
        0,
        0,
        0,
        8,
        0
      ]
    },
    {
      "Target": "Parameter",
      "Id": "EyeR_Open",
      "Segments": [
        0,
        1,
        0,
        8,
        1
      ]
    },
    {
      "Target": "Parameter",
      "Id": "EyeR_Smile",
      "Segments": [
        0,
        0,
        0,
        8,
        0
      ]
    },
    {
      "Target": "Parameter",
      "Id": "EyeBallX",
      "Segments": [
        0,
        0.108,
        0,
        8,
        0.108
      ]
    },
    {
      "Target": "Parameter",
      "Id": "EyeBall_Size",
      "Segments": [
        0,
        0,
        0,
        8,
        0
      ]
    },
    {
      "Target": "Parameter",
      "Id": "Mouth_Form",
      "Segments": [
        0,
        1,
        0,
        8,
        1
      ]
    },
    {
      "Target": "Parameter",
      "Id": "Mouth_Open",
      "Segments": [
        0,
        1,
        0,
        8,
        1
      ]
    },
    {
      "Target": "Parameter",
      "Id": "Teeth01",
      "Segments": [
        0,
        1,
        0,
        8,
        1
      ]
    },
    {
      "Target": "Parameter",
      "Id": "Mouth_Size",
      "Segments": [
        0,
        0.4,
        0,
        8,
        0.4
      ]
    },
    {
      "Target": "Parameter",
      "Id": "HeadX",
      "Segments": [
        0,
        -2.34,
        0,
        8,
        -2.34
      ]
    },
    {
      "Target": "Parameter",
      "Id": "ShoulderR_Move",
      "Segments": [
        0,
        -4.58,
        0,
        8,
        -4.58
      ]
    },
    {
      "Target": "Parameter",
      "Id": "Arm01L_Strech",
      "Segments": [
        0,
        -4.2,
        0,
        8,
        -4.2
      ]
    },
    {
      "Target": "Parameter",
      "Id": "Arm02L_Strech",
      "Segments": [
        0,
        -3.02,
        0,
        8,
        -3.02
      ]
    },
    {
      "Target": "Parameter",
      "Id": "HandL_Strech",
      "Segments": [
        0,
        -0.14,
        0,
        8,
        -0.14
      ]
    },
    {
      "Target": "Parameter",
      "Id": "HandL01",
      "Segments": [
        0,
        0,
        0,
        8,
        0
      ]
    },
    {
      "Target": "Parameter",
      "Id": "HandL02",
      "Segments": [
        0,
        1,
        0,
        8,
        1
      ]
    },
    {
      "Target": "Parameter",
      "Id": "ArmL01",
      "Segments": [
        0,
        1,
        0,
        8,
        1
      ]
    },
    {
      "Target": "Parameter",
      "Id": "ArmL02",
      "Segments": [
        0,
        0,
        0,
        8,
        0
      ]
    },
    {
      "Target": "Parameter",
      "Id": "Arm01R_Strech",
      "Segments": [
        0,
        2.36,
        0,
        8,
        2.36
      ]
    },
    {
      "Target": "Parameter",
      "Id": "Arm02R_Strech",
      "Segments": [
        0,
        0,
        0,
        8,
        0
      ]
    },
    {
      "Target": "Parameter",
      "Id": "HandR_Strech",
      "Segments": [
        0,
        6.1,
        0,
        8,
        6.1
      ]
    },
    {
      "Target": "Parameter",
      "Id": "HandR01",
      "Segments": [
        0,
        1,
        0,
        8,
        1
      ]
    },
    {
      "Target": "Parameter",
      "Id": "HandR02",
      "Segments": [
        0,
        0,
        0,
        8,
        0
      ]
    },
    {
      "Target": "Parameter",
      "Id": "ALLX",
      "Segments": [
        0,
        0,
        0,
        8,
        0
      ]
    },
    {
      "Target": "Parameter",
      "Id": "ALLY",
      "Segments": [
        0,
        0,
        0,
        8,
        0
      ]
    },
    {
      "Target": "Parameter",
      "Id": "ALLZ",
      "Segments": [
        0,
        0,
        0,
        8,
        0
      ]
    }
  ],
  "UserData": [
    {
      "Time": 0.0,
      "Value": ""
    }
  ]
}