{
  "Version": 3,
  "Meta": {
    "Duration": 1.7,
    "Fps": 30.0,
    "Loop": true,
    "AreBeziersRestricted": true,
    "CurveCount": 56,
    "TotalSegmentCount": 217,
    "TotalPointCount": 351,
    "UserDataCount": 1,
    "TotalUserDataSize": 0
  },
  "Curves": [
    {
      "Target": "Parameter",
      "Id": "BrowLY",
      "Segments": [
        0,
        0,
        2,
        0.033,
        0,
        0,
        0.433,
        0.3,
        2,
        1.7,
        0.3
      ]
    },
    {
      "Target": "Parameter",
      "Id": "BrowRY",
      "Segments": [
        0,
        0,
        2,
        0.033,
        0,
        0,
        0.433,
        0.3,
        2,
        1.7,
        0.3
      ]
    },
    {
      "Target": "Parameter",
      "Id": "BrowLX",
      "Segments": [
        0,
        0,
        2,
        0.033,
        0,
        0,
        0.433,
        0.7,
        2,
        1.7,
        0.7
      ]
    },
    {
      "Target": "Parameter",
      "Id": "BrowRX",
      "Segments": [
        0,
        0,
        0,
        0.433,
        0.3,
        2,
        1.7,
        0.3
      ]
    },
    {
      "Target": "Parameter",
      "Id": "BrowL_Angle",
      "Segments": [
        0,
        0,
        2,
        0.033,
        0,
        0,
        0.433,
        0.6,
        2,
        1.7,
        0.6
      ]
    },
    {
      "Target": "Parameter",
      "Id": "BrowR_Angle",
      "Segments": [
        0,
        0,
        2,
        0.033,
        0,
        0,
        0.433,
        0.7,
        2,
        1.7,
        0.7
      ]
    },
    {
      "Target": "Parameter",
      "Id": "BrowL_Form",
      "Segments": [
        0,
        0,
        2,
        0.033,
        0,
        0,
        0.433,
        -0.7,
        2,
        1.7,
        -0.7
      ]
    },
    {
      "Target": "Parameter",
      "Id": "BrowR_Form",
      "Segments": [
        0,
        0,
        2,
        0.033,
        0,
        0,
        0.433,
        -0.7,
        2,
        1.7,
        -0.7
      ]
    },
    {
      "Target": "Parameter",
      "Id": "EyeL_Smile",
      "Segments": [
        0,
        0,
        2,
        0.033,
        0,
        0,
        0.3,
        1,
        2,
        1.7,
        1
      ]
    },
    {
      "Target": "Parameter",
      "Id": "EyeR_Smile",
      "Segments": [
        0,
        0,
        2,
        0.033,
        0,
        0,
        0.3,
        1,
        2,
        1.7,
        1
      ]
    },
    {
      "Target": "Parameter",
      "Id": "EyeBallX",
      "Segments": [
        0,
        0,
        0,
        0.367,
        0.214,
        1,
        0.478,
        0.214,
        0.589,
        0.072,
        0.7,
        0.056,
        1,
        1.033,
        0.008,
        1.367,
        0,
        1.7,
        0
      ]
    },
    {
      "Target": "Parameter",
      "Id": "EyeBallY",
      "Segments": [
        0,
        0.5,
        0,
        0.3,
        0.556,
        0,
        1.167,
        0.5,
        2,
        1.7,
        0.5
      ]
    },
    {
      "Target": "Parameter",
      "Id": "Mouth_Form",
      "Segments": [
        0,
        0,
        2,
        0.033,
        0,
        0,
        0.433,
        1,
        2,
        1.7,
        1
      ]
    },
    {
      "Target": "Parameter",
      "Id": "Mouth_Open",
      "Segments": [
        0,
        1,
        2,
        0.033,
        1,
        0,
        0.433,
        0.8,
        2,
        1.7,
        0.8
      ]
    },
    {
      "Target": "Parameter",
      "Id": "Teeth01",
      "Segments": [
        0,
        1,
        2,
        0.033,
        1,
        0,
        0.233,
        0,
        2,
        0.433,
        0,
        2,
        1.7,
        0
      ]
    },
    {
      "Target": "Parameter",
      "Id": "Mouth_Size",
      "Segments": [
        0,
        1,
        2,
        0.033,
        1,
        0,
        0.433,
        0.6,
        2,
        1.7,
        0.6
      ]
    },
    {
      "Target": "Parameter",
      "Id": "HeadX",
      "Segments": [
        0,
        0,
        1,
        0.056,
        0,
        0.111,
        -0.434,
        0.167,
        -2.036,
        1,
        0.189,
        -2.677,
        0.211,
        -3.98,
        0.233,
        -3.98,
        1,
        0.311,
        -3.98,
        0.389,
        -1.586,
        0.467,
        0.152,
        1,
        0.567,
        2.386,
        0.667,
        4.274,
        0.767,
        5.444,
        1,
        0.822,
        6.095,
        0.878,
        6.06,
        0.933,
        6.06,
        2,
        1.5,
        6.06,
        2,
        1.7,
        6.06
      ]
    },
    {
      "Target": "Parameter",
      "Id": "HeadY",
      "Segments": [
        0,
        0,
        0,
        0.1,
        -7.293,
        1,
        0.144,
        -7.293,
        0.189,
        -7.595,
        0.233,
        -6.517,
        1,
        0.311,
        -4.63,
        0.389,
        6.267,
        0.467,
        6.267,
        1,
        0.5,
        6.267,
        0.534,
        6.165,
        0.567,
        5.745,
        1,
        0.711,
        3.928,
        0.856,
        2.88,
        1,
        2.88,
        2,
        1.5,
        2.88,
        2,
        1.7,
        2.88
      ]
    },
    {
      "Target": "Parameter",
      "Id": "NeckZ",
      "Segments": [
        0,
        0,
        0,
        0.333,
        -2.931,
        0,
        0.7,
        0,
        0,
        1.333,
        -0.12,
        2,
        1.7,
        -0.12
      ]
    },
    {
      "Target": "Parameter",
      "Id": "BodyX",
      "Segments": [
        0,
        0,
        1,
        0.044,
        0,
        0.089,
        -2.198,
        0.133,
        -2.973,
        1,
        0.211,
        -4.328,
        0.289,
        -4.52,
        0.367,
        -4.52,
        1,
        0.445,
        -4.52,
        0.522,
        -2.96,
        0.6,
        -2.044,
        1,
        0.711,
        -0.735,
        0.822,
        -0.533,
        0.933,
        -0.533,
        1,
        1.022,
        -0.533,
        1.111,
        -0.657,
        1.2,
        -0.72,
        1,
        1.367,
        -0.838,
        1.533,
        -0.86,
        1.7,
        -0.86
      ]
    },
    {
      "Target": "Parameter",
      "Id": "BodyY",
      "Segments": [
        0,
        0,
        0,
        0.3,
        -0.665,
        1,
        0.356,
        -0.665,
        0.411,
        -0.648,
        0.467,
        -0.135,
        1,
        0.6,
        1.096,
        0.734,
        2.146,
        0.867,
        2.146,
        0,
        1.1,
        1.012,
        1,
        1.167,
        1.012,
        1.233,
        1.223,
        1.3,
        1.238,
        1,
        1.433,
        1.268,
        1.567,
        1.249,
        1.7,
        1.3
      ]
    },
    {
      "Target": "Parameter",
      "Id": "BodyZ",
      "Segments": [
        0,
        0,
        0,
        0.167,
        -1,
        2,
        0.267,
        -1,
        1,
        0.311,
        -1,
        0.356,
        -0.285,
        0.4,
        -0.078,
        1,
        0.511,
        0.439,
        0.622,
        0.952,
        0.733,
        1.152,
        1,
        0.822,
        1.312,
        0.911,
        1.435,
        1,
        1.444,
        1,
        1.233,
        1.469,
        1.467,
        1.482,
        1.7,
        1.5
      ]
    },
    {
      "Target": "Parameter",
      "Id": "BodyUpper",
      "Segments": [
        0,
        0,
        1,
        0.067,
        0,
        0.133,
        -0.064,
        0.2,
        -0.32,
        1,
        0.233,
        -0.448,
        0.267,
        -0.642,
        0.3,
        -0.642,
        0,
        0.7,
        2.841,
        1,
        0.767,
        2.841,
        0.833,
        2.453,
        0.9,
        2.362,
        1,
        1.167,
        1.999,
        1.433,
        1.9,
        1.7,
        1.9
      ]
    },
    {
      "Target": "Parameter",
      "Id": "ShoulderL_Move",
      "Segments": [
        0,
        0,
        0,
        0.367,
        1.339,
        1,
        0.411,
        1.339,
        0.456,
        0.992,
        0.5,
        0.896,
        1,
        0.6,
        0.68,
        0.7,
        0.58,
        0.8,
        0.398,
        1,
        0.967,
        0.095,
        1.133,
        -0.085,
        1.3,
        -0.085,
        2,
        1.7,
        -0.085
      ]
    },
    {
      "Target": "Parameter",
      "Id": "ShoulderR_Move",
      "Segments": [
        0,
        0,
        1,
        0.044,
        0,
        0.089,
        0.027,
        0.133,
        0.831,
        1,
        0.2,
        2.037,
        0.266,
        4.586,
        0.333,
        6.156,
        1,
        0.366,
        6.941,
        0.4,
        7.724,
        0.433,
        8.083,
        1,
        0.478,
        8.561,
        0.522,
        8.627,
        0.567,
        8.627,
        0,
        0.9,
        7.398,
        0,
        1.1,
        7.735,
        2,
        1.7,
        7.735
      ]
    },
    {
      "Target": "Parameter",
      "Id": "ShoulderL_Roll",
      "Segments": [
        0,
        0,
        0,
        0.433,
        -0.292,
        0,
        1.033,
        3.913,
        0,
        1.2,
        3.757,
        0,
        1.367,
        4.1,
        2,
        1.7,
        4.1
      ]
    },
    {
      "Target": "Parameter",
      "Id": "ElbowL_Roll",
      "Segments": [
        0,
        0,
        0,
        0.2,
        -0.423,
        1,
        0.311,
        -0.423,
        0.422,
        -0.229,
        0.533,
        0.11,
        1,
        0.589,
        0.28,
        0.644,
        0.343,
        0.7,
        0.343,
        1,
        0.8,
        0.343,
        0.9,
        -0.042,
        1,
        -0.212,
        1,
        1.233,
        -0.608,
        1.467,
        -0.695,
        1.7,
        -0.695
      ]
    },
    {
      "Target": "Parameter",
      "Id": "Arm01L_Strech",
      "Segments": [
        0,
        0,
        0,
        0.5,
        -1,
        2,
        1.7,
        -1
      ]
    },
    {
      "Target": "Parameter",
      "Id": "ShoulderR_Roll",
      "Segments": [
        0,
        0,
        0,
        0.2,
        15.126,
        1,
        0.233,
        15.126,
        0.267,
        5.306,
        0.3,
        -5.323,
        1,
        0.311,
        -8.866,
        0.322,
        -11.031,
        0.333,
        -11.838,
        1,
        0.378,
        -15.069,
        0.422,
        -19.021,
        0.467,
        -20.353,
        1,
        0.545,
        -22.685,
        0.622,
        -24.341,
        0.7,
        -25.877,
        1,
        0.733,
        -26.535,
        0.767,
        -26.597,
        0.8,
        -26.597,
        0,
        1.167,
        -25.9,
        2,
        1.7,
        -25.9
      ]
    },
    {
      "Target": "Parameter",
      "Id": "ElbowR_Roll",
      "Segments": [
        0,
        0,
        1,
        0.033,
        0,
        0.067,
        -0.561,
        0.1,
        -2.285,
        1,
        0.122,
        -3.434,
        0.145,
        -4.79,
        0.167,
        -6.646,
        1,
        0.2,
        -9.43,
        0.234,
        -14.214,
        0.267,
        -17.055,
        1,
        0.278,
        -18.002,
        0.289,
        -18.142,
        0.3,
        -18.955,
        1,
        0.311,
        -19.768,
        0.322,
        -22.137,
        0.333,
        -22.497,
        1,
        0.355,
        -23.218,
        0.378,
        -23.856,
        0.4,
        -24.173,
        1,
        0.433,
        -24.647,
        0.467,
        -25.093,
        0.5,
        -25.29,
        1,
        0.556,
        -25.618,
        0.611,
        -25.852,
        0.667,
        -26.059,
        1,
        0.711,
        -26.225,
        0.756,
        -26.277,
        0.8,
        -26.46,
        1,
        0.844,
        -26.643,
        0.889,
        -26.9,
        0.933,
        -26.9,
        2,
        1.567,
        -26.9,
        2,
        1.7,
        -26.9
      ]
    },
    {
      "Target": "Parameter",
      "Id": "Arm01R_Strech",
      "Segments": [
        0,
        0,
        2,
        0.167,
        0,
        1,
        0.222,
        0,
        0.278,
        -0.837,
        0.333,
        -2.636,
        1,
        0.366,
        -3.715,
        0.4,
        -5.23,
        0.433,
        -6.006,
        1,
        0.522,
        -8.074,
        0.611,
        -8.8,
        0.7,
        -8.8,
        2,
        1.6,
        -8.8,
        2,
        1.7,
        -8.8
      ]
    },
    {
      "Target": "Parameter",
      "Id": "Arm02R_Strech",
      "Segments": [
        0,
        0,
        2,
        0.033,
        0,
        0,
        0.3,
        -10,
        1,
        0.311,
        -10,
        0.322,
        -9.675,
        0.333,
        -9.626,
        1,
        0.444,
        -9.133,
        0.556,
        -8.94,
        0.667,
        -8.94,
        2,
        0.933,
        -8.94,
        2,
        1.6,
        -8.94,
        2,
        1.7,
        -8.94
      ]
    },
    {
      "Target": "Parameter",
      "Id": "ShoulderR_Reform",
      "Segments": [
        0,
        0,
        1,
        0.022,
        0,
        0.045,
        -0.107,
        0.067,
        -0.16,
        1,
        0.167,
        -0.397,
        0.267,
        -0.48,
        0.367,
        -0.48,
        0,
        0.733,
        0,
        2,
        1.6,
        0,
        2,
        1.7,
        0
      ]
    },
    {
      "Target": "Parameter",
      "Id": "HandR_Strech",
      "Segments": [
        0,
        0,
        1,
        0.178,
        0,
        0.355,
        0.934,
        0.533,
        4.6,
        1,
        0.655,
        7.121,
        0.778,
        10,
        0.9,
        10,
        2,
        1.3,
        10,
        2,
        1.6,
        10,
        2,
        1.7,
        10
      ]
    },
    {
      "Target": "Parameter",
      "Id": "HandR01",
      "Segments": [
        0,
        1,
        2,
        0.3,
        1,
        0,
        0.333,
        0,
        2,
        1.3,
        0,
        2,
        1.6,
        0,
        2,
        1.7,
        0
      ]
    },
    {
      "Target": "Parameter",
      "Id": "HandR02",
      "Segments": [
        0,
        0,
        2,
        0.3,
        0,
        0,
        0.333,
        1,
        2,
        1.3,
        1,
        2,
        1.6,
        1,
        2,
        1.7,
        1
      ]
    },
    {
      "Target": "Parameter",
      "Id": "HairFront_Shaking",
      "Segments": [
        0,
        0,
        2,
        0.033,
        0,
        0,
        0.133,
        -0.201,
        0,
        0.333,
        0.505,
        2,
        0.433,
        0.505,
        0,
        0.767,
        -0.391,
        0,
        1.133,
        0.121,
        0,
        1.3,
        0.038,
        0,
        1.533,
        0.087,
        0,
        1.7,
        0
      ]
    },
    {
      "Target": "Parameter",
      "Id": "HairSide_Shaking",
      "Segments": [
        0,
        0,
        2,
        0.033,
        0,
        0,
        0.133,
        -0.134,
        0,
        0.4,
        0.543,
        0,
        0.767,
        -0.334,
        0,
        1.133,
        0.08,
        0,
        1.3,
        0.026,
        0,
        1.533,
        0.058,
        0,
        1.7,
        0
      ]
    },
    {
      "Target": "Parameter",
      "Id": "HairUnder_Shaking",
      "Segments": [
        0,
        0,
        2,
        0.033,
        0,
        0,
        0.133,
        -0.201,
        0,
        0.333,
        0.579,
        2,
        0.433,
        0.579,
        0,
        0.767,
        -0.727,
        0,
        1.133,
        0.121,
        0,
        1.3,
        0.038,
        0,
        1.533,
        0.087,
        0,
        1.7,
        0
      ]
    },
    {
      "Target": "Parameter",
      "Id": "Jacket_Shaking",
      "Segments": [
        0,
        0,
        2,
        0.033,
        0,
        0,
        0.2,
        0.14,
        0,
        0.7,
        -0.1,
        1,
        0.844,
        -0.1,
        0.989,
        0.024,
        1.133,
        0.058,
        1,
        1.233,
        0.082,
        1.333,
        0.076,
        1.433,
        0.076,
        1,
        1.522,
        0.076,
        1.611,
        0.01,
        1.7,
        0
      ]
    },
    {
      "Target": "Parameter",
      "Id": "String_Shaking",
      "Segments": [
        0,
        0,
        0,
        0.2,
        1.33,
        0,
        0.667,
        -10,
        0,
        1.7,
        0
      ]
    },
    {
      "Target": "Parameter",
      "Id": "EyeL_Open",
      "Segments": [
        0,
        1,
        0,
        1.7,
        1
      ]
    },
    {
      "Target": "Parameter",
      "Id": "EyeR_Open",
      "Segments": [
        0,
        1,
        0,
        1.7,
        1
      ]
    },
    {
      "Target": "Parameter",
      "Id": "EyeBall_Size",
      "Segments": [
        0,
        0,
        0,
        1.7,
        0
      ]
    },
    {
      "Target": "Parameter",
      "Id": "Breath",
      "Segments": [
        0,
        0,
        0,
        1.7,
        0
      ]
    },
    {
      "Target": "Parameter",
      "Id": "HandL_Roll",
      "Segments": [
        0,
        0,
        0,
        1.7,
        0
      ]
    },
    {
      "Target": "Parameter",
      "Id": "Arm02L_Strech",
      "Segments": [
        0,
        0,
        0,
        1.7,
        0
      ]
    },
    {
      "Target": "Parameter",
      "Id": "HandL_Strech",
      "Segments": [
        0,
        0,
        0,
        1.7,
        0
      ]
    },
    {
      "Target": "Parameter",
      "Id": "HandL01",
      "Segments": [
        0,
        1,
        0,
        1.7,
        1
      ]
    },
    {
      "Target": "Parameter",
      "Id": "HandL02",
      "Segments": [
        0,
        0,
        0,
        1.7,
        0
      ]
    },
    {
      "Target": "Parameter",
      "Id": "ArmL01",
      "Segments": [
        0,
        1,
        0,
        1.7,
        1
      ]
    },
    {
      "Target": "Parameter",
      "Id": "ArmL02",
      "Segments": [
        0,
        0,
        0,
        1.7,
        0
      ]
    },
    {
      "Target": "Parameter",
      "Id": "HandR_Roll",
      "Segments": [
        0,
        0,
        0,
        1.7,
        0
      ]
    },
    {
      "Target": "Parameter",
      "Id": "ALLX",
      "Segments": [
        0,
        0,
        0,
        1.7,
        0
      ]
    },
    {
      "Target": "Parameter",
      "Id": "ALLY",
      "Segments": [
        0,
        0,
        0,
        1.7,
        0
      ]
    },
    {
      "Target": "Parameter",
      "Id": "ALLZ",
      "Segments": [
        0,
        0,
        0,
        1.7,
        0
      ]
    }
  ],
  "UserData": [
    {
      "Time": 0.0,
      "Value": ""
    }
  ]
}