{
  "Version": 3,
  "Meta": {
    "Duration": 8.0,
    "Fps": 30.0,
    "Loop": true,
    "AreBeziersRestricted": true,
    "CurveCount": 56,
    "TotalSegmentCount": 143,
    "TotalPointCount": 243,
    "UserDataCount": 1,
    "TotalUserDataSize": 0
  },
  "Curves": [
    {
      "Target": "Parameter",
      "Id": "EyeBallX",
      "Segments": [
        0,
        0.045,
        0,
        0.967,
        0.1,
        0,
        2.067,
        -0.1,
        1,
        2.367,
        -0.1,
        2.667,
        -0.039,
        2.967,
        0,
        1,
        3.578,
        0.08,
        4.189,
        0.1,
        4.8,
        0.1,
        0,
        5.833,
        -0.1,
        1,
        6.144,
        -0.1,
        6.456,
        -0.032,
        6.767,
        0,
        1,
        7.178,
        0.042,
        7.589,
        0.045,
        8,
        0.045
      ]
    },
    {
      "Target": "Parameter",
      "Id": "HeadX",
      "Segments": [
        0,
        7.044,
        1,
        0.344,
        6.475,
        0.689,
        4.013,
        1.033,
        4.013,
        0,
        2.967,
        7.27,
        0,
        4.8,
        2.976,
        0,
        6.767,
        8.05,
        1,
        6.945,
        8.05,
        7.122,
        7.953,
        7.3,
        7.667,
        1,
        7.533,
        7.29,
        7.767,
        7.044,
        8,
        7.044
      ]
    },
    {
      "Target": "Parameter",
      "Id": "NeckZ",
      "Segments": [
        0,
        -1.488,
        0,
        0.867,
        -1.668,
        0,
        2.3,
        -1.077,
        1,
        2.778,
        -1.077,
        3.255,
        -1.093,
        3.733,
        -1.222,
        1,
        4.133,
        -1.331,
        4.533,
        -1.495,
        4.933,
        -1.495,
        0,
        6.3,
        -1.077,
        1,
        6.656,
        -1.077,
        7.011,
        -1.093,
        7.367,
        -1.222,
        1,
        7.578,
        -1.299,
        7.789,
        -1.488,
        8,
        -1.488
      ]
    },
    {
      "Target": "Parameter",
      "Id": "BodyX",
      "Segments": [
        0,
        2.139,
        0,
        1.1,
        2.202,
        1,
        1.356,
        2.202,
        1.611,
        2.174,
        1.867,
        1.723,
        1,
        2.234,
        1.075,
        2.6,
        0.356,
        2.967,
        0.356,
        1,
        3.422,
        0.356,
        3.878,
        1.192,
        4.333,
        1.947,
        1,
        4.511,
        2.242,
        4.689,
        2.202,
        4.867,
        2.202,
        1,
        5.134,
        2.202,
        5.4,
        2.158,
        5.667,
        1.723,
        1,
        6.045,
        1.106,
        6.422,
        0.48,
        6.8,
        0.48,
        1,
        6.956,
        0.48,
        7.111,
        0.472,
        7.267,
        0.836,
        1,
        7.511,
        1.409,
        7.756,
        2.139,
        8,
        2.139
      ]
    },
    {
      "Target": "Parameter",
      "Id": "BodyZ",
      "Segments": [
        0,
        0.001,
        0,
        1.2,
        0.553,
        1,
        1.356,
        0.553,
        1.511,
        0.417,
        1.667,
        0.31,
        1,
        1.911,
        0.142,
        2.156,
        0.017,
        2.4,
        -0.103,
        1,
        2.622,
        -0.212,
        2.845,
        -0.245,
        3.067,
        -0.245,
        1,
        3.456,
        -0.245,
        3.844,
        0.074,
        4.233,
        0.371,
        1,
        4.466,
        0.549,
        4.7,
        0.553,
        4.933,
        0.553,
        1,
        5.178,
        0.553,
        5.422,
        0.406,
        5.667,
        0.249,
        1,
        5.922,
        0.084,
        6.178,
        -0.041,
        6.433,
        -0.159,
        1,
        6.678,
        -0.272,
        6.922,
        -0.307,
        7.167,
        -0.307,
        0,
        8,
        0.001
      ]
    },
    {
      "Target": "Parameter",
      "Id": "BodyUpper",
      "Segments": [
        0,
        0,
        0,
        1.067,
        0.544,
        0,
        2.767,
        0,
        0,
        4.3,
        0.574,
        0,
        5.667,
        0.123,
        0,
        6.733,
        0.544,
        0,
        8,
        0
      ]
    },
    {
      "Target": "Parameter",
      "Id": "Breath",
      "Segments": [
        0,
        0,
        0,
        0.833,
        0.154,
        0,
        2.033,
        0,
        0,
        3.6,
        0.154,
        2,
        4.833,
        0.154,
        0,
        6.033,
        0,
        0,
        7.233,
        0.154,
        0,
        8,
        0
      ]
    },
    {
      "Target": "Parameter",
      "Id": "ShoulderL_Move",
      "Segments": [
        0,
        1.08,
        0,
        0.6,
        0.555,
        0,
        2.133,
        0.767,
        2,
        2.833,
        0.767,
        0,
        4.567,
        1.62,
        1,
        5.089,
        1.62,
        5.611,
        1.626,
        6.133,
        1.604,
        1,
        6.755,
        1.577,
        7.378,
        1.08,
        8,
        1.08
      ]
    },
    {
      "Target": "Parameter",
      "Id": "ShoulderR_Move",
      "Segments": [
        0,
        -0.581,
        1,
        0.2,
        -0.581,
        0.4,
        -0.153,
        0.6,
        -0.117,
        1,
        1.111,
        -0.025,
        1.622,
        -0.014,
        2.133,
        -0.014,
        2,
        2.833,
        -0.014,
        1,
        3.411,
        -0.014,
        3.989,
        -0.121,
        4.567,
        -0.581,
        1,
        5.089,
        -0.996,
        5.611,
        -1.398,
        6.133,
        -1.398,
        0,
        8,
        -0.581
      ]
    },
    {
      "Target": "Parameter",
      "Id": "ShoulderL_Roll",
      "Segments": [
        0,
        0,
        0,
        1.033,
        0.143,
        1,
        1.566,
        0.143,
        2.1,
        0.075,
        2.633,
        -0.09,
        1,
        2.8,
        -0.142,
        2.966,
        -0.187,
        3.133,
        -0.187,
        0,
        4.733,
        0.156,
        0,
        6.7,
        -0.174,
        0,
        8,
        0
      ]
    },
    {
      "Target": "Parameter",
      "Id": "ElbowL_Roll",
      "Segments": [
        0,
        0,
        1,
        0.211,
        0,
        0.422,
        0.113,
        0.633,
        0.26,
        1,
        0.866,
        0.422,
        1.1,
        0.473,
        1.333,
        0.473,
        0,
        3.1,
        0.249,
        0,
        5.2,
        0.548,
        1,
        5.856,
        0.548,
        6.511,
        0.058,
        7.167,
        0.01,
        1,
        7.445,
        -0.01,
        7.722,
        0,
        8,
        0
      ]
    },
    {
      "Target": "Parameter",
      "Id": "HandL_Roll",
      "Segments": [
        0,
        0,
        2,
        4.067,
        0,
        0,
        5,
        0.11,
        0,
        6.7,
        -0.01,
        0,
        8,
        0
      ]
    },
    {
      "Target": "Parameter",
      "Id": "ShoulderR_Roll",
      "Segments": [
        0,
        -0.076,
        0,
        0.633,
        -0.016,
        0,
        1.633,
        -0.083,
        0,
        3.1,
        0,
        1,
        3.589,
        0,
        4.078,
        -0.07,
        4.567,
        -0.1,
        1,
        4.756,
        -0.112,
        4.944,
        -0.107,
        5.133,
        -0.115,
        1,
        5.411,
        -0.126,
        5.689,
        -0.142,
        5.967,
        -0.142,
        1,
        6.3,
        -0.142,
        6.634,
        -0.121,
        6.967,
        -0.1,
        1,
        7.311,
        -0.079,
        7.656,
        -0.076,
        8,
        -0.076
      ]
    },
    {
      "Target": "Parameter",
      "Id": "ElbowR_Roll",
      "Segments": [
        0,
        0.303,
        0,
        0.733,
        0.162,
        1,
        1.066,
        0.162,
        1.4,
        0.208,
        1.733,
        0.344,
        1,
        1.989,
        0.448,
        2.244,
        0.528,
        2.5,
        0.528,
        2,
        3.233,
        0.528,
        1,
        3.711,
        0.528,
        4.189,
        0.467,
        4.667,
        0.417,
        1,
        5.011,
        0.381,
        5.356,
        0.357,
        5.7,
        0.344,
        1,
        6.156,
        0.326,
        6.611,
        0.312,
        7.067,
        0.304,
        1,
        7.378,
        0.3,
        7.689,
        0.3,
        8,
        0.3
      ]
    },
    {
      "Target": "Parameter",
      "Id": "Arm01R_Strech",
      "Segments": [
        0,
        0,
        2,
        0.633,
        0,
        0,
        3.3,
        -0.172,
        0,
        4.567,
        0,
        0,
        6.933,
        -0.152,
        0,
        8,
        0
      ]
    },
    {
      "Target": "Parameter",
      "Id": "BrowLY",
      "Segments": [
        0,
        0,
        0,
        8,
        0
      ]
    },
    {
      "Target": "Parameter",
      "Id": "BrowRY",
      "Segments": [
        0,
        0.2,
        0,
        8,
        0.2
      ]
    },
    {
      "Target": "Parameter",
      "Id": "BrowLX",
      "Segments": [
        0,
        0,
        0,
        8,
        0
      ]
    },
    {
      "Target": "Parameter",
      "Id": "BrowRX",
      "Segments": [
        0,
        0,
        0,
        8,
        0
      ]
    },
    {
      "Target": "Parameter",
      "Id": "BrowL_Angle",
      "Segments": [
        0,
        0.4,
        0,
        8,
        0.4
      ]
    },
    {
      "Target": "Parameter",
      "Id": "BrowR_Angle",
      "Segments": [
        0,
        0.4,
        0,
        8,
        0.4
      ]
    },
    {
      "Target": "Parameter",
      "Id": "BrowL_Form",
      "Segments": [
        0,
        -0.6,
        0,
        8,
        -0.6
      ]
    },
    {
      "Target": "Parameter",
      "Id": "BrowR_Form",
      "Segments": [
        0,
        0.3,
        0,
        8,
        0.3
      ]
    },
    {
      "Target": "Parameter",
      "Id": "EyeL_Open",
      "Segments": [
        0,
        1,
        0,
        8,
        1
      ]
    },
    {
      "Target": "Parameter",
      "Id": "EyeL_Smile",
      "Segments": [
        0,
        0,
        0,
        8,
        0
      ]
    },
    {
      "Target": "Parameter",
      "Id": "EyeR_Open",
      "Segments": [
        0,
        1,
        0,
        8,
        1
      ]
    },
    {
      "Target": "Parameter",
      "Id": "EyeR_Smile",
      "Segments": [
        0,
        0,
        0,
        8,
        0
      ]
    },
    {
      "Target": "Parameter",
      "Id": "EyeBallY",
      "Segments": [
        0,
        0.399,
        0,
        8,
        0.399
      ]
    },
    {
      "Target": "Parameter",
      "Id": "EyeBall_Size",
      "Segments": [
        0,
        0,
        0,
        8,
        0
      ]
    },
    {
      "Target": "Parameter",
      "Id": "Mouth_Form",
      "Segments": [
        0,
        -1,
        0,
        8,
        -1
      ]
    },
    {
      "Target": "Parameter",
      "Id": "Mouth_Open",
      "Segments": [
        0,
        0.8,
        0,
        8,
        0.8
      ]
    },
    {
      "Target": "Parameter",
      "Id": "Teeth01",
      "Segments": [
        0,
        0,
        0,
        8,
        0
      ]
    },
    {
      "Target": "Parameter",
      "Id": "Mouth_Size",
      "Segments": [
        0,
        0.8,
        0,
        8,
        0.8
      ]
    },
    {
      "Target": "Parameter",
      "Id": "HeadY",
      "Segments": [
        0,
        0,
        0,
        8,
        0
      ]
    },
    {
      "Target": "Parameter",
      "Id": "BodyY",
      "Segments": [
        0,
        -0.02,
        0,
        8,
        -0.02
      ]
    },
    {
      "Target": "Parameter",
      "Id": "Arm01L_Strech",
      "Segments": [
        0,
        0,
        0,
        8,
        0
      ]
    },
    {
      "Target": "Parameter",
      "Id": "Arm02L_Strech",
      "Segments": [
        0,
        0,
        0,
        8,
        0
      ]
    },
    {
      "Target": "Parameter",
      "Id": "HandL_Strech",
      "Segments": [
        0,
        0,
        0,
        8,
        0
      ]
    },
    {
      "Target": "Parameter",
      "Id": "HandL01",
      "Segments": [
        0,
        1,
        0,
        8,
        1
      ]
    },
    {
      "Target": "Parameter",
      "Id": "HandL02",
      "Segments": [
        0,
        0,
        0,
        8,
        0
      ]
    },
    {
      "Target": "Parameter",
      "Id": "ArmL01",
      "Segments": [
        0,
        1,
        0,
        8,
        1
      ]
    },
    {
      "Target": "Parameter",
      "Id": "ArmL02",
      "Segments": [
        0,
        0,
        0,
        8,
        0
      ]
    },
    {
      "Target": "Parameter",
      "Id": "HandR_Roll",
      "Segments": [
        0,
        0,
        0,
        8,
        0
      ]
    },
    {
      "Target": "Parameter",
      "Id": "Arm02R_Strech",
      "Segments": [
        0,
        0,
        0,
        8,
        0
      ]
    },
    {
      "Target": "Parameter",
      "Id": "ShoulderR_Reform",
      "Segments": [
        0,
        0,
        0,
        8,
        0
      ]
    },
    {
      "Target": "Parameter",
      "Id": "HandR_Strech",
      "Segments": [
        0,
        0,
        0,
        8,
        0
      ]
    },
    {
      "Target": "Parameter",
      "Id": "HandR01",
      "Segments": [
        0,
        1,
        0,
        8,
        1
      ]
    },
    {
      "Target": "Parameter",
      "Id": "HandR02",
      "Segments": [
        0,
        0,
        0,
        8,
        0
      ]
    },
    {
      "Target": "Parameter",
      "Id": "HairFront_Shaking",
      "Segments": [
        0,
        0,
        0,
        8,
        0
      ]
    },
    {
      "Target": "Parameter",
      "Id": "HairSide_Shaking",
      "Segments": [
        0,
        0,
        0,
        8,
        0
      ]
    },
    {
      "Target": "Parameter",
      "Id": "HairUnder_Shaking",
      "Segments": [
        0,
        0,
        0,
        8,
        0
      ]
    },
    {
      "Target": "Parameter",
      "Id": "Jacket_Shaking",
      "Segments": [
        0,
        0,
        0,
        8,
        0
      ]
    },
    {
      "Target": "Parameter",
      "Id": "String_Shaking",
      "Segments": [
        0,
        0,
        0,
        8,
        0
      ]
    },
    {
      "Target": "Parameter",
      "Id": "ALLX",
      "Segments": [
        0,
        0,
        0,
        8,
        0
      ]
    },
    {
      "Target": "Parameter",
      "Id": "ALLY",
      "Segments": [
        0,
        0,
        0,
        8,
        0
      ]
    },
    {
      "Target": "Parameter",
      "Id": "ALLZ",
      "Segments": [
        0,
        0,
        0,
        8,
        0
      ]
    }
  ],
  "UserData": [
    {
      "Time": 0.0,
      "Value": ""
    }
  ]
}