{
  "Version": 3,
  "Meta": {
    "Duration": 2.0,
    "Fps": 30.0,
    "Loop": true,
    "AreBeziersRestricted": true,
    "CurveCount": 94,
    "TotalSegmentCount": 165,
    "TotalPointCount": 273,
    "UserDataCount": 1,
    "TotalUserDataSize": 0
  },
  "Curves": [
    {
      "Target": "Parameter",
      "Id": "Breath",
      "Segments": [
        0,
        0,
        1,
        0.389,
        0,
        0.778,
        0.56,
        1.167,
        0.609,
        1,
        1.445,
        0.641,
        1.722,
        0.579,
        2,
        0.477
      ]
    },
    {
      "Target": "Parameter",
      "Id": "Body_Shaking",
      "Segments": [
        0,
        0,
        0,
        0.767,
        -2.1,
        0,
        2,
        3.264
      ]
    },
    {
      "Target": "Parameter",
      "Id": "BodyX",
      "Segments": [
        0,
        0,
        1,
        0.133,
        8.124,
        0.267,
        14.677,
        0.4,
        20.415,
        1,
        0.644,
        28.751,
        0.889,
        30,
        1.133,
        30,
        1,
        1.344,
        30,
        1.556,
        29.064,
        1.767,
        15,
        1,
        1.845,
        10.132,
        1.922,
        4.932,
        2,
        0
      ]
    },
    {
      "Target": "Parameter",
      "Id": "Body_Pose1",
      "Segments": [
        0,
        0,
        1,
        0.078,
        -1.777,
        0.155,
        -3.268,
        0.233,
        -4.333,
        1,
        0.5,
        -7.052,
        0.766,
        -7.209,
        1.033,
        -4.333,
        1,
        1.244,
        -1.835,
        1.456,
        4.931,
        1.667,
        7.902,
        1,
        1.778,
        9.173,
        1.889,
        10.033,
        2,
        10.395
      ]
    },
    {
      "Target": "Parameter",
      "Id": "BodyY",
      "Segments": [
        0,
        0,
        0,
        0.833,
        -2.918,
        0,
        2,
        3.818
      ]
    },
    {
      "Target": "Parameter",
      "Id": "Waist_Roll",
      "Segments": [
        0,
        0,
        1,
        0.233,
        -0.237,
        0.467,
        -0.456,
        0.7,
        -0.456,
        0,
        1.467,
        0.184,
        1,
        1.645,
        0.396,
        1.822,
        0.577,
        2,
        0.634
      ]
    },
    {
      "Target": "Parameter",
      "Id": "Sub_move",
      "Segments": [
        0,
        0,
        1,
        0.211,
        -3.704,
        0.422,
        -9.491,
        0.633,
        -9.491,
        1,
        0.944,
        -9.491,
        1.256,
        -1.955,
        1.567,
        2.296,
        1,
        1.711,
        4.27,
        1.856,
        5.131,
        2,
        5.374
      ]
    },
    {
      "Target": "Parameter",
      "Id": "JacketL_Move",
      "Segments": [
        0,
        0,
        1,
        0.178,
        -12.349,
        0.355,
        -17.83,
        0.533,
        -17.83,
        1,
        0.822,
        -17.83,
        1.111,
        3.376,
        1.4,
        10.277,
        1,
        1.6,
        14.106,
        1.8,
        14.055,
        2,
        9.282
      ]
    },
    {
      "Target": "Parameter",
      "Id": "JacketR_Move",
      "Segments": [
        0,
        0,
        1,
        0.178,
        -19.537,
        0.355,
        -21,
        0.533,
        -21,
        1,
        0.855,
        -21,
        1.178,
        0.869,
        1.5,
        7.404,
        1,
        1.667,
        11.331,
        1.833,
        12.366,
        2,
        7.404
      ]
    },
    {
      "Target": "Parameter",
      "Id": "Param",
      "Segments": [
        0,
        0,
        0,
        1.1,
        10.913,
        1,
        1.4,
        10.913,
        1.7,
        3.511,
        2,
        -5.587
      ]
    },
    {
      "Target": "Parameter",
      "Id": "Head_AngleX",
      "Segments": [
        0,
        0,
        1,
        0.289,
        2.271,
        0.578,
        6.245,
        0.867,
        7.995,
        1,
        1.245,
        10.327,
        1.622,
        10.335,
        2,
        10.335
      ]
    },
    {
      "Target": "Parameter",
      "Id": "Head_AngleY",
      "Segments": [
        0,
        0,
        1,
        0.156,
        -2.742,
        0.311,
        -5.234,
        0.467,
        -7.559,
        1,
        0.711,
        -11.309,
        0.956,
        -11.849,
        1.2,
        -11.849,
        1,
        1.467,
        -11.849,
        1.733,
        -8.308,
        2,
        -3.886
      ]
    },
    {
      "Target": "Parameter",
      "Id": "Head_Roll",
      "Segments": [
        0,
        0,
        1,
        0.278,
        0.707,
        0.555,
        1.201,
        0.833,
        1.579,
        1,
        1.222,
        1.974,
        1.611,
        2.021,
        2,
        0.601
      ]
    },
    {
      "Target": "Parameter",
      "Id": "Head_RollY",
      "Segments": [
        0,
        0,
        0,
        0.767,
        -5.419,
        0,
        2,
        3.615
      ]
    },
    {
      "Target": "Parameter",
      "Id": "Eye_Ang",
      "Segments": [
        0,
        0,
        0,
        0.6,
        -11,
        2,
        2,
        -11
      ]
    },
    {
      "Target": "Parameter",
      "Id": "Ang_Move",
      "Segments": [
        0,
        0,
        0,
        0.6,
        -22,
        2,
        2,
        -22
      ]
    },
    {
      "Target": "Parameter",
      "Id": "BrowR_Angle",
      "Segments": [
        0,
        0,
        0,
        0.6,
        0.2,
        2,
        2,
        0.2
      ]
    },
    {
      "Target": "Parameter",
      "Id": "BrowL_Angle",
      "Segments": [
        0,
        0,
        0,
        0.6,
        -0.3,
        2,
        2,
        -0.3
      ]
    },
    {
      "Target": "Parameter",
      "Id": "BrowR_Form",
      "Segments": [
        0,
        0,
        0,
        0.6,
        0.6,
        2,
        2,
        0.6
      ]
    },
    {
      "Target": "Parameter",
      "Id": "BrowL_Form",
      "Segments": [
        0,
        0,
        0,
        0.6,
        0.6,
        2,
        2,
        0.6
      ]
    },
    {
      "Target": "Parameter",
      "Id": "EyeR_Open",
      "Segments": [
        0,
        1,
        0,
        0.133,
        0,
        2,
        0.2,
        0,
        0,
        0.6,
        1,
        2,
        2,
        1
      ]
    },
    {
      "Target": "Parameter",
      "Id": "EyeL_Open",
      "Segments": [
        0,
        1,
        0,
        0.133,
        0,
        2,
        0.2,
        0,
        0,
        0.6,
        1,
        2,
        2,
        1
      ]
    },
    {
      "Target": "Parameter",
      "Id": "EyeR_Smile",
      "Segments": [
        0,
        0,
        0,
        0.267,
        -5,
        0,
        0.6,
        18,
        2,
        2,
        18
      ]
    },
    {
      "Target": "Parameter",
      "Id": "EyeL_Smile",
      "Segments": [
        0,
        0,
        0,
        0.267,
        -4,
        0,
        0.6,
        20,
        2,
        2,
        20
      ]
    },
    {
      "Target": "Parameter",
      "Id": "MouthForm",
      "Segments": [
        0,
        0,
        0,
        0.4,
        -1,
        2,
        2,
        -1
      ]
    },
    {
      "Target": "Parameter",
      "Id": "Mouth_Open",
      "Segments": [
        0,
        1,
        0,
        0.867,
        0.5,
        2,
        2,
        0.5
      ]
    },
    {
      "Target": "Parameter",
      "Id": "HairFront_Move",
      "Segments": [
        0,
        0,
        1,
        0.089,
        -0.139,
        0.178,
        -0.256,
        0.267,
        -0.329,
        1,
        0.367,
        -0.405,
        0.467,
        -0.4,
        0.567,
        -0.4,
        1,
        0.822,
        -0.4,
        1.078,
        -0.143,
        1.333,
        0.25,
        1,
        1.466,
        0.455,
        1.6,
        0.511,
        1.733,
        0.511,
        1,
        1.811,
        0.511,
        1.889,
        0.458,
        1.967,
        0.372,
        1,
        1.978,
        0.359,
        1.989,
        0.347,
        2,
        0.334
      ]
    },
    {
      "Target": "Parameter",
      "Id": "HairSideR_Move",
      "Segments": [
        0,
        0,
        0,
        0.4,
        -16.905,
        0,
        1.2,
        16.478,
        1,
        1.456,
        16.478,
        1.711,
        0.152,
        1.967,
        -12.172,
        1,
        1.978,
        -12.708,
        1.989,
        -13.184,
        2,
        -13.606
      ]
    },
    {
      "Target": "Parameter",
      "Id": "HairSideL_Move",
      "Segments": [
        0,
        0,
        0,
        0.5,
        -0.615,
        0,
        1.367,
        0.645,
        1,
        1.578,
        0.645,
        1.789,
        0.467,
        2,
        -0.066
      ]
    },
    {
      "Target": "Parameter",
      "Id": "HairBack_Move",
      "Segments": [
        0,
        0,
        0,
        0.767,
        -0.706,
        0,
        1.633,
        0.807,
        1,
        1.755,
        0.807,
        1.878,
        0.791,
        2,
        0.521
      ]
    },
    {
      "Target": "Parameter",
      "Id": "ShoulderRY",
      "Segments": [
        0,
        0,
        2,
        0.833,
        0,
        0,
        2,
        12.87
      ]
    },
    {
      "Target": "Parameter",
      "Id": "ShoulderR_Roll",
      "Segments": [
        0,
        0,
        1,
        0.167,
        0.95,
        0.333,
        1.494,
        0.5,
        1.494,
        1,
        0.589,
        1.494,
        0.678,
        1.483,
        0.767,
        1.198,
        1,
        0.967,
        0.557,
        1.167,
        0,
        1.367,
        0,
        1,
        1.578,
        0,
        1.789,
        0.593,
        2,
        1.012
      ]
    },
    {
      "Target": "Parameter",
      "Id": "ShoulderL_Roll",
      "Segments": [
        0,
        41.284,
        0,
        1.633,
        42.413,
        1,
        1.755,
        42.413,
        1.878,
        42.107,
        2,
        41.599
      ]
    },
    {
      "Target": "Parameter",
      "Id": "ArmR_Roll",
      "Segments": [
        0,
        0,
        0,
        0.767,
        0.46,
        1,
        1,
        0.46,
        1.234,
        0.355,
        1.467,
        -0.076,
        1,
        1.589,
        -0.302,
        1.711,
        -0.828,
        1.833,
        -1.2,
        1,
        1.889,
        -1.369,
        1.944,
        -1.533,
        2,
        -1.7
      ]
    },
    {
      "Target": "Parameter",
      "Id": "ArmL_Roll",
      "Segments": [
        0,
        -38.292,
        1,
        0.544,
        -38.292,
        1.089,
        -38.268,
        1.633,
        -38.185,
        1,
        1.755,
        -38.167,
        1.878,
        -38.134,
        2,
        -37.985
      ]
    },
    {
      "Target": "Parameter",
      "Id": "ArmL_Form2",
      "Segments": [
        0,
        0,
        2,
        1.633,
        0,
        1,
        1.755,
        0,
        1.878,
        0.025,
        2,
        -0.136
      ]
    },
    {
      "Target": "Parameter",
      "Id": "HandR_Roll",
      "Segments": [
        0,
        0,
        0,
        0.567,
        -2.94,
        0,
        1.533,
        1.144,
        1,
        1.689,
        1.144,
        1.844,
        0.41,
        2,
        -0.764
      ]
    },
    {
      "Target": "Parameter",
      "Id": "HandL_Roll",
      "Segments": [
        0,
        -27.102,
        2,
        1.767,
        -27.102,
        1,
        1.845,
        -27.102,
        1.922,
        -27.044,
        2,
        -27.199
      ]
    },
    {
      "Target": "Parameter",
      "Id": "HandL_move",
      "Segments": [
        0,
        -30,
        0,
        0.667,
        -26.634,
        0,
        1.367,
        -30,
        0,
        2,
        -19.575
      ]
    },
    {
      "Target": "Parameter",
      "Id": "LegR_Roll",
      "Segments": [
        0,
        0,
        2,
        1.667,
        0,
        1,
        1.778,
        0,
        1.889,
        -0.016,
        2,
        0.757
      ]
    },
    {
      "Target": "Parameter",
      "Id": "LegL_Roll",
      "Segments": [
        0,
        14,
        2,
        1.667,
        14,
        1,
        1.778,
        14,
        1.889,
        13.661,
        2,
        16.018
      ]
    },
    {
      "Target": "PartOpacity",
      "Id": "Part25",
      "Segments": [
        0,
        1,
        2,
        2,
        1
      ]
    },
    {
      "Target": "PartOpacity",
      "Id": "Part",
      "Segments": [
        0,
        1,
        2,
        2,
        1
      ]
    },
    {
      "Target": "PartOpacity",
      "Id": "Part34",
      "Segments": [
        0,
        1,
        2,
        2,
        1
      ]
    },
    {
      "Target": "PartOpacity",
      "Id": "Part2",
      "Segments": [
        0,
        1,
        2,
        2,
        1
      ]
    },
    {
      "Target": "PartOpacity",
      "Id": "Part3",
      "Segments": [
        0,
        1,
        2,
        2,
        1
      ]
    },
    {
      "Target": "PartOpacity",
      "Id": "Part26",
      "Segments": [
        0,
        0,
        2,
        2,
        0
      ]
    },
    {
      "Target": "PartOpacity",
      "Id": "Part23",
      "Segments": [
        0,
        0,
        2,
        2,
        0
      ]
    },
    {
      "Target": "PartOpacity",
      "Id": "Part4",
      "Segments": [
        0,
        1,
        2,
        2,
        1
      ]
    },
    {
      "Target": "PartOpacity",
      "Id": "Part29",
      "Segments": [
        0,
        1,
        2,
        2,
        1
      ]
    },
    {
      "Target": "PartOpacity",
      "Id": "Part5",
      "Segments": [
        0,
        0,
        2,
        2,
        0
      ]
    },
    {
      "Target": "PartOpacity",
      "Id": "Part6",
      "Segments": [
        0,
        0,
        2,
        2,
        0
      ]
    },
    {
      "Target": "PartOpacity",
      "Id": "Part7",
      "Segments": [
        0,
        0,
        2,
        2,
        0
      ]
    },
    {
      "Target": "PartOpacity",
      "Id": "Part8",
      "Segments": [
        0,
        0,
        2,
        2,
        0
      ]
    },
    {
      "Target": "PartOpacity",
      "Id": "Part9",
      "Segments": [
        0,
        1,
        2,
        2,
        1
      ]
    },
    {
      "Target": "PartOpacity",
      "Id": "Part14",
      "Segments": [
        0,
        0,
        2,
        2,
        0
      ]
    },
    {
      "Target": "PartOpacity",
      "Id": "Part24",
      "Segments": [
        0,
        0,
        2,
        2,
        0
      ]
    },
    {
      "Target": "PartOpacity",
      "Id": "Part16",
      "Segments": [
        0,
        0,
        2,
        2,
        0
      ]
    },
    {
      "Target": "PartOpacity",
      "Id": "Part18",
      "Segments": [
        0,
        0,
        2,
        2,
        0
      ]
    },
    {
      "Target": "PartOpacity",
      "Id": "Part10",
      "Segments": [
        0,
        1,
        2,
        2,
        1
      ]
    },
    {
      "Target": "PartOpacity",
      "Id": "Part13",
      "Segments": [
        0,
        1,
        2,
        2,
        1
      ]
    },
    {
      "Target": "PartOpacity",
      "Id": "Part11",
      "Segments": [
        0,
        1,
        2,
        2,
        1
      ]
    },
    {
      "Target": "PartOpacity",
      "Id": "Part17",
      "Segments": [
        0,
        1,
        2,
        2,
        1
      ]
    },
    {
      "Target": "PartOpacity",
      "Id": "Part19",
      "Segments": [
        0,
        1,
        2,
        2,
        1
      ]
    },
    {
      "Target": "PartOpacity",
      "Id": "Part15",
      "Segments": [
        0,
        0,
        2,
        2,
        0
      ]
    },
    {
      "Target": "PartOpacity",
      "Id": "Part22",
      "Segments": [
        0,
        1,
        2,
        2,
        1
      ]
    },
    {
      "Target": "PartOpacity",
      "Id": "Part20",
      "Segments": [
        0,
        1,
        2,
        2,
        1
      ]
    },
    {
      "Target": "PartOpacity",
      "Id": "Part21",
      "Segments": [
        0,
        1,
        2,
        2,
        1
      ]
    },
    {
      "Target": "Parameter",
      "Id": "BodyPoX",
      "Segments": [
        0,
        0,
        0,
        2,
        0
      ]
    },
    {
      "Target": "Parameter",
      "Id": "Ang_Form",
      "Segments": [
        0,
        0,
        0,
        2,
        0
      ]
    },
    {
      "Target": "Parameter",
      "Id": "AngY",
      "Segments": [
        0,
        0,
        0,
        2,
        0
      ]
    },
    {
      "Target": "Parameter",
      "Id": "Wet_On",
      "Segments": [
        0,
        0,
        0,
        2,
        0
      ]
    },
    {
      "Target": "Parameter",
      "Id": "EyeBallX",
      "Segments": [
        0,
        0,
        0,
        2,
        0
      ]
    },
    {
      "Target": "Parameter",
      "Id": "EyeBallY",
      "Segments": [
        0,
        0,
        0,
        2,
        0
      ]
    },
    {
      "Target": "Parameter",
      "Id": "EyeBall_size",
      "Segments": [
        0,
        0,
        0,
        2,
        0
      ]
    },
    {
      "Target": "Parameter",
      "Id": "BrowRY",
      "Segments": [
        0,
        0,
        0,
        2,
        0
      ]
    },
    {
      "Target": "Parameter",
      "Id": "BrowLY",
      "Segments": [
        0,
        0,
        0,
        2,
        0
      ]
    },
    {
      "Target": "Parameter",
      "Id": "BrowR_Form2",
      "Segments": [
        0,
        0,
        0,
        2,
        0
      ]
    },
    {
      "Target": "Parameter",
      "Id": "BrowL_Form2",
      "Segments": [
        0,
        0,
        0,
        2,
        0
      ]
    },
    {
      "Target": "Parameter",
      "Id": "MouthY",
      "Segments": [
        0,
        0,
        0,
        2,
        0
      ]
    },
    {
      "Target": "Parameter",
      "Id": "MouthForm2",
      "Segments": [
        0,
        0,
        0,
        2,
        0
      ]
    },
    {
      "Target": "Parameter",
      "Id": "Mouth_Size",
      "Segments": [
        0,
        0.5,
        0,
        2,
        0.5
      ]
    },
    {
      "Target": "Parameter",
      "Id": "ShoulderLY",
      "Segments": [
        0,
        0,
        0,
        2,
        0
      ]
    },
    {
      "Target": "Parameter",
      "Id": "ArmR_Form",
      "Segments": [
        0,
        0,
        0,
        2,
        0
      ]
    },
    {
      "Target": "Parameter",
      "Id": "ArmL_Form",
      "Segments": [
        0,
        -40,
        0,
        2,
        -40
      ]
    },
    {
      "Target": "Parameter",
      "Id": "ArmR_Form2",
      "Segments": [
        0,
        0,
        0,
        2,
        0
      ]
    },
    {
      "Target": "Parameter",
      "Id": "ArmR_Sup_Form",
      "Segments": [
        0,
        0,
        0,
        2,
        0
      ]
    },
    {
      "Target": "Parameter",
      "Id": "ArmL_Sup_Form",
      "Segments": [
        0,
        0,
        0,
        2,
        0
      ]
    },
    {
      "Target": "Parameter",
      "Id": "Param2",
      "Segments": [
        0,
        0,
        0,
        2,
        0
      ]
    },
    {
      "Target": "Parameter",
      "Id": "Param3",
      "Segments": [
        0,
        0,
        0,
        2,
        0
      ]
    },
    {
      "Target": "Parameter",
      "Id": "Param4",
      "Segments": [
        0,
        0,
        0,
        2,
        0
      ]
    },
    {
      "Target": "Parameter",
      "Id": "HandR_move",
      "Segments": [
        0,
        0,
        0,
        2,
        0
      ]
    },
    {
      "Target": "Parameter",
      "Id": "FinR_move",
      "Segments": [
        0,
        0,
        0,
        2,
        0
      ]
    },
    {
      "Target": "Parameter",
      "Id": "FinR_move2",
      "Segments": [
        0,
        0,
        0,
        2,
        0
      ]
    }
  ],
  "UserData": [
    {
      "Time": 0.0,
      "Value": ""
    }
  ]
}