{
  "Version": 3,
  "Meta": {
    "Duration": 8.0,
    "Fps": 30.0,
    "Loop": true,
    "AreBeziersRestricted": true,
    "CurveCount": 94,
    "TotalSegmentCount": 247,
    "TotalPointCount": 373,
    "UserDataCount": 1,
    "TotalUserDataSize": 0
  },
  "Curves": [
    {
      "Target": "Parameter",
      "Id": "Breath",
      "Segments": [
        0,
        0.145,
        1,
        0.3,
        0.431,
        0.6,
        0.643,
        0.9,
        0.643,
        0,
        2.267,
        0,
        0,
        3.633,
        0.609,
        0,
        5.067,
        0,
        0,
        6.333,
        0.609,
        0,
        7.567,
        0,
        1,
        7.711,
        0,
        7.856,
        0.044,
        8,
        0.145
      ]
    },
    {
      "Target": "Parameter",
      "Id": "BodyX",
      "Segments": [
        0,
        -30,
        2,
        1.8,
        -30,
        0,
        3.6,
        -12.897,
        1,
        4.211,
        -12.897,
        4.822,
        -12.666,
        5.433,
        -15.286,
        1,
        5.955,
        -17.525,
        6.478,
        -30,
        7,
        -30,
        2,
        8,
        -30
      ]
    },
    {
      "Target": "Parameter",
      "Id": "Body_Pose1",
      "Segments": [
        0,
        -20,
        0,
        1,
        -14.12,
        0,
        2.167,
        -20,
        2,
        4.3,
        -20,
        0,
        5.633,
        -28.512,
        0,
        6.833,
        -20,
        2,
        8,
        -20
      ]
    },
    {
      "Target": "Parameter",
      "Id": "Sub_move",
      "Segments": [
        0,
        8.909,
        1,
        0.133,
        10.542,
        0.267,
        11.076,
        0.4,
        10.702,
        1,
        0.622,
        10.038,
        0.845,
        6.709,
        1.067,
        3.535,
        1,
        1.222,
        0.737,
        1.378,
        -1.463,
        1.533,
        -3.309,
        1,
        1.678,
        -5.023,
        1.822,
        -5.448,
        1.967,
        -5.448,
        1,
        2.334,
        -5.448,
        2.7,
        8.739,
        3.067,
        8.909,
        1,
        3.245,
        9.172,
        3.422,
        8.947,
        3.6,
        5.831,
        1,
        3.8,
        2.987,
        4,
        -2.975,
        4.2,
        -4.998,
        1,
        4.311,
        -6.123,
        4.422,
        -5.956,
        4.533,
        -5.956,
        1,
        4.811,
        -5.415,
        5.089,
        3.187,
        5.367,
        4.923,
        1,
        5.534,
        5.695,
        5.7,
        5.764,
        5.867,
        4.923,
        1,
        6.078,
        3.675,
        6.289,
        -0.826,
        6.5,
        -3.16,
        1,
        6.644,
        -4.792,
        6.789,
        -5.424,
        6.933,
        -5.087,
        1,
        7.178,
        -4.658,
        7.422,
        3.674,
        7.667,
        6.477,
        1,
        7.778,
        7.667,
        7.889,
        8.466,
        8,
        8.909
      ]
    },
    {
      "Target": "Parameter",
      "Id": "JacketL_Move",
      "Segments": [
        0,
        -10.915,
        1,
        0.433,
        -18.406,
        0.867,
        21.45,
        1.3,
        21.45,
        0,
        2.4,
        -8.686,
        0,
        3.767,
        21.45,
        0,
        5.067,
        -8.686,
        0,
        6.4,
        21.45,
        0,
        8,
        -10.915
      ]
    },
    {
      "Target": "Parameter",
      "Id": "JacketR_Move",
      "Segments": [
        0,
        -27.796,
        1,
        0.422,
        -27.816,
        0.845,
        13.184,
        1.267,
        13.184,
        0,
        2.433,
        -26.03,
        0,
        3.733,
        13.184,
        0,
        5.1,
        -18.902,
        0,
        6.4,
        13.184,
        1,
        6.933,
        13.184,
        7.467,
        -27.867,
        8,
        -27.796
      ]
    },
    {
      "Target": "Parameter",
      "Id": "Param",
      "Segments": [
        0,
        -27,
        0,
        1.6,
        -9.772,
        0,
        3.4,
        -30,
        0,
        5.6,
        -5.235,
        0,
        8,
        -27
      ]
    },
    {
      "Target": "Parameter",
      "Id": "Head_AngleX",
      "Segments": [
        0,
        -9,
        2,
        0.767,
        -9,
        0,
        1.867,
        -14.04,
        1,
        2.278,
        -14.04,
        2.689,
        -10.43,
        3.1,
        -9,
        1,
        4.011,
        -5.831,
        4.922,
        -5.22,
        5.833,
        -5.22,
        0,
        6.967,
        -10.18,
        0,
        8,
        -9
      ]
    },
    {
      "Target": "Parameter",
      "Id": "Head_AngleY",
      "Segments": [
        0,
        -12.089,
        1,
        0.256,
        -9.696,
        0.511,
        -8.38,
        0.767,
        -8.38,
        0,
        1.867,
        -12.46,
        1,
        2.278,
        -12.46,
        2.689,
        -10.213,
        3.1,
        -8.38,
        1,
        3.6,
        -6.15,
        4.1,
        -5.74,
        4.6,
        -5.74,
        1,
        5.011,
        -5.74,
        5.422,
        -6.826,
        5.833,
        -9.88,
        1,
        6.211,
        -12.686,
        6.589,
        -14.643,
        6.967,
        -14.643,
        1,
        7.311,
        -14.643,
        7.656,
        -13.531,
        8,
        -12.089
      ]
    },
    {
      "Target": "Parameter",
      "Id": "EyeBallX",
      "Segments": [
        0,
        0,
        2,
        0.9,
        0,
        1,
        1.478,
        0,
        2.055,
        0.108,
        2.633,
        0.112,
        1,
        3.755,
        0.12,
        4.878,
        0.12,
        6,
        0.12,
        0,
        8,
        0
      ]
    },
    {
      "Target": "Parameter",
      "Id": "EyeBallY",
      "Segments": [
        0,
        0,
        2,
        0.9,
        0,
        1,
        1.411,
        0,
        1.922,
        -0.004,
        2.433,
        -0.026,
        1,
        2.866,
        -0.045,
        3.3,
        -0.067,
        3.733,
        -0.067,
        1,
        4.566,
        -0.067,
        5.4,
        -0.067,
        6.233,
        -0.06,
        1,
        6.822,
        -0.055,
        7.411,
        0,
        8,
        0
      ]
    },
    {
      "Target": "Parameter",
      "Id": "BrowRY",
      "Segments": [
        0,
        0,
        0,
        1.233,
        0.2,
        0,
        2.2,
        -0.5,
        1,
        2.6,
        -0.5,
        3,
        -0.325,
        3.4,
        -0.1,
        1,
        3.811,
        0.131,
        4.222,
        0.2,
        4.633,
        0.2,
        2,
        5.767,
        0.2,
        0,
        8,
        0
      ]
    },
    {
      "Target": "Parameter",
      "Id": "BrowLY",
      "Segments": [
        0,
        -0.7,
        2,
        2.2,
        -0.7,
        0,
        3.4,
        -0.1,
        0,
        4.633,
        -0.7,
        2,
        8,
        -0.7
      ]
    },
    {
      "Target": "Parameter",
      "Id": "BrowL_Angle",
      "Segments": [
        0,
        0.8,
        2,
        2.2,
        0.8,
        0,
        3.4,
        0.5,
        0,
        4.633,
        0.8,
        2,
        8,
        0.8
      ]
    },
    {
      "Target": "Parameter",
      "Id": "BrowR_Form",
      "Segments": [
        0,
        -0.7,
        2,
        2.2,
        -0.7,
        0,
        3.4,
        0.1,
        0,
        4.633,
        -0.7,
        2,
        8,
        -0.7
      ]
    },
    {
      "Target": "Parameter",
      "Id": "BrowL_Form",
      "Segments": [
        0,
        0.4,
        2,
        2.2,
        0.4,
        0,
        3.4,
        0.5,
        0,
        4.633,
        0.4,
        2,
        8,
        0.4
      ]
    },
    {
      "Target": "Parameter",
      "Id": "HairFront_Move",
      "Segments": [
        0,
        0.4,
        1,
        0.178,
        0.214,
        0.355,
        -0.138,
        0.533,
        -0.244,
        1,
        0.666,
        -0.323,
        0.8,
        -0.315,
        0.933,
        -0.315,
        1,
        1.289,
        -0.315,
        1.644,
        0.438,
        2,
        0.464,
        1,
        2.311,
        0.476,
        2.622,
        -0.162,
        2.933,
        -0.197,
        1,
        3.055,
        -0.212,
        3.178,
        -0.209,
        3.3,
        -0.158,
        1,
        3.544,
        -0.036,
        3.789,
        0.464,
        4.033,
        0.464,
        1,
        4.355,
        0.464,
        4.678,
        -0.209,
        5,
        -0.204,
        1,
        5.3,
        -0.202,
        5.6,
        0.464,
        5.9,
        0.464,
        1,
        6.256,
        0.464,
        6.611,
        -0.265,
        6.967,
        -0.252,
        1,
        7.222,
        -0.23,
        7.478,
        0.539,
        7.733,
        0.539,
        1,
        7.822,
        0.539,
        7.911,
        0.514,
        8,
        0.4
      ]
    },
    {
      "Target": "Parameter",
      "Id": "HairSideR_Move",
      "Segments": [
        0,
        -12.172,
        1,
        0.1,
        -17.356,
        0.2,
        -16.905,
        0.3,
        -16.905,
        0,
        1.267,
        16.478,
        0,
        2.333,
        -16.905,
        0,
        3.267,
        16.478,
        0,
        4.3,
        -16.905,
        0,
        5.267,
        16.478,
        0,
        6.267,
        -16.905,
        0,
        7.2,
        16.478,
        1,
        7.467,
        16.478,
        7.733,
        0.249,
        8,
        -12.172
      ]
    },
    {
      "Target": "Parameter",
      "Id": "HairSideL_Move",
      "Segments": [
        0,
        -0.066,
        1,
        0.111,
        -0.346,
        0.222,
        -0.615,
        0.333,
        -0.615,
        0,
        1.367,
        0.645,
        0,
        2.4,
        -0.615,
        0,
        3.4,
        0.645,
        0,
        4.5,
        -0.615,
        0,
        5.467,
        0.645,
        0,
        6.567,
        -0.615,
        0,
        7.4,
        0.645,
        1,
        7.6,
        0.645,
        7.8,
        0.264,
        8,
        -0.066
      ]
    },
    {
      "Target": "Parameter",
      "Id": "HairBack_Move",
      "Segments": [
        0,
        0.521,
        1,
        0.278,
        -0.093,
        0.555,
        -0.607,
        0.833,
        -0.607,
        0,
        1.833,
        0.668,
        0,
        3.267,
        -0.706,
        0,
        4.8,
        0.935,
        0,
        6.267,
        -0.809,
        0,
        7.633,
        0.903,
        1,
        7.755,
        0.903,
        7.878,
        0.764,
        8,
        0.521
      ]
    },
    {
      "Target": "Parameter",
      "Id": "ShoulderL_Roll",
      "Segments": [
        0,
        2.075,
        1,
        0.378,
        3.342,
        0.755,
        3.898,
        1.133,
        3.898,
        0,
        2.467,
        1.975,
        0,
        3.833,
        2.623,
        0,
        5.2,
        0.398,
        0,
        6.6,
        3.643,
        0,
        7.767,
        1.437,
        1,
        7.845,
        1.437,
        7.922,
        1.744,
        8,
        2.075
      ]
    },
    {
      "Target": "Parameter",
      "Id": "ArmR_Roll",
      "Segments": [
        0,
        89.3,
        2,
        1.8,
        89.3,
        0,
        3.6,
        88.18,
        1,
        4.211,
        88.18,
        4.822,
        88.176,
        5.433,
        88.2,
        1,
        5.955,
        88.221,
        6.478,
        89.3,
        7,
        89.3,
        2,
        8,
        89.3
      ]
    },
    {
      "Target": "Parameter",
      "Id": "ArmL_Roll",
      "Segments": [
        0,
        -7.202,
        0,
        1.267,
        -4.569,
        0,
        2.6,
        -6.835,
        0,
        3.967,
        -6.069,
        0,
        5.467,
        -8.094,
        0,
        6.767,
        -5.469,
        0,
        8,
        -7.202
      ]
    },
    {
      "Target": "Parameter",
      "Id": "HandR_Roll",
      "Segments": [
        0,
        14,
        2,
        1.8,
        14,
        0,
        3.6,
        15.26,
        2,
        5.433,
        15.26,
        0,
        7,
        14,
        2,
        8,
        14
      ]
    },
    {
      "Target": "Parameter",
      "Id": "HandL_Roll",
      "Segments": [
        0,
        -6.8,
        0,
        1.267,
        -4.34,
        0,
        2.667,
        -9.56,
        0,
        3.833,
        -5.12,
        0,
        5.4,
        -8.865,
        0,
        6.8,
        -6.168,
        0,
        8,
        -6.8
      ]
    },
    {
      "Target": "Parameter",
      "Id": "FinR_move",
      "Segments": [
        0,
        -22,
        1,
        0.056,
        -16.667,
        0.111,
        -14,
        0.167,
        -14,
        0,
        0.5,
        -30,
        0,
        1.467,
        -26.281,
        0,
        2.467,
        -30,
        0,
        3.633,
        -25,
        0,
        4.633,
        -30,
        0,
        5.867,
        -25.593,
        0,
        6.933,
        -30,
        1,
        7.089,
        -30,
        7.244,
        -14.571,
        7.4,
        -14,
        0,
        7.767,
        -30,
        1,
        7.845,
        -30,
        7.922,
        -27.132,
        8,
        -22
      ]
    },
    {
      "Target": "Parameter",
      "Id": "FinR_move2",
      "Segments": [
        0,
        -5.5,
        1,
        0.056,
        -9.167,
        0.111,
        -11,
        0.167,
        -11,
        0,
        0.5,
        0,
        0,
        1.467,
        -6.246,
        0,
        2.467,
        0,
        0,
        3.633,
        -4.2,
        0,
        4.633,
        0,
        0,
        5.867,
        -5.5,
        0,
        6.933,
        0,
        0,
        7.4,
        -11,
        0,
        7.767,
        0,
        1,
        7.845,
        0,
        7.922,
        -2.4,
        8,
        -5.5
      ]
    },
    {
      "Target": "PartOpacity",
      "Id": "Part25",
      "Segments": [
        0,
        1,
        2,
        8,
        1
      ]
    },
    {
      "Target": "PartOpacity",
      "Id": "Part",
      "Segments": [
        0,
        1,
        2,
        8,
        1
      ]
    },
    {
      "Target": "PartOpacity",
      "Id": "Part34",
      "Segments": [
        0,
        1,
        2,
        8,
        1
      ]
    },
    {
      "Target": "PartOpacity",
      "Id": "Part2",
      "Segments": [
        0,
        1,
        2,
        8,
        1
      ]
    },
    {
      "Target": "PartOpacity",
      "Id": "Part3",
      "Segments": [
        0,
        1,
        2,
        8,
        1
      ]
    },
    {
      "Target": "PartOpacity",
      "Id": "Part26",
      "Segments": [
        0,
        0,
        2,
        8,
        0
      ]
    },
    {
      "Target": "PartOpacity",
      "Id": "Part23",
      "Segments": [
        0,
        0,
        2,
        8,
        0
      ]
    },
    {
      "Target": "PartOpacity",
      "Id": "Part4",
      "Segments": [
        0,
        1,
        2,
        8,
        1
      ]
    },
    {
      "Target": "PartOpacity",
      "Id": "Part29",
      "Segments": [
        0,
        0,
        2,
        8,
        0
      ]
    },
    {
      "Target": "PartOpacity",
      "Id": "Part5",
      "Segments": [
        0,
        0,
        2,
        8,
        0
      ]
    },
    {
      "Target": "PartOpacity",
      "Id": "Part6",
      "Segments": [
        0,
        0,
        2,
        8,
        0
      ]
    },
    {
      "Target": "PartOpacity",
      "Id": "Part7",
      "Segments": [
        0,
        1,
        2,
        8,
        1
      ]
    },
    {
      "Target": "PartOpacity",
      "Id": "Part8",
      "Segments": [
        0,
        0,
        2,
        8,
        0
      ]
    },
    {
      "Target": "PartOpacity",
      "Id": "Part9",
      "Segments": [
        0,
        1,
        2,
        8,
        1
      ]
    },
    {
      "Target": "PartOpacity",
      "Id": "Part14",
      "Segments": [
        0,
        1,
        2,
        8,
        1
      ]
    },
    {
      "Target": "PartOpacity",
      "Id": "Part24",
      "Segments": [
        0,
        0,
        2,
        8,
        0
      ]
    },
    {
      "Target": "PartOpacity",
      "Id": "Part16",
      "Segments": [
        0,
        1,
        2,
        8,
        1
      ]
    },
    {
      "Target": "PartOpacity",
      "Id": "Part18",
      "Segments": [
        0,
        0,
        2,
        8,
        0
      ]
    },
    {
      "Target": "PartOpacity",
      "Id": "Part10",
      "Segments": [
        0,
        1,
        2,
        8,
        1
      ]
    },
    {
      "Target": "PartOpacity",
      "Id": "Part13",
      "Segments": [
        0,
        1,
        2,
        8,
        1
      ]
    },
    {
      "Target": "PartOpacity",
      "Id": "Part11",
      "Segments": [
        0,
        1,
        2,
        8,
        1
      ]
    },
    {
      "Target": "PartOpacity",
      "Id": "Part17",
      "Segments": [
        0,
        0,
        2,
        8,
        0
      ]
    },
    {
      "Target": "PartOpacity",
      "Id": "Part19",
      "Segments": [
        0,
        1,
        2,
        8,
        1
      ]
    },
    {
      "Target": "PartOpacity",
      "Id": "Part15",
      "Segments": [
        0,
        0,
        2,
        8,
        0
      ]
    },
    {
      "Target": "PartOpacity",
      "Id": "Part22",
      "Segments": [
        0,
        1,
        2,
        8,
        1
      ]
    },
    {
      "Target": "PartOpacity",
      "Id": "Part20",
      "Segments": [
        0,
        1,
        2,
        8,
        1
      ]
    },
    {
      "Target": "PartOpacity",
      "Id": "Part21",
      "Segments": [
        0,
        1,
        2,
        8,
        1
      ]
    },
    {
      "Target": "Parameter",
      "Id": "BodyPoX",
      "Segments": [
        0,
        0,
        0,
        8,
        0
      ]
    },
    {
      "Target": "Parameter",
      "Id": "Body_Shaking",
      "Segments": [
        0,
        0,
        0,
        8,
        0
      ]
    },
    {
      "Target": "Parameter",
      "Id": "BodyY",
      "Segments": [
        0,
        0,
        0,
        8,
        0
      ]
    },
    {
      "Target": "Parameter",
      "Id": "Waist_Roll",
      "Segments": [
        0,
        0,
        0,
        8,
        0
      ]
    },
    {
      "Target": "Parameter",
      "Id": "Head_Roll",
      "Segments": [
        0,
        -2,
        0,
        8,
        -2
      ]
    },
    {
      "Target": "Parameter",
      "Id": "Head_RollY",
      "Segments": [
        0,
        -5,
        0,
        8,
        -5
      ]
    },
    {
      "Target": "Parameter",
      "Id": "Eye_Ang",
      "Segments": [
        0,
        0,
        0,
        8,
        0
      ]
    },
    {
      "Target": "Parameter",
      "Id": "Ang_Form",
      "Segments": [
        0,
        0,
        0,
        8,
        0
      ]
    },
    {
      "Target": "Parameter",
      "Id": "AngY",
      "Segments": [
        0,
        0,
        0,
        8,
        0
      ]
    },
    {
      "Target": "Parameter",
      "Id": "Wet_On",
      "Segments": [
        0,
        0,
        0,
        8,
        0
      ]
    },
    {
      "Target": "Parameter",
      "Id": "Ang_Move",
      "Segments": [
        0,
        -21,
        0,
        8,
        -21
      ]
    },
    {
      "Target": "Parameter",
      "Id": "EyeBall_size",
      "Segments": [
        0,
        -22,
        0,
        8,
        -22
      ]
    },
    {
      "Target": "Parameter",
      "Id": "BrowR_Angle",
      "Segments": [
        0,
        -0.4,
        0,
        8,
        -0.4
      ]
    },
    {
      "Target": "Parameter",
      "Id": "BrowR_Form2",
      "Segments": [
        0,
        0,
        0,
        8,
        0
      ]
    },
    {
      "Target": "Parameter",
      "Id": "BrowL_Form2",
      "Segments": [
        0,
        0,
        0,
        8,
        0
      ]
    },
    {
      "Target": "Parameter",
      "Id": "EyeR_Open",
      "Segments": [
        0,
        0.7,
        0,
        8,
        0.7
      ]
    },
    {
      "Target": "Parameter",
      "Id": "EyeL_Open",
      "Segments": [
        0,
        0.7,
        0,
        8,
        0.7
      ]
    },
    {
      "Target": "Parameter",
      "Id": "EyeR_Smile",
      "Segments": [
        0,
        -18,
        0,
        8,
        -18
      ]
    },
    {
      "Target": "Parameter",
      "Id": "EyeL_Smile",
      "Segments": [
        0,
        -18,
        0,
        8,
        -18
      ]
    },
    {
      "Target": "Parameter",
      "Id": "MouthY",
      "Segments": [
        0,
        0,
        0,
        8,
        0
      ]
    },
    {
      "Target": "Parameter",
      "Id": "MouthForm2",
      "Segments": [
        0,
        0,
        0,
        8,
        0
      ]
    },
    {
      "Target": "Parameter",
      "Id": "MouthForm",
      "Segments": [
        0,
        0,
        0,
        8,
        0
      ]
    },
    {
      "Target": "Parameter",
      "Id": "Mouth_Open",
      "Segments": [
        0,
        1,
        0,
        8,
        1
      ]
    },
    {
      "Target": "Parameter",
      "Id": "Mouth_Size",
      "Segments": [
        0,
        0.7,
        0,
        8,
        0.7
      ]
    },
    {
      "Target": "Parameter",
      "Id": "ShoulderRY",
      "Segments": [
        0,
        0,
        0,
        8,
        0
      ]
    },
    {
      "Target": "Parameter",
      "Id": "ShoulderLY",
      "Segments": [
        0,
        0,
        0,
        8,
        0
      ]
    },
    {
      "Target": "Parameter",
      "Id": "ShoulderR_Roll",
      "Segments": [
        0,
        -24.53,
        0,
        8,
        -24.53
      ]
    },
    {
      "Target": "Parameter",
      "Id": "ArmR_Form",
      "Segments": [
        0,
        -40,
        0,
        8,
        -40
      ]
    },
    {
      "Target": "Parameter",
      "Id": "ArmL_Form",
      "Segments": [
        0,
        -7,
        0,
        8,
        -7
      ]
    },
    {
      "Target": "Parameter",
      "Id": "ArmR_Form2",
      "Segments": [
        0,
        0,
        0,
        8,
        0
      ]
    },
    {
      "Target": "Parameter",
      "Id": "ArmL_Form2",
      "Segments": [
        0,
        -5,
        0,
        8,
        -5
      ]
    },
    {
      "Target": "Parameter",
      "Id": "ArmR_Sup_Form",
      "Segments": [
        0,
        -30,
        0,
        8,
        -30
      ]
    },
    {
      "Target": "Parameter",
      "Id": "ArmL_Sup_Form",
      "Segments": [
        0,
        0,
        0,
        8,
        0
      ]
    },
    {
      "Target": "Parameter",
      "Id": "Param2",
      "Segments": [
        0,
        -14,
        0,
        8,
        -14
      ]
    },
    {
      "Target": "Parameter",
      "Id": "Param3",
      "Segments": [
        0,
        4,
        0,
        8,
        4
      ]
    },
    {
      "Target": "Parameter",
      "Id": "Param4",
      "Segments": [
        0,
        -7,
        0,
        8,
        -7
      ]
    },
    {
      "Target": "Parameter",
      "Id": "HandR_move",
      "Segments": [
        0,
        0,
        0,
        8,
        0
      ]
    },
    {
      "Target": "Parameter",
      "Id": "HandL_move",
      "Segments": [
        0,
        0,
        0,
        8,
        0
      ]
    },
    {
      "Target": "Parameter",
      "Id": "LegR_Roll",
      "Segments": [
        0,
        0,
        0,
        8,
        0
      ]
    },
    {
      "Target": "Parameter",
      "Id": "LegL_Roll",
      "Segments": [
        0,
        4,
        0,
        8,
        4
      ]
    }
  ],
  "UserData": [
    {
      "Time": 0.0,
      "Value": ""
    }
  ]
}