{
  "Version": 3,
  "Meta": {
    "Duration": 8.0,
    "Fps": 30.0,
    "Loop": true,
    "AreBeziersRestricted": true,
    "CurveCount": 94,
    "TotalSegmentCount": 275,
    "TotalPointCount": 371,
    "UserDataCount": 1,
    "TotalUserDataSize": 0
  },
  "Curves": [
    {
      "Target": "Parameter",
      "Id": "Breath",
      "Segments": [
        0,
        0.403,
        0,
        0.633,
        0,
        0,
        1.4,
        0.431,
        0,
        2.167,
        0,
        0,
        3.067,
        0.534,
        0,
        3.8,
        0,
        0,
        4.533,
        0.462,
        0,
        5.333,
        0,
        0,
        6.3,
        0.494,
        0,
        7.033,
        0,
        0,
        8,
        0.403
      ]
    },
    {
      "Target": "Parameter",
      "Id": "BodyX",
      "Segments": [
        0,
        -27.193,
        1,
        0.211,
        -25.322,
        0.422,
        -24.386,
        0.633,
        -24.386,
        0,
        2.4,
        -30,
        0,
        4.467,
        -26.7,
        0,
        6.433,
        -29.22,
        1,
        6.955,
        -29.22,
        7.478,
        -28.483,
        8,
        -27.193
      ]
    },
    {
      "Target": "Parameter",
      "Id": "Body_Pose1",
      "Segments": [
        0,
        17.989,
        1,
        0.133,
        21.184,
        0.267,
        22.5,
        0.4,
        22.5,
        0,
        1.533,
        -7.545,
        0,
        3,
        19.495,
        0,
        4.233,
        12.284,
        0,
        5.5,
        19.495,
        0,
        6.933,
        4.931,
        1,
        7.289,
        4.931,
        7.644,
        11.009,
        8,
        17.989
      ]
    },
    {
      "Target": "Parameter",
      "Id": "Waist_Roll",
      "Segments": [
        0,
        10.943,
        1,
        0.211,
        10.734,
        0.422,
        10.72,
        0.633,
        10.72,
        0,
        1.967,
        11.621,
        0,
        3.333,
        10.66,
        0,
        4.6,
        11.561,
        0,
        5.933,
        10.72,
        0,
        7.133,
        11.561,
        1,
        7.422,
        11.561,
        7.711,
        11.075,
        8,
        10.943
      ]
    },
    {
      "Target": "Parameter",
      "Id": "Sub_move",
      "Segments": [
        0,
        17.701,
        1,
        0.1,
        14.913,
        0.2,
        15.112,
        0.3,
        15.112,
        0,
        1.2,
        29.7,
        0,
        2.267,
        15.112,
        0,
        3.333,
        29.7,
        0,
        4.533,
        15.112,
        0,
        5.6,
        29.7,
        0,
        6.667,
        15.698,
        0,
        7.633,
        29.7,
        1,
        7.755,
        29.7,
        7.878,
        21.983,
        8,
        17.701
      ]
    },
    {
      "Target": "Parameter",
      "Id": "JacketL_Move",
      "Segments": [
        0,
        -0.812,
        1,
        0.167,
        -6.536,
        0.333,
        -6.506,
        0.5,
        -6.506,
        0,
        1.667,
        16.693,
        0,
        2.833,
        -3.628,
        1,
        2.944,
        -3.628,
        3.056,
        -3.793,
        3.167,
        -0.865,
        1,
        3.522,
        8.503,
        3.878,
        16.693,
        4.233,
        16.693,
        0,
        5.733,
        -3.628,
        0,
        6.9,
        16.693,
        1,
        7.267,
        16.693,
        7.633,
        8.784,
        8,
        -0.812
      ]
    },
    {
      "Target": "Parameter",
      "Id": "JacketR_Move",
      "Segments": [
        0,
        -5.053,
        1,
        0.156,
        -11.897,
        0.311,
        -13.256,
        0.467,
        -13.256,
        0,
        1.667,
        10.177,
        0,
        2.833,
        -10.195,
        0,
        4.233,
        10.177,
        0,
        5.733,
        -6.855,
        0,
        6.967,
        10.177,
        1,
        7.311,
        10.177,
        7.656,
        2.744,
        8,
        -5.053
      ]
    },
    {
      "Target": "Parameter",
      "Id": "Param",
      "Segments": [
        0,
        0,
        1,
        0.244,
        7.247,
        0.489,
        12,
        0.733,
        12,
        0,
        2.167,
        -8,
        0,
        3.7,
        12,
        0,
        5.267,
        -11.493,
        0,
        6.533,
        12,
        1,
        7.022,
        12,
        7.511,
        -11.852,
        8,
        0
      ]
    },
    {
      "Target": "Parameter",
      "Id": "Head_AngleX",
      "Segments": [
        0,
        -1.4,
        2,
        0.433,
        -1.4,
        0,
        1.733,
        -5.06,
        0,
        3.067,
        -0.44,
        2,
        6,
        -0.44,
        0,
        7.167,
        -1.4,
        2,
        8,
        -1.4
      ]
    },
    {
      "Target": "Parameter",
      "Id": "Head_AngleY",
      "Segments": [
        0,
        -2.173,
        1,
        0.178,
        2.408,
        0.355,
        3.767,
        0.533,
        3.767,
        0,
        1.667,
        -7.843,
        0,
        3.033,
        -1.003,
        0,
        4.467,
        -8.263,
        0,
        6,
        3.767,
        0,
        7.167,
        -8.263,
        1,
        7.445,
        -8.263,
        7.722,
        -7.291,
        8,
        -2.173
      ]
    },
    {
      "Target": "Parameter",
      "Id": "Head_Roll",
      "Segments": [
        0,
        -10.4,
        1,
        0.2,
        -9.345,
        0.4,
        -8.923,
        0.6,
        -8.923,
        0,
        1.9,
        -12.103,
        0,
        3.133,
        -10.123,
        0,
        4.7,
        -12.103,
        0,
        6.133,
        -10.123,
        0,
        7.3,
        -11.323,
        1,
        7.533,
        -11.323,
        7.767,
        -10.893,
        8,
        -10.4
      ]
    },
    {
      "Target": "Parameter",
      "Id": "Head_RollY",
      "Segments": [
        0,
        -13.717,
        1,
        0.144,
        -11.435,
        0.289,
        -11.011,
        0.433,
        -11.011,
        0,
        1.9,
        -18,
        0,
        3.133,
        -11.327,
        0,
        4.7,
        -18.888,
        0,
        6.133,
        -13.717,
        0,
        7.267,
        -18.888,
        1,
        7.511,
        -18.888,
        7.756,
        -16.445,
        8,
        -13.717
      ]
    },
    {
      "Target": "Parameter",
      "Id": "EyeBallY",
      "Segments": [
        0,
        0,
        0,
        0.467,
        -0.084,
        0,
        1.8,
        0.016,
        0,
        3.167,
        -0.094,
        0,
        4.3,
        0,
        0,
        5.867,
        -0.078,
        0,
        7.067,
        0,
        2,
        8,
        0
      ]
    },
    {
      "Target": "Parameter",
      "Id": "BrowRY",
      "Segments": [
        0,
        -0.4,
        2,
        2.3,
        -0.4,
        0,
        3.433,
        0.1,
        0,
        4.533,
        -0.4,
        2,
        8,
        -0.4
      ]
    },
    {
      "Target": "Parameter",
      "Id": "BrowLY",
      "Segments": [
        0,
        -0.2,
        2,
        2.3,
        -0.2,
        0,
        3.433,
        0.2,
        0,
        4.533,
        -0.2,
        2,
        8,
        -0.2
      ]
    },
    {
      "Target": "Parameter",
      "Id": "HairFront_Move",
      "Segments": [
        0,
        0,
        1,
        0.144,
        -0.203,
        0.289,
        -0.252,
        0.433,
        -0.252,
        1,
        0.578,
        -0.252,
        0.722,
        -0.22,
        0.867,
        0,
        1,
        1,
        0.38,
        1.134,
        0.421,
        1.267,
        0.447,
        1,
        1.434,
        0.459,
        1.6,
        0.313,
        1.767,
        0,
        1,
        1.934,
        -0.11,
        2.1,
        -0.217,
        2.267,
        -0.252,
        1,
        2.478,
        -0.268,
        2.689,
        -0.127,
        2.9,
        0,
        1,
        3.067,
        0.347,
        3.233,
        0.495,
        3.4,
        0.495,
        1,
        3.544,
        0.495,
        3.689,
        0.271,
        3.833,
        0,
        1,
        4.011,
        -0.101,
        4.189,
        -0.208,
        4.367,
        -0.203,
        1,
        4.556,
        -0.199,
        4.744,
        -0.093,
        4.933,
        0,
        1,
        5.111,
        0.22,
        5.289,
        0.447,
        5.467,
        0.447,
        1,
        5.667,
        0.447,
        5.867,
        0.304,
        6.067,
        0,
        1,
        6.256,
        -0.127,
        6.444,
        -0.265,
        6.633,
        -0.252,
        1,
        6.8,
        -0.23,
        6.966,
        -0.118,
        7.133,
        0,
        1,
        7.266,
        0.248,
        7.4,
        0.386,
        7.533,
        0.373,
        1,
        7.689,
        0.373,
        7.844,
        0.187,
        8,
        0
      ]
    },
    {
      "Target": "Parameter",
      "Id": "HairSideR_Move",
      "Segments": [
        0,
        -12.172,
        1,
        0.244,
        1.29,
        0.489,
        16.478,
        0.733,
        16.478,
        0,
        1.667,
        -16.905,
        0,
        2.867,
        16.478,
        0,
        3.867,
        -17.247,
        0,
        4.833,
        16.136,
        0,
        5.833,
        -17.247,
        0,
        6.767,
        16.136,
        0,
        7.733,
        -16.905,
        1,
        7.822,
        -16.905,
        7.911,
        -14.923,
        8,
        -12.172
      ]
    },
    {
      "Target": "Parameter",
      "Id": "HairSideL_Move",
      "Segments": [
        0,
        -0.066,
        1,
        0.278,
        0.487,
        0.555,
        0.645,
        0.833,
        0.645,
        0,
        1.8,
        -0.615,
        0,
        2.967,
        0.645,
        0,
        4.033,
        -0.615,
        0,
        5,
        0.645,
        0,
        6.1,
        -0.615,
        0,
        6.933,
        0.645,
        0,
        7.7,
        -0.484,
        1,
        7.8,
        -0.484,
        7.9,
        -0.298,
        8,
        -0.066
      ]
    },
    {
      "Target": "Parameter",
      "Id": "HairBack_Move",
      "Segments": [
        0,
        0.521,
        1,
        0.278,
        -0.144,
        0.555,
        -0.781,
        0.833,
        -0.781,
        0,
        1.833,
        0.668,
        0,
        3.267,
        -0.88,
        0,
        4.8,
        0.935,
        0,
        6.267,
        -0.978,
        0,
        7.633,
        0.903,
        1,
        7.755,
        0.903,
        7.878,
        0.764,
        8,
        0.521
      ]
    },
    {
      "Target": "Parameter",
      "Id": "ShoulderR_Roll",
      "Segments": [
        0,
        -45.321,
        0,
        1.167,
        -42.081,
        0,
        2.1,
        -44.781,
        0,
        3.2,
        -42.171,
        0,
        4.133,
        -44.421,
        0,
        5.2,
        -42.441,
        0,
        6.233,
        -44.601,
        0,
        7.133,
        -42.981,
        0,
        8,
        -45.321
      ]
    },
    {
      "Target": "Parameter",
      "Id": "ShoulderL_Roll",
      "Segments": [
        0,
        26.601,
        0,
        1.1,
        24.54,
        0,
        2,
        27.27,
        0,
        3.133,
        24.66,
        0,
        4.033,
        26.91,
        0,
        5.133,
        24.3,
        0,
        6.133,
        26.73,
        0,
        7.133,
        24.66,
        0,
        8,
        26.601
      ]
    },
    {
      "Target": "Parameter",
      "Id": "ArmR_Roll",
      "Segments": [
        0,
        57.4,
        1,
        0.167,
        58.834,
        0.333,
        59.041,
        0.5,
        59.041,
        0,
        1.367,
        54.179,
        0,
        2.767,
        56.2,
        0,
        4.167,
        51.752,
        0,
        5.667,
        56.84,
        0,
        7,
        53.838,
        1,
        7.333,
        53.838,
        7.667,
        55.094,
        8,
        57.4
      ]
    },
    {
      "Target": "Parameter",
      "Id": "ArmL_Roll",
      "Segments": [
        0,
        -68.163,
        0,
        1.033,
        -66.588,
        0,
        2.433,
        -68.691,
        0,
        3.7,
        -66.542,
        0,
        5.2,
        -68.663,
        0,
        6.6,
        -66.175,
        0,
        8,
        -68.163
      ]
    },
    {
      "Target": "Parameter",
      "Id": "ArmR_Form",
      "Segments": [
        0,
        -37,
        0,
        1.3,
        -36.47,
        0,
        3.033,
        -37.63,
        0,
        4.867,
        -36.71,
        0,
        6.5,
        -38.014,
        1,
        7,
        -38.014,
        7.5,
        -37.584,
        8,
        -37
      ]
    },
    {
      "Target": "Parameter",
      "Id": "ArmL_Form",
      "Segments": [
        0,
        -25.12,
        1,
        0.433,
        -26.375,
        0.867,
        -26.74,
        1.3,
        -26.74,
        0,
        3.033,
        -25.36,
        0,
        4.867,
        -26.11,
        0,
        6.567,
        -24.097,
        0,
        8,
        -25.12
      ]
    },
    {
      "Target": "Parameter",
      "Id": "HandR_Roll",
      "Segments": [
        0,
        21.077,
        0,
        1.067,
        16.04,
        0,
        2.3,
        19.131,
        0,
        4.067,
        15.067,
        0,
        5.867,
        18.685,
        0,
        6.867,
        15.766,
        0,
        8,
        21.077
      ]
    },
    {
      "Target": "Parameter",
      "Id": "HandL_Roll",
      "Segments": [
        0,
        -0.177,
        0,
        1.067,
        5.264,
        0,
        2.567,
        1.566,
        0,
        3.9,
        5.274,
        0,
        5.2,
        1.914,
        0,
        6.533,
        3.298,
        0,
        8,
        -0.177
      ]
    },
    {
      "Target": "Parameter",
      "Id": "HandR_move",
      "Segments": [
        0,
        30,
        0,
        1,
        -19.196,
        0,
        2.033,
        30,
        0,
        3.067,
        -19.196,
        0,
        4.167,
        30,
        0,
        5.133,
        -19.196,
        0,
        6.233,
        30,
        0,
        7.067,
        -19.196,
        0,
        8,
        30
      ]
    },
    {
      "Target": "Parameter",
      "Id": "HandL_move",
      "Segments": [
        0,
        30,
        0,
        1,
        -19.196,
        0,
        2.033,
        30,
        0,
        3.067,
        -18.375,
        0,
        4.167,
        30,
        0,
        5.133,
        -19.196,
        0,
        6.233,
        30,
        0,
        7.067,
        -19.196,
        0,
        8,
        30
      ]
    },
    {
      "Target": "PartOpacity",
      "Id": "Part25",
      "Segments": [
        0,
        1,
        2,
        8,
        1
      ]
    },
    {
      "Target": "PartOpacity",
      "Id": "Part",
      "Segments": [
        0,
        1,
        2,
        8,
        1
      ]
    },
    {
      "Target": "PartOpacity",
      "Id": "Part34",
      "Segments": [
        0,
        1,
        2,
        8,
        1
      ]
    },
    {
      "Target": "PartOpacity",
      "Id": "Part2",
      "Segments": [
        0,
        1,
        2,
        8,
        1
      ]
    },
    {
      "Target": "PartOpacity",
      "Id": "Part3",
      "Segments": [
        0,
        1,
        2,
        8,
        1
      ]
    },
    {
      "Target": "PartOpacity",
      "Id": "Part26",
      "Segments": [
        0,
        0,
        2,
        8,
        0
      ]
    },
    {
      "Target": "PartOpacity",
      "Id": "Part23",
      "Segments": [
        0,
        1,
        2,
        8,
        1
      ]
    },
    {
      "Target": "PartOpacity",
      "Id": "Part4",
      "Segments": [
        0,
        1,
        2,
        8,
        1
      ]
    },
    {
      "Target": "PartOpacity",
      "Id": "Part29",
      "Segments": [
        0,
        0,
        2,
        8,
        0
      ]
    },
    {
      "Target": "PartOpacity",
      "Id": "Part5",
      "Segments": [
        0,
        0,
        2,
        8,
        0
      ]
    },
    {
      "Target": "PartOpacity",
      "Id": "Part6",
      "Segments": [
        0,
        1,
        2,
        8,
        1
      ]
    },
    {
      "Target": "PartOpacity",
      "Id": "Part7",
      "Segments": [
        0,
        0,
        2,
        8,
        0
      ]
    },
    {
      "Target": "PartOpacity",
      "Id": "Part8",
      "Segments": [
        0,
        0,
        2,
        8,
        0
      ]
    },
    {
      "Target": "PartOpacity",
      "Id": "Part9",
      "Segments": [
        0,
        1,
        2,
        8,
        1
      ]
    },
    {
      "Target": "PartOpacity",
      "Id": "Part14",
      "Segments": [
        0,
        1,
        2,
        8,
        1
      ]
    },
    {
      "Target": "PartOpacity",
      "Id": "Part24",
      "Segments": [
        0,
        1,
        2,
        8,
        1
      ]
    },
    {
      "Target": "PartOpacity",
      "Id": "Part16",
      "Segments": [
        0,
        0,
        2,
        8,
        0
      ]
    },
    {
      "Target": "PartOpacity",
      "Id": "Part18",
      "Segments": [
        0,
        0,
        2,
        8,
        0
      ]
    },
    {
      "Target": "PartOpacity",
      "Id": "Part10",
      "Segments": [
        0,
        1,
        2,
        8,
        1
      ]
    },
    {
      "Target": "PartOpacity",
      "Id": "Part13",
      "Segments": [
        0,
        1,
        2,
        8,
        1
      ]
    },
    {
      "Target": "PartOpacity",
      "Id": "Part11",
      "Segments": [
        0,
        1,
        2,
        8,
        1
      ]
    },
    {
      "Target": "PartOpacity",
      "Id": "Part17",
      "Segments": [
        0,
        0,
        2,
        8,
        0
      ]
    },
    {
      "Target": "PartOpacity",
      "Id": "Part19",
      "Segments": [
        0,
        1,
        2,
        8,
        1
      ]
    },
    {
      "Target": "PartOpacity",
      "Id": "Part15",
      "Segments": [
        0,
        0,
        2,
        8,
        0
      ]
    },
    {
      "Target": "PartOpacity",
      "Id": "Part22",
      "Segments": [
        0,
        1,
        2,
        8,
        1
      ]
    },
    {
      "Target": "PartOpacity",
      "Id": "Part20",
      "Segments": [
        0,
        1,
        2,
        8,
        1
      ]
    },
    {
      "Target": "PartOpacity",
      "Id": "Part21",
      "Segments": [
        0,
        1,
        2,
        8,
        1
      ]
    },
    {
      "Target": "Parameter",
      "Id": "BodyPoX",
      "Segments": [
        0,
        0,
        0,
        8,
        0
      ]
    },
    {
      "Target": "Parameter",
      "Id": "Body_Shaking",
      "Segments": [
        0,
        0,
        0,
        8,
        0
      ]
    },
    {
      "Target": "Parameter",
      "Id": "BodyY",
      "Segments": [
        0,
        0,
        0,
        8,
        0
      ]
    },
    {
      "Target": "Parameter",
      "Id": "Eye_Ang",
      "Segments": [
        0,
        -14,
        0,
        8,
        -14
      ]
    },
    {
      "Target": "Parameter",
      "Id": "Ang_Form",
      "Segments": [
        0,
        1,
        0,
        8,
        1
      ]
    },
    {
      "Target": "Parameter",
      "Id": "AngY",
      "Segments": [
        0,
        0,
        0,
        8,
        0
      ]
    },
    {
      "Target": "Parameter",
      "Id": "Wet_On",
      "Segments": [
        0,
        1,
        0,
        8,
        1
      ]
    },
    {
      "Target": "Parameter",
      "Id": "Ang_Move",
      "Segments": [
        0,
        -30,
        0,
        8,
        -30
      ]
    },
    {
      "Target": "Parameter",
      "Id": "EyeBallX",
      "Segments": [
        0,
        0,
        0,
        8,
        0
      ]
    },
    {
      "Target": "Parameter",
      "Id": "EyeBall_size",
      "Segments": [
        0,
        0,
        0,
        8,
        0
      ]
    },
    {
      "Target": "Parameter",
      "Id": "BrowR_Angle",
      "Segments": [
        0,
        -0.4,
        0,
        8,
        -0.4
      ]
    },
    {
      "Target": "Parameter",
      "Id": "BrowL_Angle",
      "Segments": [
        0,
        0.4,
        0,
        8,
        0.4
      ]
    },
    {
      "Target": "Parameter",
      "Id": "BrowR_Form",
      "Segments": [
        0,
        -0.8,
        0,
        8,
        -0.8
      ]
    },
    {
      "Target": "Parameter",
      "Id": "BrowL_Form",
      "Segments": [
        0,
        -0.8,
        0,
        8,
        -0.8
      ]
    },
    {
      "Target": "Parameter",
      "Id": "BrowR_Form2",
      "Segments": [
        0,
        0,
        0,
        8,
        0
      ]
    },
    {
      "Target": "Parameter",
      "Id": "BrowL_Form2",
      "Segments": [
        0,
        0,
        0,
        8,
        0
      ]
    },
    {
      "Target": "Parameter",
      "Id": "EyeR_Open",
      "Segments": [
        0,
        1,
        0,
        8,
        1
      ]
    },
    {
      "Target": "Parameter",
      "Id": "EyeL_Open",
      "Segments": [
        0,
        1,
        0,
        8,
        1
      ]
    },
    {
      "Target": "Parameter",
      "Id": "EyeR_Smile",
      "Segments": [
        0,
        0,
        0,
        8,
        0
      ]
    },
    {
      "Target": "Parameter",
      "Id": "EyeL_Smile",
      "Segments": [
        0,
        0,
        0,
        8,
        0
      ]
    },
    {
      "Target": "Parameter",
      "Id": "MouthY",
      "Segments": [
        0,
        18,
        0,
        8,
        18
      ]
    },
    {
      "Target": "Parameter",
      "Id": "MouthForm2",
      "Segments": [
        0,
        0,
        0,
        8,
        0
      ]
    },
    {
      "Target": "Parameter",
      "Id": "MouthForm",
      "Segments": [
        0,
        0,
        0,
        8,
        0
      ]
    },
    {
      "Target": "Parameter",
      "Id": "Mouth_Open",
      "Segments": [
        0,
        1,
        0,
        8,
        1
      ]
    },
    {
      "Target": "Parameter",
      "Id": "Mouth_Size",
      "Segments": [
        0,
        0.7,
        0,
        8,
        0.7
      ]
    },
    {
      "Target": "Parameter",
      "Id": "ShoulderRY",
      "Segments": [
        0,
        0,
        0,
        8,
        0
      ]
    },
    {
      "Target": "Parameter",
      "Id": "ShoulderLY",
      "Segments": [
        0,
        30,
        0,
        8,
        30
      ]
    },
    {
      "Target": "Parameter",
      "Id": "ArmR_Form2",
      "Segments": [
        0,
        -28,
        0,
        8,
        -28
      ]
    },
    {
      "Target": "Parameter",
      "Id": "ArmL_Form2",
      "Segments": [
        0,
        -11,
        0,
        8,
        -11
      ]
    },
    {
      "Target": "Parameter",
      "Id": "ArmR_Sup_Form",
      "Segments": [
        0,
        -30,
        0,
        8,
        -30
      ]
    },
    {
      "Target": "Parameter",
      "Id": "ArmL_Sup_Form",
      "Segments": [
        0,
        -19,
        0,
        8,
        -19
      ]
    },
    {
      "Target": "Parameter",
      "Id": "Param2",
      "Segments": [
        0,
        -15,
        0,
        8,
        -15
      ]
    },
    {
      "Target": "Parameter",
      "Id": "Param3",
      "Segments": [
        0,
        16,
        0,
        8,
        16
      ]
    },
    {
      "Target": "Parameter",
      "Id": "Param4",
      "Segments": [
        0,
        -8,
        0,
        8,
        -8
      ]
    },
    {
      "Target": "Parameter",
      "Id": "FinR_move",
      "Segments": [
        0,
        0,
        0,
        8,
        0
      ]
    },
    {
      "Target": "Parameter",
      "Id": "FinR_move2",
      "Segments": [
        0,
        0,
        0,
        8,
        0
      ]
    },
    {
      "Target": "Parameter",
      "Id": "LegR_Roll",
      "Segments": [
        0,
        0,
        0,
        8,
        0
      ]
    },
    {
      "Target": "Parameter",
      "Id": "LegL_Roll",
      "Segments": [
        0,
        30,
        0,
        8,
        30
      ]
    }
  ],
  "UserData": [
    {
      "Time": 0.0,
      "Value": ""
    }
  ]
}