{
  "Version": 3,
  "Meta": {
    "Duration": 8.0,
    "Fps": 30.0,
    "Loop": true,
    "AreBeziersRestricted": true,
    "CurveCount": 109,
    "TotalSegmentCount": 256,
    "TotalPointCount": 398,
    "UserDataCount": 1,
    "TotalUserDataSize": 0
  },
  "Curves": [
    {
      "Target": "Parameter",
      "Id": "Breath",
      "Segments": [
        0,
        0,
        0,
        1.767,
        0.5,
        1,
        2.267,
        0.5,
        2.767,
        0.334,
        3.267,
        0.1,
        1,
        3.456,
        0.012,
        3.644,
        0,
        3.833,
        0,
        0,
        6,
        0.5,
        0,
        8,
        0
      ]
    },
    {
      "Target": "Parameter",
      "Id": "Body_Shaking",
      "Segments": [
        0,
        -11.432,
        0,
        2.7,
        -6.141,
        0,
        4.133,
        -9,
        0,
        6.433,
        -6.369,
        0,
        8,
        -11.432
      ]
    },
    {
      "Target": "Parameter",
      "Id": "BodyY",
      "Segments": [
        0,
        0,
        2,
        1.8,
        0,
        0,
        3.233,
        -1.62,
        1,
        3.7,
        -1.62,
        4.166,
        -1.655,
        4.633,
        -1.463,
        1,
        5.122,
        -1.262,
        5.611,
        0,
        6.1,
        0,
        2,
        8,
        0
      ]
    },
    {
      "Target": "Parameter",
      "Id": "Body_Twist",
      "Segments": [
        0,
        0,
        2,
        1.633,
        0,
        1,
        2.078,
        0,
        2.522,
        -10.72,
        2.967,
        -12.233,
        1,
        3.545,
        -13.812,
        4.122,
        -13.383,
        4.7,
        -11.533,
        1,
        5.244,
        -9.614,
        5.789,
        -0.27,
        6.333,
        -0.27,
        1,
        6.889,
        0.07,
        7.444,
        0,
        8,
        0
      ]
    },
    {
      "Target": "Parameter",
      "Id": "Waist_Roll",
      "Segments": [
        0,
        21.479,
        1,
        0.2,
        21.933,
        0.4,
        22.458,
        0.6,
        22.458,
        0,
        2.733,
        12.142,
        1,
        3.255,
        11.827,
        3.778,
        14.485,
        4.3,
        14.485,
        1,
        5,
        14.485,
        5.7,
        12.465,
        6.4,
        13.898,
        1,
        6.933,
        15.628,
        7.467,
        21.479,
        8,
        21.479
      ]
    },
    {
      "Target": "Parameter",
      "Id": "Ribbon01_Shaking",
      "Segments": [
        0,
        -3.8,
        1,
        0.211,
        -9.408,
        0.422,
        -11,
        0.633,
        -11,
        0,
        1.867,
        7,
        0,
        3.133,
        -11,
        0,
        4.267,
        7,
        0,
        5.867,
        -11,
        0,
        7.2,
        8,
        1,
        7.467,
        8,
        7.733,
        0.597,
        8,
        -3.8
      ]
    },
    {
      "Target": "Parameter",
      "Id": "Necklace_Shaking",
      "Segments": [
        0,
        0,
        1,
        0.056,
        0.543,
        0.111,
        0.7,
        0.167,
        0.7,
        0,
        0.567,
        0,
        2,
        6.567,
        0,
        0,
        7.033,
        -0.226,
        1,
        7.178,
        -0.237,
        7.322,
        0.523,
        7.467,
        0.523,
        0,
        7.833,
        -0.587,
        0,
        8,
        0
      ]
    },
    {
      "Target": "Parameter",
      "Id": "Ruffle01_Shaking",
      "Segments": [
        0,
        -3.2,
        1,
        0.211,
        -10.204,
        0.422,
        -12,
        0.633,
        -12,
        0,
        1.733,
        12,
        0,
        3.1,
        -16,
        0,
        4.3,
        12,
        0,
        5.667,
        -12,
        0,
        7.067,
        11,
        1,
        7.378,
        11,
        7.689,
        3.312,
        8,
        -3.2
      ]
    },
    {
      "Target": "Parameter",
      "Id": "Head_AngleX",
      "Segments": [
        0,
        0,
        1,
        0.4,
        0,
        0.8,
        -0.08,
        1.2,
        -0.219,
        1,
        1.789,
        -0.378,
        2.378,
        -3.441,
        2.967,
        -7,
        1,
        3.3,
        -8.612,
        3.634,
        -8.731,
        3.967,
        -8.592,
        1,
        4.445,
        -8.592,
        4.922,
        -5.108,
        5.4,
        -1.472,
        1,
        5.6,
        0.051,
        5.8,
        0,
        6,
        0,
        2,
        8,
        0
      ]
    },
    {
      "Target": "Parameter",
      "Id": "Head_AngleY",
      "Segments": [
        0,
        -7.8,
        1,
        0.178,
        -9.614,
        0.355,
        -10.322,
        0.533,
        -10.322,
        0,
        1.7,
        1.066,
        1,
        2.178,
        1.066,
        2.655,
        -11.371,
        3.133,
        -13.894,
        1,
        3.411,
        -15.604,
        3.689,
        -15.74,
        3.967,
        -15.74,
        1,
        4.289,
        -15.74,
        4.611,
        -12.171,
        4.933,
        -9,
        1,
        5.078,
        -7.579,
        5.222,
        -7.043,
        5.367,
        -6.4,
        1,
        5.578,
        -5.46,
        5.789,
        -4,
        6,
        -4,
        1,
        6.422,
        -3.182,
        6.845,
        -3.202,
        7.267,
        -3.341,
        1,
        7.511,
        -3.421,
        7.756,
        -7.8,
        8,
        -7.8
      ]
    },
    {
      "Target": "Parameter",
      "Id": "Head_Roll",
      "Segments": [
        0,
        -18.638,
        1,
        0.256,
        -19.694,
        0.511,
        -20,
        0.767,
        -20,
        1,
        1.089,
        -20,
        1.411,
        -14.452,
        1.733,
        -9.079,
        1,
        2.089,
        -3.744,
        2.444,
        1.432,
        2.8,
        1.574,
        1,
        3.311,
        1.748,
        3.822,
        1.441,
        4.333,
        1.209,
        1,
        4.866,
        0.875,
        5.4,
        -7.098,
        5.933,
        -10.372,
        1,
        6.622,
        -14.053,
        7.311,
        -18.638,
        8,
        -18.638
      ]
    },
    {
      "Target": "Parameter",
      "Id": "HeadY",
      "Segments": [
        0,
        -5,
        2,
        1.967,
        -5,
        0,
        3.5,
        -7.52,
        2,
        5.4,
        -7.52,
        0,
        6.6,
        -5,
        2,
        8,
        -5
      ]
    },
    {
      "Target": "Parameter",
      "Id": "EyeBallX",
      "Segments": [
        0,
        0,
        1,
        0.544,
        0,
        1.089,
        0.001,
        1.633,
        0.057,
        1,
        2.166,
        0.111,
        2.7,
        0.214,
        3.233,
        0.214,
        1,
        4.166,
        0.214,
        5.1,
        0.183,
        6.033,
        0.1,
        1,
        6.689,
        0.042,
        7.344,
        0,
        8,
        0
      ]
    },
    {
      "Target": "Parameter",
      "Id": "EyeBallY",
      "Segments": [
        0,
        -0.1,
        1,
        0.789,
        -0.172,
        1.578,
        -0.2,
        2.367,
        -0.2,
        0,
        3.233,
        -0.162,
        0,
        6.033,
        -0.2,
        1,
        6.689,
        -0.182,
        7.344,
        -0.069,
        8,
        -0.1
      ]
    },
    {
      "Target": "Parameter",
      "Id": "BrowRY",
      "Segments": [
        0,
        -0.4,
        2,
        1.033,
        -0.4,
        0,
        2.367,
        -0.1,
        0,
        3.267,
        -0.4,
        2,
        8,
        -0.4
      ]
    },
    {
      "Target": "Parameter",
      "Id": "BrowLY",
      "Segments": [
        0,
        -0.4,
        2,
        1.033,
        -0.4,
        0,
        2.367,
        -0.1,
        0,
        3.267,
        -0.4,
        2,
        8,
        -0.4
      ]
    },
    {
      "Target": "Parameter",
      "Id": "BrowR_Form",
      "Segments": [
        0,
        -0.4,
        2,
        1.033,
        -0.4,
        0,
        2.367,
        0,
        0,
        3.267,
        -0.4,
        2,
        8,
        -0.4
      ]
    },
    {
      "Target": "Parameter",
      "Id": "BrowL_Form",
      "Segments": [
        0,
        -0.6,
        2,
        1.033,
        -0.6,
        0,
        2.367,
        0,
        0,
        3.267,
        -0.6,
        2,
        8,
        -0.6
      ]
    },
    {
      "Target": "Parameter",
      "Id": "EyeR_Open",
      "Segments": [
        0,
        0,
        1,
        0.311,
        0,
        0.622,
        0.775,
        0.933,
        0.8,
        1,
        2.833,
        0.954,
        4.733,
        1,
        6.633,
        1,
        0,
        7.267,
        0,
        2,
        8,
        0
      ]
    },
    {
      "Target": "Parameter",
      "Id": "EyeL_Open",
      "Segments": [
        0,
        0,
        1,
        0.311,
        0,
        0.622,
        0.775,
        0.933,
        0.8,
        1,
        2.833,
        0.954,
        4.733,
        1,
        6.633,
        1,
        0,
        7.267,
        0,
        2,
        8,
        0
      ]
    },
    {
      "Target": "Parameter",
      "Id": "HairFront_Shaking",
      "Segments": [
        0,
        -0.034,
        1,
        0.211,
        -0.192,
        0.422,
        -0.293,
        0.633,
        -0.293,
        0,
        1.733,
        0.319,
        0,
        2.967,
        -0.238,
        0,
        4.133,
        0.28,
        0,
        5.667,
        -0.238,
        0,
        7.3,
        0.28,
        1,
        7.533,
        0.28,
        7.767,
        0.105,
        8,
        -0.034
      ]
    },
    {
      "Target": "Parameter",
      "Id": "HairBack_Shaking",
      "Segments": [
        0,
        -0.136,
        1,
        0.2,
        -0.343,
        0.4,
        -0.509,
        0.6,
        -0.509,
        1,
        0.756,
        -0.509,
        0.911,
        -0.5,
        1.067,
        -0.381,
        1,
        1.367,
        -0.15,
        1.667,
        0.055,
        1.967,
        0.055,
        0,
        3.3,
        -0.518,
        0,
        4.6,
        0.146,
        0,
        6.267,
        -0.619,
        0,
        7.367,
        0.171,
        1,
        7.578,
        0.175,
        7.789,
        -0.018,
        8,
        -0.136
      ]
    },
    {
      "Target": "Parameter",
      "Id": "HairSideR_Shaking",
      "Segments": [
        0,
        -0.051,
        1,
        0.211,
        -0.25,
        0.422,
        -0.31,
        0.633,
        -0.31,
        0,
        1.933,
        0.395,
        0,
        3,
        -0.168,
        0,
        4,
        0.277,
        0,
        5.867,
        -0.545,
        0,
        7.4,
        0.236,
        1,
        7.6,
        0.236,
        7.8,
        0.075,
        8,
        -0.051
      ]
    },
    {
      "Target": "Parameter",
      "Id": "HairSideL_Shaking",
      "Segments": [
        0,
        -0.062,
        1,
        0.211,
        -0.234,
        0.422,
        -0.31,
        0.633,
        -0.31,
        0,
        1.933,
        0.454,
        0,
        3.033,
        -0.145,
        0,
        4,
        0.263,
        0,
        6,
        -0.513,
        0,
        7.433,
        0.185,
        1,
        7.622,
        0.185,
        7.811,
        0.057,
        8,
        -0.062
      ]
    },
    {
      "Target": "Parameter",
      "Id": "ShoulderRY",
      "Segments": [
        0,
        11.4,
        0,
        3.2,
        3.345,
        0,
        8,
        11.4
      ]
    },
    {
      "Target": "Parameter",
      "Id": "ShoulderLY",
      "Segments": [
        0,
        26,
        0,
        3.6,
        22,
        0,
        8,
        26
      ]
    },
    {
      "Target": "Parameter",
      "Id": "ShoulderR_Roll",
      "Segments": [
        0,
        -12.5,
        2,
        1.667,
        -12.5,
        0,
        3.133,
        -13.524,
        0,
        4.033,
        -13.644,
        0,
        6.767,
        -12.774,
        1,
        7.178,
        -12.543,
        7.589,
        -12.5,
        8,
        -12.5
      ]
    },
    {
      "Target": "Parameter",
      "Id": "ShoulderL_Roll",
      "Segments": [
        0,
        15,
        2,
        1.667,
        15,
        0,
        3.133,
        14.301,
        2,
        4.133,
        14.301,
        1,
        4.611,
        14.301,
        5.089,
        14.371,
        5.567,
        14.543,
        1,
        6.378,
        14.835,
        7.189,
        15,
        8,
        15
      ]
    },
    {
      "Target": "Parameter",
      "Id": "ArmR_Roll",
      "Segments": [
        0,
        12.488,
        2,
        1.667,
        12.488,
        0,
        3.133,
        12.398,
        1,
        3.433,
        12.398,
        3.733,
        12.396,
        4.033,
        12.4,
        1,
        4.944,
        12.414,
        5.856,
        12.488,
        6.767,
        12.488,
        2,
        8,
        12.488
      ]
    },
    {
      "Target": "Parameter",
      "Id": "ArmL_Roll",
      "Segments": [
        0,
        -13.68,
        1,
        0.544,
        -13.68,
        1.089,
        -13.68,
        1.633,
        -13.7,
        1,
        2.078,
        -13.716,
        2.522,
        -13.76,
        2.967,
        -13.76,
        2,
        4.7,
        -13.76,
        0,
        6.333,
        -13.623,
        0,
        8,
        -13.68
      ]
    },
    {
      "Target": "Parameter",
      "Id": "ShoulderR_Scale",
      "Segments": [
        0,
        -0.752,
        2,
        1.667,
        -0.752,
        0,
        3.133,
        -0.852,
        1,
        3.433,
        -0.852,
        3.733,
        -0.854,
        4.033,
        -0.848,
        1,
        4.944,
        -0.83,
        5.856,
        -0.766,
        6.767,
        -0.755,
        1,
        7.178,
        -0.75,
        7.589,
        -0.752,
        8,
        -0.752
      ]
    },
    {
      "Target": "Parameter",
      "Id": "HandL_Roll",
      "Segments": [
        0,
        -30,
        2,
        1.633,
        -30,
        0,
        2.967,
        -27.38,
        2,
        4.7,
        -27.38,
        0,
        6.333,
        -30,
        2,
        8,
        -30
      ]
    },
    {
      "Target": "Parameter",
      "Id": "Ribbon02_Shaking",
      "Segments": [
        0,
        -0.8,
        1,
        0.178,
        -4.258,
        0.355,
        -5,
        0.533,
        -5,
        0,
        1.833,
        11,
        0,
        3.1,
        -6,
        0,
        4.267,
        8,
        0,
        5.833,
        -6,
        0,
        7.1,
        6,
        1,
        7.4,
        6,
        7.7,
        3.532,
        8,
        -0.8
      ]
    },
    {
      "Target": "Parameter",
      "Id": "Ruffle02_Shaking",
      "Segments": [
        0,
        -11.1,
        1,
        0.1,
        -15.387,
        0.2,
        -15,
        0.3,
        -15,
        0,
        1.733,
        13,
        0,
        3.067,
        -20,
        0,
        4.3,
        15,
        0,
        5.667,
        -13,
        0,
        7.033,
        17,
        1,
        7.355,
        17,
        7.678,
        -3.349,
        8,
        -11.1
      ]
    },
    {
      "Target": "PartOpacity",
      "Id": "Part4",
      "Segments": [
        0,
        1,
        2,
        8,
        1
      ]
    },
    {
      "Target": "PartOpacity",
      "Id": "Part12",
      "Segments": [
        0,
        1,
        2,
        8,
        1
      ]
    },
    {
      "Target": "PartOpacity",
      "Id": "Part13",
      "Segments": [
        0,
        1,
        2,
        8,
        1
      ]
    },
    {
      "Target": "PartOpacity",
      "Id": "Part14",
      "Segments": [
        0,
        1,
        2,
        8,
        1
      ]
    },
    {
      "Target": "PartOpacity",
      "Id": "Part15",
      "Segments": [
        0,
        1,
        2,
        8,
        1
      ]
    },
    {
      "Target": "PartOpacity",
      "Id": "Part16",
      "Segments": [
        0,
        1,
        2,
        8,
        1
      ]
    },
    {
      "Target": "PartOpacity",
      "Id": "Part18",
      "Segments": [
        0,
        1,
        2,
        8,
        1
      ]
    },
    {
      "Target": "PartOpacity",
      "Id": "Part19",
      "Segments": [
        0,
        1,
        2,
        8,
        1
      ]
    },
    {
      "Target": "PartOpacity",
      "Id": "Part17",
      "Segments": [
        0,
        1,
        2,
        8,
        1
      ]
    },
    {
      "Target": "PartOpacity",
      "Id": "Part24",
      "Segments": [
        0,
        1,
        2,
        8,
        1
      ]
    },
    {
      "Target": "PartOpacity",
      "Id": "Part20",
      "Segments": [
        0,
        1,
        2,
        8,
        1
      ]
    },
    {
      "Target": "PartOpacity",
      "Id": "Part33",
      "Segments": [
        0,
        1,
        2,
        8,
        1
      ]
    },
    {
      "Target": "PartOpacity",
      "Id": "Part9",
      "Segments": [
        0,
        1,
        2,
        8,
        1
      ]
    },
    {
      "Target": "PartOpacity",
      "Id": "Part26",
      "Segments": [
        0,
        0,
        2,
        8,
        0
      ]
    },
    {
      "Target": "PartOpacity",
      "Id": "Part25",
      "Segments": [
        0,
        0,
        2,
        8,
        0
      ]
    },
    {
      "Target": "PartOpacity",
      "Id": "Part28",
      "Segments": [
        0,
        1,
        2,
        8,
        1
      ]
    },
    {
      "Target": "PartOpacity",
      "Id": "Part27",
      "Segments": [
        0,
        0,
        2,
        8,
        0
      ]
    },
    {
      "Target": "PartOpacity",
      "Id": "Part52",
      "Segments": [
        0,
        0,
        2,
        8,
        0
      ]
    },
    {
      "Target": "PartOpacity",
      "Id": "Part2",
      "Segments": [
        0,
        1,
        2,
        8,
        1
      ]
    },
    {
      "Target": "PartOpacity",
      "Id": "Part22",
      "Segments": [
        0,
        1,
        2,
        8,
        1
      ]
    },
    {
      "Target": "PartOpacity",
      "Id": "Part63",
      "Segments": [
        0,
        1,
        2,
        8,
        1
      ]
    },
    {
      "Target": "PartOpacity",
      "Id": "Part64",
      "Segments": [
        0,
        1,
        2,
        8,
        1
      ]
    },
    {
      "Target": "PartOpacity",
      "Id": "Part65",
      "Segments": [
        0,
        1,
        2,
        8,
        1
      ]
    },
    {
      "Target": "PartOpacity",
      "Id": "Part66",
      "Segments": [
        0,
        1,
        2,
        8,
        1
      ]
    },
    {
      "Target": "PartOpacity",
      "Id": "Part67",
      "Segments": [
        0,
        1,
        2,
        8,
        1
      ]
    },
    {
      "Target": "PartOpacity",
      "Id": "Part70",
      "Segments": [
        0,
        1,
        2,
        8,
        1
      ]
    },
    {
      "Target": "PartOpacity",
      "Id": "Part71",
      "Segments": [
        0,
        1,
        2,
        8,
        1
      ]
    },
    {
      "Target": "PartOpacity",
      "Id": "Part72",
      "Segments": [
        0,
        1,
        2,
        8,
        1
      ]
    },
    {
      "Target": "PartOpacity",
      "Id": "Part3",
      "Segments": [
        0,
        1,
        2,
        8,
        1
      ]
    },
    {
      "Target": "PartOpacity",
      "Id": "Part69",
      "Segments": [
        0,
        1,
        2,
        8,
        1
      ]
    },
    {
      "Target": "PartOpacity",
      "Id": "Part5",
      "Segments": [
        0,
        1,
        2,
        8,
        1
      ]
    },
    {
      "Target": "PartOpacity",
      "Id": "Part7",
      "Segments": [
        0,
        1,
        2,
        8,
        1
      ]
    },
    {
      "Target": "PartOpacity",
      "Id": "Part",
      "Segments": [
        0,
        1,
        2,
        8,
        1
      ]
    },
    {
      "Target": "PartOpacity",
      "Id": "HandL2",
      "Segments": [
        0,
        0,
        2,
        8,
        0
      ]
    },
    {
      "Target": "PartOpacity",
      "Id": "Part21",
      "Segments": [
        0,
        0,
        2,
        8,
        0
      ]
    },
    {
      "Target": "PartOpacity",
      "Id": "Part23",
      "Segments": [
        0,
        0,
        2,
        8,
        0
      ]
    },
    {
      "Target": "PartOpacity",
      "Id": "Part6",
      "Segments": [
        0,
        1,
        2,
        8,
        1
      ]
    },
    {
      "Target": "PartOpacity",
      "Id": "HandL1",
      "Segments": [
        0,
        0,
        2,
        8,
        0
      ]
    },
    {
      "Target": "PartOpacity",
      "Id": "Part8",
      "Segments": [
        0,
        1,
        2,
        8,
        1
      ]
    },
    {
      "Target": "PartOpacity",
      "Id": "Part10",
      "Segments": [
        0,
        1,
        2,
        8,
        1
      ]
    },
    {
      "Target": "PartOpacity",
      "Id": "Part29",
      "Segments": [
        0,
        0,
        2,
        8,
        0
      ]
    },
    {
      "Target": "PartOpacity",
      "Id": "Part11",
      "Segments": [
        0,
        1,
        2,
        8,
        1
      ]
    },
    {
      "Target": "PartOpacity",
      "Id": "Part30",
      "Segments": [
        0,
        1,
        2,
        8,
        1
      ]
    },
    {
      "Target": "Model",
      "Id": "Opacity",
      "Segments": [
        0,
        1,
        0,
        8,
        1
      ]
    },
    {
      "Target": "Parameter",
      "Id": "Shoulder_Move",
      "Segments": [
        0,
        1,
        0,
        8,
        1
      ]
    },
    {
      "Target": "Parameter",
      "Id": "Arm_Form",
      "Segments": [
        0,
        1,
        0,
        8,
        1
      ]
    },
    {
      "Target": "Parameter",
      "Id": "Body_Pose1",
      "Segments": [
        0,
        0.005,
        0,
        8,
        0.005
      ]
    },
    {
      "Target": "Parameter",
      "Id": "All_Position",
      "Segments": [
        0,
        0,
        0,
        8,
        0
      ]
    },
    {
      "Target": "Parameter",
      "Id": "BrowR_Angle",
      "Segments": [
        0,
        -0.3,
        0,
        8,
        -0.3
      ]
    },
    {
      "Target": "Parameter",
      "Id": "BrowL_Angle",
      "Segments": [
        0,
        -0.3,
        0,
        8,
        -0.3
      ]
    },
    {
      "Target": "Parameter",
      "Id": "BrowR_Form2",
      "Segments": [
        0,
        0.5,
        0,
        8,
        0.5
      ]
    },
    {
      "Target": "Parameter",
      "Id": "BrowL_Form2",
      "Segments": [
        0,
        0.5,
        0,
        8,
        0.5
      ]
    },
    {
      "Target": "Parameter",
      "Id": "EyeBall_Size",
      "Segments": [
        0,
        0,
        0,
        8,
        0
      ]
    },
    {
      "Target": "Parameter",
      "Id": "EyeR_Smile",
      "Segments": [
        0,
        0,
        0,
        8,
        0
      ]
    },
    {
      "Target": "Parameter",
      "Id": "EyeL_Smile",
      "Segments": [
        0,
        0,
        0,
        8,
        0
      ]
    },
    {
      "Target": "Parameter",
      "Id": "MouthForm2",
      "Segments": [
        0,
        0,
        0,
        8,
        0
      ]
    },
    {
      "Target": "Parameter",
      "Id": "Mouth_Form",
      "Segments": [
        0,
        0,
        0,
        8,
        0
      ]
    },
    {
      "Target": "Parameter",
      "Id": "Mouth_Open",
      "Segments": [
        0,
        1,
        0,
        8,
        1
      ]
    },
    {
      "Target": "Parameter",
      "Id": "Mouth_Size",
      "Segments": [
        0,
        0.4,
        0,
        8,
        0.4
      ]
    },
    {
      "Target": "Parameter",
      "Id": "Mouth_Form2",
      "Segments": [
        0,
        0,
        0,
        8,
        0
      ]
    },
    {
      "Target": "Parameter",
      "Id": "Param4",
      "Segments": [
        0,
        5,
        0,
        8,
        5
      ]
    },
    {
      "Target": "Parameter",
      "Id": "Param7",
      "Segments": [
        0,
        0,
        0,
        8,
        0
      ]
    },
    {
      "Target": "Parameter",
      "Id": "ShoulderL_Scale",
      "Segments": [
        0,
        -0.946,
        0,
        8,
        -0.946
      ]
    },
    {
      "Target": "Parameter",
      "Id": "ArmL_Scale",
      "Segments": [
        0,
        -1,
        0,
        8,
        -1
      ]
    },
    {
      "Target": "Parameter",
      "Id": "ArmR_Scale",
      "Segments": [
        0,
        -1,
        0,
        8,
        -1
      ]
    },
    {
      "Target": "Parameter",
      "Id": "HandR_Roll",
      "Segments": [
        0,
        5,
        0,
        8,
        5
      ]
    },
    {
      "Target": "Parameter",
      "Id": "HandR03_Move",
      "Segments": [
        0,
        -30,
        0,
        8,
        -30
      ]
    },
    {
      "Target": "Parameter",
      "Id": "HandR03_move",
      "Segments": [
        0,
        0,
        0,
        8,
        0
      ]
    },
    {
      "Target": "Parameter",
      "Id": "HandL_02_Move",
      "Segments": [
        0,
        0,
        0,
        8,
        0
      ]
    },
    {
      "Target": "Parameter",
      "Id": "Param3",
      "Segments": [
        0,
        0,
        0,
        8,
        0
      ]
    },
    {
      "Target": "Parameter",
      "Id": "Param2",
      "Segments": [
        0,
        0,
        0,
        8,
        0
      ]
    },
    {
      "Target": "Parameter",
      "Id": "Param",
      "Segments": [
        0,
        0,
        0,
        8,
        0
      ]
    },
    {
      "Target": "Parameter",
      "Id": "Param5",
      "Segments": [
        0,
        30,
        0,
        8,
        30
      ]
    },
    {
      "Target": "Parameter",
      "Id": "LegR_Roll",
      "Segments": [
        0,
        0,
        0,
        8,
        0
      ]
    },
    {
      "Target": "Parameter",
      "Id": "LegL_Rll",
      "Segments": [
        0,
        0,
        0,
        8,
        0
      ]
    }
  ],
  "UserData": [
    {
      "Time": 0.0,
      "Value": ""
    }
  ]
}