{
  "Version": 3,
  "Meta": {
    "Duration": 8.0,
    "Fps": 30.0,
    "Loop": true,
    "AreBeziersRestricted": true,
    "CurveCount": 104,
    "TotalSegmentCount": 227,
    "TotalPointCount": 329,
    "UserDataCount": 1,
    "TotalUserDataSize": 0
  },
  "Curves": [
    {
      "Target": "Parameter",
      "Id": "Breath",
      "Segments": [
        0,
        0.393,
        0,
        1.3,
        0,
        0,
        2.967,
        0.393,
        0,
        4.167,
        0,
        0,
        5.5,
        0.393,
        0,
        6.9,
        0,
        0,
        8,
        0.393
      ]
    },
    {
      "Target": "Parameter",
      "Id": "Body_Shaking",
      "Segments": [
        0,
        0,
        1,
        0.311,
        1.695,
        0.622,
        2.144,
        0.933,
        2.144,
        1,
        1.311,
        2.144,
        1.689,
        0.862,
        2.067,
        0,
        1,
        2.522,
        -1.039,
        2.978,
        -1.173,
        3.433,
        -1.173,
        1,
        3.889,
        -1.173,
        4.344,
        -1.075,
        4.8,
        0.141,
        1,
        5.189,
        1.18,
        5.578,
        3.006,
        5.967,
        3.006,
        0,
        7.6,
        -0.652,
        1,
        7.733,
        -0.652,
        7.867,
        -0.444,
        8,
        0
      ]
    },
    {
      "Target": "Parameter",
      "Id": "BodyY",
      "Segments": [
        0,
        -2.139,
        1,
        0.144,
        -4.524,
        0.289,
        -5.06,
        0.433,
        -5.06,
        0,
        1.567,
        0.533,
        0,
        5.9,
        -0.385,
        0,
        7.367,
        2.186,
        1,
        7.578,
        2.186,
        7.789,
        0.09,
        8,
        -2.139
      ]
    },
    {
      "Target": "Parameter",
      "Id": "Body_Twist",
      "Segments": [
        0,
        -21,
        1,
        0.978,
        -20.646,
        1.955,
        -20.54,
        2.933,
        -20.54,
        0,
        4.433,
        -23.105,
        0,
        6.433,
        -22.979,
        1,
        6.8,
        -22.861,
        7.166,
        -21.215,
        7.533,
        -21.094,
        1,
        7.689,
        -21.037,
        7.844,
        -21.015,
        8,
        -21
      ]
    },
    {
      "Target": "Parameter",
      "Id": "Body_Pose1",
      "Segments": [
        0,
        25,
        1,
        0.189,
        25,
        0.378,
        17.051,
        0.567,
        13.207,
        1,
        0.8,
        8.459,
        1.034,
        8.024,
        1.267,
        8.024,
        0,
        3.433,
        22.864,
        0,
        5.667,
        4.97,
        1,
        6.445,
        4.97,
        7.222,
        27.353,
        8,
        25
      ]
    },
    {
      "Target": "Parameter",
      "Id": "Waist_Roll",
      "Segments": [
        0,
        18.206,
        1,
        0.511,
        22.378,
        1.022,
        22.216,
        1.533,
        21.98,
        1,
        2.211,
        21.733,
        2.889,
        19.27,
        3.567,
        19.27,
        0,
        5.433,
        20.802,
        1,
        5.933,
        20.337,
        6.433,
        16.706,
        6.933,
        16.406,
        1,
        7.289,
        16.23,
        7.644,
        15.983,
        8,
        18.206
      ]
    },
    {
      "Target": "Parameter",
      "Id": "Ribbon01_Shaking",
      "Segments": [
        0,
        -11,
        0,
        1.133,
        11,
        0,
        2.467,
        -9,
        0,
        3.8,
        8,
        0,
        5.767,
        -14,
        0,
        6.867,
        9,
        0,
        8,
        -11
      ]
    },
    {
      "Target": "Parameter",
      "Id": "Necklace_Shaking",
      "Segments": [
        0,
        -12,
        1,
        0.044,
        -14.903,
        0.089,
        -14,
        0.133,
        -14,
        1,
        0.266,
        -14,
        0.4,
        -6.004,
        0.533,
        -3.901,
        1,
        0.844,
        1.006,
        1.156,
        1.921,
        1.467,
        1.921,
        0,
        2.567,
        -7.484,
        0,
        3.933,
        4.623,
        0,
        5.667,
        -7.484,
        0,
        7.433,
        -3.901,
        1,
        7.622,
        -3.743,
        7.811,
        -9.024,
        8,
        -12
      ]
    },
    {
      "Target": "Parameter",
      "Id": "Ruffle01_Shaking",
      "Segments": [
        0,
        -17.7,
        1,
        0.033,
        -21.509,
        0.067,
        -21,
        0.1,
        -21,
        0,
        1.167,
        16,
        0,
        2.467,
        -16,
        0,
        3.8,
        11,
        0,
        5.467,
        -17.7,
        0,
        6.933,
        12,
        1,
        7.289,
        12,
        7.644,
        -7.286,
        8,
        -17.7
      ]
    },
    {
      "Target": "Parameter",
      "Id": "Head_AngleY",
      "Segments": [
        0,
        -2.54,
        0,
        1.233,
        -12.231,
        1,
        1.533,
        -12.231,
        1.833,
        -11.44,
        2.133,
        -10.625,
        1,
        2.555,
        -9.178,
        2.978,
        -1.494,
        3.4,
        -0.873,
        1,
        4.156,
        1.308,
        4.911,
        -7.839,
        5.667,
        -7.839,
        1,
        6.445,
        -7.839,
        7.222,
        -2.181,
        8,
        -2.54
      ]
    },
    {
      "Target": "Parameter",
      "Id": "Head_Roll",
      "Segments": [
        0,
        -9,
        1,
        1.189,
        -14.857,
        2.378,
        -17,
        3.567,
        -17,
        0,
        7.133,
        -7.846,
        1,
        7.422,
        -7.846,
        7.711,
        -8.031,
        8,
        -9
      ]
    },
    {
      "Target": "Parameter",
      "Id": "EyeBallX",
      "Segments": [
        0,
        0.1,
        0,
        6.633,
        0.034,
        0,
        8,
        0.1
      ]
    },
    {
      "Target": "Parameter",
      "Id": "EyeBallY",
      "Segments": [
        0,
        -0.328,
        0,
        1.633,
        -0.228,
        0,
        4.367,
        -0.328,
        0,
        6.633,
        -0.318,
        0,
        8,
        -0.328
      ]
    },
    {
      "Target": "Parameter",
      "Id": "HairFront_Shaking",
      "Segments": [
        0,
        -0.249,
        0,
        1.1,
        0.24,
        0,
        2.5,
        -0.238,
        0,
        3.833,
        0.28,
        0,
        5.667,
        -0.238,
        0,
        7.033,
        0.343,
        0,
        8,
        -0.249
      ]
    },
    {
      "Target": "Parameter",
      "Id": "HairBack_Shaking",
      "Segments": [
        0,
        -0.674,
        0,
        0.767,
        0.371,
        1,
        0.934,
        0.56,
        1.1,
        0.623,
        1.267,
        0.624,
        0,
        2.533,
        -0.319,
        0,
        3.967,
        0.267,
        0,
        5.067,
        -0.319,
        0,
        6.767,
        0.643,
        0,
        8,
        -0.674
      ]
    },
    {
      "Target": "Parameter",
      "Id": "HairSideR_Shaking",
      "Segments": [
        0,
        -0.359,
        0,
        0.667,
        0.246,
        1,
        0.822,
        0.319,
        0.978,
        0.385,
        1.133,
        0.348,
        1,
        1.578,
        0.205,
        2.022,
        -0.262,
        2.467,
        -0.262,
        0,
        3.8,
        0.465,
        0,
        5.733,
        -0.386,
        0,
        6.867,
        0.531,
        0,
        8,
        -0.359
      ]
    },
    {
      "Target": "Parameter",
      "Id": "HairSideL_Shaking",
      "Segments": [
        0,
        -0.327,
        0,
        0.667,
        0.289,
        1,
        0.822,
        0.363,
        0.978,
        0.434,
        1.133,
        0.395,
        1,
        1.589,
        0.295,
        2.044,
        -0.222,
        2.5,
        -0.222,
        0,
        3.7,
        0.439,
        0,
        5.733,
        -0.354,
        0,
        6.867,
        0.478,
        0,
        8,
        -0.327
      ]
    },
    {
      "Target": "Parameter",
      "Id": "ShoulderLY",
      "Segments": [
        0,
        17,
        1,
        0.511,
        21.242,
        1.022,
        22,
        1.533,
        22,
        0,
        3.233,
        17,
        0,
        5.333,
        27.365,
        0,
        7.2,
        13.086,
        1,
        7.467,
        13.086,
        7.733,
        14.267,
        8,
        17
      ]
    },
    {
      "Target": "Parameter",
      "Id": "ShoulderR_Roll",
      "Segments": [
        0,
        3.59,
        1,
        0.444,
        4.904,
        0.889,
        5.457,
        1.333,
        5.457,
        0,
        3.133,
        2.596,
        0,
        5.067,
        4.532,
        0,
        7.3,
        2.7,
        1,
        7.533,
        2.7,
        7.767,
        2.968,
        8,
        3.59
      ]
    },
    {
      "Target": "Parameter",
      "Id": "ShoulderL_Roll",
      "Segments": [
        0,
        12,
        1,
        0.6,
        9.499,
        1.2,
        8.362,
        1.8,
        8.362,
        0,
        3.433,
        11.565,
        0,
        5.067,
        9.49,
        1,
        5.834,
        9.49,
        6.6,
        12.637,
        7.367,
        12.71,
        1,
        7.578,
        12.729,
        7.789,
        12.612,
        8,
        12
      ]
    },
    {
      "Target": "Parameter",
      "Id": "ArmR_Roll",
      "Segments": [
        0,
        -16.167,
        1,
        0.589,
        -16.167,
        1.178,
        -14.545,
        1.767,
        -14.206,
        1,
        2.356,
        -13.868,
        2.944,
        -13.958,
        3.533,
        -13.622,
        1,
        4.2,
        -13.242,
        4.866,
        -12.038,
        5.533,
        -12.038,
        0,
        8,
        -16.167
      ]
    },
    {
      "Target": "Parameter",
      "Id": "ArmL_Roll",
      "Segments": [
        0,
        -28.38,
        0,
        1.533,
        -27.6,
        0,
        3.533,
        -28.56,
        0,
        4.8,
        -27.9,
        0,
        6.867,
        -28.92,
        0,
        8,
        -28.38
      ]
    },
    {
      "Target": "Parameter",
      "Id": "ArmL_Scale",
      "Segments": [
        0,
        -0.7,
        0,
        2.3,
        -0.872,
        0,
        8,
        -0.7
      ]
    },
    {
      "Target": "Parameter",
      "Id": "ArmR_Scale",
      "Segments": [
        0,
        -0.6,
        0,
        0.7,
        -0.4,
        2,
        7.067,
        -0.4,
        0,
        8,
        -0.6
      ]
    },
    {
      "Target": "Parameter",
      "Id": "HandR_Roll",
      "Segments": [
        0,
        -15,
        0,
        1.967,
        -6.799,
        0,
        3.967,
        -11.059,
        0,
        5.867,
        -7,
        0,
        8,
        -15
      ]
    },
    {
      "Target": "Parameter",
      "Id": "HandL_Roll",
      "Segments": [
        0,
        -30,
        0,
        1.533,
        -22.332,
        0,
        3.333,
        -28,
        0,
        5.767,
        -22,
        0,
        8,
        -30
      ]
    },
    {
      "Target": "Parameter",
      "Id": "HandL_02_Move",
      "Segments": [
        0,
        0,
        1,
        0.344,
        -23.115,
        0.689,
        -30,
        1.033,
        -30,
        0,
        2.9,
        30,
        0,
        4.533,
        -30,
        0,
        6.9,
        30,
        1,
        7.267,
        30,
        7.633,
        17.609,
        8,
        0
      ]
    },
    {
      "Target": "Parameter",
      "Id": "Ribbon02_Shaking",
      "Segments": [
        0,
        -10,
        1,
        0.044,
        -12.269,
        0.089,
        -12,
        0.133,
        -12,
        0,
        1.333,
        11,
        0,
        2.467,
        -6,
        0,
        3.867,
        8,
        0,
        5.467,
        -6,
        0,
        6.933,
        7,
        1,
        7.289,
        7,
        7.644,
        -3.181,
        8,
        -10
      ]
    },
    {
      "Target": "Parameter",
      "Id": "Ruffle02_Shaking",
      "Segments": [
        0,
        -20,
        1,
        0.044,
        -25.057,
        0.089,
        -25,
        0.133,
        -25,
        0,
        1.167,
        18,
        0,
        2.5,
        -18,
        0,
        4.033,
        16,
        0,
        5.4,
        -20,
        0,
        6.967,
        17,
        1,
        7.311,
        17,
        7.656,
        -6.195,
        8,
        -20
      ]
    },
    {
      "Target": "PartOpacity",
      "Id": "Part4",
      "Segments": [
        0,
        1,
        2,
        8,
        1
      ]
    },
    {
      "Target": "PartOpacity",
      "Id": "Part12",
      "Segments": [
        0,
        1,
        2,
        8,
        1
      ]
    },
    {
      "Target": "PartOpacity",
      "Id": "Part13",
      "Segments": [
        0,
        1,
        2,
        8,
        1
      ]
    },
    {
      "Target": "PartOpacity",
      "Id": "Part14",
      "Segments": [
        0,
        1,
        2,
        8,
        1
      ]
    },
    {
      "Target": "PartOpacity",
      "Id": "Part15",
      "Segments": [
        0,
        1,
        2,
        8,
        1
      ]
    },
    {
      "Target": "PartOpacity",
      "Id": "Part16",
      "Segments": [
        0,
        1,
        2,
        8,
        1
      ]
    },
    {
      "Target": "PartOpacity",
      "Id": "Part18",
      "Segments": [
        0,
        1,
        2,
        8,
        1
      ]
    },
    {
      "Target": "PartOpacity",
      "Id": "Part19",
      "Segments": [
        0,
        1,
        2,
        8,
        1
      ]
    },
    {
      "Target": "PartOpacity",
      "Id": "Part17",
      "Segments": [
        0,
        1,
        2,
        8,
        1
      ]
    },
    {
      "Target": "PartOpacity",
      "Id": "Part24",
      "Segments": [
        0,
        1,
        2,
        8,
        1
      ]
    },
    {
      "Target": "PartOpacity",
      "Id": "Part20",
      "Segments": [
        0,
        1,
        2,
        8,
        1
      ]
    },
    {
      "Target": "PartOpacity",
      "Id": "Part33",
      "Segments": [
        0,
        0,
        2,
        8,
        0
      ]
    },
    {
      "Target": "PartOpacity",
      "Id": "Part9",
      "Segments": [
        0,
        1,
        2,
        8,
        1
      ]
    },
    {
      "Target": "PartOpacity",
      "Id": "Part26",
      "Segments": [
        0,
        1,
        2,
        8,
        1
      ]
    },
    {
      "Target": "PartOpacity",
      "Id": "Part27",
      "Segments": [
        0,
        1,
        2,
        8,
        1
      ]
    },
    {
      "Target": "PartOpacity",
      "Id": "Part52",
      "Segments": [
        0,
        1,
        2,
        8,
        1
      ]
    },
    {
      "Target": "PartOpacity",
      "Id": "Part2",
      "Segments": [
        0,
        1,
        2,
        8,
        1
      ]
    },
    {
      "Target": "PartOpacity",
      "Id": "Part22",
      "Segments": [
        0,
        1,
        2,
        8,
        1
      ]
    },
    {
      "Target": "PartOpacity",
      "Id": "Part63",
      "Segments": [
        0,
        1,
        2,
        8,
        1
      ]
    },
    {
      "Target": "PartOpacity",
      "Id": "Part64",
      "Segments": [
        0,
        1,
        2,
        8,
        1
      ]
    },
    {
      "Target": "PartOpacity",
      "Id": "Part65",
      "Segments": [
        0,
        1,
        2,
        8,
        1
      ]
    },
    {
      "Target": "PartOpacity",
      "Id": "Part66",
      "Segments": [
        0,
        1,
        2,
        8,
        1
      ]
    },
    {
      "Target": "PartOpacity",
      "Id": "Part67",
      "Segments": [
        0,
        1,
        2,
        8,
        1
      ]
    },
    {
      "Target": "PartOpacity",
      "Id": "Part70",
      "Segments": [
        0,
        1,
        2,
        8,
        1
      ]
    },
    {
      "Target": "PartOpacity",
      "Id": "Part71",
      "Segments": [
        0,
        1,
        2,
        8,
        1
      ]
    },
    {
      "Target": "PartOpacity",
      "Id": "Part72",
      "Segments": [
        0,
        1,
        2,
        8,
        1
      ]
    },
    {
      "Target": "PartOpacity",
      "Id": "Part3",
      "Segments": [
        0,
        1,
        2,
        8,
        1
      ]
    },
    {
      "Target": "PartOpacity",
      "Id": "Part69",
      "Segments": [
        0,
        1,
        2,
        8,
        1
      ]
    },
    {
      "Target": "PartOpacity",
      "Id": "Part5",
      "Segments": [
        0,
        1,
        2,
        8,
        1
      ]
    },
    {
      "Target": "PartOpacity",
      "Id": "Part7",
      "Segments": [
        0,
        1,
        2,
        8,
        1
      ]
    },
    {
      "Target": "PartOpacity",
      "Id": "Part",
      "Segments": [
        0,
        0,
        2,
        8,
        0
      ]
    },
    {
      "Target": "PartOpacity",
      "Id": "HandL2",
      "Segments": [
        0,
        1,
        2,
        8,
        1
      ]
    },
    {
      "Target": "PartOpacity",
      "Id": "Part21",
      "Segments": [
        0,
        0,
        2,
        8,
        0
      ]
    },
    {
      "Target": "PartOpacity",
      "Id": "Part23",
      "Segments": [
        0,
        0,
        2,
        8,
        0
      ]
    },
    {
      "Target": "PartOpacity",
      "Id": "Part6",
      "Segments": [
        0,
        1,
        2,
        8,
        1
      ]
    },
    {
      "Target": "PartOpacity",
      "Id": "HandL1",
      "Segments": [
        0,
        0,
        2,
        8,
        0
      ]
    },
    {
      "Target": "PartOpacity",
      "Id": "Part8",
      "Segments": [
        0,
        1,
        2,
        8,
        1
      ]
    },
    {
      "Target": "PartOpacity",
      "Id": "Part10",
      "Segments": [
        0,
        1,
        2,
        8,
        1
      ]
    },
    {
      "Target": "PartOpacity",
      "Id": "Part29",
      "Segments": [
        0,
        1,
        2,
        8,
        1
      ]
    },
    {
      "Target": "PartOpacity",
      "Id": "Part11",
      "Segments": [
        0,
        1,
        2,
        8,
        1
      ]
    },
    {
      "Target": "PartOpacity",
      "Id": "Part30",
      "Segments": [
        0,
        1,
        2,
        8,
        1
      ]
    },
    {
      "Target": "Model",
      "Id": "Opacity",
      "Segments": [
        0,
        1,
        0,
        8,
        1
      ]
    },
    {
      "Target": "Parameter",
      "Id": "Shoulder_Move",
      "Segments": [
        0,
        0,
        0,
        8,
        0
      ]
    },
    {
      "Target": "Parameter",
      "Id": "Arm_Form",
      "Segments": [
        0,
        0,
        0,
        8,
        0
      ]
    },
    {
      "Target": "Parameter",
      "Id": "All_Position",
      "Segments": [
        0,
        -6.46,
        0,
        8,
        -6.46
      ]
    },
    {
      "Target": "Parameter",
      "Id": "Head_AngleX",
      "Segments": [
        0,
        0,
        0,
        8,
        0
      ]
    },
    {
      "Target": "Parameter",
      "Id": "HeadY",
      "Segments": [
        0,
        -17,
        0,
        8,
        -17
      ]
    },
    {
      "Target": "Parameter",
      "Id": "BrowRY",
      "Segments": [
        0,
        -1.5,
        0,
        8,
        -1.5
      ]
    },
    {
      "Target": "Parameter",
      "Id": "BrowLY",
      "Segments": [
        0,
        -1.5,
        0,
        8,
        -1.5
      ]
    },
    {
      "Target": "Parameter",
      "Id": "BrowR_Form",
      "Segments": [
        0,
        -0.763,
        0,
        8,
        -0.763
      ]
    },
    {
      "Target": "Parameter",
      "Id": "BrowL_Form",
      "Segments": [
        0,
        -0.923,
        0,
        8,
        -0.923
      ]
    },
    {
      "Target": "Parameter",
      "Id": "BrowR_Angle",
      "Segments": [
        0,
        0,
        0,
        8,
        0
      ]
    },
    {
      "Target": "Parameter",
      "Id": "BrowL_Angle",
      "Segments": [
        0,
        0,
        0,
        8,
        0
      ]
    },
    {
      "Target": "Parameter",
      "Id": "BrowR_Form2",
      "Segments": [
        0,
        0,
        0,
        8,
        0
      ]
    },
    {
      "Target": "Parameter",
      "Id": "BrowL_Form2",
      "Segments": [
        0,
        0,
        0,
        8,
        0
      ]
    },
    {
      "Target": "Parameter",
      "Id": "EyeBall_Size",
      "Segments": [
        0,
        0,
        0,
        8,
        0
      ]
    },
    {
      "Target": "Parameter",
      "Id": "EyeR_Open",
      "Segments": [
        0,
        0,
        0,
        8,
        0
      ]
    },
    {
      "Target": "Parameter",
      "Id": "EyeL_Open",
      "Segments": [
        0,
        0,
        0,
        8,
        0
      ]
    },
    {
      "Target": "Parameter",
      "Id": "EyeR_Smile",
      "Segments": [
        0,
        -0.9,
        0,
        8,
        -0.9
      ]
    },
    {
      "Target": "Parameter",
      "Id": "EyeL_Smile",
      "Segments": [
        0,
        -0.9,
        0,
        8,
        -0.9
      ]
    },
    {
      "Target": "Parameter",
      "Id": "MouthForm2",
      "Segments": [
        0,
        -24,
        0,
        8,
        -24
      ]
    },
    {
      "Target": "Parameter",
      "Id": "Mouth_Form",
      "Segments": [
        0,
        -6,
        0,
        8,
        -6
      ]
    },
    {
      "Target": "Parameter",
      "Id": "Mouth_Open",
      "Segments": [
        0,
        1,
        0,
        8,
        1
      ]
    },
    {
      "Target": "Parameter",
      "Id": "Mouth_Size",
      "Segments": [
        0,
        0.5,
        0,
        8,
        0.5
      ]
    },
    {
      "Target": "Parameter",
      "Id": "Mouth_Form2",
      "Segments": [
        0,
        0,
        0,
        8,
        0
      ]
    },
    {
      "Target": "Parameter",
      "Id": "ShoulderRY",
      "Segments": [
        0,
        -17,
        0,
        8,
        -17
      ]
    },
    {
      "Target": "Parameter",
      "Id": "Param4",
      "Segments": [
        0,
        0,
        0,
        8,
        0
      ]
    },
    {
      "Target": "Parameter",
      "Id": "Param7",
      "Segments": [
        0,
        0,
        0,
        8,
        0
      ]
    },
    {
      "Target": "Parameter",
      "Id": "ShoulderL_Scale",
      "Segments": [
        0,
        -1,
        0,
        8,
        -1
      ]
    },
    {
      "Target": "Parameter",
      "Id": "ShoulderR_Scale",
      "Segments": [
        0,
        -0.5,
        0,
        8,
        -0.5
      ]
    },
    {
      "Target": "Parameter",
      "Id": "HandR03_Move",
      "Segments": [
        0,
        0,
        0,
        8,
        0
      ]
    },
    {
      "Target": "Parameter",
      "Id": "HandR03_move",
      "Segments": [
        0,
        0,
        0,
        8,
        0
      ]
    },
    {
      "Target": "Parameter",
      "Id": "Param3",
      "Segments": [
        0,
        0,
        0,
        8,
        0
      ]
    },
    {
      "Target": "Parameter",
      "Id": "LegR_Roll",
      "Segments": [
        0,
        0,
        0,
        8,
        0
      ]
    },
    {
      "Target": "Parameter",
      "Id": "LegL_Rll",
      "Segments": [
        0,
        0,
        0,
        8,
        0
      ]
    }
  ],
  "UserData": [
    {
      "Time": 0.0,
      "Value": ""
    }
  ]
}