{
  "Version": 3,
  "Meta": {
    "Duration": 8.0,
    "Fps": 30.0,
    "Loop": true,
    "AreBeziersRestricted": true,
    "CurveCount": 76,
    "TotalSegmentCount": 218,
    "TotalPointCount": 420,
    "UserDataCount": 1,
    "TotalUserDataSize": 0
  },
  "Curves": [
    {
      "Target": "Parameter",
      "Id": "Breath",
      "Segments": [
        0,
        0.349,
        1,
        0.011,
        0.345,
        0.022,
        0.341,
        0.033,
        0.336,
        1,
        0.533,
        0.133,
        1.033,
        0,
        1.533,
        0,
        0,
        3.167,
        0.619,
        0,
        5.2,
        0,
        0,
        6.967,
        0.535,
        1,
        7.311,
        0.535,
        7.656,
        0.441,
        8,
        0.345
      ]
    },
    {
      "Target": "Parameter",
      "Id": "Body_Shaking",
      "Segments": [
        0,
        7.815,
        1,
        0.011,
        7.903,
        0.022,
        7.99,
        0.033,
        8.076,
        1,
        0.266,
        9.612,
        0.5,
        10.661,
        0.733,
        11,
        1,
        1.3,
        11.721,
        1.866,
        11.273,
        2.433,
        10.087,
        1,
        3.789,
        7.509,
        5.144,
        4.375,
        6.5,
        4.375,
        1,
        7,
        4.375,
        7.5,
        4.815,
        8,
        7.869
      ]
    },
    {
      "Target": "Parameter",
      "Id": "Coat_Move",
      "Segments": [
        0,
        0.455,
        1,
        0.011,
        0.37,
        0.022,
        0.282,
        0.033,
        0.191,
        1,
        0.278,
        -2.349,
        0.522,
        -4.747,
        0.767,
        -4.747,
        1,
        1.067,
        -4.747,
        1.367,
        -4.289,
        1.667,
        -2.724,
        1,
        1.978,
        -0.578,
        2.289,
        0,
        2.6,
        0,
        0,
        3.733,
        -5.317,
        0,
        4.933,
        0.99,
        1,
        5.233,
        1.273,
        5.533,
        0,
        5.833,
        0,
        0,
        7.567,
        1.86,
        1,
        7.711,
        1.86,
        7.856,
        1.413,
        8,
        0.428
      ]
    },
    {
      "Target": "Parameter",
      "Id": "Waist_Roll",
      "Segments": [
        0,
        -3.737,
        1,
        0.011,
        -3.738,
        0.022,
        -3.739,
        0.033,
        -3.739,
        1,
        0.589,
        -3.739,
        1.144,
        -3.709,
        1.7,
        -3.269,
        1,
        3.156,
        -2.115,
        4.611,
        -1.22,
        6.067,
        -1.22,
        1,
        6.311,
        -1.22,
        6.556,
        -1.703,
        6.8,
        -2.319,
        1,
        7.2,
        -3.327,
        7.6,
        -3.718,
        8,
        -3.738
      ]
    },
    {
      "Target": "Parameter",
      "Id": "Body_Twist",
      "Segments": [
        0,
        -4.896,
        1,
        0.011,
        -4.949,
        0.022,
        -5.002,
        0.033,
        -5.056,
        1,
        0.366,
        -6.794,
        0.7,
        -8,
        1.033,
        -8,
        1,
        1.444,
        -8,
        1.856,
        -7.195,
        2.267,
        -6.472,
        1,
        3.234,
        -4.617,
        4.2,
        -2.662,
        5.167,
        -1.104,
        1,
        5.722,
        -0.325,
        6.278,
        -0.651,
        6.833,
        -1.706,
        1,
        7.222,
        -2.484,
        7.611,
        -3.727,
        8,
        -4.951
      ]
    },
    {
      "Target": "Parameter",
      "Id": "Body_Pose1",
      "Segments": [
        0,
        -0.087,
        1,
        0.011,
        -0.084,
        0.022,
        -0.082,
        0.033,
        -0.08,
        1,
        0.322,
        -0.022,
        0.611,
        0,
        0.9,
        0,
        2,
        5.833,
        0,
        0,
        6.967,
        -0.149,
        1,
        7.311,
        -0.149,
        7.656,
        -0.132,
        8,
        -0.085
      ]
    },
    {
      "Target": "Parameter",
      "Id": "Head_AngleX",
      "Segments": [
        0,
        2.17,
        1,
        0.011,
        2.112,
        0.022,
        2.055,
        0.033,
        2,
        1,
        0.233,
        1.008,
        0.433,
        0.493,
        0.633,
        0,
        1,
        1.222,
        -1.451,
        1.811,
        -2,
        2.4,
        -2,
        0,
        7.267,
        3.118,
        1,
        7.511,
        3.118,
        7.756,
        2.596,
        8,
        2.071
      ]
    },
    {
      "Target": "Parameter",
      "Id": "Head_AngleY",
      "Segments": [
        0,
        -6.001,
        1,
        0.011,
        -6,
        0.022,
        -6,
        0.033,
        -6,
        1,
        0.233,
        -6,
        0.433,
        -1.624,
        0.633,
        0,
        1,
        1.222,
        4.781,
        1.811,
        6,
        2.4,
        6,
        1,
        4.267,
        6,
        6.133,
        -5.858,
        8,
        -5.999
      ]
    },
    {
      "Target": "Parameter",
      "Id": "Head_Roll",
      "Segments": [
        0,
        -6.248,
        1,
        0.011,
        -6.304,
        0.022,
        -6.36,
        0.033,
        -6.415,
        1,
        0.389,
        -7.728,
        0.744,
        -8.085,
        1.1,
        -8.085,
        1,
        1.633,
        -8.085,
        2.167,
        -8.037,
        2.7,
        -6.415,
        1,
        3.422,
        -3.475,
        4.145,
        9,
        4.867,
        9,
        1,
        5.911,
        9,
        6.956,
        -1.831,
        8,
        -6.275
      ]
    },
    {
      "Target": "Parameter",
      "Id": "BrowRY",
      "Segments": [
        0,
        0.194,
        1,
        0.011,
        0.195,
        0.022,
        0.196,
        0.033,
        0.197,
        1,
        1.255,
        0.324,
        2.478,
        0.348,
        3.7,
        0.348,
        1,
        5.133,
        0.348,
        6.567,
        0.199,
        8,
        0.197
      ]
    },
    {
      "Target": "Parameter",
      "Id": "BrowLY",
      "Segments": [
        0,
        0.196,
        0,
        0.033,
        0.197,
        1,
        1.255,
        0.248,
        2.478,
        0.251,
        3.7,
        0.251,
        1,
        5.133,
        0.251,
        6.567,
        0.198,
        8,
        0.197
      ]
    },
    {
      "Target": "Parameter",
      "Id": "EyeBallX",
      "Segments": [
        0,
        0,
        2,
        0.033,
        0,
        2,
        0.633,
        0,
        0,
        2.4,
        0.1,
        1,
        4.267,
        0.1,
        6.133,
        0.001,
        8,
        0
      ]
    },
    {
      "Target": "Parameter",
      "Id": "ParamEyeBallY",
      "Segments": [
        0,
        0.124,
        1,
        0.011,
        0.121,
        0.022,
        0.118,
        0.033,
        0.115,
        1,
        0.233,
        0.057,
        0.433,
        0,
        0.633,
        0,
        2,
        2.4,
        0,
        1,
        4.267,
        0,
        6.133,
        0.114,
        8,
        0.115
      ]
    },
    {
      "Target": "Parameter",
      "Id": "Mouth_Form",
      "Segments": [
        0,
        1,
        2,
        0.033,
        1,
        0,
        2.467,
        -0.6,
        1,
        3.356,
        -0.6,
        4.244,
        0.075,
        5.133,
        0.5,
        1,
        6.089,
        0.957,
        7.044,
        0.999,
        8,
        1
      ]
    },
    {
      "Target": "Parameter",
      "Id": "HairFront_Shaking",
      "Segments": [
        0,
        -0.422,
        1,
        0.011,
        -0.423,
        0.022,
        -0.423,
        0.033,
        -0.423,
        1,
        0.189,
        -0.423,
        0.344,
        -0.319,
        0.5,
        -0.2,
        1,
        0.611,
        -0.114,
        0.722,
        -0.063,
        0.833,
        0,
        1,
        0.911,
        0.044,
        0.989,
        0.061,
        1.067,
        0.061,
        0,
        2.167,
        -0.398,
        0,
        3.933,
        0.203,
        0,
        5.067,
        -0.103,
        0,
        6.367,
        0.057,
        1,
        6.634,
        0.057,
        6.9,
        0.049,
        7.167,
        -0.029,
        1,
        7.445,
        -0.127,
        7.722,
        -0.401,
        8,
        -0.422
      ]
    },
    {
      "Target": "Parameter",
      "Id": "HairSide_Shaking",
      "Segments": [
        0,
        -0.037,
        1,
        0.011,
        -0.038,
        0.022,
        -0.038,
        0.033,
        -0.039,
        1,
        0.444,
        -0.064,
        0.856,
        -0.31,
        1.267,
        -0.31,
        1,
        2.167,
        -0.31,
        3.067,
        -0.296,
        3.967,
        -0.194,
        1,
        4.611,
        -0.121,
        5.256,
        0,
        5.9,
        0,
        1,
        6.6,
        0,
        7.3,
        -0.006,
        8,
        -0.038
      ]
    },
    {
      "Target": "Parameter",
      "Id": "HairBack_Shaking",
      "Segments": [
        0,
        0.284,
        1,
        0.011,
        0.285,
        0.022,
        0.286,
        0.033,
        0.286,
        0,
        1.7,
        -0.381,
        0,
        4,
        0.654,
        0,
        5.2,
        -0.195,
        0,
        6.333,
        0.375,
        1,
        6.622,
        0.377,
        6.911,
        -0.104,
        7.2,
        -0.104,
        1,
        7.467,
        -0.104,
        7.733,
        0.256,
        8,
        0.284
      ]
    },
    {
      "Target": "Parameter",
      "Id": "ShoulderLY",
      "Segments": [
        0,
        -8.875,
        1,
        0.011,
        -8.88,
        0.022,
        -8.882,
        0.033,
        -8.882,
        1,
        0.766,
        -8.882,
        1.5,
        -8.995,
        2.233,
        -8.047,
        1,
        3.355,
        -6.314,
        4.478,
        0,
        5.6,
        0,
        1,
        6.4,
        0,
        7.2,
        -8.641,
        8,
        -8.877
      ]
    },
    {
      "Target": "Parameter",
      "Id": "ShoulderRY",
      "Segments": [
        0,
        5.923,
        1,
        0.011,
        5.926,
        0.022,
        5.927,
        0.033,
        5.927,
        1,
        0.744,
        5.927,
        1.456,
        6.11,
        2.167,
        5.085,
        1,
        3.311,
        3.436,
        4.456,
        0,
        5.6,
        0,
        1,
        6.4,
        0,
        7.2,
        5.766,
        8,
        5.924
      ]
    },
    {
      "Target": "Parameter",
      "Id": "ShoulderR_Roll",
      "Segments": [
        0,
        4.168,
        1,
        0.011,
        4.188,
        0.022,
        4.207,
        0.033,
        4.225,
        1,
        0.189,
        4.48,
        0.344,
        4.784,
        0.5,
        4.863,
        1,
        1.167,
        5.154,
        1.833,
        5.239,
        2.5,
        5.239,
        0,
        5.9,
        0.78,
        1,
        6.6,
        0.78,
        7.3,
        3.188,
        8,
        4.179
      ]
    },
    {
      "Target": "Parameter",
      "Id": "ArmR_Roll",
      "Segments": [
        0,
        -1.552,
        1,
        0.011,
        -1.553,
        0.022,
        -1.554,
        0.033,
        -1.554,
        0,
        2.1,
        0,
        0,
        4.833,
        -2,
        0,
        6.433,
        -0.32,
        1,
        6.955,
        -0.32,
        7.478,
        -1.503,
        8,
        -1.552
      ]
    },
    {
      "Target": "Parameter",
      "Id": "ShoulderL_Roll",
      "Segments": [
        0,
        -0.612,
        1,
        0.011,
        -0.592,
        0.022,
        -0.571,
        0.033,
        -0.551,
        1,
        0.255,
        -0.146,
        0.478,
        0.128,
        0.7,
        0.33,
        1,
        1.333,
        0.907,
        1.967,
        1.11,
        2.6,
        1.11,
        1,
        3.378,
        1.11,
        4.155,
        0.767,
        4.933,
        -0.004,
        1,
        5.578,
        -0.643,
        6.222,
        -1.009,
        6.867,
        -1.009,
        1,
        7.245,
        -1.009,
        7.622,
        -0.957,
        8,
        -0.585
      ]
    },
    {
      "Target": "Parameter",
      "Id": "ArmL_Roll",
      "Segments": [
        0,
        -0.266,
        1,
        0.011,
        -0.257,
        0.022,
        -0.249,
        0.033,
        -0.24,
        1,
        0.255,
        -0.066,
        0.478,
        -0.012,
        0.7,
        -0.012,
        0,
        2.833,
        -1.05,
        0,
        4.933,
        -0.004,
        0,
        6.867,
        -0.497,
        1,
        7.245,
        -0.497,
        7.622,
        -0.456,
        8,
        -0.258
      ]
    },
    {
      "Target": "Parameter",
      "Id": "HandR_Roll",
      "Segments": [
        0,
        0.421,
        1,
        0.011,
        0.44,
        0.022,
        0.458,
        0.033,
        0.475,
        1,
        0.422,
        0.972,
        0.811,
        0.972,
        1.2,
        0.941,
        1,
        1.878,
        0.899,
        2.555,
        -2,
        3.233,
        -2,
        0,
        5.133,
        0.475,
        0,
        6.867,
        -1.422,
        1,
        7.245,
        -1.422,
        7.622,
        0.368,
        8,
        0.47
      ]
    },
    {
      "Target": "Parameter",
      "Id": "HandL_Roll",
      "Segments": [
        0,
        -1.444,
        1,
        0.011,
        -1.416,
        0.022,
        -1.388,
        0.033,
        -1.361,
        1,
        0.444,
        -0.356,
        0.856,
        -0.178,
        1.267,
        -0.178,
        0,
        3.667,
        -3,
        0,
        5.067,
        -0.3,
        0,
        6.867,
        -3.381,
        1,
        7.245,
        -3.381,
        7.622,
        -2.859,
        8,
        -1.485
      ]
    },
    {
      "Target": "Parameter",
      "Id": "LegL_Roll",
      "Segments": [
        0,
        13.242,
        1,
        0.011,
        13.383,
        0.022,
        13.521,
        0.033,
        13.658,
        1,
        0.211,
        15.173,
        0.389,
        15.349,
        0.567,
        15.349,
        2,
        3.733,
        15.349,
        0,
        5.167,
        10.9,
        2,
        6.533,
        10.9,
        1,
        7.022,
        10.9,
        7.511,
        11.963,
        8,
        13.549
      ]
    },
    {
      "Target": "Parameter",
      "Id": "Lowerbody_Roll",
      "Segments": [
        0,
        5.997,
        1,
        0.011,
        5.999,
        0.022,
        6,
        0.033,
        6,
        2,
        3.233,
        6,
        0,
        4.867,
        3.304,
        2,
        6.767,
        3.304,
        1,
        7.178,
        3.304,
        7.589,
        5.86,
        8,
        5.994
      ]
    },
    {
      "Target": "PartOpacity",
      "Id": "Part",
      "Segments": [
        0,
        1,
        2,
        0.03,
        1,
        2,
        8,
        1
      ]
    },
    {
      "Target": "PartOpacity",
      "Id": "Part13",
      "Segments": [
        0,
        1,
        2,
        0.03,
        1,
        2,
        8,
        1
      ]
    },
    {
      "Target": "PartOpacity",
      "Id": "Part3",
      "Segments": [
        0,
        1,
        2,
        0.03,
        1,
        2,
        8,
        1
      ]
    },
    {
      "Target": "PartOpacity",
      "Id": "Part4",
      "Segments": [
        0,
        1,
        2,
        0.03,
        1,
        2,
        8,
        1
      ]
    },
    {
      "Target": "PartOpacity",
      "Id": "Part15",
      "Segments": [
        0,
        1,
        2,
        0.03,
        1,
        2,
        8,
        1
      ]
    },
    {
      "Target": "PartOpacity",
      "Id": "Part8",
      "Segments": [
        0,
        0,
        2,
        0.03,
        0,
        2,
        8,
        0
      ]
    },
    {
      "Target": "PartOpacity",
      "Id": "Part11",
      "Segments": [
        0,
        1,
        2,
        0.03,
        1,
        2,
        8,
        1
      ]
    },
    {
      "Target": "PartOpacity",
      "Id": "Part14",
      "Segments": [
        0,
        1,
        2,
        0.03,
        1,
        2,
        8,
        1
      ]
    },
    {
      "Target": "PartOpacity",
      "Id": "Part5",
      "Segments": [
        0,
        1,
        2,
        0.03,
        1,
        2,
        8,
        1
      ]
    },
    {
      "Target": "PartOpacity",
      "Id": "Part9",
      "Segments": [
        0,
        1,
        2,
        0.03,
        1,
        2,
        8,
        1
      ]
    },
    {
      "Target": "PartOpacity",
      "Id": "Part10",
      "Segments": [
        0,
        0,
        2,
        0.03,
        0,
        2,
        8,
        0
      ]
    },
    {
      "Target": "PartOpacity",
      "Id": "Part12",
      "Segments": [
        0,
        0,
        2,
        0.03,
        0,
        2,
        8,
        0
      ]
    },
    {
      "Target": "PartOpacity",
      "Id": "Part7",
      "Segments": [
        0,
        1,
        2,
        0.03,
        1,
        2,
        8,
        1
      ]
    },
    {
      "Target": "PartOpacity",
      "Id": "Part18",
      "Segments": [
        0,
        1,
        2,
        0.03,
        1,
        2,
        8,
        1
      ]
    },
    {
      "Target": "PartOpacity",
      "Id": "Part25",
      "Segments": [
        0,
        1,
        2,
        0.03,
        1,
        2,
        8,
        1
      ]
    },
    {
      "Target": "PartOpacity",
      "Id": "Part19",
      "Segments": [
        0,
        1,
        2,
        0.03,
        1,
        2,
        8,
        1
      ]
    },
    {
      "Target": "PartOpacity",
      "Id": "Part20",
      "Segments": [
        0,
        1,
        2,
        0.03,
        1,
        2,
        8,
        1
      ]
    },
    {
      "Target": "PartOpacity",
      "Id": "Part21",
      "Segments": [
        0,
        1,
        2,
        0.03,
        1,
        2,
        8,
        1
      ]
    },
    {
      "Target": "PartOpacity",
      "Id": "Part22",
      "Segments": [
        0,
        0,
        2,
        0.03,
        0,
        2,
        8,
        0
      ]
    },
    {
      "Target": "PartOpacity",
      "Id": "Part6",
      "Segments": [
        0,
        0,
        2,
        0.03,
        0,
        2,
        8,
        0
      ]
    },
    {
      "Target": "PartOpacity",
      "Id": "Part27",
      "Segments": [
        0,
        1,
        2,
        0.03,
        1,
        2,
        8,
        1
      ]
    },
    {
      "Target": "PartOpacity",
      "Id": "Part16",
      "Segments": [
        0,
        1,
        2,
        0.03,
        1,
        2,
        8,
        1
      ]
    },
    {
      "Target": "PartOpacity",
      "Id": "Part17",
      "Segments": [
        0,
        1,
        2,
        0.03,
        1,
        2,
        8,
        1
      ]
    },
    {
      "Target": "PartOpacity",
      "Id": "Part2",
      "Segments": [
        0,
        1,
        2,
        0.03,
        1,
        2,
        8,
        1
      ]
    },
    {
      "Target": "PartOpacity",
      "Id": "Part24",
      "Segments": [
        0,
        1,
        2,
        0.03,
        1,
        2,
        8,
        1
      ]
    },
    {
      "Target": "Parameter",
      "Id": "BodyY",
      "Segments": [
        0,
        0,
        0,
        8,
        0
      ]
    },
    {
      "Target": "Parameter",
      "Id": "BodyX",
      "Segments": [
        0,
        0,
        0,
        8,
        0
      ]
    },
    {
      "Target": "Parameter",
      "Id": "BadyY",
      "Segments": [
        0,
        0,
        0,
        8,
        0
      ]
    },
    {
      "Target": "Parameter",
      "Id": "HeadY",
      "Segments": [
        0,
        0,
        0,
        8,
        0
      ]
    },
    {
      "Target": "Parameter",
      "Id": "Param2",
      "Segments": [
        0,
        0,
        0,
        8,
        0
      ]
    },
    {
      "Target": "Parameter",
      "Id": "BrowR_Form",
      "Segments": [
        0,
        0,
        0,
        8,
        0
      ]
    },
    {
      "Target": "Parameter",
      "Id": "BrowL_Form",
      "Segments": [
        0,
        0,
        0,
        8,
        0
      ]
    },
    {
      "Target": "Parameter",
      "Id": "BrowR_Angle",
      "Segments": [
        0,
        0,
        0,
        8,
        0
      ]
    },
    {
      "Target": "Parameter",
      "Id": "BrowL_Angle",
      "Segments": [
        0,
        0,
        0,
        8,
        0
      ]
    },
    {
      "Target": "Parameter",
      "Id": "EyeBall_Size",
      "Segments": [
        0,
        0,
        0,
        8,
        0
      ]
    },
    {
      "Target": "Parameter",
      "Id": "EyeR_Open",
      "Segments": [
        0,
        1,
        0,
        8,
        1
      ]
    },
    {
      "Target": "Parameter",
      "Id": "EyeR_Smile",
      "Segments": [
        0,
        0,
        0,
        8,
        0
      ]
    },
    {
      "Target": "Parameter",
      "Id": "EyeL_Open",
      "Segments": [
        0,
        1,
        0,
        8,
        1
      ]
    },
    {
      "Target": "Parameter",
      "Id": "EyeL_Smile",
      "Segments": [
        0,
        0,
        0,
        8,
        0
      ]
    },
    {
      "Target": "Parameter",
      "Id": "Tooth",
      "Segments": [
        0,
        0,
        0,
        8,
        0
      ]
    },
    {
      "Target": "Parameter",
      "Id": "Mouth_Open",
      "Segments": [
        0,
        1,
        0,
        8,
        1
      ]
    },
    {
      "Target": "Parameter",
      "Id": "Mouth_Size",
      "Segments": [
        0,
        1,
        0,
        8,
        1
      ]
    },
    {
      "Target": "Parameter",
      "Id": "Mouth_Size2",
      "Segments": [
        0,
        0,
        0,
        8,
        0
      ]
    },
    {
      "Target": "Parameter",
      "Id": "ArmR_Roll2",
      "Segments": [
        0,
        0,
        0,
        8,
        0
      ]
    },
    {
      "Target": "Parameter",
      "Id": "ArmL_Roll2",
      "Segments": [
        0,
        0,
        0,
        8,
        0
      ]
    },
    {
      "Target": "Parameter",
      "Id": "HandL03_move2",
      "Segments": [
        0,
        0,
        0,
        8,
        0
      ]
    },
    {
      "Target": "Parameter",
      "Id": "HandL02_move",
      "Segments": [
        0,
        0,
        0,
        8,
        0
      ]
    },
    {
      "Target": "Parameter",
      "Id": "Param",
      "Segments": [
        0,
        0,
        0,
        8,
        0
      ]
    },
    {
      "Target": "Parameter",
      "Id": "LegR_Roll",
      "Segments": [
        0,
        0,
        0,
        8,
        0
      ]
    }
  ],
  "UserData": [
    {
      "Time": 0.0,
      "Value": ""
    }
  ]
}