{
  "Version": 3,
  "Meta": {
    "Duration": 8.0,
    "Fps": 30.0,
    "Loop": true,
    "AreBeziersRestricted": true,
    "CurveCount": 76,
    "TotalSegmentCount": 170,
    "TotalPointCount": 278,
    "UserDataCount": 1,
    "TotalUserDataSize": 0
  },
  "Curves": [
    {
      "Target": "Parameter",
      "Id": "Breath",
      "Segments": [
        0,
        0.183,
        1,
        0.189,
        -0.017,
        0.378,
        0,
        0.567,
        0,
        1,
        0.945,
        0,
        1.322,
        -0.015,
        1.7,
        0.2,
        1,
        2.211,
        0.491,
        2.722,
        1,
        3.233,
        1,
        0,
        5.333,
        0.183,
        0,
        7.133,
        1,
        1,
        7.422,
        1,
        7.711,
        0.582,
        8,
        0.183
      ]
    },
    {
      "Target": "Parameter",
      "Id": "BodyY",
      "Segments": [
        0,
        -12,
        1,
        0.544,
        -12,
        1.089,
        -11.247,
        1.633,
        -9.588,
        1,
        2.3,
        -8.018,
        2.966,
        -7.568,
        3.633,
        -7.568,
        1,
        4.578,
        -7.568,
        5.522,
        -8.889,
        6.467,
        -10.759,
        1,
        6.978,
        -11.771,
        7.489,
        -12,
        8,
        -12
      ]
    },
    {
      "Target": "Parameter",
      "Id": "Coat_Move",
      "Segments": [
        0,
        -17.118,
        1,
        0.156,
        -18.402,
        0.311,
        -18.595,
        0.467,
        -18.595,
        0,
        2,
        -8.9,
        0,
        3.167,
        -15.591,
        0,
        4.7,
        -8.9,
        0,
        6.1,
        -14.894,
        0,
        7.1,
        -10.332,
        1,
        7.4,
        -10.332,
        7.7,
        -14.643,
        8,
        -17.118
      ]
    },
    {
      "Target": "Parameter",
      "Id": "Waist_Roll",
      "Segments": [
        0,
        -12.051,
        1,
        0.233,
        -12.727,
        0.467,
        -13.049,
        0.7,
        -13.125,
        0,
        6.933,
        -11.17,
        1,
        7.289,
        -11.17,
        7.644,
        -11.198,
        8,
        -12.051
      ]
    },
    {
      "Target": "Parameter",
      "Id": "Body_Twist",
      "Segments": [
        0,
        -17.883,
        1,
        0.867,
        -20.599,
        1.733,
        -21,
        2.6,
        -21,
        0,
        6.667,
        -13.056,
        1,
        7.111,
        -13.056,
        7.556,
        -15.917,
        8,
        -17.883
      ]
    },
    {
      "Target": "Parameter",
      "Id": "Body_Pose1",
      "Segments": [
        0,
        -0.698,
        2,
        3.733,
        -0.698,
        0,
        4.767,
        -0.277,
        0,
        5.767,
        -0.698,
        2,
        8,
        -0.698
      ]
    },
    {
      "Target": "Parameter",
      "Id": "Head_AngleX",
      "Segments": [
        0,
        -15.71,
        1,
        0.156,
        -17.444,
        0.311,
        -17.898,
        0.467,
        -17.949,
        0,
        2.6,
        -4,
        1,
        2.889,
        -4,
        3.178,
        -4.264,
        3.467,
        -6.065,
        1,
        3.789,
        -8.074,
        4.111,
        -12.062,
        4.433,
        -14.421,
        1,
        4.933,
        -18.082,
        5.433,
        -19.421,
        5.933,
        -19.421,
        0,
        7.067,
        -10.551,
        1,
        7.378,
        -10.551,
        7.689,
        -12.947,
        8,
        -15.71
      ]
    },
    {
      "Target": "Parameter",
      "Id": "Head_AngleY",
      "Segments": [
        0,
        -22.012,
        1,
        0.144,
        -22.635,
        0.289,
        -23.335,
        0.433,
        -23.585,
        1,
        1.155,
        -24.641,
        1.878,
        -25,
        2.6,
        -25,
        1,
        2.889,
        -25,
        3.178,
        -23.771,
        3.467,
        -16.786,
        1,
        3.789,
        -8.995,
        4.111,
        -0.929,
        4.433,
        -0.929,
        1,
        4.933,
        -0.929,
        5.433,
        -4.349,
        5.933,
        -10.703,
        1,
        6.622,
        -18.464,
        7.311,
        -20.045,
        8,
        -22.012
      ]
    },
    {
      "Target": "Parameter",
      "Id": "Head_Roll",
      "Segments": [
        0,
        -5.474,
        1,
        0.222,
        -5.932,
        0.445,
        -5.457,
        0.667,
        -5.258,
        1,
        1.478,
        -3.215,
        2.289,
        10,
        3.1,
        10,
        1,
        3.667,
        10,
        4.233,
        6.554,
        4.8,
        1.808,
        1,
        5.867,
        -4.126,
        6.933,
        -5.474,
        8,
        -5.474
      ]
    },
    {
      "Target": "Parameter",
      "Id": "HeadY",
      "Segments": [
        0,
        -23.828,
        0,
        1.1,
        -15.939,
        2,
        2.4,
        -15.939,
        0,
        4.233,
        -4.12,
        0,
        5.667,
        -6.507,
        0,
        6.933,
        -4.12,
        0,
        8,
        -23.828
      ]
    },
    {
      "Target": "Parameter",
      "Id": "BrowL_Form",
      "Segments": [
        0,
        -0.903,
        0,
        8,
        -0.905
      ]
    },
    {
      "Target": "Parameter",
      "Id": "EyeBallX",
      "Segments": [
        0,
        -0.399,
        1,
        0.411,
        -0.399,
        0.822,
        -0.377,
        1.233,
        -0.3,
        1,
        1.689,
        -0.215,
        2.144,
        -0.117,
        2.6,
        0,
        1,
        2.889,
        0.074,
        3.178,
        0.226,
        3.467,
        0.3,
        1,
        3.789,
        0.382,
        4.111,
        0.442,
        4.433,
        0.5,
        1,
        4.844,
        0.574,
        5.256,
        0.6,
        5.667,
        0.6,
        1,
        6.034,
        0.6,
        6.4,
        0.623,
        6.767,
        0.5,
        1,
        7.178,
        0.362,
        7.589,
        -0.351,
        8,
        -0.351
      ]
    },
    {
      "Target": "Parameter",
      "Id": "ParamEyeBallY",
      "Segments": [
        0,
        -0.6,
        1,
        0.411,
        -0.6,
        0.822,
        -0.617,
        1.233,
        -0.5,
        1,
        1.689,
        -0.371,
        2.144,
        0.1,
        2.6,
        0.1,
        1,
        2.889,
        0.1,
        3.178,
        0.063,
        3.467,
        0,
        1,
        3.789,
        -0.07,
        4.111,
        -0.1,
        4.433,
        -0.1,
        0,
        5.667,
        0,
        1,
        6.034,
        0,
        6.4,
        0.013,
        6.767,
        -0.1,
        1,
        7.178,
        -0.227,
        7.589,
        -0.6,
        8,
        -0.6
      ]
    },
    {
      "Target": "Parameter",
      "Id": "HairFront_Shaking",
      "Segments": [
        0,
        -0.736,
        1,
        0.433,
        -0.663,
        0.867,
        -0.433,
        1.3,
        -0.433,
        0,
        2.167,
        -0.856,
        0,
        3.4,
        -0.3,
        0,
        5.367,
        -0.657,
        0,
        6.5,
        -0.3,
        0,
        7.9,
        -0.753,
        0,
        8,
        -0.74
      ]
    },
    {
      "Target": "Parameter",
      "Id": "HairSide_Shaking",
      "Segments": [
        0,
        -0.054,
        1,
        0.411,
        -0.087,
        0.822,
        -0.31,
        1.233,
        -0.31,
        0,
        2.367,
        0.21,
        0,
        3.6,
        -0.228,
        0,
        5.1,
        0.181,
        0,
        6.667,
        -0.082,
        1,
        7.111,
        -0.082,
        7.556,
        -0.038,
        8,
        -0.054
      ]
    },
    {
      "Target": "Parameter",
      "Id": "HairBack_Shaking",
      "Segments": [
        0,
        0.665,
        1,
        0.333,
        0.055,
        0.667,
        -0.366,
        1,
        -0.366,
        0,
        2.267,
        0.615,
        0,
        3.9,
        -0.366,
        0,
        5.233,
        0.615,
        0,
        6.667,
        -0.238,
        0,
        7.867,
        0.731,
        0,
        8,
        0.665
      ]
    },
    {
      "Target": "Parameter",
      "Id": "ShoulderR_Roll",
      "Segments": [
        0,
        8.4,
        1,
        0.133,
        7.997,
        0.267,
        7.691,
        0.4,
        7.66,
        1,
        2.411,
        7.194,
        4.422,
        7,
        6.433,
        7,
        0,
        7.533,
        9,
        1,
        7.689,
        9.13,
        7.844,
        8.551,
        8,
        8.4
      ]
    },
    {
      "Target": "Parameter",
      "Id": "ArmR_Roll",
      "Segments": [
        0,
        -7.4,
        1,
        0.278,
        -6.457,
        0.555,
        -6,
        0.833,
        -6,
        0,
        2.4,
        -8,
        0,
        4.667,
        -6,
        0,
        7.5,
        -8,
        0,
        7.967,
        -7.4,
        2,
        8,
        -7.4
      ]
    },
    {
      "Target": "Parameter",
      "Id": "ShoulderL_Roll",
      "Segments": [
        0,
        -14,
        2,
        4.9,
        -14,
        0,
        6.667,
        -17.908,
        0,
        8,
        -14
      ]
    },
    {
      "Target": "Parameter",
      "Id": "ArmL_Roll",
      "Segments": [
        0,
        -15,
        2,
        3,
        -15,
        0,
        4.867,
        -15.8,
        0,
        8,
        -15
      ]
    },
    {
      "Target": "Parameter",
      "Id": "HandR_Roll",
      "Segments": [
        0,
        3.583,
        2,
        1.3,
        3.583,
        0,
        2.567,
        -2,
        0,
        3.867,
        2.112,
        0,
        5.7,
        -2,
        0,
        8,
        3.583
      ]
    },
    {
      "Target": "Parameter",
      "Id": "HandL_Roll",
      "Segments": [
        0,
        -2.77,
        1,
        0.233,
        -2.174,
        0.467,
        -2,
        0.7,
        -2,
        0,
        3,
        -5.377,
        0,
        4.833,
        -1.378,
        0,
        7,
        -4,
        1,
        7.333,
        -4,
        7.667,
        -3.414,
        8,
        -2.77
      ]
    },
    {
      "Target": "Parameter",
      "Id": "HandL03_move2",
      "Segments": [
        0,
        -0.378,
        1,
        0.389,
        -3.338,
        0.778,
        -5,
        1.167,
        -5,
        0,
        4.9,
        -4.223,
        0,
        6.667,
        -9.277,
        0,
        7.833,
        0,
        1,
        7.889,
        0,
        7.944,
        -0.13,
        8,
        -0.378
      ]
    },
    {
      "Target": "PartOpacity",
      "Id": "Part",
      "Segments": [
        0,
        1,
        2,
        8,
        1
      ]
    },
    {
      "Target": "PartOpacity",
      "Id": "Part13",
      "Segments": [
        0,
        1,
        2,
        8,
        1
      ]
    },
    {
      "Target": "PartOpacity",
      "Id": "Part3",
      "Segments": [
        0,
        1,
        2,
        8,
        1
      ]
    },
    {
      "Target": "PartOpacity",
      "Id": "Part4",
      "Segments": [
        0,
        1,
        2,
        8,
        1
      ]
    },
    {
      "Target": "PartOpacity",
      "Id": "Part15",
      "Segments": [
        0,
        1,
        2,
        8,
        1
      ]
    },
    {
      "Target": "PartOpacity",
      "Id": "Part8",
      "Segments": [
        0,
        0,
        2,
        8,
        0
      ]
    },
    {
      "Target": "PartOpacity",
      "Id": "Part11",
      "Segments": [
        0,
        1,
        2,
        8,
        1
      ]
    },
    {
      "Target": "PartOpacity",
      "Id": "Part14",
      "Segments": [
        0,
        1,
        2,
        8,
        1
      ]
    },
    {
      "Target": "PartOpacity",
      "Id": "Part5",
      "Segments": [
        0,
        1,
        2,
        8,
        1
      ]
    },
    {
      "Target": "PartOpacity",
      "Id": "Part9",
      "Segments": [
        0,
        0,
        2,
        8,
        0
      ]
    },
    {
      "Target": "PartOpacity",
      "Id": "Part10",
      "Segments": [
        0,
        0,
        2,
        8,
        0
      ]
    },
    {
      "Target": "PartOpacity",
      "Id": "Part12",
      "Segments": [
        0,
        1,
        2,
        8,
        1
      ]
    },
    {
      "Target": "PartOpacity",
      "Id": "Part7",
      "Segments": [
        0,
        1,
        2,
        8,
        1
      ]
    },
    {
      "Target": "PartOpacity",
      "Id": "Part18",
      "Segments": [
        0,
        1,
        2,
        8,
        1
      ]
    },
    {
      "Target": "PartOpacity",
      "Id": "Part25",
      "Segments": [
        0,
        1,
        2,
        8,
        1
      ]
    },
    {
      "Target": "PartOpacity",
      "Id": "Part19",
      "Segments": [
        0,
        1,
        2,
        8,
        1
      ]
    },
    {
      "Target": "PartOpacity",
      "Id": "Part20",
      "Segments": [
        0,
        1,
        2,
        8,
        1
      ]
    },
    {
      "Target": "PartOpacity",
      "Id": "Part21",
      "Segments": [
        0,
        1,
        2,
        8,
        1
      ]
    },
    {
      "Target": "PartOpacity",
      "Id": "Part22",
      "Segments": [
        0,
        0,
        2,
        8,
        0
      ]
    },
    {
      "Target": "PartOpacity",
      "Id": "Part6",
      "Segments": [
        0,
        1,
        2,
        8,
        1
      ]
    },
    {
      "Target": "PartOpacity",
      "Id": "Part27",
      "Segments": [
        0,
        1,
        2,
        8,
        1
      ]
    },
    {
      "Target": "PartOpacity",
      "Id": "Part16",
      "Segments": [
        0,
        1,
        2,
        8,
        1
      ]
    },
    {
      "Target": "PartOpacity",
      "Id": "Part17",
      "Segments": [
        0,
        1,
        2,
        8,
        1
      ]
    },
    {
      "Target": "PartOpacity",
      "Id": "Part2",
      "Segments": [
        0,
        1,
        2,
        8,
        1
      ]
    },
    {
      "Target": "PartOpacity",
      "Id": "Part24",
      "Segments": [
        0,
        1,
        2,
        8,
        1
      ]
    },
    {
      "Target": "Parameter",
      "Id": "Body_Shaking",
      "Segments": [
        0,
        0,
        0,
        8,
        0
      ]
    },
    {
      "Target": "Parameter",
      "Id": "BodyX",
      "Segments": [
        0,
        18.84,
        0,
        8,
        18.84
      ]
    },
    {
      "Target": "Parameter",
      "Id": "BadyY",
      "Segments": [
        0,
        0,
        0,
        8,
        0
      ]
    },
    {
      "Target": "Parameter",
      "Id": "Param2",
      "Segments": [
        0,
        0,
        0,
        8,
        0
      ]
    },
    {
      "Target": "Parameter",
      "Id": "BrowRY",
      "Segments": [
        0,
        -0.2,
        0,
        8,
        -0.2
      ]
    },
    {
      "Target": "Parameter",
      "Id": "BrowLY",
      "Segments": [
        0,
        -0.2,
        0,
        8,
        -0.2
      ]
    },
    {
      "Target": "Parameter",
      "Id": "BrowR_Form",
      "Segments": [
        0,
        -0.5,
        0,
        8,
        -0.5
      ]
    },
    {
      "Target": "Parameter",
      "Id": "BrowR_Angle",
      "Segments": [
        0,
        0.571,
        0,
        8,
        0.571
      ]
    },
    {
      "Target": "Parameter",
      "Id": "BrowL_Angle",
      "Segments": [
        0,
        0.602,
        0,
        8,
        0.602
      ]
    },
    {
      "Target": "Parameter",
      "Id": "EyeBall_Size",
      "Segments": [
        0,
        0,
        0,
        8,
        0
      ]
    },
    {
      "Target": "Parameter",
      "Id": "EyeR_Open",
      "Segments": [
        0,
        1,
        0,
        8,
        1
      ]
    },
    {
      "Target": "Parameter",
      "Id": "EyeR_Smile",
      "Segments": [
        0,
        0,
        0,
        8,
        0
      ]
    },
    {
      "Target": "Parameter",
      "Id": "EyeL_Open",
      "Segments": [
        0,
        1,
        0,
        8,
        1
      ]
    },
    {
      "Target": "Parameter",
      "Id": "EyeL_Smile",
      "Segments": [
        0,
        0,
        0,
        8,
        0
      ]
    },
    {
      "Target": "Parameter",
      "Id": "Tooth",
      "Segments": [
        0,
        0,
        0,
        8,
        0
      ]
    },
    {
      "Target": "Parameter",
      "Id": "Mouth_Form",
      "Segments": [
        0,
        -0.7,
        0,
        8,
        -0.7
      ]
    },
    {
      "Target": "Parameter",
      "Id": "Mouth_Open",
      "Segments": [
        0,
        1,
        0,
        8,
        1
      ]
    },
    {
      "Target": "Parameter",
      "Id": "Mouth_Size",
      "Segments": [
        0,
        1,
        0,
        8,
        1
      ]
    },
    {
      "Target": "Parameter",
      "Id": "Mouth_Size2",
      "Segments": [
        0,
        0,
        0,
        8,
        0
      ]
    },
    {
      "Target": "Parameter",
      "Id": "ShoulderLY",
      "Segments": [
        0,
        -30,
        0,
        8,
        -30
      ]
    },
    {
      "Target": "Parameter",
      "Id": "ShoulderRY",
      "Segments": [
        0,
        -8,
        0,
        8,
        -8
      ]
    },
    {
      "Target": "Parameter",
      "Id": "ArmR_Roll2",
      "Segments": [
        0,
        0,
        0,
        8,
        0
      ]
    },
    {
      "Target": "Parameter",
      "Id": "ArmL_Roll2",
      "Segments": [
        0,
        0,
        0,
        8,
        0
      ]
    },
    {
      "Target": "Parameter",
      "Id": "HandL02_move",
      "Segments": [
        0,
        0,
        0,
        8,
        0
      ]
    },
    {
      "Target": "Parameter",
      "Id": "Param",
      "Segments": [
        0,
        0,
        0,
        8,
        0
      ]
    },
    {
      "Target": "Parameter",
      "Id": "LegR_Roll",
      "Segments": [
        0,
        0,
        0,
        8,
        0
      ]
    },
    {
      "Target": "Parameter",
      "Id": "LegL_Roll",
      "Segments": [
        0,
        0,
        0,
        8,
        0
      ]
    },
    {
      "Target": "Parameter",
      "Id": "Lowerbody_Roll",
      "Segments": [
        0,
        -6,
        0,
        8,
        -6
      ]
    }
  ],
  "UserData": [
    {
      "Time": 0.0,
      "Value": ""
    }
  ]
}