{
  "Version": 3,
  "Meta": {
    "Duration": 8.0,
    "Fps": 30.0,
    "Loop": true,
    "AreBeziersRestricted": true,
    "CurveCount": 76,
    "TotalSegmentCount": 196,
    "TotalPointCount": 282,
    "UserDataCount": 1,
    "TotalUserDataSize": 0
  },
  "Curves": [
    {
      "Target": "Parameter",
      "Id": "Breath",
      "Segments": [
        0,
        0.635,
        1,
        0.278,
        0.891,
        0.555,
        1,
        0.833,
        1,
        0,
        2,
        0,
        0,
        3.4,
        1,
        0,
        4.833,
        0,
        0,
        6.167,
        1,
        0,
        7.267,
        0,
        1,
        7.511,
        0,
        7.756,
        0.386,
        8,
        0.635
      ]
    },
    {
      "Target": "Parameter",
      "Id": "Body_Shaking",
      "Segments": [
        0,
        -0.236,
        1,
        0.289,
        -0.589,
        0.578,
        -1,
        0.867,
        -1,
        0,
        1.967,
        0,
        2,
        7.167,
        0,
        1,
        7.445,
        0,
        7.722,
        -0.066,
        8,
        -0.236
      ]
    },
    {
      "Target": "Parameter",
      "Id": "Coat_Move",
      "Segments": [
        0,
        -15.841,
        1,
        0.156,
        -17.624,
        0.311,
        -18,
        0.467,
        -18,
        0,
        2.033,
        -4.62,
        0,
        3.567,
        -13.156,
        0,
        4.8,
        -5.041,
        0,
        6.1,
        -13.156,
        0,
        7.133,
        -5.041,
        1,
        7.422,
        -5.041,
        7.711,
        -10.823,
        8,
        -15.841
      ]
    },
    {
      "Target": "Parameter",
      "Id": "Waist_Roll",
      "Segments": [
        0,
        -24.682,
        1,
        1.056,
        -26.281,
        2.111,
        -24.885,
        3.167,
        -22.446,
        1,
        3.645,
        -21.575,
        4.122,
        -18.762,
        4.6,
        -18.762,
        0,
        6.033,
        -23.069,
        0,
        7.3,
        -22.446,
        0,
        8,
        -24.682
      ]
    },
    {
      "Target": "Parameter",
      "Id": "Body_Twist",
      "Segments": [
        0,
        -8.957,
        1,
        0.189,
        -9.349,
        0.378,
        -9.454,
        0.567,
        -9.454,
        0,
        2.767,
        -7.577,
        0,
        5.433,
        -9.454,
        0,
        7.2,
        -7.217,
        1,
        7.467,
        -7.217,
        7.733,
        -8.659,
        8,
        -8.957
      ]
    },
    {
      "Target": "Parameter",
      "Id": "Head_AngleX",
      "Segments": [
        0,
        1,
        1,
        0.344,
        2.348,
        0.689,
        3.448,
        1.033,
        5,
        1,
        1.711,
        8.055,
        2.389,
        10,
        3.067,
        10,
        0,
        5.4,
        -3,
        0,
        8,
        1
      ]
    },
    {
      "Target": "Parameter",
      "Id": "Head_AngleY",
      "Segments": [
        0,
        -26,
        1,
        0.344,
        -25.069,
        0.689,
        -25.456,
        1.033,
        -24,
        1,
        1.711,
        -21.136,
        2.389,
        -13,
        3.067,
        -13,
        0,
        5.4,
        -27,
        0,
        8,
        -26
      ]
    },
    {
      "Target": "Parameter",
      "Id": "Head_Roll",
      "Segments": [
        0,
        18,
        0,
        1.3,
        8.667,
        0,
        2.9,
        14.986,
        0,
        4.1,
        9.688,
        0,
        5.533,
        15.353,
        0,
        7.033,
        9.441,
        1,
        7.355,
        9.441,
        7.678,
        18.463,
        8,
        18
      ]
    },
    {
      "Target": "Parameter",
      "Id": "BrowRY",
      "Segments": [
        0,
        -0.2,
        2,
        1.5,
        -0.2,
        0,
        3.1,
        -0.1,
        0,
        4.567,
        -0.6,
        0,
        8,
        -0.2
      ]
    },
    {
      "Target": "Parameter",
      "Id": "BrowLY",
      "Segments": [
        0,
        -0.4,
        2,
        1.5,
        -0.4,
        0,
        3.1,
        -0.2,
        0,
        4.567,
        -0.7,
        0,
        8,
        -0.4
      ]
    },
    {
      "Target": "Parameter",
      "Id": "EyeBallX",
      "Segments": [
        0,
        0.1,
        2,
        1.033,
        0.1,
        2,
        3.067,
        0.1,
        2,
        3.933,
        0.1,
        0,
        5.2,
        0.5,
        0,
        8,
        0.1
      ]
    },
    {
      "Target": "Parameter",
      "Id": "ParamEyeBallY",
      "Segments": [
        0,
        -0.1,
        1,
        0.344,
        -0.145,
        0.689,
        -0.166,
        1.033,
        -0.2,
        1,
        1.711,
        -0.266,
        2.389,
        -0.3,
        3.067,
        -0.3,
        1,
        3.356,
        -0.3,
        3.644,
        -0.252,
        3.933,
        -0.2,
        1,
        4.355,
        -0.124,
        4.778,
        -0.1,
        5.2,
        -0.1,
        2,
        8,
        -0.1
      ]
    },
    {
      "Target": "Parameter",
      "Id": "HairFront_Shaking",
      "Segments": [
        0,
        -0.024,
        1,
        0.278,
        -0.373,
        0.555,
        -0.579,
        0.833,
        -0.579,
        0,
        2.3,
        -0.108,
        0,
        4,
        -0.579,
        0,
        5.533,
        -0.058,
        1,
        5.789,
        -0.058,
        6.044,
        -0.174,
        6.3,
        -0.39,
        1,
        6.456,
        -0.521,
        6.611,
        -0.579,
        6.767,
        -0.579,
        0,
        7.733,
        0.078,
        1,
        7.822,
        0.078,
        7.911,
        0.062,
        8,
        -0.024
      ]
    },
    {
      "Target": "Parameter",
      "Id": "HairSide_Shaking",
      "Segments": [
        0,
        -0.182,
        1,
        0.156,
        0.045,
        0.311,
        0.136,
        0.467,
        0.136,
        0,
        1.633,
        -0.302,
        0,
        2.833,
        0,
        0,
        4.267,
        -0.4,
        0,
        5.567,
        -0.199,
        0,
        6.933,
        -0.5,
        1,
        7.289,
        -0.5,
        7.644,
        -0.32,
        8,
        -0.182
      ]
    },
    {
      "Target": "Parameter",
      "Id": "HairBack_Shaking",
      "Segments": [
        0,
        -0.031,
        1,
        0.222,
        0.55,
        0.445,
        0.713,
        0.667,
        0.713,
        0,
        1.933,
        -0.687,
        0,
        3.067,
        0.654,
        0,
        4.3,
        -0.542,
        0,
        5.833,
        0.544,
        0,
        7.333,
        -0.722,
        1,
        7.555,
        -0.722,
        7.778,
        -0.42,
        8,
        -0.031
      ]
    },
    {
      "Target": "Parameter",
      "Id": "ShoulderLY",
      "Segments": [
        0,
        -25,
        0,
        1.433,
        -16.892,
        0,
        2.867,
        -25.35,
        1,
        3.567,
        -25.35,
        4.267,
        -25.334,
        4.967,
        -22.922,
        1,
        5.556,
        -20.894,
        6.144,
        -15.564,
        6.733,
        -15.564,
        0,
        8,
        -25
      ]
    },
    {
      "Target": "Parameter",
      "Id": "ShoulderRY",
      "Segments": [
        0,
        8,
        0,
        1.433,
        4.865,
        0,
        2.833,
        11.115,
        1,
        3.544,
        11.115,
        4.256,
        11.115,
        4.967,
        9.362,
        1,
        5.478,
        8.103,
        5.989,
        3.084,
        6.5,
        3.084,
        0,
        8,
        8
      ]
    },
    {
      "Target": "Parameter",
      "Id": "ShoulderR_Roll",
      "Segments": [
        0,
        -10.4,
        1,
        0.256,
        -10.4,
        0.511,
        -11.269,
        0.767,
        -11.42,
        1,
        1.367,
        -11.774,
        1.967,
        -11.788,
        2.567,
        -12.217,
        1,
        3.034,
        -12.551,
        3.5,
        -14.617,
        3.967,
        -14.617,
        0,
        5.433,
        -12.217,
        0,
        7.067,
        -12.757,
        0,
        8,
        -10.4
      ]
    },
    {
      "Target": "Parameter",
      "Id": "ArmR_Roll",
      "Segments": [
        0,
        29.275,
        2,
        4.833,
        29.275,
        0,
        6.333,
        29.255,
        0,
        8,
        29.275
      ]
    },
    {
      "Target": "Parameter",
      "Id": "ArmR_Roll2",
      "Segments": [
        0,
        -23.929,
        1,
        0.244,
        -21.322,
        0.489,
        -20,
        0.733,
        -20,
        0,
        2.533,
        -30,
        0,
        4.367,
        -24,
        0,
        5.867,
        -30,
        0,
        7.1,
        -20,
        1,
        7.4,
        -20,
        7.7,
        -27.241,
        8,
        -23.929
      ]
    },
    {
      "Target": "Parameter",
      "Id": "ShoulderL_Roll",
      "Segments": [
        0,
        7.798,
        1,
        0.156,
        7.32,
        0.311,
        7.245,
        0.467,
        7.245,
        0,
        1.5,
        9.031,
        0,
        2.833,
        8.252,
        0,
        4.2,
        10.478,
        0,
        5.667,
        8.252,
        0,
        7.2,
        9.514,
        1,
        7.467,
        9.514,
        7.733,
        8.409,
        8,
        7.798
      ]
    },
    {
      "Target": "Parameter",
      "Id": "ArmL_Roll",
      "Segments": [
        0,
        -20.741,
        1,
        0.867,
        -20.617,
        1.733,
        -20.719,
        2.6,
        -19.872,
        1,
        3.367,
        -19.459,
        4.133,
        -19.365,
        4.9,
        -19.365,
        0,
        8,
        -20.741
      ]
    },
    {
      "Target": "Parameter",
      "Id": "ArmL_Roll2",
      "Segments": [
        0,
        -30,
        0,
        1.1,
        -25,
        0,
        3.133,
        -30,
        0,
        4.5,
        -26,
        0,
        6.2,
        -30,
        0,
        7.2,
        -28,
        0,
        8,
        -30
      ]
    },
    {
      "Target": "Parameter",
      "Id": "HandR_Roll",
      "Segments": [
        0,
        0.109,
        1,
        0.489,
        0.343,
        0.978,
        1.888,
        1.467,
        1.888,
        2,
        2.967,
        1.888,
        0,
        4.467,
        -1.13,
        0,
        5.7,
        0.47,
        0,
        7,
        -1.13,
        0,
        8,
        0.109
      ]
    },
    {
      "Target": "Parameter",
      "Id": "HandL_Roll",
      "Segments": [
        0,
        -24.94,
        1,
        0.222,
        -23.795,
        0.445,
        -23.039,
        0.667,
        -22.398,
        1,
        1.478,
        -20.059,
        2.289,
        -19.109,
        3.1,
        -19.109,
        0,
        4.8,
        -21.118,
        0,
        6.167,
        -20.463,
        0,
        7.467,
        -25.291,
        0,
        8,
        -24.94
      ]
    },
    {
      "Target": "Parameter",
      "Id": "HandL02_move",
      "Segments": [
        0,
        0,
        0,
        1.533,
        14.864,
        0,
        3.133,
        -14.291,
        0,
        5.167,
        14.864,
        0,
        6.633,
        -14.291,
        0,
        8,
        0
      ]
    },
    {
      "Target": "Parameter",
      "Id": "Param",
      "Segments": [
        0,
        0,
        0,
        1.367,
        30,
        0,
        2.433,
        -30,
        0,
        4.467,
        30,
        0,
        6.033,
        -30,
        0,
        7.167,
        30,
        0,
        8,
        0
      ]
    },
    {
      "Target": "PartOpacity",
      "Id": "Part",
      "Segments": [
        0,
        1,
        2,
        8,
        1
      ]
    },
    {
      "Target": "PartOpacity",
      "Id": "Part13",
      "Segments": [
        0,
        1,
        2,
        8,
        1
      ]
    },
    {
      "Target": "PartOpacity",
      "Id": "Part3",
      "Segments": [
        0,
        1,
        2,
        8,
        1
      ]
    },
    {
      "Target": "PartOpacity",
      "Id": "Part4",
      "Segments": [
        0,
        1,
        2,
        8,
        1
      ]
    },
    {
      "Target": "PartOpacity",
      "Id": "Part15",
      "Segments": [
        0,
        1,
        2,
        8,
        1
      ]
    },
    {
      "Target": "PartOpacity",
      "Id": "Part8",
      "Segments": [
        0,
        1,
        2,
        8,
        1
      ]
    },
    {
      "Target": "PartOpacity",
      "Id": "Part11",
      "Segments": [
        0,
        1,
        2,
        8,
        1
      ]
    },
    {
      "Target": "PartOpacity",
      "Id": "Part14",
      "Segments": [
        0,
        1,
        2,
        8,
        1
      ]
    },
    {
      "Target": "PartOpacity",
      "Id": "Part5",
      "Segments": [
        0,
        1,
        2,
        8,
        1
      ]
    },
    {
      "Target": "PartOpacity",
      "Id": "Part9",
      "Segments": [
        0,
        0,
        2,
        8,
        0
      ]
    },
    {
      "Target": "PartOpacity",
      "Id": "Part10",
      "Segments": [
        0,
        1,
        2,
        8,
        1
      ]
    },
    {
      "Target": "PartOpacity",
      "Id": "Part12",
      "Segments": [
        0,
        0,
        2,
        8,
        0
      ]
    },
    {
      "Target": "PartOpacity",
      "Id": "Part7",
      "Segments": [
        0,
        1,
        2,
        8,
        1
      ]
    },
    {
      "Target": "PartOpacity",
      "Id": "Part18",
      "Segments": [
        0,
        1,
        2,
        8,
        1
      ]
    },
    {
      "Target": "PartOpacity",
      "Id": "Part25",
      "Segments": [
        0,
        1,
        2,
        8,
        1
      ]
    },
    {
      "Target": "PartOpacity",
      "Id": "Part19",
      "Segments": [
        0,
        1,
        2,
        8,
        1
      ]
    },
    {
      "Target": "PartOpacity",
      "Id": "Part20",
      "Segments": [
        0,
        1,
        2,
        8,
        1
      ]
    },
    {
      "Target": "PartOpacity",
      "Id": "Part21",
      "Segments": [
        0,
        1,
        2,
        8,
        1
      ]
    },
    {
      "Target": "PartOpacity",
      "Id": "Part22",
      "Segments": [
        0,
        1,
        2,
        8,
        1
      ]
    },
    {
      "Target": "PartOpacity",
      "Id": "Part6",
      "Segments": [
        0,
        1,
        2,
        8,
        1
      ]
    },
    {
      "Target": "PartOpacity",
      "Id": "Part27",
      "Segments": [
        0,
        0,
        2,
        8,
        0
      ]
    },
    {
      "Target": "PartOpacity",
      "Id": "Part16",
      "Segments": [
        0,
        1,
        2,
        8,
        1
      ]
    },
    {
      "Target": "PartOpacity",
      "Id": "Part17",
      "Segments": [
        0,
        0,
        2,
        8,
        0
      ]
    },
    {
      "Target": "PartOpacity",
      "Id": "Part2",
      "Segments": [
        0,
        1,
        2,
        8,
        1
      ]
    },
    {
      "Target": "PartOpacity",
      "Id": "Part24",
      "Segments": [
        0,
        1,
        2,
        8,
        1
      ]
    },
    {
      "Target": "Parameter",
      "Id": "BodyY",
      "Segments": [
        0,
        -13.5,
        0,
        8,
        -13.5
      ]
    },
    {
      "Target": "Parameter",
      "Id": "Body_Pose1",
      "Segments": [
        0,
        -0.8,
        0,
        8,
        -0.8
      ]
    },
    {
      "Target": "Parameter",
      "Id": "BodyX",
      "Segments": [
        0,
        30,
        0,
        8,
        30
      ]
    },
    {
      "Target": "Parameter",
      "Id": "BadyY",
      "Segments": [
        0,
        0,
        0,
        8,
        0
      ]
    },
    {
      "Target": "Parameter",
      "Id": "HeadY",
      "Segments": [
        0,
        -30,
        0,
        8,
        -30
      ]
    },
    {
      "Target": "Parameter",
      "Id": "Param2",
      "Segments": [
        0,
        9,
        0,
        8,
        9
      ]
    },
    {
      "Target": "Parameter",
      "Id": "BrowR_Form",
      "Segments": [
        0,
        -0.4,
        0,
        8,
        -0.4
      ]
    },
    {
      "Target": "Parameter",
      "Id": "BrowL_Form",
      "Segments": [
        0,
        -0.7,
        0,
        8,
        -0.7
      ]
    },
    {
      "Target": "Parameter",
      "Id": "BrowR_Angle",
      "Segments": [
        0,
        -0.1,
        0,
        8,
        -0.1
      ]
    },
    {
      "Target": "Parameter",
      "Id": "BrowL_Angle",
      "Segments": [
        0,
        0,
        0,
        8,
        0
      ]
    },
    {
      "Target": "Parameter",
      "Id": "EyeBall_Size",
      "Segments": [
        0,
        0,
        0,
        8,
        0
      ]
    },
    {
      "Target": "Parameter",
      "Id": "EyeR_Open",
      "Segments": [
        0,
        1,
        0,
        8,
        1
      ]
    },
    {
      "Target": "Parameter",
      "Id": "EyeR_Smile",
      "Segments": [
        0,
        0,
        0,
        8,
        0
      ]
    },
    {
      "Target": "Parameter",
      "Id": "EyeL_Open",
      "Segments": [
        0,
        0,
        0,
        8,
        0
      ]
    },
    {
      "Target": "Parameter",
      "Id": "EyeL_Smile",
      "Segments": [
        0,
        -1,
        0,
        8,
        -1
      ]
    },
    {
      "Target": "Parameter",
      "Id": "Tooth",
      "Segments": [
        0,
        -30,
        0,
        8,
        -30
      ]
    },
    {
      "Target": "Parameter",
      "Id": "Mouth_Form",
      "Segments": [
        0,
        1,
        0,
        8,
        1
      ]
    },
    {
      "Target": "Parameter",
      "Id": "Mouth_Open",
      "Segments": [
        0,
        1,
        0,
        8,
        1
      ]
    },
    {
      "Target": "Parameter",
      "Id": "Mouth_Size",
      "Segments": [
        0,
        1,
        0,
        8,
        1
      ]
    },
    {
      "Target": "Parameter",
      "Id": "Mouth_Size2",
      "Segments": [
        0,
        0,
        0,
        8,
        0
      ]
    },
    {
      "Target": "Parameter",
      "Id": "HandL03_move2",
      "Segments": [
        0,
        0,
        0,
        8,
        0
      ]
    },
    {
      "Target": "Parameter",
      "Id": "LegR_Roll",
      "Segments": [
        0,
        -7,
        0,
        8,
        -7
      ]
    },
    {
      "Target": "Parameter",
      "Id": "LegL_Roll",
      "Segments": [
        0,
        2,
        0,
        8,
        2
      ]
    },
    {
      "Target": "Parameter",
      "Id": "Lowerbody_Roll",
      "Segments": [
        0,
        -2,
        0,
        8,
        -2
      ]
    }
  ],
  "UserData": [
    {
      "Time": 0.0,
      "Value": ""
    }
  ]
}