{
  "Version": 3,
  "Meta": {
    "Duration": 8.0,
    "Fps": 30.0,
    "Loop": true,
    "AreBeziersRestricted": true,
    "CurveCount": 76,
    "TotalSegmentCount": 167,
    "TotalPointCount": 289,
    "UserDataCount": 1,
    "TotalUserDataSize": 0
  },
  "Curves": [
    {
      "Target": "Parameter",
      "Id": "Breath",
      "Segments": [
        0,
        0.336,
        1,
        0.5,
        0.133,
        1,
        0,
        1.5,
        0,
        0,
        3.133,
        0.619,
        0,
        5.167,
        0,
        0,
        6.933,
        0.535,
        1,
        7.289,
        0.535,
        7.644,
        0.434,
        8,
        0.336
      ]
    },
    {
      "Target": "Parameter",
      "Id": "Body_Shaking",
      "Segments": [
        0,
        8.076,
        1,
        0.233,
        9.612,
        0.467,
        10.661,
        0.7,
        11,
        1,
        1.267,
        11.721,
        1.833,
        11.273,
        2.4,
        10.087,
        1,
        3.756,
        7.509,
        5.111,
        4.375,
        6.467,
        4.375,
        1,
        6.978,
        4.375,
        7.489,
        4.834,
        8,
        8.076
      ]
    },
    {
      "Target": "Parameter",
      "Id": "Coat_Move",
      "Segments": [
        0,
        0.191,
        1,
        0.244,
        -2.349,
        0.489,
        -4.747,
        0.733,
        -4.747,
        1,
        1.033,
        -4.747,
        1.333,
        -4.289,
        1.633,
        -2.724,
        1,
        1.944,
        -0.578,
        2.256,
        0,
        2.567,
        0,
        0,
        3.7,
        -5.317,
        0,
        4.9,
        0.99,
        1,
        5.2,
        1.273,
        5.5,
        0,
        5.8,
        0,
        0,
        7.533,
        1.86,
        1,
        7.689,
        1.86,
        7.844,
        1.342,
        8,
        0.191
      ]
    },
    {
      "Target": "Parameter",
      "Id": "Waist_Roll",
      "Segments": [
        0,
        -3.739,
        1,
        0.556,
        -3.739,
        1.111,
        -3.709,
        1.667,
        -3.269,
        1,
        3.122,
        -2.115,
        4.578,
        -1.22,
        6.033,
        -1.22,
        1,
        6.278,
        -1.22,
        6.522,
        -1.703,
        6.767,
        -2.319,
        1,
        7.178,
        -3.355,
        7.589,
        -3.739,
        8,
        -3.739
      ]
    },
    {
      "Target": "Parameter",
      "Id": "Body_Twist",
      "Segments": [
        0,
        -5.056,
        1,
        0.333,
        -6.794,
        0.667,
        -8,
        1,
        -8,
        1,
        1.411,
        -8,
        1.822,
        -7.195,
        2.233,
        -6.472,
        1,
        3.2,
        -4.617,
        4.166,
        -2.662,
        5.133,
        -1.104,
        1,
        5.689,
        -0.325,
        6.244,
        -0.651,
        6.8,
        -1.706,
        1,
        7.2,
        -2.506,
        7.6,
        -3.799,
        8,
        -5.056
      ]
    },
    {
      "Target": "Parameter",
      "Id": "Body_Pose1",
      "Segments": [
        0,
        -0.08,
        1,
        0.289,
        -0.022,
        0.578,
        0,
        0.867,
        0,
        2,
        5.8,
        0,
        0,
        6.933,
        -0.149,
        1,
        7.289,
        -0.149,
        7.644,
        -0.131,
        8,
        -0.08
      ]
    },
    {
      "Target": "Parameter",
      "Id": "Head_AngleX",
      "Segments": [
        0,
        2,
        1,
        0.2,
        1.008,
        0.4,
        0.493,
        0.6,
        0,
        1,
        1.189,
        -1.451,
        1.778,
        -2,
        2.367,
        -2,
        0,
        7.233,
        3.118,
        1,
        7.489,
        3.118,
        7.744,
        2.547,
        8,
        2
      ]
    },
    {
      "Target": "Parameter",
      "Id": "Head_AngleY",
      "Segments": [
        0,
        -6,
        1,
        0.2,
        -6,
        0.4,
        -1.624,
        0.6,
        0,
        1,
        1.189,
        4.781,
        1.778,
        6,
        2.367,
        6,
        0,
        8,
        -6
      ]
    },
    {
      "Target": "Parameter",
      "Id": "Head_Roll",
      "Segments": [
        0,
        -6.415,
        1,
        0.356,
        -7.728,
        0.711,
        -8.085,
        1.067,
        -8.085,
        1,
        1.6,
        -8.085,
        2.134,
        -8.037,
        2.667,
        -6.415,
        1,
        3.389,
        -3.475,
        4.111,
        9,
        4.833,
        9,
        1,
        5.889,
        9,
        6.944,
        -2.063,
        8,
        -6.415
      ]
    },
    {
      "Target": "Parameter",
      "Id": "BrowRY",
      "Segments": [
        0,
        -0.3,
        2,
        1.767,
        -0.3,
        2,
        3.3,
        -0.3,
        0,
        6.7,
        -0.056,
        0,
        8,
        -0.3
      ]
    },
    {
      "Target": "Parameter",
      "Id": "BrowLY",
      "Segments": [
        0,
        -0.3,
        2,
        1.767,
        -0.3,
        2,
        3.3,
        -0.3,
        0,
        6.7,
        -0.056,
        0,
        8,
        -0.3
      ]
    },
    {
      "Target": "Parameter",
      "Id": "EyeBallX",
      "Segments": [
        0,
        0,
        2,
        0.6,
        0,
        0,
        2.367,
        0.1,
        0,
        8,
        0
      ]
    },
    {
      "Target": "Parameter",
      "Id": "Mouth_Size2",
      "Segments": [
        0,
        26,
        0,
        2.6,
        0,
        0,
        8,
        26
      ]
    },
    {
      "Target": "Parameter",
      "Id": "HairFront_Shaking",
      "Segments": [
        0,
        -0.423,
        1,
        0.156,
        -0.423,
        0.311,
        -0.319,
        0.467,
        -0.2,
        1,
        0.578,
        -0.114,
        0.689,
        -0.063,
        0.8,
        0,
        1,
        0.878,
        0.044,
        0.955,
        0.061,
        1.033,
        0.061,
        0,
        2.133,
        -0.398,
        0,
        3.9,
        0.203,
        0,
        5.033,
        -0.103,
        0,
        6.333,
        0.057,
        1,
        6.6,
        0.057,
        6.866,
        0.049,
        7.133,
        -0.029,
        1,
        7.422,
        -0.131,
        7.711,
        -0.423,
        8,
        -0.423
      ]
    },
    {
      "Target": "Parameter",
      "Id": "HairSide_Shaking",
      "Segments": [
        0,
        -0.039,
        1,
        0.411,
        -0.064,
        0.822,
        -0.31,
        1.233,
        -0.31,
        1,
        2.133,
        -0.31,
        3.033,
        -0.296,
        3.933,
        -0.194,
        1,
        4.578,
        -0.121,
        5.222,
        0,
        5.867,
        0,
        1,
        6.578,
        0,
        7.289,
        -0.006,
        8,
        -0.039
      ]
    },
    {
      "Target": "Parameter",
      "Id": "HairBack_Shaking",
      "Segments": [
        0,
        0.286,
        0,
        1.667,
        -0.381,
        0,
        3.967,
        0.654,
        0,
        5.167,
        -0.195,
        0,
        6.3,
        0.375,
        1,
        6.589,
        0.377,
        6.878,
        -0.104,
        7.167,
        -0.104,
        0,
        8,
        0.286
      ]
    },
    {
      "Target": "Parameter",
      "Id": "ShoulderLY",
      "Segments": [
        0,
        -8.882,
        1,
        0.733,
        -8.882,
        1.467,
        -8.995,
        2.2,
        -8.047,
        1,
        3.322,
        -6.314,
        4.445,
        0,
        5.567,
        0,
        0,
        8,
        -8.882
      ]
    },
    {
      "Target": "Parameter",
      "Id": "ShoulderRY",
      "Segments": [
        0,
        5.927,
        1,
        0.711,
        5.927,
        1.422,
        6.11,
        2.133,
        5.085,
        1,
        3.278,
        3.436,
        4.422,
        0,
        5.567,
        0,
        0,
        8,
        5.927
      ]
    },
    {
      "Target": "Parameter",
      "Id": "ShoulderR_Roll",
      "Segments": [
        0,
        4.225,
        1,
        0.156,
        4.48,
        0.311,
        4.784,
        0.467,
        4.863,
        1,
        1.134,
        5.154,
        1.8,
        5.239,
        2.467,
        5.239,
        0,
        5.867,
        0.78,
        1,
        6.578,
        0.78,
        7.289,
        3.265,
        8,
        4.225
      ]
    },
    {
      "Target": "Parameter",
      "Id": "ArmR_Roll",
      "Segments": [
        0,
        -1.554,
        0,
        2.067,
        0,
        0,
        4.8,
        -2,
        0,
        6.4,
        -0.32,
        0,
        8,
        -1.554
      ]
    },
    {
      "Target": "Parameter",
      "Id": "ShoulderL_Roll",
      "Segments": [
        0,
        -0.551,
        1,
        0.222,
        -0.146,
        0.445,
        0.128,
        0.667,
        0.33,
        1,
        1.3,
        0.907,
        1.934,
        1.11,
        2.567,
        1.11,
        1,
        3.345,
        1.11,
        4.122,
        0.767,
        4.9,
        -0.004,
        1,
        5.544,
        -0.643,
        6.189,
        -1.009,
        6.833,
        -1.009,
        1,
        7.222,
        -1.009,
        7.611,
        -0.954,
        8,
        -0.551
      ]
    },
    {
      "Target": "Parameter",
      "Id": "ArmL_Roll",
      "Segments": [
        0,
        -0.24,
        1,
        0.222,
        -0.066,
        0.445,
        -0.012,
        0.667,
        -0.012,
        0,
        2.8,
        -1.05,
        0,
        4.9,
        -0.004,
        0,
        6.833,
        -0.497,
        1,
        7.222,
        -0.497,
        7.611,
        -0.453,
        8,
        -0.24
      ]
    },
    {
      "Target": "Parameter",
      "Id": "HandR_Roll",
      "Segments": [
        0,
        0.475,
        1,
        0.389,
        0.972,
        0.778,
        0.972,
        1.167,
        0.941,
        1,
        1.845,
        0.899,
        2.522,
        -2,
        3.2,
        -2,
        0,
        5.1,
        0.475,
        0,
        6.833,
        -1.422,
        0,
        8,
        0.475
      ]
    },
    {
      "Target": "Parameter",
      "Id": "HandL_Roll",
      "Segments": [
        0,
        -1.361,
        1,
        0.411,
        -0.356,
        0.822,
        -0.178,
        1.233,
        -0.178,
        0,
        3.633,
        -3,
        0,
        5.033,
        -0.3,
        0,
        6.833,
        -3.381,
        1,
        7.222,
        -3.381,
        7.611,
        -2.828,
        8,
        -1.361
      ]
    },
    {
      "Target": "Parameter",
      "Id": "LegL_Roll",
      "Segments": [
        0,
        13.658,
        1,
        0.178,
        15.173,
        0.355,
        15.349,
        0.533,
        15.349,
        2,
        3.7,
        15.349,
        0,
        5.133,
        10.9,
        2,
        6.5,
        10.9,
        1,
        7,
        10.9,
        7.5,
        12.012,
        8,
        13.658
      ]
    },
    {
      "Target": "Parameter",
      "Id": "Lowerbody_Roll",
      "Segments": [
        0,
        6,
        2,
        3.2,
        6,
        0,
        4.833,
        3.304,
        2,
        6.733,
        3.304,
        0,
        8,
        6
      ]
    },
    {
      "Target": "PartOpacity",
      "Id": "Part",
      "Segments": [
        0,
        1,
        2,
        8,
        1
      ]
    },
    {
      "Target": "PartOpacity",
      "Id": "Part13",
      "Segments": [
        0,
        1,
        2,
        8,
        1
      ]
    },
    {
      "Target": "PartOpacity",
      "Id": "Part3",
      "Segments": [
        0,
        1,
        2,
        8,
        1
      ]
    },
    {
      "Target": "PartOpacity",
      "Id": "Part4",
      "Segments": [
        0,
        1,
        2,
        8,
        1
      ]
    },
    {
      "Target": "PartOpacity",
      "Id": "Part15",
      "Segments": [
        0,
        1,
        2,
        8,
        1
      ]
    },
    {
      "Target": "PartOpacity",
      "Id": "Part8",
      "Segments": [
        0,
        0,
        2,
        8,
        0
      ]
    },
    {
      "Target": "PartOpacity",
      "Id": "Part11",
      "Segments": [
        0,
        1,
        2,
        8,
        1
      ]
    },
    {
      "Target": "PartOpacity",
      "Id": "Part14",
      "Segments": [
        0,
        1,
        2,
        8,
        1
      ]
    },
    {
      "Target": "PartOpacity",
      "Id": "Part5",
      "Segments": [
        0,
        1,
        2,
        8,
        1
      ]
    },
    {
      "Target": "PartOpacity",
      "Id": "Part9",
      "Segments": [
        0,
        1,
        2,
        8,
        1
      ]
    },
    {
      "Target": "PartOpacity",
      "Id": "Part10",
      "Segments": [
        0,
        0,
        2,
        8,
        0
      ]
    },
    {
      "Target": "PartOpacity",
      "Id": "Part12",
      "Segments": [
        0,
        0,
        2,
        8,
        0
      ]
    },
    {
      "Target": "PartOpacity",
      "Id": "Part7",
      "Segments": [
        0,
        1,
        2,
        8,
        1
      ]
    },
    {
      "Target": "PartOpacity",
      "Id": "Part18",
      "Segments": [
        0,
        1,
        2,
        8,
        1
      ]
    },
    {
      "Target": "PartOpacity",
      "Id": "Part25",
      "Segments": [
        0,
        1,
        2,
        8,
        1
      ]
    },
    {
      "Target": "PartOpacity",
      "Id": "Part19",
      "Segments": [
        0,
        1,
        2,
        8,
        1
      ]
    },
    {
      "Target": "PartOpacity",
      "Id": "Part20",
      "Segments": [
        0,
        1,
        2,
        8,
        1
      ]
    },
    {
      "Target": "PartOpacity",
      "Id": "Part21",
      "Segments": [
        0,
        1,
        2,
        8,
        1
      ]
    },
    {
      "Target": "PartOpacity",
      "Id": "Part22",
      "Segments": [
        0,
        0,
        2,
        8,
        0
      ]
    },
    {
      "Target": "PartOpacity",
      "Id": "Part6",
      "Segments": [
        0,
        0,
        2,
        8,
        0
      ]
    },
    {
      "Target": "PartOpacity",
      "Id": "Part27",
      "Segments": [
        0,
        1,
        2,
        8,
        1
      ]
    },
    {
      "Target": "PartOpacity",
      "Id": "Part16",
      "Segments": [
        0,
        1,
        2,
        8,
        1
      ]
    },
    {
      "Target": "PartOpacity",
      "Id": "Part17",
      "Segments": [
        0,
        1,
        2,
        8,
        1
      ]
    },
    {
      "Target": "PartOpacity",
      "Id": "Part2",
      "Segments": [
        0,
        1,
        2,
        8,
        1
      ]
    },
    {
      "Target": "PartOpacity",
      "Id": "Part24",
      "Segments": [
        0,
        1,
        2,
        8,
        1
      ]
    },
    {
      "Target": "Parameter",
      "Id": "BodyY",
      "Segments": [
        0,
        0,
        0,
        8,
        0
      ]
    },
    {
      "Target": "Parameter",
      "Id": "BodyX",
      "Segments": [
        0,
        0,
        0,
        8,
        0
      ]
    },
    {
      "Target": "Parameter",
      "Id": "BadyY",
      "Segments": [
        0,
        0,
        0,
        8,
        0
      ]
    },
    {
      "Target": "Parameter",
      "Id": "HeadY",
      "Segments": [
        0,
        0,
        0,
        8,
        0
      ]
    },
    {
      "Target": "Parameter",
      "Id": "Param2",
      "Segments": [
        0,
        0,
        0,
        8,
        0
      ]
    },
    {
      "Target": "Parameter",
      "Id": "BrowR_Form",
      "Segments": [
        0,
        -0.5,
        0,
        8,
        -0.5
      ]
    },
    {
      "Target": "Parameter",
      "Id": "BrowL_Form",
      "Segments": [
        0,
        -0.5,
        0,
        8,
        -0.5
      ]
    },
    {
      "Target": "Parameter",
      "Id": "BrowR_Angle",
      "Segments": [
        0,
        0.4,
        0,
        8,
        0.4
      ]
    },
    {
      "Target": "Parameter",
      "Id": "BrowL_Angle",
      "Segments": [
        0,
        0.4,
        0,
        8,
        0.4
      ]
    },
    {
      "Target": "Parameter",
      "Id": "EyeBall_Size",
      "Segments": [
        0,
        0,
        0,
        8,
        0
      ]
    },
    {
      "Target": "Parameter",
      "Id": "ParamEyeBallY",
      "Segments": [
        0,
        -0.124,
        0,
        8,
        -0.124
      ]
    },
    {
      "Target": "Parameter",
      "Id": "EyeR_Open",
      "Segments": [
        0,
        1,
        0,
        8,
        1
      ]
    },
    {
      "Target": "Parameter",
      "Id": "EyeR_Smile",
      "Segments": [
        0,
        -1,
        0,
        8,
        -1
      ]
    },
    {
      "Target": "Parameter",
      "Id": "EyeL_Open",
      "Segments": [
        0,
        1,
        0,
        8,
        1
      ]
    },
    {
      "Target": "Parameter",
      "Id": "EyeL_Smile",
      "Segments": [
        0,
        -1,
        0,
        8,
        -1
      ]
    },
    {
      "Target": "Parameter",
      "Id": "Tooth",
      "Segments": [
        0,
        0,
        0,
        8,
        0
      ]
    },
    {
      "Target": "Parameter",
      "Id": "Mouth_Form",
      "Segments": [
        0,
        1,
        0,
        8,
        1
      ]
    },
    {
      "Target": "Parameter",
      "Id": "Mouth_Open",
      "Segments": [
        0,
        1,
        0,
        8,
        1
      ]
    },
    {
      "Target": "Parameter",
      "Id": "Mouth_Size",
      "Segments": [
        0,
        1,
        0,
        8,
        1
      ]
    },
    {
      "Target": "Parameter",
      "Id": "ArmR_Roll2",
      "Segments": [
        0,
        0,
        0,
        8,
        0
      ]
    },
    {
      "Target": "Parameter",
      "Id": "ArmL_Roll2",
      "Segments": [
        0,
        0,
        0,
        8,
        0
      ]
    },
    {
      "Target": "Parameter",
      "Id": "HandL03_move2",
      "Segments": [
        0,
        0,
        0,
        8,
        0
      ]
    },
    {
      "Target": "Parameter",
      "Id": "HandL02_move",
      "Segments": [
        0,
        0,
        0,
        8,
        0
      ]
    },
    {
      "Target": "Parameter",
      "Id": "Param",
      "Segments": [
        0,
        0,
        0,
        8,
        0
      ]
    },
    {
      "Target": "Parameter",
      "Id": "LegR_Roll",
      "Segments": [
        0,
        0,
        0,
        8,
        0
      ]
    }
  ],
  "UserData": [
    {
      "Time": 0.0,
      "Value": ""
    }
  ]
}