{
  "Version": 3,
  "Meta": {
    "Duration": 6.0,
    "Fps": 30.0,
    "Loop": true,
    "AreBeziersRestricted": true,
    "CurveCount": 87,
    "TotalSegmentCount": 181,
    "TotalPointCount": 307,
    "UserDataCount": 1,
    "TotalUserDataSize": 0
  },
  "Curves": [
    {
      "Target": "Parameter",
      "Id": "Breath",
      "Segments": [
        0,
        3.609,
        1,
        0.211,
        6.625,
        0.422,
        9.262,
        0.633,
        9.262,
        1,
        1.011,
        9.262,
        1.389,
        -8.994,
        1.767,
        -12,
        1,
        1.967,
        -13.591,
        2.167,
        -13,
        2.367,
        -13,
        1,
        2.589,
        -13,
        2.811,
        -8.668,
        3.033,
        3.609,
        1,
        3.189,
        12.203,
        3.344,
        19,
        3.5,
        19,
        1,
        3.667,
        19,
        3.833,
        18.951,
        4,
        13,
        1,
        4.344,
        0.7,
        4.689,
        -12,
        5.033,
        -12,
        1,
        5.355,
        -12,
        5.678,
        -1.462,
        6,
        3.609
      ]
    },
    {
      "Target": "Parameter",
      "Id": "Body_Twist",
      "Segments": [
        0,
        -27,
        1,
        0.756,
        -24.223,
        1.511,
        -23.247,
        2.267,
        -19.931,
        1,
        2.622,
        -18.37,
        2.978,
        5,
        3.333,
        5,
        1,
        3.555,
        5,
        3.778,
        0.228,
        4,
        -5,
        1,
        4.667,
        -20.685,
        5.333,
        -27,
        6,
        -27
      ]
    },
    {
      "Target": "Parameter",
      "Id": "Waist_Roll",
      "Segments": [
        0,
        11,
        0,
        0.733,
        8,
        0,
        1.933,
        12,
        0,
        2.967,
        9,
        0,
        3.967,
        11,
        0,
        5,
        7.56,
        0,
        6,
        11
      ]
    },
    {
      "Target": "Parameter",
      "Id": "Head_AngleX",
      "Segments": [
        0,
        -1,
        1,
        0.211,
        -1,
        0.422,
        -0.375,
        0.633,
        0,
        1,
        0.889,
        0.454,
        1.144,
        0.383,
        1.4,
        1,
        1,
        1.7,
        1.724,
        2,
        5.738,
        2.3,
        9,
        1,
        2.644,
        12.745,
        2.989,
        16,
        3.333,
        16,
        1,
        3.366,
        16,
        3.4,
        16.17,
        3.433,
        15.3,
        1,
        3.589,
        11.24,
        3.744,
        2.332,
        3.9,
        0,
        1,
        4.322,
        -6.329,
        4.745,
        -8,
        5.167,
        -8,
        0,
        6,
        -1
      ]
    },
    {
      "Target": "Parameter",
      "Id": "Head_AngleY",
      "Segments": [
        0,
        -4,
        1,
        0.211,
        -5.882,
        0.422,
        -10,
        0.633,
        -10,
        1,
        0.889,
        -10,
        1.144,
        -7.655,
        1.4,
        -4,
        1,
        1.7,
        0.291,
        2,
        2,
        2.3,
        2,
        0,
        3.333,
        -16,
        2,
        3.433,
        -16,
        2,
        3.9,
        -16,
        1,
        4.322,
        -16,
        4.745,
        -14.621,
        5.167,
        -10,
        1,
        5.445,
        -6.96,
        5.722,
        -4,
        6,
        -4
      ]
    },
    {
      "Target": "Parameter",
      "Id": "Head_Roll",
      "Segments": [
        0,
        -26,
        0,
        0.9,
        -29,
        0,
        2.333,
        -23,
        1,
        2.666,
        -23,
        3,
        -23.055,
        3.333,
        -24.4,
        1,
        3.522,
        -25.162,
        3.711,
        -30,
        3.9,
        -30,
        1,
        4.356,
        -30,
        4.811,
        -28.648,
        5.267,
        -27,
        1,
        5.511,
        -26.115,
        5.756,
        -26,
        6,
        -26
      ]
    },
    {
      "Target": "Parameter",
      "Id": "Hair_Shaking",
      "Segments": [
        0,
        0,
        0,
        0.733,
        3,
        1,
        1.166,
        3,
        1.6,
        2.422,
        2.033,
        0,
        1,
        2.144,
        -0.621,
        2.256,
        -7,
        2.367,
        -7,
        1,
        2.478,
        -7,
        2.589,
        -6.915,
        2.7,
        -6,
        1,
        2.889,
        -4.444,
        3.078,
        -2.714,
        3.267,
        0,
        1,
        3.545,
        3.992,
        3.822,
        8,
        4.1,
        8,
        0,
        4.933,
        -2,
        0,
        6,
        0
      ]
    },
    {
      "Target": "Parameter",
      "Id": "HairSide_Shaking",
      "Segments": [
        0,
        0,
        0,
        1.033,
        -7,
        0,
        1.8,
        0,
        1,
        2,
        0,
        2.2,
        -1.056,
        2.4,
        -3,
        1,
        2.611,
        -5.053,
        2.822,
        -6,
        3.033,
        -6,
        1,
        3.255,
        -6,
        3.478,
        -3.262,
        3.7,
        2,
        1,
        3.9,
        6.736,
        4.1,
        9,
        4.3,
        9,
        0,
        5,
        0,
        2,
        6,
        0
      ]
    },
    {
      "Target": "Parameter",
      "Id": "ShoulderR_Roll",
      "Segments": [
        0,
        -11,
        1,
        0.367,
        -9.128,
        0.733,
        -9,
        1.1,
        -9,
        0,
        2.133,
        -11,
        0,
        3.033,
        -9,
        0,
        4.133,
        -11,
        0,
        4.9,
        -9,
        0,
        6,
        -11
      ]
    },
    {
      "Target": "Parameter",
      "Id": "ArmR_Roll",
      "Segments": [
        0,
        -8,
        0,
        1.2,
        -7,
        0,
        2.233,
        -8,
        1,
        2.511,
        -8,
        2.789,
        -7.274,
        3.067,
        -7,
        1,
        3.467,
        -6.606,
        3.867,
        -6.58,
        4.267,
        -6.58,
        1,
        4.567,
        -6.58,
        4.867,
        -6.604,
        5.167,
        -7,
        1,
        5.445,
        -7.367,
        5.722,
        -8,
        6,
        -8
      ]
    },
    {
      "Target": "Parameter",
      "Id": "ShoulderLY",
      "Segments": [
        0,
        -18,
        0,
        2,
        -30,
        0,
        2.967,
        30,
        1,
        3.389,
        30,
        3.811,
        2.118,
        4.233,
        -6,
        1,
        4.822,
        -17.323,
        5.411,
        -18,
        6,
        -18
      ]
    },
    {
      "Target": "Parameter",
      "Id": "ShoulderL_Roll",
      "Segments": [
        0,
        6.25,
        1,
        0.311,
        3.801,
        0.622,
        3.801,
        0.933,
        4.05,
        1,
        1.289,
        4.05,
        1.644,
        5.277,
        2,
        7.33,
        1,
        2.444,
        9.896,
        2.889,
        11,
        3.333,
        11,
        1,
        3.633,
        11,
        3.933,
        5.692,
        4.233,
        3.64,
        1,
        4.478,
        1.968,
        4.722,
        2.16,
        4.967,
        2.16,
        0,
        6,
        6.25
      ]
    },
    {
      "Target": "Parameter",
      "Id": "ArmL_Roll",
      "Segments": [
        0,
        -26,
        1,
        0.378,
        -26,
        0.755,
        -25.982,
        1.133,
        -26.18,
        1,
        1.478,
        -26.36,
        1.822,
        -27.111,
        2.167,
        -27.111,
        0,
        3.3,
        -26.262,
        0,
        4.567,
        -27.119,
        0,
        6,
        -26
      ]
    },
    {
      "Target": "Parameter",
      "Id": "HandR_Roll",
      "Segments": [
        0,
        0,
        0,
        1.333,
        10,
        0,
        2.333,
        1,
        0,
        3.333,
        15,
        0,
        4.167,
        3,
        0,
        5.1,
        9,
        0,
        6,
        0
      ]
    },
    {
      "Target": "Parameter",
      "Id": "HandL_Roll",
      "Segments": [
        0,
        10,
        1,
        0.422,
        12.508,
        0.845,
        30,
        1.267,
        30,
        0,
        2.3,
        0,
        0,
        3.1,
        30,
        1,
        3.5,
        30,
        3.9,
        15.359,
        4.3,
        6,
        1,
        4.567,
        -0.239,
        4.833,
        0,
        5.1,
        0,
        0,
        6,
        10
      ]
    },
    {
      "Target": "Parameter",
      "Id": "ShoulderY",
      "Segments": [
        0,
        25,
        1,
        0.322,
        12.475,
        0.645,
        -12,
        0.967,
        -12,
        0,
        1.767,
        15,
        1,
        2.011,
        15,
        2.256,
        -4.218,
        2.5,
        -17,
        1,
        2.611,
        -22.81,
        2.722,
        -26.604,
        2.833,
        -27,
        1,
        3.478,
        -29.296,
        4.122,
        -30,
        4.767,
        -30,
        0,
        6,
        25
      ]
    },
    {
      "Target": "Parameter",
      "Id": "Belt_Shaking",
      "Segments": [
        0,
        0,
        1,
        0.122,
        -1.508,
        0.245,
        -1.927,
        0.367,
        -1.927,
        0,
        1.233,
        1.34,
        0,
        2.467,
        -5,
        1,
        2.711,
        -5,
        2.956,
        -0.086,
        3.2,
        1.34,
        1,
        3.633,
        3.267,
        4.067,
        -1.904,
        4.5,
        -1.927,
        1,
        4.867,
        -1.927,
        5.233,
        5.162,
        5.6,
        3,
        1,
        5.733,
        2.246,
        5.867,
        0.838,
        6,
        0
      ]
    },
    {
      "Target": "Parameter",
      "Id": "LegR_Roll",
      "Segments": [
        0,
        -3,
        0,
        4.033,
        0,
        0,
        6,
        -3
      ]
    },
    {
      "Target": "Parameter",
      "Id": "LegL_Roll",
      "Segments": [
        0,
        6,
        0,
        4.067,
        8,
        0,
        6,
        6
      ]
    },
    {
      "Target": "PartOpacity",
      "Id": "Part22",
      "Segments": [
        0,
        1,
        2,
        6,
        1
      ]
    },
    {
      "Target": "PartOpacity",
      "Id": "Part8",
      "Segments": [
        0,
        1,
        2,
        6,
        1
      ]
    },
    {
      "Target": "PartOpacity",
      "Id": "Part13",
      "Segments": [
        0,
        1,
        2,
        6,
        1
      ]
    },
    {
      "Target": "PartOpacity",
      "Id": "Part26",
      "Segments": [
        0,
        0,
        2,
        6,
        0
      ]
    },
    {
      "Target": "PartOpacity",
      "Id": "Part14",
      "Segments": [
        0,
        0,
        2,
        6,
        0
      ]
    },
    {
      "Target": "PartOpacity",
      "Id": "Part16",
      "Segments": [
        0,
        1,
        2,
        6,
        1
      ]
    },
    {
      "Target": "PartOpacity",
      "Id": "Part24",
      "Segments": [
        0,
        1,
        2,
        6,
        1
      ]
    },
    {
      "Target": "PartOpacity",
      "Id": "Part15",
      "Segments": [
        0,
        0,
        2,
        6,
        0
      ]
    },
    {
      "Target": "PartOpacity",
      "Id": "Part18",
      "Segments": [
        0,
        0,
        2,
        6,
        0
      ]
    },
    {
      "Target": "PartOpacity",
      "Id": "Part29",
      "Segments": [
        0,
        0,
        2,
        6,
        0
      ]
    },
    {
      "Target": "PartOpacity",
      "Id": "Part30",
      "Segments": [
        0,
        1,
        2,
        6,
        1
      ]
    },
    {
      "Target": "PartOpacity",
      "Id": "Part5",
      "Segments": [
        0,
        1,
        2,
        6,
        1
      ]
    },
    {
      "Target": "PartOpacity",
      "Id": "Part3",
      "Segments": [
        0,
        1,
        2,
        6,
        1
      ]
    },
    {
      "Target": "PartOpacity",
      "Id": "Part4",
      "Segments": [
        0,
        1,
        2,
        6,
        1
      ]
    },
    {
      "Target": "PartOpacity",
      "Id": "Part12",
      "Segments": [
        0,
        1,
        2,
        6,
        1
      ]
    },
    {
      "Target": "PartOpacity",
      "Id": "Part11",
      "Segments": [
        0,
        1,
        2,
        6,
        1
      ]
    },
    {
      "Target": "PartOpacity",
      "Id": "Part25",
      "Segments": [
        0,
        1,
        2,
        6,
        1
      ]
    },
    {
      "Target": "PartOpacity",
      "Id": "Part",
      "Segments": [
        0,
        1,
        2,
        6,
        1
      ]
    },
    {
      "Target": "PartOpacity",
      "Id": "Part2",
      "Segments": [
        0,
        1,
        2,
        6,
        1
      ]
    },
    {
      "Target": "PartOpacity",
      "Id": "Part6",
      "Segments": [
        0,
        1,
        2,
        6,
        1
      ]
    },
    {
      "Target": "PartOpacity",
      "Id": "Part10",
      "Segments": [
        0,
        1,
        2,
        6,
        1
      ]
    },
    {
      "Target": "PartOpacity",
      "Id": "Part7",
      "Segments": [
        0,
        1,
        2,
        6,
        1
      ]
    },
    {
      "Target": "PartOpacity",
      "Id": "Part21",
      "Segments": [
        0,
        1,
        2,
        6,
        1
      ]
    },
    {
      "Target": "PartOpacity",
      "Id": "Part27",
      "Segments": [
        0,
        0,
        2,
        6,
        0
      ]
    },
    {
      "Target": "PartOpacity",
      "Id": "Part17",
      "Segments": [
        0,
        1,
        2,
        6,
        1
      ]
    },
    {
      "Target": "PartOpacity",
      "Id": "Part20",
      "Segments": [
        0,
        0,
        2,
        6,
        0
      ]
    },
    {
      "Target": "PartOpacity",
      "Id": "Part19",
      "Segments": [
        0,
        1,
        2,
        6,
        1
      ]
    },
    {
      "Target": "PartOpacity",
      "Id": "Part23",
      "Segments": [
        0,
        0,
        2,
        6,
        0
      ]
    },
    {
      "Target": "PartOpacity",
      "Id": "Part31",
      "Segments": [
        0,
        0,
        2,
        6,
        0
      ]
    },
    {
      "Target": "PartOpacity",
      "Id": "Part9",
      "Segments": [
        0,
        1,
        2,
        6,
        1
      ]
    },
    {
      "Target": "Model",
      "Id": "Opacity",
      "Segments": [
        0,
        1,
        0,
        6,
        1
      ]
    },
    {
      "Target": "Parameter",
      "Id": "Pose_Form",
      "Segments": [
        0,
        0,
        0,
        6,
        0
      ]
    },
    {
      "Target": "Parameter",
      "Id": "Arm_Form",
      "Segments": [
        0,
        0,
        0,
        6,
        0
      ]
    },
    {
      "Target": "Parameter",
      "Id": "HeadY",
      "Segments": [
        0,
        -5,
        0,
        6,
        -5
      ]
    },
    {
      "Target": "Parameter",
      "Id": "BrowRY",
      "Segments": [
        0,
        -0.5,
        0,
        6,
        -0.5
      ]
    },
    {
      "Target": "Parameter",
      "Id": "BrowRX",
      "Segments": [
        0,
        0,
        0,
        6,
        0
      ]
    },
    {
      "Target": "Parameter",
      "Id": "BrowR_Angle",
      "Segments": [
        0,
        1,
        0,
        6,
        1
      ]
    },
    {
      "Target": "Parameter",
      "Id": "BrowR_Form",
      "Segments": [
        0,
        -1,
        0,
        6,
        -1
      ]
    },
    {
      "Target": "Parameter",
      "Id": "BrowLY",
      "Segments": [
        0,
        0,
        0,
        6,
        0
      ]
    },
    {
      "Target": "Parameter",
      "Id": "BrowLX",
      "Segments": [
        0,
        0,
        0,
        6,
        0
      ]
    },
    {
      "Target": "Parameter",
      "Id": "BrowL_Angle",
      "Segments": [
        0,
        1,
        0,
        6,
        1
      ]
    },
    {
      "Target": "Parameter",
      "Id": "BrowL_Form",
      "Segments": [
        0,
        -1,
        0,
        6,
        -1
      ]
    },
    {
      "Target": "Parameter",
      "Id": "BrowR_Form2",
      "Segments": [
        0,
        0,
        0,
        6,
        0
      ]
    },
    {
      "Target": "Parameter",
      "Id": "BrowL_Form2",
      "Segments": [
        0,
        0,
        0,
        6,
        0
      ]
    },
    {
      "Target": "Parameter",
      "Id": "EyelidsR_Line",
      "Segments": [
        0,
        0,
        0,
        6,
        0
      ]
    },
    {
      "Target": "Parameter",
      "Id": "EyelidsL_Line",
      "Segments": [
        0,
        0,
        0,
        6,
        0
      ]
    },
    {
      "Target": "Parameter",
      "Id": "Eye_Size",
      "Segments": [
        0,
        0,
        0,
        6,
        0
      ]
    },
    {
      "Target": "Parameter",
      "Id": "EyeBallX",
      "Segments": [
        0,
        0.8,
        0,
        6,
        0.8
      ]
    },
    {
      "Target": "Parameter",
      "Id": "EyeBallY",
      "Segments": [
        0,
        0.3,
        0,
        6,
        0.3
      ]
    },
    {
      "Target": "Parameter",
      "Id": "EyeR_Smile",
      "Segments": [
        0,
        0,
        0,
        6,
        0
      ]
    },
    {
      "Target": "Parameter",
      "Id": "EyeR_Open",
      "Segments": [
        0,
        1,
        0,
        6,
        1
      ]
    },
    {
      "Target": "Parameter",
      "Id": "EyeL_Smile",
      "Segments": [
        0,
        0,
        0,
        6,
        0
      ]
    },
    {
      "Target": "Parameter",
      "Id": "EyeL_Open",
      "Segments": [
        0,
        1,
        0,
        6,
        1
      ]
    },
    {
      "Target": "Parameter",
      "Id": "EyeBall_Size",
      "Segments": [
        0,
        -0.2,
        0,
        6,
        -0.2
      ]
    },
    {
      "Target": "Parameter",
      "Id": "EyeL_Shadow",
      "Segments": [
        0,
        0,
        0,
        6,
        0
      ]
    },
    {
      "Target": "Parameter",
      "Id": "EyeR_Shadow",
      "Segments": [
        0,
        0,
        0,
        6,
        0
      ]
    },
    {
      "Target": "Parameter",
      "Id": "Mouth_Form",
      "Segments": [
        0,
        1,
        0,
        6,
        1
      ]
    },
    {
      "Target": "Parameter",
      "Id": "Mouth_Open",
      "Segments": [
        0,
        1,
        0,
        6,
        1
      ]
    },
    {
      "Target": "Parameter",
      "Id": "Mouth_Size",
      "Segments": [
        0,
        0,
        0,
        6,
        0
      ]
    },
    {
      "Target": "Parameter",
      "Id": "ShoulderRY",
      "Segments": [
        0,
        0,
        0,
        6,
        0
      ]
    },
    {
      "Target": "Parameter",
      "Id": "ArmR_Scale",
      "Segments": [
        0,
        -25,
        0,
        6,
        -25
      ]
    },
    {
      "Target": "Parameter",
      "Id": "ShoulderR_Scale",
      "Segments": [
        0,
        0,
        0,
        6,
        0
      ]
    },
    {
      "Target": "Parameter",
      "Id": "ArmL_Scale",
      "Segments": [
        0,
        30,
        0,
        6,
        30
      ]
    },
    {
      "Target": "Parameter",
      "Id": "ShoulderL_Scale",
      "Segments": [
        0,
        -30,
        0,
        6,
        -30
      ]
    },
    {
      "Target": "Parameter",
      "Id": "ArmL_Position",
      "Segments": [
        0,
        1,
        0,
        6,
        1
      ]
    },
    {
      "Target": "Parameter",
      "Id": "Lowerbody_Roll",
      "Segments": [
        0,
        -10,
        0,
        6,
        -10
      ]
    },
    {
      "Target": "PartOpacity",
      "Id": "Part32",
      "Segments": [
        0,
        1,
        0,
        6,
        1
      ]
    },
    {
      "Target": "PartOpacity",
      "Id": "Part28",
      "Segments": [
        0,
        1,
        0,
        6,
        1
      ]
    }
  ],
  "UserData": [
    {
      "Time": 0.0,
      "Value": ""
    }
  ]
}