{
  "Version": 3,
  "Meta": {
    "Duration": 8.0,
    "Fps": 30.0,
    "Loop": true,
    "AreBeziersRestricted": true,
    "CurveCount": 68,
    "TotalSegmentCount": 171,
    "TotalPointCount": 219,
    "UserDataCount": 1,
    "TotalUserDataSize": 0
  },
  "Curves": [
    {
      "Target": "Parameter",
      "Id": "Param33",
      "Segments": [
        0,
        -3,
        0,
        6.867,
        -2,
        0,
        8,
        -3
      ]
    },
    {
      "Target": "Parameter",
      "Id": "Param9",
      "Segments": [
        0,
        -10.28,
        0,
        2.5,
        -9,
        0,
        3.933,
        -13,
        2,
        4.8,
        -13,
        0,
        6.8,
        -9.4,
        0,
        8,
        -10.3
      ]
    },
    {
      "Target": "Parameter",
      "Id": "Param32",
      "Segments": [
        0,
        0,
        2,
        2.5,
        0,
        0,
        3.933,
        13,
        2,
        4.8,
        13,
        0,
        6.8,
        0,
        2,
        8,
        0
      ]
    },
    {
      "Target": "Parameter",
      "Id": "Param8",
      "Segments": [
        0,
        0,
        2,
        0.467,
        0,
        0,
        0.8,
        -30,
        0,
        1.133,
        0,
        0,
        1.467,
        -30,
        0,
        1.8,
        0,
        0,
        2.133,
        -30,
        0,
        2.467,
        0,
        2,
        8,
        0
      ]
    },
    {
      "Target": "Parameter",
      "Id": "Param20",
      "Segments": [
        0,
        -21.44,
        0,
        2.5,
        -23.16,
        0,
        3.933,
        -17.04,
        2,
        4.8,
        -17.04,
        0,
        6.8,
        -22.5,
        0,
        8,
        -21.44
      ]
    },
    {
      "Target": "Parameter",
      "Id": "Param24",
      "Segments": [
        0,
        19,
        2,
        2.5,
        19,
        0,
        3.933,
        10,
        2,
        4.8,
        10,
        0,
        6.8,
        19,
        2,
        8,
        19
      ]
    },
    {
      "Target": "Parameter",
      "Id": "Param27",
      "Segments": [
        0,
        9,
        0,
        2.5,
        4,
        0,
        3.933,
        24,
        2,
        4.8,
        24,
        0,
        6.8,
        7,
        0,
        8,
        9
      ]
    },
    {
      "Target": "Parameter",
      "Id": "Param23",
      "Segments": [
        0,
        14,
        2,
        2.5,
        14,
        0,
        3.933,
        20,
        2,
        4.8,
        20,
        0,
        6.8,
        14,
        2,
        8,
        14
      ]
    },
    {
      "Target": "Parameter",
      "Id": "Param34",
      "Segments": [
        0,
        0,
        2,
        2.5,
        0,
        0,
        3.933,
        22,
        2,
        4.8,
        22,
        0,
        6.8,
        0,
        2,
        8,
        0
      ]
    },
    {
      "Target": "Parameter",
      "Id": "Param19",
      "Segments": [
        0,
        13,
        0,
        2.5,
        0,
        0,
        3.933,
        -5,
        2,
        4.8,
        -5,
        0,
        8,
        13
      ]
    },
    {
      "Target": "Parameter",
      "Id": "Param21",
      "Segments": [
        0,
        26.84,
        1,
        0.378,
        26.84,
        0.755,
        26.839,
        1.133,
        26.845,
        1,
        1.422,
        26.849,
        1.711,
        27.064,
        2,
        27.064,
        0,
        2.5,
        26.94,
        1,
        2.611,
        26.977,
        2.722,
        27.014,
        2.833,
        27.051,
        1,
        3.111,
        27.703,
        3.389,
        28.355,
        3.667,
        29.007,
        1,
        3.756,
        29.118,
        3.844,
        29.229,
        3.933,
        29.34,
        1,
        4.222,
        29.34,
        4.511,
        29.352,
        4.8,
        29.28,
        1,
        5.089,
        29.208,
        5.378,
        28.58,
        5.667,
        28.163,
        1,
        5.778,
        28.003,
        5.889,
        27.547,
        6,
        27.465,
        1,
        6.267,
        27.268,
        6.533,
        27.099,
        6.8,
        27,
        1,
        7.2,
        26.94,
        7.6,
        26.88,
        8,
        26.82
      ]
    },
    {
      "Target": "Parameter",
      "Id": "Param25",
      "Segments": [
        0,
        -15,
        0,
        2.5,
        -18,
        1,
        2.978,
        -13.667,
        3.455,
        -9.333,
        3.933,
        -5,
        1,
        4.222,
        -5.333,
        4.511,
        -5.667,
        4.8,
        -6,
        1,
        5.467,
        -10,
        6.133,
        -14,
        6.8,
        -18,
        1,
        7.2,
        -17,
        7.6,
        -16,
        8,
        -15
      ]
    },
    {
      "Target": "Parameter",
      "Id": "Param22",
      "Segments": [
        0,
        18,
        1,
        0.833,
        18,
        1.667,
        18.406,
        2.5,
        22,
        1,
        2.978,
        24.06,
        3.455,
        30,
        3.933,
        30,
        2,
        4.8,
        30,
        0,
        6.8,
        18,
        2,
        8,
        18
      ]
    },
    {
      "Target": "Parameter",
      "Id": "Param17",
      "Segments": [
        0,
        0,
        0,
        3.933,
        -16,
        2,
        4.8,
        -16,
        2,
        4.833,
        -16,
        0,
        8,
        0
      ]
    },
    {
      "Target": "Parameter",
      "Id": "Param18",
      "Segments": [
        0,
        0,
        0,
        3.933,
        -4,
        2,
        4.8,
        -4,
        2,
        4.833,
        -4,
        0,
        8,
        0
      ]
    },
    {
      "Target": "Parameter",
      "Id": "Param15",
      "Segments": [
        0,
        27.4,
        0,
        2.5,
        4,
        0,
        3.933,
        30,
        2,
        4.833,
        30,
        0,
        6.8,
        22,
        0,
        8,
        27.4
      ]
    },
    {
      "Target": "Parameter",
      "Id": "Param2",
      "Segments": [
        0,
        -30,
        2,
        2.9,
        -30,
        0,
        4.567,
        -20,
        0,
        6.967,
        -30,
        2,
        8,
        -30
      ]
    },
    {
      "Target": "Parameter",
      "Id": "Param7",
      "Segments": [
        0,
        -10,
        2,
        2.5,
        -10,
        0,
        3.933,
        -30,
        2,
        4.7,
        -30,
        2,
        4.833,
        -30,
        0,
        6.8,
        -10,
        2,
        8,
        -10
      ]
    },
    {
      "Target": "Parameter",
      "Id": "Param31",
      "Segments": [
        0,
        0,
        2,
        2.5,
        0,
        0,
        3.933,
        30,
        2,
        4.8,
        30,
        2,
        4.833,
        30,
        0,
        6.8,
        0,
        2,
        8,
        0
      ]
    },
    {
      "Target": "Parameter",
      "Id": "Param10",
      "Segments": [
        0,
        -10,
        0,
        2.767,
        -13.138,
        0,
        8,
        -10
      ]
    },
    {
      "Target": "Parameter",
      "Id": "Param3",
      "Segments": [
        0,
        0,
        0,
        2.833,
        -16,
        1,
        3.166,
        -16,
        3.5,
        -15.426,
        3.833,
        -14,
        1,
        4.744,
        -10.102,
        5.656,
        -5.34,
        6.567,
        -2,
        1,
        7.045,
        -0.248,
        7.522,
        0,
        8,
        0
      ]
    },
    {
      "Target": "Parameter",
      "Id": "Param4",
      "Segments": [
        0,
        0,
        0,
        2.833,
        -2,
        2,
        3.833,
        -2,
        0,
        6.567,
        0,
        2,
        8,
        0
      ]
    },
    {
      "Target": "Parameter",
      "Id": "Param13",
      "Segments": [
        0,
        0,
        0,
        0.333,
        -15.84,
        0,
        8,
        0
      ]
    },
    {
      "Target": "Parameter",
      "Id": "Param11",
      "Segments": [
        0,
        -5,
        0,
        1.567,
        -10,
        1,
        1.989,
        -10,
        2.411,
        -9.938,
        2.833,
        -9,
        1,
        3.022,
        -8.581,
        3.211,
        7.311,
        3.4,
        8,
        1,
        4.267,
        11.163,
        5.133,
        12,
        6,
        12,
        0,
        8,
        -5
      ]
    },
    {
      "Target": "Parameter",
      "Id": "Param35",
      "Segments": [
        0,
        14,
        0,
        1.567,
        6,
        2,
        2.5,
        6,
        0,
        3.067,
        19,
        0,
        6,
        -8,
        0,
        8,
        14
      ]
    },
    {
      "Target": "Parameter",
      "Id": "ParamEyeBallX",
      "Segments": [
        0,
        0,
        0,
        1.833,
        0.6,
        1,
        2.878,
        0.6,
        3.922,
        0.597,
        4.967,
        0.5,
        1,
        5.534,
        0.447,
        6.1,
        0,
        6.667,
        0,
        2,
        8,
        0
      ]
    },
    {
      "Target": "Parameter",
      "Id": "ParamEyeBallY",
      "Segments": [
        0,
        0,
        2,
        1.833,
        0,
        0,
        4.967,
        -0.1,
        0,
        6.667,
        0,
        2,
        8,
        0
      ]
    },
    {
      "Target": "Model",
      "Id": "Opacity",
      "Segments": [
        0,
        1,
        0,
        8,
        1
      ]
    },
    {
      "Target": "Parameter",
      "Id": "Param28",
      "Segments": [
        0,
        30,
        0,
        8,
        30
      ]
    },
    {
      "Target": "Parameter",
      "Id": "Param29",
      "Segments": [
        0,
        0,
        0,
        8,
        0
      ]
    },
    {
      "Target": "Parameter",
      "Id": "Param26",
      "Segments": [
        0,
        -30,
        0,
        8,
        -30
      ]
    },
    {
      "Target": "Parameter",
      "Id": "Param5",
      "Segments": [
        0,
        0,
        0,
        8,
        0
      ]
    },
    {
      "Target": "Parameter",
      "Id": "ParamBreath",
      "Segments": [
        0,
        0.1,
        0,
        8,
        0.1
      ]
    },
    {
      "Target": "Parameter",
      "Id": "Param6",
      "Segments": [
        0,
        0,
        0,
        8,
        0
      ]
    },
    {
      "Target": "Parameter",
      "Id": "Param12",
      "Segments": [
        0,
        0,
        0,
        8,
        0
      ]
    },
    {
      "Target": "Parameter",
      "Id": "Param14",
      "Segments": [
        0,
        0,
        0,
        8,
        0
      ]
    },
    {
      "Target": "Parameter",
      "Id": "Mouth_Size",
      "Segments": [
        0,
        0,
        0,
        8,
        0
      ]
    },
    {
      "Target": "Parameter",
      "Id": "Mouth_Open",
      "Segments": [
        0,
        1,
        0,
        8,
        1
      ]
    },
    {
      "Target": "Parameter",
      "Id": "Param",
      "Segments": [
        0,
        0,
        0,
        8,
        0
      ]
    },
    {
      "Target": "Parameter",
      "Id": "ParamMouthForm",
      "Segments": [
        0,
        0,
        0,
        8,
        0
      ]
    },
    {
      "Target": "Parameter",
      "Id": "ParamBrowRForm",
      "Segments": [
        0,
        -0.5,
        0,
        8,
        -0.5
      ]
    },
    {
      "Target": "Parameter",
      "Id": "ParamBrowLForm",
      "Segments": [
        0,
        -0.5,
        0,
        8,
        -0.5
      ]
    },
    {
      "Target": "Parameter",
      "Id": "ParamBrowRAngle",
      "Segments": [
        0,
        0,
        0,
        8,
        0
      ]
    },
    {
      "Target": "Parameter",
      "Id": "ParamBrowLAngle",
      "Segments": [
        0,
        0,
        0,
        8,
        0
      ]
    },
    {
      "Target": "Parameter",
      "Id": "EyesSize",
      "Segments": [
        0,
        0,
        0,
        8,
        0
      ]
    },
    {
      "Target": "Parameter",
      "Id": "ParamBrowRY",
      "Segments": [
        0,
        -0.2,
        0,
        8,
        -0.2
      ]
    },
    {
      "Target": "Parameter",
      "Id": "ParamBrowLY",
      "Segments": [
        0,
        -0.2,
        0,
        8,
        -0.2
      ]
    },
    {
      "Target": "Parameter",
      "Id": "ParamEyeRSmile",
      "Segments": [
        0,
        0.5,
        0,
        8,
        0.5
      ]
    },
    {
      "Target": "Parameter",
      "Id": "EyeR_Open",
      "Segments": [
        0,
        0.9,
        0,
        8,
        0.9
      ]
    },
    {
      "Target": "Parameter",
      "Id": "EyeL_Open",
      "Segments": [
        0,
        0.9,
        0,
        8,
        0.9
      ]
    },
    {
      "Target": "Parameter",
      "Id": "ParamEyeLSmile",
      "Segments": [
        0,
        0,
        0,
        8,
        0
      ]
    },
    {
      "Target": "PartOpacity",
      "Id": "Part28",
      "Segments": [
        0,
        1,
        0,
        8,
        1
      ]
    },
    {
      "Target": "PartOpacity",
      "Id": "Part29",
      "Segments": [
        0,
        0,
        0,
        8,
        0
      ]
    },
    {
      "Target": "PartOpacity",
      "Id": "Part30",
      "Segments": [
        0,
        0.5,
        0,
        8,
        0.5
      ]
    },
    {
      "Target": "PartOpacity",
      "Id": "Part14",
      "Segments": [
        0,
        1,
        0,
        8,
        1
      ]
    },
    {
      "Target": "PartOpacity",
      "Id": "Part15",
      "Segments": [
        0,
        1,
        0,
        8,
        1
      ]
    },
    {
      "Target": "PartOpacity",
      "Id": "Part20",
      "Segments": [
        0,
        0,
        0,
        8,
        0
      ]
    },
    {
      "Target": "PartOpacity",
      "Id": "Part16",
      "Segments": [
        0,
        1,
        0,
        8,
        1
      ]
    },
    {
      "Target": "PartOpacity",
      "Id": "Part7",
      "Segments": [
        0,
        1,
        0,
        8,
        1
      ]
    },
    {
      "Target": "PartOpacity",
      "Id": "Part18",
      "Segments": [
        0,
        1,
        0,
        8,
        1
      ]
    },
    {
      "Target": "PartOpacity",
      "Id": "Part32",
      "Segments": [
        0,
        0,
        0,
        8,
        0
      ]
    },
    {
      "Target": "PartOpacity",
      "Id": "Part8",
      "Segments": [
        0,
        1,
        0,
        8,
        1
      ]
    },
    {
      "Target": "PartOpacity",
      "Id": "Part9",
      "Segments": [
        0,
        1,
        0,
        8,
        1
      ]
    },
    {
      "Target": "PartOpacity",
      "Id": "Part11",
      "Segments": [
        0,
        1,
        0,
        8,
        1
      ]
    },
    {
      "Target": "PartOpacity",
      "Id": "Part22",
      "Segments": [
        0,
        0,
        0,
        8,
        0
      ]
    },
    {
      "Target": "PartOpacity",
      "Id": "Part12",
      "Segments": [
        0,
        1,
        0,
        8,
        1
      ]
    },
    {
      "Target": "PartOpacity",
      "Id": "Part17",
      "Segments": [
        0,
        0,
        0,
        8,
        0
      ]
    },
    {
      "Target": "PartOpacity",
      "Id": "Part19",
      "Segments": [
        0,
        0,
        0,
        8,
        0
      ]
    }
  ],
  "UserData": [
    {
      "Time": 0.0,
      "Value": ""
    }
  ]
}