{
  "Version": 3,
  "Meta": {
    "Duration": 1.77,
    "Fps": 30.0,
    "Loop": true,
    "AreBeziersRestricted": true,
    "CurveCount": 71,
    "TotalSegmentCount": 127,
    "TotalPointCount": 221,
    "UserDataCount": 1,
    "TotalUserDataSize": 0
  },
  "Curves": [
    {
      "Target": "Parameter",
      "Id": "PARAM_HAIR_FRONT",
      "Segments": [
        0,
        -0.153,
        1,
        0.2,
        -0.385,
        0.4,
        -0.8,
        0.6,
        -0.8,
        0,
        1.267,
        0.8,
        0,
        1.767,
        0
      ]
    },
    {
      "Target": "Parameter",
      "Id": "PARAM_HAIR_BACK",
      "Segments": [
        0,
        -0.077,
        1,
        0.2,
        -0.193,
        0.4,
        -0.4,
        0.6,
        -0.4,
        0,
        1.267,
        0.4,
        0,
        1.767,
        0
      ]
    },
    {
      "Target": "Parameter",
      "Id": "Mouth_Form_Trouble",
      "Segments": [
        0,
        -5.739,
        1,
        0.2,
        -14.448,
        0.4,
        -30,
        0.6,
        -30,
        2,
        1.767,
        -30
      ]
    },
    {
      "Target": "Parameter",
      "Id": "PARAM_BROW_L_Y",
      "Segments": [
        0,
        0.041,
        1,
        0.256,
        0.124,
        0.511,
        0.3,
        0.767,
        0.3,
        2,
        1.767,
        0.3
      ]
    },
    {
      "Target": "Parameter",
      "Id": "PARAM_BROW_R_Y",
      "Segments": [
        0,
        -0.138,
        1,
        0.256,
        -0.412,
        0.511,
        -1,
        0.767,
        -1,
        2,
        1.767,
        -1
      ]
    },
    {
      "Target": "Parameter",
      "Id": "PARAM_BROW_R_ANGLE",
      "Segments": [
        0,
        -0.138,
        1,
        0.256,
        -0.412,
        0.511,
        -1,
        0.767,
        -1,
        2,
        1.767,
        -1
      ]
    },
    {
      "Target": "Parameter",
      "Id": "PARAM_BROW_L_ANGLE",
      "Segments": [
        0,
        -0.138,
        1,
        0.256,
        -0.412,
        0.511,
        -1,
        0.767,
        -1,
        2,
        1.767,
        -1
      ]
    },
    {
      "Target": "Parameter",
      "Id": "PARAM_BROW_R_FORM",
      "Segments": [
        0,
        -0.138,
        1,
        0.256,
        -0.412,
        0.511,
        -1,
        0.767,
        -1,
        2,
        1.767,
        -1
      ]
    },
    {
      "Target": "Parameter",
      "Id": "PARAM_BROW_L_FORM",
      "Segments": [
        0,
        -0.138,
        1,
        0.256,
        -0.412,
        0.511,
        -1,
        0.767,
        -1,
        2,
        1.767,
        -1
      ]
    },
    {
      "Target": "Parameter",
      "Id": "PARAM_ANGLE_X",
      "Segments": [
        0,
        3.095,
        1,
        0.089,
        3.281,
        0.178,
        3.767,
        0.267,
        5,
        1,
        0.434,
        7.311,
        0.6,
        30,
        0.767,
        30,
        1,
        1.1,
        30,
        1.434,
        30.671,
        1.767,
        23
      ]
    },
    {
      "Target": "Parameter",
      "Id": "PARAM_ANGLE_Y",
      "Segments": [
        0,
        -2.313,
        1,
        0.089,
        -2.737,
        0.178,
        -3.723,
        0.267,
        -6,
        1,
        0.434,
        -10.27,
        0.6,
        -30,
        0.767,
        -30,
        0,
        1.767,
        -19
      ]
    },
    {
      "Target": "Parameter",
      "Id": "PARAM_ANGLE_Z",
      "Segments": [
        0,
        -7.648,
        1,
        0.078,
        -10.448,
        0.155,
        -14.198,
        0.233,
        -18,
        1,
        0.355,
        -23.975,
        0.478,
        -25,
        0.6,
        -25,
        0,
        1.767,
        -23
      ]
    },
    {
      "Target": "Parameter",
      "Id": "PARAM_CHEST",
      "Segments": [
        0,
        -3.444,
        1,
        0.011,
        -3.9,
        0.022,
        -4.416,
        0.033,
        -5,
        1,
        0.211,
        -14.345,
        0.389,
        -23,
        0.567,
        -23,
        1,
        0.745,
        -23,
        0.922,
        -8.9,
        1.1,
        -5,
        1,
        1.322,
        -0.125,
        1.545,
        0,
        1.767,
        0
      ]
    },
    {
      "Target": "Parameter",
      "Id": "PARAM_BODY_ANGLE_X",
      "Segments": [
        0,
        -4,
        2,
        0.033,
        -4,
        0,
        0.433,
        0,
        2,
        1.767,
        0
      ]
    },
    {
      "Target": "Parameter",
      "Id": "Body_Shaking",
      "Segments": [
        0,
        -5.488,
        1,
        0.033,
        -6.37,
        0.067,
        -7,
        0.1,
        -7,
        1,
        0.211,
        -7,
        0.322,
        8.948,
        0.433,
        11,
        1,
        0.633,
        14.694,
        0.833,
        16.3,
        1.033,
        19,
        1,
        1.278,
        22.3,
        1.522,
        24,
        1.767,
        24
      ]
    },
    {
      "Target": "Parameter",
      "Id": "PARAM_BREATH",
      "Segments": [
        0,
        0.089,
        1,
        0.344,
        0.334,
        0.689,
        1,
        1.033,
        1,
        0,
        1.767,
        0
      ]
    },
    {
      "Target": "Parameter",
      "Id": "Waist_Roll",
      "Segments": [
        0,
        -8.624,
        1,
        0.033,
        -10.01,
        0.067,
        -11,
        0.1,
        -11,
        1,
        0.211,
        -11,
        0.322,
        4.929,
        0.433,
        6,
        1,
        0.633,
        7.927,
        0.833,
        8,
        1.033,
        8,
        1,
        1.278,
        8,
        1.522,
        8.22,
        1.767,
        7
      ]
    },
    {
      "Target": "Parameter",
      "Id": "ShoulderL_width",
      "Segments": [
        0,
        -22.393,
        1,
        0.144,
        -14.408,
        0.289,
        -3,
        0.433,
        -3,
        1,
        0.878,
        -3,
        1.322,
        -4.166,
        1.767,
        -6
      ]
    },
    {
      "Target": "Parameter",
      "Id": "ArmR_Scale",
      "Segments": [
        0,
        0.825,
        1,
        0.122,
        0.538,
        0.245,
        0,
        0.367,
        0,
        0,
        0.567,
        1,
        2,
        1.767,
        1
      ]
    },
    {
      "Target": "Parameter",
      "Id": "ShoulderL_Y",
      "Segments": [
        0,
        -2.056,
        1,
        0.189,
        -4.983,
        0.378,
        -10,
        0.567,
        -10,
        0,
        1.767,
        2
      ]
    },
    {
      "Target": "Parameter",
      "Id": "PARAM_ARM_R",
      "Segments": [
        0,
        -1.121,
        1,
        0.011,
        -1.135,
        0.022,
        -1.148,
        0.033,
        -1.16,
        1,
        0.089,
        -1.218,
        0.144,
        -1.123,
        0.2,
        -1.28,
        1,
        0.411,
        -1.877,
        0.622,
        -8.787,
        0.833,
        -9.38,
        1,
        0.944,
        -9.692,
        1.056,
        -9.661,
        1.167,
        -9.76,
        1,
        1.367,
        -9.939,
        1.567,
        -10,
        1.767,
        -10
      ]
    },
    {
      "Target": "Parameter",
      "Id": "PARAM_ARM_R_02",
      "Segments": [
        0,
        -0.613,
        1,
        0.011,
        -0.705,
        0.022,
        -0.828,
        0.033,
        -1,
        1,
        0.244,
        -4.268,
        0.456,
        -10,
        0.667,
        -10,
        2,
        1.167,
        -10,
        2,
        1.767,
        -10
      ]
    },
    {
      "Target": "Parameter",
      "Id": "PARAM_ARM_L_02",
      "Segments": [
        0,
        -1.004,
        1,
        0.078,
        -1.012,
        0.155,
        -1.032,
        0.233,
        -1.08,
        1,
        0.378,
        -1.169,
        0.522,
        -2.04,
        0.667,
        -2.04,
        0,
        1.767,
        -1
      ]
    },
    {
      "Target": "Parameter",
      "Id": "PARAM_ARM_L",
      "Segments": [
        0,
        1,
        1,
        0.078,
        1.5,
        0.155,
        2,
        0.233,
        2,
        0,
        0.667,
        1.951,
        0,
        1.767,
        2
      ]
    },
    {
      "Target": "Parameter",
      "Id": "HandL_Roll",
      "Segments": [
        0,
        -0.312,
        1,
        0.233,
        -0.875,
        0.467,
        -2,
        0.7,
        -2,
        0,
        1.767,
        0
      ]
    },
    {
      "Target": "Parameter",
      "Id": "HandR_02_Position",
      "Segments": [
        0,
        -3.985,
        1,
        0.589,
        -3.714,
        1.178,
        0,
        1.767,
        0
      ]
    },
    {
      "Target": "Parameter",
      "Id": "HandR_Roll",
      "Segments": [
        0,
        -2.823,
        1,
        0.011,
        -2.967,
        0.022,
        -3,
        0.033,
        -3,
        0,
        0.5,
        0,
        2,
        1.767,
        0
      ]
    },
    {
      "Target": "Parameter",
      "Id": "HandL_move",
      "Segments": [
        0,
        -7.179,
        1,
        0.167,
        -16.054,
        0.333,
        -30,
        0.5,
        -30,
        0,
        1.767,
        0
      ]
    },
    {
      "Target": "PartOpacity",
      "Id": "Part14",
      "Segments": [
        0,
        0,
        2,
        0.33,
        1,
        2,
        1.77,
        1
      ]
    },
    {
      "Target": "PartOpacity",
      "Id": "Part11",
      "Segments": [
        0,
        1,
        2,
        0.33,
        0,
        2,
        1.77,
        0
      ]
    },
    {
      "Target": "PartOpacity",
      "Id": "Part9",
      "Segments": [
        0,
        0,
        2,
        0.33,
        0,
        2,
        1.77,
        0
      ]
    },
    {
      "Target": "PartOpacity",
      "Id": "Part7",
      "Segments": [
        0,
        0,
        2,
        0.23,
        0.8,
        2,
        0.27,
        1,
        2,
        1.77,
        1
      ]
    },
    {
      "Target": "PartOpacity",
      "Id": "Part13",
      "Segments": [
        0,
        1,
        2,
        0.23,
        0.5,
        2,
        0.27,
        0,
        2,
        1.77,
        0
      ]
    },
    {
      "Target": "Parameter",
      "Id": "Mouth_Form",
      "Segments": [
        0,
        0,
        0,
        1.77,
        0
      ]
    },
    {
      "Target": "Parameter",
      "Id": "Mouth_Form_Longing",
      "Segments": [
        0,
        0,
        0,
        1.77,
        0
      ]
    },
    {
      "Target": "Parameter",
      "Id": "Mouth_Form_Surprise",
      "Segments": [
        0,
        0,
        0,
        1.77,
        0
      ]
    },
    {
      "Target": "Parameter",
      "Id": "Mouth_Size",
      "Segments": [
        0,
        1,
        0,
        1.77,
        1
      ]
    },
    {
      "Target": "Parameter",
      "Id": "Mouth_Open",
      "Segments": [
        0,
        1,
        0,
        1.77,
        1
      ]
    },
    {
      "Target": "Parameter",
      "Id": "PARAM_GLASSES_Y",
      "Segments": [
        0,
        0,
        0,
        1.77,
        0
      ]
    },
    {
      "Target": "Parameter",
      "Id": "PARAM_STRETCH_NECK",
      "Segments": [
        0,
        0,
        0,
        1.77,
        0
      ]
    },
    {
      "Target": "Parameter",
      "Id": "PARAM_BODY_ANGLE_Y",
      "Segments": [
        0,
        0,
        0,
        1.77,
        0
      ]
    },
    {
      "Target": "Parameter",
      "Id": "PARAM_BODY_ANGLE_Z",
      "Segments": [
        0,
        6,
        0,
        1.77,
        6
      ]
    },
    {
      "Target": "Parameter",
      "Id": "PARAM_APRON",
      "Segments": [
        0,
        0,
        0,
        1.77,
        0
      ]
    },
    {
      "Target": "Parameter",
      "Id": "All_Position",
      "Segments": [
        0,
        0,
        0,
        1.77,
        0
      ]
    },
    {
      "Target": "Parameter",
      "Id": "ShoulderR_Scale",
      "Segments": [
        0,
        -30,
        0,
        1.77,
        -30
      ]
    },
    {
      "Target": "Parameter",
      "Id": "ShoulderL_Scale",
      "Segments": [
        0,
        -30,
        0,
        1.77,
        -30
      ]
    },
    {
      "Target": "Parameter",
      "Id": "ArmL_Scale",
      "Segments": [
        0,
        0,
        0,
        1.77,
        0
      ]
    },
    {
      "Target": "Parameter",
      "Id": "ShoulderR_Y",
      "Segments": [
        0,
        0,
        0,
        1.77,
        0
      ]
    },
    {
      "Target": "Parameter",
      "Id": "HandR_move",
      "Segments": [
        0,
        0,
        0,
        1.77,
        0
      ]
    },
    {
      "Target": "Parameter",
      "Id": "HandL_move_P2",
      "Segments": [
        0,
        0,
        0,
        1.77,
        0
      ]
    },
    {
      "Target": "PartOpacity",
      "Id": "head",
      "Segments": [
        0,
        1,
        0,
        1.77,
        1
      ]
    },
    {
      "Target": "PartOpacity",
      "Id": "FrontHair",
      "Segments": [
        0,
        1,
        0,
        1.77,
        1
      ]
    },
    {
      "Target": "PartOpacity",
      "Id": "Glass",
      "Segments": [
        0,
        1,
        0,
        1.77,
        1
      ]
    },
    {
      "Target": "PartOpacity",
      "Id": "Eyebrow",
      "Segments": [
        0,
        1,
        0,
        1.77,
        1
      ]
    },
    {
      "Target": "PartOpacity",
      "Id": "Part2",
      "Segments": [
        0,
        1,
        0,
        1.77,
        1
      ]
    },
    {
      "Target": "PartOpacity",
      "Id": "Face",
      "Segments": [
        0,
        1,
        0,
        1.77,
        1
      ]
    },
    {
      "Target": "PartOpacity",
      "Id": "BackHair",
      "Segments": [
        0,
        1,
        0,
        1.77,
        1
      ]
    },
    {
      "Target": "PartOpacity",
      "Id": "SideHair",
      "Segments": [
        0,
        1,
        0,
        1.77,
        1
      ]
    },
    {
      "Target": "PartOpacity",
      "Id": "Ear",
      "Segments": [
        0,
        1,
        0,
        1.77,
        1
      ]
    },
    {
      "Target": "PartOpacity",
      "Id": "PARTS_01_NECK",
      "Segments": [
        0,
        1,
        0,
        1.77,
        1
      ]
    },
    {
      "Target": "PartOpacity",
      "Id": "PARTS_SWEAT",
      "Segments": [
        0,
        0,
        0,
        1.77,
        0
      ]
    },
    {
      "Target": "PartOpacity",
      "Id": "PARTS_01_BODY",
      "Segments": [
        0,
        1,
        0,
        1.77,
        1
      ]
    },
    {
      "Target": "PartOpacity",
      "Id": "Part18",
      "Segments": [
        0,
        0,
        0,
        1.77,
        0
      ]
    },
    {
      "Target": "PartOpacity",
      "Id": "Part16",
      "Segments": [
        0,
        0,
        0,
        1.77,
        0
      ]
    },
    {
      "Target": "PartOpacity",
      "Id": "PARTS_01_ARM_R",
      "Segments": [
        0,
        1,
        0,
        1.77,
        1
      ]
    },
    {
      "Target": "PartOpacity",
      "Id": "Part17",
      "Segments": [
        0,
        0,
        0,
        1.77,
        0
      ]
    },
    {
      "Target": "PartOpacity",
      "Id": "Part12",
      "Segments": [
        0,
        0,
        0,
        1.77,
        0
      ]
    },
    {
      "Target": "PartOpacity",
      "Id": "PARTS_01_ARM_L",
      "Segments": [
        0,
        1,
        0,
        1.77,
        1
      ]
    },
    {
      "Target": "PartOpacity",
      "Id": "Part4",
      "Segments": [
        0,
        1,
        0,
        1.77,
        1
      ]
    },
    {
      "Target": "PartOpacity",
      "Id": "Part6",
      "Segments": [
        0,
        0,
        0,
        1.77,
        0
      ]
    },
    {
      "Target": "PartOpacity",
      "Id": "PARTS_01_CORE",
      "Segments": [
        0,
        1,
        0,
        1.77,
        1
      ]
    }
  ],
  "UserData": [
    {
      "Time": 0.0,
      "Value": ""
    }
  ]
}