{
  "Version": 3,
  "Meta": {
    "Duration": 10.0,
    "Fps": 30.0,
    "Loop": true,
    "AreBeziersRestricted": true,
    "CurveCount": 86,
    "TotalSegmentCount": 347,
    "TotalPointCount": 573,
    "UserDataCount": 1,
    "TotalUserDataSize": 0
  },
  "Curves": [
    {
      "Target": "Parameter",
      "Id": "Breath",
      "Segments": [
        0,
        0,
        0,
        0.967,
        0.393,
        0,
        2,
        0,
        0,
        4.233,
        0.5,
        0,
        6.067,
        0,
        0,
        7.967,
        0.577,
        0,
        10,
        0
      ]
    },
    {
      "Target": "Parameter",
      "Id": "Body_Shaking",
      "Segments": [
        0,
        0,
        0,
        2,
        5,
        0,
        6,
        -5,
        0,
        10,
        5
      ]
    },
    {
      "Target": "Parameter",
      "Id": "BodyY",
      "Segments": [
        0,
        0,
        0,
        1.133,
        6.603,
        0,
        2,
        0,
        2,
        10,
        0
      ]
    },
    {
      "Target": "Parameter",
      "Id": "Body_Twist",
      "Segments": [
        0,
        -19,
        1,
        0.478,
        -19,
        0.955,
        -26.647,
        1.433,
        -28.444,
        1,
        1.622,
        -29.297,
        1.811,
        -30,
        2,
        -30,
        1,
        2.633,
        -30,
        3.267,
        -30,
        3.9,
        -29.394,
        1,
        4.522,
        -28.721,
        5.145,
        -21.727,
        5.767,
        -20.378,
        1,
        6.556,
        -19.344,
        7.344,
        -20.277,
        8.133,
        -21.466,
        1,
        8.755,
        -22.529,
        9.378,
        -30,
        10,
        -30
      ]
    },
    {
      "Target": "Parameter",
      "Id": "Body_Pose1",
      "Segments": [
        0,
        0,
        0,
        1.667,
        -30,
        2,
        2,
        -30,
        1,
        2.633,
        -30,
        3.267,
        -30.317,
        3.9,
        -29.018,
        1,
        4.767,
        -27.242,
        5.633,
        -19.42,
        6.5,
        -19.42,
        1,
        7.011,
        -19.42,
        7.522,
        -19.121,
        8.033,
        -20.805,
        1,
        8.689,
        -22.964,
        9.344,
        -30,
        10,
        -30
      ]
    },
    {
      "Target": "Parameter",
      "Id": "Waist_Roll",
      "Segments": [
        0,
        0,
        1,
        0.567,
        0,
        1.133,
        16.353,
        1.7,
        20.262,
        1,
        1.8,
        20.932,
        1.9,
        21.695,
        2,
        22.286,
        1,
        2.367,
        24.36,
        2.733,
        25.265,
        3.1,
        25.265,
        0,
        4.767,
        18.684,
        0,
        6.6,
        22.604,
        0,
        8.633,
        15.608,
        1,
        9.089,
        15.608,
        9.544,
        20.794,
        10,
        22.286
      ]
    },
    {
      "Target": "Parameter",
      "Id": "Ribbon_Shaking",
      "Segments": [
        0,
        0,
        0,
        1.1,
        6,
        0,
        2,
        -3,
        0,
        3.733,
        0.738,
        1,
        3.922,
        0.738,
        4.111,
        0.926,
        4.3,
        0,
        1,
        4.611,
        -1.525,
        4.922,
        -5,
        5.233,
        -5,
        0,
        6.3,
        7,
        0,
        7.167,
        -3,
        1,
        7.4,
        -3,
        7.634,
        -2.333,
        7.867,
        0,
        1,
        8.245,
        3.777,
        8.622,
        6.32,
        9,
        6.32,
        0,
        10,
        -3
      ]
    },
    {
      "Target": "Parameter",
      "Id": "Skirt_Shaking",
      "Segments": [
        0,
        0,
        0,
        0.833,
        10.646,
        1,
        1.222,
        10.646,
        1.611,
        6.149,
        2,
        -0.853,
        1,
        2.256,
        -5.454,
        2.511,
        -6.962,
        2.767,
        -6.962,
        0,
        4.567,
        6.71,
        0,
        6.733,
        -4.293,
        0,
        8.567,
        9.503,
        1,
        9.045,
        9.503,
        9.522,
        3.772,
        10,
        -0.853
      ]
    },
    {
      "Target": "Parameter",
      "Id": "Head_AngleX",
      "Segments": [
        0,
        0,
        0,
        1.333,
        -30,
        2,
        2,
        -30,
        2,
        3.333,
        -30,
        1,
        3.922,
        -30,
        4.511,
        -20.116,
        5.1,
        -19.258,
        1,
        5.867,
        -17.929,
        6.633,
        -18.256,
        7.4,
        -18.256,
        1,
        8.267,
        -18.355,
        9.133,
        -30,
        10,
        -30
      ]
    },
    {
      "Target": "Parameter",
      "Id": "Head_AngleY",
      "Segments": [
        0,
        -9,
        1,
        0.444,
        -9,
        0.889,
        -8.18,
        1.333,
        -6,
        1,
        1.555,
        -4.91,
        1.778,
        -3.386,
        2,
        -2.011,
        1,
        2.278,
        -0.293,
        2.555,
        0.64,
        2.833,
        0.64,
        1,
        3.244,
        0.64,
        3.656,
        0.572,
        4.067,
        -1.6,
        1,
        4.7,
        -5.555,
        5.334,
        -12.906,
        5.967,
        -12.906,
        1,
        6.422,
        -12.861,
        6.878,
        -2.238,
        7.333,
        0.038,
        1,
        7.678,
        1.669,
        8.022,
        2.058,
        8.367,
        -0.9,
        1,
        8.634,
        -4.249,
        8.9,
        -8.005,
        9.167,
        -8.005,
        1,
        9.445,
        -8.005,
        9.722,
        -3.354,
        10,
        -2.011
      ]
    },
    {
      "Target": "Parameter",
      "Id": "Head_Roll",
      "Segments": [
        0,
        -7,
        0,
        0.7,
        -3.169,
        1,
        1.133,
        -3.169,
        1.567,
        -20.936,
        2,
        -26.006,
        1,
        2.311,
        -30,
        2.622,
        -29.371,
        2.933,
        -29.371,
        1,
        3.544,
        -29.308,
        4.156,
        -17.051,
        4.767,
        -17.051,
        1,
        5.4,
        -17.051,
        6.034,
        -18.607,
        6.667,
        -18.512,
        1,
        7.222,
        -18.353,
        7.778,
        -13.653,
        8.333,
        -14.892,
        1,
        8.889,
        -16.003,
        9.444,
        -20.83,
        10,
        -26.006
      ]
    },
    {
      "Target": "Parameter",
      "Id": "HeadY",
      "Segments": [
        0,
        0,
        0,
        1.333,
        30,
        2,
        2,
        30,
        2,
        10,
        30
      ]
    },
    {
      "Target": "Parameter",
      "Id": "EyeBallX",
      "Segments": [
        0,
        0,
        0,
        1.333,
        0.6,
        2,
        2,
        0.6,
        2,
        3.333,
        0.6,
        0,
        5.1,
        0.406,
        2,
        7.867,
        0.406,
        0,
        10,
        0.6
      ]
    },
    {
      "Target": "Parameter",
      "Id": "EyeBallY",
      "Segments": [
        0,
        0,
        0,
        1.333,
        -0.1,
        2,
        2,
        -0.1,
        2,
        3.333,
        -0.1,
        0,
        5.1,
        -0.076,
        2,
        7.867,
        -0.076,
        0,
        10,
        -0.1
      ]
    },
    {
      "Target": "Parameter",
      "Id": "BrowRY",
      "Segments": [
        0,
        0,
        2,
        0.667,
        0,
        2,
        2,
        0,
        0,
        4.4,
        0.3,
        1,
        5.2,
        0.3,
        6,
        0.309,
        6.8,
        0.274,
        1,
        7.867,
        0.228,
        8.933,
        0,
        10,
        0
      ]
    },
    {
      "Target": "Parameter",
      "Id": "BrowLY",
      "Segments": [
        0,
        0,
        2,
        0.667,
        0,
        2,
        2,
        0,
        0,
        4.4,
        0.3,
        1,
        5.2,
        0.3,
        6,
        0.309,
        6.8,
        0.274,
        1,
        7.867,
        0.228,
        8.933,
        0,
        10,
        0
      ]
    },
    {
      "Target": "Parameter",
      "Id": "BrowR_Angle",
      "Segments": [
        0,
        0,
        0,
        0.667,
        -0.2,
        2,
        2,
        -0.2,
        2,
        10,
        -0.2
      ]
    },
    {
      "Target": "Parameter",
      "Id": "BrowL_Angle",
      "Segments": [
        0,
        0,
        0,
        0.667,
        -0.3,
        2,
        2,
        -0.3,
        2,
        10,
        -0.3
      ]
    },
    {
      "Target": "Parameter",
      "Id": "EyeR_Smile",
      "Segments": [
        0,
        0,
        2,
        0.267,
        0,
        2,
        0.367,
        0,
        0,
        0.667,
        -1,
        2,
        2,
        -1,
        2,
        10,
        -1
      ]
    },
    {
      "Target": "Parameter",
      "Id": "EyeL_Smile",
      "Segments": [
        0,
        0,
        2,
        0.267,
        0,
        2,
        0.367,
        0,
        0,
        0.667,
        -1,
        2,
        2,
        -1,
        2,
        10,
        -1
      ]
    },
    {
      "Target": "Parameter",
      "Id": "Mouth_Form",
      "Segments": [
        0,
        0,
        2,
        0.4,
        0,
        0,
        1.4,
        -26.502,
        2,
        2,
        -26.502,
        2,
        10,
        -26.502
      ]
    },
    {
      "Target": "Parameter",
      "Id": "Mouth_Form2",
      "Segments": [
        0,
        0,
        2,
        0.4,
        0,
        0,
        1.333,
        1,
        2,
        2,
        1,
        2,
        3.433,
        1,
        0,
        5.767,
        0.709,
        2,
        8.1,
        0.709,
        0,
        10,
        1
      ]
    },
    {
      "Target": "Parameter",
      "Id": "HairFront_Shaking",
      "Segments": [
        0,
        0,
        0,
        0.9,
        0.411,
        1,
        1.267,
        0.411,
        1.633,
        0.24,
        2,
        -0.034,
        1,
        2.256,
        -0.225,
        2.511,
        -0.293,
        2.767,
        -0.293,
        0,
        3.833,
        0.319,
        0,
        5,
        -0.238,
        0,
        6.2,
        0.28,
        0,
        7.7,
        -0.238,
        0,
        9.3,
        0.28,
        1,
        9.533,
        0.28,
        9.767,
        0.095,
        10,
        -0.034
      ]
    },
    {
      "Target": "Parameter",
      "Id": "HairBack_Shaking",
      "Segments": [
        0,
        0,
        0,
        1.067,
        -0.189,
        1,
        1.378,
        -0.189,
        1.689,
        -0.143,
        2,
        0.129,
        1,
        2.2,
        0.304,
        2.4,
        0.598,
        2.6,
        0.598,
        0,
        4.167,
        -0.243,
        0,
        5.367,
        0.657,
        0,
        6.933,
        -0.189,
        0,
        8.167,
        0.618,
        0,
        9.267,
        -0.231,
        1,
        9.511,
        -0.231,
        9.756,
        0.013,
        10,
        0.129
      ]
    },
    {
      "Target": "Parameter",
      "Id": "HairSideR_Shaking",
      "Segments": [
        0,
        0,
        0,
        0.9,
        0.5,
        0,
        2,
        -0.274,
        0,
        3.367,
        0.222,
        0,
        4.767,
        -0.19,
        0,
        6,
        0.463,
        0,
        7.467,
        -0.27,
        0,
        8.733,
        0.413,
        0,
        10,
        -0.274
      ]
    },
    {
      "Target": "Parameter",
      "Id": "HairSideL_Shaking",
      "Segments": [
        0,
        0,
        0,
        0.9,
        0.3,
        1,
        1.067,
        0.3,
        1.233,
        0.158,
        1.4,
        0,
        1,
        1.6,
        -0.19,
        1.8,
        -0.243,
        2,
        -0.243,
        0,
        3.367,
        0.265,
        0,
        4.8,
        -0.16,
        0,
        6.033,
        0.439,
        0,
        7.467,
        -0.238,
        0,
        8.733,
        0.36,
        0,
        10,
        -0.242
      ]
    },
    {
      "Target": "Parameter",
      "Id": "ShoulderRY",
      "Segments": [
        0,
        10,
        0,
        1.067,
        17,
        2,
        1.6,
        17,
        1,
        1.733,
        17,
        1.867,
        16.852,
        2,
        16.333,
        1,
        2.667,
        11.897,
        3.333,
        8,
        4,
        8,
        1,
        4.967,
        8,
        5.933,
        8.048,
        6.9,
        8.989,
        1,
        7.422,
        9.497,
        7.945,
        15.154,
        8.467,
        16.323,
        1,
        8.822,
        17.119,
        9.178,
        17,
        9.533,
        17,
        1,
        9.689,
        17,
        9.844,
        16.9,
        10,
        16.333
      ]
    },
    {
      "Target": "Parameter",
      "Id": "ShoulderLY",
      "Segments": [
        0,
        -12,
        0,
        0.533,
        13,
        2,
        2,
        13,
        2,
        3.8,
        13,
        0,
        5.267,
        25.195,
        1,
        5.845,
        25.195,
        6.422,
        25.028,
        7,
        23.269,
        1,
        7.667,
        21.239,
        8.333,
        16.693,
        9,
        14.292,
        1,
        9.333,
        13.091,
        9.667,
        13,
        10,
        13
      ]
    },
    {
      "Target": "Parameter",
      "Id": "ShoulderR_Roll",
      "Segments": [
        0,
        0,
        0,
        0.2,
        -1.749,
        1,
        0.356,
        -6.432,
        0.511,
        -14.511,
        0.667,
        -16.26,
        1,
        0.889,
        -18.716,
        1.111,
        -20.32,
        1.333,
        -20.32,
        1,
        1.555,
        -20.32,
        1.778,
        -18.641,
        2,
        -18.349,
        1,
        2.867,
        -18.082,
        3.733,
        -17.31,
        4.6,
        -16.26,
        1,
        5.178,
        -15.635,
        5.755,
        -13.546,
        6.333,
        -13.339,
        1,
        6.866,
        -13.236,
        7.4,
        -13.684,
        7.933,
        -14.139,
        1,
        8.622,
        -14.869,
        9.311,
        -18.592,
        10,
        -18.349
      ]
    },
    {
      "Target": "Parameter",
      "Id": "ShoulderL_Roll",
      "Segments": [
        0,
        18,
        2,
        0.333,
        18,
        1,
        0.633,
        16.937,
        0.933,
        4.322,
        1.233,
        1.48,
        1,
        1.489,
        -0.375,
        1.744,
        -0.627,
        2,
        -0.636,
        1,
        2.378,
        -0.636,
        2.755,
        -0.582,
        3.133,
        -0.396,
        1,
        3.644,
        -0.038,
        4.156,
        0.645,
        4.667,
        0.645,
        0,
        6.6,
        -0.286,
        0,
        8.3,
        0.732,
        0,
        10,
        -0.636
      ]
    },
    {
      "Target": "Parameter",
      "Id": "ArmR_Roll",
      "Segments": [
        0,
        0,
        0,
        0.2,
        -1.482,
        1,
        0.444,
        -1.482,
        0.689,
        28.964,
        0.933,
        36.327,
        1,
        1.022,
        38.684,
        1.111,
        40,
        1.2,
        40,
        1,
        1.367,
        40,
        1.533,
        39.097,
        1.7,
        38.535,
        1,
        1.8,
        38.163,
        1.9,
        37.866,
        2,
        37.84,
        1,
        2.3,
        37.762,
        2.6,
        37.75,
        2.9,
        37.75,
        0,
        4.867,
        38.535,
        0,
        7.267,
        38.108,
        0,
        9.133,
        38.255,
        0,
        10,
        37.84
      ]
    },
    {
      "Target": "Parameter",
      "Id": "ArmL_Roll",
      "Segments": [
        0,
        -18,
        2,
        0.333,
        -18,
        1,
        0.6,
        -18,
        0.866,
        -3.657,
        1.133,
        -0.025,
        1,
        1.333,
        2.616,
        1.533,
        3.047,
        1.733,
        3.079,
        1,
        1.822,
        3.098,
        1.911,
        3.124,
        2,
        3.139,
        1,
        2.422,
        3.352,
        2.845,
        3.459,
        3.267,
        3.459,
        0,
        4.9,
        1.998,
        0,
        6.5,
        2.768,
        0,
        8.367,
        1.625,
        1,
        8.911,
        1.625,
        9.456,
        2.87,
        10,
        3.139
      ]
    },
    {
      "Target": "Parameter",
      "Id": "ShoulderL_Scale",
      "Segments": [
        0,
        -0.6,
        2,
        0.333,
        -0.6,
        1,
        0.466,
        -0.6,
        0.6,
        -0.555,
        0.733,
        -0.525,
        1,
        0.933,
        -0.479,
        1.133,
        -0.431,
        1.333,
        -0.416,
        1,
        1.555,
        -0.4,
        1.778,
        -0.4,
        2,
        -0.4,
        2,
        10,
        -0.4
      ]
    },
    {
      "Target": "Parameter",
      "Id": "ArmL_Scale",
      "Segments": [
        0,
        -0.7,
        2,
        0.333,
        -0.7,
        1,
        0.466,
        -0.7,
        0.6,
        -0.537,
        0.733,
        -0.437,
        1,
        0.944,
        -0.279,
        1.156,
        -0.129,
        1.367,
        -0.065,
        1,
        1.578,
        -0.001,
        1.789,
        0,
        2,
        0,
        2,
        10,
        0
      ]
    },
    {
      "Target": "Parameter",
      "Id": "ShoulderR_Scale",
      "Segments": [
        0,
        0,
        1,
        0.089,
        0,
        0.178,
        -0.086,
        0.267,
        -0.376,
        1,
        0.378,
        -0.739,
        0.489,
        -1,
        0.6,
        -1,
        2,
        2,
        -1,
        2,
        10,
        -1
      ]
    },
    {
      "Target": "Parameter",
      "Id": "ArmR_Scale",
      "Segments": [
        0,
        0,
        0,
        0.5,
        -1,
        0,
        1.033,
        -0.6,
        2,
        1.6,
        -0.6,
        1,
        1.733,
        -0.6,
        1.867,
        -0.6,
        2,
        -0.612,
        1,
        2.744,
        -0.709,
        3.489,
        -0.795,
        4.233,
        -0.795,
        0,
        9.567,
        -0.586,
        1,
        9.711,
        -0.586,
        9.856,
        -0.589,
        10,
        -0.612
      ]
    },
    {
      "Target": "Parameter",
      "Id": "HandR_Roll",
      "Segments": [
        0,
        0,
        0,
        0.4,
        1,
        0,
        0.7,
        -22,
        0,
        1.333,
        9.296,
        1,
        1.555,
        9.296,
        1.778,
        3.544,
        2,
        1,
        1,
        2.178,
        -0.666,
        2.355,
        -1.394,
        2.533,
        -1.878,
        1,
        3,
        -2.757,
        3.466,
        -2.848,
        3.933,
        -2.757,
        1,
        4.533,
        -2.666,
        5.133,
        -2.484,
        5.733,
        -1.878,
        1,
        6.311,
        -1.333,
        6.889,
        0.273,
        7.467,
        1.727,
        1,
        8.045,
        3.127,
        8.622,
        4.241,
        9.2,
        4.241,
        1,
        9.467,
        4.241,
        9.733,
        3.181,
        10,
        1
      ]
    },
    {
      "Target": "Parameter",
      "Id": "HandL_Roll",
      "Segments": [
        0,
        30,
        0,
        0.867,
        1.643,
        1,
        1.111,
        0.036,
        1.356,
        -0.146,
        1.6,
        -0.146,
        1,
        1.733,
        -0.146,
        1.867,
        -0.143,
        2,
        -0.081,
        1,
        2.567,
        0.107,
        3.133,
        0.429,
        3.7,
        2,
        1,
        4.167,
        3.429,
        4.633,
        7.359,
        5.1,
        7.359,
        0,
        6.933,
        3.001,
        0,
        8.133,
        4.144,
        0,
        9.367,
        -0.186,
        1,
        9.578,
        -0.186,
        9.789,
        -0.143,
        10,
        -0.081
      ]
    },
    {
      "Target": "PartOpacity",
      "Id": "Part12",
      "Segments": [
        0,
        1,
        2,
        2,
        1,
        2,
        10,
        1
      ]
    },
    {
      "Target": "PartOpacity",
      "Id": "Part13",
      "Segments": [
        0,
        1,
        2,
        2,
        1,
        2,
        10,
        1
      ]
    },
    {
      "Target": "PartOpacity",
      "Id": "Part14",
      "Segments": [
        0,
        1,
        2,
        2,
        1,
        2,
        10,
        1
      ]
    },
    {
      "Target": "PartOpacity",
      "Id": "Part15",
      "Segments": [
        0,
        1,
        2,
        2,
        1,
        2,
        10,
        1
      ]
    },
    {
      "Target": "PartOpacity",
      "Id": "Part16",
      "Segments": [
        0,
        1,
        2,
        2,
        1,
        2,
        10,
        1
      ]
    },
    {
      "Target": "PartOpacity",
      "Id": "Part18",
      "Segments": [
        0,
        1,
        2,
        2,
        1,
        2,
        10,
        1
      ]
    },
    {
      "Target": "PartOpacity",
      "Id": "Part19",
      "Segments": [
        0,
        1,
        2,
        2,
        1,
        2,
        10,
        1
      ]
    },
    {
      "Target": "PartOpacity",
      "Id": "Part17",
      "Segments": [
        0,
        1,
        2,
        2,
        1,
        2,
        10,
        1
      ]
    },
    {
      "Target": "PartOpacity",
      "Id": "Part24",
      "Segments": [
        0,
        0,
        2,
        2,
        0,
        2,
        10,
        0
      ]
    },
    {
      "Target": "PartOpacity",
      "Id": "Part20",
      "Segments": [
        0,
        1,
        2,
        2,
        1,
        2,
        10,
        1
      ]
    },
    {
      "Target": "PartOpacity",
      "Id": "Part33",
      "Segments": [
        0,
        0,
        2,
        0.3,
        0,
        1,
        0.31,
        0,
        0.32,
        0.17,
        0.33,
        0.5,
        1,
        0.343,
        0.83,
        0.357,
        1,
        0.37,
        1,
        2,
        1.83,
        1,
        2,
        2,
        1,
        2,
        10,
        1
      ]
    },
    {
      "Target": "PartOpacity",
      "Id": "Part26",
      "Segments": [
        0,
        0,
        2,
        2,
        0,
        2,
        10,
        0
      ]
    },
    {
      "Target": "PartOpacity",
      "Id": "Part27",
      "Segments": [
        0,
        0,
        2,
        0.3,
        0,
        1,
        0.31,
        0,
        0.32,
        0.78,
        0.33,
        0.9,
        1,
        0.343,
        1.02,
        0.357,
        1,
        0.37,
        1,
        2,
        0.8,
        1,
        1,
        0.81,
        1,
        0.82,
        0.72,
        0.83,
        0.4,
        1,
        0.843,
        0.08,
        0.857,
        0,
        0.87,
        0,
        2,
        2,
        0,
        2,
        10,
        0
      ]
    },
    {
      "Target": "PartOpacity",
      "Id": "Part52",
      "Segments": [
        0,
        0,
        2,
        0.8,
        0,
        1,
        0.81,
        0,
        0.82,
        0.59,
        0.83,
        0.8,
        1,
        0.843,
        1.01,
        0.857,
        1,
        0.87,
        1,
        2,
        2,
        1,
        2,
        10,
        1
      ]
    },
    {
      "Target": "PartOpacity",
      "Id": "Part2",
      "Segments": [
        0,
        1,
        2,
        2,
        1,
        2,
        10,
        1
      ]
    },
    {
      "Target": "PartOpacity",
      "Id": "Part3",
      "Segments": [
        0,
        1,
        2,
        2,
        1,
        2,
        10,
        1
      ]
    },
    {
      "Target": "PartOpacity",
      "Id": "Part22",
      "Segments": [
        0,
        1,
        2,
        2,
        1,
        2,
        10,
        1
      ]
    },
    {
      "Target": "PartOpacity",
      "Id": "Part4",
      "Segments": [
        0,
        1,
        2,
        2,
        1,
        2,
        10,
        1
      ]
    },
    {
      "Target": "PartOpacity",
      "Id": "Part5",
      "Segments": [
        0,
        1,
        2,
        2,
        1,
        2,
        10,
        1
      ]
    },
    {
      "Target": "PartOpacity",
      "Id": "Part7",
      "Segments": [
        0,
        1,
        2,
        0.43,
        1,
        2,
        0.47,
        0.5,
        1,
        0.48,
        0.17,
        0.49,
        0,
        0.5,
        0,
        2,
        2,
        0,
        2,
        10,
        0
      ]
    },
    {
      "Target": "PartOpacity",
      "Id": "HandL2",
      "Segments": [
        0,
        0,
        2,
        2,
        0,
        2,
        10,
        0
      ]
    },
    {
      "Target": "PartOpacity",
      "Id": "Part21",
      "Segments": [
        0,
        0,
        2,
        2,
        0,
        2,
        10,
        0
      ]
    },
    {
      "Target": "PartOpacity",
      "Id": "Part23",
      "Segments": [
        0,
        1,
        2,
        2,
        1,
        2,
        10,
        1
      ]
    },
    {
      "Target": "PartOpacity",
      "Id": "Part6",
      "Segments": [
        0,
        0,
        2,
        0.47,
        1,
        2,
        0.5,
        1,
        2,
        2,
        1,
        2,
        10,
        1
      ]
    },
    {
      "Target": "PartOpacity",
      "Id": "HandL1",
      "Segments": [
        0,
        1,
        2,
        2,
        1,
        2,
        10,
        1
      ]
    },
    {
      "Target": "PartOpacity",
      "Id": "Part8",
      "Segments": [
        0,
        1,
        2,
        2,
        1,
        2,
        10,
        1
      ]
    },
    {
      "Target": "PartOpacity",
      "Id": "Part10",
      "Segments": [
        0,
        1,
        2,
        0.33,
        1,
        2,
        0.37,
        0.5,
        2,
        0.4,
        0,
        2,
        1.07,
        0,
        2,
        2,
        0,
        2,
        10,
        0
      ]
    },
    {
      "Target": "PartOpacity",
      "Id": "Part11",
      "Segments": [
        0,
        1,
        2,
        2,
        1,
        2,
        10,
        1
      ]
    },
    {
      "Target": "PartOpacity",
      "Id": "Part30",
      "Segments": [
        0,
        1,
        2,
        2,
        1,
        2,
        10,
        1
      ]
    },
    {
      "Target": "Model",
      "Id": "Opacity",
      "Segments": [
        0,
        1,
        0,
        10,
        1
      ]
    },
    {
      "Target": "Parameter",
      "Id": "Shoulder_Move",
      "Segments": [
        0,
        0,
        0,
        10,
        0
      ]
    },
    {
      "Target": "Parameter",
      "Id": "Arm_Form",
      "Segments": [
        0,
        0,
        0,
        10,
        0
      ]
    },
    {
      "Target": "Parameter",
      "Id": "Key_Shaking",
      "Segments": [
        0,
        0,
        0,
        10,
        0
      ]
    },
    {
      "Target": "Parameter",
      "Id": "All_Position",
      "Segments": [
        0,
        0,
        0,
        10,
        0
      ]
    },
    {
      "Target": "Parameter",
      "Id": "BrowR_Form",
      "Segments": [
        0,
        0,
        0,
        10,
        0
      ]
    },
    {
      "Target": "Parameter",
      "Id": "BrowL_Form",
      "Segments": [
        0,
        0,
        0,
        10,
        0
      ]
    },
    {
      "Target": "Parameter",
      "Id": "BrowR_Form2",
      "Segments": [
        0,
        0,
        0,
        10,
        0
      ]
    },
    {
      "Target": "Parameter",
      "Id": "BrowL_Form2",
      "Segments": [
        0,
        0,
        0,
        10,
        0
      ]
    },
    {
      "Target": "Parameter",
      "Id": "EyeBall_Size",
      "Segments": [
        0,
        0,
        0,
        10,
        0
      ]
    },
    {
      "Target": "Parameter",
      "Id": "EyeR_Open",
      "Segments": [
        0,
        1,
        0,
        10,
        1
      ]
    },
    {
      "Target": "Parameter",
      "Id": "EyeL_Open",
      "Segments": [
        0,
        1,
        0,
        10,
        1
      ]
    },
    {
      "Target": "Parameter",
      "Id": "MouthForm2",
      "Segments": [
        0,
        0,
        0,
        10,
        0
      ]
    },
    {
      "Target": "Parameter",
      "Id": "Mouth_Open",
      "Segments": [
        0,
        1,
        0,
        10,
        1
      ]
    },
    {
      "Target": "Parameter",
      "Id": "Mouth_Size",
      "Segments": [
        0,
        0.5,
        0,
        10,
        0.5
      ]
    },
    {
      "Target": "Parameter",
      "Id": "HandR03_Move",
      "Segments": [
        0,
        0,
        0,
        10,
        0
      ]
    },
    {
      "Target": "Parameter",
      "Id": "HandR03_move",
      "Segments": [
        0,
        0,
        0,
        10,
        0
      ]
    },
    {
      "Target": "Parameter",
      "Id": "HandL_02_Move",
      "Segments": [
        0,
        0,
        0,
        10,
        0
      ]
    },
    {
      "Target": "PartOpacity",
      "Id": "Part29",
      "Segments": [
        0,
        1,
        0,
        10,
        1
      ]
    }
  ],
  "UserData": [
    {
      "Time": 0.0,
      "Value": ""
    }
  ]
}