{
  "Version": 3,
  "Meta": {
    "Duration": 1.833,
    "Fps": 30.0,
    "Loop": true,
    "AreBeziersRestricted": true,
    "CurveCount": 86,
    "TotalSegmentCount": 172,
    "TotalPointCount": 316,
    "UserDataCount": 1,
    "TotalUserDataSize": 0
  },
  "Curves": [
    {
      "Target": "Parameter",
      "Id": "Breath",
      "Segments": [
        0,
        0.031,
        1,
        0.267,
        0.124,
        0.533,
        0.393,
        0.8,
        0.393,
        0,
        1.833,
        0
      ]
    },
    {
      "Target": "Parameter",
      "Id": "Body_Shaking",
      "Segments": [
        0,
        0.098,
        1,
        0.611,
        0.799,
        1.222,
        5,
        1.833,
        5
      ]
    },
    {
      "Target": "Parameter",
      "Id": "BodyY",
      "Segments": [
        0,
        0.386,
        1,
        0.322,
        1.799,
        0.645,
        6.603,
        0.967,
        6.603,
        0,
        1.833,
        0
      ]
    },
    {
      "Target": "Parameter",
      "Id": "Body_Twist",
      "Segments": [
        0,
        -19.289,
        1,
        0.422,
        -20.699,
        0.845,
        -26.856,
        1.267,
        -28.444,
        1,
        1.456,
        -29.297,
        1.644,
        -30,
        1.833,
        -30
      ]
    },
    {
      "Target": "Parameter",
      "Id": "Body_Pose1",
      "Segments": [
        0,
        -0.84,
        1,
        0.5,
        -5.7,
        1,
        -30,
        1.5,
        -30,
        2,
        1.833,
        -30
      ]
    },
    {
      "Target": "Parameter",
      "Id": "Waist_Roll",
      "Segments": [
        0,
        0.444,
        1,
        0.511,
        3.087,
        1.022,
        16.737,
        1.533,
        20.262,
        1,
        1.633,
        20.932,
        1.733,
        21.695,
        1.833,
        22.286
      ]
    },
    {
      "Target": "Parameter",
      "Id": "Ribbon_Shaking",
      "Segments": [
        0,
        0.371,
        1,
        0.311,
        1.68,
        0.622,
        6,
        0.933,
        6,
        0,
        1.833,
        -3
      ]
    },
    {
      "Target": "Parameter",
      "Id": "Skirt_Shaking",
      "Segments": [
        0,
        1.107,
        1,
        0.222,
        3.833,
        0.445,
        10.646,
        0.667,
        10.646,
        1,
        1.056,
        10.646,
        1.444,
        6.149,
        1.833,
        -0.853
      ]
    },
    {
      "Target": "Parameter",
      "Id": "Head_AngleX",
      "Segments": [
        0,
        -1.289,
        1,
        0.389,
        -7.031,
        0.778,
        -30,
        1.167,
        -30,
        2,
        1.833,
        -30
      ]
    },
    {
      "Target": "Parameter",
      "Id": "Head_AngleY",
      "Segments": [
        0,
        -8.96,
        1,
        0.389,
        -8.774,
        0.778,
        -7.907,
        1.167,
        -6,
        1,
        1.389,
        -4.91,
        1.611,
        -3.386,
        1.833,
        -2.011
      ]
    },
    {
      "Target": "Parameter",
      "Id": "Head_Roll",
      "Segments": [
        0,
        -6.452,
        1,
        0.178,
        -5.393,
        0.355,
        -3.169,
        0.533,
        -3.169,
        1,
        0.966,
        -3.169,
        1.4,
        -20.936,
        1.833,
        -26.006
      ]
    },
    {
      "Target": "Parameter",
      "Id": "HeadY",
      "Segments": [
        0,
        1.289,
        1,
        0.389,
        7.031,
        0.778,
        30,
        1.167,
        30,
        2,
        1.833,
        30
      ]
    },
    {
      "Target": "Parameter",
      "Id": "EyeBallX",
      "Segments": [
        0,
        0.026,
        1,
        0.389,
        0.141,
        0.778,
        0.6,
        1.167,
        0.6,
        2,
        1.833,
        0.6
      ]
    },
    {
      "Target": "Parameter",
      "Id": "EyeBallY",
      "Segments": [
        0,
        -0.004,
        1,
        0.389,
        -0.023,
        0.778,
        -0.1,
        1.167,
        -0.1,
        2,
        1.833,
        -0.1
      ]
    },
    {
      "Target": "Parameter",
      "Id": "BrowR_Angle",
      "Segments": [
        0,
        -0.031,
        1,
        0.167,
        -0.088,
        0.333,
        -0.2,
        0.5,
        -0.2,
        2,
        1.833,
        -0.2
      ]
    },
    {
      "Target": "Parameter",
      "Id": "BrowL_Angle",
      "Segments": [
        0,
        -0.047,
        1,
        0.167,
        -0.131,
        0.333,
        -0.3,
        0.5,
        -0.3,
        2,
        1.833,
        -0.3
      ]
    },
    {
      "Target": "Parameter",
      "Id": "EyeR_Open",
      "Segments": [
        0,
        0.984,
        1,
        0.167,
        0.956,
        0.333,
        0.9,
        0.5,
        0.9,
        2,
        1.833,
        0.9
      ]
    },
    {
      "Target": "Parameter",
      "Id": "EyeL_Open",
      "Segments": [
        0,
        0.984,
        1,
        0.167,
        0.956,
        0.333,
        0.9,
        0.5,
        0.9,
        2,
        1.833,
        0.9
      ]
    },
    {
      "Target": "Parameter",
      "Id": "EyeR_Smile",
      "Segments": [
        0,
        0,
        2,
        0.1,
        0,
        2,
        0.2,
        0,
        0,
        0.5,
        -1,
        2,
        1.833,
        -1
      ]
    },
    {
      "Target": "Parameter",
      "Id": "EyeL_Smile",
      "Segments": [
        0,
        0,
        2,
        0.1,
        0,
        2,
        0.2,
        0,
        0,
        0.5,
        -1,
        2,
        1.833,
        -1
      ]
    },
    {
      "Target": "Parameter",
      "Id": "Mouth_Form",
      "Segments": [
        0,
        0,
        2,
        0.233,
        0,
        0,
        1.233,
        -26.502,
        2,
        1.833,
        -26.502
      ]
    },
    {
      "Target": "Parameter",
      "Id": "Mouth_Form2",
      "Segments": [
        0,
        0,
        2,
        0.233,
        0,
        0,
        1.167,
        1,
        2,
        1.833,
        1
      ]
    },
    {
      "Target": "Parameter",
      "Id": "HairFront_Shaking",
      "Segments": [
        0,
        0.037,
        1,
        0.244,
        0.138,
        0.489,
        0.411,
        0.733,
        0.411,
        1,
        1.1,
        0.411,
        1.466,
        0.24,
        1.833,
        -0.034
      ]
    },
    {
      "Target": "Parameter",
      "Id": "HairBack_Shaking",
      "Segments": [
        0,
        -0.012,
        1,
        0.3,
        -0.055,
        0.6,
        -0.189,
        0.9,
        -0.189,
        1,
        1.211,
        -0.189,
        1.522,
        -0.143,
        1.833,
        0.129
      ]
    },
    {
      "Target": "Parameter",
      "Id": "HairSideR_Shaking",
      "Segments": [
        0,
        0.045,
        1,
        0.244,
        0.168,
        0.489,
        0.5,
        0.733,
        0.5,
        0,
        1.833,
        -0.274
      ]
    },
    {
      "Target": "Parameter",
      "Id": "HairSideL_Shaking",
      "Segments": [
        0,
        0.027,
        1,
        0.244,
        0.101,
        0.489,
        0.3,
        0.733,
        0.3,
        1,
        0.9,
        0.3,
        1.066,
        0.158,
        1.233,
        0,
        1,
        1.433,
        -0.19,
        1.633,
        -0.243,
        1.833,
        -0.243
      ]
    },
    {
      "Target": "Parameter",
      "Id": "ShoulderRY",
      "Segments": [
        0,
        10.459,
        1,
        0.3,
        12.017,
        0.6,
        17,
        0.9,
        17,
        2,
        1.433,
        17,
        1,
        1.566,
        17,
        1.7,
        16.852,
        1.833,
        16.333
      ]
    },
    {
      "Target": "Parameter",
      "Id": "ShoulderLY",
      "Segments": [
        0,
        -6.202,
        1,
        0.122,
        1.184,
        0.245,
        13,
        0.367,
        13,
        2,
        1.833,
        13
      ]
    },
    {
      "Target": "Parameter",
      "Id": "ShoulderR_Roll",
      "Segments": [
        0,
        -1.619,
        1,
        0.011,
        -1.7,
        0.022,
        -1.749,
        0.033,
        -1.749,
        1,
        0.189,
        -6.432,
        0.344,
        -14.511,
        0.5,
        -16.26,
        1,
        0.722,
        -18.716,
        0.945,
        -20.32,
        1.167,
        -20.32,
        1,
        1.389,
        -20.32,
        1.611,
        -18.641,
        1.833,
        -18.349
      ]
    },
    {
      "Target": "Parameter",
      "Id": "ShoulderL_Roll",
      "Segments": [
        0,
        18,
        2,
        0.167,
        18,
        1,
        0.467,
        16.937,
        0.767,
        4.322,
        1.067,
        1.48,
        1,
        1.322,
        -0.375,
        1.578,
        -0.627,
        1.833,
        -0.636
      ]
    },
    {
      "Target": "Parameter",
      "Id": "ArmR_Roll",
      "Segments": [
        0,
        -1.372,
        1,
        0.011,
        -1.441,
        0.022,
        -1.482,
        0.033,
        -1.482,
        1,
        0.278,
        -1.482,
        0.522,
        28.964,
        0.767,
        36.327,
        1,
        0.856,
        38.684,
        0.944,
        40,
        1.033,
        40,
        1,
        1.2,
        40,
        1.366,
        39.097,
        1.533,
        38.535,
        1,
        1.633,
        38.163,
        1.733,
        37.866,
        1.833,
        37.84
      ]
    },
    {
      "Target": "Parameter",
      "Id": "ArmL_Roll",
      "Segments": [
        0,
        -18,
        2,
        0.167,
        -18,
        1,
        0.434,
        -18,
        0.7,
        -3.657,
        0.967,
        -0.025,
        1,
        1.167,
        2.616,
        1.367,
        3.047,
        1.567,
        3.079,
        1,
        1.656,
        3.098,
        1.744,
        3.124,
        1.833,
        3.139
      ]
    },
    {
      "Target": "Parameter",
      "Id": "ShoulderL_Scale",
      "Segments": [
        0,
        -0.6,
        2,
        0.167,
        -0.6,
        1,
        0.3,
        -0.6,
        0.434,
        -0.555,
        0.567,
        -0.525,
        1,
        0.767,
        -0.479,
        0.967,
        -0.431,
        1.167,
        -0.416,
        1,
        1.389,
        -0.4,
        1.611,
        -0.4,
        1.833,
        -0.4
      ]
    },
    {
      "Target": "Parameter",
      "Id": "ArmL_Scale",
      "Segments": [
        0,
        -0.7,
        2,
        0.167,
        -0.7,
        1,
        0.3,
        -0.7,
        0.434,
        -0.537,
        0.567,
        -0.437,
        1,
        0.778,
        -0.279,
        0.989,
        -0.129,
        1.2,
        -0.065,
        1,
        1.411,
        -0.001,
        1.622,
        0,
        1.833,
        0
      ]
    },
    {
      "Target": "Parameter",
      "Id": "ShoulderR_Scale",
      "Segments": [
        0,
        -0.129,
        1,
        0.033,
        -0.187,
        0.067,
        -0.267,
        0.1,
        -0.376,
        1,
        0.211,
        -0.739,
        0.322,
        -1,
        0.433,
        -1,
        2,
        1.833,
        -1
      ]
    },
    {
      "Target": "Parameter",
      "Id": "ArmR_Scale",
      "Segments": [
        0,
        -0.259,
        1,
        0.111,
        -0.556,
        0.222,
        -1,
        0.333,
        -1,
        0,
        0.867,
        -0.6,
        2,
        1.433,
        -0.6,
        1,
        1.566,
        -0.6,
        1.7,
        -0.6,
        1.833,
        -0.612
      ]
    },
    {
      "Target": "Parameter",
      "Id": "HandR_Roll",
      "Segments": [
        0,
        0.376,
        1,
        0.078,
        0.66,
        0.155,
        1,
        0.233,
        1,
        0,
        0.533,
        -22,
        0,
        1.167,
        9.296,
        1,
        1.389,
        9.296,
        1.611,
        3.544,
        1.833,
        1
      ]
    },
    {
      "Target": "Parameter",
      "Id": "HandL_Roll",
      "Segments": [
        0,
        27.257,
        1,
        0.233,
        20.142,
        0.467,
        1.643,
        0.7,
        1.643,
        1,
        0.944,
        0.036,
        1.189,
        -0.146,
        1.433,
        -0.146,
        1,
        1.566,
        -0.146,
        1.7,
        -0.143,
        1.833,
        -0.081
      ]
    },
    {
      "Target": "PartOpacity",
      "Id": "Part12",
      "Segments": [
        0,
        1,
        2,
        1.83,
        1
      ]
    },
    {
      "Target": "PartOpacity",
      "Id": "Part13",
      "Segments": [
        0,
        1,
        2,
        1.83,
        1
      ]
    },
    {
      "Target": "PartOpacity",
      "Id": "Part14",
      "Segments": [
        0,
        1,
        2,
        1.83,
        1
      ]
    },
    {
      "Target": "PartOpacity",
      "Id": "Part15",
      "Segments": [
        0,
        1,
        2,
        1.83,
        1
      ]
    },
    {
      "Target": "PartOpacity",
      "Id": "Part16",
      "Segments": [
        0,
        1,
        2,
        1.83,
        1
      ]
    },
    {
      "Target": "PartOpacity",
      "Id": "Part18",
      "Segments": [
        0,
        1,
        2,
        1.83,
        1
      ]
    },
    {
      "Target": "PartOpacity",
      "Id": "Part19",
      "Segments": [
        0,
        1,
        2,
        1.83,
        1
      ]
    },
    {
      "Target": "PartOpacity",
      "Id": "Part17",
      "Segments": [
        0,
        1,
        2,
        1.83,
        1
      ]
    },
    {
      "Target": "PartOpacity",
      "Id": "Part24",
      "Segments": [
        0,
        0,
        2,
        1.83,
        0
      ]
    },
    {
      "Target": "PartOpacity",
      "Id": "Part20",
      "Segments": [
        0,
        1,
        2,
        1.83,
        1
      ]
    },
    {
      "Target": "PartOpacity",
      "Id": "Part33",
      "Segments": [
        0,
        0,
        2,
        0.13,
        0,
        1,
        0.143,
        0,
        0.157,
        0.17,
        0.17,
        0.5,
        1,
        0.18,
        0.83,
        0.19,
        1,
        0.2,
        1,
        2,
        1.67,
        1,
        2,
        1.83,
        1
      ]
    },
    {
      "Target": "PartOpacity",
      "Id": "Part26",
      "Segments": [
        0,
        0,
        2,
        1.83,
        0
      ]
    },
    {
      "Target": "PartOpacity",
      "Id": "Part27",
      "Segments": [
        0,
        0,
        2,
        0.13,
        0,
        1,
        0.143,
        0,
        0.157,
        0.78,
        0.17,
        0.9,
        1,
        0.18,
        1.02,
        0.19,
        1,
        0.2,
        1,
        2,
        0.63,
        1,
        1,
        0.643,
        1,
        0.657,
        0.72,
        0.67,
        0.4,
        1,
        0.68,
        0.08,
        0.69,
        0,
        0.7,
        0,
        2,
        1.83,
        0
      ]
    },
    {
      "Target": "PartOpacity",
      "Id": "Part52",
      "Segments": [
        0,
        0,
        2,
        0.63,
        0,
        1,
        0.643,
        0,
        0.657,
        0.59,
        0.67,
        0.8,
        1,
        0.68,
        1.01,
        0.69,
        1,
        0.7,
        1,
        2,
        1.83,
        1
      ]
    },
    {
      "Target": "PartOpacity",
      "Id": "Part2",
      "Segments": [
        0,
        1,
        2,
        1.83,
        1
      ]
    },
    {
      "Target": "PartOpacity",
      "Id": "Part3",
      "Segments": [
        0,
        1,
        2,
        1.83,
        1
      ]
    },
    {
      "Target": "PartOpacity",
      "Id": "Part22",
      "Segments": [
        0,
        1,
        2,
        1.83,
        1
      ]
    },
    {
      "Target": "PartOpacity",
      "Id": "Part4",
      "Segments": [
        0,
        1,
        2,
        1.83,
        1
      ]
    },
    {
      "Target": "PartOpacity",
      "Id": "Part5",
      "Segments": [
        0,
        1,
        2,
        1.83,
        1
      ]
    },
    {
      "Target": "PartOpacity",
      "Id": "Part7",
      "Segments": [
        0,
        1,
        2,
        0.27,
        1,
        2,
        0.3,
        0.5,
        1,
        0.31,
        0.17,
        0.32,
        0,
        0.33,
        0,
        2,
        1.83,
        0
      ]
    },
    {
      "Target": "PartOpacity",
      "Id": "HandL2",
      "Segments": [
        0,
        0,
        2,
        1.83,
        0
      ]
    },
    {
      "Target": "PartOpacity",
      "Id": "Part21",
      "Segments": [
        0,
        0,
        2,
        1.83,
        0
      ]
    },
    {
      "Target": "PartOpacity",
      "Id": "Part23",
      "Segments": [
        0,
        1,
        2,
        1.83,
        1
      ]
    },
    {
      "Target": "PartOpacity",
      "Id": "Part6",
      "Segments": [
        0,
        0,
        2,
        0.3,
        1,
        2,
        0.33,
        1,
        2,
        1.83,
        1
      ]
    },
    {
      "Target": "PartOpacity",
      "Id": "HandL1",
      "Segments": [
        0,
        1,
        2,
        1.83,
        1
      ]
    },
    {
      "Target": "PartOpacity",
      "Id": "Part8",
      "Segments": [
        0,
        1,
        2,
        1.83,
        1
      ]
    },
    {
      "Target": "PartOpacity",
      "Id": "Part10",
      "Segments": [
        0,
        1,
        2,
        0.17,
        1,
        2,
        0.2,
        0.5,
        2,
        0.23,
        0,
        2,
        0.9,
        0,
        2,
        1.83,
        0
      ]
    },
    {
      "Target": "PartOpacity",
      "Id": "Part29",
      "Segments": [
        0,
        1,
        2,
        1.83,
        1
      ]
    },
    {
      "Target": "PartOpacity",
      "Id": "Part11",
      "Segments": [
        0,
        1,
        2,
        1.83,
        1
      ]
    },
    {
      "Target": "PartOpacity",
      "Id": "Part30",
      "Segments": [
        0,
        1,
        2,
        1.83,
        1
      ]
    },
    {
      "Target": "Model",
      "Id": "Opacity",
      "Segments": [
        0,
        1,
        0,
        1.833,
        1
      ]
    },
    {
      "Target": "Parameter",
      "Id": "Shoulder_Move",
      "Segments": [
        0,
        0,
        0,
        1.833,
        0
      ]
    },
    {
      "Target": "Parameter",
      "Id": "Arm_Form",
      "Segments": [
        0,
        0,
        0,
        1.833,
        0
      ]
    },
    {
      "Target": "Parameter",
      "Id": "Key_Shaking",
      "Segments": [
        0,
        0,
        0,
        1.833,
        0
      ]
    },
    {
      "Target": "Parameter",
      "Id": "All_Position",
      "Segments": [
        0,
        0,
        0,
        1.833,
        0
      ]
    },
    {
      "Target": "Parameter",
      "Id": "BrowRY",
      "Segments": [
        0,
        0,
        0,
        1.833,
        0
      ]
    },
    {
      "Target": "Parameter",
      "Id": "BrowLY",
      "Segments": [
        0,
        0,
        0,
        1.833,
        0
      ]
    },
    {
      "Target": "Parameter",
      "Id": "BrowR_Form",
      "Segments": [
        0,
        0,
        0,
        1.833,
        0
      ]
    },
    {
      "Target": "Parameter",
      "Id": "BrowL_Form",
      "Segments": [
        0,
        0,
        0,
        1.833,
        0
      ]
    },
    {
      "Target": "Parameter",
      "Id": "BrowR_Form2",
      "Segments": [
        0,
        0,
        0,
        1.833,
        0
      ]
    },
    {
      "Target": "Parameter",
      "Id": "BrowL_Form2",
      "Segments": [
        0,
        0,
        0,
        1.833,
        0
      ]
    },
    {
      "Target": "Parameter",
      "Id": "EyeBall_Size",
      "Segments": [
        0,
        0,
        0,
        1.833,
        0
      ]
    },
    {
      "Target": "Parameter",
      "Id": "MouthForm2",
      "Segments": [
        0,
        0,
        0,
        1.833,
        0
      ]
    },
    {
      "Target": "Parameter",
      "Id": "Mouth_Open",
      "Segments": [
        0,
        1,
        0,
        1.833,
        1
      ]
    },
    {
      "Target": "Parameter",
      "Id": "Mouth_Size",
      "Segments": [
        0,
        0.5,
        0,
        1.833,
        0.5
      ]
    },
    {
      "Target": "Parameter",
      "Id": "HandR03_Move",
      "Segments": [
        0,
        0,
        0,
        1.833,
        0
      ]
    },
    {
      "Target": "Parameter",
      "Id": "HandR03_move",
      "Segments": [
        0,
        0,
        0,
        1.833,
        0
      ]
    },
    {
      "Target": "Parameter",
      "Id": "HandL_02_Move",
      "Segments": [
        0,
        0,
        0,
        1.833,
        0
      ]
    }
  ],
  "UserData": [
    {
      "Time": 0.0,
      "Value": ""
    }
  ]
}