{
  "Version": 3,
  "Meta": {
    "Duration": 1.333,
    "Fps": 30.0,
    "Loop": true,
    "AreBeziersRestricted": true,
    "CurveCount": 95,
    "TotalSegmentCount": 180,
    "TotalPointCount": 300,
    "UserDataCount": 1,
    "TotalUserDataSize": 0
  },
  "Curves": [
    {
      "Target": "Parameter",
      "Id": "EyeL_PSY",
      "Segments": [
        0,
        0,
        1,
        0.444,
        10,
        0.889,
        20,
        1.333,
        30
      ]
    },
    {
      "Target": "Parameter",
      "Id": "EyeR_PSY2",
      "Segments": [
        0,
        0,
        1,
        0.444,
        10,
        0.889,
        20,
        1.333,
        30
      ]
    },
    {
      "Target": "Parameter",
      "Id": "EyeR_PSY",
      "Segments": [
        0,
        0,
        1,
        0.444,
        10,
        0.889,
        20,
        1.333,
        30
      ]
    },
    {
      "Target": "Parameter",
      "Id": "EyeL_PSY2",
      "Segments": [
        0,
        0,
        1,
        0.444,
        10,
        0.889,
        20,
        1.333,
        30
      ]
    },
    {
      "Target": "Parameter",
      "Id": "PSY",
      "Segments": [
        0,
        0,
        0,
        1.333,
        0.5
      ]
    },
    {
      "Target": "Parameter",
      "Id": "BrowRY",
      "Segments": [
        0,
        0,
        1,
        0.444,
        0,
        0.889,
        0.284,
        1.333,
        0.3
      ]
    },
    {
      "Target": "Parameter",
      "Id": "BrowLY",
      "Segments": [
        0,
        0,
        0,
        1.333,
        0.3
      ]
    },
    {
      "Target": "Parameter",
      "Id": "BrowR_Angle",
      "Segments": [
        0,
        0,
        0,
        1.333,
        0.2
      ]
    },
    {
      "Target": "Parameter",
      "Id": "BrowL_Angle",
      "Segments": [
        0,
        0,
        0,
        1.333,
        0.2
      ]
    },
    {
      "Target": "Parameter",
      "Id": "EyeBallX",
      "Segments": [
        0,
        0,
        0,
        0.367,
        0.2,
        0,
        0.833,
        -0.128,
        0,
        1.333,
        -0.086
      ]
    },
    {
      "Target": "Parameter",
      "Id": "ParamEyeBallY",
      "Segments": [
        0,
        0,
        0,
        0.367,
        0.1,
        1,
        0.522,
        0.1,
        0.678,
        0.019,
        0.833,
        -0.142,
        1,
        1,
        -0.314,
        1.166,
        -0.4,
        1.333,
        -0.4
      ]
    },
    {
      "Target": "Parameter",
      "Id": "EyeR_Open",
      "Segments": [
        0,
        1,
        0,
        0.333,
        0,
        2,
        0.533,
        0,
        0,
        0.833,
        1,
        2,
        1.333,
        1
      ]
    },
    {
      "Target": "Parameter",
      "Id": "EyeL_Open",
      "Segments": [
        0,
        1,
        0,
        0.333,
        0,
        2,
        0.533,
        0,
        0,
        0.833,
        1,
        2,
        1.333,
        1
      ]
    },
    {
      "Target": "Parameter",
      "Id": "Mouth_Size",
      "Segments": [
        0,
        0.3,
        0,
        0.467,
        0.5,
        2,
        1.333,
        0.5
      ]
    },
    {
      "Target": "Parameter",
      "Id": "Breath",
      "Segments": [
        0,
        0,
        0,
        0.9,
        0.595,
        1,
        1.044,
        0.595,
        1.189,
        0.602,
        1.333,
        0.493
      ]
    },
    {
      "Target": "Parameter",
      "Id": "Body_Shaking",
      "Segments": [
        0,
        0,
        0,
        0.233,
        -4,
        0,
        1.333,
        1.841
      ]
    },
    {
      "Target": "Parameter",
      "Id": "BodyY",
      "Segments": [
        0,
        0,
        0,
        0.3,
        -13.417,
        0,
        1.333,
        6.021
      ]
    },
    {
      "Target": "Parameter",
      "Id": "Waist_Roll",
      "Segments": [
        0,
        0,
        0,
        0.233,
        -2,
        1,
        0.455,
        -2,
        0.678,
        3.563,
        0.9,
        4.722,
        1,
        1.044,
        5.552,
        1.189,
        6.249,
        1.333,
        6.378
      ]
    },
    {
      "Target": "Parameter",
      "Id": "Body_Twist",
      "Segments": [
        0,
        0,
        1,
        0.3,
        0,
        0.6,
        -13.991,
        0.9,
        -20.041,
        1,
        1.044,
        -21.958,
        1.189,
        -23.604,
        1.333,
        -24.75
      ]
    },
    {
      "Target": "Parameter",
      "Id": "Body_Pose1",
      "Segments": [
        0,
        0,
        0,
        0.333,
        -0.402,
        1,
        0.378,
        -0.401,
        0.422,
        -0.407,
        0.467,
        -0.351,
        1,
        0.611,
        0.064,
        0.756,
        0.794,
        0.9,
        0.815,
        0,
        1.333,
        0.795
      ]
    },
    {
      "Target": "Parameter",
      "Id": "Head_AngleX",
      "Segments": [
        0,
        0,
        0,
        0.367,
        -6,
        1,
        0.634,
        -6,
        0.9,
        8.019,
        1.167,
        11,
        1,
        1.222,
        11.507,
        1.278,
        11.641,
        1.333,
        11.73
      ]
    },
    {
      "Target": "Parameter",
      "Id": "Head_AngleY",
      "Segments": [
        0,
        0,
        1,
        0.1,
        0,
        0.2,
        -22.237,
        0.3,
        -26.687,
        1,
        0.344,
        -27.355,
        0.389,
        -28.408,
        0.433,
        -28.147,
        1,
        0.666,
        -25.533,
        0.9,
        20.657,
        1.133,
        23.25,
        1,
        1.2,
        24.085,
        1.266,
        24.512,
        1.333,
        24.512
      ]
    },
    {
      "Target": "Parameter",
      "Id": "HeadY",
      "Segments": [
        0,
        0,
        0,
        0.333,
        -30,
        0,
        1.333,
        13.889
      ]
    },
    {
      "Target": "Parameter",
      "Id": "Head_Roll",
      "Segments": [
        0,
        0,
        0,
        0.367,
        -7.626,
        1,
        0.5,
        -7.626,
        0.634,
        -6.497,
        0.767,
        -4,
        1,
        0.956,
        -0.463,
        1.144,
        4.015,
        1.333,
        6.862
      ]
    },
    {
      "Target": "Parameter",
      "Id": "HairFront_Shaking",
      "Segments": [
        0,
        0,
        0,
        0.567,
        -0.547,
        1,
        0.756,
        -0.547,
        0.944,
        0.214,
        1.133,
        0.492,
        1,
        1.2,
        0.583,
        1.266,
        0.615,
        1.333,
        0.637
      ]
    },
    {
      "Target": "Parameter",
      "Id": "HairSide_Shaking",
      "Segments": [
        0,
        0,
        0,
        0.333,
        0.4,
        0,
        0.933,
        -0.5,
        1,
        1.066,
        -0.5,
        1.2,
        -0.377,
        1.333,
        -0.182
      ]
    },
    {
      "Target": "Parameter",
      "Id": "HairBack_Shaking",
      "Segments": [
        0,
        0,
        0,
        0.733,
        -0.8,
        1,
        0.933,
        -0.8,
        1.133,
        -0.582,
        1.333,
        -0.031
      ]
    },
    {
      "Target": "Parameter",
      "Id": "ShoulderRY",
      "Segments": [
        0,
        0,
        0,
        0.433,
        -24,
        1,
        0.6,
        -24,
        0.766,
        7.593,
        0.933,
        16,
        1,
        1.066,
        22.726,
        1.2,
        22,
        1.333,
        22
      ]
    },
    {
      "Target": "Parameter",
      "Id": "ShoulderLY",
      "Segments": [
        0,
        0,
        0,
        0.433,
        -24,
        1,
        0.6,
        -24,
        0.766,
        7.546,
        0.933,
        15.979,
        1,
        1.066,
        22.725,
        1.2,
        22,
        1.333,
        22
      ]
    },
    {
      "Target": "Parameter",
      "Id": "ShoulderR_Roll",
      "Segments": [
        0,
        0,
        0,
        0.2,
        3.685,
        1,
        0.278,
        3.685,
        0.355,
        4.239,
        0.433,
        0,
        1,
        0.611,
        -9.689,
        0.789,
        -23.22,
        0.967,
        -23.22,
        1,
        1.089,
        -23.22,
        1.211,
        -19.19,
        1.333,
        -15.983
      ]
    },
    {
      "Target": "Parameter",
      "Id": "ShoulderL_Roll",
      "Segments": [
        0,
        0,
        0,
        0.2,
        -8.35,
        1,
        0.278,
        -8.35,
        0.355,
        -5.549,
        0.433,
        0,
        1,
        0.611,
        12.684,
        0.789,
        19,
        0.967,
        19,
        1,
        1.089,
        19,
        1.211,
        10.631,
        1.333,
        8.061
      ]
    },
    {
      "Target": "Parameter",
      "Id": "ArmR_Roll",
      "Segments": [
        0,
        0,
        0,
        0.333,
        0.65,
        1,
        0.4,
        0.65,
        0.466,
        -24.373,
        0.533,
        -30,
        1,
        0.678,
        -42.193,
        0.822,
        -56.245,
        0.967,
        -58.44,
        1,
        1.089,
        -60.297,
        1.211,
        -60,
        1.333,
        -60
      ]
    },
    {
      "Target": "Parameter",
      "Id": "ArmL_Roll",
      "Segments": [
        0,
        0,
        0,
        0.333,
        -0.46,
        1,
        0.4,
        -0.46,
        0.466,
        24.375,
        0.533,
        30,
        1,
        0.678,
        42.188,
        0.822,
        56.245,
        0.967,
        58.44,
        1,
        1.089,
        60.297,
        1.211,
        60,
        1.333,
        60
      ]
    },
    {
      "Target": "Parameter",
      "Id": "ArmR_Roll2",
      "Segments": [
        0,
        0,
        2,
        0.333,
        0,
        1,
        0.378,
        0,
        0.422,
        -35.836,
        0.467,
        -39,
        1,
        0.556,
        -45.327,
        0.644,
        -46,
        0.733,
        -46,
        0,
        1,
        -15.4,
        2,
        1.333,
        -15.4
      ]
    },
    {
      "Target": "Parameter",
      "Id": "ArmL_Roll2",
      "Segments": [
        0,
        0,
        2,
        0.333,
        0,
        1,
        0.366,
        0,
        0.4,
        -46.998,
        0.433,
        -50,
        1,
        0.5,
        -52.183,
        0.566,
        -54.367,
        0.633,
        -56.55,
        1,
        0.678,
        -54.367,
        0.722,
        -52.183,
        0.767,
        -50,
        1,
        0.789,
        -44.438,
        0.811,
        -38.877,
        0.833,
        -33.315,
        1,
        0.889,
        -24.592,
        0.944,
        -12.447,
        1,
        -10.392,
        1,
        1.111,
        -6.281,
        1.222,
        -5.65,
        1.333,
        -5.65
      ]
    },
    {
      "Target": "Parameter",
      "Id": "Param6",
      "Segments": [
        0,
        0,
        0,
        0.667,
        -1.08,
        2,
        1.333,
        -1.08
      ]
    },
    {
      "Target": "Parameter",
      "Id": "Param7",
      "Segments": [
        0,
        0,
        0,
        0.667,
        -9.56,
        2,
        1.333,
        -9.56
      ]
    },
    {
      "Target": "Parameter",
      "Id": "Param8",
      "Segments": [
        0,
        0,
        0,
        0.667,
        -30,
        0,
        1.033,
        -15,
        2,
        1.333,
        -15
      ]
    },
    {
      "Target": "Parameter",
      "Id": "Param9",
      "Segments": [
        0,
        0,
        0,
        0.567,
        -30,
        0,
        1.033,
        0,
        2,
        1.333,
        0
      ]
    },
    {
      "Target": "Parameter",
      "Id": "HandR_Roll",
      "Segments": [
        0,
        0,
        1,
        0.167,
        0,
        0.333,
        1.359,
        0.5,
        7,
        1,
        0.578,
        9.632,
        0.655,
        15,
        0.733,
        15,
        0,
        1.333,
        -7
      ]
    },
    {
      "Target": "Parameter",
      "Id": "HandL_Roll",
      "Segments": [
        0,
        0,
        0,
        0.5,
        -15,
        1,
        0.578,
        -15,
        0.655,
        7.559,
        0.733,
        13,
        1,
        0.933,
        26.992,
        1.133,
        30,
        1.333,
        30
      ]
    },
    {
      "Target": "Parameter",
      "Id": "Param5",
      "Segments": [
        0,
        0,
        0,
        0.7,
        -30,
        1,
        0.911,
        -30,
        1.122,
        -29.81,
        1.333,
        -27.943
      ]
    },
    {
      "Target": "Parameter",
      "Id": "Param4",
      "Segments": [
        0,
        0,
        0,
        0.7,
        -30,
        1,
        0.911,
        -30,
        1.122,
        -29.735,
        1.333,
        -27.911
      ]
    },
    {
      "Target": "Parameter",
      "Id": "Skirt_Shaking",
      "Segments": [
        0,
        0,
        0,
        0.833,
        21.704,
        1,
        1,
        21.704,
        1.166,
        18.585,
        1.333,
        4.625
      ]
    },
    {
      "Target": "PartOpacity",
      "Id": "Part",
      "Segments": [
        0,
        1,
        2,
        1.33,
        1
      ]
    },
    {
      "Target": "PartOpacity",
      "Id": "Part13",
      "Segments": [
        0,
        1,
        2,
        1.33,
        1
      ]
    },
    {
      "Target": "PartOpacity",
      "Id": "Part3",
      "Segments": [
        0,
        1,
        2,
        1.33,
        1
      ]
    },
    {
      "Target": "PartOpacity",
      "Id": "Part37",
      "Segments": [
        0,
        0,
        2,
        1.33,
        0
      ]
    },
    {
      "Target": "PartOpacity",
      "Id": "Part16",
      "Segments": [
        0,
        1,
        2,
        1.33,
        1
      ]
    },
    {
      "Target": "PartOpacity",
      "Id": "Part4",
      "Segments": [
        0,
        1,
        2,
        1.33,
        1
      ]
    },
    {
      "Target": "PartOpacity",
      "Id": "Part38",
      "Segments": [
        0,
        0,
        2,
        1.33,
        0
      ]
    },
    {
      "Target": "PartOpacity",
      "Id": "Part26",
      "Segments": [
        0,
        1,
        2,
        1.33,
        1
      ]
    },
    {
      "Target": "PartOpacity",
      "Id": "Part15",
      "Segments": [
        0,
        1,
        2,
        1.33,
        1
      ]
    },
    {
      "Target": "PartOpacity",
      "Id": "Part8",
      "Segments": [
        0,
        0,
        2,
        1.33,
        0
      ]
    },
    {
      "Target": "PartOpacity",
      "Id": "Part11",
      "Segments": [
        0,
        1,
        2,
        1.33,
        1
      ]
    },
    {
      "Target": "PartOpacity",
      "Id": "Part14",
      "Segments": [
        0,
        1,
        2,
        1.33,
        1
      ]
    },
    {
      "Target": "PartOpacity",
      "Id": "Part19",
      "Segments": [
        0,
        0,
        2,
        0.57,
        0,
        1,
        0.58,
        0,
        0.59,
        0.35,
        0.6,
        0.5,
        1,
        0.61,
        0.65,
        0.62,
        0.69,
        0.63,
        0.8,
        1,
        0.643,
        0.91,
        0.657,
        1,
        0.67,
        1,
        2,
        1.33,
        1
      ]
    },
    {
      "Target": "PartOpacity",
      "Id": "Part32",
      "Segments": [
        0,
        1,
        2,
        1.33,
        1
      ]
    },
    {
      "Target": "PartOpacity",
      "Id": "Part5",
      "Segments": [
        0,
        1,
        2,
        0.57,
        1,
        2,
        0.67,
        0,
        2,
        1.33,
        0
      ]
    },
    {
      "Target": "PartOpacity",
      "Id": "Part9",
      "Segments": [
        0,
        1,
        2,
        1.33,
        1
      ]
    },
    {
      "Target": "PartOpacity",
      "Id": "Part10",
      "Segments": [
        0,
        0,
        2,
        1.33,
        0
      ]
    },
    {
      "Target": "PartOpacity",
      "Id": "Part12",
      "Segments": [
        0,
        0,
        2,
        1.33,
        0
      ]
    },
    {
      "Target": "PartOpacity",
      "Id": "Part7",
      "Segments": [
        0,
        1,
        2,
        1.33,
        1
      ]
    },
    {
      "Target": "PartOpacity",
      "Id": "Part18",
      "Segments": [
        0,
        1,
        2,
        1.33,
        1
      ]
    },
    {
      "Target": "PartOpacity",
      "Id": "Part25",
      "Segments": [
        0,
        1,
        2,
        1.33,
        1
      ]
    },
    {
      "Target": "PartOpacity",
      "Id": "Part22",
      "Segments": [
        0,
        0,
        2,
        0.57,
        0,
        2,
        0.6,
        0.5,
        2,
        0.63,
        0.8,
        2,
        0.67,
        1,
        2,
        1.33,
        1
      ]
    },
    {
      "Target": "PartOpacity",
      "Id": "Part28",
      "Segments": [
        0,
        1,
        2,
        1.33,
        1
      ]
    },
    {
      "Target": "PartOpacity",
      "Id": "Part6",
      "Segments": [
        0,
        0,
        2,
        1.33,
        0
      ]
    },
    {
      "Target": "PartOpacity",
      "Id": "Part27",
      "Segments": [
        0,
        0,
        2,
        1.33,
        0
      ]
    },
    {
      "Target": "PartOpacity",
      "Id": "Part20",
      "Segments": [
        0,
        1,
        2,
        1.33,
        1
      ]
    },
    {
      "Target": "PartOpacity",
      "Id": "Part21",
      "Segments": [
        0,
        1,
        2,
        1.33,
        1
      ]
    },
    {
      "Target": "PartOpacity",
      "Id": "Part17",
      "Segments": [
        0,
        1,
        2,
        0.57,
        1,
        2,
        0.67,
        0,
        2,
        1.33,
        0
      ]
    },
    {
      "Target": "PartOpacity",
      "Id": "Part2",
      "Segments": [
        0,
        1,
        2,
        1.33,
        1
      ]
    },
    {
      "Target": "PartOpacity",
      "Id": "Part24",
      "Segments": [
        0,
        1,
        2,
        1.33,
        1
      ]
    },
    {
      "Target": "PartOpacity",
      "Id": "Part23",
      "Segments": [
        0,
        1,
        2,
        1.33,
        1
      ]
    },
    {
      "Target": "Parameter",
      "Id": "Param3",
      "Segments": [
        0,
        0,
        0,
        1.333,
        0
      ]
    },
    {
      "Target": "Parameter",
      "Id": "Param2",
      "Segments": [
        0,
        0,
        0,
        1.333,
        0
      ]
    },
    {
      "Target": "Parameter",
      "Id": "BrowR_Form",
      "Segments": [
        0,
        0,
        0,
        1.333,
        0
      ]
    },
    {
      "Target": "Parameter",
      "Id": "BrowL_Form",
      "Segments": [
        0,
        0,
        0,
        1.333,
        0
      ]
    },
    {
      "Target": "Parameter",
      "Id": "EyeBall_Size",
      "Segments": [
        0,
        0,
        0,
        1.333,
        0
      ]
    },
    {
      "Target": "Parameter",
      "Id": "EyeR_Smile",
      "Segments": [
        0,
        0.4,
        0,
        1.333,
        0.4
      ]
    },
    {
      "Target": "Parameter",
      "Id": "EyeL_Smile",
      "Segments": [
        0,
        0.4,
        0,
        1.333,
        0.4
      ]
    },
    {
      "Target": "Parameter",
      "Id": "Tooth",
      "Segments": [
        0,
        0,
        0,
        1.333,
        0
      ]
    },
    {
      "Target": "Parameter",
      "Id": "Mouth_Form",
      "Segments": [
        0,
        1,
        0,
        1.333,
        1
      ]
    },
    {
      "Target": "Parameter",
      "Id": "Mouth_Open",
      "Segments": [
        0,
        1,
        0,
        1.333,
        1
      ]
    },
    {
      "Target": "Parameter",
      "Id": "Mouth_Size2",
      "Segments": [
        0,
        0,
        0,
        1.333,
        0
      ]
    },
    {
      "Target": "Parameter",
      "Id": "Mouth_Y",
      "Segments": [
        0,
        0,
        0,
        1.333,
        0
      ]
    },
    {
      "Target": "Parameter",
      "Id": "BodyX",
      "Segments": [
        0,
        0,
        0,
        1.333,
        0
      ]
    },
    {
      "Target": "Parameter",
      "Id": "BadyY",
      "Segments": [
        0,
        0,
        0,
        1.333,
        0
      ]
    },
    {
      "Target": "Parameter",
      "Id": "HandL03_move2",
      "Segments": [
        0,
        0,
        0,
        1.333,
        0
      ]
    },
    {
      "Target": "Parameter",
      "Id": "HandL02_move",
      "Segments": [
        0,
        0,
        0,
        1.333,
        0
      ]
    },
    {
      "Target": "Parameter",
      "Id": "Param",
      "Segments": [
        0,
        0,
        0,
        1.333,
        0
      ]
    },
    {
      "Target": "Parameter",
      "Id": "LegR_Roll",
      "Segments": [
        0,
        0,
        0,
        1.333,
        0
      ]
    },
    {
      "Target": "Parameter",
      "Id": "LegL_Roll",
      "Segments": [
        0,
        0,
        0,
        1.333,
        0
      ]
    },
    {
      "Target": "Parameter",
      "Id": "Lowerbody_Roll",
      "Segments": [
        0,
        0,
        0,
        1.333,
        0
      ]
    }
  ],
  "UserData": [
    {
      "Time": 0.0,
      "Value": ""
    }
  ]
}