{
  "Version": 3,
  "Meta": {
    "Duration": 8.0,
    "Fps": 30.0,
    "Loop": true,
    "AreBeziersRestricted": true,
    "CurveCount": 95,
    "TotalSegmentCount": 227,
    "TotalPointCount": 341,
    "UserDataCount": 1,
    "TotalUserDataSize": 0
  },
  "Curves": [
    {
      "Target": "Parameter",
      "Id": "EyeL_PSY",
      "Segments": [
        0,
        30,
        1,
        0.678,
        20,
        1.355,
        10,
        2.033,
        0,
        1,
        2.678,
        10,
        3.322,
        20,
        3.967,
        30,
        1,
        4.667,
        20,
        5.367,
        10,
        6.067,
        0,
        1,
        6.711,
        10,
        7.356,
        20,
        8,
        30
      ]
    },
    {
      "Target": "Parameter",
      "Id": "EyeR_PSY2",
      "Segments": [
        0,
        30,
        1,
        0.711,
        10,
        1.422,
        -10,
        2.133,
        -30,
        1,
        2.655,
        -10,
        3.178,
        10,
        3.7,
        30,
        1,
        4.333,
        10,
        4.967,
        -10,
        5.6,
        -30,
        1,
        6.4,
        -10,
        7.2,
        10,
        8,
        30
      ]
    },
    {
      "Target": "Parameter",
      "Id": "EyeR_PSY",
      "Segments": [
        0,
        30,
        1,
        0.678,
        20,
        1.355,
        10,
        2.033,
        0,
        1,
        2.678,
        10,
        3.322,
        20,
        3.967,
        30,
        1,
        4.667,
        20,
        5.367,
        10,
        6.067,
        0,
        1,
        6.711,
        10,
        7.356,
        20,
        8,
        30
      ]
    },
    {
      "Target": "Parameter",
      "Id": "EyeL_PSY2",
      "Segments": [
        0,
        30,
        1,
        0.711,
        10,
        1.422,
        -10,
        2.133,
        -30,
        1,
        2.655,
        -10,
        3.178,
        10,
        3.7,
        30,
        1,
        4.333,
        10,
        4.967,
        -10,
        5.6,
        -30,
        1,
        6.4,
        -10,
        7.2,
        10,
        8,
        30
      ]
    },
    {
      "Target": "Parameter",
      "Id": "PSY",
      "Segments": [
        0,
        0.5,
        0,
        1,
        0,
        0,
        1.933,
        0.5,
        0,
        2.967,
        0,
        0,
        3.933,
        0.5,
        0,
        4.933,
        0,
        0,
        6.033,
        0.5,
        0,
        6.967,
        0,
        0,
        8,
        0.5
      ]
    },
    {
      "Target": "Parameter",
      "Id": "EyeBallX",
      "Segments": [
        0,
        0.1,
        2,
        1.033,
        0.1,
        2,
        3.067,
        0.1,
        2,
        3.933,
        0.1,
        0,
        5.2,
        0.5,
        0,
        8,
        0.1
      ]
    },
    {
      "Target": "Parameter",
      "Id": "ParamEyeBallY",
      "Segments": [
        0,
        -0.1,
        1,
        0.344,
        -0.145,
        0.689,
        -0.166,
        1.033,
        -0.2,
        1,
        1.711,
        -0.266,
        2.389,
        -0.3,
        3.067,
        -0.3,
        1,
        3.356,
        -0.3,
        3.644,
        -0.252,
        3.933,
        -0.2,
        1,
        4.355,
        -0.124,
        4.778,
        -0.1,
        5.2,
        -0.1,
        2,
        8,
        -0.1
      ]
    },
    {
      "Target": "Parameter",
      "Id": "Breath",
      "Segments": [
        0,
        0.635,
        1,
        0.278,
        0.891,
        0.555,
        1,
        0.833,
        1,
        0,
        2,
        0,
        0,
        3.4,
        1,
        0,
        4.833,
        0,
        0,
        6.167,
        1,
        0,
        7.267,
        0,
        1,
        7.511,
        0,
        7.756,
        0.386,
        8,
        0.635
      ]
    },
    {
      "Target": "Parameter",
      "Id": "Body_Shaking",
      "Segments": [
        0,
        -0.064,
        1,
        0.289,
        -0.16,
        0.578,
        -0.272,
        0.867,
        -0.272,
        0,
        1.967,
        0,
        2,
        7.167,
        0,
        1,
        7.445,
        0,
        7.722,
        -0.021,
        8,
        -0.064
      ]
    },
    {
      "Target": "Parameter",
      "Id": "Waist_Roll",
      "Segments": [
        0,
        -4.495,
        1,
        1,
        -5.469,
        2,
        -4.972,
        3,
        -3.622,
        1,
        3.533,
        -2.972,
        4.067,
        0.062,
        4.6,
        0.062,
        0,
        6.033,
        -4.245,
        0,
        6.933,
        -3.622,
        1,
        7.289,
        -3.622,
        7.644,
        -4.063,
        8,
        -4.495
      ]
    },
    {
      "Target": "Parameter",
      "Id": "Body_Twist",
      "Segments": [
        0,
        -20.008,
        1,
        0.156,
        -20.336,
        0.311,
        -20.503,
        0.467,
        -20.503,
        0,
        2.767,
        -19.123,
        0,
        5.433,
        -21,
        0,
        7.2,
        -18.763,
        1,
        7.467,
        -18.763,
        7.733,
        -19.752,
        8,
        -20.008
      ]
    },
    {
      "Target": "Parameter",
      "Id": "Head_AngleX",
      "Segments": [
        0,
        1,
        1,
        0.344,
        2.256,
        0.689,
        3.331,
        1.033,
        5,
        1,
        1.711,
        8.825,
        2.389,
        12.495,
        3.067,
        12.495,
        0,
        5.4,
        -4.423,
        1,
        6.267,
        -4.423,
        7.133,
        -1.021,
        8,
        1
      ]
    },
    {
      "Target": "Parameter",
      "Id": "Head_AngleY",
      "Segments": [
        0,
        -26,
        1,
        0.344,
        -25.069,
        0.689,
        -25.511,
        1.033,
        -24,
        1,
        1.711,
        -21.027,
        2.389,
        -11.105,
        3.067,
        -11.105,
        0,
        5.4,
        -30,
        0,
        8,
        -26
      ]
    },
    {
      "Target": "Parameter",
      "Id": "Head_Roll",
      "Segments": [
        0,
        3.158,
        0,
        1.2,
        -1.346,
        0,
        2.8,
        1.719,
        0,
        4,
        -0.683,
        0,
        5.433,
        1.959,
        0,
        6.933,
        -0.847,
        0,
        8,
        3.158
      ]
    },
    {
      "Target": "Parameter",
      "Id": "HairFront_Shaking",
      "Segments": [
        0,
        0.162,
        1,
        0.367,
        -0.28,
        0.733,
        -0.522,
        1.1,
        -0.522,
        0,
        2.3,
        0.036,
        0,
        4,
        -0.6,
        0,
        5.533,
        0.123,
        1,
        5.789,
        0.123,
        6.044,
        -0.11,
        6.3,
        -0.396,
        1,
        6.456,
        -0.57,
        6.611,
        -0.6,
        6.767,
        -0.6,
        0,
        7.733,
        0.265,
        1,
        7.822,
        0.265,
        7.911,
        0.216,
        8,
        0.162
      ]
    },
    {
      "Target": "Parameter",
      "Id": "HairSide_Shaking",
      "Segments": [
        0,
        -0.182,
        1,
        0.156,
        0.045,
        0.311,
        0.136,
        0.467,
        0.136,
        0,
        1.633,
        -0.302,
        0,
        2.833,
        0,
        0,
        4.267,
        -0.4,
        0,
        5.567,
        -0.199,
        0,
        6.933,
        -0.5,
        1,
        7.289,
        -0.5,
        7.644,
        -0.32,
        8,
        -0.182
      ]
    },
    {
      "Target": "Parameter",
      "Id": "HairBack_Shaking",
      "Segments": [
        0,
        -0.031,
        1,
        0.222,
        0.55,
        0.445,
        0.713,
        0.667,
        0.713,
        0,
        1.933,
        -0.687,
        0,
        3.067,
        0.654,
        0,
        4.3,
        -0.542,
        0,
        5.833,
        0.544,
        0,
        7.333,
        -0.722,
        1,
        7.555,
        -0.722,
        7.778,
        -0.42,
        8,
        -0.031
      ]
    },
    {
      "Target": "Parameter",
      "Id": "ShoulderRY",
      "Segments": [
        0,
        23.688,
        0,
        1.433,
        20.553,
        0,
        2.833,
        26.804,
        1,
        3.544,
        26.804,
        4.256,
        26.803,
        4.967,
        25.051,
        1,
        5.478,
        23.791,
        5.989,
        18.772,
        6.5,
        18.772,
        0,
        8,
        23.688
      ]
    },
    {
      "Target": "Parameter",
      "Id": "ShoulderLY",
      "Segments": [
        0,
        -30,
        0,
        1.433,
        -21.907,
        0,
        2.867,
        -30,
        1,
        3.567,
        -30,
        4.267,
        -30.046,
        4.967,
        -27.937,
        1,
        5.556,
        -26.164,
        6.144,
        -20.579,
        6.733,
        -20.579,
        0,
        8,
        -30
      ]
    },
    {
      "Target": "Parameter",
      "Id": "ShoulderR_Roll",
      "Segments": [
        0,
        -14.905,
        1,
        0.2,
        -14.117,
        0.4,
        -14.006,
        0.6,
        -14.006,
        2,
        2.567,
        -14.006,
        0,
        3.967,
        -16.405,
        0,
        5.433,
        -14.006,
        0,
        7.367,
        -16.405,
        0,
        8,
        -14.905
      ]
    },
    {
      "Target": "Parameter",
      "Id": "ShoulderL_Roll",
      "Segments": [
        0,
        -2.922,
        1,
        0.478,
        -5.159,
        0.955,
        -0.918,
        1.433,
        -0.918,
        0,
        2.767,
        -2.992,
        0,
        4.133,
        -0.766,
        0,
        5.6,
        -2.992,
        0,
        7.133,
        -1.336,
        1,
        7.422,
        -1.336,
        7.711,
        -1.937,
        8,
        -2.922
      ]
    },
    {
      "Target": "Parameter",
      "Id": "ArmR_Roll",
      "Segments": [
        0,
        30,
        2,
        4.833,
        30,
        0,
        6.333,
        29.5,
        0,
        8,
        30
      ]
    },
    {
      "Target": "Parameter",
      "Id": "ArmL_Roll",
      "Segments": [
        0,
        -9.907,
        1,
        0.944,
        -8.389,
        1.889,
        -10.804,
        2.833,
        -10.804,
        0,
        5.267,
        -8.81,
        0,
        6.567,
        -9.459,
        1,
        7.045,
        -9.766,
        7.522,
        -10.38,
        8,
        -9.907
      ]
    },
    {
      "Target": "Parameter",
      "Id": "ArmR_Roll2",
      "Segments": [
        0,
        -40.604,
        0,
        0.733,
        -39.722,
        0,
        2.1,
        -43.358,
        0,
        4,
        -37.358,
        0,
        5.567,
        -43.358,
        0,
        7.067,
        -38.883,
        0,
        8,
        -40.604
      ]
    },
    {
      "Target": "Parameter",
      "Id": "ArmL_Roll2",
      "Segments": [
        0,
        -34.721,
        0,
        1.233,
        -29.57,
        0,
        3.133,
        -34.721,
        0,
        4.533,
        -30.341,
        0,
        6.2,
        -34.721,
        0,
        7.167,
        -31.721,
        0,
        8,
        -34.721
      ]
    },
    {
      "Target": "Parameter",
      "Id": "HandR_Roll",
      "Segments": [
        0,
        -7.821,
        0,
        1.467,
        -6.89,
        2,
        2.967,
        -6.89,
        0,
        4.467,
        -9.077,
        0,
        5.7,
        -7.821,
        0,
        7,
        -9.077,
        0,
        8,
        -7.821
      ]
    },
    {
      "Target": "Parameter",
      "Id": "HandL_Roll",
      "Segments": [
        0,
        -24.332,
        1,
        0.456,
        -18.165,
        0.911,
        -10.619,
        1.367,
        -10.619,
        0,
        3.1,
        -14.996,
        0,
        4.533,
        -11.115,
        1,
        4.955,
        -11.115,
        5.378,
        -12.318,
        5.8,
        -16.425,
        1,
        6.389,
        -22.153,
        6.978,
        -26.143,
        7.567,
        -26.143,
        1,
        7.711,
        -26.176,
        7.856,
        -26.217,
        8,
        -24.332
      ]
    },
    {
      "Target": "Parameter",
      "Id": "HandL02_move",
      "Segments": [
        0,
        0,
        0,
        0.967,
        -16.46,
        0,
        2.6,
        22.149,
        0,
        4.6,
        -25.95,
        1,
        5.211,
        -25.95,
        5.822,
        -19.507,
        6.433,
        -10.337,
        1,
        6.955,
        -2.501,
        7.478,
        0,
        8,
        0
      ]
    },
    {
      "Target": "Parameter",
      "Id": "Param",
      "Segments": [
        0,
        0,
        0,
        1.367,
        30,
        0,
        2.433,
        -30,
        0,
        4.467,
        30,
        0,
        6.033,
        -30,
        0,
        7.167,
        30,
        0,
        8,
        0
      ]
    },
    {
      "Target": "Parameter",
      "Id": "Skirt_Shaking",
      "Segments": [
        0,
        -4,
        2,
        1.9,
        -4,
        2,
        1.933,
        -4,
        0,
        3.367,
        -29,
        0,
        5.6,
        0,
        0,
        6.667,
        -4,
        2,
        8,
        -4
      ]
    },
    {
      "Target": "PartOpacity",
      "Id": "Part",
      "Segments": [
        0,
        1,
        2,
        8,
        1
      ]
    },
    {
      "Target": "PartOpacity",
      "Id": "Part13",
      "Segments": [
        0,
        1,
        2,
        8,
        1
      ]
    },
    {
      "Target": "PartOpacity",
      "Id": "Part3",
      "Segments": [
        0,
        1,
        2,
        8,
        1
      ]
    },
    {
      "Target": "PartOpacity",
      "Id": "Part37",
      "Segments": [
        0,
        0,
        2,
        8,
        0
      ]
    },
    {
      "Target": "PartOpacity",
      "Id": "Part16",
      "Segments": [
        0,
        1,
        2,
        8,
        1
      ]
    },
    {
      "Target": "PartOpacity",
      "Id": "Part4",
      "Segments": [
        0,
        1,
        2,
        8,
        1
      ]
    },
    {
      "Target": "PartOpacity",
      "Id": "Part38",
      "Segments": [
        0,
        0,
        2,
        8,
        0
      ]
    },
    {
      "Target": "PartOpacity",
      "Id": "Part26",
      "Segments": [
        0,
        1,
        2,
        8,
        1
      ]
    },
    {
      "Target": "PartOpacity",
      "Id": "Part15",
      "Segments": [
        0,
        1,
        2,
        8,
        1
      ]
    },
    {
      "Target": "PartOpacity",
      "Id": "Part8",
      "Segments": [
        0,
        0,
        2,
        8,
        0
      ]
    },
    {
      "Target": "PartOpacity",
      "Id": "Part11",
      "Segments": [
        0,
        1,
        2,
        8,
        1
      ]
    },
    {
      "Target": "PartOpacity",
      "Id": "Part14",
      "Segments": [
        0,
        1,
        2,
        8,
        1
      ]
    },
    {
      "Target": "PartOpacity",
      "Id": "Part19",
      "Segments": [
        0,
        0,
        2,
        8,
        0
      ]
    },
    {
      "Target": "PartOpacity",
      "Id": "Part32",
      "Segments": [
        0,
        1,
        2,
        8,
        1
      ]
    },
    {
      "Target": "PartOpacity",
      "Id": "Part5",
      "Segments": [
        0,
        1,
        2,
        8,
        1
      ]
    },
    {
      "Target": "PartOpacity",
      "Id": "Part9",
      "Segments": [
        0,
        0,
        2,
        8,
        0
      ]
    },
    {
      "Target": "PartOpacity",
      "Id": "Part10",
      "Segments": [
        0,
        1,
        2,
        8,
        1
      ]
    },
    {
      "Target": "PartOpacity",
      "Id": "Part12",
      "Segments": [
        0,
        0,
        2,
        8,
        0
      ]
    },
    {
      "Target": "PartOpacity",
      "Id": "Part7",
      "Segments": [
        0,
        1,
        2,
        8,
        1
      ]
    },
    {
      "Target": "PartOpacity",
      "Id": "Part18",
      "Segments": [
        0,
        1,
        2,
        8,
        1
      ]
    },
    {
      "Target": "PartOpacity",
      "Id": "Part25",
      "Segments": [
        0,
        1,
        2,
        8,
        1
      ]
    },
    {
      "Target": "PartOpacity",
      "Id": "Part22",
      "Segments": [
        0,
        1,
        2,
        8,
        1
      ]
    },
    {
      "Target": "PartOpacity",
      "Id": "Part28",
      "Segments": [
        0,
        0,
        2,
        8,
        0
      ]
    },
    {
      "Target": "PartOpacity",
      "Id": "Part6",
      "Segments": [
        0,
        1,
        2,
        8,
        1
      ]
    },
    {
      "Target": "PartOpacity",
      "Id": "Part27",
      "Segments": [
        0,
        0,
        2,
        8,
        0
      ]
    },
    {
      "Target": "PartOpacity",
      "Id": "Part20",
      "Segments": [
        0,
        1,
        2,
        8,
        1
      ]
    },
    {
      "Target": "PartOpacity",
      "Id": "Part21",
      "Segments": [
        0,
        1,
        2,
        8,
        1
      ]
    },
    {
      "Target": "PartOpacity",
      "Id": "Part17",
      "Segments": [
        0,
        0,
        2,
        8,
        0
      ]
    },
    {
      "Target": "PartOpacity",
      "Id": "Part2",
      "Segments": [
        0,
        1,
        2,
        8,
        1
      ]
    },
    {
      "Target": "PartOpacity",
      "Id": "Part24",
      "Segments": [
        0,
        1,
        2,
        8,
        1
      ]
    },
    {
      "Target": "PartOpacity",
      "Id": "Part23",
      "Segments": [
        0,
        1,
        2,
        8,
        1
      ]
    },
    {
      "Target": "Parameter",
      "Id": "Param3",
      "Segments": [
        0,
        0,
        0,
        8,
        0
      ]
    },
    {
      "Target": "Parameter",
      "Id": "Param2",
      "Segments": [
        0,
        0,
        0,
        8,
        0
      ]
    },
    {
      "Target": "Parameter",
      "Id": "BrowRY",
      "Segments": [
        0,
        0,
        0,
        8,
        0
      ]
    },
    {
      "Target": "Parameter",
      "Id": "BrowLY",
      "Segments": [
        0,
        0.072,
        0,
        8,
        0.072
      ]
    },
    {
      "Target": "Parameter",
      "Id": "BrowR_Form",
      "Segments": [
        0,
        -0.8,
        0,
        8,
        -0.8
      ]
    },
    {
      "Target": "Parameter",
      "Id": "BrowL_Form",
      "Segments": [
        0,
        -0.8,
        0,
        8,
        -0.8
      ]
    },
    {
      "Target": "Parameter",
      "Id": "BrowR_Angle",
      "Segments": [
        0,
        0.1,
        0,
        8,
        0.1
      ]
    },
    {
      "Target": "Parameter",
      "Id": "BrowL_Angle",
      "Segments": [
        0,
        0.058,
        0,
        8,
        0.058
      ]
    },
    {
      "Target": "Parameter",
      "Id": "EyeBall_Size",
      "Segments": [
        0,
        0,
        0,
        8,
        0
      ]
    },
    {
      "Target": "Parameter",
      "Id": "EyeR_Open",
      "Segments": [
        0,
        0.9,
        0,
        8,
        0.9
      ]
    },
    {
      "Target": "Parameter",
      "Id": "EyeR_Smile",
      "Segments": [
        0,
        0.6,
        0,
        8,
        0.6
      ]
    },
    {
      "Target": "Parameter",
      "Id": "EyeL_Open",
      "Segments": [
        0,
        0.9,
        0,
        8,
        0.9
      ]
    },
    {
      "Target": "Parameter",
      "Id": "EyeL_Smile",
      "Segments": [
        0,
        0.6,
        0,
        8,
        0.6
      ]
    },
    {
      "Target": "Parameter",
      "Id": "Tooth",
      "Segments": [
        0,
        0,
        0,
        8,
        0
      ]
    },
    {
      "Target": "Parameter",
      "Id": "Mouth_Form",
      "Segments": [
        0,
        -1,
        0,
        8,
        -1
      ]
    },
    {
      "Target": "Parameter",
      "Id": "Mouth_Open",
      "Segments": [
        0,
        1,
        0,
        8,
        1
      ]
    },
    {
      "Target": "Parameter",
      "Id": "Mouth_Size",
      "Segments": [
        0,
        0.5,
        0,
        8,
        0.5
      ]
    },
    {
      "Target": "Parameter",
      "Id": "Mouth_Size2",
      "Segments": [
        0,
        0,
        0,
        8,
        0
      ]
    },
    {
      "Target": "Parameter",
      "Id": "Mouth_Y",
      "Segments": [
        0,
        -30,
        0,
        8,
        -30
      ]
    },
    {
      "Target": "Parameter",
      "Id": "BodyY",
      "Segments": [
        0,
        -13.5,
        0,
        8,
        -13.5
      ]
    },
    {
      "Target": "Parameter",
      "Id": "Body_Pose1",
      "Segments": [
        0,
        0.5,
        0,
        8,
        0.5
      ]
    },
    {
      "Target": "Parameter",
      "Id": "BodyX",
      "Segments": [
        0,
        0,
        0,
        8,
        0
      ]
    },
    {
      "Target": "Parameter",
      "Id": "BadyY",
      "Segments": [
        0,
        0,
        0,
        8,
        0
      ]
    },
    {
      "Target": "Parameter",
      "Id": "HeadY",
      "Segments": [
        0,
        -30,
        0,
        8,
        -30
      ]
    },
    {
      "Target": "Parameter",
      "Id": "Param6",
      "Segments": [
        0,
        -3,
        0,
        8,
        -3
      ]
    },
    {
      "Target": "Parameter",
      "Id": "Param7",
      "Segments": [
        0,
        -10.344,
        0,
        8,
        -10.344
      ]
    },
    {
      "Target": "Parameter",
      "Id": "Param8",
      "Segments": [
        0,
        -26,
        0,
        8,
        -26
      ]
    },
    {
      "Target": "Parameter",
      "Id": "Param9",
      "Segments": [
        0,
        0,
        0,
        8,
        0
      ]
    },
    {
      "Target": "Parameter",
      "Id": "HandL03_move2",
      "Segments": [
        0,
        0,
        0,
        8,
        0
      ]
    },
    {
      "Target": "Parameter",
      "Id": "Param5",
      "Segments": [
        0,
        0,
        0,
        8,
        0
      ]
    },
    {
      "Target": "Parameter",
      "Id": "Param4",
      "Segments": [
        0,
        0,
        0,
        8,
        0
      ]
    },
    {
      "Target": "Parameter",
      "Id": "LegR_Roll",
      "Segments": [
        0,
        -15.509,
        0,
        8,
        -15.509
      ]
    },
    {
      "Target": "Parameter",
      "Id": "LegL_Roll",
      "Segments": [
        0,
        -0.509,
        0,
        8,
        -0.509
      ]
    },
    {
      "Target": "Parameter",
      "Id": "Lowerbody_Roll",
      "Segments": [
        0,
        -0.122,
        0,
        8,
        -0.122
      ]
    }
  ],
  "UserData": [
    {
      "Time": 0.0,
      "Value": ""
    }
  ]
}