{
  "Version": 3,
  "Meta": {
    "Duration": 1.333,
    "Fps": 30.0,
    "Loop": true,
    "AreBeziersRestricted": true,
    "CurveCount": 66,
    "TotalSegmentCount": 170,
    "TotalPointCount": 236,
    "UserDataCount": 1,
    "TotalUserDataSize": 0
  },
  "Curves": [
    {
      "Target": "Parameter",
      "Id": "Param31",
      "Segments": [
        0,
        0,
        1,
        0.122,
        0,
        0.245,
        -6.28,
        0.367,
        -20,
        1,
        0.422,
        -26.236,
        0.478,
        -30,
        0.533,
        -30,
        1,
        0.655,
        -30,
        0.778,
        -18.96,
        0.9,
        -11,
        1,
        1.044,
        -1.593,
        1.189,
        0,
        1.333,
        0
      ]
    },
    {
      "Target": "Parameter",
      "Id": "Param32",
      "Segments": [
        0,
        0,
        0,
        0.467,
        -8,
        0,
        0.733,
        11,
        1,
        0.822,
        10.351,
        0.911,
        -2.291,
        1,
        2,
        0,
        1.167,
        3,
        0,
        1.333,
        0
      ]
    },
    {
      "Target": "Parameter",
      "Id": "Param29",
      "Segments": [
        0,
        0,
        0,
        0.4,
        4,
        0,
        0.933,
        -25,
        1,
        1.066,
        -25,
        1.2,
        -7.733,
        1.333,
        -4.4
      ]
    },
    {
      "Target": "Parameter",
      "Id": "Param4",
      "Segments": [
        0,
        0,
        0,
        0.567,
        -16,
        1,
        0.822,
        -16,
        1.078,
        -7.841,
        1.333,
        -2.642
      ]
    },
    {
      "Target": "Parameter",
      "Id": "Param15",
      "Segments": [
        0,
        0,
        0,
        0.567,
        -11,
        0,
        1.333,
        -1.816
      ]
    },
    {
      "Target": "Parameter",
      "Id": "Param18",
      "Segments": [
        0,
        0,
        2,
        0.467,
        0,
        0,
        0.733,
        -5.842,
        1,
        0.822,
        -5.842,
        0.911,
        -4.594,
        1,
        0,
        1,
        1.056,
        2.871,
        1.111,
        6.267,
        1.167,
        6.267,
        1,
        1.222,
        6.267,
        1.278,
        1.455,
        1.333,
        0
      ]
    },
    {
      "Target": "Parameter",
      "Id": "EyeR_Open",
      "Segments": [
        0,
        1,
        2,
        0.067,
        1,
        2,
        0.133,
        1,
        0,
        0.2,
        0,
        1,
        0.211,
        0,
        0.222,
        0.04,
        0.233,
        0.2,
        1,
        0.244,
        0.36,
        0.256,
        0.64,
        0.267,
        0.8,
        1,
        0.278,
        0.96,
        0.289,
        1,
        0.3,
        1,
        2,
        1.333,
        1
      ]
    },
    {
      "Target": "Parameter",
      "Id": "ParamEyeRSmile",
      "Segments": [
        0,
        0,
        1,
        0.022,
        0,
        0.045,
        0.036,
        0.067,
        0.183,
        1,
        0.145,
        0.696,
        0.222,
        1,
        0.3,
        1,
        2,
        1.333,
        1
      ]
    },
    {
      "Target": "Parameter",
      "Id": "EyeL_Open",
      "Segments": [
        0,
        1,
        2,
        0.067,
        1,
        2,
        0.133,
        1,
        0,
        0.2,
        0,
        1,
        0.211,
        0,
        0.222,
        0.04,
        0.233,
        0.2,
        1,
        0.244,
        0.36,
        0.256,
        0.64,
        0.267,
        0.8,
        1,
        0.278,
        0.96,
        0.289,
        1,
        0.3,
        1,
        2,
        1.333,
        1
      ]
    },
    {
      "Target": "Parameter",
      "Id": "ParamEyeLSmile",
      "Segments": [
        0,
        0,
        1,
        0.022,
        0,
        0.045,
        0.185,
        0.067,
        0.26,
        1,
        0.145,
        0.523,
        0.222,
        0.6,
        0.3,
        0.6,
        2,
        1.333,
        0.6
      ]
    },
    {
      "Target": "Parameter",
      "Id": "ParamEyeBallX",
      "Segments": [
        0,
        0.2,
        0,
        0.3,
        0.1,
        2,
        1.333,
        0.1
      ]
    },
    {
      "Target": "Parameter",
      "Id": "ParamEyeBallY",
      "Segments": [
        0,
        0,
        0,
        0.3,
        -0.2,
        2,
        1.333,
        -0.2
      ]
    },
    {
      "Target": "Parameter",
      "Id": "Param11",
      "Segments": [
        0,
        0,
        0,
        0.3,
        -5,
        2,
        1.333,
        -5
      ]
    },
    {
      "Target": "Parameter",
      "Id": "ParamBrowLY",
      "Segments": [
        0,
        0,
        0,
        0.3,
        0.5,
        2,
        1.333,
        0.5
      ]
    },
    {
      "Target": "Parameter",
      "Id": "ParamBrowLAngle",
      "Segments": [
        0,
        0,
        0,
        0.3,
        -0.9,
        2,
        1.333,
        -0.9
      ]
    },
    {
      "Target": "Parameter",
      "Id": "ParamBrowRAngle",
      "Segments": [
        0,
        0,
        0,
        0.3,
        -0.3,
        2,
        1.333,
        -0.3
      ]
    },
    {
      "Target": "Parameter",
      "Id": "ParamBrowLForm",
      "Segments": [
        0,
        0,
        0,
        0.3,
        -1,
        2,
        1.333,
        -1
      ]
    },
    {
      "Target": "Parameter",
      "Id": "ParamBrowLForm2",
      "Segments": [
        0,
        0,
        0,
        0.3,
        -0.088,
        2,
        1.333,
        -0.088
      ]
    },
    {
      "Target": "Parameter",
      "Id": "ParamBrowRForm",
      "Segments": [
        0,
        0,
        0,
        0.3,
        -1,
        2,
        1.333,
        -1
      ]
    },
    {
      "Target": "Parameter",
      "Id": "ParamBrowRForm2",
      "Segments": [
        0,
        0,
        0,
        0.3,
        -0.519,
        2,
        1.333,
        -0.519
      ]
    },
    {
      "Target": "Parameter",
      "Id": "ParamMouthForm",
      "Segments": [
        0,
        0,
        0,
        0.233,
        -0.638,
        2,
        0.833,
        -0.638,
        2,
        1.333,
        -0.638
      ]
    },
    {
      "Target": "Parameter",
      "Id": "Mouth_Size",
      "Segments": [
        0,
        0.5,
        0,
        0.233,
        -5.139,
        2,
        0.833,
        -5.139,
        2,
        1.333,
        -5.139
      ]
    },
    {
      "Target": "Parameter",
      "Id": "Param24",
      "Segments": [
        0,
        0,
        2,
        0.633,
        0,
        1,
        0.733,
        0,
        0.833,
        -7.151,
        0.933,
        -10,
        1,
        1.066,
        -13.799,
        1.2,
        -15.677,
        1.333,
        -18.315
      ]
    },
    {
      "Target": "Parameter",
      "Id": "Param5",
      "Segments": [
        0,
        0,
        0,
        0.533,
        22,
        0,
        0.8,
        0,
        2,
        1.333,
        0
      ]
    },
    {
      "Target": "Parameter",
      "Id": "Param",
      "Segments": [
        0,
        0,
        2,
        0.167,
        0,
        0,
        0.833,
        -18,
        2,
        1.333,
        -18
      ]
    },
    {
      "Target": "Parameter",
      "Id": "Param23",
      "Segments": [
        0,
        -30,
        0,
        1.333,
        30
      ]
    },
    {
      "Target": "Parameter",
      "Id": "PARAM_Pose2",
      "Segments": [
        0,
        0,
        2,
        0.167,
        0,
        0,
        0.8,
        -30,
        2,
        1.333,
        -30
      ]
    },
    {
      "Target": "Parameter",
      "Id": "Param3",
      "Segments": [
        0,
        0,
        1,
        0.122,
        0,
        0.245,
        10.975,
        0.367,
        15,
        1,
        0.511,
        19.757,
        0.656,
        20,
        0.8,
        20,
        1,
        0.978,
        20,
        1.155,
        14.392,
        1.333,
        11.1
      ]
    },
    {
      "Target": "Parameter",
      "Id": "Param2",
      "Segments": [
        0,
        0,
        0,
        0.533,
        -12,
        0,
        1.333,
        0
      ]
    },
    {
      "Target": "Parameter",
      "Id": "Param30",
      "Segments": [
        0,
        0,
        0,
        0.233,
        13,
        1,
        0.378,
        13,
        0.522,
        -1.48,
        0.667,
        -13,
        1,
        0.8,
        -23.634,
        0.934,
        -25,
        1.067,
        -25,
        1,
        1.156,
        -25,
        1.244,
        -21.07,
        1.333,
        -17
      ]
    },
    {
      "Target": "Parameter",
      "Id": "Param8",
      "Segments": [
        0,
        0,
        0,
        0.233,
        8,
        1,
        0.5,
        8,
        0.766,
        -3.447,
        1.033,
        -11,
        1,
        1.133,
        -13.832,
        1.233,
        -13.2,
        1.333,
        -13.2
      ]
    },
    {
      "Target": "Parameter",
      "Id": "Param9",
      "Segments": [
        0,
        0,
        2,
        0.4,
        0,
        0,
        0.7,
        -18,
        0,
        1.1,
        8,
        1,
        1.178,
        8,
        1.255,
        6.276,
        1.333,
        1
      ]
    },
    {
      "Target": "Parameter",
      "Id": "Param17",
      "Segments": [
        0,
        0,
        2,
        0.167,
        0,
        0,
        0.8,
        -30,
        2,
        1.333,
        -30
      ]
    },
    {
      "Target": "Parameter",
      "Id": "Param19",
      "Segments": [
        0,
        0,
        2,
        0.167,
        0,
        2,
        0.533,
        0,
        2,
        0.567,
        0,
        0,
        0.6,
        -30,
        2,
        0.8,
        -30,
        2,
        1.333,
        -30
      ]
    },
    {
      "Target": "Parameter",
      "Id": "Param20",
      "Segments": [
        0,
        0,
        2,
        0.167,
        0,
        0,
        0.8,
        -30,
        2,
        1.333,
        -30
      ]
    },
    {
      "Target": "Parameter",
      "Id": "Param21",
      "Segments": [
        0,
        0,
        2,
        0.167,
        0,
        0,
        0.8,
        -30,
        2,
        1.333,
        -30
      ]
    },
    {
      "Target": "Parameter",
      "Id": "Param22",
      "Segments": [
        0,
        0,
        2,
        0.167,
        0,
        0,
        0.8,
        -30,
        2,
        1.333,
        -30
      ]
    },
    {
      "Target": "Parameter",
      "Id": "Param16",
      "Segments": [
        0,
        0,
        2,
        0.167,
        0,
        2,
        0.433,
        0,
        0,
        0.5,
        29,
        1,
        0.533,
        29,
        0.567,
        28.455,
        0.6,
        21,
        1,
        0.622,
        16.03,
        0.645,
        0,
        0.667,
        0,
        2,
        0.8,
        0,
        2,
        1.333,
        0
      ]
    },
    {
      "Target": "Parameter",
      "Id": "Param7",
      "Segments": [
        0,
        0,
        2,
        0.167,
        0,
        0,
        0.8,
        30,
        2,
        1.333,
        30
      ]
    },
    {
      "Target": "Parameter",
      "Id": "Param10",
      "Segments": [
        0,
        0,
        2,
        0.167,
        0,
        0,
        0.8,
        30,
        2,
        1.333,
        30
      ]
    },
    {
      "Target": "Parameter",
      "Id": "PARAM_ArmL_Rotaion",
      "Segments": [
        0,
        0,
        2,
        0.167,
        0,
        0,
        0.8,
        -29.1,
        2,
        1.333,
        -29.1
      ]
    },
    {
      "Target": "Parameter",
      "Id": "Param12",
      "Segments": [
        0,
        0,
        2,
        0.167,
        0,
        0,
        0.8,
        25,
        2,
        1.333,
        25
      ]
    },
    {
      "Target": "Parameter",
      "Id": "Param25",
      "Segments": [
        0,
        0,
        2,
        0.167,
        0,
        0,
        0.8,
        -30,
        2,
        1.333,
        -30
      ]
    },
    {
      "Target": "Parameter",
      "Id": "Param26",
      "Segments": [
        0,
        0,
        2,
        0.167,
        0,
        0,
        0.8,
        -30,
        2,
        1.333,
        -30
      ]
    },
    {
      "Target": "PartOpacity",
      "Id": "Part37",
      "Segments": [
        0,
        0,
        2,
        0.53,
        0.8,
        2,
        0.57,
        1,
        2,
        1.33,
        1
      ]
    },
    {
      "Target": "PartOpacity",
      "Id": "Part41",
      "Segments": [
        0,
        1,
        2,
        0.57,
        0,
        2,
        1.33,
        0
      ]
    },
    {
      "Target": "PartOpacity",
      "Id": "Part20",
      "Segments": [
        0,
        0,
        2,
        0.4,
        0,
        0,
        0.47,
        1,
        2,
        1.33,
        1
      ]
    },
    {
      "Target": "PartOpacity",
      "Id": "Part22",
      "Segments": [
        0,
        0,
        2,
        1.33,
        0
      ]
    },
    {
      "Target": "PartOpacity",
      "Id": "Part43",
      "Segments": [
        0,
        1,
        2,
        0.47,
        0,
        2,
        1.33,
        0
      ]
    },
    {
      "Target": "PartOpacity",
      "Id": "Part39",
      "Segments": [
        0,
        0,
        2,
        0.43,
        0.8,
        2,
        0.47,
        1,
        2,
        1.33,
        1
      ]
    },
    {
      "Target": "Parameter",
      "Id": "Param13",
      "Segments": [
        0,
        0,
        0,
        1.333,
        0
      ]
    },
    {
      "Target": "Parameter",
      "Id": "Param14",
      "Segments": [
        0,
        0,
        0,
        1.333,
        0
      ]
    },
    {
      "Target": "Parameter",
      "Id": "ParamBrowRY",
      "Segments": [
        0,
        0,
        0,
        1.333,
        0
      ]
    },
    {
      "Target": "Parameter",
      "Id": "Mouth_Open",
      "Segments": [
        0,
        1,
        0,
        1.333,
        1
      ]
    },
    {
      "Target": "Parameter",
      "Id": "Param6",
      "Segments": [
        0,
        0,
        0,
        1.333,
        0
      ]
    },
    {
      "Target": "Parameter",
      "Id": "PARAM_HandL_Rotation",
      "Segments": [
        0,
        0,
        0,
        1.333,
        0
      ]
    },
    {
      "Target": "PartOpacity",
      "Id": "Part6",
      "Segments": [
        0,
        1,
        0,
        1.333,
        1
      ]
    },
    {
      "Target": "PartOpacity",
      "Id": "Part38",
      "Segments": [
        0,
        1,
        0,
        1.333,
        1
      ]
    },
    {
      "Target": "PartOpacity",
      "Id": "Part7",
      "Segments": [
        0,
        1,
        0,
        1.333,
        1
      ]
    },
    {
      "Target": "PartOpacity",
      "Id": "Part18",
      "Segments": [
        0,
        1,
        0,
        1.333,
        1
      ]
    },
    {
      "Target": "PartOpacity",
      "Id": "Part19",
      "Segments": [
        0,
        1,
        0,
        1.333,
        1
      ]
    },
    {
      "Target": "PartOpacity",
      "Id": "Part30",
      "Segments": [
        0,
        1,
        0,
        1.333,
        1
      ]
    },
    {
      "Target": "PartOpacity",
      "Id": "Part21",
      "Segments": [
        0,
        1,
        0,
        1.333,
        1
      ]
    },
    {
      "Target": "PartOpacity",
      "Id": "Part42",
      "Segments": [
        0,
        1,
        0,
        1.333,
        1
      ]
    },
    {
      "Target": "PartOpacity",
      "Id": "Part25",
      "Segments": [
        0,
        1,
        0,
        1.333,
        1
      ]
    },
    {
      "Target": "PartOpacity",
      "Id": "Part28",
      "Segments": [
        0,
        1,
        0,
        1.333,
        1
      ]
    }
  ],
  "UserData": [
    {
      "Time": 0.0,
      "Value": ""
    }
  ]
}