{
  "Version": 3,
  "Meta": {
    "Duration": 8.0,
    "Fps": 30.0,
    "Loop": true,
    "AreBeziersRestricted": true,
    "CurveCount": 66,
    "TotalSegmentCount": 143,
    "TotalPointCount": 199,
    "UserDataCount": 1,
    "TotalUserDataSize": 0
  },
  "Curves": [
    {
      "Target": "Parameter",
      "Id": "Param31",
      "Segments": [
        0,
        0,
        0,
        1,
        -20,
        0,
        1.967,
        -10,
        0,
        3.033,
        -22,
        0,
        4.233,
        -8,
        0,
        5.167,
        -19,
        0,
        5.967,
        -16,
        0,
        6.933,
        -20,
        0,
        8,
        0
      ]
    },
    {
      "Target": "Parameter",
      "Id": "Param32",
      "Segments": [
        0,
        0,
        2,
        0.767,
        0,
        2,
        1.933,
        0,
        0,
        2.967,
        13,
        1,
        3.189,
        13,
        3.411,
        11.181,
        3.633,
        6,
        1,
        3.833,
        1.337,
        4.033,
        -2,
        4.233,
        -2,
        0,
        5.033,
        6,
        0,
        5.6,
        -2,
        0,
        7.033,
        7,
        0,
        8,
        0
      ]
    },
    {
      "Target": "Parameter",
      "Id": "Param29",
      "Segments": [
        0,
        -4.4,
        1,
        0.111,
        -2.486,
        0.222,
        -2,
        0.333,
        -2,
        0,
        0.933,
        -16,
        0,
        1.833,
        -4,
        0,
        2.667,
        -16,
        0,
        3.467,
        -10,
        0,
        4.2,
        -19,
        0,
        5,
        -9,
        0,
        5.867,
        -14,
        1,
        6.211,
        -14,
        6.556,
        -8.511,
        6.9,
        -8,
        1,
        7.267,
        -8,
        7.633,
        -7.565,
        8,
        -4.4
      ]
    },
    {
      "Target": "Parameter",
      "Id": "Param4",
      "Segments": [
        0,
        -2.642,
        1,
        0.144,
        0.296,
        0.289,
        0,
        0.433,
        0,
        1,
        0.889,
        0,
        1.344,
        -4.921,
        1.8,
        -7.1,
        1,
        2.144,
        -8.748,
        2.489,
        -9.618,
        2.833,
        -10,
        1,
        3.922,
        -11.207,
        5.011,
        -11.52,
        6.1,
        -11.52,
        1,
        6.733,
        -11.52,
        7.367,
        -10.09,
        8,
        -2.642
      ]
    },
    {
      "Target": "Parameter",
      "Id": "Param15",
      "Segments": [
        0,
        -1.816,
        1,
        0.144,
        -0.46,
        0.289,
        0,
        0.433,
        0,
        1,
        0.889,
        0,
        1.344,
        -0.79,
        1.8,
        -4,
        1,
        2.144,
        -6.427,
        2.489,
        -9,
        2.833,
        -9,
        0,
        4.433,
        6.03,
        1,
        4.833,
        6.03,
        5.233,
        5.449,
        5.633,
        0,
        1,
        5.789,
        -1.943,
        5.944,
        -9,
        6.1,
        -9,
        1,
        6.733,
        -9,
        7.367,
        -9.819,
        8,
        -1.816
      ]
    },
    {
      "Target": "Parameter",
      "Id": "Param18",
      "Segments": [
        0,
        0,
        1,
        0.1,
        -2.62,
        0.2,
        -3,
        0.3,
        -3,
        0,
        0.7,
        0,
        0,
        6.333,
        -10,
        1,
        6.889,
        -10,
        7.444,
        3.713,
        8,
        0
      ]
    },
    {
      "Target": "Parameter",
      "Id": "ParamEyeBallX",
      "Segments": [
        0,
        0.2,
        0,
        2.833,
        0,
        0,
        4.4,
        0.3,
        2,
        6.033,
        0.3,
        0,
        8,
        0.2
      ]
    },
    {
      "Target": "Parameter",
      "Id": "ParamEyeBallY",
      "Segments": [
        0,
        0,
        2,
        2.833,
        0,
        0,
        4.4,
        -0.3,
        0,
        6.033,
        0,
        2,
        8,
        0
      ]
    },
    {
      "Target": "Parameter",
      "Id": "Param24",
      "Segments": [
        0,
        -18.315,
        1,
        0.4,
        -26.229,
        0.8,
        -30,
        1.2,
        -30,
        0,
        2.233,
        0,
        0,
        3.7,
        -30,
        1,
        4.278,
        -30,
        4.855,
        -29.089,
        5.433,
        -26,
        1,
        6.289,
        -22.432,
        7.144,
        -13.784,
        8,
        -18.315
      ]
    },
    {
      "Target": "Parameter",
      "Id": "Param23",
      "Segments": [
        0,
        30,
        0,
        2,
        -30,
        0,
        4,
        30,
        0,
        6,
        -30,
        0,
        8,
        30
      ]
    },
    {
      "Target": "Parameter",
      "Id": "Param3",
      "Segments": [
        0,
        11.1,
        1,
        0.278,
        5.957,
        0.555,
        5,
        0.833,
        5,
        0,
        2.933,
        18,
        0,
        4.267,
        5,
        1,
        4.878,
        5,
        5.489,
        10.45,
        6.1,
        13,
        1,
        6.733,
        16.577,
        7.367,
        18.571,
        8,
        11.1
      ]
    },
    {
      "Target": "Parameter",
      "Id": "Param2",
      "Segments": [
        0,
        0,
        2,
        1.3,
        0,
        0,
        4,
        -5,
        0,
        8,
        0
      ]
    },
    {
      "Target": "Parameter",
      "Id": "Param30",
      "Segments": [
        0,
        -17,
        1,
        0.356,
        -0.722,
        0.711,
        6.116,
        1.067,
        6.116,
        0,
        2.667,
        -21.341,
        0,
        4,
        13,
        0,
        5.433,
        -13,
        0,
        6.533,
        6.116,
        1,
        7.022,
        0.383,
        7.511,
        -30,
        8,
        -17
      ]
    },
    {
      "Target": "Parameter",
      "Id": "Param8",
      "Segments": [
        0,
        -13.2,
        0,
        1.033,
        6,
        0,
        2.7,
        -11,
        0,
        3.967,
        4,
        0,
        5.433,
        -10,
        0,
        6.533,
        6,
        1,
        7.022,
        6,
        7.511,
        -14.066,
        8,
        -13.2
      ]
    },
    {
      "Target": "Parameter",
      "Id": "Param9",
      "Segments": [
        0,
        1,
        1,
        0.056,
        -2.769,
        0.111,
        -6,
        0.167,
        -6,
        0,
        0.567,
        3.274,
        0,
        6.3,
        -9,
        0,
        8,
        1
      ]
    },
    {
      "Target": "Parameter",
      "Id": "PARAM_ArmL_Rotaion",
      "Segments": [
        0,
        -29.1,
        0,
        2.033,
        -28.84,
        0,
        4,
        -29.58,
        0,
        6.033,
        -28.82,
        0,
        8,
        -29.1
      ]
    },
    {
      "Target": "Parameter",
      "Id": "PARAM_HandL_Rotation",
      "Segments": [
        0,
        0,
        0,
        0.833,
        7,
        0,
        2.867,
        -30,
        0,
        4.833,
        10,
        0,
        6.867,
        -30,
        0,
        8,
        0
      ]
    },
    {
      "Target": "PartOpacity",
      "Id": "Part22",
      "Segments": [
        0,
        0,
        2,
        8,
        0
      ]
    },
    {
      "Target": "Parameter",
      "Id": "EyeR_Open",
      "Segments": [
        0,
        1,
        0,
        8,
        1
      ]
    },
    {
      "Target": "Parameter",
      "Id": "ParamEyeRSmile",
      "Segments": [
        0,
        0.4,
        0,
        8,
        0.4
      ]
    },
    {
      "Target": "Parameter",
      "Id": "Param13",
      "Segments": [
        0,
        0,
        0,
        8,
        0
      ]
    },
    {
      "Target": "Parameter",
      "Id": "EyeL_Open",
      "Segments": [
        0,
        1,
        0,
        8,
        1
      ]
    },
    {
      "Target": "Parameter",
      "Id": "ParamEyeLSmile",
      "Segments": [
        0,
        0.4,
        0,
        8,
        0.4
      ]
    },
    {
      "Target": "Parameter",
      "Id": "Param14",
      "Segments": [
        0,
        0,
        0,
        8,
        0
      ]
    },
    {
      "Target": "Parameter",
      "Id": "Param11",
      "Segments": [
        0,
        0,
        0,
        8,
        0
      ]
    },
    {
      "Target": "Parameter",
      "Id": "ParamBrowLY",
      "Segments": [
        0,
        0.2,
        0,
        8,
        0.2
      ]
    },
    {
      "Target": "Parameter",
      "Id": "ParamBrowRY",
      "Segments": [
        0,
        0.2,
        0,
        8,
        0.2
      ]
    },
    {
      "Target": "Parameter",
      "Id": "ParamBrowLAngle",
      "Segments": [
        0,
        -0.1,
        0,
        8,
        -0.1
      ]
    },
    {
      "Target": "Parameter",
      "Id": "ParamBrowRAngle",
      "Segments": [
        0,
        -0.1,
        0,
        8,
        -0.1
      ]
    },
    {
      "Target": "Parameter",
      "Id": "ParamBrowLForm",
      "Segments": [
        0,
        0.2,
        0,
        8,
        0.2
      ]
    },
    {
      "Target": "Parameter",
      "Id": "ParamBrowLForm2",
      "Segments": [
        0,
        0,
        0,
        8,
        0
      ]
    },
    {
      "Target": "Parameter",
      "Id": "ParamBrowRForm",
      "Segments": [
        0,
        0.2,
        0,
        8,
        0.2
      ]
    },
    {
      "Target": "Parameter",
      "Id": "ParamBrowRForm2",
      "Segments": [
        0,
        0,
        0,
        8,
        0
      ]
    },
    {
      "Target": "Parameter",
      "Id": "ParamMouthForm",
      "Segments": [
        0,
        0,
        0,
        8,
        0
      ]
    },
    {
      "Target": "Parameter",
      "Id": "Mouth_Open",
      "Segments": [
        0,
        1,
        0,
        8,
        1
      ]
    },
    {
      "Target": "Parameter",
      "Id": "Param6",
      "Segments": [
        0,
        0,
        0,
        8,
        0
      ]
    },
    {
      "Target": "Parameter",
      "Id": "Mouth_Size",
      "Segments": [
        0,
        0.5,
        0,
        8,
        0.5
      ]
    },
    {
      "Target": "Parameter",
      "Id": "Param5",
      "Segments": [
        0,
        0,
        0,
        8,
        0
      ]
    },
    {
      "Target": "Parameter",
      "Id": "Param",
      "Segments": [
        0,
        -18,
        0,
        8,
        -18
      ]
    },
    {
      "Target": "Parameter",
      "Id": "PARAM_Pose2",
      "Segments": [
        0,
        -30,
        0,
        8,
        -30
      ]
    },
    {
      "Target": "Parameter",
      "Id": "Param17",
      "Segments": [
        0,
        -30,
        0,
        8,
        -30
      ]
    },
    {
      "Target": "Parameter",
      "Id": "Param19",
      "Segments": [
        0,
        -30,
        0,
        8,
        -30
      ]
    },
    {
      "Target": "Parameter",
      "Id": "Param20",
      "Segments": [
        0,
        -30,
        0,
        8,
        -30
      ]
    },
    {
      "Target": "Parameter",
      "Id": "Param21",
      "Segments": [
        0,
        -30,
        0,
        8,
        -30
      ]
    },
    {
      "Target": "Parameter",
      "Id": "Param22",
      "Segments": [
        0,
        -30,
        0,
        8,
        -30
      ]
    },
    {
      "Target": "Parameter",
      "Id": "Param16",
      "Segments": [
        0,
        0,
        0,
        8,
        0
      ]
    },
    {
      "Target": "Parameter",
      "Id": "Param7",
      "Segments": [
        0,
        30,
        0,
        8,
        30
      ]
    },
    {
      "Target": "Parameter",
      "Id": "Param10",
      "Segments": [
        0,
        30,
        0,
        8,
        30
      ]
    },
    {
      "Target": "Parameter",
      "Id": "Param12",
      "Segments": [
        0,
        25,
        0,
        8,
        25
      ]
    },
    {
      "Target": "Parameter",
      "Id": "Param25",
      "Segments": [
        0,
        -30,
        0,
        8,
        -30
      ]
    },
    {
      "Target": "Parameter",
      "Id": "Param26",
      "Segments": [
        0,
        -30,
        0,
        8,
        -30
      ]
    },
    {
      "Target": "PartOpacity",
      "Id": "Part6",
      "Segments": [
        0,
        1,
        0,
        8,
        1
      ]
    },
    {
      "Target": "PartOpacity",
      "Id": "Part38",
      "Segments": [
        0,
        1,
        0,
        8,
        1
      ]
    },
    {
      "Target": "PartOpacity",
      "Id": "Part7",
      "Segments": [
        0,
        1,
        0,
        8,
        1
      ]
    },
    {
      "Target": "PartOpacity",
      "Id": "Part18",
      "Segments": [
        0,
        1,
        0,
        8,
        1
      ]
    },
    {
      "Target": "PartOpacity",
      "Id": "Part19",
      "Segments": [
        0,
        1,
        0,
        8,
        1
      ]
    },
    {
      "Target": "PartOpacity",
      "Id": "Part37",
      "Segments": [
        0,
        1,
        0,
        8,
        1
      ]
    },
    {
      "Target": "PartOpacity",
      "Id": "Part41",
      "Segments": [
        0,
        0,
        0,
        8,
        0
      ]
    },
    {
      "Target": "PartOpacity",
      "Id": "Part30",
      "Segments": [
        0,
        1,
        0,
        8,
        1
      ]
    },
    {
      "Target": "PartOpacity",
      "Id": "Part20",
      "Segments": [
        0,
        1,
        0,
        8,
        1
      ]
    },
    {
      "Target": "PartOpacity",
      "Id": "Part21",
      "Segments": [
        0,
        1,
        0,
        8,
        1
      ]
    },
    {
      "Target": "PartOpacity",
      "Id": "Part42",
      "Segments": [
        0,
        1,
        0,
        8,
        1
      ]
    },
    {
      "Target": "PartOpacity",
      "Id": "Part43",
      "Segments": [
        0,
        0,
        0,
        8,
        0
      ]
    },
    {
      "Target": "PartOpacity",
      "Id": "Part39",
      "Segments": [
        0,
        1,
        0,
        8,
        1
      ]
    },
    {
      "Target": "PartOpacity",
      "Id": "Part25",
      "Segments": [
        0,
        1,
        0,
        8,
        1
      ]
    },
    {
      "Target": "PartOpacity",
      "Id": "Part28",
      "Segments": [
        0,
        1,
        0,
        8,
        1
      ]
    }
  ],
  "UserData": [
    {
      "Time": 0.0,
      "Value": ""
    }
  ]
}