{
  "Version": 3,
  "Meta": {
    "Duration": 2.0,
    "Fps": 30.0,
    "Loop": true,
    "AreBeziersRestricted": true,
    "CurveCount": 46,
    "TotalSegmentCount": 96,
    "TotalPointCount": 174,
    "UserDataCount": 1,
    "TotalUserDataSize": 0
  },
  "Curves": [
    {
      "Target": "Parameter",
      "Id": "Param31",
      "Segments": [
        0,
        0,
        0,
        1.7,
        -18,
        0,
        2,
        -16.4
      ]
    },
    {
      "Target": "Parameter",
      "Id": "Param32",
      "Segments": [
        0,
        0,
        0,
        1.5,
        -11,
        1,
        1.667,
        -11,
        1.833,
        -12.03,
        2,
        -10
      ]
    },
    {
      "Target": "Parameter",
      "Id": "Param29",
      "Segments": [
        0,
        0,
        0,
        1.7,
        -13,
        1,
        1.8,
        -13,
        1.9,
        -13.528,
        2,
        -11.8
      ]
    },
    {
      "Target": "Parameter",
      "Id": "Param4",
      "Segments": [
        0,
        0,
        0,
        2,
        -7
      ]
    },
    {
      "Target": "Parameter",
      "Id": "Param18",
      "Segments": [
        0,
        0,
        1,
        0.667,
        0,
        1.333,
        -4.68,
        2,
        -10.4
      ]
    },
    {
      "Target": "Parameter",
      "Id": "EyeR_Open",
      "Segments": [
        0,
        1,
        2,
        0.3,
        1,
        2,
        0.4,
        1,
        1,
        0.411,
        1,
        0.422,
        1.003,
        0.433,
        0.9,
        1,
        0.444,
        0.797,
        0.456,
        0.369,
        0.467,
        0.2,
        1,
        0.478,
        0.031,
        0.489,
        0,
        0.5,
        0,
        2,
        0.533,
        0,
        1,
        0.544,
        0,
        0.556,
        0.031,
        0.567,
        0.2,
        1,
        0.578,
        0.369,
        0.589,
        0.797,
        0.6,
        0.9,
        1,
        0.611,
        1.003,
        0.622,
        1,
        0.633,
        1,
        2,
        0.833,
        1,
        2,
        2,
        1
      ]
    },
    {
      "Target": "Parameter",
      "Id": "ParamEyeRSmile",
      "Segments": [
        0,
        0,
        1,
        0.2,
        0,
        0.4,
        0.169,
        0.6,
        0.4,
        1,
        0.678,
        0.49,
        0.755,
        0.5,
        0.833,
        0.5,
        2,
        2,
        0.5
      ]
    },
    {
      "Target": "Parameter",
      "Id": "EyeL_Open",
      "Segments": [
        0,
        1,
        2,
        0.3,
        1,
        2,
        0.4,
        1,
        1,
        0.411,
        1,
        0.422,
        1.003,
        0.433,
        0.9,
        1,
        0.444,
        0.797,
        0.456,
        0.369,
        0.467,
        0.2,
        1,
        0.478,
        0.031,
        0.489,
        0,
        0.5,
        0,
        2,
        0.533,
        0,
        1,
        0.544,
        0,
        0.556,
        0.031,
        0.567,
        0.2,
        1,
        0.578,
        0.369,
        0.589,
        0.797,
        0.6,
        0.9,
        1,
        0.611,
        1.003,
        0.622,
        1,
        0.633,
        1,
        2,
        0.833,
        1,
        2,
        2,
        1
      ]
    },
    {
      "Target": "Parameter",
      "Id": "ParamEyeLSmile",
      "Segments": [
        0,
        0,
        1,
        0.2,
        0,
        0.4,
        0.112,
        0.6,
        0.351,
        1,
        0.678,
        0.445,
        0.755,
        0.5,
        0.833,
        0.5,
        2,
        2,
        0.5
      ]
    },
    {
      "Target": "Parameter",
      "Id": "ParamBrowLY",
      "Segments": [
        0,
        0,
        1,
        0.1,
        0,
        0.2,
        0.063,
        0.3,
        0.076,
        1,
        0.478,
        0.099,
        0.655,
        0.1,
        0.833,
        0.1,
        2,
        2,
        0.1
      ]
    },
    {
      "Target": "Parameter",
      "Id": "ParamBrowRY",
      "Segments": [
        0,
        0,
        1,
        0.1,
        0,
        0.2,
        0.066,
        0.3,
        0.078,
        1,
        0.478,
        0.099,
        0.655,
        0.1,
        0.833,
        0.1,
        2,
        2,
        0.1
      ]
    },
    {
      "Target": "Parameter",
      "Id": "ParamBrowLAngle",
      "Segments": [
        0,
        0,
        1,
        0.1,
        0,
        0.2,
        -0.41,
        0.3,
        -0.443,
        1,
        0.478,
        -0.5,
        0.655,
        -0.5,
        0.833,
        -0.5,
        2,
        2,
        -0.5
      ]
    },
    {
      "Target": "Parameter",
      "Id": "ParamBrowRAngle",
      "Segments": [
        0,
        0,
        1,
        0.1,
        0,
        0.2,
        -0.415,
        0.3,
        -0.446,
        1,
        0.478,
        -0.5,
        0.655,
        -0.5,
        0.833,
        -0.5,
        2,
        2,
        -0.5
      ]
    },
    {
      "Target": "Parameter",
      "Id": "ParamBrowLForm2",
      "Segments": [
        0,
        0,
        1,
        0.1,
        0,
        0.2,
        -0.417,
        0.3,
        -0.447,
        1,
        0.478,
        -0.5,
        0.655,
        -0.5,
        0.833,
        -0.5,
        2,
        2,
        -0.5
      ]
    },
    {
      "Target": "Parameter",
      "Id": "ParamBrowRForm2",
      "Segments": [
        0,
        0,
        1,
        0.1,
        0,
        0.2,
        -0.449,
        0.3,
        -0.503,
        1,
        0.478,
        -0.598,
        0.655,
        -0.6,
        0.833,
        -0.6,
        2,
        2,
        -0.6
      ]
    },
    {
      "Target": "Parameter",
      "Id": "ParamMouthForm",
      "Segments": [
        0,
        0,
        1,
        0.1,
        0,
        0.2,
        -0.48,
        0.3,
        -0.551,
        1,
        0.389,
        -0.613,
        0.478,
        -0.6,
        0.567,
        -0.6,
        0,
        2,
        -0.5
      ]
    },
    {
      "Target": "Parameter",
      "Id": "Mouth_Open",
      "Segments": [
        0,
        1,
        0,
        0.3,
        0.5,
        0,
        0.567,
        1,
        2,
        2,
        1
      ]
    },
    {
      "Target": "Parameter",
      "Id": "Mouth_Size",
      "Segments": [
        0,
        0.5,
        0,
        0.3,
        0,
        2,
        0.567,
        0,
        2,
        2,
        0
      ]
    },
    {
      "Target": "Parameter",
      "Id": "Param24",
      "Segments": [
        0,
        0,
        0,
        1.833,
        13,
        2,
        2,
        13
      ]
    },
    {
      "Target": "Parameter",
      "Id": "Param23",
      "Segments": [
        0,
        -30,
        1,
        0.667,
        -30,
        1.333,
        -2.218,
        2,
        26.7
      ]
    },
    {
      "Target": "Parameter",
      "Id": "Param3",
      "Segments": [
        0,
        0,
        0,
        2,
        13
      ]
    },
    {
      "Target": "Parameter",
      "Id": "Param2",
      "Segments": [
        0,
        0,
        1,
        0.633,
        0,
        1.267,
        2.346,
        1.9,
        7,
        1,
        1.933,
        7.245,
        1.967,
        7.499,
        2,
        7.7
      ]
    },
    {
      "Target": "Parameter",
      "Id": "Param30",
      "Segments": [
        0,
        0,
        0,
        1.467,
        19,
        1,
        1.645,
        19,
        1.822,
        17.983,
        2,
        11.6
      ]
    },
    {
      "Target": "Parameter",
      "Id": "Param8",
      "Segments": [
        0,
        0,
        0,
        1.267,
        14,
        1,
        1.511,
        14,
        1.756,
        7.862,
        2,
        0
      ]
    },
    {
      "Target": "Parameter",
      "Id": "Param9",
      "Segments": [
        0,
        0,
        1,
        0.667,
        0,
        1.333,
        -2.93,
        2,
        -10.4
      ]
    },
    {
      "Target": "PartOpacity",
      "Id": "Part20",
      "Segments": [
        0,
        0,
        2,
        2,
        0
      ]
    },
    {
      "Target": "PartOpacity",
      "Id": "Part22",
      "Segments": [
        0,
        0,
        2,
        2,
        0
      ]
    },
    {
      "Target": "Parameter",
      "Id": "Param15",
      "Segments": [
        0,
        0,
        0,
        2,
        0
      ]
    },
    {
      "Target": "Parameter",
      "Id": "Param13",
      "Segments": [
        0,
        0,
        0,
        2,
        0
      ]
    },
    {
      "Target": "Parameter",
      "Id": "Param14",
      "Segments": [
        0,
        0,
        0,
        2,
        0
      ]
    },
    {
      "Target": "Parameter",
      "Id": "ParamEyeBallX",
      "Segments": [
        0,
        0.2,
        0,
        2,
        0.2
      ]
    },
    {
      "Target": "Parameter",
      "Id": "ParamEyeBallY",
      "Segments": [
        0,
        0,
        0,
        2,
        0
      ]
    },
    {
      "Target": "Parameter",
      "Id": "Param11",
      "Segments": [
        0,
        0,
        0,
        2,
        0
      ]
    },
    {
      "Target": "Parameter",
      "Id": "ParamBrowLForm",
      "Segments": [
        0,
        0,
        0,
        2,
        0
      ]
    },
    {
      "Target": "Parameter",
      "Id": "ParamBrowRForm",
      "Segments": [
        0,
        0,
        0,
        2,
        0
      ]
    },
    {
      "Target": "Parameter",
      "Id": "Param6",
      "Segments": [
        0,
        0,
        0,
        2,
        0
      ]
    },
    {
      "Target": "Parameter",
      "Id": "Param5",
      "Segments": [
        0,
        0,
        0,
        2,
        0
      ]
    },
    {
      "Target": "Parameter",
      "Id": "Param",
      "Segments": [
        0,
        0,
        0,
        2,
        0
      ]
    },
    {
      "Target": "PartOpacity",
      "Id": "Part13",
      "Segments": [
        0,
        1,
        0,
        2,
        1
      ]
    },
    {
      "Target": "PartOpacity",
      "Id": "Part6",
      "Segments": [
        0,
        1,
        0,
        2,
        1
      ]
    },
    {
      "Target": "PartOpacity",
      "Id": "Part38",
      "Segments": [
        0,
        1,
        0,
        2,
        1
      ]
    },
    {
      "Target": "PartOpacity",
      "Id": "Part19",
      "Segments": [
        0,
        1,
        0,
        2,
        1
      ]
    },
    {
      "Target": "PartOpacity",
      "Id": "Part37",
      "Segments": [
        0,
        0,
        0,
        2,
        0
      ]
    },
    {
      "Target": "PartOpacity",
      "Id": "Part39",
      "Segments": [
        0,
        0,
        0,
        2,
        0
      ]
    },
    {
      "Target": "PartOpacity",
      "Id": "Part25",
      "Segments": [
        0,
        1,
        0,
        2,
        1
      ]
    },
    {
      "Target": "PartOpacity",
      "Id": "Part28",
      "Segments": [
        0,
        1,
        0,
        2,
        1
      ]
    }
  ],
  "UserData": [
    {
      "Time": 0.0,
      "Value": ""
    }
  ]
}