{
  "Version": 3,
  "Meta": {
    "Duration": 2.0,
    "Fps": 30.0,
    "Loop": true,
    "AreBeziersRestricted": true,
    "CurveCount": 46,
    "TotalSegmentCount": 91,
    "TotalPointCount": 141,
    "UserDataCount": 1,
    "TotalUserDataSize": 0
  },
  "Curves": [
    {
      "Target": "Parameter",
      "Id": "Param31",
      "Segments": [
        0,
        0,
        0,
        1.7,
        -18,
        0,
        2,
        -16.4
      ]
    },
    {
      "Target": "Parameter",
      "Id": "Param32",
      "Segments": [
        0,
        0,
        0,
        1.5,
        -11,
        1,
        1.667,
        -11,
        1.833,
        -12.03,
        2,
        -10
      ]
    },
    {
      "Target": "Parameter",
      "Id": "Param29",
      "Segments": [
        0,
        0,
        0,
        1.7,
        -13,
        1,
        1.8,
        -13,
        1.9,
        -13.528,
        2,
        -11.8
      ]
    },
    {
      "Target": "Parameter",
      "Id": "Param4",
      "Segments": [
        0,
        0,
        1,
        0.667,
        0,
        1.333,
        -3.349,
        2,
        -7
      ]
    },
    {
      "Target": "Parameter",
      "Id": "Param18",
      "Segments": [
        0,
        0,
        1,
        0.667,
        0,
        1.333,
        -4.68,
        2,
        -10.4
      ]
    },
    {
      "Target": "Parameter",
      "Id": "EyeR_Open",
      "Segments": [
        0,
        1,
        0,
        0.267,
        0,
        2,
        0.833,
        0,
        2,
        2,
        0
      ]
    },
    {
      "Target": "Parameter",
      "Id": "ParamEyeRSmile",
      "Segments": [
        0,
        0,
        0,
        0.033,
        0.5,
        1,
        0.111,
        0.5,
        0.189,
        -0.862,
        0.267,
        -0.9,
        1,
        0.456,
        -0.993,
        0.644,
        -1,
        0.833,
        -1,
        2,
        2,
        -1
      ]
    },
    {
      "Target": "Parameter",
      "Id": "Param13",
      "Segments": [
        0,
        0,
        1,
        0.089,
        0,
        0.178,
        -0.79,
        0.267,
        -0.855,
        1,
        0.456,
        -0.992,
        0.644,
        -1,
        0.833,
        -1,
        2,
        2,
        -1
      ]
    },
    {
      "Target": "Parameter",
      "Id": "EyeL_Open",
      "Segments": [
        0,
        1,
        2,
        0.033,
        1,
        1,
        0.055,
        1,
        0.078,
        1.006,
        0.1,
        0.9,
        1,
        0.133,
        0.74,
        0.167,
        0.26,
        0.2,
        0.1,
        1,
        0.222,
        -0.006,
        0.245,
        0,
        0.267,
        0,
        2,
        0.833,
        0,
        2,
        2,
        0
      ]
    },
    {
      "Target": "Parameter",
      "Id": "ParamEyeLSmile",
      "Segments": [
        0,
        0,
        0,
        0.033,
        0.7,
        1,
        0.066,
        0.7,
        0.1,
        -0.606,
        0.133,
        -0.7,
        1,
        0.178,
        -0.826,
        0.222,
        -0.914,
        0.267,
        -0.927,
        1,
        0.456,
        -0.985,
        0.644,
        -1,
        0.833,
        -1,
        2,
        2,
        -1
      ]
    },
    {
      "Target": "Parameter",
      "Id": "ParamEyeBallX",
      "Segments": [
        0,
        0.2,
        0,
        0.267,
        0,
        2,
        0.833,
        0,
        1,
        1.222,
        0,
        1.611,
        0.01,
        2,
        0.2
      ]
    },
    {
      "Target": "Parameter",
      "Id": "ParamBrowLY",
      "Segments": [
        0,
        0,
        0,
        0.033,
        0.1,
        1,
        0.1,
        0.1,
        0.166,
        -0.361,
        0.233,
        -0.392,
        1,
        0.433,
        -0.486,
        0.633,
        -0.5,
        0.833,
        -0.5,
        2,
        2,
        -0.5
      ]
    },
    {
      "Target": "Parameter",
      "Id": "ParamBrowRY",
      "Segments": [
        0,
        0,
        0,
        0.033,
        0.1,
        1,
        0.1,
        0.1,
        0.166,
        -0.377,
        0.233,
        -0.405,
        1,
        0.433,
        -0.488,
        0.633,
        -0.5,
        0.833,
        -0.5,
        2,
        2,
        -0.5
      ]
    },
    {
      "Target": "Parameter",
      "Id": "ParamBrowLForm",
      "Segments": [
        0,
        0,
        0,
        0.033,
        0.2,
        0,
        0.233,
        -1,
        2,
        0.833,
        -1,
        2,
        2,
        -1
      ]
    },
    {
      "Target": "Parameter",
      "Id": "ParamBrowRForm",
      "Segments": [
        0,
        0,
        0,
        0.033,
        0.2,
        0,
        0.233,
        -1,
        2,
        0.833,
        -1,
        2,
        2,
        -1
      ]
    },
    {
      "Target": "Parameter",
      "Id": "ParamMouthForm",
      "Segments": [
        0,
        0,
        0,
        0.133,
        -1,
        0,
        0.833,
        -0.8,
        0,
        2,
        -1
      ]
    },
    {
      "Target": "Parameter",
      "Id": "Mouth_Open",
      "Segments": [
        0,
        1,
        0,
        0.133,
        0.8,
        2,
        0.3,
        0.8,
        2,
        2,
        0.8
      ]
    },
    {
      "Target": "Parameter",
      "Id": "Mouth_Size",
      "Segments": [
        0,
        0.5,
        0,
        0.2,
        0.3,
        2,
        0.567,
        0.3,
        2,
        0.833,
        0.3,
        2,
        2,
        0.3
      ]
    },
    {
      "Target": "Parameter",
      "Id": "Param24",
      "Segments": [
        0,
        0,
        0,
        1.833,
        13,
        2,
        2,
        13
      ]
    },
    {
      "Target": "Parameter",
      "Id": "Param23",
      "Segments": [
        0,
        -30,
        1,
        0.667,
        -30,
        1.333,
        -2.218,
        2,
        26.7
      ]
    },
    {
      "Target": "Parameter",
      "Id": "Param3",
      "Segments": [
        0,
        0,
        0,
        2,
        13
      ]
    },
    {
      "Target": "Parameter",
      "Id": "Param2",
      "Segments": [
        0,
        0,
        1,
        0.633,
        0,
        1.267,
        2.346,
        1.9,
        7,
        1,
        1.933,
        7.245,
        1.967,
        7.499,
        2,
        7.7
      ]
    },
    {
      "Target": "Parameter",
      "Id": "Param30",
      "Segments": [
        0,
        0,
        0,
        1.467,
        19,
        1,
        1.645,
        19,
        1.822,
        17.983,
        2,
        11.6
      ]
    },
    {
      "Target": "Parameter",
      "Id": "Param8",
      "Segments": [
        0,
        0,
        0,
        1.267,
        14,
        1,
        1.511,
        14,
        1.756,
        7.862,
        2,
        0
      ]
    },
    {
      "Target": "Parameter",
      "Id": "Param9",
      "Segments": [
        0,
        0,
        1,
        0.667,
        0,
        1.333,
        -2.93,
        2,
        -10.4
      ]
    },
    {
      "Target": "PartOpacity",
      "Id": "Part20",
      "Segments": [
        0,
        0,
        2,
        2,
        0
      ]
    },
    {
      "Target": "PartOpacity",
      "Id": "Part22",
      "Segments": [
        0,
        0,
        2,
        2,
        0
      ]
    },
    {
      "Target": "Parameter",
      "Id": "Param15",
      "Segments": [
        0,
        0,
        0,
        2,
        0
      ]
    },
    {
      "Target": "Parameter",
      "Id": "Param14",
      "Segments": [
        0,
        0,
        0,
        2,
        0
      ]
    },
    {
      "Target": "Parameter",
      "Id": "ParamEyeBallY",
      "Segments": [
        0,
        0,
        0,
        2,
        0
      ]
    },
    {
      "Target": "Parameter",
      "Id": "Param11",
      "Segments": [
        0,
        0,
        0,
        2,
        0
      ]
    },
    {
      "Target": "Parameter",
      "Id": "ParamBrowLAngle",
      "Segments": [
        0,
        0,
        0,
        2,
        0
      ]
    },
    {
      "Target": "Parameter",
      "Id": "ParamBrowRAngle",
      "Segments": [
        0,
        0,
        0,
        2,
        0
      ]
    },
    {
      "Target": "Parameter",
      "Id": "ParamBrowLForm2",
      "Segments": [
        0,
        0,
        0,
        2,
        0
      ]
    },
    {
      "Target": "Parameter",
      "Id": "ParamBrowRForm2",
      "Segments": [
        0,
        0,
        0,
        2,
        0
      ]
    },
    {
      "Target": "Parameter",
      "Id": "Param6",
      "Segments": [
        0,
        0,
        0,
        2,
        0
      ]
    },
    {
      "Target": "Parameter",
      "Id": "Param5",
      "Segments": [
        0,
        0,
        0,
        2,
        0
      ]
    },
    {
      "Target": "Parameter",
      "Id": "Param",
      "Segments": [
        0,
        0,
        0,
        2,
        0
      ]
    },
    {
      "Target": "PartOpacity",
      "Id": "Part13",
      "Segments": [
        0,
        1,
        0,
        2,
        1
      ]
    },
    {
      "Target": "PartOpacity",
      "Id": "Part6",
      "Segments": [
        0,
        1,
        0,
        2,
        1
      ]
    },
    {
      "Target": "PartOpacity",
      "Id": "Part38",
      "Segments": [
        0,
        1,
        0,
        2,
        1
      ]
    },
    {
      "Target": "PartOpacity",
      "Id": "Part19",
      "Segments": [
        0,
        1,
        0,
        2,
        1
      ]
    },
    {
      "Target": "PartOpacity",
      "Id": "Part37",
      "Segments": [
        0,
        0,
        0,
        2,
        0
      ]
    },
    {
      "Target": "PartOpacity",
      "Id": "Part39",
      "Segments": [
        0,
        0,
        0,
        2,
        0
      ]
    },
    {
      "Target": "PartOpacity",
      "Id": "Part25",
      "Segments": [
        0,
        1,
        0,
        2,
        1
      ]
    },
    {
      "Target": "PartOpacity",
      "Id": "Part28",
      "Segments": [
        0,
        1,
        0,
        2,
        1
      ]
    }
  ],
  "UserData": [
    {
      "Time": 0.0,
      "Value": ""
    }
  ]
}