{
  "Version": 3,
  "Meta": {
    "Duration": 1.333,
    "Fps": 30.0,
    "Loop": true,
    "AreBeziersRestricted": true,
    "CurveCount": 58,
    "TotalSegmentCount": 175,
    "TotalPointCount": 223,
    "UserDataCount": 1,
    "TotalUserDataSize": 0
  },
  "Curves": [
    {
      "Target": "Parameter",
      "Id": "Param31",
      "Segments": [
        0,
        0,
        1,
        0.122,
        0,
        0.245,
        -6.28,
        0.367,
        -20,
        1,
        0.422,
        -26.236,
        0.478,
        -30,
        0.533,
        -30,
        1,
        0.655,
        -30,
        0.778,
        -18.96,
        0.9,
        -11,
        1,
        1.044,
        -1.593,
        1.189,
        0,
        1.333,
        0
      ]
    },
    {
      "Target": "Parameter",
      "Id": "Param32",
      "Segments": [
        0,
        0,
        0,
        0.467,
        -8,
        0,
        0.733,
        11,
        1,
        0.822,
        10.351,
        0.911,
        -2.291,
        1,
        2,
        0,
        1.167,
        3,
        0,
        1.333,
        0
      ]
    },
    {
      "Target": "Parameter",
      "Id": "Param29",
      "Segments": [
        0,
        0,
        0,
        0.4,
        4,
        0,
        0.933,
        -25,
        0,
        1.333,
        -4.4
      ]
    },
    {
      "Target": "Parameter",
      "Id": "Param18",
      "Segments": [
        0,
        0,
        2,
        0.3,
        0,
        0,
        0.733,
        -5.842,
        1,
        0.833,
        -5.842,
        0.933,
        -4.662,
        1.033,
        0,
        1,
        1.078,
        2.072,
        1.122,
        6.267,
        1.167,
        6.267,
        1,
        1.222,
        6.267,
        1.278,
        4.031,
        1.333,
        0
      ]
    },
    {
      "Target": "Parameter",
      "Id": "EyeR_Open",
      "Segments": [
        0,
        1,
        0,
        0.1,
        0,
        0,
        0.2,
        1,
        2,
        0.7,
        1,
        0,
        0.8,
        0,
        0,
        0.9,
        1,
        2,
        1.033,
        1,
        2,
        1.333,
        1
      ]
    },
    {
      "Target": "Parameter",
      "Id": "ParamEyeRSmile",
      "Segments": [
        0,
        0,
        0,
        0.2,
        1,
        2,
        0.667,
        1,
        0,
        1.033,
        -1,
        2,
        1.333,
        -1
      ]
    },
    {
      "Target": "Parameter",
      "Id": "Param13",
      "Segments": [
        0,
        -0.1,
        0,
        0.2,
        -0.6,
        2,
        0.667,
        -0.6,
        2,
        1.033,
        -0.6,
        2,
        1.333,
        -0.6
      ]
    },
    {
      "Target": "Parameter",
      "Id": "EyeL_Open",
      "Segments": [
        0,
        1,
        0,
        0.1,
        0,
        0,
        0.2,
        1,
        2,
        0.7,
        1,
        0,
        0.8,
        0,
        0,
        0.9,
        1,
        2,
        1.033,
        1,
        2,
        1.333,
        1
      ]
    },
    {
      "Target": "Parameter",
      "Id": "ParamEyeLSmile",
      "Segments": [
        0,
        0,
        0,
        0.2,
        1,
        2,
        0.667,
        1,
        0,
        1.033,
        -1,
        2,
        1.333,
        -1
      ]
    },
    {
      "Target": "Parameter",
      "Id": "Param14",
      "Segments": [
        0,
        0,
        0,
        0.2,
        -0.8,
        2,
        0.667,
        -0.8,
        2,
        1.033,
        -0.8,
        2,
        1.333,
        -0.8
      ]
    },
    {
      "Target": "Parameter",
      "Id": "ParamEyeBallY",
      "Segments": [
        0,
        0,
        0,
        0.2,
        -0.2,
        2,
        0.667,
        -0.2,
        0,
        1.033,
        -0.3,
        2,
        1.333,
        -0.3
      ]
    },
    {
      "Target": "Parameter",
      "Id": "Param11",
      "Segments": [
        0,
        0,
        0,
        0.2,
        -19,
        2,
        0.667,
        -19,
        0,
        0.833,
        -12,
        2,
        1.333,
        -12
      ]
    },
    {
      "Target": "Parameter",
      "Id": "ParamBrowLY",
      "Segments": [
        0,
        0,
        0,
        0.2,
        1,
        2,
        0.667,
        1,
        0,
        0.9,
        0,
        2,
        1.033,
        0,
        2,
        1.333,
        0
      ]
    },
    {
      "Target": "Parameter",
      "Id": "ParamBrowRY",
      "Segments": [
        0,
        0,
        0,
        0.2,
        1,
        2,
        0.667,
        1,
        0,
        0.9,
        -0.3,
        2,
        1.033,
        -0.3,
        2,
        1.333,
        -0.3
      ]
    },
    {
      "Target": "Parameter",
      "Id": "ParamBrowLAngle",
      "Segments": [
        0,
        0,
        0,
        0.2,
        -0.1,
        2,
        0.667,
        -0.1,
        2,
        1.033,
        -0.1,
        2,
        1.333,
        -0.1
      ]
    },
    {
      "Target": "Parameter",
      "Id": "ParamBrowRAngle",
      "Segments": [
        0,
        0,
        0,
        0.2,
        0.3,
        2,
        0.667,
        0.3,
        2,
        1.033,
        0.3,
        2,
        1.333,
        0.3
      ]
    },
    {
      "Target": "Parameter",
      "Id": "ParamBrowLForm",
      "Segments": [
        0,
        0,
        0,
        0.2,
        -1,
        2,
        0.667,
        -1,
        2,
        1.033,
        -1,
        2,
        1.333,
        -1
      ]
    },
    {
      "Target": "Parameter",
      "Id": "ParamBrowRForm",
      "Segments": [
        0,
        0,
        0,
        0.2,
        -0.3,
        2,
        0.667,
        -0.3,
        2,
        1.033,
        -0.3,
        2,
        1.333,
        -0.3
      ]
    },
    {
      "Target": "Parameter",
      "Id": "ParamBrowRForm2",
      "Segments": [
        0,
        0,
        0,
        0.2,
        -1,
        2,
        0.667,
        -1,
        2,
        1.033,
        -1,
        2,
        1.333,
        -1
      ]
    },
    {
      "Target": "Parameter",
      "Id": "ParamMouthForm",
      "Segments": [
        0,
        0,
        0,
        0.2,
        0.8,
        2,
        0.667,
        0.8,
        2,
        1.333,
        0.8
      ]
    },
    {
      "Target": "Parameter",
      "Id": "Mouth_Size",
      "Segments": [
        0,
        0.5,
        2,
        0.2,
        0.5,
        2,
        0.4,
        0.5,
        0,
        0.633,
        0.7,
        0,
        1.333,
        0.5
      ]
    },
    {
      "Target": "Parameter",
      "Id": "Param24",
      "Segments": [
        0,
        0,
        2,
        0.633,
        0,
        1,
        0.733,
        0,
        0.833,
        -7.151,
        0.933,
        -10,
        1,
        1.066,
        -13.799,
        1.2,
        -15.677,
        1.333,
        -18.315
      ]
    },
    {
      "Target": "Parameter",
      "Id": "Param5",
      "Segments": [
        0,
        0,
        0,
        0.533,
        22,
        0,
        0.8,
        0,
        2,
        1.333,
        0
      ]
    },
    {
      "Target": "Parameter",
      "Id": "Param",
      "Segments": [
        0,
        0,
        2,
        0.167,
        0,
        0,
        0.833,
        -18,
        2,
        1.333,
        -18
      ]
    },
    {
      "Target": "Parameter",
      "Id": "Param23",
      "Segments": [
        0,
        -30,
        0,
        1.333,
        30
      ]
    },
    {
      "Target": "Parameter",
      "Id": "PARAM_Pose2",
      "Segments": [
        0,
        0,
        2,
        0.167,
        0,
        0,
        0.8,
        30,
        2,
        1.333,
        30
      ]
    },
    {
      "Target": "Parameter",
      "Id": "Param2",
      "Segments": [
        0,
        0,
        0,
        0.533,
        -12,
        0,
        1.333,
        0
      ]
    },
    {
      "Target": "Parameter",
      "Id": "Param30",
      "Segments": [
        0,
        0,
        0,
        0.333,
        -10,
        0,
        0.8,
        14,
        1,
        0.978,
        14,
        1.155,
        4.184,
        1.333,
        -6.094
      ]
    },
    {
      "Target": "Parameter",
      "Id": "Param8",
      "Segments": [
        0,
        0,
        1,
        0.1,
        0,
        0.2,
        -6.815,
        0.3,
        -10.563,
        1,
        0.411,
        -13.63,
        0.522,
        -16,
        0.633,
        -16,
        1,
        0.755,
        -16,
        0.878,
        -9.2,
        1,
        -0.815,
        1,
        1.111,
        5.111,
        1.222,
        7,
        1.333,
        7
      ]
    },
    {
      "Target": "Parameter",
      "Id": "Param9",
      "Segments": [
        0,
        0,
        2,
        0.267,
        0,
        0,
        0.667,
        -14,
        0,
        0.867,
        11,
        0,
        1.067,
        -1,
        0,
        1.333,
        5
      ]
    },
    {
      "Target": "Parameter",
      "Id": "Param17",
      "Segments": [
        0,
        0,
        2,
        0.167,
        0,
        1,
        0.267,
        0,
        0.367,
        4.074,
        0.467,
        15,
        1,
        0.522,
        21.07,
        0.578,
        26,
        0.633,
        26,
        0,
        0.8,
        19.5,
        2,
        1.333,
        19.5
      ]
    },
    {
      "Target": "Parameter",
      "Id": "Param19",
      "Segments": [
        0,
        0,
        2,
        0.167,
        0,
        1,
        0.267,
        0,
        0.367,
        22.265,
        0.467,
        26,
        1,
        0.578,
        30.15,
        0.689,
        30,
        0.8,
        30,
        2,
        1.333,
        30
      ]
    },
    {
      "Target": "Parameter",
      "Id": "Param20",
      "Segments": [
        0,
        0,
        2,
        0.167,
        0,
        1,
        0.267,
        0,
        0.367,
        5.116,
        0.467,
        13.2,
        1,
        0.522,
        17.691,
        0.578,
        21.395,
        0.633,
        25,
        1,
        0.689,
        28.605,
        0.744,
        30,
        0.8,
        30,
        2,
        1.333,
        30
      ]
    },
    {
      "Target": "Parameter",
      "Id": "Param22",
      "Segments": [
        0,
        0,
        2,
        0.167,
        0,
        1,
        0.267,
        0,
        0.367,
        5.077,
        0.467,
        13.24,
        1,
        0.578,
        22.31,
        0.689,
        26,
        0.8,
        26,
        2,
        1.333,
        26
      ]
    },
    {
      "Target": "Parameter",
      "Id": "Param7",
      "Segments": [
        0,
        0,
        2,
        0.167,
        0,
        2,
        0.467,
        0,
        0,
        0.8,
        2,
        2,
        1.333,
        2
      ]
    },
    {
      "Target": "Parameter",
      "Id": "Param27",
      "Segments": [
        0,
        0,
        2,
        0.167,
        0,
        0,
        0.8,
        30,
        2,
        1.333,
        30
      ]
    },
    {
      "Target": "Parameter",
      "Id": "Param25",
      "Segments": [
        0,
        0,
        2,
        0.167,
        0,
        0,
        0.8,
        30,
        2,
        1.333,
        30
      ]
    },
    {
      "Target": "Parameter",
      "Id": "Param26",
      "Segments": [
        0,
        0,
        2,
        0.167,
        0,
        0,
        0.8,
        30,
        2,
        1.333,
        30
      ]
    },
    {
      "Target": "PartOpacity",
      "Id": "Part20",
      "Segments": [
        0,
        0,
        2,
        1.33,
        0
      ]
    },
    {
      "Target": "PartOpacity",
      "Id": "Part22",
      "Segments": [
        0,
        0,
        2,
        0.33,
        0,
        2,
        0.47,
        1,
        2,
        1.33,
        1
      ]
    },
    {
      "Target": "PartOpacity",
      "Id": "Part43",
      "Segments": [
        0,
        1,
        2,
        0.47,
        1,
        2,
        0.5,
        0,
        2,
        1.33,
        0
      ]
    },
    {
      "Target": "Parameter",
      "Id": "Param4",
      "Segments": [
        0,
        0,
        0,
        1.333,
        0
      ]
    },
    {
      "Target": "Parameter",
      "Id": "Param15",
      "Segments": [
        0,
        0,
        0,
        1.333,
        0
      ]
    },
    {
      "Target": "Parameter",
      "Id": "ParamEyeBallX",
      "Segments": [
        0,
        0.2,
        0,
        1.333,
        0.2
      ]
    },
    {
      "Target": "Parameter",
      "Id": "ParamBrowLForm2",
      "Segments": [
        0,
        0,
        0,
        1.333,
        0
      ]
    },
    {
      "Target": "Parameter",
      "Id": "Mouth_Open",
      "Segments": [
        0,
        1,
        0,
        1.333,
        1
      ]
    },
    {
      "Target": "Parameter",
      "Id": "Param6",
      "Segments": [
        0,
        0,
        0,
        1.333,
        0
      ]
    },
    {
      "Target": "Parameter",
      "Id": "Param3",
      "Segments": [
        0,
        0,
        0,
        1.333,
        0
      ]
    },
    {
      "Target": "Parameter",
      "Id": "Param12",
      "Segments": [
        0,
        0,
        0,
        1.333,
        0
      ]
    },
    {
      "Target": "PartOpacity",
      "Id": "Part6",
      "Segments": [
        0,
        1,
        0,
        1.333,
        1
      ]
    },
    {
      "Target": "PartOpacity",
      "Id": "Part38",
      "Segments": [
        0,
        1,
        0,
        1.333,
        1
      ]
    },
    {
      "Target": "PartOpacity",
      "Id": "Part7",
      "Segments": [
        0,
        1,
        0,
        1.333,
        1
      ]
    },
    {
      "Target": "PartOpacity",
      "Id": "Part33",
      "Segments": [
        0,
        1,
        0,
        1.333,
        1
      ]
    },
    {
      "Target": "PartOpacity",
      "Id": "Part19",
      "Segments": [
        0,
        1,
        0,
        1.333,
        1
      ]
    },
    {
      "Target": "PartOpacity",
      "Id": "Part37",
      "Segments": [
        0,
        0,
        0,
        1.333,
        0
      ]
    },
    {
      "Target": "PartOpacity",
      "Id": "Part44",
      "Segments": [
        0,
        1,
        0,
        1.333,
        1
      ]
    },
    {
      "Target": "PartOpacity",
      "Id": "Part39",
      "Segments": [
        0,
        0,
        0,
        1.333,
        0
      ]
    },
    {
      "Target": "PartOpacity",
      "Id": "Part28",
      "Segments": [
        0,
        1,
        0,
        1.333,
        1
      ]
    }
  ],
  "UserData": [
    {
      "Time": 0.0,
      "Value": ""
    }
  ]
}