{
  "Version": 3,
  "Meta": {
    "Duration": 6.0,
    "Fps": 30.0,
    "Loop": true,
    "AreBeziersRestricted": true,
    "CurveCount": 46,
    "TotalSegmentCount": 102,
    "TotalPointCount": 186,
    "UserDataCount": 1,
    "TotalUserDataSize": 0
  },
  "Curves": [
    {
      "Target": "Parameter",
      "Id": "Param31",
      "Segments": [
        0,
        -16.4,
        1,
        0.5,
        -12.197,
        1,
        4,
        1.5,
        4,
        0,
        2.167,
        -6,
        1,
        2.467,
        -6,
        2.767,
        0.736,
        3.067,
        8,
        1,
        3.367,
        15.264,
        3.667,
        17,
        3.967,
        17,
        1,
        4.322,
        17,
        4.678,
        7.092,
        5.033,
        -4,
        1,
        5.355,
        -14.052,
        5.678,
        -16.4,
        6,
        -16.4
      ]
    },
    {
      "Target": "Parameter",
      "Id": "Param32",
      "Segments": [
        0,
        -10,
        1,
        0.433,
        -8.791,
        0.867,
        16,
        1.3,
        16,
        0,
        2.4,
        -15,
        1,
        2.744,
        -15,
        3.089,
        -4.759,
        3.433,
        3,
        1,
        3.655,
        8.006,
        3.878,
        8,
        4.1,
        8,
        1,
        4.356,
        8,
        4.611,
        -1.846,
        4.867,
        -5,
        1,
        5.245,
        -9.663,
        5.622,
        -10,
        6,
        -10
      ]
    },
    {
      "Target": "Parameter",
      "Id": "Param29",
      "Segments": [
        0,
        -11.8,
        0,
        1.7,
        7,
        1,
        1.978,
        7,
        2.255,
        3.751,
        2.533,
        -4,
        1,
        2.633,
        -6.79,
        2.733,
        -9,
        2.833,
        -9,
        1,
        3,
        -9,
        3.166,
        -7.702,
        3.333,
        -5,
        1,
        3.578,
        -1.037,
        3.822,
        1,
        4.067,
        1,
        1,
        4.367,
        1,
        4.667,
        -2.136,
        4.967,
        -6,
        1,
        5.311,
        -10.436,
        5.656,
        -11.8,
        6,
        -11.8
      ]
    },
    {
      "Target": "Parameter",
      "Id": "Param4",
      "Segments": [
        0,
        -7,
        1,
        0.411,
        -9.251,
        0.822,
        -11.04,
        1.233,
        -12,
        1,
        1.944,
        -13.66,
        2.656,
        -14.784,
        3.367,
        -16,
        1,
        3.811,
        -16.76,
        4.256,
        -17,
        4.7,
        -17,
        0,
        6,
        -7
      ]
    },
    {
      "Target": "Parameter",
      "Id": "Param15",
      "Segments": [
        0,
        0,
        0,
        1.233,
        2,
        0,
        3.367,
        -14,
        1,
        3.811,
        -14,
        4.256,
        -12.608,
        4.7,
        -8,
        1,
        5.133,
        -3.507,
        5.567,
        0,
        6,
        0
      ]
    },
    {
      "Target": "Parameter",
      "Id": "Param18",
      "Segments": [
        0,
        -10.4,
        1,
        0.1,
        -11.258,
        0.2,
        -11,
        0.3,
        -11,
        0,
        1.967,
        26,
        0,
        2.767,
        0,
        0,
        5.067,
        12,
        0,
        6,
        -10.4
      ]
    },
    {
      "Target": "Parameter",
      "Id": "ParamEyeBallX",
      "Segments": [
        0,
        0.2,
        1,
        0.4,
        0.395,
        0.8,
        0.7,
        1.2,
        0.7,
        2,
        3.333,
        0.7,
        1,
        3.778,
        0.7,
        4.222,
        0.707,
        4.667,
        0.6,
        1,
        5.111,
        0.493,
        5.556,
        0.2,
        6,
        0.2
      ]
    },
    {
      "Target": "Parameter",
      "Id": "ParamEyeBallY",
      "Segments": [
        0,
        0,
        0,
        1.2,
        -0.1,
        0,
        3.333,
        0,
        2,
        4.667,
        0,
        2,
        6,
        0
      ]
    },
    {
      "Target": "Parameter",
      "Id": "Param24",
      "Segments": [
        0,
        13,
        1,
        0.356,
        13,
        0.711,
        12.865,
        1.067,
        4,
        1,
        1.367,
        -3.48,
        1.667,
        -30,
        1.967,
        -30,
        1,
        2.734,
        -30,
        3.5,
        -2.35,
        4.267,
        7,
        1,
        4.845,
        14.046,
        5.422,
        13,
        6,
        13
      ]
    },
    {
      "Target": "Parameter",
      "Id": "Param23",
      "Segments": [
        0,
        26.7,
        1,
        0.111,
        31.52,
        0.222,
        30,
        0.333,
        30,
        0,
        2.533,
        -30,
        0,
        4.2,
        30,
        0,
        6,
        26.7
      ]
    },
    {
      "Target": "Parameter",
      "Id": "Param3",
      "Segments": [
        0,
        13,
        2,
        0.033,
        13,
        1,
        0.133,
        13,
        0.233,
        13.275,
        0.333,
        12,
        1,
        0.844,
        5.481,
        1.356,
        0,
        1.867,
        0,
        0,
        3.5,
        30,
        0,
        6,
        13
      ]
    },
    {
      "Target": "Parameter",
      "Id": "Param2",
      "Segments": [
        0,
        7.7,
        1,
        0.7,
        11.927,
        1.4,
        14,
        2.1,
        14,
        1,
        2.756,
        14,
        3.411,
        10.4,
        4.067,
        9,
        1,
        4.711,
        7.624,
        5.356,
        7.7,
        6,
        7.7
      ]
    },
    {
      "Target": "Parameter",
      "Id": "Param30",
      "Segments": [
        0,
        11.6,
        1,
        0.411,
        -3.161,
        0.822,
        -14,
        1.233,
        -14,
        0,
        2.833,
        16,
        0,
        4.1,
        -19,
        1,
        4.389,
        -19,
        4.678,
        -14.305,
        4.967,
        -5,
        1,
        5.311,
        5.911,
        5.656,
        16.326,
        6,
        11.6
      ]
    },
    {
      "Target": "Parameter",
      "Id": "Param8",
      "Segments": [
        0,
        0,
        1,
        0.267,
        -8.576,
        0.533,
        -11.3,
        0.8,
        -11.3,
        0,
        2.233,
        -2.37,
        0,
        4.467,
        -18.034,
        1,
        4.978,
        -15.441,
        5.489,
        10.915,
        6,
        0
      ]
    },
    {
      "Target": "Parameter",
      "Id": "Param9",
      "Segments": [
        0,
        -10.4,
        1,
        0.111,
        -11.645,
        0.222,
        -14,
        0.333,
        -14,
        0,
        1.9,
        14,
        0,
        3.067,
        -6,
        0,
        5.067,
        10,
        1,
        5.378,
        10,
        5.689,
        -0.836,
        6,
        -10.4
      ]
    },
    {
      "Target": "PartOpacity",
      "Id": "Part20",
      "Segments": [
        0,
        0,
        2,
        6,
        0
      ]
    },
    {
      "Target": "PartOpacity",
      "Id": "Part22",
      "Segments": [
        0,
        0,
        2,
        6,
        0
      ]
    },
    {
      "Target": "Parameter",
      "Id": "EyeR_Open",
      "Segments": [
        0,
        0,
        0,
        6,
        0
      ]
    },
    {
      "Target": "Parameter",
      "Id": "ParamEyeRSmile",
      "Segments": [
        0,
        -1,
        0,
        6,
        -1
      ]
    },
    {
      "Target": "Parameter",
      "Id": "Param13",
      "Segments": [
        0,
        -1,
        0,
        6,
        -1
      ]
    },
    {
      "Target": "Parameter",
      "Id": "EyeL_Open",
      "Segments": [
        0,
        0,
        0,
        6,
        0
      ]
    },
    {
      "Target": "Parameter",
      "Id": "ParamEyeLSmile",
      "Segments": [
        0,
        -1,
        0,
        6,
        -1
      ]
    },
    {
      "Target": "Parameter",
      "Id": "Param14",
      "Segments": [
        0,
        0,
        0,
        6,
        0
      ]
    },
    {
      "Target": "Parameter",
      "Id": "Param11",
      "Segments": [
        0,
        0,
        0,
        6,
        0
      ]
    },
    {
      "Target": "Parameter",
      "Id": "ParamBrowLY",
      "Segments": [
        0,
        -0.5,
        0,
        6,
        -0.5
      ]
    },
    {
      "Target": "Parameter",
      "Id": "ParamBrowRY",
      "Segments": [
        0,
        -0.5,
        0,
        6,
        -0.5
      ]
    },
    {
      "Target": "Parameter",
      "Id": "ParamBrowLAngle",
      "Segments": [
        0,
        0,
        0,
        6,
        0
      ]
    },
    {
      "Target": "Parameter",
      "Id": "ParamBrowRAngle",
      "Segments": [
        0,
        0,
        0,
        6,
        0
      ]
    },
    {
      "Target": "Parameter",
      "Id": "ParamBrowLForm",
      "Segments": [
        0,
        -1,
        0,
        6,
        -1
      ]
    },
    {
      "Target": "Parameter",
      "Id": "ParamBrowLForm2",
      "Segments": [
        0,
        0,
        0,
        6,
        0
      ]
    },
    {
      "Target": "Parameter",
      "Id": "ParamBrowRForm",
      "Segments": [
        0,
        -1,
        0,
        6,
        -1
      ]
    },
    {
      "Target": "Parameter",
      "Id": "ParamBrowRForm2",
      "Segments": [
        0,
        0,
        0,
        6,
        0
      ]
    },
    {
      "Target": "Parameter",
      "Id": "ParamMouthForm",
      "Segments": [
        0,
        -1,
        0,
        6,
        -1
      ]
    },
    {
      "Target": "Parameter",
      "Id": "Mouth_Open",
      "Segments": [
        0,
        0.8,
        0,
        6,
        0.8
      ]
    },
    {
      "Target": "Parameter",
      "Id": "Param6",
      "Segments": [
        0,
        0,
        0,
        6,
        0
      ]
    },
    {
      "Target": "Parameter",
      "Id": "Mouth_Size",
      "Segments": [
        0,
        0.3,
        0,
        6,
        0.3
      ]
    },
    {
      "Target": "Parameter",
      "Id": "Param5",
      "Segments": [
        0,
        0,
        0,
        6,
        0
      ]
    },
    {
      "Target": "Parameter",
      "Id": "Param",
      "Segments": [
        0,
        0,
        0,
        6,
        0
      ]
    },
    {
      "Target": "PartOpacity",
      "Id": "Part13",
      "Segments": [
        0,
        1,
        0,
        6,
        1
      ]
    },
    {
      "Target": "PartOpacity",
      "Id": "Part6",
      "Segments": [
        0,
        1,
        0,
        6,
        1
      ]
    },
    {
      "Target": "PartOpacity",
      "Id": "Part38",
      "Segments": [
        0,
        1,
        0,
        6,
        1
      ]
    },
    {
      "Target": "PartOpacity",
      "Id": "Part19",
      "Segments": [
        0,
        1,
        0,
        6,
        1
      ]
    },
    {
      "Target": "PartOpacity",
      "Id": "Part37",
      "Segments": [
        0,
        0,
        0,
        6,
        0
      ]
    },
    {
      "Target": "PartOpacity",
      "Id": "Part39",
      "Segments": [
        0,
        0,
        0,
        6,
        0
      ]
    },
    {
      "Target": "PartOpacity",
      "Id": "Part25",
      "Segments": [
        0,
        1,
        0,
        6,
        1
      ]
    },
    {
      "Target": "PartOpacity",
      "Id": "Part28",
      "Segments": [
        0,
        1,
        0,
        6,
        1
      ]
    }
  ],
  "UserData": [
    {
      "Time": 0.0,
      "Value": ""
    }
  ]
}