{
  "Version": 3,
  "Meta": {
    "Duration": 2.0,
    "Fps": 30.0,
    "Loop": true,
    "AreBeziersRestricted": true,
    "CurveCount": 46,
    "TotalSegmentCount": 129,
    "TotalPointCount": 215,
    "UserDataCount": 1,
    "TotalUserDataSize": 0
  },
  "Curves": [
    {
      "Target": "Parameter",
      "Id": "Param31",
      "Segments": [
        0,
        0,
        0,
        1.7,
        -18,
        0,
        2,
        -16.4
      ]
    },
    {
      "Target": "Parameter",
      "Id": "Param32",
      "Segments": [
        0,
        0,
        0,
        1.5,
        -11,
        1,
        1.667,
        -11,
        1.833,
        -12.03,
        2,
        -10
      ]
    },
    {
      "Target": "Parameter",
      "Id": "Param29",
      "Segments": [
        0,
        0,
        0,
        1.7,
        -13,
        1,
        1.8,
        -13,
        1.9,
        -13.528,
        2,
        -11.8
      ]
    },
    {
      "Target": "Parameter",
      "Id": "Param4",
      "Segments": [
        0,
        0,
        1,
        0.667,
        0,
        1.333,
        -3.349,
        2,
        -7
      ]
    },
    {
      "Target": "Parameter",
      "Id": "Param18",
      "Segments": [
        0,
        0,
        1,
        0.667,
        0,
        1.333,
        -4.959,
        2,
        -10.4
      ]
    },
    {
      "Target": "Parameter",
      "Id": "EyeR_Open",
      "Segments": [
        0,
        1,
        1,
        0.022,
        1,
        0.045,
        0.969,
        0.067,
        0.8,
        1,
        0.089,
        0.631,
        0.111,
        0.286,
        0.133,
        0.1,
        1,
        0.144,
        0.007,
        0.156,
        0,
        0.167,
        0,
        2,
        0.2,
        0,
        1,
        0.211,
        0,
        0.222,
        -0.003,
        0.233,
        0.1,
        1,
        0.244,
        0.203,
        0.256,
        0.631,
        0.267,
        0.8,
        1,
        0.278,
        0.969,
        0.289,
        1,
        0.3,
        1,
        0,
        0.367,
        0.974,
        0,
        0.467,
        0.977,
        0,
        0.533,
        0,
        0,
        0.6,
        1,
        2,
        0.833,
        1,
        2,
        2,
        1
      ]
    },
    {
      "Target": "Parameter",
      "Id": "ParamEyeRSmile",
      "Segments": [
        0,
        0,
        2,
        0.167,
        0,
        2,
        0.2,
        0,
        0,
        0.3,
        0.7,
        2,
        0.467,
        0.7,
        0,
        0.533,
        0,
        0,
        0.6,
        0.7,
        2,
        0.833,
        0.7,
        2,
        2,
        0.7
      ]
    },
    {
      "Target": "Parameter",
      "Id": "Param13",
      "Segments": [
        0,
        -0.1,
        0,
        0.167,
        0,
        2,
        0.2,
        0,
        0,
        0.3,
        -1,
        2,
        0.833,
        -1,
        2,
        2,
        -1
      ]
    },
    {
      "Target": "Parameter",
      "Id": "EyeL_Open",
      "Segments": [
        0,
        1,
        1,
        0.022,
        1,
        0.045,
        0.969,
        0.067,
        0.8,
        1,
        0.089,
        0.631,
        0.111,
        0.286,
        0.133,
        0.1,
        1,
        0.144,
        0.007,
        0.156,
        0,
        0.167,
        0,
        2,
        0.2,
        0,
        1,
        0.211,
        0,
        0.222,
        -0.003,
        0.233,
        0.1,
        1,
        0.244,
        0.203,
        0.256,
        0.631,
        0.267,
        0.8,
        1,
        0.278,
        0.969,
        0.289,
        1,
        0.3,
        1,
        0,
        0.367,
        0.98,
        0,
        0.467,
        0.982,
        0,
        0.533,
        0,
        0,
        0.6,
        1,
        2,
        0.833,
        1,
        2,
        2,
        1
      ]
    },
    {
      "Target": "Parameter",
      "Id": "ParamEyeLSmile",
      "Segments": [
        0,
        0,
        2,
        0.167,
        0,
        2,
        0.2,
        0,
        0,
        0.3,
        0.9,
        2,
        0.467,
        0.9,
        0,
        0.533,
        0,
        0,
        0.6,
        0.9,
        2,
        0.833,
        0.9,
        2,
        2,
        0.9
      ]
    },
    {
      "Target": "Parameter",
      "Id": "Param14",
      "Segments": [
        0,
        0,
        2,
        0.167,
        0,
        2,
        0.2,
        0,
        0,
        0.3,
        -1,
        2,
        0.833,
        -1,
        2,
        2,
        -1
      ]
    },
    {
      "Target": "Parameter",
      "Id": "ParamEyeBallX",
      "Segments": [
        0,
        0.2,
        1,
        0.667,
        0.2,
        1.333,
        0.231,
        2,
        0.3
      ]
    },
    {
      "Target": "Parameter",
      "Id": "ParamEyeBallY",
      "Segments": [
        0,
        0,
        1,
        0.667,
        0,
        1.333,
        -0.02,
        2,
        -0.1
      ]
    },
    {
      "Target": "Parameter",
      "Id": "Param11",
      "Segments": [
        0,
        0,
        2,
        0.2,
        0,
        1,
        0.222,
        0,
        0.245,
        -5.283,
        0.267,
        -5.689,
        1,
        0.3,
        -6.297,
        0.334,
        -6.745,
        0.367,
        -6.918,
        1,
        0.522,
        -7.727,
        0.678,
        -8,
        0.833,
        -8,
        2,
        2,
        -8
      ]
    },
    {
      "Target": "Parameter",
      "Id": "ParamBrowLY",
      "Segments": [
        0,
        0,
        0,
        0.2,
        -0.1,
        1,
        0.244,
        -0.1,
        0.289,
        0.253,
        0.333,
        0.261,
        1,
        0.5,
        0.294,
        0.666,
        0.3,
        0.833,
        0.3,
        2,
        2,
        0.3
      ]
    },
    {
      "Target": "Parameter",
      "Id": "ParamBrowRY",
      "Segments": [
        0,
        0,
        0,
        0.2,
        -0.1,
        1,
        0.244,
        -0.1,
        0.289,
        0.258,
        0.333,
        0.266,
        1,
        0.5,
        0.294,
        0.666,
        0.3,
        0.833,
        0.3,
        2,
        2,
        0.3
      ]
    },
    {
      "Target": "Parameter",
      "Id": "ParamBrowLAngle",
      "Segments": [
        0,
        0,
        2,
        0.2,
        0,
        1,
        0.244,
        0,
        0.289,
        -0.178,
        0.333,
        -0.182,
        1,
        0.5,
        -0.197,
        0.666,
        -0.2,
        0.833,
        -0.2,
        2,
        2,
        -0.2
      ]
    },
    {
      "Target": "Parameter",
      "Id": "ParamBrowRAngle",
      "Segments": [
        0,
        0,
        2,
        0.2,
        0,
        1,
        0.244,
        0,
        0.289,
        -0.163,
        0.333,
        -0.17,
        1,
        0.5,
        -0.195,
        0.666,
        -0.2,
        0.833,
        -0.2,
        2,
        2,
        -0.2
      ]
    },
    {
      "Target": "Parameter",
      "Id": "ParamBrowLForm",
      "Segments": [
        0,
        0,
        0,
        0.2,
        -0.2,
        1,
        0.244,
        -0.2,
        0.289,
        0.772,
        0.333,
        0.796,
        1,
        0.5,
        0.883,
        0.666,
        0.9,
        0.833,
        0.9,
        2,
        2,
        0.9
      ]
    },
    {
      "Target": "Parameter",
      "Id": "ParamBrowRForm",
      "Segments": [
        0,
        0,
        0,
        0.2,
        -0.2,
        1,
        0.244,
        -0.2,
        0.289,
        0.775,
        0.333,
        0.798,
        1,
        0.5,
        0.883,
        0.666,
        0.9,
        0.833,
        0.9,
        2,
        2,
        0.9
      ]
    },
    {
      "Target": "Parameter",
      "Id": "ParamMouthForm",
      "Segments": [
        0,
        0,
        1,
        0.122,
        0,
        0.245,
        -0.872,
        0.367,
        -0.933,
        1,
        0.522,
        -1.009,
        0.678,
        -1,
        0.833,
        -1,
        2,
        2,
        -1
      ]
    },
    {
      "Target": "Parameter",
      "Id": "Mouth_Open",
      "Segments": [
        0,
        1,
        0,
        0.233,
        0,
        1,
        0.266,
        0,
        0.3,
        0.386,
        0.333,
        0.467,
        1,
        0.5,
        0.875,
        0.666,
        1,
        0.833,
        1,
        2,
        2,
        1
      ]
    },
    {
      "Target": "Parameter",
      "Id": "Mouth_Size",
      "Segments": [
        0,
        0.5,
        0,
        0.333,
        0,
        2,
        0.833,
        0,
        2,
        2,
        0
      ]
    },
    {
      "Target": "Parameter",
      "Id": "Param24",
      "Segments": [
        0,
        0,
        0,
        1.833,
        13,
        2,
        2,
        13
      ]
    },
    {
      "Target": "Parameter",
      "Id": "Param23",
      "Segments": [
        0,
        -30,
        1,
        0.667,
        -30,
        1.333,
        -2.218,
        2,
        26.7
      ]
    },
    {
      "Target": "Parameter",
      "Id": "Param3",
      "Segments": [
        0,
        0,
        0,
        2,
        13
      ]
    },
    {
      "Target": "Parameter",
      "Id": "Param2",
      "Segments": [
        0,
        0,
        1,
        0.633,
        0,
        1.267,
        2.346,
        1.9,
        7,
        1,
        1.933,
        7.245,
        1.967,
        7.499,
        2,
        7.7
      ]
    },
    {
      "Target": "Parameter",
      "Id": "Param30",
      "Segments": [
        0,
        0,
        0,
        1.467,
        19,
        1,
        1.645,
        19,
        1.822,
        17.983,
        2,
        11.6
      ]
    },
    {
      "Target": "Parameter",
      "Id": "Param8",
      "Segments": [
        0,
        0,
        0,
        1.267,
        14,
        1,
        1.511,
        14,
        1.756,
        7.862,
        2,
        0
      ]
    },
    {
      "Target": "Parameter",
      "Id": "Param9",
      "Segments": [
        0,
        0,
        1,
        0.667,
        0,
        1.333,
        -2.93,
        2,
        -10.4
      ]
    },
    {
      "Target": "PartOpacity",
      "Id": "Part20",
      "Segments": [
        0,
        0,
        2,
        2,
        0
      ]
    },
    {
      "Target": "PartOpacity",
      "Id": "Part22",
      "Segments": [
        0,
        0,
        2,
        2,
        0
      ]
    },
    {
      "Target": "Parameter",
      "Id": "Param15",
      "Segments": [
        0,
        0,
        0,
        2,
        0
      ]
    },
    {
      "Target": "Parameter",
      "Id": "ParamBrowLForm2",
      "Segments": [
        0,
        0,
        0,
        2,
        0
      ]
    },
    {
      "Target": "Parameter",
      "Id": "ParamBrowRForm2",
      "Segments": [
        0,
        0,
        0,
        2,
        0
      ]
    },
    {
      "Target": "Parameter",
      "Id": "Param6",
      "Segments": [
        0,
        0,
        0,
        2,
        0
      ]
    },
    {
      "Target": "Parameter",
      "Id": "Param5",
      "Segments": [
        0,
        0,
        0,
        2,
        0
      ]
    },
    {
      "Target": "Parameter",
      "Id": "Param",
      "Segments": [
        0,
        0,
        0,
        2,
        0
      ]
    },
    {
      "Target": "PartOpacity",
      "Id": "Part13",
      "Segments": [
        0,
        1,
        0,
        2,
        1
      ]
    },
    {
      "Target": "PartOpacity",
      "Id": "Part6",
      "Segments": [
        0,
        1,
        0,
        2,
        1
      ]
    },
    {
      "Target": "PartOpacity",
      "Id": "Part38",
      "Segments": [
        0,
        1,
        0,
        2,
        1
      ]
    },
    {
      "Target": "PartOpacity",
      "Id": "Part19",
      "Segments": [
        0,
        1,
        0,
        2,
        1
      ]
    },
    {
      "Target": "PartOpacity",
      "Id": "Part37",
      "Segments": [
        0,
        0,
        0,
        2,
        0
      ]
    },
    {
      "Target": "PartOpacity",
      "Id": "Part39",
      "Segments": [
        0,
        0,
        0,
        2,
        0
      ]
    },
    {
      "Target": "PartOpacity",
      "Id": "Part25",
      "Segments": [
        0,
        1,
        0,
        2,
        1
      ]
    },
    {
      "Target": "PartOpacity",
      "Id": "Part28",
      "Segments": [
        0,
        1,
        0,
        2,
        1
      ]
    }
  ],
  "UserData": [
    {
      "Time": 0.0,
      "Value": ""
    }
  ]
}