{
  "Version": 3,
  "FileReferences": {
    "Moc": "ren.moc3",
    "Textures": [
      "textures/texture_00.png"
    ],
    "Physics": "ren.physics3.json",
    "Motions": {
      "": [
        {
          "File": "motions/c112a_b002.motion3.json"
        },
        {
          "File": "motions/c112a_0120.motion3.json"
        },
        {
          "File": "motions/c112a_0060.motion3.json"
        },
        {
          "File": "motions/c112a_0021.motion3.json"
        },
        {
          "File": "motions/c112a_0130.motion3.json"
        },
        {
          "File": "motions/c112a_b003.motion3.json"
        },
        {
          "File": "motions/c112a_0010.motion3.json"
        },
        {
          "File": "motions/c112a_b001.motion3.json"
        },
        {
          "File": "motions/c112a_0091.motion3.json"
        },
        {
          "File": "motions/c112a_0111.motion3.json"
        },
        {
          "File": "motions/c112a_b005.motion3.json"
        },
        {
          "File": "motions/c112a_0110.motion3.json"
        },
        {
          "File": "motions/c112a_0040.motion3.json"
        },
        {
          "File": "motions/c112a_0031.motion3.json"
        },
        {
          "File": "motions/c112a_0020.motion3.json"
        },
        {
          "File": "motions/c112a_b004.motion3.json"
        },
        {
          "File": "motions/c112a_0041.motion3.json"
        },
        {
          "File": "motions/c112a_0080.motion3.json"
        },
        {
          "File": "motions/c112a_0090.motion3.json"
        },
        {
          "File": "motions/c112a_0101.motion3.json"
        },
        {
          "File": "motions/c112a_0131.motion3.json"
        },
        {
          "File": "motions/c112a_0051.motion3.json"
        },
        {
          "File": "motions/c112a_0061.motion3.json"
        },
        {
          "File": "motions/c112a_0030.motion3.json"
        },
        {
          "File": "motions/c112a_0100.motion3.json"
        },
        {
          "File": "motions/c112a_0050.motion3.json"
        },
        {
          "File": "motions/c112a_0071.motion3.json"
        },
        {
          "File": "motions/c112a_0011.motion3.json"
        },
        {
          "File": "motions/c112a_0070.motion3.json"
        },
        {
          "File": "motions/c112a_0081.motion3.json"
        },
        {
          "File": "motions/c112a_0121.motion3.json"
        }
      ]
    }
  },
  "Groups": [
    {
      "Target": "Parameter",
      "Name": "EyeBlink",
      "Ids": [
        "EyeR_Open",
        "EyeL_Open"
      ]
    },
    {
      "Target": "Parameter",
      "Name": "LipSync",
      "Ids": [
        "Mouth_Open",
        "Mouth_Size"
      ]
    }
  ]
}