{
  "Version": 3,
  "Meta": {
    "Duration": 8.0,
    "Fps": 30.0,
    "Loop": true,
    "AreBeziersRestricted": true,
    "CurveCount": 88,
    "TotalSegmentCount": 180,
    "TotalPointCount": 264,
    "UserDataCount": 1,
    "TotalUserDataSize": 0
  },
  "Curves": [
    {
      "Target": "Parameter",
      "Id": "Breath",
      "Segments": [
        0,
        0,
        0,
        2.067,
        0.934,
        0,
        3.967,
        0,
        0,
        5.833,
        1,
        0,
        8,
        0
      ]
    },
    {
      "Target": "Parameter",
      "Id": "Body_Pose1",
      "Segments": [
        0,
        8.388,
        0,
        1.767,
        25.217,
        0,
        4.533,
        13,
        0,
        6.267,
        20.797,
        1,
        6.845,
        20.797,
        7.422,
        8.809,
        8,
        8.388
      ]
    },
    {
      "Target": "Parameter",
      "Id": "Waist_Roll",
      "Segments": [
        0,
        5,
        1,
        0.511,
        4.248,
        1.022,
        3.992,
        1.533,
        3.992,
        0,
        3.933,
        4.664,
        0,
        6.3,
        3.992,
        1,
        6.867,
        3.992,
        7.433,
        5.562,
        8,
        5
      ]
    },
    {
      "Target": "Parameter",
      "Id": "Coat_Shaking",
      "Segments": [
        0,
        0,
        1,
        0.244,
        8.738,
        0.489,
        11,
        0.733,
        11,
        0,
        2.333,
        -9,
        0,
        3.8,
        11,
        0,
        5.667,
        -8,
        0,
        6.967,
        11,
        1,
        7.311,
        11,
        7.656,
        -5.377,
        8,
        0
      ]
    },
    {
      "Target": "Parameter",
      "Id": "Fastener_Shaiking",
      "Segments": [
        0,
        8,
        1,
        0.144,
        16.142,
        0.289,
        16,
        0.433,
        16,
        0,
        1.233,
        0,
        1,
        1.433,
        0,
        1.633,
        1.984,
        1.833,
        8,
        1,
        1.978,
        12.345,
        2.122,
        16,
        2.267,
        16,
        0,
        3.167,
        0,
        0,
        4.367,
        18,
        0,
        5.567,
        0,
        0,
        6.567,
        17,
        0,
        7.533,
        4,
        1,
        7.689,
        4,
        7.844,
        5.214,
        8,
        8
      ]
    },
    {
      "Target": "Parameter",
      "Id": "Head_AngleX",
      "Segments": [
        0,
        1.537,
        1,
        0.311,
        2.212,
        0.622,
        2.472,
        0.933,
        2.395,
        1,
        1.411,
        2.201,
        1.889,
        -4,
        2.367,
        -4,
        1,
        2.9,
        -4,
        3.434,
        -2.806,
        3.967,
        -0.753,
        1,
        4.9,
        2.841,
        5.834,
        4.483,
        6.767,
        4.483,
        0,
        8,
        1.537
      ]
    },
    {
      "Target": "Parameter",
      "Id": "Head_AngleY",
      "Segments": [
        0,
        3,
        0,
        0.933,
        7.038,
        0,
        2.367,
        2.654,
        0,
        4.067,
        8.941,
        0,
        7,
        2.654,
        0,
        8,
        3
      ]
    },
    {
      "Target": "Parameter",
      "Id": "EyeBallX",
      "Segments": [
        0,
        0,
        2,
        1.2,
        0,
        0,
        2.533,
        0.1,
        0,
        3.967,
        -0.1,
        0,
        8,
        0
      ]
    },
    {
      "Target": "Parameter",
      "Id": "EyeBallY",
      "Segments": [
        0,
        -0.2,
        0,
        1.2,
        -0.228,
        0,
        2.533,
        -0.2,
        2,
        3.967,
        -0.2,
        2,
        8,
        -0.2
      ]
    },
    {
      "Target": "Parameter",
      "Id": "BrowRY",
      "Segments": [
        0,
        0.7,
        1,
        0.611,
        0.7,
        1.222,
        0.704,
        1.833,
        0.737,
        1,
        2.711,
        0.786,
        3.589,
        0.834,
        4.467,
        0.834,
        1,
        5.345,
        0.834,
        6.222,
        0.828,
        7.1,
        0.793,
        1,
        7.4,
        0.781,
        7.7,
        0.7,
        8,
        0.7
      ]
    },
    {
      "Target": "Parameter",
      "Id": "BrowLY",
      "Segments": [
        0,
        0.5,
        0,
        1.833,
        0.18,
        1,
        2.711,
        0.18,
        3.589,
        0.27,
        4.467,
        0.3,
        1,
        5.345,
        0.33,
        6.222,
        0.331,
        7.1,
        0.356,
        1,
        7.4,
        0.364,
        7.7,
        0.5,
        8,
        0.5
      ]
    },
    {
      "Target": "Parameter",
      "Id": "Hair_Move",
      "Segments": [
        0,
        0,
        0,
        1.067,
        -4.281,
        0,
        2.467,
        7.175,
        0,
        4.133,
        -5.848,
        0,
        5.8,
        6.355,
        0,
        7.233,
        -5.848,
        0,
        8,
        0
      ]
    },
    {
      "Target": "Parameter",
      "Id": "HairFront_Move",
      "Segments": [
        0,
        0,
        1,
        0.267,
        0.259,
        0.533,
        0.324,
        0.8,
        0.324,
        0,
        1.867,
        0.003,
        0,
        3.033,
        0.37,
        1,
        3.489,
        0.37,
        3.944,
        -0.066,
        4.4,
        -0.1,
        1,
        4.856,
        -0.141,
        5.311,
        0.174,
        5.767,
        0.357,
        1,
        6.267,
        0.504,
        6.767,
        0.156,
        7.267,
        -0.02,
        1,
        7.511,
        -0.13,
        7.756,
        -0.156,
        8,
        0
      ]
    },
    {
      "Target": "Parameter",
      "Id": "HairSide_Move",
      "Segments": [
        0,
        0,
        1,
        0.256,
        0.237,
        0.511,
        0.279,
        0.767,
        0.303,
        0,
        1.967,
        -0.049,
        0,
        3.267,
        0.319,
        0,
        4.6,
        -0.066,
        1,
        5.078,
        -0.066,
        5.555,
        0.352,
        6.033,
        0.425,
        1,
        6.366,
        0.425,
        6.7,
        0.285,
        7.033,
        0.068,
        1,
        7.355,
        -0.114,
        7.678,
        -0.139,
        8,
        0
      ]
    },
    {
      "Target": "Parameter",
      "Id": "HairBack_Move",
      "Segments": [
        0,
        -0.253,
        1,
        0.211,
        -0.106,
        0.422,
        -0.095,
        0.633,
        -0.095,
        0,
        1.9,
        -0.462,
        0,
        3.1,
        -0.161,
        0,
        4.5,
        -0.462,
        0,
        5.9,
        -0.177,
        0,
        7.233,
        -0.462,
        1,
        7.489,
        -0.462,
        7.744,
        -0.375,
        8,
        -0.253
      ]
    },
    {
      "Target": "Parameter",
      "Id": "ShoulderRY",
      "Segments": [
        0,
        -7,
        2,
        3.533,
        -7,
        0,
        5.8,
        -2.197,
        0,
        8,
        -7
      ]
    },
    {
      "Target": "Parameter",
      "Id": "ShoulderLY",
      "Segments": [
        0,
        -6.999,
        2,
        3.533,
        -6.999,
        0,
        5.8,
        -1.999,
        0,
        8,
        -6.999
      ]
    },
    {
      "Target": "Parameter",
      "Id": "ShoulderR_Roll",
      "Segments": [
        0,
        -1.901,
        1,
        0.378,
        -1.268,
        0.755,
        -1.235,
        1.133,
        -1.235,
        0,
        2.4,
        -1.618,
        0,
        4.167,
        -1.092,
        1,
        5.022,
        -1.092,
        5.878,
        -1.91,
        6.733,
        -2.067,
        1,
        7.155,
        -2.373,
        7.578,
        -2.604,
        8,
        -1.901
      ]
    },
    {
      "Target": "Parameter",
      "Id": "ShoulderL_Roll",
      "Segments": [
        0,
        5,
        1,
        0.344,
        4.531,
        0.689,
        4.526,
        1.033,
        4.526,
        0,
        2.6,
        5.035,
        0,
        4.533,
        4.35,
        1,
        5.333,
        4.35,
        6.133,
        5.182,
        6.933,
        5.415,
        1,
        7.289,
        5.415,
        7.644,
        5.441,
        8,
        5
      ]
    },
    {
      "Target": "Parameter",
      "Id": "ArmR_Roll",
      "Segments": [
        0,
        -5,
        1,
        0.256,
        -4.408,
        0.511,
        -4.357,
        0.767,
        -4.357,
        0,
        2.567,
        -5.601,
        0,
        4.967,
        -3.582,
        0,
        7.4,
        -6.024,
        1,
        7.6,
        -6.024,
        7.8,
        -5.323,
        8,
        -5
      ]
    },
    {
      "Target": "Parameter",
      "Id": "ArmL_Roll",
      "Segments": [
        0,
        2,
        0,
        4.233,
        1.42,
        0,
        8,
        2
      ]
    },
    {
      "Target": "Parameter",
      "Id": "HandR_Roll",
      "Segments": [
        0,
        -7,
        1,
        0.4,
        -7,
        0.8,
        -7.246,
        1.2,
        -8.538,
        1,
        1.667,
        -10.046,
        2.133,
        -11.451,
        2.6,
        -11.451,
        0,
        4.467,
        -8.599,
        0,
        6.967,
        -9.898,
        0,
        8,
        -7
      ]
    },
    {
      "Target": "Parameter",
      "Id": "HandL_Roll",
      "Segments": [
        0,
        -12,
        1,
        0.3,
        -12.958,
        0.6,
        -13.238,
        0.9,
        -13.238,
        0,
        2.667,
        -8.079,
        0,
        4.867,
        -12.545,
        0,
        6.767,
        -8.736,
        0,
        8,
        -12
      ]
    },
    {
      "Target": "PartOpacity",
      "Id": "Part2",
      "Segments": [
        0,
        1,
        2,
        8,
        1
      ]
    },
    {
      "Target": "PartOpacity",
      "Id": "Part3",
      "Segments": [
        0,
        1,
        2,
        8,
        1
      ]
    },
    {
      "Target": "PartOpacity",
      "Id": "Part30",
      "Segments": [
        0,
        0,
        2,
        8,
        0
      ]
    },
    {
      "Target": "PartOpacity",
      "Id": "Part32",
      "Segments": [
        0,
        0,
        2,
        8,
        0
      ]
    },
    {
      "Target": "PartOpacity",
      "Id": "Part33",
      "Segments": [
        0,
        0,
        2,
        8,
        0
      ]
    },
    {
      "Target": "PartOpacity",
      "Id": "Part34",
      "Segments": [
        0,
        0,
        2,
        8,
        0
      ]
    },
    {
      "Target": "PartOpacity",
      "Id": "Part10",
      "Segments": [
        0,
        1,
        2,
        8,
        1
      ]
    },
    {
      "Target": "PartOpacity",
      "Id": "Part4",
      "Segments": [
        0,
        1,
        2,
        8,
        1
      ]
    },
    {
      "Target": "PartOpacity",
      "Id": "Part5",
      "Segments": [
        0,
        1,
        2,
        8,
        1
      ]
    },
    {
      "Target": "PartOpacity",
      "Id": "Part6",
      "Segments": [
        0,
        1,
        2,
        8,
        1
      ]
    },
    {
      "Target": "PartOpacity",
      "Id": "Part39",
      "Segments": [
        0,
        1,
        2,
        8,
        1
      ]
    },
    {
      "Target": "PartOpacity",
      "Id": "Part7",
      "Segments": [
        0,
        1,
        2,
        8,
        1
      ]
    },
    {
      "Target": "PartOpacity",
      "Id": "Part40",
      "Segments": [
        0,
        1,
        2,
        8,
        1
      ]
    },
    {
      "Target": "PartOpacity",
      "Id": "Part8",
      "Segments": [
        0,
        1,
        2,
        8,
        1
      ]
    },
    {
      "Target": "PartOpacity",
      "Id": "Part11",
      "Segments": [
        0,
        1,
        2,
        8,
        1
      ]
    },
    {
      "Target": "PartOpacity",
      "Id": "Part",
      "Segments": [
        0,
        0,
        2,
        8,
        0
      ]
    },
    {
      "Target": "PartOpacity",
      "Id": "Part16",
      "Segments": [
        0,
        1,
        2,
        8,
        1
      ]
    },
    {
      "Target": "PartOpacity",
      "Id": "Part12",
      "Segments": [
        0,
        1,
        2,
        8,
        1
      ]
    },
    {
      "Target": "PartOpacity",
      "Id": "Part15",
      "Segments": [
        0,
        1,
        2,
        8,
        1
      ]
    },
    {
      "Target": "PartOpacity",
      "Id": "Part29",
      "Segments": [
        0,
        1,
        2,
        8,
        1
      ]
    },
    {
      "Target": "PartOpacity",
      "Id": "Part46",
      "Segments": [
        0,
        1,
        2,
        8,
        1
      ]
    },
    {
      "Target": "PartOpacity",
      "Id": "Part17",
      "Segments": [
        0,
        1,
        2,
        8,
        1
      ]
    },
    {
      "Target": "PartOpacity",
      "Id": "Part19",
      "Segments": [
        0,
        1,
        2,
        8,
        1
      ]
    },
    {
      "Target": "PartOpacity",
      "Id": "Part25",
      "Segments": [
        0,
        1,
        2,
        8,
        1
      ]
    },
    {
      "Target": "PartOpacity",
      "Id": "Part23",
      "Segments": [
        0,
        1,
        2,
        8,
        1
      ]
    },
    {
      "Target": "PartOpacity",
      "Id": "Part13",
      "Segments": [
        0,
        1,
        2,
        8,
        1
      ]
    },
    {
      "Target": "PartOpacity",
      "Id": "Part18",
      "Segments": [
        0,
        1,
        2,
        8,
        1
      ]
    },
    {
      "Target": "Model",
      "Id": "Opacity",
      "Segments": [
        0,
        1,
        0,
        8,
        1
      ]
    },
    {
      "Target": "Parameter",
      "Id": "Body_Shaking",
      "Segments": [
        0,
        -15,
        0,
        8,
        -15
      ]
    },
    {
      "Target": "Parameter",
      "Id": "BodyY",
      "Segments": [
        0,
        0,
        0,
        8,
        0
      ]
    },
    {
      "Target": "Parameter",
      "Id": "Body_Twist",
      "Segments": [
        0,
        -10,
        0,
        8,
        -10
      ]
    },
    {
      "Target": "Parameter",
      "Id": "BodyX",
      "Segments": [
        0,
        0,
        0,
        8,
        0
      ]
    },
    {
      "Target": "Parameter",
      "Id": "Head_Roll",
      "Segments": [
        0,
        -3,
        0,
        8,
        -3
      ]
    },
    {
      "Target": "Parameter",
      "Id": "Head_RollY",
      "Segments": [
        0,
        0,
        0,
        8,
        0
      ]
    },
    {
      "Target": "Parameter",
      "Id": "Sweat",
      "Segments": [
        0,
        0,
        0,
        8,
        0
      ]
    },
    {
      "Target": "Parameter",
      "Id": "BrowR_Form",
      "Segments": [
        0,
        0.7,
        0,
        8,
        0.7
      ]
    },
    {
      "Target": "Parameter",
      "Id": "BrowR_Form2",
      "Segments": [
        0,
        1,
        0,
        8,
        1
      ]
    },
    {
      "Target": "Parameter",
      "Id": "BrowL_Form",
      "Segments": [
        0,
        0.7,
        0,
        8,
        0.7
      ]
    },
    {
      "Target": "Parameter",
      "Id": "BrowL_Form2",
      "Segments": [
        0,
        1,
        0,
        8,
        1
      ]
    },
    {
      "Target": "Parameter",
      "Id": "BrowR_Angle",
      "Segments": [
        0,
        0,
        0,
        8,
        0
      ]
    },
    {
      "Target": "Parameter",
      "Id": "BrowL_Angle",
      "Segments": [
        0,
        0.2,
        0,
        8,
        0.2
      ]
    },
    {
      "Target": "Parameter",
      "Id": "Eyeball_Size",
      "Segments": [
        0,
        -5,
        0,
        8,
        -5
      ]
    },
    {
      "Target": "Parameter",
      "Id": "HighlightX",
      "Segments": [
        0,
        0,
        0,
        8,
        0
      ]
    },
    {
      "Target": "Parameter",
      "Id": "EyeR_Open",
      "Segments": [
        0,
        1,
        0,
        8,
        1
      ]
    },
    {
      "Target": "Parameter",
      "Id": "EyeR_Smile",
      "Segments": [
        0,
        1,
        0,
        8,
        1
      ]
    },
    {
      "Target": "Parameter",
      "Id": "EyeL_Open",
      "Segments": [
        0,
        1,
        0,
        8,
        1
      ]
    },
    {
      "Target": "Parameter",
      "Id": "EyeL_Smile",
      "Segments": [
        0,
        1,
        0,
        8,
        1
      ]
    },
    {
      "Target": "Parameter",
      "Id": "Smile_Form",
      "Segments": [
        0,
        1,
        0,
        8,
        1
      ]
    },
    {
      "Target": "Parameter",
      "Id": "MouthForm3",
      "Segments": [
        0,
        0,
        0,
        8,
        0
      ]
    },
    {
      "Target": "Parameter",
      "Id": "MouthForm2",
      "Segments": [
        0,
        -30,
        0,
        8,
        -30
      ]
    },
    {
      "Target": "Parameter",
      "Id": "MouthForm",
      "Segments": [
        0,
        -30,
        0,
        8,
        -30
      ]
    },
    {
      "Target": "Parameter",
      "Id": "Mouth_Open",
      "Segments": [
        0,
        0.5,
        0,
        8,
        0.5
      ]
    },
    {
      "Target": "Parameter",
      "Id": "Mouth_Size",
      "Segments": [
        0,
        0,
        0,
        8,
        0
      ]
    },
    {
      "Target": "Parameter",
      "Id": "ArmR_Form2",
      "Segments": [
        0,
        0,
        0,
        8,
        0
      ]
    },
    {
      "Target": "Parameter",
      "Id": "ArmR_Form",
      "Segments": [
        0,
        -20,
        0,
        8,
        -20
      ]
    },
    {
      "Target": "Parameter",
      "Id": "ArmL_Form2",
      "Segments": [
        0,
        -30,
        0,
        8,
        -30
      ]
    },
    {
      "Target": "Parameter",
      "Id": "ArmL_Form",
      "Segments": [
        0,
        -11,
        0,
        8,
        -11
      ]
    },
    {
      "Target": "Parameter",
      "Id": "ArmR_Sup_Form",
      "Segments": [
        0,
        0,
        0,
        8,
        0
      ]
    },
    {
      "Target": "Parameter",
      "Id": "ArmL_Sup_Form",
      "Segments": [
        0,
        -30,
        0,
        8,
        -30
      ]
    },
    {
      "Target": "Parameter",
      "Id": "Param4",
      "Segments": [
        0,
        0,
        0,
        8,
        0
      ]
    },
    {
      "Target": "Parameter",
      "Id": "Param3",
      "Segments": [
        0,
        0,
        0,
        8,
        0
      ]
    },
    {
      "Target": "Parameter",
      "Id": "Param",
      "Segments": [
        0,
        -30,
        0,
        8,
        -30
      ]
    },
    {
      "Target": "Parameter",
      "Id": "LegR_Roll",
      "Segments": [
        0,
        1,
        0,
        8,
        1
      ]
    },
    {
      "Target": "Parameter",
      "Id": "LegL_Roll",
      "Segments": [
        0,
        6,
        0,
        8,
        6
      ]
    },
    {
      "Target": "Parameter",
      "Id": "Lowerbody_Roll",
      "Segments": [
        0,
        0,
        0,
        8,
        0
      ]
    }
  ],
  "UserData": [
    {
      "Time": 0.0,
      "Value": ""
    }
  ]
}