{
  "Version": 3,
  "Meta": {
    "Duration": 8.0,
    "Fps": 30.0,
    "Loop": true,
    "AreBeziersRestricted": true,
    "CurveCount": 88,
    "TotalSegmentCount": 180,
    "TotalPointCount": 240,
    "UserDataCount": 1,
    "TotalUserDataSize": 0
  },
  "Curves": [
    {
      "Target": "Parameter",
      "Id": "Breath",
      "Segments": [
        0,
        0,
        0,
        2.267,
        0.665,
        0,
        4.2,
        0,
        0,
        5.967,
        0.62,
        0,
        8,
        0
      ]
    },
    {
      "Target": "Parameter",
      "Id": "Body_Shaking",
      "Segments": [
        0,
        1.582,
        1,
        0.433,
        1.182,
        0.867,
        0.872,
        1.3,
        0.872,
        0,
        3.367,
        1.835,
        0,
        5.233,
        0.872,
        0,
        7.4,
        1.799,
        1,
        7.6,
        1.799,
        7.8,
        1.742,
        8,
        1.582
      ]
    },
    {
      "Target": "Parameter",
      "Id": "BodyY",
      "Segments": [
        0,
        -0.057,
        1,
        0.222,
        -0.074,
        0.445,
        -0.077,
        0.667,
        -0.077,
        2,
        4.5,
        -0.077,
        0,
        6.7,
        -0.048,
        0,
        8,
        -0.097
      ]
    },
    {
      "Target": "Parameter",
      "Id": "Body_Twist",
      "Segments": [
        0,
        -8.813,
        1,
        1.256,
        -12.05,
        2.511,
        -13.068,
        3.767,
        -13.068,
        0,
        8,
        -8.813
      ]
    },
    {
      "Target": "Parameter",
      "Id": "Coat_Shaking",
      "Segments": [
        0,
        0,
        0,
        1.067,
        6,
        0,
        2.3,
        -1.209,
        0,
        3.7,
        6,
        0,
        5.267,
        -0.38,
        0,
        6.8,
        6,
        0,
        8,
        0
      ]
    },
    {
      "Target": "Parameter",
      "Id": "Fastener_Shaiking",
      "Segments": [
        0,
        3.1,
        0,
        0.833,
        11.941,
        0,
        1.767,
        3.047,
        0,
        2.767,
        11.941,
        0,
        3.767,
        3.047,
        0,
        4.8,
        11.941,
        0,
        5.8,
        3.047,
        0,
        6.8,
        11.941,
        0,
        8,
        3.1
      ]
    },
    {
      "Target": "Parameter",
      "Id": "Head_AngleX",
      "Segments": [
        0,
        -13.025,
        1,
        0.2,
        -13.742,
        0.4,
        -13.856,
        0.6,
        -13.856,
        1,
        1.011,
        -13.856,
        1.422,
        -13.915,
        1.833,
        -12.808,
        1,
        2.244,
        -11.701,
        2.656,
        -8.773,
        3.067,
        -8.773,
        1,
        3.378,
        -8.773,
        3.689,
        -9.077,
        4,
        -10.357,
        1,
        4.467,
        -12.539,
        4.933,
        -10.916,
        5.4,
        -10.916,
        1,
        6.267,
        -10.916,
        7.133,
        -11.703,
        8,
        -13.025
      ]
    },
    {
      "Target": "Parameter",
      "Id": "Head_AngleY",
      "Segments": [
        0,
        -3.935,
        1,
        0.356,
        -4.391,
        0.711,
        -4.281,
        1.067,
        -4.281,
        0,
        2.4,
        -2.908,
        0,
        3.3,
        -3.128,
        0,
        4.333,
        -2.674,
        0,
        6.4,
        -4.521,
        0,
        7.6,
        -3.758,
        0,
        8,
        -3.935
      ]
    },
    {
      "Target": "Parameter",
      "Id": "EyeBallX",
      "Segments": [
        0,
        0.22,
        1,
        0.611,
        0.203,
        1.222,
        0.067,
        1.833,
        0.067,
        0,
        3.133,
        0.259,
        0,
        6.067,
        0.121,
        0,
        8,
        0.22
      ]
    },
    {
      "Target": "Parameter",
      "Id": "EyeBallY",
      "Segments": [
        0,
        -0.711,
        0,
        1.833,
        -0.768,
        1,
        2.266,
        -0.768,
        2.7,
        -0.742,
        3.133,
        -0.718,
        1,
        4.111,
        -0.664,
        5.089,
        -0.646,
        6.067,
        -0.646,
        0,
        8,
        -0.711
      ]
    },
    {
      "Target": "Parameter",
      "Id": "HighlightX",
      "Segments": [
        0,
        0.004,
        0,
        8,
        0
      ]
    },
    {
      "Target": "Parameter",
      "Id": "Hair_Move",
      "Segments": [
        0,
        8.2,
        1,
        0.189,
        8.2,
        0.378,
        5.972,
        0.567,
        1.973,
        1,
        0.734,
        -1.556,
        0.9,
        -3.111,
        1.067,
        -3.111,
        0,
        2.467,
        7.648,
        0,
        4.133,
        -3.778,
        0,
        5.567,
        7.1,
        0,
        6.9,
        -3.483,
        0,
        8,
        8.2
      ]
    },
    {
      "Target": "Parameter",
      "Id": "HairFront_Move",
      "Segments": [
        0,
        -0.105,
        0,
        0.933,
        0.16,
        0,
        2.267,
        -0.135,
        0,
        3.7,
        0.166,
        0,
        5.333,
        -0.079,
        0,
        6.733,
        0.16,
        0,
        8,
        -0.105
      ]
    },
    {
      "Target": "Parameter",
      "Id": "HairSide_Move",
      "Segments": [
        0,
        -0.04,
        0,
        1.133,
        0.148,
        0,
        2.3,
        -0.029,
        0,
        3.633,
        0.162,
        0,
        5.4,
        -0.026,
        0,
        6.733,
        0.154,
        0,
        8,
        -0.04
      ]
    },
    {
      "Target": "Parameter",
      "Id": "HairBack_Move",
      "Segments": [
        0,
        -0.175,
        0,
        1,
        0.106,
        0,
        2.467,
        -0.16,
        0,
        3.8,
        0.068,
        0,
        5.433,
        -0.122,
        0,
        6.667,
        0.052,
        0,
        8,
        -0.175
      ]
    },
    {
      "Target": "Parameter",
      "Id": "ShoulderRY",
      "Segments": [
        0,
        -2.096,
        1,
        0.2,
        -2.315,
        0.4,
        -2.334,
        0.6,
        -2.334,
        0,
        2.867,
        -1.535,
        0,
        4.733,
        -2.107,
        0,
        7.033,
        -1.838,
        1,
        7.355,
        -1.838,
        7.678,
        -1.835,
        8,
        -2.096
      ]
    },
    {
      "Target": "Parameter",
      "Id": "ShoulderLY",
      "Segments": [
        0,
        -6.535,
        1,
        0.2,
        -6.733,
        0.4,
        -6.762,
        0.6,
        -6.762,
        0,
        2.867,
        -5.974,
        0,
        4.733,
        -6.547,
        0,
        7.033,
        -6.282,
        0,
        8,
        -6.535
      ]
    },
    {
      "Target": "Parameter",
      "Id": "ShoulderR_Roll",
      "Segments": [
        0,
        0.656,
        0,
        1.9,
        0.956,
        0,
        4.2,
        0.705,
        0,
        6.333,
        0.876,
        0,
        8,
        0.656
      ]
    },
    {
      "Target": "Parameter",
      "Id": "ShoulderL_Roll",
      "Segments": [
        0,
        -0.047,
        1,
        0.622,
        -0.264,
        1.245,
        -0.304,
        1.867,
        -0.304,
        0,
        4.2,
        -0.133,
        0,
        6.267,
        -0.282,
        0,
        8,
        -0.047
      ]
    },
    {
      "Target": "Parameter",
      "Id": "ArmR_Roll",
      "Segments": [
        0,
        0.7,
        1,
        0.611,
        0.829,
        1.222,
        1.011,
        1.833,
        1.017,
        1,
        2.511,
        1.025,
        3.189,
        1.022,
        3.867,
        1.031,
        1,
        4.556,
        1.04,
        5.244,
        1.147,
        5.933,
        1.147,
        0,
        8,
        0.7
      ]
    },
    {
      "Target": "Parameter",
      "Id": "ArmL_Roll",
      "Segments": [
        0,
        0.2,
        0,
        1.9,
        0.453,
        0,
        4.267,
        0.378,
        0,
        6.333,
        0.54,
        0,
        8,
        0.2
      ]
    },
    {
      "Target": "Parameter",
      "Id": "HandR_Roll",
      "Segments": [
        0,
        0,
        1,
        0.533,
        0.319,
        1.067,
        0.384,
        1.6,
        0.384,
        1,
        2,
        0.384,
        2.4,
        0.274,
        2.8,
        -0.242,
        1,
        3.267,
        -0.784,
        3.733,
        -1.144,
        4.2,
        -1.144,
        1,
        4.744,
        -1.144,
        5.289,
        -0.891,
        5.833,
        -0.747,
        1,
        6.333,
        -0.616,
        6.833,
        -0.604,
        7.333,
        -0.484,
        1,
        7.555,
        -0.431,
        7.778,
        0,
        8,
        0
      ]
    },
    {
      "Target": "Parameter",
      "Id": "HandL_Roll",
      "Segments": [
        0,
        -1.283,
        0,
        0.733,
        -0.078,
        0,
        2.4,
        -1.283,
        0,
        4.233,
        1.62,
        0,
        6.067,
        -0.644,
        1,
        6.422,
        -0.644,
        6.778,
        0.228,
        7.133,
        0.124,
        0,
        8,
        -1.283
      ]
    },
    {
      "Target": "PartOpacity",
      "Id": "Part2",
      "Segments": [
        0,
        1,
        2,
        8,
        1
      ]
    },
    {
      "Target": "PartOpacity",
      "Id": "Part3",
      "Segments": [
        0,
        1,
        2,
        8,
        1
      ]
    },
    {
      "Target": "PartOpacity",
      "Id": "Part30",
      "Segments": [
        0,
        0,
        2,
        8,
        0
      ]
    },
    {
      "Target": "PartOpacity",
      "Id": "Part32",
      "Segments": [
        0,
        0,
        2,
        8,
        0
      ]
    },
    {
      "Target": "PartOpacity",
      "Id": "Part33",
      "Segments": [
        0,
        0,
        2,
        8,
        0
      ]
    },
    {
      "Target": "PartOpacity",
      "Id": "Part34",
      "Segments": [
        0,
        0,
        2,
        8,
        0
      ]
    },
    {
      "Target": "PartOpacity",
      "Id": "Part10",
      "Segments": [
        0,
        1,
        2,
        8,
        1
      ]
    },
    {
      "Target": "PartOpacity",
      "Id": "Part4",
      "Segments": [
        0,
        1,
        2,
        8,
        1
      ]
    },
    {
      "Target": "PartOpacity",
      "Id": "Part5",
      "Segments": [
        0,
        1,
        2,
        8,
        1
      ]
    },
    {
      "Target": "PartOpacity",
      "Id": "Part6",
      "Segments": [
        0,
        1,
        2,
        8,
        1
      ]
    },
    {
      "Target": "PartOpacity",
      "Id": "Part39",
      "Segments": [
        0,
        1,
        2,
        8,
        1
      ]
    },
    {
      "Target": "PartOpacity",
      "Id": "Part7",
      "Segments": [
        0,
        1,
        2,
        8,
        1
      ]
    },
    {
      "Target": "PartOpacity",
      "Id": "Part40",
      "Segments": [
        0,
        1,
        2,
        8,
        1
      ]
    },
    {
      "Target": "PartOpacity",
      "Id": "Part8",
      "Segments": [
        0,
        1,
        2,
        8,
        1
      ]
    },
    {
      "Target": "PartOpacity",
      "Id": "Part11",
      "Segments": [
        0,
        0,
        2,
        8,
        0
      ]
    },
    {
      "Target": "PartOpacity",
      "Id": "Part",
      "Segments": [
        0,
        1,
        2,
        8,
        1
      ]
    },
    {
      "Target": "PartOpacity",
      "Id": "Part16",
      "Segments": [
        0,
        1,
        2,
        8,
        1
      ]
    },
    {
      "Target": "PartOpacity",
      "Id": "Part12",
      "Segments": [
        0,
        1,
        2,
        8,
        1
      ]
    },
    {
      "Target": "PartOpacity",
      "Id": "Part15",
      "Segments": [
        0,
        1,
        2,
        8,
        1
      ]
    },
    {
      "Target": "PartOpacity",
      "Id": "Part29",
      "Segments": [
        0,
        1,
        2,
        8,
        1
      ]
    },
    {
      "Target": "PartOpacity",
      "Id": "Part46",
      "Segments": [
        0,
        1,
        2,
        8,
        1
      ]
    },
    {
      "Target": "PartOpacity",
      "Id": "Part17",
      "Segments": [
        0,
        1,
        2,
        8,
        1
      ]
    },
    {
      "Target": "PartOpacity",
      "Id": "Part19",
      "Segments": [
        0,
        1,
        2,
        8,
        1
      ]
    },
    {
      "Target": "PartOpacity",
      "Id": "Part25",
      "Segments": [
        0,
        1,
        2,
        8,
        1
      ]
    },
    {
      "Target": "PartOpacity",
      "Id": "Part23",
      "Segments": [
        0,
        1,
        2,
        8,
        1
      ]
    },
    {
      "Target": "PartOpacity",
      "Id": "Part13",
      "Segments": [
        0,
        1,
        2,
        8,
        1
      ]
    },
    {
      "Target": "PartOpacity",
      "Id": "Part18",
      "Segments": [
        0,
        1,
        2,
        8,
        1
      ]
    },
    {
      "Target": "Model",
      "Id": "Opacity",
      "Segments": [
        0,
        1,
        0,
        8,
        1
      ]
    },
    {
      "Target": "Parameter",
      "Id": "Body_Pose1",
      "Segments": [
        0,
        10,
        0,
        8,
        10
      ]
    },
    {
      "Target": "Parameter",
      "Id": "Waist_Roll",
      "Segments": [
        0,
        0,
        0,
        8,
        0
      ]
    },
    {
      "Target": "Parameter",
      "Id": "BodyX",
      "Segments": [
        0,
        0,
        0,
        8,
        0
      ]
    },
    {
      "Target": "Parameter",
      "Id": "Head_Roll",
      "Segments": [
        0,
        0,
        0,
        8,
        0
      ]
    },
    {
      "Target": "Parameter",
      "Id": "Head_RollY",
      "Segments": [
        0,
        -12,
        0,
        8,
        -12
      ]
    },
    {
      "Target": "Parameter",
      "Id": "Sweat",
      "Segments": [
        0,
        0,
        0,
        8,
        0
      ]
    },
    {
      "Target": "Parameter",
      "Id": "BrowRY",
      "Segments": [
        0,
        -0.7,
        0,
        8,
        -0.7
      ]
    },
    {
      "Target": "Parameter",
      "Id": "BrowLY",
      "Segments": [
        0,
        -0.7,
        0,
        8,
        -0.7
      ]
    },
    {
      "Target": "Parameter",
      "Id": "BrowR_Form",
      "Segments": [
        0,
        -0.1,
        0,
        8,
        -0.1
      ]
    },
    {
      "Target": "Parameter",
      "Id": "BrowR_Form2",
      "Segments": [
        0,
        0.1,
        0,
        8,
        0.1
      ]
    },
    {
      "Target": "Parameter",
      "Id": "BrowL_Form",
      "Segments": [
        0,
        -0.1,
        0,
        8,
        -0.1
      ]
    },
    {
      "Target": "Parameter",
      "Id": "BrowL_Form2",
      "Segments": [
        0,
        0,
        0,
        8,
        0
      ]
    },
    {
      "Target": "Parameter",
      "Id": "BrowR_Angle",
      "Segments": [
        0,
        0,
        0,
        8,
        0
      ]
    },
    {
      "Target": "Parameter",
      "Id": "BrowL_Angle",
      "Segments": [
        0,
        0,
        0,
        8,
        0
      ]
    },
    {
      "Target": "Parameter",
      "Id": "Eyeball_Size",
      "Segments": [
        0,
        0,
        0,
        8,
        0
      ]
    },
    {
      "Target": "Parameter",
      "Id": "EyeR_Open",
      "Segments": [
        0,
        0.8,
        0,
        8,
        0.8
      ]
    },
    {
      "Target": "Parameter",
      "Id": "EyeR_Smile",
      "Segments": [
        0,
        0.5,
        0,
        8,
        0.5
      ]
    },
    {
      "Target": "Parameter",
      "Id": "EyeL_Open",
      "Segments": [
        0,
        0.8,
        0,
        8,
        0.8
      ]
    },
    {
      "Target": "Parameter",
      "Id": "EyeL_Smile",
      "Segments": [
        0,
        0.5,
        0,
        8,
        0.5
      ]
    },
    {
      "Target": "Parameter",
      "Id": "Smile_Form",
      "Segments": [
        0,
        1,
        0,
        8,
        1
      ]
    },
    {
      "Target": "Parameter",
      "Id": "MouthForm3",
      "Segments": [
        0,
        0,
        0,
        8,
        0
      ]
    },
    {
      "Target": "Parameter",
      "Id": "MouthForm2",
      "Segments": [
        0,
        0,
        0,
        8,
        0
      ]
    },
    {
      "Target": "Parameter",
      "Id": "MouthForm",
      "Segments": [
        0,
        -17.772,
        0,
        8,
        -17.772
      ]
    },
    {
      "Target": "Parameter",
      "Id": "Mouth_Open",
      "Segments": [
        0,
        1,
        0,
        8,
        1
      ]
    },
    {
      "Target": "Parameter",
      "Id": "Mouth_Size",
      "Segments": [
        0,
        0.286,
        0,
        8,
        0.286
      ]
    },
    {
      "Target": "Parameter",
      "Id": "ArmR_Form2",
      "Segments": [
        0,
        -3,
        0,
        8,
        -3
      ]
    },
    {
      "Target": "Parameter",
      "Id": "ArmR_Form",
      "Segments": [
        0,
        -7,
        0,
        8,
        -7
      ]
    },
    {
      "Target": "Parameter",
      "Id": "ArmL_Form2",
      "Segments": [
        0,
        0,
        0,
        8,
        0
      ]
    },
    {
      "Target": "Parameter",
      "Id": "ArmL_Form",
      "Segments": [
        0,
        -5,
        0,
        8,
        -5
      ]
    },
    {
      "Target": "Parameter",
      "Id": "ArmR_Sup_Form",
      "Segments": [
        0,
        0,
        0,
        8,
        0
      ]
    },
    {
      "Target": "Parameter",
      "Id": "ArmL_Sup_Form",
      "Segments": [
        0,
        0,
        0,
        8,
        0
      ]
    },
    {
      "Target": "Parameter",
      "Id": "Param4",
      "Segments": [
        0,
        0,
        0,
        8,
        0
      ]
    },
    {
      "Target": "Parameter",
      "Id": "Param3",
      "Segments": [
        0,
        0,
        0,
        8,
        0
      ]
    },
    {
      "Target": "Parameter",
      "Id": "Param",
      "Segments": [
        0,
        0,
        0,
        8,
        0
      ]
    },
    {
      "Target": "Parameter",
      "Id": "LegR_Roll",
      "Segments": [
        0,
        0,
        0,
        8,
        0
      ]
    },
    {
      "Target": "Parameter",
      "Id": "LegL_Roll",
      "Segments": [
        0,
        0,
        0,
        8,
        0
      ]
    },
    {
      "Target": "Parameter",
      "Id": "Lowerbody_Roll",
      "Segments": [
        0,
        0,
        0,
        8,
        0
      ]
    }
  ],
  "UserData": [
    {
      "Time": 0.0,
      "Value": ""
    }
  ]
}