{
  "Version": 3,
  "Meta": {
    "Duration": 2.0,
    "Fps": 30.0,
    "Loop": true,
    "AreBeziersRestricted": true,
    "CurveCount": 67,
    "TotalSegmentCount": 188,
    "TotalPointCount": 274,
    "UserDataCount": 0,
    "TotalUserDataSize": 0
  },
  "Curves": [
    {
      "Target": "Parameter",
      "Id": "Param",
      "Segments": [
        0,
        0,
        1,
        0.144,
        0,
        0.289,
        26.263,
        0.433,
        28,
        1,
        0.544,
        29.336,
        0.656,
        28.683,
        0.767,
        30,
        1,
        0.911,
        31.712,
        1.056,
        49,
        1.2,
        49,
        0,
        2,
        30
      ]
    },
    {
      "Target": "Parameter",
      "Id": "Param3",
      "Segments": [
        0,
        0,
        0,
        0.667,
        -29,
        2,
        1,
        -29,
        2,
        1.333,
        -29,
        2,
        1.833,
        -29,
        0,
        2,
        -29.1
      ]
    },
    {
      "Target": "Parameter",
      "Id": "Param5",
      "Segments": [
        0,
        0,
        1,
        0.078,
        0,
        0.155,
        -19.474,
        0.233,
        -24,
        1,
        0.333,
        -29.819,
        0.433,
        -30,
        0.533,
        -30,
        2,
        1,
        -30,
        2,
        1.533,
        -30,
        0,
        2,
        -28
      ]
    },
    {
      "Target": "Parameter",
      "Id": "Param6",
      "Segments": [
        0,
        0,
        1,
        0.078,
        0,
        0.155,
        -10.211,
        0.233,
        -18,
        1,
        0.333,
        -28.014,
        0.433,
        -30,
        0.533,
        -30,
        2,
        1,
        -30,
        2,
        1.533,
        -30,
        2,
        2,
        -30
      ]
    },
    {
      "Target": "Parameter",
      "Id": "ParamHairBack",
      "Segments": [
        0,
        0,
        1,
        0.056,
        0,
        0.111,
        -0.373,
        0.167,
        3,
        1,
        0.278,
        9.746,
        0.389,
        20,
        0.5,
        20,
        0,
        0.833,
        -8,
        0,
        1.233,
        13,
        0,
        1.667,
        -5,
        0,
        2,
        0
      ]
    },
    {
      "Target": "Parameter",
      "Id": "Param15",
      "Segments": [
        0,
        0,
        2,
        0.333,
        0,
        0,
        0.667,
        -18,
        1,
        0.778,
        -18,
        0.889,
        -12.508,
        1,
        -6.5,
        1,
        1.133,
        0.71,
        1.267,
        10.111,
        1.4,
        12,
        1,
        1.6,
        14.833,
        1.8,
        15,
        2,
        15
      ]
    },
    {
      "Target": "Parameter",
      "Id": "Param7",
      "Segments": [
        0,
        0,
        0,
        0.267,
        21,
        0,
        0.667,
        -12,
        1,
        0.778,
        -12,
        0.889,
        -7.997,
        1,
        -5.7,
        1,
        1.222,
        -1.106,
        1.445,
        0,
        1.667,
        0,
        2,
        2,
        0
      ]
    },
    {
      "Target": "Parameter",
      "Id": "Param4",
      "Segments": [
        0,
        -20,
        1,
        0.333,
        -20,
        0.667,
        -16.918,
        1,
        -9.1,
        1,
        1.333,
        -1.282,
        1.667,
        3.609,
        2,
        3.609
      ]
    },
    {
      "Target": "Parameter",
      "Id": "Param9",
      "Segments": [
        0,
        0,
        0,
        0.333,
        30,
        0,
        1,
        -1.94,
        0,
        1.833,
        30,
        0,
        2,
        26.7
      ]
    },
    {
      "Target": "Parameter",
      "Id": "Param10",
      "Segments": [
        0,
        0,
        0,
        0.333,
        30,
        0,
        0.667,
        -5,
        0,
        1.333,
        0,
        2,
        2,
        0
      ]
    },
    {
      "Target": "Parameter",
      "Id": "Param13",
      "Segments": [
        0,
        0,
        0,
        0.233,
        26,
        1,
        0.322,
        26,
        0.411,
        4.49,
        0.5,
        3,
        1,
        0.667,
        0.206,
        0.833,
        0,
        1,
        0,
        2,
        2,
        0
      ]
    },
    {
      "Target": "Parameter",
      "Id": "Param14",
      "Segments": [
        0,
        0,
        0,
        0.233,
        -21,
        0,
        0.5,
        5,
        0,
        1,
        0,
        2,
        2,
        0
      ]
    },
    {
      "Target": "Parameter",
      "Id": "EyeSize",
      "Segments": [
        0,
        0,
        0,
        0.433,
        0.6,
        0,
        0.467,
        0.3,
        2,
        1,
        0.3,
        2,
        2,
        0.3
      ]
    },
    {
      "Target": "Parameter",
      "Id": "ParamAngleY",
      "Segments": [
        0,
        0,
        0,
        0.433,
        -0.3,
        0,
        0.467,
        -0.177,
        0,
        1,
        -0.2,
        2,
        2,
        -0.2
      ]
    },
    {
      "Target": "Parameter",
      "Id": "EyeL_Open",
      "Segments": [
        0,
        1,
        1,
        0.022,
        1,
        0.045,
        0.596,
        0.067,
        0.2,
        1,
        0.078,
        0.002,
        0.089,
        0,
        0.1,
        0,
        2,
        0.333,
        0,
        0,
        0.433,
        1,
        2,
        1,
        1,
        2,
        2,
        1
      ]
    },
    {
      "Target": "Parameter",
      "Id": "ParamEyeLSmile",
      "Segments": [
        0,
        0,
        0,
        0.067,
        0.3,
        0,
        0.2,
        0,
        2,
        0.267,
        0,
        0,
        0.433,
        0.7,
        0,
        1,
        0,
        2,
        2,
        0
      ]
    },
    {
      "Target": "Parameter",
      "Id": "EyeR_Open",
      "Segments": [
        0,
        1,
        1,
        0.022,
        1,
        0.045,
        0.596,
        0.067,
        0.2,
        1,
        0.078,
        0.002,
        0.089,
        0,
        0.1,
        0,
        2,
        0.333,
        0,
        0,
        0.433,
        1,
        2,
        1,
        1,
        2,
        2,
        1
      ]
    },
    {
      "Target": "Parameter",
      "Id": "ParamEyeRSmile",
      "Segments": [
        0,
        0,
        0,
        0.067,
        0.3,
        0,
        0.2,
        0,
        2,
        0.267,
        0,
        0,
        0.433,
        0.7,
        0,
        1,
        0,
        2,
        2,
        0
      ]
    },
    {
      "Target": "Parameter",
      "Id": "ParamEyeBallX",
      "Segments": [
        0,
        0.3,
        0,
        0.067,
        0,
        2,
        0.367,
        0,
        0,
        0.433,
        0.5,
        2,
        1,
        0.5,
        2,
        2,
        0.5
      ]
    },
    {
      "Target": "Parameter",
      "Id": "ParamEyeBallY",
      "Segments": [
        0,
        0.2,
        0,
        0.067,
        -1,
        2,
        0.367,
        -1,
        1,
        0.389,
        -0.489,
        0.411,
        0.2,
        0.433,
        0.2,
        2,
        1,
        0.2,
        2,
        2,
        0.2
      ]
    },
    {
      "Target": "Parameter",
      "Id": "ParamBrowLY",
      "Segments": [
        0,
        0,
        1,
        0.033,
        0,
        0.067,
        -0.706,
        0.1,
        -0.8,
        1,
        0.167,
        -0.988,
        0.233,
        -1,
        0.3,
        -1,
        2,
        0.467,
        -1,
        2,
        1,
        -1,
        2,
        2,
        -1
      ]
    },
    {
      "Target": "Parameter",
      "Id": "ParamBrowRY",
      "Segments": [
        0,
        0,
        1,
        0.033,
        0,
        0.067,
        -0.706,
        0.1,
        -0.8,
        1,
        0.167,
        -0.988,
        0.233,
        -1,
        0.3,
        -1,
        2,
        0.467,
        -1,
        2,
        1,
        -1,
        2,
        2,
        -1
      ]
    },
    {
      "Target": "Parameter",
      "Id": "ParamBrowLAngle",
      "Segments": [
        0,
        0,
        0,
        0.1,
        0.3,
        0,
        0.3,
        0.278,
        1,
        0.356,
        0.278,
        0.411,
        0.6,
        0.467,
        0.615,
        1,
        0.645,
        0.663,
        0.822,
        0.67,
        1,
        0.67,
        2,
        2,
        0.67
      ]
    },
    {
      "Target": "Parameter",
      "Id": "ParamBrowRAngle",
      "Segments": [
        0,
        0,
        0,
        0.1,
        0.3,
        0,
        0.3,
        0.276,
        1,
        0.344,
        0.276,
        0.389,
        0.767,
        0.433,
        0.775,
        1,
        0.622,
        0.812,
        0.811,
        0.82,
        1,
        0.82,
        2,
        2,
        0.82
      ]
    },
    {
      "Target": "Parameter",
      "Id": "ParamBrowLForm",
      "Segments": [
        0,
        0,
        1,
        0.033,
        0,
        0.067,
        -0.372,
        0.1,
        -0.4,
        1,
        0.167,
        -0.456,
        0.233,
        -0.488,
        0.3,
        -0.516,
        1,
        0.356,
        -0.54,
        0.411,
        -0.561,
        0.467,
        -0.57,
        1,
        0.645,
        -0.6,
        0.822,
        -0.609,
        1,
        -0.609,
        2,
        2,
        -0.609
      ]
    },
    {
      "Target": "Parameter",
      "Id": "ParamBrowRForm",
      "Segments": [
        0,
        0,
        1,
        0.033,
        0,
        0.067,
        -0.348,
        0.1,
        -0.4,
        1,
        0.211,
        -0.573,
        0.322,
        -0.609,
        0.433,
        -0.609,
        2,
        1,
        -0.609,
        2,
        2,
        -0.609
      ]
    },
    {
      "Target": "Parameter",
      "Id": "Mouth_Open",
      "Segments": [
        0,
        1,
        1,
        0.033,
        1,
        0.067,
        0.084,
        0.1,
        0.057,
        1,
        0.167,
        0.001,
        0.233,
        0,
        0.3,
        0,
        1,
        0.356,
        0,
        0.411,
        0.97,
        0.467,
        0.977,
        1,
        0.645,
        0.997,
        0.822,
        1,
        1,
        1,
        2,
        2,
        1
      ]
    },
    {
      "Target": "Parameter",
      "Id": "Mouth_Size",
      "Segments": [
        0,
        0,
        1,
        0.178,
        0,
        0.355,
        0.014,
        0.533,
        0.049,
        1,
        0.689,
        0.08,
        0.844,
        0.1,
        1,
        0.1,
        2,
        2,
        0.1
      ]
    },
    {
      "Target": "PartOpacity",
      "Id": "Part34",
      "Segments": [
        0,
        0,
        2,
        0.03,
        1,
        2,
        0.1,
        1,
        2,
        2,
        1
      ]
    },
    {
      "Target": "PartOpacity",
      "Id": "Part17",
      "Segments": [
        0,
        1,
        2,
        0.1,
        1,
        2,
        2,
        1
      ]
    },
    {
      "Target": "PartOpacity",
      "Id": "Part24",
      "Segments": [
        0,
        1,
        2,
        0.3,
        1,
        2,
        2,
        1
      ]
    },
    {
      "Target": "PartOpacity",
      "Id": "Part14",
      "Segments": [
        0,
        1,
        2,
        0.03,
        1,
        2,
        0.3,
        1,
        2,
        2,
        1
      ]
    },
    {
      "Target": "PartOpacity",
      "Id": "Part20",
      "Segments": [
        0,
        1,
        2,
        0.3,
        1,
        2,
        0.53,
        1,
        2,
        2,
        1
      ]
    },
    {
      "Target": "PartOpacity",
      "Id": "Part19",
      "Segments": [
        0,
        1,
        2,
        0.3,
        0,
        2,
        2,
        0
      ]
    },
    {
      "Target": "PartOpacity",
      "Id": "Part13",
      "Segments": [
        0,
        1,
        2,
        0.1,
        1,
        2,
        2,
        1
      ]
    },
    {
      "Target": "PartOpacity",
      "Id": "Part27",
      "Segments": [
        0,
        1,
        2,
        0.03,
        1,
        2,
        2,
        1
      ]
    },
    {
      "Target": "PartOpacity",
      "Id": "Part15",
      "Segments": [
        0,
        1,
        2,
        0.03,
        1,
        2,
        2,
        1
      ]
    },
    {
      "Target": "PartOpacity",
      "Id": "Part8",
      "Segments": [
        0,
        1,
        2,
        0.3,
        1,
        2,
        2,
        1
      ]
    },
    {
      "Target": "PartOpacity",
      "Id": "Part28",
      "Segments": [
        0,
        1,
        2,
        0.3,
        1,
        2,
        2,
        1
      ]
    },
    {
      "Target": "PartOpacity",
      "Id": "Part26",
      "Segments": [
        0,
        0,
        2,
        0.03,
        0.1,
        2,
        0.1,
        1,
        2,
        2,
        1
      ]
    },
    {
      "Target": "Parameter",
      "Id": "Param2",
      "Segments": [
        0,
        0,
        0,
        2,
        0
      ]
    },
    {
      "Target": "Parameter",
      "Id": "Param12",
      "Segments": [
        0,
        0,
        0,
        2,
        0
      ]
    },
    {
      "Target": "Parameter",
      "Id": "Param16",
      "Segments": [
        0,
        0,
        0,
        2,
        0
      ]
    },
    {
      "Target": "Parameter",
      "Id": "Param17",
      "Segments": [
        0,
        0,
        0,
        2,
        0
      ]
    },
    {
      "Target": "Parameter",
      "Id": "Param19",
      "Segments": [
        0,
        0,
        0,
        2,
        0
      ]
    },
    {
      "Target": "Parameter",
      "Id": "Param18",
      "Segments": [
        0,
        0,
        0,
        2,
        0
      ]
    },
    {
      "Target": "Parameter",
      "Id": "Param8",
      "Segments": [
        0,
        0,
        0,
        2,
        0
      ]
    },
    {
      "Target": "Parameter",
      "Id": "Param11",
      "Segments": [
        0,
        0,
        0,
        2,
        0
      ]
    },
    {
      "Target": "Parameter",
      "Id": "ParamBrowLX",
      "Segments": [
        0,
        0,
        0,
        2,
        0
      ]
    },
    {
      "Target": "Parameter",
      "Id": "ParamBrowRX",
      "Segments": [
        0,
        0,
        0,
        2,
        0
      ]
    },
    {
      "Target": "Parameter",
      "Id": "ParamMouthForm",
      "Segments": [
        0,
        0,
        0,
        2,
        0
      ]
    },
    {
      "Target": "PartOpacity",
      "Id": "Part23",
      "Segments": [
        0,
        1,
        0,
        2,
        1
      ]
    },
    {
      "Target": "PartOpacity",
      "Id": "Part16",
      "Segments": [
        0,
        1,
        0,
        2,
        1
      ]
    },
    {
      "Target": "PartOpacity",
      "Id": "Part18",
      "Segments": [
        0,
        1,
        0,
        2,
        1
      ]
    },
    {
      "Target": "PartOpacity",
      "Id": "Part12",
      "Segments": [
        0,
        1,
        0,
        2,
        1
      ]
    },
    {
      "Target": "PartOpacity",
      "Id": "Part",
      "Segments": [
        0,
        1,
        0,
        2,
        1
      ]
    },
    {
      "Target": "PartOpacity",
      "Id": "Part2",
      "Segments": [
        0,
        1,
        0,
        2,
        1
      ]
    },
    {
      "Target": "PartOpacity",
      "Id": "Part3",
      "Segments": [
        0,
        1,
        0,
        2,
        1
      ]
    },
    {
      "Target": "PartOpacity",
      "Id": "Part4",
      "Segments": [
        0,
        1,
        0,
        2,
        1
      ]
    },
    {
      "Target": "PartOpacity",
      "Id": "Part11",
      "Segments": [
        0,
        1,
        0,
        2,
        1
      ]
    },
    {
      "Target": "PartOpacity",
      "Id": "Part5",
      "Segments": [
        0,
        1,
        0,
        2,
        1
      ]
    },
    {
      "Target": "PartOpacity",
      "Id": "Part6",
      "Segments": [
        0,
        1,
        0,
        2,
        1
      ]
    },
    {
      "Target": "PartOpacity",
      "Id": "Part7",
      "Segments": [
        0,
        1,
        0,
        2,
        1
      ]
    },
    {
      "Target": "PartOpacity",
      "Id": "Part21",
      "Segments": [
        0,
        1,
        0,
        2,
        1
      ]
    },
    {
      "Target": "PartOpacity",
      "Id": "Part9",
      "Segments": [
        0,
        1,
        0,
        2,
        1
      ]
    },
    {
      "Target": "PartOpacity",
      "Id": "Part10",
      "Segments": [
        0,
        1,
        0,
        2,
        1
      ]
    },
    {
      "Target": "PartOpacity",
      "Id": "Part22",
      "Segments": [
        0,
        1,
        0,
        2,
        1
      ]
    }
  ],
  "UserData": []
}