{
  "Version": 3,
  "Meta": {
    "Duration": 8.0,
    "Fps": 30.0,
    "Loop": true,
    "AreBeziersRestricted": true,
    "CurveCount": 67,
    "TotalSegmentCount": 290,
    "TotalPointCount": 438,
    "UserDataCount": 0,
    "TotalUserDataSize": 0
  },
  "Curves": [
    {
      "Target": "Parameter",
      "Id": "Param",
      "Segments": [
        0,
        0,
        1,
        0.144,
        0,
        0.289,
        26.263,
        0.433,
        28,
        1,
        0.544,
        29.336,
        0.656,
        28.683,
        0.767,
        30,
        1,
        0.911,
        31.712,
        1.056,
        49,
        1.2,
        49,
        1,
        1.467,
        49,
        1.733,
        30.114,
        2,
        30,
        1,
        3.789,
        29.235,
        5.578,
        29,
        7.367,
        29,
        0,
        8,
        30
      ]
    },
    {
      "Target": "Parameter",
      "Id": "Param3",
      "Segments": [
        0,
        0,
        0,
        0.667,
        -29,
        2,
        1,
        -29,
        2,
        1.333,
        -29,
        2,
        1.833,
        -29,
        1,
        1.889,
        -29,
        1.944,
        -28.98,
        2,
        -29.1,
        1,
        2.222,
        -29.58,
        2.445,
        -30,
        2.667,
        -30,
        0,
        4.033,
        -29,
        2,
        4.367,
        -29,
        2,
        4.867,
        -29,
        1,
        4.922,
        -29,
        4.978,
        -28.977,
        5.033,
        -29.1,
        1,
        5.244,
        -29.567,
        5.456,
        -30,
        5.667,
        -30,
        0,
        7.033,
        -29,
        0,
        8,
        -29.1
      ]
    },
    {
      "Target": "Parameter",
      "Id": "Param5",
      "Segments": [
        0,
        0,
        1,
        0.078,
        0,
        0.155,
        -19.474,
        0.233,
        -24,
        1,
        0.333,
        -29.819,
        0.433,
        -30,
        0.533,
        -30,
        2,
        1,
        -30,
        2,
        1.533,
        -30,
        1,
        1.689,
        -30,
        1.844,
        -28.636,
        2,
        -28,
        1,
        2.222,
        -27.091,
        2.445,
        -27,
        2.667,
        -27,
        0,
        3.4,
        -30,
        1,
        3.611,
        -30,
        3.822,
        -18.237,
        4.033,
        -3,
        1,
        4.366,
        21.058,
        4.7,
        30,
        5.033,
        30,
        1,
        5.244,
        30,
        5.456,
        -4.347,
        5.667,
        -16,
        1,
        5.911,
        -29.493,
        6.156,
        -30,
        6.4,
        -30,
        2,
        7.033,
        -30,
        0,
        8,
        -28
      ]
    },
    {
      "Target": "Parameter",
      "Id": "Param6",
      "Segments": [
        0,
        0,
        1,
        0.078,
        0,
        0.155,
        -10.211,
        0.233,
        -18,
        1,
        0.333,
        -28.014,
        0.433,
        -30,
        0.533,
        -30,
        2,
        1,
        -30,
        2,
        1.533,
        -30,
        2,
        2,
        -30,
        2,
        2.667,
        -30,
        0,
        3.4,
        -28,
        0,
        4.033,
        -30,
        2,
        5.033,
        -30,
        0,
        5.667,
        -16,
        1,
        5.911,
        -16,
        6.156,
        -15.844,
        6.4,
        -18,
        1,
        6.611,
        -19.862,
        6.822,
        -30,
        7.033,
        -30,
        2,
        8,
        -30
      ]
    },
    {
      "Target": "Parameter",
      "Id": "ParamHairBack",
      "Segments": [
        0,
        0,
        1,
        0.056,
        0,
        0.111,
        -0.373,
        0.167,
        3,
        1,
        0.278,
        9.746,
        0.389,
        20,
        0.5,
        20,
        0,
        0.833,
        -8,
        0,
        1.233,
        13,
        0,
        1.667,
        -5,
        0,
        2,
        0,
        2,
        4.033,
        0,
        0,
        4.367,
        7,
        1,
        4.478,
        7,
        4.589,
        7.113,
        4.7,
        6,
        1,
        4.811,
        4.887,
        4.922,
        0,
        5.033,
        0,
        2,
        7.033,
        0,
        2,
        8,
        0
      ]
    },
    {
      "Target": "Parameter",
      "Id": "Param15",
      "Segments": [
        0,
        0,
        2,
        0.333,
        0,
        0,
        0.667,
        -18,
        1,
        0.778,
        -18,
        0.889,
        -12.508,
        1,
        -6.5,
        1,
        1.133,
        0.71,
        1.267,
        10.111,
        1.4,
        12,
        1,
        1.6,
        14.833,
        1.8,
        15,
        2,
        15,
        0,
        4.033,
        0,
        0,
        4.433,
        12,
        0,
        5.033,
        -16,
        0,
        5.667,
        21,
        0,
        7.033,
        0,
        0,
        8,
        15
      ]
    },
    {
      "Target": "Parameter",
      "Id": "Param7",
      "Segments": [
        0,
        0,
        0,
        0.267,
        21,
        0,
        0.667,
        -12,
        1,
        0.778,
        -12,
        0.889,
        -7.997,
        1,
        -5.7,
        1,
        1.222,
        -1.106,
        1.445,
        0,
        1.667,
        0,
        2,
        2,
        0,
        1,
        2.678,
        0,
        3.355,
        -1.13,
        4.033,
        -3.493,
        1,
        4.311,
        -4.461,
        4.589,
        -5,
        4.867,
        -5,
        0,
        5.667,
        12,
        1,
        5.922,
        12,
        6.178,
        8.997,
        6.433,
        5,
        1,
        6.678,
        1.176,
        6.922,
        0,
        7.167,
        0,
        2,
        8,
        0
      ]
    },
    {
      "Target": "Parameter",
      "Id": "Param4",
      "Segments": [
        0,
        -20,
        1,
        0.333,
        -20,
        0.667,
        -14.426,
        1,
        -9.1,
        1,
        1.333,
        -3.774,
        1.667,
        -2.203,
        2,
        3.609,
        1,
        2.222,
        7.483,
        2.445,
        19,
        2.667,
        19,
        1,
        3.034,
        19,
        3.4,
        -9.026,
        3.767,
        -12,
        1,
        3.967,
        -13.622,
        4.167,
        -13,
        4.367,
        -13,
        1,
        4.589,
        -13,
        4.811,
        -7.329,
        5.033,
        3.609,
        1,
        5.244,
        14,
        5.456,
        19,
        5.667,
        19,
        0,
        7.033,
        -12,
        0,
        8,
        3.609
      ]
    },
    {
      "Target": "Parameter",
      "Id": "Param9",
      "Segments": [
        0,
        0,
        0,
        0.333,
        30,
        0,
        1,
        -1.94,
        0,
        1.833,
        30,
        1,
        1.889,
        30,
        1.944,
        30.939,
        2,
        26.7,
        1,
        2.289,
        4.656,
        2.578,
        -15,
        2.867,
        -15,
        0,
        3.767,
        14,
        1,
        4.022,
        14,
        4.278,
        -11.156,
        4.533,
        -17,
        1,
        4.7,
        -20.812,
        4.866,
        -20,
        5.033,
        -20,
        0,
        5.867,
        12,
        0,
        6.767,
        -30,
        0,
        8,
        26.7
      ]
    },
    {
      "Target": "Parameter",
      "Id": "Param10",
      "Segments": [
        0,
        0,
        0,
        0.333,
        30,
        0,
        0.667,
        -5,
        0,
        1.333,
        0,
        2,
        2,
        0,
        0,
        4.033,
        -6,
        1,
        4.366,
        -6,
        4.7,
        -3.131,
        5.033,
        8,
        1,
        5.3,
        16.905,
        5.566,
        26,
        5.833,
        26,
        0,
        8,
        0
      ]
    },
    {
      "Target": "Parameter",
      "Id": "Param13",
      "Segments": [
        0,
        0,
        0,
        0.233,
        26,
        1,
        0.322,
        26,
        0.411,
        4.49,
        0.5,
        3,
        1,
        0.667,
        0.206,
        0.833,
        0,
        1,
        0,
        2,
        2,
        0,
        2,
        4.033,
        0,
        0,
        5.033,
        3,
        0,
        8,
        0
      ]
    },
    {
      "Target": "Parameter",
      "Id": "Param19",
      "Segments": [
        0,
        0,
        2,
        2,
        0,
        1,
        2.289,
        0,
        2.578,
        9.851,
        2.867,
        11,
        1,
        3.167,
        12.193,
        3.467,
        12,
        3.767,
        12,
        0,
        5.033,
        0,
        0,
        5.667,
        6,
        1,
        5.878,
        6,
        6.089,
        5.067,
        6.3,
        4,
        1,
        6.867,
        1.136,
        7.433,
        0,
        8,
        0
      ]
    },
    {
      "Target": "Parameter",
      "Id": "Param18",
      "Segments": [
        0,
        0,
        2,
        2,
        0,
        0,
        2.867,
        -5,
        0,
        5.033,
        -2,
        0,
        5.667,
        -6,
        1,
        5.878,
        -6,
        6.089,
        -2.636,
        6.3,
        -2,
        1,
        6.867,
        -0.292,
        7.433,
        0,
        8,
        0
      ]
    },
    {
      "Target": "Parameter",
      "Id": "Param14",
      "Segments": [
        0,
        0,
        0,
        0.233,
        -21,
        0,
        0.5,
        5,
        0,
        1,
        0,
        2,
        2,
        0,
        0,
        4.033,
        -6,
        0,
        5.033,
        0,
        2,
        8,
        0
      ]
    },
    {
      "Target": "Parameter",
      "Id": "Param8",
      "Segments": [
        0,
        0,
        2,
        2,
        0,
        0,
        5.033,
        8,
        0,
        8,
        0
      ]
    },
    {
      "Target": "Parameter",
      "Id": "EyeSize",
      "Segments": [
        0,
        0,
        0,
        0.433,
        0.6,
        0,
        0.467,
        0.3,
        2,
        1,
        0.3,
        2,
        2,
        0.3,
        2,
        8,
        0.3
      ]
    },
    {
      "Target": "Parameter",
      "Id": "ParamAngleY",
      "Segments": [
        0,
        0,
        0,
        0.433,
        -0.3,
        0,
        0.467,
        -0.177,
        0,
        1,
        -0.2,
        2,
        2,
        -0.2,
        2,
        8,
        -0.2
      ]
    },
    {
      "Target": "Parameter",
      "Id": "EyeL_Open",
      "Segments": [
        0,
        1,
        1,
        0.022,
        1,
        0.045,
        0.596,
        0.067,
        0.2,
        1,
        0.078,
        0.002,
        0.089,
        0,
        0.1,
        0,
        2,
        0.333,
        0,
        0,
        0.433,
        1,
        2,
        1,
        1,
        2,
        2,
        1,
        2,
        8,
        1
      ]
    },
    {
      "Target": "Parameter",
      "Id": "ParamEyeLSmile",
      "Segments": [
        0,
        0,
        0,
        0.067,
        0.3,
        0,
        0.2,
        0,
        2,
        0.267,
        0,
        0,
        0.433,
        0.7,
        0,
        1,
        0,
        2,
        2,
        0,
        2,
        8,
        0
      ]
    },
    {
      "Target": "Parameter",
      "Id": "EyeR_Open",
      "Segments": [
        0,
        1,
        1,
        0.022,
        1,
        0.045,
        0.596,
        0.067,
        0.2,
        1,
        0.078,
        0.002,
        0.089,
        0,
        0.1,
        0,
        2,
        0.333,
        0,
        0,
        0.433,
        1,
        2,
        1,
        1,
        2,
        2,
        1,
        2,
        8,
        1
      ]
    },
    {
      "Target": "Parameter",
      "Id": "ParamEyeRSmile",
      "Segments": [
        0,
        0,
        0,
        0.067,
        0.3,
        0,
        0.2,
        0,
        2,
        0.267,
        0,
        0,
        0.433,
        0.7,
        0,
        1,
        0,
        2,
        2,
        0,
        2,
        8,
        0
      ]
    },
    {
      "Target": "Parameter",
      "Id": "ParamEyeBallX",
      "Segments": [
        0,
        0.3,
        0,
        0.067,
        0,
        2,
        0.367,
        0,
        0,
        0.433,
        0.8,
        2,
        1,
        0.8,
        2,
        2,
        0.8,
        2,
        8,
        0.8
      ]
    },
    {
      "Target": "Parameter",
      "Id": "ParamEyeBallY",
      "Segments": [
        0,
        0.2,
        0,
        0.067,
        -1,
        2,
        0.367,
        -1,
        1,
        0.389,
        -0.489,
        0.411,
        0.3,
        0.433,
        0.3,
        2,
        1,
        0.3,
        2,
        2,
        0.3,
        2,
        8,
        0.3
      ]
    },
    {
      "Target": "Parameter",
      "Id": "ParamBrowLY",
      "Segments": [
        0,
        0,
        1,
        0.033,
        0,
        0.067,
        -0.706,
        0.1,
        -0.8,
        1,
        0.167,
        -0.988,
        0.233,
        -1,
        0.3,
        -1,
        2,
        0.467,
        -1,
        2,
        1,
        -1,
        2,
        2,
        -1,
        2,
        8,
        -1
      ]
    },
    {
      "Target": "Parameter",
      "Id": "ParamBrowRY",
      "Segments": [
        0,
        0,
        2,
        0.033,
        0,
        1,
        0.055,
        0,
        0.078,
        -0.743,
        0.1,
        -0.8,
        1,
        0.167,
        -0.972,
        0.233,
        -1,
        0.3,
        -1,
        2,
        0.467,
        -1,
        2,
        1,
        -1,
        2,
        2,
        -1,
        2,
        8,
        -1
      ]
    },
    {
      "Target": "Parameter",
      "Id": "ParamBrowLAngle",
      "Segments": [
        0,
        0,
        0,
        0.1,
        0.3,
        0,
        0.3,
        0.278,
        0,
        0.433,
        1,
        2,
        1,
        1,
        2,
        2,
        1,
        2,
        8,
        1
      ]
    },
    {
      "Target": "Parameter",
      "Id": "ParamBrowRAngle",
      "Segments": [
        0,
        0,
        0,
        0.1,
        0.3,
        0,
        0.3,
        0.276,
        0,
        0.433,
        1,
        2,
        1,
        1,
        2,
        2,
        1,
        2,
        8,
        1
      ]
    },
    {
      "Target": "Parameter",
      "Id": "ParamBrowLForm",
      "Segments": [
        0,
        0,
        1,
        0.033,
        0,
        0.067,
        -0.376,
        0.1,
        -0.4,
        1,
        0.167,
        -0.448,
        0.233,
        -0.5,
        0.3,
        -0.5,
        1,
        0.344,
        -0.547,
        0.389,
        -0.756,
        0.433,
        -1,
        2,
        1,
        -1,
        2,
        2,
        -1,
        2,
        8,
        -1
      ]
    },
    {
      "Target": "Parameter",
      "Id": "ParamBrowRForm",
      "Segments": [
        0,
        0,
        1,
        0.033,
        0,
        0.067,
        -0.376,
        0.1,
        -0.4,
        1,
        0.167,
        -0.448,
        0.233,
        -0.5,
        0.3,
        -0.5,
        1,
        0.344,
        -0.528,
        0.389,
        -0.739,
        0.433,
        -1,
        2,
        1,
        -1,
        2,
        2,
        -1,
        2,
        8,
        -1
      ]
    },
    {
      "Target": "Parameter",
      "Id": "ParamMouthForm",
      "Segments": [
        0,
        0,
        0,
        0.033,
        -1,
        2,
        0.467,
        -1,
        2,
        0.967,
        -1,
        0,
        1,
        1,
        2,
        2,
        1,
        2,
        8,
        1
      ]
    },
    {
      "Target": "Parameter",
      "Id": "Mouth_Open",
      "Segments": [
        0,
        1,
        1,
        0.033,
        1,
        0.067,
        0.084,
        0.1,
        0.057,
        1,
        0.167,
        0.001,
        0.233,
        0,
        0.3,
        0,
        1,
        0.333,
        0,
        0.367,
        0.884,
        0.4,
        0.912,
        1,
        0.589,
        1,
        0.778,
        0,
        0.967,
        0,
        0,
        1,
        1,
        2,
        2,
        1,
        2,
        8,
        1
      ]
    },
    {
      "Target": "PartOpacity",
      "Id": "Part34",
      "Segments": [
        0,
        0,
        2,
        0.03,
        1,
        2,
        0.1,
        1,
        2,
        8,
        1
      ]
    },
    {
      "Target": "PartOpacity",
      "Id": "Part17",
      "Segments": [
        0,
        1,
        2,
        0.1,
        1,
        2,
        8,
        1
      ]
    },
    {
      "Target": "PartOpacity",
      "Id": "Part24",
      "Segments": [
        0,
        1,
        2,
        0.3,
        1,
        2,
        8,
        1
      ]
    },
    {
      "Target": "PartOpacity",
      "Id": "Part14",
      "Segments": [
        0,
        1,
        2,
        0.03,
        1,
        2,
        0.3,
        1,
        2,
        8,
        1
      ]
    },
    {
      "Target": "PartOpacity",
      "Id": "Part20",
      "Segments": [
        0,
        1,
        2,
        0.3,
        1,
        2,
        0.53,
        1,
        2,
        8,
        1
      ]
    },
    {
      "Target": "PartOpacity",
      "Id": "Part19",
      "Segments": [
        0,
        1,
        2,
        0.3,
        0,
        2,
        8,
        0
      ]
    },
    {
      "Target": "PartOpacity",
      "Id": "Part13",
      "Segments": [
        0,
        1,
        2,
        0.1,
        1,
        2,
        8,
        1
      ]
    },
    {
      "Target": "PartOpacity",
      "Id": "Part27",
      "Segments": [
        0,
        1,
        2,
        0.03,
        1,
        2,
        8,
        1
      ]
    },
    {
      "Target": "PartOpacity",
      "Id": "Part15",
      "Segments": [
        0,
        1,
        2,
        0.03,
        1,
        2,
        8,
        1
      ]
    },
    {
      "Target": "PartOpacity",
      "Id": "Part8",
      "Segments": [
        0,
        1,
        2,
        0.3,
        1,
        2,
        8,
        1
      ]
    },
    {
      "Target": "PartOpacity",
      "Id": "Part28",
      "Segments": [
        0,
        1,
        2,
        0.3,
        1,
        2,
        8,
        1
      ]
    },
    {
      "Target": "PartOpacity",
      "Id": "Part26",
      "Segments": [
        0,
        0,
        2,
        0.03,
        0.1,
        2,
        0.1,
        1,
        2,
        8,
        1
      ]
    },
    {
      "Target": "Parameter",
      "Id": "Param2",
      "Segments": [
        0,
        0,
        0,
        8,
        0
      ]
    },
    {
      "Target": "Parameter",
      "Id": "Param12",
      "Segments": [
        0,
        0,
        0,
        8,
        0
      ]
    },
    {
      "Target": "Parameter",
      "Id": "Param16",
      "Segments": [
        0,
        0,
        0,
        8,
        0
      ]
    },
    {
      "Target": "Parameter",
      "Id": "Param17",
      "Segments": [
        0,
        0,
        0,
        8,
        0
      ]
    },
    {
      "Target": "Parameter",
      "Id": "Param11",
      "Segments": [
        0,
        0,
        0,
        8,
        0
      ]
    },
    {
      "Target": "Parameter",
      "Id": "ParamBrowLX",
      "Segments": [
        0,
        0,
        0,
        8,
        0
      ]
    },
    {
      "Target": "Parameter",
      "Id": "ParamBrowRX",
      "Segments": [
        0,
        0,
        0,
        8,
        0
      ]
    },
    {
      "Target": "Parameter",
      "Id": "Mouth_Size",
      "Segments": [
        0,
        0,
        0,
        8,
        0
      ]
    },
    {
      "Target": "PartOpacity",
      "Id": "Part23",
      "Segments": [
        0,
        1,
        0,
        8,
        1
      ]
    },
    {
      "Target": "PartOpacity",
      "Id": "Part16",
      "Segments": [
        0,
        1,
        0,
        8,
        1
      ]
    },
    {
      "Target": "PartOpacity",
      "Id": "Part18",
      "Segments": [
        0,
        1,
        0,
        8,
        1
      ]
    },
    {
      "Target": "PartOpacity",
      "Id": "Part12",
      "Segments": [
        0,
        1,
        0,
        8,
        1
      ]
    },
    {
      "Target": "PartOpacity",
      "Id": "Part",
      "Segments": [
        0,
        1,
        0,
        8,
        1
      ]
    },
    {
      "Target": "PartOpacity",
      "Id": "Part2",
      "Segments": [
        0,
        1,
        0,
        8,
        1
      ]
    },
    {
      "Target": "PartOpacity",
      "Id": "Part3",
      "Segments": [
        0,
        1,
        0,
        8,
        1
      ]
    },
    {
      "Target": "PartOpacity",
      "Id": "Part4",
      "Segments": [
        0,
        1,
        0,
        8,
        1
      ]
    },
    {
      "Target": "PartOpacity",
      "Id": "Part11",
      "Segments": [
        0,
        1,
        0,
        8,
        1
      ]
    },
    {
      "Target": "PartOpacity",
      "Id": "Part5",
      "Segments": [
        0,
        1,
        0,
        8,
        1
      ]
    },
    {
      "Target": "PartOpacity",
      "Id": "Part6",
      "Segments": [
        0,
        1,
        0,
        8,
        1
      ]
    },
    {
      "Target": "PartOpacity",
      "Id": "Part7",
      "Segments": [
        0,
        1,
        0,
        8,
        1
      ]
    },
    {
      "Target": "PartOpacity",
      "Id": "Part21",
      "Segments": [
        0,
        1,
        0,
        8,
        1
      ]
    },
    {
      "Target": "PartOpacity",
      "Id": "Part9",
      "Segments": [
        0,
        1,
        0,
        8,
        1
      ]
    },
    {
      "Target": "PartOpacity",
      "Id": "Part10",
      "Segments": [
        0,
        1,
        0,
        8,
        1
      ]
    },
    {
      "Target": "PartOpacity",
      "Id": "Part22",
      "Segments": [
        0,
        1,
        0,
        8,
        1
      ]
    }
  ],
  "UserData": []
}