{
  "Version": 3,
  "Meta": {
    "Duration": 8.0,
    "Fps": 30.0,
    "Loop": true,
    "AreBeziersRestricted": true,
    "CurveCount": 67,
    "TotalSegmentCount": 279,
    "TotalPointCount": 377,
    "UserDataCount": 0,
    "TotalUserDataSize": 0
  },
  "Curves": [
    {
      "Target": "Parameter",
      "Id": "Param",
      "Segments": [
        0,
        0,
        0,
        0.167,
        -39,
        0,
        0.333,
        -18,
        1,
        0.444,
        -18,
        0.556,
        -17.862,
        0.667,
        -20,
        1,
        0.767,
        -21.924,
        0.867,
        -35,
        0.967,
        -35,
        0,
        1.5,
        -21,
        0,
        2.033,
        -34,
        0,
        2.533,
        -27,
        0,
        3.033,
        -30,
        0,
        3.533,
        -25,
        0,
        4.033,
        -30,
        0,
        4.533,
        -28,
        0,
        5.033,
        -30,
        0,
        5.533,
        -28,
        0,
        6.033,
        -30,
        0,
        6.533,
        -27,
        0,
        7.033,
        -30,
        0,
        7.533,
        -27,
        0,
        8,
        -34
      ]
    },
    {
      "Target": "Parameter",
      "Id": "Param2",
      "Segments": [
        0,
        0,
        1,
        0.078,
        0,
        0.155,
        -6.849,
        0.233,
        -16,
        1,
        0.322,
        -26.458,
        0.411,
        -30,
        0.5,
        -30,
        1,
        0.656,
        -30,
        0.811,
        -29.619,
        0.967,
        -29,
        1,
        1.145,
        -28.292,
        1.322,
        -28,
        1.5,
        -28,
        0,
        2.033,
        -30,
        0,
        2.533,
        -24,
        1,
        2.866,
        -24,
        3.2,
        -24.052,
        3.533,
        -25,
        1,
        3.7,
        -25.474,
        3.866,
        -30,
        4.033,
        -30,
        0,
        4.533,
        -28,
        0,
        5.033,
        -30,
        0,
        5.533,
        -28,
        0,
        6.033,
        -30,
        2,
        7.033,
        -30,
        0,
        7.533,
        -28,
        0,
        8,
        -30
      ]
    },
    {
      "Target": "Parameter",
      "Id": "Param5",
      "Segments": [
        0,
        0,
        0,
        0.233,
        -17,
        1,
        0.322,
        -17,
        0.411,
        -17.387,
        0.5,
        -9,
        1,
        0.656,
        5.677,
        0.811,
        26,
        0.967,
        26,
        1,
        1.322,
        26,
        1.678,
        7.105,
        2.033,
        -10.5,
        1,
        2.366,
        -27.005,
        2.7,
        -30,
        3.033,
        -30,
        1,
        3.366,
        -30,
        3.7,
        5.843,
        4.033,
        23,
        1,
        4.2,
        31.578,
        4.366,
        30,
        4.533,
        30,
        2,
        6,
        30,
        0,
        7.033,
        -9,
        0,
        7.533,
        0,
        0,
        8,
        -10.5
      ]
    },
    {
      "Target": "Parameter",
      "Id": "Param6",
      "Segments": [
        0,
        0,
        0,
        0.233,
        -14,
        0,
        0.5,
        -11,
        0,
        0.967,
        -18,
        0,
        2.033,
        -11,
        1,
        2.366,
        -11,
        2.7,
        -20.163,
        3.033,
        -25,
        1,
        3.366,
        -29.837,
        3.7,
        -30,
        4.033,
        -30,
        1,
        4.2,
        -30,
        4.366,
        -17.795,
        4.533,
        -14,
        1,
        5.022,
        -2.869,
        5.511,
        0,
        6,
        0,
        0,
        7.033,
        -11,
        0,
        7.533,
        0,
        0,
        8,
        -11
      ]
    },
    {
      "Target": "Parameter",
      "Id": "ParamHairBack",
      "Segments": [
        0,
        0,
        0,
        0.167,
        12,
        0,
        0.367,
        -20,
        0,
        0.667,
        20,
        0,
        1.033,
        -20,
        0,
        1.5,
        10,
        1,
        1.611,
        10,
        1.722,
        6.285,
        1.833,
        1,
        1,
        1.9,
        -2.171,
        1.966,
        -3,
        2.033,
        -3,
        0,
        2.533,
        11,
        0,
        3.033,
        -5,
        0,
        3.533,
        11,
        0,
        4.033,
        -5,
        0,
        4.533,
        11,
        0,
        5.033,
        -2,
        0,
        5.533,
        11,
        0,
        6.033,
        -3,
        0,
        6.533,
        16,
        0,
        7.033,
        -11,
        0,
        7.533,
        11,
        0,
        8,
        -3
      ]
    },
    {
      "Target": "Parameter",
      "Id": "Param15",
      "Segments": [
        0,
        0,
        0,
        0.233,
        30,
        0,
        0.6,
        -14,
        0,
        0.967,
        0,
        0,
        1.667,
        -18,
        1,
        1.789,
        -18,
        1.911,
        -14.033,
        2.033,
        0,
        1,
        2.133,
        11.482,
        2.233,
        22,
        2.333,
        22,
        0,
        3.033,
        0,
        0,
        4.033,
        9,
        0,
        4.7,
        -18,
        0,
        5.5,
        12,
        0,
        6.467,
        -30,
        0,
        7.3,
        18,
        0,
        7.7,
        -8,
        0,
        8,
        0
      ]
    },
    {
      "Target": "Parameter",
      "Id": "Param7",
      "Segments": [
        0,
        0,
        0,
        0.267,
        -19,
        0,
        0.433,
        0,
        0,
        0.967,
        -16,
        0,
        2.033,
        3,
        2,
        5.033,
        3,
        0,
        6.033,
        11.5,
        0,
        8,
        3
      ]
    },
    {
      "Target": "Parameter",
      "Id": "Param12",
      "Segments": [
        0,
        0,
        0,
        0.167,
        16,
        0,
        0.5,
        12,
        1,
        0.656,
        12,
        0.811,
        21.111,
        0.967,
        23,
        1,
        1.322,
        27.318,
        1.678,
        28,
        2.033,
        28,
        2,
        5.033,
        28,
        2,
        8,
        28
      ]
    },
    {
      "Target": "Parameter",
      "Id": "Param4",
      "Segments": [
        0,
        -20,
        0,
        0.967,
        0,
        0,
        2.033,
        -30,
        0,
        3.033,
        0,
        0,
        4.033,
        -30,
        2,
        5.033,
        -30,
        0,
        6.033,
        0,
        0,
        7.033,
        -30,
        2,
        8,
        -30
      ]
    },
    {
      "Target": "Parameter",
      "Id": "Param9",
      "Segments": [
        0,
        0,
        0,
        0.167,
        -30,
        0,
        0.5,
        20,
        0,
        0.867,
        -17,
        0,
        1.5,
        18,
        1,
        1.678,
        18,
        1.855,
        18.388,
        2.033,
        15,
        1,
        2.366,
        8.648,
        2.7,
        -1,
        3.033,
        -1,
        1,
        3.366,
        -1,
        3.7,
        -1.234,
        4.033,
        0,
        1,
        4.366,
        1.234,
        4.7,
        15,
        5.033,
        15,
        0,
        6.033,
        -1,
        1,
        6.366,
        -1,
        6.7,
        -1.218,
        7.033,
        0,
        1,
        7.355,
        1.177,
        7.678,
        15,
        8,
        15
      ]
    },
    {
      "Target": "Parameter",
      "Id": "Param10",
      "Segments": [
        0,
        0,
        0,
        0.333,
        -15,
        1,
        0.444,
        -15,
        0.556,
        -10,
        0.667,
        0,
        1,
        0.889,
        20,
        1.111,
        30,
        1.333,
        30,
        0,
        2.033,
        0,
        2,
        4.033,
        0,
        1,
        4.2,
        0,
        4.366,
        -0.838,
        4.533,
        -3,
        1,
        5.033,
        -9.486,
        5.533,
        -13,
        6.033,
        -13,
        0,
        7.033,
        15,
        0,
        8,
        0
      ]
    },
    {
      "Target": "Parameter",
      "Id": "Param16",
      "Segments": [
        0,
        0,
        0,
        0.233,
        30,
        1,
        0.266,
        30,
        0.3,
        29.677,
        0.333,
        23,
        1,
        0.355,
        18.548,
        0.378,
        0,
        0.4,
        0,
        0,
        0.967,
        1,
        2,
        2.033,
        1,
        2,
        8,
        1
      ]
    },
    {
      "Target": "Parameter",
      "Id": "Param17",
      "Segments": [
        0,
        0,
        0,
        0.233,
        -30,
        0,
        0.4,
        -1,
        0,
        0.967,
        -9,
        0,
        1.5,
        1,
        0,
        2.033,
        -11.94,
        0,
        2.533,
        1,
        0,
        3.033,
        -10,
        0,
        3.533,
        0,
        0,
        4.033,
        -19,
        0,
        4.533,
        1,
        0,
        5.033,
        -12,
        0,
        5.533,
        -2,
        0,
        6.033,
        -10,
        0,
        6.533,
        0,
        0,
        7.033,
        -19,
        0,
        7.533,
        1,
        0,
        8,
        -11.94
      ]
    },
    {
      "Target": "Parameter",
      "Id": "Param13",
      "Segments": [
        0,
        0,
        0,
        0.333,
        29,
        1,
        0.444,
        29,
        0.556,
        7.71,
        0.667,
        7,
        1,
        1.111,
        4.161,
        1.556,
        3.392,
        2,
        0,
        1,
        2.344,
        -2.629,
        2.689,
        -10,
        3.033,
        -10,
        0,
        4.533,
        13,
        1,
        5.2,
        13,
        5.866,
        13.095,
        6.533,
        11,
        1,
        7.022,
        9.463,
        7.511,
        0,
        8,
        0
      ]
    },
    {
      "Target": "Parameter",
      "Id": "Param14",
      "Segments": [
        0,
        0,
        0,
        0.333,
        -21,
        0,
        0.633,
        16,
        0,
        2,
        0,
        0,
        2.7,
        16,
        1,
        3.144,
        16,
        3.589,
        5.649,
        4.033,
        -2,
        1,
        4.7,
        -13.473,
        5.366,
        -16,
        6.033,
        -16,
        0,
        8,
        0
      ]
    },
    {
      "Target": "Parameter",
      "Id": "Param11",
      "Segments": [
        0,
        0,
        2,
        0.967,
        0,
        2,
        2,
        0,
        2,
        4.033,
        0,
        0,
        4.533,
        -12,
        0,
        6.033,
        0,
        2,
        8,
        0
      ]
    },
    {
      "Target": "Parameter",
      "Id": "EyeSize",
      "Segments": [
        0,
        0,
        2,
        0.233,
        0,
        0,
        0.367,
        0.467,
        0,
        0.4,
        0,
        2,
        0.967,
        0,
        2,
        2,
        0,
        2,
        8,
        0
      ]
    },
    {
      "Target": "Parameter",
      "Id": "EyeL_Open",
      "Segments": [
        0,
        1,
        0,
        0.033,
        0,
        2,
        0.233,
        0,
        0,
        0.3,
        1,
        2,
        0.967,
        1,
        2,
        2,
        1,
        2,
        8,
        1
      ]
    },
    {
      "Target": "Parameter",
      "Id": "ParamEyeLSmile",
      "Segments": [
        0,
        0,
        2,
        0.1,
        0,
        0,
        0.267,
        0.5,
        0,
        0.967,
        0,
        2,
        2,
        0,
        2,
        8,
        0
      ]
    },
    {
      "Target": "Parameter",
      "Id": "EyeR_Open",
      "Segments": [
        0,
        1,
        0,
        0.033,
        0,
        2,
        0.233,
        0,
        0,
        0.3,
        1,
        2,
        0.967,
        1,
        2,
        2,
        1,
        2,
        8,
        1
      ]
    },
    {
      "Target": "Parameter",
      "Id": "ParamEyeRSmile",
      "Segments": [
        0,
        0,
        2,
        0.1,
        0,
        0,
        0.267,
        0.5,
        0,
        0.967,
        0,
        2,
        2,
        0,
        2,
        8,
        0
      ]
    },
    {
      "Target": "Parameter",
      "Id": "ParamBrowLY",
      "Segments": [
        0,
        0,
        0,
        0.067,
        -0.9,
        2,
        0.2,
        -0.9,
        0,
        0.333,
        0.7,
        2,
        0.367,
        0.7,
        1,
        0.378,
        0.7,
        0.389,
        0.624,
        0.4,
        0.6,
        1,
        0.589,
        0.185,
        0.778,
        0,
        0.967,
        0,
        2,
        2,
        0,
        2,
        8,
        0
      ]
    },
    {
      "Target": "Parameter",
      "Id": "ParamBrowRY",
      "Segments": [
        0,
        0,
        0,
        0.067,
        -0.9,
        2,
        0.2,
        -0.9,
        0,
        0.333,
        0.7,
        2,
        0.367,
        0.7,
        0,
        0.4,
        0.6,
        2,
        0.533,
        0.6,
        0,
        0.967,
        0,
        2,
        2,
        0,
        2,
        8,
        0
      ]
    },
    {
      "Target": "Parameter",
      "Id": "ParamBrowLForm",
      "Segments": [
        0,
        0,
        0,
        0.133,
        -0.5,
        2,
        0.2,
        -0.5,
        0,
        0.333,
        0.4,
        0,
        0.967,
        0,
        2,
        2,
        0,
        2,
        8,
        0
      ]
    },
    {
      "Target": "Parameter",
      "Id": "ParamBrowRForm",
      "Segments": [
        0,
        0,
        0,
        0.133,
        -0.5,
        2,
        0.2,
        -0.5,
        0,
        0.333,
        0.4,
        0,
        0.967,
        0,
        2,
        2,
        0,
        2,
        8,
        0
      ]
    },
    {
      "Target": "Parameter",
      "Id": "Mouth_Open",
      "Segments": [
        0,
        1,
        0,
        0.133,
        0,
        2,
        0.167,
        0,
        1,
        0.189,
        0,
        0.211,
        0.069,
        0.233,
        0.2,
        1,
        0.278,
        0.462,
        0.322,
        0.981,
        0.367,
        0.981,
        1,
        0.4,
        1,
        0.434,
        1,
        0.467,
        1,
        1,
        0.567,
        1,
        0.667,
        0.994,
        0.767,
        0.959,
        0,
        2,
        1,
        2,
        8,
        1
      ]
    },
    {
      "Target": "Parameter",
      "Id": "Param3",
      "Segments": [
        0,
        0,
        0,
        8,
        0
      ]
    },
    {
      "Target": "Parameter",
      "Id": "Param19",
      "Segments": [
        0,
        0,
        0,
        8,
        0
      ]
    },
    {
      "Target": "Parameter",
      "Id": "Param18",
      "Segments": [
        0,
        0,
        0,
        8,
        0
      ]
    },
    {
      "Target": "Parameter",
      "Id": "Param8",
      "Segments": [
        0,
        0,
        0,
        8,
        0
      ]
    },
    {
      "Target": "Parameter",
      "Id": "ParamAngleY",
      "Segments": [
        0,
        0,
        0,
        8,
        0
      ]
    },
    {
      "Target": "Parameter",
      "Id": "ParamEyeBallX",
      "Segments": [
        0,
        0.3,
        0,
        8,
        0.3
      ]
    },
    {
      "Target": "Parameter",
      "Id": "ParamEyeBallY",
      "Segments": [
        0,
        0.2,
        0,
        8,
        0.2
      ]
    },
    {
      "Target": "Parameter",
      "Id": "ParamBrowLX",
      "Segments": [
        0,
        0,
        0,
        8,
        0
      ]
    },
    {
      "Target": "Parameter",
      "Id": "ParamBrowRX",
      "Segments": [
        0,
        0,
        0,
        8,
        0
      ]
    },
    {
      "Target": "Parameter",
      "Id": "ParamBrowLAngle",
      "Segments": [
        0,
        0,
        0,
        8,
        0
      ]
    },
    {
      "Target": "Parameter",
      "Id": "ParamBrowRAngle",
      "Segments": [
        0,
        0,
        0,
        8,
        0
      ]
    },
    {
      "Target": "Parameter",
      "Id": "ParamMouthForm",
      "Segments": [
        0,
        0,
        0,
        8,
        0
      ]
    },
    {
      "Target": "Parameter",
      "Id": "Mouth_Size",
      "Segments": [
        0,
        0,
        0,
        8,
        0
      ]
    },
    {
      "Target": "PartOpacity",
      "Id": "Part34",
      "Segments": [
        0,
        0,
        0,
        8,
        0
      ]
    },
    {
      "Target": "PartOpacity",
      "Id": "Part17",
      "Segments": [
        0,
        1,
        0,
        8,
        1
      ]
    },
    {
      "Target": "PartOpacity",
      "Id": "Part24",
      "Segments": [
        0,
        1,
        0,
        8,
        1
      ]
    },
    {
      "Target": "PartOpacity",
      "Id": "Part14",
      "Segments": [
        0,
        1,
        0,
        8,
        1
      ]
    },
    {
      "Target": "PartOpacity",
      "Id": "Part20",
      "Segments": [
        0,
        1,
        0,
        8,
        1
      ]
    },
    {
      "Target": "PartOpacity",
      "Id": "Part19",
      "Segments": [
        0,
        1,
        0,
        8,
        1
      ]
    },
    {
      "Target": "PartOpacity",
      "Id": "Part23",
      "Segments": [
        0,
        1,
        0,
        8,
        1
      ]
    },
    {
      "Target": "PartOpacity",
      "Id": "Part16",
      "Segments": [
        0,
        1,
        0,
        8,
        1
      ]
    },
    {
      "Target": "PartOpacity",
      "Id": "Part13",
      "Segments": [
        0,
        1,
        0,
        8,
        1
      ]
    },
    {
      "Target": "PartOpacity",
      "Id": "Part27",
      "Segments": [
        0,
        1,
        0,
        8,
        1
      ]
    },
    {
      "Target": "PartOpacity",
      "Id": "Part15",
      "Segments": [
        0,
        1,
        0,
        8,
        1
      ]
    },
    {
      "Target": "PartOpacity",
      "Id": "Part18",
      "Segments": [
        0,
        1,
        0,
        8,
        1
      ]
    },
    {
      "Target": "PartOpacity",
      "Id": "Part12",
      "Segments": [
        0,
        1,
        0,
        8,
        1
      ]
    },
    {
      "Target": "PartOpacity",
      "Id": "Part",
      "Segments": [
        0,
        1,
        0,
        8,
        1
      ]
    },
    {
      "Target": "PartOpacity",
      "Id": "Part2",
      "Segments": [
        0,
        1,
        0,
        8,
        1
      ]
    },
    {
      "Target": "PartOpacity",
      "Id": "Part3",
      "Segments": [
        0,
        1,
        0,
        8,
        1
      ]
    },
    {
      "Target": "PartOpacity",
      "Id": "Part4",
      "Segments": [
        0,
        1,
        0,
        8,
        1
      ]
    },
    {
      "Target": "PartOpacity",
      "Id": "Part11",
      "Segments": [
        0,
        1,
        0,
        8,
        1
      ]
    },
    {
      "Target": "PartOpacity",
      "Id": "Part5",
      "Segments": [
        0,
        1,
        0,
        8,
        1
      ]
    },
    {
      "Target": "PartOpacity",
      "Id": "Part6",
      "Segments": [
        0,
        1,
        0,
        8,
        1
      ]
    },
    {
      "Target": "PartOpacity",
      "Id": "Part7",
      "Segments": [
        0,
        1,
        0,
        8,
        1
      ]
    },
    {
      "Target": "PartOpacity",
      "Id": "Part21",
      "Segments": [
        0,
        1,
        0,
        8,
        1
      ]
    },
    {
      "Target": "PartOpacity",
      "Id": "Part9",
      "Segments": [
        0,
        1,
        0,
        8,
        1
      ]
    },
    {
      "Target": "PartOpacity",
      "Id": "Part10",
      "Segments": [
        0,
        1,
        0,
        8,
        1
      ]
    },
    {
      "Target": "PartOpacity",
      "Id": "Part8",
      "Segments": [
        0,
        1,
        0,
        8,
        1
      ]
    },
    {
      "Target": "PartOpacity",
      "Id": "Part22",
      "Segments": [
        0,
        1,
        0,
        8,
        1
      ]
    },
    {
      "Target": "PartOpacity",
      "Id": "Part28",
      "Segments": [
        0,
        1,
        0,
        8,
        1
      ]
    },
    {
      "Target": "PartOpacity",
      "Id": "Part26",
      "Segments": [
        0,
        0,
        0,
        8,
        0
      ]
    }
  ],
  "UserData": []
}