{
  "Version": 3,
  "Meta": {
    "Duration": 8.0,
    "Fps": 30.0,
    "Loop": true,
    "AreBeziersRestricted": true,
    "CurveCount": 66,
    "TotalSegmentCount": 219,
    "TotalPointCount": 251,
    "UserDataCount": 0,
    "TotalUserDataSize": 0
  },
  "Curves": [
    {
      "Target": "Parameter",
      "Id": "Param",
      "Segments": [
        0,
        0,
        0,
        0.167,
        60,
        0,
        0.567,
        49,
        0,
        1.6,
        60,
        2,
        2,
        60,
        2,
        4,
        60,
        2,
        6.167,
        60,
        2,
        8,
        60
      ]
    },
    {
      "Target": "Parameter",
      "Id": "Param2",
      "Segments": [
        0,
        0,
        0,
        0.233,
        30,
        2,
        0.567,
        30,
        0,
        2,
        28,
        0,
        3,
        30,
        0,
        4,
        29,
        0,
        5.167,
        30,
        2,
        6.167,
        30,
        0,
        8,
        28
      ]
    },
    {
      "Target": "Parameter",
      "Id": "Param5",
      "Segments": [
        0,
        0,
        0,
        0.267,
        -16,
        0,
        1.133,
        -8,
        2,
        2,
        -8,
        0,
        3.5,
        30,
        2,
        5.433,
        30,
        0,
        8,
        -8
      ]
    },
    {
      "Target": "Parameter",
      "Id": "Param6",
      "Segments": [
        0,
        0,
        0,
        0.267,
        -24,
        0,
        1.133,
        -1,
        2,
        2,
        -1,
        0,
        3.5,
        0,
        2,
        5.433,
        0,
        0,
        8,
        -1
      ]
    },
    {
      "Target": "Parameter",
      "Id": "ParamHairBack",
      "Segments": [
        0,
        0,
        0,
        0.333,
        -7,
        0,
        0.5,
        0,
        2,
        1.3,
        0,
        2,
        2,
        0,
        0,
        2.9,
        -6,
        0,
        4,
        16,
        0,
        5,
        -1,
        0,
        6,
        18,
        1,
        6.322,
        18,
        6.645,
        13.671,
        6.967,
        8,
        1,
        7.311,
        1.938,
        7.656,
        0,
        8,
        0
      ]
    },
    {
      "Target": "Parameter",
      "Id": "Param15",
      "Segments": [
        0,
        0,
        0,
        0.333,
        -30,
        0,
        0.5,
        0,
        2,
        2,
        0,
        0,
        3.233,
        -16,
        0,
        4.333,
        6,
        0,
        5.133,
        0,
        1,
        5.578,
        0,
        6.022,
        0.865,
        6.467,
        7,
        1,
        6.7,
        10.221,
        6.934,
        21,
        7.167,
        21,
        0,
        8,
        0
      ]
    },
    {
      "Target": "Parameter",
      "Id": "Param7",
      "Segments": [
        0,
        0,
        0,
        0.167,
        -11,
        0,
        0.4,
        0,
        1,
        0.8,
        0,
        1.2,
        -1.956,
        1.6,
        -8,
        1,
        1.733,
        -10.015,
        1.867,
        -13.2,
        2,
        -13.2,
        1,
        2.1,
        -13.2,
        2.2,
        -12.587,
        2.3,
        -10,
        1,
        2.533,
        -3.963,
        2.767,
        0,
        3,
        0,
        0,
        4,
        -12,
        0,
        5.167,
        0,
        0,
        8,
        -13.2
      ]
    },
    {
      "Target": "Parameter",
      "Id": "Param4",
      "Segments": [
        0,
        -20,
        0,
        0.167,
        -30,
        0,
        0.5,
        30,
        2,
        1.6,
        30,
        0,
        2,
        -30,
        0,
        3,
        30,
        0,
        4,
        -30,
        0,
        5.167,
        30,
        0,
        6.167,
        -30,
        0,
        7,
        30,
        0,
        8,
        -30
      ]
    },
    {
      "Target": "Parameter",
      "Id": "Param9",
      "Segments": [
        0,
        0,
        0,
        0.267,
        30,
        1,
        0.345,
        30,
        0.422,
        1.704,
        0.5,
        1,
        1,
        1,
        -3.524,
        1.5,
        -5,
        2,
        -5,
        0,
        3,
        5,
        0,
        4,
        -5,
        0,
        5.167,
        5,
        0,
        6.167,
        -5,
        0,
        7,
        5,
        0,
        8,
        -5
      ]
    },
    {
      "Target": "Parameter",
      "Id": "Param10",
      "Segments": [
        0,
        0,
        2,
        0.167,
        0,
        2,
        2,
        0,
        0,
        4,
        -8,
        0,
        6.167,
        30,
        0,
        8,
        0
      ]
    },
    {
      "Target": "Parameter",
      "Id": "Param16",
      "Segments": [
        0,
        0,
        0,
        0.2,
        -30,
        0,
        0.533,
        5,
        2,
        2,
        5,
        0,
        2.667,
        0,
        2,
        4,
        0,
        2,
        4.833,
        0,
        2,
        6.167,
        0,
        2,
        6.667,
        0,
        0,
        8,
        5
      ]
    },
    {
      "Target": "Parameter",
      "Id": "Param17",
      "Segments": [
        0,
        0,
        0,
        0.2,
        -30,
        0,
        0.533,
        10,
        1,
        1.022,
        10,
        1.511,
        9.006,
        2,
        5,
        1,
        2.222,
        3.179,
        2.445,
        0,
        2.667,
        0,
        2,
        4,
        0,
        2,
        4.833,
        0,
        2,
        6.167,
        0,
        2,
        6.667,
        0,
        0,
        8,
        5
      ]
    },
    {
      "Target": "Parameter",
      "Id": "Param13",
      "Segments": [
        0,
        0,
        0,
        0.2,
        24,
        0,
        0.533,
        0,
        0,
        1.367,
        7,
        0,
        2,
        0,
        0,
        4,
        6,
        0,
        6.167,
        0,
        2,
        8,
        0
      ]
    },
    {
      "Target": "Parameter",
      "Id": "Param14",
      "Segments": [
        0,
        0,
        0,
        0.267,
        -18,
        0,
        0.533,
        0,
        2,
        2,
        0,
        0,
        4,
        -8,
        0,
        6.167,
        0,
        2,
        8,
        0
      ]
    },
    {
      "Target": "Parameter",
      "Id": "Param11",
      "Segments": [
        0,
        0,
        0,
        0.667,
        30,
        0,
        2,
        0,
        2,
        4,
        0,
        2,
        8,
        0
      ]
    },
    {
      "Target": "Parameter",
      "Id": "EyeSize",
      "Segments": [
        0,
        0,
        0,
        0.1,
        0.7,
        2,
        1,
        0.7,
        2,
        2,
        0.7,
        2,
        8,
        0.7
      ]
    },
    {
      "Target": "Parameter",
      "Id": "ParamAngleY",
      "Segments": [
        0,
        0,
        1,
        0.067,
        0,
        0.133,
        -0.879,
        0.2,
        -0.9,
        1,
        0.467,
        -0.983,
        0.733,
        -1,
        1,
        -1,
        2,
        2,
        -1,
        2,
        8,
        -1
      ]
    },
    {
      "Target": "Parameter",
      "Id": "EyeL_Open",
      "Segments": [
        0,
        1,
        2,
        0.633,
        1,
        0,
        0.667,
        0,
        0,
        0.733,
        1,
        2,
        0.867,
        1,
        0,
        0.9,
        0,
        0,
        0.967,
        1,
        0,
        1,
        0.999,
        2,
        2,
        0.999,
        2,
        8,
        0.999
      ]
    },
    {
      "Target": "Parameter",
      "Id": "EyeR_Open",
      "Segments": [
        0,
        1,
        2,
        0.633,
        1,
        0,
        0.667,
        0,
        0,
        0.733,
        1,
        2,
        0.867,
        1,
        0,
        0.9,
        0,
        0,
        0.967,
        1,
        2,
        1,
        1,
        2,
        2,
        1,
        2,
        8,
        1
      ]
    },
    {
      "Target": "Parameter",
      "Id": "ParamEyeBallX",
      "Segments": [
        0,
        0.3,
        0,
        1,
        0,
        2,
        2,
        0,
        2,
        8,
        0
      ]
    },
    {
      "Target": "Parameter",
      "Id": "ParamEyeBallY",
      "Segments": [
        0,
        0.2,
        0,
        1,
        0,
        2,
        2,
        0,
        2,
        8,
        0
      ]
    },
    {
      "Target": "Parameter",
      "Id": "ParamBrowLY",
      "Segments": [
        0,
        0,
        0,
        0.2,
        1,
        2,
        1,
        1,
        2,
        2,
        1,
        2,
        8,
        1
      ]
    },
    {
      "Target": "Parameter",
      "Id": "ParamBrowRY",
      "Segments": [
        0,
        0,
        0,
        0.2,
        1,
        2,
        1,
        1,
        2,
        2,
        1,
        2,
        8,
        1
      ]
    },
    {
      "Target": "Parameter",
      "Id": "ParamBrowLAngle",
      "Segments": [
        0,
        0,
        2,
        0.2,
        0,
        2,
        1,
        0,
        0,
        2,
        -0.8,
        2,
        8,
        -0.8
      ]
    },
    {
      "Target": "Parameter",
      "Id": "ParamBrowRAngle",
      "Segments": [
        0,
        0,
        2,
        0.2,
        0,
        2,
        1,
        0,
        0,
        2,
        -0.8,
        2,
        8,
        -0.8
      ]
    },
    {
      "Target": "Parameter",
      "Id": "ParamBrowLForm",
      "Segments": [
        0,
        0,
        0,
        0.2,
        0.7,
        2,
        1,
        0.7,
        2,
        2,
        0.7,
        2,
        8,
        0.7
      ]
    },
    {
      "Target": "Parameter",
      "Id": "ParamBrowRForm",
      "Segments": [
        0,
        0,
        0,
        0.2,
        0.7,
        2,
        1,
        0.7,
        2,
        2,
        0.7,
        2,
        8,
        0.7
      ]
    },
    {
      "Target": "Parameter",
      "Id": "ParamMouthForm",
      "Segments": [
        0,
        0,
        0,
        0.2,
        1,
        2,
        1,
        1,
        2,
        2,
        1,
        2,
        8,
        1
      ]
    },
    {
      "Target": "Parameter",
      "Id": "Mouth_Open",
      "Segments": [
        0,
        1,
        2,
        0.2,
        1,
        2,
        1,
        1,
        0,
        2,
        0.7,
        2,
        8,
        0.7
      ]
    },
    {
      "Target": "Parameter",
      "Id": "Mouth_Size",
      "Segments": [
        0,
        0,
        1,
        0.067,
        0,
        0.133,
        0.402,
        0.2,
        0.5,
        1,
        0.467,
        0.892,
        0.733,
        1,
        1,
        1,
        0,
        2,
        -0.3,
        2,
        8,
        -0.3
      ]
    },
    {
      "Target": "Parameter",
      "Id": "Param3",
      "Segments": [
        0,
        0,
        0,
        8,
        0
      ]
    },
    {
      "Target": "Parameter",
      "Id": "Param12",
      "Segments": [
        0,
        0,
        0,
        8,
        0
      ]
    },
    {
      "Target": "Parameter",
      "Id": "Param19",
      "Segments": [
        0,
        0,
        0,
        8,
        0
      ]
    },
    {
      "Target": "Parameter",
      "Id": "Param18",
      "Segments": [
        0,
        0,
        0,
        8,
        0
      ]
    },
    {
      "Target": "Parameter",
      "Id": "Param8",
      "Segments": [
        0,
        0,
        0,
        8,
        0
      ]
    },
    {
      "Target": "Parameter",
      "Id": "ParamEyeLSmile",
      "Segments": [
        0,
        0,
        0,
        8,
        0
      ]
    },
    {
      "Target": "Parameter",
      "Id": "ParamEyeRSmile",
      "Segments": [
        0,
        0,
        0,
        8,
        0
      ]
    },
    {
      "Target": "Parameter",
      "Id": "ParamBrowLX",
      "Segments": [
        0,
        0,
        0,
        8,
        0
      ]
    },
    {
      "Target": "Parameter",
      "Id": "ParamBrowRX",
      "Segments": [
        0,
        0,
        0,
        8,
        0
      ]
    },
    {
      "Target": "PartOpacity",
      "Id": "Part17",
      "Segments": [
        0,
        1,
        0,
        8,
        1
      ]
    },
    {
      "Target": "PartOpacity",
      "Id": "Part24",
      "Segments": [
        0,
        1,
        0,
        8,
        1
      ]
    },
    {
      "Target": "PartOpacity",
      "Id": "Part14",
      "Segments": [
        0,
        1,
        0,
        8,
        1
      ]
    },
    {
      "Target": "PartOpacity",
      "Id": "Part20",
      "Segments": [
        0,
        1,
        0,
        8,
        1
      ]
    },
    {
      "Target": "PartOpacity",
      "Id": "Part19",
      "Segments": [
        0,
        1,
        0,
        8,
        1
      ]
    },
    {
      "Target": "PartOpacity",
      "Id": "Part23",
      "Segments": [
        0,
        1,
        0,
        8,
        1
      ]
    },
    {
      "Target": "PartOpacity",
      "Id": "Part16",
      "Segments": [
        0,
        1,
        0,
        8,
        1
      ]
    },
    {
      "Target": "PartOpacity",
      "Id": "Part13",
      "Segments": [
        0,
        1,
        0,
        8,
        1
      ]
    },
    {
      "Target": "PartOpacity",
      "Id": "Part27",
      "Segments": [
        0,
        1,
        0,
        8,
        1
      ]
    },
    {
      "Target": "PartOpacity",
      "Id": "Part15",
      "Segments": [
        0,
        1,
        0,
        8,
        1
      ]
    },
    {
      "Target": "PartOpacity",
      "Id": "Part18",
      "Segments": [
        0,
        1,
        0,
        8,
        1
      ]
    },
    {
      "Target": "PartOpacity",
      "Id": "Part12",
      "Segments": [
        0,
        1,
        0,
        8,
        1
      ]
    },
    {
      "Target": "PartOpacity",
      "Id": "Part",
      "Segments": [
        0,
        1,
        0,
        8,
        1
      ]
    },
    {
      "Target": "PartOpacity",
      "Id": "Part2",
      "Segments": [
        0,
        1,
        0,
        8,
        1
      ]
    },
    {
      "Target": "PartOpacity",
      "Id": "Part3",
      "Segments": [
        0,
        1,
        0,
        8,
        1
      ]
    },
    {
      "Target": "PartOpacity",
      "Id": "Part4",
      "Segments": [
        0,
        1,
        0,
        8,
        1
      ]
    },
    {
      "Target": "PartOpacity",
      "Id": "Part11",
      "Segments": [
        0,
        1,
        0,
        8,
        1
      ]
    },
    {
      "Target": "PartOpacity",
      "Id": "Part5",
      "Segments": [
        0,
        1,
        0,
        8,
        1
      ]
    },
    {
      "Target": "PartOpacity",
      "Id": "Part6",
      "Segments": [
        0,
        1,
        0,
        8,
        1
      ]
    },
    {
      "Target": "PartOpacity",
      "Id": "Part7",
      "Segments": [
        0,
        1,
        0,
        8,
        1
      ]
    },
    {
      "Target": "PartOpacity",
      "Id": "Part21",
      "Segments": [
        0,
        1,
        0,
        8,
        1
      ]
    },
    {
      "Target": "PartOpacity",
      "Id": "Part9",
      "Segments": [
        0,
        1,
        0,
        8,
        1
      ]
    },
    {
      "Target": "PartOpacity",
      "Id": "Part10",
      "Segments": [
        0,
        1,
        0,
        8,
        1
      ]
    },
    {
      "Target": "PartOpacity",
      "Id": "Part8",
      "Segments": [
        0,
        1,
        0,
        8,
        1
      ]
    },
    {
      "Target": "PartOpacity",
      "Id": "Part22",
      "Segments": [
        0,
        1,
        0,
        8,
        1
      ]
    },
    {
      "Target": "PartOpacity",
      "Id": "Part28",
      "Segments": [
        0,
        1,
        0,
        8,
        1
      ]
    },
    {
      "Target": "PartOpacity",
      "Id": "Part26",
      "Segments": [
        0,
        0,
        0,
        8,
        0
      ]
    }
  ],
  "UserData": []
}