{
  "Version": 3,
  "Meta": {
    "Duration": 8.0,
    "Fps": 30.0,
    "Loop": true,
    "AreBeziersRestricted": true,
    "CurveCount": 67,
    "TotalSegmentCount": 247,
    "TotalPointCount": 347,
    "UserDataCount": 0,
    "TotalUserDataSize": 0
  },
  "Curves": [
    {
      "Target": "Parameter",
      "Id": "Param",
      "Segments": [
        0,
        0,
        0,
        0.333,
        28,
        1,
        0.5,
        28,
        0.666,
        -15.54,
        0.833,
        -30,
        1,
        0.966,
        -41.568,
        1.1,
        -49.044,
        1.233,
        -51,
        1,
        1.378,
        -53.119,
        1.522,
        -53.124,
        1.667,
        -55,
        1,
        1.778,
        -56.443,
        1.889,
        -60,
        2,
        -60,
        2,
        8,
        -60
      ]
    },
    {
      "Target": "Parameter",
      "Id": "Param3",
      "Segments": [
        0,
        0,
        0,
        0.5,
        30,
        2,
        0.733,
        30,
        2,
        1.333,
        30,
        2,
        2,
        30,
        2,
        3.067,
        30,
        2,
        4.067,
        30,
        2,
        5.067,
        30,
        2,
        6.067,
        30,
        2,
        7.067,
        30,
        2,
        8,
        30
      ]
    },
    {
      "Target": "Parameter",
      "Id": "Param5",
      "Segments": [
        0,
        0,
        1,
        0.222,
        0,
        0.445,
        -6.872,
        0.667,
        -13,
        1,
        0.778,
        -16.064,
        0.889,
        -18.008,
        1,
        -19,
        1,
        1.111,
        -19.992,
        1.222,
        -20,
        1.333,
        -20,
        0,
        1.667,
        -18,
        1,
        1.778,
        -18,
        1.889,
        -21.374,
        2,
        -22,
        1,
        3.022,
        -27.763,
        4.045,
        -30,
        5.067,
        -30,
        0,
        6.067,
        0,
        0,
        8,
        -22
      ]
    },
    {
      "Target": "Parameter",
      "Id": "Param6",
      "Segments": [
        0,
        0,
        0,
        0.667,
        15,
        1,
        0.778,
        15,
        0.889,
        11.935,
        1,
        1,
        1,
        1.111,
        -9.935,
        1.222,
        -19,
        1.333,
        -19,
        1,
        1.444,
        -19,
        1.556,
        -18.887,
        1.667,
        -18,
        1,
        1.778,
        -17.113,
        1.889,
        -16,
        2,
        -16,
        0,
        5.067,
        -30,
        2,
        6.067,
        -30,
        0,
        8,
        -16
      ]
    },
    {
      "Target": "Parameter",
      "Id": "ParamHairBack",
      "Segments": [
        0,
        0,
        1,
        0.111,
        0,
        0.222,
        3.333,
        0.333,
        10,
        1,
        0.444,
        16.667,
        0.556,
        20,
        0.667,
        20,
        0,
        1,
        -12,
        0,
        1.367,
        15,
        1,
        1.578,
        15,
        1.789,
        5.273,
        2,
        4.2,
        1,
        2.689,
        0.7,
        3.378,
        0,
        4.067,
        0,
        0,
        4.367,
        5,
        1,
        4.6,
        5,
        4.834,
        5.005,
        5.067,
        4.2,
        1,
        5.734,
        1.9,
        6.4,
        0,
        7.067,
        0,
        0,
        8,
        4.2
      ]
    },
    {
      "Target": "Parameter",
      "Id": "Param15",
      "Segments": [
        0,
        0,
        0,
        0.433,
        30,
        0,
        1,
        -30,
        0,
        1.3,
        0,
        2,
        2,
        0,
        0,
        3.067,
        16,
        0,
        4.067,
        -6,
        0,
        5.067,
        5,
        0,
        6.067,
        -5,
        0,
        7.067,
        3,
        0,
        8,
        0
      ]
    },
    {
      "Target": "Parameter",
      "Id": "Param7",
      "Segments": [
        0,
        0,
        0,
        0.5,
        29,
        1,
        0.611,
        29,
        0.722,
        23.423,
        0.833,
        18,
        1,
        1.055,
        7.154,
        1.278,
        -2.138,
        1.5,
        -11,
        1,
        1.667,
        -17.646,
        1.833,
        -20,
        2,
        -20,
        0,
        3.067,
        -13,
        0,
        4.067,
        -21.18,
        0,
        4.733,
        -21,
        0,
        6.067,
        -24,
        1,
        6.4,
        -24,
        6.734,
        -22.358,
        7.067,
        -21.18,
        1,
        7.378,
        -20.08,
        7.689,
        -20,
        8,
        -20
      ]
    },
    {
      "Target": "Parameter",
      "Id": "Param12",
      "Segments": [
        0,
        0,
        0,
        1,
        -16,
        0,
        2,
        0,
        0,
        3.833,
        -1,
        2,
        4.467,
        -1,
        0,
        8,
        0
      ]
    },
    {
      "Target": "Parameter",
      "Id": "Param4",
      "Segments": [
        0,
        -20,
        0,
        1,
        26,
        0,
        2,
        -30,
        0,
        3.067,
        30,
        1,
        3.4,
        30,
        3.734,
        26.366,
        4.067,
        8,
        1,
        4.4,
        -10.366,
        4.734,
        -30,
        5.067,
        -30,
        0,
        6.067,
        30,
        1,
        6.4,
        30,
        6.734,
        26.586,
        7.067,
        8,
        1,
        7.378,
        -9.347,
        7.689,
        -30,
        8,
        -30
      ]
    },
    {
      "Target": "Parameter",
      "Id": "Param9",
      "Segments": [
        0,
        0,
        0,
        1,
        -3,
        1,
        1.333,
        -3,
        1.667,
        -3.118,
        2,
        0,
        1,
        2.356,
        3.326,
        2.711,
        11,
        3.067,
        11,
        0,
        4.067,
        -11,
        1,
        4.4,
        -11,
        4.734,
        -11.251,
        5.067,
        -10,
        1,
        5.4,
        -8.749,
        5.734,
        11,
        6.067,
        11,
        0,
        7.067,
        -11,
        0,
        8,
        0
      ]
    },
    {
      "Target": "Parameter",
      "Id": "Param10",
      "Segments": [
        0,
        0,
        0,
        0.5,
        -7,
        0,
        2,
        0,
        0,
        5.067,
        -19,
        1,
        5.734,
        -19,
        6.4,
        -16.261,
        7.067,
        -8,
        1,
        7.378,
        -4.145,
        7.689,
        0,
        8,
        0
      ]
    },
    {
      "Target": "Parameter",
      "Id": "Param16",
      "Segments": [
        0,
        0,
        0,
        0.5,
        -30,
        0,
        1,
        23,
        1,
        1.167,
        23,
        1.333,
        23.293,
        1.5,
        21,
        1,
        1.667,
        18.707,
        1.833,
        0,
        2,
        0,
        0,
        3.067,
        6,
        0,
        4.567,
        -16,
        0,
        6.067,
        6,
        0,
        7.067,
        -16,
        0,
        8,
        0
      ]
    },
    {
      "Target": "Parameter",
      "Id": "Param17",
      "Segments": [
        0,
        0,
        0,
        0.5,
        -2,
        1,
        0.667,
        -2,
        0.833,
        18.779,
        1,
        20,
        1,
        1.167,
        21.221,
        1.333,
        21,
        1.5,
        21,
        0,
        2,
        0,
        0,
        3.067,
        21,
        0,
        4.533,
        -18,
        0,
        6.067,
        -10,
        0,
        7.067,
        -21,
        0,
        8,
        0
      ]
    },
    {
      "Target": "Parameter",
      "Id": "Param13",
      "Segments": [
        0,
        0,
        0,
        0.667,
        -2,
        1,
        0.778,
        -2,
        0.889,
        1.34,
        1,
        2,
        1,
        1.167,
        2.989,
        1.333,
        3,
        1.5,
        3,
        0,
        2,
        0,
        0,
        3.067,
        2,
        0,
        5.067,
        -5,
        1,
        5.734,
        -5,
        6.4,
        -4.706,
        7.067,
        -3,
        1,
        7.378,
        -2.204,
        7.689,
        0,
        8,
        0
      ]
    },
    {
      "Target": "Parameter",
      "Id": "Param14",
      "Segments": [
        0,
        0,
        0,
        0.667,
        13,
        1,
        0.778,
        13,
        0.889,
        3.999,
        1,
        3,
        1,
        1.078,
        2.3,
        1.155,
        2.602,
        1.233,
        2,
        1,
        1.366,
        0.967,
        1.5,
        -1,
        1.633,
        -1,
        0,
        2,
        0,
        0,
        4.067,
        -3,
        0,
        6.067,
        5,
        0,
        8,
        0
      ]
    },
    {
      "Target": "Parameter",
      "Id": "EyeL_Open",
      "Segments": [
        0,
        1,
        0,
        0.167,
        0,
        2,
        0.633,
        0,
        1,
        0.733,
        0.002,
        0.833,
        0.202,
        0.933,
        0.8,
        2,
        2,
        0.8,
        2,
        4,
        0.8,
        2,
        5,
        0.8,
        2,
        7,
        0.8,
        2,
        8,
        0.8
      ]
    },
    {
      "Target": "Parameter",
      "Id": "EyeR_Open",
      "Segments": [
        0,
        1,
        0,
        0.167,
        0,
        2,
        0.633,
        0,
        1,
        0.733,
        0,
        0.833,
        0.236,
        0.933,
        0.849,
        1,
        1.289,
        0.892,
        1.644,
        0.9,
        2,
        0.9,
        2,
        4,
        0.9,
        2,
        5,
        0.9,
        2,
        7,
        0.9,
        2,
        8,
        0.9
      ]
    },
    {
      "Target": "Parameter",
      "Id": "ParamEyeBallX",
      "Segments": [
        0,
        0.3,
        0,
        0.867,
        -0.2,
        0,
        2,
        -0.1,
        2,
        2.867,
        -0.1,
        0,
        4,
        -0.2,
        0,
        5,
        0,
        0,
        6,
        -0.2,
        0,
        7,
        0,
        0,
        8,
        -0.1
      ]
    },
    {
      "Target": "Parameter",
      "Id": "ParamEyeBallY",
      "Segments": [
        0,
        0.2,
        0,
        0.867,
        -1,
        2,
        2,
        -1,
        2,
        2.867,
        -1,
        0,
        4,
        -0.8,
        0,
        5,
        -1,
        2,
        6,
        -1,
        2,
        7,
        -1,
        2,
        8,
        -1
      ]
    },
    {
      "Target": "Parameter",
      "Id": "ParamBrowLY",
      "Segments": [
        0,
        0,
        0,
        0.3,
        -0.2,
        0,
        0.633,
        0.2,
        0,
        1,
        -0.4,
        0,
        2,
        -0.3,
        2,
        4,
        -0.3,
        2,
        5,
        -0.3,
        2,
        7,
        -0.3,
        2,
        8,
        -0.3
      ]
    },
    {
      "Target": "Parameter",
      "Id": "ParamBrowRY",
      "Segments": [
        0,
        0,
        0,
        0.3,
        -1,
        0,
        0.633,
        -0.8,
        0,
        1,
        -1,
        0,
        2,
        -0.3,
        2,
        4,
        -0.3,
        2,
        5,
        -0.3,
        2,
        7,
        -0.3,
        2,
        8,
        -0.3
      ]
    },
    {
      "Target": "Parameter",
      "Id": "ParamBrowLAngle",
      "Segments": [
        0,
        0,
        0,
        0.233,
        -0.7,
        1,
        0.366,
        -0.742,
        0.5,
        -0.734,
        0.633,
        -0.734,
        0,
        2,
        -0.7,
        2,
        4,
        -0.7,
        2,
        5,
        -0.7,
        2,
        7,
        -0.7,
        2,
        8,
        -0.7
      ]
    },
    {
      "Target": "Parameter",
      "Id": "ParamBrowRAngle",
      "Segments": [
        0,
        0,
        0,
        0.233,
        -0.7,
        1,
        0.366,
        -0.742,
        0.5,
        -0.733,
        0.633,
        -0.733,
        0,
        2,
        -0.7,
        2,
        4,
        -0.7,
        2,
        5,
        -0.7,
        2,
        7,
        -0.7,
        2,
        8,
        -0.7
      ]
    },
    {
      "Target": "Parameter",
      "Id": "ParamBrowLForm",
      "Segments": [
        0,
        0,
        0,
        0.233,
        -1,
        2,
        0.633,
        -1,
        2,
        2,
        -1,
        2,
        4,
        -1,
        2,
        5,
        -1,
        2,
        7,
        -1,
        2,
        8,
        -1
      ]
    },
    {
      "Target": "Parameter",
      "Id": "ParamBrowRForm",
      "Segments": [
        0,
        0,
        0,
        0.233,
        -1,
        2,
        0.633,
        -1,
        2,
        2,
        -1,
        2,
        4,
        -1,
        2,
        5,
        -1,
        2,
        7,
        -1,
        2,
        8,
        -1
      ]
    },
    {
      "Target": "Parameter",
      "Id": "ParamMouthForm",
      "Segments": [
        0,
        0,
        0,
        0.233,
        1,
        2,
        0.633,
        1,
        2,
        2,
        1,
        2,
        8,
        1
      ]
    },
    {
      "Target": "Parameter",
      "Id": "Mouth_Size",
      "Segments": [
        0,
        0,
        0,
        0.3,
        -0.7,
        2,
        2,
        -0.7,
        2,
        8,
        -0.7
      ]
    },
    {
      "Target": "PartOpacity",
      "Id": "Part26",
      "Segments": [
        0,
        1,
        2,
        4,
        1,
        2,
        8,
        1
      ]
    },
    {
      "Target": "Parameter",
      "Id": "Param2",
      "Segments": [
        0,
        0,
        0,
        8,
        0
      ]
    },
    {
      "Target": "Parameter",
      "Id": "Param19",
      "Segments": [
        0,
        0,
        0,
        8,
        0
      ]
    },
    {
      "Target": "Parameter",
      "Id": "Param18",
      "Segments": [
        0,
        0,
        0,
        8,
        0
      ]
    },
    {
      "Target": "Parameter",
      "Id": "Param8",
      "Segments": [
        0,
        0,
        0,
        8,
        0
      ]
    },
    {
      "Target": "Parameter",
      "Id": "Param11",
      "Segments": [
        0,
        0,
        0,
        8,
        0
      ]
    },
    {
      "Target": "Parameter",
      "Id": "EyeSize",
      "Segments": [
        0,
        0,
        0,
        8,
        0
      ]
    },
    {
      "Target": "Parameter",
      "Id": "ParamAngleY",
      "Segments": [
        0,
        0,
        0,
        8,
        0
      ]
    },
    {
      "Target": "Parameter",
      "Id": "ParamEyeLSmile",
      "Segments": [
        0,
        0,
        0,
        8,
        0
      ]
    },
    {
      "Target": "Parameter",
      "Id": "ParamEyeRSmile",
      "Segments": [
        0,
        0,
        0,
        8,
        0
      ]
    },
    {
      "Target": "Parameter",
      "Id": "ParamBrowLX",
      "Segments": [
        0,
        0,
        0,
        8,
        0
      ]
    },
    {
      "Target": "Parameter",
      "Id": "ParamBrowRX",
      "Segments": [
        0,
        0,
        0,
        8,
        0
      ]
    },
    {
      "Target": "Parameter",
      "Id": "Mouth_Open",
      "Segments": [
        0,
        1,
        0,
        8,
        1
      ]
    },
    {
      "Target": "PartOpacity",
      "Id": "Part34",
      "Segments": [
        0,
        0,
        0,
        8,
        0
      ]
    },
    {
      "Target": "PartOpacity",
      "Id": "Part17",
      "Segments": [
        0,
        1,
        0,
        8,
        1
      ]
    },
    {
      "Target": "PartOpacity",
      "Id": "Part24",
      "Segments": [
        0,
        1,
        0,
        8,
        1
      ]
    },
    {
      "Target": "PartOpacity",
      "Id": "Part14",
      "Segments": [
        0,
        1,
        0,
        8,
        1
      ]
    },
    {
      "Target": "PartOpacity",
      "Id": "Part20",
      "Segments": [
        0,
        1,
        0,
        8,
        1
      ]
    },
    {
      "Target": "PartOpacity",
      "Id": "Part19",
      "Segments": [
        0,
        1,
        0,
        8,
        1
      ]
    },
    {
      "Target": "PartOpacity",
      "Id": "Part23",
      "Segments": [
        0,
        1,
        0,
        8,
        1
      ]
    },
    {
      "Target": "PartOpacity",
      "Id": "Part16",
      "Segments": [
        0,
        1,
        0,
        8,
        1
      ]
    },
    {
      "Target": "PartOpacity",
      "Id": "Part13",
      "Segments": [
        0,
        1,
        0,
        8,
        1
      ]
    },
    {
      "Target": "PartOpacity",
      "Id": "Part27",
      "Segments": [
        0,
        1,
        0,
        8,
        1
      ]
    },
    {
      "Target": "PartOpacity",
      "Id": "Part15",
      "Segments": [
        0,
        1,
        0,
        8,
        1
      ]
    },
    {
      "Target": "PartOpacity",
      "Id": "Part18",
      "Segments": [
        0,
        1,
        0,
        8,
        1
      ]
    },
    {
      "Target": "PartOpacity",
      "Id": "Part12",
      "Segments": [
        0,
        1,
        0,
        8,
        1
      ]
    },
    {
      "Target": "PartOpacity",
      "Id": "Part",
      "Segments": [
        0,
        1,
        0,
        8,
        1
      ]
    },
    {
      "Target": "PartOpacity",
      "Id": "Part2",
      "Segments": [
        0,
        1,
        0,
        8,
        1
      ]
    },
    {
      "Target": "PartOpacity",
      "Id": "Part3",
      "Segments": [
        0,
        1,
        0,
        8,
        1
      ]
    },
    {
      "Target": "PartOpacity",
      "Id": "Part4",
      "Segments": [
        0,
        1,
        0,
        8,
        1
      ]
    },
    {
      "Target": "PartOpacity",
      "Id": "Part11",
      "Segments": [
        0,
        1,
        0,
        8,
        1
      ]
    },
    {
      "Target": "PartOpacity",
      "Id": "Part5",
      "Segments": [
        0,
        1,
        0,
        8,
        1
      ]
    },
    {
      "Target": "PartOpacity",
      "Id": "Part6",
      "Segments": [
        0,
        1,
        0,
        8,
        1
      ]
    },
    {
      "Target": "PartOpacity",
      "Id": "Part7",
      "Segments": [
        0,
        1,
        0,
        8,
        1
      ]
    },
    {
      "Target": "PartOpacity",
      "Id": "Part21",
      "Segments": [
        0,
        1,
        0,
        8,
        1
      ]
    },
    {
      "Target": "PartOpacity",
      "Id": "Part9",
      "Segments": [
        0,
        1,
        0,
        8,
        1
      ]
    },
    {
      "Target": "PartOpacity",
      "Id": "Part10",
      "Segments": [
        0,
        1,
        0,
        8,
        1
      ]
    },
    {
      "Target": "PartOpacity",
      "Id": "Part8",
      "Segments": [
        0,
        1,
        0,
        8,
        1
      ]
    },
    {
      "Target": "PartOpacity",
      "Id": "Part22",
      "Segments": [
        0,
        1,
        0,
        8,
        1
      ]
    },
    {
      "Target": "PartOpacity",
      "Id": "Part28",
      "Segments": [
        0,
        1,
        0,
        8,
        1
      ]
    }
  ],
  "UserData": []
}