{
  "Version": 3,
  "Meta": {
    "Duration": 6.0,
    "Fps": 30.0,
    "Loop": true,
    "AreBeziersRestricted": true,
    "CurveCount": 73,
    "TotalSegmentCount": 172,
    "TotalPointCount": 208,
    "UserDataCount": 0,
    "TotalUserDataSize": 0
  },
  "Curves": [
    {
      "Target": "Parameter",
      "Id": "Param",
      "Segments": [
        0,
        -34,
        2,
        0.033,
        -34,
        0,
        0.533,
        -27,
        0,
        1.033,
        -30,
        0,
        1.533,
        -25,
        0,
        2.033,
        -30,
        0,
        2.533,
        -28,
        0,
        3.033,
        -30,
        0,
        3.533,
        -28,
        0,
        4.033,
        -30,
        0,
        4.533,
        -27,
        0,
        5.033,
        -30,
        0,
        5.533,
        -27,
        0,
        6,
        -34
      ]
    },
    {
      "Target": "Parameter",
      "Id": "Param2",
      "Segments": [
        0,
        -30,
        2,
        0.033,
        -30,
        0,
        0.533,
        -24,
        1,
        0.866,
        -24,
        1.2,
        -24.052,
        1.533,
        -25,
        1,
        1.7,
        -25.474,
        1.866,
        -30,
        2.033,
        -30,
        0,
        2.533,
        -28,
        0,
        3.033,
        -30,
        0,
        3.533,
        -28,
        0,
        4.033,
        -30,
        2,
        5.033,
        -30,
        0,
        5.533,
        -28,
        0,
        6,
        -30
      ]
    },
    {
      "Target": "Parameter",
      "Id": "Param5",
      "Segments": [
        0,
        -10.5,
        2,
        0.033,
        -10.5,
        0,
        1.033,
        -30,
        1,
        1.366,
        -30,
        1.7,
        5.843,
        2.033,
        23,
        1,
        2.2,
        31.578,
        2.366,
        30,
        2.533,
        30,
        2,
        4,
        30,
        0,
        5.033,
        -9,
        0,
        5.533,
        0,
        0,
        6,
        -10.5
      ]
    },
    {
      "Target": "Parameter",
      "Id": "Param6",
      "Segments": [
        0,
        -11,
        2,
        0.033,
        -11,
        1,
        0.366,
        -11,
        0.7,
        -20.163,
        1.033,
        -25,
        1,
        1.366,
        -29.837,
        1.7,
        -30,
        2.033,
        -30,
        1,
        2.2,
        -30,
        2.366,
        -17.795,
        2.533,
        -14,
        1,
        3.022,
        -2.869,
        3.511,
        0,
        4,
        0,
        0,
        5.033,
        -11,
        0,
        5.533,
        0,
        0,
        6,
        -11
      ]
    },
    {
      "Target": "Parameter",
      "Id": "ParamHairBack",
      "Segments": [
        0,
        -3,
        2,
        0.033,
        -3,
        0,
        0.533,
        11,
        0,
        1.033,
        -5,
        0,
        1.533,
        11,
        0,
        2.033,
        -5,
        0,
        2.533,
        11,
        0,
        3.033,
        -2,
        0,
        3.533,
        11,
        0,
        4.033,
        -3,
        0,
        4.533,
        16,
        0,
        5.033,
        -11,
        0,
        5.533,
        11,
        0,
        6,
        -3
      ]
    },
    {
      "Target": "Parameter",
      "Id": "Param15",
      "Segments": [
        0,
        0,
        2,
        0.033,
        0,
        0,
        0.333,
        22,
        0,
        1.033,
        0,
        0,
        2.033,
        9,
        0,
        2.7,
        -18,
        0,
        3.5,
        12,
        0,
        4.467,
        -30,
        0,
        5.3,
        18,
        0,
        5.7,
        -8,
        0,
        6,
        0
      ]
    },
    {
      "Target": "Parameter",
      "Id": "Param7",
      "Segments": [
        0,
        3,
        2,
        0.033,
        3,
        2,
        3.033,
        3,
        0,
        4.033,
        11.5,
        0,
        6,
        3
      ]
    },
    {
      "Target": "Parameter",
      "Id": "Param4",
      "Segments": [
        0,
        -30,
        2,
        0.033,
        -30,
        0,
        1.033,
        0,
        0,
        2.033,
        -30,
        2,
        3.033,
        -30,
        0,
        4.033,
        0,
        0,
        5.033,
        -30,
        2,
        6,
        -30
      ]
    },
    {
      "Target": "Parameter",
      "Id": "Param9",
      "Segments": [
        0,
        15,
        2,
        0.033,
        15,
        0,
        1.033,
        -1,
        1,
        1.366,
        -1,
        1.7,
        -1.234,
        2.033,
        0,
        1,
        2.366,
        1.234,
        2.7,
        15,
        3.033,
        15,
        0,
        4.033,
        -1,
        1,
        4.366,
        -1,
        4.7,
        -1.218,
        5.033,
        0,
        1,
        5.355,
        1.177,
        5.678,
        15,
        6,
        15
      ]
    },
    {
      "Target": "Parameter",
      "Id": "Param10",
      "Segments": [
        0,
        0,
        2,
        0.033,
        0,
        2,
        2.033,
        0,
        1,
        2.2,
        0,
        2.366,
        -0.838,
        2.533,
        -3,
        1,
        3.033,
        -9.486,
        3.533,
        -13,
        4.033,
        -13,
        0,
        5.033,
        15,
        0,
        6,
        0
      ]
    },
    {
      "Target": "Parameter",
      "Id": "Param17",
      "Segments": [
        0,
        -11.94,
        2,
        0.033,
        -11.94,
        0,
        0.533,
        1,
        0,
        1.033,
        -10,
        0,
        1.533,
        0,
        0,
        2.033,
        -19,
        0,
        2.533,
        1,
        0,
        3.033,
        -12,
        0,
        3.533,
        -2,
        0,
        4.033,
        -10,
        0,
        4.533,
        0,
        0,
        5.033,
        -19,
        0,
        5.533,
        1,
        0,
        6,
        -11.94
      ]
    },
    {
      "Target": "Parameter",
      "Id": "Param13",
      "Segments": [
        0,
        0,
        0,
        1.033,
        -10,
        0,
        2.533,
        13,
        1,
        3.2,
        13,
        3.866,
        13.095,
        4.533,
        11,
        1,
        5.022,
        9.463,
        5.511,
        0,
        6,
        0
      ]
    },
    {
      "Target": "Parameter",
      "Id": "Param14",
      "Segments": [
        0,
        0,
        0,
        0.7,
        16,
        1,
        1.144,
        16,
        1.589,
        5.649,
        2.033,
        -2,
        1,
        2.7,
        -13.473,
        3.366,
        -16,
        4.033,
        -16,
        0,
        6,
        0
      ]
    },
    {
      "Target": "Parameter",
      "Id": "Param11",
      "Segments": [
        0,
        0,
        2,
        2.033,
        0,
        0,
        2.533,
        -12,
        0,
        4.033,
        0,
        2,
        6,
        0
      ]
    },
    {
      "Target": "Parameter",
      "Id": "Param3",
      "Segments": [
        0,
        0,
        0,
        6,
        0
      ]
    },
    {
      "Target": "Parameter",
      "Id": "Param12",
      "Segments": [
        0,
        28,
        0,
        6,
        28
      ]
    },
    {
      "Target": "Parameter",
      "Id": "Param16",
      "Segments": [
        0,
        1,
        0,
        6,
        1
      ]
    },
    {
      "Target": "Parameter",
      "Id": "Param19",
      "Segments": [
        0,
        0,
        0,
        6,
        0
      ]
    },
    {
      "Target": "Parameter",
      "Id": "Param18",
      "Segments": [
        0,
        0,
        0,
        6,
        0
      ]
    },
    {
      "Target": "Parameter",
      "Id": "Param8",
      "Segments": [
        0,
        0,
        0,
        6,
        0
      ]
    },
    {
      "Target": "Parameter",
      "Id": "EyeSize",
      "Segments": [
        0,
        0,
        0,
        6,
        0
      ]
    },
    {
      "Target": "Parameter",
      "Id": "ParamAngleY",
      "Segments": [
        0,
        0,
        0,
        6,
        0
      ]
    },
    {
      "Target": "Parameter",
      "Id": "EyeL_Open",
      "Segments": [
        0,
        1,
        0,
        6,
        1
      ]
    },
    {
      "Target": "Parameter",
      "Id": "ParamEyeLSmile",
      "Segments": [
        0,
        0,
        0,
        6,
        0
      ]
    },
    {
      "Target": "Parameter",
      "Id": "EyeR_Open",
      "Segments": [
        0,
        1,
        0,
        6,
        1
      ]
    },
    {
      "Target": "Parameter",
      "Id": "ParamEyeRSmile",
      "Segments": [
        0,
        0,
        0,
        6,
        0
      ]
    },
    {
      "Target": "Parameter",
      "Id": "ParamEyeBallX",
      "Segments": [
        0,
        0.3,
        0,
        6,
        0.3
      ]
    },
    {
      "Target": "Parameter",
      "Id": "ParamEyeBallY",
      "Segments": [
        0,
        0.2,
        0,
        6,
        0.2
      ]
    },
    {
      "Target": "Parameter",
      "Id": "ParamBrowLY",
      "Segments": [
        0,
        0,
        0,
        6,
        0
      ]
    },
    {
      "Target": "Parameter",
      "Id": "ParamBrowRY",
      "Segments": [
        0,
        0,
        0,
        6,
        0
      ]
    },
    {
      "Target": "Parameter",
      "Id": "ParamBrowLX",
      "Segments": [
        0,
        0,
        0,
        6,
        0
      ]
    },
    {
      "Target": "Parameter",
      "Id": "ParamBrowRX",
      "Segments": [
        0,
        0,
        0,
        6,
        0
      ]
    },
    {
      "Target": "Parameter",
      "Id": "Param22",
      "Segments": [
        0,
        0,
        0,
        6,
        0
      ]
    },
    {
      "Target": "Parameter",
      "Id": "Param23",
      "Segments": [
        0,
        0,
        0,
        6,
        0
      ]
    },
    {
      "Target": "Parameter",
      "Id": "ParamBrowLAngle",
      "Segments": [
        0,
        0,
        0,
        6,
        0
      ]
    },
    {
      "Target": "Parameter",
      "Id": "ParamBrowRAngle",
      "Segments": [
        0,
        0,
        0,
        6,
        0
      ]
    },
    {
      "Target": "Parameter",
      "Id": "ParamBrowLForm",
      "Segments": [
        0,
        0,
        0,
        6,
        0
      ]
    },
    {
      "Target": "Parameter",
      "Id": "Param24",
      "Segments": [
        0,
        0,
        0,
        6,
        0
      ]
    },
    {
      "Target": "Parameter",
      "Id": "Param25",
      "Segments": [
        0,
        0,
        0,
        6,
        0
      ]
    },
    {
      "Target": "Parameter",
      "Id": "ParamBrowRForm",
      "Segments": [
        0,
        0,
        0,
        6,
        0
      ]
    },
    {
      "Target": "Parameter",
      "Id": "ParamMouthForm",
      "Segments": [
        0,
        0,
        0,
        6,
        0
      ]
    },
    {
      "Target": "Parameter",
      "Id": "Param20",
      "Segments": [
        0,
        0,
        0,
        6,
        0
      ]
    },
    {
      "Target": "Parameter",
      "Id": "Param21",
      "Segments": [
        0,
        0,
        0,
        6,
        0
      ]
    },
    {
      "Target": "Parameter",
      "Id": "Mouth_Open",
      "Segments": [
        0,
        1,
        0,
        6,
        1
      ]
    },
    {
      "Target": "Parameter",
      "Id": "Mouth_Size",
      "Segments": [
        0,
        0,
        0,
        6,
        0
      ]
    },
    {
      "Target": "PartOpacity",
      "Id": "Part34",
      "Segments": [
        0,
        0,
        0,
        6,
        0
      ]
    },
    {
      "Target": "PartOpacity",
      "Id": "Part17",
      "Segments": [
        0,
        1,
        0,
        6,
        1
      ]
    },
    {
      "Target": "PartOpacity",
      "Id": "Part24",
      "Segments": [
        0,
        1,
        0,
        6,
        1
      ]
    },
    {
      "Target": "PartOpacity",
      "Id": "Part14",
      "Segments": [
        0,
        1,
        0,
        6,
        1
      ]
    },
    {
      "Target": "PartOpacity",
      "Id": "Part20",
      "Segments": [
        0,
        1,
        0,
        6,
        1
      ]
    },
    {
      "Target": "PartOpacity",
      "Id": "Part19",
      "Segments": [
        0,
        1,
        0,
        6,
        1
      ]
    },
    {
      "Target": "PartOpacity",
      "Id": "Part23",
      "Segments": [
        0,
        1,
        0,
        6,
        1
      ]
    },
    {
      "Target": "PartOpacity",
      "Id": "Part16",
      "Segments": [
        0,
        1,
        0,
        6,
        1
      ]
    },
    {
      "Target": "PartOpacity",
      "Id": "Part13",
      "Segments": [
        0,
        1,
        0,
        6,
        1
      ]
    },
    {
      "Target": "PartOpacity",
      "Id": "Part27",
      "Segments": [
        0,
        1,
        0,
        6,
        1
      ]
    },
    {
      "Target": "PartOpacity",
      "Id": "Part15",
      "Segments": [
        0,
        1,
        0,
        6,
        1
      ]
    },
    {
      "Target": "PartOpacity",
      "Id": "Part18",
      "Segments": [
        0,
        1,
        0,
        6,
        1
      ]
    },
    {
      "Target": "PartOpacity",
      "Id": "Part12",
      "Segments": [
        0,
        1,
        0,
        6,
        1
      ]
    },
    {
      "Target": "PartOpacity",
      "Id": "Part",
      "Segments": [
        0,
        1,
        0,
        6,
        1
      ]
    },
    {
      "Target": "PartOpacity",
      "Id": "Part2",
      "Segments": [
        0,
        1,
        0,
        6,
        1
      ]
    },
    {
      "Target": "PartOpacity",
      "Id": "Part3",
      "Segments": [
        0,
        1,
        0,
        6,
        1
      ]
    },
    {
      "Target": "PartOpacity",
      "Id": "Part4",
      "Segments": [
        0,
        1,
        0,
        6,
        1
      ]
    },
    {
      "Target": "PartOpacity",
      "Id": "Part11",
      "Segments": [
        0,
        1,
        0,
        6,
        1
      ]
    },
    {
      "Target": "PartOpacity",
      "Id": "Part5",
      "Segments": [
        0,
        1,
        0,
        6,
        1
      ]
    },
    {
      "Target": "PartOpacity",
      "Id": "Part6",
      "Segments": [
        0,
        1,
        0,
        6,
        1
      ]
    },
    {
      "Target": "PartOpacity",
      "Id": "Part7",
      "Segments": [
        0,
        1,
        0,
        6,
        1
      ]
    },
    {
      "Target": "PartOpacity",
      "Id": "Part21",
      "Segments": [
        0,
        1,
        0,
        6,
        1
      ]
    },
    {
      "Target": "PartOpacity",
      "Id": "Part9",
      "Segments": [
        0,
        1,
        0,
        6,
        1
      ]
    },
    {
      "Target": "PartOpacity",
      "Id": "Part10",
      "Segments": [
        0,
        1,
        0,
        6,
        1
      ]
    },
    {
      "Target": "PartOpacity",
      "Id": "Part8",
      "Segments": [
        0,
        1,
        0,
        6,
        1
      ]
    },
    {
      "Target": "PartOpacity",
      "Id": "Part22",
      "Segments": [
        0,
        1,
        0,
        6,
        1
      ]
    },
    {
      "Target": "PartOpacity",
      "Id": "Part28",
      "Segments": [
        0,
        1,
        0,
        6,
        1
      ]
    },
    {
      "Target": "PartOpacity",
      "Id": "Part26",
      "Segments": [
        0,
        0,
        0,
        6,
        0
      ]
    }
  ],
  "UserData": []
}