{
  "Version": 3,
  "Meta": {
    "Duration": 6.0,
    "Fps": 30.0,
    "Loop": true,
    "AreBeziersRestricted": true,
    "CurveCount": 71,
    "TotalSegmentCount": 156,
    "TotalPointCount": 216,
    "UserDataCount": 0,
    "TotalUserDataSize": 0
  },
  "Curves": [
    {
      "Target": "Parameter",
      "Id": "Param",
      "Segments": [
        0,
        30,
        0,
        5.367,
        29,
        0,
        6,
        30
      ]
    },
    {
      "Target": "Parameter",
      "Id": "Param3",
      "Segments": [
        0,
        -29.1,
        0,
        0.667,
        -30,
        0,
        2.033,
        -29,
        2,
        2.367,
        -29,
        2,
        2.867,
        -29,
        1,
        2.922,
        -29,
        2.978,
        -28.977,
        3.033,
        -29.1,
        1,
        3.244,
        -29.567,
        3.456,
        -30,
        3.667,
        -30,
        0,
        5.033,
        -29,
        0,
        6,
        -29.1
      ]
    },
    {
      "Target": "Parameter",
      "Id": "Param5",
      "Segments": [
        0,
        -28,
        0,
        0.667,
        -27,
        0,
        1.4,
        -30,
        1,
        1.611,
        -30,
        1.822,
        -18.237,
        2.033,
        -3,
        1,
        2.366,
        21.058,
        2.7,
        30,
        3.033,
        30,
        1,
        3.244,
        30,
        3.456,
        -4.347,
        3.667,
        -16,
        1,
        3.911,
        -29.493,
        4.156,
        -30,
        4.4,
        -30,
        2,
        5.033,
        -30,
        0,
        6,
        -28
      ]
    },
    {
      "Target": "Parameter",
      "Id": "Param6",
      "Segments": [
        0,
        -30,
        2,
        0.667,
        -30,
        0,
        1.4,
        -28,
        0,
        2.033,
        -30,
        2,
        3.033,
        -30,
        0,
        3.667,
        -16,
        1,
        3.911,
        -16,
        4.156,
        -15.844,
        4.4,
        -18,
        1,
        4.611,
        -19.862,
        4.822,
        -30,
        5.033,
        -30,
        2,
        6,
        -30
      ]
    },
    {
      "Target": "Parameter",
      "Id": "ParamHairBack",
      "Segments": [
        0,
        0,
        2,
        2.033,
        0,
        0,
        2.367,
        7,
        1,
        2.478,
        7,
        2.589,
        7.113,
        2.7,
        6,
        1,
        2.811,
        4.887,
        2.922,
        0,
        3.033,
        0,
        2,
        5.033,
        0,
        2,
        6,
        0
      ]
    },
    {
      "Target": "Parameter",
      "Id": "Param15",
      "Segments": [
        0,
        15,
        0,
        2.033,
        0,
        0,
        2.433,
        12,
        0,
        3.033,
        -16,
        0,
        3.667,
        21,
        0,
        5.033,
        0,
        0,
        6,
        15
      ]
    },
    {
      "Target": "Parameter",
      "Id": "Param7",
      "Segments": [
        0,
        0,
        1,
        0.678,
        0,
        1.355,
        -1.13,
        2.033,
        -3.493,
        1,
        2.311,
        -4.461,
        2.589,
        -5,
        2.867,
        -5,
        0,
        3.667,
        12,
        1,
        3.922,
        12,
        4.178,
        8.997,
        4.433,
        5,
        1,
        4.678,
        1.176,
        4.922,
        0,
        5.167,
        0,
        2,
        6,
        0
      ]
    },
    {
      "Target": "Parameter",
      "Id": "Param4",
      "Segments": [
        0,
        3.609,
        0,
        0.667,
        19,
        1,
        1.034,
        19,
        1.4,
        -9.026,
        1.767,
        -12,
        1,
        1.967,
        -13.622,
        2.167,
        -13,
        2.367,
        -13,
        1,
        2.589,
        -13,
        2.811,
        -7.329,
        3.033,
        3.609,
        1,
        3.244,
        14,
        3.456,
        19,
        3.667,
        19,
        0,
        5.033,
        -12,
        0,
        6,
        3.609
      ]
    },
    {
      "Target": "Parameter",
      "Id": "Param9",
      "Segments": [
        0,
        26.7,
        0,
        0.867,
        -15,
        0,
        1.767,
        14,
        1,
        2.022,
        14,
        2.278,
        -11.156,
        2.533,
        -17,
        1,
        2.7,
        -20.812,
        2.866,
        -20,
        3.033,
        -20,
        0,
        3.867,
        12,
        0,
        4.767,
        -30,
        0,
        6,
        26.7
      ]
    },
    {
      "Target": "Parameter",
      "Id": "Param10",
      "Segments": [
        0,
        0,
        0,
        2.033,
        -6,
        1,
        2.366,
        -6,
        2.7,
        -3.131,
        3.033,
        8,
        1,
        3.3,
        16.905,
        3.566,
        26,
        3.833,
        26,
        0,
        6,
        0
      ]
    },
    {
      "Target": "Parameter",
      "Id": "Param13",
      "Segments": [
        0,
        0,
        2,
        2.033,
        0,
        0,
        3.033,
        3,
        0,
        6,
        0
      ]
    },
    {
      "Target": "Parameter",
      "Id": "Param19",
      "Segments": [
        0,
        0,
        1,
        0.289,
        0,
        0.578,
        9.851,
        0.867,
        11,
        1,
        1.167,
        12.193,
        1.467,
        12,
        1.767,
        12,
        0,
        3.033,
        0,
        0,
        3.667,
        6,
        1,
        3.878,
        6,
        4.089,
        5.067,
        4.3,
        4,
        1,
        4.867,
        1.136,
        5.433,
        0,
        6,
        0
      ]
    },
    {
      "Target": "Parameter",
      "Id": "Param18",
      "Segments": [
        0,
        0,
        0,
        0.867,
        -5,
        0,
        3.033,
        -2,
        0,
        3.667,
        -6,
        1,
        3.878,
        -6,
        4.089,
        -2.636,
        4.3,
        -2,
        1,
        4.867,
        -0.292,
        5.433,
        0,
        6,
        0
      ]
    },
    {
      "Target": "Parameter",
      "Id": "Param14",
      "Segments": [
        0,
        0,
        0,
        2.033,
        -6,
        0,
        3.033,
        0,
        2,
        6,
        0
      ]
    },
    {
      "Target": "Parameter",
      "Id": "Param8",
      "Segments": [
        0,
        0,
        0,
        3.033,
        8,
        0,
        6,
        0
      ]
    },
    {
      "Target": "Parameter",
      "Id": "ParamEyeBallX",
      "Segments": [
        0,
        0.5,
        0,
        2.733,
        0.2,
        1,
        3.822,
        0.2,
        4.911,
        0.494,
        6,
        0.5
      ]
    },
    {
      "Target": "Parameter",
      "Id": "ParamEyeBallY",
      "Segments": [
        0,
        0.2,
        0,
        2.733,
        0.8,
        1,
        3.822,
        0.8,
        4.911,
        0.212,
        6,
        0.2
      ]
    },
    {
      "Target": "PartOpacity",
      "Id": "Part34",
      "Segments": [
        0,
        0,
        2,
        0.03,
        1,
        2,
        0.1,
        1,
        2,
        6,
        1
      ]
    },
    {
      "Target": "PartOpacity",
      "Id": "Part17",
      "Segments": [
        0,
        1,
        2,
        0.1,
        1,
        2,
        6,
        1
      ]
    },
    {
      "Target": "PartOpacity",
      "Id": "Part24",
      "Segments": [
        0,
        1,
        2,
        0.3,
        1,
        2,
        6,
        1
      ]
    },
    {
      "Target": "PartOpacity",
      "Id": "Part14",
      "Segments": [
        0,
        1,
        2,
        0.03,
        1,
        2,
        0.3,
        1,
        2,
        6,
        1
      ]
    },
    {
      "Target": "PartOpacity",
      "Id": "Part20",
      "Segments": [
        0,
        1,
        2,
        0.3,
        1,
        2,
        0.53,
        1,
        2,
        6,
        1
      ]
    },
    {
      "Target": "PartOpacity",
      "Id": "Part19",
      "Segments": [
        0,
        1,
        2,
        0.3,
        0,
        2,
        6,
        0
      ]
    },
    {
      "Target": "PartOpacity",
      "Id": "Part13",
      "Segments": [
        0,
        1,
        2,
        0.1,
        1,
        2,
        6,
        1
      ]
    },
    {
      "Target": "PartOpacity",
      "Id": "Part27",
      "Segments": [
        0,
        1,
        2,
        0.03,
        1,
        2,
        6,
        1
      ]
    },
    {
      "Target": "PartOpacity",
      "Id": "Part15",
      "Segments": [
        0,
        1,
        2,
        0.03,
        1,
        2,
        6,
        1
      ]
    },
    {
      "Target": "PartOpacity",
      "Id": "Part8",
      "Segments": [
        0,
        1,
        2,
        0.3,
        1,
        2,
        6,
        1
      ]
    },
    {
      "Target": "PartOpacity",
      "Id": "Part28",
      "Segments": [
        0,
        1,
        2,
        0.3,
        1,
        2,
        6,
        1
      ]
    },
    {
      "Target": "PartOpacity",
      "Id": "Part26",
      "Segments": [
        0,
        0,
        2,
        0.03,
        0.1,
        2,
        0.1,
        1,
        2,
        6,
        1
      ]
    },
    {
      "Target": "Parameter",
      "Id": "Param2",
      "Segments": [
        0,
        0,
        0,
        6,
        0
      ]
    },
    {
      "Target": "Parameter",
      "Id": "Param12",
      "Segments": [
        0,
        0,
        0,
        6,
        0
      ]
    },
    {
      "Target": "Parameter",
      "Id": "Param16",
      "Segments": [
        0,
        0,
        0,
        6,
        0
      ]
    },
    {
      "Target": "Parameter",
      "Id": "Param17",
      "Segments": [
        0,
        0,
        0,
        6,
        0
      ]
    },
    {
      "Target": "Parameter",
      "Id": "Param11",
      "Segments": [
        0,
        0,
        0,
        6,
        0
      ]
    },
    {
      "Target": "Parameter",
      "Id": "EyeSize",
      "Segments": [
        0,
        0.3,
        0,
        6,
        0.3
      ]
    },
    {
      "Target": "Parameter",
      "Id": "ParamAngleY",
      "Segments": [
        0,
        -0.2,
        0,
        6,
        -0.2
      ]
    },
    {
      "Target": "Parameter",
      "Id": "EyeL_Open",
      "Segments": [
        0,
        1,
        0,
        6,
        1
      ]
    },
    {
      "Target": "Parameter",
      "Id": "ParamEyeLSmile",
      "Segments": [
        0,
        0,
        0,
        6,
        0
      ]
    },
    {
      "Target": "Parameter",
      "Id": "EyeR_Open",
      "Segments": [
        0,
        1,
        0,
        6,
        1
      ]
    },
    {
      "Target": "Parameter",
      "Id": "ParamEyeRSmile",
      "Segments": [
        0,
        0,
        0,
        6,
        0
      ]
    },
    {
      "Target": "Parameter",
      "Id": "ParamBrowLY",
      "Segments": [
        0,
        -1,
        0,
        6,
        -1
      ]
    },
    {
      "Target": "Parameter",
      "Id": "ParamBrowRY",
      "Segments": [
        0,
        -1,
        0,
        6,
        -1
      ]
    },
    {
      "Target": "Parameter",
      "Id": "ParamBrowLX",
      "Segments": [
        0,
        0,
        0,
        6,
        0
      ]
    },
    {
      "Target": "Parameter",
      "Id": "ParamBrowRX",
      "Segments": [
        0,
        0,
        0,
        6,
        0
      ]
    },
    {
      "Target": "Parameter",
      "Id": "ParamBrowLAngle",
      "Segments": [
        0,
        0.67,
        0,
        6,
        0.67
      ]
    },
    {
      "Target": "Parameter",
      "Id": "ParamBrowRAngle",
      "Segments": [
        0,
        0.82,
        0,
        6,
        0.82
      ]
    },
    {
      "Target": "Parameter",
      "Id": "ParamBrowLForm",
      "Segments": [
        0,
        -0.609,
        0,
        6,
        -0.609
      ]
    },
    {
      "Target": "Parameter",
      "Id": "Param24",
      "Segments": [
        0,
        0,
        0,
        6,
        0
      ]
    },
    {
      "Target": "Parameter",
      "Id": "Param25",
      "Segments": [
        0,
        0,
        0,
        6,
        0
      ]
    },
    {
      "Target": "Parameter",
      "Id": "ParamBrowRForm",
      "Segments": [
        0,
        -0.609,
        0,
        6,
        -0.609
      ]
    },
    {
      "Target": "Parameter",
      "Id": "ParamMouthForm",
      "Segments": [
        0,
        0,
        0,
        6,
        0
      ]
    },
    {
      "Target": "Parameter",
      "Id": "Param20",
      "Segments": [
        0,
        0,
        0,
        6,
        0
      ]
    },
    {
      "Target": "Parameter",
      "Id": "Param21",
      "Segments": [
        0,
        0,
        0,
        6,
        0
      ]
    },
    {
      "Target": "Parameter",
      "Id": "Mouth_Open",
      "Segments": [
        0,
        1,
        0,
        6,
        1
      ]
    },
    {
      "Target": "Parameter",
      "Id": "Mouth_Size",
      "Segments": [
        0,
        0.1,
        0,
        6,
        0.1
      ]
    },
    {
      "Target": "PartOpacity",
      "Id": "Part23",
      "Segments": [
        0,
        1,
        0,
        6,
        1
      ]
    },
    {
      "Target": "PartOpacity",
      "Id": "Part16",
      "Segments": [
        0,
        1,
        0,
        6,
        1
      ]
    },
    {
      "Target": "PartOpacity",
      "Id": "Part18",
      "Segments": [
        0,
        1,
        0,
        6,
        1
      ]
    },
    {
      "Target": "PartOpacity",
      "Id": "Part12",
      "Segments": [
        0,
        1,
        0,
        6,
        1
      ]
    },
    {
      "Target": "PartOpacity",
      "Id": "Part",
      "Segments": [
        0,
        1,
        0,
        6,
        1
      ]
    },
    {
      "Target": "PartOpacity",
      "Id": "Part2",
      "Segments": [
        0,
        1,
        0,
        6,
        1
      ]
    },
    {
      "Target": "PartOpacity",
      "Id": "Part3",
      "Segments": [
        0,
        1,
        0,
        6,
        1
      ]
    },
    {
      "Target": "PartOpacity",
      "Id": "Part4",
      "Segments": [
        0,
        1,
        0,
        6,
        1
      ]
    },
    {
      "Target": "PartOpacity",
      "Id": "Part11",
      "Segments": [
        0,
        1,
        0,
        6,
        1
      ]
    },
    {
      "Target": "PartOpacity",
      "Id": "Part5",
      "Segments": [
        0,
        1,
        0,
        6,
        1
      ]
    },
    {
      "Target": "PartOpacity",
      "Id": "Part6",
      "Segments": [
        0,
        1,
        0,
        6,
        1
      ]
    },
    {
      "Target": "PartOpacity",
      "Id": "Part7",
      "Segments": [
        0,
        1,
        0,
        6,
        1
      ]
    },
    {
      "Target": "PartOpacity",
      "Id": "Part21",
      "Segments": [
        0,
        1,
        0,
        6,
        1
      ]
    },
    {
      "Target": "PartOpacity",
      "Id": "Part9",
      "Segments": [
        0,
        1,
        0,
        6,
        1
      ]
    },
    {
      "Target": "PartOpacity",
      "Id": "Part10",
      "Segments": [
        0,
        1,
        0,
        6,
        1
      ]
    },
    {
      "Target": "PartOpacity",
      "Id": "Part22",
      "Segments": [
        0,
        1,
        0,
        6,
        1
      ]
    }
  ],
  "UserData": []
}