{
  "Version": 3,
  "Meta": {
    "Duration": 8.0,
    "Fps": 30.0,
    "Loop": true,
    "AreBeziersRestricted": true,
    "CurveCount": 92,
    "TotalSegmentCount": 266,
    "TotalPointCount": 420,
    "UserDataCount": 1,
    "TotalUserDataSize": 0
  },
  "Curves": [
    {
      "Target": "Parameter",
      "Id": "Param33",
      "Segments": [
        0,
        7.566,
        2,
        2.5,
        7.566,
        0,
        4.033,
        0,
        2,
        6.2,
        0,
        0,
        8,
        7.566
      ]
    },
    {
      "Target": "Parameter",
      "Id": "Breath",
      "Segments": [
        0,
        0.076,
        1,
        0.167,
        0.007,
        0.333,
        0,
        0.5,
        0,
        0,
        3.033,
        0.707,
        0,
        5.5,
        0,
        0,
        6.867,
        0.668,
        1,
        7.245,
        0.668,
        7.622,
        0.334,
        8,
        0.076
      ]
    },
    {
      "Target": "Parameter",
      "Id": "Body_Shaking",
      "Segments": [
        0,
        0,
        1,
        0.5,
        0,
        1,
        -0.019,
        1.5,
        -0.43,
        1,
        1.778,
        -0.781,
        2.055,
        -3.888,
        2.333,
        -4.016,
        1,
        2.633,
        -4.144,
        2.933,
        -4.205,
        3.233,
        -3.67,
        1,
        3.566,
        -2.913,
        3.9,
        2.653,
        4.233,
        3.332,
        1,
        4.655,
        4.264,
        5.078,
        4.232,
        5.5,
        4.074,
        1,
        5.6,
        4.074,
        5.7,
        3.995,
        5.8,
        3.793,
        1,
        6.2,
        3.127,
        6.6,
        -1.74,
        7,
        -1.74,
        0,
        8,
        0
      ]
    },
    {
      "Target": "Parameter",
      "Id": "Param36",
      "Segments": [
        0,
        -11,
        2,
        2.333,
        -11,
        0,
        3.7,
        -20.469,
        2,
        5.567,
        -20.469,
        0,
        8,
        -11
      ]
    },
    {
      "Target": "Parameter",
      "Id": "Param7",
      "Segments": [
        0,
        28.877,
        1,
        0.244,
        29.373,
        0.489,
        29.549,
        0.733,
        29.549,
        1,
        1.155,
        29.549,
        1.578,
        29.176,
        2,
        25,
        1,
        2.111,
        22.873,
        2.222,
        9.916,
        2.333,
        0,
        1,
        2.922,
        -11.539,
        3.511,
        -23.622,
        4.1,
        -25,
        1,
        4.589,
        -26.126,
        5.078,
        -25.381,
        5.567,
        -25,
        1,
        6.156,
        -23.956,
        6.744,
        -11.309,
        7.333,
        0,
        1,
        7.555,
        26.422,
        7.778,
        28.877,
        8,
        28.877
      ]
    },
    {
      "Target": "Parameter",
      "Id": "Param31",
      "Segments": [
        0,
        13.649,
        1,
        0.778,
        13.957,
        1.555,
        15,
        2.333,
        15,
        0,
        4.067,
        0,
        2,
        5.567,
        0,
        0,
        8,
        13.649
      ]
    },
    {
      "Target": "Parameter",
      "Id": "Param12",
      "Segments": [
        0,
        -0.921,
        1,
        0.078,
        -0.362,
        0.155,
        -0.158,
        0.233,
        0,
        1,
        0.933,
        0.693,
        1.633,
        0,
        2.333,
        0,
        2,
        4.067,
        0,
        2,
        5.567,
        0,
        0,
        7.433,
        -2.039,
        1,
        7.622,
        -2.039,
        7.811,
        -1.885,
        8,
        -0.921
      ]
    },
    {
      "Target": "Parameter",
      "Id": "Param2",
      "Segments": [
        0,
        1.051,
        1,
        0.322,
        1.242,
        0.645,
        1.114,
        0.967,
        0.923,
        1,
        1.422,
        0.65,
        1.878,
        0,
        2.333,
        0,
        1,
        2.911,
        0,
        3.489,
        7.421,
        4.067,
        8.2,
        1,
        4.567,
        8.901,
        5.067,
        9.558,
        5.567,
        9.398,
        1,
        5.811,
        9.321,
        6.056,
        7.393,
        6.3,
        5.647,
        1,
        6.689,
        2.054,
        7.078,
        0.565,
        7.467,
        0.565,
        1,
        7.645,
        0.565,
        7.822,
        0.92,
        8,
        1.051
      ]
    },
    {
      "Target": "Parameter",
      "Id": "Param5",
      "Segments": [
        0,
        -2.442,
        1,
        0.089,
        -4.33,
        0.178,
        -5.773,
        0.267,
        -5.773,
        0,
        1.5,
        4.772,
        0,
        2.333,
        -2.92,
        0,
        3.1,
        8.273,
        0,
        4.333,
        -15.546,
        1,
        4.411,
        -15.071,
        4.489,
        -15.586,
        4.567,
        -14.669,
        1,
        4.822,
        -9.296,
        5.078,
        9,
        5.333,
        9,
        0,
        6.567,
        -4,
        0,
        7.433,
        3.062,
        1,
        7.622,
        3.062,
        7.811,
        0.906,
        8,
        -2.442
      ]
    },
    {
      "Target": "Parameter",
      "Id": "Param42",
      "Segments": [
        0,
        -17,
        2,
        1.7,
        -17,
        1,
        2.289,
        -17,
        2.878,
        -18.837,
        3.467,
        -24,
        1,
        3.767,
        -26.63,
        4.067,
        -29,
        4.367,
        -29,
        1,
        4.956,
        -29,
        5.544,
        -27.813,
        6.133,
        -24,
        1,
        6.755,
        -19.971,
        7.378,
        -17,
        8,
        -17
      ]
    },
    {
      "Target": "Parameter",
      "Id": "Param3",
      "Segments": [
        0,
        -0.042,
        1,
        1.022,
        -1.409,
        2.045,
        -4.826,
        3.067,
        -4.826,
        1,
        3.456,
        -5.153,
        3.844,
        -5.007,
        4.233,
        -5.007,
        1,
        4.678,
        -5.007,
        5.122,
        -5.008,
        5.567,
        -5.007,
        1,
        6.378,
        -5.006,
        7.189,
        -0.042,
        8,
        -0.042
      ]
    },
    {
      "Target": "Parameter",
      "Id": "Param4",
      "Segments": [
        0,
        -4.689,
        1,
        0.122,
        -3.048,
        0.245,
        -2.685,
        0.367,
        -2.512,
        1,
        0.645,
        -1.923,
        0.922,
        -3.846,
        1.2,
        -3.846,
        0,
        3.067,
        2.552,
        0,
        4.233,
        -9.08,
        2,
        5.567,
        -9.08,
        0,
        6.867,
        -15.09,
        1,
        7.245,
        -15.09,
        7.622,
        -7.148,
        8,
        -4.689
      ]
    },
    {
      "Target": "Parameter",
      "Id": "Head_Roll",
      "Segments": [
        0,
        -4,
        2,
        1.367,
        -4,
        1,
        1.511,
        -4,
        1.656,
        -3.998,
        1.8,
        -3.773,
        1,
        2.033,
        -3.248,
        2.267,
        -1.06,
        2.5,
        -1.06,
        0,
        4.233,
        -7,
        1,
        4.833,
        -7,
        5.433,
        -6.864,
        6.033,
        -5.599,
        1,
        6.311,
        -5.013,
        6.589,
        -1.78,
        6.867,
        -1.78,
        0,
        8,
        -4
      ]
    },
    {
      "Target": "Parameter",
      "Id": "Param6",
      "Segments": [
        0,
        0,
        1,
        0.678,
        0,
        1.355,
        0.039,
        2.033,
        0.732,
        1,
        2.333,
        1.039,
        2.633,
        11.289,
        2.933,
        11.289,
        0,
        3.733,
        0,
        1,
        3.866,
        -0.686,
        4,
        -0.959,
        4.133,
        -0.959,
        0,
        4.667,
        0,
        2,
        8,
        0
      ]
    },
    {
      "Target": "Parameter",
      "Id": "ParamBrowRY",
      "Segments": [
        0,
        0,
        2,
        1.967,
        0,
        0,
        3.067,
        0.3,
        0,
        4.433,
        0,
        2,
        8,
        0
      ]
    },
    {
      "Target": "Parameter",
      "Id": "ParamBrowLY",
      "Segments": [
        0,
        0,
        2,
        1.967,
        0,
        0,
        3.067,
        0.3,
        0,
        4.433,
        0,
        2,
        8,
        0
      ]
    },
    {
      "Target": "Parameter",
      "Id": "ParamBrowRForm",
      "Segments": [
        0,
        -0.4,
        1,
        0.156,
        -0.222,
        0.311,
        0,
        0.467,
        0,
        2,
        7.167,
        0,
        0,
        8,
        -0.4
      ]
    },
    {
      "Target": "Parameter",
      "Id": "ParamBrowLForm",
      "Segments": [
        0,
        -0.4,
        1,
        0.156,
        -0.222,
        0.311,
        0,
        0.467,
        0,
        2,
        7.167,
        0,
        0,
        8,
        -0.4
      ]
    },
    {
      "Target": "Parameter",
      "Id": "ParamEyeBallX",
      "Segments": [
        0,
        0,
        2,
        5.9,
        0,
        0,
        6.767,
        0.142,
        0,
        8,
        0
      ]
    },
    {
      "Target": "Parameter",
      "Id": "ParamEyeBallY",
      "Segments": [
        0,
        0,
        2,
        5.9,
        0,
        0,
        6.767,
        0.07,
        0,
        8,
        0
      ]
    },
    {
      "Target": "Parameter",
      "Id": "Param16",
      "Segments": [
        0,
        3.366,
        0,
        0.933,
        -15.237,
        0,
        1.833,
        11.223,
        0,
        2.967,
        -11.476,
        0,
        3.967,
        6.356,
        0,
        5.067,
        -16.686,
        0,
        5.933,
        4.995,
        0,
        7.167,
        -16.686,
        0,
        8,
        3.366
      ]
    },
    {
      "Target": "Parameter",
      "Id": "Param14",
      "Segments": [
        0,
        -24.948,
        1,
        0.467,
        -29.102,
        0.933,
        15.177,
        1.4,
        15.177,
        0,
        2.9,
        -28.688,
        0,
        4.5,
        10.573,
        0,
        5.667,
        -29.766,
        0,
        7,
        18.768,
        0,
        8,
        -24.948
      ]
    },
    {
      "Target": "Parameter",
      "Id": "Param13",
      "Segments": [
        0,
        17.076,
        0,
        1.2,
        -19.839,
        0,
        2.3,
        13.647,
        0,
        3.933,
        -13.652,
        0,
        5.267,
        18.222,
        0,
        6.8,
        -15.261,
        0,
        8,
        17.076
      ]
    },
    {
      "Target": "Parameter",
      "Id": "Param18",
      "Segments": [
        0,
        -0.856,
        1,
        0.656,
        -0.856,
        1.311,
        -0.9,
        1.967,
        0,
        1,
        2.156,
        0.298,
        2.344,
        4.683,
        2.533,
        4.683,
        0,
        3.867,
        -4.94,
        2,
        5.567,
        -4.94,
        0,
        8,
        -0.856
      ]
    },
    {
      "Target": "Parameter",
      "Id": "Param17",
      "Segments": [
        0,
        5.244,
        1,
        0.656,
        5.244,
        1.311,
        5.163,
        1.967,
        6,
        1,
        2.156,
        6.293,
        2.344,
        8.113,
        2.533,
        10,
        1,
        2.978,
        12.986,
        3.422,
        12.944,
        3.867,
        12.944,
        2,
        5.567,
        12.944,
        0,
        8,
        5.244
      ]
    },
    {
      "Target": "Parameter",
      "Id": "Param19",
      "Segments": [
        0,
        -0.9,
        2,
        1.967,
        -0.9,
        0,
        3.867,
        -8.88,
        2,
        5.567,
        -8.88,
        1,
        6.122,
        -8.88,
        6.678,
        -6.271,
        7.233,
        -2.331,
        1,
        7.489,
        -0.913,
        7.744,
        -0.9,
        8,
        -0.9
      ]
    },
    {
      "Target": "Parameter",
      "Id": "Param9",
      "Segments": [
        0,
        -10.3,
        2,
        2.333,
        -10.3,
        0,
        3.867,
        -12.34,
        2,
        5.567,
        -12.34,
        0,
        8,
        -10.3
      ]
    },
    {
      "Target": "Parameter",
      "Id": "Param20",
      "Segments": [
        0,
        18.65,
        2,
        1.967,
        18.65,
        1,
        2.311,
        18.65,
        2.656,
        19.024,
        3,
        19.694,
        1,
        3.289,
        20.256,
        3.578,
        20.5,
        3.867,
        20.5,
        2,
        5.567,
        20.5,
        1,
        5.967,
        20.5,
        6.367,
        20.175,
        6.767,
        19.847,
        1,
        6.945,
        19.594,
        7.122,
        19.329,
        7.3,
        19.058,
        1,
        7.533,
        18.721,
        7.767,
        18.65,
        8,
        18.65
      ]
    },
    {
      "Target": "Parameter",
      "Id": "Param21",
      "Segments": [
        0,
        -13.6,
        2,
        2.333,
        -13.6,
        0,
        3.867,
        -13.208,
        2,
        5.567,
        -13.208,
        0,
        8,
        -13.6
      ]
    },
    {
      "Target": "Parameter",
      "Id": "Param22",
      "Segments": [
        0,
        -30,
        2,
        2.333,
        -30,
        0,
        3.867,
        -29.61,
        2,
        5.567,
        -29.61,
        0,
        8,
        -30
      ]
    },
    {
      "Target": "Parameter",
      "Id": "Param26",
      "Segments": [
        0,
        -0.003,
        1,
        0.656,
        -0.01,
        1.311,
        -0.034,
        1.967,
        -0.034,
        1,
        2.089,
        -0.034,
        2.211,
        -0.087,
        2.333,
        -0.298,
        1,
        2.489,
        -0.508,
        2.644,
        -1.523,
        2.8,
        -1.523,
        0,
        4.067,
        -1.26,
        2,
        4.367,
        -1.26,
        2,
        5.567,
        -1.26,
        0,
        8,
        -0.003
      ]
    },
    {
      "Target": "Parameter",
      "Id": "Param23",
      "Segments": [
        0,
        -27,
        2,
        2.333,
        -27,
        0,
        3.867,
        -23.114,
        2,
        5.567,
        -23.114,
        0,
        8,
        -27
      ]
    },
    {
      "Target": "Parameter",
      "Id": "Param27",
      "Segments": [
        0,
        -4,
        2,
        2.333,
        -4,
        0,
        3.867,
        -7.519,
        2,
        5.567,
        -7.519,
        0,
        8,
        -4
      ]
    },
    {
      "Target": "Parameter",
      "Id": "Param34",
      "Segments": [
        0,
        -3.7,
        2,
        2.333,
        -3.7,
        0,
        3.867,
        -5.1,
        2,
        5.567,
        -5.1,
        0,
        8,
        -3.7
      ]
    },
    {
      "Target": "Parameter",
      "Id": "Param24",
      "Segments": [
        0,
        -21.487,
        2,
        2.333,
        -21.487,
        1,
        2.666,
        -21.487,
        3,
        -23.599,
        3.333,
        -25.239,
        1,
        3.511,
        -25.686,
        3.689,
        -25.539,
        3.867,
        -25.539,
        2,
        5.567,
        -25.539,
        0,
        8,
        -21.487
      ]
    },
    {
      "Target": "Parameter",
      "Id": "Param15",
      "Segments": [
        0,
        16.916,
        1,
        0.778,
        19.085,
        1.555,
        20,
        2.333,
        20,
        0,
        2.833,
        3,
        0,
        4.5,
        30,
        2,
        5.567,
        30,
        0,
        8,
        16.916
      ]
    },
    {
      "Target": "Parameter",
      "Id": "Param10",
      "Segments": [
        0,
        -18,
        2,
        0.1,
        -18,
        0,
        0.333,
        -5.452,
        1,
        0.389,
        -5.452,
        0.444,
        -18.209,
        0.5,
        -30,
        1,
        0.578,
        -20.841,
        0.655,
        -6.384,
        0.733,
        -6.384,
        1,
        0.811,
        -6.384,
        0.889,
        -20.769,
        0.967,
        -30,
        1,
        1.034,
        -21.49,
        1.1,
        -6.384,
        1.167,
        -6.384,
        1,
        1.256,
        -6.384,
        1.344,
        -21.887,
        1.433,
        -30,
        1,
        1.466,
        -24.736,
        1.5,
        -16.587,
        1.533,
        -16.154,
        1,
        1.644,
        -14.147,
        1.756,
        -13.702,
        1.867,
        -13.702,
        0,
        2.333,
        -14.896,
        2,
        3.033,
        -14.896,
        0,
        3.7,
        -21,
        2,
        5.567,
        -21,
        0,
        8,
        -18
      ]
    },
    {
      "Target": "Parameter",
      "Id": "Param",
      "Segments": [
        0,
        14,
        2,
        2.333,
        14,
        0,
        3.867,
        19,
        2,
        5.567,
        19,
        0,
        8,
        14
      ]
    },
    {
      "Target": "Parameter",
      "Id": "Param29",
      "Segments": [
        0,
        17,
        2,
        2.333,
        17,
        0,
        3.867,
        24,
        2,
        5.567,
        24,
        0,
        8,
        17
      ]
    },
    {
      "Target": "Parameter",
      "Id": "Param39",
      "Segments": [
        0,
        1.8,
        2,
        2.333,
        1.8,
        0,
        3.867,
        -16,
        2,
        5.567,
        -16,
        0,
        8,
        1.8
      ]
    },
    {
      "Target": "PartOpacity",
      "Id": "Part25",
      "Segments": [
        0,
        1,
        2,
        8,
        1
      ]
    },
    {
      "Target": "PartOpacity",
      "Id": "Part26",
      "Segments": [
        0,
        1,
        2,
        8,
        1
      ]
    },
    {
      "Target": "PartOpacity",
      "Id": "Part27",
      "Segments": [
        0,
        1,
        2,
        8,
        1
      ]
    },
    {
      "Target": "PartOpacity",
      "Id": "Part28",
      "Segments": [
        0,
        1,
        2,
        8,
        1
      ]
    },
    {
      "Target": "PartOpacity",
      "Id": "Part29",
      "Segments": [
        0,
        1,
        2,
        8,
        1
      ]
    },
    {
      "Target": "PartOpacity",
      "Id": "Part2",
      "Segments": [
        0,
        0,
        2,
        8,
        0
      ]
    },
    {
      "Target": "PartOpacity",
      "Id": "Part30",
      "Segments": [
        0,
        1,
        2,
        8,
        1
      ]
    },
    {
      "Target": "PartOpacity",
      "Id": "Part31",
      "Segments": [
        0,
        1,
        2,
        8,
        1
      ]
    },
    {
      "Target": "PartOpacity",
      "Id": "Part4",
      "Segments": [
        0,
        0,
        2,
        8,
        0
      ]
    },
    {
      "Target": "PartOpacity",
      "Id": "Part32",
      "Segments": [
        0,
        1,
        2,
        8,
        1
      ]
    },
    {
      "Target": "PartOpacity",
      "Id": "Part33",
      "Segments": [
        0,
        0,
        2,
        8,
        0
      ]
    },
    {
      "Target": "PartOpacity",
      "Id": "Part34",
      "Segments": [
        0,
        1,
        2,
        8,
        1
      ]
    },
    {
      "Target": "PartOpacity",
      "Id": "Part",
      "Segments": [
        0,
        0,
        2,
        8,
        0
      ]
    },
    {
      "Target": "PartOpacity",
      "Id": "Part13",
      "Segments": [
        0,
        0,
        2,
        8,
        0
      ]
    },
    {
      "Target": "PartOpacity",
      "Id": "Part35",
      "Segments": [
        0,
        1,
        2,
        8,
        1
      ]
    },
    {
      "Target": "PartOpacity",
      "Id": "Part36",
      "Segments": [
        0,
        1,
        2,
        8,
        1
      ]
    },
    {
      "Target": "PartOpacity",
      "Id": "Part46",
      "Segments": [
        0,
        1,
        2,
        8,
        1
      ]
    },
    {
      "Target": "PartOpacity",
      "Id": "Part38",
      "Segments": [
        0,
        0,
        2,
        8,
        0
      ]
    },
    {
      "Target": "PartOpacity",
      "Id": "Part48",
      "Segments": [
        0,
        1,
        2,
        8,
        1
      ]
    },
    {
      "Target": "PartOpacity",
      "Id": "Part39",
      "Segments": [
        0,
        1,
        2,
        8,
        1
      ]
    },
    {
      "Target": "PartOpacity",
      "Id": "Part40",
      "Segments": [
        0,
        1,
        2,
        8,
        1
      ]
    },
    {
      "Target": "PartOpacity",
      "Id": "Part41",
      "Segments": [
        0,
        0,
        2,
        8,
        0
      ]
    },
    {
      "Target": "PartOpacity",
      "Id": "Part42",
      "Segments": [
        0,
        1,
        2,
        8,
        1
      ]
    },
    {
      "Target": "PartOpacity",
      "Id": "Part5",
      "Segments": [
        0,
        0,
        2,
        8,
        0
      ]
    },
    {
      "Target": "PartOpacity",
      "Id": "Part49",
      "Segments": [
        0,
        1,
        2,
        8,
        1
      ]
    },
    {
      "Target": "PartOpacity",
      "Id": "Part43",
      "Segments": [
        0,
        1,
        2,
        8,
        1
      ]
    },
    {
      "Target": "PartOpacity",
      "Id": "Part44",
      "Segments": [
        0,
        1,
        2,
        8,
        1
      ]
    },
    {
      "Target": "PartOpacity",
      "Id": "Part45",
      "Segments": [
        0,
        1,
        2,
        8,
        1
      ]
    },
    {
      "Target": "Model",
      "Id": "Opacity",
      "Segments": [
        0,
        1,
        0,
        8,
        1
      ]
    },
    {
      "Target": "Parameter",
      "Id": "Param32",
      "Segments": [
        0,
        -15,
        0,
        8,
        -15
      ]
    },
    {
      "Target": "Parameter",
      "Id": "Param11",
      "Segments": [
        0,
        0,
        0,
        8,
        0
      ]
    },
    {
      "Target": "Parameter",
      "Id": "Param44",
      "Segments": [
        0,
        -27,
        0,
        8,
        -27
      ]
    },
    {
      "Target": "Parameter",
      "Id": "Param8",
      "Segments": [
        0,
        0,
        0,
        8,
        0
      ]
    },
    {
      "Target": "Parameter",
      "Id": "Param40",
      "Segments": [
        0,
        0,
        0,
        8,
        0
      ]
    },
    {
      "Target": "Parameter",
      "Id": "ParamBrowRAngle",
      "Segments": [
        0,
        -0.3,
        0,
        8,
        -0.3
      ]
    },
    {
      "Target": "Parameter",
      "Id": "ParamBrowLAngle",
      "Segments": [
        0,
        0.3,
        0,
        8,
        0.3
      ]
    },
    {
      "Target": "Parameter",
      "Id": "EyesSize",
      "Segments": [
        0,
        0,
        0,
        8,
        0
      ]
    },
    {
      "Target": "Parameter",
      "Id": "EyeR_Open",
      "Segments": [
        0,
        1,
        0,
        8,
        1
      ]
    },
    {
      "Target": "Parameter",
      "Id": "ParamEyeRSmile",
      "Segments": [
        0,
        0.5,
        0,
        8,
        0.5
      ]
    },
    {
      "Target": "Parameter",
      "Id": "EyeL_Open",
      "Segments": [
        0,
        1,
        0,
        8,
        1
      ]
    },
    {
      "Target": "Parameter",
      "Id": "ParamEyeLSmile",
      "Segments": [
        0,
        0.5,
        0,
        8,
        0.5
      ]
    },
    {
      "Target": "Parameter",
      "Id": "Param41",
      "Segments": [
        0,
        0,
        0,
        8,
        0
      ]
    },
    {
      "Target": "Parameter",
      "Id": "Param28",
      "Segments": [
        0,
        0,
        0,
        8,
        0
      ]
    },
    {
      "Target": "Parameter",
      "Id": "ParamMouthForm",
      "Segments": [
        0,
        0,
        0,
        8,
        0
      ]
    },
    {
      "Target": "Parameter",
      "Id": "Mouth_Open",
      "Segments": [
        0,
        1,
        0,
        8,
        1
      ]
    },
    {
      "Target": "Parameter",
      "Id": "Mouth_Size",
      "Segments": [
        0,
        0.5,
        0,
        8,
        0.5
      ]
    },
    {
      "Target": "Parameter",
      "Id": "Param35",
      "Segments": [
        0,
        0,
        0,
        8,
        0
      ]
    },
    {
      "Target": "Parameter",
      "Id": "Param43",
      "Segments": [
        0,
        0,
        0,
        8,
        0
      ]
    },
    {
      "Target": "Parameter",
      "Id": "Param25",
      "Segments": [
        0,
        -30,
        0,
        8,
        -30
      ]
    },
    {
      "Target": "Parameter",
      "Id": "Param30",
      "Segments": [
        0,
        0,
        0,
        8,
        0
      ]
    },
    {
      "Target": "Parameter",
      "Id": "Param38",
      "Segments": [
        0,
        0,
        0,
        8,
        0
      ]
    },
    {
      "Target": "PartOpacity",
      "Id": "Part3",
      "Segments": [
        0,
        0,
        0,
        8,
        0
      ]
    }
  ],
  "UserData": [
    {
      "Time": 0.0,
      "Value": ""
    }
  ]
}