{
  "Version": 3,
  "Meta": {
    "Duration": 8.0,
    "Fps": 30.0,
    "Loop": true,
    "AreBeziersRestricted": true,
    "CurveCount": 92,
    "TotalSegmentCount": 212,
    "TotalPointCount": 296,
    "UserDataCount": 1,
    "TotalUserDataSize": 0
  },
  "Curves": [
    {
      "Target": "Parameter",
      "Id": "Breath",
      "Segments": [
        0,
        0,
        0,
        1.333,
        0.543,
        0,
        2.833,
        0,
        0,
        3.967,
        0.652,
        0,
        5.433,
        0,
        0,
        6.667,
        0.508,
        0,
        8,
        0
      ]
    },
    {
      "Target": "Parameter",
      "Id": "Body_Shaking",
      "Segments": [
        0,
        -5.58,
        2,
        4.1,
        -5.58,
        0,
        5.067,
        0,
        0,
        8,
        -5.58
      ]
    },
    {
      "Target": "Parameter",
      "Id": "Param7",
      "Segments": [
        0,
        -13.773,
        1,
        1.122,
        -13.225,
        2.245,
        -13.364,
        3.367,
        -14.174,
        1,
        3.9,
        -14.709,
        4.434,
        -26.498,
        4.967,
        -28.998,
        1,
        5.256,
        -30,
        5.544,
        -30,
        5.833,
        -30,
        1,
        6.122,
        -30,
        6.411,
        -29.874,
        6.7,
        -28.998,
        1,
        7.133,
        -27.554,
        7.567,
        -13.773,
        8,
        -13.773
      ]
    },
    {
      "Target": "Parameter",
      "Id": "Param31",
      "Segments": [
        0,
        17,
        1,
        0.267,
        13.482,
        0.533,
        10.141,
        0.8,
        10.141,
        0,
        2,
        19.843,
        0,
        3.567,
        6.479,
        0,
        4.967,
        21.691,
        0,
        6.267,
        11.606,
        0,
        7.567,
        19.843,
        1,
        7.711,
        19.843,
        7.856,
        19.043,
        8,
        17
      ]
    },
    {
      "Target": "Parameter",
      "Id": "Param12",
      "Segments": [
        0,
        0,
        2,
        3.233,
        0,
        0,
        4.433,
        5.017,
        0,
        5.567,
        0,
        2,
        6.9,
        0,
        0,
        7.433,
        6.017,
        0,
        8,
        0
      ]
    },
    {
      "Target": "Parameter",
      "Id": "Param2",
      "Segments": [
        0,
        10.42,
        1,
        0.167,
        10.579,
        0.333,
        10.626,
        0.5,
        10.53,
        1,
        0.844,
        10.306,
        1.189,
        8.43,
        1.533,
        8.43,
        0,
        3.367,
        11.717,
        0,
        4.5,
        9.317,
        0,
        5.833,
        11.297,
        0,
        7.133,
        9.397,
        1,
        7.422,
        9.397,
        7.711,
        10.104,
        8,
        10.42
      ]
    },
    {
      "Target": "Parameter",
      "Id": "Param5",
      "Segments": [
        0,
        -3.645,
        0,
        1.4,
        4.858,
        0,
        3.067,
        -4.006,
        0,
        4.267,
        5.509,
        0,
        5.633,
        -3.447,
        0,
        7,
        6.964,
        0,
        8,
        -3.645
      ]
    },
    {
      "Target": "Parameter",
      "Id": "Param44",
      "Segments": [
        0,
        -27,
        0,
        8,
        -27.03
      ]
    },
    {
      "Target": "Parameter",
      "Id": "Param42",
      "Segments": [
        0,
        0,
        0,
        1.933,
        -5,
        0,
        3.567,
        4,
        0,
        5.1,
        -4,
        0,
        8,
        0
      ]
    },
    {
      "Target": "Parameter",
      "Id": "Param3",
      "Segments": [
        0,
        0,
        1,
        0.211,
        0,
        0.422,
        0.049,
        0.633,
        -0.043,
        1,
        1.122,
        -0.257,
        1.611,
        -10.036,
        2.1,
        -12.498,
        1,
        2.567,
        -14.849,
        3.033,
        -14.977,
        3.5,
        -14.977,
        1,
        3.911,
        -14.977,
        4.322,
        -15.171,
        4.733,
        -13.165,
        1,
        5.366,
        -9.603,
        6,
        -3.535,
        6.633,
        0,
        1,
        7.089,
        1.747,
        7.544,
        0,
        8,
        0
      ]
    },
    {
      "Target": "Parameter",
      "Id": "Param4",
      "Segments": [
        0,
        -4.726,
        1,
        0.233,
        -6.908,
        0.467,
        -9.976,
        0.7,
        -11.074,
        1,
        1.378,
        -15.693,
        2.055,
        -17.46,
        2.733,
        -17.46,
        0,
        4.033,
        5.12,
        0,
        5.8,
        -8.493,
        1,
        6.533,
        -8.493,
        7.267,
        -0.528,
        8,
        -4.726
      ]
    },
    {
      "Target": "Parameter",
      "Id": "ParamEyeBallX",
      "Segments": [
        0,
        0,
        0,
        2.1,
        0.221,
        0,
        4.733,
        0.204,
        1,
        5.089,
        0.197,
        5.444,
        -0.12,
        5.8,
        -0.172,
        1,
        6.089,
        -0.205,
        6.378,
        -0.202,
        6.667,
        -0.203,
        0,
        8,
        0
      ]
    },
    {
      "Target": "Parameter",
      "Id": "ParamEyeBallY",
      "Segments": [
        0,
        0.1,
        1,
        0.233,
        0.214,
        0.467,
        0.219,
        0.7,
        0.219,
        1,
        1.411,
        0.219,
        2.122,
        0.194,
        2.833,
        0.101,
        1,
        3.233,
        0.049,
        3.633,
        -0.015,
        4.033,
        -0.015,
        0,
        5.8,
        0.221,
        1,
        6.089,
        0.221,
        6.378,
        0.2,
        6.667,
        0.145,
        1,
        6.967,
        0.088,
        7.267,
        0.053,
        7.567,
        0.053,
        0,
        8,
        0.1
      ]
    },
    {
      "Target": "Parameter",
      "Id": "Param16",
      "Segments": [
        0,
        3.366,
        0,
        0.8,
        -15.237,
        0,
        1.7,
        11.223,
        0,
        2.833,
        -11.476,
        0,
        3.8,
        6.356,
        0,
        4.9,
        -16.686,
        0,
        5.767,
        4.995,
        0,
        6.967,
        -16.686,
        0,
        8,
        3.366
      ]
    },
    {
      "Target": "Parameter",
      "Id": "Param14",
      "Segments": [
        0,
        -23.217,
        1,
        0.256,
        -13.3,
        0.511,
        15.177,
        0.767,
        15.177,
        0,
        1.933,
        -28.688,
        0,
        3.433,
        10.573,
        0,
        4.8,
        -29.766,
        0,
        6.3,
        18.768,
        1,
        6.722,
        18.768,
        7.145,
        -18.317,
        7.567,
        -24.948,
        1,
        7.711,
        -27.767,
        7.856,
        -28.292,
        8,
        -23.217
      ]
    },
    {
      "Target": "Parameter",
      "Id": "Param13",
      "Segments": [
        0,
        13.647,
        0,
        1.067,
        -19.839,
        0,
        2.133,
        13.647,
        0,
        3.767,
        -13.652,
        0,
        5.067,
        18.222,
        0,
        6.6,
        -15.261,
        0,
        8,
        13.647
      ]
    },
    {
      "Target": "Parameter",
      "Id": "Param18",
      "Segments": [
        0,
        -17,
        0,
        1.133,
        -21.86,
        0,
        2.1,
        -14.906,
        1,
        2.511,
        -14.906,
        2.922,
        -23.316,
        3.333,
        -24.146,
        1,
        4.044,
        -25.582,
        4.756,
        -25.586,
        5.467,
        -25.586,
        0,
        8,
        -17
      ]
    },
    {
      "Target": "Parameter",
      "Id": "Param17",
      "Segments": [
        0,
        20.136,
        1,
        0.278,
        19.408,
        0.555,
        19.407,
        0.833,
        19.407,
        0,
        1.933,
        22.708,
        0,
        3.633,
        17.799,
        0,
        5,
        21.371,
        0,
        6.367,
        18.665,
        0,
        7.4,
        22.04,
        0,
        8,
        20.136
      ]
    },
    {
      "Target": "Parameter",
      "Id": "Param19",
      "Segments": [
        0,
        2.74,
        0,
        1.833,
        2.126,
        0,
        4.5,
        2.944,
        0,
        7.033,
        2.055,
        0,
        8,
        2.74
      ]
    },
    {
      "Target": "Parameter",
      "Id": "Param9",
      "Segments": [
        0,
        30,
        0,
        0.367,
        29.835,
        0,
        1.567,
        30,
        0,
        3.033,
        28.814,
        0,
        4.5,
        30,
        0,
        5.833,
        28.808,
        0,
        7.067,
        30,
        2,
        8,
        30
      ]
    },
    {
      "Target": "Parameter",
      "Id": "Param20",
      "Segments": [
        0,
        -3.2,
        0,
        2.033,
        -3.85,
        0,
        4.6,
        -2.692,
        0,
        6.567,
        -3.65,
        1,
        7.045,
        -3.563,
        7.522,
        -3.068,
        8,
        -3.2
      ]
    },
    {
      "Target": "Parameter",
      "Id": "Param21",
      "Segments": [
        0,
        4.911,
        1,
        0.578,
        4.797,
        1.155,
        4.778,
        1.733,
        4.778,
        0,
        3.2,
        5.744,
        0,
        4.667,
        5.227,
        0,
        6,
        5.628,
        1,
        6.411,
        5.628,
        6.822,
        4.933,
        7.233,
        4.917,
        1,
        7.489,
        4.906,
        7.744,
        4.911,
        8,
        4.911
      ]
    },
    {
      "Target": "Parameter",
      "Id": "Param27",
      "Segments": [
        0,
        -60,
        2,
        1.033,
        -60,
        2,
        3.5,
        -60,
        2,
        4.933,
        -60,
        1,
        5.089,
        -59.091,
        5.244,
        -60,
        5.4,
        -60,
        1,
        6.022,
        -59.644,
        6.645,
        -59.699,
        7.267,
        -60,
        2,
        8,
        -60
      ]
    },
    {
      "Target": "Parameter",
      "Id": "Param25",
      "Segments": [
        0,
        -5.04,
        1,
        0.433,
        -3.25,
        0.867,
        -2.164,
        1.3,
        -2.164,
        0,
        3.2,
        -6.387,
        0,
        5.633,
        -2.088,
        0,
        7.4,
        -6.095,
        1,
        7.6,
        -6.095,
        7.8,
        -5.929,
        8,
        -5.04
      ]
    },
    {
      "Target": "Parameter",
      "Id": "Param24",
      "Segments": [
        0,
        1.04,
        0,
        0.8,
        1.934,
        0,
        2.033,
        1.74,
        0,
        3.433,
        2.354,
        0,
        4.833,
        1.74,
        0,
        6.2,
        1.994,
        0,
        7.3,
        0.778,
        0,
        8,
        1.04
      ]
    },
    {
      "Target": "Parameter",
      "Id": "Param",
      "Segments": [
        0,
        -0.22,
        2,
        4.1,
        -0.22,
        1,
        4.4,
        -0.22,
        4.7,
        17.826,
        5,
        19,
        0,
        8,
        -0.22
      ]
    },
    {
      "Target": "Parameter",
      "Id": "Param39",
      "Segments": [
        0,
        -15.46,
        2,
        4.1,
        -15.46,
        1,
        4.4,
        -15.46,
        4.7,
        -15.886,
        5,
        -15.925,
        0,
        8,
        -15.46
      ]
    },
    {
      "Target": "PartOpacity",
      "Id": "Part25",
      "Segments": [
        0,
        1,
        2,
        8,
        1
      ]
    },
    {
      "Target": "PartOpacity",
      "Id": "Part26",
      "Segments": [
        0,
        1,
        2,
        8,
        1
      ]
    },
    {
      "Target": "PartOpacity",
      "Id": "Part27",
      "Segments": [
        0,
        1,
        2,
        8,
        1
      ]
    },
    {
      "Target": "PartOpacity",
      "Id": "Part28",
      "Segments": [
        0,
        1,
        2,
        8,
        1
      ]
    },
    {
      "Target": "PartOpacity",
      "Id": "Part29",
      "Segments": [
        0,
        1,
        2,
        8,
        1
      ]
    },
    {
      "Target": "PartOpacity",
      "Id": "Part2",
      "Segments": [
        0,
        1,
        2,
        8,
        1
      ]
    },
    {
      "Target": "PartOpacity",
      "Id": "Part30",
      "Segments": [
        0,
        1,
        2,
        8,
        1
      ]
    },
    {
      "Target": "PartOpacity",
      "Id": "Part31",
      "Segments": [
        0,
        1,
        2,
        8,
        1
      ]
    },
    {
      "Target": "PartOpacity",
      "Id": "Part4",
      "Segments": [
        0,
        1,
        2,
        8,
        1
      ]
    },
    {
      "Target": "PartOpacity",
      "Id": "Part32",
      "Segments": [
        0,
        0,
        2,
        8,
        0
      ]
    },
    {
      "Target": "PartOpacity",
      "Id": "Part33",
      "Segments": [
        0,
        0,
        2,
        8,
        0
      ]
    },
    {
      "Target": "PartOpacity",
      "Id": "Part34",
      "Segments": [
        0,
        0,
        2,
        8,
        0
      ]
    },
    {
      "Target": "PartOpacity",
      "Id": "Part",
      "Segments": [
        0,
        0,
        2,
        8,
        0
      ]
    },
    {
      "Target": "PartOpacity",
      "Id": "Part13",
      "Segments": [
        0,
        0,
        2,
        8,
        0
      ]
    },
    {
      "Target": "PartOpacity",
      "Id": "Part35",
      "Segments": [
        0,
        1,
        2,
        8,
        1
      ]
    },
    {
      "Target": "PartOpacity",
      "Id": "Part36",
      "Segments": [
        0,
        0,
        2,
        8,
        0
      ]
    },
    {
      "Target": "PartOpacity",
      "Id": "Part46",
      "Segments": [
        0,
        1,
        2,
        8,
        1
      ]
    },
    {
      "Target": "PartOpacity",
      "Id": "Part38",
      "Segments": [
        0,
        1,
        2,
        8,
        1
      ]
    },
    {
      "Target": "PartOpacity",
      "Id": "Part48",
      "Segments": [
        0,
        1,
        2,
        8,
        1
      ]
    },
    {
      "Target": "PartOpacity",
      "Id": "Part39",
      "Segments": [
        0,
        1,
        2,
        8,
        1
      ]
    },
    {
      "Target": "PartOpacity",
      "Id": "Part40",
      "Segments": [
        0,
        1,
        2,
        8,
        1
      ]
    },
    {
      "Target": "PartOpacity",
      "Id": "Part41",
      "Segments": [
        0,
        1,
        2,
        8,
        1
      ]
    },
    {
      "Target": "PartOpacity",
      "Id": "Part42",
      "Segments": [
        0,
        0,
        2,
        8,
        0
      ]
    },
    {
      "Target": "PartOpacity",
      "Id": "Part5",
      "Segments": [
        0,
        1,
        2,
        8,
        1
      ]
    },
    {
      "Target": "PartOpacity",
      "Id": "Part49",
      "Segments": [
        0,
        1,
        2,
        8,
        1
      ]
    },
    {
      "Target": "PartOpacity",
      "Id": "Part43",
      "Segments": [
        0,
        1,
        2,
        8,
        1
      ]
    },
    {
      "Target": "PartOpacity",
      "Id": "Part44",
      "Segments": [
        0,
        1,
        2,
        8,
        1
      ]
    },
    {
      "Target": "PartOpacity",
      "Id": "Part45",
      "Segments": [
        0,
        1,
        2,
        8,
        1
      ]
    },
    {
      "Target": "Model",
      "Id": "Opacity",
      "Segments": [
        0,
        1,
        0,
        8,
        1
      ]
    },
    {
      "Target": "Parameter",
      "Id": "Param33",
      "Segments": [
        0,
        0,
        0,
        8,
        0
      ]
    },
    {
      "Target": "Parameter",
      "Id": "Param32",
      "Segments": [
        0,
        0,
        0,
        8,
        0
      ]
    },
    {
      "Target": "Parameter",
      "Id": "Param36",
      "Segments": [
        0,
        0,
        0,
        8,
        0
      ]
    },
    {
      "Target": "Parameter",
      "Id": "Param11",
      "Segments": [
        0,
        0,
        0,
        8,
        0
      ]
    },
    {
      "Target": "Parameter",
      "Id": "Head_Roll",
      "Segments": [
        0,
        -1.08,
        0,
        8,
        -1.08
      ]
    },
    {
      "Target": "Parameter",
      "Id": "Param6",
      "Segments": [
        0,
        0,
        0,
        8,
        0
      ]
    },
    {
      "Target": "Parameter",
      "Id": "Param8",
      "Segments": [
        0,
        0,
        0,
        8,
        0
      ]
    },
    {
      "Target": "Parameter",
      "Id": "Param40",
      "Segments": [
        0,
        -30,
        0,
        8,
        -30
      ]
    },
    {
      "Target": "Parameter",
      "Id": "ParamBrowRY",
      "Segments": [
        0,
        -0.1,
        0,
        8,
        -0.1
      ]
    },
    {
      "Target": "Parameter",
      "Id": "ParamBrowLY",
      "Segments": [
        0,
        -0.1,
        0,
        8,
        -0.1
      ]
    },
    {
      "Target": "Parameter",
      "Id": "ParamBrowRForm",
      "Segments": [
        0,
        -0.5,
        0,
        8,
        -0.5
      ]
    },
    {
      "Target": "Parameter",
      "Id": "ParamBrowLForm",
      "Segments": [
        0,
        -0.5,
        0,
        8,
        -0.5
      ]
    },
    {
      "Target": "Parameter",
      "Id": "ParamBrowRAngle",
      "Segments": [
        0,
        0.5,
        0,
        8,
        0.5
      ]
    },
    {
      "Target": "Parameter",
      "Id": "ParamBrowLAngle",
      "Segments": [
        0,
        -0.4,
        0,
        8,
        -0.4
      ]
    },
    {
      "Target": "Parameter",
      "Id": "EyesSize",
      "Segments": [
        0,
        0,
        0,
        8,
        0
      ]
    },
    {
      "Target": "Parameter",
      "Id": "EyeR_Open",
      "Segments": [
        0,
        1,
        0,
        8,
        1
      ]
    },
    {
      "Target": "Parameter",
      "Id": "ParamEyeRSmile",
      "Segments": [
        0,
        0.5,
        0,
        8,
        0.5
      ]
    },
    {
      "Target": "Parameter",
      "Id": "EyeL_Open",
      "Segments": [
        0,
        1,
        0,
        8,
        1
      ]
    },
    {
      "Target": "Parameter",
      "Id": "ParamEyeLSmile",
      "Segments": [
        0,
        0.5,
        0,
        8,
        0.5
      ]
    },
    {
      "Target": "Parameter",
      "Id": "Param41",
      "Segments": [
        0,
        -11,
        0,
        8,
        -11
      ]
    },
    {
      "Target": "Parameter",
      "Id": "Param28",
      "Segments": [
        0,
        -10,
        0,
        8,
        -10
      ]
    },
    {
      "Target": "Parameter",
      "Id": "ParamMouthForm",
      "Segments": [
        0,
        1,
        0,
        8,
        1
      ]
    },
    {
      "Target": "Parameter",
      "Id": "Mouth_Open",
      "Segments": [
        0,
        1,
        0,
        8,
        1
      ]
    },
    {
      "Target": "Parameter",
      "Id": "Mouth_Size",
      "Segments": [
        0,
        0.8,
        0,
        8,
        0.8
      ]
    },
    {
      "Target": "Parameter",
      "Id": "Param22",
      "Segments": [
        0,
        -9,
        0,
        8,
        -9
      ]
    },
    {
      "Target": "Parameter",
      "Id": "Param26",
      "Segments": [
        0,
        0,
        0,
        8,
        0
      ]
    },
    {
      "Target": "Parameter",
      "Id": "Param23",
      "Segments": [
        0,
        -60,
        0,
        8,
        -60
      ]
    },
    {
      "Target": "Parameter",
      "Id": "Param34",
      "Segments": [
        0,
        0,
        0,
        8,
        0
      ]
    },
    {
      "Target": "Parameter",
      "Id": "Param35",
      "Segments": [
        0,
        -30,
        0,
        8,
        -30
      ]
    },
    {
      "Target": "Parameter",
      "Id": "Param43",
      "Segments": [
        0,
        30,
        0,
        8,
        30
      ]
    },
    {
      "Target": "Parameter",
      "Id": "Param15",
      "Segments": [
        0,
        0,
        0,
        8,
        0
      ]
    },
    {
      "Target": "Parameter",
      "Id": "Param30",
      "Segments": [
        0,
        0,
        0,
        8,
        0
      ]
    },
    {
      "Target": "Parameter",
      "Id": "Param10",
      "Segments": [
        0,
        0,
        0,
        8,
        0
      ]
    },
    {
      "Target": "Parameter",
      "Id": "Param38",
      "Segments": [
        0,
        0,
        0,
        8,
        0
      ]
    },
    {
      "Target": "Parameter",
      "Id": "Param29",
      "Segments": [
        0,
        25,
        0,
        8,
        25
      ]
    },
    {
      "Target": "PartOpacity",
      "Id": "Part3",
      "Segments": [
        0,
        1,
        0,
        8,
        1
      ]
    }
  ],
  "UserData": [
    {
      "Time": 0.0,
      "Value": ""
    }
  ]
}