{
  "Version": 3,
  "Meta": {
    "Duration": 2.0,
    "Fps": 30.0,
    "Loop": true,
    "AreBeziersRestricted": true,
    "CurveCount": 92,
    "TotalSegmentCount": 248,
    "TotalPointCount": 392,
    "UserDataCount": 1,
    "TotalUserDataSize": 0
  },
  "Curves": [
    {
      "Target": "Parameter",
      "Id": "Param33",
      "Segments": [
        0,
        0,
        1,
        0.211,
        0,
        0.422,
        4.811,
        0.633,
        7.046,
        1,
        0.7,
        7.426,
        0.766,
        7.51,
        0.833,
        7.566,
        1,
        1.222,
        7.772,
        1.611,
        7.566,
        2,
        7.566
      ]
    },
    {
      "Target": "Parameter",
      "Id": "Breath",
      "Segments": [
        0,
        0,
        1,
        0.189,
        0,
        0.378,
        0.619,
        0.567,
        0.668,
        1,
        0.834,
        0.732,
        1.1,
        0.587,
        1.367,
        0.446,
        1,
        1.578,
        0.326,
        1.789,
        0.164,
        2,
        0.076
      ]
    },
    {
      "Target": "Parameter",
      "Id": "Body_Shaking",
      "Segments": [
        0,
        5,
        0,
        1.4,
        0,
        2,
        2,
        0
      ]
    },
    {
      "Target": "Parameter",
      "Id": "Param32",
      "Segments": [
        0,
        0,
        0,
        1.2,
        -15,
        2,
        2,
        -15
      ]
    },
    {
      "Target": "Parameter",
      "Id": "Param36",
      "Segments": [
        0,
        0,
        0,
        1.2,
        -11,
        2,
        2,
        -11
      ]
    },
    {
      "Target": "Parameter",
      "Id": "Param7",
      "Segments": [
        0,
        -8,
        1,
        0.133,
        -8,
        0.267,
        -3.948,
        0.4,
        0,
        1,
        0.711,
        9.212,
        1.022,
        20.063,
        1.333,
        25,
        1,
        1.555,
        28.127,
        1.778,
        28.324,
        2,
        28.877
      ]
    },
    {
      "Target": "Parameter",
      "Id": "Param31",
      "Segments": [
        0,
        -15,
        1,
        0.111,
        -15,
        0.222,
        -14.063,
        0.333,
        -7.222,
        1,
        0.522,
        4.408,
        0.711,
        14.687,
        0.9,
        14.687,
        1,
        1.2,
        15.637,
        1.5,
        13.628,
        1.8,
        13.628,
        0,
        2,
        13.649
      ]
    },
    {
      "Target": "Parameter",
      "Id": "Param12",
      "Segments": [
        0,
        0,
        0,
        0.333,
        -4.337,
        0,
        0.8,
        7.262,
        0,
        1.4,
        -4.357,
        1,
        1.6,
        -4.357,
        1.8,
        -2.285,
        2,
        -0.921
      ]
    },
    {
      "Target": "Parameter",
      "Id": "Param2",
      "Segments": [
        0,
        3,
        0,
        0.4,
        3.758,
        0,
        1.2,
        0,
        2,
        1.4,
        0,
        1,
        1.6,
        0,
        1.8,
        0.872,
        2,
        1.051
      ]
    },
    {
      "Target": "Parameter",
      "Id": "Param5",
      "Segments": [
        0,
        0,
        0,
        0.433,
        -5.008,
        0,
        1.267,
        4.954,
        1,
        1.511,
        4.954,
        1.756,
        2.751,
        2,
        -2.442
      ]
    },
    {
      "Target": "Parameter",
      "Id": "Param11",
      "Segments": [
        0,
        -27,
        0,
        1.067,
        0,
        2,
        2,
        0
      ]
    },
    {
      "Target": "Parameter",
      "Id": "Param42",
      "Segments": [
        0,
        0,
        0,
        0.8,
        15,
        0,
        2,
        -17
      ]
    },
    {
      "Target": "Parameter",
      "Id": "Param3",
      "Segments": [
        0,
        0,
        2,
        1.2,
        0,
        2,
        1.8,
        0,
        1,
        1.867,
        0,
        1.933,
        0.047,
        2,
        -0.042
      ]
    },
    {
      "Target": "Parameter",
      "Id": "Param4",
      "Segments": [
        0,
        0,
        0,
        0.367,
        -19.514,
        1,
        0.489,
        -19.514,
        0.611,
        -5.893,
        0.733,
        7.125,
        1,
        0.766,
        10.675,
        0.8,
        9.994,
        0.833,
        9.994,
        1,
        0.955,
        10.355,
        1.078,
        -3.665,
        1.2,
        -6.5,
        1,
        1.311,
        -9.144,
        1.422,
        -13.391,
        1.533,
        -13.391,
        1,
        1.689,
        -13.391,
        1.844,
        -7.076,
        2,
        -4.689
      ]
    },
    {
      "Target": "Parameter",
      "Id": "Head_Roll",
      "Segments": [
        0,
        -3,
        0,
        0.8,
        -2.52,
        0,
        1.2,
        -4,
        2,
        2,
        -4
      ]
    },
    {
      "Target": "Parameter",
      "Id": "Param6",
      "Segments": [
        0,
        20,
        0,
        0.333,
        -7.74,
        0,
        0.767,
        4,
        0,
        1.2,
        0,
        2,
        2,
        0
      ]
    },
    {
      "Target": "Parameter",
      "Id": "ParamBrowRY",
      "Segments": [
        0,
        0,
        0,
        0.367,
        -0.336,
        0,
        0.867,
        0.139,
        1,
        0.967,
        0.139,
        1.067,
        0.143,
        1.167,
        0.12,
        1,
        1.289,
        0.092,
        1.411,
        0,
        1.533,
        0,
        2,
        2,
        0
      ]
    },
    {
      "Target": "Parameter",
      "Id": "ParamBrowLY",
      "Segments": [
        0,
        0,
        0,
        0.367,
        -0.336,
        0,
        0.867,
        0.139,
        1,
        0.967,
        0.139,
        1.067,
        0.143,
        1.167,
        0.12,
        1,
        1.289,
        0.092,
        1.411,
        0,
        1.533,
        0,
        2,
        2,
        0
      ]
    },
    {
      "Target": "Parameter",
      "Id": "ParamBrowRForm",
      "Segments": [
        0,
        0,
        2,
        0.467,
        0,
        0,
        0.767,
        0.3,
        1,
        0.856,
        0.3,
        0.944,
        0.208,
        1.033,
        0,
        1,
        1.2,
        -0.391,
        1.366,
        -0.6,
        1.533,
        -0.6,
        1,
        1.689,
        -0.6,
        1.844,
        -0.578,
        2,
        -0.4
      ]
    },
    {
      "Target": "Parameter",
      "Id": "ParamBrowLForm",
      "Segments": [
        0,
        0,
        2,
        0.467,
        0,
        0,
        0.767,
        0.3,
        1,
        0.856,
        0.3,
        0.944,
        0.208,
        1.033,
        0,
        1,
        1.2,
        -0.391,
        1.366,
        -0.6,
        1.533,
        -0.6,
        1,
        1.689,
        -0.6,
        1.844,
        -0.578,
        2,
        -0.4
      ]
    },
    {
      "Target": "Parameter",
      "Id": "ParamBrowRAngle",
      "Segments": [
        0,
        0,
        1,
        0.289,
        0,
        0.578,
        -0.26,
        0.867,
        -0.4,
        1,
        1.089,
        -0.508,
        1.311,
        -0.5,
        1.533,
        -0.5,
        0,
        2,
        -0.3
      ]
    },
    {
      "Target": "Parameter",
      "Id": "ParamBrowLAngle",
      "Segments": [
        0,
        0,
        0,
        0.867,
        0.4,
        0,
        1.533,
        0.3,
        2,
        2,
        0.3
      ]
    },
    {
      "Target": "Parameter",
      "Id": "ParamEyeBallX",
      "Segments": [
        0,
        0,
        0,
        1,
        -0.054,
        0,
        2,
        0
      ]
    },
    {
      "Target": "Parameter",
      "Id": "ParamEyeBallY",
      "Segments": [
        0,
        0,
        0,
        1,
        -0.202,
        0,
        1.467,
        0.069,
        0,
        2,
        0
      ]
    },
    {
      "Target": "Parameter",
      "Id": "EyeR_Open",
      "Segments": [
        0,
        1,
        2,
        0.233,
        1,
        0,
        0.5,
        0,
        2,
        1.567,
        0,
        0,
        1.867,
        1,
        2,
        2,
        1
      ]
    },
    {
      "Target": "Parameter",
      "Id": "ParamEyeRSmile",
      "Segments": [
        0,
        0.5,
        0,
        0.4,
        1,
        0,
        1.8,
        0.5,
        2,
        2,
        0.5
      ]
    },
    {
      "Target": "Parameter",
      "Id": "EyeL_Open",
      "Segments": [
        0,
        1,
        2,
        0.233,
        1,
        0,
        0.5,
        0,
        2,
        1.567,
        0,
        0,
        1.867,
        1,
        2,
        2,
        1
      ]
    },
    {
      "Target": "Parameter",
      "Id": "ParamEyeLSmile",
      "Segments": [
        0,
        0.5,
        0,
        0.4,
        1,
        0,
        1.8,
        0.5,
        2,
        2,
        0.5
      ]
    },
    {
      "Target": "Parameter",
      "Id": "Param28",
      "Segments": [
        0,
        0,
        2,
        0.733,
        0,
        0,
        0.967,
        -4.1,
        2,
        1.567,
        -4.1,
        0,
        2,
        0
      ]
    },
    {
      "Target": "Parameter",
      "Id": "Mouth_Size",
      "Segments": [
        0,
        0.5,
        0,
        0.467,
        0.3,
        2,
        1.367,
        0.3,
        0,
        2,
        0.5
      ]
    },
    {
      "Target": "Parameter",
      "Id": "Param16",
      "Segments": [
        0,
        0,
        0,
        0.3,
        15.863,
        0,
        1.133,
        -17.649,
        1,
        1.244,
        -17.649,
        1.356,
        -14.477,
        1.467,
        -9.101,
        1,
        1.645,
        -0.5,
        1.822,
        3.366,
        2,
        3.366
      ]
    },
    {
      "Target": "Parameter",
      "Id": "Param14",
      "Segments": [
        0,
        0,
        0,
        0.467,
        -28.188,
        0,
        1.233,
        9.985,
        1,
        1.489,
        9.985,
        1.744,
        -23.203,
        2,
        -24.948
      ]
    },
    {
      "Target": "Parameter",
      "Id": "Param13",
      "Segments": [
        0,
        0,
        0,
        0.5,
        20.714,
        0,
        1.133,
        -18.794,
        0,
        2,
        17.076
      ]
    },
    {
      "Target": "Parameter",
      "Id": "Param18",
      "Segments": [
        0,
        17,
        0,
        0.267,
        -7,
        0,
        0.833,
        14.109,
        1,
        0.966,
        14.109,
        1.1,
        0.149,
        1.233,
        -0.281,
        1,
        1.489,
        -0.943,
        1.744,
        -0.856,
        2,
        -0.856
      ]
    },
    {
      "Target": "Parameter",
      "Id": "Param17",
      "Segments": [
        0,
        28,
        0,
        0.4,
        1,
        0,
        0.833,
        17.109,
        1,
        0.966,
        17.109,
        1.1,
        5.964,
        1.233,
        5.719,
        1,
        1.489,
        5.344,
        1.744,
        5.244,
        2,
        5.244
      ]
    },
    {
      "Target": "Parameter",
      "Id": "Param19",
      "Segments": [
        0,
        6,
        1,
        0.044,
        6,
        0.089,
        3.812,
        0.133,
        0,
        1,
        0.211,
        -6.671,
        0.289,
        -9.747,
        0.367,
        -9.747,
        1,
        0.422,
        -9.747,
        0.478,
        -8.4,
        0.533,
        -7.03,
        1,
        0.711,
        -2.645,
        0.889,
        -0.9,
        1.067,
        -0.9,
        2,
        2,
        -0.9
      ]
    },
    {
      "Target": "Parameter",
      "Id": "Param9",
      "Segments": [
        0,
        11,
        1,
        0.1,
        11,
        0.2,
        11.701,
        0.3,
        9.863,
        1,
        0.556,
        5.166,
        0.811,
        -10.3,
        1.067,
        -10.3,
        2,
        2,
        -10.3
      ]
    },
    {
      "Target": "Parameter",
      "Id": "Param20",
      "Segments": [
        0,
        -1.5,
        1,
        0.078,
        -1.5,
        0.155,
        -0.05,
        0.233,
        1.95,
        1,
        0.255,
        2.521,
        0.278,
        2.401,
        0.3,
        3.148,
        1,
        0.367,
        5.389,
        0.433,
        9.638,
        0.5,
        13.27,
        1,
        0.578,
        17.508,
        0.655,
        20.084,
        0.733,
        20.084,
        1,
        0.8,
        20.084,
        0.866,
        19.83,
        0.933,
        19.2,
        1,
        0.966,
        18.885,
        1,
        18.65,
        1.033,
        18.65,
        2,
        2,
        18.65
      ]
    },
    {
      "Target": "Parameter",
      "Id": "Param21",
      "Segments": [
        0,
        -7,
        1,
        0.056,
        -7,
        0.111,
        -7.047,
        0.167,
        -6.739,
        1,
        0.222,
        -6.431,
        0.278,
        -4.409,
        0.333,
        -4.409,
        1,
        0.389,
        -4.409,
        0.444,
        -9.943,
        0.5,
        -12.46,
        1,
        0.567,
        -15.481,
        0.633,
        -15.748,
        0.7,
        -15.748,
        0,
        1.033,
        -13.6,
        2,
        2,
        -13.6
      ]
    },
    {
      "Target": "Parameter",
      "Id": "Param22",
      "Segments": [
        0,
        0,
        0,
        1.033,
        -30,
        2,
        2,
        -30
      ]
    },
    {
      "Target": "Parameter",
      "Id": "Param26",
      "Segments": [
        0,
        0,
        1,
        0.078,
        0,
        0.155,
        0.121,
        0.233,
        -0.37,
        1,
        0.322,
        -0.931,
        0.411,
        -18,
        0.5,
        -18,
        1,
        0.567,
        -18,
        0.633,
        -17.264,
        0.7,
        -13,
        1,
        0.811,
        -5.893,
        0.922,
        0,
        1.033,
        0,
        1,
        1.355,
        0,
        1.678,
        0,
        2,
        -0.003
      ]
    },
    {
      "Target": "Parameter",
      "Id": "Param23",
      "Segments": [
        0,
        -3,
        1,
        0.1,
        -3,
        0.2,
        -2.32,
        0.3,
        -4,
        1,
        0.544,
        -8.107,
        0.789,
        -27,
        1.033,
        -27,
        2,
        2,
        -27
      ]
    },
    {
      "Target": "Parameter",
      "Id": "Param27",
      "Segments": [
        0,
        -8,
        0,
        0.3,
        0,
        0,
        0.533,
        -16.349,
        1,
        0.589,
        -16.349,
        0.644,
        -8.326,
        0.7,
        -7,
        1,
        0.811,
        -4.348,
        0.922,
        -4,
        1.033,
        -4,
        2,
        2,
        -4
      ]
    },
    {
      "Target": "Parameter",
      "Id": "Param34",
      "Segments": [
        0,
        0,
        0,
        0.5,
        -6.9,
        0,
        1.033,
        -3.7,
        2,
        2,
        -3.7
      ]
    },
    {
      "Target": "Parameter",
      "Id": "Param35",
      "Segments": [
        0,
        0,
        0,
        0.7,
        -4.9,
        0,
        1.033,
        0,
        2,
        2,
        0
      ]
    },
    {
      "Target": "Parameter",
      "Id": "Param25",
      "Segments": [
        0,
        5,
        1,
        0.033,
        5,
        0.067,
        5.459,
        0.1,
        3,
        1,
        0.178,
        -2.737,
        0.255,
        -12.19,
        0.333,
        -12.19,
        0,
        0.7,
        -6,
        0,
        0.933,
        -30,
        2,
        2,
        -30
      ]
    },
    {
      "Target": "Parameter",
      "Id": "Param24",
      "Segments": [
        0,
        -22,
        0,
        0.433,
        7.458,
        1,
        0.566,
        7.458,
        0.7,
        -19.242,
        0.833,
        -24.292,
        1,
        0.9,
        -26.46,
        0.966,
        -23.074,
        1.033,
        -22.505,
        1,
        1.2,
        -21.28,
        1.366,
        -21.487,
        1.533,
        -21.487,
        2,
        2,
        -21.487
      ]
    },
    {
      "Target": "Parameter",
      "Id": "Param15",
      "Segments": [
        0,
        0,
        2,
        0.467,
        0,
        0,
        0.7,
        -30,
        1,
        0.889,
        -30,
        1.078,
        13.365,
        1.267,
        14.438,
        1,
        1.511,
        15.826,
        1.756,
        16.234,
        2,
        16.916
      ]
    },
    {
      "Target": "Parameter",
      "Id": "Param10",
      "Segments": [
        0,
        0,
        2,
        0.7,
        0,
        0,
        1.267,
        -18,
        2,
        2,
        -18
      ]
    },
    {
      "Target": "Parameter",
      "Id": "Param",
      "Segments": [
        0,
        11,
        0,
        0.833,
        14,
        2,
        2,
        14
      ]
    },
    {
      "Target": "Parameter",
      "Id": "Param29",
      "Segments": [
        0,
        18,
        0,
        0.933,
        17,
        2,
        2,
        17
      ]
    },
    {
      "Target": "Parameter",
      "Id": "Param39",
      "Segments": [
        0,
        -7,
        0,
        0.833,
        1.8,
        2,
        2,
        1.8
      ]
    },
    {
      "Target": "PartOpacity",
      "Id": "Part25",
      "Segments": [
        0,
        1,
        2,
        2,
        1
      ]
    },
    {
      "Target": "PartOpacity",
      "Id": "Part26",
      "Segments": [
        0,
        1,
        2,
        2,
        1
      ]
    },
    {
      "Target": "PartOpacity",
      "Id": "Part27",
      "Segments": [
        0,
        1,
        2,
        2,
        1
      ]
    },
    {
      "Target": "PartOpacity",
      "Id": "Part28",
      "Segments": [
        0,
        1,
        2,
        2,
        1
      ]
    },
    {
      "Target": "PartOpacity",
      "Id": "Part29",
      "Segments": [
        0,
        1,
        2,
        2,
        1
      ]
    },
    {
      "Target": "PartOpacity",
      "Id": "Part2",
      "Segments": [
        0,
        0,
        2,
        0.03,
        0,
        2,
        2,
        0
      ]
    },
    {
      "Target": "PartOpacity",
      "Id": "Part30",
      "Segments": [
        0,
        1,
        2,
        2,
        1
      ]
    },
    {
      "Target": "PartOpacity",
      "Id": "Part31",
      "Segments": [
        0,
        1,
        2,
        2,
        1
      ]
    },
    {
      "Target": "PartOpacity",
      "Id": "Part4",
      "Segments": [
        0,
        0,
        2,
        2,
        0
      ]
    },
    {
      "Target": "PartOpacity",
      "Id": "Part32",
      "Segments": [
        0,
        1,
        2,
        2,
        1
      ]
    },
    {
      "Target": "PartOpacity",
      "Id": "Part33",
      "Segments": [
        0,
        0,
        2,
        1.43,
        0,
        2,
        2,
        0
      ]
    },
    {
      "Target": "PartOpacity",
      "Id": "Part34",
      "Segments": [
        0,
        0,
        2,
        0.57,
        1,
        2,
        1.43,
        1,
        2,
        2,
        1
      ]
    },
    {
      "Target": "PartOpacity",
      "Id": "Part",
      "Segments": [
        0,
        1,
        2,
        0.57,
        0,
        2,
        1.43,
        0,
        2,
        2,
        0
      ]
    },
    {
      "Target": "PartOpacity",
      "Id": "Part13",
      "Segments": [
        0,
        0,
        2,
        0.57,
        0,
        2,
        1.43,
        0,
        2,
        2,
        0
      ]
    },
    {
      "Target": "PartOpacity",
      "Id": "Part35",
      "Segments": [
        0,
        1,
        2,
        2,
        1
      ]
    },
    {
      "Target": "PartOpacity",
      "Id": "Part36",
      "Segments": [
        0,
        0,
        2,
        0.1,
        0,
        2,
        0.23,
        1,
        2,
        2,
        1
      ]
    },
    {
      "Target": "PartOpacity",
      "Id": "Part46",
      "Segments": [
        0,
        1,
        2,
        0.23,
        0,
        2,
        0.7,
        0,
        2,
        0.73,
        1,
        2,
        1.43,
        1,
        2,
        2,
        1
      ]
    },
    {
      "Target": "PartOpacity",
      "Id": "Part38",
      "Segments": [
        0,
        1,
        2,
        0.7,
        1,
        2,
        0.73,
        0,
        2,
        1.43,
        0,
        2,
        2,
        0
      ]
    },
    {
      "Target": "PartOpacity",
      "Id": "Part48",
      "Segments": [
        0,
        1,
        2,
        2,
        1
      ]
    },
    {
      "Target": "PartOpacity",
      "Id": "Part39",
      "Segments": [
        0,
        1,
        2,
        2,
        1
      ]
    },
    {
      "Target": "PartOpacity",
      "Id": "Part40",
      "Segments": [
        0,
        1,
        2,
        2,
        1
      ]
    },
    {
      "Target": "PartOpacity",
      "Id": "Part41",
      "Segments": [
        0,
        1,
        2,
        0.23,
        0,
        2,
        2,
        0
      ]
    },
    {
      "Target": "PartOpacity",
      "Id": "Part42",
      "Segments": [
        0,
        0,
        2,
        1.43,
        1,
        2,
        2,
        1
      ]
    },
    {
      "Target": "PartOpacity",
      "Id": "Part5",
      "Segments": [
        0,
        1,
        2,
        0.23,
        0,
        2,
        2,
        0
      ]
    },
    {
      "Target": "PartOpacity",
      "Id": "Part49",
      "Segments": [
        0,
        0,
        2,
        2,
        1
      ]
    },
    {
      "Target": "PartOpacity",
      "Id": "Part43",
      "Segments": [
        0,
        1,
        2,
        2,
        1
      ]
    },
    {
      "Target": "PartOpacity",
      "Id": "Part44",
      "Segments": [
        0,
        1,
        2,
        2,
        1
      ]
    },
    {
      "Target": "PartOpacity",
      "Id": "Part45",
      "Segments": [
        0,
        1,
        2,
        2,
        1
      ]
    },
    {
      "Target": "Model",
      "Id": "Opacity",
      "Segments": [
        0,
        1,
        0,
        2,
        1
      ]
    },
    {
      "Target": "Parameter",
      "Id": "Param44",
      "Segments": [
        0,
        -27,
        0,
        2,
        -27
      ]
    },
    {
      "Target": "Parameter",
      "Id": "Param8",
      "Segments": [
        0,
        0,
        0,
        2,
        0
      ]
    },
    {
      "Target": "Parameter",
      "Id": "Param40",
      "Segments": [
        0,
        0,
        0,
        2,
        0
      ]
    },
    {
      "Target": "Parameter",
      "Id": "EyesSize",
      "Segments": [
        0,
        0,
        0,
        2,
        0
      ]
    },
    {
      "Target": "Parameter",
      "Id": "Param41",
      "Segments": [
        0,
        0,
        0,
        2,
        0
      ]
    },
    {
      "Target": "Parameter",
      "Id": "ParamMouthForm",
      "Segments": [
        0,
        0,
        0,
        2,
        0
      ]
    },
    {
      "Target": "Parameter",
      "Id": "Mouth_Open",
      "Segments": [
        0,
        1,
        0,
        2,
        1
      ]
    },
    {
      "Target": "Parameter",
      "Id": "Param43",
      "Segments": [
        0,
        0,
        0,
        2,
        0
      ]
    },
    {
      "Target": "Parameter",
      "Id": "Param30",
      "Segments": [
        0,
        0,
        0,
        2,
        0
      ]
    },
    {
      "Target": "Parameter",
      "Id": "Param38",
      "Segments": [
        0,
        0,
        0,
        2,
        0
      ]
    },
    {
      "Target": "PartOpacity",
      "Id": "Part3",
      "Segments": [
        0,
        0,
        0,
        2,
        0
      ]
    }
  ],
  "UserData": [
    {
      "Time": 0.0,
      "Value": ""
    }
  ]
}