{
  "Version": 3,
  "Meta": {
    "Duration": 8.0,
    "Fps": 30.0,
    "Loop": true,
    "AreBeziersRestricted": true,
    "CurveCount": 106,
    "TotalSegmentCount": 223,
    "TotalPointCount": 347,
    "UserDataCount": 1,
    "TotalUserDataSize": 0
  },
  "Curves": [
    {
      "Target": "Parameter",
      "Id": "BrowRY",
      "Segments": [
        0,
        0,
        0,
        2.4,
        0.3,
        1,
        3.2,
        0.3,
        4,
        0.309,
        4.8,
        0.274,
        1,
        5.867,
        0.228,
        6.933,
        0,
        8,
        0
      ]
    },
    {
      "Target": "Parameter",
      "Id": "BrowLY",
      "Segments": [
        0,
        0,
        0,
        2.4,
        0.3,
        1,
        3.2,
        0.3,
        4,
        0.309,
        4.8,
        0.274,
        1,
        5.867,
        0.228,
        6.933,
        0,
        8,
        0
      ]
    },
    {
      "Target": "Parameter",
      "Id": "EyeBallX",
      "Segments": [
        0,
        0.6,
        2,
        1.333,
        0.6,
        0,
        3.1,
        0.406,
        2,
        5.867,
        0.406,
        0,
        8,
        0.6
      ]
    },
    {
      "Target": "Parameter",
      "Id": "EyeBallY",
      "Segments": [
        0,
        -0.1,
        2,
        1.333,
        -0.1,
        0,
        3.1,
        -0.076,
        2,
        5.867,
        -0.076,
        0,
        8,
        -0.1
      ]
    },
    {
      "Target": "Parameter",
      "Id": "Mouth_Form2",
      "Segments": [
        0,
        1,
        2,
        1.433,
        1,
        0,
        3.767,
        0.709,
        2,
        6.1,
        0.709,
        0,
        8,
        1
      ]
    },
    {
      "Target": "Parameter",
      "Id": "Head_AngleX",
      "Segments": [
        0,
        -30,
        2,
        1.333,
        -30,
        0,
        3.1,
        -19.258,
        1,
        3.867,
        -17.929,
        4.633,
        -18.256,
        5.4,
        -18.256,
        1,
        6.267,
        -18.355,
        7.133,
        -30,
        8,
        -30
      ]
    },
    {
      "Target": "Parameter",
      "Id": "Head_AngleY",
      "Segments": [
        0,
        -2.011,
        1,
        0.278,
        -0.293,
        0.555,
        0.64,
        0.833,
        0.64,
        1,
        1.244,
        0.64,
        1.656,
        0.572,
        2.067,
        -1.6,
        1,
        2.7,
        -5.555,
        3.334,
        -12.906,
        3.967,
        -12.906,
        1,
        4.422,
        -12.861,
        4.878,
        -2.238,
        5.333,
        0.038,
        1,
        5.678,
        1.669,
        6.022,
        2.058,
        6.367,
        -0.9,
        1,
        6.634,
        -4.249,
        6.9,
        -8.005,
        7.167,
        -8.005,
        1,
        7.445,
        -8.005,
        7.722,
        -3.354,
        8,
        -2.011
      ]
    },
    {
      "Target": "Parameter",
      "Id": "Head_Roll",
      "Segments": [
        0,
        -26.006,
        1,
        0.311,
        -30,
        0.622,
        -29.371,
        0.933,
        -29.371,
        1,
        1.544,
        -29.308,
        2.156,
        -17.051,
        2.767,
        -17.051,
        1,
        3.4,
        -17.051,
        4.034,
        -18.607,
        4.667,
        -18.512,
        1,
        5.222,
        -18.353,
        5.778,
        -13.653,
        6.333,
        -14.892,
        1,
        6.889,
        -16.003,
        7.444,
        -20.83,
        8,
        -26.006
      ]
    },
    {
      "Target": "Parameter",
      "Id": "Breath",
      "Segments": [
        0,
        0,
        0,
        2.233,
        0.5,
        0,
        4.067,
        0,
        0,
        5.967,
        0.577,
        0,
        8,
        0
      ]
    },
    {
      "Target": "Parameter",
      "Id": "Body_Shaking",
      "Segments": [
        0,
        14.96,
        0,
        4,
        4.989,
        0,
        8,
        14.96
      ]
    },
    {
      "Target": "Parameter",
      "Id": "Pa01_Move",
      "Segments": [
        0,
        9.846,
        1,
        0.289,
        -7.282,
        0.578,
        -16.479,
        0.867,
        -16.479,
        0,
        2,
        20.281,
        0,
        3.433,
        -16.479,
        0,
        4.867,
        17.878,
        0,
        6.433,
        -18.827,
        0,
        7.533,
        22.177,
        1,
        7.689,
        22.177,
        7.844,
        16.303,
        8,
        9.846
      ]
    },
    {
      "Target": "Parameter",
      "Id": "Body_Twist",
      "Segments": [
        0,
        -30,
        1,
        0.633,
        -30,
        1.267,
        -30,
        1.9,
        -29.394,
        1,
        2.522,
        -28.721,
        3.145,
        -21.727,
        3.767,
        -20.378,
        1,
        4.556,
        -19.344,
        5.344,
        -20.277,
        6.133,
        -21.466,
        1,
        6.755,
        -22.529,
        7.378,
        -30,
        8,
        -30
      ]
    },
    {
      "Target": "Parameter",
      "Id": "Body_Pose1",
      "Segments": [
        0,
        -30,
        1,
        0.633,
        -30,
        1.267,
        -30.317,
        1.9,
        -29.018,
        1,
        2.767,
        -27.242,
        3.633,
        -19.42,
        4.5,
        -19.42,
        1,
        5.011,
        -19.42,
        5.522,
        -19.121,
        6.033,
        -20.805,
        1,
        6.689,
        -22.964,
        7.344,
        -30,
        8,
        -30
      ]
    },
    {
      "Target": "Parameter",
      "Id": "Waist_Roll",
      "Segments": [
        0,
        4.526,
        1,
        0.367,
        4.947,
        0.733,
        5.131,
        1.1,
        5.131,
        0,
        2.767,
        3.795,
        0,
        4.6,
        4.591,
        0,
        6.633,
        3.171,
        0,
        8,
        4.526
      ]
    },
    {
      "Target": "Parameter",
      "Id": "ShoulderRY",
      "Segments": [
        0,
        16.333,
        1,
        0.667,
        11.897,
        1.333,
        8,
        2,
        8,
        1,
        2.967,
        8,
        3.933,
        8.048,
        4.9,
        8.989,
        1,
        5.422,
        9.497,
        5.945,
        15.154,
        6.467,
        16.323,
        1,
        6.822,
        17.119,
        7.178,
        17,
        7.533,
        17,
        1,
        7.689,
        17,
        7.844,
        16.9,
        8,
        16.333
      ]
    },
    {
      "Target": "Parameter",
      "Id": "ShoulderLY",
      "Segments": [
        0,
        13,
        2,
        1.8,
        13,
        0,
        3.267,
        25.195,
        1,
        3.845,
        25.195,
        4.422,
        25.028,
        5,
        23.269,
        1,
        5.667,
        21.239,
        6.333,
        16.693,
        7,
        14.292,
        1,
        7.333,
        13.091,
        7.667,
        13,
        8,
        13
      ]
    },
    {
      "Target": "Parameter",
      "Id": "ShoulderR_Roll",
      "Segments": [
        0,
        -15.634,
        1,
        0.867,
        -14.361,
        1.733,
        -14.595,
        2.6,
        -13.545,
        1,
        3.178,
        -12.92,
        3.755,
        -10.831,
        4.333,
        -10.625,
        1,
        4.866,
        -10.521,
        5.4,
        -10.969,
        5.933,
        -11.424,
        1,
        6.622,
        -12.622,
        7.311,
        -15.634,
        8,
        -15.634
      ]
    },
    {
      "Target": "Parameter",
      "Id": "ArmR_Roll",
      "Segments": [
        0,
        37.84,
        1,
        0.3,
        37.762,
        0.6,
        37.75,
        0.9,
        37.75,
        0,
        2.867,
        38.535,
        0,
        5.267,
        38.108,
        0,
        7.133,
        38.255,
        0,
        8,
        37.84
      ]
    },
    {
      "Target": "Parameter",
      "Id": "ShoulderL_Roll",
      "Segments": [
        0,
        2.205,
        1,
        0.378,
        2.205,
        0.755,
        2.258,
        1.133,
        2.445,
        1,
        1.644,
        2.803,
        2.156,
        3.485,
        2.667,
        3.485,
        0,
        4.6,
        2.555,
        0,
        6.3,
        3.573,
        0,
        8,
        2.205
      ]
    },
    {
      "Target": "Parameter",
      "Id": "ArmL_Roll",
      "Segments": [
        0,
        3.139,
        1,
        0.422,
        3.626,
        0.845,
        3.564,
        1.267,
        3.459,
        1,
        1.811,
        3.2,
        2.356,
        1.998,
        2.9,
        1.998,
        0,
        4.5,
        2.768,
        0,
        6.367,
        1.625,
        1,
        6.911,
        1.625,
        7.456,
        2.934,
        8,
        3.139
      ]
    },
    {
      "Target": "Parameter",
      "Id": "HandR_Roll",
      "Segments": [
        0,
        1,
        1,
        0.178,
        -0.666,
        0.355,
        -1.394,
        0.533,
        -1.878,
        1,
        1,
        -2.757,
        1.466,
        -2.848,
        1.933,
        -2.757,
        1,
        2.533,
        -2.666,
        3.133,
        -2.484,
        3.733,
        -1.878,
        1,
        4.311,
        -1.333,
        4.889,
        0.273,
        5.467,
        1.727,
        1,
        6.045,
        3.127,
        6.622,
        4.241,
        7.2,
        4.241,
        1,
        7.467,
        4.241,
        7.733,
        3.181,
        8,
        1
      ]
    },
    {
      "Target": "Parameter",
      "Id": "HandL_Roll",
      "Segments": [
        0,
        -0.081,
        1,
        0.567,
        0.107,
        1.133,
        0.429,
        1.7,
        2,
        1,
        2.167,
        3.429,
        2.633,
        7.359,
        3.1,
        7.359,
        0,
        4.933,
        3.001,
        0,
        6.133,
        4.144,
        0,
        7.367,
        -0.186,
        1,
        7.578,
        -0.186,
        7.789,
        -0.143,
        8,
        -0.081
      ]
    },
    {
      "Target": "Parameter",
      "Id": "HairFront_Shaking",
      "Segments": [
        0,
        -0.034,
        1,
        0.256,
        -0.225,
        0.511,
        -0.293,
        0.767,
        -0.293,
        0,
        1.833,
        0.319,
        0,
        3,
        -0.238,
        0,
        4.2,
        0.28,
        0,
        5.7,
        -0.238,
        0,
        7.3,
        0.28,
        1,
        7.533,
        0.28,
        7.767,
        0.095,
        8,
        -0.034
      ]
    },
    {
      "Target": "Parameter",
      "Id": "HairSideR_Shaking",
      "Segments": [
        0,
        -0.274,
        0,
        1.367,
        0.222,
        0,
        2.767,
        -0.19,
        0,
        4,
        0.463,
        0,
        5.467,
        -0.27,
        0,
        6.733,
        0.413,
        0,
        8,
        -0.274
      ]
    },
    {
      "Target": "Parameter",
      "Id": "HairSideL_Shaking",
      "Segments": [
        0,
        -0.243,
        0,
        1.367,
        0.265,
        0,
        2.8,
        -0.16,
        0,
        4.033,
        0.439,
        0,
        5.467,
        -0.238,
        0,
        6.733,
        0.36,
        0,
        8,
        -0.242
      ]
    },
    {
      "Target": "Parameter",
      "Id": "tmtR_move",
      "Segments": [
        0,
        6.054,
        1,
        0.122,
        13.986,
        0.245,
        15,
        0.367,
        15,
        0,
        1.233,
        -16.037,
        0,
        2.433,
        15,
        0,
        3.333,
        -16.037,
        0,
        4.367,
        15,
        0,
        5.333,
        -16.037,
        0,
        6.4,
        15,
        0,
        7.433,
        -16.037,
        1,
        7.622,
        -16.037,
        7.811,
        -4.466,
        8,
        6.054
      ]
    },
    {
      "Target": "Parameter",
      "Id": "tmtL_move",
      "Segments": [
        0,
        6.054,
        1,
        0.122,
        13.986,
        0.245,
        15,
        0.367,
        15,
        0,
        1.233,
        -16.037,
        0,
        2.433,
        15,
        0,
        3.333,
        -16.037,
        0,
        4.367,
        15,
        0,
        5.333,
        -16.037,
        0,
        6.4,
        15,
        0,
        7.433,
        -16.037,
        1,
        7.622,
        -16.037,
        7.811,
        -3.573,
        8,
        6.054
      ]
    },
    {
      "Target": "Parameter",
      "Id": "ArmR_OP",
      "Segments": [
        0,
        -30,
        0,
        1.167,
        -25,
        0,
        2.667,
        -30,
        0,
        4.167,
        -26,
        0,
        5.633,
        -30,
        0,
        6.833,
        -26,
        0,
        8,
        -30
      ]
    },
    {
      "Target": "PartOpacity",
      "Id": "Part",
      "Segments": [
        0,
        1,
        2,
        8,
        1
      ]
    },
    {
      "Target": "PartOpacity",
      "Id": "Part12",
      "Segments": [
        0,
        1,
        2,
        8,
        1
      ]
    },
    {
      "Target": "PartOpacity",
      "Id": "Part13",
      "Segments": [
        0,
        1,
        2,
        8,
        1
      ]
    },
    {
      "Target": "PartOpacity",
      "Id": "Part14",
      "Segments": [
        0,
        1,
        2,
        8,
        1
      ]
    },
    {
      "Target": "PartOpacity",
      "Id": "Part15",
      "Segments": [
        0,
        1,
        2,
        8,
        1
      ]
    },
    {
      "Target": "PartOpacity",
      "Id": "Part16",
      "Segments": [
        0,
        1,
        2,
        8,
        1
      ]
    },
    {
      "Target": "PartOpacity",
      "Id": "Part18",
      "Segments": [
        0,
        1,
        2,
        8,
        1
      ]
    },
    {
      "Target": "PartOpacity",
      "Id": "Part19",
      "Segments": [
        0,
        1,
        2,
        8,
        1
      ]
    },
    {
      "Target": "PartOpacity",
      "Id": "Part17",
      "Segments": [
        0,
        1,
        2,
        8,
        1
      ]
    },
    {
      "Target": "PartOpacity",
      "Id": "Part24",
      "Segments": [
        0,
        0,
        2,
        8,
        0
      ]
    },
    {
      "Target": "PartOpacity",
      "Id": "Part20",
      "Segments": [
        0,
        1,
        2,
        8,
        1
      ]
    },
    {
      "Target": "PartOpacity",
      "Id": "Part33",
      "Segments": [
        0,
        1,
        2,
        8,
        1
      ]
    },
    {
      "Target": "PartOpacity",
      "Id": "Part26",
      "Segments": [
        0,
        0,
        2,
        8,
        0
      ]
    },
    {
      "Target": "PartOpacity",
      "Id": "Part27",
      "Segments": [
        0,
        0,
        2,
        8,
        0
      ]
    },
    {
      "Target": "PartOpacity",
      "Id": "Part52",
      "Segments": [
        0,
        1,
        2,
        8,
        1
      ]
    },
    {
      "Target": "PartOpacity",
      "Id": "Part37",
      "Segments": [
        0,
        1,
        2,
        8,
        1
      ]
    },
    {
      "Target": "PartOpacity",
      "Id": "Part2",
      "Segments": [
        0,
        1,
        2,
        8,
        1
      ]
    },
    {
      "Target": "PartOpacity",
      "Id": "Part22",
      "Segments": [
        0,
        1,
        2,
        8,
        1
      ]
    },
    {
      "Target": "PartOpacity",
      "Id": "Part3",
      "Segments": [
        0,
        1,
        2,
        8,
        1
      ]
    },
    {
      "Target": "PartOpacity",
      "Id": "Part5",
      "Segments": [
        0,
        1,
        2,
        8,
        1
      ]
    },
    {
      "Target": "PartOpacity",
      "Id": "Part7",
      "Segments": [
        0,
        0,
        2,
        8,
        0
      ]
    },
    {
      "Target": "PartOpacity",
      "Id": "HandL2",
      "Segments": [
        0,
        0,
        2,
        8,
        0
      ]
    },
    {
      "Target": "PartOpacity",
      "Id": "Part21",
      "Segments": [
        0,
        0,
        2,
        8,
        0
      ]
    },
    {
      "Target": "PartOpacity",
      "Id": "Part23",
      "Segments": [
        0,
        1,
        2,
        8,
        1
      ]
    },
    {
      "Target": "PartOpacity",
      "Id": "Part39",
      "Segments": [
        0,
        1,
        2,
        8,
        1
      ]
    },
    {
      "Target": "PartOpacity",
      "Id": "Part6",
      "Segments": [
        0,
        1,
        2,
        8,
        1
      ]
    },
    {
      "Target": "PartOpacity",
      "Id": "HandL1",
      "Segments": [
        0,
        1,
        2,
        8,
        1
      ]
    },
    {
      "Target": "PartOpacity",
      "Id": "HandL3",
      "Segments": [
        0,
        0,
        2,
        8,
        0
      ]
    },
    {
      "Target": "PartOpacity",
      "Id": "Part28",
      "Segments": [
        0,
        0,
        2,
        8,
        0
      ]
    },
    {
      "Target": "PartOpacity",
      "Id": "Part4",
      "Segments": [
        0,
        0,
        2,
        8,
        0
      ]
    },
    {
      "Target": "PartOpacity",
      "Id": "Part40",
      "Segments": [
        0,
        1,
        2,
        8,
        1
      ]
    },
    {
      "Target": "PartOpacity",
      "Id": "Part25",
      "Segments": [
        0,
        1,
        2,
        8,
        1
      ]
    },
    {
      "Target": "PartOpacity",
      "Id": "Part42",
      "Segments": [
        0,
        1,
        2,
        8,
        1
      ]
    },
    {
      "Target": "PartOpacity",
      "Id": "Part8",
      "Segments": [
        0,
        1,
        2,
        8,
        1
      ]
    },
    {
      "Target": "PartOpacity",
      "Id": "Part9",
      "Segments": [
        0,
        1,
        2,
        8,
        1
      ]
    },
    {
      "Target": "PartOpacity",
      "Id": "Part10",
      "Segments": [
        0,
        0,
        2,
        8,
        0
      ]
    },
    {
      "Target": "PartOpacity",
      "Id": "Part29",
      "Segments": [
        0,
        1,
        2,
        8,
        1
      ]
    },
    {
      "Target": "PartOpacity",
      "Id": "Part53",
      "Segments": [
        0,
        0,
        2,
        8,
        0
      ]
    },
    {
      "Target": "PartOpacity",
      "Id": "Part38",
      "Segments": [
        0,
        1,
        2,
        8,
        1
      ]
    },
    {
      "Target": "PartOpacity",
      "Id": "Part34",
      "Segments": [
        0,
        1,
        2,
        8,
        1
      ]
    },
    {
      "Target": "PartOpacity",
      "Id": "Part41",
      "Segments": [
        0,
        1,
        2,
        8,
        1
      ]
    },
    {
      "Target": "PartOpacity",
      "Id": "Part11",
      "Segments": [
        0,
        1,
        2,
        8,
        1
      ]
    },
    {
      "Target": "PartOpacity",
      "Id": "Part30",
      "Segments": [
        0,
        1,
        2,
        8,
        1
      ]
    },
    {
      "Target": "Model",
      "Id": "Opacity",
      "Segments": [
        0,
        1,
        0,
        8,
        1
      ]
    },
    {
      "Target": "Parameter",
      "Id": "BrowR_Form",
      "Segments": [
        0,
        0,
        0,
        8,
        0
      ]
    },
    {
      "Target": "Parameter",
      "Id": "BrowL_Form",
      "Segments": [
        0,
        0,
        0,
        8,
        0
      ]
    },
    {
      "Target": "Parameter",
      "Id": "BrowR_Angle",
      "Segments": [
        0,
        -0.2,
        0,
        8,
        -0.2
      ]
    },
    {
      "Target": "Parameter",
      "Id": "BrowL_Angle",
      "Segments": [
        0,
        -0.3,
        0,
        8,
        -0.3
      ]
    },
    {
      "Target": "Parameter",
      "Id": "BrowR_Form2",
      "Segments": [
        0,
        0,
        0,
        8,
        0
      ]
    },
    {
      "Target": "Parameter",
      "Id": "BrowL_Form2",
      "Segments": [
        0,
        0,
        0,
        8,
        0
      ]
    },
    {
      "Target": "Parameter",
      "Id": "EyeBall_Size",
      "Segments": [
        0,
        0,
        0,
        8,
        0
      ]
    },
    {
      "Target": "Parameter",
      "Id": "EyeR_Open",
      "Segments": [
        0,
        0.9,
        0,
        8,
        0.9
      ]
    },
    {
      "Target": "Parameter",
      "Id": "EyeL_Open",
      "Segments": [
        0,
        0.9,
        0,
        8,
        0.9
      ]
    },
    {
      "Target": "Parameter",
      "Id": "EyeR_Smile",
      "Segments": [
        0,
        -1,
        0,
        8,
        -1
      ]
    },
    {
      "Target": "Parameter",
      "Id": "EyeL_Smile",
      "Segments": [
        0,
        -1,
        0,
        8,
        -1
      ]
    },
    {
      "Target": "Parameter",
      "Id": "MouthForm2",
      "Segments": [
        0,
        0,
        0,
        8,
        0
      ]
    },
    {
      "Target": "Parameter",
      "Id": "Mouth_Form",
      "Segments": [
        0,
        -26.502,
        0,
        8,
        -26.502
      ]
    },
    {
      "Target": "Parameter",
      "Id": "Mouth_Open",
      "Segments": [
        0,
        1,
        0,
        8,
        1
      ]
    },
    {
      "Target": "Parameter",
      "Id": "Mouth_Size",
      "Segments": [
        0,
        0.5,
        0,
        8,
        0.5
      ]
    },
    {
      "Target": "Parameter",
      "Id": "HeadY",
      "Segments": [
        0,
        30,
        0,
        8,
        30
      ]
    },
    {
      "Target": "Parameter",
      "Id": "BodyY",
      "Segments": [
        0,
        0,
        0,
        8,
        0
      ]
    },
    {
      "Target": "Parameter",
      "Id": "Shoulder_Move",
      "Segments": [
        0,
        0,
        0,
        8,
        0
      ]
    },
    {
      "Target": "Parameter",
      "Id": "All_Position",
      "Segments": [
        0,
        0,
        0,
        8,
        0
      ]
    },
    {
      "Target": "Parameter",
      "Id": "lineR_ON",
      "Segments": [
        0,
        0,
        0,
        8,
        0
      ]
    },
    {
      "Target": "Parameter",
      "Id": "Param",
      "Segments": [
        0,
        0,
        0,
        8,
        0
      ]
    },
    {
      "Target": "Parameter",
      "Id": "LineL_OFF",
      "Segments": [
        0,
        0,
        0,
        8,
        0
      ]
    },
    {
      "Target": "Parameter",
      "Id": "LineR_OFF",
      "Segments": [
        0,
        -30,
        0,
        8,
        -30
      ]
    },
    {
      "Target": "Parameter",
      "Id": "lineL_ON",
      "Segments": [
        0,
        0,
        0,
        8,
        0
      ]
    },
    {
      "Target": "Parameter",
      "Id": "ShoulderL_Scale",
      "Segments": [
        0,
        -0.4,
        0,
        8,
        -0.4
      ]
    },
    {
      "Target": "Parameter",
      "Id": "ArmL_Scale",
      "Segments": [
        0,
        0,
        0,
        8,
        0
      ]
    },
    {
      "Target": "Parameter",
      "Id": "ArmL02_Scale",
      "Segments": [
        0,
        -0.2,
        0,
        8,
        -0.2
      ]
    },
    {
      "Target": "Parameter",
      "Id": "ShoulderR_Scale",
      "Segments": [
        0,
        -0.783,
        0,
        8,
        -0.783
      ]
    },
    {
      "Target": "Parameter",
      "Id": "ArmR_Scale",
      "Segments": [
        0,
        0,
        0,
        8,
        0
      ]
    },
    {
      "Target": "Parameter",
      "Id": "ArmR02_Scale",
      "Segments": [
        0,
        0,
        0,
        8,
        0
      ]
    },
    {
      "Target": "Parameter",
      "Id": "HandR03_Move",
      "Segments": [
        0,
        0,
        0,
        8,
        0
      ]
    },
    {
      "Target": "Parameter",
      "Id": "HandR03_move",
      "Segments": [
        0,
        0,
        0,
        8,
        0
      ]
    },
    {
      "Target": "Parameter",
      "Id": "HandL_02_Move",
      "Segments": [
        0,
        0,
        0,
        8,
        0
      ]
    },
    {
      "Target": "Parameter",
      "Id": "HandL012_Move",
      "Segments": [
        0,
        0,
        0,
        8,
        0
      ]
    }
  ],
  "UserData": [
    {
      "Time": 0.0,
      "Value": ""
    }
  ]
}