{
  "Version": 3,
  "Meta": {
    "Duration": 8.0,
    "Fps": 30.0,
    "Loop": true,
    "AreBeziersRestricted": true,
    "CurveCount": 106,
    "TotalSegmentCount": 246,
    "TotalPointCount": 354,
    "UserDataCount": 1,
    "TotalUserDataSize": 0
  },
  "Curves": [
    {
      "Target": "Parameter",
      "Id": "BrowRY",
      "Segments": [
        0,
        -0.4,
        2,
        1.033,
        -0.4,
        0,
        2.367,
        -0.1,
        0,
        3.267,
        -0.4,
        2,
        8,
        -0.4
      ]
    },
    {
      "Target": "Parameter",
      "Id": "BrowLY",
      "Segments": [
        0,
        -0.4,
        2,
        1.033,
        -0.4,
        0,
        2.367,
        -0.1,
        0,
        3.267,
        -0.4,
        2,
        8,
        -0.4
      ]
    },
    {
      "Target": "Parameter",
      "Id": "BrowR_Form",
      "Segments": [
        0,
        -0.4,
        2,
        1.033,
        -0.4,
        0,
        2.367,
        0,
        0,
        3.267,
        -0.4,
        2,
        8,
        -0.4
      ]
    },
    {
      "Target": "Parameter",
      "Id": "BrowL_Form",
      "Segments": [
        0,
        -0.6,
        2,
        1.033,
        -0.6,
        0,
        2.367,
        0,
        0,
        3.267,
        -0.6,
        2,
        8,
        -0.6
      ]
    },
    {
      "Target": "Parameter",
      "Id": "EyeBallX",
      "Segments": [
        0,
        0,
        2,
        1.033,
        0,
        1,
        1.366,
        0,
        1.7,
        0.003,
        2.033,
        0.072,
        1,
        2.366,
        0.141,
        2.7,
        0.256,
        3.033,
        0.256,
        2,
        4.733,
        0.256,
        1,
        5,
        0.256,
        5.266,
        0.059,
        5.533,
        0.046,
        1,
        6.355,
        0.006,
        7.178,
        0,
        8,
        0
      ]
    },
    {
      "Target": "Parameter",
      "Id": "EyeBallY",
      "Segments": [
        0,
        -0.1,
        2,
        1.033,
        -0.1,
        0,
        2.033,
        -0.276,
        0,
        3.033,
        -0.222,
        2,
        4.733,
        -0.222,
        0,
        5.533,
        -0.336,
        0,
        8,
        -0.1
      ]
    },
    {
      "Target": "Parameter",
      "Id": "Head_AngleX",
      "Segments": [
        0,
        0,
        2,
        1.333,
        0,
        1,
        1.811,
        0,
        2.289,
        -5.255,
        2.767,
        -6.091,
        1,
        3.345,
        -7.101,
        3.922,
        -7.007,
        4.5,
        -7.007,
        1,
        5.1,
        -7.007,
        5.7,
        -0.33,
        6.3,
        -0.136,
        1,
        6.867,
        0.047,
        7.433,
        0,
        8,
        0
      ]
    },
    {
      "Target": "Parameter",
      "Id": "Head_AngleY",
      "Segments": [
        0,
        -20.763,
        1,
        0.1,
        -20.934,
        0.2,
        -20.88,
        0.3,
        -20.88,
        2,
        0.833,
        -20.88,
        0,
        1.733,
        -9.78,
        1,
        2.066,
        -9.78,
        2.4,
        -16.528,
        2.733,
        -17.4,
        1,
        3.189,
        -18.592,
        3.644,
        -18.518,
        4.1,
        -18.518,
        0,
        5.533,
        -14.727,
        0,
        8,
        -20.763
      ]
    },
    {
      "Target": "Parameter",
      "Id": "Head_Roll",
      "Segments": [
        0,
        -8.56,
        2,
        0.833,
        -8.56,
        0,
        1.733,
        -2.02,
        0,
        2.633,
        -2.888,
        0,
        4.4,
        -0.419,
        0,
        5.233,
        -2.661,
        0,
        6,
        -0.901,
        0,
        8,
        -8.56
      ]
    },
    {
      "Target": "Parameter",
      "Id": "HeadY",
      "Segments": [
        0,
        -16.162,
        2,
        1.133,
        -16.162,
        1,
        1.4,
        -16.162,
        1.666,
        -8.435,
        1.933,
        -8.359,
        1,
        2.933,
        -8.075,
        3.933,
        -7.984,
        4.933,
        -7.683,
        1,
        5.278,
        -7.58,
        5.622,
        -1.203,
        5.967,
        -1.203,
        0,
        8,
        -16.162
      ]
    },
    {
      "Target": "Parameter",
      "Id": "Breath",
      "Segments": [
        0,
        0,
        0,
        1.767,
        0.5,
        0,
        3.833,
        0,
        0,
        6,
        0.5,
        0,
        8,
        0
      ]
    },
    {
      "Target": "Parameter",
      "Id": "Body_Shaking",
      "Segments": [
        0,
        -1.657,
        0,
        1.8,
        1.803,
        0,
        3.7,
        -1.056,
        0,
        5.667,
        1.575,
        0,
        8,
        -1.657
      ]
    },
    {
      "Target": "Parameter",
      "Id": "Pa01_Move",
      "Segments": [
        0,
        -18,
        0,
        1,
        16.882,
        0,
        2.533,
        -15,
        0,
        3.667,
        19.048,
        0,
        5.333,
        -12,
        0,
        6.433,
        15.553,
        0,
        8,
        -18
      ]
    },
    {
      "Target": "Parameter",
      "Id": "Body_Twist",
      "Segments": [
        0,
        0,
        1,
        0.444,
        0,
        0.889,
        0.19,
        1.333,
        -1.444,
        1,
        1.833,
        -3.281,
        2.333,
        -14.786,
        2.833,
        -16.187,
        1,
        3.522,
        -18.117,
        4.211,
        -18.099,
        4.9,
        -18.099,
        1,
        5.456,
        -18.099,
        6.011,
        -1.624,
        6.567,
        -0.627,
        1,
        7.045,
        0.23,
        7.522,
        0,
        8,
        0
      ]
    },
    {
      "Target": "Parameter",
      "Id": "Body_Pose1",
      "Segments": [
        0,
        2,
        1,
        0.367,
        2,
        0.733,
        1.828,
        1.1,
        7.201,
        1,
        1.656,
        15.342,
        2.211,
        27.02,
        2.767,
        27.02,
        0,
        4.667,
        14,
        0,
        6.3,
        20,
        0,
        8,
        2
      ]
    },
    {
      "Target": "Parameter",
      "Id": "Waist_Roll",
      "Segments": [
        0,
        0,
        0,
        1.333,
        -2.151,
        1,
        1.833,
        -2.151,
        2.333,
        5.84,
        2.833,
        6.544,
        1,
        3.544,
        7.546,
        4.256,
        7.475,
        4.967,
        7.475,
        1,
        5.5,
        7.475,
        6.034,
        0.81,
        6.567,
        0.326,
        1,
        7.045,
        -0.109,
        7.522,
        0,
        8,
        0
      ]
    },
    {
      "Target": "Parameter",
      "Id": "ShoulderRY",
      "Segments": [
        0,
        21.279,
        2,
        1.233,
        21.279,
        0,
        3.5,
        -18.269,
        1,
        4.156,
        -21.636,
        4.811,
        -22.556,
        5.467,
        -22.356,
        1,
        5.856,
        -21.975,
        6.244,
        18.465,
        6.633,
        20.047,
        1,
        7.089,
        21.509,
        7.544,
        21.279,
        8,
        21.279
      ]
    },
    {
      "Target": "Parameter",
      "Id": "ShoulderLY",
      "Segments": [
        0,
        21.279,
        2,
        1.233,
        21.279,
        0,
        3.5,
        -18.269,
        1,
        4.156,
        -21.595,
        4.811,
        -22.88,
        5.467,
        -22.356,
        1,
        5.856,
        -21.829,
        6.244,
        19.088,
        6.633,
        20.047,
        1,
        7.089,
        21.509,
        7.544,
        21.279,
        8,
        21.279
      ]
    },
    {
      "Target": "Parameter",
      "Id": "ShoulderR_Roll",
      "Segments": [
        0,
        2.832,
        1,
        0.233,
        3.3,
        0.467,
        3.417,
        0.7,
        3.417,
        0,
        1.967,
        0.567,
        0,
        3.233,
        2.699,
        0,
        5.3,
        2.395,
        0,
        6.333,
        3.417,
        0,
        7.433,
        2.14,
        1,
        7.622,
        2.14,
        7.811,
        2.289,
        8,
        2.832
      ]
    },
    {
      "Target": "Parameter",
      "Id": "ArmR_Roll",
      "Segments": [
        0,
        -3.359,
        0,
        1.333,
        -4.051,
        0,
        2.8,
        -3.289,
        0,
        4.433,
        -4.051,
        0,
        5.767,
        -3.499,
        0,
        6.9,
        -3.887,
        0,
        8,
        -3.359
      ]
    },
    {
      "Target": "Parameter",
      "Id": "ShoulderL_Roll",
      "Segments": [
        0,
        -2.48,
        1,
        0.367,
        -3.053,
        0.733,
        -3.114,
        1.1,
        -3.114,
        1,
        1.4,
        -3.114,
        1.7,
        -0.255,
        2,
        0.874,
        1,
        2.289,
        1.961,
        2.578,
        1.898,
        2.867,
        1.898,
        0,
        5.667,
        1.223,
        1,
        6.234,
        0.905,
        6.8,
        0.101,
        7.367,
        -0.912,
        1,
        7.578,
        -1.318,
        7.789,
        -2.053,
        8,
        -2.48
      ]
    },
    {
      "Target": "Parameter",
      "Id": "ArmL_Roll",
      "Segments": [
        0,
        4.121,
        1,
        0.544,
        4.567,
        1.089,
        4.64,
        1.633,
        4.64,
        0,
        3.467,
        3.378,
        0,
        5.2,
        4.88,
        0,
        6.567,
        4.55,
        1,
        7.045,
        4.392,
        7.522,
        3.976,
        8,
        4.121
      ]
    },
    {
      "Target": "Parameter",
      "Id": "HandR_Roll",
      "Segments": [
        0,
        0.956,
        1,
        0.311,
        2.28,
        0.622,
        3.18,
        0.933,
        3.18,
        0,
        2.1,
        1.08,
        0,
        3.5,
        3.06,
        0,
        4.733,
        0.772,
        0,
        6.1,
        2.212,
        0,
        7.5,
        0,
        1,
        7.667,
        0,
        7.833,
        0.322,
        8,
        0.956
      ]
    },
    {
      "Target": "Parameter",
      "Id": "HandL_Roll",
      "Segments": [
        0,
        -5.682,
        1,
        0.344,
        -6.159,
        0.689,
        -6.3,
        1.033,
        -6.3,
        0,
        2.233,
        -5.81,
        0,
        3.633,
        -9.72,
        0,
        5,
        -5.656,
        0,
        6.167,
        -8.201,
        0,
        7.4,
        -4.62,
        1,
        7.6,
        -4.62,
        7.8,
        -5.292,
        8,
        -5.682
      ]
    },
    {
      "Target": "Parameter",
      "Id": "HairFront_Shaking",
      "Segments": [
        0,
        -0.034,
        1,
        0.211,
        -0.192,
        0.422,
        -0.293,
        0.633,
        -0.293,
        0,
        1.733,
        0.319,
        0,
        2.967,
        -0.238,
        0,
        4.133,
        0.28,
        0,
        5.667,
        -0.238,
        0,
        7.3,
        0.28,
        1,
        7.533,
        0.28,
        7.767,
        0.092,
        8,
        -0.034
      ]
    },
    {
      "Target": "Parameter",
      "Id": "HairSideR_Shaking",
      "Segments": [
        0,
        -0.051,
        1,
        0.211,
        -0.25,
        0.422,
        -0.31,
        0.633,
        -0.31,
        0,
        1.933,
        0.395,
        0,
        3,
        -0.168,
        0,
        4,
        0.277,
        0,
        5.867,
        -0.545,
        0,
        7.4,
        0.236,
        1,
        7.6,
        0.236,
        7.8,
        0.23,
        8,
        -0.051
      ]
    },
    {
      "Target": "Parameter",
      "Id": "HairSideL_Shaking",
      "Segments": [
        0,
        -0.062,
        1,
        0.211,
        -0.234,
        0.422,
        -0.31,
        0.633,
        -0.31,
        0,
        1.933,
        0.454,
        0,
        3.033,
        -0.145,
        0,
        4,
        0.263,
        0,
        6,
        -0.513,
        0,
        7.433,
        0.185,
        1,
        7.622,
        0.185,
        7.811,
        0.142,
        8,
        -0.062
      ]
    },
    {
      "Target": "Parameter",
      "Id": "tmtR_move",
      "Segments": [
        0,
        6.054,
        1,
        0.122,
        13.986,
        0.245,
        15,
        0.367,
        15,
        0,
        1.233,
        -16.037,
        0,
        2.433,
        15,
        0,
        3.333,
        -16.037,
        0,
        4.367,
        15,
        0,
        5.333,
        -16.037,
        0,
        6.4,
        15,
        0,
        7.433,
        -16.037,
        1,
        7.622,
        -16.037,
        7.811,
        -4.466,
        8,
        6.054
      ]
    },
    {
      "Target": "Parameter",
      "Id": "tmtL_move",
      "Segments": [
        0,
        6.054,
        1,
        0.122,
        13.986,
        0.245,
        15,
        0.367,
        15,
        0,
        1.233,
        -16.037,
        0,
        2.433,
        15,
        0,
        3.333,
        -16.037,
        0,
        4.367,
        15,
        0,
        5.333,
        -16.037,
        0,
        6.4,
        15,
        0,
        7.433,
        -16.037,
        1,
        7.622,
        -16.037,
        7.811,
        -3.573,
        8,
        6.054
      ]
    },
    {
      "Target": "PartOpacity",
      "Id": "Part",
      "Segments": [
        0,
        1,
        2,
        8,
        1
      ]
    },
    {
      "Target": "PartOpacity",
      "Id": "Part12",
      "Segments": [
        0,
        1,
        2,
        8,
        1
      ]
    },
    {
      "Target": "PartOpacity",
      "Id": "Part13",
      "Segments": [
        0,
        1,
        2,
        8,
        1
      ]
    },
    {
      "Target": "PartOpacity",
      "Id": "Part14",
      "Segments": [
        0,
        1,
        2,
        8,
        1
      ]
    },
    {
      "Target": "PartOpacity",
      "Id": "Part15",
      "Segments": [
        0,
        1,
        2,
        8,
        1
      ]
    },
    {
      "Target": "PartOpacity",
      "Id": "Part16",
      "Segments": [
        0,
        1,
        2,
        8,
        1
      ]
    },
    {
      "Target": "PartOpacity",
      "Id": "Part18",
      "Segments": [
        0,
        1,
        2,
        8,
        1
      ]
    },
    {
      "Target": "PartOpacity",
      "Id": "Part19",
      "Segments": [
        0,
        1,
        2,
        8,
        1
      ]
    },
    {
      "Target": "PartOpacity",
      "Id": "Part17",
      "Segments": [
        0,
        1,
        2,
        8,
        1
      ]
    },
    {
      "Target": "PartOpacity",
      "Id": "Part24",
      "Segments": [
        0,
        0,
        2,
        8,
        0
      ]
    },
    {
      "Target": "PartOpacity",
      "Id": "Part20",
      "Segments": [
        0,
        1,
        2,
        8,
        1
      ]
    },
    {
      "Target": "PartOpacity",
      "Id": "Part33",
      "Segments": [
        0,
        0,
        2,
        8,
        0
      ]
    },
    {
      "Target": "PartOpacity",
      "Id": "Part26",
      "Segments": [
        0,
        0,
        2,
        8,
        0
      ]
    },
    {
      "Target": "PartOpacity",
      "Id": "Part27",
      "Segments": [
        0,
        0,
        2,
        8,
        0
      ]
    },
    {
      "Target": "PartOpacity",
      "Id": "Part52",
      "Segments": [
        0,
        0,
        2,
        8,
        0
      ]
    },
    {
      "Target": "PartOpacity",
      "Id": "Part37",
      "Segments": [
        0,
        1,
        2,
        8,
        1
      ]
    },
    {
      "Target": "PartOpacity",
      "Id": "Part2",
      "Segments": [
        0,
        1,
        2,
        8,
        1
      ]
    },
    {
      "Target": "PartOpacity",
      "Id": "Part22",
      "Segments": [
        0,
        1,
        2,
        8,
        1
      ]
    },
    {
      "Target": "PartOpacity",
      "Id": "Part3",
      "Segments": [
        0,
        1,
        2,
        8,
        1
      ]
    },
    {
      "Target": "PartOpacity",
      "Id": "Part5",
      "Segments": [
        0,
        1,
        2,
        8,
        1
      ]
    },
    {
      "Target": "PartOpacity",
      "Id": "Part7",
      "Segments": [
        0,
        0,
        2,
        8,
        0
      ]
    },
    {
      "Target": "PartOpacity",
      "Id": "HandL2",
      "Segments": [
        0,
        0,
        2,
        8,
        0
      ]
    },
    {
      "Target": "PartOpacity",
      "Id": "Part21",
      "Segments": [
        0,
        0,
        2,
        8,
        0
      ]
    },
    {
      "Target": "PartOpacity",
      "Id": "Part23",
      "Segments": [
        0,
        1,
        2,
        8,
        1
      ]
    },
    {
      "Target": "PartOpacity",
      "Id": "Part39",
      "Segments": [
        0,
        1,
        2,
        8,
        1
      ]
    },
    {
      "Target": "PartOpacity",
      "Id": "Part6",
      "Segments": [
        0,
        1,
        2,
        8,
        1
      ]
    },
    {
      "Target": "PartOpacity",
      "Id": "HandL1",
      "Segments": [
        0,
        0,
        2,
        8,
        0
      ]
    },
    {
      "Target": "PartOpacity",
      "Id": "HandL3",
      "Segments": [
        0,
        0,
        2,
        8,
        0
      ]
    },
    {
      "Target": "PartOpacity",
      "Id": "Part28",
      "Segments": [
        0,
        0,
        2,
        8,
        0
      ]
    },
    {
      "Target": "PartOpacity",
      "Id": "Part4",
      "Segments": [
        0,
        1,
        2,
        8,
        1
      ]
    },
    {
      "Target": "PartOpacity",
      "Id": "Part40",
      "Segments": [
        0,
        1,
        2,
        8,
        1
      ]
    },
    {
      "Target": "PartOpacity",
      "Id": "Part25",
      "Segments": [
        0,
        1,
        2,
        8,
        1
      ]
    },
    {
      "Target": "PartOpacity",
      "Id": "Part42",
      "Segments": [
        0,
        1,
        2,
        8,
        1
      ]
    },
    {
      "Target": "PartOpacity",
      "Id": "Part8",
      "Segments": [
        0,
        1,
        2,
        8,
        1
      ]
    },
    {
      "Target": "PartOpacity",
      "Id": "Part9",
      "Segments": [
        0,
        1,
        2,
        8,
        1
      ]
    },
    {
      "Target": "PartOpacity",
      "Id": "Part10",
      "Segments": [
        0,
        1,
        2,
        8,
        1
      ]
    },
    {
      "Target": "PartOpacity",
      "Id": "Part29",
      "Segments": [
        0,
        1,
        2,
        8,
        1
      ]
    },
    {
      "Target": "PartOpacity",
      "Id": "Part53",
      "Segments": [
        0,
        0,
        2,
        8,
        0
      ]
    },
    {
      "Target": "PartOpacity",
      "Id": "Part38",
      "Segments": [
        0,
        1,
        2,
        8,
        1
      ]
    },
    {
      "Target": "PartOpacity",
      "Id": "Part34",
      "Segments": [
        0,
        1,
        2,
        8,
        1
      ]
    },
    {
      "Target": "PartOpacity",
      "Id": "Part41",
      "Segments": [
        0,
        1,
        2,
        8,
        1
      ]
    },
    {
      "Target": "PartOpacity",
      "Id": "Part11",
      "Segments": [
        0,
        1,
        2,
        8,
        1
      ]
    },
    {
      "Target": "PartOpacity",
      "Id": "Part30",
      "Segments": [
        0,
        1,
        2,
        8,
        1
      ]
    },
    {
      "Target": "Model",
      "Id": "Opacity",
      "Segments": [
        0,
        1,
        0,
        8,
        1
      ]
    },
    {
      "Target": "Parameter",
      "Id": "BrowR_Angle",
      "Segments": [
        0,
        0,
        0,
        8,
        0
      ]
    },
    {
      "Target": "Parameter",
      "Id": "BrowL_Angle",
      "Segments": [
        0,
        0,
        0,
        8,
        0
      ]
    },
    {
      "Target": "Parameter",
      "Id": "BrowR_Form2",
      "Segments": [
        0,
        0,
        0,
        8,
        0
      ]
    },
    {
      "Target": "Parameter",
      "Id": "BrowL_Form2",
      "Segments": [
        0,
        0,
        0,
        8,
        0
      ]
    },
    {
      "Target": "Parameter",
      "Id": "EyeBall_Size",
      "Segments": [
        0,
        0,
        0,
        8,
        0
      ]
    },
    {
      "Target": "Parameter",
      "Id": "EyeR_Open",
      "Segments": [
        0,
        0.8,
        0,
        8,
        0.8
      ]
    },
    {
      "Target": "Parameter",
      "Id": "EyeL_Open",
      "Segments": [
        0,
        0.8,
        0,
        8,
        0.8
      ]
    },
    {
      "Target": "Parameter",
      "Id": "EyeR_Smile",
      "Segments": [
        0,
        0,
        0,
        8,
        0
      ]
    },
    {
      "Target": "Parameter",
      "Id": "EyeL_Smile",
      "Segments": [
        0,
        0,
        0,
        8,
        0
      ]
    },
    {
      "Target": "Parameter",
      "Id": "MouthForm2",
      "Segments": [
        0,
        0,
        0,
        8,
        0
      ]
    },
    {
      "Target": "Parameter",
      "Id": "Mouth_Form",
      "Segments": [
        0,
        0,
        0,
        8,
        0
      ]
    },
    {
      "Target": "Parameter",
      "Id": "Mouth_Open",
      "Segments": [
        0,
        1,
        0,
        8,
        1
      ]
    },
    {
      "Target": "Parameter",
      "Id": "Mouth_Size",
      "Segments": [
        0,
        0.4,
        0,
        8,
        0.4
      ]
    },
    {
      "Target": "Parameter",
      "Id": "Mouth_Form2",
      "Segments": [
        0,
        0,
        0,
        8,
        0
      ]
    },
    {
      "Target": "Parameter",
      "Id": "BodyY",
      "Segments": [
        0,
        -2,
        0,
        8,
        -2
      ]
    },
    {
      "Target": "Parameter",
      "Id": "Shoulder_Move",
      "Segments": [
        0,
        0,
        0,
        8,
        0
      ]
    },
    {
      "Target": "Parameter",
      "Id": "All_Position",
      "Segments": [
        0,
        0,
        0,
        8,
        0
      ]
    },
    {
      "Target": "Parameter",
      "Id": "lineR_ON",
      "Segments": [
        0,
        0,
        0,
        8,
        0
      ]
    },
    {
      "Target": "Parameter",
      "Id": "Param",
      "Segments": [
        0,
        0,
        0,
        8,
        0
      ]
    },
    {
      "Target": "Parameter",
      "Id": "LineL_OFF",
      "Segments": [
        0,
        0,
        0,
        8,
        0
      ]
    },
    {
      "Target": "Parameter",
      "Id": "LineR_OFF",
      "Segments": [
        0,
        0,
        0,
        8,
        0
      ]
    },
    {
      "Target": "Parameter",
      "Id": "lineL_ON",
      "Segments": [
        0,
        0,
        0,
        8,
        0
      ]
    },
    {
      "Target": "Parameter",
      "Id": "ShoulderL_Scale",
      "Segments": [
        0,
        -0.3,
        0,
        8,
        -0.3
      ]
    },
    {
      "Target": "Parameter",
      "Id": "ArmL_Scale",
      "Segments": [
        0,
        0,
        0,
        8,
        0
      ]
    },
    {
      "Target": "Parameter",
      "Id": "ArmL02_Scale",
      "Segments": [
        0,
        0,
        0,
        8,
        0
      ]
    },
    {
      "Target": "Parameter",
      "Id": "ShoulderR_Scale",
      "Segments": [
        0,
        -0.3,
        0,
        8,
        -0.3
      ]
    },
    {
      "Target": "Parameter",
      "Id": "ArmR_Scale",
      "Segments": [
        0,
        0,
        0,
        8,
        0
      ]
    },
    {
      "Target": "Parameter",
      "Id": "ArmR02_Scale",
      "Segments": [
        0,
        0,
        0,
        8,
        0
      ]
    },
    {
      "Target": "Parameter",
      "Id": "HandR03_Move",
      "Segments": [
        0,
        0,
        0,
        8,
        0
      ]
    },
    {
      "Target": "Parameter",
      "Id": "HandR03_move",
      "Segments": [
        0,
        0,
        0,
        8,
        0
      ]
    },
    {
      "Target": "Parameter",
      "Id": "HandL_02_Move",
      "Segments": [
        0,
        0,
        0,
        8,
        0
      ]
    },
    {
      "Target": "Parameter",
      "Id": "HandL012_Move",
      "Segments": [
        0,
        0,
        0,
        8,
        0
      ]
    },
    {
      "Target": "Parameter",
      "Id": "ArmR_OP",
      "Segments": [
        0,
        0,
        0,
        8,
        0
      ]
    }
  ],
  "UserData": [
    {
      "Time": 0.0,
      "Value": ""
    }
  ]
}