{
  "Version": 3,
  "Meta": {
    "Duration": 8.0,
    "Fps": 30.0,
    "Loop": true,
    "AreBeziersRestricted": true,
    "CurveCount": 106,
    "TotalSegmentCount": 228,
    "TotalPointCount": 372,
    "UserDataCount": 1,
    "TotalUserDataSize": 0
  },
  "Curves": [
    {
      "Target": "Parameter",
      "Id": "BrowRY",
      "Segments": [
        0,
        0,
        1,
        0.356,
        -0.122,
        0.711,
        -0.3,
        1.067,
        -0.3,
        0,
        2.3,
        -0.2,
        2,
        4.933,
        -0.2,
        1,
        5.7,
        -0.2,
        6.466,
        0.017,
        7.233,
        0.034,
        1,
        7.489,
        0.039,
        7.744,
        0.045,
        8,
        0
      ]
    },
    {
      "Target": "Parameter",
      "Id": "BrowLY",
      "Segments": [
        0,
        0,
        1,
        0.356,
        -0.122,
        0.711,
        -0.3,
        1.067,
        -0.3,
        0,
        2.3,
        -0.2,
        2,
        4.933,
        -0.2,
        1,
        5.7,
        -0.197,
        6.466,
        0.016,
        7.233,
        0.034,
        1,
        7.489,
        0.04,
        7.744,
        0.043,
        8,
        0
      ]
    },
    {
      "Target": "Parameter",
      "Id": "EyeBallY",
      "Segments": [
        0,
        -0.6,
        2,
        1.9,
        -0.6,
        0,
        2.833,
        -0.356,
        0,
        5.067,
        -0.6,
        2,
        8,
        -0.6
      ]
    },
    {
      "Target": "Parameter",
      "Id": "Head_AngleX",
      "Segments": [
        0,
        0,
        2,
        3.267,
        0,
        1,
        3.711,
        0,
        4.156,
        -11.816,
        4.6,
        -14.319,
        1,
        4.867,
        -15.947,
        5.133,
        -15.979,
        5.4,
        -15.918,
        1,
        5.922,
        -15.918,
        6.445,
        -8.904,
        6.967,
        -3.963,
        1,
        7.311,
        -0.207,
        7.656,
        0,
        8,
        0
      ]
    },
    {
      "Target": "Parameter",
      "Id": "Head_AngleY",
      "Segments": [
        0,
        -13.628,
        1,
        0.356,
        -14.648,
        0.711,
        -14.508,
        1.067,
        -14.508,
        1,
        1.534,
        -14.508,
        2,
        -4.577,
        2.467,
        -1.244,
        1,
        2.678,
        0.124,
        2.889,
        1.478,
        3.1,
        1.478,
        1,
        3.667,
        1.478,
        4.233,
        -13.999,
        4.8,
        -18.234,
        1,
        5.178,
        -20.421,
        5.555,
        -20.573,
        5.933,
        -20.573,
        1,
        6.166,
        -20.573,
        6.4,
        -17.859,
        6.633,
        -15.042,
        1,
        6.922,
        -12.42,
        7.211,
        -12.096,
        7.5,
        -12.096,
        1,
        7.667,
        -12.096,
        7.833,
        -13.328,
        8,
        -13.628
      ]
    },
    {
      "Target": "Parameter",
      "Id": "Head_Roll",
      "Segments": [
        0,
        1.68,
        0,
        2.733,
        1.4,
        1,
        3.4,
        1.4,
        4.066,
        2.26,
        4.733,
        3,
        1,
        5.144,
        3.456,
        5.556,
        3.457,
        5.967,
        3.457,
        0,
        7.233,
        1.5,
        0,
        8,
        1.68
      ]
    },
    {
      "Target": "Parameter",
      "Id": "HeadY",
      "Segments": [
        0,
        0,
        0,
        0.7,
        -4,
        1,
        1.422,
        -4,
        2.145,
        -0.115,
        2.867,
        0,
        1,
        4.245,
        0.22,
        5.622,
        0.22,
        7,
        0.22,
        1,
        7.333,
        0.22,
        7.667,
        0.135,
        8,
        0
      ]
    },
    {
      "Target": "Parameter",
      "Id": "Breath",
      "Segments": [
        0,
        0,
        0,
        1.767,
        0.7,
        0,
        3.733,
        0,
        0,
        6.2,
        0.6,
        0,
        8,
        0
      ]
    },
    {
      "Target": "Parameter",
      "Id": "Body_Shaking",
      "Segments": [
        0,
        -4.079,
        1,
        0.222,
        -4.623,
        0.445,
        -4.576,
        0.667,
        -4.576,
        0,
        3.233,
        -3.536,
        0,
        5.2,
        -5.075,
        0,
        7.433,
        -3.695,
        1,
        7.622,
        -3.695,
        7.811,
        -3.805,
        8,
        -4.079
      ]
    },
    {
      "Target": "Parameter",
      "Id": "Pa01_Move",
      "Segments": [
        0,
        16.723,
        0,
        1.333,
        -12.631,
        0,
        2.433,
        13.678,
        0,
        4.2,
        -13.34,
        0,
        5.333,
        15.555,
        0,
        6.733,
        -13.34,
        0,
        8,
        16.723
      ]
    },
    {
      "Target": "Parameter",
      "Id": "Body_Twist",
      "Segments": [
        0,
        -1.96,
        0,
        1.5,
        0,
        1,
        2.1,
        0,
        2.7,
        0.041,
        3.3,
        -0.248,
        1,
        3.822,
        -0.499,
        4.345,
        -4.83,
        4.867,
        -5.498,
        1,
        5.367,
        -6.138,
        5.867,
        -6.081,
        6.367,
        -6.081,
        0,
        8,
        -1.96
      ]
    },
    {
      "Target": "Parameter",
      "Id": "Body_Pose1",
      "Segments": [
        0,
        -23.976,
        1,
        0.189,
        -28.444,
        0.378,
        -29.309,
        0.567,
        -29.309,
        1,
        2.156,
        -29.822,
        3.744,
        -30,
        5.333,
        -30,
        0,
        7.433,
        -17.911,
        1,
        7.622,
        -17.911,
        7.811,
        -18.42,
        8,
        -23.976
      ]
    },
    {
      "Target": "Parameter",
      "Id": "Waist_Roll",
      "Segments": [
        0,
        4.2,
        0,
        1.167,
        1.358,
        1,
        1.378,
        1.358,
        1.589,
        1.352,
        1.8,
        1.598,
        1,
        2.189,
        2.302,
        2.578,
        3.609,
        2.967,
        4.203,
        1,
        3.211,
        4.376,
        3.456,
        4.286,
        3.7,
        3.801,
        1,
        4.2,
        2.673,
        4.7,
        1.26,
        5.2,
        1.26,
        1,
        5.622,
        1.26,
        6.045,
        1.198,
        6.467,
        1.44,
        1,
        6.978,
        1.733,
        7.489,
        4.2,
        8,
        4.2
      ]
    },
    {
      "Target": "Parameter",
      "Id": "ShoulderRY",
      "Segments": [
        0,
        23.56,
        1,
        0.189,
        23.889,
        0.378,
        24,
        0.567,
        24,
        0,
        2.9,
        14.927,
        1,
        3.889,
        14.149,
        4.878,
        14,
        5.867,
        14.163,
        1,
        6.578,
        14.215,
        7.289,
        23.046,
        8,
        23.56
      ]
    },
    {
      "Target": "Parameter",
      "Id": "ShoulderLY",
      "Segments": [
        0,
        1.656,
        1,
        0.189,
        -0.038,
        0.378,
        -1.548,
        0.567,
        -2.616,
        1,
        0.889,
        -4.437,
        1.211,
        -5,
        1.533,
        -5,
        0,
        5.433,
        2.401,
        1,
        6.2,
        2.401,
        6.966,
        2.401,
        7.733,
        2.167,
        1,
        7.822,
        2.124,
        7.911,
        2.061,
        8,
        1.656
      ]
    },
    {
      "Target": "Parameter",
      "Id": "ShoulderR_Roll",
      "Segments": [
        0,
        -1.308,
        1,
        0.311,
        -0.887,
        0.622,
        -0.688,
        0.933,
        -0.573,
        1,
        1.589,
        -0.393,
        2.244,
        -0.337,
        2.9,
        -0.573,
        1,
        3.644,
        -0.887,
        4.389,
        -1.893,
        5.133,
        -2.168,
        1,
        5.844,
        -2.32,
        6.556,
        -2.404,
        7.267,
        -2.383,
        0,
        8,
        -1.308
      ]
    },
    {
      "Target": "Parameter",
      "Id": "ArmR_Roll",
      "Segments": [
        0,
        26.922,
        1,
        0.333,
        27.242,
        0.667,
        27.371,
        1,
        27.371,
        0,
        4.367,
        27.152,
        1,
        4.778,
        27.112,
        5.189,
        27.015,
        5.6,
        26.974,
        1,
        6.4,
        26.853,
        7.2,
        26.626,
        8,
        26.922
      ]
    },
    {
      "Target": "Parameter",
      "Id": "ShoulderL_Roll",
      "Segments": [
        0,
        -1.367,
        1,
        0.333,
        -2.545,
        0.667,
        -3.202,
        1,
        -3.202,
        0,
        2.6,
        -0.291,
        0,
        5.133,
        -3.099,
        0,
        7.133,
        0.406,
        1,
        7.422,
        0.406,
        7.711,
        -0.484,
        8,
        -1.367
      ]
    },
    {
      "Target": "Parameter",
      "Id": "ArmL_Roll",
      "Segments": [
        0,
        4.258,
        1,
        0.333,
        5.03,
        0.667,
        5.074,
        1,
        5.074,
        1,
        1.522,
        5.074,
        2.045,
        4.439,
        2.567,
        3.774,
        1,
        2.778,
        3.505,
        2.989,
        3.518,
        3.2,
        3.518,
        0,
        5.233,
        4.218,
        1,
        5.878,
        4.218,
        6.522,
        3.233,
        7.167,
        3.53,
        0,
        8,
        4.218
      ]
    },
    {
      "Target": "Parameter",
      "Id": "HandR_Roll",
      "Segments": [
        0,
        10.019,
        1,
        0.578,
        10.047,
        1.155,
        10.06,
        1.733,
        10.06,
        1,
        2.611,
        10.06,
        3.489,
        7.463,
        4.367,
        6.88,
        1,
        4.967,
        6.431,
        5.567,
        6.293,
        6.167,
        6.431,
        1,
        6.778,
        6.672,
        7.389,
        10.019,
        8,
        10.019
      ]
    },
    {
      "Target": "Parameter",
      "Id": "HandL_Roll",
      "Segments": [
        0,
        6.262,
        1,
        0.189,
        6.728,
        0.378,
        6.894,
        0.567,
        6.935,
        1,
        1,
        6.935,
        1.434,
        6.349,
        1.867,
        5.015,
        1,
        2.389,
        3.407,
        2.911,
        1.552,
        3.433,
        0.015,
        1,
        3.989,
        -1.62,
        4.544,
        -2.27,
        5.1,
        -2.27,
        0,
        6.967,
        1.365,
        1,
        7.311,
        3.198,
        7.656,
        5.731,
        8,
        6.262
      ]
    },
    {
      "Target": "Parameter",
      "Id": "HandR03_move",
      "Segments": [
        0,
        0,
        0,
        0.733,
        -30,
        2,
        3.567,
        -30,
        0,
        5.8,
        24,
        2,
        6.933,
        24,
        0,
        8,
        0
      ]
    },
    {
      "Target": "Parameter",
      "Id": "HairFront_Shaking",
      "Segments": [
        0,
        -0.034,
        1,
        0.211,
        -0.233,
        0.422,
        -0.293,
        0.633,
        -0.293,
        0,
        1.733,
        0.319,
        0,
        2.967,
        -0.238,
        0,
        4.133,
        0.28,
        0,
        5.667,
        -0.238,
        0,
        7.3,
        0.28,
        1,
        7.533,
        0.28,
        7.767,
        0.092,
        8,
        -0.034
      ]
    },
    {
      "Target": "Parameter",
      "Id": "HairSideR_Shaking",
      "Segments": [
        0,
        -0.051,
        1,
        0.089,
        -0.199,
        0.178,
        -0.274,
        0.267,
        -0.274,
        0,
        1.467,
        0.302,
        0,
        3.067,
        -0.149,
        0,
        4.3,
        0.263,
        0,
        5.867,
        -0.545,
        0,
        7.4,
        0.237,
        1,
        7.6,
        0.237,
        7.8,
        0.23,
        8,
        -0.051
      ]
    },
    {
      "Target": "Parameter",
      "Id": "HairSideL_Shaking",
      "Segments": [
        0,
        -0.062,
        1,
        0.089,
        -0.181,
        0.178,
        -0.242,
        0.267,
        -0.242,
        0,
        1.467,
        0.361,
        0,
        3.1,
        -0.126,
        0,
        4.3,
        0.25,
        0,
        6,
        -0.513,
        0,
        7.533,
        0.185,
        1,
        7.689,
        0.185,
        7.844,
        0.177,
        8,
        -0.062
      ]
    },
    {
      "Target": "Parameter",
      "Id": "tmtR_move",
      "Segments": [
        0,
        -16.037,
        0,
        0.833,
        10.582,
        0,
        1.733,
        -16.037,
        0,
        2.933,
        10.582,
        0,
        3.833,
        -16.037,
        0,
        4.867,
        10.582,
        0,
        5.833,
        -16.037,
        0,
        6.9,
        10.582,
        0,
        8,
        -16.037
      ]
    },
    {
      "Target": "Parameter",
      "Id": "tmtL_move",
      "Segments": [
        0,
        -16.037,
        0,
        0.833,
        10.582,
        0,
        1.733,
        -16.037,
        0,
        2.933,
        10.582,
        0,
        3.833,
        -16.037,
        0,
        4.867,
        10.582,
        0,
        5.833,
        -16.037,
        0,
        6.9,
        10.582,
        0,
        8,
        -16.037
      ]
    },
    {
      "Target": "PartOpacity",
      "Id": "Part",
      "Segments": [
        0,
        1,
        2,
        8,
        1
      ]
    },
    {
      "Target": "PartOpacity",
      "Id": "Part12",
      "Segments": [
        0,
        1,
        2,
        8,
        1
      ]
    },
    {
      "Target": "PartOpacity",
      "Id": "Part13",
      "Segments": [
        0,
        1,
        2,
        8,
        1
      ]
    },
    {
      "Target": "PartOpacity",
      "Id": "Part14",
      "Segments": [
        0,
        1,
        2,
        8,
        1
      ]
    },
    {
      "Target": "PartOpacity",
      "Id": "Part15",
      "Segments": [
        0,
        1,
        2,
        8,
        1
      ]
    },
    {
      "Target": "PartOpacity",
      "Id": "Part16",
      "Segments": [
        0,
        1,
        2,
        8,
        1
      ]
    },
    {
      "Target": "PartOpacity",
      "Id": "Part18",
      "Segments": [
        0,
        1,
        2,
        8,
        1
      ]
    },
    {
      "Target": "PartOpacity",
      "Id": "Part19",
      "Segments": [
        0,
        1,
        2,
        8,
        1
      ]
    },
    {
      "Target": "PartOpacity",
      "Id": "Part17",
      "Segments": [
        0,
        1,
        2,
        8,
        1
      ]
    },
    {
      "Target": "PartOpacity",
      "Id": "Part24",
      "Segments": [
        0,
        1,
        2,
        8,
        1
      ]
    },
    {
      "Target": "PartOpacity",
      "Id": "Part20",
      "Segments": [
        0,
        1,
        2,
        8,
        1
      ]
    },
    {
      "Target": "PartOpacity",
      "Id": "Part33",
      "Segments": [
        0,
        1,
        2,
        8,
        1
      ]
    },
    {
      "Target": "PartOpacity",
      "Id": "Part26",
      "Segments": [
        0,
        1,
        2,
        8,
        1
      ]
    },
    {
      "Target": "PartOpacity",
      "Id": "Part27",
      "Segments": [
        0,
        0,
        2,
        8,
        0
      ]
    },
    {
      "Target": "PartOpacity",
      "Id": "Part52",
      "Segments": [
        0,
        0,
        2,
        8,
        0
      ]
    },
    {
      "Target": "PartOpacity",
      "Id": "Part37",
      "Segments": [
        0,
        1,
        2,
        8,
        1
      ]
    },
    {
      "Target": "PartOpacity",
      "Id": "Part2",
      "Segments": [
        0,
        1,
        2,
        8,
        1
      ]
    },
    {
      "Target": "PartOpacity",
      "Id": "Part22",
      "Segments": [
        0,
        1,
        2,
        8,
        1
      ]
    },
    {
      "Target": "PartOpacity",
      "Id": "Part3",
      "Segments": [
        0,
        1,
        2,
        8,
        1
      ]
    },
    {
      "Target": "PartOpacity",
      "Id": "Part5",
      "Segments": [
        0,
        1,
        2,
        8,
        1
      ]
    },
    {
      "Target": "PartOpacity",
      "Id": "Part7",
      "Segments": [
        0,
        0,
        2,
        8,
        0
      ]
    },
    {
      "Target": "PartOpacity",
      "Id": "HandL2",
      "Segments": [
        0,
        1,
        2,
        8,
        1
      ]
    },
    {
      "Target": "PartOpacity",
      "Id": "Part21",
      "Segments": [
        0,
        1,
        2,
        8,
        1
      ]
    },
    {
      "Target": "PartOpacity",
      "Id": "Part23",
      "Segments": [
        0,
        1,
        2,
        8,
        1
      ]
    },
    {
      "Target": "PartOpacity",
      "Id": "Part39",
      "Segments": [
        0,
        1,
        2,
        8,
        1
      ]
    },
    {
      "Target": "PartOpacity",
      "Id": "Part6",
      "Segments": [
        0,
        1,
        2,
        8,
        1
      ]
    },
    {
      "Target": "PartOpacity",
      "Id": "HandL1",
      "Segments": [
        0,
        1,
        2,
        8,
        1
      ]
    },
    {
      "Target": "PartOpacity",
      "Id": "HandL3",
      "Segments": [
        0,
        0,
        2,
        8,
        0
      ]
    },
    {
      "Target": "PartOpacity",
      "Id": "Part28",
      "Segments": [
        0,
        0,
        2,
        8,
        0
      ]
    },
    {
      "Target": "PartOpacity",
      "Id": "Part4",
      "Segments": [
        0,
        0,
        2,
        8,
        0
      ]
    },
    {
      "Target": "PartOpacity",
      "Id": "Part40",
      "Segments": [
        0,
        1,
        2,
        8,
        1
      ]
    },
    {
      "Target": "PartOpacity",
      "Id": "Part25",
      "Segments": [
        0,
        1,
        2,
        8,
        1
      ]
    },
    {
      "Target": "PartOpacity",
      "Id": "Part42",
      "Segments": [
        0,
        1,
        2,
        8,
        1
      ]
    },
    {
      "Target": "PartOpacity",
      "Id": "Part8",
      "Segments": [
        0,
        1,
        2,
        8,
        1
      ]
    },
    {
      "Target": "PartOpacity",
      "Id": "Part9",
      "Segments": [
        0,
        1,
        2,
        8,
        1
      ]
    },
    {
      "Target": "PartOpacity",
      "Id": "Part10",
      "Segments": [
        0,
        0,
        2,
        8,
        0
      ]
    },
    {
      "Target": "PartOpacity",
      "Id": "Part29",
      "Segments": [
        0,
        1,
        2,
        8,
        1
      ]
    },
    {
      "Target": "PartOpacity",
      "Id": "Part53",
      "Segments": [
        0,
        0,
        2,
        8,
        0
      ]
    },
    {
      "Target": "PartOpacity",
      "Id": "Part38",
      "Segments": [
        0,
        1,
        2,
        8,
        1
      ]
    },
    {
      "Target": "PartOpacity",
      "Id": "Part34",
      "Segments": [
        0,
        1,
        2,
        8,
        1
      ]
    },
    {
      "Target": "PartOpacity",
      "Id": "Part41",
      "Segments": [
        0,
        1,
        2,
        8,
        1
      ]
    },
    {
      "Target": "PartOpacity",
      "Id": "Part11",
      "Segments": [
        0,
        1,
        2,
        8,
        1
      ]
    },
    {
      "Target": "PartOpacity",
      "Id": "Part30",
      "Segments": [
        0,
        1,
        2,
        8,
        1
      ]
    },
    {
      "Target": "Model",
      "Id": "Opacity",
      "Segments": [
        0,
        1,
        0,
        8,
        1
      ]
    },
    {
      "Target": "Parameter",
      "Id": "BrowR_Form",
      "Segments": [
        0,
        0,
        0,
        8,
        0
      ]
    },
    {
      "Target": "Parameter",
      "Id": "BrowL_Form",
      "Segments": [
        0,
        0,
        0,
        8,
        0
      ]
    },
    {
      "Target": "Parameter",
      "Id": "BrowR_Angle",
      "Segments": [
        0,
        -0.3,
        0,
        8,
        -0.3
      ]
    },
    {
      "Target": "Parameter",
      "Id": "BrowL_Angle",
      "Segments": [
        0,
        -0.3,
        0,
        8,
        -0.3
      ]
    },
    {
      "Target": "Parameter",
      "Id": "BrowR_Form2",
      "Segments": [
        0,
        0.6,
        0,
        8,
        0.6
      ]
    },
    {
      "Target": "Parameter",
      "Id": "BrowL_Form2",
      "Segments": [
        0,
        0.6,
        0,
        8,
        0.6
      ]
    },
    {
      "Target": "Parameter",
      "Id": "EyeBall_Size",
      "Segments": [
        0,
        0,
        0,
        8,
        0
      ]
    },
    {
      "Target": "Parameter",
      "Id": "EyeR_Open",
      "Segments": [
        0,
        0.921,
        0,
        8,
        0.921
      ]
    },
    {
      "Target": "Parameter",
      "Id": "EyeL_Open",
      "Segments": [
        0,
        0.927,
        0,
        8,
        0.927
      ]
    },
    {
      "Target": "Parameter",
      "Id": "EyeR_Smile",
      "Segments": [
        0,
        -0.4,
        0,
        8,
        -0.4
      ]
    },
    {
      "Target": "Parameter",
      "Id": "EyeL_Smile",
      "Segments": [
        0,
        -0.4,
        0,
        8,
        -0.4
      ]
    },
    {
      "Target": "Parameter",
      "Id": "EyeBallX",
      "Segments": [
        0,
        0,
        0,
        8,
        0
      ]
    },
    {
      "Target": "Parameter",
      "Id": "MouthForm2",
      "Segments": [
        0,
        0,
        0,
        8,
        0
      ]
    },
    {
      "Target": "Parameter",
      "Id": "Mouth_Form",
      "Segments": [
        0,
        -10,
        0,
        8,
        -10
      ]
    },
    {
      "Target": "Parameter",
      "Id": "Mouth_Open",
      "Segments": [
        0,
        1,
        0,
        8,
        1
      ]
    },
    {
      "Target": "Parameter",
      "Id": "Mouth_Size",
      "Segments": [
        0,
        0.399,
        0,
        8,
        0.399
      ]
    },
    {
      "Target": "Parameter",
      "Id": "Mouth_Form2",
      "Segments": [
        0,
        0,
        0,
        8,
        0
      ]
    },
    {
      "Target": "Parameter",
      "Id": "BodyY",
      "Segments": [
        0,
        0,
        0,
        8,
        0
      ]
    },
    {
      "Target": "Parameter",
      "Id": "Shoulder_Move",
      "Segments": [
        0,
        0,
        0,
        8,
        0
      ]
    },
    {
      "Target": "Parameter",
      "Id": "All_Position",
      "Segments": [
        0,
        0,
        0,
        8,
        0
      ]
    },
    {
      "Target": "Parameter",
      "Id": "lineR_ON",
      "Segments": [
        0,
        0,
        0,
        8,
        0
      ]
    },
    {
      "Target": "Parameter",
      "Id": "Param",
      "Segments": [
        0,
        0,
        0,
        8,
        0
      ]
    },
    {
      "Target": "Parameter",
      "Id": "LineL_OFF",
      "Segments": [
        0,
        0,
        0,
        8,
        0
      ]
    },
    {
      "Target": "Parameter",
      "Id": "LineR_OFF",
      "Segments": [
        0,
        -30,
        0,
        8,
        -30
      ]
    },
    {
      "Target": "Parameter",
      "Id": "lineL_ON",
      "Segments": [
        0,
        0,
        0,
        8,
        0
      ]
    },
    {
      "Target": "Parameter",
      "Id": "ShoulderL_Scale",
      "Segments": [
        0,
        -0.4,
        0,
        8,
        -0.4
      ]
    },
    {
      "Target": "Parameter",
      "Id": "ArmL_Scale",
      "Segments": [
        0,
        0,
        0,
        8,
        0
      ]
    },
    {
      "Target": "Parameter",
      "Id": "ArmL02_Scale",
      "Segments": [
        0,
        0,
        0,
        8,
        0
      ]
    },
    {
      "Target": "Parameter",
      "Id": "ShoulderR_Scale",
      "Segments": [
        0,
        -0.3,
        0,
        8,
        -0.3
      ]
    },
    {
      "Target": "Parameter",
      "Id": "ArmR_Scale",
      "Segments": [
        0,
        0,
        0,
        8,
        0
      ]
    },
    {
      "Target": "Parameter",
      "Id": "ArmR02_Scale",
      "Segments": [
        0,
        0,
        0,
        8,
        0
      ]
    },
    {
      "Target": "Parameter",
      "Id": "HandR03_Move",
      "Segments": [
        0,
        0,
        0,
        8,
        0
      ]
    },
    {
      "Target": "Parameter",
      "Id": "HandL_02_Move",
      "Segments": [
        0,
        0,
        0,
        8,
        0
      ]
    },
    {
      "Target": "Parameter",
      "Id": "HandL012_Move",
      "Segments": [
        0,
        0,
        0,
        8,
        0
      ]
    },
    {
      "Target": "Parameter",
      "Id": "ArmR_OP",
      "Segments": [
        0,
        0,
        0,
        8,
        0
      ]
    }
  ],
  "UserData": [
    {
      "Time": 0.0,
      "Value": ""
    }
  ]
}