{
  "Version": 3,
  "Meta": {
    "Duration": 8.0,
    "Fps": 30.0,
    "Loop": true,
    "AreBeziersRestricted": true,
    "CurveCount": 81,
    "TotalSegmentCount": 170,
    "TotalPointCount": 232,
    "UserDataCount": 1,
    "TotalUserDataSize": 0
  },
  "Curves": [
    {
      "Target": "Parameter",
      "Id": "Body_Twist",
      "Segments": [
        0,
        -13.271,
        1,
        0.867,
        -16.306,
        1.733,
        -30,
        2.6,
        -30,
        0,
        4.633,
        -29.529,
        1,
        5.044,
        -29.275,
        5.456,
        -13.571,
        5.867,
        -12.82,
        0,
        8,
        -13.271
      ]
    },
    {
      "Target": "Parameter",
      "Id": "Body_Shaking",
      "Segments": [
        0,
        28,
        0,
        2.467,
        1.506,
        1,
        3.234,
        1.506,
        4,
        1.506,
        4.767,
        2.181,
        1,
        5.522,
        3.017,
        6.278,
        25.24,
        7.033,
        27.472,
        1,
        7.355,
        28.072,
        7.678,
        28,
        8,
        28
      ]
    },
    {
      "Target": "Parameter",
      "Id": "BodyY",
      "Segments": [
        0,
        8,
        1,
        0.778,
        3.192,
        1.555,
        0,
        2.333,
        0,
        2,
        4.933,
        0,
        0,
        8,
        8
      ]
    },
    {
      "Target": "Parameter",
      "Id": "Body_Pose1",
      "Segments": [
        0,
        -13,
        0,
        2.333,
        -4,
        2,
        4.933,
        -4,
        0,
        8,
        -13
      ]
    },
    {
      "Target": "Parameter",
      "Id": "Breath",
      "Segments": [
        0,
        0,
        0,
        1,
        0.6,
        0,
        2,
        0,
        0,
        3,
        0.6,
        0,
        4,
        0,
        0,
        5,
        0.6,
        0,
        6,
        0,
        0,
        7,
        0.6,
        0,
        8,
        0
      ]
    },
    {
      "Target": "Parameter",
      "Id": "Skirt_Shaking",
      "Segments": [
        0,
        23,
        2,
        1,
        23,
        0,
        3.333,
        18,
        0,
        5.1,
        27.15,
        0,
        8,
        23
      ]
    },
    {
      "Target": "Parameter",
      "Id": "Head_X",
      "Segments": [
        0,
        -21,
        0,
        1.9,
        -11.461,
        1,
        2.9,
        -11.461,
        3.9,
        -11.425,
        4.9,
        -12.345,
        1,
        5.5,
        -12.898,
        6.1,
        -26.069,
        6.7,
        -26.069,
        0,
        8,
        -21
      ]
    },
    {
      "Target": "Parameter",
      "Id": "Head_Y",
      "Segments": [
        0,
        -1,
        0,
        1.9,
        4.871,
        0,
        4.9,
        -1.884,
        0,
        8,
        -1
      ]
    },
    {
      "Target": "Parameter",
      "Id": "Head_Roll",
      "Segments": [
        0,
        -30,
        1,
        0.556,
        -30,
        1.111,
        -27.571,
        1.667,
        -21.87,
        1,
        2.234,
        -15.673,
        2.8,
        -9.591,
        3.367,
        -5.628,
        1,
        3.845,
        -3.485,
        4.322,
        -3.231,
        4.8,
        -3.93,
        1,
        5.278,
        -3.93,
        5.755,
        -17.483,
        6.233,
        -24,
        1,
        6.678,
        -30.062,
        7.122,
        -30,
        7.567,
        -30,
        2,
        8,
        -30
      ]
    },
    {
      "Target": "Parameter",
      "Id": "HairFront_Shaking",
      "Segments": [
        0,
        -0.143,
        1,
        0.089,
        -0.247,
        0.178,
        -0.245,
        0.267,
        -0.245,
        0,
        1.167,
        0.431,
        0,
        2.667,
        -0.245,
        0,
        3.633,
        0.295,
        0,
        4.6,
        -0.044,
        0,
        5.533,
        0.295,
        0,
        6.433,
        -0.397,
        0,
        7.3,
        0.372,
        1,
        7.533,
        0.372,
        7.767,
        0.137,
        8,
        -0.143
      ]
    },
    {
      "Target": "Parameter",
      "Id": "EyeBallX",
      "Segments": [
        0,
        0.214,
        1,
        0.811,
        0.214,
        1.622,
        0.212,
        2.433,
        0.2,
        1,
        2.766,
        0.195,
        3.1,
        0.158,
        3.433,
        0.158,
        0,
        8,
        0.214
      ]
    },
    {
      "Target": "Parameter",
      "Id": "EyeBallY",
      "Segments": [
        0,
        0.024,
        0,
        2.433,
        0,
        0,
        3.433,
        0.034,
        0,
        8,
        0.024
      ]
    },
    {
      "Target": "Parameter",
      "Id": "EyeL_Smile",
      "Segments": [
        0,
        0.6,
        1,
        0.789,
        0.489,
        1.578,
        0.4,
        2.367,
        0.324,
        1,
        2.934,
        0.269,
        3.5,
        0.258,
        4.067,
        0.258,
        0,
        5.7,
        0.6,
        2,
        8,
        0.6
      ]
    },
    {
      "Target": "Parameter",
      "Id": "EyeR_Smile",
      "Segments": [
        0,
        0.6,
        1,
        0.789,
        0.53,
        1.578,
        0.506,
        2.367,
        0.45,
        1,
        2.934,
        0.41,
        3.5,
        0.378,
        4.067,
        0.378,
        0,
        5.7,
        0.7,
        0,
        8,
        0.6
      ]
    },
    {
      "Target": "Parameter",
      "Id": "BrowLY",
      "Segments": [
        0,
        -0.4,
        0,
        1.967,
        -0.8,
        2,
        4.133,
        -0.8,
        0,
        5.7,
        -0.4,
        2,
        8,
        -0.4
      ]
    },
    {
      "Target": "Parameter",
      "Id": "BrowRY",
      "Segments": [
        0,
        -0.4,
        0,
        1.967,
        -0.8,
        2,
        4.133,
        -0.8,
        0,
        5.7,
        -0.4,
        2,
        8,
        -0.4
      ]
    },
    {
      "Target": "Parameter",
      "Id": "BrowL_Angle",
      "Segments": [
        0,
        0.4,
        0,
        1.967,
        0.3,
        0,
        2.867,
        0.4,
        2,
        4.133,
        0.4,
        0,
        5.7,
        0.3,
        0,
        8,
        0.4
      ]
    },
    {
      "Target": "Parameter",
      "Id": "BrowR_Angle",
      "Segments": [
        0,
        0.2,
        2,
        1.967,
        0.2,
        0,
        2.867,
        0.4,
        2,
        4.133,
        0.4,
        0,
        5.7,
        0.2,
        2,
        8,
        0.2
      ]
    },
    {
      "Target": "Parameter",
      "Id": "BrowL_Form",
      "Segments": [
        0,
        -0.753,
        2,
        1.967,
        -0.753,
        0,
        3.7,
        -1,
        0,
        5.633,
        -0.753,
        2,
        8,
        -0.753
      ]
    },
    {
      "Target": "Parameter",
      "Id": "Mouth_Form",
      "Segments": [
        0,
        0.5,
        0,
        1.8,
        -0.1,
        0,
        5.867,
        0.5,
        2,
        8,
        0.5
      ]
    },
    {
      "Target": "Parameter",
      "Id": "ShoulderR_Roll",
      "Segments": [
        0,
        -20.6,
        0,
        1.8,
        -19.017,
        1,
        2.756,
        -19.017,
        3.711,
        -20.163,
        4.667,
        -20.376,
        1,
        5.778,
        -20.624,
        6.889,
        -20.6,
        8,
        -20.6
      ]
    },
    {
      "Target": "Parameter",
      "Id": "ArmR_Roll",
      "Segments": [
        0,
        13,
        1,
        0.289,
        13,
        0.578,
        12.979,
        0.867,
        12.833,
        1,
        1.178,
        12.676,
        1.489,
        12.5,
        1.8,
        12.5,
        0,
        4.7,
        13,
        2,
        8,
        13
      ]
    },
    {
      "Target": "Parameter",
      "Id": "SleeveR_Form",
      "Segments": [
        0,
        25,
        0,
        2.467,
        30,
        2,
        4.633,
        30,
        0,
        5.7,
        25,
        2,
        8,
        25
      ]
    },
    {
      "Target": "Parameter",
      "Id": "ShoulderL_Y",
      "Segments": [
        0,
        3,
        0,
        3.233,
        -9,
        0,
        8,
        3
      ]
    },
    {
      "Target": "Parameter",
      "Id": "ShoulderL_Roll",
      "Segments": [
        0,
        10.097,
        1,
        0.289,
        9.812,
        0.578,
        9.901,
        0.867,
        9.518,
        1,
        1.356,
        8.87,
        1.844,
        7.194,
        2.333,
        7.194,
        1,
        3.6,
        7.194,
        4.866,
        7.231,
        6.133,
        7.775,
        1,
        6.755,
        8.043,
        7.378,
        10.097,
        8,
        10.097
      ]
    },
    {
      "Target": "Parameter",
      "Id": "ArmL_Roll",
      "Segments": [
        0,
        11,
        0,
        2,
        3,
        1,
        2.6,
        3,
        3.2,
        2.642,
        3.8,
        4.3,
        1,
        4.722,
        6.847,
        5.645,
        13.788,
        6.567,
        13.788,
        0,
        8,
        11
      ]
    },
    {
      "Target": "Parameter",
      "Id": "HandL_Roll",
      "Segments": [
        0,
        21.403,
        2,
        2.333,
        21.403,
        0,
        3.333,
        22.5,
        0,
        8,
        21.403
      ]
    },
    {
      "Target": "Parameter",
      "Id": "HandL_move",
      "Segments": [
        0,
        0,
        0,
        1.333,
        -11,
        0,
        2.467,
        1,
        0,
        3.467,
        -16,
        0,
        5.633,
        16,
        0,
        8,
        0
      ]
    },
    {
      "Target": "PartOpacity",
      "Id": "Part10",
      "Segments": [
        0,
        1,
        2,
        8,
        1
      ]
    },
    {
      "Target": "PartOpacity",
      "Id": "Part19",
      "Segments": [
        0,
        1,
        2,
        8,
        1
      ]
    },
    {
      "Target": "PartOpacity",
      "Id": "Part18",
      "Segments": [
        0,
        0,
        2,
        8,
        0
      ]
    },
    {
      "Target": "PartOpacity",
      "Id": "Part30",
      "Segments": [
        0,
        0,
        2,
        8,
        0
      ]
    },
    {
      "Target": "PartOpacity",
      "Id": "Part",
      "Segments": [
        0,
        1,
        2,
        8,
        1
      ]
    },
    {
      "Target": "PartOpacity",
      "Id": "Part5",
      "Segments": [
        0,
        1,
        2,
        8,
        1
      ]
    },
    {
      "Target": "PartOpacity",
      "Id": "Part6",
      "Segments": [
        0,
        1,
        2,
        8,
        1
      ]
    },
    {
      "Target": "PartOpacity",
      "Id": "Part3",
      "Segments": [
        0,
        1,
        2,
        8,
        1
      ]
    },
    {
      "Target": "PartOpacity",
      "Id": "Part4",
      "Segments": [
        0,
        1,
        2,
        8,
        1
      ]
    },
    {
      "Target": "PartOpacity",
      "Id": "Part21",
      "Segments": [
        0,
        1,
        2,
        8,
        1
      ]
    },
    {
      "Target": "PartOpacity",
      "Id": "Part7",
      "Segments": [
        0,
        1,
        2,
        8,
        1
      ]
    },
    {
      "Target": "PartOpacity",
      "Id": "Part20",
      "Segments": [
        0,
        0,
        2,
        8,
        0
      ]
    },
    {
      "Target": "PartOpacity",
      "Id": "Part11",
      "Segments": [
        0,
        1,
        2,
        8,
        1
      ]
    },
    {
      "Target": "PartOpacity",
      "Id": "Part29",
      "Segments": [
        0,
        0,
        2,
        8,
        0
      ]
    },
    {
      "Target": "PartOpacity",
      "Id": "Part9",
      "Segments": [
        0,
        0,
        2,
        8,
        0
      ]
    },
    {
      "Target": "PartOpacity",
      "Id": "Part2",
      "Segments": [
        0,
        1,
        2,
        8,
        1
      ]
    },
    {
      "Target": "PartOpacity",
      "Id": "Part13",
      "Segments": [
        0,
        1,
        2,
        8,
        1
      ]
    },
    {
      "Target": "PartOpacity",
      "Id": "Part15",
      "Segments": [
        0,
        1,
        2,
        8,
        1
      ]
    },
    {
      "Target": "PartOpacity",
      "Id": "Part25",
      "Segments": [
        0,
        0,
        2,
        8,
        0
      ]
    },
    {
      "Target": "PartOpacity",
      "Id": "Part27",
      "Segments": [
        0,
        1,
        2,
        8,
        1
      ]
    },
    {
      "Target": "PartOpacity",
      "Id": "Part31",
      "Segments": [
        0,
        0,
        2,
        8,
        0
      ]
    },
    {
      "Target": "PartOpacity",
      "Id": "Part22",
      "Segments": [
        0,
        0,
        2,
        8,
        0
      ]
    },
    {
      "Target": "PartOpacity",
      "Id": "Part32",
      "Segments": [
        0,
        1,
        2,
        8,
        1
      ]
    },
    {
      "Target": "PartOpacity",
      "Id": "Part26",
      "Segments": [
        0,
        1,
        2,
        8,
        1
      ]
    },
    {
      "Target": "PartOpacity",
      "Id": "Part23",
      "Segments": [
        0,
        0,
        2,
        8,
        0
      ]
    },
    {
      "Target": "PartOpacity",
      "Id": "Part28",
      "Segments": [
        0,
        1,
        2,
        8,
        1
      ]
    },
    {
      "Target": "PartOpacity",
      "Id": "Part16",
      "Segments": [
        0,
        1,
        2,
        8,
        1
      ]
    },
    {
      "Target": "PartOpacity",
      "Id": "Part14",
      "Segments": [
        0,
        1,
        2,
        8,
        1
      ]
    },
    {
      "Target": "Model",
      "Id": "Opacity",
      "Segments": [
        0,
        1,
        0,
        8,
        1
      ]
    },
    {
      "Target": "Parameter",
      "Id": "Waist_Move",
      "Segments": [
        0,
        0,
        0,
        8,
        0
      ]
    },
    {
      "Target": "Parameter",
      "Id": "Skirt_Roll",
      "Segments": [
        0,
        0,
        0,
        8,
        0
      ]
    },
    {
      "Target": "Parameter",
      "Id": "Skirt_Open",
      "Segments": [
        0,
        -18,
        0,
        8,
        -18
      ]
    },
    {
      "Target": "Parameter",
      "Id": "EyeBall_L_Size",
      "Segments": [
        0,
        0,
        0,
        8,
        0
      ]
    },
    {
      "Target": "Parameter",
      "Id": "EyeBall_R_Size",
      "Segments": [
        0,
        0,
        0,
        8,
        0
      ]
    },
    {
      "Target": "Parameter",
      "Id": "EyeL_Open",
      "Segments": [
        0,
        1,
        0,
        8,
        1
      ]
    },
    {
      "Target": "Parameter",
      "Id": "EyeR_Open",
      "Segments": [
        0,
        1,
        0,
        8,
        1
      ]
    },
    {
      "Target": "Parameter",
      "Id": "BrowL_Form2",
      "Segments": [
        0,
        5,
        0,
        8,
        5
      ]
    },
    {
      "Target": "Parameter",
      "Id": "BrowR_Form",
      "Segments": [
        0,
        -1,
        0,
        8,
        -1
      ]
    },
    {
      "Target": "Parameter",
      "Id": "BrowR_Form2",
      "Segments": [
        0,
        3,
        0,
        8,
        3
      ]
    },
    {
      "Target": "Parameter",
      "Id": "MouthForm2",
      "Segments": [
        0,
        0,
        0,
        8,
        0
      ]
    },
    {
      "Target": "Parameter",
      "Id": "Mouth_Open",
      "Segments": [
        0,
        1,
        0,
        8,
        1
      ]
    },
    {
      "Target": "Parameter",
      "Id": "Mouth_Size",
      "Segments": [
        0,
        1,
        0,
        8,
        1
      ]
    },
    {
      "Target": "Parameter",
      "Id": "ShoulderR_Y",
      "Segments": [
        0,
        -30,
        0,
        8,
        -30
      ]
    },
    {
      "Target": "Parameter",
      "Id": "ArmR_Form",
      "Segments": [
        0,
        -18.075,
        0,
        8,
        -18.075
      ]
    },
    {
      "Target": "Parameter",
      "Id": "ShoulderR_Form",
      "Segments": [
        0,
        -30,
        0,
        8,
        -30
      ]
    },
    {
      "Target": "Parameter",
      "Id": "ArmL_Form",
      "Segments": [
        0,
        -30,
        0,
        8,
        -30
      ]
    },
    {
      "Target": "Parameter",
      "Id": "ShoulderL_Form",
      "Segments": [
        0,
        -30,
        0,
        8,
        -30
      ]
    },
    {
      "Target": "Parameter",
      "Id": "SleeveL_Form",
      "Segments": [
        0,
        0,
        0,
        8,
        0
      ]
    },
    {
      "Target": "Parameter",
      "Id": "HandR_Roll",
      "Segments": [
        0,
        -8,
        0,
        8,
        -8
      ]
    },
    {
      "Target": "Parameter",
      "Id": "Param3",
      "Segments": [
        0,
        0,
        0,
        8,
        0
      ]
    },
    {
      "Target": "Parameter",
      "Id": "HandR_move",
      "Segments": [
        0,
        0,
        0,
        8,
        0
      ]
    },
    {
      "Target": "Parameter",
      "Id": "Param2",
      "Segments": [
        0,
        0,
        0,
        8,
        0
      ]
    },
    {
      "Target": "Parameter",
      "Id": "Param",
      "Segments": [
        0,
        0,
        0,
        8,
        0
      ]
    }
  ],
  "UserData": [
    {
      "Time": 0.0,
      "Value": ""
    }
  ]
}