{
  "Version": 3,
  "Meta": {
    "Duration": 8.0,
    "Fps": 30.0,
    "Loop": true,
    "AreBeziersRestricted": true,
    "CurveCount": 81,
    "TotalSegmentCount": 166,
    "TotalPointCount": 274,
    "UserDataCount": 1,
    "TotalUserDataSize": 0
  },
  "Curves": [
    {
      "Target": "Parameter",
      "Id": "Body_Twist",
      "Segments": [
        0,
        7.003,
        1,
        0.567,
        13.661,
        1.133,
        17.419,
        1.7,
        17.419,
        1,
        2.411,
        17.419,
        3.122,
        -4.324,
        3.833,
        -7.964,
        1,
        4.366,
        -10.694,
        4.9,
        -10,
        5.433,
        -10,
        1,
        6.178,
        -10,
        6.922,
        -6.265,
        7.667,
        3,
        1,
        7.778,
        4.383,
        7.889,
        7.003,
        8,
        7.003
      ]
    },
    {
      "Target": "Parameter",
      "Id": "Body_Shaking",
      "Segments": [
        0,
        4,
        0,
        1.833,
        13,
        1,
        2.578,
        13,
        3.322,
        11.797,
        4.067,
        6.03,
        1,
        4.6,
        1.898,
        5.134,
        -3.38,
        5.667,
        -3.38,
        0,
        7.133,
        4.981,
        0,
        8,
        4
      ]
    },
    {
      "Target": "Parameter",
      "Id": "BodyY",
      "Segments": [
        0,
        0,
        1,
        0.444,
        0,
        0.889,
        4.704,
        1.333,
        5,
        1,
        2.011,
        5.451,
        2.689,
        5.424,
        3.367,
        5.424,
        0,
        8,
        0
      ]
    },
    {
      "Target": "Parameter",
      "Id": "Body_Pose1",
      "Segments": [
        0,
        -29.722,
        1,
        0.222,
        -29.289,
        0.445,
        -28.962,
        0.667,
        -28,
        1,
        1.056,
        -26.316,
        1.444,
        -23.868,
        1.833,
        -23.868,
        1,
        2.578,
        -23.868,
        3.322,
        -25.213,
        4.067,
        -25.591,
        1,
        4.6,
        -25.862,
        5.134,
        -25.745,
        5.667,
        -26.011,
        1,
        6.2,
        -26.277,
        6.734,
        -30,
        7.267,
        -30,
        0,
        8,
        -29.722
      ]
    },
    {
      "Target": "Parameter",
      "Id": "Breath",
      "Segments": [
        0,
        0,
        0,
        1,
        0.6,
        0,
        2,
        0,
        0,
        3,
        0.6,
        0,
        4,
        0,
        0,
        5,
        0.6,
        0,
        6,
        0,
        0,
        7,
        0.6,
        0,
        8,
        0
      ]
    },
    {
      "Target": "Parameter",
      "Id": "Waist_Move",
      "Segments": [
        0,
        13,
        1,
        0.544,
        14.342,
        1.089,
        15,
        1.633,
        15,
        1,
        2.289,
        15,
        2.944,
        14.222,
        3.6,
        13,
        1,
        4.367,
        11.571,
        5.133,
        11,
        5.9,
        11,
        0,
        8,
        13
      ]
    },
    {
      "Target": "Parameter",
      "Id": "Skirt_Shaking",
      "Segments": [
        0,
        -5.395,
        1,
        0.311,
        -3.382,
        0.622,
        -3.169,
        0.933,
        -3.169,
        0,
        2.533,
        -6.137,
        0,
        3.6,
        -3.964,
        0,
        4.867,
        -8.186,
        0,
        6.067,
        -3.632,
        0,
        7.5,
        -6.941,
        1,
        7.667,
        -6.941,
        7.833,
        -7.037,
        8,
        -5.395
      ]
    },
    {
      "Target": "Parameter",
      "Id": "Skirt_Roll",
      "Segments": [
        0,
        0,
        2,
        3.6,
        0,
        1,
        3.933,
        0,
        4.267,
        0.707,
        4.6,
        1,
        1,
        5.033,
        1.381,
        5.467,
        1.4,
        5.9,
        1.4,
        1,
        6.456,
        1.4,
        7.011,
        1.164,
        7.567,
        0.48,
        1,
        7.711,
        0.302,
        7.856,
        0,
        8,
        0
      ]
    },
    {
      "Target": "Parameter",
      "Id": "Head_X",
      "Segments": [
        0,
        9,
        1,
        0.678,
        9,
        1.355,
        11.904,
        2.033,
        20,
        1,
        2.4,
        24.38,
        2.766,
        28.16,
        3.133,
        28.16,
        1,
        3.589,
        28.16,
        4.044,
        -7.257,
        4.5,
        -18,
        1,
        4.922,
        -27.957,
        5.345,
        -27.36,
        5.767,
        -27.36,
        0,
        8,
        9
      ]
    },
    {
      "Target": "Parameter",
      "Id": "Head_Y",
      "Segments": [
        0,
        -30,
        0,
        2.033,
        -5,
        2,
        3.133,
        -5,
        1,
        3.589,
        -5,
        4.044,
        -6.423,
        4.5,
        -10,
        1,
        4.922,
        -13.315,
        5.345,
        -17.278,
        5.767,
        -20.8,
        1,
        6.511,
        -27.009,
        7.256,
        -30,
        8,
        -30
      ]
    },
    {
      "Target": "Parameter",
      "Id": "Head_Roll",
      "Segments": [
        0,
        -20,
        1,
        0.678,
        -20,
        1.355,
        -10.62,
        2.033,
        -8,
        1,
        2.411,
        -6.54,
        2.789,
        -7,
        3.167,
        -7,
        1,
        3.556,
        -7,
        3.944,
        -10.577,
        4.333,
        -19.782,
        1,
        4.544,
        -24.779,
        4.756,
        -28.62,
        4.967,
        -28.62,
        0,
        8,
        -20
      ]
    },
    {
      "Target": "Parameter",
      "Id": "HairFront_Shaking",
      "Segments": [
        0,
        -0.2,
        0,
        0.9,
        0.2,
        0,
        2,
        -0.3,
        0,
        3.067,
        0.3,
        0,
        3.733,
        0,
        0,
        4.6,
        0.4,
        0,
        5.967,
        -0.4,
        0,
        7,
        0.3,
        0,
        8,
        -0.2
      ]
    },
    {
      "Target": "Parameter",
      "Id": "BrowR_Angle",
      "Segments": [
        0,
        0.2,
        0,
        1.633,
        0.3,
        2,
        4.067,
        0.3,
        2,
        5.533,
        0.3,
        0,
        8,
        0.2
      ]
    },
    {
      "Target": "Parameter",
      "Id": "BrowL_Form2",
      "Segments": [
        0,
        18,
        0,
        1.767,
        20,
        1,
        2.289,
        20,
        2.811,
        16.84,
        3.333,
        14,
        1,
        3.944,
        10.677,
        4.556,
        10,
        5.167,
        10,
        1,
        5.778,
        10,
        6.389,
        10.826,
        7,
        14,
        1,
        7.333,
        15.731,
        7.667,
        18,
        8,
        18
      ]
    },
    {
      "Target": "Parameter",
      "Id": "BrowR_Form2",
      "Segments": [
        0,
        8,
        0,
        1.767,
        16,
        0,
        3.333,
        8,
        0,
        5.167,
        19,
        1,
        5.778,
        19,
        6.389,
        11.578,
        7,
        9,
        1,
        7.333,
        7.594,
        7.667,
        8,
        8,
        8
      ]
    },
    {
      "Target": "Parameter",
      "Id": "ShoulderR_Y",
      "Segments": [
        0,
        -11.088,
        1,
        0.722,
        -11.088,
        1.445,
        -10.92,
        2.167,
        -12.099,
        1,
        2.9,
        -13.296,
        3.634,
        -19,
        4.367,
        -19,
        1,
        4.956,
        -19,
        5.544,
        -18.788,
        6.133,
        -16,
        1,
        6.522,
        -14.159,
        6.911,
        -9.007,
        7.3,
        -9.007,
        0,
        8,
        -11.088
      ]
    },
    {
      "Target": "Parameter",
      "Id": "ShoulderR_Roll",
      "Segments": [
        0,
        1,
        0,
        3,
        3.34,
        0,
        8,
        1
      ]
    },
    {
      "Target": "Parameter",
      "Id": "ArmR_Roll",
      "Segments": [
        0,
        28.74,
        0,
        2.3,
        28.475,
        1,
        2.833,
        28.475,
        3.367,
        28.623,
        3.9,
        29,
        1,
        4.133,
        29.165,
        4.367,
        29.3,
        4.6,
        29.3,
        0,
        8,
        28.74
      ]
    },
    {
      "Target": "Parameter",
      "Id": "ShoulderL_Y",
      "Segments": [
        0,
        -8.578,
        2,
        0.033,
        -8.578,
        1,
        0.744,
        -8.578,
        1.456,
        -8.532,
        2.167,
        -8.71,
        1,
        2.911,
        -8.895,
        3.656,
        -19.122,
        4.4,
        -19.122,
        1,
        4.989,
        -19.122,
        5.578,
        -19.103,
        6.167,
        -17.122,
        1,
        6.511,
        -15.963,
        6.856,
        -5.618,
        7.2,
        -5.618,
        1,
        7.467,
        -5.618,
        7.733,
        -8.346,
        8,
        -8.564
      ]
    },
    {
      "Target": "Parameter",
      "Id": "ShoulderL_Roll",
      "Segments": [
        0,
        -19,
        1,
        0.222,
        -19,
        0.445,
        -18.271,
        0.667,
        -18,
        1,
        1.322,
        -17.199,
        1.978,
        -17,
        2.633,
        -17,
        0,
        3.7,
        -19.264,
        0,
        8,
        -19
      ]
    },
    {
      "Target": "Parameter",
      "Id": "HandR_Roll",
      "Segments": [
        0,
        -11.56,
        1,
        0.867,
        -12.28,
        1.733,
        -13.18,
        2.6,
        -13.18,
        0,
        3.9,
        -11,
        2,
        6.067,
        -11,
        0,
        8,
        -11.56
      ]
    },
    {
      "Target": "PartOpacity",
      "Id": "Part10",
      "Segments": [
        0,
        1,
        2,
        8,
        1
      ]
    },
    {
      "Target": "PartOpacity",
      "Id": "Part19",
      "Segments": [
        0,
        0,
        2,
        8,
        0
      ]
    },
    {
      "Target": "PartOpacity",
      "Id": "Part18",
      "Segments": [
        0,
        1,
        2,
        8,
        1
      ]
    },
    {
      "Target": "PartOpacity",
      "Id": "Part30",
      "Segments": [
        0,
        0,
        2,
        8,
        0
      ]
    },
    {
      "Target": "PartOpacity",
      "Id": "Part",
      "Segments": [
        0,
        1,
        2,
        8,
        1
      ]
    },
    {
      "Target": "PartOpacity",
      "Id": "Part5",
      "Segments": [
        0,
        1,
        2,
        8,
        1
      ]
    },
    {
      "Target": "PartOpacity",
      "Id": "Part6",
      "Segments": [
        0,
        1,
        2,
        8,
        1
      ]
    },
    {
      "Target": "PartOpacity",
      "Id": "Part3",
      "Segments": [
        0,
        1,
        2,
        8,
        1
      ]
    },
    {
      "Target": "PartOpacity",
      "Id": "Part4",
      "Segments": [
        0,
        1,
        2,
        8,
        1
      ]
    },
    {
      "Target": "PartOpacity",
      "Id": "Part21",
      "Segments": [
        0,
        1,
        2,
        8,
        1
      ]
    },
    {
      "Target": "PartOpacity",
      "Id": "Part7",
      "Segments": [
        0,
        1,
        2,
        8,
        1
      ]
    },
    {
      "Target": "PartOpacity",
      "Id": "Part20",
      "Segments": [
        0,
        0,
        2,
        8,
        0
      ]
    },
    {
      "Target": "PartOpacity",
      "Id": "Part11",
      "Segments": [
        0,
        1,
        2,
        8,
        1
      ]
    },
    {
      "Target": "PartOpacity",
      "Id": "Part29",
      "Segments": [
        0,
        0,
        2,
        8,
        0
      ]
    },
    {
      "Target": "PartOpacity",
      "Id": "Part9",
      "Segments": [
        0,
        1,
        2,
        8,
        1
      ]
    },
    {
      "Target": "PartOpacity",
      "Id": "Part2",
      "Segments": [
        0,
        1,
        2,
        8,
        1
      ]
    },
    {
      "Target": "PartOpacity",
      "Id": "Part13",
      "Segments": [
        0,
        1,
        2,
        8,
        1
      ]
    },
    {
      "Target": "PartOpacity",
      "Id": "Part15",
      "Segments": [
        0,
        1,
        2,
        8,
        1
      ]
    },
    {
      "Target": "PartOpacity",
      "Id": "Part25",
      "Segments": [
        0,
        0,
        2,
        8,
        0
      ]
    },
    {
      "Target": "PartOpacity",
      "Id": "Part27",
      "Segments": [
        0,
        0,
        2,
        8,
        0
      ]
    },
    {
      "Target": "PartOpacity",
      "Id": "Part31",
      "Segments": [
        0,
        0,
        2,
        8,
        0
      ]
    },
    {
      "Target": "PartOpacity",
      "Id": "Part22",
      "Segments": [
        0,
        1,
        2,
        8,
        1
      ]
    },
    {
      "Target": "PartOpacity",
      "Id": "Part32",
      "Segments": [
        0,
        1,
        2,
        8,
        1
      ]
    },
    {
      "Target": "PartOpacity",
      "Id": "Part26",
      "Segments": [
        0,
        0,
        2,
        8,
        0
      ]
    },
    {
      "Target": "PartOpacity",
      "Id": "Part23",
      "Segments": [
        0,
        1,
        2,
        8,
        1
      ]
    },
    {
      "Target": "PartOpacity",
      "Id": "Part28",
      "Segments": [
        0,
        0,
        2,
        8,
        0
      ]
    },
    {
      "Target": "PartOpacity",
      "Id": "Part16",
      "Segments": [
        0,
        1,
        2,
        8,
        1
      ]
    },
    {
      "Target": "PartOpacity",
      "Id": "Part14",
      "Segments": [
        0,
        1,
        2,
        8,
        1
      ]
    },
    {
      "Target": "Model",
      "Id": "Opacity",
      "Segments": [
        0,
        1,
        0,
        8,
        1
      ]
    },
    {
      "Target": "Parameter",
      "Id": "Skirt_Open",
      "Segments": [
        0,
        0,
        0,
        8,
        0
      ]
    },
    {
      "Target": "Parameter",
      "Id": "EyeBallX",
      "Segments": [
        0,
        0.192,
        0,
        8,
        0.192
      ]
    },
    {
      "Target": "Parameter",
      "Id": "EyeBallY",
      "Segments": [
        0,
        -0.072,
        0,
        8,
        -0.072
      ]
    },
    {
      "Target": "Parameter",
      "Id": "EyeBall_L_Size",
      "Segments": [
        0,
        0,
        0,
        8,
        0
      ]
    },
    {
      "Target": "Parameter",
      "Id": "EyeBall_R_Size",
      "Segments": [
        0,
        0,
        0,
        8,
        0
      ]
    },
    {
      "Target": "Parameter",
      "Id": "EyeL_Open",
      "Segments": [
        0,
        0,
        0,
        8,
        0
      ]
    },
    {
      "Target": "Parameter",
      "Id": "EyeL_Smile",
      "Segments": [
        0,
        0.9,
        0,
        8,
        0.9
      ]
    },
    {
      "Target": "Parameter",
      "Id": "EyeR_Open",
      "Segments": [
        0,
        0,
        0,
        8,
        0
      ]
    },
    {
      "Target": "Parameter",
      "Id": "EyeR_Smile",
      "Segments": [
        0,
        0.8,
        0,
        8,
        0.8
      ]
    },
    {
      "Target": "Parameter",
      "Id": "BrowLY",
      "Segments": [
        0,
        -0.9,
        0,
        8,
        -0.9
      ]
    },
    {
      "Target": "Parameter",
      "Id": "BrowRY",
      "Segments": [
        0,
        -0.7,
        0,
        8,
        -0.7
      ]
    },
    {
      "Target": "Parameter",
      "Id": "BrowL_Angle",
      "Segments": [
        0,
        0.3,
        0,
        8,
        0.3
      ]
    },
    {
      "Target": "Parameter",
      "Id": "BrowL_Form",
      "Segments": [
        0,
        -1,
        0,
        8,
        -1
      ]
    },
    {
      "Target": "Parameter",
      "Id": "BrowR_Form",
      "Segments": [
        0,
        -1,
        0,
        8,
        -1
      ]
    },
    {
      "Target": "Parameter",
      "Id": "MouthForm2",
      "Segments": [
        0,
        -1,
        0,
        8,
        -1
      ]
    },
    {
      "Target": "Parameter",
      "Id": "Mouth_Form",
      "Segments": [
        0,
        0,
        0,
        8,
        0
      ]
    },
    {
      "Target": "Parameter",
      "Id": "Mouth_Open",
      "Segments": [
        0,
        1,
        0,
        8,
        1
      ]
    },
    {
      "Target": "Parameter",
      "Id": "Mouth_Size",
      "Segments": [
        0,
        1,
        0,
        8,
        1
      ]
    },
    {
      "Target": "Parameter",
      "Id": "ArmR_Form",
      "Segments": [
        0,
        30,
        0,
        8,
        30
      ]
    },
    {
      "Target": "Parameter",
      "Id": "ShoulderR_Form",
      "Segments": [
        0,
        15,
        0,
        8,
        15
      ]
    },
    {
      "Target": "Parameter",
      "Id": "SleeveR_Form",
      "Segments": [
        0,
        30,
        0,
        8,
        30
      ]
    },
    {
      "Target": "Parameter",
      "Id": "ArmL_Roll",
      "Segments": [
        0,
        -29,
        0,
        8,
        -29
      ]
    },
    {
      "Target": "Parameter",
      "Id": "ArmL_Form",
      "Segments": [
        0,
        30,
        0,
        8,
        30
      ]
    },
    {
      "Target": "Parameter",
      "Id": "ShoulderL_Form",
      "Segments": [
        0,
        14,
        0,
        8,
        14
      ]
    },
    {
      "Target": "Parameter",
      "Id": "SleeveL_Form",
      "Segments": [
        0,
        -15,
        0,
        8,
        -15
      ]
    },
    {
      "Target": "Parameter",
      "Id": "HandL_Roll",
      "Segments": [
        0,
        4,
        0,
        8,
        4
      ]
    },
    {
      "Target": "Parameter",
      "Id": "Param3",
      "Segments": [
        0,
        0,
        0,
        8,
        0
      ]
    },
    {
      "Target": "Parameter",
      "Id": "HandL_move",
      "Segments": [
        0,
        30,
        0,
        8,
        30
      ]
    },
    {
      "Target": "Parameter",
      "Id": "HandR_move",
      "Segments": [
        0,
        0,
        0,
        8,
        0
      ]
    },
    {
      "Target": "Parameter",
      "Id": "Param2",
      "Segments": [
        0,
        -30,
        0,
        8,
        -30
      ]
    },
    {
      "Target": "Parameter",
      "Id": "Param",
      "Segments": [
        0,
        30,
        0,
        8,
        30
      ]
    }
  ],
  "UserData": [
    {
      "Time": 0.0,
      "Value": ""
    }
  ]
}