{
  "Version": 3,
  "Meta": {
    "Duration": 2.0,
    "Fps": 30.0,
    "Loop": true,
    "AreBeziersRestricted": true,
    "CurveCount": 81,
    "TotalSegmentCount": 158,
    "TotalPointCount": 232,
    "UserDataCount": 1,
    "TotalUserDataSize": 0
  },
  "Curves": [
    {
      "Target": "Parameter",
      "Id": "Body_Twist",
      "Segments": [
        0,
        0,
        0,
        0.267,
        -11,
        1,
        0.478,
        -11,
        0.689,
        -7.358,
        0.9,
        -5,
        1,
        1.267,
        -0.904,
        1.633,
        0,
        2,
        0
      ]
    },
    {
      "Target": "Parameter",
      "Id": "Body_Shaking",
      "Segments": [
        0,
        0,
        0,
        0.467,
        -8,
        1,
        0.678,
        -8,
        0.889,
        -2.077,
        1.1,
        0.665,
        1,
        1.4,
        4.561,
        1.7,
        5,
        2,
        5
      ]
    },
    {
      "Target": "Parameter",
      "Id": "BodyY",
      "Segments": [
        0,
        0,
        0,
        0.433,
        -10,
        0,
        2,
        0
      ]
    },
    {
      "Target": "Parameter",
      "Id": "Body_Pose1",
      "Segments": [
        0,
        0,
        1,
        0.156,
        0,
        0.311,
        1.43,
        0.467,
        6,
        1,
        0.645,
        11.223,
        0.822,
        22.988,
        1,
        24,
        1,
        1.333,
        25.898,
        1.667,
        26,
        2,
        26
      ]
    },
    {
      "Target": "Parameter",
      "Id": "Waist_Move",
      "Segments": [
        0,
        0,
        0,
        0.367,
        5,
        0,
        1.567,
        -5,
        2,
        2,
        -5
      ]
    },
    {
      "Target": "Parameter",
      "Id": "Skirt_Shaking",
      "Segments": [
        0,
        0,
        0,
        1.033,
        -10,
        0,
        2,
        -3
      ]
    },
    {
      "Target": "Parameter",
      "Id": "Skirt_Open",
      "Segments": [
        0,
        0,
        0,
        0.6,
        -4,
        0,
        1.333,
        0,
        2,
        2,
        0
      ]
    },
    {
      "Target": "Parameter",
      "Id": "Head_X",
      "Segments": [
        0,
        0,
        0,
        0.567,
        -11.461,
        1,
        0.778,
        -11.461,
        0.989,
        2.914,
        1.2,
        2.956,
        1,
        1.467,
        3.008,
        1.733,
        3,
        2,
        3
      ]
    },
    {
      "Target": "Parameter",
      "Id": "Head_Y",
      "Segments": [
        0,
        0,
        1,
        0.189,
        0,
        0.378,
        -3.016,
        0.567,
        -4,
        1,
        1.045,
        -6.49,
        1.522,
        -7,
        2,
        -7
      ]
    },
    {
      "Target": "Parameter",
      "Id": "Head_Roll",
      "Segments": [
        0,
        0,
        0,
        0.433,
        -6,
        1,
        0.622,
        -6,
        0.811,
        -3.133,
        1,
        -1.2,
        1,
        1.333,
        2.212,
        1.667,
        3,
        2,
        3
      ]
    },
    {
      "Target": "Parameter",
      "Id": "HairFront_Shaking",
      "Segments": [
        0,
        0,
        0,
        0.667,
        -0.7,
        1,
        0.856,
        -0.7,
        1.044,
        0.003,
        1.233,
        0.266,
        1,
        1.289,
        0.367,
        1.344,
        0.42,
        1.4,
        0.418,
        1,
        1.6,
        0.418,
        1.8,
        0.222,
        2,
        0
      ]
    },
    {
      "Target": "Parameter",
      "Id": "EyeBallY",
      "Segments": [
        0,
        0,
        1,
        0.667,
        0,
        1.333,
        0.168,
        2,
        0.21
      ]
    },
    {
      "Target": "Parameter",
      "Id": "EyeL_Smile",
      "Segments": [
        0,
        0,
        0,
        2,
        -0.5
      ]
    },
    {
      "Target": "Parameter",
      "Id": "EyeR_Smile",
      "Segments": [
        0,
        0,
        0,
        2,
        -0.7
      ]
    },
    {
      "Target": "Parameter",
      "Id": "BrowLY",
      "Segments": [
        0,
        0,
        0,
        2,
        0.5
      ]
    },
    {
      "Target": "Parameter",
      "Id": "BrowRY",
      "Segments": [
        0,
        0,
        0,
        0.2,
        -0.188,
        0,
        2,
        0.3
      ]
    },
    {
      "Target": "Parameter",
      "Id": "BrowL_Angle",
      "Segments": [
        0,
        0,
        0,
        0.233,
        -0.412,
        0,
        2,
        -0.1
      ]
    },
    {
      "Target": "Parameter",
      "Id": "BrowR_Angle",
      "Segments": [
        0,
        0,
        0,
        0.233,
        -0.241,
        0,
        2,
        0
      ]
    },
    {
      "Target": "Parameter",
      "Id": "BrowL_Form",
      "Segments": [
        0,
        0,
        1,
        0.067,
        0,
        0.133,
        -0.523,
        0.2,
        -0.559,
        1,
        0.8,
        -0.883,
        1.4,
        -1,
        2,
        -1
      ]
    },
    {
      "Target": "Parameter",
      "Id": "BrowL_Form2",
      "Segments": [
        0,
        0,
        1,
        0.667,
        0,
        1.333,
        5.021,
        2,
        11
      ]
    },
    {
      "Target": "Parameter",
      "Id": "BrowR_Form",
      "Segments": [
        0,
        0,
        0,
        0.2,
        -0.646,
        0,
        2,
        0.4
      ]
    },
    {
      "Target": "Parameter",
      "Id": "BrowR_Form2",
      "Segments": [
        0,
        0,
        0,
        2,
        15
      ]
    },
    {
      "Target": "Parameter",
      "Id": "Mouth_Form",
      "Segments": [
        0,
        0,
        0,
        0.2,
        -0.1,
        1,
        0.8,
        -0.1,
        1.4,
        0.1,
        2,
        0.4
      ]
    },
    {
      "Target": "Parameter",
      "Id": "ShoulderR_Y",
      "Segments": [
        0,
        0,
        0,
        0.7,
        4,
        2,
        2,
        4
      ]
    },
    {
      "Target": "Parameter",
      "Id": "ShoulderR_Roll",
      "Segments": [
        0,
        0,
        0,
        0.267,
        -4,
        1,
        0.534,
        -4,
        0.8,
        -1.135,
        1.067,
        -0.972,
        1,
        1.378,
        -0.781,
        1.689,
        -0.812,
        2,
        -0.812
      ]
    },
    {
      "Target": "Parameter",
      "Id": "ArmR_Roll",
      "Segments": [
        0,
        0,
        2,
        0.3,
        0,
        0,
        0.833,
        13.5,
        2,
        2,
        13.5
      ]
    },
    {
      "Target": "Parameter",
      "Id": "ArmR_Form",
      "Segments": [
        0,
        -30,
        2,
        0.167,
        -30,
        1,
        0.278,
        -30,
        0.389,
        5.581,
        0.5,
        13,
        1,
        0.722,
        27.838,
        0.945,
        30,
        1.167,
        30,
        2,
        2,
        30
      ]
    },
    {
      "Target": "Parameter",
      "Id": "ShoulderR_Form",
      "Segments": [
        0,
        -30,
        2,
        0.3,
        -30,
        0,
        0.867,
        3,
        2,
        2,
        3
      ]
    },
    {
      "Target": "Parameter",
      "Id": "SleeveR_Form",
      "Segments": [
        0,
        -30,
        2,
        0.333,
        -30,
        1,
        0.366,
        -30,
        0.4,
        -21.938,
        0.433,
        -10,
        1,
        0.511,
        17.854,
        0.589,
        30,
        0.667,
        30,
        2,
        2,
        30
      ]
    },
    {
      "Target": "Parameter",
      "Id": "ShoulderL_Y",
      "Segments": [
        0,
        0,
        1,
        0.233,
        0,
        0.467,
        -0.55,
        0.7,
        -2,
        1,
        1,
        -3.864,
        1.3,
        -5,
        1.6,
        -5,
        2,
        2,
        -5
      ]
    },
    {
      "Target": "Parameter",
      "Id": "ShoulderL_Roll",
      "Segments": [
        0,
        0,
        1,
        0.122,
        0,
        0.245,
        -1.114,
        0.367,
        -3,
        1,
        0.6,
        -6.6,
        0.834,
        -12.997,
        1.067,
        -13.488,
        1,
        1.378,
        -14.144,
        1.689,
        -14.088,
        2,
        -14.088
      ]
    },
    {
      "Target": "Parameter",
      "Id": "ArmL_Roll",
      "Segments": [
        0,
        0,
        1,
        0.111,
        0,
        0.222,
        -11.366,
        0.333,
        -19.146,
        1,
        0.511,
        -31.594,
        0.689,
        -34.436,
        0.867,
        -34.436,
        0,
        2,
        -34.2
      ]
    },
    {
      "Target": "Parameter",
      "Id": "ArmL_Form",
      "Segments": [
        0,
        -30,
        0,
        0.933,
        -25,
        2,
        1.133,
        -25,
        2,
        2,
        -25
      ]
    },
    {
      "Target": "Parameter",
      "Id": "ShoulderL_Form",
      "Segments": [
        0,
        -30,
        0,
        0.933,
        -3,
        2,
        1.133,
        -3,
        2,
        2,
        -3
      ]
    },
    {
      "Target": "Parameter",
      "Id": "SleeveL_Form",
      "Segments": [
        0,
        30,
        0,
        0.333,
        10,
        2,
        2,
        10
      ]
    },
    {
      "Target": "Parameter",
      "Id": "HandL_Roll",
      "Segments": [
        0,
        0,
        2,
        0.4,
        0,
        0,
        0.9,
        5,
        2,
        2,
        5
      ]
    },
    {
      "Target": "Parameter",
      "Id": "HandR_Roll",
      "Segments": [
        0,
        0,
        1,
        0.278,
        0,
        0.555,
        0.757,
        0.833,
        3,
        1,
        0.878,
        3.359,
        0.922,
        8.712,
        0.967,
        8.745,
        1,
        1.311,
        9,
        1.656,
        9.019,
        2,
        9.425
      ]
    },
    {
      "Target": "Parameter",
      "Id": "Param3",
      "Segments": [
        0,
        0,
        2,
        0.267,
        0,
        0,
        0.467,
        30,
        2,
        2,
        30
      ]
    },
    {
      "Target": "Parameter",
      "Id": "Param",
      "Segments": [
        0,
        0,
        2,
        0.333,
        30,
        2,
        0.767,
        0,
        3,
        0.9,
        0,
        2,
        2,
        0
      ]
    },
    {
      "Target": "PartOpacity",
      "Id": "Part10",
      "Segments": [
        0,
        1,
        2,
        2,
        1
      ]
    },
    {
      "Target": "PartOpacity",
      "Id": "Part19",
      "Segments": [
        0,
        1,
        2,
        0.33,
        1,
        0,
        0.43,
        0,
        2,
        0.97,
        0,
        2,
        2,
        0
      ]
    },
    {
      "Target": "PartOpacity",
      "Id": "Part18",
      "Segments": [
        0,
        0,
        2,
        0.23,
        0,
        2,
        0.37,
        0,
        2,
        0.6,
        0,
        2,
        2,
        0
      ]
    },
    {
      "Target": "PartOpacity",
      "Id": "Part30",
      "Segments": [
        0,
        0,
        2,
        0.33,
        0,
        0,
        0.43,
        1,
        2,
        2,
        1
      ]
    },
    {
      "Target": "PartOpacity",
      "Id": "Part",
      "Segments": [
        0,
        1,
        2,
        2,
        1
      ]
    },
    {
      "Target": "PartOpacity",
      "Id": "Part5",
      "Segments": [
        0,
        1,
        2,
        2,
        1
      ]
    },
    {
      "Target": "PartOpacity",
      "Id": "Part6",
      "Segments": [
        0,
        1,
        2,
        2,
        1
      ]
    },
    {
      "Target": "PartOpacity",
      "Id": "Part3",
      "Segments": [
        0,
        1,
        2,
        2,
        1
      ]
    },
    {
      "Target": "PartOpacity",
      "Id": "Part4",
      "Segments": [
        0,
        1,
        2,
        2,
        1
      ]
    },
    {
      "Target": "PartOpacity",
      "Id": "Part21",
      "Segments": [
        0,
        1,
        2,
        2,
        1
      ]
    },
    {
      "Target": "PartOpacity",
      "Id": "Part7",
      "Segments": [
        0,
        1,
        2,
        2,
        1
      ]
    },
    {
      "Target": "PartOpacity",
      "Id": "Part20",
      "Segments": [
        0,
        0,
        2,
        2,
        0
      ]
    },
    {
      "Target": "PartOpacity",
      "Id": "Part11",
      "Segments": [
        0,
        1,
        2,
        2,
        1
      ]
    },
    {
      "Target": "PartOpacity",
      "Id": "Part29",
      "Segments": [
        0,
        0,
        2,
        0.4,
        1,
        2,
        2,
        1
      ]
    },
    {
      "Target": "PartOpacity",
      "Id": "Part9",
      "Segments": [
        0,
        0,
        2,
        0.4,
        1,
        2,
        2,
        1
      ]
    },
    {
      "Target": "PartOpacity",
      "Id": "Part2",
      "Segments": [
        0,
        1,
        2,
        2,
        1
      ]
    },
    {
      "Target": "PartOpacity",
      "Id": "Part13",
      "Segments": [
        0,
        1,
        2,
        2,
        1
      ]
    },
    {
      "Target": "PartOpacity",
      "Id": "Part15",
      "Segments": [
        0,
        1,
        2,
        2,
        1
      ]
    },
    {
      "Target": "PartOpacity",
      "Id": "Part25",
      "Segments": [
        0,
        1,
        2,
        0.33,
        1,
        2,
        0.4,
        0,
        2,
        2,
        0
      ]
    },
    {
      "Target": "PartOpacity",
      "Id": "Part27",
      "Segments": [
        0,
        0,
        2,
        2,
        0
      ]
    },
    {
      "Target": "PartOpacity",
      "Id": "Part31",
      "Segments": [
        0,
        0,
        2,
        0.33,
        0,
        0,
        0.4,
        1,
        2,
        2,
        1
      ]
    },
    {
      "Target": "PartOpacity",
      "Id": "Part22",
      "Segments": [
        0,
        0,
        2,
        0.4,
        0,
        2,
        2,
        0
      ]
    },
    {
      "Target": "PartOpacity",
      "Id": "Part32",
      "Segments": [
        0,
        1,
        2,
        2,
        1
      ]
    },
    {
      "Target": "PartOpacity",
      "Id": "Part26",
      "Segments": [
        0,
        1,
        2,
        0.4,
        0,
        2,
        2,
        0
      ]
    },
    {
      "Target": "PartOpacity",
      "Id": "Part23",
      "Segments": [
        0,
        0,
        2,
        2,
        0
      ]
    },
    {
      "Target": "PartOpacity",
      "Id": "Part28",
      "Segments": [
        0,
        1,
        2,
        0.47,
        0,
        2,
        2,
        0
      ]
    },
    {
      "Target": "PartOpacity",
      "Id": "Part16",
      "Segments": [
        0,
        1,
        2,
        2,
        1
      ]
    },
    {
      "Target": "PartOpacity",
      "Id": "Part14",
      "Segments": [
        0,
        1,
        2,
        2,
        1
      ]
    },
    {
      "Target": "Model",
      "Id": "Opacity",
      "Segments": [
        0,
        1,
        0,
        2,
        1
      ]
    },
    {
      "Target": "Parameter",
      "Id": "Breath",
      "Segments": [
        0,
        0,
        0,
        2,
        0
      ]
    },
    {
      "Target": "Parameter",
      "Id": "Skirt_Roll",
      "Segments": [
        0,
        0,
        0,
        2,
        0
      ]
    },
    {
      "Target": "Parameter",
      "Id": "EyeBallX",
      "Segments": [
        0,
        0,
        0,
        2,
        0
      ]
    },
    {
      "Target": "Parameter",
      "Id": "EyeBall_L_Size",
      "Segments": [
        0,
        0,
        0,
        2,
        0
      ]
    },
    {
      "Target": "Parameter",
      "Id": "EyeBall_R_Size",
      "Segments": [
        0,
        0,
        0,
        2,
        0
      ]
    },
    {
      "Target": "Parameter",
      "Id": "EyeL_Open",
      "Segments": [
        0,
        1,
        0,
        2,
        1
      ]
    },
    {
      "Target": "Parameter",
      "Id": "EyeR_Open",
      "Segments": [
        0,
        1,
        0,
        2,
        1
      ]
    },
    {
      "Target": "Parameter",
      "Id": "MouthForm2",
      "Segments": [
        0,
        0,
        0,
        2,
        0
      ]
    },
    {
      "Target": "Parameter",
      "Id": "Mouth_Open",
      "Segments": [
        0,
        1,
        0,
        2,
        1
      ]
    },
    {
      "Target": "Parameter",
      "Id": "Mouth_Size",
      "Segments": [
        0,
        1,
        0,
        2,
        1
      ]
    },
    {
      "Target": "Parameter",
      "Id": "HandL_move",
      "Segments": [
        0,
        0,
        0,
        2,
        0
      ]
    },
    {
      "Target": "Parameter",
      "Id": "HandR_move",
      "Segments": [
        0,
        0,
        0,
        2,
        0
      ]
    },
    {
      "Target": "Parameter",
      "Id": "Param2",
      "Segments": [
        0,
        0,
        0,
        2,
        0
      ]
    }
  ],
  "UserData": [
    {
      "Time": 0.0,
      "Value": ""
    }
  ]
}