{
  "Version": 3,
  "Meta": {
    "Duration": 8.0,
    "Fps": 30.0,
    "Loop": true,
    "AreBeziersRestricted": true,
    "CurveCount": 72,
    "TotalSegmentCount": 291,
    "TotalPointCount": 435,
    "UserDataCount": 1,
    "TotalUserDataSize": 0
  },
  "Curves": [
    {
      "Target": "Parameter",
      "Id": "Breath",
      "Segments": [
        0,
        0.99,
        1,
        0.156,
        0.971,
        0.311,
        0,
        0.467,
        0,
        0,
        1.667,
        1,
        0,
        3,
        0,
        0,
        4.367,
        1,
        1,
        4.645,
        1,
        4.922,
        1.001,
        5.2,
        0.99,
        1,
        5.4,
        0.982,
        5.6,
        0,
        5.8,
        0,
        0,
        7.333,
        1,
        0,
        8,
        0.99
      ]
    },
    {
      "Target": "Parameter",
      "Id": "Body_Shaking",
      "Segments": [
        0,
        4.368,
        1,
        0.178,
        7.409,
        0.355,
        9.033,
        0.533,
        9.033,
        0,
        1.733,
        -3,
        0,
        3,
        6,
        0,
        4.367,
        -3,
        1,
        4.611,
        -3,
        4.856,
        1.311,
        5.1,
        4.368,
        1,
        5.344,
        8.326,
        5.589,
        9.361,
        5.833,
        9.361,
        0,
        7.267,
        -3,
        1,
        7.511,
        -3,
        7.756,
        2.115,
        8,
        4.368
      ]
    },
    {
      "Target": "Parameter",
      "Id": "BodyY",
      "Segments": [
        0,
        -5.513,
        0,
        0.533,
        5,
        0,
        1.1,
        -5.513,
        0,
        1.7,
        5,
        0,
        2.367,
        -3,
        0,
        3.033,
        5,
        0,
        3.767,
        -3,
        0,
        4.433,
        4.03,
        0,
        5.1,
        -5.513,
        0,
        5.767,
        6,
        0,
        6.6,
        -5.513,
        0,
        7.333,
        5,
        0,
        8,
        -5.513
      ]
    },
    {
      "Target": "Parameter",
      "Id": "Body_Twist",
      "Segments": [
        0,
        -11.64,
        1,
        0.156,
        -16.104,
        0.311,
        -21.891,
        0.467,
        -21.891,
        0,
        1.733,
        0,
        0,
        3,
        -26.557,
        0,
        4.367,
        0,
        1,
        4.645,
        0,
        4.922,
        -5.561,
        5.2,
        -11.64,
        1,
        5.467,
        -18.773,
        5.733,
        -21.891,
        6,
        -21.891,
        0,
        7.333,
        -2.383,
        1,
        7.555,
        -2.383,
        7.778,
        -6.431,
        8,
        -11.64
      ]
    },
    {
      "Target": "Parameter",
      "Id": "Skirt_Shaking",
      "Segments": [
        0,
        0,
        1,
        0.233,
        8.283,
        0.467,
        11,
        0.7,
        11,
        0,
        1.933,
        -10,
        0,
        3.233,
        12,
        0,
        4.633,
        -17.984,
        0,
        6.033,
        11,
        0,
        7.567,
        -10,
        1,
        7.711,
        -10,
        7.856,
        -4.918,
        8,
        0
      ]
    },
    {
      "Target": "Parameter",
      "Id": "Skirt_Roll",
      "Segments": [
        0,
        -1.234,
        1,
        0.267,
        9.665,
        0.533,
        14.648,
        0.8,
        14.648,
        0,
        1.733,
        -9,
        0,
        3,
        11.985,
        0,
        4.367,
        -9,
        0,
        5.8,
        16,
        0,
        7.367,
        -9,
        1,
        7.578,
        -9,
        7.789,
        -5.66,
        8,
        -1.234
      ]
    },
    {
      "Target": "Parameter",
      "Id": "Tie_Shaking",
      "Segments": [
        0,
        -6.029,
        1,
        0.278,
        5.81,
        0.555,
        12.43,
        0.833,
        12.43,
        0,
        2.033,
        -12.266,
        0,
        3.567,
        17.091,
        0,
        5.333,
        -12.266,
        0,
        6.4,
        9.99,
        0,
        7.567,
        -11.408,
        1,
        7.711,
        -11.408,
        7.856,
        -10.713,
        8,
        -6.029
      ]
    },
    {
      "Target": "Parameter",
      "Id": "Head_AngleX",
      "Segments": [
        0,
        0,
        1,
        0.244,
        -1.875,
        0.489,
        -2,
        0.733,
        -2,
        1,
        1.1,
        -2,
        1.466,
        0.2,
        1.833,
        3,
        1,
        2.189,
        5.716,
        2.544,
        6.9,
        2.9,
        10,
        1,
        3.344,
        13.875,
        3.789,
        17.931,
        4.233,
        17.931,
        1,
        4.5,
        17.931,
        4.766,
        1.555,
        5.033,
        -0.069,
        1,
        5.378,
        -2.167,
        5.722,
        -2,
        6.067,
        -2,
        0,
        7.467,
        3,
        1,
        7.645,
        3,
        7.822,
        1.572,
        8,
        0
      ]
    },
    {
      "Target": "Parameter",
      "Id": "Head_AngleY",
      "Segments": [
        0,
        0,
        1,
        0.244,
        -11.071,
        0.489,
        -16,
        0.733,
        -16,
        0,
        1.833,
        6,
        1,
        2.189,
        6,
        2.544,
        4.909,
        2.9,
        4,
        1,
        3.344,
        2.864,
        3.789,
        2.123,
        4.233,
        1.282,
        1,
        4.5,
        0.778,
        4.766,
        0.88,
        5.033,
        -0.069,
        1,
        5.378,
        -1.296,
        5.722,
        -16,
        6.067,
        -16,
        0,
        7.467,
        6,
        1,
        7.645,
        6,
        7.822,
        2.236,
        8,
        0
      ]
    },
    {
      "Target": "Parameter",
      "Id": "Head_Roll",
      "Segments": [
        0,
        -15.655,
        1,
        0.144,
        -13.888,
        0.289,
        -6.324,
        0.433,
        0,
        1,
        0.555,
        4.046,
        0.678,
        4.478,
        0.8,
        4.693,
        1,
        0.944,
        4.693,
        1.089,
        4.779,
        1.233,
        3.145,
        1,
        1.366,
        1.636,
        1.5,
        -7.91,
        1.633,
        -11.198,
        1,
        1.755,
        -14.213,
        1.878,
        -14.634,
        2,
        -14.634,
        1,
        2.144,
        -14.634,
        2.289,
        -14.731,
        2.433,
        -12.73,
        1,
        2.589,
        -10.548,
        2.744,
        0.2,
        2.9,
        3.816,
        1,
        3.056,
        7.433,
        3.211,
        7.93,
        3.367,
        7.93,
        1,
        3.489,
        7.93,
        3.611,
        7.768,
        3.733,
        6.357,
        1,
        3.922,
        4.011,
        4.111,
        -7.463,
        4.3,
        -11.268,
        1,
        4.422,
        -13.958,
        4.545,
        -14.328,
        4.667,
        -14.418,
        1,
        4.789,
        -14.418,
        4.911,
        -14.543,
        5.033,
        -12.567,
        1,
        5.255,
        -8.974,
        5.478,
        -0.922,
        5.7,
        4.067,
        1,
        5.833,
        7.061,
        5.967,
        7.93,
        6.1,
        7.93,
        1,
        6.244,
        7.93,
        6.389,
        8.038,
        6.533,
        5.718,
        1,
        6.733,
        2.507,
        6.933,
        -7.367,
        7.133,
        -11.655,
        1,
        7.311,
        -15.467,
        7.489,
        -16.135,
        7.667,
        -16.135,
        1,
        7.778,
        -16.135,
        7.889,
        -16.184,
        8,
        -15.655
      ]
    },
    {
      "Target": "Parameter",
      "Id": "EyeBallX",
      "Segments": [
        0,
        0,
        0,
        0.767,
        0.2,
        0,
        1.833,
        0.1,
        2,
        2.9,
        0.1,
        0,
        4.233,
        0,
        2,
        5.033,
        0,
        0,
        6.067,
        0.2,
        1,
        6.534,
        0.2,
        7,
        0.18,
        7.467,
        0.1,
        1,
        7.645,
        0.069,
        7.822,
        0,
        8,
        0
      ]
    },
    {
      "Target": "Parameter",
      "Id": "EyeBallY",
      "Segments": [
        0,
        0,
        2,
        0.767,
        0,
        0,
        1.833,
        -0.1,
        2,
        2.9,
        -0.1,
        0,
        4.233,
        0,
        2,
        5.033,
        0,
        2,
        6.067,
        0,
        0,
        7.467,
        -0.1,
        0,
        8,
        0
      ]
    },
    {
      "Target": "Parameter",
      "Id": "BrowLY",
      "Segments": [
        0,
        0.5,
        0,
        2.133,
        -0.002,
        1,
        2.8,
        -0.002,
        3.466,
        0.351,
        4.133,
        0.4,
        1,
        5.422,
        0.495,
        6.711,
        0.5,
        8,
        0.5
      ]
    },
    {
      "Target": "Parameter",
      "Id": "BrowRY",
      "Segments": [
        0,
        0.556,
        0,
        2.133,
        -0.002,
        1,
        2.8,
        -0.002,
        3.466,
        0.326,
        4.133,
        0.4,
        1,
        5.422,
        0.543,
        6.711,
        0.556,
        8,
        0.556
      ]
    },
    {
      "Target": "Parameter",
      "Id": "HairFront_Shaking",
      "Segments": [
        0,
        0,
        1,
        0.167,
        0.514,
        0.333,
        0.8,
        0.5,
        0.8,
        0,
        1.067,
        -0.6,
        0,
        2,
        0.5,
        0,
        2.833,
        -0.504,
        0,
        3.7,
        0.671,
        0,
        4.567,
        -0.6,
        0,
        5.4,
        0.55,
        0,
        6.133,
        -0.504,
        0,
        6.8,
        0.55,
        0,
        7.567,
        -0.467,
        1,
        7.711,
        -0.467,
        7.856,
        -0.235,
        8,
        0
      ]
    },
    {
      "Target": "Parameter",
      "Id": "HairSide_Shaking",
      "Segments": [
        0,
        0.088,
        1,
        0.344,
        0.241,
        0.689,
        0.351,
        1.033,
        0.351,
        0,
        2.267,
        0.002,
        0,
        3.467,
        0.332,
        0,
        4.767,
        -0.12,
        0,
        6.367,
        0.302,
        0,
        7.6,
        -0.12,
        1,
        7.733,
        -0.12,
        7.867,
        -0.002,
        8,
        0.088
      ]
    },
    {
      "Target": "Parameter",
      "Id": "HairBack_Shaking",
      "Segments": [
        0,
        0.095,
        1,
        0.344,
        0.261,
        0.689,
        0.381,
        1.033,
        0.381,
        0,
        2.267,
        0.003,
        0,
        3.467,
        0.303,
        0,
        4.767,
        -0.167,
        0,
        6.367,
        0.303,
        0,
        7.6,
        -0.167,
        1,
        7.733,
        -0.167,
        7.867,
        -0.023,
        8,
        0.095
      ]
    },
    {
      "Target": "Parameter",
      "Id": "ShoulderL_Roll",
      "Segments": [
        0,
        0.15,
        0,
        0.4,
        0,
        0,
        1.067,
        0.856,
        0,
        1.667,
        -1.2,
        0,
        2.367,
        0.783,
        0,
        3,
        -1.2,
        0,
        3.8,
        0.861,
        0,
        4.467,
        -1.2,
        0,
        5.067,
        0.783,
        0,
        5.733,
        -1.2,
        0,
        6.6,
        0.861,
        0,
        7.233,
        -1.2,
        0,
        7.833,
        0,
        1,
        7.889,
        0.11,
        7.944,
        0.15,
        8,
        0.15
      ]
    },
    {
      "Target": "Parameter",
      "Id": "ArmL_Roll",
      "Segments": [
        0,
        -0.387,
        1,
        0.133,
        0.127,
        0.267,
        0.2,
        0.4,
        0.2,
        0,
        1.033,
        -0.116,
        0,
        1.667,
        0.2,
        0,
        2.367,
        0,
        0,
        3,
        0.2,
        0,
        3.833,
        0,
        0,
        4.467,
        0.2,
        0,
        5.067,
        0,
        0,
        5.733,
        0.2,
        0,
        6.6,
        0,
        0,
        7.267,
        0.2,
        0,
        7.867,
        -0.568,
        1,
        7.911,
        -0.568,
        7.956,
        -0.501,
        8,
        -0.387
      ]
    },
    {
      "Target": "Parameter",
      "Id": "ShoulderR_Roll",
      "Segments": [
        0,
        -0.942,
        1,
        0.133,
        -0.33,
        0.267,
        0,
        0.4,
        0,
        0,
        1,
        -1.358,
        0,
        1.6,
        0.158,
        0,
        2.333,
        -1.253,
        0,
        3,
        0.158,
        0,
        3.8,
        -1.253,
        0,
        4.467,
        0.158,
        0,
        5.033,
        -1.201,
        0,
        5.9,
        0.158,
        0,
        6.6,
        -1.378,
        0,
        7.333,
        0.136,
        0,
        8,
        -0.942
      ]
    },
    {
      "Target": "Parameter",
      "Id": "ArmR_Roll",
      "Segments": [
        0,
        0.867,
        1,
        0.133,
        0.992,
        0.267,
        1.014,
        0.4,
        1.014,
        0,
        0.967,
        0.605,
        0,
        1.6,
        0.981,
        0,
        2.333,
        0.602,
        0,
        3,
        0.989,
        0,
        3.8,
        0.602,
        0,
        4.467,
        0.981,
        0,
        5.167,
        0.605,
        0,
        5.867,
        0.989,
        0,
        6.633,
        0.605,
        0,
        7.333,
        0.958,
        0,
        7.833,
        0.688,
        0,
        8,
        0.867
      ]
    },
    {
      "Target": "Parameter",
      "Id": "ArmR_Sleeve_Move",
      "Segments": [
        0,
        0,
        1,
        0.267,
        -16.708,
        0.533,
        -28.297,
        0.8,
        -28.297,
        0,
        2.8,
        25.232,
        0,
        5.133,
        -28.297,
        0,
        7.2,
        27.332,
        1,
        7.467,
        27.332,
        7.733,
        17.3,
        8,
        0
      ]
    },
    {
      "Target": "Parameter",
      "Id": "ArmL_Sleeve_Move",
      "Segments": [
        0,
        0,
        1,
        0.267,
        17.069,
        0.533,
        28.842,
        0.8,
        28.842,
        0,
        3.133,
        -25.828,
        0,
        5.167,
        26.833,
        0,
        7.2,
        -24.525,
        1,
        7.467,
        -24.525,
        7.733,
        -15.048,
        8,
        0
      ]
    },
    {
      "Target": "Parameter",
      "Id": "HandR_Roll",
      "Segments": [
        0,
        -4.883,
        0,
        0.567,
        4.599,
        0,
        1.2,
        -4.778,
        0,
        1.8,
        3.747,
        0,
        2.467,
        -4.778,
        0,
        3.2,
        3.884,
        0,
        4,
        -4.491,
        0,
        4.567,
        3.747,
        0,
        5.167,
        -4.491,
        0,
        5.8,
        3.884,
        0,
        6.467,
        -4.491,
        0,
        7.267,
        3.747,
        0,
        8,
        -4.883
      ]
    },
    {
      "Target": "Parameter",
      "Id": "HandL_Roll",
      "Segments": [
        0,
        5.637,
        0,
        0.633,
        -4.895,
        0,
        1.233,
        1.936,
        0,
        1.833,
        -4.895,
        0,
        2.5,
        4.077,
        0,
        3.233,
        -4.953,
        0,
        4,
        2.862,
        0,
        4.633,
        -3.617,
        0,
        5.167,
        4.408,
        0,
        5.8,
        -4.895,
        0,
        6.5,
        1.936,
        0,
        7.333,
        -4.895,
        0,
        8,
        5.637
      ]
    },
    {
      "Target": "Parameter",
      "Id": "HandR03_move",
      "Segments": [
        0,
        17.217,
        0,
        1.2,
        -7,
        0,
        1.8,
        16.296,
        0,
        2.467,
        -6,
        0,
        3.2,
        8,
        0,
        4,
        -7,
        0,
        5.2,
        16.296,
        0,
        6.367,
        -7,
        0,
        7.1,
        16.296,
        0,
        7.7,
        -6,
        0,
        8,
        17.217
      ]
    },
    {
      "Target": "Parameter",
      "Id": "HandL_move",
      "Segments": [
        0,
        -9,
        0,
        0.633,
        -15,
        0,
        1.233,
        4,
        0,
        1.833,
        -15,
        0,
        2.5,
        3,
        0,
        3.233,
        -5,
        0,
        4,
        4,
        1,
        4.211,
        4,
        4.422,
        0.215,
        4.633,
        -3,
        1,
        4.811,
        -5.707,
        4.989,
        -6.521,
        5.167,
        -9,
        1,
        5.4,
        -12.253,
        5.634,
        -15,
        5.867,
        -15,
        0,
        6.5,
        4,
        0,
        7.367,
        -15,
        0,
        8,
        -9
      ]
    },
    {
      "Target": "PartOpacity",
      "Id": "Part",
      "Segments": [
        0,
        1,
        2,
        8,
        1
      ]
    },
    {
      "Target": "PartOpacity",
      "Id": "Part2",
      "Segments": [
        0,
        1,
        2,
        8,
        1
      ]
    },
    {
      "Target": "PartOpacity",
      "Id": "Part12",
      "Segments": [
        0,
        1,
        2,
        8,
        1
      ]
    },
    {
      "Target": "PartOpacity",
      "Id": "Part4",
      "Segments": [
        0,
        1,
        2,
        8,
        1
      ]
    },
    {
      "Target": "PartOpacity",
      "Id": "Part3",
      "Segments": [
        0,
        1,
        2,
        8,
        1
      ]
    },
    {
      "Target": "PartOpacity",
      "Id": "Part13",
      "Segments": [
        0,
        1,
        2,
        8,
        1
      ]
    },
    {
      "Target": "PartOpacity",
      "Id": "Part22",
      "Segments": [
        0,
        0,
        2,
        8,
        0
      ]
    },
    {
      "Target": "PartOpacity",
      "Id": "Part9",
      "Segments": [
        0,
        1,
        2,
        8,
        1
      ]
    },
    {
      "Target": "PartOpacity",
      "Id": "Part17",
      "Segments": [
        0,
        1,
        2,
        8,
        1
      ]
    },
    {
      "Target": "PartOpacity",
      "Id": "Part18",
      "Segments": [
        0,
        0,
        2,
        8,
        0
      ]
    },
    {
      "Target": "PartOpacity",
      "Id": "Part19",
      "Segments": [
        0,
        0,
        2,
        8,
        0
      ]
    },
    {
      "Target": "PartOpacity",
      "Id": "Part23",
      "Segments": [
        0,
        1,
        2,
        8,
        1
      ]
    },
    {
      "Target": "PartOpacity",
      "Id": "Part21",
      "Segments": [
        0,
        0,
        2,
        8,
        0
      ]
    },
    {
      "Target": "PartOpacity",
      "Id": "Part24",
      "Segments": [
        0,
        0,
        2,
        8,
        0
      ]
    },
    {
      "Target": "PartOpacity",
      "Id": "Part26",
      "Segments": [
        0,
        1,
        2,
        8,
        1
      ]
    },
    {
      "Target": "PartOpacity",
      "Id": "Part8",
      "Segments": [
        0,
        1,
        2,
        8,
        1
      ]
    },
    {
      "Target": "PartOpacity",
      "Id": "Part6",
      "Segments": [
        0,
        1,
        2,
        8,
        1
      ]
    },
    {
      "Target": "PartOpacity",
      "Id": "Part11",
      "Segments": [
        0,
        1,
        2,
        8,
        1
      ]
    },
    {
      "Target": "PartOpacity",
      "Id": "Part5",
      "Segments": [
        0,
        1,
        2,
        8,
        1
      ]
    },
    {
      "Target": "PartOpacity",
      "Id": "Part10",
      "Segments": [
        0,
        1,
        2,
        8,
        1
      ]
    },
    {
      "Target": "PartOpacity",
      "Id": "Part14",
      "Segments": [
        0,
        0,
        2,
        8,
        0
      ]
    },
    {
      "Target": "PartOpacity",
      "Id": "Part15",
      "Segments": [
        0,
        0,
        2,
        8,
        0
      ]
    },
    {
      "Target": "PartOpacity",
      "Id": "Part16",
      "Segments": [
        0,
        1,
        2,
        8,
        1
      ]
    },
    {
      "Target": "PartOpacity",
      "Id": "Part7",
      "Segments": [
        0,
        1,
        2,
        8,
        1
      ]
    },
    {
      "Target": "PartOpacity",
      "Id": "Part20",
      "Segments": [
        0,
        1,
        2,
        8,
        1
      ]
    },
    {
      "Target": "Parameter",
      "Id": "Body_Pose1",
      "Segments": [
        0,
        0,
        0,
        8,
        0
      ]
    },
    {
      "Target": "Parameter",
      "Id": "HeadY",
      "Segments": [
        0,
        0,
        0,
        8,
        0
      ]
    },
    {
      "Target": "Parameter",
      "Id": "EyeL_Open",
      "Segments": [
        0,
        1,
        0,
        8,
        1
      ]
    },
    {
      "Target": "Parameter",
      "Id": "EyeL_Smile",
      "Segments": [
        0,
        0.746,
        0,
        8,
        0.746
      ]
    },
    {
      "Target": "Parameter",
      "Id": "EyeR_Open",
      "Segments": [
        0,
        1,
        0,
        8,
        1
      ]
    },
    {
      "Target": "Parameter",
      "Id": "EyeR_Smile",
      "Segments": [
        0,
        0.748,
        0,
        8,
        0.748
      ]
    },
    {
      "Target": "Parameter",
      "Id": "EyeBall_Size",
      "Segments": [
        0,
        -6,
        0,
        8,
        -6
      ]
    },
    {
      "Target": "Parameter",
      "Id": "BrowL_Angle",
      "Segments": [
        0,
        -0.3,
        0,
        8,
        -0.3
      ]
    },
    {
      "Target": "Parameter",
      "Id": "BrowR_Angle",
      "Segments": [
        0,
        -0.3,
        0,
        8,
        -0.3
      ]
    },
    {
      "Target": "Parameter",
      "Id": "BrowL_Form",
      "Segments": [
        0,
        0,
        0,
        8,
        0
      ]
    },
    {
      "Target": "Parameter",
      "Id": "BrowR_Form",
      "Segments": [
        0,
        0,
        0,
        8,
        0
      ]
    },
    {
      "Target": "Parameter",
      "Id": "EyeY",
      "Segments": [
        0,
        0,
        0,
        8,
        0
      ]
    },
    {
      "Target": "Parameter",
      "Id": "MouthY",
      "Segments": [
        0,
        0,
        0,
        8,
        0
      ]
    },
    {
      "Target": "Parameter",
      "Id": "Mouth_Form",
      "Segments": [
        0,
        -1,
        0,
        8,
        -1
      ]
    },
    {
      "Target": "Parameter",
      "Id": "Mouth_Open",
      "Segments": [
        0,
        1,
        0,
        8,
        1
      ]
    },
    {
      "Target": "Parameter",
      "Id": "Mouth_Size",
      "Segments": [
        0,
        0.6,
        0,
        8,
        0.6
      ]
    },
    {
      "Target": "Parameter",
      "Id": "Shoulder_Move",
      "Segments": [
        0,
        0,
        0,
        8,
        0
      ]
    },
    {
      "Target": "Parameter",
      "Id": "HandR01_Move",
      "Segments": [
        0,
        0,
        0,
        8,
        0
      ]
    },
    {
      "Target": "Parameter",
      "Id": "Leg_L",
      "Segments": [
        0,
        0,
        0,
        8,
        0
      ]
    },
    {
      "Target": "Parameter",
      "Id": "Leg_R",
      "Segments": [
        0,
        0,
        0,
        8,
        0
      ]
    }
  ],
  "UserData": [
    {
      "Time": 0.0,
      "Value": ""
    }
  ]
}