{
  "Version": 3,
  "Meta": {
    "Duration": 0.67,
    "Fps": 30.0,
    "Loop": true,
    "AreBeziersRestricted": true,
    "CurveCount": 87,
    "TotalSegmentCount": 130,
    "TotalPointCount": 166,
    "UserDataCount": 1,
    "TotalUserDataSize": 0
  },
  "Curves": [
    {
      "Target": "Parameter",
      "Id": "Breath",
      "Segments": [
        0,
        0,
        0,
        0.667,
        0.393
      ]
    },
    {
      "Target": "Parameter",
      "Id": "Body_Shaking",
      "Segments": [
        0,
        0,
        0,
        0.267,
        -1.94,
        1,
        0.4,
        -1.94,
        0.534,
        -0.727,
        0.667,
        0
      ]
    },
    {
      "Target": "Parameter",
      "Id": "BodyY",
      "Segments": [
        0,
        0,
        0,
        0.2,
        -19,
        0,
        0.533,
        6,
        1,
        0.578,
        6,
        0.622,
        -1.405,
        0.667,
        -2.139
      ]
    },
    {
      "Target": "Parameter",
      "Id": "Body_Twist",
      "Segments": [
        0,
        -19,
        0,
        0.2,
        -24.95,
        1,
        0.356,
        -24.95,
        0.511,
        -21.056,
        0.667,
        -21
      ]
    },
    {
      "Target": "Parameter",
      "Id": "Body_Pose1",
      "Segments": [
        0,
        0,
        0,
        0.2,
        -30,
        0,
        0.667,
        25
      ]
    },
    {
      "Target": "Parameter",
      "Id": "Waist_Roll",
      "Segments": [
        0,
        0,
        0,
        0.2,
        -7,
        1,
        0.356,
        -7,
        0.511,
        16.757,
        0.667,
        18.206
      ]
    },
    {
      "Target": "Parameter",
      "Id": "Ribbon_Shaking",
      "Segments": [
        0,
        0,
        0,
        0.367,
        -5.916,
        1,
        0.467,
        -5.916,
        0.567,
        -2.323,
        0.667,
        0
      ]
    },
    {
      "Target": "Parameter",
      "Id": "Key_Shaking",
      "Segments": [
        0,
        0,
        2,
        0.467,
        0,
        0,
        0.667,
        2.987
      ]
    },
    {
      "Target": "Parameter",
      "Id": "Skirt_Shaking",
      "Segments": [
        0,
        0,
        0,
        0.367,
        -8.373,
        1,
        0.467,
        -8.373,
        0.567,
        -3.619,
        0.667,
        0
      ]
    },
    {
      "Target": "Parameter",
      "Id": "All_Position",
      "Segments": [
        0,
        0,
        0,
        0.2,
        12,
        0,
        0.667,
        -6.46
      ]
    },
    {
      "Target": "Parameter",
      "Id": "Head_AngleX",
      "Segments": [
        0,
        0,
        0,
        0.2,
        -2,
        0,
        0.667,
        0
      ]
    },
    {
      "Target": "Parameter",
      "Id": "Head_AngleY",
      "Segments": [
        0,
        -9,
        0,
        0.2,
        -16.94,
        0,
        0.667,
        -2.54
      ]
    },
    {
      "Target": "Parameter",
      "Id": "Head_Roll",
      "Segments": [
        0,
        -7,
        0,
        0.2,
        -4,
        1,
        0.356,
        -4,
        0.511,
        -8.234,
        0.667,
        -9
      ]
    },
    {
      "Target": "Parameter",
      "Id": "HeadY",
      "Segments": [
        0,
        0,
        0,
        0.667,
        -17
      ]
    },
    {
      "Target": "Parameter",
      "Id": "EyeBallX",
      "Segments": [
        0,
        0,
        0,
        0.667,
        0.1
      ]
    },
    {
      "Target": "Parameter",
      "Id": "EyeBallY",
      "Segments": [
        0,
        0,
        0,
        0.2,
        0.146,
        0,
        0.667,
        -0.328
      ]
    },
    {
      "Target": "Parameter",
      "Id": "BrowRY",
      "Segments": [
        0,
        0,
        0,
        0.533,
        0.4,
        2,
        0.667,
        0.4
      ]
    },
    {
      "Target": "Parameter",
      "Id": "BrowLY",
      "Segments": [
        0,
        0,
        0,
        0.533,
        0.4,
        2,
        0.667,
        0.4
      ]
    },
    {
      "Target": "Parameter",
      "Id": "BrowR_Form",
      "Segments": [
        0,
        0,
        0,
        0.2,
        0.7,
        0,
        0.533,
        -0.6,
        2,
        0.667,
        -0.6
      ]
    },
    {
      "Target": "Parameter",
      "Id": "BrowL_Form",
      "Segments": [
        0,
        0,
        0,
        0.2,
        0.7,
        0,
        0.533,
        -0.6,
        2,
        0.667,
        -0.6
      ]
    },
    {
      "Target": "Parameter",
      "Id": "EyeBall_Size",
      "Segments": [
        0,
        0,
        0,
        0.533,
        -7,
        2,
        0.667,
        -7
      ]
    },
    {
      "Target": "Parameter",
      "Id": "EyeR_Smile",
      "Segments": [
        0,
        0,
        0,
        0.533,
        1,
        2,
        0.667,
        1
      ]
    },
    {
      "Target": "Parameter",
      "Id": "EyeL_Smile",
      "Segments": [
        0,
        0,
        0,
        0.533,
        1,
        2,
        0.667,
        1
      ]
    },
    {
      "Target": "Parameter",
      "Id": "Mouth_Form",
      "Segments": [
        0,
        0,
        0,
        0.533,
        -6,
        2,
        0.667,
        -6
      ]
    },
    {
      "Target": "Parameter",
      "Id": "Mouth_Size",
      "Segments": [
        0,
        0.5,
        0,
        0.533,
        0.2,
        2,
        0.667,
        0.2
      ]
    },
    {
      "Target": "Parameter",
      "Id": "HairFront_Shaking",
      "Segments": [
        0,
        0,
        0,
        0.133,
        0.417,
        0,
        0.667,
        -0.249
      ]
    },
    {
      "Target": "Parameter",
      "Id": "HairBack_Shaking",
      "Segments": [
        0,
        0,
        0,
        0.667,
        -0.674
      ]
    },
    {
      "Target": "Parameter",
      "Id": "HairSideR_Shaking",
      "Segments": [
        0,
        0,
        0,
        0.1,
        0.5,
        0,
        0.667,
        -0.359
      ]
    },
    {
      "Target": "Parameter",
      "Id": "HairSideL_Shaking",
      "Segments": [
        0,
        0,
        0,
        0.133,
        0.362,
        0,
        0.667,
        -0.327
      ]
    },
    {
      "Target": "Parameter",
      "Id": "ShoulderRY",
      "Segments": [
        0,
        10,
        0,
        0.667,
        -17
      ]
    },
    {
      "Target": "Parameter",
      "Id": "ShoulderLY",
      "Segments": [
        0,
        -12,
        0,
        0.167,
        -16,
        1,
        0.334,
        -16,
        0.5,
        15.617,
        0.667,
        17
      ]
    },
    {
      "Target": "Parameter",
      "Id": "ShoulderR_Roll",
      "Segments": [
        0,
        0,
        1,
        0.167,
        0,
        0.333,
        1.27,
        0.5,
        2.7,
        1,
        0.556,
        3.177,
        0.611,
        3.426,
        0.667,
        3.59
      ]
    },
    {
      "Target": "Parameter",
      "Id": "ShoulderL_Roll",
      "Segments": [
        0,
        18,
        0,
        0.167,
        12,
        0,
        0.467,
        12.58,
        1,
        0.534,
        12.58,
        0.6,
        12.278,
        0.667,
        12
      ]
    },
    {
      "Target": "Parameter",
      "Id": "ArmR_Roll",
      "Segments": [
        0,
        0,
        1,
        0.133,
        0,
        0.267,
        -12.13,
        0.4,
        -14.139,
        1,
        0.489,
        -15.153,
        0.578,
        -16.167,
        0.667,
        -16.167
      ]
    },
    {
      "Target": "Parameter",
      "Id": "ArmL_Roll",
      "Segments": [
        0,
        -18,
        0,
        0.133,
        -11,
        1,
        0.2,
        -11,
        0.266,
        -17.461,
        0.333,
        -21.09,
        1,
        0.444,
        -27.138,
        0.556,
        -28.38,
        0.667,
        -28.38
      ]
    },
    {
      "Target": "Parameter",
      "Id": "ShoulderL_Scale",
      "Segments": [
        0,
        -0.6,
        0,
        0.667,
        -1
      ]
    },
    {
      "Target": "Parameter",
      "Id": "ArmL_Scale",
      "Segments": [
        0,
        -0.7,
        0,
        0.267,
        -1,
        0,
        0.667,
        -0.7
      ]
    },
    {
      "Target": "Parameter",
      "Id": "ShoulderR_Scale",
      "Segments": [
        0,
        0,
        0,
        0.667,
        -0.5
      ]
    },
    {
      "Target": "Parameter",
      "Id": "ArmR_Scale",
      "Segments": [
        0,
        0,
        0,
        0.667,
        -0.6
      ]
    },
    {
      "Target": "Parameter",
      "Id": "HandR_Roll",
      "Segments": [
        0,
        0,
        0,
        0.667,
        -15
      ]
    },
    {
      "Target": "Parameter",
      "Id": "HandL_Roll",
      "Segments": [
        0,
        30,
        1,
        0.111,
        30,
        0.222,
        -21.556,
        0.333,
        -26,
        1,
        0.444,
        -30.444,
        0.556,
        -30,
        0.667,
        -30
      ]
    },
    {
      "Target": "Parameter",
      "Id": "HandL_02_Move",
      "Segments": [
        0,
        0,
        0,
        0.4,
        30,
        1,
        0.489,
        30,
        0.578,
        5.965,
        0.667,
        0
      ]
    },
    {
      "Target": "PartOpacity",
      "Id": "Part12",
      "Segments": [
        0,
        1,
        2,
        0.67,
        1
      ]
    },
    {
      "Target": "PartOpacity",
      "Id": "Part13",
      "Segments": [
        0,
        1,
        2,
        0.67,
        1
      ]
    },
    {
      "Target": "PartOpacity",
      "Id": "Part14",
      "Segments": [
        0,
        1,
        2,
        0.67,
        1
      ]
    },
    {
      "Target": "PartOpacity",
      "Id": "Part15",
      "Segments": [
        0,
        1,
        2,
        0.67,
        1
      ]
    },
    {
      "Target": "PartOpacity",
      "Id": "Part16",
      "Segments": [
        0,
        1,
        2,
        0.67,
        1
      ]
    },
    {
      "Target": "PartOpacity",
      "Id": "Part18",
      "Segments": [
        0,
        1,
        2,
        0.67,
        1
      ]
    },
    {
      "Target": "PartOpacity",
      "Id": "Part19",
      "Segments": [
        0,
        1,
        2,
        0.67,
        1
      ]
    },
    {
      "Target": "PartOpacity",
      "Id": "Part17",
      "Segments": [
        0,
        1,
        2,
        0.67,
        1
      ]
    },
    {
      "Target": "PartOpacity",
      "Id": "Part24",
      "Segments": [
        0,
        0,
        2,
        0.67,
        0
      ]
    },
    {
      "Target": "PartOpacity",
      "Id": "Part20",
      "Segments": [
        0,
        1,
        2,
        0.67,
        1
      ]
    },
    {
      "Target": "PartOpacity",
      "Id": "Part33",
      "Segments": [
        0,
        0,
        2,
        0.67,
        0
      ]
    },
    {
      "Target": "PartOpacity",
      "Id": "Part26",
      "Segments": [
        0,
        1,
        2,
        0.67,
        1
      ]
    },
    {
      "Target": "PartOpacity",
      "Id": "Part27",
      "Segments": [
        0,
        1,
        2,
        0.67,
        1
      ]
    },
    {
      "Target": "PartOpacity",
      "Id": "Part52",
      "Segments": [
        0,
        1,
        2,
        0.67,
        1
      ]
    },
    {
      "Target": "PartOpacity",
      "Id": "Part2",
      "Segments": [
        0,
        1,
        2,
        0.67,
        1
      ]
    },
    {
      "Target": "PartOpacity",
      "Id": "Part3",
      "Segments": [
        0,
        1,
        2,
        0.67,
        1
      ]
    },
    {
      "Target": "PartOpacity",
      "Id": "Part22",
      "Segments": [
        0,
        1,
        2,
        0.67,
        1
      ]
    },
    {
      "Target": "PartOpacity",
      "Id": "Part4",
      "Segments": [
        0,
        1,
        2,
        0.67,
        1
      ]
    },
    {
      "Target": "PartOpacity",
      "Id": "Part5",
      "Segments": [
        0,
        1,
        2,
        0.67,
        1
      ]
    },
    {
      "Target": "PartOpacity",
      "Id": "Part7",
      "Segments": [
        0,
        1,
        2,
        0.67,
        1
      ]
    },
    {
      "Target": "PartOpacity",
      "Id": "HandL2",
      "Segments": [
        0,
        0,
        2,
        0.07,
        0,
        2,
        0.1,
        1,
        2,
        0.67,
        1
      ]
    },
    {
      "Target": "PartOpacity",
      "Id": "Part21",
      "Segments": [
        0,
        0,
        2,
        0.67,
        0
      ]
    },
    {
      "Target": "PartOpacity",
      "Id": "Part23",
      "Segments": [
        0,
        1,
        2,
        0.07,
        1,
        2,
        0.1,
        0,
        2,
        0.67,
        0
      ]
    },
    {
      "Target": "PartOpacity",
      "Id": "Part6",
      "Segments": [
        0,
        0,
        2,
        0.67,
        0
      ]
    },
    {
      "Target": "PartOpacity",
      "Id": "HandL1",
      "Segments": [
        0,
        1,
        2,
        0.67,
        1
      ]
    },
    {
      "Target": "PartOpacity",
      "Id": "Part8",
      "Segments": [
        0,
        1,
        2,
        0.67,
        1
      ]
    },
    {
      "Target": "PartOpacity",
      "Id": "Part10",
      "Segments": [
        0,
        1,
        2,
        0.67,
        1
      ]
    },
    {
      "Target": "PartOpacity",
      "Id": "Part29",
      "Segments": [
        0,
        1,
        2,
        0.67,
        1
      ]
    },
    {
      "Target": "PartOpacity",
      "Id": "Part11",
      "Segments": [
        0,
        1,
        2,
        0.67,
        1
      ]
    },
    {
      "Target": "PartOpacity",
      "Id": "Part30",
      "Segments": [
        0,
        1,
        2,
        0.67,
        1
      ]
    },
    {
      "Target": "Model",
      "Id": "Opacity",
      "Segments": [
        0,
        1,
        0,
        0.67,
        1
      ]
    },
    {
      "Target": "Parameter",
      "Id": "Shoulder_Move",
      "Segments": [
        0,
        0,
        0,
        0.67,
        0
      ]
    },
    {
      "Target": "Parameter",
      "Id": "Arm_Form",
      "Segments": [
        0,
        0,
        0,
        0.67,
        0
      ]
    },
    {
      "Target": "Parameter",
      "Id": "BrowR_Angle",
      "Segments": [
        0,
        0,
        0,
        0.67,
        0
      ]
    },
    {
      "Target": "Parameter",
      "Id": "BrowL_Angle",
      "Segments": [
        0,
        0,
        0,
        0.67,
        0
      ]
    },
    {
      "Target": "Parameter",
      "Id": "BrowR_Form2",
      "Segments": [
        0,
        0,
        0,
        0.67,
        0
      ]
    },
    {
      "Target": "Parameter",
      "Id": "BrowL_Form2",
      "Segments": [
        0,
        0,
        0,
        0.67,
        0
      ]
    },
    {
      "Target": "Parameter",
      "Id": "EyeR_Open",
      "Segments": [
        0,
        1,
        0,
        0.67,
        1
      ]
    },
    {
      "Target": "Parameter",
      "Id": "EyeL_Open",
      "Segments": [
        0,
        1,
        0,
        0.67,
        1
      ]
    },
    {
      "Target": "Parameter",
      "Id": "MouthForm2",
      "Segments": [
        0,
        0,
        0,
        0.67,
        0
      ]
    },
    {
      "Target": "Parameter",
      "Id": "Mouth_Open",
      "Segments": [
        0,
        1,
        0,
        0.67,
        1
      ]
    },
    {
      "Target": "Parameter",
      "Id": "Mouth_Form2",
      "Segments": [
        0,
        0,
        0,
        0.67,
        0
      ]
    },
    {
      "Target": "Parameter",
      "Id": "HandR03_Move",
      "Segments": [
        0,
        0,
        0,
        0.67,
        0
      ]
    },
    {
      "Target": "Parameter",
      "Id": "HandR03_move",
      "Segments": [
        0,
        0,
        0,
        0.67,
        0
      ]
    },
    {
      "Target": "PartOpacity",
      "Id": "Part",
      "Segments": [
        0,
        0,
        0,
        0.67,
        0
      ]
    }
  ],
  "UserData": [
    {
      "Time": 0.0,
      "Value": ""
    }
  ]
}