{
  "Version": 3,
  "Meta": {
    "Duration": 2.0,
    "Fps": 30.0,
    "Loop": true,
    "AreBeziersRestricted": true,
    "CurveCount": 90,
    "TotalSegmentCount": 176,
    "TotalPointCount": 268,
    "UserDataCount": 1,
    "TotalUserDataSize": 0
  },
  "Curves": [
    {
      "Target": "Parameter",
      "Id": "Breath",
      "Segments": [
        0,
        0,
        0,
        0.967,
        0.393,
        0,
        2,
        0
      ]
    },
    {
      "Target": "Parameter",
      "Id": "Body_Shaking",
      "Segments": [
        0,
        0,
        0,
        2,
        5
      ]
    },
    {
      "Target": "Parameter",
      "Id": "BodyY",
      "Segments": [
        0,
        0,
        0,
        1.133,
        6.603,
        0,
        2,
        0
      ]
    },
    {
      "Target": "Parameter",
      "Id": "Body_Twist",
      "Segments": [
        0,
        -19,
        1,
        0.478,
        -19,
        0.955,
        -26.647,
        1.433,
        -28.444,
        1,
        1.622,
        -29.297,
        1.811,
        -30,
        2,
        -30
      ]
    },
    {
      "Target": "Parameter",
      "Id": "Body_Pose1",
      "Segments": [
        0,
        0,
        0,
        1.667,
        -30,
        2,
        2,
        -30
      ]
    },
    {
      "Target": "Parameter",
      "Id": "Waist_Roll",
      "Segments": [
        0,
        0,
        1,
        0.567,
        0,
        1.133,
        16.353,
        1.7,
        20.262,
        1,
        1.8,
        20.932,
        1.9,
        21.695,
        2,
        22.286
      ]
    },
    {
      "Target": "Parameter",
      "Id": "Ribbon_Shaking",
      "Segments": [
        0,
        0,
        0,
        1.1,
        6,
        0,
        2,
        -3
      ]
    },
    {
      "Target": "Parameter",
      "Id": "Skirt_Shaking",
      "Segments": [
        0,
        0,
        0,
        0.833,
        10.646,
        1,
        1.222,
        10.646,
        1.611,
        6.149,
        2,
        -0.853
      ]
    },
    {
      "Target": "Parameter",
      "Id": "Head_AngleX",
      "Segments": [
        0,
        0,
        0,
        1.333,
        -30,
        2,
        2,
        -30
      ]
    },
    {
      "Target": "Parameter",
      "Id": "Head_AngleY",
      "Segments": [
        0,
        -9,
        1,
        0.444,
        -9,
        0.889,
        -8.18,
        1.333,
        -6,
        1,
        1.555,
        -4.91,
        1.778,
        -3.386,
        2,
        -2.011
      ]
    },
    {
      "Target": "Parameter",
      "Id": "Head_Roll",
      "Segments": [
        0,
        -7,
        0,
        0.7,
        -3.169,
        1,
        1.133,
        -3.169,
        1.567,
        -20.936,
        2,
        -26.006
      ]
    },
    {
      "Target": "Parameter",
      "Id": "HeadY",
      "Segments": [
        0,
        0,
        0,
        1.333,
        30,
        2,
        2,
        30
      ]
    },
    {
      "Target": "Parameter",
      "Id": "EyeBallX",
      "Segments": [
        0,
        0,
        0,
        1.333,
        0.6,
        2,
        2,
        0.6
      ]
    },
    {
      "Target": "Parameter",
      "Id": "EyeBallY",
      "Segments": [
        0,
        0,
        0,
        1.333,
        -0.1,
        2,
        2,
        -0.1
      ]
    },
    {
      "Target": "Parameter",
      "Id": "BrowR_Angle",
      "Segments": [
        0,
        0,
        0,
        0.667,
        -0.2,
        2,
        2,
        -0.2
      ]
    },
    {
      "Target": "Parameter",
      "Id": "BrowL_Angle",
      "Segments": [
        0,
        0,
        0,
        0.667,
        -0.3,
        2,
        2,
        -0.3
      ]
    },
    {
      "Target": "Parameter",
      "Id": "EyeR_Open",
      "Segments": [
        0,
        1,
        0,
        0.667,
        0.9,
        2,
        2,
        0.9
      ]
    },
    {
      "Target": "Parameter",
      "Id": "EyeL_Open",
      "Segments": [
        0,
        1,
        0,
        0.667,
        0.9,
        2,
        2,
        0.9
      ]
    },
    {
      "Target": "Parameter",
      "Id": "EyeR_Smile",
      "Segments": [
        0,
        0,
        2,
        0.267,
        0,
        2,
        0.367,
        0,
        0,
        0.667,
        -1,
        2,
        2,
        -1
      ]
    },
    {
      "Target": "Parameter",
      "Id": "EyeL_Smile",
      "Segments": [
        0,
        0,
        2,
        0.267,
        0,
        2,
        0.367,
        0,
        0,
        0.667,
        -1,
        2,
        2,
        -1
      ]
    },
    {
      "Target": "Parameter",
      "Id": "Mouth_Form",
      "Segments": [
        0,
        0,
        2,
        0.4,
        0,
        0,
        1.4,
        -26.502,
        2,
        2,
        -26.502
      ]
    },
    {
      "Target": "Parameter",
      "Id": "Mouth_Form2",
      "Segments": [
        0,
        0,
        2,
        0.4,
        0,
        0,
        1.333,
        1,
        2,
        2,
        1
      ]
    },
    {
      "Target": "Parameter",
      "Id": "HairFront_Shaking",
      "Segments": [
        0,
        0,
        0,
        0.9,
        0.411,
        1,
        1.267,
        0.411,
        1.633,
        0.24,
        2,
        -0.034
      ]
    },
    {
      "Target": "Parameter",
      "Id": "HairBack_Shaking",
      "Segments": [
        0,
        0,
        0,
        1.067,
        -0.189,
        1,
        1.378,
        -0.189,
        1.689,
        -0.143,
        2,
        0.129
      ]
    },
    {
      "Target": "Parameter",
      "Id": "HairSideR_Shaking",
      "Segments": [
        0,
        0,
        0,
        0.9,
        0.5,
        0,
        2,
        -0.274
      ]
    },
    {
      "Target": "Parameter",
      "Id": "HairSideL_Shaking",
      "Segments": [
        0,
        0,
        0,
        0.9,
        0.3,
        1,
        1.067,
        0.3,
        1.233,
        0.158,
        1.4,
        0,
        1,
        1.6,
        -0.19,
        1.8,
        -0.243,
        2,
        -0.243
      ]
    },
    {
      "Target": "Parameter",
      "Id": "ShoulderRY",
      "Segments": [
        0,
        10,
        0,
        1.067,
        17,
        2,
        1.6,
        17,
        1,
        1.733,
        17,
        1.867,
        16.852,
        2,
        16.333
      ]
    },
    {
      "Target": "Parameter",
      "Id": "ShoulderLY",
      "Segments": [
        0,
        -12,
        0,
        0.533,
        13,
        2,
        2,
        13
      ]
    },
    {
      "Target": "Parameter",
      "Id": "ShoulderR_Roll",
      "Segments": [
        0,
        0,
        0,
        0.2,
        -1.749,
        1,
        0.356,
        -6.432,
        0.511,
        -14.511,
        0.667,
        -16.26,
        1,
        0.889,
        -18.716,
        1.111,
        -20.32,
        1.333,
        -20.32,
        1,
        1.555,
        -20.32,
        1.778,
        -18.641,
        2,
        -18.349
      ]
    },
    {
      "Target": "Parameter",
      "Id": "ShoulderL_Roll",
      "Segments": [
        0,
        18,
        2,
        0.333,
        18,
        1,
        0.633,
        16.937,
        0.933,
        4.322,
        1.233,
        1.48,
        1,
        1.489,
        -0.375,
        1.744,
        -0.627,
        2,
        -0.636
      ]
    },
    {
      "Target": "Parameter",
      "Id": "ArmR_Roll",
      "Segments": [
        0,
        0,
        0,
        0.2,
        -1.482,
        1,
        0.444,
        -1.482,
        0.689,
        28.964,
        0.933,
        36.327,
        1,
        1.022,
        38.684,
        1.111,
        40,
        1.2,
        40,
        1,
        1.367,
        40,
        1.533,
        39.097,
        1.7,
        38.535,
        1,
        1.8,
        38.163,
        1.9,
        37.866,
        2,
        37.84
      ]
    },
    {
      "Target": "Parameter",
      "Id": "ArmL_Roll",
      "Segments": [
        0,
        -18,
        2,
        0.333,
        -18,
        1,
        0.6,
        -18,
        0.866,
        -3.657,
        1.133,
        -0.025,
        1,
        1.333,
        2.616,
        1.533,
        3.047,
        1.733,
        3.079,
        1,
        1.822,
        3.098,
        1.911,
        3.124,
        2,
        3.139
      ]
    },
    {
      "Target": "Parameter",
      "Id": "ShoulderL_Scale",
      "Segments": [
        0,
        -0.6,
        2,
        0.333,
        -0.6,
        1,
        0.466,
        -0.6,
        0.6,
        -0.555,
        0.733,
        -0.525,
        1,
        0.933,
        -0.479,
        1.133,
        -0.431,
        1.333,
        -0.416,
        1,
        1.555,
        -0.4,
        1.778,
        -0.4,
        2,
        -0.4
      ]
    },
    {
      "Target": "Parameter",
      "Id": "ArmL_Scale",
      "Segments": [
        0,
        -0.7,
        2,
        0.333,
        -0.7,
        1,
        0.466,
        -0.7,
        0.6,
        -0.537,
        0.733,
        -0.437,
        1,
        0.944,
        -0.279,
        1.156,
        -0.129,
        1.367,
        -0.065,
        1,
        1.578,
        -0.001,
        1.789,
        0,
        2,
        0
      ]
    },
    {
      "Target": "Parameter",
      "Id": "ShoulderR_Scale",
      "Segments": [
        0,
        0,
        1,
        0.089,
        0,
        0.178,
        -0.086,
        0.267,
        -0.376,
        1,
        0.378,
        -0.739,
        0.489,
        -1,
        0.6,
        -1,
        2,
        2,
        -1
      ]
    },
    {
      "Target": "Parameter",
      "Id": "ArmR_Scale",
      "Segments": [
        0,
        0,
        0,
        0.5,
        -1,
        0,
        1.033,
        -0.6,
        2,
        1.6,
        -0.6,
        1,
        1.733,
        -0.6,
        1.867,
        -0.6,
        2,
        -0.612
      ]
    },
    {
      "Target": "Parameter",
      "Id": "HandR_Roll",
      "Segments": [
        0,
        0,
        0,
        0.4,
        1,
        0,
        0.7,
        -22,
        0,
        1.333,
        9.296,
        1,
        1.555,
        9.296,
        1.778,
        3.544,
        2,
        1
      ]
    },
    {
      "Target": "Parameter",
      "Id": "HandL_Roll",
      "Segments": [
        0,
        30,
        0,
        0.867,
        1.643,
        1,
        1.111,
        0.036,
        1.356,
        -0.146,
        1.6,
        -0.146,
        1,
        1.733,
        -0.146,
        1.867,
        -0.143,
        2,
        -0.081
      ]
    },
    {
      "Target": "PartOpacity",
      "Id": "Part12",
      "Segments": [
        0,
        1,
        2,
        2,
        1
      ]
    },
    {
      "Target": "PartOpacity",
      "Id": "Part13",
      "Segments": [
        0,
        1,
        2,
        2,
        1
      ]
    },
    {
      "Target": "PartOpacity",
      "Id": "Part14",
      "Segments": [
        0,
        1,
        2,
        2,
        1
      ]
    },
    {
      "Target": "PartOpacity",
      "Id": "Part15",
      "Segments": [
        0,
        1,
        2,
        2,
        1
      ]
    },
    {
      "Target": "PartOpacity",
      "Id": "Part16",
      "Segments": [
        0,
        1,
        2,
        2,
        1
      ]
    },
    {
      "Target": "PartOpacity",
      "Id": "Part18",
      "Segments": [
        0,
        1,
        2,
        2,
        1
      ]
    },
    {
      "Target": "PartOpacity",
      "Id": "Part19",
      "Segments": [
        0,
        1,
        2,
        2,
        1
      ]
    },
    {
      "Target": "PartOpacity",
      "Id": "Part17",
      "Segments": [
        0,
        1,
        2,
        2,
        1
      ]
    },
    {
      "Target": "PartOpacity",
      "Id": "Part24",
      "Segments": [
        0,
        0,
        2,
        2,
        0
      ]
    },
    {
      "Target": "PartOpacity",
      "Id": "Part20",
      "Segments": [
        0,
        1,
        2,
        2,
        1
      ]
    },
    {
      "Target": "PartOpacity",
      "Id": "Part33",
      "Segments": [
        0,
        0,
        2,
        0.3,
        0,
        1,
        0.31,
        0,
        0.32,
        0.17,
        0.33,
        0.5,
        1,
        0.343,
        0.83,
        0.357,
        1,
        0.37,
        1,
        2,
        1.83,
        1,
        2,
        2,
        1
      ]
    },
    {
      "Target": "PartOpacity",
      "Id": "Part26",
      "Segments": [
        0,
        0,
        2,
        2,
        0
      ]
    },
    {
      "Target": "PartOpacity",
      "Id": "Part27",
      "Segments": [
        0,
        0,
        2,
        0.3,
        0,
        1,
        0.31,
        0,
        0.32,
        0.78,
        0.33,
        0.9,
        1,
        0.343,
        1.02,
        0.357,
        1,
        0.37,
        1,
        2,
        0.8,
        1,
        1,
        0.81,
        1,
        0.82,
        0.72,
        0.83,
        0.4,
        1,
        0.843,
        0.08,
        0.857,
        0,
        0.87,
        0,
        2,
        2,
        0
      ]
    },
    {
      "Target": "PartOpacity",
      "Id": "Part52",
      "Segments": [
        0,
        0,
        2,
        0.8,
        0,
        1,
        0.81,
        0,
        0.82,
        0.59,
        0.83,
        0.8,
        1,
        0.843,
        1.01,
        0.857,
        1,
        0.87,
        1,
        2,
        2,
        1
      ]
    },
    {
      "Target": "PartOpacity",
      "Id": "Part2",
      "Segments": [
        0,
        1,
        2,
        2,
        1
      ]
    },
    {
      "Target": "PartOpacity",
      "Id": "Part3",
      "Segments": [
        0,
        1,
        2,
        2,
        1
      ]
    },
    {
      "Target": "PartOpacity",
      "Id": "Part22",
      "Segments": [
        0,
        1,
        2,
        2,
        1
      ]
    },
    {
      "Target": "PartOpacity",
      "Id": "Part4",
      "Segments": [
        0,
        1,
        2,
        2,
        1
      ]
    },
    {
      "Target": "PartOpacity",
      "Id": "Part5",
      "Segments": [
        0,
        1,
        2,
        2,
        1
      ]
    },
    {
      "Target": "PartOpacity",
      "Id": "Part7",
      "Segments": [
        0,
        1,
        2,
        0.43,
        1,
        2,
        0.47,
        0.5,
        1,
        0.48,
        0.17,
        0.49,
        0,
        0.5,
        0,
        2,
        2,
        0
      ]
    },
    {
      "Target": "PartOpacity",
      "Id": "HandL2",
      "Segments": [
        0,
        0,
        2,
        2,
        0
      ]
    },
    {
      "Target": "PartOpacity",
      "Id": "Part21",
      "Segments": [
        0,
        0,
        2,
        2,
        0
      ]
    },
    {
      "Target": "PartOpacity",
      "Id": "Part23",
      "Segments": [
        0,
        1,
        2,
        2,
        1
      ]
    },
    {
      "Target": "PartOpacity",
      "Id": "Part6",
      "Segments": [
        0,
        0,
        2,
        0.47,
        1,
        2,
        0.5,
        1,
        2,
        2,
        1
      ]
    },
    {
      "Target": "PartOpacity",
      "Id": "HandL1",
      "Segments": [
        0,
        1,
        2,
        2,
        1
      ]
    },
    {
      "Target": "PartOpacity",
      "Id": "Part8",
      "Segments": [
        0,
        1,
        2,
        2,
        1
      ]
    },
    {
      "Target": "PartOpacity",
      "Id": "Part10",
      "Segments": [
        0,
        1,
        2,
        0.33,
        1,
        2,
        0.37,
        0.5,
        2,
        0.4,
        0,
        2,
        1.07,
        0,
        2,
        2,
        0
      ]
    },
    {
      "Target": "PartOpacity",
      "Id": "Part29",
      "Segments": [
        0,
        1,
        2,
        2,
        1
      ]
    },
    {
      "Target": "PartOpacity",
      "Id": "Part11",
      "Segments": [
        0,
        1,
        2,
        2,
        1
      ]
    },
    {
      "Target": "PartOpacity",
      "Id": "Part30",
      "Segments": [
        0,
        1,
        2,
        2,
        1
      ]
    },
    {
      "Target": "Model",
      "Id": "Opacity",
      "Segments": [
        0,
        1,
        0,
        2,
        1
      ]
    },
    {
      "Target": "Parameter",
      "Id": "Shoulder_Move",
      "Segments": [
        0,
        0,
        0,
        2,
        0
      ]
    },
    {
      "Target": "Parameter",
      "Id": "Arm_Form",
      "Segments": [
        0,
        0,
        0,
        2,
        0
      ]
    },
    {
      "Target": "Parameter",
      "Id": "Key_Shaking",
      "Segments": [
        0,
        0,
        0,
        2,
        0
      ]
    },
    {
      "Target": "Parameter",
      "Id": "All_Position",
      "Segments": [
        0,
        0,
        0,
        2,
        0
      ]
    },
    {
      "Target": "Parameter",
      "Id": "BrowRY",
      "Segments": [
        0,
        0,
        0,
        2,
        0
      ]
    },
    {
      "Target": "Parameter",
      "Id": "BrowLY",
      "Segments": [
        0,
        0,
        0,
        2,
        0
      ]
    },
    {
      "Target": "Parameter",
      "Id": "BrowR_Form",
      "Segments": [
        0,
        0,
        0,
        2,
        0
      ]
    },
    {
      "Target": "Parameter",
      "Id": "BrowL_Form",
      "Segments": [
        0,
        0,
        0,
        2,
        0
      ]
    },
    {
      "Target": "Parameter",
      "Id": "BrowR_Form2",
      "Segments": [
        0,
        0,
        0,
        2,
        0
      ]
    },
    {
      "Target": "Parameter",
      "Id": "BrowL_Form2",
      "Segments": [
        0,
        0,
        0,
        2,
        0
      ]
    },
    {
      "Target": "Parameter",
      "Id": "EyeBall_Size",
      "Segments": [
        0,
        0,
        0,
        2,
        0
      ]
    },
    {
      "Target": "Parameter",
      "Id": "MouthForm2",
      "Segments": [
        0,
        0,
        0,
        2,
        0
      ]
    },
    {
      "Target": "Parameter",
      "Id": "Mouth_Open",
      "Segments": [
        0,
        1,
        0,
        2,
        1
      ]
    },
    {
      "Target": "Parameter",
      "Id": "Mouth_Size",
      "Segments": [
        0,
        0.5,
        0,
        2,
        0.5
      ]
    },
    {
      "Target": "Parameter",
      "Id": "HandR03_Move",
      "Segments": [
        0,
        0,
        0,
        2,
        0
      ]
    },
    {
      "Target": "Parameter",
      "Id": "HandR03_move",
      "Segments": [
        0,
        0,
        0,
        2,
        0
      ]
    },
    {
      "Target": "Parameter",
      "Id": "HandL_02_Move",
      "Segments": [
        0,
        0,
        0,
        2,
        0
      ]
    },
    {
      "Target": "PartOpacity",
      "Id": "Part9",
      "Segments": [
        0,
        0,
        0,
        2,
        0
      ]
    },
    {
      "Target": "PartOpacity",
      "Id": "Part28",
      "Segments": [
        0,
        0,
        0,
        2,
        0
      ]
    },
    {
      "Target": "PartOpacity",
      "Id": "Part25",
      "Segments": [
        0,
        1,
        0,
        2,
        1
      ]
    },
    {
      "Target": "PartOpacity",
      "Id": "Part",
      "Segments": [
        0,
        0,
        0,
        2,
        0
      ]
    }
  ],
  "UserData": [
    {
      "Time": 0.0,
      "Value": ""
    }
  ]
}