{
  "Version": 3,
  "Meta": {
    "Duration": 8.0,
    "Fps": 30.0,
    "Loop": true,
    "AreBeziersRestricted": true,
    "CurveCount": 89,
    "TotalSegmentCount": 198,
    "TotalPointCount": 332,
    "UserDataCount": 1,
    "TotalUserDataSize": 0
  },
  "Curves": [
    {
      "Target": "Parameter",
      "Id": "Breath",
      "Segments": [
        0,
        0,
        0,
        2.233,
        0.5,
        0,
        4.067,
        0,
        0,
        5.967,
        0.577,
        0,
        8,
        0
      ]
    },
    {
      "Target": "Parameter",
      "Id": "Body_Shaking",
      "Segments": [
        0,
        5,
        0,
        4,
        -5,
        0,
        8,
        5
      ]
    },
    {
      "Target": "Parameter",
      "Id": "Body_Twist",
      "Segments": [
        0,
        -30,
        1,
        0.633,
        -30,
        1.267,
        -30,
        1.9,
        -29.394,
        1,
        2.522,
        -28.721,
        3.145,
        -21.727,
        3.767,
        -20.378,
        1,
        4.556,
        -19.344,
        5.344,
        -20.277,
        6.133,
        -21.466,
        1,
        6.755,
        -22.529,
        7.378,
        -30,
        8,
        -30
      ]
    },
    {
      "Target": "Parameter",
      "Id": "Body_Pose1",
      "Segments": [
        0,
        -30,
        1,
        0.633,
        -30,
        1.267,
        -30.317,
        1.9,
        -29.018,
        1,
        2.767,
        -27.242,
        3.633,
        -19.42,
        4.5,
        -19.42,
        1,
        5.011,
        -19.42,
        5.522,
        -19.121,
        6.033,
        -20.805,
        1,
        6.689,
        -22.964,
        7.344,
        -30,
        8,
        -30
      ]
    },
    {
      "Target": "Parameter",
      "Id": "Waist_Roll",
      "Segments": [
        0,
        22.286,
        1,
        0.367,
        24.36,
        0.733,
        25.265,
        1.1,
        25.265,
        0,
        2.767,
        18.684,
        0,
        4.6,
        22.604,
        0,
        6.633,
        15.608,
        1,
        7.089,
        15.608,
        7.544,
        20.794,
        8,
        22.286
      ]
    },
    {
      "Target": "Parameter",
      "Id": "Ribbon_Shaking",
      "Segments": [
        0,
        -3,
        0,
        1.733,
        0.738,
        1,
        1.922,
        0.738,
        2.111,
        0.926,
        2.3,
        0,
        1,
        2.611,
        -1.525,
        2.922,
        -5,
        3.233,
        -5,
        0,
        4.3,
        7,
        0,
        5.167,
        -3,
        1,
        5.4,
        -3,
        5.634,
        -2.333,
        5.867,
        0,
        1,
        6.245,
        3.777,
        6.622,
        6.32,
        7,
        6.32,
        0,
        8,
        -3
      ]
    },
    {
      "Target": "Parameter",
      "Id": "Skirt_Shaking",
      "Segments": [
        0,
        -0.853,
        1,
        0.256,
        -5.454,
        0.511,
        -6.962,
        0.767,
        -6.962,
        0,
        2.567,
        6.71,
        0,
        4.733,
        -4.293,
        0,
        6.567,
        9.503,
        1,
        7.045,
        9.503,
        7.522,
        3.772,
        8,
        -0.853
      ]
    },
    {
      "Target": "Parameter",
      "Id": "Head_AngleX",
      "Segments": [
        0,
        -30,
        2,
        1.333,
        -30,
        1,
        1.922,
        -30,
        2.511,
        -20.116,
        3.1,
        -19.258,
        1,
        3.867,
        -17.929,
        4.633,
        -18.256,
        5.4,
        -18.256,
        1,
        6.267,
        -18.355,
        7.133,
        -30,
        8,
        -30
      ]
    },
    {
      "Target": "Parameter",
      "Id": "Head_AngleY",
      "Segments": [
        0,
        -2.011,
        1,
        0.278,
        -0.293,
        0.555,
        0.64,
        0.833,
        0.64,
        1,
        1.244,
        0.64,
        1.656,
        0.572,
        2.067,
        -1.6,
        1,
        2.7,
        -5.555,
        3.334,
        -12.906,
        3.967,
        -12.906,
        1,
        4.422,
        -12.861,
        4.878,
        -2.238,
        5.333,
        0.038,
        1,
        5.678,
        1.669,
        6.022,
        2.058,
        6.367,
        -0.9,
        1,
        6.634,
        -4.249,
        6.9,
        -8.005,
        7.167,
        -8.005,
        1,
        7.445,
        -8.005,
        7.722,
        -3.354,
        8,
        -2.011
      ]
    },
    {
      "Target": "Parameter",
      "Id": "Head_Roll",
      "Segments": [
        0,
        -26.006,
        1,
        0.311,
        -30,
        0.622,
        -29.371,
        0.933,
        -29.371,
        1,
        1.544,
        -29.308,
        2.156,
        -17.051,
        2.767,
        -17.051,
        1,
        3.4,
        -17.051,
        4.034,
        -18.607,
        4.667,
        -18.512,
        1,
        5.222,
        -18.353,
        5.778,
        -13.653,
        6.333,
        -14.892,
        1,
        6.889,
        -16.003,
        7.444,
        -20.83,
        8,
        -26.006
      ]
    },
    {
      "Target": "Parameter",
      "Id": "EyeBallX",
      "Segments": [
        0,
        0.6,
        2,
        1.333,
        0.6,
        0,
        3.1,
        0.406,
        2,
        5.867,
        0.406,
        0,
        8,
        0.6
      ]
    },
    {
      "Target": "Parameter",
      "Id": "EyeBallY",
      "Segments": [
        0,
        -0.1,
        2,
        1.333,
        -0.1,
        0,
        3.1,
        -0.076,
        2,
        5.867,
        -0.076,
        0,
        8,
        -0.1
      ]
    },
    {
      "Target": "Parameter",
      "Id": "BrowRY",
      "Segments": [
        0,
        0,
        0,
        2.4,
        0.3,
        1,
        3.2,
        0.3,
        4,
        0.309,
        4.8,
        0.274,
        1,
        5.867,
        0.228,
        6.933,
        0,
        8,
        0
      ]
    },
    {
      "Target": "Parameter",
      "Id": "BrowLY",
      "Segments": [
        0,
        0,
        0,
        2.4,
        0.3,
        1,
        3.2,
        0.3,
        4,
        0.309,
        4.8,
        0.274,
        1,
        5.867,
        0.228,
        6.933,
        0,
        8,
        0
      ]
    },
    {
      "Target": "Parameter",
      "Id": "Mouth_Form2",
      "Segments": [
        0,
        1,
        2,
        1.433,
        1,
        0,
        3.767,
        0.709,
        2,
        6.1,
        0.709,
        0,
        8,
        1
      ]
    },
    {
      "Target": "Parameter",
      "Id": "HairFront_Shaking",
      "Segments": [
        0,
        -0.034,
        1,
        0.256,
        -0.225,
        0.511,
        -0.293,
        0.767,
        -0.293,
        0,
        1.833,
        0.319,
        0,
        3,
        -0.238,
        0,
        4.2,
        0.28,
        0,
        5.7,
        -0.238,
        0,
        7.3,
        0.28,
        1,
        7.533,
        0.28,
        7.767,
        0.095,
        8,
        -0.034
      ]
    },
    {
      "Target": "Parameter",
      "Id": "HairBack_Shaking",
      "Segments": [
        0,
        0.129,
        1,
        0.2,
        0.304,
        0.4,
        0.598,
        0.6,
        0.598,
        0,
        2.167,
        -0.243,
        0,
        3.367,
        0.657,
        0,
        4.933,
        -0.189,
        0,
        6.167,
        0.618,
        0,
        7.267,
        -0.231,
        1,
        7.511,
        -0.231,
        7.756,
        0.013,
        8,
        0.129
      ]
    },
    {
      "Target": "Parameter",
      "Id": "HairSideR_Shaking",
      "Segments": [
        0,
        -0.274,
        0,
        1.367,
        0.222,
        0,
        2.767,
        -0.19,
        0,
        4,
        0.463,
        0,
        5.467,
        -0.27,
        0,
        6.733,
        0.413,
        0,
        8,
        -0.274
      ]
    },
    {
      "Target": "Parameter",
      "Id": "HairSideL_Shaking",
      "Segments": [
        0,
        -0.243,
        0,
        1.367,
        0.265,
        0,
        2.8,
        -0.16,
        0,
        4.033,
        0.439,
        0,
        5.467,
        -0.238,
        0,
        6.733,
        0.36,
        0,
        8,
        -0.242
      ]
    },
    {
      "Target": "Parameter",
      "Id": "ShoulderRY",
      "Segments": [
        0,
        16.333,
        1,
        0.667,
        11.897,
        1.333,
        8,
        2,
        8,
        1,
        2.967,
        8,
        3.933,
        8.048,
        4.9,
        8.989,
        1,
        5.422,
        9.497,
        5.945,
        15.154,
        6.467,
        16.323,
        1,
        6.822,
        17.119,
        7.178,
        17,
        7.533,
        17,
        1,
        7.689,
        17,
        7.844,
        16.9,
        8,
        16.333
      ]
    },
    {
      "Target": "Parameter",
      "Id": "ShoulderLY",
      "Segments": [
        0,
        13,
        2,
        1.8,
        13,
        0,
        3.267,
        25.195,
        1,
        3.845,
        25.195,
        4.422,
        25.028,
        5,
        23.269,
        1,
        5.667,
        21.239,
        6.333,
        16.693,
        7,
        14.292,
        1,
        7.333,
        13.091,
        7.667,
        13,
        8,
        13
      ]
    },
    {
      "Target": "Parameter",
      "Id": "ShoulderR_Roll",
      "Segments": [
        0,
        -18.349,
        1,
        0.867,
        -18.082,
        1.733,
        -17.31,
        2.6,
        -16.26,
        1,
        3.178,
        -15.635,
        3.755,
        -13.546,
        4.333,
        -13.339,
        1,
        4.866,
        -13.236,
        5.4,
        -13.684,
        5.933,
        -14.139,
        1,
        6.622,
        -14.869,
        7.311,
        -18.592,
        8,
        -18.349
      ]
    },
    {
      "Target": "Parameter",
      "Id": "ShoulderL_Roll",
      "Segments": [
        0,
        -0.636,
        1,
        0.378,
        -0.636,
        0.755,
        -0.582,
        1.133,
        -0.396,
        1,
        1.644,
        -0.038,
        2.156,
        0.645,
        2.667,
        0.645,
        0,
        4.6,
        -0.286,
        0,
        6.3,
        0.732,
        0,
        8,
        -0.636
      ]
    },
    {
      "Target": "Parameter",
      "Id": "ArmR_Roll",
      "Segments": [
        0,
        37.84,
        1,
        0.3,
        37.762,
        0.6,
        37.75,
        0.9,
        37.75,
        0,
        2.867,
        38.535,
        0,
        5.267,
        38.108,
        0,
        7.133,
        38.255,
        0,
        8,
        37.84
      ]
    },
    {
      "Target": "Parameter",
      "Id": "ArmL_Roll",
      "Segments": [
        0,
        3.139,
        1,
        0.422,
        3.352,
        0.845,
        3.459,
        1.267,
        3.459,
        0,
        2.9,
        1.998,
        0,
        4.5,
        2.768,
        0,
        6.367,
        1.625,
        1,
        6.911,
        1.625,
        7.456,
        2.87,
        8,
        3.139
      ]
    },
    {
      "Target": "Parameter",
      "Id": "ArmR_Scale",
      "Segments": [
        0,
        -0.612,
        1,
        0.744,
        -0.709,
        1.489,
        -0.795,
        2.233,
        -0.795,
        0,
        7.567,
        -0.586,
        1,
        7.711,
        -0.586,
        7.856,
        -0.589,
        8,
        -0.612
      ]
    },
    {
      "Target": "Parameter",
      "Id": "HandR_Roll",
      "Segments": [
        0,
        1,
        1,
        0.178,
        -0.666,
        0.355,
        -1.394,
        0.533,
        -1.878,
        1,
        1,
        -2.757,
        1.466,
        -2.848,
        1.933,
        -2.757,
        1,
        2.533,
        -2.666,
        3.133,
        -2.484,
        3.733,
        -1.878,
        1,
        4.311,
        -1.333,
        4.889,
        0.273,
        5.467,
        1.727,
        1,
        6.045,
        3.127,
        6.622,
        4.241,
        7.2,
        4.241,
        1,
        7.467,
        4.241,
        7.733,
        3.181,
        8,
        1
      ]
    },
    {
      "Target": "Parameter",
      "Id": "HandL_Roll",
      "Segments": [
        0,
        -0.081,
        1,
        0.567,
        0.107,
        1.133,
        0.429,
        1.7,
        2,
        1,
        2.167,
        3.429,
        2.633,
        7.359,
        3.1,
        7.359,
        0,
        4.933,
        3.001,
        0,
        6.133,
        4.144,
        0,
        7.367,
        -0.186,
        1,
        7.578,
        -0.186,
        7.789,
        -0.143,
        8,
        -0.081
      ]
    },
    {
      "Target": "PartOpacity",
      "Id": "Part12",
      "Segments": [
        0,
        1,
        2,
        8,
        1
      ]
    },
    {
      "Target": "PartOpacity",
      "Id": "Part13",
      "Segments": [
        0,
        1,
        2,
        8,
        1
      ]
    },
    {
      "Target": "PartOpacity",
      "Id": "Part14",
      "Segments": [
        0,
        1,
        2,
        8,
        1
      ]
    },
    {
      "Target": "PartOpacity",
      "Id": "Part15",
      "Segments": [
        0,
        1,
        2,
        8,
        1
      ]
    },
    {
      "Target": "PartOpacity",
      "Id": "Part16",
      "Segments": [
        0,
        1,
        2,
        8,
        1
      ]
    },
    {
      "Target": "PartOpacity",
      "Id": "Part18",
      "Segments": [
        0,
        1,
        2,
        8,
        1
      ]
    },
    {
      "Target": "PartOpacity",
      "Id": "Part19",
      "Segments": [
        0,
        1,
        2,
        8,
        1
      ]
    },
    {
      "Target": "PartOpacity",
      "Id": "Part17",
      "Segments": [
        0,
        1,
        2,
        8,
        1
      ]
    },
    {
      "Target": "PartOpacity",
      "Id": "Part24",
      "Segments": [
        0,
        0,
        2,
        8,
        0
      ]
    },
    {
      "Target": "PartOpacity",
      "Id": "Part20",
      "Segments": [
        0,
        1,
        2,
        8,
        1
      ]
    },
    {
      "Target": "PartOpacity",
      "Id": "Part33",
      "Segments": [
        0,
        1,
        2,
        8,
        1
      ]
    },
    {
      "Target": "PartOpacity",
      "Id": "Part26",
      "Segments": [
        0,
        0,
        2,
        8,
        0
      ]
    },
    {
      "Target": "PartOpacity",
      "Id": "Part27",
      "Segments": [
        0,
        0,
        2,
        8,
        0
      ]
    },
    {
      "Target": "PartOpacity",
      "Id": "Part52",
      "Segments": [
        0,
        1,
        2,
        8,
        1
      ]
    },
    {
      "Target": "PartOpacity",
      "Id": "Part2",
      "Segments": [
        0,
        1,
        2,
        8,
        1
      ]
    },
    {
      "Target": "PartOpacity",
      "Id": "Part3",
      "Segments": [
        0,
        1,
        2,
        8,
        1
      ]
    },
    {
      "Target": "PartOpacity",
      "Id": "Part22",
      "Segments": [
        0,
        1,
        2,
        8,
        1
      ]
    },
    {
      "Target": "PartOpacity",
      "Id": "Part4",
      "Segments": [
        0,
        1,
        2,
        8,
        1
      ]
    },
    {
      "Target": "PartOpacity",
      "Id": "Part5",
      "Segments": [
        0,
        1,
        2,
        8,
        1
      ]
    },
    {
      "Target": "PartOpacity",
      "Id": "Part7",
      "Segments": [
        0,
        0,
        2,
        8,
        0
      ]
    },
    {
      "Target": "PartOpacity",
      "Id": "HandL2",
      "Segments": [
        0,
        0,
        2,
        8,
        0
      ]
    },
    {
      "Target": "PartOpacity",
      "Id": "Part21",
      "Segments": [
        0,
        0,
        2,
        8,
        0
      ]
    },
    {
      "Target": "PartOpacity",
      "Id": "Part23",
      "Segments": [
        0,
        1,
        2,
        8,
        1
      ]
    },
    {
      "Target": "PartOpacity",
      "Id": "Part6",
      "Segments": [
        0,
        1,
        2,
        8,
        1
      ]
    },
    {
      "Target": "PartOpacity",
      "Id": "HandL1",
      "Segments": [
        0,
        1,
        2,
        8,
        1
      ]
    },
    {
      "Target": "PartOpacity",
      "Id": "Part8",
      "Segments": [
        0,
        1,
        2,
        8,
        1
      ]
    },
    {
      "Target": "PartOpacity",
      "Id": "Part10",
      "Segments": [
        0,
        0,
        2,
        8,
        0
      ]
    },
    {
      "Target": "PartOpacity",
      "Id": "Part29",
      "Segments": [
        0,
        1,
        2,
        8,
        1
      ]
    },
    {
      "Target": "PartOpacity",
      "Id": "Part11",
      "Segments": [
        0,
        1,
        2,
        8,
        1
      ]
    },
    {
      "Target": "PartOpacity",
      "Id": "Part30",
      "Segments": [
        0,
        1,
        2,
        8,
        1
      ]
    },
    {
      "Target": "Model",
      "Id": "Opacity",
      "Segments": [
        0,
        1,
        0,
        8,
        1
      ]
    },
    {
      "Target": "Parameter",
      "Id": "BodyY",
      "Segments": [
        0,
        0,
        0,
        8,
        0
      ]
    },
    {
      "Target": "Parameter",
      "Id": "Shoulder_Move",
      "Segments": [
        0,
        0,
        0,
        8,
        0
      ]
    },
    {
      "Target": "Parameter",
      "Id": "Arm_Form",
      "Segments": [
        0,
        0,
        0,
        8,
        0
      ]
    },
    {
      "Target": "Parameter",
      "Id": "Key_Shaking",
      "Segments": [
        0,
        0,
        0,
        8,
        0
      ]
    },
    {
      "Target": "Parameter",
      "Id": "All_Position",
      "Segments": [
        0,
        0,
        0,
        8,
        0
      ]
    },
    {
      "Target": "Parameter",
      "Id": "HeadY",
      "Segments": [
        0,
        30,
        0,
        8,
        30
      ]
    },
    {
      "Target": "Parameter",
      "Id": "BrowR_Form",
      "Segments": [
        0,
        0,
        0,
        8,
        0
      ]
    },
    {
      "Target": "Parameter",
      "Id": "BrowL_Form",
      "Segments": [
        0,
        0,
        0,
        8,
        0
      ]
    },
    {
      "Target": "Parameter",
      "Id": "BrowR_Angle",
      "Segments": [
        0,
        -0.2,
        0,
        8,
        -0.2
      ]
    },
    {
      "Target": "Parameter",
      "Id": "BrowL_Angle",
      "Segments": [
        0,
        -0.3,
        0,
        8,
        -0.3
      ]
    },
    {
      "Target": "Parameter",
      "Id": "BrowR_Form2",
      "Segments": [
        0,
        0,
        0,
        8,
        0
      ]
    },
    {
      "Target": "Parameter",
      "Id": "BrowL_Form2",
      "Segments": [
        0,
        0,
        0,
        8,
        0
      ]
    },
    {
      "Target": "Parameter",
      "Id": "EyeBall_Size",
      "Segments": [
        0,
        0,
        0,
        8,
        0
      ]
    },
    {
      "Target": "Parameter",
      "Id": "EyeR_Open",
      "Segments": [
        0,
        0.9,
        0,
        8,
        0.9
      ]
    },
    {
      "Target": "Parameter",
      "Id": "EyeL_Open",
      "Segments": [
        0,
        0.9,
        0,
        8,
        0.9
      ]
    },
    {
      "Target": "Parameter",
      "Id": "EyeR_Smile",
      "Segments": [
        0,
        -1,
        0,
        8,
        -1
      ]
    },
    {
      "Target": "Parameter",
      "Id": "EyeL_Smile",
      "Segments": [
        0,
        -1,
        0,
        8,
        -1
      ]
    },
    {
      "Target": "Parameter",
      "Id": "MouthForm2",
      "Segments": [
        0,
        0,
        0,
        8,
        0
      ]
    },
    {
      "Target": "Parameter",
      "Id": "Mouth_Form",
      "Segments": [
        0,
        -26.502,
        0,
        8,
        -26.502
      ]
    },
    {
      "Target": "Parameter",
      "Id": "Mouth_Open",
      "Segments": [
        0,
        1,
        0,
        8,
        1
      ]
    },
    {
      "Target": "Parameter",
      "Id": "Mouth_Size",
      "Segments": [
        0,
        0.5,
        0,
        8,
        0.5
      ]
    },
    {
      "Target": "Parameter",
      "Id": "ShoulderL_Scale",
      "Segments": [
        0,
        -0.4,
        0,
        8,
        -0.4
      ]
    },
    {
      "Target": "Parameter",
      "Id": "ArmL_Scale",
      "Segments": [
        0,
        0,
        0,
        8,
        0
      ]
    },
    {
      "Target": "Parameter",
      "Id": "ShoulderR_Scale",
      "Segments": [
        0,
        -1,
        0,
        8,
        -1
      ]
    },
    {
      "Target": "Parameter",
      "Id": "HandR03_Move",
      "Segments": [
        0,
        0,
        0,
        8,
        0
      ]
    },
    {
      "Target": "Parameter",
      "Id": "HandR03_move",
      "Segments": [
        0,
        0,
        0,
        8,
        0
      ]
    },
    {
      "Target": "Parameter",
      "Id": "HandL_02_Move",
      "Segments": [
        0,
        0,
        0,
        8,
        0
      ]
    },
    {
      "Target": "PartOpacity",
      "Id": "Part9",
      "Segments": [
        0,
        0,
        0,
        8,
        0
      ]
    },
    {
      "Target": "PartOpacity",
      "Id": "Part28",
      "Segments": [
        0,
        0,
        0,
        8,
        0
      ]
    },
    {
      "Target": "PartOpacity",
      "Id": "Part25",
      "Segments": [
        0,
        1,
        0,
        8,
        1
      ]
    }
  ],
  "UserData": [
    {
      "Time": 0.0,
      "Value": ""
    }
  ]
}