{
  "Version": 3,
  "Meta": {
    "Duration": 1.67,
    "Fps": 30.0,
    "Loop": true,
    "AreBeziersRestricted": true,
    "CurveCount": 90,
    "TotalSegmentCount": 110,
    "TotalPointCount": 178,
    "UserDataCount": 1,
    "TotalUserDataSize": 0
  },
  "Curves": [
    {
      "Target": "Parameter",
      "Id": "Breath",
      "Segments": [
        0,
        0.084,
        1,
        0.444,
        0.292,
        0.889,
        0.81,
        1.333,
        0.81,
        1,
        1.444,
        0.81,
        1.556,
        0.831,
        1.667,
        0.755
      ]
    },
    {
      "Target": "Parameter",
      "Id": "Body_Shaking",
      "Segments": [
        0,
        0.466,
        1,
        0.433,
        1.583,
        0.867,
        4.318,
        1.3,
        4.318,
        1,
        1.422,
        4.318,
        1.545,
        4.136,
        1.667,
        3.863
      ]
    },
    {
      "Target": "Parameter",
      "Id": "Body_Twist",
      "Segments": [
        0,
        0.535,
        1,
        0.367,
        1.629,
        0.733,
        4.114,
        1.1,
        5.26,
        1,
        1.289,
        6.153,
        1.478,
        6,
        1.667,
        6
      ]
    },
    {
      "Target": "Parameter",
      "Id": "Head_AngleX",
      "Segments": [
        0,
        3.5,
        1,
        0.111,
        5.25,
        0.222,
        7,
        0.333,
        7,
        0,
        1.667,
        1.923
      ]
    },
    {
      "Target": "Parameter",
      "Id": "Head_AngleY",
      "Segments": [
        0,
        -5.5,
        1,
        0.111,
        -8.25,
        0.222,
        -11,
        0.333,
        -11,
        1,
        0.778,
        -11,
        1.222,
        2.452,
        1.667,
        5.77
      ]
    },
    {
      "Target": "Parameter",
      "Id": "Head_Roll",
      "Segments": [
        0,
        0.519,
        1,
        0.556,
        2.139,
        1.111,
        7,
        1.667,
        7
      ]
    },
    {
      "Target": "Parameter",
      "Id": "BrowRY",
      "Segments": [
        0,
        -0.55,
        1,
        0.111,
        -0.625,
        0.222,
        -0.7,
        0.333,
        -0.7,
        2,
        1.667,
        -0.7
      ]
    },
    {
      "Target": "Parameter",
      "Id": "BrowR_Switch",
      "Segments": [
        0,
        0.5,
        1,
        0.111,
        0.75,
        0.222,
        1,
        0.333,
        1,
        2,
        1.667,
        1
      ]
    },
    {
      "Target": "Parameter",
      "Id": "BrowLY",
      "Segments": [
        0,
        -0.4,
        1,
        0.111,
        -0.5,
        0.222,
        -0.6,
        0.333,
        -0.6,
        2,
        1.667,
        -0.6
      ]
    },
    {
      "Target": "Parameter",
      "Id": "BrowL_Form",
      "Segments": [
        0,
        -0.5,
        1,
        0.111,
        -0.999,
        0.222,
        -1,
        0.333,
        -1,
        2,
        1.667,
        -1
      ]
    },
    {
      "Target": "Parameter",
      "Id": "EyeR_Smile",
      "Segments": [
        0,
        -0.45,
        1,
        0.111,
        -0.675,
        0.222,
        -0.9,
        0.333,
        -0.9,
        2,
        1.667,
        -0.9
      ]
    },
    {
      "Target": "Parameter",
      "Id": "EyeL_Smile",
      "Segments": [
        0,
        -0.35,
        1,
        0.111,
        -0.525,
        0.222,
        -0.7,
        0.333,
        -0.7,
        2,
        1.667,
        -0.7
      ]
    },
    {
      "Target": "Parameter",
      "Id": "HairFront_Shaking",
      "Segments": [
        0,
        0.079,
        1,
        0.278,
        0.196,
        0.555,
        0.4,
        0.833,
        0.4,
        1,
        1.111,
        0.4,
        1.389,
        0.261,
        1.667,
        0
      ]
    },
    {
      "Target": "Parameter",
      "Id": "HairSide_Shaking",
      "Segments": [
        0,
        0.086,
        1,
        0.3,
        0.224,
        0.6,
        0.48,
        0.9,
        0.48,
        1,
        1.156,
        0.48,
        1.411,
        0.405,
        1.667,
        0.2
      ]
    },
    {
      "Target": "Parameter",
      "Id": "HairBack_Shaking",
      "Segments": [
        0,
        0.123,
        1,
        0.311,
        0.329,
        0.622,
        0.72,
        0.933,
        0.72,
        1,
        1.178,
        0.72,
        1.422,
        0.573,
        1.667,
        0.3
      ]
    },
    {
      "Target": "Parameter",
      "Id": "ShoulderRY",
      "Segments": [
        0,
        0.494,
        1,
        0.556,
        2.094,
        1.111,
        7.347,
        1.667,
        12.781
      ]
    },
    {
      "Target": "Parameter",
      "Id": "ShoulderR_Roll",
      "Segments": [
        0,
        0.981,
        1,
        0.322,
        2.682,
        0.645,
        6,
        0.967,
        6,
        1,
        1.2,
        6,
        1.434,
        5.605,
        1.667,
        4.157
      ]
    },
    {
      "Target": "Parameter",
      "Id": "ArmR_Roll",
      "Segments": [
        0,
        -0.245,
        1,
        0.4,
        -0.783,
        0.8,
        -2.02,
        1.2,
        -2.02,
        1,
        1.356,
        -2.02,
        1.511,
        -2.08,
        1.667,
        -1.861
      ]
    },
    {
      "Target": "Parameter",
      "Id": "ShoulderLY",
      "Segments": [
        0,
        0.571,
        1,
        0.556,
        2.421,
        1.111,
        8.491,
        1.667,
        14.747
      ]
    },
    {
      "Target": "Parameter",
      "Id": "ShoulderL_Roll",
      "Segments": [
        0,
        0,
        2,
        1.333,
        0,
        1,
        1.444,
        0,
        1.556,
        -0.073,
        1.667,
        0.089
      ]
    },
    {
      "Target": "Parameter",
      "Id": "ArmL_Roll",
      "Segments": [
        0,
        0.082,
        1,
        0.522,
        0.32,
        1.045,
        1,
        1.567,
        1,
        1,
        1.6,
        1,
        1.634,
        1.027,
        1.667,
        0.993
      ]
    },
    {
      "Target": "Parameter",
      "Id": "HandR_Roll",
      "Segments": [
        0,
        -0.413,
        1,
        0.556,
        -1.772,
        1.111,
        -6.385,
        1.667,
        -12.818
      ]
    },
    {
      "Target": "Parameter",
      "Id": "HandL_Roll",
      "Segments": [
        0,
        -0.721,
        1,
        0.489,
        -2.689,
        0.978,
        -8,
        1.467,
        -8,
        1,
        1.534,
        -8,
        1.6,
        -8.024,
        1.667,
        -7.986
      ]
    },
    {
      "Target": "PartOpacity",
      "Id": "Part",
      "Segments": [
        0,
        1,
        2,
        1.67,
        1
      ]
    },
    {
      "Target": "PartOpacity",
      "Id": "Part18",
      "Segments": [
        0,
        1,
        2,
        1.67,
        1
      ]
    },
    {
      "Target": "PartOpacity",
      "Id": "Part9",
      "Segments": [
        0,
        1,
        2,
        1.67,
        1
      ]
    },
    {
      "Target": "PartOpacity",
      "Id": "Part10",
      "Segments": [
        0,
        1,
        2,
        1.67,
        1
      ]
    },
    {
      "Target": "PartOpacity",
      "Id": "Part17",
      "Segments": [
        0,
        1,
        2,
        1.67,
        1
      ]
    },
    {
      "Target": "PartOpacity",
      "Id": "Part2",
      "Segments": [
        0,
        1,
        2,
        1.67,
        1
      ]
    },
    {
      "Target": "PartOpacity",
      "Id": "Part3",
      "Segments": [
        0,
        1,
        2,
        1.67,
        1
      ]
    },
    {
      "Target": "PartOpacity",
      "Id": "Part4",
      "Segments": [
        0,
        1,
        2,
        1.67,
        1
      ]
    },
    {
      "Target": "PartOpacity",
      "Id": "Part5",
      "Segments": [
        0,
        1,
        2,
        1.67,
        1
      ]
    },
    {
      "Target": "PartOpacity",
      "Id": "Part36",
      "Segments": [
        0,
        1,
        2,
        1.67,
        1
      ]
    },
    {
      "Target": "PartOpacity",
      "Id": "Part6",
      "Segments": [
        0,
        0,
        2,
        1.67,
        0
      ]
    },
    {
      "Target": "PartOpacity",
      "Id": "Part7",
      "Segments": [
        0,
        1,
        2,
        1.67,
        1
      ]
    },
    {
      "Target": "PartOpacity",
      "Id": "Part19",
      "Segments": [
        0,
        1,
        2,
        1.67,
        1
      ]
    },
    {
      "Target": "PartOpacity",
      "Id": "Part12",
      "Segments": [
        0,
        1,
        2,
        1.67,
        1
      ]
    },
    {
      "Target": "PartOpacity",
      "Id": "Part14",
      "Segments": [
        0,
        1,
        2,
        1.67,
        1
      ]
    },
    {
      "Target": "PartOpacity",
      "Id": "Part25",
      "Segments": [
        0,
        0,
        2,
        1.67,
        0
      ]
    },
    {
      "Target": "PartOpacity",
      "Id": "Part26",
      "Segments": [
        0,
        1,
        2,
        1.67,
        1
      ]
    },
    {
      "Target": "PartOpacity",
      "Id": "Part15",
      "Segments": [
        0,
        1,
        2,
        1.67,
        1
      ]
    },
    {
      "Target": "PartOpacity",
      "Id": "Part20",
      "Segments": [
        0,
        0,
        2,
        1.67,
        0
      ]
    },
    {
      "Target": "PartOpacity",
      "Id": "Part21",
      "Segments": [
        0,
        1,
        2,
        1.67,
        1
      ]
    },
    {
      "Target": "PartOpacity",
      "Id": "Part11",
      "Segments": [
        0,
        1,
        2,
        1.67,
        1
      ]
    },
    {
      "Target": "PartOpacity",
      "Id": "Part27",
      "Segments": [
        0,
        1,
        2,
        1.67,
        1
      ]
    },
    {
      "Target": "PartOpacity",
      "Id": "Part34",
      "Segments": [
        0,
        0,
        2,
        1.67,
        0
      ]
    },
    {
      "Target": "PartOpacity",
      "Id": "Part13",
      "Segments": [
        0,
        1,
        2,
        1.67,
        1
      ]
    },
    {
      "Target": "PartOpacity",
      "Id": "Part16",
      "Segments": [
        0,
        1,
        2,
        1.67,
        1
      ]
    },
    {
      "Target": "PartOpacity",
      "Id": "Part30",
      "Segments": [
        0,
        0,
        2,
        1.67,
        0
      ]
    },
    {
      "Target": "PartOpacity",
      "Id": "Part22",
      "Segments": [
        0,
        1,
        2,
        1.67,
        1
      ]
    },
    {
      "Target": "PartOpacity",
      "Id": "Part23",
      "Segments": [
        0,
        0,
        2,
        1.67,
        0
      ]
    },
    {
      "Target": "PartOpacity",
      "Id": "Part24",
      "Segments": [
        0,
        0,
        2,
        1.67,
        0
      ]
    },
    {
      "Target": "PartOpacity",
      "Id": "Part8",
      "Segments": [
        0,
        1,
        2,
        1.67,
        1
      ]
    },
    {
      "Target": "Model",
      "Id": "Opacity",
      "Segments": [
        0,
        1,
        0,
        1.67,
        1
      ]
    },
    {
      "Target": "Parameter",
      "Id": "Waist_Roll",
      "Segments": [
        0,
        0,
        0,
        1.67,
        0
      ]
    },
    {
      "Target": "Parameter",
      "Id": "Body_Pose1",
      "Segments": [
        0,
        0,
        0,
        1.67,
        0
      ]
    },
    {
      "Target": "Parameter",
      "Id": "BodyY",
      "Segments": [
        0,
        0,
        0,
        1.67,
        0
      ]
    },
    {
      "Target": "Parameter",
      "Id": "BodyX",
      "Segments": [
        0,
        0,
        0,
        1.67,
        0
      ]
    },
    {
      "Target": "Parameter",
      "Id": "HeadY",
      "Segments": [
        0,
        0,
        0,
        1.67,
        0
      ]
    },
    {
      "Target": "Parameter",
      "Id": "Sweat",
      "Segments": [
        0,
        0,
        0,
        1.67,
        0
      ]
    },
    {
      "Target": "Parameter",
      "Id": "BrowRX",
      "Segments": [
        0,
        0,
        0,
        1.67,
        0
      ]
    },
    {
      "Target": "Parameter",
      "Id": "BrowR_Angle",
      "Segments": [
        0,
        0,
        0,
        1.67,
        0
      ]
    },
    {
      "Target": "Parameter",
      "Id": "BrowR_Form",
      "Segments": [
        0,
        1,
        0,
        1.67,
        1
      ]
    },
    {
      "Target": "Parameter",
      "Id": "BrowR_Form2",
      "Segments": [
        0,
        0,
        0,
        1.67,
        0
      ]
    },
    {
      "Target": "Parameter",
      "Id": "BrowLX",
      "Segments": [
        0,
        0,
        0,
        1.67,
        0
      ]
    },
    {
      "Target": "Parameter",
      "Id": "BrowL_Angle",
      "Segments": [
        0,
        0,
        0,
        1.67,
        0
      ]
    },
    {
      "Target": "Parameter",
      "Id": "BrowL_Form2",
      "Segments": [
        0,
        0,
        0,
        1.67,
        0
      ]
    },
    {
      "Target": "Parameter",
      "Id": "BrowL_Switch",
      "Segments": [
        0,
        1,
        0,
        1.67,
        1
      ]
    },
    {
      "Target": "Parameter",
      "Id": "EyeR_Open",
      "Segments": [
        0,
        0.9,
        0,
        1.67,
        0.9
      ]
    },
    {
      "Target": "Parameter",
      "Id": "EyeR_Sad",
      "Segments": [
        0,
        0,
        0,
        1.67,
        0
      ]
    },
    {
      "Target": "Parameter",
      "Id": "EyeL_Open",
      "Segments": [
        0,
        0.9,
        0,
        1.67,
        0.9
      ]
    },
    {
      "Target": "Parameter",
      "Id": "EyeL_Sad",
      "Segments": [
        0,
        0,
        0,
        1.67,
        0
      ]
    },
    {
      "Target": "Parameter",
      "Id": "EyeBall_Size",
      "Segments": [
        0,
        0,
        0,
        1.67,
        0
      ]
    },
    {
      "Target": "Parameter",
      "Id": "EyeBallX",
      "Segments": [
        0,
        0.3,
        0,
        1.67,
        0.3
      ]
    },
    {
      "Target": "Parameter",
      "Id": "EyeBallY",
      "Segments": [
        0,
        -0.1,
        0,
        1.67,
        -0.1
      ]
    },
    {
      "Target": "Parameter",
      "Id": "Mouth_Form",
      "Segments": [
        0,
        0,
        0,
        1.67,
        0
      ]
    },
    {
      "Target": "Parameter",
      "Id": "Mouth_Form2",
      "Segments": [
        0,
        1,
        0,
        1.67,
        1
      ]
    },
    {
      "Target": "Parameter",
      "Id": "Mouth_Open",
      "Segments": [
        0,
        1,
        0,
        1.67,
        1
      ]
    },
    {
      "Target": "Parameter",
      "Id": "Mouth_Size",
      "Segments": [
        0,
        1,
        0,
        1.67,
        1
      ]
    },
    {
      "Target": "Parameter",
      "Id": "Param8",
      "Segments": [
        0,
        0,
        0,
        1.67,
        0
      ]
    },
    {
      "Target": "Parameter",
      "Id": "Param9",
      "Segments": [
        0,
        -1,
        0,
        1.67,
        -1
      ]
    },
    {
      "Target": "Parameter",
      "Id": "ArmR_Form2",
      "Segments": [
        0,
        0,
        0,
        1.67,
        0
      ]
    },
    {
      "Target": "Parameter",
      "Id": "ArmR_Form",
      "Segments": [
        0,
        0,
        0,
        1.67,
        0
      ]
    },
    {
      "Target": "Parameter",
      "Id": "ArmR_move",
      "Segments": [
        0,
        0,
        0,
        1.67,
        0
      ]
    },
    {
      "Target": "Parameter",
      "Id": "ArmL_Form2",
      "Segments": [
        0,
        0,
        0,
        1.67,
        0
      ]
    },
    {
      "Target": "Parameter",
      "Id": "ArmL_Form",
      "Segments": [
        0,
        0,
        0,
        1.67,
        0
      ]
    },
    {
      "Target": "Parameter",
      "Id": "ArmL_move",
      "Segments": [
        0,
        0,
        0,
        1.67,
        0
      ]
    },
    {
      "Target": "Parameter",
      "Id": "LegR_Roll",
      "Segments": [
        0,
        0,
        0,
        1.67,
        0
      ]
    },
    {
      "Target": "Parameter",
      "Id": "LegL_Roll",
      "Segments": [
        0,
        0,
        0,
        1.67,
        0
      ]
    },
    {
      "Target": "Parameter",
      "Id": "Lowerbody_Roll",
      "Segments": [
        0,
        0,
        0,
        1.67,
        0
      ]
    }
  ],
  "UserData": [
    {
      "Time": 0.0,
      "Value": ""
    }
  ]
}