{
  "Version": 3,
  "Meta": {
    "Duration": 7.333,
    "Fps": 30.0,
    "Loop": true,
    "AreBeziersRestricted": true,
    "CurveCount": 92,
    "TotalSegmentCount": 162,
    "TotalPointCount": 218,
    "UserDataCount": 1,
    "TotalUserDataSize": 0
  },
  "Curves": [
    {
      "Target": "Parameter",
      "Id": "Breath",
      "Segments": [
        0,
        0.8,
        1,
        0.089,
        0.924,
        0.178,
        0.9,
        0.267,
        0.9,
        0,
        1.633,
        0,
        0,
        2.967,
        0.9,
        0,
        4.533,
        0,
        0,
        5.633,
        0.9,
        0,
        7.333,
        0.8
      ]
    },
    {
      "Target": "Parameter",
      "Id": "Body_Shaking",
      "Segments": [
        0,
        5,
        2,
        0.333,
        5,
        0,
        4.567,
        3,
        0,
        7.333,
        5
      ]
    },
    {
      "Target": "Parameter",
      "Id": "Waist_Roll",
      "Segments": [
        0,
        3,
        2,
        0.2,
        3,
        0,
        1.667,
        1.12,
        0,
        3.067,
        4,
        0,
        4.467,
        1,
        2,
        5.633,
        1,
        0,
        7.333,
        3
      ]
    },
    {
      "Target": "Parameter",
      "Id": "Body_Pose1",
      "Segments": [
        0,
        9.9,
        1,
        0.144,
        10.001,
        0.289,
        10,
        0.433,
        10,
        0,
        1.667,
        2,
        0,
        2.9,
        -5,
        0,
        4.2,
        -6,
        0,
        5.933,
        4,
        1,
        6.4,
        8.619,
        6.866,
        9.9,
        7.333,
        9.9
      ]
    },
    {
      "Target": "Parameter",
      "Id": "BodyY",
      "Segments": [
        0,
        0.6,
        1,
        0.178,
        0.797,
        0.355,
        0.86,
        0.533,
        0.86,
        0,
        4.4,
        -1.44,
        0,
        7.333,
        0.6
      ]
    },
    {
      "Target": "Parameter",
      "Id": "Body_Twist",
      "Segments": [
        0,
        8,
        2,
        0.367,
        8,
        0,
        4.7,
        -5,
        0,
        7.333,
        8
      ]
    },
    {
      "Target": "Parameter",
      "Id": "Head_AngleX",
      "Segments": [
        0,
        12.9,
        1,
        0.178,
        13.04,
        0.355,
        13,
        0.533,
        13,
        1,
        1.311,
        13,
        2.089,
        8.549,
        2.867,
        7,
        1,
        3.467,
        5.805,
        4.067,
        6,
        4.667,
        6,
        0,
        7.333,
        12.9
      ]
    },
    {
      "Target": "Parameter",
      "Id": "Head_AngleY",
      "Segments": [
        0,
        1,
        1,
        0.178,
        2.322,
        0.355,
        3.427,
        0.533,
        4,
        1,
        1.222,
        6.22,
        1.911,
        7,
        2.6,
        7,
        0,
        4.833,
        -10,
        0,
        7.333,
        1
      ]
    },
    {
      "Target": "Parameter",
      "Id": "Head_Roll",
      "Segments": [
        0,
        0.2,
        1,
        0.189,
        0.838,
        0.378,
        1,
        0.567,
        1,
        0,
        4.733,
        -6,
        0,
        7.333,
        0.2
      ]
    },
    {
      "Target": "Parameter",
      "Id": "HeadY",
      "Segments": [
        0,
        0,
        2,
        1.1,
        0,
        0,
        3.133,
        5,
        0,
        7.333,
        0
      ]
    },
    {
      "Target": "Parameter",
      "Id": "HairFront_Shaking",
      "Segments": [
        0,
        -0.029,
        1,
        0.122,
        -0.087,
        0.245,
        -0.081,
        0.367,
        -0.081,
        0,
        1.567,
        0.541,
        0,
        3.033,
        -0.081,
        0,
        4.1,
        0.6,
        0,
        5.867,
        -0.081,
        0,
        7.333,
        -0.029
      ]
    },
    {
      "Target": "Parameter",
      "Id": "HairSide_Shaking",
      "Segments": [
        0,
        -0.006,
        1,
        0.444,
        0.195,
        0.889,
        0.2,
        1.333,
        0.2,
        0,
        2.967,
        -0.435,
        1,
        3.522,
        -0.435,
        4.078,
        -0.434,
        4.633,
        -0.4,
        1,
        5.111,
        -0.371,
        5.589,
        -0.299,
        6.067,
        -0.212,
        1,
        6.489,
        -0.135,
        6.911,
        -0.006,
        7.333,
        -0.006
      ]
    },
    {
      "Target": "Parameter",
      "Id": "HairBack_Shaking",
      "Segments": [
        0,
        -0.285,
        1,
        0.078,
        -0.424,
        0.155,
        -0.4,
        0.233,
        -0.4,
        0,
        1.533,
        0.578,
        0,
        3.033,
        -0.4,
        0,
        4.533,
        0.2,
        0,
        5.9,
        -0.419,
        0,
        7.333,
        -0.285
      ]
    },
    {
      "Target": "Parameter",
      "Id": "ShoulderR_Roll",
      "Segments": [
        0,
        5.81,
        1,
        0.044,
        5.891,
        0.089,
        5.84,
        0.133,
        5.84,
        0,
        2.333,
        2.074,
        0,
        4.033,
        3.56,
        0,
        6.267,
        0,
        0,
        7.333,
        5.81
      ]
    },
    {
      "Target": "Parameter",
      "Id": "ArmR_Roll",
      "Segments": [
        0,
        0.289,
        0,
        2.4,
        0.44,
        0,
        4.1,
        0.24,
        0,
        7.333,
        0.289
      ]
    },
    {
      "Target": "Parameter",
      "Id": "ArmL_Roll",
      "Segments": [
        0,
        0.96,
        1,
        0.222,
        -0.073,
        0.445,
        0,
        0.667,
        0,
        2,
        2.467,
        0,
        0,
        5.167,
        -3,
        0,
        7.333,
        0.96
      ]
    },
    {
      "Target": "Parameter",
      "Id": "ArmL_Form",
      "Segments": [
        0,
        -20.602,
        1,
        0.722,
        -20.602,
        1.445,
        -21.718,
        2.167,
        -25,
        1,
        2.8,
        -27.878,
        3.434,
        -30,
        4.067,
        -30,
        0,
        7.333,
        -20.602
      ]
    },
    {
      "Target": "Parameter",
      "Id": "Param",
      "Segments": [
        0,
        -30,
        0,
        1.833,
        0,
        0,
        3,
        -15,
        0,
        4.4,
        0,
        1,
        4.689,
        0,
        4.978,
        -9.991,
        5.267,
        -15,
        1,
        5.956,
        -26.944,
        6.644,
        -30,
        7.333,
        -30
      ]
    },
    {
      "Target": "Parameter",
      "Id": "Param7",
      "Segments": [
        0,
        -10,
        1,
        0.4,
        -10,
        0.8,
        -4.128,
        1.2,
        0,
        1,
        1.633,
        4.472,
        2.067,
        5,
        2.5,
        5,
        1,
        3.133,
        5,
        3.767,
        1.846,
        4.4,
        -2,
        1,
        5.378,
        -7.938,
        6.355,
        -10,
        7.333,
        -10
      ]
    },
    {
      "Target": "Parameter",
      "Id": "HandR_Roll",
      "Segments": [
        0,
        2.723,
        1,
        0.1,
        3.955,
        0.2,
        4,
        0.3,
        4,
        0,
        2.467,
        -6,
        0,
        4.167,
        4,
        0,
        6.6,
        -11.461,
        0,
        7.333,
        2.723
      ]
    },
    {
      "Target": "Parameter",
      "Id": "HandL_Roll",
      "Segments": [
        0,
        -28.435,
        1,
        0.756,
        -28.416,
        1.511,
        -28.4,
        2.267,
        -28.4,
        0,
        4.8,
        -30,
        0,
        7.333,
        -28.435
      ]
    },
    {
      "Target": "PartOpacity",
      "Id": "Part",
      "Segments": [
        0,
        1,
        2,
        7.33,
        1
      ]
    },
    {
      "Target": "PartOpacity",
      "Id": "Part18",
      "Segments": [
        0,
        1,
        2,
        7.33,
        1
      ]
    },
    {
      "Target": "PartOpacity",
      "Id": "Part9",
      "Segments": [
        0,
        1,
        2,
        7.33,
        1
      ]
    },
    {
      "Target": "PartOpacity",
      "Id": "Part10",
      "Segments": [
        0,
        1,
        2,
        7.33,
        1
      ]
    },
    {
      "Target": "PartOpacity",
      "Id": "Part17",
      "Segments": [
        0,
        1,
        2,
        7.33,
        1
      ]
    },
    {
      "Target": "PartOpacity",
      "Id": "Part2",
      "Segments": [
        0,
        1,
        2,
        7.33,
        1
      ]
    },
    {
      "Target": "PartOpacity",
      "Id": "Part3",
      "Segments": [
        0,
        1,
        2,
        7.33,
        1
      ]
    },
    {
      "Target": "PartOpacity",
      "Id": "Part4",
      "Segments": [
        0,
        1,
        2,
        7.33,
        1
      ]
    },
    {
      "Target": "PartOpacity",
      "Id": "Part5",
      "Segments": [
        0,
        1,
        2,
        7.33,
        1
      ]
    },
    {
      "Target": "PartOpacity",
      "Id": "Part36",
      "Segments": [
        0,
        1,
        2,
        7.33,
        1
      ]
    },
    {
      "Target": "PartOpacity",
      "Id": "Part7",
      "Segments": [
        0,
        1,
        2,
        7.33,
        1
      ]
    },
    {
      "Target": "PartOpacity",
      "Id": "Part19",
      "Segments": [
        0,
        1,
        2,
        7.33,
        1
      ]
    },
    {
      "Target": "PartOpacity",
      "Id": "Part12",
      "Segments": [
        0,
        1,
        2,
        7.33,
        1
      ]
    },
    {
      "Target": "PartOpacity",
      "Id": "Part14",
      "Segments": [
        0,
        1,
        2,
        7.33,
        1
      ]
    },
    {
      "Target": "PartOpacity",
      "Id": "Part25",
      "Segments": [
        0,
        0,
        2,
        7.33,
        0
      ]
    },
    {
      "Target": "PartOpacity",
      "Id": "Part26",
      "Segments": [
        0,
        1,
        2,
        7.33,
        1
      ]
    },
    {
      "Target": "PartOpacity",
      "Id": "Part15",
      "Segments": [
        0,
        1,
        2,
        7.33,
        1
      ]
    },
    {
      "Target": "PartOpacity",
      "Id": "Part20",
      "Segments": [
        0,
        0,
        2,
        7.33,
        0
      ]
    },
    {
      "Target": "PartOpacity",
      "Id": "Part21",
      "Segments": [
        0,
        1,
        2,
        7.33,
        1
      ]
    },
    {
      "Target": "PartOpacity",
      "Id": "Part11",
      "Segments": [
        0,
        1,
        2,
        7.33,
        1
      ]
    },
    {
      "Target": "PartOpacity",
      "Id": "Part27",
      "Segments": [
        0,
        1,
        2,
        7.33,
        1
      ]
    },
    {
      "Target": "PartOpacity",
      "Id": "Part34",
      "Segments": [
        0,
        1,
        2,
        7.33,
        1
      ]
    },
    {
      "Target": "PartOpacity",
      "Id": "Part13",
      "Segments": [
        0,
        0,
        2,
        7.33,
        0
      ]
    },
    {
      "Target": "PartOpacity",
      "Id": "Part32",
      "Segments": [
        0,
        0,
        2,
        7.33,
        0
      ]
    },
    {
      "Target": "PartOpacity",
      "Id": "Part16",
      "Segments": [
        0,
        1,
        2,
        7.33,
        1
      ]
    },
    {
      "Target": "PartOpacity",
      "Id": "Part22",
      "Segments": [
        0,
        0,
        2,
        7.33,
        0
      ]
    },
    {
      "Target": "PartOpacity",
      "Id": "Part24",
      "Segments": [
        0,
        0,
        2,
        7.33,
        0
      ]
    },
    {
      "Target": "PartOpacity",
      "Id": "Part8",
      "Segments": [
        0,
        1,
        2,
        7.33,
        1
      ]
    },
    {
      "Target": "Model",
      "Id": "Opacity",
      "Segments": [
        0,
        1,
        0,
        7.333,
        1
      ]
    },
    {
      "Target": "Parameter",
      "Id": "BodyX",
      "Segments": [
        0,
        0,
        0,
        7.333,
        0
      ]
    },
    {
      "Target": "Parameter",
      "Id": "Sweat",
      "Segments": [
        0,
        0,
        0,
        7.333,
        0
      ]
    },
    {
      "Target": "Parameter",
      "Id": "BrowRY",
      "Segments": [
        0,
        0,
        0,
        7.333,
        0
      ]
    },
    {
      "Target": "Parameter",
      "Id": "BrowRX",
      "Segments": [
        0,
        0,
        0,
        7.333,
        0
      ]
    },
    {
      "Target": "Parameter",
      "Id": "BrowR_Angle",
      "Segments": [
        0,
        0,
        0,
        7.333,
        0
      ]
    },
    {
      "Target": "Parameter",
      "Id": "BrowR_Form",
      "Segments": [
        0,
        1,
        0,
        7.333,
        1
      ]
    },
    {
      "Target": "Parameter",
      "Id": "BrowR_Form2",
      "Segments": [
        0,
        0,
        0,
        7.333,
        0
      ]
    },
    {
      "Target": "Parameter",
      "Id": "BrowR_Switch",
      "Segments": [
        0,
        1,
        0,
        7.333,
        1
      ]
    },
    {
      "Target": "Parameter",
      "Id": "BrowLY",
      "Segments": [
        0,
        -0.2,
        0,
        7.333,
        -0.2
      ]
    },
    {
      "Target": "Parameter",
      "Id": "BrowLX",
      "Segments": [
        0,
        0,
        0,
        7.333,
        0
      ]
    },
    {
      "Target": "Parameter",
      "Id": "BrowL_Angle",
      "Segments": [
        0,
        0,
        0,
        7.333,
        0
      ]
    },
    {
      "Target": "Parameter",
      "Id": "BrowL_Form",
      "Segments": [
        0,
        -1,
        0,
        7.333,
        -1
      ]
    },
    {
      "Target": "Parameter",
      "Id": "BrowL_Form2",
      "Segments": [
        0,
        0,
        0,
        7.333,
        0
      ]
    },
    {
      "Target": "Parameter",
      "Id": "BrowL_Switch",
      "Segments": [
        0,
        1,
        0,
        7.333,
        1
      ]
    },
    {
      "Target": "Parameter",
      "Id": "EyeR_Open",
      "Segments": [
        0,
        1,
        0,
        7.333,
        1
      ]
    },
    {
      "Target": "Parameter",
      "Id": "EyeR_Smile",
      "Segments": [
        0,
        1,
        0,
        7.333,
        1
      ]
    },
    {
      "Target": "Parameter",
      "Id": "EyeR_Sad",
      "Segments": [
        0,
        0,
        0,
        7.333,
        0
      ]
    },
    {
      "Target": "Parameter",
      "Id": "EyeL_Open",
      "Segments": [
        0,
        1,
        0,
        7.333,
        1
      ]
    },
    {
      "Target": "Parameter",
      "Id": "EyeL_Smile",
      "Segments": [
        0,
        1,
        0,
        7.333,
        1
      ]
    },
    {
      "Target": "Parameter",
      "Id": "EyeL_Sad",
      "Segments": [
        0,
        0,
        0,
        7.333,
        0
      ]
    },
    {
      "Target": "Parameter",
      "Id": "EyeBall_Size",
      "Segments": [
        0,
        -18,
        0,
        7.333,
        -18
      ]
    },
    {
      "Target": "Parameter",
      "Id": "EyeBallX",
      "Segments": [
        0,
        0.3,
        0,
        7.333,
        0.3
      ]
    },
    {
      "Target": "Parameter",
      "Id": "EyeBallY",
      "Segments": [
        0,
        -0.3,
        0,
        7.333,
        -0.3
      ]
    },
    {
      "Target": "Parameter",
      "Id": "Mouth_Form",
      "Segments": [
        0,
        0,
        0,
        7.333,
        0
      ]
    },
    {
      "Target": "Parameter",
      "Id": "Mouth_Form2",
      "Segments": [
        0,
        0,
        0,
        7.333,
        0
      ]
    },
    {
      "Target": "Parameter",
      "Id": "Mouth_Open",
      "Segments": [
        0,
        1,
        0,
        7.333,
        1
      ]
    },
    {
      "Target": "Parameter",
      "Id": "Mouth_Size",
      "Segments": [
        0,
        1,
        0,
        7.333,
        1
      ]
    },
    {
      "Target": "Parameter",
      "Id": "Param8",
      "Segments": [
        0,
        -1,
        0,
        7.333,
        -1
      ]
    },
    {
      "Target": "Parameter",
      "Id": "Param9",
      "Segments": [
        0,
        -1,
        0,
        7.333,
        -1
      ]
    },
    {
      "Target": "Parameter",
      "Id": "ShoulderRY",
      "Segments": [
        0,
        2.1,
        0,
        7.333,
        2.1
      ]
    },
    {
      "Target": "Parameter",
      "Id": "ArmR_Form2",
      "Segments": [
        0,
        0,
        0,
        7.333,
        0
      ]
    },
    {
      "Target": "Parameter",
      "Id": "ArmR_Form",
      "Segments": [
        0,
        0,
        0,
        7.333,
        0
      ]
    },
    {
      "Target": "Parameter",
      "Id": "ArmR_move",
      "Segments": [
        0,
        0,
        0,
        7.333,
        0
      ]
    },
    {
      "Target": "Parameter",
      "Id": "ShoulderLY",
      "Segments": [
        0,
        8,
        0,
        7.333,
        8
      ]
    },
    {
      "Target": "Parameter",
      "Id": "ShoulderL_Roll",
      "Segments": [
        0,
        -15,
        0,
        7.333,
        -15
      ]
    },
    {
      "Target": "Parameter",
      "Id": "ArmL_Form2",
      "Segments": [
        0,
        0,
        0,
        7.333,
        0
      ]
    },
    {
      "Target": "Parameter",
      "Id": "ArmL_move",
      "Segments": [
        0,
        1,
        0,
        7.333,
        1
      ]
    },
    {
      "Target": "Parameter",
      "Id": "LegR_Roll",
      "Segments": [
        0,
        0,
        0,
        7.333,
        0
      ]
    },
    {
      "Target": "Parameter",
      "Id": "LegL_Roll",
      "Segments": [
        0,
        0,
        0,
        7.333,
        0
      ]
    },
    {
      "Target": "Parameter",
      "Id": "Lowerbody_Roll",
      "Segments": [
        0,
        0,
        0,
        7.333,
        0
      ]
    },
    {
      "Target": "PartOpacity",
      "Id": "Part30",
      "Segments": [
        0,
        0,
        0,
        7.333,
        0
      ]
    },
    {
      "Target": "PartOpacity",
      "Id": "Part23",
      "Segments": [
        0,
        0,
        0,
        7.333,
        0
      ]
    }
  ],
  "UserData": [
    {
      "Time": 0.0,
      "Value": ""
    }
  ]
}