{
  "Version": 3,
  "Meta": {
    "Duration": 1.1,
    "Fps": 30.0,
    "Loop": true,
    "AreBeziersRestricted": true,
    "CurveCount": 89,
    "TotalSegmentCount": 178,
    "TotalPointCount": 292,
    "UserDataCount": 1,
    "TotalUserDataSize": 0
  },
  "Curves": [
    {
      "Target": "Parameter",
      "Id": "Breath",
      "Segments": [
        0,
        0.254,
        1,
        0.144,
        0.52,
        0.289,
        0.9,
        0.433,
        0.9,
        0,
        1.1,
        0
      ]
    },
    {
      "Target": "Parameter",
      "Id": "Body_Shaking",
      "Segments": [
        0,
        0.922,
        1,
        0.133,
        1.803,
        0.267,
        3,
        0.4,
        3,
        0,
        1.1,
        -2
      ]
    },
    {
      "Target": "Parameter",
      "Id": "Waist_Roll",
      "Segments": [
        0,
        0.282,
        1,
        0.144,
        0.577,
        0.289,
        1,
        0.433,
        1,
        1,
        0.544,
        1,
        0.656,
        0.021,
        0.767,
        -0.66,
        1,
        0.878,
        -1.341,
        0.989,
        -1.4,
        1.1,
        -1.4
      ]
    },
    {
      "Target": "Parameter",
      "Id": "Body_Pose1",
      "Segments": [
        0,
        1.551,
        1,
        0.178,
        3.612,
        0.355,
        7,
        0.533,
        7,
        1,
        0.722,
        7,
        0.911,
        2.368,
        1.1,
        0.4
      ]
    },
    {
      "Target": "Parameter",
      "Id": "BodyY",
      "Segments": [
        0,
        0.101,
        1,
        0.144,
        0.208,
        0.289,
        0.36,
        0.433,
        0.36,
        0,
        1.1,
        -0.5
      ]
    },
    {
      "Target": "Parameter",
      "Id": "Body_Twist",
      "Segments": [
        0,
        0.578,
        1,
        0.367,
        2.282,
        0.733,
        7.216,
        1.1,
        7.946
      ]
    },
    {
      "Target": "Parameter",
      "Id": "Head_AngleX",
      "Segments": [
        0,
        0.336,
        1,
        0.122,
        0.627,
        0.245,
        1,
        0.367,
        1,
        1,
        0.611,
        1,
        0.856,
        0.571,
        1.1,
        0.232
      ]
    },
    {
      "Target": "Parameter",
      "Id": "Head_AngleY",
      "Segments": [
        0,
        4.705,
        1,
        0.122,
        8.772,
        0.245,
        14,
        0.367,
        14,
        1,
        0.611,
        14,
        0.856,
        9.786,
        1.1,
        3.247
      ]
    },
    {
      "Target": "Parameter",
      "Id": "Head_Roll",
      "Segments": [
        0,
        0.06,
        1,
        0.122,
        0.113,
        0.245,
        0.18,
        0.367,
        0.18,
        1,
        0.5,
        0.18,
        0.634,
        -0.6,
        0.767,
        -1.7,
        1,
        0.878,
        -2.617,
        0.989,
        -3.423,
        1.1,
        -4.1
      ]
    },
    {
      "Target": "Parameter",
      "Id": "HeadY",
      "Segments": [
        0,
        0,
        2,
        0.767,
        0,
        0,
        1.1,
        -5
      ]
    },
    {
      "Target": "Parameter",
      "Id": "BrowRY",
      "Segments": [
        0,
        -0.322,
        1,
        0.033,
        -0.309,
        0.067,
        -0.3,
        0.1,
        -0.3,
        2,
        1.1,
        -0.3
      ]
    },
    {
      "Target": "Parameter",
      "Id": "BrowRX",
      "Segments": [
        0,
        0.47,
        1,
        0.033,
        0.546,
        0.067,
        0.6,
        0.1,
        0.6,
        2,
        1.1,
        0.6
      ]
    },
    {
      "Target": "Parameter",
      "Id": "BrowR_Angle",
      "Segments": [
        0,
        0.392,
        1,
        0.033,
        0.455,
        0.067,
        0.5,
        0.1,
        0.5,
        2,
        1.1,
        0.5
      ]
    },
    {
      "Target": "Parameter",
      "Id": "BrowR_Form",
      "Segments": [
        0,
        -0.784,
        1,
        0.033,
        -0.91,
        0.067,
        -1,
        0.1,
        -1,
        2,
        1.1,
        -1
      ]
    },
    {
      "Target": "Parameter",
      "Id": "BrowR_Switch",
      "Segments": [
        0,
        0.784,
        1,
        0.033,
        0.91,
        0.067,
        1,
        0.1,
        1,
        2,
        1.1,
        1
      ]
    },
    {
      "Target": "Parameter",
      "Id": "BrowLY",
      "Segments": [
        0,
        -0.122,
        1,
        0.033,
        -0.109,
        0.067,
        -0.1,
        0.1,
        -0.1,
        2,
        1.1,
        -0.1
      ]
    },
    {
      "Target": "Parameter",
      "Id": "BrowL_Angle",
      "Segments": [
        0,
        -0.235,
        1,
        0.033,
        -0.273,
        0.067,
        -0.3,
        0.1,
        -0.3,
        2,
        1.1,
        -0.3
      ]
    },
    {
      "Target": "Parameter",
      "Id": "BrowL_Form",
      "Segments": [
        0,
        -0.568,
        1,
        0.033,
        -0.82,
        0.067,
        -1,
        0.1,
        -1,
        2,
        1.1,
        -1
      ]
    },
    {
      "Target": "Parameter",
      "Id": "EyeR_Open",
      "Segments": [
        0,
        0.978,
        1,
        0.033,
        0.991,
        0.067,
        1,
        0.1,
        1,
        2,
        1.1,
        1
      ]
    },
    {
      "Target": "Parameter",
      "Id": "EyeR_Smile",
      "Segments": [
        0,
        0.784,
        1,
        0.033,
        0.91,
        0.067,
        1,
        0.1,
        1,
        2,
        1.1,
        1
      ]
    },
    {
      "Target": "Parameter",
      "Id": "EyeL_Open",
      "Segments": [
        0,
        0.978,
        1,
        0.033,
        0.991,
        0.067,
        1,
        0.1,
        1,
        2,
        1.1,
        1
      ]
    },
    {
      "Target": "Parameter",
      "Id": "EyeL_Smile",
      "Segments": [
        0,
        0.784,
        1,
        0.033,
        0.91,
        0.067,
        1,
        0.1,
        1,
        2,
        1.1,
        1
      ]
    },
    {
      "Target": "Parameter",
      "Id": "EyeBall_Size",
      "Segments": [
        0,
        -23.52,
        1,
        0.033,
        -27.3,
        0.067,
        -30,
        0.1,
        -30,
        2,
        1.1,
        -30
      ]
    },
    {
      "Target": "Parameter",
      "Id": "EyeBallX",
      "Segments": [
        0,
        0.222,
        1,
        0.033,
        0.209,
        0.067,
        0.2,
        0.1,
        0.2,
        2,
        1.1,
        0.2
      ]
    },
    {
      "Target": "Parameter",
      "Id": "EyeBallY",
      "Segments": [
        0,
        -0.178,
        1,
        0.033,
        -0.191,
        0.067,
        -0.2,
        0.1,
        -0.2,
        2,
        1.1,
        -0.2
      ]
    },
    {
      "Target": "Parameter",
      "Id": "Mouth_Form",
      "Segments": [
        0,
        -0.558,
        1,
        0.067,
        -0.787,
        0.133,
        -1,
        0.2,
        -1,
        2,
        1.1,
        -1
      ]
    },
    {
      "Target": "Parameter",
      "Id": "Param9",
      "Segments": [
        0,
        -0.115,
        1,
        0.067,
        -0.574,
        0.133,
        -1,
        0.2,
        -1,
        2,
        1.1,
        -1
      ]
    },
    {
      "Target": "Parameter",
      "Id": "HairFront_Shaking",
      "Segments": [
        0,
        0.122,
        1,
        0.222,
        0.331,
        0.445,
        0.734,
        0.667,
        0.734,
        1,
        0.811,
        0.734,
        0.956,
        0.552,
        1.1,
        0.4
      ]
    },
    {
      "Target": "Parameter",
      "Id": "HairSide_Shaking",
      "Segments": [
        0,
        0.062,
        1,
        0.189,
        0.149,
        0.378,
        0.3,
        0.567,
        0.3,
        1,
        0.745,
        0.3,
        0.922,
        0.177,
        1.1,
        0
      ]
    },
    {
      "Target": "Parameter",
      "Id": "HairBack_Shaking",
      "Segments": [
        0,
        0.113,
        1,
        0.256,
        0.337,
        0.511,
        0.818,
        0.767,
        0.818,
        1,
        0.878,
        0.818,
        0.989,
        0.719,
        1.1,
        0.5
      ]
    },
    {
      "Target": "Parameter",
      "Id": "ShoulderRY",
      "Segments": [
        0,
        9.197,
        1,
        0.133,
        12.218,
        0.267,
        12.058,
        0.4,
        12.058,
        0,
        1.1,
        2.1
      ]
    },
    {
      "Target": "Parameter",
      "Id": "ShoulderR_Roll",
      "Segments": [
        0,
        -0.118,
        1,
        0.144,
        -0.243,
        0.289,
        -0.42,
        0.433,
        -0.42,
        1,
        0.655,
        -0.42,
        0.878,
        0.818,
        1.1,
        2.7
      ]
    },
    {
      "Target": "Parameter",
      "Id": "ArmR_Roll",
      "Segments": [
        0,
        -0.034,
        1,
        0.144,
        -0.069,
        0.289,
        -0.12,
        0.433,
        -0.12,
        1,
        0.655,
        -0.12,
        0.878,
        0.136,
        1.1,
        0.24
      ]
    },
    {
      "Target": "Parameter",
      "Id": "ShoulderLY",
      "Segments": [
        0,
        10.844,
        1,
        0.133,
        14.576,
        0.267,
        14.745,
        0.4,
        14.745,
        0,
        1.1,
        -3.2
      ]
    },
    {
      "Target": "Parameter",
      "Id": "ShoulderL_Roll",
      "Segments": [
        0,
        0.262,
        1,
        0.1,
        0.995,
        0.2,
        3.011,
        0.3,
        3.011,
        1,
        0.456,
        3.011,
        0.611,
        -16.307,
        0.767,
        -20.32,
        1,
        0.878,
        -23.187,
        0.989,
        -24.936,
        1.1,
        -25
      ]
    },
    {
      "Target": "Parameter",
      "Id": "ArmL_Form2",
      "Segments": [
        0,
        0,
        2,
        0.1,
        0,
        2,
        0.2,
        0,
        0,
        0.767,
        11,
        2,
        1.1,
        11
      ]
    },
    {
      "Target": "Parameter",
      "Id": "ArmL_Roll",
      "Segments": [
        0,
        0.46,
        1,
        0.144,
        2.354,
        0.289,
        9.46,
        0.433,
        9.46,
        1,
        0.555,
        9.46,
        0.678,
        -16.262,
        0.8,
        -19.98,
        1,
        0.9,
        -23.022,
        1,
        -22.557,
        1.1,
        -22.557
      ]
    },
    {
      "Target": "Parameter",
      "Id": "ArmL_Form",
      "Segments": [
        0,
        0,
        2,
        0.1,
        0,
        2,
        0.2,
        0,
        2,
        0.567,
        0,
        0,
        0.667,
        -20.602,
        0,
        0.767,
        -14,
        2,
        1.1,
        -14
      ]
    },
    {
      "Target": "Parameter",
      "Id": "ArmL_move",
      "Segments": [
        0,
        0,
        2,
        0.1,
        0,
        0,
        0.267,
        1,
        2,
        0.767,
        1,
        2,
        1.1,
        1
      ]
    },
    {
      "Target": "Parameter",
      "Id": "HandR_Roll",
      "Segments": [
        0,
        -1.912,
        1,
        0.222,
        -5.173,
        0.445,
        -11.461,
        0.667,
        -11.461,
        1,
        0.811,
        -11.461,
        0.956,
        -10.741,
        1.1,
        -7.62
      ]
    },
    {
      "Target": "Parameter",
      "Id": "HandL_Roll",
      "Segments": [
        0,
        -0.253,
        1,
        0.233,
        -0.784,
        0.467,
        -2.234,
        0.7,
        -5.323,
        1,
        0.767,
        -6.205,
        0.833,
        -20.355,
        0.9,
        -24.18,
        1,
        0.967,
        -28.005,
        1.033,
        -28.44,
        1.1,
        -28.44
      ]
    },
    {
      "Target": "Parameter",
      "Id": "Lowerbody_Roll",
      "Segments": [
        0,
        -0.307,
        1,
        0.133,
        -0.601,
        0.267,
        -1,
        0.4,
        -1,
        0,
        1.1,
        0
      ]
    },
    {
      "Target": "PartOpacity",
      "Id": "Part",
      "Segments": [
        0,
        1,
        2,
        0.77,
        1,
        2,
        1.1,
        1
      ]
    },
    {
      "Target": "PartOpacity",
      "Id": "Part18",
      "Segments": [
        0,
        1,
        2,
        0.77,
        1,
        2,
        1.1,
        1
      ]
    },
    {
      "Target": "PartOpacity",
      "Id": "Part9",
      "Segments": [
        0,
        1,
        2,
        0.77,
        1,
        2,
        1.1,
        1
      ]
    },
    {
      "Target": "PartOpacity",
      "Id": "Part10",
      "Segments": [
        0,
        1,
        2,
        0.77,
        1,
        2,
        1.1,
        1
      ]
    },
    {
      "Target": "PartOpacity",
      "Id": "Part17",
      "Segments": [
        0,
        1,
        2,
        0.77,
        1,
        2,
        1.1,
        1
      ]
    },
    {
      "Target": "PartOpacity",
      "Id": "Part2",
      "Segments": [
        0,
        1,
        2,
        0.77,
        1,
        2,
        1.1,
        1
      ]
    },
    {
      "Target": "PartOpacity",
      "Id": "Part3",
      "Segments": [
        0,
        1,
        2,
        0.77,
        1,
        2,
        1.1,
        1
      ]
    },
    {
      "Target": "PartOpacity",
      "Id": "Part4",
      "Segments": [
        0,
        1,
        2,
        0.77,
        1,
        2,
        1.1,
        1
      ]
    },
    {
      "Target": "PartOpacity",
      "Id": "Part5",
      "Segments": [
        0,
        1,
        2,
        0.77,
        1,
        2,
        1.1,
        1
      ]
    },
    {
      "Target": "PartOpacity",
      "Id": "Part36",
      "Segments": [
        0,
        1,
        2,
        0.77,
        1,
        2,
        1.1,
        1
      ]
    },
    {
      "Target": "PartOpacity",
      "Id": "Part7",
      "Segments": [
        0,
        1,
        2,
        0.77,
        1,
        2,
        1.1,
        1
      ]
    },
    {
      "Target": "PartOpacity",
      "Id": "Part19",
      "Segments": [
        0,
        1,
        2,
        0.77,
        1,
        2,
        1.1,
        1
      ]
    },
    {
      "Target": "PartOpacity",
      "Id": "Part12",
      "Segments": [
        0,
        1,
        2,
        0.77,
        1,
        2,
        1.1,
        1
      ]
    },
    {
      "Target": "PartOpacity",
      "Id": "Part14",
      "Segments": [
        0,
        1,
        2,
        0.77,
        1,
        2,
        1.1,
        1
      ]
    },
    {
      "Target": "PartOpacity",
      "Id": "Part25",
      "Segments": [
        0,
        0,
        2,
        0.77,
        0,
        2,
        1.1,
        0
      ]
    },
    {
      "Target": "PartOpacity",
      "Id": "Part26",
      "Segments": [
        0,
        1,
        2,
        0.77,
        1,
        2,
        1.1,
        1
      ]
    },
    {
      "Target": "PartOpacity",
      "Id": "Part15",
      "Segments": [
        0,
        1,
        2,
        0.77,
        1,
        2,
        1.1,
        1
      ]
    },
    {
      "Target": "PartOpacity",
      "Id": "Part20",
      "Segments": [
        0,
        0,
        2,
        0.77,
        0,
        2,
        1.1,
        0
      ]
    },
    {
      "Target": "PartOpacity",
      "Id": "Part21",
      "Segments": [
        0,
        1,
        2,
        0.77,
        1,
        2,
        1.1,
        1
      ]
    },
    {
      "Target": "PartOpacity",
      "Id": "Part11",
      "Segments": [
        0,
        1,
        2,
        0.77,
        1,
        2,
        1.1,
        1
      ]
    },
    {
      "Target": "PartOpacity",
      "Id": "Part27",
      "Segments": [
        0,
        1,
        2,
        0.77,
        1,
        2,
        1.1,
        1
      ]
    },
    {
      "Target": "PartOpacity",
      "Id": "Part13",
      "Segments": [
        0,
        1,
        2,
        0.63,
        1,
        0,
        0.7,
        0,
        2,
        0.77,
        0,
        2,
        1.1,
        0
      ]
    },
    {
      "Target": "PartOpacity",
      "Id": "Part16",
      "Segments": [
        0,
        1,
        2,
        0.77,
        1,
        2,
        1.1,
        1
      ]
    },
    {
      "Target": "PartOpacity",
      "Id": "Part30",
      "Segments": [
        0,
        0,
        2,
        0.1,
        0,
        0,
        0.63,
        1,
        2,
        0.7,
        0,
        2,
        1.1,
        0
      ]
    },
    {
      "Target": "PartOpacity",
      "Id": "Part22",
      "Segments": [
        0,
        1,
        2,
        0.63,
        1,
        2,
        0.77,
        1,
        2,
        1.1,
        1
      ]
    },
    {
      "Target": "PartOpacity",
      "Id": "Part23",
      "Segments": [
        0,
        0,
        2,
        0.63,
        0,
        0,
        0.7,
        1,
        2,
        1.1,
        1
      ]
    },
    {
      "Target": "PartOpacity",
      "Id": "Part24",
      "Segments": [
        0,
        0,
        2,
        0.77,
        0,
        2,
        1.1,
        0
      ]
    },
    {
      "Target": "PartOpacity",
      "Id": "Part8",
      "Segments": [
        0,
        1,
        2,
        0.77,
        1,
        2,
        1.1,
        1
      ]
    },
    {
      "Target": "Model",
      "Id": "Opacity",
      "Segments": [
        0,
        1,
        0,
        1.1,
        1
      ]
    },
    {
      "Target": "Parameter",
      "Id": "BodyX",
      "Segments": [
        0,
        0,
        0,
        1.1,
        0
      ]
    },
    {
      "Target": "Parameter",
      "Id": "Sweat",
      "Segments": [
        0,
        0,
        0,
        1.1,
        0
      ]
    },
    {
      "Target": "Parameter",
      "Id": "BrowR_Form2",
      "Segments": [
        0,
        0,
        0,
        1.1,
        0
      ]
    },
    {
      "Target": "Parameter",
      "Id": "BrowLX",
      "Segments": [
        0,
        0,
        0,
        1.1,
        0
      ]
    },
    {
      "Target": "Parameter",
      "Id": "BrowL_Form2",
      "Segments": [
        0,
        0,
        0,
        1.1,
        0
      ]
    },
    {
      "Target": "Parameter",
      "Id": "BrowL_Switch",
      "Segments": [
        0,
        1,
        0,
        1.1,
        1
      ]
    },
    {
      "Target": "Parameter",
      "Id": "EyeR_Sad",
      "Segments": [
        0,
        0,
        0,
        1.1,
        0
      ]
    },
    {
      "Target": "Parameter",
      "Id": "EyeL_Sad",
      "Segments": [
        0,
        0,
        0,
        1.1,
        0
      ]
    },
    {
      "Target": "Parameter",
      "Id": "Mouth_Form2",
      "Segments": [
        0,
        0,
        0,
        1.1,
        0
      ]
    },
    {
      "Target": "Parameter",
      "Id": "Mouth_Open",
      "Segments": [
        0,
        1,
        0,
        1.1,
        1
      ]
    },
    {
      "Target": "Parameter",
      "Id": "Mouth_Size",
      "Segments": [
        0,
        1,
        0,
        1.1,
        1
      ]
    },
    {
      "Target": "Parameter",
      "Id": "Param8",
      "Segments": [
        0,
        0,
        0,
        1.1,
        0
      ]
    },
    {
      "Target": "Parameter",
      "Id": "ArmR_Form2",
      "Segments": [
        0,
        0,
        0,
        1.1,
        0
      ]
    },
    {
      "Target": "Parameter",
      "Id": "ArmR_Form",
      "Segments": [
        0,
        0,
        0,
        1.1,
        0
      ]
    },
    {
      "Target": "Parameter",
      "Id": "ArmR_move",
      "Segments": [
        0,
        0,
        0,
        1.1,
        0
      ]
    },
    {
      "Target": "Parameter",
      "Id": "LegR_Roll",
      "Segments": [
        0,
        0,
        0,
        1.1,
        0
      ]
    },
    {
      "Target": "Parameter",
      "Id": "LegL_Roll",
      "Segments": [
        0,
        0,
        0,
        1.1,
        0
      ]
    },
    {
      "Target": "PartOpacity",
      "Id": "Part34",
      "Segments": [
        0,
        0,
        0,
        1.1,
        0
      ]
    }
  ],
  "UserData": [
    {
      "Time": 0.0,
      "Value": ""
    }
  ]
}