{
  "Version": 3,
  "Meta": {
    "Duration": 1.833,
    "Fps": 30.0,
    "Loop": true,
    "AreBeziersRestricted": true,
    "CurveCount": 92,
    "TotalSegmentCount": 254,
    "TotalPointCount": 400,
    "UserDataCount": 1,
    "TotalUserDataSize": 0
  },
  "Curves": [
    {
      "Target": "Parameter",
      "Id": "Breath",
      "Segments": [
        0,
        0.615,
        1,
        0.033,
        0.773,
        0.067,
        0.9,
        0.1,
        0.9,
        1,
        0.344,
        0.9,
        0.589,
        0.563,
        0.833,
        0.1,
        1,
        0.889,
        -0.005,
        0.944,
        0,
        1,
        0,
        1,
        1.278,
        0,
        1.555,
        0.413,
        1.833,
        0.8
      ]
    },
    {
      "Target": "Parameter",
      "Id": "Body_Shaking",
      "Segments": [
        0,
        -3.99,
        1,
        0.056,
        -5.985,
        0.111,
        -7.98,
        0.167,
        -7.98,
        1,
        0.389,
        -7.98,
        0.611,
        1.651,
        0.833,
        3,
        1,
        1.166,
        5.024,
        1.5,
        5,
        1.833,
        5
      ]
    },
    {
      "Target": "Parameter",
      "Id": "Waist_Roll",
      "Segments": [
        0,
        -2,
        1,
        0.056,
        -3,
        0.111,
        -4,
        0.167,
        -4,
        1,
        0.389,
        -4,
        0.611,
        2.076,
        0.833,
        2.46,
        1,
        1.166,
        3.036,
        1.5,
        3,
        1.833,
        3
      ]
    },
    {
      "Target": "Parameter",
      "Id": "Body_Pose1",
      "Segments": [
        0,
        0,
        2,
        0.167,
        0,
        1,
        0.278,
        0,
        0.389,
        4.441,
        0.5,
        6,
        1,
        0.611,
        7.559,
        0.722,
        8.871,
        0.833,
        9,
        1,
        1.166,
        9.387,
        1.5,
        9.667,
        1.833,
        9.9
      ]
    },
    {
      "Target": "Parameter",
      "Id": "BodyY",
      "Segments": [
        0,
        0,
        2,
        0.167,
        0,
        0,
        0.5,
        0.36,
        0,
        0.833,
        0,
        1,
        1.166,
        0,
        1.5,
        0.23,
        1.833,
        0.6
      ]
    },
    {
      "Target": "Parameter",
      "Id": "Body_Twist",
      "Segments": [
        0,
        -3.009,
        1,
        0.078,
        -5.278,
        0.155,
        -8,
        0.233,
        -8,
        0,
        0.833,
        8,
        2,
        1.833,
        8
      ]
    },
    {
      "Target": "Parameter",
      "Id": "Head_AngleX",
      "Segments": [
        0,
        -4.514,
        1,
        0.078,
        -7.917,
        0.155,
        -12,
        0.233,
        -12,
        1,
        0.433,
        -12,
        0.633,
        10.41,
        0.833,
        11,
        1,
        1.166,
        11.984,
        1.5,
        12.638,
        1.833,
        12.9
      ]
    },
    {
      "Target": "Parameter",
      "Id": "Head_AngleY",
      "Segments": [
        0,
        -9.404,
        1,
        0.078,
        -16.493,
        0.155,
        -25,
        0.233,
        -25,
        1,
        0.433,
        -25,
        0.633,
        -10.548,
        0.833,
        -8,
        1,
        1.166,
        -3.754,
        1.5,
        -1.48,
        1.833,
        1
      ]
    },
    {
      "Target": "Parameter",
      "Id": "Head_Roll",
      "Segments": [
        0,
        -3,
        1,
        0.056,
        -4.5,
        0.111,
        -6,
        0.167,
        -6,
        0,
        0.5,
        0,
        0,
        0.833,
        -1.7,
        1,
        1.166,
        -1.7,
        1.5,
        -0.926,
        1.833,
        0.2
      ]
    },
    {
      "Target": "Parameter",
      "Id": "HeadY",
      "Segments": [
        0,
        3.5,
        1,
        0.056,
        5.25,
        0.111,
        7,
        0.167,
        7,
        0,
        0.5,
        0,
        2,
        0.833,
        0,
        2,
        1.833,
        0
      ]
    },
    {
      "Target": "Parameter",
      "Id": "BrowRY",
      "Segments": [
        0,
        -0.494,
        1,
        0.167,
        -0.663,
        0.333,
        -1,
        0.5,
        -1,
        2,
        1.833,
        -1
      ]
    },
    {
      "Target": "Parameter",
      "Id": "BrowR_Angle",
      "Segments": [
        0,
        -0.031,
        1,
        0.167,
        -0.088,
        0.333,
        -0.2,
        0.5,
        -0.2,
        2,
        1.833,
        -0.2
      ]
    },
    {
      "Target": "Parameter",
      "Id": "BrowR_Form",
      "Segments": [
        0,
        -0.156,
        1,
        0.167,
        -0.438,
        0.333,
        -1,
        0.5,
        -1,
        2,
        1.833,
        -1
      ]
    },
    {
      "Target": "Parameter",
      "Id": "BrowR_Switch",
      "Segments": [
        0,
        0.156,
        1,
        0.167,
        0.438,
        0.333,
        1,
        0.5,
        1,
        2,
        1.833,
        1
      ]
    },
    {
      "Target": "Parameter",
      "Id": "BrowLY",
      "Segments": [
        0,
        -0.263,
        1,
        0.167,
        -0.375,
        0.333,
        -0.6,
        0.5,
        -0.6,
        2,
        1.833,
        -0.6
      ]
    },
    {
      "Target": "Parameter",
      "Id": "BrowL_Form",
      "Segments": [
        0,
        0.844,
        1,
        0.167,
        0.562,
        0.333,
        0,
        0.5,
        0,
        2,
        1.833,
        0
      ]
    },
    {
      "Target": "Parameter",
      "Id": "BrowL_Form2",
      "Segments": [
        0,
        -0.156,
        1,
        0.167,
        -0.438,
        0.333,
        -1,
        0.5,
        -1,
        2,
        1.833,
        -1
      ]
    },
    {
      "Target": "Parameter",
      "Id": "EyeR_Open",
      "Segments": [
        0,
        0.887,
        1,
        0.167,
        0.863,
        0.333,
        0.816,
        0.5,
        0.816,
        2,
        1.833,
        0.816
      ]
    },
    {
      "Target": "Parameter",
      "Id": "EyeR_Smile",
      "Segments": [
        0,
        0.031,
        1,
        0.167,
        0.088,
        0.333,
        0.2,
        0.5,
        0.2,
        2,
        1.833,
        0.2
      ]
    },
    {
      "Target": "Parameter",
      "Id": "EyeL_Open",
      "Segments": [
        0,
        0.916,
        1,
        0.167,
        0.944,
        0.333,
        1,
        0.5,
        1,
        2,
        1.833,
        1
      ]
    },
    {
      "Target": "Parameter",
      "Id": "EyeL_Smile",
      "Segments": [
        0,
        0.156,
        1,
        0.167,
        0.438,
        0.333,
        1,
        0.5,
        1,
        2,
        1.833,
        1
      ]
    },
    {
      "Target": "Parameter",
      "Id": "EyeL_Sad",
      "Segments": [
        0,
        0.062,
        1,
        0.167,
        0.175,
        0.333,
        0.4,
        0.5,
        0.4,
        2,
        1.833,
        0.4
      ]
    },
    {
      "Target": "Parameter",
      "Id": "Param8",
      "Segments": [
        0,
        0.042,
        1,
        0.222,
        0.144,
        0.445,
        0.4,
        0.667,
        0.4,
        2,
        1.833,
        0.4
      ]
    },
    {
      "Target": "Parameter",
      "Id": "Param9",
      "Segments": [
        0,
        0.792,
        1,
        0.222,
        0.28,
        0.445,
        -1,
        0.667,
        -1,
        2,
        1.833,
        -1
      ]
    },
    {
      "Target": "Parameter",
      "Id": "HairFront_Shaking",
      "Segments": [
        0,
        0.115,
        1,
        0.167,
        0.321,
        0.333,
        0.734,
        0.5,
        0.734,
        1,
        0.611,
        0.734,
        0.722,
        0.674,
        0.833,
        0.6,
        1,
        1.166,
        0.378,
        1.5,
        0.129,
        1.833,
        -0.029
      ]
    },
    {
      "Target": "Parameter",
      "Id": "HairSide_Shaking",
      "Segments": [
        0,
        0.021,
        1,
        0.133,
        0.05,
        0.267,
        0.1,
        0.4,
        0.1,
        0,
        0.833,
        -0.6,
        1,
        1.166,
        -0.6,
        1.5,
        -0.262,
        1.833,
        -0.006
      ]
    },
    {
      "Target": "Parameter",
      "Id": "HairBack_Shaking",
      "Segments": [
        0,
        0.061,
        1,
        0.278,
        0.25,
        0.555,
        0.818,
        0.833,
        0.818,
        1,
        1.166,
        0.818,
        1.5,
        0.31,
        1.833,
        -0.285
      ]
    },
    {
      "Target": "Parameter",
      "Id": "ShoulderRY",
      "Segments": [
        0,
        11.489,
        1,
        0.044,
        12.117,
        0.089,
        12.058,
        0.133,
        12.058,
        0,
        0.833,
        2.1,
        2,
        1.833,
        2.1
      ]
    },
    {
      "Target": "Parameter",
      "Id": "ShoulderR_Roll",
      "Segments": [
        0,
        -0.21,
        1,
        0.056,
        -0.315,
        0.111,
        -0.42,
        0.167,
        -0.42,
        1,
        0.389,
        -0.42,
        0.611,
        1.759,
        0.833,
        2.7,
        1,
        1.166,
        4.112,
        1.5,
        5.2,
        1.833,
        5.81
      ]
    },
    {
      "Target": "Parameter",
      "Id": "ArmR_Roll",
      "Segments": [
        0,
        -0.06,
        1,
        0.056,
        -0.09,
        0.111,
        -0.12,
        0.167,
        -0.12,
        1,
        0.389,
        -0.12,
        0.611,
        0.185,
        0.833,
        0.24,
        1,
        1.1,
        0.306,
        1.366,
        0.3,
        1.633,
        0.3,
        1,
        1.7,
        0.3,
        1.766,
        0.316,
        1.833,
        0.289
      ]
    },
    {
      "Target": "Parameter",
      "Id": "ShoulderLY",
      "Segments": [
        0,
        7.048,
        1,
        0.056,
        15.916,
        0.111,
        30,
        0.167,
        30,
        0,
        0.533,
        8,
        2,
        0.833,
        8,
        2,
        1.833,
        8
      ]
    },
    {
      "Target": "Parameter",
      "Id": "ShoulderL_Roll",
      "Segments": [
        0,
        0.233,
        1,
        0.056,
        -5.306,
        0.111,
        -15,
        0.167,
        -15,
        0,
        0.833,
        -9.42,
        1,
        1.166,
        -9.836,
        1.5,
        -14.662,
        1.833,
        -15
      ]
    },
    {
      "Target": "Parameter",
      "Id": "ArmL_Roll",
      "Segments": [
        0,
        -7.776,
        1,
        0.067,
        -10.394,
        0.133,
        -12.606,
        0.2,
        -15,
        1,
        0.278,
        -17.794,
        0.355,
        -19,
        0.433,
        -19,
        1,
        0.455,
        -19,
        0.478,
        3.532,
        0.5,
        3.72,
        1,
        0.611,
        4.658,
        0.722,
        4.92,
        0.833,
        4.92,
        1,
        1.166,
        4.92,
        1.5,
        2.51,
        1.833,
        0.96
      ]
    },
    {
      "Target": "Parameter",
      "Id": "ArmL_Form",
      "Segments": [
        0,
        0,
        0,
        0.067,
        -8,
        2,
        0.333,
        -8,
        0,
        0.433,
        -30,
        0,
        0.5,
        -20.602,
        2,
        0.833,
        -20.602,
        2,
        1.833,
        -20.602
      ]
    },
    {
      "Target": "Parameter",
      "Id": "ArmL_move",
      "Segments": [
        0,
        0,
        2,
        0.167,
        0,
        0,
        0.333,
        1,
        2,
        0.833,
        1,
        2,
        1.833,
        1
      ]
    },
    {
      "Target": "Parameter",
      "Id": "Param",
      "Segments": [
        0,
        0,
        2,
        0.833,
        0,
        0,
        1.833,
        -30
      ]
    },
    {
      "Target": "Parameter",
      "Id": "Param7",
      "Segments": [
        0,
        0.178,
        1,
        0.167,
        0.557,
        0.333,
        1.614,
        0.5,
        4,
        1,
        0.611,
        5.591,
        0.722,
        8,
        0.833,
        8,
        0,
        1.833,
        -10
      ]
    },
    {
      "Target": "Parameter",
      "Id": "HandR_Roll",
      "Segments": [
        0,
        -1.034,
        1,
        0.244,
        -3.852,
        0.489,
        -11.461,
        0.733,
        -11.461,
        1,
        0.878,
        -11.461,
        1.022,
        -9.976,
        1.167,
        -7.62,
        1,
        1.389,
        -3.994,
        1.611,
        -0.013,
        1.833,
        2.723
      ]
    },
    {
      "Target": "Parameter",
      "Id": "HandL_Roll",
      "Segments": [
        0,
        12.96,
        1,
        0.067,
        21.074,
        0.133,
        30,
        0.2,
        30,
        0,
        0.433,
        -30,
        2,
        0.5,
        -30,
        0,
        0.767,
        -5.323,
        1,
        0.834,
        -5.323,
        0.9,
        -19.813,
        0.967,
        -24.18,
        1,
        1.034,
        -28.547,
        1.1,
        -28.44,
        1.167,
        -28.44,
        1,
        1.389,
        -28.44,
        1.611,
        -28.44,
        1.833,
        -28.435
      ]
    },
    {
      "Target": "Parameter",
      "Id": "Lowerbody_Roll",
      "Segments": [
        0,
        -0.171,
        1,
        0.156,
        -0.457,
        0.311,
        -1,
        0.467,
        -1,
        0,
        1.167,
        0,
        2,
        1.5,
        0,
        2,
        1.833,
        0
      ]
    },
    {
      "Target": "PartOpacity",
      "Id": "Part",
      "Segments": [
        0,
        1,
        2,
        0.83,
        1,
        2,
        1.17,
        1,
        2,
        1.5,
        1,
        2,
        1.83,
        1
      ]
    },
    {
      "Target": "PartOpacity",
      "Id": "Part18",
      "Segments": [
        0,
        1,
        2,
        0.83,
        1,
        2,
        1.17,
        1,
        2,
        1.5,
        1,
        2,
        1.83,
        1
      ]
    },
    {
      "Target": "PartOpacity",
      "Id": "Part9",
      "Segments": [
        0,
        1,
        2,
        0.83,
        1,
        2,
        1.17,
        1,
        2,
        1.5,
        1,
        2,
        1.83,
        1
      ]
    },
    {
      "Target": "PartOpacity",
      "Id": "Part10",
      "Segments": [
        0,
        1,
        2,
        0.83,
        1,
        2,
        1.17,
        1,
        2,
        1.5,
        1,
        2,
        1.83,
        1
      ]
    },
    {
      "Target": "PartOpacity",
      "Id": "Part17",
      "Segments": [
        0,
        1,
        2,
        0.83,
        1,
        2,
        1.17,
        1,
        2,
        1.5,
        1,
        2,
        1.83,
        1
      ]
    },
    {
      "Target": "PartOpacity",
      "Id": "Part2",
      "Segments": [
        0,
        1,
        2,
        0.83,
        1,
        2,
        1.17,
        1,
        2,
        1.5,
        1,
        2,
        1.83,
        1
      ]
    },
    {
      "Target": "PartOpacity",
      "Id": "Part3",
      "Segments": [
        0,
        1,
        2,
        0.83,
        1,
        2,
        1.17,
        1,
        2,
        1.5,
        1,
        2,
        1.83,
        1
      ]
    },
    {
      "Target": "PartOpacity",
      "Id": "Part4",
      "Segments": [
        0,
        1,
        2,
        0.83,
        1,
        2,
        1.17,
        1,
        2,
        1.5,
        1,
        2,
        1.83,
        1
      ]
    },
    {
      "Target": "PartOpacity",
      "Id": "Part5",
      "Segments": [
        0,
        1,
        2,
        0.83,
        1,
        2,
        1.17,
        1,
        2,
        1.5,
        1,
        2,
        1.83,
        1
      ]
    },
    {
      "Target": "PartOpacity",
      "Id": "Part36",
      "Segments": [
        0,
        1,
        2,
        0.83,
        1,
        2,
        1.17,
        1,
        2,
        1.5,
        1,
        2,
        1.83,
        1
      ]
    },
    {
      "Target": "PartOpacity",
      "Id": "Part7",
      "Segments": [
        0,
        1,
        2,
        0.83,
        1,
        2,
        1.17,
        1,
        2,
        1.5,
        1,
        2,
        1.83,
        1
      ]
    },
    {
      "Target": "PartOpacity",
      "Id": "Part19",
      "Segments": [
        0,
        1,
        2,
        0.83,
        1,
        2,
        1.17,
        1,
        2,
        1.5,
        1,
        2,
        1.83,
        1
      ]
    },
    {
      "Target": "PartOpacity",
      "Id": "Part12",
      "Segments": [
        0,
        1,
        2,
        0.83,
        1,
        2,
        1.17,
        1,
        2,
        1.5,
        1,
        2,
        1.83,
        1
      ]
    },
    {
      "Target": "PartOpacity",
      "Id": "Part14",
      "Segments": [
        0,
        1,
        2,
        0.83,
        1,
        2,
        1.17,
        1,
        2,
        1.5,
        1,
        2,
        1.83,
        1
      ]
    },
    {
      "Target": "PartOpacity",
      "Id": "Part25",
      "Segments": [
        0,
        0,
        2,
        0.83,
        0,
        2,
        1.17,
        0,
        2,
        1.5,
        0,
        2,
        1.83,
        0
      ]
    },
    {
      "Target": "PartOpacity",
      "Id": "Part26",
      "Segments": [
        0,
        1,
        2,
        0.83,
        1,
        2,
        1.17,
        1,
        2,
        1.5,
        1,
        2,
        1.83,
        1
      ]
    },
    {
      "Target": "PartOpacity",
      "Id": "Part15",
      "Segments": [
        0,
        1,
        2,
        0.83,
        1,
        2,
        1.17,
        1,
        2,
        1.5,
        1,
        2,
        1.83,
        1
      ]
    },
    {
      "Target": "PartOpacity",
      "Id": "Part20",
      "Segments": [
        0,
        0,
        2,
        0.83,
        0,
        2,
        1.17,
        0,
        2,
        1.5,
        0,
        2,
        1.83,
        0
      ]
    },
    {
      "Target": "PartOpacity",
      "Id": "Part21",
      "Segments": [
        0,
        1,
        2,
        0.83,
        1,
        2,
        1.17,
        1,
        2,
        1.5,
        1,
        2,
        1.83,
        1
      ]
    },
    {
      "Target": "PartOpacity",
      "Id": "Part11",
      "Segments": [
        0,
        1,
        2,
        0.83,
        1,
        2,
        1.17,
        1,
        2,
        1.5,
        1,
        2,
        1.83,
        1
      ]
    },
    {
      "Target": "PartOpacity",
      "Id": "Part27",
      "Segments": [
        0,
        1,
        2,
        0.83,
        1,
        2,
        1.17,
        1,
        2,
        1.5,
        1,
        2,
        1.83,
        1
      ]
    },
    {
      "Target": "PartOpacity",
      "Id": "Part34",
      "Segments": [
        0,
        0,
        2,
        0.43,
        0,
        1,
        0.443,
        0,
        0.457,
        0.59,
        0.47,
        0.8,
        1,
        0.48,
        1.01,
        0.49,
        1,
        0.5,
        1,
        2,
        0.83,
        1,
        2,
        1.83,
        1
      ]
    },
    {
      "Target": "PartOpacity",
      "Id": "Part13",
      "Segments": [
        0,
        0,
        2,
        0.83,
        0,
        2,
        1.83,
        0
      ]
    },
    {
      "Target": "PartOpacity",
      "Id": "Part32",
      "Segments": [
        0,
        1,
        2,
        0.43,
        1,
        0,
        0.5,
        0,
        2,
        0.83,
        0,
        2,
        1.83,
        0
      ]
    },
    {
      "Target": "PartOpacity",
      "Id": "Part16",
      "Segments": [
        0,
        1,
        2,
        0.83,
        1,
        2,
        1.83,
        1
      ]
    },
    {
      "Target": "PartOpacity",
      "Id": "Part22",
      "Segments": [
        0,
        0,
        2,
        0.83,
        0,
        2,
        1.83,
        0
      ]
    },
    {
      "Target": "PartOpacity",
      "Id": "Part23",
      "Segments": [
        0,
        1,
        2,
        0.43,
        1,
        0,
        0.47,
        0,
        2,
        0.5,
        0,
        2,
        0.83,
        0,
        2,
        1.83,
        0
      ]
    },
    {
      "Target": "PartOpacity",
      "Id": "Part24",
      "Segments": [
        0,
        0,
        2,
        0.83,
        0,
        2,
        1.83,
        0
      ]
    },
    {
      "Target": "PartOpacity",
      "Id": "Part8",
      "Segments": [
        0,
        1,
        2,
        0.83,
        1,
        2,
        1.83,
        1
      ]
    },
    {
      "Target": "Model",
      "Id": "Opacity",
      "Segments": [
        0,
        1,
        0,
        1.833,
        1
      ]
    },
    {
      "Target": "Parameter",
      "Id": "BodyX",
      "Segments": [
        0,
        0,
        0,
        1.833,
        0
      ]
    },
    {
      "Target": "Parameter",
      "Id": "Sweat",
      "Segments": [
        0,
        0,
        0,
        1.833,
        0
      ]
    },
    {
      "Target": "Parameter",
      "Id": "BrowRX",
      "Segments": [
        0,
        0,
        0,
        1.833,
        0
      ]
    },
    {
      "Target": "Parameter",
      "Id": "BrowR_Form2",
      "Segments": [
        0,
        0,
        0,
        1.833,
        0
      ]
    },
    {
      "Target": "Parameter",
      "Id": "BrowLX",
      "Segments": [
        0,
        0,
        0,
        1.833,
        0
      ]
    },
    {
      "Target": "Parameter",
      "Id": "BrowL_Angle",
      "Segments": [
        0,
        0,
        0,
        1.833,
        0
      ]
    },
    {
      "Target": "Parameter",
      "Id": "BrowL_Switch",
      "Segments": [
        0,
        1,
        0,
        1.833,
        1
      ]
    },
    {
      "Target": "Parameter",
      "Id": "EyeR_Sad",
      "Segments": [
        0,
        0,
        0,
        1.833,
        0
      ]
    },
    {
      "Target": "Parameter",
      "Id": "EyeBall_Size",
      "Segments": [
        0,
        0,
        0,
        1.833,
        0
      ]
    },
    {
      "Target": "Parameter",
      "Id": "EyeBallX",
      "Segments": [
        0,
        0.3,
        0,
        1.833,
        0.3
      ]
    },
    {
      "Target": "Parameter",
      "Id": "EyeBallY",
      "Segments": [
        0,
        -0.1,
        0,
        1.833,
        -0.1
      ]
    },
    {
      "Target": "Parameter",
      "Id": "Mouth_Form",
      "Segments": [
        0,
        0,
        0,
        1.833,
        0
      ]
    },
    {
      "Target": "Parameter",
      "Id": "Mouth_Form2",
      "Segments": [
        0,
        0,
        0,
        1.833,
        0
      ]
    },
    {
      "Target": "Parameter",
      "Id": "Mouth_Open",
      "Segments": [
        0,
        1,
        0,
        1.833,
        1
      ]
    },
    {
      "Target": "Parameter",
      "Id": "Mouth_Size",
      "Segments": [
        0,
        1,
        0,
        1.833,
        1
      ]
    },
    {
      "Target": "Parameter",
      "Id": "ArmR_Form2",
      "Segments": [
        0,
        0,
        0,
        1.833,
        0
      ]
    },
    {
      "Target": "Parameter",
      "Id": "ArmR_Form",
      "Segments": [
        0,
        0,
        0,
        1.833,
        0
      ]
    },
    {
      "Target": "Parameter",
      "Id": "ArmR_move",
      "Segments": [
        0,
        0,
        0,
        1.833,
        0
      ]
    },
    {
      "Target": "Parameter",
      "Id": "ArmL_Form2",
      "Segments": [
        0,
        0,
        0,
        1.833,
        0
      ]
    },
    {
      "Target": "Parameter",
      "Id": "LegR_Roll",
      "Segments": [
        0,
        0,
        0,
        1.833,
        0
      ]
    },
    {
      "Target": "Parameter",
      "Id": "LegL_Roll",
      "Segments": [
        0,
        0,
        0,
        1.833,
        0
      ]
    },
    {
      "Target": "PartOpacity",
      "Id": "Part30",
      "Segments": [
        0,
        0,
        0,
        1.833,
        0
      ]
    }
  ],
  "UserData": [
    {
      "Time": 0.0,
      "Value": ""
    }
  ]
}