{
  "Version": 3,
  "Meta": {
    "Duration": 10.0,
    "Fps": 30.0,
    "Loop": true,
    "AreBeziersRestricted": true,
    "CurveCount": 85,
    "TotalSegmentCount": 361,
    "TotalPointCount": 565,
    "UserDataCount": 0,
    "TotalUserDataSize": 0
  },
  "Curves": [
    {
      "Target": "Parameter",
      "Id": "Body_Twist",
      "Segments": [
        0,
        0,
        0,
        0.433,
        -30,
        2,
        0.733,
        -30,
        0,
        1.167,
        -12.82,
        1,
        1.445,
        -12.428,
        1.722,
        -12.5,
        2,
        -13.271,
        1,
        2.822,
        -16.096,
        3.645,
        -30,
        4.467,
        -30,
        0,
        6.633,
        -29.529,
        1,
        6.989,
        -29.275,
        7.344,
        -14.022,
        7.7,
        -13.271,
        2,
        10,
        -13.271
      ]
    },
    {
      "Target": "Parameter",
      "Id": "Body_Shaking",
      "Segments": [
        0,
        0,
        0,
        0.467,
        -15,
        0,
        1.133,
        23.941,
        1,
        1.422,
        27.472,
        1.711,
        28,
        2,
        28,
        0,
        4.467,
        1.506,
        1,
        5.234,
        1.506,
        6,
        1.506,
        6.767,
        2.181,
        1,
        7.522,
        3.017,
        8.278,
        25.24,
        9.033,
        27.472,
        1,
        9.355,
        28.072,
        9.678,
        28,
        10,
        28
      ]
    },
    {
      "Target": "Parameter",
      "Id": "BodyY",
      "Segments": [
        0,
        0,
        0,
        0.467,
        18,
        1,
        0.578,
        18,
        0.689,
        16.022,
        0.8,
        7,
        1,
        0.856,
        2.489,
        0.911,
        -7,
        0.967,
        -7,
        0,
        1.567,
        8.877,
        1,
        1.711,
        8.877,
        1.856,
        8.893,
        2,
        8,
        1,
        2.778,
        3.192,
        3.555,
        0,
        4.333,
        0,
        2,
        6.933,
        0,
        0,
        10,
        8
      ]
    },
    {
      "Target": "Parameter",
      "Id": "Body_Pose1",
      "Segments": [
        0,
        0,
        0,
        0.467,
        21,
        1,
        0.656,
        21,
        0.844,
        -12.227,
        1.033,
        -12.52,
        1,
        1.355,
        -13.021,
        1.678,
        -13,
        2,
        -13,
        0,
        4.333,
        -4,
        2,
        6.933,
        -4,
        0,
        10,
        -13
      ]
    },
    {
      "Target": "Parameter",
      "Id": "Breath",
      "Segments": [
        0,
        0,
        2,
        2,
        0,
        0,
        3,
        0.6,
        0,
        4,
        0,
        0,
        5,
        0.6,
        0,
        6,
        0,
        0,
        7,
        0.6,
        0,
        8,
        0,
        0,
        9,
        0.6,
        0,
        10,
        0
      ]
    },
    {
      "Target": "Parameter",
      "Id": "ShoulderR_Y",
      "Segments": [
        0,
        0,
        0,
        0.667,
        -30,
        2,
        1.067,
        -30,
        2,
        2,
        -30,
        2,
        10,
        -30
      ]
    },
    {
      "Target": "Parameter",
      "Id": "ShoulderL_Y",
      "Segments": [
        0,
        0,
        2,
        0.267,
        0,
        0,
        0.667,
        -23.109,
        1,
        0.778,
        -23.109,
        0.889,
        -3.252,
        1,
        0,
        1,
        1.111,
        3.252,
        1.222,
        3,
        1.333,
        3,
        2,
        2,
        3,
        0,
        5.233,
        -9,
        0,
        10,
        3
      ]
    },
    {
      "Target": "Parameter",
      "Id": "Ribbon_L",
      "Segments": [
        0,
        0,
        0,
        0.667,
        -2,
        0,
        2,
        13.4,
        0,
        3.7,
        -2,
        0,
        5.867,
        13.626,
        0,
        7.867,
        -2,
        0,
        10,
        13.4
      ]
    },
    {
      "Target": "Parameter",
      "Id": "Ribbon_R",
      "Segments": [
        0,
        0,
        0,
        0.667,
        -16,
        0,
        1.333,
        4,
        1,
        1.555,
        4,
        1.778,
        1.943,
        2,
        -2.933,
        1,
        2.567,
        -15.368,
        3.133,
        -22,
        3.7,
        -22,
        0,
        5.867,
        9.35,
        0,
        7.867,
        -22,
        0,
        10,
        -2.933
      ]
    },
    {
      "Target": "Parameter",
      "Id": "Skirt_Shaking",
      "Segments": [
        0,
        0,
        0,
        0.467,
        -5,
        1,
        0.6,
        -5,
        0.734,
        -5.025,
        0.867,
        -2,
        1,
        0.989,
        0.773,
        1.111,
        10,
        1.233,
        10,
        1,
        1.389,
        10,
        1.544,
        3.491,
        1.7,
        0,
        1,
        1.8,
        -2.244,
        1.9,
        -3.704,
        2,
        -4.062,
        1,
        2.333,
        -5.255,
        2.667,
        -5.601,
        3,
        -7,
        1,
        3.778,
        -10.264,
        4.555,
        -13,
        5.333,
        -13,
        0,
        7.1,
        0,
        0,
        10,
        -4.062
      ]
    },
    {
      "Target": "Parameter",
      "Id": "Skirt_Open",
      "Segments": [
        0,
        0,
        0,
        1.333,
        -10,
        2,
        2,
        -10,
        2,
        10,
        -10
      ]
    },
    {
      "Target": "Parameter",
      "Id": "Head_X",
      "Segments": [
        0,
        0,
        2,
        0.133,
        0,
        0,
        0.567,
        -30,
        0,
        1.2,
        -16.923,
        0,
        2,
        -21,
        0,
        3.9,
        -11.461,
        1,
        4.9,
        -11.461,
        5.9,
        -11.425,
        6.9,
        -12.345,
        1,
        7.5,
        -12.898,
        8.1,
        -26.069,
        8.7,
        -26.069,
        0,
        10,
        -21
      ]
    },
    {
      "Target": "Parameter",
      "Id": "Head_Y",
      "Segments": [
        0,
        0,
        2,
        0.133,
        0,
        0,
        0.567,
        -4,
        0,
        1.2,
        -0.886,
        0,
        2,
        -1,
        0,
        3.9,
        4.871,
        0,
        6.9,
        -1.884,
        0,
        10,
        -1
      ]
    },
    {
      "Target": "Parameter",
      "Id": "Head_Roll",
      "Segments": [
        0,
        0,
        1,
        0.189,
        0,
        0.378,
        -6.716,
        0.567,
        -15,
        1,
        0.822,
        -26.208,
        1.078,
        -30,
        1.333,
        -30,
        2,
        2,
        -30,
        1,
        2.556,
        -30,
        3.111,
        -27.571,
        3.667,
        -21.87,
        1,
        4.234,
        -15.673,
        4.8,
        -9.591,
        5.367,
        -5.628,
        1,
        5.845,
        -3.485,
        6.322,
        -3.231,
        6.8,
        -3.93,
        1,
        7.278,
        -3.93,
        7.755,
        -17.483,
        8.233,
        -24,
        1,
        8.678,
        -30.062,
        9.122,
        -30,
        9.567,
        -30,
        2,
        10,
        -30
      ]
    },
    {
      "Target": "Parameter",
      "Id": "HairFront_Shaking",
      "Segments": [
        0,
        0,
        0,
        0.667,
        -1,
        1,
        0.856,
        -1,
        1.044,
        0.314,
        1.233,
        0.577,
        1,
        1.289,
        0.695,
        1.344,
        0.731,
        1.4,
        0.729,
        0,
        2,
        -0.143,
        1,
        2.089,
        -0.247,
        2.178,
        -0.245,
        2.267,
        -0.245,
        0,
        3.167,
        0.431,
        0,
        4.667,
        -0.245,
        0,
        5.633,
        0.295,
        0,
        6.6,
        -0.044,
        0,
        7.533,
        0.295,
        0,
        8.433,
        -0.397,
        0,
        9.3,
        0.372,
        1,
        9.533,
        0.372,
        9.767,
        0.063,
        10,
        -0.143
      ]
    },
    {
      "Target": "Parameter",
      "Id": "sideHair_Shaking",
      "Segments": [
        0,
        0,
        1,
        0.156,
        0,
        0.311,
        -0.905,
        0.467,
        -5,
        1,
        0.522,
        -6.463,
        0.578,
        -20.352,
        0.633,
        -24,
        1,
        0.7,
        -28.378,
        0.766,
        -29,
        0.833,
        -29,
        0,
        1.267,
        9,
        1,
        1.4,
        9,
        1.534,
        6.212,
        1.667,
        4,
        1,
        1.778,
        2.157,
        1.889,
        1.009,
        2,
        0,
        1,
        2.833,
        -7.569,
        3.667,
        -11,
        4.5,
        -11,
        1,
        4.878,
        -11,
        5.255,
        -2.464,
        5.633,
        0,
        1,
        6.433,
        5.218,
        7.233,
        6,
        8.033,
        6,
        0,
        10,
        0
      ]
    },
    {
      "Target": "Parameter",
      "Id": "HairBack_Shaking",
      "Segments": [
        0,
        0,
        1,
        0.156,
        0,
        0.311,
        -0.002,
        0.467,
        -0.078,
        1,
        0.545,
        -0.116,
        0.622,
        -0.802,
        0.7,
        -0.802,
        0,
        1.067,
        0.2,
        0,
        1.333,
        -0.194,
        0,
        1.7,
        0.046,
        1,
        1.8,
        0.046,
        1.9,
        0.045,
        2,
        0,
        1,
        2.833,
        -0.377,
        3.667,
        -0.6,
        4.5,
        -0.6,
        1,
        4.878,
        -0.6,
        5.255,
        -0.135,
        5.633,
        0,
        1,
        6.578,
        0.337,
        7.522,
        0.4,
        8.467,
        0.4,
        0,
        9.567,
        0,
        2,
        10,
        0
      ]
    },
    {
      "Target": "Parameter",
      "Id": "EarringsL_Shaking",
      "Segments": [
        0,
        0,
        1,
        0.144,
        0,
        0.289,
        -0.101,
        0.433,
        -0.497,
        1,
        0.511,
        -0.71,
        0.589,
        -0.997,
        0.667,
        -0.997,
        0,
        0.933,
        0.403,
        0,
        1.2,
        -0.697,
        0,
        1.4,
        -0.297,
        0,
        2,
        -0.5,
        1,
        2.544,
        -0.5,
        3.089,
        -0.417,
        3.633,
        -0.3,
        1,
        4.622,
        -0.087,
        5.611,
        0,
        6.6,
        0,
        1,
        7.078,
        0,
        7.555,
        -0.176,
        8.033,
        -0.3,
        1,
        8.689,
        -0.47,
        9.344,
        -0.5,
        10,
        -0.5
      ]
    },
    {
      "Target": "Parameter",
      "Id": "EarringsR_Shaking",
      "Segments": [
        0,
        0,
        1,
        0.178,
        0,
        0.355,
        -0.136,
        0.533,
        -0.499,
        1,
        0.611,
        -0.657,
        0.689,
        -0.799,
        0.767,
        -0.799,
        0,
        1.033,
        0.401,
        0,
        1.3,
        -0.699,
        0,
        1.5,
        -0.299,
        1,
        1.633,
        -0.299,
        1.767,
        -0.371,
        1.9,
        -0.474,
        1,
        1.933,
        -0.5,
        1.967,
        -0.5,
        2,
        -0.5,
        1,
        2.544,
        -0.5,
        3.089,
        -0.387,
        3.633,
        -0.3,
        1,
        4.622,
        -0.141,
        5.611,
        -0.1,
        6.6,
        -0.1,
        1,
        7.078,
        -0.1,
        7.555,
        -0.19,
        8.033,
        -0.3,
        1,
        8.689,
        -0.451,
        9.344,
        -0.5,
        10,
        -0.5
      ]
    },
    {
      "Target": "Parameter",
      "Id": "EyeBallX",
      "Segments": [
        0,
        0,
        0,
        0.533,
        0.7,
        1,
        0.655,
        0.7,
        0.778,
        0.652,
        0.9,
        0.5,
        1,
        1.033,
        0.334,
        1.167,
        0.214,
        1.3,
        0.214,
        2,
        2,
        0.214,
        0,
        4.433,
        0.2,
        0,
        5.433,
        0.366,
        0,
        10,
        0.214
      ]
    },
    {
      "Target": "Parameter",
      "Id": "EyeBallY",
      "Segments": [
        0,
        0,
        2,
        0.533,
        0,
        2,
        0.9,
        0,
        0,
        1.3,
        0.024,
        2,
        2,
        0.024,
        0,
        4.433,
        0,
        0,
        5.433,
        0.034,
        0,
        10,
        0.024
      ]
    },
    {
      "Target": "Parameter",
      "Id": "BrowLY",
      "Segments": [
        0,
        0,
        0,
        0.467,
        0.2,
        0,
        0.9,
        0,
        2,
        2,
        0,
        0,
        4.333,
        0.2,
        1,
        4.666,
        0.2,
        5,
        0.013,
        5.333,
        0.011,
        1,
        6.889,
        0.002,
        8.444,
        0,
        10,
        0
      ]
    },
    {
      "Target": "Parameter",
      "Id": "BrowRY",
      "Segments": [
        0,
        0,
        0,
        0.467,
        0.2,
        0,
        0.9,
        0,
        2,
        2,
        0,
        0,
        4.333,
        0.2,
        1,
        4.666,
        0.2,
        5,
        0.013,
        5.333,
        0.011,
        1,
        6.889,
        0.002,
        8.444,
        0,
        10,
        0
      ]
    },
    {
      "Target": "Parameter",
      "Id": "BrowL_Angle",
      "Segments": [
        0,
        0,
        0,
        0.467,
        -0.1,
        0,
        0.9,
        0,
        2,
        2,
        0,
        2,
        10,
        0
      ]
    },
    {
      "Target": "Parameter",
      "Id": "BrowR_Angle",
      "Segments": [
        0,
        0,
        0,
        0.467,
        -0.1,
        0,
        0.9,
        0,
        2,
        2,
        0,
        2,
        10,
        0
      ]
    },
    {
      "Target": "Parameter",
      "Id": "BrowL_Form",
      "Segments": [
        0,
        0,
        2,
        2,
        0,
        1,
        2.778,
        0,
        3.555,
        0.01,
        4.333,
        0.05,
        1,
        4.666,
        0.067,
        5,
        0.1,
        5.333,
        0.1,
        0,
        10,
        0
      ]
    },
    {
      "Target": "Parameter",
      "Id": "BrowR_Form",
      "Segments": [
        0,
        0,
        2,
        2,
        0,
        1,
        2.778,
        0,
        3.555,
        0.01,
        4.333,
        0.05,
        1,
        4.666,
        0.067,
        5,
        0.1,
        5.333,
        0.1,
        0,
        10,
        0
      ]
    },
    {
      "Target": "Parameter",
      "Id": "Mouth_Form",
      "Segments": [
        0,
        0,
        0,
        0.9,
        -0.5,
        2,
        2,
        -0.5,
        2,
        10,
        -0.5
      ]
    },
    {
      "Target": "Parameter",
      "Id": "ShoulderR_Roll",
      "Segments": [
        0,
        0,
        0,
        0.433,
        -22.262,
        0,
        0.933,
        -19.389,
        0,
        1.3,
        -20.6,
        2,
        2,
        -20.6,
        0,
        3.8,
        -19.017,
        1,
        4.756,
        -19.017,
        5.711,
        -20.163,
        6.667,
        -20.376,
        1,
        7.778,
        -20.624,
        8.889,
        -20.6,
        10,
        -20.6
      ]
    },
    {
      "Target": "Parameter",
      "Id": "ArmR_Roll",
      "Segments": [
        0,
        0,
        1,
        0.1,
        0,
        0.2,
        6.059,
        0.3,
        9.852,
        1,
        0.4,
        13.645,
        0.5,
        14,
        0.6,
        14,
        0,
        1.067,
        12.691,
        1,
        1.2,
        12.691,
        1.334,
        12.83,
        1.467,
        12.899,
        1,
        1.645,
        12.992,
        1.822,
        13,
        2,
        13,
        1,
        2.289,
        13,
        2.578,
        13.021,
        2.867,
        12.833,
        1,
        3.178,
        12.632,
        3.489,
        12,
        3.8,
        12,
        0,
        6.7,
        13.229,
        0,
        10,
        13
      ]
    },
    {
      "Target": "Parameter",
      "Id": "ArmR_Form",
      "Segments": [
        0,
        -30,
        2,
        0.267,
        -30,
        0,
        0.833,
        -15.586,
        0,
        1.033,
        -18.075,
        2,
        10,
        -18.075
      ]
    },
    {
      "Target": "Parameter",
      "Id": "SleeveR_Form",
      "Segments": [
        0,
        -30,
        2,
        2,
        -30,
        0,
        4.867,
        11.107,
        0,
        10,
        -30
      ]
    },
    {
      "Target": "Parameter",
      "Id": "ShoulderL_Roll",
      "Segments": [
        0,
        0,
        0,
        0.167,
        6,
        0,
        0.5,
        -26,
        2,
        0.833,
        -26,
        1,
        0.878,
        -26,
        0.922,
        8.435,
        0.967,
        9,
        1,
        1.1,
        10.694,
        1.234,
        11,
        1.367,
        11,
        1,
        1.578,
        11,
        1.789,
        10.305,
        2,
        10.097,
        1,
        2.289,
        9.812,
        2.578,
        9.901,
        2.867,
        9.518,
        1,
        3.356,
        8.87,
        3.844,
        7.194,
        4.333,
        7.194,
        1,
        5.6,
        7.194,
        6.866,
        7.231,
        8.133,
        7.775,
        1,
        8.755,
        8.043,
        9.378,
        10.097,
        10,
        10.097
      ]
    },
    {
      "Target": "Parameter",
      "Id": "ArmL_Roll",
      "Segments": [
        0,
        0,
        1,
        0.078,
        0,
        0.155,
        0.258,
        0.233,
        -2,
        1,
        0.366,
        -5.87,
        0.5,
        -18.837,
        0.633,
        -23.871,
        1,
        0.733,
        -27.647,
        0.833,
        -28,
        0.933,
        -28,
        0,
        0.967,
        11,
        2,
        2,
        11,
        0,
        4,
        3,
        1,
        4.6,
        3,
        5.2,
        2.642,
        5.8,
        4.3,
        1,
        6.722,
        6.847,
        7.645,
        13.788,
        8.567,
        13.788,
        0,
        10,
        11
      ]
    },
    {
      "Target": "Parameter",
      "Id": "ArmL_Form",
      "Segments": [
        0,
        -30,
        2,
        0.833,
        -30,
        0,
        0.933,
        30,
        1,
        0.966,
        30,
        1,
        -30,
        1.033,
        -30,
        2,
        2,
        -30,
        2,
        10,
        -30
      ]
    },
    {
      "Target": "Parameter",
      "Id": "ShoulderL_Form",
      "Segments": [
        0,
        -30,
        2,
        0.833,
        -30,
        0,
        0.933,
        30,
        1,
        0.966,
        30,
        1,
        -30,
        1.033,
        -30,
        2,
        2,
        -30,
        2,
        10,
        -30
      ]
    },
    {
      "Target": "Parameter",
      "Id": "HandL_Roll",
      "Segments": [
        0,
        0,
        0,
        0.4,
        -13,
        0,
        1.133,
        18,
        1,
        1.311,
        20.837,
        1.489,
        21.403,
        1.667,
        21.403,
        2,
        2,
        21.403,
        2,
        4.333,
        21.403,
        0,
        5.333,
        22.5,
        0,
        10,
        21.403
      ]
    },
    {
      "Target": "Parameter",
      "Id": "HandR_Roll",
      "Segments": [
        0,
        0,
        1,
        0.133,
        0,
        0.267,
        -7.298,
        0.4,
        -10,
        1,
        0.467,
        -11.351,
        0.533,
        -11.388,
        0.6,
        -12,
        1,
        0.678,
        -12.714,
        0.755,
        -13,
        0.833,
        -13,
        0,
        2,
        -8,
        2,
        10,
        -8
      ]
    },
    {
      "Target": "Parameter",
      "Id": "HandL_move",
      "Segments": [
        0,
        0,
        2,
        0.3,
        0,
        0,
        1.033,
        -13,
        0,
        1.367,
        0,
        2,
        2,
        0,
        0,
        3.333,
        -22,
        0,
        4.467,
        9.656,
        0,
        5.467,
        -30,
        0,
        7.633,
        19,
        0,
        10,
        0
      ]
    },
    {
      "Target": "Parameter",
      "Id": "legL_Roll",
      "Segments": [
        0,
        0,
        0,
        0.9,
        25,
        2,
        2,
        25,
        1,
        2.778,
        25,
        3.555,
        20.92,
        4.333,
        20,
        1,
        4.666,
        19.606,
        5,
        19.78,
        5.333,
        19.78,
        0,
        10,
        25
      ]
    },
    {
      "Target": "Parameter",
      "Id": "legR_Roll",
      "Segments": [
        0,
        0,
        0,
        0.9,
        -6,
        2,
        2,
        -6,
        2,
        10,
        -6
      ]
    },
    {
      "Target": "PartOpacity",
      "Id": "Part10",
      "Segments": [
        0,
        1,
        2,
        2,
        1,
        2,
        10,
        1
      ]
    },
    {
      "Target": "PartOpacity",
      "Id": "Part19",
      "Segments": [
        0,
        1,
        2,
        0.23,
        1,
        2,
        0.3,
        0.3,
        2,
        0.37,
        0,
        2,
        0.87,
        0,
        2,
        0.97,
        1,
        2,
        2,
        1,
        2,
        10,
        1
      ]
    },
    {
      "Target": "PartOpacity",
      "Id": "Part18",
      "Segments": [
        0,
        0,
        2,
        0.23,
        0,
        2,
        0.3,
        0.7,
        2,
        0.37,
        1,
        2,
        0.87,
        1,
        2,
        0.97,
        0,
        2,
        2,
        0,
        2,
        10,
        0
      ]
    },
    {
      "Target": "PartOpacity",
      "Id": "Part",
      "Segments": [
        0,
        1,
        2,
        2,
        1,
        2,
        10,
        1
      ]
    },
    {
      "Target": "PartOpacity",
      "Id": "Part5",
      "Segments": [
        0,
        1,
        2,
        2,
        1,
        2,
        10,
        1
      ]
    },
    {
      "Target": "PartOpacity",
      "Id": "Part6",
      "Segments": [
        0,
        1,
        2,
        2,
        1,
        2,
        10,
        1
      ]
    },
    {
      "Target": "PartOpacity",
      "Id": "Part3",
      "Segments": [
        0,
        1,
        2,
        2,
        1,
        2,
        10,
        1
      ]
    },
    {
      "Target": "PartOpacity",
      "Id": "Part4",
      "Segments": [
        0,
        1,
        2,
        2,
        1,
        2,
        10,
        1
      ]
    },
    {
      "Target": "PartOpacity",
      "Id": "Part7",
      "Segments": [
        0,
        1,
        2,
        2,
        1,
        2,
        10,
        1
      ]
    },
    {
      "Target": "PartOpacity",
      "Id": "Part20",
      "Segments": [
        0,
        0,
        2,
        2,
        0,
        2,
        10,
        0
      ]
    },
    {
      "Target": "PartOpacity",
      "Id": "Part8",
      "Segments": [
        0,
        1,
        2,
        2,
        1,
        2,
        10,
        1
      ]
    },
    {
      "Target": "PartOpacity",
      "Id": "Part9",
      "Segments": [
        0,
        1,
        2,
        2,
        1,
        2,
        10,
        1
      ]
    },
    {
      "Target": "PartOpacity",
      "Id": "Part11",
      "Segments": [
        0,
        1,
        2,
        2,
        1,
        2,
        10,
        1
      ]
    },
    {
      "Target": "PartOpacity",
      "Id": "Part2",
      "Segments": [
        0,
        1,
        2,
        2,
        1,
        2,
        10,
        1
      ]
    },
    {
      "Target": "PartOpacity",
      "Id": "Part13",
      "Segments": [
        0,
        1,
        2,
        2,
        1,
        2,
        10,
        1
      ]
    },
    {
      "Target": "PartOpacity",
      "Id": "Part17",
      "Segments": [
        0,
        1,
        2,
        2,
        1,
        2,
        10,
        1
      ]
    },
    {
      "Target": "PartOpacity",
      "Id": "Part12",
      "Segments": [
        0,
        1,
        2,
        2,
        1,
        2,
        10,
        1
      ]
    },
    {
      "Target": "PartOpacity",
      "Id": "Part15",
      "Segments": [
        0,
        1,
        2,
        2,
        1,
        2,
        10,
        1
      ]
    },
    {
      "Target": "PartOpacity",
      "Id": "Part24",
      "Segments": [
        0,
        0,
        2,
        2,
        0,
        2,
        10,
        0
      ]
    },
    {
      "Target": "PartOpacity",
      "Id": "Part25",
      "Segments": [
        0,
        1,
        2,
        2,
        1,
        2,
        10,
        1
      ]
    },
    {
      "Target": "PartOpacity",
      "Id": "Part22",
      "Segments": [
        0,
        0,
        2,
        2,
        0,
        2,
        10,
        0
      ]
    },
    {
      "Target": "PartOpacity",
      "Id": "Part26",
      "Segments": [
        0,
        1,
        2,
        2,
        1,
        2,
        10,
        1
      ]
    },
    {
      "Target": "PartOpacity",
      "Id": "Part23",
      "Segments": [
        0,
        0,
        2,
        2,
        0,
        2,
        10,
        0
      ]
    },
    {
      "Target": "PartOpacity",
      "Id": "Part27",
      "Segments": [
        0,
        0,
        2,
        2,
        0,
        2,
        10,
        0
      ]
    },
    {
      "Target": "PartOpacity",
      "Id": "Part28",
      "Segments": [
        0,
        1,
        2,
        2,
        1,
        2,
        10,
        1
      ]
    },
    {
      "Target": "PartOpacity",
      "Id": "Part16",
      "Segments": [
        0,
        1,
        2,
        2,
        1,
        2,
        10,
        1
      ]
    },
    {
      "Target": "PartOpacity",
      "Id": "Part14",
      "Segments": [
        0,
        1,
        2,
        2,
        1,
        2,
        10,
        1
      ]
    },
    {
      "Target": "Model",
      "Id": "Opacity",
      "Segments": [
        0,
        1,
        0,
        10,
        1
      ]
    },
    {
      "Target": "Parameter",
      "Id": "Waist_Move",
      "Segments": [
        0,
        0,
        0,
        10,
        0
      ]
    },
    {
      "Target": "Parameter",
      "Id": "Skirt_Roll",
      "Segments": [
        0,
        0,
        0,
        10,
        0
      ]
    },
    {
      "Target": "Parameter",
      "Id": "EyeBall_L_Size",
      "Segments": [
        0,
        0,
        0,
        10,
        0
      ]
    },
    {
      "Target": "Parameter",
      "Id": "EyeBall_R_Size",
      "Segments": [
        0,
        0,
        0,
        10,
        0
      ]
    },
    {
      "Target": "Parameter",
      "Id": "EyeL_Open",
      "Segments": [
        0,
        1,
        0,
        10,
        1
      ]
    },
    {
      "Target": "Parameter",
      "Id": "EyeL_Smile",
      "Segments": [
        0,
        0,
        0,
        10,
        0
      ]
    },
    {
      "Target": "Parameter",
      "Id": "EyeR_Open",
      "Segments": [
        0,
        1,
        0,
        10,
        1
      ]
    },
    {
      "Target": "Parameter",
      "Id": "EyeR_Smile",
      "Segments": [
        0,
        0,
        0,
        10,
        0
      ]
    },
    {
      "Target": "Parameter",
      "Id": "BrowL_Form2",
      "Segments": [
        0,
        0,
        0,
        10,
        0
      ]
    },
    {
      "Target": "Parameter",
      "Id": "BrowR_Form2",
      "Segments": [
        0,
        0,
        0,
        10,
        0
      ]
    },
    {
      "Target": "Parameter",
      "Id": "MouthForm2",
      "Segments": [
        0,
        0,
        0,
        10,
        0
      ]
    },
    {
      "Target": "Parameter",
      "Id": "Mouth_Open",
      "Segments": [
        0,
        1,
        0,
        10,
        1
      ]
    },
    {
      "Target": "Parameter",
      "Id": "Mouth_Size",
      "Segments": [
        0,
        1,
        0,
        10,
        1
      ]
    },
    {
      "Target": "Parameter",
      "Id": "ShoulderR_Form",
      "Segments": [
        0,
        -30,
        0,
        10,
        -30
      ]
    },
    {
      "Target": "Parameter",
      "Id": "HandR_move",
      "Segments": [
        0,
        0,
        0,
        10,
        0
      ]
    },
    {
      "Target": "Parameter",
      "Id": "Param2",
      "Segments": [
        0,
        0,
        0,
        10,
        0
      ]
    }
  ],
  "UserData": []
}