{
  "Version": 3,
  "Meta": {
    "Duration": 1.77,
    "Fps": 30.0,
    "Loop": true,
    "AreBeziersRestricted": true,
    "CurveCount": 84,
    "TotalSegmentCount": 108,
    "TotalPointCount": 180,
    "UserDataCount": 0,
    "TotalUserDataSize": 0
  },
  "Curves": [
    {
      "Target": "Parameter",
      "Id": "Body_Twist",
      "Segments": [
        0,
        0.678,
        1,
        0.589,
        3.955,
        1.178,
        18,
        1.767,
        18
      ]
    },
    {
      "Target": "Parameter",
      "Id": "Body_Shaking",
      "Segments": [
        0,
        0.25,
        1,
        0.433,
        1.125,
        0.867,
        4,
        1.3,
        4,
        1,
        1.456,
        4,
        1.611,
        3.804,
        1.767,
        3
      ]
    },
    {
      "Target": "Parameter",
      "Id": "Breath",
      "Segments": [
        0,
        0.083,
        1,
        0.256,
        0.247,
        0.511,
        0.6,
        0.767,
        0.6,
        0,
        1.767,
        0
      ]
    },
    {
      "Target": "Parameter",
      "Id": "Waist_Move",
      "Segments": [
        0,
        -0.113,
        1,
        0.589,
        -0.659,
        1.178,
        -3,
        1.767,
        -3
      ]
    },
    {
      "Target": "Parameter",
      "Id": "Ribbon_L",
      "Segments": [
        0,
        -0.151,
        1,
        0.589,
        -0.879,
        1.178,
        -4,
        1.767,
        -4
      ]
    },
    {
      "Target": "Parameter",
      "Id": "Ribbon_R",
      "Segments": [
        0,
        -0.075,
        1,
        0.589,
        -0.439,
        1.178,
        -2,
        1.767,
        -2
      ]
    },
    {
      "Target": "Parameter",
      "Id": "Skirt_Shaking",
      "Segments": [
        0,
        -0.339,
        1,
        0.589,
        -1.977,
        1.178,
        -9,
        1.767,
        -9
      ]
    },
    {
      "Target": "Parameter",
      "Id": "Head_X",
      "Segments": [
        0,
        -0.226,
        1,
        0.589,
        -1.318,
        1.178,
        -6,
        1.767,
        -6
      ]
    },
    {
      "Target": "Parameter",
      "Id": "Head_Y",
      "Segments": [
        0,
        0.136,
        1,
        0.589,
        0.795,
        1.178,
        3.62,
        1.767,
        3.62
      ]
    },
    {
      "Target": "Parameter",
      "Id": "Head_Roll",
      "Segments": [
        0,
        -0.264,
        1,
        0.589,
        -1.538,
        1.178,
        -7,
        1.767,
        -7
      ]
    },
    {
      "Target": "Parameter",
      "Id": "HairFront_Shaking",
      "Segments": [
        0,
        0.042,
        1,
        0.256,
        0.127,
        0.511,
        0.318,
        0.767,
        0.4,
        1,
        1.1,
        0.507,
        1.434,
        0.5,
        1.767,
        0.5
      ]
    },
    {
      "Target": "Parameter",
      "Id": "sideHair_Shaking",
      "Segments": [
        0,
        -0.276,
        1,
        0.256,
        -0.824,
        0.511,
        -2,
        0.767,
        -2,
        0,
        1.767,
        6
      ]
    },
    {
      "Target": "Parameter",
      "Id": "HairBack_Shaking",
      "Segments": [
        0,
        0.011,
        1,
        0.589,
        0.066,
        1.178,
        0.3,
        1.767,
        0.3
      ]
    },
    {
      "Target": "Parameter",
      "Id": "EarringsL_Shaking",
      "Segments": [
        0,
        -0.008,
        1,
        0.589,
        -0.044,
        1.178,
        -0.2,
        1.767,
        -0.2
      ]
    },
    {
      "Target": "Parameter",
      "Id": "EarringsR_Shaking",
      "Segments": [
        0,
        -0.008,
        1,
        0.589,
        -0.044,
        1.178,
        -0.2,
        1.767,
        -0.2
      ]
    },
    {
      "Target": "Parameter",
      "Id": "EyeBallX",
      "Segments": [
        0,
        0.007,
        1,
        0.589,
        0.042,
        1.178,
        0.192,
        1.767,
        0.192
      ]
    },
    {
      "Target": "Parameter",
      "Id": "EyeBallY",
      "Segments": [
        0,
        0,
        1,
        0.589,
        -0.001,
        1.178,
        -0.004,
        1.767,
        -0.004
      ]
    },
    {
      "Target": "Parameter",
      "Id": "EyeBall_L_Size",
      "Segments": [
        0,
        -0.081,
        1,
        0.1,
        -0.137,
        0.2,
        -0.2,
        0.3,
        -0.2,
        2,
        1.767,
        -0.2
      ]
    },
    {
      "Target": "Parameter",
      "Id": "EyeBall_R_Size",
      "Segments": [
        0,
        -0.081,
        1,
        0.1,
        -0.137,
        0.2,
        -0.2,
        0.3,
        -0.2,
        2,
        1.767,
        -0.2
      ]
    },
    {
      "Target": "Parameter",
      "Id": "EyeL_Smile",
      "Segments": [
        0,
        0,
        2,
        0.2,
        0,
        1,
        0.311,
        0,
        0.422,
        0.494,
        0.533,
        0.8,
        1,
        0.611,
        1.014,
        0.689,
        1,
        0.767,
        1,
        0,
        1.767,
        0.4
      ]
    },
    {
      "Target": "Parameter",
      "Id": "EyeR_Smile",
      "Segments": [
        0,
        0,
        2,
        0.2,
        0,
        1,
        0.311,
        0,
        0.422,
        0.494,
        0.533,
        0.8,
        1,
        0.611,
        1.014,
        0.689,
        1,
        0.767,
        1,
        0,
        1.767,
        0.4
      ]
    },
    {
      "Target": "Parameter",
      "Id": "BrowLY",
      "Segments": [
        0,
        -0.312,
        1,
        0.056,
        -0.413,
        0.111,
        -0.5,
        0.167,
        -0.5,
        1,
        0.256,
        -0.5,
        0.344,
        -0.048,
        0.433,
        0,
        1,
        0.611,
        0.095,
        0.789,
        0.1,
        0.967,
        0.1,
        0,
        1.767,
        0
      ]
    },
    {
      "Target": "Parameter",
      "Id": "BrowRY",
      "Segments": [
        0,
        -0.312,
        1,
        0.056,
        -0.413,
        0.111,
        -0.5,
        0.167,
        -0.5,
        1,
        0.256,
        -0.5,
        0.344,
        -0.048,
        0.433,
        0,
        1,
        0.611,
        0.095,
        0.789,
        0.1,
        0.967,
        0.1,
        0,
        1.767,
        0
      ]
    },
    {
      "Target": "Parameter",
      "Id": "BrowL_Form",
      "Segments": [
        0,
        -0.2,
        1,
        0.078,
        -0.3,
        0.155,
        -0.4,
        0.233,
        -0.4,
        0,
        0.567,
        1,
        2,
        1.767,
        1
      ]
    },
    {
      "Target": "Parameter",
      "Id": "BrowR_Form",
      "Segments": [
        0,
        -0.15,
        1,
        0.078,
        -0.225,
        0.155,
        -0.3,
        0.233,
        -0.3,
        0,
        0.567,
        1,
        2,
        1.767,
        1
      ]
    },
    {
      "Target": "Parameter",
      "Id": "Mouth_Form",
      "Segments": [
        0,
        0.479,
        1,
        0.011,
        0.492,
        0.022,
        0.5,
        0.033,
        0.5,
        2,
        1.767,
        0.5
      ]
    },
    {
      "Target": "Parameter",
      "Id": "HandL_move",
      "Segments": [
        0,
        -0.979,
        1,
        0.589,
        -5.713,
        1.178,
        -26,
        1.767,
        -26
      ]
    },
    {
      "Target": "Parameter",
      "Id": "HandR_move",
      "Segments": [
        0,
        -1.13,
        1,
        0.589,
        -6.592,
        1.178,
        -30,
        1.767,
        -30
      ]
    },
    {
      "Target": "PartOpacity",
      "Id": "Part10",
      "Segments": [
        0,
        1,
        2,
        1.77,
        1
      ]
    },
    {
      "Target": "PartOpacity",
      "Id": "Part19",
      "Segments": [
        0,
        1,
        2,
        1.77,
        1
      ]
    },
    {
      "Target": "PartOpacity",
      "Id": "Part18",
      "Segments": [
        0,
        0,
        2,
        1.77,
        0
      ]
    },
    {
      "Target": "PartOpacity",
      "Id": "Part",
      "Segments": [
        0,
        1,
        2,
        1.77,
        1
      ]
    },
    {
      "Target": "PartOpacity",
      "Id": "Part5",
      "Segments": [
        0,
        1,
        2,
        1.77,
        1
      ]
    },
    {
      "Target": "PartOpacity",
      "Id": "Part6",
      "Segments": [
        0,
        1,
        2,
        1.77,
        1
      ]
    },
    {
      "Target": "PartOpacity",
      "Id": "Part3",
      "Segments": [
        0,
        1,
        2,
        1.77,
        1
      ]
    },
    {
      "Target": "PartOpacity",
      "Id": "Part4",
      "Segments": [
        0,
        1,
        2,
        1.77,
        1
      ]
    },
    {
      "Target": "PartOpacity",
      "Id": "Part7",
      "Segments": [
        0,
        1,
        2,
        1.77,
        1
      ]
    },
    {
      "Target": "PartOpacity",
      "Id": "Part20",
      "Segments": [
        0,
        0,
        2,
        1.77,
        0
      ]
    },
    {
      "Target": "PartOpacity",
      "Id": "Part8",
      "Segments": [
        0,
        1,
        2,
        1.77,
        1
      ]
    },
    {
      "Target": "PartOpacity",
      "Id": "Part9",
      "Segments": [
        0,
        1,
        2,
        1.77,
        1
      ]
    },
    {
      "Target": "PartOpacity",
      "Id": "Part11",
      "Segments": [
        0,
        1,
        2,
        1.77,
        1
      ]
    },
    {
      "Target": "PartOpacity",
      "Id": "Part2",
      "Segments": [
        0,
        1,
        2,
        1.77,
        1
      ]
    },
    {
      "Target": "PartOpacity",
      "Id": "Part13",
      "Segments": [
        0,
        1,
        2,
        1.77,
        1
      ]
    },
    {
      "Target": "PartOpacity",
      "Id": "Part17",
      "Segments": [
        0,
        1,
        2,
        1.77,
        1
      ]
    },
    {
      "Target": "PartOpacity",
      "Id": "Part12",
      "Segments": [
        0,
        1,
        2,
        1.77,
        1
      ]
    },
    {
      "Target": "PartOpacity",
      "Id": "Part15",
      "Segments": [
        0,
        1,
        2,
        1.77,
        1
      ]
    },
    {
      "Target": "PartOpacity",
      "Id": "Part24",
      "Segments": [
        0,
        0,
        2,
        1.77,
        0
      ]
    },
    {
      "Target": "PartOpacity",
      "Id": "Part25",
      "Segments": [
        0,
        1,
        2,
        1.77,
        1
      ]
    },
    {
      "Target": "PartOpacity",
      "Id": "Part22",
      "Segments": [
        0,
        0,
        2,
        1.77,
        0
      ]
    },
    {
      "Target": "PartOpacity",
      "Id": "Part26",
      "Segments": [
        0,
        1,
        2,
        1.77,
        1
      ]
    },
    {
      "Target": "PartOpacity",
      "Id": "Part23",
      "Segments": [
        0,
        0,
        2,
        1.77,
        0
      ]
    },
    {
      "Target": "PartOpacity",
      "Id": "Part27",
      "Segments": [
        0,
        0,
        2,
        1.77,
        0
      ]
    },
    {
      "Target": "PartOpacity",
      "Id": "Part28",
      "Segments": [
        0,
        1,
        2,
        1.77,
        1
      ]
    },
    {
      "Target": "PartOpacity",
      "Id": "Part16",
      "Segments": [
        0,
        1,
        2,
        1.77,
        1
      ]
    },
    {
      "Target": "PartOpacity",
      "Id": "Part14",
      "Segments": [
        0,
        1,
        2,
        1.77,
        1
      ]
    },
    {
      "Target": "Model",
      "Id": "Opacity",
      "Segments": [
        0,
        1,
        0,
        1.77,
        1
      ]
    },
    {
      "Target": "Parameter",
      "Id": "BodyY",
      "Segments": [
        0,
        0,
        0,
        1.77,
        0
      ]
    },
    {
      "Target": "Parameter",
      "Id": "Body_Pose1",
      "Segments": [
        0,
        0,
        0,
        1.77,
        0
      ]
    },
    {
      "Target": "Parameter",
      "Id": "ShoulderR_Y",
      "Segments": [
        0,
        0,
        0,
        1.77,
        0
      ]
    },
    {
      "Target": "Parameter",
      "Id": "ShoulderL_Y",
      "Segments": [
        0,
        0,
        0,
        1.77,
        0
      ]
    },
    {
      "Target": "Parameter",
      "Id": "Skirt_Roll",
      "Segments": [
        0,
        0,
        0,
        1.77,
        0
      ]
    },
    {
      "Target": "Parameter",
      "Id": "Skirt_Open",
      "Segments": [
        0,
        0,
        0,
        1.77,
        0
      ]
    },
    {
      "Target": "Parameter",
      "Id": "EyeL_Open",
      "Segments": [
        0,
        1,
        0,
        1.77,
        1
      ]
    },
    {
      "Target": "Parameter",
      "Id": "EyeR_Open",
      "Segments": [
        0,
        1,
        0,
        1.77,
        1
      ]
    },
    {
      "Target": "Parameter",
      "Id": "BrowL_Angle",
      "Segments": [
        0,
        0,
        0,
        1.77,
        0
      ]
    },
    {
      "Target": "Parameter",
      "Id": "BrowR_Angle",
      "Segments": [
        0,
        0,
        0,
        1.77,
        0
      ]
    },
    {
      "Target": "Parameter",
      "Id": "BrowL_Form2",
      "Segments": [
        0,
        0,
        0,
        1.77,
        0
      ]
    },
    {
      "Target": "Parameter",
      "Id": "BrowR_Form2",
      "Segments": [
        0,
        0,
        0,
        1.77,
        0
      ]
    },
    {
      "Target": "Parameter",
      "Id": "MouthForm2",
      "Segments": [
        0,
        0,
        0,
        1.77,
        0
      ]
    },
    {
      "Target": "Parameter",
      "Id": "Mouth_Open",
      "Segments": [
        0,
        1,
        0,
        1.77,
        1
      ]
    },
    {
      "Target": "Parameter",
      "Id": "ShoulderR_Roll",
      "Segments": [
        0,
        0,
        0,
        1.77,
        0
      ]
    },
    {
      "Target": "Parameter",
      "Id": "ArmR_Roll",
      "Segments": [
        0,
        0,
        0,
        1.77,
        0
      ]
    },
    {
      "Target": "Parameter",
      "Id": "ArmR_Form",
      "Segments": [
        0,
        -30,
        0,
        1.77,
        -30
      ]
    },
    {
      "Target": "Parameter",
      "Id": "ShoulderR_Form",
      "Segments": [
        0,
        -30,
        0,
        1.77,
        -30
      ]
    },
    {
      "Target": "Parameter",
      "Id": "SleeveR_Form",
      "Segments": [
        0,
        -30,
        0,
        1.77,
        -30
      ]
    },
    {
      "Target": "Parameter",
      "Id": "ShoulderL_Roll",
      "Segments": [
        0,
        0,
        0,
        1.77,
        0
      ]
    },
    {
      "Target": "Parameter",
      "Id": "ArmL_Roll",
      "Segments": [
        0,
        0,
        0,
        1.77,
        0
      ]
    },
    {
      "Target": "Parameter",
      "Id": "ArmL_Form",
      "Segments": [
        0,
        -30,
        0,
        1.77,
        -30
      ]
    },
    {
      "Target": "Parameter",
      "Id": "ShoulderL_Form",
      "Segments": [
        0,
        -30,
        0,
        1.77,
        -30
      ]
    },
    {
      "Target": "Parameter",
      "Id": "HandL_Roll",
      "Segments": [
        0,
        0,
        0,
        1.77,
        0
      ]
    },
    {
      "Target": "Parameter",
      "Id": "HandR_Roll",
      "Segments": [
        0,
        0,
        0,
        1.77,
        0
      ]
    },
    {
      "Target": "Parameter",
      "Id": "Param2",
      "Segments": [
        0,
        0,
        0,
        1.77,
        0
      ]
    },
    {
      "Target": "Parameter",
      "Id": "legL_Roll",
      "Segments": [
        0,
        0,
        0,
        1.77,
        0
      ]
    },
    {
      "Target": "Parameter",
      "Id": "legR_Roll",
      "Segments": [
        0,
        0,
        0,
        1.77,
        0
      ]
    }
  ],
  "UserData": []
}