{
  "Version": 3,
  "Meta": {
    "Duration": 9.33,
    "Fps": 30.0,
    "Loop": true,
    "AreBeziersRestricted": true,
    "CurveCount": 85,
    "TotalSegmentCount": 356,
    "TotalPointCount": 580,
    "UserDataCount": 0,
    "TotalUserDataSize": 0
  },
  "Curves": [
    {
      "Target": "Parameter",
      "Id": "Body_Twist",
      "Segments": [
        0,
        0,
        0,
        0.6,
        16,
        0,
        0.933,
        5,
        1,
        1.066,
        5,
        1.2,
        5.436,
        1.333,
        7.003,
        1,
        1.9,
        13.661,
        2.466,
        17.419,
        3.033,
        17.419,
        1,
        3.744,
        17.419,
        4.456,
        -4.324,
        5.167,
        -7.964,
        1,
        5.7,
        -10.694,
        6.234,
        -10,
        6.767,
        -10,
        1,
        7.511,
        -10,
        8.256,
        -6.265,
        9,
        3,
        1,
        9.111,
        4.383,
        9.222,
        7.003,
        9.333,
        7.003
      ]
    },
    {
      "Target": "Parameter",
      "Id": "Body_Shaking",
      "Segments": [
        0,
        0,
        0,
        0.6,
        7,
        0,
        1.333,
        4,
        0,
        3.167,
        13,
        1,
        3.911,
        13,
        4.656,
        11.797,
        5.4,
        6.03,
        1,
        5.933,
        1.898,
        6.467,
        -3.38,
        7,
        -3.38,
        0,
        8.467,
        4.981,
        0,
        9.333,
        4
      ]
    },
    {
      "Target": "Parameter",
      "Id": "BodyY",
      "Segments": [
        0,
        0,
        0,
        0.4,
        9.605,
        0,
        1.333,
        0,
        1,
        1.778,
        0,
        2.222,
        4.704,
        2.667,
        5,
        1,
        3.345,
        5.451,
        4.022,
        5.424,
        4.7,
        5.424,
        0,
        9.333,
        0
      ]
    },
    {
      "Target": "Parameter",
      "Id": "Body_Pose1",
      "Segments": [
        0,
        0,
        1,
        0.144,
        0,
        0.289,
        -1.481,
        0.433,
        -10,
        1,
        0.6,
        -19.83,
        0.766,
        -30,
        0.933,
        -30,
        1,
        1.066,
        -30,
        1.2,
        -29.983,
        1.333,
        -29.722,
        1,
        1.555,
        -29.289,
        1.778,
        -28.962,
        2,
        -28,
        1,
        2.389,
        -26.316,
        2.778,
        -23.868,
        3.167,
        -23.868,
        1,
        3.911,
        -23.868,
        4.656,
        -25.213,
        5.4,
        -25.591,
        1,
        5.933,
        -25.862,
        6.467,
        -25.745,
        7,
        -26.011,
        1,
        7.533,
        -26.277,
        8.067,
        -30,
        8.6,
        -30,
        0,
        9.333,
        -29.722
      ]
    },
    {
      "Target": "Parameter",
      "Id": "Breath",
      "Segments": [
        0,
        0,
        0,
        0.6,
        0.5,
        0,
        1.333,
        0,
        0,
        2.333,
        0.6,
        0,
        3.333,
        0,
        0,
        4.333,
        0.6,
        0,
        5.333,
        0,
        0,
        6.333,
        0.6,
        0,
        7.333,
        0,
        0,
        8.333,
        0.6,
        0,
        9.333,
        0
      ]
    },
    {
      "Target": "Parameter",
      "Id": "ShoulderR_Y",
      "Segments": [
        0,
        0,
        0,
        0.3,
        -8,
        1,
        0.422,
        -8,
        0.545,
        -7.456,
        0.667,
        -1.953,
        1,
        0.778,
        3.05,
        0.889,
        12,
        1,
        12,
        1,
        1.111,
        12,
        1.222,
        11.857,
        1.333,
        11.811,
        1,
        2.055,
        11.514,
        2.778,
        11.528,
        3.5,
        11,
        1,
        4.233,
        10.464,
        4.967,
        -3,
        5.7,
        -3,
        1,
        6.289,
        -3,
        6.878,
        -2.99,
        7.467,
        0,
        1,
        7.856,
        1.974,
        8.244,
        13,
        8.633,
        13,
        0,
        9.333,
        11.811
      ]
    },
    {
      "Target": "Parameter",
      "Id": "ShoulderL_Y",
      "Segments": [
        0,
        0,
        0,
        0.3,
        -8,
        1,
        0.422,
        -8,
        0.545,
        -7.481,
        0.667,
        -2,
        1,
        0.778,
        2.983,
        0.889,
        12.098,
        1,
        12.098,
        1,
        1.111,
        12.098,
        1.222,
        11.847,
        1.333,
        11.801,
        1,
        2.044,
        11.502,
        2.756,
        11.528,
        3.467,
        11,
        1,
        4.211,
        10.448,
        4.956,
        -2,
        5.7,
        -2,
        1,
        6.289,
        -2,
        6.878,
        -1.992,
        7.467,
        0,
        1,
        7.811,
        1.165,
        8.156,
        13,
        8.5,
        13,
        0,
        9.333,
        11.801
      ]
    },
    {
      "Target": "Parameter",
      "Id": "Waist_Move",
      "Segments": [
        0,
        0,
        1,
        0.311,
        0,
        0.622,
        9.905,
        0.933,
        11.988,
        1,
        1.066,
        12.881,
        1.2,
        12.671,
        1.333,
        13,
        1,
        1.878,
        14.342,
        2.422,
        15,
        2.967,
        15,
        1,
        3.622,
        15,
        4.278,
        14.222,
        4.933,
        13,
        1,
        5.7,
        11.571,
        6.466,
        11,
        7.233,
        11,
        0,
        9.333,
        13
      ]
    },
    {
      "Target": "Parameter",
      "Id": "Ribbon_L",
      "Segments": [
        0,
        0,
        2,
        0.267,
        0,
        0,
        0.7,
        -10,
        0,
        1.333,
        0,
        0,
        2.367,
        -14,
        0,
        3.867,
        6,
        0,
        6.033,
        -9,
        0,
        9.333,
        0
      ]
    },
    {
      "Target": "Parameter",
      "Id": "Ribbon_R",
      "Segments": [
        0,
        0,
        2,
        0.267,
        0,
        0,
        0.7,
        -3,
        0,
        1.333,
        0,
        0,
        2.367,
        -9,
        0,
        3.867,
        8,
        0,
        6.033,
        -21,
        0,
        7.467,
        10,
        0,
        9.333,
        0
      ]
    },
    {
      "Target": "Parameter",
      "Id": "Skirt_Shaking",
      "Segments": [
        0,
        0,
        2,
        0.267,
        0,
        0,
        0.7,
        -13,
        0,
        1.067,
        -6.7,
        0,
        1.333,
        -7,
        0,
        2.967,
        -4.447,
        0,
        3.9,
        -6,
        0,
        4.933,
        -4.447,
        0,
        5.933,
        -16,
        0,
        7.233,
        -4.447,
        1,
        7.789,
        -4.447,
        8.344,
        -5.274,
        8.9,
        -6.6,
        1,
        9.044,
        -6.945,
        9.189,
        -7,
        9.333,
        -7
      ]
    },
    {
      "Target": "Parameter",
      "Id": "Skirt_Roll",
      "Segments": [
        0,
        0,
        2,
        1.333,
        0,
        2,
        4.933,
        0,
        1,
        5.266,
        0,
        5.6,
        0.707,
        5.933,
        1,
        1,
        6.366,
        1.381,
        6.8,
        1.4,
        7.233,
        1.4,
        1,
        7.789,
        1.4,
        8.344,
        1.164,
        8.9,
        0.48,
        1,
        9.044,
        0.302,
        9.189,
        0,
        9.333,
        0
      ]
    },
    {
      "Target": "Parameter",
      "Id": "Head_X",
      "Segments": [
        0,
        0,
        0,
        0.833,
        9,
        2,
        1.333,
        9,
        1,
        2.011,
        9,
        2.689,
        11.904,
        3.367,
        20,
        1,
        3.734,
        24.38,
        4.1,
        28.16,
        4.467,
        28.16,
        1,
        4.922,
        28.16,
        5.378,
        -7.257,
        5.833,
        -18,
        1,
        6.255,
        -27.957,
        6.678,
        -27.36,
        7.1,
        -27.36,
        0,
        9.333,
        9
      ]
    },
    {
      "Target": "Parameter",
      "Id": "Head_Y",
      "Segments": [
        0,
        0,
        1,
        0.278,
        0,
        0.555,
        -2.79,
        0.833,
        -14,
        1,
        1,
        -20.726,
        1.166,
        -30,
        1.333,
        -30,
        0,
        3.367,
        -5,
        2,
        4.467,
        -5,
        1,
        4.922,
        -5,
        5.378,
        -6.423,
        5.833,
        -10,
        1,
        6.255,
        -13.315,
        6.678,
        -17.278,
        7.1,
        -20.8,
        1,
        7.844,
        -27.009,
        8.589,
        -30,
        9.333,
        -30
      ]
    },
    {
      "Target": "Parameter",
      "Id": "Head_Roll",
      "Segments": [
        0,
        0,
        0,
        1.333,
        -20,
        1,
        2.011,
        -20,
        2.689,
        -10.62,
        3.367,
        -8,
        1,
        3.745,
        -6.54,
        4.122,
        -7,
        4.5,
        -7,
        1,
        4.889,
        -7,
        5.278,
        -10.577,
        5.667,
        -19.782,
        1,
        5.878,
        -24.779,
        6.089,
        -28.62,
        6.3,
        -28.62,
        0,
        9.333,
        -20
      ]
    },
    {
      "Target": "Parameter",
      "Id": "HairFront_Shaking",
      "Segments": [
        0,
        0,
        0,
        1.333,
        -0.2,
        0,
        2.233,
        0.2,
        0,
        3.333,
        -0.3,
        0,
        4.4,
        0.3,
        0,
        5.067,
        0,
        0,
        5.933,
        0.4,
        0,
        7.3,
        -0.4,
        0,
        8.333,
        0.3,
        0,
        9.333,
        -0.2
      ]
    },
    {
      "Target": "Parameter",
      "Id": "sideHair_Shaking",
      "Segments": [
        0,
        0,
        0,
        0.933,
        -1,
        0,
        1.333,
        0,
        1,
        1.622,
        0,
        1.911,
        -2.417,
        2.2,
        -5,
        1,
        2.533,
        -7.98,
        2.867,
        -8.748,
        3.2,
        -8.748,
        0,
        4.867,
        -5,
        1,
        5.122,
        -5,
        5.378,
        -11.588,
        5.633,
        -12.62,
        1,
        5.989,
        -14.055,
        6.344,
        -14,
        6.7,
        -14,
        0,
        9.333,
        0
      ]
    },
    {
      "Target": "Parameter",
      "Id": "HairBack_Shaking",
      "Segments": [
        0,
        0,
        1,
        0.344,
        0.054,
        0.689,
        -0.114,
        1.033,
        -0.114,
        0,
        1.333,
        -0.1,
        0,
        2.8,
        -0.2,
        0,
        3.467,
        0.2,
        0,
        4.067,
        0,
        0,
        5.6,
        0.2,
        1,
        6.022,
        0.2,
        6.445,
        -0.185,
        6.867,
        -0.3,
        1,
        7.278,
        -0.412,
        7.689,
        -0.4,
        8.1,
        -0.4,
        0,
        9.333,
        -0.1
      ]
    },
    {
      "Target": "Parameter",
      "Id": "EarringsL_Shaking",
      "Segments": [
        0,
        0,
        0,
        0.733,
        -0.5,
        0,
        1,
        -0.2,
        0,
        1.167,
        -0.6,
        1,
        1.222,
        -0.6,
        1.278,
        -0.508,
        1.333,
        -0.5,
        1,
        1.6,
        -0.461,
        1.866,
        -0.454,
        2.133,
        -0.4,
        1,
        2.466,
        -0.333,
        2.8,
        -0.158,
        3.133,
        0,
        1,
        3.222,
        0.042,
        3.311,
        0.2,
        3.4,
        0.2,
        0,
        3.833,
        -0.2,
        0,
        4.8,
        0,
        1,
        5.078,
        0,
        5.355,
        -0.034,
        5.633,
        -0.2,
        1,
        5.733,
        -0.26,
        5.833,
        -0.729,
        5.933,
        -0.744,
        1,
        6.255,
        -0.792,
        6.578,
        -0.8,
        6.9,
        -0.8,
        0,
        9.333,
        -0.5
      ]
    },
    {
      "Target": "Parameter",
      "Id": "EarringsR_Shaking",
      "Segments": [
        0,
        0,
        0,
        0.733,
        -0.6,
        0,
        1,
        -0.2,
        0,
        1.333,
        -0.5,
        1,
        1.6,
        -0.5,
        1.866,
        -0.484,
        2.133,
        -0.4,
        1,
        2.466,
        -0.295,
        2.8,
        -0.158,
        3.133,
        0,
        1,
        3.222,
        0.042,
        3.311,
        0.2,
        3.4,
        0.2,
        0,
        3.833,
        -0.2,
        0,
        4.8,
        0,
        1,
        5.078,
        0,
        5.355,
        -0.039,
        5.633,
        -0.2,
        1,
        5.733,
        -0.258,
        5.833,
        -0.602,
        5.933,
        -0.622,
        1,
        6.255,
        -0.688,
        6.578,
        -0.7,
        6.9,
        -0.7,
        0,
        9.333,
        -0.5
      ]
    },
    {
      "Target": "Parameter",
      "Id": "EyeBallX",
      "Segments": [
        0,
        0,
        0,
        1.333,
        0.1,
        1,
        1.6,
        0.1,
        1.866,
        0.074,
        2.133,
        0.03,
        1,
        2.466,
        -0.025,
        2.8,
        -0.048,
        3.133,
        -0.048,
        1,
        3.722,
        -0.048,
        4.311,
        -0.042,
        4.9,
        0.008,
        1,
        5.178,
        0.032,
        5.455,
        0.201,
        5.733,
        0.26,
        1,
        6.455,
        0.414,
        7.178,
        0.468,
        7.9,
        0.468,
        0,
        9.333,
        0.1
      ]
    },
    {
      "Target": "Parameter",
      "Id": "EyeBallY",
      "Segments": [
        0,
        0,
        0,
        1.333,
        0.1,
        2,
        2.133,
        0.1,
        0,
        3.133,
        -0.019,
        2,
        4.9,
        -0.019,
        1,
        5.178,
        -0.019,
        5.455,
        0.067,
        5.733,
        0.07,
        1,
        6.455,
        0.078,
        7.178,
        0.08,
        7.9,
        0.088,
        1,
        8.378,
        0.093,
        8.855,
        0.1,
        9.333,
        0.1
      ]
    },
    {
      "Target": "Parameter",
      "Id": "BrowLY",
      "Segments": [
        0,
        0,
        2,
        1.333,
        0,
        1,
        1.966,
        0,
        2.6,
        0.106,
        3.233,
        0.208,
        1,
        3.811,
        0.301,
        4.389,
        0.316,
        4.967,
        0.316,
        0,
        6.8,
        -0.3,
        0,
        9.333,
        0
      ]
    },
    {
      "Target": "Parameter",
      "Id": "BrowRY",
      "Segments": [
        0,
        0,
        2,
        1.333,
        0,
        1,
        1.966,
        0,
        2.6,
        0.094,
        3.233,
        0.192,
        1,
        3.811,
        0.281,
        4.389,
        0.298,
        4.967,
        0.298,
        0,
        6.8,
        -0.3,
        0,
        9.333,
        0
      ]
    },
    {
      "Target": "Parameter",
      "Id": "Mouth_Form",
      "Segments": [
        0,
        0,
        0,
        1.333,
        0.4,
        2,
        9.333,
        0.4
      ]
    },
    {
      "Target": "Parameter",
      "Id": "ShoulderR_Roll",
      "Segments": [
        0,
        0,
        2,
        0.133,
        0,
        0,
        0.333,
        -6,
        0,
        0.633,
        1.08,
        0,
        1.333,
        1,
        0,
        4.333,
        3.34,
        0,
        9.333,
        1
      ]
    },
    {
      "Target": "Parameter",
      "Id": "ArmR_Roll",
      "Segments": [
        0,
        0,
        2,
        0.133,
        0,
        1,
        0.322,
        0,
        0.511,
        27.203,
        0.7,
        28,
        1,
        0.911,
        28.89,
        1.122,
        28.74,
        1.333,
        28.74,
        0,
        3.633,
        28.475,
        1,
        4.166,
        28.475,
        4.7,
        28.623,
        5.233,
        29,
        1,
        5.466,
        29.165,
        5.7,
        29.3,
        5.933,
        29.3,
        0,
        9.333,
        28.74
      ]
    },
    {
      "Target": "Parameter",
      "Id": "ArmR_Form",
      "Segments": [
        0,
        -30,
        2,
        0.133,
        -30,
        0,
        0.367,
        30,
        0,
        0.7,
        24,
        2,
        1.333,
        24,
        2,
        9.333,
        24
      ]
    },
    {
      "Target": "Parameter",
      "Id": "ShoulderR_Form",
      "Segments": [
        0,
        -30,
        2,
        0.133,
        -30,
        1,
        0.311,
        -30,
        0.489,
        -0.817,
        0.667,
        9,
        1,
        0.889,
        21.271,
        1.111,
        22,
        1.333,
        22,
        2,
        9.333,
        22
      ]
    },
    {
      "Target": "Parameter",
      "Id": "ShoulderL_Roll",
      "Segments": [
        0,
        0,
        0,
        0.233,
        4,
        1,
        0.3,
        4,
        0.366,
        0.604,
        0.433,
        -5,
        1,
        0.489,
        -9.67,
        0.544,
        -17.817,
        0.6,
        -18,
        1,
        0.844,
        -18.805,
        1.089,
        -19,
        1.333,
        -19,
        1,
        1.555,
        -19,
        1.778,
        -18.271,
        2,
        -18,
        1,
        2.656,
        -17.199,
        3.311,
        -17,
        3.967,
        -17,
        0,
        5.033,
        -19.264,
        0,
        9.333,
        -19
      ]
    },
    {
      "Target": "Parameter",
      "Id": "ArmL_Roll",
      "Segments": [
        0,
        0,
        1,
        0.222,
        0,
        0.445,
        -24.81,
        0.667,
        -27.08,
        1,
        0.889,
        -29.35,
        1.111,
        -29,
        1.333,
        -29,
        2,
        9.333,
        -29
      ]
    },
    {
      "Target": "Parameter",
      "Id": "ArmL_Form",
      "Segments": [
        0,
        -30,
        0,
        0.433,
        30,
        0,
        0.667,
        22,
        2,
        1.333,
        22,
        2,
        9.333,
        22
      ]
    },
    {
      "Target": "Parameter",
      "Id": "ShoulderL_Form",
      "Segments": [
        0,
        12,
        2,
        0.667,
        12,
        0,
        1.333,
        14,
        2,
        9.333,
        14
      ]
    },
    {
      "Target": "Parameter",
      "Id": "HandL_Roll",
      "Segments": [
        0,
        0,
        0,
        0.467,
        2,
        0,
        0.7,
        0,
        0,
        0.967,
        3.24,
        0,
        1.333,
        3,
        2,
        9.333,
        3
      ]
    },
    {
      "Target": "Parameter",
      "Id": "HandR_Roll",
      "Segments": [
        0,
        0,
        0,
        0.2,
        -11,
        0,
        0.233,
        -7,
        0,
        0.667,
        -11,
        0,
        0.9,
        -10.26,
        1,
        1.044,
        -10.26,
        1.189,
        -10.227,
        1.333,
        -10.38,
        1,
        2.2,
        -11.296,
        3.066,
        -12,
        3.933,
        -12,
        0,
        5.233,
        -8.82,
        2,
        7.4,
        -8.82,
        0,
        9.333,
        -10.38
      ]
    },
    {
      "Target": "Parameter",
      "Id": "HandL_move",
      "Segments": [
        0,
        0,
        0,
        0.367,
        30,
        0,
        0.667,
        0,
        0,
        0.733,
        30,
        2,
        1.333,
        30,
        2,
        9.333,
        30
      ]
    },
    {
      "Target": "Parameter",
      "Id": "Param2",
      "Segments": [
        0,
        0,
        1,
        0.167,
        0,
        0.333,
        0.178,
        0.5,
        2.812,
        1,
        0.589,
        4.217,
        0.678,
        30,
        0.767,
        30,
        1,
        0.811,
        30,
        0.856,
        7.267,
        0.9,
        0,
        1,
        1.044,
        -23.617,
        1.189,
        -30,
        1.333,
        -30,
        2,
        9.333,
        -30
      ]
    },
    {
      "Target": "Parameter",
      "Id": "legL_Roll",
      "Segments": [
        0,
        0,
        1,
        0.289,
        0,
        0.578,
        -5.486,
        0.867,
        -9.219,
        1,
        1.022,
        -11.229,
        1.178,
        -11,
        1.333,
        -11,
        2,
        9.333,
        -11
      ]
    },
    {
      "Target": "Parameter",
      "Id": "legR_Roll",
      "Segments": [
        0,
        0,
        1,
        0.289,
        0,
        0.578,
        -6.254,
        0.867,
        -10.177,
        1,
        1.022,
        -12.29,
        1.178,
        -12,
        1.333,
        -12,
        2,
        9.333,
        -12
      ]
    },
    {
      "Target": "PartOpacity",
      "Id": "Part10",
      "Segments": [
        0,
        1,
        2,
        1.33,
        1,
        2,
        9.33,
        1
      ]
    },
    {
      "Target": "PartOpacity",
      "Id": "Part19",
      "Segments": [
        0,
        1,
        2,
        0.37,
        1,
        1,
        0.39,
        0.89,
        0.41,
        0.23,
        0.43,
        0,
        2,
        1.33,
        0,
        2,
        9.33,
        0
      ]
    },
    {
      "Target": "PartOpacity",
      "Id": "Part18",
      "Segments": [
        0,
        0,
        2,
        0.37,
        0,
        0,
        0.43,
        1,
        2,
        1.33,
        1,
        2,
        9.33,
        1
      ]
    },
    {
      "Target": "PartOpacity",
      "Id": "Part",
      "Segments": [
        0,
        1,
        2,
        1.33,
        1,
        2,
        9.33,
        1
      ]
    },
    {
      "Target": "PartOpacity",
      "Id": "Part5",
      "Segments": [
        0,
        1,
        2,
        1.33,
        1,
        2,
        9.33,
        1
      ]
    },
    {
      "Target": "PartOpacity",
      "Id": "Part6",
      "Segments": [
        0,
        1,
        2,
        1.33,
        1,
        2,
        9.33,
        1
      ]
    },
    {
      "Target": "PartOpacity",
      "Id": "Part3",
      "Segments": [
        0,
        1,
        2,
        1.33,
        1,
        2,
        9.33,
        1
      ]
    },
    {
      "Target": "PartOpacity",
      "Id": "Part4",
      "Segments": [
        0,
        1,
        2,
        1.33,
        1,
        2,
        9.33,
        1
      ]
    },
    {
      "Target": "PartOpacity",
      "Id": "Part7",
      "Segments": [
        0,
        1,
        2,
        1.33,
        1,
        2,
        9.33,
        1
      ]
    },
    {
      "Target": "PartOpacity",
      "Id": "Part20",
      "Segments": [
        0,
        0,
        2,
        1.33,
        0,
        2,
        9.33,
        0
      ]
    },
    {
      "Target": "PartOpacity",
      "Id": "Part8",
      "Segments": [
        0,
        1,
        2,
        1.33,
        1,
        2,
        9.33,
        1
      ]
    },
    {
      "Target": "PartOpacity",
      "Id": "Part9",
      "Segments": [
        0,
        1,
        2,
        1.33,
        1,
        2,
        9.33,
        1
      ]
    },
    {
      "Target": "PartOpacity",
      "Id": "Part11",
      "Segments": [
        0,
        1,
        2,
        1.33,
        1,
        2,
        9.33,
        1
      ]
    },
    {
      "Target": "PartOpacity",
      "Id": "Part2",
      "Segments": [
        0,
        1,
        2,
        1.33,
        1,
        2,
        9.33,
        1
      ]
    },
    {
      "Target": "PartOpacity",
      "Id": "Part13",
      "Segments": [
        0,
        1,
        2,
        1.33,
        1,
        2,
        9.33,
        1
      ]
    },
    {
      "Target": "PartOpacity",
      "Id": "Part17",
      "Segments": [
        0,
        1,
        2,
        1.33,
        1,
        2,
        9.33,
        1
      ]
    },
    {
      "Target": "PartOpacity",
      "Id": "Part12",
      "Segments": [
        0,
        1,
        2,
        1.33,
        1,
        2,
        9.33,
        1
      ]
    },
    {
      "Target": "PartOpacity",
      "Id": "Part15",
      "Segments": [
        0,
        1,
        2,
        1.33,
        1,
        2,
        9.33,
        1
      ]
    },
    {
      "Target": "PartOpacity",
      "Id": "Part24",
      "Segments": [
        0,
        0,
        2,
        0.17,
        0,
        2,
        0.23,
        1,
        2,
        0.33,
        1,
        0,
        0.53,
        0,
        2,
        1.33,
        0,
        2,
        9.33,
        0
      ]
    },
    {
      "Target": "PartOpacity",
      "Id": "Part25",
      "Segments": [
        0,
        1,
        2,
        0.17,
        1,
        2,
        0.23,
        0,
        2,
        1.33,
        0,
        2,
        9.33,
        0
      ]
    },
    {
      "Target": "PartOpacity",
      "Id": "Part22",
      "Segments": [
        0,
        0,
        2,
        0.17,
        0,
        2,
        0.23,
        1,
        2,
        1.33,
        1,
        2,
        9.33,
        1
      ]
    },
    {
      "Target": "PartOpacity",
      "Id": "Part26",
      "Segments": [
        0,
        1,
        2,
        0.17,
        1,
        2,
        0.23,
        0,
        2,
        1.33,
        0,
        2,
        9.33,
        0
      ]
    },
    {
      "Target": "PartOpacity",
      "Id": "Part23",
      "Segments": [
        0,
        0,
        2,
        0.17,
        0,
        2,
        0.23,
        1,
        2,
        1.33,
        1,
        2,
        9.33,
        1
      ]
    },
    {
      "Target": "PartOpacity",
      "Id": "Part27",
      "Segments": [
        0,
        0,
        2,
        0.1,
        0,
        2,
        0.23,
        1,
        2,
        1.33,
        1,
        2,
        9.33,
        1
      ]
    },
    {
      "Target": "PartOpacity",
      "Id": "Part28",
      "Segments": [
        0,
        1,
        2,
        0.1,
        1,
        2,
        0.23,
        0,
        2,
        1.33,
        0,
        2,
        9.33,
        0
      ]
    },
    {
      "Target": "PartOpacity",
      "Id": "Part16",
      "Segments": [
        0,
        1,
        2,
        1.33,
        1,
        2,
        9.33,
        1
      ]
    },
    {
      "Target": "PartOpacity",
      "Id": "Part14",
      "Segments": [
        0,
        1,
        2,
        1.33,
        1,
        2,
        9.33,
        1
      ]
    },
    {
      "Target": "Model",
      "Id": "Opacity",
      "Segments": [
        0,
        1,
        0,
        9.33,
        1
      ]
    },
    {
      "Target": "Parameter",
      "Id": "Skirt_Open",
      "Segments": [
        0,
        0,
        0,
        9.33,
        0
      ]
    },
    {
      "Target": "Parameter",
      "Id": "EyeBall_L_Size",
      "Segments": [
        0,
        0,
        0,
        9.33,
        0
      ]
    },
    {
      "Target": "Parameter",
      "Id": "EyeBall_R_Size",
      "Segments": [
        0,
        0,
        0,
        9.33,
        0
      ]
    },
    {
      "Target": "Parameter",
      "Id": "EyeL_Open",
      "Segments": [
        0,
        1,
        0,
        9.33,
        1
      ]
    },
    {
      "Target": "Parameter",
      "Id": "EyeL_Smile",
      "Segments": [
        0,
        0,
        0,
        9.33,
        0
      ]
    },
    {
      "Target": "Parameter",
      "Id": "EyeR_Open",
      "Segments": [
        0,
        1,
        0,
        9.33,
        1
      ]
    },
    {
      "Target": "Parameter",
      "Id": "EyeR_Smile",
      "Segments": [
        0,
        0,
        0,
        9.33,
        0
      ]
    },
    {
      "Target": "Parameter",
      "Id": "BrowL_Angle",
      "Segments": [
        0,
        0,
        0,
        9.33,
        0
      ]
    },
    {
      "Target": "Parameter",
      "Id": "BrowR_Angle",
      "Segments": [
        0,
        0,
        0,
        9.33,
        0
      ]
    },
    {
      "Target": "Parameter",
      "Id": "BrowL_Form",
      "Segments": [
        0,
        0,
        0,
        9.33,
        0
      ]
    },
    {
      "Target": "Parameter",
      "Id": "BrowL_Form2",
      "Segments": [
        0,
        0,
        0,
        9.33,
        0
      ]
    },
    {
      "Target": "Parameter",
      "Id": "BrowR_Form",
      "Segments": [
        0,
        0,
        0,
        9.33,
        0
      ]
    },
    {
      "Target": "Parameter",
      "Id": "BrowR_Form2",
      "Segments": [
        0,
        0,
        0,
        9.33,
        0
      ]
    },
    {
      "Target": "Parameter",
      "Id": "MouthForm2",
      "Segments": [
        0,
        0,
        0,
        9.33,
        0
      ]
    },
    {
      "Target": "Parameter",
      "Id": "Mouth_Open",
      "Segments": [
        0,
        1,
        0,
        9.33,
        1
      ]
    },
    {
      "Target": "Parameter",
      "Id": "Mouth_Size",
      "Segments": [
        0,
        1,
        0,
        9.33,
        1
      ]
    },
    {
      "Target": "Parameter",
      "Id": "SleeveR_Form",
      "Segments": [
        0,
        -30,
        0,
        9.33,
        -30
      ]
    },
    {
      "Target": "Parameter",
      "Id": "HandR_move",
      "Segments": [
        0,
        0,
        0,
        9.33,
        0
      ]
    }
  ],
  "UserData": []
}