{
  "Version": 3,
  "Meta": {
    "Duration": 10.0,
    "Fps": 30.0,
    "Loop": true,
    "AreBeziersRestricted": true,
    "CurveCount": 85,
    "TotalSegmentCount": 246,
    "TotalPointCount": 330,
    "UserDataCount": 0,
    "TotalUserDataSize": 0
  },
  "Curves": [
    {
      "Target": "Parameter",
      "Id": "Body_Twist",
      "Segments": [
        0,
        0,
        0,
        2,
        18,
        1,
        2.789,
        18,
        3.578,
        17.286,
        4.367,
        11,
        1,
        4.9,
        6.75,
        5.434,
        -11.104,
        5.967,
        -16,
        1,
        6.411,
        -20.08,
        6.856,
        -20,
        7.3,
        -20,
        0,
        10,
        18
      ]
    },
    {
      "Target": "Parameter",
      "Id": "Body_Shaking",
      "Segments": [
        0,
        0,
        0,
        1.533,
        4,
        1,
        1.689,
        4,
        1.844,
        3.804,
        2,
        3,
        1,
        2.611,
        -0.158,
        3.222,
        -2,
        3.833,
        -2,
        0,
        5.833,
        3,
        0,
        7.933,
        -2,
        0,
        10,
        3
      ]
    },
    {
      "Target": "Parameter",
      "Id": "Body_Pose1",
      "Segments": [
        0,
        0,
        2,
        2,
        0,
        0,
        3,
        13,
        0,
        5.7,
        0,
        0,
        8.4,
        9,
        0,
        10,
        0
      ]
    },
    {
      "Target": "Parameter",
      "Id": "Breath",
      "Segments": [
        0,
        0,
        0,
        1,
        0.6,
        0,
        2,
        0,
        0,
        3,
        0.6,
        0,
        4,
        0,
        0,
        5,
        0.6,
        0,
        6,
        0,
        0,
        7,
        0.6,
        0,
        8,
        0,
        0,
        9,
        0.6,
        0,
        10,
        0
      ]
    },
    {
      "Target": "Parameter",
      "Id": "Waist_Move",
      "Segments": [
        0,
        0,
        0,
        2,
        -3,
        0,
        4.233,
        0,
        0,
        5.767,
        -3,
        0,
        8.467,
        0,
        0,
        10,
        -3
      ]
    },
    {
      "Target": "Parameter",
      "Id": "Ribbon_L",
      "Segments": [
        0,
        0,
        0,
        2,
        -4,
        0,
        4.1,
        7,
        0,
        6.1,
        -6,
        0,
        8.1,
        7,
        0,
        10,
        -4
      ]
    },
    {
      "Target": "Parameter",
      "Id": "Ribbon_R",
      "Segments": [
        0,
        0,
        0,
        2,
        -2,
        0,
        4.1,
        12,
        0,
        6.1,
        -6,
        0,
        8.1,
        8,
        0,
        10,
        -2
      ]
    },
    {
      "Target": "Parameter",
      "Id": "Skirt_Shaking",
      "Segments": [
        0,
        0,
        0,
        2,
        -9,
        0,
        4,
        0,
        0,
        6,
        -9,
        0,
        8,
        0,
        0,
        10,
        -9
      ]
    },
    {
      "Target": "Parameter",
      "Id": "Head_X",
      "Segments": [
        0,
        0,
        0,
        2,
        -6,
        1,
        2.7,
        -6,
        3.4,
        -3.534,
        4.1,
        0,
        1,
        4.967,
        4.376,
        5.833,
        6,
        6.7,
        6,
        0,
        10,
        -6
      ]
    },
    {
      "Target": "Parameter",
      "Id": "Head_Y",
      "Segments": [
        0,
        0,
        0,
        2,
        3.62,
        0,
        4.1,
        -9,
        1,
        4.967,
        -9,
        5.833,
        -2.717,
        6.7,
        0,
        1,
        7.8,
        3.448,
        8.9,
        3.62,
        10,
        3.62
      ]
    },
    {
      "Target": "Parameter",
      "Id": "Head_Roll",
      "Segments": [
        0,
        0,
        0,
        2,
        -7,
        0,
        4.1,
        -6,
        0,
        6.7,
        -17,
        0,
        10,
        -7
      ]
    },
    {
      "Target": "Parameter",
      "Id": "HairFront_Shaking",
      "Segments": [
        0,
        0,
        1,
        0.333,
        0,
        0.667,
        0.293,
        1,
        0.4,
        1,
        1.333,
        0.507,
        1.667,
        0.5,
        2,
        0.5,
        0,
        3.9,
        -0.3,
        0,
        5.6,
        0.2,
        1,
        6.111,
        0.2,
        6.622,
        -0.037,
        7.133,
        -0.2,
        1,
        7.466,
        -0.306,
        7.8,
        -0.3,
        8.133,
        -0.3,
        1,
        8.478,
        -0.3,
        8.822,
        -0.089,
        9.167,
        0.2,
        1,
        9.445,
        0.433,
        9.722,
        0.5,
        10,
        0.5
      ]
    },
    {
      "Target": "Parameter",
      "Id": "sideHair_Shaking",
      "Segments": [
        0,
        0,
        0,
        1,
        -2,
        0,
        2,
        6,
        0,
        3.867,
        -9,
        0,
        5.8,
        4,
        0,
        7.867,
        -9,
        0,
        10,
        6
      ]
    },
    {
      "Target": "Parameter",
      "Id": "HairBack_Shaking",
      "Segments": [
        0,
        0,
        0,
        2,
        0.3,
        2,
        10,
        0.3
      ]
    },
    {
      "Target": "Parameter",
      "Id": "EarringsL_Shaking",
      "Segments": [
        0,
        0,
        0,
        2,
        -0.2,
        0,
        4,
        -0.1,
        0,
        6,
        -0.4,
        1,
        6.667,
        -0.4,
        7.333,
        -0.367,
        8,
        -0.3,
        1,
        8.667,
        -0.233,
        9.333,
        -0.2,
        10,
        -0.2
      ]
    },
    {
      "Target": "Parameter",
      "Id": "EarringsR_Shaking",
      "Segments": [
        0,
        0,
        0,
        2,
        -0.2,
        0,
        4,
        -0.1,
        0,
        6,
        -0.2,
        0,
        8,
        -0.1,
        0,
        10,
        -0.2
      ]
    },
    {
      "Target": "Parameter",
      "Id": "EyeBallX",
      "Segments": [
        0,
        0,
        0,
        2,
        0.192,
        0,
        4.1,
        0,
        0,
        6.7,
        0.1,
        2,
        8.4,
        0.1,
        0,
        10,
        0.192
      ]
    },
    {
      "Target": "Parameter",
      "Id": "EyeBallY",
      "Segments": [
        0,
        0,
        0,
        2,
        -0.072,
        0,
        4.1,
        0,
        2,
        6.7,
        0,
        2,
        8.4,
        0,
        0,
        10,
        -0.072
      ]
    },
    {
      "Target": "Parameter",
      "Id": "BrowLY",
      "Segments": [
        0,
        0,
        2,
        2,
        0,
        0,
        4,
        -0.1,
        0,
        6,
        0.2,
        0,
        8,
        0,
        2,
        10,
        0
      ]
    },
    {
      "Target": "Parameter",
      "Id": "BrowRY",
      "Segments": [
        0,
        0,
        2,
        2,
        0,
        0,
        4,
        -0.1,
        0,
        6,
        0.2,
        2,
        8,
        0.2,
        0,
        10,
        0
      ]
    },
    {
      "Target": "Parameter",
      "Id": "ShoulderR_Roll",
      "Segments": [
        0,
        0,
        2,
        2,
        0,
        2,
        3,
        0,
        0,
        4,
        -0.675,
        1,
        4.333,
        -0.675,
        4.667,
        -0.685,
        5,
        -0.643,
        1,
        5.333,
        -0.602,
        5.667,
        1.46,
        6,
        1.46,
        1,
        6.567,
        1.46,
        7.133,
        1.419,
        7.7,
        1.04,
        1,
        8.467,
        0.528,
        9.233,
        0,
        10,
        0
      ]
    },
    {
      "Target": "Parameter",
      "Id": "ArmR_Roll",
      "Segments": [
        0,
        0,
        2,
        2,
        0,
        0,
        4,
        -0.66,
        0,
        5,
        0,
        0,
        6,
        -1.48,
        2,
        7.7,
        -1.48,
        0,
        10,
        0
      ]
    },
    {
      "Target": "Parameter",
      "Id": "ShoulderL_Roll",
      "Segments": [
        0,
        0,
        2,
        2,
        0,
        1,
        2.333,
        0,
        2.667,
        -0.021,
        3,
        0.137,
        1,
        3.333,
        0.296,
        3.667,
        1,
        4,
        1,
        1,
        4.333,
        1,
        4.667,
        0.667,
        5,
        0,
        1,
        5.333,
        -0.667,
        5.667,
        -1,
        6,
        -1,
        1,
        6.567,
        -1,
        7.133,
        -0.8,
        7.7,
        -0.52,
        1,
        8.467,
        -0.141,
        9.233,
        0,
        10,
        0
      ]
    },
    {
      "Target": "Parameter",
      "Id": "ArmL_Roll",
      "Segments": [
        0,
        0,
        2,
        2,
        0,
        2,
        5,
        0,
        0,
        6,
        9,
        1,
        6.333,
        9,
        6.667,
        9.178,
        7,
        8,
        1,
        7.333,
        6.822,
        7.667,
        0,
        8,
        0,
        0,
        9,
        2,
        0,
        10,
        0
      ]
    },
    {
      "Target": "Parameter",
      "Id": "HandL_Roll",
      "Segments": [
        0,
        0,
        2,
        2,
        0,
        2,
        4.9,
        0,
        1,
        5.233,
        0,
        5.567,
        5.86,
        5.9,
        6,
        1,
        6.489,
        6.247,
        7.078,
        6.24,
        7.667,
        6.24,
        0,
        10,
        0
      ]
    },
    {
      "Target": "Parameter",
      "Id": "HandR_Roll",
      "Segments": [
        0,
        0,
        2,
        2,
        0,
        1,
        2.333,
        0,
        2.667,
        -0.062,
        3,
        2,
        1,
        3.333,
        4.062,
        3.667,
        9,
        4,
        9,
        1,
        4.3,
        9,
        4.6,
        2.219,
        4.9,
        0,
        1,
        5.233,
        -2.466,
        5.567,
        -3.994,
        5.9,
        -4.78,
        1,
        6.489,
        -6.169,
        7.078,
        -6.4,
        7.667,
        -6.4,
        0,
        10,
        0
      ]
    },
    {
      "Target": "Parameter",
      "Id": "HandL_move",
      "Segments": [
        0,
        0,
        0,
        2,
        -26,
        1,
        2.333,
        -26,
        2.667,
        -16.155,
        3,
        -9,
        1,
        3.333,
        -1.845,
        3.667,
        -0.661,
        4,
        7,
        1,
        4.3,
        13.895,
        4.6,
        30,
        4.9,
        30,
        0,
        5.9,
        -30,
        2,
        7.667,
        -30,
        0,
        8.867,
        -5,
        0,
        10,
        -26
      ]
    },
    {
      "Target": "Parameter",
      "Id": "HandR_move",
      "Segments": [
        0,
        0,
        0,
        2,
        -30,
        1,
        2.333,
        -30,
        2.667,
        -19.631,
        3,
        -11,
        1,
        3.333,
        -2.369,
        3.667,
        0.043,
        4,
        9,
        1,
        4.3,
        17.061,
        4.6,
        30,
        4.9,
        30,
        0,
        5.9,
        -30,
        2,
        7.667,
        -30,
        0,
        8.867,
        -5,
        0,
        10,
        -30
      ]
    },
    {
      "Target": "Parameter",
      "Id": "legL_Roll",
      "Segments": [
        0,
        0,
        2,
        2,
        0,
        0,
        6,
        -1,
        0,
        10,
        0
      ]
    },
    {
      "Target": "PartOpacity",
      "Id": "Part10",
      "Segments": [
        0,
        1,
        2,
        2,
        1,
        2,
        10,
        1
      ]
    },
    {
      "Target": "PartOpacity",
      "Id": "Part19",
      "Segments": [
        0,
        1,
        2,
        2,
        1,
        2,
        10,
        1
      ]
    },
    {
      "Target": "PartOpacity",
      "Id": "Part18",
      "Segments": [
        0,
        0,
        2,
        2,
        0,
        2,
        10,
        0
      ]
    },
    {
      "Target": "PartOpacity",
      "Id": "Part",
      "Segments": [
        0,
        1,
        2,
        2,
        1,
        2,
        10,
        1
      ]
    },
    {
      "Target": "PartOpacity",
      "Id": "Part5",
      "Segments": [
        0,
        1,
        2,
        2,
        1,
        2,
        10,
        1
      ]
    },
    {
      "Target": "PartOpacity",
      "Id": "Part6",
      "Segments": [
        0,
        1,
        2,
        2,
        1,
        2,
        10,
        1
      ]
    },
    {
      "Target": "PartOpacity",
      "Id": "Part3",
      "Segments": [
        0,
        1,
        2,
        2,
        1,
        2,
        10,
        1
      ]
    },
    {
      "Target": "PartOpacity",
      "Id": "Part4",
      "Segments": [
        0,
        1,
        2,
        2,
        1,
        2,
        10,
        1
      ]
    },
    {
      "Target": "PartOpacity",
      "Id": "Part7",
      "Segments": [
        0,
        1,
        2,
        2,
        1,
        2,
        10,
        1
      ]
    },
    {
      "Target": "PartOpacity",
      "Id": "Part20",
      "Segments": [
        0,
        0,
        2,
        2,
        0,
        2,
        10,
        0
      ]
    },
    {
      "Target": "PartOpacity",
      "Id": "Part8",
      "Segments": [
        0,
        1,
        2,
        2,
        1,
        2,
        10,
        1
      ]
    },
    {
      "Target": "PartOpacity",
      "Id": "Part9",
      "Segments": [
        0,
        1,
        2,
        2,
        1,
        2,
        10,
        1
      ]
    },
    {
      "Target": "PartOpacity",
      "Id": "Part11",
      "Segments": [
        0,
        1,
        2,
        2,
        1,
        2,
        10,
        1
      ]
    },
    {
      "Target": "PartOpacity",
      "Id": "Part2",
      "Segments": [
        0,
        1,
        2,
        2,
        1,
        2,
        10,
        1
      ]
    },
    {
      "Target": "PartOpacity",
      "Id": "Part13",
      "Segments": [
        0,
        1,
        2,
        2,
        1,
        2,
        10,
        1
      ]
    },
    {
      "Target": "PartOpacity",
      "Id": "Part17",
      "Segments": [
        0,
        1,
        2,
        2,
        1,
        2,
        10,
        1
      ]
    },
    {
      "Target": "PartOpacity",
      "Id": "Part12",
      "Segments": [
        0,
        1,
        2,
        2,
        1,
        2,
        10,
        1
      ]
    },
    {
      "Target": "PartOpacity",
      "Id": "Part15",
      "Segments": [
        0,
        1,
        2,
        2,
        1,
        2,
        10,
        1
      ]
    },
    {
      "Target": "PartOpacity",
      "Id": "Part24",
      "Segments": [
        0,
        0,
        2,
        2,
        0,
        2,
        10,
        0
      ]
    },
    {
      "Target": "PartOpacity",
      "Id": "Part25",
      "Segments": [
        0,
        1,
        2,
        2,
        1,
        2,
        10,
        1
      ]
    },
    {
      "Target": "PartOpacity",
      "Id": "Part22",
      "Segments": [
        0,
        0,
        2,
        2,
        0,
        2,
        10,
        0
      ]
    },
    {
      "Target": "PartOpacity",
      "Id": "Part26",
      "Segments": [
        0,
        1,
        2,
        2,
        1,
        2,
        10,
        1
      ]
    },
    {
      "Target": "PartOpacity",
      "Id": "Part23",
      "Segments": [
        0,
        0,
        2,
        2,
        0,
        2,
        10,
        0
      ]
    },
    {
      "Target": "PartOpacity",
      "Id": "Part27",
      "Segments": [
        0,
        0,
        2,
        2,
        0,
        2,
        10,
        0
      ]
    },
    {
      "Target": "PartOpacity",
      "Id": "Part28",
      "Segments": [
        0,
        1,
        2,
        2,
        1,
        2,
        10,
        1
      ]
    },
    {
      "Target": "PartOpacity",
      "Id": "Part16",
      "Segments": [
        0,
        1,
        2,
        2,
        1,
        2,
        10,
        1
      ]
    },
    {
      "Target": "PartOpacity",
      "Id": "Part14",
      "Segments": [
        0,
        1,
        2,
        2,
        1,
        2,
        10,
        1
      ]
    },
    {
      "Target": "Model",
      "Id": "Opacity",
      "Segments": [
        0,
        1,
        0,
        10,
        1
      ]
    },
    {
      "Target": "Parameter",
      "Id": "BodyY",
      "Segments": [
        0,
        0,
        0,
        10,
        0
      ]
    },
    {
      "Target": "Parameter",
      "Id": "ShoulderR_Y",
      "Segments": [
        0,
        0,
        0,
        10,
        0
      ]
    },
    {
      "Target": "Parameter",
      "Id": "ShoulderL_Y",
      "Segments": [
        0,
        0,
        0,
        10,
        0
      ]
    },
    {
      "Target": "Parameter",
      "Id": "Skirt_Roll",
      "Segments": [
        0,
        0,
        0,
        10,
        0
      ]
    },
    {
      "Target": "Parameter",
      "Id": "Skirt_Open",
      "Segments": [
        0,
        0,
        0,
        10,
        0
      ]
    },
    {
      "Target": "Parameter",
      "Id": "EyeBall_L_Size",
      "Segments": [
        0,
        0,
        0,
        10,
        0
      ]
    },
    {
      "Target": "Parameter",
      "Id": "EyeBall_R_Size",
      "Segments": [
        0,
        0,
        0,
        10,
        0
      ]
    },
    {
      "Target": "Parameter",
      "Id": "EyeL_Open",
      "Segments": [
        0,
        1,
        0,
        10,
        1
      ]
    },
    {
      "Target": "Parameter",
      "Id": "EyeL_Smile",
      "Segments": [
        0,
        0,
        0,
        10,
        0
      ]
    },
    {
      "Target": "Parameter",
      "Id": "EyeR_Open",
      "Segments": [
        0,
        1,
        0,
        10,
        1
      ]
    },
    {
      "Target": "Parameter",
      "Id": "EyeR_Smile",
      "Segments": [
        0,
        0,
        0,
        10,
        0
      ]
    },
    {
      "Target": "Parameter",
      "Id": "BrowL_Angle",
      "Segments": [
        0,
        0,
        0,
        10,
        0
      ]
    },
    {
      "Target": "Parameter",
      "Id": "BrowR_Angle",
      "Segments": [
        0,
        0,
        0,
        10,
        0
      ]
    },
    {
      "Target": "Parameter",
      "Id": "BrowL_Form",
      "Segments": [
        0,
        0,
        0,
        10,
        0
      ]
    },
    {
      "Target": "Parameter",
      "Id": "BrowL_Form2",
      "Segments": [
        0,
        0,
        0,
        10,
        0
      ]
    },
    {
      "Target": "Parameter",
      "Id": "BrowR_Form",
      "Segments": [
        0,
        0,
        0,
        10,
        0
      ]
    },
    {
      "Target": "Parameter",
      "Id": "BrowR_Form2",
      "Segments": [
        0,
        0,
        0,
        10,
        0
      ]
    },
    {
      "Target": "Parameter",
      "Id": "MouthForm2",
      "Segments": [
        0,
        0,
        0,
        10,
        0
      ]
    },
    {
      "Target": "Parameter",
      "Id": "Mouth_Form",
      "Segments": [
        0,
        0,
        0,
        10,
        0
      ]
    },
    {
      "Target": "Parameter",
      "Id": "Mouth_Open",
      "Segments": [
        0,
        1,
        0,
        10,
        1
      ]
    },
    {
      "Target": "Parameter",
      "Id": "Mouth_Size",
      "Segments": [
        0,
        1,
        0,
        10,
        1
      ]
    },
    {
      "Target": "Parameter",
      "Id": "ArmR_Form",
      "Segments": [
        0,
        -30,
        0,
        10,
        -30
      ]
    },
    {
      "Target": "Parameter",
      "Id": "ShoulderR_Form",
      "Segments": [
        0,
        -30,
        0,
        10,
        -30
      ]
    },
    {
      "Target": "Parameter",
      "Id": "SleeveR_Form",
      "Segments": [
        0,
        -30,
        0,
        10,
        -30
      ]
    },
    {
      "Target": "Parameter",
      "Id": "ArmL_Form",
      "Segments": [
        0,
        -30,
        0,
        10,
        -30
      ]
    },
    {
      "Target": "Parameter",
      "Id": "ShoulderL_Form",
      "Segments": [
        0,
        -30,
        0,
        10,
        -30
      ]
    },
    {
      "Target": "Parameter",
      "Id": "Param2",
      "Segments": [
        0,
        0,
        0,
        10,
        0
      ]
    },
    {
      "Target": "Parameter",
      "Id": "legR_Roll",
      "Segments": [
        0,
        0,
        0,
        10,
        0
      ]
    }
  ],
  "UserData": []
}