{
  "Version": 3,
  "Meta": {
    "Duration": 8.0,
    "Fps": 30.0,
    "Loop": true,
    "AreBeziersRestricted": true,
    "CurveCount": 73,
    "TotalSegmentCount": 179,
    "TotalPointCount": 267,
    "UserDataCount": 1,
    "TotalUserDataSize": 0
  },
  "Curves": [
    {
      "Target": "Parameter",
      "Id": "Param33",
      "Segments": [
        0,
        0,
        1,
        0.556,
        0,
        1.111,
        0.391,
        1.667,
        0.815,
        1,
        2.056,
        1.113,
        2.444,
        1.155,
        2.833,
        1.155,
        0,
        5.8,
        0,
        2,
        6.967,
        0,
        2,
        8,
        0
      ]
    },
    {
      "Target": "Parameter",
      "Id": "Param9",
      "Segments": [
        0,
        0.86,
        1,
        0.333,
        0.38,
        0.667,
        -1.22,
        1,
        -1.22,
        0,
        2.533,
        -1,
        2,
        3.733,
        -1,
        1,
        3.955,
        -1,
        4.178,
        0.286,
        4.4,
        0.4,
        1,
        5.344,
        0.883,
        6.289,
        1,
        7.233,
        1,
        1,
        7.489,
        1,
        7.744,
        0.999,
        8,
        0.86
      ]
    },
    {
      "Target": "Parameter",
      "Id": "Param32",
      "Segments": [
        0,
        0,
        0,
        4.4,
        -30,
        0,
        8,
        0
      ]
    },
    {
      "Target": "Parameter",
      "Id": "Param8",
      "Segments": [
        0,
        0.3,
        1,
        0.933,
        0.732,
        1.867,
        1.08,
        2.8,
        1.08,
        0,
        8,
        0.3
      ]
    },
    {
      "Target": "Parameter",
      "Id": "Param24",
      "Segments": [
        0,
        -8.2,
        1,
        0.444,
        -3.143,
        0.889,
        0,
        1.333,
        0,
        1,
        1.666,
        0,
        2,
        -6.615,
        2.333,
        -9.895,
        1,
        2.789,
        -14.378,
        3.244,
        -14.859,
        3.7,
        -14.859,
        0,
        8,
        -8.2
      ]
    },
    {
      "Target": "Parameter",
      "Id": "Param27",
      "Segments": [
        0,
        0,
        2,
        1.333,
        0,
        0,
        2.267,
        4,
        0,
        8,
        0
      ]
    },
    {
      "Target": "Parameter",
      "Id": "Param28",
      "Segments": [
        0,
        -26,
        0,
        1.667,
        -26.001,
        2,
        8,
        -26.001
      ]
    },
    {
      "Target": "Parameter",
      "Id": "Param19",
      "Segments": [
        0,
        28.62,
        1,
        1.244,
        28.62,
        2.489,
        27.579,
        3.733,
        24,
        1,
        3.955,
        23.361,
        4.178,
        9,
        4.4,
        9,
        0,
        8,
        28.62
      ]
    },
    {
      "Target": "Parameter",
      "Id": "Param21",
      "Segments": [
        0,
        -10,
        1,
        0.456,
        -10.835,
        0.911,
        -11,
        1.367,
        -11,
        2,
        2.133,
        -11,
        0,
        3.733,
        -12.12,
        0,
        4.4,
        -7.007,
        0,
        8,
        -10
      ]
    },
    {
      "Target": "Parameter",
      "Id": "Param25",
      "Segments": [
        0,
        6.1,
        0,
        1.333,
        0,
        0,
        3.5,
        12,
        0,
        8,
        6.1
      ]
    },
    {
      "Target": "Parameter",
      "Id": "Param22",
      "Segments": [
        0,
        4,
        1,
        1.467,
        2.197,
        2.933,
        2,
        4.4,
        2,
        0,
        8,
        4
      ]
    },
    {
      "Target": "Parameter",
      "Id": "Param5",
      "Segments": [
        0,
        -27,
        0,
        4.4,
        32.795,
        1,
        4.456,
        32.795,
        4.511,
        22.781,
        4.567,
        14.489,
        1,
        4.611,
        7.856,
        4.656,
        0.749,
        4.7,
        0,
        1,
        5.8,
        -18.528,
        6.9,
        -27,
        8,
        -27
      ]
    },
    {
      "Target": "Parameter",
      "Id": "ParamBreath",
      "Segments": [
        0,
        0,
        0,
        2.1,
        0.1,
        0,
        2.833,
        0,
        0,
        4.033,
        0.1,
        0,
        4.767,
        0,
        2,
        6.967,
        0,
        2,
        8,
        0
      ]
    },
    {
      "Target": "Parameter",
      "Id": "Param15",
      "Segments": [
        0,
        20.9,
        1,
        0.889,
        11.739,
        1.778,
        8.629,
        2.667,
        8.629,
        1,
        3.1,
        8.629,
        3.534,
        9.684,
        3.967,
        12.617,
        1,
        4.278,
        14.723,
        4.589,
        17.773,
        4.9,
        20,
        1,
        5.4,
        23.579,
        5.9,
        25.07,
        6.4,
        25.07,
        1,
        6.933,
        25.07,
        7.467,
        23.005,
        8,
        20.9
      ]
    },
    {
      "Target": "Parameter",
      "Id": "Param2",
      "Segments": [
        0,
        2.724,
        1,
        0.711,
        1.273,
        1.422,
        0.633,
        2.133,
        0.633,
        0,
        4.033,
        2.964,
        0,
        5.833,
        1.108,
        0,
        7.333,
        3.483,
        1,
        7.555,
        3.483,
        7.778,
        2.967,
        8,
        2.724
      ]
    },
    {
      "Target": "Parameter",
      "Id": "Param7",
      "Segments": [
        0,
        -3,
        1,
        0.578,
        -3,
        1.155,
        -1.975,
        1.733,
        0.435,
        1,
        2.289,
        2.753,
        2.844,
        4.112,
        3.4,
        4.112,
        1,
        3.856,
        4.112,
        4.311,
        -2.249,
        4.767,
        -3,
        1,
        5.845,
        -3.839,
        6.922,
        -2.515,
        8,
        -3
      ]
    },
    {
      "Target": "Parameter",
      "Id": "Param10",
      "Segments": [
        0,
        -4,
        0,
        4.333,
        0,
        1,
        4.466,
        0,
        4.6,
        -0.554,
        4.733,
        -2.663,
        1,
        4.844,
        -4.42,
        4.956,
        -6.097,
        5.067,
        -6.097,
        1,
        6.045,
        -6.097,
        7.022,
        -4.563,
        8,
        -4
      ]
    },
    {
      "Target": "Parameter",
      "Id": "Param3",
      "Segments": [
        0,
        -1.506,
        0,
        1.067,
        -10,
        0,
        1.967,
        -3,
        0,
        2.667,
        -10,
        0,
        3.633,
        -12,
        0,
        4.4,
        -9,
        0,
        6.233,
        -11,
        0,
        8,
        -1.506
      ]
    },
    {
      "Target": "Parameter",
      "Id": "Param4",
      "Segments": [
        0,
        -30,
        2,
        1.067,
        -30,
        2,
        1.967,
        -30,
        2,
        2.667,
        -30,
        2,
        3.633,
        -30,
        0,
        4.4,
        -16,
        0,
        5.967,
        -30,
        2,
        8,
        -30
      ]
    },
    {
      "Target": "Parameter",
      "Id": "Param13",
      "Segments": [
        0,
        1.9,
        1,
        0.1,
        1.9,
        0.2,
        0.113,
        0.3,
        -5.57,
        1,
        0.411,
        -11.885,
        0.522,
        -16.495,
        0.633,
        -16.495,
        2,
        1.667,
        -16.495,
        0,
        2.167,
        -5.57,
        1,
        3.022,
        -5.57,
        3.878,
        -5.975,
        4.733,
        -7,
        1,
        4.8,
        -7.08,
        4.866,
        -23.939,
        4.933,
        -23.939,
        0,
        5.133,
        -18.52,
        0,
        5.467,
        -23.939,
        1,
        5.978,
        -23.939,
        6.489,
        -19.392,
        7,
        -9,
        1,
        7.333,
        -2.222,
        7.667,
        1.9,
        8,
        1.9
      ]
    },
    {
      "Target": "Parameter",
      "Id": "Param14",
      "Segments": [
        0,
        1.3,
        1,
        0.1,
        1.3,
        0.2,
        -3.129,
        0.3,
        -13,
        1,
        0.411,
        -23.968,
        0.522,
        -30,
        0.633,
        -30,
        2,
        1.667,
        -30,
        1,
        1.834,
        -30,
        2,
        -13.775,
        2.167,
        -13,
        1,
        2.4,
        -11.915,
        2.634,
        -11.842,
        2.867,
        -11,
        1,
        3.489,
        -8.754,
        4.111,
        -7.26,
        4.733,
        -7.26,
        0,
        4.9,
        -19,
        0,
        5.133,
        -7.091,
        0,
        5.467,
        -20.356,
        1,
        5.978,
        -20.356,
        6.489,
        -18.731,
        7,
        -11,
        1,
        7.333,
        -5.958,
        7.667,
        1.3,
        8,
        1.3
      ]
    },
    {
      "Target": "Parameter",
      "Id": "Param16",
      "Segments": [
        0,
        0,
        0,
        0.833,
        4.06,
        0,
        3.733,
        -4.54,
        0,
        8,
        0
      ]
    },
    {
      "Target": "PartOpacity",
      "Id": "Part23",
      "Segments": [
        0,
        1,
        2,
        7.67,
        1,
        2,
        8,
        1
      ]
    },
    {
      "Target": "PartOpacity",
      "Id": "Part",
      "Segments": [
        0,
        1,
        2,
        7.67,
        1,
        2,
        8,
        1
      ]
    },
    {
      "Target": "PartOpacity",
      "Id": "Part2",
      "Segments": [
        0,
        1,
        2,
        7.67,
        1,
        2,
        8,
        1
      ]
    },
    {
      "Target": "PartOpacity",
      "Id": "Part3",
      "Segments": [
        0,
        1,
        2,
        7.67,
        1,
        2,
        8,
        1
      ]
    },
    {
      "Target": "PartOpacity",
      "Id": "Part4",
      "Segments": [
        0,
        1,
        2,
        7.67,
        1,
        2,
        8,
        1
      ]
    },
    {
      "Target": "PartOpacity",
      "Id": "Part21",
      "Segments": [
        0,
        1,
        2,
        7.67,
        1,
        2,
        8,
        1
      ]
    },
    {
      "Target": "PartOpacity",
      "Id": "Part5",
      "Segments": [
        0,
        1,
        2,
        1.83,
        1,
        2,
        7.67,
        1,
        2,
        8,
        1
      ]
    },
    {
      "Target": "PartOpacity",
      "Id": "Part13",
      "Segments": [
        0,
        1,
        2,
        1.83,
        0,
        2,
        8,
        0
      ]
    },
    {
      "Target": "PartOpacity",
      "Id": "Part6",
      "Segments": [
        0,
        1,
        2,
        7.67,
        1,
        2,
        8,
        1
      ]
    },
    {
      "Target": "PartOpacity",
      "Id": "Part26",
      "Segments": [
        0,
        1,
        2,
        7.67,
        1,
        2,
        8,
        1
      ]
    },
    {
      "Target": "PartOpacity",
      "Id": "Part25",
      "Segments": [
        0,
        0,
        2,
        7.67,
        0,
        2,
        8,
        0
      ]
    },
    {
      "Target": "PartOpacity",
      "Id": "Part14",
      "Segments": [
        0,
        1,
        2,
        7.67,
        1,
        2,
        8,
        1
      ]
    },
    {
      "Target": "PartOpacity",
      "Id": "Part15",
      "Segments": [
        0,
        1,
        2,
        7.67,
        1,
        2,
        8,
        1
      ]
    },
    {
      "Target": "PartOpacity",
      "Id": "Part16",
      "Segments": [
        0,
        0,
        2,
        7.67,
        0,
        2,
        8,
        0
      ]
    },
    {
      "Target": "PartOpacity",
      "Id": "Part7",
      "Segments": [
        0,
        1,
        2,
        7.67,
        1,
        2,
        8,
        1
      ]
    },
    {
      "Target": "PartOpacity",
      "Id": "Part18",
      "Segments": [
        0,
        0,
        2,
        7.67,
        0,
        2,
        8,
        0
      ]
    },
    {
      "Target": "PartOpacity",
      "Id": "Part8",
      "Segments": [
        0,
        1,
        2,
        7.67,
        1,
        2,
        8,
        1
      ]
    },
    {
      "Target": "PartOpacity",
      "Id": "Part9",
      "Segments": [
        0,
        1,
        2,
        7.67,
        1,
        2,
        8,
        1
      ]
    },
    {
      "Target": "PartOpacity",
      "Id": "Part10",
      "Segments": [
        0,
        1,
        2,
        7.67,
        1,
        2,
        8,
        1
      ]
    },
    {
      "Target": "PartOpacity",
      "Id": "Part11",
      "Segments": [
        0,
        1,
        2,
        7.67,
        1,
        2,
        8,
        1
      ]
    },
    {
      "Target": "PartOpacity",
      "Id": "Part12",
      "Segments": [
        0,
        1,
        2,
        7.67,
        1,
        2,
        8,
        1
      ]
    },
    {
      "Target": "PartOpacity",
      "Id": "Part17",
      "Segments": [
        0,
        0.89,
        2,
        7.67,
        0.89,
        2,
        8,
        0.89
      ]
    },
    {
      "Target": "PartOpacity",
      "Id": "Part19",
      "Segments": [
        0,
        0,
        2,
        7.67,
        0,
        2,
        8,
        0
      ]
    },
    {
      "Target": "Parameter",
      "Id": "Param20",
      "Segments": [
        0,
        0,
        0,
        8,
        0
      ]
    },
    {
      "Target": "Parameter",
      "Id": "Param23",
      "Segments": [
        0,
        0,
        0,
        8,
        0
      ]
    },
    {
      "Target": "Parameter",
      "Id": "Param29",
      "Segments": [
        0,
        0,
        0,
        8,
        0
      ]
    },
    {
      "Target": "Parameter",
      "Id": "Param30",
      "Segments": [
        0,
        0,
        0,
        8,
        0
      ]
    },
    {
      "Target": "Parameter",
      "Id": "Param26",
      "Segments": [
        0,
        19,
        0,
        8,
        19
      ]
    },
    {
      "Target": "Parameter",
      "Id": "Param17",
      "Segments": [
        0,
        8,
        0,
        8,
        8
      ]
    },
    {
      "Target": "Parameter",
      "Id": "Param18",
      "Segments": [
        0,
        0,
        0,
        8,
        0
      ]
    },
    {
      "Target": "Parameter",
      "Id": "Param31",
      "Segments": [
        0,
        0,
        0,
        8,
        0
      ]
    },
    {
      "Target": "Parameter",
      "Id": "Param6",
      "Segments": [
        0,
        0,
        0,
        8,
        0
      ]
    },
    {
      "Target": "Parameter",
      "Id": "Param12",
      "Segments": [
        0,
        1.5,
        0,
        8,
        1.5
      ]
    },
    {
      "Target": "Parameter",
      "Id": "Mouth_Size",
      "Segments": [
        0,
        -0.4,
        0,
        8,
        -0.4
      ]
    },
    {
      "Target": "Parameter",
      "Id": "Mouth_Open",
      "Segments": [
        0,
        1,
        0,
        8,
        1
      ]
    },
    {
      "Target": "Parameter",
      "Id": "Param",
      "Segments": [
        0,
        0,
        0,
        8,
        0
      ]
    },
    {
      "Target": "Parameter",
      "Id": "ParamMouthForm",
      "Segments": [
        0,
        0,
        0,
        8,
        0
      ]
    },
    {
      "Target": "Parameter",
      "Id": "ParamBrowRForm",
      "Segments": [
        0,
        -0.5,
        0,
        8,
        -0.5
      ]
    },
    {
      "Target": "Parameter",
      "Id": "ParamBrowLForm",
      "Segments": [
        0,
        -0.5,
        0,
        8,
        -0.5
      ]
    },
    {
      "Target": "Parameter",
      "Id": "ParamBrowRAngle",
      "Segments": [
        0,
        -0.4,
        0,
        8,
        -0.4
      ]
    },
    {
      "Target": "Parameter",
      "Id": "ParamBrowLAngle",
      "Segments": [
        0,
        -0.2,
        0,
        8,
        -0.2
      ]
    },
    {
      "Target": "Parameter",
      "Id": "EyesSize",
      "Segments": [
        0,
        0,
        0,
        8,
        0
      ]
    },
    {
      "Target": "Parameter",
      "Id": "ParamBrowRY",
      "Segments": [
        0,
        -0.4,
        0,
        8,
        -0.4
      ]
    },
    {
      "Target": "Parameter",
      "Id": "ParamBrowLY",
      "Segments": [
        0,
        -0.5,
        0,
        8,
        -0.5
      ]
    },
    {
      "Target": "Parameter",
      "Id": "ParamEyeBallX",
      "Segments": [
        0,
        0,
        0,
        8,
        0
      ]
    },
    {
      "Target": "Parameter",
      "Id": "ParamEyeBallY",
      "Segments": [
        0,
        0,
        0,
        8,
        0
      ]
    },
    {
      "Target": "Parameter",
      "Id": "ParamEyeRSmile",
      "Segments": [
        0,
        0,
        0,
        8,
        0
      ]
    },
    {
      "Target": "Parameter",
      "Id": "EyeR_Open",
      "Segments": [
        0,
        0.903,
        0,
        8,
        0.903
      ]
    },
    {
      "Target": "Parameter",
      "Id": "EyeL_Open",
      "Segments": [
        0,
        0.9,
        0,
        8,
        0.9
      ]
    },
    {
      "Target": "Parameter",
      "Id": "ParamEyeLSmile",
      "Segments": [
        0,
        0,
        0,
        8,
        0
      ]
    },
    {
      "Target": "PartOpacity",
      "Id": "Part20",
      "Segments": [
        0,
        1,
        0,
        8,
        1
      ]
    }
  ],
  "UserData": [
    {
      "Time": 0.0,
      "Value": ""
    }
  ]
}