{
  "Version": 3,
  "Meta": {
    "Duration": 8.0,
    "Fps": 30.0,
    "Loop": true,
    "AreBeziersRestricted": true,
    "CurveCount": 66,
    "TotalSegmentCount": 193,
    "TotalPointCount": 299,
    "UserDataCount": 1,
    "TotalUserDataSize": 0
  },
  "Curves": [
    {
      "Target": "Parameter",
      "Id": "Param33",
      "Segments": [
        0,
        -1.178,
        0,
        6.867,
        -0.632,
        0,
        8,
        -1.178
      ]
    },
    {
      "Target": "Parameter",
      "Id": "Param9",
      "Segments": [
        0,
        -8.6,
        1,
        0.833,
        -8.6,
        1.667,
        -8.682,
        2.5,
        -9.9,
        1,
        2.978,
        -10.598,
        3.455,
        -13.5,
        3.933,
        -13.5,
        2,
        4.8,
        -13.5,
        1,
        5.467,
        -13.5,
        6.133,
        -9.95,
        6.8,
        -9,
        1,
        7.2,
        -8.43,
        7.6,
        -8.6,
        8,
        -8.6
      ]
    },
    {
      "Target": "Parameter",
      "Id": "Param32",
      "Segments": [
        0,
        0,
        2,
        2.5,
        0,
        0,
        3.933,
        13,
        2,
        4.8,
        13,
        0,
        6.8,
        0,
        2,
        8,
        0
      ]
    },
    {
      "Target": "Parameter",
      "Id": "Param8",
      "Segments": [
        0,
        0,
        2,
        0.467,
        0,
        0,
        0.8,
        -30,
        0,
        1.133,
        0,
        0,
        1.467,
        -30,
        0,
        1.8,
        0,
        0,
        2.133,
        -30,
        0,
        2.467,
        0,
        2,
        8,
        0
      ]
    },
    {
      "Target": "Parameter",
      "Id": "Param20",
      "Segments": [
        0,
        -23,
        1,
        0.833,
        -23,
        1.667,
        -22.922,
        2.5,
        -22.62,
        1,
        2.689,
        -22.551,
        2.878,
        -21.951,
        3.067,
        -21.227,
        1,
        3.356,
        -20.12,
        3.644,
        -18.6,
        3.933,
        -18.6,
        2,
        4.8,
        -18.6,
        0,
        6.8,
        -22.92,
        1,
        7.2,
        -23.055,
        7.6,
        -23,
        8,
        -23
      ]
    },
    {
      "Target": "Parameter",
      "Id": "Param24",
      "Segments": [
        0,
        19,
        2,
        2.5,
        19,
        0,
        3.933,
        10,
        2,
        4.8,
        10,
        0,
        6.8,
        19,
        2,
        8,
        19
      ]
    },
    {
      "Target": "Parameter",
      "Id": "Param27",
      "Segments": [
        0,
        4,
        2,
        2.5,
        4,
        0,
        3.933,
        18.961,
        2,
        4.8,
        18.961,
        0,
        6.8,
        4,
        2,
        8,
        4
      ]
    },
    {
      "Target": "Parameter",
      "Id": "Param23",
      "Segments": [
        0,
        14,
        2,
        2.5,
        14,
        0,
        3.933,
        20,
        2,
        4.8,
        20,
        0,
        6.8,
        14,
        2,
        8,
        14
      ]
    },
    {
      "Target": "Parameter",
      "Id": "Param19",
      "Segments": [
        0,
        13,
        0,
        2.5,
        -0.5,
        1,
        2.978,
        -2.836,
        3.455,
        -3.7,
        3.933,
        -3.7,
        2,
        4.8,
        -3.7,
        1,
        5.867,
        -3.7,
        6.933,
        4.568,
        8,
        13
      ]
    },
    {
      "Target": "Parameter",
      "Id": "Param21",
      "Segments": [
        0,
        30,
        0,
        2.5,
        29,
        1,
        3.122,
        29.333,
        3.745,
        29.667,
        4.367,
        30,
        2,
        5,
        30,
        2,
        5.933,
        30,
        2,
        6.567,
        30,
        2,
        8,
        30
      ]
    },
    {
      "Target": "Parameter",
      "Id": "Param29",
      "Segments": [
        0,
        0,
        2,
        2.5,
        0,
        0,
        3.933,
        6.34,
        2,
        4.8,
        6.34,
        0,
        6.8,
        0,
        2,
        8,
        0
      ]
    },
    {
      "Target": "Parameter",
      "Id": "Param25",
      "Segments": [
        0,
        -15,
        1,
        0.833,
        -17.02,
        1.667,
        -18,
        2.5,
        -18,
        1,
        2.978,
        -18,
        3.455,
        -4.987,
        3.933,
        -1.575,
        1,
        4.078,
        -0.543,
        4.222,
        -0.925,
        4.367,
        -0.6,
        1,
        4.545,
        -0.2,
        4.722,
        0,
        4.9,
        0,
        1,
        5.533,
        0,
        6.167,
        -12.921,
        6.8,
        -14.38,
        1,
        7.2,
        -15.302,
        7.6,
        -15.017,
        8,
        -15.001
      ]
    },
    {
      "Target": "Parameter",
      "Id": "Param22",
      "Segments": [
        0,
        22,
        0,
        2.5,
        21.46,
        0,
        3.933,
        22,
        2,
        4.8,
        22,
        2,
        6.8,
        22,
        2,
        8,
        22
      ]
    },
    {
      "Target": "Parameter",
      "Id": "Param30",
      "Segments": [
        0,
        0,
        0,
        3.933,
        21,
        2,
        4.8,
        21,
        1,
        5.867,
        21,
        6.933,
        0.431,
        8,
        0.007
      ]
    },
    {
      "Target": "Parameter",
      "Id": "Param26",
      "Segments": [
        0,
        15,
        2,
        2.5,
        15,
        1,
        2.978,
        15,
        3.455,
        9.638,
        3.933,
        8,
        1,
        4.222,
        7.01,
        4.511,
        7.28,
        4.8,
        7.28,
        1,
        5.467,
        7.28,
        6.133,
        8.817,
        6.8,
        12,
        1,
        7.2,
        13.91,
        7.6,
        14.943,
        8,
        14.998
      ]
    },
    {
      "Target": "Parameter",
      "Id": "Param17",
      "Segments": [
        0,
        0,
        1,
        1.311,
        0,
        2.622,
        -5.347,
        3.933,
        -16,
        1,
        4.078,
        -17.174,
        4.222,
        -17.74,
        4.367,
        -17.74,
        1,
        4.522,
        -17.74,
        4.678,
        -17.49,
        4.833,
        -16,
        1,
        5.889,
        -5.886,
        6.944,
        -0.121,
        8,
        -0.002
      ]
    },
    {
      "Target": "Parameter",
      "Id": "Param18",
      "Segments": [
        0,
        0,
        1,
        1.311,
        0,
        2.622,
        -1.242,
        3.933,
        -4,
        1,
        4.078,
        -4.304,
        4.222,
        -4.66,
        4.367,
        -4.66,
        1,
        4.522,
        -4.66,
        4.678,
        -4.398,
        4.833,
        -4,
        1,
        5.889,
        -1.296,
        6.944,
        0,
        8,
        0
      ]
    },
    {
      "Target": "Parameter",
      "Id": "ParamBreath",
      "Segments": [
        0,
        0.1,
        2,
        3.533,
        0.1,
        0,
        4.5,
        0.637,
        0,
        5.4,
        0.1,
        2,
        8,
        0.1
      ]
    },
    {
      "Target": "Parameter",
      "Id": "Param15",
      "Segments": [
        0,
        27.4,
        1,
        0.833,
        19.978,
        1.667,
        9.94,
        2.5,
        9.94,
        1,
        2.956,
        9.94,
        3.411,
        14.986,
        3.867,
        24.1,
        1,
        4.078,
        28.324,
        4.289,
        30,
        4.5,
        30,
        1,
        4.9,
        30,
        5.3,
        29.398,
        5.7,
        27.4,
        1,
        6.067,
        25.568,
        6.433,
        24.1,
        6.8,
        24.1,
        1,
        7.2,
        24.1,
        7.6,
        30,
        8,
        27.4
      ]
    },
    {
      "Target": "Parameter",
      "Id": "Param2",
      "Segments": [
        0,
        -21.444,
        2,
        2.9,
        -21.444,
        0,
        4.8,
        -11.386,
        0,
        6.967,
        -21.444,
        2,
        8,
        -21.444
      ]
    },
    {
      "Target": "Parameter",
      "Id": "Param7",
      "Segments": [
        0,
        -10,
        2,
        2.5,
        -10,
        1,
        2.878,
        -10,
        3.255,
        -16.505,
        3.633,
        -20.868,
        1,
        3.889,
        -23.819,
        4.144,
        -23.697,
        4.4,
        -23.697,
        1,
        4.644,
        -23.697,
        4.889,
        -23.495,
        5.133,
        -20.868,
        1,
        5.689,
        -14.898,
        6.244,
        -10,
        6.8,
        -10,
        2,
        8,
        -10
      ]
    },
    {
      "Target": "Parameter",
      "Id": "Param31",
      "Segments": [
        0,
        0,
        2,
        2.5,
        0,
        0,
        3.933,
        16.287,
        2,
        4.8,
        16.287,
        2,
        4.833,
        16.287,
        0,
        6.8,
        0,
        2,
        8,
        0
      ]
    },
    {
      "Target": "Parameter",
      "Id": "Param10",
      "Segments": [
        0,
        -10,
        1,
        0.922,
        -11.621,
        1.845,
        -11.625,
        2.767,
        -13.138,
        1,
        3.356,
        -14.105,
        3.944,
        -18,
        4.533,
        -18,
        0,
        8,
        -10
      ]
    },
    {
      "Target": "Parameter",
      "Id": "Param3",
      "Segments": [
        0,
        0,
        1,
        0.944,
        0,
        1.889,
        -2.523,
        2.833,
        -10.642,
        1,
        3.4,
        -15.514,
        3.966,
        -20.3,
        4.533,
        -20.3,
        1,
        5.211,
        -20.3,
        5.889,
        -5.709,
        6.567,
        -2,
        1,
        7.045,
        0.614,
        7.522,
        0,
        8,
        0
      ]
    },
    {
      "Target": "Parameter",
      "Id": "Param4",
      "Segments": [
        0,
        0,
        1,
        0.944,
        0,
        1.889,
        -0.933,
        2.833,
        -2,
        1,
        3.4,
        -2.64,
        3.966,
        -2.72,
        4.533,
        -2.72,
        0,
        6.567,
        0,
        2,
        8,
        0
      ]
    },
    {
      "Target": "Parameter",
      "Id": "Param13",
      "Segments": [
        0,
        0,
        0,
        0.333,
        -15.84,
        0,
        8,
        0
      ]
    },
    {
      "Target": "Parameter",
      "Id": "Param16",
      "Segments": [
        0,
        0,
        1,
        0.122,
        0.833,
        0.245,
        5.04,
        0.367,
        5.04,
        0,
        1.2,
        -4.5,
        1,
        1.478,
        -4.5,
        1.755,
        -2.902,
        2.033,
        0,
        1,
        2.489,
        4.759,
        2.944,
        7,
        3.4,
        7,
        0,
        4.367,
        -14,
        0,
        5.1,
        -7.254,
        0,
        6.333,
        -10,
        0,
        7.067,
        0,
        2,
        8,
        0
      ]
    },
    {
      "Target": "Parameter",
      "Id": "ParamEyeBallX",
      "Segments": [
        0,
        0,
        0,
        1.833,
        0.6,
        1,
        2.878,
        0.6,
        3.922,
        0.597,
        4.967,
        0.5,
        1,
        5.534,
        0.447,
        6.1,
        0,
        6.667,
        0,
        2,
        8,
        0
      ]
    },
    {
      "Target": "Parameter",
      "Id": "ParamEyeBallY",
      "Segments": [
        0,
        0,
        2,
        1.833,
        0,
        0,
        4.967,
        -0.1,
        0,
        6.667,
        0,
        2,
        8,
        0
      ]
    },
    {
      "Target": "PartOpacity",
      "Id": "Part26",
      "Segments": [
        0,
        0,
        2,
        7.67,
        0,
        2,
        8,
        0
      ]
    },
    {
      "Target": "PartOpacity",
      "Id": "Part25",
      "Segments": [
        0,
        1,
        2,
        7.67,
        1,
        2,
        8,
        1
      ]
    },
    {
      "Target": "PartOpacity",
      "Id": "Part14",
      "Segments": [
        0,
        1,
        2,
        7.67,
        1,
        2,
        8,
        1
      ]
    },
    {
      "Target": "PartOpacity",
      "Id": "Part15",
      "Segments": [
        0,
        1,
        2,
        7.67,
        1,
        2,
        8,
        1
      ]
    },
    {
      "Target": "PartOpacity",
      "Id": "Part20",
      "Segments": [
        0,
        0,
        2,
        7.67,
        0,
        2,
        8,
        0
      ]
    },
    {
      "Target": "PartOpacity",
      "Id": "Part16",
      "Segments": [
        0,
        1,
        2,
        7.67,
        1,
        2,
        8,
        1
      ]
    },
    {
      "Target": "PartOpacity",
      "Id": "Part7",
      "Segments": [
        0,
        1,
        2,
        7.67,
        1,
        2,
        8,
        1
      ]
    },
    {
      "Target": "PartOpacity",
      "Id": "Part18",
      "Segments": [
        0,
        1,
        2,
        7.67,
        1,
        2,
        8,
        1
      ]
    },
    {
      "Target": "PartOpacity",
      "Id": "Part8",
      "Segments": [
        0,
        1,
        2,
        7.67,
        1,
        2,
        8,
        1
      ]
    },
    {
      "Target": "PartOpacity",
      "Id": "Part9",
      "Segments": [
        0,
        1,
        2,
        7.67,
        1,
        2,
        8,
        1
      ]
    },
    {
      "Target": "PartOpacity",
      "Id": "Part10",
      "Segments": [
        0,
        1,
        2,
        7.67,
        1,
        2,
        8,
        1
      ]
    },
    {
      "Target": "PartOpacity",
      "Id": "Part11",
      "Segments": [
        0,
        1,
        2,
        7.67,
        1,
        2,
        8,
        1
      ]
    },
    {
      "Target": "PartOpacity",
      "Id": "Part22",
      "Segments": [
        0,
        0,
        2,
        7.67,
        0,
        2,
        8,
        0
      ]
    },
    {
      "Target": "PartOpacity",
      "Id": "Part12",
      "Segments": [
        0,
        1,
        2,
        7.67,
        1,
        2,
        8,
        1
      ]
    },
    {
      "Target": "PartOpacity",
      "Id": "Part17",
      "Segments": [
        0,
        0,
        2,
        7.67,
        0,
        2,
        8,
        0
      ]
    },
    {
      "Target": "PartOpacity",
      "Id": "Part19",
      "Segments": [
        0,
        0,
        2,
        7.67,
        0,
        2,
        8,
        0
      ]
    },
    {
      "Target": "Model",
      "Id": "Opacity",
      "Segments": [
        0,
        1,
        0,
        8,
        1
      ]
    },
    {
      "Target": "Parameter",
      "Id": "Param28",
      "Segments": [
        0,
        30,
        0,
        8,
        30
      ]
    },
    {
      "Target": "Parameter",
      "Id": "Param5",
      "Segments": [
        0,
        0,
        0,
        8,
        0
      ]
    },
    {
      "Target": "Parameter",
      "Id": "Param6",
      "Segments": [
        0,
        0,
        0,
        8,
        0
      ]
    },
    {
      "Target": "Parameter",
      "Id": "Param12",
      "Segments": [
        0,
        0,
        0,
        8,
        0
      ]
    },
    {
      "Target": "Parameter",
      "Id": "Param14",
      "Segments": [
        0,
        0,
        0,
        8,
        0
      ]
    },
    {
      "Target": "Parameter",
      "Id": "Mouth_Size",
      "Segments": [
        0,
        -1,
        0,
        8,
        -1
      ]
    },
    {
      "Target": "Parameter",
      "Id": "Mouth_Open",
      "Segments": [
        0,
        1,
        0,
        8,
        1
      ]
    },
    {
      "Target": "Parameter",
      "Id": "Param",
      "Segments": [
        0,
        0,
        0,
        8,
        0
      ]
    },
    {
      "Target": "Parameter",
      "Id": "ParamMouthForm",
      "Segments": [
        0,
        0,
        0,
        8,
        0
      ]
    },
    {
      "Target": "Parameter",
      "Id": "ParamBrowRForm",
      "Segments": [
        0,
        -0.5,
        0,
        8,
        -0.5
      ]
    },
    {
      "Target": "Parameter",
      "Id": "ParamBrowLForm",
      "Segments": [
        0,
        -0.5,
        0,
        8,
        -0.5
      ]
    },
    {
      "Target": "Parameter",
      "Id": "ParamBrowRAngle",
      "Segments": [
        0,
        0,
        0,
        8,
        0
      ]
    },
    {
      "Target": "Parameter",
      "Id": "ParamBrowLAngle",
      "Segments": [
        0,
        0,
        0,
        8,
        0
      ]
    },
    {
      "Target": "Parameter",
      "Id": "EyesSize",
      "Segments": [
        0,
        0,
        0,
        8,
        0
      ]
    },
    {
      "Target": "Parameter",
      "Id": "ParamBrowRY",
      "Segments": [
        0,
        -0.2,
        0,
        8,
        -0.2
      ]
    },
    {
      "Target": "Parameter",
      "Id": "ParamBrowLY",
      "Segments": [
        0,
        -0.2,
        0,
        8,
        -0.2
      ]
    },
    {
      "Target": "Parameter",
      "Id": "ParamEyeRSmile",
      "Segments": [
        0,
        0,
        0,
        8,
        0
      ]
    },
    {
      "Target": "Parameter",
      "Id": "EyeR_Open",
      "Segments": [
        0,
        0.9,
        0,
        8,
        0.9
      ]
    },
    {
      "Target": "Parameter",
      "Id": "EyeL_Open",
      "Segments": [
        0,
        0.9,
        0,
        8,
        0.9
      ]
    },
    {
      "Target": "Parameter",
      "Id": "ParamEyeLSmile",
      "Segments": [
        0,
        0,
        0,
        8,
        0
      ]
    }
  ],
  "UserData": [
    {
      "Time": 0.0,
      "Value": ""
    }
  ]
}