{
  "Version": 3,
  "Meta": {
    "Duration": 1.67,
    "Fps": 30.0,
    "Loop": true,
    "AreBeziersRestricted": true,
    "CurveCount": 66,
    "TotalSegmentCount": 179,
    "TotalPointCount": 239,
    "UserDataCount": 1,
    "TotalUserDataSize": 0
  },
  "Curves": [
    {
      "Target": "Parameter",
      "Id": "Param33",
      "Segments": [
        0,
        0,
        1,
        0.3,
        0,
        0.6,
        -0.208,
        0.9,
        -0.632,
        1,
        1.156,
        -0.993,
        1.411,
        -1.178,
        1.667,
        -1.178
      ]
    },
    {
      "Target": "Parameter",
      "Id": "Param9",
      "Segments": [
        0,
        0,
        0,
        0.9,
        -10.2,
        0,
        1.667,
        -8.6
      ]
    },
    {
      "Target": "Parameter",
      "Id": "Param32",
      "Segments": [
        0,
        0,
        0,
        0.433,
        -15,
        1,
        0.478,
        -15,
        0.522,
        -12.418,
        0.567,
        -8,
        1,
        0.589,
        -5.791,
        0.611,
        -5,
        0.633,
        -5,
        0,
        0.867,
        -6,
        0,
        1.667,
        0
      ]
    },
    {
      "Target": "Parameter",
      "Id": "Param20",
      "Segments": [
        0,
        0,
        0,
        0.433,
        -30,
        0,
        0.6,
        -23,
        2,
        1.667,
        -23
      ]
    },
    {
      "Target": "Parameter",
      "Id": "Param24",
      "Segments": [
        0,
        0,
        0,
        0.267,
        -4,
        1,
        0.378,
        -4,
        0.489,
        7.919,
        0.6,
        12,
        1,
        0.689,
        15.265,
        0.778,
        17.716,
        0.867,
        18,
        1,
        1.134,
        18.853,
        1.4,
        19,
        1.667,
        19
      ]
    },
    {
      "Target": "Parameter",
      "Id": "Param27",
      "Segments": [
        0,
        0,
        1,
        0.2,
        0,
        0.4,
        0.408,
        0.6,
        2,
        1,
        0.667,
        2.531,
        0.733,
        4,
        0.8,
        4,
        2,
        1.667,
        4
      ]
    },
    {
      "Target": "Parameter",
      "Id": "Param23",
      "Segments": [
        0,
        0,
        0,
        0.433,
        30,
        0,
        0.6,
        14,
        2,
        1.667,
        14
      ]
    },
    {
      "Target": "Parameter",
      "Id": "Param28",
      "Segments": [
        0,
        -25.9,
        2,
        0.033,
        -25.9,
        2,
        0.067,
        -25.9,
        1,
        0.1,
        -25.9,
        0.134,
        24.519,
        0.167,
        25,
        1,
        0.422,
        28.685,
        0.678,
        30,
        0.933,
        30,
        2,
        1.667,
        30
      ]
    },
    {
      "Target": "Parameter",
      "Id": "Param19",
      "Segments": [
        0,
        -22,
        0,
        0.233,
        -30,
        1,
        0.3,
        -30,
        0.366,
        -20.888,
        0.433,
        -10,
        1,
        0.489,
        -0.927,
        0.544,
        12.113,
        0.6,
        12.46,
        1,
        0.689,
        13.015,
        0.778,
        13,
        0.867,
        13,
        2,
        1.667,
        13
      ]
    },
    {
      "Target": "Parameter",
      "Id": "Param21",
      "Segments": [
        0,
        23,
        0,
        0.233,
        10,
        0,
        0.867,
        30,
        2,
        1.667,
        30
      ]
    },
    {
      "Target": "Parameter",
      "Id": "Param25",
      "Segments": [
        0,
        0,
        0,
        0.667,
        -21,
        0,
        0.867,
        -14,
        1,
        1.134,
        -14,
        1.4,
        -14.354,
        1.667,
        -15
      ]
    },
    {
      "Target": "Parameter",
      "Id": "Param22",
      "Segments": [
        0,
        20,
        0,
        0.433,
        30,
        0,
        0.667,
        22,
        2,
        1.667,
        22
      ]
    },
    {
      "Target": "Parameter",
      "Id": "Param26",
      "Segments": [
        0,
        0,
        0,
        0.667,
        15,
        2,
        1.667,
        15
      ]
    },
    {
      "Target": "Parameter",
      "Id": "Param5",
      "Segments": [
        0,
        0,
        0,
        0.467,
        60,
        0,
        0.9,
        -4,
        0,
        1.667,
        0
      ]
    },
    {
      "Target": "Parameter",
      "Id": "ParamBreath",
      "Segments": [
        0,
        0,
        0,
        0.967,
        1,
        0,
        1.667,
        0.1
      ]
    },
    {
      "Target": "Parameter",
      "Id": "Param15",
      "Segments": [
        0,
        10,
        0,
        0.6,
        30,
        1,
        0.956,
        30,
        1.311,
        30.567,
        1.667,
        27.4
      ]
    },
    {
      "Target": "Parameter",
      "Id": "Param2",
      "Segments": [
        0,
        0,
        0,
        0.867,
        -21.444,
        2,
        1.667,
        -21.444
      ]
    },
    {
      "Target": "Parameter",
      "Id": "Param7",
      "Segments": [
        0,
        0,
        0,
        1.667,
        -10
      ]
    },
    {
      "Target": "Parameter",
      "Id": "Param10",
      "Segments": [
        0,
        9,
        1,
        0.556,
        9,
        1.111,
        -9.024,
        1.667,
        -10
      ]
    },
    {
      "Target": "Parameter",
      "Id": "Param6",
      "Segments": [
        0,
        0,
        0,
        0.467,
        12,
        0,
        1.033,
        0,
        2,
        1.667,
        0
      ]
    },
    {
      "Target": "Parameter",
      "Id": "Param16",
      "Segments": [
        0,
        -4.9,
        1,
        0.556,
        -4.9,
        1.111,
        -3.785,
        1.667,
        0
      ]
    },
    {
      "Target": "Parameter",
      "Id": "Mouth_Size",
      "Segments": [
        0,
        0,
        2,
        1.167,
        0,
        0,
        1.333,
        -1,
        2,
        1.667,
        -1
      ]
    },
    {
      "Target": "Parameter",
      "Id": "ParamBrowRForm",
      "Segments": [
        0,
        0,
        2,
        0.2,
        0,
        0,
        0.467,
        -0.9,
        2,
        1.167,
        -0.9,
        0,
        1.333,
        -0.5,
        2,
        1.667,
        -0.5
      ]
    },
    {
      "Target": "Parameter",
      "Id": "ParamBrowLForm",
      "Segments": [
        0,
        0,
        2,
        0.2,
        0,
        0,
        0.467,
        -0.9,
        2,
        1.167,
        -0.9,
        0,
        1.333,
        -0.5,
        2,
        1.667,
        -0.5
      ]
    },
    {
      "Target": "Parameter",
      "Id": "ParamBrowRAngle",
      "Segments": [
        0,
        0,
        0,
        0.067,
        -0.2,
        2,
        0.467,
        -0.2,
        2,
        1.167,
        -0.2,
        0,
        1.333,
        0,
        2,
        1.667,
        0
      ]
    },
    {
      "Target": "Parameter",
      "Id": "ParamBrowLAngle",
      "Segments": [
        0,
        0,
        0,
        0.067,
        -0.2,
        2,
        0.467,
        -0.2,
        2,
        1.167,
        -0.2,
        0,
        1.333,
        0,
        2,
        1.667,
        0
      ]
    },
    {
      "Target": "Parameter",
      "Id": "ParamBrowRY",
      "Segments": [
        0,
        0,
        0,
        0.133,
        0.6,
        1,
        0.233,
        0.6,
        0.333,
        0.23,
        0.433,
        -0.2,
        1,
        0.478,
        -0.391,
        0.522,
        -0.4,
        0.567,
        -0.4,
        2,
        1.167,
        -0.4,
        0,
        1.333,
        -0.2,
        2,
        1.667,
        -0.2
      ]
    },
    {
      "Target": "Parameter",
      "Id": "ParamBrowLY",
      "Segments": [
        0,
        0,
        0,
        0.133,
        0.6,
        1,
        0.233,
        0.6,
        0.333,
        0.23,
        0.433,
        -0.2,
        1,
        0.478,
        -0.391,
        0.522,
        -0.4,
        0.567,
        -0.4,
        2,
        1.167,
        -0.4,
        0,
        1.333,
        -0.2,
        2,
        1.667,
        -0.2
      ]
    },
    {
      "Target": "Parameter",
      "Id": "EyeR_Open",
      "Segments": [
        0,
        1,
        2,
        0.033,
        1,
        1,
        0.066,
        1,
        0.1,
        0.828,
        0.133,
        0.791,
        1,
        0.178,
        0.742,
        0.222,
        0.753,
        0.267,
        0.696,
        1,
        0.322,
        0.625,
        0.378,
        0.288,
        0.433,
        0.1,
        1,
        0.455,
        0.025,
        0.478,
        0,
        0.5,
        0,
        2,
        1.167,
        0,
        0,
        1.3,
        0.9,
        2,
        1.667,
        0.9
      ]
    },
    {
      "Target": "Parameter",
      "Id": "EyeL_Open",
      "Segments": [
        0,
        1,
        2,
        0.033,
        1,
        1,
        0.066,
        1,
        0.1,
        0.784,
        0.133,
        0.759,
        1,
        0.178,
        0.727,
        0.222,
        0.739,
        0.267,
        0.7,
        1,
        0.322,
        0.652,
        0.378,
        0.289,
        0.433,
        0.1,
        1,
        0.455,
        0.024,
        0.478,
        0,
        0.5,
        0,
        2,
        1.167,
        0,
        0,
        1.3,
        0.9,
        2,
        1.667,
        0.9
      ]
    },
    {
      "Target": "PartOpacity",
      "Id": "Part26",
      "Segments": [
        0,
        0,
        2,
        1.33,
        0,
        2,
        1.67,
        0
      ]
    },
    {
      "Target": "PartOpacity",
      "Id": "Part25",
      "Segments": [
        0,
        0,
        2,
        0.47,
        0,
        0,
        0.57,
        1,
        2,
        1.33,
        1,
        2,
        1.67,
        1
      ]
    },
    {
      "Target": "PartOpacity",
      "Id": "Part14",
      "Segments": [
        0,
        1,
        2,
        1.33,
        1,
        2,
        1.67,
        1
      ]
    },
    {
      "Target": "PartOpacity",
      "Id": "Part15",
      "Segments": [
        0,
        1,
        2,
        1.33,
        1,
        2,
        1.67,
        1
      ]
    },
    {
      "Target": "PartOpacity",
      "Id": "Part20",
      "Segments": [
        0,
        1,
        2,
        0.17,
        0.5,
        2,
        0.2,
        0,
        2,
        0.3,
        0,
        2,
        1.33,
        0,
        2,
        1.67,
        0
      ]
    },
    {
      "Target": "PartOpacity",
      "Id": "Part16",
      "Segments": [
        0,
        0,
        2,
        0.03,
        0,
        2,
        0.17,
        0.5,
        2,
        0.2,
        1,
        2,
        0.3,
        1,
        2,
        1.33,
        1,
        2,
        1.67,
        1
      ]
    },
    {
      "Target": "PartOpacity",
      "Id": "Part7",
      "Segments": [
        0,
        1,
        2,
        1.33,
        1,
        2,
        1.67,
        1
      ]
    },
    {
      "Target": "PartOpacity",
      "Id": "Part18",
      "Segments": [
        0,
        0,
        2,
        0.17,
        0,
        2,
        0.47,
        0,
        2,
        0.57,
        1,
        2,
        1.33,
        1,
        2,
        1.67,
        1
      ]
    },
    {
      "Target": "PartOpacity",
      "Id": "Part8",
      "Segments": [
        0,
        1,
        2,
        1.33,
        1,
        2,
        1.67,
        1
      ]
    },
    {
      "Target": "PartOpacity",
      "Id": "Part9",
      "Segments": [
        0,
        1,
        2,
        1.33,
        1,
        2,
        1.67,
        1
      ]
    },
    {
      "Target": "PartOpacity",
      "Id": "Part10",
      "Segments": [
        0,
        1,
        2,
        1.33,
        1,
        2,
        1.67,
        1
      ]
    },
    {
      "Target": "PartOpacity",
      "Id": "Part11",
      "Segments": [
        0,
        1,
        2,
        0.17,
        1,
        2,
        1.33,
        1,
        2,
        1.67,
        1
      ]
    },
    {
      "Target": "PartOpacity",
      "Id": "Part22",
      "Segments": [
        0,
        1,
        2,
        0.53,
        1,
        2,
        0.57,
        0,
        2,
        1.33,
        0,
        2,
        1.67,
        0
      ]
    },
    {
      "Target": "PartOpacity",
      "Id": "Part12",
      "Segments": [
        0,
        1,
        2,
        1.33,
        1,
        2,
        1.67,
        1
      ]
    },
    {
      "Target": "PartOpacity",
      "Id": "Part17",
      "Segments": [
        0,
        0,
        2,
        1.33,
        0,
        2,
        1.67,
        0
      ]
    },
    {
      "Target": "PartOpacity",
      "Id": "Part19",
      "Segments": [
        0,
        0,
        2,
        0.03,
        1,
        2,
        0.17,
        0,
        2,
        1.33,
        0,
        2,
        1.67,
        0
      ]
    },
    {
      "Target": "Model",
      "Id": "Opacity",
      "Segments": [
        0,
        1,
        0,
        1.67,
        1
      ]
    },
    {
      "Target": "Parameter",
      "Id": "Param8",
      "Segments": [
        0,
        0,
        0,
        1.67,
        0
      ]
    },
    {
      "Target": "Parameter",
      "Id": "Param29",
      "Segments": [
        0,
        0,
        0,
        1.67,
        0
      ]
    },
    {
      "Target": "Parameter",
      "Id": "Param30",
      "Segments": [
        0,
        0,
        0,
        1.67,
        0
      ]
    },
    {
      "Target": "Parameter",
      "Id": "Param17",
      "Segments": [
        0,
        0,
        0,
        1.67,
        0
      ]
    },
    {
      "Target": "Parameter",
      "Id": "Param18",
      "Segments": [
        0,
        0,
        0,
        1.67,
        0
      ]
    },
    {
      "Target": "Parameter",
      "Id": "Param31",
      "Segments": [
        0,
        0,
        0,
        1.67,
        0
      ]
    },
    {
      "Target": "Parameter",
      "Id": "Param3",
      "Segments": [
        0,
        0,
        0,
        1.67,
        0
      ]
    },
    {
      "Target": "Parameter",
      "Id": "Param4",
      "Segments": [
        0,
        0,
        0,
        1.67,
        0
      ]
    },
    {
      "Target": "Parameter",
      "Id": "Param12",
      "Segments": [
        0,
        0,
        0,
        1.67,
        0
      ]
    },
    {
      "Target": "Parameter",
      "Id": "Param13",
      "Segments": [
        0,
        0,
        0,
        1.67,
        0
      ]
    },
    {
      "Target": "Parameter",
      "Id": "Param14",
      "Segments": [
        0,
        0,
        0,
        1.67,
        0
      ]
    },
    {
      "Target": "Parameter",
      "Id": "Mouth_Open",
      "Segments": [
        0,
        1,
        0,
        1.67,
        1
      ]
    },
    {
      "Target": "Parameter",
      "Id": "Param",
      "Segments": [
        0,
        0,
        0,
        1.67,
        0
      ]
    },
    {
      "Target": "Parameter",
      "Id": "ParamMouthForm",
      "Segments": [
        0,
        0,
        0,
        1.67,
        0
      ]
    },
    {
      "Target": "Parameter",
      "Id": "EyesSize",
      "Segments": [
        0,
        0,
        0,
        1.67,
        0
      ]
    },
    {
      "Target": "Parameter",
      "Id": "ParamEyeBallX",
      "Segments": [
        0,
        0,
        0,
        1.67,
        0
      ]
    },
    {
      "Target": "Parameter",
      "Id": "ParamEyeBallY",
      "Segments": [
        0,
        0,
        0,
        1.67,
        0
      ]
    },
    {
      "Target": "Parameter",
      "Id": "ParamEyeRSmile",
      "Segments": [
        0,
        0,
        0,
        1.67,
        0
      ]
    },
    {
      "Target": "Parameter",
      "Id": "ParamEyeLSmile",
      "Segments": [
        0,
        0,
        0,
        1.67,
        0
      ]
    }
  ],
  "UserData": [
    {
      "Time": 0.0,
      "Value": ""
    }
  ]
}