{
  "Version": 3,
  "Meta": {
    "Duration": 6.0,
    "Fps": 30.0,
    "Loop": true,
    "AreBeziersRestricted": true,
    "CurveCount": 74,
    "TotalSegmentCount": 131,
    "TotalPointCount": 197,
    "UserDataCount": 1,
    "TotalUserDataSize": 0
  },
  "Curves": [
    {
      "Target": "Parameter",
      "Id": "Param33",
      "Segments": [
        0,
        0,
        2,
        3.867,
        0,
        0,
        4.833,
        -0.22,
        0,
        6,
        0
      ]
    },
    {
      "Target": "Parameter",
      "Id": "Param9",
      "Segments": [
        0,
        2.66,
        1,
        0.667,
        2.66,
        1.333,
        2.677,
        2,
        2.573,
        1,
        2.611,
        2.477,
        3.222,
        1.508,
        3.833,
        1.508,
        0,
        6,
        2.66
      ]
    },
    {
      "Target": "Parameter",
      "Id": "Param32",
      "Segments": [
        0,
        6.6,
        1,
        0.344,
        8.588,
        0.689,
        9,
        1.033,
        9,
        0,
        1.967,
        8,
        2,
        2.4,
        8,
        2,
        2.8,
        8,
        1,
        2.867,
        8,
        2.933,
        6.546,
        3,
        6,
        1,
        3.278,
        3.725,
        3.555,
        3,
        3.833,
        3,
        1,
        4.055,
        3,
        4.278,
        5.753,
        4.5,
        6,
        1,
        5,
        6.555,
        5.5,
        6.6,
        6,
        6.6
      ]
    },
    {
      "Target": "Parameter",
      "Id": "Param20",
      "Segments": [
        0,
        3,
        0,
        2.833,
        2.044,
        0,
        6,
        3
      ]
    },
    {
      "Target": "Parameter",
      "Id": "Param5",
      "Segments": [
        0,
        1.5,
        1,
        0.667,
        2.5,
        1.333,
        3,
        2,
        3,
        2,
        5,
        3,
        0,
        6,
        1.5
      ]
    },
    {
      "Target": "Parameter",
      "Id": "ParamBreath",
      "Segments": [
        0,
        1,
        0,
        2,
        0,
        0,
        3.4,
        1,
        0,
        5,
        0,
        0,
        6,
        1
      ]
    },
    {
      "Target": "Parameter",
      "Id": "Param15",
      "Segments": [
        0,
        12.2,
        1,
        0.333,
        12.852,
        0.667,
        13,
        1,
        13,
        2,
        1.967,
        13,
        0,
        4.267,
        5,
        0,
        6,
        12.2
      ]
    },
    {
      "Target": "Parameter",
      "Id": "Param2",
      "Segments": [
        0,
        0.1,
        0,
        1,
        -1,
        2,
        1.967,
        -1,
        0,
        6,
        0.1
      ]
    },
    {
      "Target": "Parameter",
      "Id": "Param7",
      "Segments": [
        0,
        -20.29,
        1,
        0.656,
        -23.707,
        1.311,
        -23.246,
        1.967,
        -23.246,
        0,
        4.1,
        -13.908,
        1,
        4.733,
        -13.043,
        5.367,
        -16.466,
        6,
        -20.29
      ]
    },
    {
      "Target": "Parameter",
      "Id": "Param10",
      "Segments": [
        0,
        1.8,
        1,
        0.589,
        -1.651,
        1.178,
        -2.479,
        1.767,
        -2.479,
        1,
        2.567,
        -2.479,
        3.367,
        -2.512,
        4.167,
        -2.233,
        1,
        4.778,
        -2.233,
        5.389,
        3.223,
        6,
        1.8
      ]
    },
    {
      "Target": "Parameter",
      "Id": "Param6",
      "Segments": [
        0,
        0.9,
        1,
        1.178,
        2.155,
        2.355,
        3,
        3.533,
        3,
        0,
        6,
        0.9
      ]
    },
    {
      "Target": "Parameter",
      "Id": "Param3",
      "Segments": [
        0,
        -14.407,
        1,
        0.556,
        -12.783,
        1.111,
        -10.339,
        1.667,
        -6.462,
        1,
        2.234,
        -2.508,
        2.8,
        4.594,
        3.367,
        4.594,
        1,
        3.911,
        4.594,
        4.456,
        0.555,
        5,
        -7.301,
        1,
        5.333,
        -14.934,
        5.667,
        -14.41,
        6,
        -14.407
      ]
    },
    {
      "Target": "Parameter",
      "Id": "Param4",
      "Segments": [
        0,
        9.384,
        1,
        0.556,
        8.55,
        1.111,
        7.505,
        1.667,
        5.305,
        1,
        2.234,
        3.06,
        2.8,
        -3.394,
        3.367,
        -3.394,
        1,
        3.911,
        -3.394,
        4.456,
        -3.322,
        5,
        -0.771,
        1,
        5.333,
        0.699,
        5.667,
        10.552,
        6,
        9.384
      ]
    },
    {
      "Target": "Parameter",
      "Id": "Param12",
      "Segments": [
        0,
        0.1,
        1,
        0.511,
        0.168,
        1.022,
        0.245,
        1.533,
        0.46,
        1,
        2.489,
        0.861,
        3.444,
        1.5,
        4.4,
        1.5,
        0,
        6,
        0.1
      ]
    },
    {
      "Target": "Parameter",
      "Id": "Param13",
      "Segments": [
        0,
        -3.5,
        1,
        0.056,
        -2.93,
        0.111,
        -3,
        0.167,
        -3,
        1,
        0.389,
        -3,
        0.611,
        -7.599,
        0.833,
        -11.88,
        1,
        1.144,
        -17.873,
        1.456,
        -26.139,
        1.767,
        -27,
        1,
        2.689,
        -29.552,
        3.611,
        -30,
        4.533,
        -30,
        0,
        5.2,
        2,
        0,
        6,
        -3.5
      ]
    },
    {
      "Target": "Parameter",
      "Id": "Param14",
      "Segments": [
        0,
        -3,
        2,
        0.267,
        -3,
        0,
        3.367,
        29,
        1,
        3.978,
        29,
        4.589,
        14.545,
        5.2,
        2,
        1,
        5.467,
        -3.474,
        5.733,
        -3,
        6,
        -3
      ]
    },
    {
      "Target": "Parameter",
      "Id": "Param16",
      "Segments": [
        0,
        -4.9,
        0,
        0.167,
        -4.88,
        0,
        1.3,
        -18,
        0,
        2.9,
        13,
        1,
        3.156,
        13,
        3.411,
        4.852,
        3.667,
        0,
        1,
        4.211,
        -10.336,
        4.756,
        -13,
        5.3,
        -13,
        0,
        6,
        -4.9
      ]
    },
    {
      "Target": "Parameter",
      "Id": "ParamEyeBallX",
      "Segments": [
        0,
        0.5,
        0,
        1.533,
        0.3,
        2,
        4.9,
        0.3,
        0,
        6,
        0.5
      ]
    },
    {
      "Target": "Parameter",
      "Id": "ParamEyeBallY",
      "Segments": [
        0,
        0,
        0,
        1.533,
        0.5,
        2,
        4.9,
        0.5,
        0,
        6,
        0
      ]
    },
    {
      "Target": "PartOpacity",
      "Id": "Part23",
      "Segments": [
        0,
        1,
        2,
        6,
        1
      ]
    },
    {
      "Target": "PartOpacity",
      "Id": "Part",
      "Segments": [
        0,
        1,
        2,
        6,
        1
      ]
    },
    {
      "Target": "PartOpacity",
      "Id": "Part2",
      "Segments": [
        0,
        1,
        2,
        6,
        1
      ]
    },
    {
      "Target": "PartOpacity",
      "Id": "Part3",
      "Segments": [
        0,
        1,
        2,
        6,
        1
      ]
    },
    {
      "Target": "PartOpacity",
      "Id": "Part4",
      "Segments": [
        0,
        1,
        2,
        6,
        1
      ]
    },
    {
      "Target": "PartOpacity",
      "Id": "Part21",
      "Segments": [
        0,
        1,
        2,
        6,
        1
      ]
    },
    {
      "Target": "PartOpacity",
      "Id": "Part5",
      "Segments": [
        0,
        1,
        2,
        6,
        1
      ]
    },
    {
      "Target": "PartOpacity",
      "Id": "Part13",
      "Segments": [
        0,
        1,
        2,
        6,
        1
      ]
    },
    {
      "Target": "PartOpacity",
      "Id": "Part6",
      "Segments": [
        0,
        1,
        2,
        6,
        1
      ]
    },
    {
      "Target": "PartOpacity",
      "Id": "Part26",
      "Segments": [
        0,
        0,
        2,
        6,
        0
      ]
    },
    {
      "Target": "PartOpacity",
      "Id": "Part25",
      "Segments": [
        0,
        0,
        2,
        6,
        0
      ]
    },
    {
      "Target": "PartOpacity",
      "Id": "Part14",
      "Segments": [
        0,
        1,
        2,
        6,
        1
      ]
    },
    {
      "Target": "PartOpacity",
      "Id": "Part15",
      "Segments": [
        0,
        1,
        2,
        2.7,
        1,
        2,
        6,
        1
      ]
    },
    {
      "Target": "PartOpacity",
      "Id": "Part20",
      "Segments": [
        0,
        1,
        2,
        2.7,
        1,
        2,
        6,
        1
      ]
    },
    {
      "Target": "PartOpacity",
      "Id": "Part16",
      "Segments": [
        0,
        0,
        2,
        6,
        0
      ]
    },
    {
      "Target": "PartOpacity",
      "Id": "Part7",
      "Segments": [
        0,
        1,
        2,
        6,
        1
      ]
    },
    {
      "Target": "PartOpacity",
      "Id": "Part18",
      "Segments": [
        0,
        0,
        2,
        2.7,
        0,
        2,
        6,
        0
      ]
    },
    {
      "Target": "PartOpacity",
      "Id": "Part8",
      "Segments": [
        0,
        1,
        2,
        6,
        1
      ]
    },
    {
      "Target": "PartOpacity",
      "Id": "Part9",
      "Segments": [
        0,
        1,
        2,
        6,
        1
      ]
    },
    {
      "Target": "PartOpacity",
      "Id": "Part10",
      "Segments": [
        0,
        1,
        2,
        6,
        1
      ]
    },
    {
      "Target": "PartOpacity",
      "Id": "Part11",
      "Segments": [
        0,
        1,
        2,
        2.7,
        1,
        2,
        6,
        1
      ]
    },
    {
      "Target": "PartOpacity",
      "Id": "Part12",
      "Segments": [
        0,
        1,
        2,
        6,
        1
      ]
    },
    {
      "Target": "PartOpacity",
      "Id": "Part17",
      "Segments": [
        0,
        0,
        2,
        6,
        0
      ]
    },
    {
      "Target": "PartOpacity",
      "Id": "Part19",
      "Segments": [
        0,
        0,
        2,
        6,
        0
      ]
    },
    {
      "Target": "Model",
      "Id": "Opacity",
      "Segments": [
        0,
        1,
        0,
        6,
        1
      ]
    },
    {
      "Target": "Parameter",
      "Id": "Param8",
      "Segments": [
        0,
        0,
        0,
        6,
        0
      ]
    },
    {
      "Target": "Parameter",
      "Id": "Param24",
      "Segments": [
        0,
        1,
        0,
        6,
        1
      ]
    },
    {
      "Target": "Parameter",
      "Id": "Param27",
      "Segments": [
        0,
        0,
        0,
        6,
        0
      ]
    },
    {
      "Target": "Parameter",
      "Id": "Param23",
      "Segments": [
        0,
        0,
        0,
        6,
        0
      ]
    },
    {
      "Target": "Parameter",
      "Id": "Param28",
      "Segments": [
        0,
        -25.9,
        0,
        6,
        -25.9
      ]
    },
    {
      "Target": "Parameter",
      "Id": "Param19",
      "Segments": [
        0,
        -22,
        0,
        6,
        -22
      ]
    },
    {
      "Target": "Parameter",
      "Id": "Param21",
      "Segments": [
        0,
        23,
        0,
        6,
        23
      ]
    },
    {
      "Target": "Parameter",
      "Id": "Param29",
      "Segments": [
        0,
        0,
        0,
        6,
        0
      ]
    },
    {
      "Target": "Parameter",
      "Id": "Param25",
      "Segments": [
        0,
        0,
        0,
        6,
        0
      ]
    },
    {
      "Target": "Parameter",
      "Id": "Param22",
      "Segments": [
        0,
        20,
        0,
        6,
        20
      ]
    },
    {
      "Target": "Parameter",
      "Id": "Param30",
      "Segments": [
        0,
        0,
        0,
        6,
        0
      ]
    },
    {
      "Target": "Parameter",
      "Id": "Param26",
      "Segments": [
        0,
        0,
        0,
        6,
        0
      ]
    },
    {
      "Target": "Parameter",
      "Id": "Param17",
      "Segments": [
        0,
        0,
        0,
        6,
        0
      ]
    },
    {
      "Target": "Parameter",
      "Id": "Param18",
      "Segments": [
        0,
        0,
        0,
        6,
        0
      ]
    },
    {
      "Target": "Parameter",
      "Id": "Param31",
      "Segments": [
        0,
        0,
        0,
        6,
        0
      ]
    },
    {
      "Target": "Parameter",
      "Id": "Mouth_Size",
      "Segments": [
        0,
        0,
        0,
        6,
        0
      ]
    },
    {
      "Target": "Parameter",
      "Id": "Mouth_Open",
      "Segments": [
        0,
        1,
        0,
        6,
        1
      ]
    },
    {
      "Target": "Parameter",
      "Id": "Param",
      "Segments": [
        0,
        0,
        0,
        6,
        0
      ]
    },
    {
      "Target": "Parameter",
      "Id": "ParamMouthForm",
      "Segments": [
        0,
        0.9,
        0,
        6,
        0.9
      ]
    },
    {
      "Target": "Parameter",
      "Id": "ParamBrowRForm",
      "Segments": [
        0,
        0,
        0,
        6,
        0
      ]
    },
    {
      "Target": "Parameter",
      "Id": "ParamBrowLForm",
      "Segments": [
        0,
        0,
        0,
        6,
        0
      ]
    },
    {
      "Target": "Parameter",
      "Id": "ParamBrowRAngle",
      "Segments": [
        0,
        -0.1,
        0,
        6,
        -0.1
      ]
    },
    {
      "Target": "Parameter",
      "Id": "ParamBrowLAngle",
      "Segments": [
        0,
        -0.1,
        0,
        6,
        -0.1
      ]
    },
    {
      "Target": "Parameter",
      "Id": "EyesSize",
      "Segments": [
        0,
        0,
        0,
        6,
        0
      ]
    },
    {
      "Target": "Parameter",
      "Id": "ParamBrowRY",
      "Segments": [
        0,
        0,
        0,
        6,
        0
      ]
    },
    {
      "Target": "Parameter",
      "Id": "ParamBrowLY",
      "Segments": [
        0,
        0,
        0,
        6,
        0
      ]
    },
    {
      "Target": "Parameter",
      "Id": "ParamEyeRSmile",
      "Segments": [
        0,
        0,
        0,
        6,
        0
      ]
    },
    {
      "Target": "Parameter",
      "Id": "EyeR_Open",
      "Segments": [
        0,
        0.9,
        0,
        6,
        0.9
      ]
    },
    {
      "Target": "Parameter",
      "Id": "EyeL_Open",
      "Segments": [
        0,
        0.9,
        0,
        6,
        0.9
      ]
    },
    {
      "Target": "Parameter",
      "Id": "ParamEyeLSmile",
      "Segments": [
        0,
        0,
        0,
        6,
        0
      ]
    }
  ],
  "UserData": [
    {
      "Time": 0.0,
      "Value": ""
    }
  ]
}