{
  "Version": 3,
  "Meta": {
    "Duration": 2.0,
    "Fps": 30.0,
    "Loop": true,
    "AreBeziersRestricted": true,
    "CurveCount": 72,
    "TotalSegmentCount": 224,
    "TotalPointCount": 304,
    "UserDataCount": 1,
    "TotalUserDataSize": 0
  },
  "Curves": [
    {
      "Target": "Parameter",
      "Id": "Param9",
      "Segments": [
        0,
        0,
        1,
        0.156,
        0,
        0.311,
        1.434,
        0.467,
        9.24,
        1,
        0.534,
        12.585,
        0.6,
        30,
        0.667,
        30,
        1,
        0.778,
        30,
        0.889,
        29.303,
        1,
        29,
        1,
        1.167,
        28.546,
        1.333,
        28.5,
        1.5,
        28.5,
        2,
        2,
        28.5
      ]
    },
    {
      "Target": "Parameter",
      "Id": "Param32",
      "Segments": [
        0,
        0,
        1,
        0.111,
        0,
        0.222,
        0.612,
        0.333,
        4,
        1,
        0.378,
        5.355,
        0.422,
        17,
        0.467,
        17,
        0,
        1.5,
        0,
        2,
        2,
        0
      ]
    },
    {
      "Target": "Parameter",
      "Id": "Param20",
      "Segments": [
        0,
        0,
        2,
        0.467,
        0,
        1,
        0.556,
        0,
        0.644,
        -21.819,
        0.733,
        -23,
        1,
        0.822,
        -24.181,
        0.911,
        -24,
        1,
        -24,
        2,
        1.5,
        -24,
        2,
        2,
        -24
      ]
    },
    {
      "Target": "Parameter",
      "Id": "Param24",
      "Segments": [
        0,
        0,
        0,
        1,
        -24,
        2,
        1.5,
        -24,
        2,
        2,
        -24
      ]
    },
    {
      "Target": "Parameter",
      "Id": "Param27",
      "Segments": [
        0,
        0,
        0,
        1,
        9,
        2,
        1.5,
        9,
        2,
        2,
        9
      ]
    },
    {
      "Target": "Parameter",
      "Id": "Param23",
      "Segments": [
        0,
        0,
        0,
        1.1,
        17,
        2,
        1.5,
        17,
        2,
        2,
        17
      ]
    },
    {
      "Target": "Parameter",
      "Id": "Param28",
      "Segments": [
        0,
        -25.86,
        0,
        0.033,
        -25.9,
        2,
        0.133,
        -25.9,
        2,
        0.233,
        -25.9,
        2,
        0.267,
        -25.9,
        0,
        0.3,
        -30,
        2,
        1.233,
        -30,
        2,
        2,
        -30
      ]
    },
    {
      "Target": "Parameter",
      "Id": "Param19",
      "Segments": [
        0,
        -22,
        1,
        0.056,
        -22,
        0.111,
        -21.774,
        0.167,
        -19,
        1,
        0.222,
        -16.226,
        0.278,
        -11.963,
        0.333,
        -4,
        1,
        0.411,
        7.148,
        0.489,
        27.72,
        0.567,
        27.72,
        0,
        1.3,
        26,
        0,
        2,
        26.1
      ]
    },
    {
      "Target": "Parameter",
      "Id": "Param21",
      "Segments": [
        0,
        23,
        1,
        0.111,
        23,
        0.222,
        8.734,
        0.333,
        2,
        1,
        0.444,
        -4.734,
        0.556,
        -5,
        0.667,
        -5,
        2,
        1.233,
        -5,
        2,
        2,
        -5
      ]
    },
    {
      "Target": "Parameter",
      "Id": "Param22",
      "Segments": [
        0,
        20,
        0,
        0.3,
        0,
        2,
        0.7,
        0,
        2,
        1.5,
        0,
        2,
        2,
        0
      ]
    },
    {
      "Target": "Parameter",
      "Id": "Param26",
      "Segments": [
        0,
        0,
        2,
        0.3,
        0,
        0,
        0.7,
        11,
        2,
        1.5,
        11,
        2,
        2,
        11
      ]
    },
    {
      "Target": "Parameter",
      "Id": "Param17",
      "Segments": [
        0,
        0,
        2,
        0.267,
        0,
        0,
        0.667,
        14,
        0,
        1.1,
        0,
        2,
        1.5,
        0,
        2,
        2,
        0
      ]
    },
    {
      "Target": "Parameter",
      "Id": "Param18",
      "Segments": [
        0,
        0,
        0,
        0.1,
        30,
        0,
        0.267,
        0,
        2,
        1.5,
        0,
        2,
        2,
        0
      ]
    },
    {
      "Target": "Parameter",
      "Id": "Param15",
      "Segments": [
        0,
        10,
        0,
        0.467,
        24,
        0,
        1,
        7.279,
        0,
        1.467,
        25,
        0,
        2,
        21
      ]
    },
    {
      "Target": "Parameter",
      "Id": "Param7",
      "Segments": [
        0,
        0,
        0,
        0.533,
        -30,
        2,
        1.1,
        -30,
        0,
        1.5,
        -29.3,
        2,
        2,
        -29.3
      ]
    },
    {
      "Target": "Parameter",
      "Id": "Param10",
      "Segments": [
        0,
        9,
        1,
        0.089,
        9,
        0.178,
        4.173,
        0.267,
        3,
        1,
        0.489,
        0.066,
        0.711,
        -2.896,
        0.933,
        -4,
        1,
        1.289,
        -5.767,
        1.644,
        -6,
        2,
        -6
      ]
    },
    {
      "Target": "Parameter",
      "Id": "Param6",
      "Segments": [
        0,
        0,
        0,
        0.467,
        9,
        0,
        1.1,
        0,
        2,
        1.5,
        0,
        2,
        2,
        0
      ]
    },
    {
      "Target": "Parameter",
      "Id": "Param3",
      "Segments": [
        0,
        0,
        2,
        0.133,
        0,
        2,
        0.967,
        0,
        0,
        1.5,
        -30,
        2,
        2,
        -30
      ]
    },
    {
      "Target": "Parameter",
      "Id": "Param4",
      "Segments": [
        0,
        0,
        2,
        0.133,
        0,
        2,
        0.967,
        0,
        1,
        1.145,
        0,
        1.322,
        17.486,
        1.5,
        24,
        1,
        1.667,
        30.106,
        1.833,
        30,
        2,
        30
      ]
    },
    {
      "Target": "Parameter",
      "Id": "Param12",
      "Segments": [
        0,
        0,
        2,
        0.967,
        0,
        2,
        1.5,
        0,
        0,
        2,
        30
      ]
    },
    {
      "Target": "Parameter",
      "Id": "Param13",
      "Segments": [
        0,
        0,
        0,
        0.2,
        -24.068,
        0,
        0.533,
        21.32,
        1,
        0.711,
        21.32,
        0.889,
        -1.689,
        1.067,
        -17.955,
        1,
        1.145,
        -25.072,
        1.222,
        -24.068,
        1.3,
        -24.068,
        1,
        1.356,
        -24.068,
        1.411,
        -21.654,
        1.467,
        -12.661,
        1,
        1.522,
        -3.668,
        1.578,
        3.977,
        1.633,
        3.977,
        1,
        1.689,
        3.977,
        1.744,
        -11.628,
        1.8,
        -13.417,
        1,
        1.867,
        -15.565,
        1.933,
        -16.411,
        2,
        -17.577
      ]
    },
    {
      "Target": "Parameter",
      "Id": "Param14",
      "Segments": [
        0,
        0,
        0,
        0.2,
        -18.129,
        0,
        0.533,
        18.534,
        1,
        0.711,
        18.534,
        0.889,
        3.812,
        1.067,
        -14.46,
        1,
        1.145,
        -22.454,
        1.222,
        -23.266,
        1.3,
        -23.266,
        1,
        1.356,
        -23.266,
        1.411,
        -21.283,
        1.467,
        -13.359,
        1,
        1.534,
        -3.851,
        1.6,
        3.887,
        1.667,
        3.887,
        1,
        1.711,
        3.887,
        1.756,
        -1.881,
        1.8,
        -5.654,
        1,
        1.867,
        -11.312,
        1.933,
        -16.777,
        2,
        -19.274
      ]
    },
    {
      "Target": "Parameter",
      "Id": "Param16",
      "Segments": [
        0,
        -4.9,
        0,
        0.267,
        18,
        0,
        0.667,
        -18,
        0,
        1.433,
        0,
        0,
        1.8,
        -2.7,
        2,
        2,
        -2.7
      ]
    },
    {
      "Target": "Parameter",
      "Id": "Mouth_Size",
      "Segments": [
        0,
        0,
        0,
        0.1,
        -0.8,
        1,
        0.156,
        -0.8,
        0.211,
        -0.193,
        0.267,
        0,
        1,
        0.489,
        0.772,
        0.711,
        1,
        0.933,
        1,
        2,
        2,
        1
      ]
    },
    {
      "Target": "Parameter",
      "Id": "Mouth_Open",
      "Segments": [
        0,
        1,
        0,
        0.1,
        0,
        1,
        0.156,
        0,
        0.211,
        0.962,
        0.267,
        0.968,
        1,
        0.489,
        0.995,
        0.711,
        1,
        0.933,
        1,
        2,
        2,
        1
      ]
    },
    {
      "Target": "Parameter",
      "Id": "Param",
      "Segments": [
        0,
        0,
        0,
        0.267,
        -0.2,
        2,
        0.933,
        -0.2,
        2,
        2,
        -0.2
      ]
    },
    {
      "Target": "Parameter",
      "Id": "ParamBrowRForm",
      "Segments": [
        0,
        0,
        0,
        0.233,
        -0.7,
        2,
        0.933,
        -0.7,
        2,
        2,
        -0.7
      ]
    },
    {
      "Target": "Parameter",
      "Id": "ParamBrowLForm",
      "Segments": [
        0,
        0,
        1,
        0.078,
        0,
        0.155,
        -0.615,
        0.233,
        -0.7,
        1,
        0.466,
        -0.954,
        0.7,
        -1,
        0.933,
        -1,
        2,
        2,
        -1
      ]
    },
    {
      "Target": "Parameter",
      "Id": "ParamBrowRAngle",
      "Segments": [
        0,
        0,
        1,
        0.078,
        0,
        0.155,
        0.085,
        0.233,
        0.3,
        1,
        0.244,
        0.331,
        0.256,
        0.4,
        0.267,
        0.4,
        2,
        0.933,
        0.4,
        2,
        2,
        0.4
      ]
    },
    {
      "Target": "Parameter",
      "Id": "ParamBrowLAngle",
      "Segments": [
        0,
        0,
        1,
        0.078,
        0,
        0.155,
        0.085,
        0.233,
        0.3,
        1,
        0.244,
        0.331,
        0.256,
        0.4,
        0.267,
        0.4,
        2,
        0.933,
        0.4,
        2,
        2,
        0.4
      ]
    },
    {
      "Target": "Parameter",
      "Id": "EyesSize",
      "Segments": [
        0,
        0,
        2,
        0.233,
        0,
        0,
        0.267,
        0.4,
        2,
        0.933,
        0.4,
        2,
        2,
        0.4
      ]
    },
    {
      "Target": "Parameter",
      "Id": "ParamBrowRY",
      "Segments": [
        0,
        0,
        0,
        0.1,
        -0.7,
        0,
        0.267,
        -0.4,
        2,
        0.933,
        -0.4,
        2,
        2,
        -0.4
      ]
    },
    {
      "Target": "Parameter",
      "Id": "ParamBrowLY",
      "Segments": [
        0,
        0,
        0,
        0.1,
        -0.7,
        0,
        0.267,
        -0.4,
        2,
        0.933,
        -0.4,
        2,
        2,
        -0.4
      ]
    },
    {
      "Target": "Parameter",
      "Id": "ParamEyeBallX",
      "Segments": [
        0,
        0,
        2,
        0.4,
        0,
        0,
        0.933,
        0.5,
        2,
        2,
        0.5
      ]
    },
    {
      "Target": "Parameter",
      "Id": "ParamEyeBallY",
      "Segments": [
        0,
        0,
        2,
        0.4,
        0,
        0,
        0.933,
        -0.2,
        2,
        2,
        -0.2
      ]
    },
    {
      "Target": "Parameter",
      "Id": "EyeR_Open",
      "Segments": [
        0,
        1,
        0,
        0.033,
        0,
        2,
        0.167,
        0,
        0,
        0.233,
        1,
        0,
        0.267,
        0.977,
        0,
        0.933,
        1,
        2,
        2,
        1
      ]
    },
    {
      "Target": "Parameter",
      "Id": "EyeL_Open",
      "Segments": [
        0,
        1,
        0,
        0.033,
        0,
        2,
        0.167,
        0,
        0,
        0.233,
        1,
        0,
        0.267,
        0.979,
        0,
        0.933,
        1,
        2,
        2,
        1
      ]
    },
    {
      "Target": "PartOpacity",
      "Id": "Part23",
      "Segments": [
        0,
        1,
        2,
        1.33,
        1,
        2,
        2,
        1
      ]
    },
    {
      "Target": "PartOpacity",
      "Id": "Part",
      "Segments": [
        0,
        1,
        2,
        1.33,
        1,
        2,
        2,
        1
      ]
    },
    {
      "Target": "PartOpacity",
      "Id": "Part2",
      "Segments": [
        0,
        1,
        2,
        1.33,
        1,
        2,
        2,
        1
      ]
    },
    {
      "Target": "PartOpacity",
      "Id": "Part3",
      "Segments": [
        0,
        1,
        2,
        1.33,
        1,
        2,
        2,
        1
      ]
    },
    {
      "Target": "PartOpacity",
      "Id": "Part5",
      "Segments": [
        0,
        1,
        2,
        0.33,
        1,
        2,
        1.33,
        1,
        2,
        2,
        1
      ]
    },
    {
      "Target": "PartOpacity",
      "Id": "Part13",
      "Segments": [
        0,
        1,
        2,
        0.37,
        1,
        2,
        2,
        1
      ]
    },
    {
      "Target": "PartOpacity",
      "Id": "Part6",
      "Segments": [
        0,
        1,
        2,
        1.33,
        1,
        2,
        2,
        1
      ]
    },
    {
      "Target": "PartOpacity",
      "Id": "Part26",
      "Segments": [
        0,
        0,
        2,
        0.13,
        0,
        0,
        0.33,
        1,
        2,
        1.33,
        1,
        2,
        2,
        1
      ]
    },
    {
      "Target": "PartOpacity",
      "Id": "Part25",
      "Segments": [
        0,
        0,
        2,
        1.33,
        0,
        2,
        2,
        0
      ]
    },
    {
      "Target": "PartOpacity",
      "Id": "Part24",
      "Segments": [
        0,
        1,
        2,
        0.13,
        1,
        0,
        0.33,
        0,
        2,
        2,
        0
      ]
    },
    {
      "Target": "PartOpacity",
      "Id": "Part14",
      "Segments": [
        0,
        1,
        2,
        1.33,
        1,
        2,
        2,
        1
      ]
    },
    {
      "Target": "PartOpacity",
      "Id": "Part15",
      "Segments": [
        0,
        1,
        2,
        1.33,
        1,
        2,
        2,
        1
      ]
    },
    {
      "Target": "PartOpacity",
      "Id": "Part16",
      "Segments": [
        0,
        0,
        2,
        1.33,
        0,
        2,
        2,
        0
      ]
    },
    {
      "Target": "PartOpacity",
      "Id": "Part7",
      "Segments": [
        0,
        1,
        2,
        1.33,
        1,
        2,
        2,
        1
      ]
    },
    {
      "Target": "PartOpacity",
      "Id": "Part18",
      "Segments": [
        0,
        0,
        2,
        1.33,
        0,
        2,
        2,
        0
      ]
    },
    {
      "Target": "PartOpacity",
      "Id": "Part8",
      "Segments": [
        0,
        1,
        2,
        1.33,
        1,
        2,
        2,
        1
      ]
    },
    {
      "Target": "PartOpacity",
      "Id": "Part9",
      "Segments": [
        0,
        1,
        2,
        1.33,
        1,
        2,
        2,
        1
      ]
    },
    {
      "Target": "PartOpacity",
      "Id": "Part10",
      "Segments": [
        0,
        1,
        2,
        1.33,
        1,
        2,
        2,
        1
      ]
    },
    {
      "Target": "PartOpacity",
      "Id": "Part11",
      "Segments": [
        0,
        1,
        2,
        1.33,
        1,
        2,
        2,
        1
      ]
    },
    {
      "Target": "PartOpacity",
      "Id": "Part12",
      "Segments": [
        0,
        1,
        2,
        1.33,
        1,
        2,
        2,
        1
      ]
    },
    {
      "Target": "PartOpacity",
      "Id": "Part17",
      "Segments": [
        0,
        0,
        2,
        0.23,
        0,
        2,
        0.33,
        0.5,
        2,
        0.43,
        1,
        2,
        1.33,
        1,
        2,
        2,
        1
      ]
    },
    {
      "Target": "PartOpacity",
      "Id": "Part19",
      "Segments": [
        0,
        0,
        2,
        1,
        0,
        2,
        1.33,
        0,
        2,
        2,
        0
      ]
    },
    {
      "Target": "Parameter",
      "Id": "Param33",
      "Segments": [
        0,
        0,
        0,
        2,
        0
      ]
    },
    {
      "Target": "Parameter",
      "Id": "Param8",
      "Segments": [
        0,
        0,
        0,
        2,
        0
      ]
    },
    {
      "Target": "Parameter",
      "Id": "Param29",
      "Segments": [
        0,
        0,
        0,
        2,
        0
      ]
    },
    {
      "Target": "Parameter",
      "Id": "Param25",
      "Segments": [
        0,
        0,
        0,
        2,
        0
      ]
    },
    {
      "Target": "Parameter",
      "Id": "Param30",
      "Segments": [
        0,
        0,
        0,
        2,
        0
      ]
    },
    {
      "Target": "Parameter",
      "Id": "Param5",
      "Segments": [
        0,
        0,
        0,
        2,
        0
      ]
    },
    {
      "Target": "Parameter",
      "Id": "ParamBreath",
      "Segments": [
        0,
        0,
        0,
        2,
        0
      ]
    },
    {
      "Target": "Parameter",
      "Id": "Param2",
      "Segments": [
        0,
        0,
        0,
        2,
        0
      ]
    },
    {
      "Target": "Parameter",
      "Id": "Param31",
      "Segments": [
        0,
        0,
        0,
        2,
        0
      ]
    },
    {
      "Target": "Parameter",
      "Id": "ParamMouthForm",
      "Segments": [
        0,
        0,
        0,
        2,
        0
      ]
    },
    {
      "Target": "Parameter",
      "Id": "ParamEyeRSmile",
      "Segments": [
        0,
        0,
        0,
        2,
        0
      ]
    },
    {
      "Target": "Parameter",
      "Id": "ParamEyeLSmile",
      "Segments": [
        0,
        0,
        0,
        2,
        0
      ]
    },
    {
      "Target": "PartOpacity",
      "Id": "Part20",
      "Segments": [
        0,
        1,
        0,
        2,
        1
      ]
    }
  ],
  "UserData": [
    {
      "Time": 0.0,
      "Value": ""
    }
  ]
}