{
  "Version": 3,
  "Meta": {
    "Duration": 2.0,
    "Fps": 30.0,
    "Loop": true,
    "AreBeziersRestricted": true,
    "CurveCount": 61,
    "TotalSegmentCount": 190,
    "TotalPointCount": 218,
    "UserDataCount": 1,
    "TotalUserDataSize": 0
  },
  "Curves": [
    {
      "Target": "Parameter",
      "Id": "Param9",
      "Segments": [
        0,
        0,
        2,
        0.533,
        0,
        0,
        0.867,
        4,
        2,
        1.667,
        4,
        2,
        2,
        4
      ]
    },
    {
      "Target": "Parameter",
      "Id": "Param32",
      "Segments": [
        0,
        0,
        0,
        1.167,
        4,
        0,
        1.667,
        0,
        2,
        2,
        0
      ]
    },
    {
      "Target": "Parameter",
      "Id": "Param8",
      "Segments": [
        0,
        0,
        0,
        0.867,
        2,
        2,
        2,
        2
      ]
    },
    {
      "Target": "Parameter",
      "Id": "Param20",
      "Segments": [
        0,
        0,
        2,
        0.467,
        0,
        0,
        0.733,
        -3,
        2,
        2,
        -3
      ]
    },
    {
      "Target": "Parameter",
      "Id": "Param24",
      "Segments": [
        0,
        0,
        2,
        0.4,
        0,
        0,
        0.6,
        -17,
        0,
        2,
        -6
      ]
    },
    {
      "Target": "Parameter",
      "Id": "Param19",
      "Segments": [
        0,
        -22,
        2,
        0.533,
        -22,
        1,
        0.578,
        -22,
        0.622,
        -22.362,
        0.667,
        -19,
        1,
        0.722,
        -14.797,
        0.778,
        0,
        0.833,
        0,
        2,
        2,
        0
      ]
    },
    {
      "Target": "Parameter",
      "Id": "Param21",
      "Segments": [
        0,
        23,
        2,
        0.533,
        23,
        0,
        0.833,
        2,
        2,
        2,
        2
      ]
    },
    {
      "Target": "Parameter",
      "Id": "Param22",
      "Segments": [
        0,
        20,
        2,
        0.533,
        20,
        0,
        0.8,
        0,
        2,
        2,
        0
      ]
    },
    {
      "Target": "Parameter",
      "Id": "Param17",
      "Segments": [
        0,
        0,
        2,
        0.533,
        0,
        1,
        0.622,
        0,
        0.711,
        6.089,
        0.8,
        7,
        1,
        0.978,
        8.822,
        1.155,
        9,
        1.333,
        9,
        0,
        1.667,
        6,
        2,
        2,
        6
      ]
    },
    {
      "Target": "Parameter",
      "Id": "Param18",
      "Segments": [
        0,
        0,
        2,
        0.533,
        0,
        1,
        0.633,
        0,
        0.733,
        1.258,
        0.833,
        7,
        1,
        0.889,
        10.19,
        0.944,
        16,
        1,
        16,
        2,
        2,
        16
      ]
    },
    {
      "Target": "Parameter",
      "Id": "ParamBreath",
      "Segments": [
        0,
        0,
        2,
        0.6,
        0,
        0,
        1,
        0.3,
        0,
        2,
        0
      ]
    },
    {
      "Target": "Parameter",
      "Id": "Param15",
      "Segments": [
        0,
        10,
        0,
        0.5,
        20,
        0,
        0.8,
        -10,
        0,
        2,
        -7
      ]
    },
    {
      "Target": "Parameter",
      "Id": "Param2",
      "Segments": [
        0,
        0,
        2,
        0.6,
        0,
        0,
        1,
        7,
        2,
        2,
        7
      ]
    },
    {
      "Target": "Parameter",
      "Id": "Param7",
      "Segments": [
        0,
        0,
        2,
        0.6,
        0,
        0,
        1,
        -10,
        0,
        2,
        -7
      ]
    },
    {
      "Target": "Parameter",
      "Id": "Param10",
      "Segments": [
        0,
        9,
        2,
        0.767,
        9,
        0,
        1.2,
        7,
        2,
        1.633,
        7,
        2,
        2,
        7
      ]
    },
    {
      "Target": "Parameter",
      "Id": "Param3",
      "Segments": [
        0,
        0,
        2,
        1,
        0,
        0,
        1.267,
        12,
        2,
        2,
        12
      ]
    },
    {
      "Target": "Parameter",
      "Id": "Param4",
      "Segments": [
        0,
        0,
        2,
        1,
        0,
        0,
        1.267,
        -14,
        0,
        2,
        11
      ]
    },
    {
      "Target": "Parameter",
      "Id": "Param13",
      "Segments": [
        0,
        0,
        0,
        0.867,
        30,
        1,
        0.989,
        30,
        1.111,
        -6.005,
        1.233,
        -13,
        1,
        1.489,
        -27.625,
        1.744,
        -29.9,
        2,
        -29.9
      ]
    },
    {
      "Target": "Parameter",
      "Id": "Param14",
      "Segments": [
        0,
        0,
        2,
        0.933,
        0,
        1,
        1.033,
        0,
        1.133,
        -7.942,
        1.233,
        -13,
        1,
        1.489,
        -25.927,
        1.744,
        -29.9,
        2,
        -29.9
      ]
    },
    {
      "Target": "Parameter",
      "Id": "Param16",
      "Segments": [
        0,
        -4.9,
        0,
        0.933,
        0,
        2,
        2,
        0
      ]
    },
    {
      "Target": "Parameter",
      "Id": "Mouth_Size",
      "Segments": [
        0,
        0,
        2,
        0.433,
        0,
        2,
        0.833,
        0,
        0,
        1.667,
        0.5,
        2,
        2,
        0.5
      ]
    },
    {
      "Target": "Parameter",
      "Id": "ParamMouthForm",
      "Segments": [
        0,
        0,
        0,
        0.433,
        -0.2,
        2,
        0.567,
        -0.2,
        0,
        0.6,
        -1,
        2,
        0.667,
        -1,
        0,
        0.833,
        -0.2,
        2,
        1.667,
        -0.2,
        2,
        2,
        -0.2
      ]
    },
    {
      "Target": "Parameter",
      "Id": "ParamBrowRForm",
      "Segments": [
        0,
        0,
        1,
        0.078,
        0,
        0.155,
        -0.091,
        0.233,
        -0.4,
        1,
        0.255,
        -0.488,
        0.278,
        -0.7,
        0.3,
        -0.7,
        2,
        0.6,
        -0.7,
        2,
        1.667,
        -0.7,
        0,
        2,
        -1
      ]
    },
    {
      "Target": "Parameter",
      "Id": "ParamBrowLForm",
      "Segments": [
        0,
        0,
        1,
        0.078,
        0,
        0.155,
        -0.091,
        0.233,
        -0.4,
        1,
        0.255,
        -0.488,
        0.278,
        -0.7,
        0.3,
        -0.7,
        2,
        0.6,
        -0.7,
        2,
        1.667,
        -0.7,
        0,
        2,
        -1
      ]
    },
    {
      "Target": "Parameter",
      "Id": "ParamBrowRAngle",
      "Segments": [
        0,
        0,
        0,
        0.233,
        0.1,
        0,
        0.333,
        0,
        2,
        0.467,
        0,
        0,
        0.6,
        0.2,
        2,
        1.667,
        0.2,
        2,
        2,
        0.2
      ]
    },
    {
      "Target": "Parameter",
      "Id": "ParamBrowLAngle",
      "Segments": [
        0,
        0,
        0,
        0.233,
        0.1,
        0,
        0.333,
        0,
        2,
        0.467,
        0,
        0,
        0.6,
        0.2,
        2,
        0.867,
        0.2,
        2,
        1.367,
        0.2,
        0,
        2,
        0.5
      ]
    },
    {
      "Target": "Parameter",
      "Id": "EyesSize",
      "Segments": [
        0,
        0,
        0,
        0.233,
        0.8,
        2,
        0.467,
        0.8,
        0,
        0.6,
        0,
        0,
        0.667,
        0.8,
        0,
        0.867,
        0,
        2,
        1.367,
        0,
        2,
        2,
        0
      ]
    },
    {
      "Target": "Parameter",
      "Id": "ParamBrowRY",
      "Segments": [
        0,
        0,
        0,
        0.233,
        0.332,
        0,
        0.333,
        -0.6,
        2,
        0.467,
        -0.6,
        0,
        0.6,
        -0.4,
        2,
        0.867,
        -0.4,
        2,
        1.367,
        -0.4,
        2,
        2,
        -0.4
      ]
    },
    {
      "Target": "Parameter",
      "Id": "ParamBrowLY",
      "Segments": [
        0,
        0,
        0,
        0.233,
        0.329,
        0,
        0.333,
        -0.6,
        2,
        0.467,
        -0.6,
        0,
        0.6,
        -0.4,
        2,
        0.867,
        -0.4,
        2,
        1.367,
        -0.4,
        2,
        2,
        -0.4
      ]
    },
    {
      "Target": "Parameter",
      "Id": "ParamEyeBallX",
      "Segments": [
        0,
        0,
        2,
        0.467,
        0,
        0,
        0.6,
        -0.1,
        2,
        0.867,
        -0.1,
        2,
        1.367,
        -0.1,
        2,
        2,
        -0.1
      ]
    },
    {
      "Target": "Parameter",
      "Id": "ParamEyeRSmile",
      "Segments": [
        0,
        0,
        2,
        0.3,
        0,
        0,
        0.4,
        0.8,
        2,
        0.6,
        0.8,
        2,
        0.867,
        0.8,
        2,
        1.367,
        0.8,
        2,
        2,
        0.8
      ]
    },
    {
      "Target": "Parameter",
      "Id": "EyeR_Open",
      "Segments": [
        0,
        1,
        2,
        0.3,
        1,
        0,
        0.4,
        0,
        0,
        0.6,
        0.5,
        2,
        0.867,
        0.5,
        2,
        1.367,
        0.5,
        0,
        2,
        0.8
      ]
    },
    {
      "Target": "Parameter",
      "Id": "EyeL_Open",
      "Segments": [
        0,
        1,
        2,
        0.3,
        1,
        0,
        0.4,
        0,
        0,
        0.6,
        0.8,
        2,
        0.867,
        0.8,
        2,
        1.367,
        0.8,
        2,
        2,
        0.8
      ]
    },
    {
      "Target": "Parameter",
      "Id": "ParamEyeLSmile",
      "Segments": [
        0,
        0,
        2,
        0.3,
        0,
        0,
        0.4,
        0.8,
        2,
        0.6,
        0.8,
        2,
        0.867,
        0.8,
        2,
        1.367,
        0.8,
        2,
        2,
        0.8
      ]
    },
    {
      "Target": "PartOpacity",
      "Id": "Part5",
      "Segments": [
        0,
        1,
        2,
        1.33,
        1,
        2,
        2,
        1
      ]
    },
    {
      "Target": "PartOpacity",
      "Id": "Part13",
      "Segments": [
        0,
        0,
        2,
        0.83,
        0,
        2,
        1.33,
        0,
        2,
        2,
        0
      ]
    },
    {
      "Target": "PartOpacity",
      "Id": "Part26",
      "Segments": [
        0,
        0,
        2,
        0.6,
        0,
        0,
        0.73,
        1,
        2,
        2,
        1
      ]
    },
    {
      "Target": "PartOpacity",
      "Id": "Part25",
      "Segments": [
        0,
        0,
        2,
        2,
        0
      ]
    },
    {
      "Target": "PartOpacity",
      "Id": "Part24",
      "Segments": [
        0,
        1,
        2,
        0.6,
        1,
        0,
        0.73,
        0,
        2,
        2,
        0
      ]
    },
    {
      "Target": "PartOpacity",
      "Id": "Part14",
      "Segments": [
        0,
        1,
        2,
        1.33,
        1,
        2,
        2,
        1
      ]
    },
    {
      "Target": "PartOpacity",
      "Id": "Part20",
      "Segments": [
        0,
        1,
        2,
        1.33,
        1,
        2,
        2,
        1
      ]
    },
    {
      "Target": "PartOpacity",
      "Id": "Part16",
      "Segments": [
        0,
        0,
        2,
        1.33,
        0,
        2,
        2,
        0
      ]
    },
    {
      "Target": "PartOpacity",
      "Id": "Part7",
      "Segments": [
        0,
        1,
        2,
        1.33,
        1,
        2,
        2,
        1
      ]
    },
    {
      "Target": "PartOpacity",
      "Id": "Part18",
      "Segments": [
        0,
        0,
        2,
        1.33,
        0,
        2,
        2,
        0
      ]
    },
    {
      "Target": "PartOpacity",
      "Id": "Part17",
      "Segments": [
        0,
        0,
        2,
        1.33,
        0,
        2,
        2,
        0
      ]
    },
    {
      "Target": "PartOpacity",
      "Id": "Part19",
      "Segments": [
        0,
        0,
        2,
        1.33,
        0,
        2,
        2,
        0
      ]
    },
    {
      "Target": "Parameter",
      "Id": "Param33",
      "Segments": [
        0,
        0,
        0,
        2,
        0
      ]
    },
    {
      "Target": "Parameter",
      "Id": "Param27",
      "Segments": [
        0,
        0,
        0,
        2,
        0
      ]
    },
    {
      "Target": "Parameter",
      "Id": "Param23",
      "Segments": [
        0,
        0,
        0,
        2,
        0
      ]
    },
    {
      "Target": "Parameter",
      "Id": "Param28",
      "Segments": [
        0,
        -25.9,
        0,
        2,
        -25.9
      ]
    },
    {
      "Target": "Parameter",
      "Id": "Param29",
      "Segments": [
        0,
        0,
        0,
        2,
        0
      ]
    },
    {
      "Target": "Parameter",
      "Id": "Param25",
      "Segments": [
        0,
        0,
        0,
        2,
        0
      ]
    },
    {
      "Target": "Parameter",
      "Id": "Param30",
      "Segments": [
        0,
        0,
        0,
        2,
        0
      ]
    },
    {
      "Target": "Parameter",
      "Id": "Param26",
      "Segments": [
        0,
        0,
        0,
        2,
        0
      ]
    },
    {
      "Target": "Parameter",
      "Id": "Param5",
      "Segments": [
        0,
        0,
        0,
        2,
        0
      ]
    },
    {
      "Target": "Parameter",
      "Id": "Param31",
      "Segments": [
        0,
        0,
        0,
        2,
        0
      ]
    },
    {
      "Target": "Parameter",
      "Id": "Param6",
      "Segments": [
        0,
        0,
        0,
        2,
        0
      ]
    },
    {
      "Target": "Parameter",
      "Id": "Param12",
      "Segments": [
        0,
        0,
        0,
        2,
        0
      ]
    },
    {
      "Target": "Parameter",
      "Id": "Mouth_Open",
      "Segments": [
        0,
        1,
        0,
        2,
        1
      ]
    },
    {
      "Target": "Parameter",
      "Id": "Param",
      "Segments": [
        0,
        0,
        0,
        2,
        0
      ]
    },
    {
      "Target": "Parameter",
      "Id": "ParamEyeBallY",
      "Segments": [
        0,
        0,
        0,
        2,
        0
      ]
    }
  ],
  "UserData": [
    {
      "Time": 0.0,
      "Value": ""
    }
  ]
}