{
  "Version": 3,
  "Meta": {
    "Duration": 2.0,
    "Fps": 30.0,
    "Loop": true,
    "AreBeziersRestricted": true,
    "CurveCount": 89,
    "TotalSegmentCount": 266,
    "TotalPointCount": 360,
    "UserDataCount": 1,
    "TotalUserDataSize": 0
  },
  "Curves": [
    {
      "Target": "Parameter",
      "Id": "Breath",
      "Segments": [
        0,
        -10,
        0,
        1,
        -12.181,
        1,
        1.333,
        -12.181,
        1.667,
        -6.357,
        2,
        0
      ]
    },
    {
      "Target": "Parameter",
      "Id": "Body_Twist",
      "Segments": [
        0,
        -8.556,
        0,
        0.667,
        1.688,
        0,
        1.233,
        -6,
        0,
        2,
        -5
      ]
    },
    {
      "Target": "Parameter",
      "Id": "Waist_Roll",
      "Segments": [
        0,
        0.835,
        0,
        0.167,
        -6,
        0,
        0.667,
        -0.975,
        0,
        1.1,
        -1.975,
        0,
        2,
        1
      ]
    },
    {
      "Target": "Parameter",
      "Id": "Param",
      "Segments": [
        0,
        -3,
        0,
        0.2,
        11,
        0,
        0.8,
        -21,
        0,
        2,
        11
      ]
    },
    {
      "Target": "Parameter",
      "Id": "Head_AngleX",
      "Segments": [
        0,
        -9.035,
        0,
        0.233,
        -9,
        1,
        0.322,
        -8.943,
        0.411,
        -2.85,
        0.5,
        1,
        1,
        0.622,
        6.294,
        0.745,
        10,
        0.867,
        10,
        0,
        1.333,
        0,
        2,
        2,
        0
      ]
    },
    {
      "Target": "Parameter",
      "Id": "Head_AngleY",
      "Segments": [
        0,
        0,
        0,
        0.233,
        -6,
        1,
        0.322,
        -6,
        0.411,
        -5.914,
        0.5,
        -4,
        1,
        0.622,
        -1.369,
        0.745,
        2,
        0.867,
        2,
        0,
        1.333,
        0,
        2,
        2,
        0
      ]
    },
    {
      "Target": "Parameter",
      "Id": "Head_Roll",
      "Segments": [
        0,
        0,
        0,
        0.233,
        -20,
        0,
        0.667,
        -10,
        0,
        1.1,
        -11,
        0,
        2,
        0
      ]
    },
    {
      "Target": "Parameter",
      "Id": "HeadY",
      "Segments": [
        0,
        0,
        0,
        0.2,
        -22,
        0,
        0.667,
        0,
        2,
        2,
        0
      ]
    },
    {
      "Target": "Parameter",
      "Id": "BrowRY",
      "Segments": [
        0,
        -0.5,
        1,
        0.1,
        -0.5,
        0.2,
        -0.587,
        0.3,
        -0.8,
        1,
        0.356,
        -0.918,
        0.411,
        -1,
        0.467,
        -1,
        0,
        0.667,
        -0.2,
        2,
        1.2,
        -0.2,
        2,
        2,
        -0.2
      ]
    },
    {
      "Target": "Parameter",
      "Id": "BrowR_Angle",
      "Segments": [
        0,
        0.2,
        0,
        0.3,
        0.3,
        0,
        0.467,
        0.278,
        0,
        0.633,
        1,
        2,
        1.2,
        1,
        2,
        2,
        1
      ]
    },
    {
      "Target": "Parameter",
      "Id": "BrowR_Form",
      "Segments": [
        0,
        0,
        1,
        0.1,
        0,
        0.2,
        -0.28,
        0.3,
        -0.4,
        1,
        0.356,
        -0.466,
        0.411,
        -0.5,
        0.467,
        -0.5,
        0,
        0.633,
        -1,
        2,
        1.2,
        -1,
        2,
        2,
        -1
      ]
    },
    {
      "Target": "Parameter",
      "Id": "BrowLY",
      "Segments": [
        0,
        -0.5,
        1,
        0.1,
        -0.5,
        0.2,
        -0.587,
        0.3,
        -0.8,
        1,
        0.356,
        -0.918,
        0.411,
        -1,
        0.467,
        -1,
        0,
        0.667,
        0,
        2,
        1.2,
        0,
        2,
        2,
        0
      ]
    },
    {
      "Target": "Parameter",
      "Id": "BrowL_Angle",
      "Segments": [
        0,
        0.1,
        0,
        0.3,
        0.3,
        0,
        0.467,
        0.276,
        0,
        0.633,
        1,
        2,
        1.2,
        1,
        2,
        2,
        1
      ]
    },
    {
      "Target": "Parameter",
      "Id": "BrowL_Form",
      "Segments": [
        0,
        0,
        1,
        0.1,
        0,
        0.2,
        -0.28,
        0.3,
        -0.4,
        1,
        0.356,
        -0.466,
        0.411,
        -0.5,
        0.467,
        -0.5,
        0,
        0.633,
        -1,
        2,
        1.2,
        -1,
        2,
        2,
        -1
      ]
    },
    {
      "Target": "Parameter",
      "Id": "EyeBallX",
      "Segments": [
        0,
        0,
        2,
        0.267,
        0,
        2,
        0.533,
        0,
        0,
        0.633,
        0.8,
        2,
        1.2,
        0.8,
        2,
        2,
        0.8
      ]
    },
    {
      "Target": "Parameter",
      "Id": "EyeBallY",
      "Segments": [
        0,
        0,
        0,
        0.267,
        -1,
        2,
        0.533,
        -1,
        0,
        0.633,
        0.3,
        2,
        1.2,
        0.3,
        2,
        2,
        0.3
      ]
    },
    {
      "Target": "Parameter",
      "Id": "EyeR_Smile",
      "Segments": [
        0,
        0,
        0,
        0.267,
        0.3,
        0,
        0.367,
        0,
        2,
        0.433,
        0,
        0,
        0.633,
        0.7,
        0,
        1.2,
        0,
        2,
        2,
        0
      ]
    },
    {
      "Target": "Parameter",
      "Id": "EyeR_Open",
      "Segments": [
        0,
        0.9,
        1,
        0.089,
        0.9,
        0.178,
        0.697,
        0.267,
        0.2,
        1,
        0.278,
        0.138,
        0.289,
        0,
        0.3,
        0,
        2,
        0.5,
        0,
        0,
        0.633,
        1,
        2,
        1.2,
        1,
        2,
        2,
        1
      ]
    },
    {
      "Target": "Parameter",
      "Id": "EyeL_Smile",
      "Segments": [
        0,
        0,
        0,
        0.267,
        0.3,
        0,
        0.367,
        0,
        2,
        0.433,
        0,
        0,
        0.633,
        0.7,
        0,
        1.2,
        0,
        2,
        2,
        0
      ]
    },
    {
      "Target": "Parameter",
      "Id": "EyeL_Open",
      "Segments": [
        0,
        0.9,
        1,
        0.089,
        0.9,
        0.178,
        0.697,
        0.267,
        0.2,
        1,
        0.278,
        0.138,
        0.289,
        0,
        0.3,
        0,
        2,
        0.5,
        0,
        0,
        0.633,
        1,
        2,
        1.2,
        1,
        2,
        2,
        1
      ]
    },
    {
      "Target": "Parameter",
      "Id": "EyeL_Shadow",
      "Segments": [
        0,
        0,
        1,
        0.056,
        0,
        0.111,
        5.639,
        0.167,
        10,
        1,
        0.267,
        17.849,
        0.367,
        20,
        0.467,
        20,
        0,
        0.667,
        10,
        2,
        2,
        10
      ]
    },
    {
      "Target": "Parameter",
      "Id": "EyeR_Shadow",
      "Segments": [
        0,
        0,
        0,
        0.667,
        10,
        2,
        2,
        10
      ]
    },
    {
      "Target": "Parameter",
      "Id": "Mouth_Form",
      "Segments": [
        0,
        0,
        0,
        0.233,
        -1,
        2,
        0.667,
        -1,
        2,
        1.167,
        -1,
        0,
        1.2,
        1,
        2,
        2,
        1
      ]
    },
    {
      "Target": "Parameter",
      "Id": "Mouth_Open",
      "Segments": [
        0,
        0.8,
        1,
        0.1,
        0.8,
        0.2,
        0.209,
        0.3,
        0.057,
        1,
        0.356,
        -0.028,
        0.411,
        0,
        0.467,
        0,
        0,
        0.6,
        0.912,
        0,
        1.167,
        0,
        0,
        1.2,
        1,
        2,
        2,
        1
      ]
    },
    {
      "Target": "Parameter",
      "Id": "Mouth_Size",
      "Segments": [
        0,
        0.3,
        0,
        1,
        0,
        2,
        1.2,
        0,
        2,
        2,
        0
      ]
    },
    {
      "Target": "Parameter",
      "Id": "Hair_Shaking",
      "Segments": [
        0,
        -3,
        0,
        0.067,
        20,
        0,
        0.367,
        -13,
        0,
        0.767,
        20,
        1,
        0.878,
        20,
        0.989,
        13.463,
        1.1,
        11,
        1,
        1.4,
        2.501,
        1.7,
        0,
        2,
        0
      ]
    },
    {
      "Target": "Parameter",
      "Id": "HairSide_Shaking",
      "Segments": [
        0,
        -2.66,
        0,
        0.2,
        10,
        0,
        0.5,
        -19,
        0,
        0.967,
        0,
        2,
        2,
        0
      ]
    },
    {
      "Target": "Parameter",
      "Id": "ShoulderRY",
      "Segments": [
        0,
        -30,
        1,
        0.167,
        -30,
        0.333,
        -1.293,
        0.5,
        -1,
        1,
        1,
        -0.121,
        1.5,
        0,
        2,
        0
      ]
    },
    {
      "Target": "Parameter",
      "Id": "ShoulderR_Roll",
      "Segments": [
        0,
        31.001,
        0,
        0.333,
        -3,
        1,
        0.444,
        -3,
        0.556,
        20.176,
        0.667,
        22.215,
        1,
        0.778,
        24.254,
        0.889,
        24,
        1,
        24,
        2,
        2,
        24
      ]
    },
    {
      "Target": "Parameter",
      "Id": "ArmR_Roll",
      "Segments": [
        0,
        -24.221,
        1,
        0.167,
        -24.221,
        0.333,
        -10.174,
        0.5,
        15.862,
        1,
        0.511,
        17.597,
        0.522,
        19.056,
        0.533,
        19.661,
        1,
        0.578,
        22.078,
        0.622,
        22.909,
        0.667,
        22.909,
        1,
        0.778,
        22.909,
        0.889,
        22.493,
        1,
        22.434,
        1,
        1.333,
        22.256,
        1.667,
        22.224,
        2,
        22.224
      ]
    },
    {
      "Target": "Parameter",
      "Id": "ArmR_Scale",
      "Segments": [
        0,
        50,
        2,
        0.067,
        50,
        0,
        0.367,
        -12,
        0,
        0.767,
        0,
        2,
        2,
        0
      ]
    },
    {
      "Target": "Parameter",
      "Id": "ShoulderR_Scale",
      "Segments": [
        0,
        60,
        0,
        0.267,
        -6,
        0,
        0.5,
        -5,
        2,
        2,
        -5
      ]
    },
    {
      "Target": "Parameter",
      "Id": "Param2",
      "Segments": [
        0,
        0,
        2,
        0.1,
        0,
        0,
        0.3,
        1,
        2,
        2,
        1
      ]
    },
    {
      "Target": "Parameter",
      "Id": "Param5",
      "Segments": [
        0,
        -30,
        1,
        0.022,
        -30,
        0.045,
        -6.501,
        0.067,
        0,
        1,
        0.089,
        6.501,
        0.111,
        6.554,
        0.133,
        12,
        1,
        0.211,
        31.06,
        0.289,
        44,
        0.367,
        44,
        1,
        0.411,
        44,
        0.456,
        32.488,
        0.5,
        8,
        1,
        0.511,
        1.878,
        0.522,
        -11.314,
        0.533,
        -12,
        1,
        0.6,
        -16.118,
        0.666,
        -22.76,
        0.733,
        -23,
        1,
        1.155,
        -24.522,
        1.578,
        -25,
        2,
        -25
      ]
    },
    {
      "Target": "Parameter",
      "Id": "ShoulderLY",
      "Segments": [
        0,
        -20,
        0,
        0.4,
        11,
        0,
        0.833,
        -29.577,
        0,
        2,
        0
      ]
    },
    {
      "Target": "Parameter",
      "Id": "ShoulderL_Roll",
      "Segments": [
        0,
        -32.225,
        0,
        0.4,
        -6,
        0,
        0.767,
        -60,
        2,
        2,
        -60
      ]
    },
    {
      "Target": "Parameter",
      "Id": "ArmL_Roll",
      "Segments": [
        0,
        16,
        0,
        0.5,
        -12.3,
        1,
        0.611,
        -12.3,
        0.722,
        -7.644,
        0.833,
        -7.52,
        1,
        1.222,
        -7.087,
        1.611,
        -6.614,
        2,
        -6.5
      ]
    },
    {
      "Target": "Parameter",
      "Id": "ArmL_Scale",
      "Segments": [
        0,
        60,
        0,
        0.4,
        18.175,
        0,
        1.167,
        20,
        2,
        2,
        20
      ]
    },
    {
      "Target": "Parameter",
      "Id": "ShoulderL_Scale",
      "Segments": [
        0,
        30,
        1,
        0.133,
        30,
        0.267,
        6.959,
        0.4,
        -3,
        1,
        0.6,
        -17.939,
        0.8,
        -20,
        1,
        -20,
        2,
        2,
        -20
      ]
    },
    {
      "Target": "Parameter",
      "Id": "ArmL_Position",
      "Segments": [
        0,
        0,
        0,
        0.4,
        1,
        2,
        2,
        1
      ]
    },
    {
      "Target": "Parameter",
      "Id": "Param4",
      "Segments": [
        0,
        -20,
        0,
        2,
        -30
      ]
    },
    {
      "Target": "Parameter",
      "Id": "HandR_Roll",
      "Segments": [
        0,
        22,
        1,
        0.244,
        22,
        0.489,
        18.967,
        0.733,
        6,
        1,
        0.822,
        1.285,
        0.911,
        -18,
        1,
        -18,
        2,
        2,
        -18
      ]
    },
    {
      "Target": "Parameter",
      "Id": "HandL_Roll",
      "Segments": [
        0,
        8,
        0,
        0.5,
        -10,
        1,
        0.589,
        -10,
        0.678,
        -10.467,
        0.767,
        -4,
        1,
        0.867,
        3.275,
        0.967,
        29,
        1.067,
        29,
        2,
        2,
        29
      ]
    },
    {
      "Target": "Parameter",
      "Id": "Param3",
      "Segments": [
        0,
        0,
        0,
        0.767,
        -0.2,
        2,
        2,
        -0.2
      ]
    },
    {
      "Target": "Parameter",
      "Id": "LegR_Roll",
      "Segments": [
        0,
        -1,
        2,
        0.433,
        -1,
        0,
        1.067,
        -4,
        2,
        2,
        -4
      ]
    },
    {
      "Target": "Parameter",
      "Id": "LegL_Roll",
      "Segments": [
        0,
        2.5,
        0,
        0.5,
        2,
        2,
        2,
        2
      ]
    },
    {
      "Target": "Parameter",
      "Id": "Lowerbody_Roll",
      "Segments": [
        0,
        0,
        2,
        0.5,
        0,
        0,
        2,
        -8
      ]
    },
    {
      "Target": "PartOpacity",
      "Id": "Part22",
      "Segments": [
        0,
        1,
        2,
        0.5,
        1,
        2,
        2,
        1
      ]
    },
    {
      "Target": "PartOpacity",
      "Id": "Part8",
      "Segments": [
        0,
        1,
        2,
        0.5,
        1,
        2,
        2,
        1
      ]
    },
    {
      "Target": "PartOpacity",
      "Id": "Part13",
      "Segments": [
        0,
        1,
        2,
        0.5,
        1,
        2,
        2,
        1
      ]
    },
    {
      "Target": "PartOpacity",
      "Id": "Part26",
      "Segments": [
        0,
        1,
        2,
        0.33,
        1,
        2,
        2,
        1
      ]
    },
    {
      "Target": "PartOpacity",
      "Id": "Part14",
      "Segments": [
        0,
        1,
        2,
        0.33,
        1,
        0,
        0.43,
        0,
        2,
        0.5,
        0,
        2,
        2,
        0
      ]
    },
    {
      "Target": "PartOpacity",
      "Id": "Part33",
      "Segments": [
        0,
        1,
        2,
        0.5,
        1,
        2,
        2,
        1
      ]
    },
    {
      "Target": "PartOpacity",
      "Id": "Part24",
      "Segments": [
        0,
        1,
        2,
        0.5,
        1,
        2,
        2,
        1
      ]
    },
    {
      "Target": "PartOpacity",
      "Id": "Part16",
      "Segments": [
        0,
        0,
        2,
        0.4,
        0,
        2,
        0.53,
        0,
        2,
        2,
        0
      ]
    },
    {
      "Target": "PartOpacity",
      "Id": "Part15",
      "Segments": [
        0,
        0,
        2,
        0.63,
        0,
        2,
        2,
        0
      ]
    },
    {
      "Target": "PartOpacity",
      "Id": "Part18",
      "Segments": [
        0,
        0,
        2,
        0.53,
        1,
        2,
        2,
        1
      ]
    },
    {
      "Target": "PartOpacity",
      "Id": "Part29",
      "Segments": [
        0,
        0,
        2,
        0.4,
        1,
        2,
        0.53,
        0,
        2,
        2,
        0
      ]
    },
    {
      "Target": "PartOpacity",
      "Id": "Part30",
      "Segments": [
        0,
        1,
        2,
        0.4,
        0,
        2,
        0.63,
        0,
        2,
        2,
        0
      ]
    },
    {
      "Target": "PartOpacity",
      "Id": "Part5",
      "Segments": [
        0,
        1,
        2,
        0.5,
        1,
        2,
        2,
        1
      ]
    },
    {
      "Target": "PartOpacity",
      "Id": "Part3",
      "Segments": [
        0,
        1,
        2,
        0.5,
        1,
        2,
        2,
        1
      ]
    },
    {
      "Target": "PartOpacity",
      "Id": "Part4",
      "Segments": [
        0,
        1,
        2,
        0.5,
        1,
        2,
        2,
        1
      ]
    },
    {
      "Target": "PartOpacity",
      "Id": "Part12",
      "Segments": [
        0,
        0,
        2,
        0.07,
        1,
        2,
        0.5,
        1,
        2,
        2,
        0
      ]
    },
    {
      "Target": "PartOpacity",
      "Id": "Part11",
      "Segments": [
        0,
        1,
        2,
        0.5,
        1,
        2,
        2,
        1
      ]
    },
    {
      "Target": "PartOpacity",
      "Id": "Part25",
      "Segments": [
        0,
        1,
        2,
        0.5,
        1,
        2,
        2,
        1
      ]
    },
    {
      "Target": "PartOpacity",
      "Id": "Part",
      "Segments": [
        0,
        1,
        2,
        0.5,
        1,
        2,
        2,
        1
      ]
    },
    {
      "Target": "PartOpacity",
      "Id": "Part2",
      "Segments": [
        0,
        1,
        2,
        0.5,
        1,
        2,
        2,
        1
      ]
    },
    {
      "Target": "PartOpacity",
      "Id": "Part7",
      "Segments": [
        0,
        1,
        2,
        0.5,
        1,
        2,
        2,
        1
      ]
    },
    {
      "Target": "PartOpacity",
      "Id": "Part21",
      "Segments": [
        0,
        1,
        2,
        0.5,
        1,
        2,
        2,
        1
      ]
    },
    {
      "Target": "PartOpacity",
      "Id": "Part27",
      "Segments": [
        0,
        1,
        2,
        0.13,
        1,
        2,
        2,
        1
      ]
    },
    {
      "Target": "PartOpacity",
      "Id": "Part32",
      "Segments": [
        0,
        1,
        2,
        0.5,
        1,
        2,
        2,
        1
      ]
    },
    {
      "Target": "PartOpacity",
      "Id": "Part17",
      "Segments": [
        0,
        1,
        2,
        0.23,
        1,
        2,
        0.5,
        1,
        2,
        2,
        1
      ]
    },
    {
      "Target": "PartOpacity",
      "Id": "Part20",
      "Segments": [
        0,
        0,
        2,
        0.47,
        1,
        2,
        2,
        1
      ]
    },
    {
      "Target": "PartOpacity",
      "Id": "Part19",
      "Segments": [
        0,
        0,
        2,
        0.23,
        0,
        2,
        2,
        0
      ]
    },
    {
      "Target": "PartOpacity",
      "Id": "Part23",
      "Segments": [
        0,
        1,
        2,
        0.43,
        1,
        3,
        0.5,
        0,
        2,
        2,
        0
      ]
    },
    {
      "Target": "PartOpacity",
      "Id": "Part6",
      "Segments": [
        0,
        1,
        2,
        0.5,
        1,
        2,
        2,
        1
      ]
    },
    {
      "Target": "PartOpacity",
      "Id": "Part10",
      "Segments": [
        0,
        1,
        2,
        0.5,
        1,
        2,
        2,
        1
      ]
    },
    {
      "Target": "PartOpacity",
      "Id": "Part9",
      "Segments": [
        0,
        1,
        2,
        0.5,
        1,
        2,
        2,
        1
      ]
    },
    {
      "Target": "Model",
      "Id": "Opacity",
      "Segments": [
        0,
        1,
        0,
        2,
        1
      ]
    },
    {
      "Target": "Parameter",
      "Id": "Param6",
      "Segments": [
        0,
        0,
        0,
        2,
        0
      ]
    },
    {
      "Target": "Parameter",
      "Id": "BrowRX",
      "Segments": [
        0,
        0,
        0,
        2,
        0
      ]
    },
    {
      "Target": "Parameter",
      "Id": "BrowLX",
      "Segments": [
        0,
        0,
        0,
        2,
        0
      ]
    },
    {
      "Target": "Parameter",
      "Id": "BrowR_Form2",
      "Segments": [
        0,
        0,
        0,
        2,
        0
      ]
    },
    {
      "Target": "Parameter",
      "Id": "BrowL_Form2",
      "Segments": [
        0,
        0,
        0,
        2,
        0
      ]
    },
    {
      "Target": "Parameter",
      "Id": "EyelidsR_Line",
      "Segments": [
        0,
        0,
        0,
        2,
        0
      ]
    },
    {
      "Target": "Parameter",
      "Id": "EyelidsL_Line",
      "Segments": [
        0,
        0,
        0,
        2,
        0
      ]
    },
    {
      "Target": "Parameter",
      "Id": "Eye_Size",
      "Segments": [
        0,
        0,
        0,
        2,
        0
      ]
    },
    {
      "Target": "Parameter",
      "Id": "EyeBall_Size",
      "Segments": [
        0,
        0,
        0,
        2,
        0
      ]
    },
    {
      "Target": "Parameter",
      "Id": "Param7",
      "Segments": [
        0,
        0,
        0,
        2,
        0
      ]
    }
  ],
  "UserData": [
    {
      "Time": 0.0,
      "Value": ""
    }
  ]
}