{
  "Version": 3,
  "Meta": {
    "Duration": 6.0,
    "Fps": 30.0,
    "Loop": true,
    "AreBeziersRestricted": true,
    "CurveCount": 89,
    "TotalSegmentCount": 158,
    "TotalPointCount": 236,
    "UserDataCount": 1,
    "TotalUserDataSize": 0
  },
  "Curves": [
    {
      "Target": "Parameter",
      "Id": "Breath",
      "Segments": [
        0,
        0,
        1,
        0.211,
        4.026,
        0.422,
        4.548,
        0.633,
        4.548,
        1,
        1.011,
        4.548,
        1.389,
        -9.708,
        1.767,
        -12.181,
        1,
        1.967,
        -13.49,
        2.167,
        -13,
        2.367,
        -13,
        1,
        2.589,
        -13,
        2.811,
        -9.651,
        3.033,
        0,
        1,
        3.189,
        6.756,
        3.344,
        12.21,
        3.5,
        12.21,
        1,
        3.667,
        12.21,
        3.833,
        12.184,
        4,
        7.489,
        1,
        4.344,
        -2.213,
        4.689,
        -12.181,
        5.033,
        -12.181,
        0,
        6,
        0
      ]
    },
    {
      "Target": "Parameter",
      "Id": "Body_Twist",
      "Segments": [
        0,
        -5,
        2,
        2.267,
        -5,
        0,
        3.333,
        9.597,
        1,
        3.555,
        9.597,
        3.778,
        3.834,
        4,
        1.971,
        1,
        4.667,
        -3.62,
        5.333,
        -5,
        6,
        -5
      ]
    },
    {
      "Target": "Parameter",
      "Id": "Waist_Roll",
      "Segments": [
        0,
        1,
        0,
        0.733,
        -0.582,
        0,
        1.933,
        2.025,
        0,
        2.967,
        -0.975,
        0,
        3.967,
        1,
        0,
        5,
        -1.022,
        0,
        6,
        1
      ]
    },
    {
      "Target": "Parameter",
      "Id": "Param",
      "Segments": [
        0,
        11,
        0,
        1.233,
        -17,
        1,
        1.733,
        -17,
        2.233,
        -8.354,
        2.733,
        9.123,
        1,
        2.955,
        16.89,
        3.178,
        20.867,
        3.4,
        20.867,
        0,
        4.7,
        -11.568,
        0,
        6,
        11
      ]
    },
    {
      "Target": "Parameter",
      "Id": "Head_AngleX",
      "Segments": [
        0,
        0,
        2,
        0.7,
        0,
        1,
        0.933,
        0,
        1.167,
        0.233,
        1.4,
        1.809,
        1,
        1.7,
        3.834,
        2,
        6.547,
        2.3,
        9.809,
        1,
        2.644,
        13.554,
        2.989,
        16.809,
        3.333,
        16.809,
        1,
        3.366,
        16.809,
        3.4,
        16.979,
        3.433,
        16.109,
        1,
        3.589,
        12.049,
        3.744,
        3.346,
        3.9,
        0.809,
        1,
        4.322,
        -6.079,
        4.745,
        -8,
        5.167,
        -8,
        0,
        6,
        0
      ]
    },
    {
      "Target": "Parameter",
      "Id": "Head_AngleY",
      "Segments": [
        0,
        0,
        0,
        0.633,
        -5.962,
        1,
        0.889,
        -5.962,
        1.144,
        -1.619,
        1.4,
        0.038,
        1,
        1.7,
        1.983,
        2,
        2,
        2.3,
        2,
        0,
        3.333,
        -11.962,
        2,
        3.433,
        -11.962,
        2,
        3.9,
        -11.962,
        1,
        4.322,
        -11.962,
        4.745,
        -10.575,
        5.167,
        -5.962,
        1,
        5.445,
        -2.928,
        5.722,
        0,
        6,
        0
      ]
    },
    {
      "Target": "Parameter",
      "Id": "Head_Roll",
      "Segments": [
        0,
        0,
        0,
        0.9,
        -2.943,
        0,
        2.333,
        3.057,
        1,
        2.666,
        3.057,
        3,
        3.002,
        3.333,
        1.657,
        1,
        3.522,
        0.895,
        3.711,
        -3.943,
        3.9,
        -3.943,
        1,
        4.356,
        -3.943,
        4.811,
        -2.546,
        5.267,
        -0.943,
        1,
        5.511,
        -0.082,
        5.756,
        0,
        6,
        0
      ]
    },
    {
      "Target": "Parameter",
      "Id": "Hair_Shaking",
      "Segments": [
        0,
        0,
        0,
        0.733,
        3,
        1,
        1.166,
        3,
        1.6,
        2.422,
        2.033,
        0,
        1,
        2.144,
        -0.621,
        2.256,
        -7,
        2.367,
        -7,
        1,
        2.478,
        -7,
        2.589,
        -6.915,
        2.7,
        -6,
        1,
        2.889,
        -4.444,
        3.078,
        -2.714,
        3.267,
        0,
        1,
        3.545,
        3.992,
        3.822,
        8,
        4.1,
        8,
        0,
        4.933,
        -2,
        0,
        6,
        0
      ]
    },
    {
      "Target": "Parameter",
      "Id": "HairSide_Shaking",
      "Segments": [
        0,
        0,
        0,
        1.033,
        -7,
        0,
        1.8,
        0,
        1,
        2,
        0,
        2.2,
        -1.056,
        2.4,
        -3,
        1,
        2.611,
        -5.053,
        2.822,
        -6,
        3.033,
        -6,
        1,
        3.255,
        -6,
        3.478,
        -3.262,
        3.7,
        2,
        1,
        3.9,
        6.736,
        4.1,
        9,
        4.3,
        9,
        0,
        5,
        0,
        2,
        6,
        0
      ]
    },
    {
      "Target": "Parameter",
      "Id": "ShoulderR_Roll",
      "Segments": [
        0,
        24,
        2,
        2.267,
        24,
        0,
        3.333,
        24.945,
        0,
        4,
        24,
        2,
        6,
        24
      ]
    },
    {
      "Target": "Parameter",
      "Id": "ArmR_Roll",
      "Segments": [
        0,
        22.224,
        0,
        1.133,
        22.296,
        1,
        1.478,
        22.296,
        1.822,
        22.216,
        2.167,
        22.119,
        1,
        2.545,
        22.012,
        2.922,
        21.981,
        3.3,
        21.981,
        0,
        4.567,
        22.506,
        0,
        6,
        22.224
      ]
    },
    {
      "Target": "Parameter",
      "Id": "ArmR_Scale",
      "Segments": [
        0,
        0,
        2,
        2.267,
        0,
        1,
        2.4,
        0,
        2.534,
        3.533,
        2.667,
        6.39,
        1,
        2.745,
        8.057,
        2.822,
        8.034,
        2.9,
        8.034,
        0,
        3.333,
        7.68,
        0,
        4,
        8.566,
        0,
        6,
        0
      ]
    },
    {
      "Target": "Parameter",
      "Id": "ArmL_Roll",
      "Segments": [
        0,
        -6.5,
        1,
        0.378,
        -6.389,
        0.755,
        -6.401,
        1.133,
        -6.401,
        0,
        2.167,
        -6.477,
        0,
        3.3,
        -6.415,
        0,
        4.567,
        -6.667,
        0,
        6,
        -6.5
      ]
    },
    {
      "Target": "PartOpacity",
      "Id": "Part22",
      "Segments": [
        0,
        1,
        2,
        6,
        1
      ]
    },
    {
      "Target": "PartOpacity",
      "Id": "Part8",
      "Segments": [
        0,
        1,
        2,
        6,
        1
      ]
    },
    {
      "Target": "PartOpacity",
      "Id": "Part13",
      "Segments": [
        0,
        1,
        2,
        6,
        1
      ]
    },
    {
      "Target": "PartOpacity",
      "Id": "Part26",
      "Segments": [
        0,
        1,
        2,
        6,
        1
      ]
    },
    {
      "Target": "PartOpacity",
      "Id": "Part14",
      "Segments": [
        0,
        0,
        2,
        6,
        0
      ]
    },
    {
      "Target": "PartOpacity",
      "Id": "Part33",
      "Segments": [
        0,
        1,
        2,
        6,
        1
      ]
    },
    {
      "Target": "PartOpacity",
      "Id": "Part24",
      "Segments": [
        0,
        1,
        2,
        6,
        1
      ]
    },
    {
      "Target": "PartOpacity",
      "Id": "Part16",
      "Segments": [
        0,
        0,
        2,
        6,
        0
      ]
    },
    {
      "Target": "PartOpacity",
      "Id": "Part15",
      "Segments": [
        0,
        0,
        2,
        6,
        0
      ]
    },
    {
      "Target": "PartOpacity",
      "Id": "Part18",
      "Segments": [
        0,
        1,
        2,
        6,
        1
      ]
    },
    {
      "Target": "PartOpacity",
      "Id": "Part29",
      "Segments": [
        0,
        0,
        2,
        6,
        0
      ]
    },
    {
      "Target": "PartOpacity",
      "Id": "Part30",
      "Segments": [
        0,
        0,
        2,
        6,
        0
      ]
    },
    {
      "Target": "PartOpacity",
      "Id": "Part5",
      "Segments": [
        0,
        1,
        2,
        6,
        1
      ]
    },
    {
      "Target": "PartOpacity",
      "Id": "Part3",
      "Segments": [
        0,
        1,
        2,
        6,
        1
      ]
    },
    {
      "Target": "PartOpacity",
      "Id": "Part4",
      "Segments": [
        0,
        1,
        2,
        6,
        1
      ]
    },
    {
      "Target": "PartOpacity",
      "Id": "Part12",
      "Segments": [
        0,
        0,
        2,
        6,
        0
      ]
    },
    {
      "Target": "PartOpacity",
      "Id": "Part11",
      "Segments": [
        0,
        1,
        2,
        6,
        1
      ]
    },
    {
      "Target": "PartOpacity",
      "Id": "Part25",
      "Segments": [
        0,
        1,
        2,
        6,
        1
      ]
    },
    {
      "Target": "PartOpacity",
      "Id": "Part",
      "Segments": [
        0,
        1,
        2,
        6,
        1
      ]
    },
    {
      "Target": "PartOpacity",
      "Id": "Part2",
      "Segments": [
        0,
        1,
        2,
        6,
        1
      ]
    },
    {
      "Target": "PartOpacity",
      "Id": "Part7",
      "Segments": [
        0,
        1,
        2,
        6,
        1
      ]
    },
    {
      "Target": "PartOpacity",
      "Id": "Part21",
      "Segments": [
        0,
        1,
        2,
        6,
        1
      ]
    },
    {
      "Target": "PartOpacity",
      "Id": "Part27",
      "Segments": [
        0,
        1,
        2,
        6,
        1
      ]
    },
    {
      "Target": "PartOpacity",
      "Id": "Part32",
      "Segments": [
        0,
        1,
        2,
        6,
        1
      ]
    },
    {
      "Target": "PartOpacity",
      "Id": "Part17",
      "Segments": [
        0,
        1,
        2,
        6,
        1
      ]
    },
    {
      "Target": "PartOpacity",
      "Id": "Part20",
      "Segments": [
        0,
        1,
        2,
        6,
        1
      ]
    },
    {
      "Target": "PartOpacity",
      "Id": "Part19",
      "Segments": [
        0,
        0,
        2,
        6,
        0
      ]
    },
    {
      "Target": "PartOpacity",
      "Id": "Part23",
      "Segments": [
        0,
        0,
        2,
        6,
        0
      ]
    },
    {
      "Target": "PartOpacity",
      "Id": "Part6",
      "Segments": [
        0,
        1,
        2,
        6,
        1
      ]
    },
    {
      "Target": "PartOpacity",
      "Id": "Part10",
      "Segments": [
        0,
        1,
        2,
        6,
        1
      ]
    },
    {
      "Target": "PartOpacity",
      "Id": "Part9",
      "Segments": [
        0,
        1,
        2,
        6,
        1
      ]
    },
    {
      "Target": "Model",
      "Id": "Opacity",
      "Segments": [
        0,
        1,
        0,
        6,
        1
      ]
    },
    {
      "Target": "Parameter",
      "Id": "Param6",
      "Segments": [
        0,
        0,
        0,
        6,
        0
      ]
    },
    {
      "Target": "Parameter",
      "Id": "HeadY",
      "Segments": [
        0,
        0,
        0,
        6,
        0
      ]
    },
    {
      "Target": "Parameter",
      "Id": "BrowRY",
      "Segments": [
        0,
        -0.2,
        0,
        6,
        -0.2
      ]
    },
    {
      "Target": "Parameter",
      "Id": "BrowRX",
      "Segments": [
        0,
        0,
        0,
        6,
        0
      ]
    },
    {
      "Target": "Parameter",
      "Id": "BrowR_Angle",
      "Segments": [
        0,
        1,
        0,
        6,
        1
      ]
    },
    {
      "Target": "Parameter",
      "Id": "BrowR_Form",
      "Segments": [
        0,
        -1,
        0,
        6,
        -1
      ]
    },
    {
      "Target": "Parameter",
      "Id": "BrowLY",
      "Segments": [
        0,
        0,
        0,
        6,
        0
      ]
    },
    {
      "Target": "Parameter",
      "Id": "BrowLX",
      "Segments": [
        0,
        0,
        0,
        6,
        0
      ]
    },
    {
      "Target": "Parameter",
      "Id": "BrowL_Angle",
      "Segments": [
        0,
        1,
        0,
        6,
        1
      ]
    },
    {
      "Target": "Parameter",
      "Id": "BrowL_Form",
      "Segments": [
        0,
        -1,
        0,
        6,
        -1
      ]
    },
    {
      "Target": "Parameter",
      "Id": "BrowR_Form2",
      "Segments": [
        0,
        0,
        0,
        6,
        0
      ]
    },
    {
      "Target": "Parameter",
      "Id": "BrowL_Form2",
      "Segments": [
        0,
        0,
        0,
        6,
        0
      ]
    },
    {
      "Target": "Parameter",
      "Id": "EyelidsR_Line",
      "Segments": [
        0,
        0,
        0,
        6,
        0
      ]
    },
    {
      "Target": "Parameter",
      "Id": "EyelidsL_Line",
      "Segments": [
        0,
        0,
        0,
        6,
        0
      ]
    },
    {
      "Target": "Parameter",
      "Id": "Eye_Size",
      "Segments": [
        0,
        0,
        0,
        6,
        0
      ]
    },
    {
      "Target": "Parameter",
      "Id": "EyeBallX",
      "Segments": [
        0,
        0.8,
        0,
        6,
        0.8
      ]
    },
    {
      "Target": "Parameter",
      "Id": "EyeBallY",
      "Segments": [
        0,
        0.3,
        0,
        6,
        0.3
      ]
    },
    {
      "Target": "Parameter",
      "Id": "EyeR_Smile",
      "Segments": [
        0,
        0,
        0,
        6,
        0
      ]
    },
    {
      "Target": "Parameter",
      "Id": "EyeR_Open",
      "Segments": [
        0,
        1,
        0,
        6,
        1
      ]
    },
    {
      "Target": "Parameter",
      "Id": "EyeL_Smile",
      "Segments": [
        0,
        0,
        0,
        6,
        0
      ]
    },
    {
      "Target": "Parameter",
      "Id": "EyeL_Open",
      "Segments": [
        0,
        1,
        0,
        6,
        1
      ]
    },
    {
      "Target": "Parameter",
      "Id": "EyeBall_Size",
      "Segments": [
        0,
        0,
        0,
        6,
        0
      ]
    },
    {
      "Target": "Parameter",
      "Id": "EyeL_Shadow",
      "Segments": [
        0,
        10,
        0,
        6,
        10
      ]
    },
    {
      "Target": "Parameter",
      "Id": "EyeR_Shadow",
      "Segments": [
        0,
        10,
        0,
        6,
        10
      ]
    },
    {
      "Target": "Parameter",
      "Id": "Mouth_Form",
      "Segments": [
        0,
        1,
        0,
        6,
        1
      ]
    },
    {
      "Target": "Parameter",
      "Id": "Mouth_Open",
      "Segments": [
        0,
        1,
        0,
        6,
        1
      ]
    },
    {
      "Target": "Parameter",
      "Id": "Param7",
      "Segments": [
        0,
        0,
        0,
        6,
        0
      ]
    },
    {
      "Target": "Parameter",
      "Id": "Mouth_Size",
      "Segments": [
        0,
        0,
        0,
        6,
        0
      ]
    },
    {
      "Target": "Parameter",
      "Id": "ShoulderRY",
      "Segments": [
        0,
        0,
        0,
        6,
        0
      ]
    },
    {
      "Target": "Parameter",
      "Id": "ShoulderR_Scale",
      "Segments": [
        0,
        -5,
        0,
        6,
        -5
      ]
    },
    {
      "Target": "Parameter",
      "Id": "Param2",
      "Segments": [
        0,
        1,
        0,
        6,
        1
      ]
    },
    {
      "Target": "Parameter",
      "Id": "Param5",
      "Segments": [
        0,
        -25,
        0,
        6,
        -25
      ]
    },
    {
      "Target": "Parameter",
      "Id": "ShoulderLY",
      "Segments": [
        0,
        0,
        0,
        6,
        0
      ]
    },
    {
      "Target": "Parameter",
      "Id": "ShoulderL_Roll",
      "Segments": [
        0,
        -60,
        0,
        6,
        -60
      ]
    },
    {
      "Target": "Parameter",
      "Id": "ArmL_Scale",
      "Segments": [
        0,
        20,
        0,
        6,
        20
      ]
    },
    {
      "Target": "Parameter",
      "Id": "ShoulderL_Scale",
      "Segments": [
        0,
        -20,
        0,
        6,
        -20
      ]
    },
    {
      "Target": "Parameter",
      "Id": "ArmL_Position",
      "Segments": [
        0,
        1,
        0,
        6,
        1
      ]
    },
    {
      "Target": "Parameter",
      "Id": "Param4",
      "Segments": [
        0,
        -30,
        0,
        6,
        -30
      ]
    },
    {
      "Target": "Parameter",
      "Id": "HandR_Roll",
      "Segments": [
        0,
        -18,
        0,
        6,
        -18
      ]
    },
    {
      "Target": "Parameter",
      "Id": "HandL_Roll",
      "Segments": [
        0,
        29,
        0,
        6,
        29
      ]
    },
    {
      "Target": "Parameter",
      "Id": "Param3",
      "Segments": [
        0,
        -0.2,
        0,
        6,
        -0.2
      ]
    },
    {
      "Target": "Parameter",
      "Id": "LegR_Roll",
      "Segments": [
        0,
        -4,
        0,
        6,
        -4
      ]
    },
    {
      "Target": "Parameter",
      "Id": "LegL_Roll",
      "Segments": [
        0,
        2,
        0,
        6,
        2
      ]
    },
    {
      "Target": "Parameter",
      "Id": "Lowerbody_Roll",
      "Segments": [
        0,
        -8,
        0,
        6,
        -8
      ]
    }
  ],
  "UserData": [
    {
      "Time": 0.0,
      "Value": ""
    }
  ]
}