{
  "Version": 3,
  "Meta": {
    "Duration": 6.0,
    "Fps": 30.0,
    "Loop": true,
    "AreBeziersRestricted": true,
    "CurveCount": 89,
    "TotalSegmentCount": 180,
    "TotalPointCount": 282,
    "UserDataCount": 1,
    "TotalUserDataSize": 0
  },
  "Curves": [
    {
      "Target": "Parameter",
      "Id": "Breath",
      "Segments": [
        0,
        0,
        2,
        1,
        0,
        0,
        2,
        -30,
        0,
        3,
        0,
        0,
        4,
        -30,
        0,
        5.033,
        0,
        2,
        6,
        0
      ]
    },
    {
      "Target": "Parameter",
      "Id": "Body_Twist",
      "Segments": [
        0,
        4,
        1,
        0.167,
        4,
        0.333,
        9.154,
        0.5,
        12.32,
        1,
        0.767,
        17.385,
        1.033,
        22.074,
        1.3,
        24.479,
        1,
        1.4,
        25.381,
        1.5,
        25.139,
        1.6,
        25.139,
        1,
        1.933,
        25.139,
        2.267,
        6.657,
        2.6,
        0,
        1,
        3.022,
        -5.893,
        3.445,
        -8.68,
        3.867,
        -8.68,
        1,
        4.345,
        -8.68,
        4.822,
        -6.858,
        5.3,
        -1.4,
        1,
        5.533,
        1.265,
        5.767,
        4,
        6,
        4
      ]
    },
    {
      "Target": "Parameter",
      "Id": "Waist_Roll",
      "Segments": [
        0,
        -15.6,
        1,
        0.189,
        -15.6,
        0.378,
        -13.887,
        0.567,
        -12.34,
        1,
        0.911,
        -9.519,
        1.256,
        -8.68,
        1.6,
        -8.68,
        0,
        3.5,
        -13.72,
        0,
        4.567,
        -9.7,
        0,
        6,
        -15.6
      ]
    },
    {
      "Target": "Parameter",
      "Id": "Param",
      "Segments": [
        0,
        0,
        1,
        0.044,
        3.305,
        0.089,
        2.34,
        0.133,
        2.34,
        1,
        0.289,
        2.34,
        0.444,
        -4.866,
        0.6,
        -10,
        1,
        1.011,
        -23.569,
        1.422,
        -28,
        1.833,
        -28,
        0,
        2.9,
        -10,
        0,
        4.233,
        -29,
        0,
        5.033,
        -9,
        1,
        5.355,
        -9,
        5.678,
        -6.328,
        6,
        0
      ]
    },
    {
      "Target": "Parameter",
      "Id": "Param6",
      "Segments": [
        0,
        -9.3,
        1,
        0.189,
        -5.021,
        0.378,
        -4,
        0.567,
        -4,
        0,
        1.533,
        -13.049,
        0,
        3.4,
        -4,
        0,
        5.2,
        -14.417,
        1,
        5.467,
        -14.417,
        5.733,
        -13.849,
        6,
        -9.329
      ]
    },
    {
      "Target": "Parameter",
      "Id": "Head_AngleX",
      "Segments": [
        0,
        -1.175,
        1,
        0.2,
        -2.871,
        0.4,
        -4,
        0.6,
        -4,
        1,
        0.767,
        -4,
        0.933,
        -1.308,
        1.1,
        0.559,
        1,
        1.267,
        2.426,
        1.433,
        2.599,
        1.6,
        2.599,
        0,
        2.6,
        -5.709,
        1,
        2.933,
        -5.709,
        3.267,
        -5.195,
        3.6,
        -3,
        1,
        3.944,
        -0.732,
        4.289,
        1.303,
        4.633,
        1.303,
        1,
        5.089,
        1.489,
        5.544,
        1.097,
        6,
        -1.175
      ]
    },
    {
      "Target": "Parameter",
      "Id": "Head_AngleY",
      "Segments": [
        0,
        -15.7,
        1,
        0.167,
        -11.433,
        0.333,
        -7.225,
        0.5,
        -5.55,
        1,
        0.622,
        -4.322,
        0.745,
        -4.565,
        0.867,
        -3.33,
        1,
        1.111,
        -0.86,
        1.356,
        2.326,
        1.6,
        2.326,
        0,
        2.433,
        -3.014,
        0,
        3.667,
        3.674,
        0,
        4.633,
        1.531,
        1,
        5.089,
        -3.703,
        5.544,
        -21.907,
        6,
        -15.7
      ]
    },
    {
      "Target": "Parameter",
      "Id": "Head_Roll",
      "Segments": [
        0,
        -6.3,
        1,
        0.244,
        -5.279,
        0.489,
        -3.668,
        0.733,
        -1.439,
        1,
        1.078,
        1.701,
        1.422,
        5.024,
        1.767,
        5.024,
        0,
        2.667,
        -0.464,
        0,
        4.033,
        6.695,
        1,
        4.689,
        6.695,
        5.344,
        -8.173,
        6,
        -6.3
      ]
    },
    {
      "Target": "Parameter",
      "Id": "EyeBallX",
      "Segments": [
        0,
        0.226,
        1,
        0.467,
        0.138,
        0.933,
        0,
        1.4,
        0,
        1,
        2.933,
        0,
        4.467,
        0.229,
        6,
        0.287
      ]
    },
    {
      "Target": "Parameter",
      "Id": "EyeBallY",
      "Segments": [
        0,
        0.138,
        0,
        1.4,
        0,
        1,
        2.933,
        0,
        4.467,
        0.037,
        6,
        0.138
      ]
    },
    {
      "Target": "Parameter",
      "Id": "Hair_Shaking",
      "Segments": [
        0,
        0,
        1,
        0.233,
        -1.769,
        0.467,
        -2.929,
        0.7,
        -2.929,
        0,
        1.9,
        3,
        0,
        3,
        -4.857,
        0,
        4.967,
        3,
        1,
        5.311,
        3,
        5.656,
        1.5,
        6,
        0
      ]
    },
    {
      "Target": "Parameter",
      "Id": "HairSide_Shaking",
      "Segments": [
        0,
        0,
        1,
        0.233,
        -3.42,
        0.467,
        -4,
        0.7,
        -4,
        0,
        1.9,
        1,
        0,
        3,
        -4,
        0,
        4.967,
        4,
        1,
        5.311,
        4.607,
        5.656,
        2.571,
        6,
        0
      ]
    },
    {
      "Target": "Parameter",
      "Id": "ShoulderRY",
      "Segments": [
        0,
        -7.9,
        1,
        0.111,
        -2.243,
        0.222,
        1,
        0.333,
        1,
        0,
        0.7,
        -3.862,
        0,
        1.567,
        4.138,
        0,
        2.5,
        0.998,
        0,
        3.633,
        4.138,
        0,
        4.667,
        -6.802,
        0,
        5.333,
        -2.657,
        1,
        5.555,
        -2.657,
        5.778,
        -15.782,
        6,
        -7.9
      ]
    },
    {
      "Target": "Parameter",
      "Id": "ShoulderR_Roll",
      "Segments": [
        0,
        1,
        0,
        0.767,
        3.578,
        0,
        1.633,
        -0.723,
        0,
        2.533,
        2.005,
        0,
        3.7,
        -0.723,
        0,
        4.833,
        2.005,
        1,
        5.222,
        2.005,
        5.611,
        -0.527,
        6,
        1
      ]
    },
    {
      "Target": "Parameter",
      "Id": "ArmR_Roll",
      "Segments": [
        0,
        68.5,
        1,
        0.211,
        68.866,
        0.422,
        69.187,
        0.633,
        69.187,
        0,
        1.6,
        68.91,
        0,
        2.667,
        69.78,
        0,
        3.767,
        68.515,
        0,
        4.967,
        69.78,
        0,
        6,
        68.5
      ]
    },
    {
      "Target": "Parameter",
      "Id": "ShoulderR_Scale",
      "Segments": [
        0,
        7.9,
        1,
        0.278,
        5.559,
        0.555,
        4.971,
        0.833,
        4.971,
        0,
        4.767,
        10,
        1,
        5.178,
        10,
        5.589,
        9.34,
        6,
        7.9
      ]
    },
    {
      "Target": "Parameter",
      "Id": "ShoulderLY",
      "Segments": [
        0,
        5.8,
        1,
        0.111,
        7.2,
        0.222,
        8,
        0.333,
        8,
        0,
        5.1,
        4.989,
        1,
        5.4,
        4.989,
        5.7,
        3.906,
        6,
        5.8
      ]
    },
    {
      "Target": "Parameter",
      "Id": "ShoulderL_Roll",
      "Segments": [
        0,
        -21.5,
        1,
        0.211,
        -22.306,
        0.422,
        -22.257,
        0.633,
        -22.257,
        0,
        1.567,
        -20.477,
        0,
        2.433,
        -22,
        0,
        3.3,
        -20.685,
        0,
        4.2,
        -22,
        1,
        4.4,
        -22,
        4.6,
        -21.126,
        4.8,
        -20.265,
        1,
        4.911,
        -19.788,
        5.022,
        -19.774,
        5.133,
        -19.774,
        1,
        5.422,
        -19.774,
        5.711,
        -20.547,
        6,
        -21.5
      ]
    },
    {
      "Target": "Parameter",
      "Id": "ArmL_Roll",
      "Segments": [
        0,
        -0.8,
        0,
        0.867,
        -0.823,
        0,
        1.6,
        -0.404,
        0,
        2.667,
        -1.443,
        1,
        2.945,
        -1.443,
        3.222,
        -1.124,
        3.5,
        -1.003,
        1,
        3.822,
        -0.863,
        4.145,
        -0.872,
        4.467,
        -0.723,
        1,
        4.722,
        -0.605,
        4.978,
        -0.024,
        5.233,
        -0.024,
        0,
        6,
        -0.8
      ]
    },
    {
      "Target": "Parameter",
      "Id": "HandL_Roll",
      "Segments": [
        0,
        -29.2,
        1,
        0.311,
        -29.741,
        0.622,
        -30,
        0.933,
        -30,
        0,
        1.6,
        -25.262,
        0,
        2.733,
        -30,
        0,
        3.733,
        -25.262,
        0,
        4.767,
        -30,
        0,
        6,
        -29.2
      ]
    },
    {
      "Target": "PartOpacity",
      "Id": "Part22",
      "Segments": [
        0,
        1,
        2,
        6,
        1
      ]
    },
    {
      "Target": "PartOpacity",
      "Id": "Part8",
      "Segments": [
        0,
        1,
        2,
        6,
        1
      ]
    },
    {
      "Target": "PartOpacity",
      "Id": "Part13",
      "Segments": [
        0,
        1,
        2,
        6,
        1
      ]
    },
    {
      "Target": "PartOpacity",
      "Id": "Part26",
      "Segments": [
        0,
        0,
        2,
        6,
        0
      ]
    },
    {
      "Target": "PartOpacity",
      "Id": "Part14",
      "Segments": [
        0,
        1,
        2,
        6,
        1
      ]
    },
    {
      "Target": "PartOpacity",
      "Id": "Part24",
      "Segments": [
        0,
        1,
        2,
        6,
        1
      ]
    },
    {
      "Target": "PartOpacity",
      "Id": "Part16",
      "Segments": [
        0,
        0,
        2,
        6,
        0
      ]
    },
    {
      "Target": "PartOpacity",
      "Id": "Part15",
      "Segments": [
        0,
        0,
        2,
        6,
        0
      ]
    },
    {
      "Target": "PartOpacity",
      "Id": "Part18",
      "Segments": [
        0,
        0,
        2,
        6,
        0
      ]
    },
    {
      "Target": "PartOpacity",
      "Id": "Part29",
      "Segments": [
        0,
        1,
        2,
        6,
        1
      ]
    },
    {
      "Target": "PartOpacity",
      "Id": "Part30",
      "Segments": [
        0,
        0,
        2,
        6,
        0
      ]
    },
    {
      "Target": "PartOpacity",
      "Id": "Part5",
      "Segments": [
        0,
        1,
        2,
        6,
        1
      ]
    },
    {
      "Target": "PartOpacity",
      "Id": "Part3",
      "Segments": [
        0,
        1,
        2,
        6,
        1
      ]
    },
    {
      "Target": "PartOpacity",
      "Id": "Part4",
      "Segments": [
        0,
        1,
        2,
        6,
        1
      ]
    },
    {
      "Target": "PartOpacity",
      "Id": "Part12",
      "Segments": [
        0,
        0,
        2,
        6,
        0
      ]
    },
    {
      "Target": "PartOpacity",
      "Id": "Part11",
      "Segments": [
        0,
        1,
        2,
        6,
        1
      ]
    },
    {
      "Target": "PartOpacity",
      "Id": "Part25",
      "Segments": [
        0,
        1,
        2,
        6,
        1
      ]
    },
    {
      "Target": "PartOpacity",
      "Id": "Part",
      "Segments": [
        0,
        1,
        2,
        6,
        1
      ]
    },
    {
      "Target": "PartOpacity",
      "Id": "Part2",
      "Segments": [
        0,
        1,
        2,
        6,
        1
      ]
    },
    {
      "Target": "PartOpacity",
      "Id": "Part7",
      "Segments": [
        0,
        1,
        2,
        6,
        1
      ]
    },
    {
      "Target": "PartOpacity",
      "Id": "Part21",
      "Segments": [
        0,
        1,
        2,
        6,
        1
      ]
    },
    {
      "Target": "PartOpacity",
      "Id": "Part27",
      "Segments": [
        0,
        1,
        2,
        6,
        1
      ]
    },
    {
      "Target": "PartOpacity",
      "Id": "Part17",
      "Segments": [
        0,
        1,
        2,
        6,
        1
      ]
    },
    {
      "Target": "PartOpacity",
      "Id": "Part20",
      "Segments": [
        0,
        0,
        2,
        6,
        0
      ]
    },
    {
      "Target": "PartOpacity",
      "Id": "Part19",
      "Segments": [
        0,
        0,
        2,
        6,
        0
      ]
    },
    {
      "Target": "PartOpacity",
      "Id": "Part23",
      "Segments": [
        0,
        1,
        2,
        6,
        1
      ]
    },
    {
      "Target": "PartOpacity",
      "Id": "Part6",
      "Segments": [
        0,
        1,
        2,
        6,
        1
      ]
    },
    {
      "Target": "PartOpacity",
      "Id": "Part10",
      "Segments": [
        0,
        1,
        2,
        6,
        1
      ]
    },
    {
      "Target": "PartOpacity",
      "Id": "Part9",
      "Segments": [
        0,
        1,
        2,
        6,
        1
      ]
    },
    {
      "Target": "Model",
      "Id": "Opacity",
      "Segments": [
        0,
        1,
        0,
        6,
        1
      ]
    },
    {
      "Target": "Parameter",
      "Id": "HeadY",
      "Segments": [
        0,
        -13,
        0,
        6,
        -13
      ]
    },
    {
      "Target": "Parameter",
      "Id": "BrowRY",
      "Segments": [
        0,
        -0.5,
        0,
        6,
        -0.5
      ]
    },
    {
      "Target": "Parameter",
      "Id": "BrowRX",
      "Segments": [
        0,
        0,
        0,
        6,
        0
      ]
    },
    {
      "Target": "Parameter",
      "Id": "BrowR_Angle",
      "Segments": [
        0,
        0.4,
        0,
        6,
        0.4
      ]
    },
    {
      "Target": "Parameter",
      "Id": "BrowR_Form",
      "Segments": [
        0,
        -1,
        0,
        6,
        -1
      ]
    },
    {
      "Target": "Parameter",
      "Id": "BrowLY",
      "Segments": [
        0,
        -0.4,
        0,
        6,
        -0.4
      ]
    },
    {
      "Target": "Parameter",
      "Id": "BrowLX",
      "Segments": [
        0,
        0,
        0,
        6,
        0
      ]
    },
    {
      "Target": "Parameter",
      "Id": "BrowL_Angle",
      "Segments": [
        0,
        0.6,
        0,
        6,
        0.6
      ]
    },
    {
      "Target": "Parameter",
      "Id": "BrowL_Form",
      "Segments": [
        0,
        -1,
        0,
        6,
        -1
      ]
    },
    {
      "Target": "Parameter",
      "Id": "BrowR_Form2",
      "Segments": [
        0,
        0,
        0,
        6,
        0
      ]
    },
    {
      "Target": "Parameter",
      "Id": "BrowL_Form2",
      "Segments": [
        0,
        0,
        0,
        6,
        0
      ]
    },
    {
      "Target": "Parameter",
      "Id": "EyelidsR_Line",
      "Segments": [
        0,
        0,
        0,
        6,
        0
      ]
    },
    {
      "Target": "Parameter",
      "Id": "EyelidsL_Line",
      "Segments": [
        0,
        0,
        0,
        6,
        0
      ]
    },
    {
      "Target": "Parameter",
      "Id": "Eye_Size",
      "Segments": [
        0,
        1,
        0,
        6,
        1
      ]
    },
    {
      "Target": "Parameter",
      "Id": "EyeR_Smile",
      "Segments": [
        0,
        0,
        0,
        6,
        0
      ]
    },
    {
      "Target": "Parameter",
      "Id": "EyeR_Open",
      "Segments": [
        0,
        1,
        0,
        6,
        1
      ]
    },
    {
      "Target": "Parameter",
      "Id": "EyeL_Smile",
      "Segments": [
        0,
        0,
        0,
        6,
        0
      ]
    },
    {
      "Target": "Parameter",
      "Id": "EyeL_Open",
      "Segments": [
        0,
        1,
        0,
        6,
        1
      ]
    },
    {
      "Target": "Parameter",
      "Id": "EyeBall_Size",
      "Segments": [
        0,
        0,
        0,
        6,
        0
      ]
    },
    {
      "Target": "Parameter",
      "Id": "EyeL_Shadow",
      "Segments": [
        0,
        8,
        0,
        6,
        8
      ]
    },
    {
      "Target": "Parameter",
      "Id": "EyeR_Shadow",
      "Segments": [
        0,
        0,
        0,
        6,
        0
      ]
    },
    {
      "Target": "Parameter",
      "Id": "Mouth_Form",
      "Segments": [
        0,
        -0.1,
        0,
        6,
        -0.1
      ]
    },
    {
      "Target": "Parameter",
      "Id": "Mouth_Open",
      "Segments": [
        0,
        0.9,
        0,
        6,
        0.9
      ]
    },
    {
      "Target": "Parameter",
      "Id": "Param7",
      "Segments": [
        0,
        0,
        0,
        6,
        0
      ]
    },
    {
      "Target": "Parameter",
      "Id": "Mouth_Size",
      "Segments": [
        0,
        0.8,
        0,
        6,
        0.8
      ]
    },
    {
      "Target": "Parameter",
      "Id": "Param8",
      "Segments": [
        0,
        0,
        0,
        6,
        0
      ]
    },
    {
      "Target": "Parameter",
      "Id": "ArmR_Scale",
      "Segments": [
        0,
        -5,
        0,
        6,
        -5
      ]
    },
    {
      "Target": "Parameter",
      "Id": "Param2",
      "Segments": [
        0,
        1,
        0,
        6,
        1
      ]
    },
    {
      "Target": "Parameter",
      "Id": "Param5",
      "Segments": [
        0,
        60,
        0,
        6,
        60
      ]
    },
    {
      "Target": "Parameter",
      "Id": "ArmL_Scale",
      "Segments": [
        0,
        -20,
        0,
        6,
        -20
      ]
    },
    {
      "Target": "Parameter",
      "Id": "ShoulderL_Scale",
      "Segments": [
        0,
        20,
        0,
        6,
        20
      ]
    },
    {
      "Target": "Parameter",
      "Id": "ArmL_Position",
      "Segments": [
        0,
        0,
        0,
        6,
        0
      ]
    },
    {
      "Target": "Parameter",
      "Id": "Param4",
      "Segments": [
        0,
        30,
        0,
        6,
        30
      ]
    },
    {
      "Target": "Parameter",
      "Id": "HandR_Roll",
      "Segments": [
        0,
        4,
        0,
        6,
        4
      ]
    },
    {
      "Target": "Parameter",
      "Id": "Param3",
      "Segments": [
        0,
        0,
        0,
        6,
        0
      ]
    },
    {
      "Target": "Parameter",
      "Id": "LegR_Roll",
      "Segments": [
        0,
        -9,
        0,
        6,
        -9
      ]
    },
    {
      "Target": "Parameter",
      "Id": "LegL_Roll",
      "Segments": [
        0,
        1,
        0,
        6,
        1
      ]
    },
    {
      "Target": "Parameter",
      "Id": "Lowerbody_Roll",
      "Segments": [
        0,
        -2,
        0,
        6,
        -2
      ]
    },
    {
      "Target": "PartOpacity",
      "Id": "Part32",
      "Segments": [
        0,
        1,
        0,
        6,
        1
      ]
    }
  ],
  "UserData": [
    {
      "Time": 0.0,
      "Value": ""
    }
  ]
}