{
  "Version": 3,
  "Meta": {
    "Duration": 2.0,
    "Fps": 30.0,
    "Loop": true,
    "AreBeziersRestricted": true,
    "CurveCount": 47,
    "TotalSegmentCount": 111,
    "TotalPointCount": 187,
    "UserDataCount": 1,
    "TotalUserDataSize": 0
  },
  "Curves": [
    {
      "Target": "Parameter",
      "Id": "Param3",
      "Segments": [
        0,
        0,
        0,
        2,
        3
      ]
    },
    {
      "Target": "Parameter",
      "Id": "Param8",
      "Segments": [
        0,
        0,
        0,
        2,
        -12.9
      ]
    },
    {
      "Target": "Parameter",
      "Id": "Param22",
      "Segments": [
        0,
        0,
        0,
        1.467,
        9.015,
        0,
        2,
        5.3
      ]
    },
    {
      "Target": "Parameter",
      "Id": "Param7",
      "Segments": [
        0,
        0,
        0,
        0.867,
        -2,
        0,
        2,
        1
      ]
    },
    {
      "Target": "Parameter",
      "Id": "Param15",
      "Segments": [
        0,
        0,
        0,
        1.567,
        -5,
        0,
        2,
        -2.5
      ]
    },
    {
      "Target": "Parameter",
      "Id": "Param13",
      "Segments": [
        0,
        0,
        0,
        2,
        8
      ]
    },
    {
      "Target": "Parameter",
      "Id": "Param21",
      "Segments": [
        0,
        0,
        0,
        1.8,
        12,
        0,
        2,
        11.7
      ]
    },
    {
      "Target": "Parameter",
      "Id": "Param14",
      "Segments": [
        0,
        0,
        0,
        1,
        -6,
        0,
        2,
        0
      ]
    },
    {
      "Target": "Parameter",
      "Id": "Param2",
      "Segments": [
        0,
        -30,
        0,
        1.9,
        -17,
        0,
        2,
        -17.1
      ]
    },
    {
      "Target": "Parameter",
      "Id": "Param5",
      "Segments": [
        0,
        0,
        0,
        2,
        19.4
      ]
    },
    {
      "Target": "Parameter",
      "Id": "Mouth_Open",
      "Segments": [
        0,
        1,
        1,
        0.011,
        1,
        0.022,
        0.728,
        0.033,
        0.58,
        1,
        0.066,
        0.135,
        0.1,
        0,
        0.133,
        0,
        1,
        0.189,
        0,
        0.244,
        0.915,
        0.3,
        0.933,
        1,
        0.478,
        0.991,
        0.655,
        1,
        0.833,
        1,
        2,
        2,
        1
      ]
    },
    {
      "Target": "Parameter",
      "Id": "Mouth_Size",
      "Segments": [
        0,
        0.5,
        1,
        0.011,
        0.5,
        0.022,
        0.12,
        0.033,
        0.1,
        1,
        0.078,
        0.018,
        0.122,
        0,
        0.167,
        0,
        2,
        2,
        0
      ]
    },
    {
      "Target": "Parameter",
      "Id": "ParamBrowRY",
      "Segments": [
        0,
        0,
        0,
        0.167,
        -0.009,
        1,
        0.234,
        -0.009,
        0.3,
        0.261,
        0.367,
        0.272,
        1,
        0.522,
        0.298,
        0.678,
        0.3,
        0.833,
        0.3,
        2,
        2,
        0.3
      ]
    },
    {
      "Target": "Parameter",
      "Id": "ParamBrowLY",
      "Segments": [
        0,
        0,
        0,
        0.167,
        -0.014,
        1,
        0.234,
        -0.014,
        0.3,
        0.261,
        0.367,
        0.272,
        1,
        0.522,
        0.298,
        0.678,
        0.3,
        0.833,
        0.3,
        2,
        2,
        0.3
      ]
    },
    {
      "Target": "Parameter",
      "Id": "Param16",
      "Segments": [
        0,
        0,
        2,
        0.2,
        0,
        0,
        0.367,
        30,
        0,
        0.4,
        28.325,
        0,
        0.833,
        30,
        2,
        2,
        30
      ]
    },
    {
      "Target": "Parameter",
      "Id": "ParamBrowLForm",
      "Segments": [
        0,
        0,
        2,
        0.167,
        0,
        1,
        0.234,
        0,
        0.3,
        0.719,
        0.367,
        0.743,
        1,
        0.522,
        0.796,
        0.678,
        0.8,
        0.833,
        0.8,
        2,
        2,
        0.8
      ]
    },
    {
      "Target": "Parameter",
      "Id": "ParamBrowRForm",
      "Segments": [
        0,
        0,
        2,
        0.167,
        0,
        1,
        0.234,
        0,
        0.3,
        0.695,
        0.367,
        0.725,
        1,
        0.522,
        0.795,
        0.678,
        0.8,
        0.833,
        0.8,
        2,
        2,
        0.8
      ]
    },
    {
      "Target": "Parameter",
      "Id": "Param12",
      "Segments": [
        0,
        0,
        1,
        0.1,
        0,
        0.2,
        -0.92,
        0.3,
        -0.949,
        1,
        0.478,
        -1.001,
        0.655,
        -1,
        0.833,
        -1,
        2,
        2,
        -1
      ]
    },
    {
      "Target": "Parameter",
      "Id": "ParamMouthForm",
      "Segments": [
        0,
        0,
        0,
        0.067,
        1,
        2,
        0.833,
        1,
        2,
        2,
        1
      ]
    },
    {
      "Target": "Parameter",
      "Id": "Param11",
      "Segments": [
        0,
        0,
        2,
        0.233,
        0,
        1,
        0.266,
        0,
        0.3,
        -2.49,
        0.333,
        -2.56,
        1,
        0.5,
        -2.908,
        0.666,
        -3,
        0.833,
        -3,
        2,
        2,
        -3
      ]
    },
    {
      "Target": "Parameter",
      "Id": "ParamBrowLAngle",
      "Segments": [
        0,
        0,
        1,
        0.122,
        0,
        0.245,
        -0.089,
        0.367,
        -0.094,
        1,
        0.522,
        -0.101,
        0.678,
        -0.1,
        0.833,
        -0.1,
        2,
        2,
        -0.1
      ]
    },
    {
      "Target": "Parameter",
      "Id": "ParamBrowRAngle",
      "Segments": [
        0,
        0,
        1,
        0.122,
        0,
        0.245,
        -0.088,
        0.367,
        -0.094,
        1,
        0.522,
        -0.101,
        0.678,
        -0.1,
        0.833,
        -0.1,
        2,
        2,
        -0.1
      ]
    },
    {
      "Target": "Parameter",
      "Id": "EyeL_Open",
      "Segments": [
        0,
        1,
        1,
        0.011,
        1,
        0.022,
        1.003,
        0.033,
        0.9,
        1,
        0.044,
        0.797,
        0.056,
        0.369,
        0.067,
        0.2,
        1,
        0.078,
        0.031,
        0.089,
        0,
        0.1,
        0,
        2,
        0.2,
        0,
        1,
        0.211,
        0,
        0.222,
        0.031,
        0.233,
        0.2,
        1,
        0.244,
        0.369,
        0.256,
        0.797,
        0.267,
        0.9,
        1,
        0.278,
        1.003,
        0.289,
        1,
        0.3,
        1,
        2,
        0.833,
        1,
        2,
        2,
        1
      ]
    },
    {
      "Target": "Parameter",
      "Id": "ParamEyeRSmile",
      "Segments": [
        0,
        0,
        2,
        0.1,
        0,
        2,
        0.2,
        0,
        1,
        0.233,
        0,
        0.267,
        0.385,
        0.3,
        0.4,
        1,
        0.478,
        0.478,
        0.655,
        0.5,
        0.833,
        0.5,
        2,
        2,
        0.5
      ]
    },
    {
      "Target": "Parameter",
      "Id": "ParamEyeLSmile",
      "Segments": [
        0,
        0,
        2,
        0.1,
        0,
        2,
        0.2,
        0,
        1,
        0.233,
        0,
        0.267,
        0.385,
        0.3,
        0.4,
        1,
        0.478,
        0.478,
        0.655,
        0.5,
        0.833,
        0.5,
        2,
        2,
        0.5
      ]
    },
    {
      "Target": "Parameter",
      "Id": "EyeR_Open",
      "Segments": [
        0,
        1,
        1,
        0.011,
        1,
        0.022,
        1.003,
        0.033,
        0.9,
        1,
        0.044,
        0.797,
        0.056,
        0.369,
        0.067,
        0.2,
        1,
        0.078,
        0.031,
        0.089,
        0,
        0.1,
        0,
        2,
        0.2,
        0,
        1,
        0.211,
        0,
        0.222,
        0.031,
        0.233,
        0.2,
        1,
        0.244,
        0.369,
        0.256,
        0.797,
        0.267,
        0.9,
        1,
        0.278,
        1.003,
        0.289,
        1,
        0.3,
        1,
        2,
        0.833,
        1,
        2,
        2,
        1
      ]
    },
    {
      "Target": "Parameter",
      "Id": "Param20",
      "Segments": [
        0,
        0,
        0,
        2,
        0
      ]
    },
    {
      "Target": "Parameter",
      "Id": "Param9",
      "Segments": [
        0,
        0,
        0,
        2,
        0
      ]
    },
    {
      "Target": "Parameter",
      "Id": "Param23",
      "Segments": [
        0,
        0,
        0,
        2,
        0
      ]
    },
    {
      "Target": "Parameter",
      "Id": "Param18",
      "Segments": [
        0,
        0,
        0,
        2,
        0
      ]
    },
    {
      "Target": "Parameter",
      "Id": "Param",
      "Segments": [
        0,
        0,
        0,
        2,
        0
      ]
    },
    {
      "Target": "Parameter",
      "Id": "Param24",
      "Segments": [
        0,
        0,
        0,
        2,
        0
      ]
    },
    {
      "Target": "Parameter",
      "Id": "Param25",
      "Segments": [
        0,
        0,
        0,
        2,
        0
      ]
    },
    {
      "Target": "Parameter",
      "Id": "ParamBrowRX",
      "Segments": [
        0,
        0,
        0,
        2,
        0
      ]
    },
    {
      "Target": "Parameter",
      "Id": "ParamBrowLX",
      "Segments": [
        0,
        0,
        0,
        2,
        0
      ]
    },
    {
      "Target": "Parameter",
      "Id": "Param10",
      "Segments": [
        0,
        -6,
        0,
        2,
        -6
      ]
    },
    {
      "Target": "Parameter",
      "Id": "ParamEyeBallX",
      "Segments": [
        0,
        0,
        0,
        2,
        0
      ]
    },
    {
      "Target": "Parameter",
      "Id": "ParamEyeBallY",
      "Segments": [
        0,
        0,
        0,
        2,
        0
      ]
    },
    {
      "Target": "Parameter",
      "Id": "Param17",
      "Segments": [
        0,
        0,
        0,
        2,
        0
      ]
    },
    {
      "Target": "PartOpacity",
      "Id": "Part8",
      "Segments": [
        0,
        1,
        0,
        2,
        1
      ]
    },
    {
      "Target": "PartOpacity",
      "Id": "Part13",
      "Segments": [
        0,
        1,
        0,
        2,
        1
      ]
    },
    {
      "Target": "PartOpacity",
      "Id": "Part14",
      "Segments": [
        0,
        1,
        0,
        2,
        1
      ]
    },
    {
      "Target": "PartOpacity",
      "Id": "Part11",
      "Segments": [
        0,
        1,
        0,
        2,
        1
      ]
    },
    {
      "Target": "PartOpacity",
      "Id": "Part12",
      "Segments": [
        0,
        1,
        0,
        2,
        1
      ]
    },
    {
      "Target": "PartOpacity",
      "Id": "Part9",
      "Segments": [
        0,
        1,
        0,
        2,
        1
      ]
    },
    {
      "Target": "PartOpacity",
      "Id": "Part",
      "Segments": [
        0,
        1,
        0,
        2,
        1
      ]
    },
    {
      "Target": "PartOpacity",
      "Id": "Part10",
      "Segments": [
        0,
        1,
        0,
        2,
        1
      ]
    }
  ],
  "UserData": [
    {
      "Time": 0.0,
      "Value": ""
    }
  ]
}