{
  "Version": 3,
  "Meta": {
    "Duration": 8.0,
    "Fps": 30.0,
    "Loop": true,
    "AreBeziersRestricted": true,
    "CurveCount": 58,
    "TotalSegmentCount": 233,
    "TotalPointCount": 387,
    "UserDataCount": 0,
    "TotalUserDataSize": 0
  },
  "Curves": [
    {
      "Target": "Parameter",
      "Id": "EyeL_Open",
      "Segments": [
        0,
        1.1,
        2,
        2.267,
        1.1,
        0,
        2.867,
        0,
        2,
        5.3,
        0,
        0,
        5.867,
        1.1,
        2,
        8,
        1.1
      ]
    },
    {
      "Target": "Parameter",
      "Id": "EyeR_Open",
      "Segments": [
        0,
        1.1,
        2,
        2.267,
        1.1,
        0,
        2.867,
        0,
        2,
        5.3,
        0,
        0,
        5.867,
        1.1,
        2,
        8,
        1.1
      ]
    },
    {
      "Target": "Parameter",
      "Id": "EyeBallX",
      "Segments": [
        0,
        0.056,
        0,
        1.2,
        0,
        2,
        2.2,
        0,
        0,
        3.4,
        0.116,
        2,
        4.667,
        0.116,
        1,
        5.778,
        0.116,
        6.889,
        0.076,
        8,
        0.056
      ]
    },
    {
      "Target": "Parameter",
      "Id": "EyeBallY",
      "Segments": [
        0,
        0.436,
        1,
        0.4,
        0.428,
        0.8,
        0.2,
        1.2,
        0.2,
        2,
        2.2,
        0.2,
        0,
        3.4,
        0.442,
        2,
        4.667,
        0.442,
        0,
        8,
        0.436
      ]
    },
    {
      "Target": "Parameter",
      "Id": "HeadX",
      "Segments": [
        0,
        6.06,
        1,
        0.522,
        6.855,
        1.045,
        9.18,
        1.567,
        9.18,
        1,
        1.834,
        9.18,
        2.1,
        9.226,
        2.367,
        8.99,
        1,
        2.834,
        8.577,
        3.3,
        7.127,
        3.767,
        6.531,
        1,
        4,
        6.233,
        4.234,
        6.207,
        4.467,
        5.953,
        1,
        4.956,
        5.42,
        5.444,
        5.01,
        5.933,
        5.01,
        1,
        6.622,
        5.01,
        7.311,
        5.03,
        8,
        6.06
      ]
    },
    {
      "Target": "Parameter",
      "Id": "HeadY",
      "Segments": [
        0,
        2.88,
        1,
        0.4,
        4.601,
        0.8,
        11.94,
        1.2,
        11.94,
        1,
        1.533,
        11.94,
        1.867,
        12.113,
        2.2,
        11.202,
        1,
        2.556,
        10.231,
        2.911,
        -0.149,
        3.267,
        -4.018,
        1,
        3.578,
        -7.404,
        3.889,
        -8.03,
        4.2,
        -8.03,
        1,
        4.833,
        -8.03,
        5.467,
        -5.852,
        6.1,
        -3.359,
        1,
        6.733,
        -0.866,
        7.367,
        -0.089,
        8,
        2.88
      ]
    },
    {
      "Target": "Parameter",
      "Id": "NeckZ",
      "Segments": [
        0,
        -0.12,
        1,
        0.556,
        0.32,
        1.111,
        0.78,
        1.667,
        0.78,
        2,
        2.3,
        0.78,
        1,
        2.611,
        0.78,
        2.922,
        -1.62,
        3.233,
        -2.16,
        1,
        3.566,
        -2.739,
        3.9,
        -2.679,
        4.233,
        -2.679,
        1,
        4.922,
        -2.679,
        5.611,
        -2.355,
        6.3,
        -1.618,
        1,
        6.644,
        -1.25,
        6.989,
        -0.659,
        7.333,
        -0.415,
        1,
        7.555,
        -0.257,
        7.778,
        -0.29,
        8,
        -0.12
      ]
    },
    {
      "Target": "Parameter",
      "Id": "BodyX",
      "Segments": [
        0,
        -0.86,
        1,
        0.556,
        0.274,
        1.111,
        1.33,
        1.667,
        1.33,
        1,
        1.845,
        1.33,
        2.022,
        1.347,
        2.2,
        1.237,
        1,
        2.422,
        1.099,
        2.645,
        0.951,
        2.867,
        0.151,
        1,
        3.389,
        -1.729,
        3.911,
        -5.709,
        4.433,
        -5.709,
        1,
        4.978,
        -5.709,
        5.522,
        -3.352,
        6.067,
        -2.599,
        1,
        6.711,
        -1.708,
        7.356,
        -1.724,
        8,
        -0.86
      ]
    },
    {
      "Target": "Parameter",
      "Id": "BodyY",
      "Segments": [
        0,
        1.3,
        1,
        0.322,
        2.241,
        0.645,
        4.16,
        0.967,
        4.16,
        1,
        1.378,
        4.16,
        1.789,
        4.066,
        2.2,
        3.771,
        1,
        2.456,
        3.588,
        2.711,
        3.498,
        2.967,
        3.068,
        1,
        3.245,
        2.601,
        3.522,
        0,
        3.8,
        0,
        0,
        6.167,
        0.67,
        0,
        7.1,
        0.49,
        1,
        7.4,
        0.49,
        7.7,
        0.457,
        8,
        1.3
      ]
    },
    {
      "Target": "Parameter",
      "Id": "BodyZ",
      "Segments": [
        0,
        1.5,
        1,
        0.344,
        1.676,
        0.689,
        1.717,
        1.033,
        1.888,
        1,
        1.244,
        1.992,
        1.456,
        2.217,
        1.667,
        2.217,
        1,
        1.845,
        2.217,
        2.022,
        2.219,
        2.2,
        2.175,
        1,
        2.467,
        2.108,
        2.733,
        2.066,
        3,
        1.842,
        1,
        3.4,
        1.505,
        3.8,
        0.253,
        4.2,
        0.253,
        1,
        4.556,
        0.253,
        4.911,
        0.851,
        5.267,
        0.882,
        1,
        5.834,
        0.931,
        6.4,
        0.928,
        6.967,
        0.975,
        1,
        7.311,
        1.004,
        7.656,
        1.271,
        8,
        1.5
      ]
    },
    {
      "Target": "Parameter",
      "Id": "BodyUpper",
      "Segments": [
        0,
        1.9,
        1,
        0.556,
        2.239,
        1.111,
        3.898,
        1.667,
        4.98,
        1,
        2.022,
        5.672,
        2.378,
        6.114,
        2.733,
        6.114,
        1,
        2.878,
        6.114,
        3.022,
        5.74,
        3.167,
        4.835,
        1,
        3.345,
        3.72,
        3.522,
        2.365,
        3.7,
        1.314,
        1,
        3.867,
        0.329,
        4.033,
        -0.015,
        4.2,
        -0.015,
        1,
        4.867,
        -0.015,
        5.533,
        0.851,
        6.2,
        1.24,
        1,
        6.8,
        1.591,
        7.4,
        1.542,
        8,
        1.9
      ]
    },
    {
      "Target": "Parameter",
      "Id": "Breath",
      "Segments": [
        0,
        0,
        0,
        2,
        0.5,
        0,
        4,
        0,
        0,
        6,
        0.5,
        0,
        8,
        0
      ]
    },
    {
      "Target": "Parameter",
      "Id": "ShoulderL_Move",
      "Segments": [
        0,
        -0.085,
        1,
        0.244,
        0.679,
        0.489,
        1.104,
        0.733,
        1.962,
        1,
        1.011,
        2.937,
        1.289,
        3.853,
        1.567,
        3.853,
        0,
        3,
        -0.897,
        1,
        3.311,
        -0.897,
        3.622,
        -0.753,
        3.933,
        -0.137,
        1,
        4.255,
        0.501,
        4.578,
        1.072,
        4.9,
        1.072,
        0,
        6.7,
        -2.211,
        1,
        7.133,
        -2.211,
        7.567,
        -1.42,
        8,
        -0.085
      ]
    },
    {
      "Target": "Parameter",
      "Id": "ShoulderR_Move",
      "Segments": [
        0,
        7.735,
        2,
        2.533,
        7.735,
        0,
        3.867,
        8.71,
        0,
        5.433,
        7.735,
        2,
        8,
        7.735
      ]
    },
    {
      "Target": "Parameter",
      "Id": "ShoulderL_Roll",
      "Segments": [
        0,
        4.1,
        1,
        0.467,
        6.335,
        0.933,
        10.464,
        1.4,
        10.464,
        1,
        1.844,
        10.464,
        2.289,
        10.239,
        2.733,
        9.007,
        1,
        3.133,
        7.899,
        3.533,
        5.903,
        3.933,
        4.271,
        1,
        4.355,
        2.548,
        4.778,
        1.602,
        5.2,
        1.602,
        2,
        6.467,
        1.602,
        1,
        6.978,
        1.602,
        7.489,
        1.583,
        8,
        4.1
      ]
    },
    {
      "Target": "Parameter",
      "Id": "ElbowL_Roll",
      "Segments": [
        0,
        -0.8,
        1,
        0.378,
        -0.8,
        0.755,
        -0.818,
        1.133,
        -0.695,
        1,
        1.444,
        -0.593,
        1.756,
        1.349,
        2.067,
        1.349,
        1,
        2.389,
        1.349,
        2.711,
        0.912,
        3.033,
        0.168,
        1,
        3.333,
        -0.525,
        3.633,
        -0.813,
        3.933,
        -0.813,
        0,
        6.367,
        1.02,
        0,
        8,
        -0.8
      ]
    },
    {
      "Target": "Parameter",
      "Id": "ShoulderR_Roll",
      "Segments": [
        0,
        -25.9,
        0,
        1.733,
        -23.98,
        1,
        1.933,
        -23.98,
        2.133,
        -23.93,
        2.333,
        -24.281,
        1,
        2.689,
        -24.905,
        3.044,
        -25.9,
        3.4,
        -25.9,
        1,
        3.578,
        -25.9,
        3.755,
        -25.948,
        3.933,
        -25.769,
        1,
        4.6,
        -25.098,
        5.266,
        -24.374,
        5.933,
        -24.374,
        0,
        8,
        -25.9
      ]
    },
    {
      "Target": "Parameter",
      "Id": "ElbowR_Roll",
      "Segments": [
        0,
        -26.9,
        1,
        0.244,
        -26.949,
        0.489,
        -26.947,
        0.733,
        -26.947,
        1,
        1.144,
        -26.947,
        1.556,
        -26.753,
        1.967,
        -26.57,
        1,
        2.222,
        -26.457,
        2.478,
        -26.452,
        2.733,
        -26.452,
        1,
        3.066,
        -26.452,
        3.4,
        -26.678,
        3.733,
        -27.035,
        1,
        3.866,
        -27.179,
        4,
        -27.214,
        4.133,
        -27.214,
        1,
        4.666,
        -27.214,
        5.2,
        -26.964,
        5.733,
        -26.78,
        1,
        6.011,
        -26.685,
        6.289,
        -26.696,
        6.567,
        -26.696,
        1,
        7.045,
        -26.696,
        7.522,
        -26.804,
        8,
        -26.9
      ]
    },
    {
      "Target": "Parameter",
      "Id": "HairFront_Shaking",
      "Segments": [
        0,
        0,
        1,
        0.2,
        0.034,
        0.4,
        0.049,
        0.6,
        0.049,
        0,
        1.233,
        -0.099,
        0,
        1.767,
        0.004,
        0,
        2.3,
        -0.014,
        0,
        2.867,
        0.113,
        0,
        3.6,
        -0.115,
        0,
        4.167,
        0.094,
        0,
        4.667,
        0,
        0,
        4.8,
        0.041,
        0,
        5.1,
        0.01,
        0,
        5.433,
        0.021,
        0,
        7.067,
        -0.029,
        0,
        7.333,
        -0.027,
        0,
        7.467,
        -0.065,
        0,
        7.867,
        -0.008,
        2,
        7.9,
        -0.008,
        0,
        8,
        0
      ]
    },
    {
      "Target": "Parameter",
      "Id": "HairSide_Shaking",
      "Segments": [
        0,
        0,
        1,
        0.2,
        0.022,
        0.4,
        0.033,
        0.6,
        0.033,
        0,
        1.233,
        -0.066,
        0,
        1.767,
        0.003,
        0,
        2.3,
        -0.009,
        0,
        2.867,
        0.075,
        0,
        3.6,
        -0.077,
        0,
        4.167,
        0.063,
        0,
        4.667,
        0,
        0,
        4.8,
        0.028,
        0,
        5.1,
        0.006,
        0,
        5.433,
        0.014,
        0,
        7.067,
        -0.019,
        0,
        7.333,
        -0.018,
        0,
        7.467,
        -0.044,
        0,
        7.867,
        -0.005,
        2,
        7.9,
        -0.005,
        0,
        8,
        0
      ]
    },
    {
      "Target": "Parameter",
      "Id": "HairUnder_Shaking",
      "Segments": [
        0,
        0,
        1,
        0.2,
        0.034,
        0.4,
        0.049,
        0.6,
        0.049,
        0,
        1.233,
        -0.099,
        0,
        1.767,
        0.004,
        0,
        2.3,
        -0.014,
        0,
        2.867,
        0.113,
        0,
        3.6,
        -0.115,
        0,
        4.167,
        0.094,
        0,
        4.667,
        0,
        0,
        4.8,
        0.041,
        0,
        5.1,
        0.01,
        0,
        5.433,
        0.021,
        0,
        7.067,
        -0.029,
        0,
        7.333,
        -0.027,
        0,
        7.467,
        -0.065,
        0,
        7.867,
        -0.008,
        2,
        7.9,
        -0.008,
        0,
        8,
        0
      ]
    },
    {
      "Target": "Parameter",
      "Id": "JacketCollar_Shaking",
      "Segments": [
        0,
        0,
        0,
        0.433,
        -0.07,
        2,
        0.5,
        -0.07,
        2,
        0.567,
        -0.07,
        0,
        2.833,
        0.055,
        0,
        3.033,
        0.05,
        0,
        3.433,
        0.08,
        0,
        4.267,
        0.006,
        0,
        4.567,
        0.007,
        0,
        6,
        -0.001,
        2,
        6.167,
        -0.001,
        1,
        6.778,
        -0.001,
        7.389,
        -0.001,
        8,
        0
      ]
    },
    {
      "Target": "Parameter",
      "Id": "Jacket_Shaking",
      "Segments": [
        0,
        0,
        0,
        0.4,
        -0.07,
        0,
        0.5,
        -0.069,
        0,
        0.533,
        -0.07,
        0,
        2.767,
        0.055,
        0,
        3,
        0.05,
        0,
        3.4,
        0.081,
        0,
        4.233,
        0.006,
        0,
        4.533,
        0.007,
        0,
        5.967,
        -0.001,
        2,
        6.133,
        -0.001,
        1,
        6.755,
        -0.001,
        7.378,
        -0.001,
        8,
        0
      ]
    },
    {
      "Target": "Parameter",
      "Id": "Necklace_Shaking",
      "Segments": [
        0,
        0,
        0,
        0.1,
        -0.012,
        0,
        1.067,
        0.008,
        0,
        1.467,
        -0.002,
        0,
        1.833,
        0.006,
        0,
        2.2,
        0.001,
        0,
        2.567,
        0.018,
        0,
        3.033,
        -0.013,
        0,
        3.4,
        0.034,
        0,
        3.9,
        -0.041,
        0,
        4.333,
        0.029,
        0,
        4.767,
        -0.018,
        0,
        5.2,
        0.013,
        0,
        5.633,
        -0.01,
        0,
        6.067,
        0.006,
        0,
        6.533,
        -0.005,
        0,
        6.9,
        0,
        2,
        8,
        0
      ]
    },
    {
      "Target": "Parameter",
      "Id": "BrowLY",
      "Segments": [
        0,
        0.2,
        0,
        8,
        0.2
      ]
    },
    {
      "Target": "Parameter",
      "Id": "BrowRY",
      "Segments": [
        0,
        0.2,
        0,
        8,
        0.2
      ]
    },
    {
      "Target": "Parameter",
      "Id": "BrowLX",
      "Segments": [
        0,
        0.2,
        0,
        8,
        0.2
      ]
    },
    {
      "Target": "Parameter",
      "Id": "BrowRX",
      "Segments": [
        0,
        0.392,
        0,
        8,
        0.392
      ]
    },
    {
      "Target": "Parameter",
      "Id": "BrowL_Angle",
      "Segments": [
        0,
        0.532,
        0,
        8,
        0.532
      ]
    },
    {
      "Target": "Parameter",
      "Id": "BrowR_Angle",
      "Segments": [
        0,
        0.532,
        0,
        8,
        0.532
      ]
    },
    {
      "Target": "Parameter",
      "Id": "BrowL_Form",
      "Segments": [
        0,
        0.3,
        0,
        8,
        0.3
      ]
    },
    {
      "Target": "Parameter",
      "Id": "BrowR_Form",
      "Segments": [
        0,
        0.4,
        0,
        8,
        0.4
      ]
    },
    {
      "Target": "Parameter",
      "Id": "EyeL_Smile",
      "Segments": [
        0,
        1,
        0,
        8,
        1
      ]
    },
    {
      "Target": "Parameter",
      "Id": "EyeR_Smile",
      "Segments": [
        0,
        1,
        0,
        8,
        1
      ]
    },
    {
      "Target": "Parameter",
      "Id": "EyeBall_Size",
      "Segments": [
        0,
        0,
        0,
        8,
        0
      ]
    },
    {
      "Target": "Parameter",
      "Id": "Mouth_Form",
      "Segments": [
        0,
        1,
        0,
        8,
        1
      ]
    },
    {
      "Target": "Parameter",
      "Id": "Mouth_Open",
      "Segments": [
        0,
        1,
        0,
        8,
        1
      ]
    },
    {
      "Target": "Parameter",
      "Id": "Teeth01",
      "Segments": [
        0,
        1,
        0,
        8,
        1
      ]
    },
    {
      "Target": "Parameter",
      "Id": "Mouth_Size",
      "Segments": [
        0,
        0.8,
        0,
        8,
        0.8
      ]
    },
    {
      "Target": "Parameter",
      "Id": "HandL_Roll",
      "Segments": [
        0,
        0,
        0,
        8,
        0
      ]
    },
    {
      "Target": "Parameter",
      "Id": "Arm01L_Strech",
      "Segments": [
        0,
        0,
        0,
        8,
        0
      ]
    },
    {
      "Target": "Parameter",
      "Id": "Arm02L_Strech",
      "Segments": [
        0,
        -0.92,
        0,
        8,
        -0.92
      ]
    },
    {
      "Target": "Parameter",
      "Id": "Arm02L_Bias",
      "Segments": [
        0,
        -3.42,
        0,
        8,
        -3.42
      ]
    },
    {
      "Target": "Parameter",
      "Id": "HandL_Strech",
      "Segments": [
        0,
        0,
        0,
        8,
        0
      ]
    },
    {
      "Target": "Parameter",
      "Id": "HandL01",
      "Segments": [
        0,
        1,
        0,
        8,
        1
      ]
    },
    {
      "Target": "Parameter",
      "Id": "HandL02",
      "Segments": [
        0,
        0,
        0,
        8,
        0
      ]
    },
    {
      "Target": "Parameter",
      "Id": "HandR_Roll",
      "Segments": [
        0,
        0,
        0,
        8,
        0
      ]
    },
    {
      "Target": "Parameter",
      "Id": "Arm01R_Strech",
      "Segments": [
        0,
        -8.8,
        0,
        8,
        -8.8
      ]
    },
    {
      "Target": "Parameter",
      "Id": "Arm02R_Strech",
      "Segments": [
        0,
        -8.94,
        0,
        8,
        -8.94
      ]
    },
    {
      "Target": "Parameter",
      "Id": "Arm02R_Bias",
      "Segments": [
        0,
        0,
        0,
        8,
        0
      ]
    },
    {
      "Target": "Parameter",
      "Id": "ShoulderR_Reform",
      "Segments": [
        0,
        0,
        0,
        8,
        0
      ]
    },
    {
      "Target": "Parameter",
      "Id": "SleeveR",
      "Segments": [
        0,
        1,
        0,
        8,
        1
      ]
    },
    {
      "Target": "Parameter",
      "Id": "HandR_Strech",
      "Segments": [
        0,
        10,
        0,
        8,
        10
      ]
    },
    {
      "Target": "Parameter",
      "Id": "HandR01",
      "Segments": [
        0,
        0,
        0,
        8,
        0
      ]
    },
    {
      "Target": "Parameter",
      "Id": "HandR02",
      "Segments": [
        0,
        1,
        0,
        8,
        1
      ]
    },
    {
      "Target": "Parameter",
      "Id": "ALLX",
      "Segments": [
        0,
        0,
        0,
        8,
        0
      ]
    },
    {
      "Target": "Parameter",
      "Id": "ALLY",
      "Segments": [
        0,
        0,
        0,
        8,
        0
      ]
    },
    {
      "Target": "Parameter",
      "Id": "ALLZ",
      "Segments": [
        0,
        0,
        0,
        8,
        0
      ]
    }
  ],
  "UserData": []
}