{
  "Version": 3,
  "Meta": {
    "Duration": 7.967,
    "Fps": 30.0,
    "Loop": true,
    "AreBeziersRestricted": true,
    "CurveCount": 58,
    "TotalSegmentCount": 173,
    "TotalPointCount": 383,
    "UserDataCount": 0,
    "TotalUserDataSize": 0
  },
  "Curves": [
    {
      "Target": "Parameter",
      "Id": "EyeBallX",
      "Segments": [
        0,
        0.045,
        1,
        0.322,
        0.049,
        0.645,
        0.1,
        0.967,
        0.1,
        0,
        2.067,
        -0.1,
        1,
        2.367,
        -0.1,
        2.667,
        -0.039,
        2.967,
        0,
        1,
        3.578,
        0.08,
        4.189,
        0.1,
        4.8,
        0.1,
        0,
        5.833,
        -0.1,
        1,
        6.144,
        -0.1,
        6.456,
        -0.032,
        6.767,
        0,
        1,
        7.167,
        0.041,
        7.567,
        0.045,
        7.967,
        0.045
      ]
    },
    {
      "Target": "Parameter",
      "Id": "HeadX",
      "Segments": [
        0,
        9.9,
        1,
        0.344,
        4.366,
        0.689,
        -1.032,
        1.033,
        -1.032,
        1,
        1.389,
        -1.032,
        1.744,
        5.046,
        2.1,
        8.88,
        1,
        2.389,
        11.995,
        2.678,
        12,
        2.967,
        12,
        0,
        4.8,
        -3,
        1,
        5.144,
        -3,
        5.489,
        5.26,
        5.833,
        8.88,
        1,
        6.144,
        12.15,
        6.456,
        12,
        6.767,
        12,
        1,
        6.945,
        12,
        7.122,
        11.595,
        7.3,
        11.2,
        1,
        7.522,
        10.706,
        7.745,
        10.759,
        7.967,
        10.017
      ]
    },
    {
      "Target": "Parameter",
      "Id": "NeckZ",
      "Segments": [
        0,
        -2.7,
        1,
        0.289,
        -3.142,
        0.578,
        -3.705,
        0.867,
        -4.133,
        1,
        0.889,
        -4.166,
        0.911,
        -4.154,
        0.933,
        -4.154,
        1,
        1.055,
        -4.154,
        1.178,
        -3.86,
        1.3,
        -3.351,
        1,
        1.633,
        -1.962,
        1.967,
        -1.304,
        2.3,
        -1.304,
        1,
        2.778,
        -1.304,
        3.255,
        -1.273,
        3.733,
        -1.82,
        1,
        4.133,
        -2.278,
        4.533,
        -4.154,
        4.933,
        -4.154,
        1,
        5.055,
        -4.154,
        5.178,
        -3.86,
        5.3,
        -3.351,
        1,
        5.633,
        -1.962,
        5.967,
        -1.304,
        6.3,
        -1.304,
        1,
        6.656,
        -1.304,
        7.011,
        -1.432,
        7.367,
        -1.82,
        1,
        7.567,
        -2.038,
        7.767,
        -2.24,
        7.967,
        -2.633
      ]
    },
    {
      "Target": "Parameter",
      "Id": "BodyX",
      "Segments": [
        0,
        4,
        1,
        0.156,
        4.2,
        0.311,
        4.129,
        0.467,
        4.28,
        1,
        0.678,
        4.484,
        0.889,
        4.839,
        1.1,
        4.839,
        1,
        1.356,
        4.839,
        1.611,
        4.403,
        1.867,
        3.295,
        1,
        2.234,
        1.704,
        2.6,
        0.774,
        2.967,
        0.774,
        1,
        3.245,
        0.774,
        3.522,
        1.117,
        3.8,
        1.939,
        1,
        3.978,
        2.465,
        4.155,
        3.013,
        4.333,
        3.675,
        1,
        4.511,
        4.338,
        4.689,
        4.839,
        4.867,
        4.839,
        1,
        5.134,
        4.839,
        5.4,
        4.363,
        5.667,
        3.295,
        1,
        6.045,
        1.781,
        6.422,
        0.961,
        6.8,
        0.961,
        1,
        6.956,
        0.961,
        7.111,
        1.051,
        7.267,
        1.498,
        1,
        7.5,
        2.168,
        7.734,
        3.232,
        7.967,
        3.906
      ]
    },
    {
      "Target": "Parameter",
      "Id": "BodyZ",
      "Segments": [
        0,
        0,
        1,
        0.144,
        0.27,
        0.289,
        0.466,
        0.433,
        0.6,
        1,
        0.689,
        0.837,
        0.944,
        0.9,
        1.2,
        0.9,
        1,
        1.356,
        0.9,
        1.511,
        0.674,
        1.667,
        0.5,
        1,
        1.911,
        0.227,
        2.156,
        0.024,
        2.4,
        -0.169,
        1,
        2.622,
        -0.345,
        2.845,
        -0.4,
        3.067,
        -0.4,
        1,
        3.456,
        -0.4,
        3.844,
        0.115,
        4.233,
        0.6,
        1,
        4.466,
        0.891,
        4.7,
        0.9,
        4.933,
        0.9,
        1,
        5.178,
        0.9,
        5.422,
        0.657,
        5.667,
        0.4,
        1,
        5.922,
        0.132,
        6.178,
        -0.069,
        6.433,
        -0.26,
        1,
        6.678,
        -0.442,
        6.922,
        -0.5,
        7.167,
        -0.5,
        1,
        7.434,
        -0.5,
        7.7,
        -0.419,
        7.967,
        -0.048
      ]
    },
    {
      "Target": "Parameter",
      "Id": "BodyUpper",
      "Segments": [
        0,
        0,
        0,
        1.067,
        4.97,
        0,
        2.767,
        0,
        1,
        2.856,
        0,
        2.944,
        0.118,
        3.033,
        0.4,
        1,
        3.044,
        0.435,
        3.056,
        0.521,
        3.067,
        0.6,
        1,
        3.478,
        3.519,
        3.889,
        5,
        4.3,
        5,
        0,
        5.667,
        0.123,
        0,
        6.733,
        4.97,
        1,
        7.144,
        4.97,
        7.556,
        0.258,
        7.967,
        0.01
      ]
    },
    {
      "Target": "Parameter",
      "Id": "Breath",
      "Segments": [
        0,
        0,
        0,
        0.833,
        0.5,
        0,
        2.033,
        0,
        0,
        3.6,
        0.5,
        2,
        4.833,
        0.5,
        0,
        6.033,
        0,
        0,
        7.233,
        0.5,
        1,
        7.478,
        0.5,
        7.722,
        0.043,
        7.967,
        0.003
      ]
    },
    {
      "Target": "Parameter",
      "Id": "ShoulderL_Move",
      "Segments": [
        0,
        1.08,
        1,
        0.2,
        0.951,
        0.4,
        -0.075,
        0.6,
        -0.075,
        0,
        2.133,
        0.767,
        2,
        2.833,
        0.767,
        0,
        4.567,
        2.043,
        1,
        5.089,
        2.043,
        5.611,
        2.049,
        6.133,
        2.027,
        1,
        6.744,
        2.001,
        7.356,
        1.499,
        7.967,
        1.102
      ]
    },
    {
      "Target": "Parameter",
      "Id": "ShoulderR_Move",
      "Segments": [
        0,
        -0.762,
        1,
        0.2,
        -0.456,
        0.4,
        -0.153,
        0.6,
        -0.117,
        1,
        1.111,
        -0.026,
        1.622,
        -0.014,
        2.133,
        -0.014,
        2,
        2.833,
        -0.014,
        1,
        3.411,
        -0.014,
        3.989,
        -0.661,
        4.567,
        -1.477,
        1,
        5.089,
        -2.215,
        5.611,
        -2.414,
        6.133,
        -2.414,
        1,
        6.744,
        -2.414,
        7.356,
        -1.738,
        7.967,
        -0.813
      ]
    },
    {
      "Target": "Parameter",
      "Id": "ShoulderL_Roll",
      "Segments": [
        0,
        0,
        1,
        0.111,
        0.242,
        0.222,
        0.711,
        0.333,
        0.723,
        1,
        0.566,
        0.749,
        0.8,
        0.75,
        1.033,
        0.75,
        1,
        1.444,
        0.75,
        1.856,
        0.024,
        2.267,
        -0.7,
        1,
        2.389,
        -0.915,
        2.511,
        -0.948,
        2.633,
        -1.05,
        1,
        2.8,
        -1.189,
        2.966,
        -1.24,
        3.133,
        -1.24,
        1,
        3.344,
        -1.24,
        3.556,
        -1.198,
        3.767,
        -0.9,
        1,
        3.922,
        -0.68,
        4.078,
        -0.306,
        4.233,
        0.25,
        1,
        4.4,
        0.846,
        4.566,
        1.8,
        4.733,
        1.8,
        1,
        4.889,
        1.8,
        5.044,
        1.052,
        5.2,
        0.8,
        1,
        5.467,
        0.369,
        5.733,
        0.273,
        6,
        -0.15,
        1,
        6.233,
        -0.52,
        6.467,
        -1.05,
        6.7,
        -1.05,
        1,
        6.9,
        -1.05,
        7.1,
        -0.995,
        7.3,
        -0.8,
        1,
        7.522,
        -0.583,
        7.745,
        -0.339,
        7.967,
        -0.045
      ]
    },
    {
      "Target": "Parameter",
      "Id": "ElbowL_Roll",
      "Segments": [
        0,
        0,
        1,
        0.211,
        0.429,
        0.422,
        0.6,
        0.633,
        0.6,
        1,
        0.866,
        0.6,
        1.1,
        0.484,
        1.333,
        0.4,
        1,
        1.533,
        0.328,
        1.733,
        0.315,
        1.933,
        0.25,
        1,
        2.1,
        0.196,
        2.266,
        0.092,
        2.433,
        0,
        1,
        2.655,
        -0.123,
        2.878,
        -0.2,
        3.1,
        -0.2,
        1,
        3.233,
        -0.2,
        3.367,
        -0.223,
        3.5,
        -0.1,
        1,
        3.744,
        0.125,
        3.989,
        0.731,
        4.233,
        1.15,
        1,
        4.5,
        1.607,
        4.766,
        1.84,
        5.033,
        1.84,
        1,
        5.189,
        1.84,
        5.344,
        0.967,
        5.5,
        0.72,
        1,
        5.722,
        0.368,
        5.945,
        0.167,
        6.167,
        0,
        1,
        6.3,
        -0.1,
        6.434,
        -0.103,
        6.567,
        -0.2,
        1,
        6.756,
        -0.337,
        6.944,
        -0.5,
        7.133,
        -0.5,
        1,
        7.411,
        -0.5,
        7.689,
        -0.474,
        7.967,
        -0.052
      ]
    },
    {
      "Target": "Parameter",
      "Id": "HandL_Roll",
      "Segments": [
        0,
        0,
        2,
        4.067,
        0,
        0,
        5,
        1.03,
        1,
        5.178,
        1.03,
        5.355,
        0.94,
        5.533,
        0.61,
        1,
        5.922,
        -0.112,
        6.311,
        -0.57,
        6.7,
        -0.57,
        1,
        7.122,
        -0.57,
        7.545,
        -0.029,
        7.967,
        -0.001
      ]
    },
    {
      "Target": "Parameter",
      "Id": "ShoulderR_Roll",
      "Segments": [
        0,
        -1.764,
        1,
        0.211,
        -1.713,
        0.422,
        -1.704,
        0.633,
        -1.704,
        1,
        0.966,
        -1.704,
        1.3,
        -2.273,
        1.633,
        -2.451,
        1,
        2.122,
        -2.712,
        2.611,
        -2.723,
        3.1,
        -2.723,
        1,
        3.589,
        -2.723,
        4.078,
        -2.428,
        4.567,
        -2.064,
        1,
        4.756,
        -1.923,
        4.944,
        -1.918,
        5.133,
        -1.918,
        0,
        5.967,
        -2.477,
        1,
        6.067,
        -2.477,
        6.167,
        -2.455,
        6.267,
        -2.406,
        1,
        6.5,
        -2.293,
        6.734,
        -2.143,
        6.967,
        -2.062,
        1,
        7.3,
        -1.947,
        7.634,
        -1.853,
        7.967,
        -1.772
      ]
    },
    {
      "Target": "Parameter",
      "Id": "ElbowR_Roll",
      "Segments": [
        0,
        2.427,
        0,
        0.733,
        2.187,
        1,
        1.066,
        2.187,
        1.4,
        2.623,
        1.733,
        2.987,
        1,
        1.989,
        3.266,
        2.244,
        3.283,
        2.5,
        3.283,
        2,
        3.233,
        3.283,
        1,
        3.711,
        3.283,
        4.189,
        3.174,
        4.667,
        3.054,
        1,
        5.011,
        2.968,
        5.356,
        2.972,
        5.7,
        2.856,
        1,
        6.156,
        2.704,
        6.611,
        2.33,
        7.067,
        2.33,
        1,
        7.367,
        2.33,
        7.667,
        2.42,
        7.967,
        2.426
      ]
    },
    {
      "Target": "Parameter",
      "Id": "Arm01R_Strech",
      "Segments": [
        0,
        0,
        2,
        0.633,
        0,
        1,
        1,
        0,
        1.366,
        -0.466,
        1.733,
        -1,
        1,
        2.255,
        -1.76,
        2.778,
        -2,
        3.3,
        -2,
        0,
        4.567,
        0,
        1,
        4.956,
        0,
        5.344,
        -0.343,
        5.733,
        -1,
        1,
        6.133,
        -1.676,
        6.533,
        -2,
        6.933,
        -2,
        1,
        7.278,
        -2,
        7.622,
        -0.123,
        7.967,
        -0.006
      ]
    },
    {
      "Target": "Parameter",
      "Id": "JacketCollar_Shaking",
      "Segments": [
        0,
        0,
        0,
        7.967,
        0.012
      ]
    },
    {
      "Target": "Parameter",
      "Id": "BrowLY",
      "Segments": [
        0,
        0.2,
        0,
        7.967,
        0.2
      ]
    },
    {
      "Target": "Parameter",
      "Id": "BrowRY",
      "Segments": [
        0,
        0.2,
        0,
        7.967,
        0.2
      ]
    },
    {
      "Target": "Parameter",
      "Id": "BrowLX",
      "Segments": [
        0,
        0,
        0,
        7.967,
        0
      ]
    },
    {
      "Target": "Parameter",
      "Id": "BrowRX",
      "Segments": [
        0,
        0,
        0,
        7.967,
        0
      ]
    },
    {
      "Target": "Parameter",
      "Id": "BrowL_Angle",
      "Segments": [
        0,
        0.2,
        0,
        7.967,
        0.2
      ]
    },
    {
      "Target": "Parameter",
      "Id": "BrowR_Angle",
      "Segments": [
        0,
        0.2,
        0,
        7.967,
        0.2
      ]
    },
    {
      "Target": "Parameter",
      "Id": "BrowL_Form",
      "Segments": [
        0,
        0.8,
        0,
        7.967,
        0.8
      ]
    },
    {
      "Target": "Parameter",
      "Id": "BrowR_Form",
      "Segments": [
        0,
        0.8,
        0,
        7.967,
        0.8
      ]
    },
    {
      "Target": "Parameter",
      "Id": "EyeL_Open",
      "Segments": [
        0,
        1.2,
        0,
        7.967,
        1.2
      ]
    },
    {
      "Target": "Parameter",
      "Id": "EyeL_Smile",
      "Segments": [
        0,
        0,
        0,
        7.967,
        0
      ]
    },
    {
      "Target": "Parameter",
      "Id": "EyeR_Open",
      "Segments": [
        0,
        1.2,
        0,
        7.967,
        1.2
      ]
    },
    {
      "Target": "Parameter",
      "Id": "EyeR_Smile",
      "Segments": [
        0,
        0,
        0,
        7.967,
        0
      ]
    },
    {
      "Target": "Parameter",
      "Id": "EyeBallY",
      "Segments": [
        0,
        0.399,
        0,
        7.967,
        0.399
      ]
    },
    {
      "Target": "Parameter",
      "Id": "EyeBall_Size",
      "Segments": [
        0,
        -0.2,
        0,
        7.967,
        -0.2
      ]
    },
    {
      "Target": "Parameter",
      "Id": "Mouth_Form",
      "Segments": [
        0,
        -2,
        0,
        7.967,
        -2
      ]
    },
    {
      "Target": "Parameter",
      "Id": "Mouth_Open",
      "Segments": [
        0,
        1,
        0,
        7.967,
        1
      ]
    },
    {
      "Target": "Parameter",
      "Id": "Teeth01",
      "Segments": [
        0,
        1,
        0,
        7.967,
        1
      ]
    },
    {
      "Target": "Parameter",
      "Id": "Mouth_Size",
      "Segments": [
        0,
        1,
        0,
        7.967,
        1
      ]
    },
    {
      "Target": "Parameter",
      "Id": "HeadY",
      "Segments": [
        0,
        0,
        0,
        7.967,
        0
      ]
    },
    {
      "Target": "Parameter",
      "Id": "BodyY",
      "Segments": [
        0,
        -0.02,
        0,
        7.967,
        -0.02
      ]
    },
    {
      "Target": "Parameter",
      "Id": "Arm01L_Strech",
      "Segments": [
        0,
        0,
        0,
        7.967,
        0
      ]
    },
    {
      "Target": "Parameter",
      "Id": "Arm02L_Strech",
      "Segments": [
        0,
        0,
        0,
        7.967,
        0
      ]
    },
    {
      "Target": "Parameter",
      "Id": "Arm02L_Bias",
      "Segments": [
        0,
        0,
        0,
        7.967,
        0
      ]
    },
    {
      "Target": "Parameter",
      "Id": "HandL_Strech",
      "Segments": [
        0,
        0,
        0,
        7.967,
        0
      ]
    },
    {
      "Target": "Parameter",
      "Id": "HandL01",
      "Segments": [
        0,
        1,
        0,
        7.967,
        1
      ]
    },
    {
      "Target": "Parameter",
      "Id": "HandL02",
      "Segments": [
        0,
        0,
        0,
        7.967,
        0
      ]
    },
    {
      "Target": "Parameter",
      "Id": "HandR_Roll",
      "Segments": [
        0,
        0,
        0,
        7.967,
        0
      ]
    },
    {
      "Target": "Parameter",
      "Id": "Arm02R_Strech",
      "Segments": [
        0,
        0,
        0,
        7.967,
        0
      ]
    },
    {
      "Target": "Parameter",
      "Id": "Arm02R_Bias",
      "Segments": [
        0,
        0,
        0,
        7.967,
        0
      ]
    },
    {
      "Target": "Parameter",
      "Id": "ShoulderR_Reform",
      "Segments": [
        0,
        0,
        0,
        7.967,
        0
      ]
    },
    {
      "Target": "Parameter",
      "Id": "SleeveR",
      "Segments": [
        0,
        0,
        0,
        7.967,
        0
      ]
    },
    {
      "Target": "Parameter",
      "Id": "HandR_Strech",
      "Segments": [
        0,
        0,
        0,
        7.967,
        0
      ]
    },
    {
      "Target": "Parameter",
      "Id": "HandR01",
      "Segments": [
        0,
        1,
        0,
        7.967,
        1
      ]
    },
    {
      "Target": "Parameter",
      "Id": "HandR02",
      "Segments": [
        0,
        0,
        0,
        7.967,
        0
      ]
    },
    {
      "Target": "Parameter",
      "Id": "HairFront_Shaking",
      "Segments": [
        0,
        0,
        0,
        7.967,
        0
      ]
    },
    {
      "Target": "Parameter",
      "Id": "HairSide_Shaking",
      "Segments": [
        0,
        0,
        0,
        7.967,
        0
      ]
    },
    {
      "Target": "Parameter",
      "Id": "HairUnder_Shaking",
      "Segments": [
        0,
        0,
        0,
        7.967,
        0
      ]
    },
    {
      "Target": "Parameter",
      "Id": "Jacket_Shaking",
      "Segments": [
        0,
        0,
        0,
        7.967,
        0
      ]
    },
    {
      "Target": "Parameter",
      "Id": "Necklace_Shaking",
      "Segments": [
        0,
        0,
        0,
        7.967,
        0
      ]
    },
    {
      "Target": "Parameter",
      "Id": "ALLX",
      "Segments": [
        0,
        0,
        0,
        7.967,
        0
      ]
    },
    {
      "Target": "Parameter",
      "Id": "ALLY",
      "Segments": [
        0,
        0,
        0,
        7.967,
        0
      ]
    },
    {
      "Target": "Parameter",
      "Id": "ALLZ",
      "Segments": [
        0,
        0,
        0,
        7.967,
        0
      ]
    }
  ],
  "UserData": []
}