{
  "Version": 3,
  "Meta": {
    "Duration": 9.567,
    "Fps": 30.0,
    "Loop": true,
    "AreBeziersRestricted": true,
    "CurveCount": 58,
    "TotalSegmentCount": 384,
    "TotalPointCount": 644,
    "UserDataCount": 0,
    "TotalUserDataSize": 0
  },
  "Curves": [
    {
      "Target": "Parameter",
      "Id": "HeadX",
      "Segments": [
        0,
        0,
        1,
        0.067,
        0,
        0.133,
        -0.303,
        0.2,
        -3.339,
        1,
        0.267,
        -6.375,
        0.333,
        -11.116,
        0.4,
        -11.116,
        0,
        0.9,
        -1.416,
        0,
        1.267,
        -2.34,
        2,
        1.567,
        -2.34,
        2,
        2.633,
        -2.34,
        2,
        4.133,
        -2.34,
        2,
        5.167,
        -2.34,
        2,
        6.167,
        -2.34,
        2,
        9.567,
        -2.34
      ]
    },
    {
      "Target": "Parameter",
      "Id": "HeadY",
      "Segments": [
        0,
        0,
        0,
        0.4,
        -6.422,
        0,
        0.833,
        8.015,
        1,
        0.922,
        8.015,
        1.011,
        7.733,
        1.1,
        5.487,
        1,
        1.156,
        4.082,
        1.211,
        -3.913,
        1.267,
        -5.458,
        1,
        1.3,
        -6.386,
        1.334,
        -6.229,
        1.367,
        -6.229,
        0,
        1.467,
        -2.46,
        2,
        1.567,
        -2.46,
        0,
        3.167,
        1.68,
        1,
        3.667,
        1.68,
        4.167,
        1.51,
        4.667,
        -2.46,
        1,
        4.967,
        -4.842,
        5.267,
        -18.516,
        5.567,
        -18.516,
        0,
        6.7,
        -2.88,
        0,
        8.167,
        -13.499,
        0,
        9.567,
        -2.46
      ]
    },
    {
      "Target": "Parameter",
      "Id": "NeckZ",
      "Segments": [
        0,
        0,
        1,
        0.156,
        0,
        0.311,
        -1.004,
        0.467,
        -2.274,
        1,
        0.6,
        -3.363,
        0.734,
        -4.449,
        0.867,
        -5.023,
        1,
        0.978,
        -5.502,
        1.089,
        -5.52,
        1.2,
        -5.52,
        2,
        1.5,
        -5.52,
        2,
        1.567,
        -5.52,
        0,
        3.067,
        -3.015,
        1,
        3.456,
        -3.015,
        3.844,
        -3.013,
        4.233,
        -3.305,
        1,
        4.533,
        -3.53,
        4.833,
        -4.847,
        5.133,
        -5.326,
        1,
        5.266,
        -5.539,
        5.4,
        -5.52,
        5.533,
        -5.52,
        1,
        5.978,
        -5.52,
        6.422,
        -5.042,
        6.867,
        -3.78,
        1,
        6.989,
        -3.433,
        7.111,
        -3.015,
        7.233,
        -3.015,
        1,
        7.433,
        -3.015,
        7.633,
        -2.956,
        7.833,
        -3.064,
        1,
        8.411,
        -3.374,
        8.989,
        -5.52,
        9.567,
        -5.52
      ]
    },
    {
      "Target": "Parameter",
      "Id": "BodyX",
      "Segments": [
        0,
        0,
        0,
        0.333,
        -9.597,
        1,
        0.444,
        -9.597,
        0.556,
        -9.029,
        0.667,
        -8.028,
        1,
        0.745,
        -7.327,
        0.822,
        -7.037,
        0.9,
        -7.037,
        1,
        1.022,
        -7.037,
        1.145,
        -7.804,
        1.267,
        -8.72,
        1,
        1.345,
        -9.303,
        1.422,
        -9.4,
        1.5,
        -9.4,
        2,
        1.567,
        -9.4,
        0,
        3.033,
        -7.38,
        0,
        5.167,
        -9.36,
        0,
        7.2,
        -7.38,
        0,
        9.567,
        -9.4
      ]
    },
    {
      "Target": "Parameter",
      "Id": "BodyY",
      "Segments": [
        0,
        0,
        1,
        0.167,
        0,
        0.333,
        -0.018,
        0.5,
        0.027,
        1,
        0.756,
        0.097,
        1.011,
        5.48,
        1.267,
        5.48,
        2,
        1.5,
        5.48,
        2,
        1.567,
        5.48,
        1,
        1.922,
        5.48,
        2.278,
        5.319,
        2.633,
        4.08,
        1,
        2.955,
        2.957,
        3.278,
        1.435,
        3.6,
        1.435,
        0,
        4.733,
        5.961,
        1,
        5.155,
        5.961,
        5.578,
        5.787,
        6,
        4.578,
        1,
        6.444,
        3.305,
        6.889,
        1.866,
        7.333,
        1.866,
        0,
        9.567,
        5.48
      ]
    },
    {
      "Target": "Parameter",
      "Id": "BodyZ",
      "Segments": [
        0,
        0,
        1,
        0.067,
        0,
        0.133,
        -0.256,
        0.2,
        -0.729,
        1,
        0.3,
        -1.439,
        0.4,
        -1.775,
        0.5,
        -1.775,
        1,
        0.622,
        -1.775,
        0.745,
        -0.573,
        0.867,
        1.445,
        1,
        0.956,
        2.911,
        1.044,
        3.478,
        1.133,
        3.478,
        1,
        1.2,
        3.478,
        1.266,
        3.268,
        1.333,
        3.087,
        1,
        1.389,
        2.935,
        1.444,
        2.92,
        1.5,
        2.92,
        2,
        1.567,
        2.92,
        1,
        1.822,
        2.92,
        2.078,
        2.863,
        2.333,
        2.473,
        1,
        2.689,
        1.93,
        3.044,
        1.425,
        3.4,
        1.425,
        1,
        3.756,
        1.425,
        4.111,
        1.665,
        4.467,
        2.561,
        1,
        4.656,
        3.037,
        4.844,
        3.652,
        5.033,
        3.652,
        1,
        5.222,
        3.652,
        5.411,
        3.388,
        5.6,
        2.999,
        1,
        5.833,
        2.519,
        6.067,
        1.999,
        6.3,
        1.673,
        1,
        6.511,
        1.379,
        6.722,
        1.331,
        6.933,
        1.331,
        1,
        7.144,
        1.331,
        7.356,
        1.762,
        7.567,
        2.473,
        1,
        7.834,
        3.371,
        8.1,
        3.753,
        8.367,
        3.753,
        1,
        8.511,
        3.753,
        8.656,
        3.161,
        8.8,
        3.076,
        1,
        9.056,
        2.924,
        9.311,
        2.92,
        9.567,
        2.92
      ]
    },
    {
      "Target": "Parameter",
      "Id": "BodyUpper",
      "Segments": [
        0,
        0,
        1,
        0.111,
        0,
        0.222,
        -0.29,
        0.333,
        1.304,
        1,
        0.522,
        4.013,
        0.711,
        10,
        0.9,
        10,
        2,
        1.5,
        10,
        2,
        1.567,
        10,
        0,
        3.233,
        5,
        0,
        5.3,
        10,
        0,
        7.4,
        5,
        0,
        9.567,
        10
      ]
    },
    {
      "Target": "Parameter",
      "Id": "Breath",
      "Segments": [
        0,
        0,
        2,
        1.267,
        0,
        2,
        1.5,
        0,
        2,
        1.567,
        0,
        0,
        3.567,
        1,
        0,
        5.567,
        0,
        0,
        7.567,
        1,
        0,
        9.567,
        0
      ]
    },
    {
      "Target": "Parameter",
      "Id": "ShoulderL_Move",
      "Segments": [
        0,
        0,
        1,
        0.111,
        0,
        0.222,
        0.129,
        0.333,
        0.977,
        1,
        0.433,
        1.74,
        0.533,
        3.006,
        0.633,
        4.451,
        1,
        0.689,
        5.254,
        0.744,
        6.736,
        0.8,
        6.736,
        0,
        1.267,
        6.265,
        2,
        1.5,
        6.265,
        2,
        1.567,
        6.265,
        0,
        2.9,
        5.876,
        0,
        4.433,
        6.534,
        0,
        5.633,
        5.876,
        0,
        6.833,
        6.115,
        0,
        8.3,
        5.678,
        0,
        9.567,
        6.265
      ]
    },
    {
      "Target": "Parameter",
      "Id": "ShoulderR_Move",
      "Segments": [
        0,
        0,
        1,
        0.044,
        0,
        0.089,
        0.148,
        0.133,
        -0.147,
        1,
        0.266,
        -1.031,
        0.4,
        -4.58,
        0.533,
        -4.58,
        2,
        1.267,
        -4.58,
        2,
        1.5,
        -4.58,
        2,
        1.567,
        -4.58,
        2,
        9.567,
        -4.58
      ]
    },
    {
      "Target": "Parameter",
      "Id": "ShoulderL_Roll",
      "Segments": [
        0,
        0,
        0,
        0.233,
        5.822,
        1,
        0.322,
        5.822,
        0.411,
        4.773,
        0.5,
        1.519,
        1,
        0.567,
        -0.921,
        0.633,
        -5.675,
        0.7,
        -7.501,
        1,
        0.767,
        -9.327,
        0.833,
        -11.509,
        0.9,
        -11.544,
        1,
        1.011,
        -11.603,
        1.122,
        -11.6,
        1.233,
        -11.6,
        2,
        1.5,
        -11.6,
        2,
        1.567,
        -11.6,
        0,
        2.5,
        -12.773,
        0,
        3.7,
        -12.125,
        1,
        3.922,
        -12.125,
        4.145,
        -12.43,
        4.367,
        -12.909,
        1,
        4.545,
        -13.292,
        4.722,
        -13.43,
        4.9,
        -13.43,
        1,
        5.256,
        -13.43,
        5.611,
        -12.873,
        5.967,
        -12.125,
        1,
        6.289,
        -11.448,
        6.611,
        -10.904,
        6.933,
        -10.367,
        1,
        7.222,
        -9.885,
        7.511,
        -9.705,
        7.8,
        -9.705,
        1,
        8.089,
        -9.705,
        8.378,
        -10.421,
        8.667,
        -10.966,
        1,
        8.967,
        -11.532,
        9.267,
        -11.6,
        9.567,
        -11.6
      ]
    },
    {
      "Target": "Parameter",
      "Id": "ElbowL_Roll",
      "Segments": [
        0,
        0,
        0,
        0.333,
        0.643,
        1,
        0.422,
        0.643,
        0.511,
        -5.319,
        0.6,
        -12.564,
        1,
        0.644,
        -16.187,
        0.689,
        -19.67,
        0.733,
        -20.739,
        1,
        0.822,
        -22.876,
        0.911,
        -23.27,
        1,
        -23.27,
        0,
        1.233,
        -21.839,
        0,
        1.5,
        -22.32,
        2,
        1.567,
        -22.32,
        0,
        2.333,
        -22.758,
        2,
        2.9,
        -22.758,
        1,
        3.156,
        -22.758,
        3.411,
        -22.335,
        3.667,
        -21.839,
        1,
        3.889,
        -21.407,
        4.111,
        -21.307,
        4.333,
        -21.307,
        1,
        4.6,
        -21.307,
        4.866,
        -22.059,
        5.133,
        -22.429,
        1,
        5.378,
        -22.769,
        5.622,
        -22.758,
        5.867,
        -22.758,
        1,
        6.1,
        -22.758,
        6.334,
        -22.663,
        6.567,
        -22.56,
        1,
        6.789,
        -22.461,
        7.011,
        -22.474,
        7.233,
        -22.32,
        1,
        7.533,
        -22.112,
        7.833,
        -21.307,
        8.133,
        -21.307,
        1,
        8.311,
        -21.307,
        8.489,
        -21.609,
        8.667,
        -21.839,
        1,
        8.967,
        -22.227,
        9.267,
        -22.32,
        9.567,
        -22.32
      ]
    },
    {
      "Target": "Parameter",
      "Id": "HandL_Roll",
      "Segments": [
        0,
        0,
        2,
        0.2,
        0,
        0,
        0.4,
        1.857,
        1,
        0.444,
        1.857,
        0.489,
        1.291,
        0.533,
        0,
        1,
        0.589,
        -1.613,
        0.644,
        -2.506,
        0.7,
        -2.506,
        1,
        0.744,
        -2.506,
        0.789,
        -1.118,
        0.833,
        -0.752,
        1,
        0.889,
        -0.294,
        0.944,
        0.02,
        1,
        0.15,
        1,
        1.089,
        0.358,
        1.178,
        0.38,
        1.267,
        0.38,
        2,
        1.5,
        0.38,
        2,
        1.567,
        0.38,
        1,
        1.756,
        0.38,
        1.944,
        0.409,
        2.133,
        0.486,
        1,
        2.478,
        0.626,
        2.822,
        0.707,
        3.167,
        0.707,
        1,
        3.511,
        0.707,
        3.856,
        0.131,
        4.2,
        -0.114,
        1,
        4.633,
        -0.423,
        5.067,
        -0.436,
        5.5,
        -0.436,
        0,
        8,
        0.707,
        0,
        9.567,
        0.38
      ]
    },
    {
      "Target": "Parameter",
      "Id": "Arm01L_Strech",
      "Segments": [
        0,
        0,
        1,
        0.089,
        0,
        0.178,
        0.034,
        0.267,
        -0.16,
        1,
        0.389,
        -0.426,
        0.511,
        -1.399,
        0.633,
        -2.159,
        1,
        0.833,
        -3.402,
        1.033,
        -4.2,
        1.233,
        -4.2,
        2,
        1.5,
        -4.2,
        2,
        1.567,
        -4.2,
        2,
        9.567,
        -4.2
      ]
    },
    {
      "Target": "Parameter",
      "Id": "Arm02L_Strech",
      "Segments": [
        0,
        0,
        2,
        0.533,
        0,
        0,
        1.233,
        -3.02,
        2,
        1.5,
        -3.02,
        2,
        1.567,
        -3.02,
        2,
        9.567,
        -3.02
      ]
    },
    {
      "Target": "Parameter",
      "Id": "Arm02L_Bias",
      "Segments": [
        0,
        0,
        0,
        0.533,
        7,
        2,
        1.567,
        7,
        2,
        9.567,
        7
      ]
    },
    {
      "Target": "Parameter",
      "Id": "HandL_Strech",
      "Segments": [
        0,
        0,
        0,
        0.533,
        -1.19,
        0,
        1.233,
        -0.14,
        2,
        1.5,
        -0.14,
        2,
        1.567,
        -0.14,
        2,
        9.567,
        -0.14
      ]
    },
    {
      "Target": "Parameter",
      "Id": "HandL01",
      "Segments": [
        0,
        1,
        2,
        0.433,
        1,
        0,
        0.467,
        0,
        2,
        1.5,
        0,
        2,
        1.567,
        0,
        2,
        9.567,
        0
      ]
    },
    {
      "Target": "Parameter",
      "Id": "HandL02",
      "Segments": [
        0,
        0,
        2,
        0.433,
        0,
        0,
        0.467,
        1,
        2,
        1.5,
        1,
        2,
        1.567,
        1,
        2,
        9.567,
        1
      ]
    },
    {
      "Target": "Parameter",
      "Id": "ShoulderR_Roll",
      "Segments": [
        0,
        0,
        1,
        0.067,
        0,
        0.133,
        3.887,
        0.2,
        5.75,
        1,
        0.333,
        9.475,
        0.467,
        12.264,
        0.6,
        14.847,
        1,
        0.667,
        16.138,
        0.733,
        17.076,
        0.8,
        17.86,
        1,
        0.878,
        18.775,
        0.955,
        19.019,
        1.033,
        19.019,
        0,
        1.4,
        17.86,
        2,
        1.567,
        17.86,
        1,
        1.8,
        17.86,
        2.034,
        18.996,
        2.267,
        21.425,
        1,
        2.5,
        23.855,
        2.734,
        25.151,
        2.967,
        25.151,
        1,
        3.167,
        25.151,
        3.367,
        24.89,
        3.567,
        24.268,
        1,
        3.845,
        23.405,
        4.122,
        22.92,
        4.4,
        22.92,
        0,
        5.367,
        24.268,
        1,
        5.634,
        24.268,
        5.9,
        23.221,
        6.167,
        22.92,
        1,
        6.367,
        22.694,
        6.567,
        22.74,
        6.767,
        22.74,
        0,
        7.733,
        24.268,
        1,
        7.989,
        24.268,
        8.244,
        23.951,
        8.5,
        22.249,
        1,
        8.856,
        19.882,
        9.211,
        17.86,
        9.567,
        17.86
      ]
    },
    {
      "Target": "Parameter",
      "Id": "ElbowR_Roll",
      "Segments": [
        0,
        0,
        1,
        0.133,
        0,
        0.267,
        -2.563,
        0.4,
        -6.18,
        1,
        0.456,
        -7.687,
        0.511,
        -8.72,
        0.567,
        -9.714,
        1,
        0.645,
        -11.105,
        0.722,
        -11.596,
        0.8,
        -11.596,
        0,
        1.033,
        -10.872,
        0,
        1.267,
        -11.08,
        2,
        1.567,
        -11.08,
        1,
        1.911,
        -11.08,
        2.256,
        -11.074,
        2.6,
        -11.107,
        1,
        3.044,
        -11.15,
        3.489,
        -11.287,
        3.933,
        -11.287,
        1,
        4.255,
        -11.287,
        4.578,
        -11.159,
        4.9,
        -10.872,
        1,
        5.033,
        -10.754,
        5.167,
        -10.677,
        5.3,
        -10.677,
        1,
        5.556,
        -10.677,
        5.811,
        -10.749,
        6.067,
        -10.84,
        1,
        6.311,
        -10.927,
        6.556,
        -10.952,
        6.8,
        -10.952,
        0,
        7.933,
        -10.438,
        1,
        8.166,
        -10.438,
        8.4,
        -10.496,
        8.633,
        -10.677,
        1,
        8.944,
        -10.918,
        9.256,
        -11.08,
        9.567,
        -11.08
      ]
    },
    {
      "Target": "Parameter",
      "Id": "HandR_Roll",
      "Segments": [
        0,
        0,
        0,
        0.433,
        1.543,
        0,
        0.867,
        -0.561,
        0,
        0.933,
        -0.26,
        0,
        1.567,
        -0.58,
        0,
        2.767,
        1.48,
        1,
        3.222,
        1.48,
        3.678,
        1.296,
        4.133,
        0.588,
        1,
        4.278,
        0.363,
        4.422,
        -0.263,
        4.567,
        -0.263,
        0,
        5.967,
        1.48,
        1,
        6.334,
        1.48,
        6.7,
        1.401,
        7.067,
        1.105,
        1,
        7.267,
        0.943,
        7.467,
        0.545,
        7.667,
        0.372,
        1,
        8.022,
        0.063,
        8.378,
        -0.239,
        8.733,
        -0.424,
        1,
        9.011,
        -0.568,
        9.289,
        -0.58,
        9.567,
        -0.58
      ]
    },
    {
      "Target": "Parameter",
      "Id": "Arm01R_Strech",
      "Segments": [
        0,
        0,
        0,
        0.467,
        -0.44,
        0,
        0.9,
        2.36,
        2,
        1.567,
        2.36,
        2,
        9.567,
        2.36
      ]
    },
    {
      "Target": "Parameter",
      "Id": "Arm02R_Strech",
      "Segments": [
        0,
        0,
        1,
        0.156,
        0,
        0.311,
        -0.087,
        0.467,
        -0.559,
        1,
        0.611,
        -0.997,
        0.756,
        -1.48,
        0.9,
        -1.48,
        2,
        1.567,
        -1.48,
        2,
        9.567,
        -1.48
      ]
    },
    {
      "Target": "Parameter",
      "Id": "Arm02R_Bias",
      "Segments": [
        0,
        0,
        0,
        0.9,
        -3.56,
        2,
        1.567,
        -3.56,
        2,
        9.567,
        -3.56
      ]
    },
    {
      "Target": "Parameter",
      "Id": "ShoulderR_Reform",
      "Segments": [
        0,
        0,
        2,
        0.067,
        0,
        0,
        0.5,
        -0.643,
        0,
        1.333,
        -0.612,
        2,
        1.567,
        -0.612,
        0,
        3.067,
        -0.4,
        0,
        5.3,
        -1,
        0,
        7.667,
        -0.4,
        0,
        9.567,
        -0.612
      ]
    },
    {
      "Target": "Parameter",
      "Id": "SleeveR",
      "Segments": [
        0,
        0,
        0,
        1.567,
        0.168,
        2,
        9.567,
        0.168
      ]
    },
    {
      "Target": "Parameter",
      "Id": "HandR_Strech",
      "Segments": [
        0,
        0,
        0,
        0.3,
        6.34,
        2,
        1.567,
        6.34,
        2,
        9.567,
        6.34
      ]
    },
    {
      "Target": "Parameter",
      "Id": "HairFront_Shaking",
      "Segments": [
        0,
        0,
        2,
        0.033,
        0,
        0,
        0.167,
        -0.247,
        0,
        0.4,
        1,
        2,
        0.6,
        1,
        0,
        0.833,
        -1,
        2,
        0.967,
        -1,
        0,
        1.333,
        0.993,
        1,
        1.411,
        0.993,
        1.489,
        0.019,
        1.567,
        0,
        1,
        2.034,
        -0.115,
        2.5,
        -0.148,
        2.967,
        -0.148,
        0,
        4.333,
        0.254,
        0,
        5.1,
        -0.022,
        0,
        5.4,
        0.015,
        0,
        6.333,
        -0.151,
        0,
        8.567,
        0.095,
        0,
        9.567,
        0
      ]
    },
    {
      "Target": "Parameter",
      "Id": "HairSide_Shaking",
      "Segments": [
        0,
        0,
        2,
        0.033,
        0,
        0,
        0.167,
        -0.164,
        0,
        0.433,
        1,
        2,
        0.567,
        1,
        0,
        0.9,
        -0.802,
        0,
        1.333,
        0.662,
        1,
        1.411,
        0.662,
        1.489,
        0.013,
        1.567,
        0,
        1,
        2.034,
        -0.077,
        2.5,
        -0.099,
        2.967,
        -0.099,
        0,
        4.333,
        0.169,
        0,
        5.1,
        -0.015,
        0,
        5.4,
        0.01,
        0,
        6.333,
        -0.101,
        0,
        8.567,
        0.063,
        0,
        9.567,
        0
      ]
    },
    {
      "Target": "Parameter",
      "Id": "HairUnder_Shaking",
      "Segments": [
        0,
        0,
        2,
        0.033,
        0,
        0,
        0.167,
        -0.247,
        0,
        0.4,
        1,
        2,
        0.6,
        1,
        0,
        0.833,
        -1,
        2,
        0.967,
        -1,
        0,
        1.333,
        0.993,
        1,
        1.411,
        0.993,
        1.489,
        0.019,
        1.567,
        0,
        1,
        2.034,
        -0.115,
        2.5,
        -0.148,
        2.967,
        -0.148,
        0,
        4.333,
        0.254,
        0,
        5.1,
        -0.022,
        0,
        5.4,
        0.015,
        0,
        6.333,
        -0.151,
        0,
        8.567,
        0.095,
        0,
        9.567,
        0
      ]
    },
    {
      "Target": "Parameter",
      "Id": "JacketCollar_Shaking",
      "Segments": [
        0,
        0,
        2,
        0.033,
        0,
        0,
        0.333,
        0.55,
        0,
        0.867,
        -0.221,
        0,
        1.433,
        0.088,
        1,
        1.478,
        0.088,
        1.522,
        0.004,
        1.567,
        0,
        1,
        1.789,
        -0.018,
        2.011,
        -0.023,
        2.233,
        -0.023,
        0,
        3.333,
        0.034,
        0,
        4.333,
        -0.03,
        0,
        5,
        0.013,
        0,
        5.733,
        -0.004,
        0,
        6.333,
        0.002,
        2,
        6.633,
        0.002,
        2,
        6.667,
        0.002,
        2,
        6.733,
        0.002,
        0,
        7.367,
        0.005,
        0,
        8.167,
        -0.002,
        0,
        8.633,
        0,
        0,
        8.733,
        -0.001,
        0,
        9.133,
        0.002,
        0,
        9.567,
        0
      ]
    },
    {
      "Target": "Parameter",
      "Id": "Jacket_Shaking",
      "Segments": [
        0,
        0,
        2,
        0.033,
        0,
        0,
        0.233,
        0.5,
        2,
        0.333,
        0.5,
        0,
        0.833,
        -0.23,
        0,
        1.4,
        0.095,
        1,
        1.456,
        0.095,
        1.511,
        0.005,
        1.567,
        0,
        1,
        1.778,
        -0.019,
        1.989,
        -0.023,
        2.2,
        -0.023,
        0,
        3.3,
        0.034,
        0,
        4.3,
        -0.031,
        0,
        4.967,
        0.013,
        0,
        5.667,
        -0.004,
        0,
        6.3,
        0.003,
        0,
        6.633,
        0.002,
        2,
        6.667,
        0.002,
        2,
        6.7,
        0.002,
        0,
        7.367,
        0.005,
        0,
        8.167,
        -0.002,
        0,
        8.633,
        0,
        0,
        8.733,
        -0.001,
        0,
        9.1,
        0.002,
        0,
        9.567,
        0
      ]
    },
    {
      "Target": "Parameter",
      "Id": "Necklace_Shaking",
      "Segments": [
        0,
        -0.012,
        0,
        0.033,
        -0.022,
        0,
        0.3,
        0.357,
        0,
        0.667,
        -0.465,
        0,
        1.1,
        0.36,
        1,
        1.256,
        0.36,
        1.411,
        0.007,
        1.567,
        0,
        1,
        1.622,
        -0.003,
        1.678,
        -0.001,
        1.733,
        -0.002,
        1,
        1.822,
        -0.003,
        1.911,
        -0.004,
        2,
        -0.004,
        0,
        2.733,
        0.013,
        0,
        3.933,
        -0.017,
        0,
        4.533,
        0.006,
        0,
        5.2,
        -0.014,
        0,
        5.7,
        0.011,
        0,
        6.1,
        0.004,
        0,
        6.467,
        0.005,
        0,
        7.033,
        0,
        0,
        7.267,
        0.001,
        0,
        7.833,
        -0.013,
        0,
        8.367,
        0.001,
        0,
        8.667,
        -0.001,
        0,
        9,
        0.01,
        0,
        9.433,
        -0.006,
        0,
        9.567,
        0
      ]
    },
    {
      "Target": "Parameter",
      "Id": "BrowLY",
      "Segments": [
        0,
        0,
        0,
        9.567,
        0
      ]
    },
    {
      "Target": "Parameter",
      "Id": "BrowRY",
      "Segments": [
        0,
        0,
        0,
        9.567,
        0
      ]
    },
    {
      "Target": "Parameter",
      "Id": "BrowLX",
      "Segments": [
        0,
        0,
        0,
        9.567,
        0
      ]
    },
    {
      "Target": "Parameter",
      "Id": "BrowRX",
      "Segments": [
        0,
        0,
        0,
        9.567,
        0
      ]
    },
    {
      "Target": "Parameter",
      "Id": "BrowL_Angle",
      "Segments": [
        0,
        0,
        0,
        9.567,
        0
      ]
    },
    {
      "Target": "Parameter",
      "Id": "BrowR_Angle",
      "Segments": [
        0,
        0,
        0,
        9.567,
        0
      ]
    },
    {
      "Target": "Parameter",
      "Id": "BrowL_Form",
      "Segments": [
        0,
        0,
        0,
        9.567,
        0
      ]
    },
    {
      "Target": "Parameter",
      "Id": "BrowR_Form",
      "Segments": [
        0,
        0,
        0,
        9.567,
        0
      ]
    },
    {
      "Target": "Parameter",
      "Id": "EyeL_Open",
      "Segments": [
        0,
        1,
        0,
        9.567,
        1
      ]
    },
    {
      "Target": "Parameter",
      "Id": "EyeL_Smile",
      "Segments": [
        0,
        0,
        0,
        9.567,
        0
      ]
    },
    {
      "Target": "Parameter",
      "Id": "EyeR_Open",
      "Segments": [
        0,
        1,
        0,
        9.567,
        1
      ]
    },
    {
      "Target": "Parameter",
      "Id": "EyeR_Smile",
      "Segments": [
        0,
        0,
        0,
        9.567,
        0
      ]
    },
    {
      "Target": "Parameter",
      "Id": "EyeBallX",
      "Segments": [
        0,
        0,
        0,
        9.567,
        0
      ]
    },
    {
      "Target": "Parameter",
      "Id": "EyeBallY",
      "Segments": [
        0,
        0.5,
        0,
        9.567,
        0.5
      ]
    },
    {
      "Target": "Parameter",
      "Id": "EyeBall_Size",
      "Segments": [
        0,
        0,
        0,
        9.567,
        0
      ]
    },
    {
      "Target": "Parameter",
      "Id": "Mouth_Form",
      "Segments": [
        0,
        0,
        0,
        9.567,
        0
      ]
    },
    {
      "Target": "Parameter",
      "Id": "Mouth_Open",
      "Segments": [
        0,
        1,
        0,
        9.567,
        1
      ]
    },
    {
      "Target": "Parameter",
      "Id": "Teeth01",
      "Segments": [
        0,
        1,
        0,
        9.567,
        1
      ]
    },
    {
      "Target": "Parameter",
      "Id": "Mouth_Size",
      "Segments": [
        0,
        1,
        0,
        9.567,
        1
      ]
    },
    {
      "Target": "Parameter",
      "Id": "HandR01",
      "Segments": [
        0,
        1,
        0,
        9.567,
        1
      ]
    },
    {
      "Target": "Parameter",
      "Id": "HandR02",
      "Segments": [
        0,
        0,
        0,
        9.567,
        0
      ]
    },
    {
      "Target": "Parameter",
      "Id": "ALLX",
      "Segments": [
        0,
        0,
        0,
        9.567,
        0
      ]
    },
    {
      "Target": "Parameter",
      "Id": "ALLY",
      "Segments": [
        0,
        0,
        0,
        9.567,
        0
      ]
    },
    {
      "Target": "Parameter",
      "Id": "ALLZ",
      "Segments": [
        0,
        0,
        0,
        9.567,
        0
      ]
    }
  ],
  "UserData": []
}