{
  "Version": 3,
  "Meta": {
    "Duration": 9.467,
    "Fps": 30.0,
    "Loop": true,
    "AreBeziersRestricted": true,
    "CurveCount": 58,
    "TotalSegmentCount": 260,
    "TotalPointCount": 488,
    "UserDataCount": 0,
    "TotalUserDataSize": 0
  },
  "Curves": [
    {
      "Target": "Parameter",
      "Id": "EyeL_Smile",
      "Segments": [
        0,
        0,
        2,
        1.3,
        0,
        2,
        1.467,
        0,
        0,
        1.9,
        0.8,
        0,
        9.467,
        0
      ]
    },
    {
      "Target": "Parameter",
      "Id": "HeadX",
      "Segments": [
        0,
        0,
        1,
        0.067,
        0,
        0.133,
        0.167,
        0.2,
        1.653,
        1,
        0.289,
        3.635,
        0.378,
        6.524,
        0.467,
        9.9,
        1,
        0.534,
        12.432,
        0.6,
        15.6,
        0.667,
        15.6,
        0,
        1.3,
        9.9,
        2,
        1.467,
        9.9,
        0,
        2.5,
        -1.032,
        1,
        2.856,
        -1.032,
        3.211,
        5.046,
        3.567,
        8.88,
        1,
        3.856,
        11.995,
        4.144,
        12,
        4.433,
        12,
        0,
        6.267,
        -3,
        1,
        6.611,
        -3,
        6.956,
        5.26,
        7.3,
        8.88,
        1,
        7.611,
        12.15,
        7.922,
        12,
        8.233,
        12,
        1,
        8.411,
        12,
        8.589,
        11.799,
        8.767,
        11.2,
        1,
        9,
        10.414,
        9.234,
        9.9,
        9.467,
        9.9
      ]
    },
    {
      "Target": "Parameter",
      "Id": "NeckZ",
      "Segments": [
        0,
        0,
        1,
        0.189,
        0,
        0.378,
        -1.073,
        0.567,
        -2.7,
        1,
        0.6,
        -2.987,
        0.634,
        -3.21,
        0.667,
        -3.259,
        1,
        0.756,
        -3.392,
        0.844,
        -3.416,
        0.933,
        -3.416,
        0,
        1.3,
        -2.7,
        2,
        1.467,
        -2.7,
        1,
        1.756,
        -2.7,
        2.044,
        -3.401,
        2.333,
        -4.133,
        1,
        2.355,
        -4.189,
        2.378,
        -4.154,
        2.4,
        -4.154,
        1,
        2.522,
        -4.154,
        2.645,
        -3.86,
        2.767,
        -3.351,
        1,
        3.1,
        -1.962,
        3.434,
        -1.304,
        3.767,
        -1.304,
        1,
        4.245,
        -1.304,
        4.722,
        -1.273,
        5.2,
        -1.82,
        1,
        5.6,
        -2.278,
        6,
        -4.154,
        6.4,
        -4.154,
        1,
        6.522,
        -4.154,
        6.645,
        -3.86,
        6.767,
        -3.351,
        1,
        7.1,
        -1.962,
        7.434,
        -1.304,
        7.767,
        -1.304,
        1,
        8.122,
        -1.304,
        8.478,
        -1.366,
        8.833,
        -1.82,
        1,
        9.044,
        -2.09,
        9.256,
        -2.7,
        9.467,
        -2.7
      ]
    },
    {
      "Target": "Parameter",
      "Id": "BodyX",
      "Segments": [
        0,
        0,
        0,
        0.667,
        4.992,
        0,
        0.9,
        3.895,
        0,
        1.2,
        4,
        2,
        1.467,
        4,
        1,
        1.622,
        4,
        1.778,
        4.051,
        1.933,
        4.28,
        1,
        2.144,
        4.59,
        2.356,
        4.839,
        2.567,
        4.839,
        1,
        2.822,
        4.839,
        3.078,
        4.403,
        3.333,
        3.295,
        1,
        3.7,
        1.704,
        4.066,
        0.774,
        4.433,
        0.774,
        1,
        4.711,
        0.774,
        4.989,
        1.117,
        5.267,
        1.939,
        1,
        5.445,
        2.465,
        5.622,
        3.013,
        5.8,
        3.675,
        1,
        5.978,
        4.338,
        6.155,
        4.839,
        6.333,
        4.839,
        1,
        6.6,
        4.839,
        6.866,
        4.363,
        7.133,
        3.295,
        1,
        7.511,
        1.781,
        7.889,
        0.961,
        8.267,
        0.961,
        1,
        8.422,
        0.961,
        8.578,
        0.897,
        8.733,
        1.498,
        1,
        8.978,
        2.442,
        9.222,
        4,
        9.467,
        4
      ]
    },
    {
      "Target": "Parameter",
      "Id": "BodyY",
      "Segments": [
        0,
        0,
        0,
        0.667,
        2.5,
        0,
        1.333,
        -0.02,
        2,
        1.467,
        -0.02,
        2,
        9.467,
        -0.02
      ]
    },
    {
      "Target": "Parameter",
      "Id": "BodyZ",
      "Segments": [
        0,
        0,
        1,
        0.144,
        0,
        0.289,
        0.092,
        0.433,
        0.588,
        1,
        0.522,
        0.894,
        0.611,
        1.395,
        0.7,
        1.395,
        1,
        0.744,
        1.395,
        0.789,
        1.203,
        0.833,
        1.071,
        1,
        0.944,
        0.742,
        1.056,
        0.432,
        1.167,
        0.217,
        1,
        1.222,
        0.109,
        1.278,
        0.001,
        1.333,
        0,
        1,
        1.378,
        -0.001,
        1.422,
        0,
        1.467,
        0,
        1,
        1.611,
        0,
        1.756,
        0.447,
        1.9,
        0.6,
        1,
        2.156,
        0.87,
        2.411,
        0.9,
        2.667,
        0.9,
        1,
        2.822,
        0.9,
        2.978,
        0.674,
        3.133,
        0.5,
        1,
        3.378,
        0.227,
        3.622,
        0.024,
        3.867,
        -0.169,
        1,
        4.089,
        -0.345,
        4.311,
        -0.4,
        4.533,
        -0.4,
        1,
        4.922,
        -0.4,
        5.311,
        0.115,
        5.7,
        0.6,
        1,
        5.933,
        0.891,
        6.167,
        0.9,
        6.4,
        0.9,
        1,
        6.644,
        0.9,
        6.889,
        0.657,
        7.133,
        0.4,
        1,
        7.389,
        0.132,
        7.644,
        -0.069,
        7.9,
        -0.26,
        1,
        8.144,
        -0.442,
        8.389,
        -0.5,
        8.633,
        -0.5,
        0,
        9.467,
        0
      ]
    },
    {
      "Target": "Parameter",
      "Id": "BodyUpper",
      "Segments": [
        0,
        0,
        0,
        0.467,
        0.28,
        0,
        1.3,
        0,
        2,
        1.467,
        0,
        0,
        2.533,
        4.97,
        0,
        4.233,
        0,
        1,
        4.322,
        0,
        4.411,
        0.118,
        4.5,
        0.4,
        1,
        4.511,
        0.435,
        4.522,
        0.521,
        4.533,
        0.6,
        1,
        4.944,
        3.519,
        5.356,
        5,
        5.767,
        5,
        0,
        7.133,
        0.123,
        0,
        8.2,
        4.97,
        0,
        9.467,
        0
      ]
    },
    {
      "Target": "Parameter",
      "Id": "Breath",
      "Segments": [
        0,
        0,
        0,
        0.6,
        0.4,
        0,
        1.3,
        0,
        2,
        1.467,
        0,
        0,
        2.3,
        0.5,
        0,
        3.5,
        0,
        0,
        5.067,
        0.5,
        2,
        6.3,
        0.5,
        0,
        7.5,
        0,
        0,
        8.7,
        0.5,
        0,
        9.467,
        0
      ]
    },
    {
      "Target": "Parameter",
      "Id": "ShoulderL_Move",
      "Segments": [
        0,
        0,
        0,
        0.4,
        -0.859,
        1,
        0.511,
        -0.859,
        0.622,
        0.171,
        0.733,
        0.606,
        1,
        0.8,
        0.867,
        0.866,
        0.982,
        0.933,
        1.016,
        1,
        1.055,
        1.076,
        1.178,
        1.08,
        1.3,
        1.08,
        2,
        1.467,
        1.08,
        0,
        2.067,
        -0.075,
        0,
        3.6,
        0.767,
        2,
        4.3,
        0.767,
        0,
        6.033,
        2.043,
        1,
        6.555,
        2.043,
        7.078,
        2.05,
        7.6,
        2.027,
        1,
        8.222,
        2,
        8.845,
        1.08,
        9.467,
        1.08
      ]
    },
    {
      "Target": "Parameter",
      "Id": "ShoulderR_Move",
      "Segments": [
        0,
        0,
        1,
        0.1,
        0,
        0.2,
        -0.093,
        0.3,
        -0.255,
        1,
        0.344,
        -0.327,
        0.389,
        -0.352,
        0.433,
        -0.352,
        1,
        0.489,
        -0.352,
        0.544,
        0.005,
        0.6,
        0.109,
        1,
        0.7,
        0.297,
        0.8,
        0.316,
        0.9,
        0.316,
        0,
        1.3,
        -0.762,
        2,
        1.467,
        -0.762,
        1,
        1.667,
        -0.762,
        1.867,
        -0.153,
        2.067,
        -0.117,
        1,
        2.578,
        -0.024,
        3.089,
        -0.014,
        3.6,
        -0.014,
        2,
        4.3,
        -0.014,
        1,
        4.878,
        -0.014,
        5.455,
        -0.661,
        6.033,
        -1.477,
        1,
        6.555,
        -2.215,
        7.078,
        -2.414,
        7.6,
        -2.414,
        0,
        9.467,
        -0.762
      ]
    },
    {
      "Target": "Parameter",
      "Id": "ShoulderL_Roll",
      "Segments": [
        0,
        0,
        0,
        0.633,
        3.06,
        0,
        1.4,
        0,
        2,
        1.467,
        0,
        1,
        1.578,
        0,
        1.689,
        0.71,
        1.8,
        0.723,
        1,
        2.033,
        0.749,
        2.267,
        0.75,
        2.5,
        0.75,
        1,
        2.911,
        0.75,
        3.322,
        0.024,
        3.733,
        -0.7,
        1,
        3.855,
        -0.915,
        3.978,
        -0.948,
        4.1,
        -1.05,
        1,
        4.267,
        -1.189,
        4.433,
        -1.24,
        4.6,
        -1.24,
        1,
        4.811,
        -1.24,
        5.022,
        -1.198,
        5.233,
        -0.9,
        1,
        5.389,
        -0.68,
        5.544,
        -0.306,
        5.7,
        0.25,
        1,
        5.867,
        0.846,
        6.033,
        1.8,
        6.2,
        1.8,
        1,
        6.356,
        1.8,
        6.511,
        1.052,
        6.667,
        0.8,
        1,
        6.934,
        0.369,
        7.2,
        0.273,
        7.467,
        -0.15,
        1,
        7.7,
        -0.52,
        7.934,
        -1.05,
        8.167,
        -1.05,
        1,
        8.367,
        -1.05,
        8.567,
        -1.053,
        8.767,
        -0.8,
        1,
        9,
        -0.504,
        9.234,
        0,
        9.467,
        0
      ]
    },
    {
      "Target": "Parameter",
      "Id": "ElbowL_Roll",
      "Segments": [
        0,
        0,
        0,
        0.7,
        2.6,
        0,
        1.4,
        0,
        2,
        1.467,
        0,
        0,
        2.1,
        0.6,
        1,
        2.333,
        0.6,
        2.567,
        0.484,
        2.8,
        0.4,
        1,
        3,
        0.328,
        3.2,
        0.315,
        3.4,
        0.25,
        1,
        3.567,
        0.196,
        3.733,
        0.092,
        3.9,
        0,
        1,
        4.122,
        -0.123,
        4.345,
        -0.2,
        4.567,
        -0.2,
        1,
        4.7,
        -0.2,
        4.834,
        -0.223,
        4.967,
        -0.1,
        1,
        5.211,
        0.125,
        5.456,
        0.731,
        5.7,
        1.15,
        1,
        5.967,
        1.607,
        6.233,
        1.84,
        6.5,
        1.84,
        1,
        6.656,
        1.84,
        6.811,
        0.967,
        6.967,
        0.72,
        1,
        7.189,
        0.368,
        7.411,
        0.167,
        7.633,
        0,
        1,
        7.766,
        -0.1,
        7.9,
        -0.103,
        8.033,
        -0.2,
        1,
        8.222,
        -0.337,
        8.411,
        -0.5,
        8.6,
        -0.5,
        0,
        9.467,
        0
      ]
    },
    {
      "Target": "Parameter",
      "Id": "HandL_Roll",
      "Segments": [
        0,
        0,
        2,
        0.7,
        0,
        2,
        1.4,
        0,
        2,
        1.467,
        0,
        2,
        5.533,
        0,
        0,
        6.467,
        1.03,
        1,
        6.645,
        1.03,
        6.822,
        0.94,
        7,
        0.61,
        1,
        7.389,
        -0.112,
        7.778,
        -0.57,
        8.167,
        -0.57,
        0,
        9.467,
        0
      ]
    },
    {
      "Target": "Parameter",
      "Id": "ShoulderR_Roll",
      "Segments": [
        0,
        0,
        2,
        0.133,
        0,
        1,
        0.2,
        0,
        0.266,
        -0.125,
        0.333,
        -0.429,
        1,
        0.389,
        -0.682,
        0.444,
        -0.994,
        0.5,
        -1.25,
        1,
        0.578,
        -1.608,
        0.655,
        -1.764,
        0.733,
        -1.764,
        2,
        1.467,
        -1.764,
        0,
        2.1,
        -1.704,
        1,
        2.433,
        -1.704,
        2.767,
        -2.273,
        3.1,
        -2.451,
        1,
        3.589,
        -2.712,
        4.078,
        -2.723,
        4.567,
        -2.723,
        1,
        5.056,
        -2.723,
        5.544,
        -2.428,
        6.033,
        -2.064,
        1,
        6.222,
        -1.923,
        6.411,
        -1.918,
        6.6,
        -1.918,
        0,
        7.433,
        -2.477,
        1,
        7.533,
        -2.477,
        7.633,
        -2.455,
        7.733,
        -2.406,
        1,
        7.966,
        -2.293,
        8.2,
        -2.188,
        8.433,
        -2.062,
        1,
        8.778,
        -1.876,
        9.122,
        -1.764,
        9.467,
        -1.764
      ]
    },
    {
      "Target": "Parameter",
      "Id": "ElbowR_Roll",
      "Segments": [
        0,
        0,
        2,
        0.2,
        0,
        1,
        0.278,
        0,
        0.355,
        0.542,
        0.433,
        1.127,
        1,
        0.489,
        1.545,
        0.544,
        1.882,
        0.6,
        2.086,
        1,
        0.644,
        2.249,
        0.689,
        2.423,
        0.733,
        2.424,
        1,
        0.978,
        2.426,
        1.222,
        2.427,
        1.467,
        2.427,
        0,
        2.2,
        2.187,
        1,
        2.533,
        2.187,
        2.867,
        2.623,
        3.2,
        2.987,
        1,
        3.456,
        3.266,
        3.711,
        3.283,
        3.967,
        3.283,
        2,
        4.7,
        3.283,
        1,
        5.178,
        3.283,
        5.655,
        3.174,
        6.133,
        3.054,
        1,
        6.478,
        2.968,
        6.822,
        2.972,
        7.167,
        2.856,
        1,
        7.622,
        2.704,
        8.078,
        2.33,
        8.533,
        2.33,
        0,
        9.467,
        2.427
      ]
    },
    {
      "Target": "Parameter",
      "Id": "Arm01R_Strech",
      "Segments": [
        0,
        0,
        2,
        0.4,
        0,
        2,
        1.2,
        0,
        2,
        1.467,
        0,
        2,
        2.1,
        0,
        1,
        2.467,
        0,
        2.833,
        -0.466,
        3.2,
        -1,
        1,
        3.722,
        -1.76,
        4.245,
        -2,
        4.767,
        -2,
        0,
        6.033,
        0,
        1,
        6.422,
        0,
        6.811,
        -0.343,
        7.2,
        -1,
        1,
        7.6,
        -1.676,
        8,
        -2,
        8.4,
        -2,
        0,
        9.467,
        0
      ]
    },
    {
      "Target": "Parameter",
      "Id": "HairFront_Shaking",
      "Segments": [
        0,
        0,
        2,
        0.033,
        0,
        0,
        0.233,
        0.129,
        0,
        0.733,
        -0.692,
        0,
        1.1,
        0.415,
        0,
        1.467,
        0,
        2,
        9.467,
        0
      ]
    },
    {
      "Target": "Parameter",
      "Id": "HairSide_Shaking",
      "Segments": [
        0,
        0,
        2,
        0.033,
        0,
        0,
        0.233,
        0.086,
        0,
        0.733,
        -0.461,
        0,
        1.1,
        0.276,
        0,
        1.467,
        0,
        2,
        9.467,
        0
      ]
    },
    {
      "Target": "Parameter",
      "Id": "HairUnder_Shaking",
      "Segments": [
        0,
        0,
        2,
        0.033,
        0,
        0,
        0.233,
        0.129,
        0,
        0.733,
        -0.692,
        0,
        1.1,
        0.415,
        0,
        1.467,
        0,
        2,
        9.467,
        0
      ]
    },
    {
      "Target": "Parameter",
      "Id": "JacketCollar_Shaking",
      "Segments": [
        0,
        0,
        2,
        0.033,
        0,
        0,
        0.5,
        -0.236,
        0,
        0.967,
        0.106,
        0,
        1.467,
        0,
        0,
        9.467,
        0.012
      ]
    },
    {
      "Target": "Parameter",
      "Id": "Jacket_Shaking",
      "Segments": [
        0,
        0,
        2,
        0.033,
        0,
        0,
        0.5,
        -0.241,
        0,
        0.933,
        0.116,
        0,
        1.467,
        0,
        2,
        9.467,
        0
      ]
    },
    {
      "Target": "Parameter",
      "Id": "Necklace_Shaking",
      "Segments": [
        0,
        0.007,
        0,
        0.067,
        0.013,
        0,
        0.4,
        -0.118,
        0,
        0.867,
        0.236,
        0,
        1.3,
        -0.167,
        0,
        1.467,
        0,
        2,
        9.467,
        0
      ]
    },
    {
      "Target": "Parameter",
      "Id": "BrowLY",
      "Segments": [
        0,
        0,
        0,
        9.467,
        0
      ]
    },
    {
      "Target": "Parameter",
      "Id": "BrowRY",
      "Segments": [
        0,
        0,
        0,
        9.467,
        0
      ]
    },
    {
      "Target": "Parameter",
      "Id": "BrowLX",
      "Segments": [
        0,
        0,
        0,
        9.467,
        0
      ]
    },
    {
      "Target": "Parameter",
      "Id": "BrowRX",
      "Segments": [
        0,
        0,
        0,
        9.467,
        0
      ]
    },
    {
      "Target": "Parameter",
      "Id": "BrowL_Angle",
      "Segments": [
        0,
        0,
        0,
        9.467,
        0
      ]
    },
    {
      "Target": "Parameter",
      "Id": "BrowR_Angle",
      "Segments": [
        0,
        0,
        0,
        9.467,
        0
      ]
    },
    {
      "Target": "Parameter",
      "Id": "BrowL_Form",
      "Segments": [
        0,
        0,
        0,
        9.467,
        0
      ]
    },
    {
      "Target": "Parameter",
      "Id": "BrowR_Form",
      "Segments": [
        0,
        0,
        0,
        9.467,
        0
      ]
    },
    {
      "Target": "Parameter",
      "Id": "EyeL_Open",
      "Segments": [
        0,
        1,
        0,
        9.467,
        1
      ]
    },
    {
      "Target": "Parameter",
      "Id": "EyeR_Open",
      "Segments": [
        0,
        1,
        0,
        9.467,
        1
      ]
    },
    {
      "Target": "Parameter",
      "Id": "EyeR_Smile",
      "Segments": [
        0,
        0,
        0,
        9.467,
        0
      ]
    },
    {
      "Target": "Parameter",
      "Id": "EyeBallX",
      "Segments": [
        0,
        0,
        0,
        9.467,
        0
      ]
    },
    {
      "Target": "Parameter",
      "Id": "EyeBallY",
      "Segments": [
        0,
        0.5,
        0,
        9.467,
        0.5
      ]
    },
    {
      "Target": "Parameter",
      "Id": "EyeBall_Size",
      "Segments": [
        0,
        0,
        0,
        9.467,
        0
      ]
    },
    {
      "Target": "Parameter",
      "Id": "Mouth_Form",
      "Segments": [
        0,
        0,
        0,
        9.467,
        0
      ]
    },
    {
      "Target": "Parameter",
      "Id": "Mouth_Open",
      "Segments": [
        0,
        1,
        0,
        9.467,
        1
      ]
    },
    {
      "Target": "Parameter",
      "Id": "Teeth01",
      "Segments": [
        0,
        1,
        0,
        9.467,
        1
      ]
    },
    {
      "Target": "Parameter",
      "Id": "Mouth_Size",
      "Segments": [
        0,
        1,
        0,
        9.467,
        1
      ]
    },
    {
      "Target": "Parameter",
      "Id": "HeadY",
      "Segments": [
        0,
        0,
        0,
        9.467,
        0
      ]
    },
    {
      "Target": "Parameter",
      "Id": "Arm01L_Strech",
      "Segments": [
        0,
        0,
        0,
        9.467,
        0
      ]
    },
    {
      "Target": "Parameter",
      "Id": "Arm02L_Strech",
      "Segments": [
        0,
        0,
        0,
        9.467,
        0
      ]
    },
    {
      "Target": "Parameter",
      "Id": "Arm02L_Bias",
      "Segments": [
        0,
        0,
        0,
        9.467,
        0
      ]
    },
    {
      "Target": "Parameter",
      "Id": "HandL_Strech",
      "Segments": [
        0,
        0,
        0,
        9.467,
        0
      ]
    },
    {
      "Target": "Parameter",
      "Id": "HandL01",
      "Segments": [
        0,
        1,
        0,
        9.467,
        1
      ]
    },
    {
      "Target": "Parameter",
      "Id": "HandL02",
      "Segments": [
        0,
        0,
        0,
        9.467,
        0
      ]
    },
    {
      "Target": "Parameter",
      "Id": "HandR_Roll",
      "Segments": [
        0,
        0,
        0,
        9.467,
        0
      ]
    },
    {
      "Target": "Parameter",
      "Id": "Arm02R_Strech",
      "Segments": [
        0,
        0,
        0,
        9.467,
        0
      ]
    },
    {
      "Target": "Parameter",
      "Id": "Arm02R_Bias",
      "Segments": [
        0,
        0,
        0,
        9.467,
        0
      ]
    },
    {
      "Target": "Parameter",
      "Id": "ShoulderR_Reform",
      "Segments": [
        0,
        0,
        0,
        9.467,
        0
      ]
    },
    {
      "Target": "Parameter",
      "Id": "SleeveR",
      "Segments": [
        0,
        0,
        0,
        9.467,
        0
      ]
    },
    {
      "Target": "Parameter",
      "Id": "HandR_Strech",
      "Segments": [
        0,
        0,
        0,
        9.467,
        0
      ]
    },
    {
      "Target": "Parameter",
      "Id": "HandR01",
      "Segments": [
        0,
        1,
        0,
        9.467,
        1
      ]
    },
    {
      "Target": "Parameter",
      "Id": "HandR02",
      "Segments": [
        0,
        0,
        0,
        9.467,
        0
      ]
    },
    {
      "Target": "Parameter",
      "Id": "ALLX",
      "Segments": [
        0,
        0,
        0,
        9.467,
        0
      ]
    },
    {
      "Target": "Parameter",
      "Id": "ALLY",
      "Segments": [
        0,
        0,
        0,
        9.467,
        0
      ]
    },
    {
      "Target": "Parameter",
      "Id": "ALLZ",
      "Segments": [
        0,
        0,
        0,
        9.467,
        0
      ]
    }
  ],
  "UserData": []
}