{
  "Version": 3,
  "Meta": {
    "Duration": 1.67,
    "Fps": 30.0,
    "Loop": true,
    "AreBeziersRestricted": true,
    "CurveCount": 96,
    "TotalSegmentCount": 223,
    "TotalPointCount": 309,
    "UserDataCount": 1,
    "TotalUserDataSize": 0
  },
  "Curves": [
    {
      "Target": "Parameter",
      "Id": "Breath",
      "Segments": [
        0,
        0,
        1,
        0.156,
        0,
        0.311,
        0.335,
        0.467,
        0.7,
        1,
        0.578,
        0.961,
        0.689,
        1,
        0.8,
        1,
        0,
        1.667,
        0
      ]
    },
    {
      "Target": "Parameter",
      "Id": "Body_Shaking",
      "Segments": [
        0,
        0,
        0,
        0.233,
        -13,
        1,
        0.622,
        -13,
        1.011,
        0.255,
        1.4,
        10,
        1,
        1.489,
        12.228,
        1.578,
        12.235,
        1.667,
        12.8
      ]
    },
    {
      "Target": "Parameter",
      "Id": "BodyY",
      "Segments": [
        0,
        0,
        0,
        0.533,
        4,
        0,
        1.067,
        0,
        2,
        1.667,
        0
      ]
    },
    {
      "Target": "Parameter",
      "Id": "Body_Twist",
      "Segments": [
        0,
        0,
        2,
        0.167,
        0,
        0,
        0.7,
        22,
        1,
        1.022,
        22,
        1.345,
        5.369,
        1.667,
        0
      ]
    },
    {
      "Target": "Parameter",
      "Id": "Param3",
      "Segments": [
        0,
        0,
        1,
        0.233,
        0,
        0.467,
        -8.459,
        0.7,
        -11,
        1,
        1.022,
        -14.51,
        1.345,
        -16.477,
        1.667,
        -18.3
      ]
    },
    {
      "Target": "Parameter",
      "Id": "Body_Pose1",
      "Segments": [
        0,
        0,
        0,
        0.167,
        -7,
        0,
        0.567,
        8,
        0,
        1.233,
        0,
        2,
        1.667,
        0
      ]
    },
    {
      "Target": "Parameter",
      "Id": "Waist_Roll",
      "Segments": [
        0,
        0,
        0,
        0.3,
        -0.744,
        1,
        0.756,
        -0.744,
        1.211,
        1.475,
        1.667,
        1.5
      ]
    },
    {
      "Target": "Parameter",
      "Id": "Tie_Shaking",
      "Segments": [
        0,
        0,
        0,
        0.433,
        -4,
        1,
        0.722,
        -4,
        1.011,
        0.541,
        1.3,
        4.465,
        1,
        1.4,
        5.823,
        1.5,
        5.573,
        1.6,
        5.573,
        1,
        1.622,
        5.573,
        1.645,
        4.733,
        1.667,
        4.465
      ]
    },
    {
      "Target": "Parameter",
      "Id": "All_Position",
      "Segments": [
        0,
        0,
        1,
        0.144,
        0,
        0.289,
        4.113,
        0.433,
        5,
        1,
        0.511,
        5.478,
        0.589,
        5.31,
        0.667,
        5.31,
        0,
        1.667,
        0
      ]
    },
    {
      "Target": "Parameter",
      "Id": "Head_AngleY",
      "Segments": [
        0,
        0,
        0,
        0.533,
        -12,
        0,
        1.667,
        -9
      ]
    },
    {
      "Target": "Parameter",
      "Id": "Head_Roll",
      "Segments": [
        0,
        0,
        2,
        0.133,
        0,
        0,
        0.533,
        -6,
        0,
        1.667,
        -2
      ]
    },
    {
      "Target": "Parameter",
      "Id": "HeadY",
      "Segments": [
        0,
        0,
        0,
        0.167,
        -5,
        0,
        1.067,
        0,
        2,
        1.667,
        0
      ]
    },
    {
      "Target": "Parameter",
      "Id": "Earrings_Shaking",
      "Segments": [
        0,
        0,
        0,
        0.6,
        -5.189,
        1,
        0.756,
        -5.189,
        0.911,
        -4.445,
        1.067,
        0,
        1,
        1.134,
        1.905,
        1.2,
        16,
        1.267,
        16,
        1,
        1.4,
        16,
        1.534,
        6.026,
        1.667,
        0
      ]
    },
    {
      "Target": "Parameter",
      "Id": "BrowRX",
      "Segments": [
        0,
        0,
        0,
        1.167,
        -0.1,
        2,
        1.667,
        -0.1
      ]
    },
    {
      "Target": "Parameter",
      "Id": "BrowRY",
      "Segments": [
        0,
        0,
        0,
        1.167,
        -1,
        2,
        1.667,
        -1
      ]
    },
    {
      "Target": "Parameter",
      "Id": "BrowLX",
      "Segments": [
        0,
        0,
        0,
        1.167,
        -0.1,
        2,
        1.667,
        -0.1
      ]
    },
    {
      "Target": "Parameter",
      "Id": "BrowLY",
      "Segments": [
        0,
        0,
        0,
        1.167,
        -1,
        2,
        1.667,
        -1
      ]
    },
    {
      "Target": "Parameter",
      "Id": "BrowRAngle",
      "Segments": [
        0,
        0,
        0,
        1.167,
        -1,
        2,
        1.667,
        -1
      ]
    },
    {
      "Target": "Parameter",
      "Id": "BrowLAngle",
      "Segments": [
        0,
        0,
        0,
        1.167,
        -0.542,
        2,
        1.667,
        -0.542
      ]
    },
    {
      "Target": "Parameter",
      "Id": "BrowR_Form",
      "Segments": [
        0,
        0,
        0,
        1.167,
        -0.5,
        2,
        1.667,
        -0.5
      ]
    },
    {
      "Target": "Parameter",
      "Id": "BrowL_Form",
      "Segments": [
        0,
        0,
        0,
        1.167,
        -0.5,
        2,
        1.667,
        -0.5
      ]
    },
    {
      "Target": "Parameter",
      "Id": "EyeR_Form",
      "Segments": [
        0,
        0,
        0,
        1.167,
        1,
        2,
        1.667,
        1
      ]
    },
    {
      "Target": "Parameter",
      "Id": "EyeL_Form",
      "Segments": [
        0,
        0,
        0,
        1.167,
        1,
        2,
        1.667,
        1
      ]
    },
    {
      "Target": "Parameter",
      "Id": "Mouth_Size",
      "Segments": [
        0,
        1,
        0,
        1.167,
        0.4,
        2,
        1.667,
        0.4
      ]
    },
    {
      "Target": "Parameter",
      "Id": "Mouth_PositionX",
      "Segments": [
        0,
        0,
        0,
        1.167,
        13,
        2,
        1.667,
        13
      ]
    },
    {
      "Target": "Parameter",
      "Id": "Mouth_PositionY",
      "Segments": [
        0,
        0,
        0,
        1.167,
        -10,
        2,
        1.667,
        -10
      ]
    },
    {
      "Target": "Parameter",
      "Id": "HairFront_Shaking",
      "Segments": [
        0,
        0,
        0,
        0.333,
        -0.4,
        0,
        0.9,
        0.6,
        1,
        1.156,
        0.6,
        1.411,
        0.36,
        1.667,
        -0.1
      ]
    },
    {
      "Target": "Parameter",
      "Id": "HairBack_Shaking",
      "Segments": [
        0,
        0,
        0,
        0.7,
        0.6,
        1,
        1.022,
        0.6,
        1.345,
        0.268,
        1.667,
        -0.213
      ]
    },
    {
      "Target": "Parameter",
      "Id": "ShoulderRY",
      "Segments": [
        0,
        0,
        0,
        0.133,
        -8,
        0,
        0.6,
        30,
        0,
        0.867,
        8,
        2,
        1.067,
        8,
        2,
        1.667,
        8
      ]
    },
    {
      "Target": "Parameter",
      "Id": "ShoulderR_Roll",
      "Segments": [
        0,
        2,
        0,
        0.1,
        4,
        0,
        0.6,
        -30,
        1,
        0.722,
        -30,
        0.845,
        -28.467,
        0.967,
        -28,
        1,
        1.2,
        -27.109,
        1.434,
        -27,
        1.667,
        -27
      ]
    },
    {
      "Target": "Parameter",
      "Id": "ShoulderR_Scale",
      "Segments": [
        0,
        0,
        0,
        0.5,
        -15,
        1,
        0.589,
        -15,
        0.678,
        -14.907,
        0.767,
        -12,
        1,
        0.845,
        -9.456,
        0.922,
        -2,
        1,
        -2,
        0,
        1.667,
        -3
      ]
    },
    {
      "Target": "Parameter",
      "Id": "ArmR_Roll",
      "Segments": [
        0,
        -0.5,
        1,
        0.067,
        -0.5,
        0.133,
        0.07,
        0.2,
        4.411,
        1,
        0.478,
        22.497,
        0.755,
        34,
        1.033,
        34,
        2,
        1.667,
        34
      ]
    },
    {
      "Target": "Parameter",
      "Id": "ArmR_Scale",
      "Segments": [
        0,
        0,
        0,
        0.833,
        -28,
        2,
        1.067,
        -28,
        0,
        1.667,
        -30
      ]
    },
    {
      "Target": "Parameter",
      "Id": "HandR_Roll",
      "Segments": [
        0,
        0,
        2,
        0.3,
        0,
        1,
        0.456,
        0,
        0.611,
        -2.744,
        0.767,
        -14,
        1,
        0.856,
        -20.432,
        0.944,
        -30,
        1.033,
        -30,
        2,
        1.667,
        -30
      ]
    },
    {
      "Target": "Parameter",
      "Id": "ArmR_Back",
      "Segments": [
        0,
        0,
        1,
        0.233,
        0,
        0.467,
        -14.95,
        0.7,
        -23,
        1,
        0.8,
        -26.45,
        0.9,
        -27.755,
        1,
        -28.38,
        1,
        1.222,
        -29.768,
        1.445,
        -30,
        1.667,
        -30
      ]
    },
    {
      "Target": "Parameter",
      "Id": "ShoulderLY",
      "Segments": [
        0,
        0,
        0,
        0.133,
        -3,
        0,
        0.567,
        30,
        0,
        1.033,
        18,
        0,
        1.667,
        23
      ]
    },
    {
      "Target": "Parameter",
      "Id": "ShoulderL_Roll",
      "Segments": [
        0,
        1,
        0,
        0.1,
        0.16,
        0,
        0.6,
        30,
        1,
        0.722,
        30,
        0.845,
        29.234,
        0.967,
        29,
        1,
        1.2,
        28.554,
        1.434,
        28.5,
        1.667,
        28.5
      ]
    },
    {
      "Target": "Parameter",
      "Id": "ShoulderL_Scale",
      "Segments": [
        0,
        0,
        0,
        0.567,
        -22,
        1,
        0.7,
        -22,
        0.834,
        -10.11,
        0.967,
        -8,
        1,
        1.2,
        -4.308,
        1.434,
        -4,
        1.667,
        -4
      ]
    },
    {
      "Target": "Parameter",
      "Id": "ArmL_Roll",
      "Segments": [
        0,
        -2.5,
        1,
        0.067,
        -2.5,
        0.133,
        -5.586,
        0.2,
        -9.755,
        1,
        0.478,
        -27.127,
        0.755,
        -35,
        1.033,
        -35,
        1,
        1.244,
        -35,
        1.456,
        -34.763,
        1.667,
        -34.76
      ]
    },
    {
      "Target": "Parameter",
      "Id": "ArmL_Scale",
      "Segments": [
        0,
        0,
        1,
        0.356,
        0,
        0.711,
        -12.545,
        1.067,
        -14,
        1,
        1.267,
        -14.818,
        1.467,
        -14.503,
        1.667,
        -15
      ]
    },
    {
      "Target": "Parameter",
      "Id": "HandL_Roll",
      "Segments": [
        0,
        0,
        1,
        0.033,
        0,
        0.067,
        -8.867,
        0.1,
        -13,
        1,
        0.178,
        -22.644,
        0.255,
        -25,
        0.333,
        -25,
        1,
        0.478,
        -25,
        0.622,
        -10.375,
        0.767,
        12,
        1,
        0.856,
        25.769,
        0.944,
        30,
        1.033,
        30,
        2,
        1.667,
        30
      ]
    },
    {
      "Target": "Parameter",
      "Id": "LegR_Roll",
      "Segments": [
        0,
        0,
        0,
        1.067,
        -15,
        2,
        1.667,
        -15
      ]
    },
    {
      "Target": "Parameter",
      "Id": "LegL_Roll",
      "Segments": [
        0,
        0,
        0,
        1.067,
        16,
        2,
        1.667,
        16
      ]
    },
    {
      "Target": "Parameter",
      "Id": "Skirt_Shaking",
      "Segments": [
        0,
        0,
        0,
        0.533,
        -16,
        0,
        1.333,
        4,
        1,
        1.444,
        4,
        1.556,
        3.298,
        1.667,
        0
      ]
    },
    {
      "Target": "Parameter",
      "Id": "Lowerbody_Roll",
      "Segments": [
        0,
        0,
        0,
        0.633,
        -2,
        0,
        1.367,
        0,
        2,
        1.667,
        0
      ]
    },
    {
      "Target": "PartOpacity",
      "Id": "Part11",
      "Segments": [
        0,
        1,
        2,
        1.07,
        1,
        2,
        1.67,
        1
      ]
    },
    {
      "Target": "PartOpacity",
      "Id": "Part",
      "Segments": [
        0,
        1,
        2,
        1.07,
        1,
        2,
        1.67,
        1
      ]
    },
    {
      "Target": "PartOpacity",
      "Id": "Part2",
      "Segments": [
        0,
        1,
        2,
        1.07,
        1,
        2,
        1.67,
        1
      ]
    },
    {
      "Target": "PartOpacity",
      "Id": "Part3",
      "Segments": [
        0,
        1,
        2,
        1.07,
        1,
        2,
        1.67,
        1
      ]
    },
    {
      "Target": "PartOpacity",
      "Id": "Part4",
      "Segments": [
        0,
        1,
        2,
        1.07,
        1,
        2,
        1.67,
        1
      ]
    },
    {
      "Target": "PartOpacity",
      "Id": "Part5",
      "Segments": [
        0,
        1,
        2,
        1.07,
        1,
        2,
        1.67,
        1
      ]
    },
    {
      "Target": "PartOpacity",
      "Id": "Part17",
      "Segments": [
        0,
        1,
        2,
        1.07,
        1,
        2,
        1.67,
        1
      ]
    },
    {
      "Target": "PartOpacity",
      "Id": "Part6",
      "Segments": [
        0,
        1,
        2,
        1.07,
        1,
        2,
        1.67,
        1
      ]
    },
    {
      "Target": "PartOpacity",
      "Id": "Part15",
      "Segments": [
        0,
        0,
        2,
        1.07,
        0,
        2,
        1.67,
        0
      ]
    },
    {
      "Target": "PartOpacity",
      "Id": "Part25",
      "Segments": [
        0,
        0,
        2,
        0.33,
        1,
        2,
        1.07,
        1,
        2,
        1.67,
        1
      ]
    },
    {
      "Target": "PartOpacity",
      "Id": "Part7",
      "Segments": [
        0,
        1,
        2,
        1.07,
        1,
        2,
        1.67,
        1
      ]
    },
    {
      "Target": "PartOpacity",
      "Id": "Part26",
      "Segments": [
        0,
        1,
        2,
        1.07,
        1,
        2,
        1.67,
        1
      ]
    },
    {
      "Target": "PartOpacity",
      "Id": "Part20",
      "Segments": [
        0,
        1,
        2,
        1.07,
        1,
        2,
        1.67,
        1
      ]
    },
    {
      "Target": "PartOpacity",
      "Id": "Part18",
      "Segments": [
        0,
        0,
        2,
        1.07,
        0,
        2,
        1.67,
        0
      ]
    },
    {
      "Target": "PartOpacity",
      "Id": "Part21",
      "Segments": [
        0,
        0,
        2,
        1.07,
        0,
        2,
        1.67,
        0
      ]
    },
    {
      "Target": "PartOpacity",
      "Id": "Part16",
      "Segments": [
        0,
        1,
        2,
        0.27,
        1,
        2,
        0.33,
        0,
        2,
        1.07,
        0,
        2,
        1.67,
        0
      ]
    },
    {
      "Target": "PartOpacity",
      "Id": "Part34",
      "Segments": [
        0,
        0,
        2,
        0.27,
        0,
        0,
        0.33,
        1,
        2,
        1.07,
        1,
        2,
        1.67,
        1
      ]
    },
    {
      "Target": "PartOpacity",
      "Id": "Part8",
      "Segments": [
        0,
        1,
        2,
        1.07,
        1,
        2,
        1.67,
        1
      ]
    },
    {
      "Target": "PartOpacity",
      "Id": "Part9",
      "Segments": [
        0,
        1,
        2,
        1.07,
        1,
        2,
        1.67,
        1
      ]
    },
    {
      "Target": "PartOpacity",
      "Id": "Part22",
      "Segments": [
        0,
        1,
        2,
        1.07,
        1,
        2,
        1.67,
        1
      ]
    },
    {
      "Target": "PartOpacity",
      "Id": "Part14",
      "Segments": [
        0,
        1,
        2,
        0.27,
        1,
        2,
        0.33,
        0,
        2,
        1.07,
        0,
        2,
        1.67,
        0
      ]
    },
    {
      "Target": "PartOpacity",
      "Id": "Part33",
      "Segments": [
        0,
        0,
        2,
        0.27,
        0,
        0,
        0.33,
        1,
        2,
        1.07,
        1,
        2,
        1.67,
        1
      ]
    },
    {
      "Target": "PartOpacity",
      "Id": "Part23",
      "Segments": [
        0,
        1,
        2,
        1.07,
        1,
        2,
        1.67,
        1
      ]
    },
    {
      "Target": "PartOpacity",
      "Id": "Part12",
      "Segments": [
        0,
        0,
        2,
        1.07,
        0,
        2,
        1.67,
        0
      ]
    },
    {
      "Target": "PartOpacity",
      "Id": "Part30",
      "Segments": [
        0,
        0,
        2,
        1.07,
        0,
        2,
        1.67,
        0
      ]
    },
    {
      "Target": "PartOpacity",
      "Id": "Part32",
      "Segments": [
        0,
        1,
        2,
        1.07,
        1,
        2,
        1.67,
        1
      ]
    },
    {
      "Target": "PartOpacity",
      "Id": "Part24",
      "Segments": [
        0,
        1,
        2,
        1.07,
        1,
        2,
        1.67,
        1
      ]
    },
    {
      "Target": "PartOpacity",
      "Id": "Part19",
      "Segments": [
        0,
        0,
        2,
        0.2,
        0,
        0,
        0.4,
        1,
        2,
        1.07,
        1,
        2,
        1.67,
        1
      ]
    },
    {
      "Target": "PartOpacity",
      "Id": "Part13",
      "Segments": [
        0,
        1,
        2,
        1.07,
        1,
        2,
        1.67,
        1
      ]
    },
    {
      "Target": "PartOpacity",
      "Id": "Part29",
      "Segments": [
        0,
        1,
        2,
        1.07,
        1,
        2,
        1.67,
        1
      ]
    },
    {
      "Target": "PartOpacity",
      "Id": "Part27",
      "Segments": [
        0,
        0,
        2,
        1.07,
        0,
        2,
        1.67,
        0
      ]
    },
    {
      "Target": "PartOpacity",
      "Id": "Part28",
      "Segments": [
        0,
        1,
        2,
        1.07,
        1,
        2,
        1.67,
        1
      ]
    },
    {
      "Target": "PartOpacity",
      "Id": "Part10",
      "Segments": [
        0,
        1,
        2,
        1.07,
        1,
        2,
        1.67,
        1
      ]
    },
    {
      "Target": "Model",
      "Id": "Opacity",
      "Segments": [
        0,
        1,
        0,
        1.67,
        1
      ]
    },
    {
      "Target": "Parameter",
      "Id": "Head_AngleX",
      "Segments": [
        0,
        0,
        0,
        1.67,
        0
      ]
    },
    {
      "Target": "Parameter",
      "Id": "EyeR_Open",
      "Segments": [
        0,
        1,
        0,
        1.67,
        1
      ]
    },
    {
      "Target": "Parameter",
      "Id": "EyeR_Smile",
      "Segments": [
        0,
        0,
        0,
        1.67,
        0
      ]
    },
    {
      "Target": "Parameter",
      "Id": "EyeL_Open",
      "Segments": [
        0,
        1,
        0,
        1.67,
        1
      ]
    },
    {
      "Target": "Parameter",
      "Id": "EyeL_Smile",
      "Segments": [
        0,
        0,
        0,
        1.67,
        0
      ]
    },
    {
      "Target": "Parameter",
      "Id": "EyeBallX",
      "Segments": [
        0,
        0,
        0,
        1.67,
        0
      ]
    },
    {
      "Target": "Parameter",
      "Id": "EyeBallY",
      "Segments": [
        0,
        0,
        0,
        1.67,
        0
      ]
    },
    {
      "Target": "Parameter",
      "Id": "Eyeball_Size",
      "Segments": [
        0,
        0,
        0,
        1.67,
        0
      ]
    },
    {
      "Target": "Parameter",
      "Id": "Mouth_Form",
      "Segments": [
        0,
        0,
        0,
        1.67,
        0
      ]
    },
    {
      "Target": "Parameter",
      "Id": "Mouth_Open",
      "Segments": [
        0,
        1,
        0,
        1.67,
        1
      ]
    },
    {
      "Target": "Parameter",
      "Id": "ElbowR_Weight",
      "Segments": [
        0,
        0,
        0,
        1.67,
        0
      ]
    },
    {
      "Target": "Parameter",
      "Id": "ArmR_Weight",
      "Segments": [
        0,
        0,
        0,
        1.67,
        0
      ]
    },
    {
      "Target": "Parameter",
      "Id": "Param",
      "Segments": [
        0,
        -30,
        0,
        1.67,
        -30
      ]
    },
    {
      "Target": "Parameter",
      "Id": "HandL__Pose2_Weight",
      "Segments": [
        0,
        0,
        0,
        1.67,
        0
      ]
    },
    {
      "Target": "Parameter",
      "Id": "HandL_Pose1_Hold",
      "Segments": [
        0,
        0,
        0,
        1.67,
        0
      ]
    },
    {
      "Target": "Parameter",
      "Id": "HandL_Pose1_Weight",
      "Segments": [
        0,
        0,
        0,
        1.67,
        0
      ]
    },
    {
      "Target": "Parameter",
      "Id": "Param2",
      "Segments": [
        0,
        30,
        0,
        1.67,
        30
      ]
    }
  ],
  "UserData": [
    {
      "Time": 0.0,
      "Value": ""
    }
  ]
}