{
  "Version": 3,
  "Meta": {
    "Duration": 2.0,
    "Fps": 30.0,
    "Loop": true,
    "AreBeziersRestricted": true,
    "CurveCount": 92,
    "TotalSegmentCount": 219,
    "TotalPointCount": 325,
    "UserDataCount": 1,
    "TotalUserDataSize": 0
  },
  "Curves": [
    {
      "Target": "Parameter",
      "Id": "Breath",
      "Segments": [
        0,
        0,
        0,
        0.867,
        0.5,
        0,
        2,
        0
      ]
    },
    {
      "Target": "Parameter",
      "Id": "Body_Shaking",
      "Segments": [
        0,
        0,
        1,
        0.233,
        1.21,
        0.467,
        3.058,
        0.7,
        3.058,
        0,
        2,
        -2.517
      ]
    },
    {
      "Target": "Parameter",
      "Id": "BodyY",
      "Segments": [
        0,
        0,
        2,
        0.4,
        0,
        0,
        0.733,
        1.38,
        0,
        1.433,
        0,
        2,
        2,
        0
      ]
    },
    {
      "Target": "Parameter",
      "Id": "Body_Twist",
      "Segments": [
        0,
        0,
        1,
        0.178,
        4.106,
        0.355,
        5.915,
        0.533,
        6.042,
        1,
        0.678,
        6.042,
        0.822,
        5.019,
        0.967,
        2.14,
        1,
        1.122,
        -1.553,
        1.278,
        -4.525,
        1.433,
        -6.896,
        1,
        1.622,
        -8.896,
        1.811,
        -9.72,
        2,
        -9.72
      ]
    },
    {
      "Target": "Parameter",
      "Id": "Body_Pose1",
      "Segments": [
        0,
        0,
        2,
        0.1,
        0,
        0,
        0.733,
        1.818,
        0,
        1.433,
        -7,
        2,
        2,
        -7
      ]
    },
    {
      "Target": "Parameter",
      "Id": "Waist_Roll",
      "Segments": [
        0,
        0,
        2,
        0.4,
        0,
        0,
        1.433,
        6,
        2,
        2,
        6
      ]
    },
    {
      "Target": "Parameter",
      "Id": "Skirt_Shaking",
      "Segments": [
        0,
        0,
        0,
        0.4,
        -8.584,
        0,
        1.267,
        21,
        1,
        1.511,
        21,
        1.756,
        3.303,
        2,
        -5.882
      ]
    },
    {
      "Target": "Parameter",
      "Id": "Skirt_Shaking02",
      "Segments": [
        0,
        0,
        0,
        0.067,
        -5.158,
        1,
        0.167,
        -5.158,
        0.267,
        4.677,
        0.367,
        11.019,
        1,
        0.434,
        15.247,
        0.5,
        15.155,
        0.567,
        15.155,
        1,
        0.645,
        15.155,
        0.722,
        13.893,
        0.8,
        11.019,
        1,
        1.078,
        0.753,
        1.355,
        -4.566,
        1.633,
        -4.566,
        2,
        2,
        -4.566
      ]
    },
    {
      "Target": "Parameter",
      "Id": "Head_AngleX",
      "Segments": [
        0,
        0,
        2,
        0.4,
        0,
        0,
        0.667,
        4.549,
        1,
        1,
        4.549,
        1.334,
        -8.924,
        1.667,
        -13.469,
        1,
        1.778,
        -14.849,
        1.889,
        -15.578,
        2,
        -16.017
      ]
    },
    {
      "Target": "Parameter",
      "Id": "Head_AngleY",
      "Segments": [
        0,
        0,
        0,
        0.167,
        -2.821,
        1,
        0.278,
        -2.821,
        0.389,
        8.195,
        0.5,
        18.78,
        1,
        0.6,
        28.307,
        0.7,
        30,
        0.8,
        30,
        1,
        1.011,
        30,
        1.222,
        6.447,
        1.433,
        -3.668,
        1,
        1.622,
        -10.228,
        1.811,
        -12.173,
        2,
        -13.328
      ]
    },
    {
      "Target": "Parameter",
      "Id": "Head_Roll",
      "Segments": [
        0,
        0,
        2,
        0.233,
        0,
        0,
        0.667,
        0.93,
        1,
        0.922,
        0.93,
        1.178,
        -8.76,
        1.433,
        -9.42,
        1,
        1.622,
        -9.798,
        1.811,
        -10.02,
        2,
        -10.02
      ]
    },
    {
      "Target": "Parameter",
      "Id": "Head_RollY",
      "Segments": [
        0,
        0,
        2,
        0.4,
        0,
        0,
        1.433,
        -7.74,
        2,
        2,
        -7.74
      ]
    },
    {
      "Target": "Parameter",
      "Id": "Rng_RollR",
      "Segments": [
        0,
        0,
        0,
        0.167,
        -9,
        0,
        0.433,
        9,
        0,
        0.667,
        -10.774,
        0,
        0.9,
        2.784,
        1,
        0.956,
        2.784,
        1.011,
        1.416,
        1.067,
        0,
        1,
        1.189,
        -3.116,
        1.311,
        -4.237,
        1.433,
        -4.237,
        0,
        2,
        3.511
      ]
    },
    {
      "Target": "Parameter",
      "Id": "Rng_RollL",
      "Segments": [
        0,
        0,
        0,
        0.167,
        -12,
        0,
        0.433,
        11,
        0,
        0.667,
        -8,
        0,
        0.9,
        2.784,
        1,
        0.956,
        2.784,
        1.011,
        1.152,
        1.067,
        0,
        1,
        1.189,
        -2.535,
        1.311,
        -3.274,
        1.433,
        -3.274,
        0,
        2,
        4.963
      ]
    },
    {
      "Target": "Parameter",
      "Id": "MouthForm2",
      "Segments": [
        0,
        0,
        0,
        0.567,
        -30,
        2,
        1.567,
        -30,
        0,
        2,
        0
      ]
    },
    {
      "Target": "Parameter",
      "Id": "MouthY",
      "Segments": [
        0,
        0,
        0,
        1.267,
        -15,
        2,
        2,
        -15
      ]
    },
    {
      "Target": "Parameter",
      "Id": "MouthForm",
      "Segments": [
        0,
        -0.5,
        0,
        1.267,
        -0.7,
        2,
        2,
        -0.7
      ]
    },
    {
      "Target": "Parameter",
      "Id": "Mouth_Open",
      "Segments": [
        0,
        0.7,
        0,
        2,
        0.8
      ]
    },
    {
      "Target": "Parameter",
      "Id": "Mouth_Size",
      "Segments": [
        0,
        0.1,
        0,
        2,
        1
      ]
    },
    {
      "Target": "Parameter",
      "Id": "EyeBallX",
      "Segments": [
        0,
        0,
        2,
        0.667,
        0,
        0,
        1.1,
        0.171,
        0,
        1.767,
        -0.339,
        1,
        1.845,
        -0.382,
        1.922,
        -0.398,
        2,
        -0.4
      ]
    },
    {
      "Target": "Parameter",
      "Id": "EyeBallY",
      "Segments": [
        0,
        0,
        0,
        0.567,
        -0.196,
        1,
        0.956,
        -0.397,
        1.344,
        -0.437,
        1.733,
        -0.5,
        1,
        1.822,
        -0.518,
        1.911,
        -0.52,
        2,
        -0.528
      ]
    },
    {
      "Target": "Parameter",
      "Id": "Param",
      "Segments": [
        0,
        0,
        0,
        1.4,
        -30,
        2,
        2,
        -30
      ]
    },
    {
      "Target": "Parameter",
      "Id": "BrowRY",
      "Segments": [
        0,
        -0.6,
        1,
        0.1,
        -0.6,
        0.2,
        -0.458,
        0.3,
        -0.3,
        1,
        0.444,
        -0.071,
        0.589,
        0,
        0.733,
        0,
        0,
        1.167,
        -1,
        2,
        2,
        -1
      ]
    },
    {
      "Target": "Parameter",
      "Id": "BrowLY",
      "Segments": [
        0,
        -0.5,
        1,
        0.1,
        -0.5,
        0.2,
        -0.436,
        0.3,
        -0.3,
        1,
        0.444,
        -0.103,
        0.589,
        0,
        0.733,
        0,
        0,
        1.167,
        -0.6,
        2,
        2,
        -0.6
      ]
    },
    {
      "Target": "Parameter",
      "Id": "BrowR_Angle",
      "Segments": [
        0,
        0.8,
        0,
        1.4,
        1,
        2,
        2,
        1
      ]
    },
    {
      "Target": "Parameter",
      "Id": "BrowL_Angle",
      "Segments": [
        0,
        -0.6,
        0,
        1.4,
        -0.1,
        2,
        2,
        -0.1
      ]
    },
    {
      "Target": "Parameter",
      "Id": "BrowR_Form",
      "Segments": [
        0,
        0,
        0,
        0.3,
        -0.6,
        0,
        1.4,
        0,
        2,
        2,
        0
      ]
    },
    {
      "Target": "Parameter",
      "Id": "BrowL_Form",
      "Segments": [
        0,
        0,
        1,
        0.1,
        0,
        0.2,
        -0.677,
        0.3,
        -0.7,
        1,
        0.667,
        -0.784,
        1.033,
        -0.8,
        1.4,
        -0.8,
        2,
        2,
        -0.8
      ]
    },
    {
      "Target": "Parameter",
      "Id": "BrowR_Form2",
      "Segments": [
        0,
        0,
        0,
        1.4,
        -30,
        2,
        2,
        -30
      ]
    },
    {
      "Target": "Parameter",
      "Id": "BrowL_Form2",
      "Segments": [
        0,
        0,
        0,
        1.4,
        -15,
        2,
        2,
        -15
      ]
    },
    {
      "Target": "Parameter",
      "Id": "EyeR_Open",
      "Segments": [
        0,
        1,
        2,
        0.667,
        1,
        0,
        1.167,
        0,
        2,
        2,
        0
      ]
    },
    {
      "Target": "Parameter",
      "Id": "EyeL_Open",
      "Segments": [
        0,
        1,
        2,
        0.667,
        1,
        0,
        1.167,
        0.8,
        2,
        2,
        0.8
      ]
    },
    {
      "Target": "Parameter",
      "Id": "EyeR_Smile",
      "Segments": [
        0,
        0,
        2,
        0.667,
        0,
        0,
        1.167,
        -1,
        2,
        2,
        -1
      ]
    },
    {
      "Target": "Parameter",
      "Id": "EyeL_Smile",
      "Segments": [
        0,
        0,
        2,
        0.667,
        0,
        0,
        1.167,
        -1,
        2,
        2,
        -1
      ]
    },
    {
      "Target": "Parameter",
      "Id": "Eye_Normal",
      "Segments": [
        0,
        1,
        0,
        2,
        0
      ]
    },
    {
      "Target": "Parameter",
      "Id": "HairSideR_Move",
      "Segments": [
        0,
        0,
        0,
        0.167,
        -0.1,
        0,
        0.5,
        0.133,
        0,
        1,
        -0.253,
        1,
        1.189,
        -0.253,
        1.378,
        0.12,
        1.567,
        0.255,
        1,
        1.711,
        0.353,
        1.856,
        0.227,
        2,
        0.046
      ]
    },
    {
      "Target": "Parameter",
      "Id": "HairSideL_Move",
      "Segments": [
        0,
        0,
        0,
        0.167,
        0.096,
        0,
        0.5,
        -0.127,
        1,
        0.678,
        -0.127,
        0.855,
        0.004,
        1.033,
        0.42,
        1,
        1.166,
        0.732,
        1.3,
        0.993,
        1.433,
        0.993,
        1,
        1.622,
        0.993,
        1.811,
        0.657,
        2,
        0.34
      ]
    },
    {
      "Target": "Parameter",
      "Id": "HairBack01_Move",
      "Segments": [
        0,
        0,
        1,
        0.144,
        -0.173,
        0.289,
        -0.3,
        0.433,
        -0.3,
        1,
        0.644,
        -0.3,
        0.856,
        -0.144,
        1.067,
        0.07,
        1,
        1.234,
        0.24,
        1.4,
        0.289,
        1.567,
        0.289,
        1,
        1.711,
        0.289,
        1.856,
        0.16,
        2,
        0.028
      ]
    },
    {
      "Target": "Parameter",
      "Id": "HairBack02_Move",
      "Segments": [
        0,
        0,
        0,
        0.3,
        -16,
        0,
        1,
        23.353,
        0,
        2,
        -20.522
      ]
    },
    {
      "Target": "Parameter",
      "Id": "ShoulderLY",
      "Segments": [
        0,
        0,
        2,
        0.833,
        0,
        0,
        1.433,
        24,
        2,
        2,
        24
      ]
    },
    {
      "Target": "Parameter",
      "Id": "ShoulderR_Roll",
      "Segments": [
        0,
        1.85,
        0,
        0.667,
        -2.519,
        1,
        0.856,
        -2.519,
        1.044,
        -0.533,
        1.233,
        0.1,
        1,
        1.489,
        0.956,
        1.744,
        1.45,
        2,
        1.85
      ]
    },
    {
      "Target": "Parameter",
      "Id": "ShoulderL_Roll",
      "Segments": [
        0,
        0,
        0,
        0.667,
        1.826,
        0,
        1.233,
        -5.35,
        1,
        1.489,
        -5.35,
        1.744,
        -5.364,
        2,
        -5.222
      ]
    },
    {
      "Target": "Parameter",
      "Id": "ArmR_Roll",
      "Segments": [
        0,
        -7.03,
        0,
        0.333,
        -3.61,
        1,
        0.466,
        -3.61,
        0.6,
        -8.49,
        0.733,
        -10.568,
        1,
        1.155,
        -17.609,
        1.578,
        -18.202,
        2,
        -17
      ]
    },
    {
      "Target": "Parameter",
      "Id": "ArmL_Roll",
      "Segments": [
        0,
        10.725,
        1,
        0.078,
        8.185,
        0.155,
        7.486,
        0.233,
        7.486,
        0,
        0.567,
        12.825,
        1,
        0.645,
        12.825,
        0.722,
        6.546,
        0.8,
        -12.718,
        1,
        0.889,
        -49.165,
        0.978,
        -94.628,
        1.067,
        -114.649,
        1,
        1.178,
        -137.449,
        1.289,
        -137.978,
        1.4,
        -138.84,
        1,
        1.6,
        -140.353,
        1.8,
        -140.4,
        2,
        -140.4
      ]
    },
    {
      "Target": "Parameter",
      "Id": "ArmL_Form",
      "Segments": [
        0,
        0,
        2,
        0.533,
        0,
        0,
        1.233,
        -11,
        2,
        2,
        -11
      ]
    },
    {
      "Target": "Parameter",
      "Id": "ArmR_Form2",
      "Segments": [
        0,
        0,
        2,
        0.533,
        0,
        0,
        1.233,
        -5.34,
        2,
        2,
        -5.34
      ]
    },
    {
      "Target": "Parameter",
      "Id": "ArmL_Form2",
      "Segments": [
        0,
        0,
        2,
        0.533,
        0,
        0,
        1.233,
        -9,
        2,
        2,
        -9
      ]
    },
    {
      "Target": "Parameter",
      "Id": "HandR_Roll",
      "Segments": [
        0,
        -2.14,
        0,
        0.4,
        3.238,
        0,
        1,
        -0.642,
        0,
        1.533,
        1.292,
        1,
        1.689,
        2.403,
        1.844,
        4.197,
        2,
        4.859
      ]
    },
    {
      "Target": "Parameter",
      "Id": "HandL_Roll",
      "Segments": [
        0,
        0,
        0,
        0.267,
        -3.12,
        0,
        0.8,
        3.4,
        1,
        0.911,
        3.4,
        1.022,
        1.857,
        1.133,
        0,
        1,
        1.344,
        -2.329,
        1.556,
        -6.66,
        1.767,
        -6.66,
        2,
        2,
        -6.66
      ]
    },
    {
      "Target": "Parameter",
      "Id": "HandL_move",
      "Segments": [
        0,
        0,
        2,
        0.4,
        0,
        0,
        0.767,
        30,
        0,
        1.3,
        -30,
        0,
        1.733,
        30,
        2,
        2,
        30
      ]
    },
    {
      "Target": "Parameter",
      "Id": "LegR_Roll",
      "Segments": [
        0,
        0,
        2,
        0.4,
        0,
        0,
        1.433,
        8,
        2,
        2,
        8
      ]
    },
    {
      "Target": "Parameter",
      "Id": "LegL_Roll",
      "Segments": [
        0,
        0,
        0,
        0.767,
        13.455,
        0,
        1.767,
        -8,
        2,
        2,
        -8
      ]
    },
    {
      "Target": "PartOpacity",
      "Id": "Part",
      "Segments": [
        0,
        1,
        2,
        2,
        1
      ]
    },
    {
      "Target": "PartOpacity",
      "Id": "Part22",
      "Segments": [
        0,
        0,
        2,
        0.03,
        1,
        2,
        2,
        1
      ]
    },
    {
      "Target": "PartOpacity",
      "Id": "Part2",
      "Segments": [
        0,
        1,
        2,
        2,
        1
      ]
    },
    {
      "Target": "PartOpacity",
      "Id": "Part3",
      "Segments": [
        0,
        1,
        2,
        2,
        1
      ]
    },
    {
      "Target": "PartOpacity",
      "Id": "Part27",
      "Segments": [
        0,
        0,
        2,
        2,
        0
      ]
    },
    {
      "Target": "PartOpacity",
      "Id": "Part5",
      "Segments": [
        0,
        1,
        2,
        2,
        1
      ]
    },
    {
      "Target": "PartOpacity",
      "Id": "Part8",
      "Segments": [
        0,
        0,
        2,
        2,
        0
      ]
    },
    {
      "Target": "PartOpacity",
      "Id": "Part26",
      "Segments": [
        0,
        0,
        2,
        0.83,
        1,
        2,
        2,
        1
      ]
    },
    {
      "Target": "PartOpacity",
      "Id": "Part7",
      "Segments": [
        0,
        1,
        2,
        0.83,
        0,
        2,
        2,
        0
      ]
    },
    {
      "Target": "PartOpacity",
      "Id": "Part28",
      "Segments": [
        0,
        0,
        2,
        2,
        0
      ]
    },
    {
      "Target": "PartOpacity",
      "Id": "Part9",
      "Segments": [
        0,
        0,
        2,
        2,
        0
      ]
    },
    {
      "Target": "PartOpacity",
      "Id": "Part29",
      "Segments": [
        0,
        1,
        2,
        2,
        1
      ]
    },
    {
      "Target": "PartOpacity",
      "Id": "Part6",
      "Segments": [
        0,
        1,
        2,
        2,
        1
      ]
    },
    {
      "Target": "PartOpacity",
      "Id": "Part10",
      "Segments": [
        0,
        0,
        2,
        2,
        0
      ]
    },
    {
      "Target": "PartOpacity",
      "Id": "Part25",
      "Segments": [
        0,
        0,
        2,
        2,
        0
      ]
    },
    {
      "Target": "PartOpacity",
      "Id": "Part20",
      "Segments": [
        0,
        0,
        2,
        2,
        0
      ]
    },
    {
      "Target": "PartOpacity",
      "Id": "Part19",
      "Segments": [
        0,
        0,
        2,
        2,
        0
      ]
    },
    {
      "Target": "PartOpacity",
      "Id": "Part16",
      "Segments": [
        0,
        0,
        2,
        2,
        0
      ]
    },
    {
      "Target": "PartOpacity",
      "Id": "Part11",
      "Segments": [
        0,
        1,
        2,
        2,
        1
      ]
    },
    {
      "Target": "PartOpacity",
      "Id": "Part14",
      "Segments": [
        0,
        1,
        2,
        2,
        1
      ]
    },
    {
      "Target": "PartOpacity",
      "Id": "Part23",
      "Segments": [
        0,
        0,
        2,
        2,
        0
      ]
    },
    {
      "Target": "PartOpacity",
      "Id": "Part24",
      "Segments": [
        0,
        0,
        2,
        2,
        0
      ]
    },
    {
      "Target": "PartOpacity",
      "Id": "Part12",
      "Segments": [
        0,
        1,
        2,
        2,
        1
      ]
    },
    {
      "Target": "PartOpacity",
      "Id": "Part13",
      "Segments": [
        0,
        1,
        2,
        2,
        1
      ]
    },
    {
      "Target": "PartOpacity",
      "Id": "Part18",
      "Segments": [
        0,
        1,
        2,
        2,
        1
      ]
    },
    {
      "Target": "PartOpacity",
      "Id": "Part21",
      "Segments": [
        0,
        1,
        2,
        2,
        1
      ]
    },
    {
      "Target": "PartOpacity",
      "Id": "Part15",
      "Segments": [
        0,
        1,
        2,
        2,
        1
      ]
    },
    {
      "Target": "PartOpacity",
      "Id": "Part4",
      "Segments": [
        0,
        1,
        2,
        2,
        1
      ]
    },
    {
      "Target": "Parameter",
      "Id": "BodyPoX",
      "Segments": [
        0,
        0,
        0,
        2,
        0
      ]
    },
    {
      "Target": "Parameter",
      "Id": "Body_Form",
      "Segments": [
        0,
        0,
        0,
        2,
        0
      ]
    },
    {
      "Target": "Parameter",
      "Id": "Shoulder_Move",
      "Segments": [
        0,
        0,
        0,
        2,
        0
      ]
    },
    {
      "Target": "Parameter",
      "Id": "Arm_Form",
      "Segments": [
        0,
        0,
        0,
        2,
        0
      ]
    },
    {
      "Target": "Parameter",
      "Id": "EyeBall_size",
      "Segments": [
        0,
        0,
        0,
        2,
        0
      ]
    },
    {
      "Target": "Parameter",
      "Id": "Brow_Form",
      "Segments": [
        0,
        -30,
        0,
        2,
        -30
      ]
    },
    {
      "Target": "Parameter",
      "Id": "ShoulderRY",
      "Segments": [
        0,
        0,
        0,
        2,
        0
      ]
    },
    {
      "Target": "Parameter",
      "Id": "ArmR_Form",
      "Segments": [
        0,
        0,
        0,
        2,
        0
      ]
    },
    {
      "Target": "Parameter",
      "Id": "ArmR_Sup_Form",
      "Segments": [
        0,
        0,
        0,
        2,
        0
      ]
    },
    {
      "Target": "Parameter",
      "Id": "ArmL_Sup_Form",
      "Segments": [
        0,
        0,
        0,
        2,
        0
      ]
    },
    {
      "Target": "Parameter",
      "Id": "ArmR_Adjustment",
      "Segments": [
        0,
        0,
        0,
        2,
        0
      ]
    },
    {
      "Target": "Parameter",
      "Id": "HandR_move",
      "Segments": [
        0,
        0,
        0,
        2,
        0
      ]
    }
  ],
  "UserData": [
    {
      "Time": 0.0,
      "Value": ""
    }
  ]
}