{
  "Version": 3,
  "Meta": {
    "Duration": 8.0,
    "Fps": 30.0,
    "Loop": true,
    "AreBeziersRestricted": true,
    "CurveCount": 94,
    "TotalSegmentCount": 261,
    "TotalPointCount": 343,
    "UserDataCount": 1,
    "TotalUserDataSize": 0
  },
  "Curves": [
    {
      "Target": "Parameter",
      "Id": "Breath",
      "Segments": [
        0,
        0.477,
        1,
        0.389,
        0.285,
        0.778,
        0,
        1.167,
        0,
        0,
        2.4,
        0.643,
        0,
        4.033,
        0,
        0,
        5.067,
        0.609,
        0,
        6.367,
        0,
        0,
        7.467,
        0.609,
        1,
        7.645,
        0.609,
        7.822,
        0.577,
        8,
        0.477
      ]
    },
    {
      "Target": "Parameter",
      "Id": "Body_Shaking",
      "Segments": [
        0,
        0.126,
        0,
        1.333,
        -0.093,
        0,
        2.667,
        0.11,
        0,
        4.1,
        -0.105,
        0,
        5.5,
        0.08,
        0,
        6.767,
        -0.093,
        0,
        8,
        0.126
      ]
    },
    {
      "Target": "Parameter",
      "Id": "Body_Twist",
      "Segments": [
        0,
        1.26,
        1,
        0.3,
        -1.405,
        0.6,
        -2.811,
        0.9,
        -3.698,
        1,
        1.478,
        -4.824,
        2.055,
        -4.963,
        2.633,
        -4.963,
        1,
        3.255,
        -4.963,
        3.878,
        -4.294,
        4.5,
        -1.836,
        1,
        4.844,
        -0.475,
        5.189,
        2.961,
        5.533,
        4.207,
        1,
        6.055,
        6.096,
        6.578,
        6.473,
        7.1,
        6.473,
        1,
        7.4,
        6.473,
        7.7,
        5.118,
        8,
        1.26
      ]
    },
    {
      "Target": "Parameter",
      "Id": "Waist_Roll",
      "Segments": [
        0,
        0.632,
        1,
        0.444,
        0.311,
        0.889,
        0,
        1.333,
        0,
        2,
        3.967,
        0,
        0,
        5.033,
        0.529,
        0,
        6.6,
        -0.152,
        0,
        7.833,
        0.692,
        1,
        7.889,
        0.692,
        7.944,
        0.674,
        8,
        0.632
      ]
    },
    {
      "Target": "Parameter",
      "Id": "Skirt_Shaking",
      "Segments": [
        0,
        -2.138,
        1,
        0.144,
        -5.346,
        0.289,
        -6.702,
        0.433,
        -6.702,
        0,
        1.433,
        6.415,
        0,
        2.5,
        -6.275,
        0,
        3.467,
        7.912,
        0,
        4.667,
        -4.265,
        0,
        5.767,
        6.415,
        0,
        6.833,
        -6.275,
        0,
        7.633,
        3.016,
        1,
        7.755,
        3.016,
        7.878,
        1.568,
        8,
        -2.138
      ]
    },
    {
      "Target": "Parameter",
      "Id": "Head_AngleX",
      "Segments": [
        0,
        1.2,
        1,
        0.411,
        -1.807,
        0.822,
        -4.189,
        1.233,
        -4.189,
        1,
        2.266,
        -4.189,
        3.3,
        -3.781,
        4.333,
        -1.166,
        1,
        4.922,
        0.324,
        5.511,
        3.525,
        6.1,
        3.525,
        1,
        6.733,
        3.525,
        7.367,
        4.015,
        8,
        1.2
      ]
    },
    {
      "Target": "Parameter",
      "Id": "Head_AngleY",
      "Segments": [
        0,
        7.169,
        0,
        1.133,
        -3.54,
        0,
        3.7,
        -0.689,
        0,
        6.1,
        -2.417,
        0,
        8,
        7.169
      ]
    },
    {
      "Target": "Parameter",
      "Id": "Head_Roll",
      "Segments": [
        0,
        0.42,
        1,
        0.489,
        0.324,
        0.978,
        -2.694,
        1.467,
        -3.315,
        1,
        1.956,
        -3.92,
        2.444,
        -3.803,
        2.933,
        -3.707,
        1,
        3.555,
        -3.538,
        4.178,
        0.832,
        4.8,
        1.121,
        0,
        6.5,
        0.36,
        0,
        8,
        0.42
      ]
    },
    {
      "Target": "Parameter",
      "Id": "Rng_RollR",
      "Segments": [
        0,
        3.511,
        0,
        0.5,
        -4.237,
        0,
        1.067,
        3.511,
        0,
        1.733,
        -4.237,
        0,
        2.4,
        3.753,
        0,
        3.167,
        -4.237,
        0,
        3.733,
        3.511,
        0,
        4.4,
        -4.237,
        0,
        5.067,
        3.753,
        0,
        5.833,
        -4.116,
        0,
        6.6,
        3.511,
        0,
        7.333,
        -4.237,
        0,
        8,
        3.511
      ]
    },
    {
      "Target": "Parameter",
      "Id": "Rng_RollL",
      "Segments": [
        0,
        4.963,
        0,
        0.5,
        -3.026,
        0,
        1.067,
        2.542,
        0,
        1.733,
        -2.663,
        0,
        2.4,
        5.568,
        0,
        3.167,
        -3.026,
        0,
        3.733,
        2.542,
        0,
        4.4,
        -2.663,
        0,
        5.067,
        5.568,
        0,
        5.833,
        -2.905,
        0,
        6.6,
        2.542,
        0,
        7.333,
        -2.663,
        0,
        8,
        4.963
      ]
    },
    {
      "Target": "Parameter",
      "Id": "EyeBallX",
      "Segments": [
        0,
        0,
        0,
        1.233,
        0.036,
        2,
        3.7,
        0.036,
        0,
        4.867,
        0,
        2,
        8,
        0
      ]
    },
    {
      "Target": "Parameter",
      "Id": "EyeBallY",
      "Segments": [
        0,
        0.1,
        0,
        1.233,
        0.128,
        2,
        3.7,
        0.128,
        0,
        4.867,
        0.112,
        2,
        6.9,
        0.112,
        0,
        8,
        0.1
      ]
    },
    {
      "Target": "Parameter",
      "Id": "BrowRY",
      "Segments": [
        0,
        -0.2,
        2,
        2.233,
        -0.2,
        0,
        3.333,
        -0.029,
        0,
        4.633,
        -0.2,
        2,
        8,
        -0.2
      ]
    },
    {
      "Target": "Parameter",
      "Id": "BrowLY",
      "Segments": [
        0,
        -0.1,
        2,
        2.233,
        -0.1,
        0,
        3.333,
        0.071,
        0,
        4.633,
        -0.1,
        2,
        8,
        -0.1
      ]
    },
    {
      "Target": "Parameter",
      "Id": "BrowR_Form2",
      "Segments": [
        0,
        -25,
        2,
        2.233,
        -25,
        0,
        3.333,
        -15,
        0,
        4.633,
        -25,
        2,
        8,
        -25
      ]
    },
    {
      "Target": "Parameter",
      "Id": "BrowL_Form2",
      "Segments": [
        0,
        -25,
        2,
        2.233,
        -25,
        0,
        3.333,
        -15,
        0,
        4.633,
        -25,
        2,
        8,
        -25
      ]
    },
    {
      "Target": "Parameter",
      "Id": "HairSideR_Move",
      "Segments": [
        0,
        -0.316,
        0,
        0.933,
        0.057,
        0,
        1.867,
        -0.274,
        1,
        2.034,
        -0.274,
        2.2,
        -0.279,
        2.367,
        -0.184,
        1,
        2.634,
        -0.033,
        2.9,
        0.173,
        3.167,
        0.173,
        0,
        4.2,
        -0.207,
        0,
        5.267,
        0.091,
        0,
        6.233,
        -0.207,
        0,
        7.1,
        0.001,
        0,
        8,
        -0.316
      ]
    },
    {
      "Target": "Parameter",
      "Id": "HairSideL_Move",
      "Segments": [
        0,
        -0.207,
        0,
        0.933,
        0.194,
        0,
        2.1,
        -0.15,
        1,
        2.233,
        -0.15,
        2.367,
        -0.162,
        2.5,
        -0.064,
        1,
        2.744,
        0.116,
        2.989,
        0.377,
        3.233,
        0.377,
        0,
        4.4,
        -0.127,
        0,
        5.267,
        0.281,
        0,
        6.233,
        -0.08,
        0,
        7.133,
        0.156,
        0,
        8,
        -0.207
      ]
    },
    {
      "Target": "Parameter",
      "Id": "HairBack01_Move",
      "Segments": [
        0,
        -0.221,
        0,
        1,
        0.186,
        0,
        2.1,
        -0.114,
        0,
        3.167,
        0.137,
        0,
        4.467,
        -0.114,
        0,
        5.533,
        0.172,
        0,
        6.6,
        -0.086,
        0,
        7.3,
        0.107,
        0,
        8,
        -0.221
      ]
    },
    {
      "Target": "Parameter",
      "Id": "HairBack02_Move",
      "Segments": [
        0,
        -20.522,
        0,
        0.867,
        23.353,
        0,
        1.967,
        -16.665,
        0,
        2.933,
        20.252,
        0,
        3.967,
        -16.665,
        0,
        5.1,
        20.252,
        0,
        6.067,
        -20.729,
        0,
        7.033,
        17.269,
        0,
        8,
        -20.522
      ]
    },
    {
      "Target": "Parameter",
      "Id": "ShoulderRY",
      "Segments": [
        0,
        3.204,
        1,
        0.256,
        1.935,
        0.511,
        0,
        0.767,
        0,
        2,
        3.567,
        0,
        0,
        4.733,
        5.187,
        0,
        5.967,
        0,
        2,
        7.033,
        0,
        0,
        7.7,
        3.703,
        1,
        7.8,
        3.703,
        7.9,
        3.641,
        8,
        3.204
      ]
    },
    {
      "Target": "Parameter",
      "Id": "ShoulderLY",
      "Segments": [
        0,
        3.204,
        1,
        0.256,
        1.935,
        0.511,
        0,
        0.767,
        0,
        2,
        3.567,
        0,
        0,
        4.733,
        5.187,
        0,
        5.967,
        0,
        2,
        7.033,
        0,
        0,
        7.7,
        3.703,
        1,
        7.8,
        3.703,
        7.9,
        3.576,
        8,
        3.204
      ]
    },
    {
      "Target": "Parameter",
      "Id": "ShoulderR_Roll",
      "Segments": [
        0,
        0.757,
        1,
        0.311,
        1.371,
        0.622,
        2.642,
        0.933,
        2.642,
        0,
        2.7,
        0.453,
        0,
        4.333,
        2.541,
        0,
        5.7,
        0.453,
        0,
        6.8,
        2.256,
        0,
        7.7,
        0.643,
        0,
        8,
        0.757
      ]
    },
    {
      "Target": "Parameter",
      "Id": "ShoulderL_Roll",
      "Segments": [
        0,
        2.075,
        1,
        0.267,
        1.332,
        0.533,
        -0.407,
        0.8,
        -0.407,
        0,
        2.467,
        2.259,
        0,
        4.067,
        -0.137,
        0,
        5.533,
        2.27,
        0,
        6.767,
        0.017,
        0,
        7.667,
        2.375,
        1,
        7.778,
        2.375,
        7.889,
        2.306,
        8,
        2.075
      ]
    },
    {
      "Target": "Parameter",
      "Id": "ArmR_Roll",
      "Segments": [
        0,
        -5.7,
        1,
        0.111,
        -6.155,
        0.222,
        -6.158,
        0.333,
        -6.158,
        0,
        1.667,
        -4.842,
        0,
        3.1,
        -8.152,
        0,
        4.533,
        -4.541,
        0,
        5.8,
        -5.77,
        0,
        7.167,
        -3.625,
        1,
        7.445,
        -3.625,
        7.722,
        -4.606,
        8,
        -5.7
      ]
    },
    {
      "Target": "Parameter",
      "Id": "ArmL_Roll",
      "Segments": [
        0,
        7.4,
        1,
        0.078,
        7.804,
        0.155,
        7.651,
        0.233,
        7.651,
        0,
        1.467,
        6.934,
        0,
        2.767,
        9.536,
        0,
        4.233,
        6.775,
        0,
        5.633,
        8.048,
        0,
        7.033,
        5.514,
        1,
        7.355,
        5.514,
        7.678,
        7.006,
        8,
        7.4
      ]
    },
    {
      "Target": "Parameter",
      "Id": "HandR_Roll",
      "Segments": [
        0,
        -1.06,
        1,
        0.078,
        -1.416,
        0.155,
        -1.54,
        0.233,
        -1.54,
        0,
        1.767,
        -0.073,
        0,
        3.233,
        -1.06,
        0,
        4.7,
        0.26,
        0,
        6,
        -1.06,
        0,
        7.167,
        0.26,
        0,
        8,
        -1.06
      ]
    },
    {
      "Target": "Parameter",
      "Id": "HandL_Roll",
      "Segments": [
        0,
        0.638,
        1,
        0.111,
        0.916,
        0.222,
        0.985,
        0.333,
        0.985,
        0,
        1.867,
        -1.575,
        0,
        3.3,
        1.227,
        0,
        4.6,
        -1.54,
        0,
        6,
        0.895,
        0,
        7.267,
        -1.661,
        1,
        7.511,
        -1.661,
        7.756,
        -0.161,
        8,
        0.638
      ]
    },
    {
      "Target": "Parameter",
      "Id": "LegR_Roll",
      "Segments": [
        0,
        1.675,
        1,
        0.3,
        3.321,
        0.6,
        4.463,
        0.9,
        4.463,
        2,
        4.067,
        4.463,
        0,
        5.667,
        0,
        2,
        7.2,
        0,
        1,
        7.467,
        0,
        7.733,
        0.429,
        8,
        1.675
      ]
    },
    {
      "Target": "Parameter",
      "Id": "LegL_Roll",
      "Segments": [
        0,
        4.474,
        1,
        0.3,
        9.045,
        0.6,
        12.566,
        0.9,
        12.566,
        2,
        4.067,
        12.566,
        0,
        5.667,
        0,
        2,
        7.2,
        0,
        1,
        7.467,
        0,
        7.733,
        1.852,
        8,
        4.474
      ]
    },
    {
      "Target": "PartOpacity",
      "Id": "Part",
      "Segments": [
        0,
        1,
        2,
        8,
        1
      ]
    },
    {
      "Target": "PartOpacity",
      "Id": "Part22",
      "Segments": [
        0,
        0,
        2,
        8,
        0
      ]
    },
    {
      "Target": "PartOpacity",
      "Id": "Part2",
      "Segments": [
        0,
        1,
        2,
        8,
        1
      ]
    },
    {
      "Target": "PartOpacity",
      "Id": "Part3",
      "Segments": [
        0,
        1,
        2,
        8,
        1
      ]
    },
    {
      "Target": "PartOpacity",
      "Id": "Part27",
      "Segments": [
        0,
        0,
        2,
        8,
        0
      ]
    },
    {
      "Target": "PartOpacity",
      "Id": "Part5",
      "Segments": [
        0,
        1,
        2,
        8,
        1
      ]
    },
    {
      "Target": "PartOpacity",
      "Id": "Part8",
      "Segments": [
        0,
        0,
        2,
        8,
        0
      ]
    },
    {
      "Target": "PartOpacity",
      "Id": "Part26",
      "Segments": [
        0,
        0,
        2,
        8,
        0
      ]
    },
    {
      "Target": "PartOpacity",
      "Id": "Part7",
      "Segments": [
        0,
        1,
        2,
        8,
        1
      ]
    },
    {
      "Target": "PartOpacity",
      "Id": "Part28",
      "Segments": [
        0,
        0,
        2,
        8,
        0
      ]
    },
    {
      "Target": "PartOpacity",
      "Id": "Part9",
      "Segments": [
        0,
        0,
        2,
        8,
        0
      ]
    },
    {
      "Target": "PartOpacity",
      "Id": "Part29",
      "Segments": [
        0,
        1,
        2,
        8,
        1
      ]
    },
    {
      "Target": "PartOpacity",
      "Id": "Part6",
      "Segments": [
        0,
        1,
        2,
        8,
        1
      ]
    },
    {
      "Target": "PartOpacity",
      "Id": "Part10",
      "Segments": [
        0,
        0,
        2,
        8,
        0
      ]
    },
    {
      "Target": "PartOpacity",
      "Id": "Part25",
      "Segments": [
        0,
        0,
        2,
        8,
        0
      ]
    },
    {
      "Target": "PartOpacity",
      "Id": "Part20",
      "Segments": [
        0,
        0,
        2,
        8,
        0
      ]
    },
    {
      "Target": "PartOpacity",
      "Id": "Part19",
      "Segments": [
        0,
        0,
        2,
        8,
        0
      ]
    },
    {
      "Target": "PartOpacity",
      "Id": "Part16",
      "Segments": [
        0,
        0,
        2,
        8,
        0
      ]
    },
    {
      "Target": "PartOpacity",
      "Id": "Part11",
      "Segments": [
        0,
        1,
        2,
        8,
        1
      ]
    },
    {
      "Target": "PartOpacity",
      "Id": "Part14",
      "Segments": [
        0,
        1,
        2,
        8,
        1
      ]
    },
    {
      "Target": "PartOpacity",
      "Id": "Part23",
      "Segments": [
        0,
        0,
        2,
        8,
        0
      ]
    },
    {
      "Target": "PartOpacity",
      "Id": "Part24",
      "Segments": [
        0,
        0,
        2,
        8,
        0
      ]
    },
    {
      "Target": "PartOpacity",
      "Id": "Part12",
      "Segments": [
        0,
        1,
        2,
        8,
        1
      ]
    },
    {
      "Target": "PartOpacity",
      "Id": "Part13",
      "Segments": [
        0,
        1,
        2,
        8,
        1
      ]
    },
    {
      "Target": "PartOpacity",
      "Id": "Part18",
      "Segments": [
        0,
        1,
        2,
        8,
        1
      ]
    },
    {
      "Target": "PartOpacity",
      "Id": "Part21",
      "Segments": [
        0,
        1,
        2,
        8,
        1
      ]
    },
    {
      "Target": "PartOpacity",
      "Id": "Part15",
      "Segments": [
        0,
        1,
        2,
        8,
        1
      ]
    },
    {
      "Target": "PartOpacity",
      "Id": "Part4",
      "Segments": [
        0,
        1,
        2,
        8,
        1
      ]
    },
    {
      "Target": "Model",
      "Id": "Opacity",
      "Segments": [
        0,
        1,
        0,
        8,
        1
      ]
    },
    {
      "Target": "Parameter",
      "Id": "BodyPoX",
      "Segments": [
        0,
        0,
        0,
        8,
        0
      ]
    },
    {
      "Target": "Parameter",
      "Id": "BodyY",
      "Segments": [
        0,
        0,
        0,
        8,
        0
      ]
    },
    {
      "Target": "Parameter",
      "Id": "Body_Form",
      "Segments": [
        0,
        0,
        0,
        8,
        0
      ]
    },
    {
      "Target": "Parameter",
      "Id": "Shoulder_Move",
      "Segments": [
        0,
        0,
        0,
        8,
        0
      ]
    },
    {
      "Target": "Parameter",
      "Id": "Arm_Form",
      "Segments": [
        0,
        0,
        0,
        8,
        0
      ]
    },
    {
      "Target": "Parameter",
      "Id": "Body_Pose1",
      "Segments": [
        0,
        0,
        0,
        8,
        0
      ]
    },
    {
      "Target": "Parameter",
      "Id": "Skirt_Shaking02",
      "Segments": [
        0,
        0,
        0,
        8,
        0
      ]
    },
    {
      "Target": "Parameter",
      "Id": "Head_RollY",
      "Segments": [
        0,
        0,
        0,
        8,
        0
      ]
    },
    {
      "Target": "Parameter",
      "Id": "MouthForm2",
      "Segments": [
        0,
        0,
        0,
        8,
        0
      ]
    },
    {
      "Target": "Parameter",
      "Id": "MouthY",
      "Segments": [
        0,
        0,
        0,
        8,
        0
      ]
    },
    {
      "Target": "Parameter",
      "Id": "MouthForm",
      "Segments": [
        0,
        -0.4,
        0,
        8,
        -0.4
      ]
    },
    {
      "Target": "Parameter",
      "Id": "Mouth_Open",
      "Segments": [
        0,
        0.7,
        0,
        8,
        0.7
      ]
    },
    {
      "Target": "Parameter",
      "Id": "Mouth_Size",
      "Segments": [
        0,
        0,
        0,
        8,
        0
      ]
    },
    {
      "Target": "Parameter",
      "Id": "EyeBall_size",
      "Segments": [
        0,
        0,
        0,
        8,
        0
      ]
    },
    {
      "Target": "Parameter",
      "Id": "Brow_Form",
      "Segments": [
        0,
        -17,
        0,
        8,
        -17
      ]
    },
    {
      "Target": "Parameter",
      "Id": "Param",
      "Segments": [
        0,
        -17,
        0,
        8,
        -17
      ]
    },
    {
      "Target": "Parameter",
      "Id": "BrowR_Angle",
      "Segments": [
        0,
        -0.5,
        0,
        8,
        -0.5
      ]
    },
    {
      "Target": "Parameter",
      "Id": "BrowL_Angle",
      "Segments": [
        0,
        0.5,
        0,
        8,
        0.5
      ]
    },
    {
      "Target": "Parameter",
      "Id": "BrowR_Form",
      "Segments": [
        0,
        0,
        0,
        8,
        0
      ]
    },
    {
      "Target": "Parameter",
      "Id": "BrowL_Form",
      "Segments": [
        0,
        0,
        0,
        8,
        0
      ]
    },
    {
      "Target": "Parameter",
      "Id": "EyeR_Open",
      "Segments": [
        0,
        1,
        0,
        8,
        1
      ]
    },
    {
      "Target": "Parameter",
      "Id": "EyeL_Open",
      "Segments": [
        0,
        1,
        0,
        8,
        1
      ]
    },
    {
      "Target": "Parameter",
      "Id": "EyeR_Smile",
      "Segments": [
        0,
        0,
        0,
        8,
        0
      ]
    },
    {
      "Target": "Parameter",
      "Id": "EyeL_Smile",
      "Segments": [
        0,
        0,
        0,
        8,
        0
      ]
    },
    {
      "Target": "Parameter",
      "Id": "Eye_Normal",
      "Segments": [
        0,
        0,
        0,
        8,
        0
      ]
    },
    {
      "Target": "Parameter",
      "Id": "ArmR_Form",
      "Segments": [
        0,
        0,
        0,
        8,
        0
      ]
    },
    {
      "Target": "Parameter",
      "Id": "ArmL_Form",
      "Segments": [
        0,
        0,
        0,
        8,
        0
      ]
    },
    {
      "Target": "Parameter",
      "Id": "ArmR_Form2",
      "Segments": [
        0,
        0,
        0,
        8,
        0
      ]
    },
    {
      "Target": "Parameter",
      "Id": "ArmL_Form2",
      "Segments": [
        0,
        0,
        0,
        8,
        0
      ]
    },
    {
      "Target": "Parameter",
      "Id": "ArmR_Sup_Form",
      "Segments": [
        0,
        0,
        0,
        8,
        0
      ]
    },
    {
      "Target": "Parameter",
      "Id": "ArmL_Sup_Form",
      "Segments": [
        0,
        0,
        0,
        8,
        0
      ]
    },
    {
      "Target": "Parameter",
      "Id": "ArmR_Adjustment",
      "Segments": [
        0,
        0,
        0,
        8,
        0
      ]
    },
    {
      "Target": "Parameter",
      "Id": "HandR_move",
      "Segments": [
        0,
        0,
        0,
        8,
        0
      ]
    },
    {
      "Target": "Parameter",
      "Id": "HandL_move",
      "Segments": [
        0,
        0,
        0,
        8,
        0
      ]
    },
    {
      "Target": "PartOpacity",
      "Id": "Part32",
      "Segments": [
        0,
        1,
        0,
        8,
        1
      ]
    }
  ],
  "UserData": [
    {
      "Time": 0.0,
      "Value": ""
    }
  ]
}