{
  "Version": 3,
  "Meta": {
    "Duration": 8.67,
    "Fps": 30.0,
    "Loop": true,
    "AreBeziersRestricted": true,
    "CurveCount": 92,
    "TotalSegmentCount": 229,
    "TotalPointCount": 309,
    "UserDataCount": 1,
    "TotalUserDataSize": 0
  },
  "Curves": [
    {
      "Target": "Parameter",
      "Id": "Breath",
      "Segments": [
        0,
        0,
        0,
        1.833,
        1,
        0,
        3.9,
        0,
        0,
        6.133,
        1,
        0,
        8.667,
        0
      ]
    },
    {
      "Target": "Parameter",
      "Id": "Body_Shaking",
      "Segments": [
        0,
        -16,
        1,
        0.522,
        -19.835,
        1.045,
        -21.28,
        1.567,
        -21.28,
        0,
        3.567,
        -14,
        0,
        5.267,
        -19,
        0,
        7.067,
        -9,
        0,
        8.667,
        -16
      ]
    },
    {
      "Target": "Parameter",
      "Id": "Waist_Roll",
      "Segments": [
        0,
        5,
        0,
        1.867,
        3.98,
        0,
        3.033,
        4.9,
        0,
        5.867,
        3.896,
        0,
        8.667,
        5
      ]
    },
    {
      "Target": "Parameter",
      "Id": "Body_Pose1",
      "Segments": [
        0,
        20,
        0,
        0.967,
        25.7,
        2,
        3.733,
        25.7,
        0,
        8.667,
        20
      ]
    },
    {
      "Target": "Parameter",
      "Id": "BodyY",
      "Segments": [
        0,
        0,
        1,
        0.389,
        0.955,
        0.778,
        1.18,
        1.167,
        1.18,
        0,
        3.3,
        0,
        0,
        4.633,
        1.56,
        0,
        6,
        -3.29,
        0,
        8.667,
        0
      ]
    },
    {
      "Target": "Parameter",
      "Id": "Body_Twist",
      "Segments": [
        0,
        0,
        0,
        1.5,
        -8,
        0,
        3.9,
        7,
        0,
        6.2,
        -5,
        0,
        8.667,
        0
      ]
    },
    {
      "Target": "Parameter",
      "Id": "Ribbon_Shaking",
      "Segments": [
        0,
        -0.2,
        1,
        0.178,
        5.443,
        0.355,
        6.18,
        0.533,
        6.18,
        0,
        1.767,
        -11,
        0,
        4.067,
        21,
        0,
        5.5,
        0,
        0,
        7.133,
        9.912,
        0,
        8.133,
        -4.219,
        1,
        8.311,
        -4.219,
        8.489,
        -2.374,
        8.667,
        -0.2
      ]
    },
    {
      "Target": "Parameter",
      "Id": "HatRibbon_Shaking",
      "Segments": [
        0,
        11.591,
        1,
        0.089,
        19.704,
        0.178,
        20.853,
        0.267,
        20.853,
        0,
        1.267,
        -6.37,
        0,
        2.5,
        17.985,
        0,
        3.567,
        -9.07,
        0,
        4.833,
        21.745,
        0,
        5.667,
        -3.609,
        0,
        6.667,
        12.274,
        0,
        7.767,
        -9.07,
        1,
        8.067,
        -9.07,
        8.367,
        -1.851,
        8.667,
        11.591
      ]
    },
    {
      "Target": "Parameter",
      "Id": "Bag_Shaking",
      "Segments": [
        0,
        -14,
        0,
        1.2,
        18.26,
        0,
        2.7,
        1.691,
        0,
        3.733,
        25,
        0,
        5.233,
        -12.297,
        0,
        6.533,
        11.764,
        0,
        8.667,
        -14
      ]
    },
    {
      "Target": "Parameter",
      "Id": "Head_AngleX",
      "Segments": [
        0,
        0,
        1,
        0.933,
        0,
        1.867,
        -0.606,
        2.8,
        -1.258,
        1,
        3.433,
        -1.701,
        4.067,
        -1.674,
        4.7,
        -2.258,
        1,
        5.411,
        -2.915,
        6.122,
        -5.258,
        6.833,
        -5.258,
        0,
        8.667,
        0
      ]
    },
    {
      "Target": "Parameter",
      "Id": "Head_AngleY",
      "Segments": [
        0,
        0,
        0,
        2.8,
        -9,
        0,
        4.7,
        1,
        0,
        6.833,
        -4,
        0,
        8.667,
        0
      ]
    },
    {
      "Target": "Parameter",
      "Id": "Head_Roll",
      "Segments": [
        0,
        -6,
        1,
        0.222,
        -6,
        0.445,
        -5.278,
        0.667,
        -4.5,
        1,
        1.345,
        -2.126,
        2.022,
        -1.18,
        2.7,
        -1.18,
        1,
        4.011,
        -1.18,
        5.322,
        -1.929,
        6.633,
        -4,
        1,
        7.311,
        -5.071,
        7.989,
        -6,
        8.667,
        -6
      ]
    },
    {
      "Target": "Parameter",
      "Id": "EarringsL_Shaking",
      "Segments": [
        0,
        -0.3,
        1,
        0.167,
        -0.148,
        0.333,
        -0.067,
        0.5,
        -0.067,
        0,
        1.167,
        -0.179,
        0,
        1.967,
        0.046,
        0,
        2.6,
        -0.185,
        0,
        3.3,
        0.06,
        0,
        4.133,
        -0.129,
        0,
        4.8,
        0.03,
        0,
        5.533,
        -0.185,
        0,
        6.2,
        -0.068,
        0,
        7.067,
        -0.301,
        0,
        7.7,
        -0.112,
        1,
        8.022,
        -0.112,
        8.345,
        -0.416,
        8.667,
        -0.3
      ]
    },
    {
      "Target": "Parameter",
      "Id": "EarringsR_Shaking",
      "Segments": [
        0,
        -0.1,
        1,
        0.178,
        0.069,
        0.355,
        0.184,
        0.533,
        0.184,
        0,
        1.167,
        0.066,
        0,
        1.967,
        0.184,
        0,
        2.6,
        0.078,
        0,
        3.3,
        0.184,
        0,
        4.133,
        -0.032,
        0,
        4.8,
        0.068,
        0,
        5.533,
        0.058,
        0,
        6.2,
        0.104,
        0,
        7.067,
        -0.062,
        0,
        7.767,
        0.104,
        1,
        8.067,
        0.104,
        8.367,
        -0.22,
        8.667,
        -0.1
      ]
    },
    {
      "Target": "Parameter",
      "Id": "HairRibbon_Shaking",
      "Segments": [
        0,
        17.825,
        1,
        0.011,
        17.94,
        0.022,
        18,
        0.033,
        18,
        0,
        1.3,
        5,
        0,
        2.5,
        21.726,
        0,
        3.567,
        -1,
        0,
        4.833,
        14.921,
        0,
        5.667,
        4,
        0,
        6.7,
        18.752,
        0,
        7.733,
        1,
        0,
        8.667,
        18
      ]
    },
    {
      "Target": "Parameter",
      "Id": "EyeBallX",
      "Segments": [
        0,
        0,
        0,
        2.467,
        0.4,
        0,
        5.167,
        0.394,
        0,
        6.833,
        0.8,
        0,
        8.667,
        0
      ]
    },
    {
      "Target": "Parameter",
      "Id": "EyeBallY",
      "Segments": [
        0,
        0,
        2,
        2.467,
        0,
        0,
        5.167,
        -0.406,
        1,
        5.722,
        -0.406,
        6.278,
        -0.408,
        6.833,
        -0.4,
        1,
        7.444,
        -0.391,
        8.056,
        0,
        8.667,
        0
      ]
    },
    {
      "Target": "Parameter",
      "Id": "HairFront_Shaking",
      "Segments": [
        0,
        -0.5,
        1,
        0.222,
        -0.365,
        0.445,
        -0.3,
        0.667,
        -0.3,
        1,
        1.011,
        -0.3,
        1.356,
        -0.519,
        1.7,
        -0.5,
        1,
        2.322,
        -0.407,
        2.945,
        0.118,
        3.567,
        0.303,
        1,
        3.822,
        0.378,
        4.078,
        0.399,
        4.333,
        0.399,
        0,
        6.433,
        -0.224,
        0,
        7.3,
        0,
        1,
        7.756,
        0,
        8.211,
        -0.556,
        8.667,
        -0.5
      ]
    },
    {
      "Target": "Parameter",
      "Id": "HairSide_Shaking",
      "Segments": [
        0,
        -0.1,
        1,
        0.933,
        0.129,
        1.867,
        0.436,
        2.8,
        0.436,
        1,
        3.544,
        0.436,
        4.289,
        0.184,
        5.033,
        0.024,
        1,
        5.433,
        -0.062,
        5.833,
        -0.106,
        6.233,
        -0.122,
        1,
        6.8,
        -0.143,
        7.366,
        -0.144,
        7.933,
        -0.144,
        1,
        8.178,
        -0.144,
        8.422,
        -0.135,
        8.667,
        -0.1
      ]
    },
    {
      "Target": "Parameter",
      "Id": "Param",
      "Segments": [
        0,
        -0.374,
        0,
        2.7,
        -0.626,
        1,
        3.856,
        -0.626,
        5.011,
        -0.44,
        6.167,
        -0.397,
        1,
        7,
        -0.366,
        7.834,
        -0.374,
        8.667,
        -0.374
      ]
    },
    {
      "Target": "Parameter",
      "Id": "ShoulderRY",
      "Segments": [
        0,
        20,
        2,
        3.2,
        20,
        0,
        4.7,
        30,
        0,
        6,
        19,
        0,
        8.667,
        20
      ]
    },
    {
      "Target": "Parameter",
      "Id": "ShoulderR_Roll",
      "Segments": [
        0,
        -18,
        0,
        1.9,
        -17.4,
        0,
        3.333,
        -18,
        1,
        3.789,
        -18,
        4.244,
        -17.755,
        4.7,
        -17.724,
        1,
        5.133,
        -17.694,
        5.567,
        -17.7,
        6,
        -17.7,
        0,
        8.667,
        -18
      ]
    },
    {
      "Target": "Parameter",
      "Id": "ArmR_Roll",
      "Segments": [
        0,
        26.48,
        0,
        1.9,
        25.94,
        0,
        3.367,
        26.48,
        0,
        4.7,
        25.968,
        1,
        5.133,
        25.968,
        5.567,
        26.223,
        6,
        26.3,
        1,
        6.889,
        26.458,
        7.778,
        26.48,
        8.667,
        26.48
      ]
    },
    {
      "Target": "Parameter",
      "Id": "HandR_Roll",
      "Segments": [
        0,
        -30,
        0,
        1.9,
        -28.62,
        0,
        3.367,
        -30,
        0,
        4.7,
        -27.21,
        1,
        5.133,
        -27.21,
        5.567,
        -28.573,
        6,
        -29,
        1,
        6.889,
        -29.875,
        7.778,
        -30,
        8.667,
        -30
      ]
    },
    {
      "Target": "Parameter",
      "Id": "ShoulderLY",
      "Segments": [
        0,
        20,
        2,
        3.2,
        20,
        0,
        4.7,
        30,
        0,
        6,
        19,
        0,
        8.667,
        20
      ]
    },
    {
      "Target": "Parameter",
      "Id": "ShoulderL_Roll",
      "Segments": [
        0,
        18.793,
        0,
        1.9,
        18.733,
        0,
        3.333,
        18.793,
        0,
        4.7,
        18.26,
        0,
        6,
        19.153,
        0,
        8.667,
        18.793
      ]
    },
    {
      "Target": "Parameter",
      "Id": "ArmL_Roll",
      "Segments": [
        0,
        -14,
        0,
        1.9,
        -13.7,
        0,
        3.333,
        -14,
        0,
        4.7,
        -13.7,
        0,
        6,
        -14,
        2,
        8.667,
        -14
      ]
    },
    {
      "Target": "Parameter",
      "Id": "HandL_Roll",
      "Segments": [
        0,
        28,
        0,
        1.9,
        26.02,
        0,
        3.333,
        28,
        0,
        4.7,
        27.04,
        0,
        6,
        28,
        2,
        8.667,
        28
      ]
    },
    {
      "Target": "Parameter",
      "Id": "LegR_Roll",
      "Segments": [
        0,
        0,
        0,
        1.333,
        -1.88,
        0,
        3.867,
        0,
        0,
        6.167,
        -1.06,
        0,
        8.667,
        0
      ]
    },
    {
      "Target": "Parameter",
      "Id": "LegL_Roll",
      "Segments": [
        0,
        0,
        0,
        1.333,
        -1.28,
        1,
        2.178,
        -1.28,
        3.022,
        0.257,
        3.867,
        1.12,
        1,
        4.634,
        1.904,
        5.4,
        1.9,
        6.167,
        1.9,
        0,
        8.667,
        0
      ]
    },
    {
      "Target": "Parameter",
      "Id": "Skirt_Shaking",
      "Segments": [
        0,
        -26,
        0,
        1.067,
        -14.06,
        0,
        2.3,
        -24.42,
        0,
        3.633,
        -9.524,
        0,
        5.5,
        -24.42,
        0,
        6.9,
        -7.403,
        0,
        8.667,
        -26
      ]
    },
    {
      "Target": "PartOpacity",
      "Id": "Part",
      "Segments": [
        0,
        1,
        2,
        8.67,
        1
      ]
    },
    {
      "Target": "PartOpacity",
      "Id": "Part3",
      "Segments": [
        0,
        1,
        2,
        8.67,
        1
      ]
    },
    {
      "Target": "PartOpacity",
      "Id": "Part4",
      "Segments": [
        0,
        1,
        2,
        8.67,
        1
      ]
    },
    {
      "Target": "PartOpacity",
      "Id": "Part5",
      "Segments": [
        0,
        1,
        2,
        8.67,
        1
      ]
    },
    {
      "Target": "PartOpacity",
      "Id": "Part6",
      "Segments": [
        0,
        1,
        2,
        8.67,
        1
      ]
    },
    {
      "Target": "PartOpacity",
      "Id": "Part7",
      "Segments": [
        0,
        1,
        2,
        8.67,
        1
      ]
    },
    {
      "Target": "PartOpacity",
      "Id": "Part8",
      "Segments": [
        0,
        1,
        2,
        8.67,
        1
      ]
    },
    {
      "Target": "PartOpacity",
      "Id": "Part39",
      "Segments": [
        0,
        1,
        2,
        8.67,
        1
      ]
    },
    {
      "Target": "PartOpacity",
      "Id": "Part9",
      "Segments": [
        0,
        1,
        2,
        8.67,
        1
      ]
    },
    {
      "Target": "PartOpacity",
      "Id": "Part32",
      "Segments": [
        0,
        1,
        2,
        8.67,
        1
      ]
    },
    {
      "Target": "PartOpacity",
      "Id": "Part45",
      "Segments": [
        0,
        0,
        2,
        8.67,
        0
      ]
    },
    {
      "Target": "PartOpacity",
      "Id": "Part34",
      "Segments": [
        0,
        0,
        2,
        8.67,
        0
      ]
    },
    {
      "Target": "PartOpacity",
      "Id": "Part46",
      "Segments": [
        0,
        0,
        2,
        8.67,
        0
      ]
    },
    {
      "Target": "PartOpacity",
      "Id": "Part33",
      "Segments": [
        0,
        0,
        2,
        8.67,
        0
      ]
    },
    {
      "Target": "PartOpacity",
      "Id": "Part28",
      "Segments": [
        0,
        1,
        2,
        8.67,
        1
      ]
    },
    {
      "Target": "PartOpacity",
      "Id": "Part37",
      "Segments": [
        0,
        0,
        2,
        8.67,
        0
      ]
    },
    {
      "Target": "PartOpacity",
      "Id": "Part29",
      "Segments": [
        0,
        0,
        2,
        8.67,
        0
      ]
    },
    {
      "Target": "PartOpacity",
      "Id": "Part31",
      "Segments": [
        0,
        1,
        2,
        8.67,
        1
      ]
    },
    {
      "Target": "PartOpacity",
      "Id": "Part30",
      "Segments": [
        0,
        0,
        2,
        8.67,
        0
      ]
    },
    {
      "Target": "PartOpacity",
      "Id": "Part43",
      "Segments": [
        0,
        0,
        2,
        8.67,
        0
      ]
    },
    {
      "Target": "PartOpacity",
      "Id": "Part38",
      "Segments": [
        0,
        1,
        2,
        8.67,
        1
      ]
    },
    {
      "Target": "PartOpacity",
      "Id": "Part10",
      "Segments": [
        0,
        1,
        2,
        8.67,
        1
      ]
    },
    {
      "Target": "PartOpacity",
      "Id": "Part11",
      "Segments": [
        0,
        1,
        2,
        8.67,
        1
      ]
    },
    {
      "Target": "PartOpacity",
      "Id": "Part12",
      "Segments": [
        0,
        1,
        2,
        8.67,
        1
      ]
    },
    {
      "Target": "PartOpacity",
      "Id": "Part22",
      "Segments": [
        0,
        1,
        2,
        8.67,
        1
      ]
    },
    {
      "Target": "PartOpacity",
      "Id": "Part23",
      "Segments": [
        0,
        1,
        2,
        8.67,
        1
      ]
    },
    {
      "Target": "PartOpacity",
      "Id": "Part24",
      "Segments": [
        0,
        0,
        2,
        8.67,
        0
      ]
    },
    {
      "Target": "PartOpacity",
      "Id": "Part25",
      "Segments": [
        0,
        1,
        2,
        8.67,
        1
      ]
    },
    {
      "Target": "PartOpacity",
      "Id": "Part26",
      "Segments": [
        0,
        1,
        2,
        8.67,
        1
      ]
    },
    {
      "Target": "PartOpacity",
      "Id": "Part35",
      "Segments": [
        0,
        1,
        2,
        8.67,
        1
      ]
    },
    {
      "Target": "PartOpacity",
      "Id": "Part50",
      "Segments": [
        0,
        1,
        2,
        8.67,
        1
      ]
    },
    {
      "Target": "PartOpacity",
      "Id": "Part36",
      "Segments": [
        0,
        1,
        2,
        8.67,
        1
      ]
    },
    {
      "Target": "PartOpacity",
      "Id": "Part2",
      "Segments": [
        0,
        1,
        2,
        8.67,
        1
      ]
    },
    {
      "Target": "Model",
      "Id": "Opacity",
      "Segments": [
        0,
        1,
        0,
        8.67,
        1
      ]
    },
    {
      "Target": "Parameter",
      "Id": "BodyX",
      "Segments": [
        0,
        0,
        0,
        8.67,
        0
      ]
    },
    {
      "Target": "Parameter",
      "Id": "HeadY",
      "Segments": [
        0,
        0,
        0,
        8.67,
        0
      ]
    },
    {
      "Target": "Parameter",
      "Id": "Sweat",
      "Segments": [
        0,
        0,
        0,
        8.67,
        0
      ]
    },
    {
      "Target": "Parameter",
      "Id": "BrowR_Form1",
      "Segments": [
        0,
        0,
        0,
        8.67,
        0
      ]
    },
    {
      "Target": "Parameter",
      "Id": "BrowR_Form2",
      "Segments": [
        0,
        1,
        0,
        8.67,
        1
      ]
    },
    {
      "Target": "Parameter",
      "Id": "BrowL_Form1",
      "Segments": [
        0,
        1,
        0,
        8.67,
        1
      ]
    },
    {
      "Target": "Parameter",
      "Id": "BrowL_Form2",
      "Segments": [
        0,
        0,
        0,
        8.67,
        0
      ]
    },
    {
      "Target": "Parameter",
      "Id": "EyeR_Open",
      "Segments": [
        0,
        1,
        0,
        8.67,
        1
      ]
    },
    {
      "Target": "Parameter",
      "Id": "EyeR_Smile",
      "Segments": [
        0,
        0,
        0,
        8.67,
        0
      ]
    },
    {
      "Target": "Parameter",
      "Id": "EyeRY",
      "Segments": [
        0,
        -1,
        0,
        8.67,
        -1
      ]
    },
    {
      "Target": "Parameter",
      "Id": "EyeL_Open",
      "Segments": [
        0,
        1,
        0,
        8.67,
        1
      ]
    },
    {
      "Target": "Parameter",
      "Id": "EyeL_Smile",
      "Segments": [
        0,
        0,
        0,
        8.67,
        0
      ]
    },
    {
      "Target": "Parameter",
      "Id": "EyeLY",
      "Segments": [
        0,
        -0.971,
        0,
        8.67,
        -0.971
      ]
    },
    {
      "Target": "Parameter",
      "Id": "Mouth_Form1",
      "Segments": [
        0,
        -1,
        0,
        8.67,
        -1
      ]
    },
    {
      "Target": "Parameter",
      "Id": "Mouth_Form2",
      "Segments": [
        0,
        0,
        0,
        8.67,
        0
      ]
    },
    {
      "Target": "Parameter",
      "Id": "Mouth_Open",
      "Segments": [
        0,
        1,
        0,
        8.67,
        1
      ]
    },
    {
      "Target": "Parameter",
      "Id": "Mouth_Size",
      "Segments": [
        0,
        0,
        0,
        8.67,
        0
      ]
    },
    {
      "Target": "Parameter",
      "Id": "ShoulderR_Scale",
      "Segments": [
        0,
        -12,
        0,
        8.67,
        -12
      ]
    },
    {
      "Target": "Parameter",
      "Id": "ArmR_Scale",
      "Segments": [
        0,
        -23,
        0,
        8.67,
        -23
      ]
    },
    {
      "Target": "Parameter",
      "Id": "ShoulderL_Scale",
      "Segments": [
        0,
        -13,
        0,
        8.67,
        -13
      ]
    },
    {
      "Target": "Parameter",
      "Id": "ArmL_Scale",
      "Segments": [
        0,
        -10,
        0,
        8.67,
        -10
      ]
    },
    {
      "Target": "Parameter",
      "Id": "ShoulderL_move",
      "Segments": [
        0,
        0,
        0,
        8.67,
        0
      ]
    },
    {
      "Target": "Parameter",
      "Id": "Lowerbody_Roll",
      "Segments": [
        0,
        0,
        0,
        8.67,
        0
      ]
    },
    {
      "Target": "PartOpacity",
      "Id": "Part44",
      "Segments": [
        0,
        1,
        0,
        8.67,
        1
      ]
    },
    {
      "Target": "PartOpacity",
      "Id": "Part40",
      "Segments": [
        0,
        1,
        0,
        8.67,
        1
      ]
    },
    {
      "Target": "PartOpacity",
      "Id": "Part15",
      "Segments": [
        0,
        1,
        0,
        8.67,
        1
      ]
    },
    {
      "Target": "PartOpacity",
      "Id": "Part13",
      "Segments": [
        0,
        0,
        0,
        8.67,
        0
      ]
    }
  ],
  "UserData": [
    {
      "Time": 0.0,
      "Value": ""
    }
  ]
}