{
  "Version": 3,
  "Meta": {
    "Duration": 7.333,
    "Fps": 30.0,
    "Loop": true,
    "AreBeziersRestricted": true,
    "CurveCount": 90,
    "TotalSegmentCount": 203,
    "TotalPointCount": 275,
    "UserDataCount": 1,
    "TotalUserDataSize": 0
  },
  "Curves": [
    {
      "Target": "Parameter",
      "Id": "Breath",
      "Segments": [
        0,
        0,
        0,
        1.2,
        0.459,
        0,
        2.533,
        0,
        0,
        3.5,
        0.459,
        0,
        5.033,
        0,
        0,
        5.933,
        0.459,
        0,
        7.333,
        0
      ]
    },
    {
      "Target": "Parameter",
      "Id": "Body_Shaking",
      "Segments": [
        0,
        3.935,
        0,
        1.8,
        -0.56,
        1,
        2.678,
        -0.56,
        3.555,
        2.433,
        4.433,
        3.18,
        1,
        5.4,
        4.003,
        6.366,
        3.935,
        7.333,
        3.935
      ]
    },
    {
      "Target": "Parameter",
      "Id": "Waist_Roll",
      "Segments": [
        0,
        0.416,
        0,
        2.233,
        -0.197,
        1,
        2.978,
        -0.197,
        3.722,
        -0.105,
        4.467,
        0.074,
        1,
        5.422,
        0.304,
        6.378,
        0.416,
        7.333,
        0.416
      ]
    },
    {
      "Target": "Parameter",
      "Id": "Body_Pose1",
      "Segments": [
        0,
        6.837,
        0,
        2.667,
        3,
        1,
        3.656,
        3,
        4.644,
        3.512,
        5.633,
        5.083,
        1,
        6.2,
        5.984,
        6.766,
        6.837,
        7.333,
        6.837
      ]
    },
    {
      "Target": "Parameter",
      "Id": "Body_Twist",
      "Segments": [
        0,
        -2.98,
        1,
        0.767,
        -5.607,
        1.533,
        -6.804,
        2.3,
        -6.804,
        0,
        5.6,
        -0.648,
        1,
        6.178,
        -0.648,
        6.755,
        -1.806,
        7.333,
        -2.98
      ]
    },
    {
      "Target": "Parameter",
      "Id": "Ribbon_Shaking",
      "Segments": [
        0,
        -3.167,
        1,
        0.222,
        1.198,
        0.445,
        2.403,
        0.667,
        2.403,
        0,
        1.9,
        -8.648,
        0,
        3.167,
        1.295,
        0,
        4.4,
        -8.648,
        0,
        5.6,
        1.323,
        0,
        6.567,
        -8.648,
        0,
        7.333,
        -3.167
      ]
    },
    {
      "Target": "Parameter",
      "Id": "HatRibbon_Shaking",
      "Segments": [
        0,
        -0.96,
        1,
        0.178,
        2.588,
        0.355,
        4.044,
        0.533,
        4.044,
        0,
        1.733,
        -8.389,
        0,
        2.767,
        4.044,
        0,
        4.3,
        -10.251,
        0,
        5.6,
        4.404,
        0,
        6.8,
        -7.644,
        1,
        6.978,
        -7.644,
        7.155,
        -4.063,
        7.333,
        -0.96
      ]
    },
    {
      "Target": "Parameter",
      "Id": "Head_AngleX",
      "Segments": [
        0,
        2,
        0,
        2.467,
        0,
        0,
        4.9,
        4,
        0,
        7.333,
        2
      ]
    },
    {
      "Target": "Parameter",
      "Id": "Head_AngleY",
      "Segments": [
        0,
        -1.9,
        1,
        0.822,
        -3.409,
        1.645,
        -3.9,
        2.467,
        -3.9,
        0,
        4.9,
        0.24,
        0,
        7.333,
        -1.9
      ]
    },
    {
      "Target": "Parameter",
      "Id": "Head_Roll",
      "Segments": [
        0,
        -1,
        0,
        2.567,
        0.32,
        0,
        5.233,
        -1.393,
        0,
        7.333,
        -1
      ]
    },
    {
      "Target": "Parameter",
      "Id": "EarringsL_Shaking",
      "Segments": [
        0,
        -0.112,
        1,
        0.178,
        -0.036,
        0.355,
        -0.005,
        0.533,
        -0.005,
        0,
        1.433,
        -0.186,
        0,
        2.533,
        0.036,
        0,
        4.267,
        -0.226,
        0,
        5.233,
        -0.038,
        0,
        6.533,
        -0.261,
        0,
        7.333,
        -0.112
      ]
    },
    {
      "Target": "Parameter",
      "Id": "EarringsR_Shaking",
      "Segments": [
        0,
        -0.083,
        1,
        0.178,
        -0.043,
        0.355,
        -0.038,
        0.533,
        -0.038,
        0,
        1.433,
        -0.335,
        0,
        2.533,
        -0.112,
        0,
        4.267,
        -0.261,
        0,
        5.233,
        -0.038,
        0,
        6.533,
        -0.186,
        0,
        7.333,
        -0.083
      ]
    },
    {
      "Target": "Parameter",
      "Id": "HairRibbon_Shaking",
      "Segments": [
        0,
        -0.556,
        1,
        0.156,
        6.127,
        0.311,
        8.717,
        0.467,
        8.717,
        0,
        1.933,
        -11.983,
        0,
        3,
        13.424,
        0,
        4.633,
        -11.983,
        0,
        5.733,
        8.717,
        0,
        6.8,
        -11.983,
        1,
        6.978,
        -11.983,
        7.155,
        -3.946,
        7.333,
        -0.556
      ]
    },
    {
      "Target": "Parameter",
      "Id": "EyeBallX",
      "Segments": [
        0,
        0.1,
        1,
        0.911,
        0.223,
        1.822,
        0.3,
        2.733,
        0.3,
        1,
        3.578,
        0.3,
        4.422,
        0.273,
        5.267,
        0.2,
        1,
        5.956,
        0.141,
        6.644,
        0.1,
        7.333,
        0.1
      ]
    },
    {
      "Target": "Parameter",
      "Id": "EyeBallY",
      "Segments": [
        0,
        0,
        0,
        2.733,
        0.1,
        0,
        5.267,
        0,
        2,
        7.333,
        0
      ]
    },
    {
      "Target": "Parameter",
      "Id": "HairFront_Shaking",
      "Segments": [
        0,
        -0.001,
        1,
        0.122,
        0.08,
        0.245,
        0.091,
        0.367,
        0.091,
        0,
        1.6,
        -0.2,
        0,
        2.633,
        0.139,
        0,
        4.133,
        -0.274,
        0,
        5.267,
        0,
        0,
        6.533,
        -0.311,
        1,
        6.8,
        -0.311,
        7.066,
        -0.135,
        7.333,
        -0.001
      ]
    },
    {
      "Target": "Parameter",
      "Id": "HairSide_Shaking",
      "Segments": [
        0,
        -0.034,
        1,
        0.233,
        0.014,
        0.467,
        0.028,
        0.7,
        0.028,
        0,
        1.767,
        -0.034,
        0,
        3.1,
        0.07,
        0,
        3.967,
        -0.041,
        0,
        5.367,
        0,
        0,
        6.7,
        -0.088,
        1,
        6.911,
        -0.088,
        7.122,
        -0.051,
        7.333,
        -0.034
      ]
    },
    {
      "Target": "Parameter",
      "Id": "Param",
      "Segments": [
        0,
        -0.1,
        1,
        0.222,
        -0.04,
        0.445,
        0,
        0.667,
        0,
        0,
        1.933,
        -0.2,
        0,
        3.2,
        -0.036,
        0,
        4.567,
        -0.233,
        0,
        5.7,
        -0.168,
        0,
        6.533,
        -0.231,
        1,
        6.8,
        -0.231,
        7.066,
        -0.202,
        7.333,
        -0.1
      ]
    },
    {
      "Target": "Parameter",
      "Id": "ShoulderR_Roll",
      "Segments": [
        0,
        -0.074,
        1,
        0.089,
        -0.049,
        0.178,
        0,
        0.267,
        0,
        0,
        1.167,
        -0.32,
        0,
        2.633,
        0,
        0,
        3.733,
        -0.32,
        0,
        5.1,
        0,
        0,
        6.167,
        -0.28,
        1,
        6.556,
        -0.28,
        6.944,
        -0.191,
        7.333,
        -0.074
      ]
    },
    {
      "Target": "Parameter",
      "Id": "ArmR_Roll",
      "Segments": [
        0,
        -1.285,
        1,
        0.389,
        -1.06,
        0.778,
        -0.737,
        1.167,
        -0.514,
        1,
        1.678,
        -0.22,
        2.189,
        -0.114,
        2.7,
        -0.114,
        0,
        3.8,
        -0.737,
        0,
        5.167,
        -0.514,
        0,
        7.333,
        -1.285
      ]
    },
    {
      "Target": "Parameter",
      "Id": "HandR_Roll",
      "Segments": [
        0,
        -0.72,
        1,
        0.122,
        -0.464,
        0.245,
        -0.452,
        0.367,
        -0.452,
        0,
        1.3,
        -1.546,
        0,
        2.767,
        -0.452,
        0,
        3.867,
        -1.546,
        0,
        5.233,
        -0.452,
        0,
        6.633,
        -1.546,
        0,
        7.333,
        -0.72
      ]
    },
    {
      "Target": "Parameter",
      "Id": "ShoulderL_Roll",
      "Segments": [
        0,
        0.1,
        1,
        0.056,
        0.072,
        0.111,
        0.054,
        0.167,
        0.054,
        0,
        1.167,
        0.204,
        0,
        2.633,
        0.174,
        0,
        3.733,
        0.244,
        0,
        5.1,
        0.174,
        0,
        6.167,
        0.288,
        1,
        6.556,
        0.288,
        6.944,
        0.255,
        7.333,
        0.1
      ]
    },
    {
      "Target": "Parameter",
      "Id": "ArmL_Roll",
      "Segments": [
        0,
        0.016,
        1,
        0.167,
        -0.014,
        0.333,
        -0.006,
        0.5,
        -0.006,
        0,
        1.467,
        0.016,
        0,
        2.667,
        -0.073,
        0,
        3.8,
        0.11,
        0,
        5.167,
        -0.148,
        0,
        6.367,
        0.292,
        1,
        6.689,
        0.292,
        7.011,
        0.146,
        7.333,
        0.02
      ]
    },
    {
      "Target": "Parameter",
      "Id": "HandL_Roll",
      "Segments": [
        0,
        -0.103,
        1,
        0.089,
        -0.312,
        0.178,
        -0.325,
        0.267,
        -0.325,
        0,
        1.3,
        0.724,
        0,
        2.767,
        -0.325,
        0,
        3.867,
        0.724,
        0,
        5.233,
        -0.325,
        0,
        6.433,
        0.724,
        0,
        7.333,
        -0.103
      ]
    },
    {
      "Target": "Parameter",
      "Id": "LegR_Roll",
      "Segments": [
        0,
        -0.42,
        1,
        0.767,
        -0.907,
        1.533,
        -1.32,
        2.3,
        -1.32,
        0,
        5.6,
        -0.307,
        0,
        7.333,
        -0.42
      ]
    },
    {
      "Target": "Parameter",
      "Id": "Skirt_Shaking",
      "Segments": [
        0,
        -6,
        0,
        1.333,
        3.44,
        0,
        2.733,
        -6.953,
        0,
        3.933,
        3,
        0,
        5.033,
        -8,
        0,
        6.2,
        3.38,
        0,
        7.333,
        -6
      ]
    },
    {
      "Target": "PartOpacity",
      "Id": "Part",
      "Segments": [
        0,
        1,
        2,
        7.33,
        1
      ]
    },
    {
      "Target": "PartOpacity",
      "Id": "Part3",
      "Segments": [
        0,
        1,
        2,
        7.33,
        1
      ]
    },
    {
      "Target": "PartOpacity",
      "Id": "Part4",
      "Segments": [
        0,
        1,
        2,
        7.33,
        1
      ]
    },
    {
      "Target": "PartOpacity",
      "Id": "Part5",
      "Segments": [
        0,
        1,
        2,
        7.33,
        1
      ]
    },
    {
      "Target": "PartOpacity",
      "Id": "Part6",
      "Segments": [
        0,
        1,
        2,
        7.33,
        1
      ]
    },
    {
      "Target": "PartOpacity",
      "Id": "Part7",
      "Segments": [
        0,
        1,
        2,
        7.33,
        1
      ]
    },
    {
      "Target": "PartOpacity",
      "Id": "Part8",
      "Segments": [
        0,
        1,
        2,
        7.33,
        1
      ]
    },
    {
      "Target": "PartOpacity",
      "Id": "Part39",
      "Segments": [
        0,
        1,
        2,
        7.33,
        1
      ]
    },
    {
      "Target": "PartOpacity",
      "Id": "Part9",
      "Segments": [
        0,
        1,
        2,
        7.33,
        1
      ]
    },
    {
      "Target": "PartOpacity",
      "Id": "Part32",
      "Segments": [
        0,
        1,
        2,
        7.33,
        1
      ]
    },
    {
      "Target": "PartOpacity",
      "Id": "Part45",
      "Segments": [
        0,
        0,
        2,
        7.33,
        0
      ]
    },
    {
      "Target": "PartOpacity",
      "Id": "Part34",
      "Segments": [
        0,
        0,
        2,
        7.33,
        0
      ]
    },
    {
      "Target": "PartOpacity",
      "Id": "Part46",
      "Segments": [
        0,
        0,
        2,
        7.33,
        0
      ]
    },
    {
      "Target": "PartOpacity",
      "Id": "Part44",
      "Segments": [
        0,
        0,
        2,
        7.33,
        0
      ]
    },
    {
      "Target": "PartOpacity",
      "Id": "Part33",
      "Segments": [
        0,
        1,
        2,
        7.33,
        1
      ]
    },
    {
      "Target": "PartOpacity",
      "Id": "Part28",
      "Segments": [
        0,
        1,
        2,
        7.33,
        1
      ]
    },
    {
      "Target": "PartOpacity",
      "Id": "Part37",
      "Segments": [
        0,
        0,
        2,
        7.33,
        0
      ]
    },
    {
      "Target": "PartOpacity",
      "Id": "Part29",
      "Segments": [
        0,
        1,
        2,
        7.33,
        1
      ]
    },
    {
      "Target": "PartOpacity",
      "Id": "Part31",
      "Segments": [
        0,
        0,
        2,
        7.33,
        0
      ]
    },
    {
      "Target": "PartOpacity",
      "Id": "Part30",
      "Segments": [
        0,
        0,
        2,
        7.33,
        0
      ]
    },
    {
      "Target": "PartOpacity",
      "Id": "Part43",
      "Segments": [
        0,
        0,
        2,
        7.33,
        0
      ]
    },
    {
      "Target": "PartOpacity",
      "Id": "Part38",
      "Segments": [
        0,
        0,
        2,
        7.33,
        0
      ]
    },
    {
      "Target": "PartOpacity",
      "Id": "Part40",
      "Segments": [
        0,
        1,
        2,
        7.33,
        1
      ]
    },
    {
      "Target": "PartOpacity",
      "Id": "Part10",
      "Segments": [
        0,
        1,
        2,
        7.33,
        1
      ]
    },
    {
      "Target": "PartOpacity",
      "Id": "Part11",
      "Segments": [
        0,
        1,
        2,
        7.33,
        1
      ]
    },
    {
      "Target": "PartOpacity",
      "Id": "Part12",
      "Segments": [
        0,
        1,
        2,
        7.33,
        1
      ]
    },
    {
      "Target": "PartOpacity",
      "Id": "Part22",
      "Segments": [
        0,
        1,
        2,
        7.33,
        1
      ]
    },
    {
      "Target": "PartOpacity",
      "Id": "Part23",
      "Segments": [
        0,
        0,
        2,
        7.33,
        0
      ]
    },
    {
      "Target": "PartOpacity",
      "Id": "Part24",
      "Segments": [
        0,
        1,
        2,
        7.33,
        1
      ]
    },
    {
      "Target": "PartOpacity",
      "Id": "Part25",
      "Segments": [
        0,
        1,
        2,
        7.33,
        1
      ]
    },
    {
      "Target": "PartOpacity",
      "Id": "Part26",
      "Segments": [
        0,
        1,
        2,
        7.33,
        1
      ]
    },
    {
      "Target": "PartOpacity",
      "Id": "Part35",
      "Segments": [
        0,
        1,
        2,
        7.33,
        1
      ]
    },
    {
      "Target": "PartOpacity",
      "Id": "Part50",
      "Segments": [
        0,
        0,
        2,
        7.33,
        0
      ]
    },
    {
      "Target": "PartOpacity",
      "Id": "Part36",
      "Segments": [
        0,
        1,
        2,
        7.33,
        1
      ]
    },
    {
      "Target": "PartOpacity",
      "Id": "Part2",
      "Segments": [
        0,
        1,
        2,
        7.33,
        1
      ]
    },
    {
      "Target": "Model",
      "Id": "Opacity",
      "Segments": [
        0,
        1,
        0,
        7.333,
        1
      ]
    },
    {
      "Target": "Parameter",
      "Id": "BodyY",
      "Segments": [
        0,
        0,
        0,
        7.333,
        0
      ]
    },
    {
      "Target": "Parameter",
      "Id": "BodyX",
      "Segments": [
        0,
        0,
        0,
        7.333,
        0
      ]
    },
    {
      "Target": "Parameter",
      "Id": "HeadY",
      "Segments": [
        0,
        0,
        0,
        7.333,
        0
      ]
    },
    {
      "Target": "Parameter",
      "Id": "Sweat",
      "Segments": [
        0,
        0,
        0,
        7.333,
        0
      ]
    },
    {
      "Target": "Parameter",
      "Id": "BrowR_Form1",
      "Segments": [
        0,
        0,
        0,
        7.333,
        0
      ]
    },
    {
      "Target": "Parameter",
      "Id": "BrowR_Form2",
      "Segments": [
        0,
        0,
        0,
        7.333,
        0
      ]
    },
    {
      "Target": "Parameter",
      "Id": "BrowL_Form1",
      "Segments": [
        0,
        0,
        0,
        7.333,
        0
      ]
    },
    {
      "Target": "Parameter",
      "Id": "BrowL_Form2",
      "Segments": [
        0,
        0,
        0,
        7.333,
        0
      ]
    },
    {
      "Target": "Parameter",
      "Id": "EyeR_Open",
      "Segments": [
        0,
        1,
        0,
        7.333,
        1
      ]
    },
    {
      "Target": "Parameter",
      "Id": "EyeR_Smile",
      "Segments": [
        0,
        0,
        0,
        7.333,
        0
      ]
    },
    {
      "Target": "Parameter",
      "Id": "EyeRY",
      "Segments": [
        0,
        0,
        0,
        7.333,
        0
      ]
    },
    {
      "Target": "Parameter",
      "Id": "EyeL_Open",
      "Segments": [
        0,
        1,
        0,
        7.333,
        1
      ]
    },
    {
      "Target": "Parameter",
      "Id": "EyeL_Smile",
      "Segments": [
        0,
        0,
        0,
        7.333,
        0
      ]
    },
    {
      "Target": "Parameter",
      "Id": "EyeLY",
      "Segments": [
        0,
        0,
        0,
        7.333,
        0
      ]
    },
    {
      "Target": "Parameter",
      "Id": "Mouth_Form1",
      "Segments": [
        0,
        0,
        0,
        7.333,
        0
      ]
    },
    {
      "Target": "Parameter",
      "Id": "Mouth_Form2",
      "Segments": [
        0,
        0,
        0,
        7.333,
        0
      ]
    },
    {
      "Target": "Parameter",
      "Id": "Mouth_Open",
      "Segments": [
        0,
        0.6,
        0,
        7.333,
        0.6
      ]
    },
    {
      "Target": "Parameter",
      "Id": "Mouth_Size",
      "Segments": [
        0,
        1,
        0,
        7.333,
        1
      ]
    },
    {
      "Target": "Parameter",
      "Id": "ShoulderRY",
      "Segments": [
        0,
        0,
        0,
        7.333,
        0
      ]
    },
    {
      "Target": "Parameter",
      "Id": "ShoulderR_Scale",
      "Segments": [
        0,
        0,
        0,
        7.333,
        0
      ]
    },
    {
      "Target": "Parameter",
      "Id": "ArmR_Scale",
      "Segments": [
        0,
        0,
        0,
        7.333,
        0
      ]
    },
    {
      "Target": "Parameter",
      "Id": "ShoulderLY",
      "Segments": [
        0,
        0,
        0,
        7.333,
        0
      ]
    },
    {
      "Target": "Parameter",
      "Id": "ShoulderL_Scale",
      "Segments": [
        0,
        0,
        0,
        7.333,
        0
      ]
    },
    {
      "Target": "Parameter",
      "Id": "ArmL_Scale",
      "Segments": [
        0,
        0,
        0,
        7.333,
        0
      ]
    },
    {
      "Target": "Parameter",
      "Id": "ShoulderL_move",
      "Segments": [
        0,
        0,
        0,
        7.333,
        0
      ]
    },
    {
      "Target": "Parameter",
      "Id": "LegL_Roll",
      "Segments": [
        0,
        0,
        0,
        7.333,
        0
      ]
    },
    {
      "Target": "Parameter",
      "Id": "Lowerbody_Roll",
      "Segments": [
        0,
        0,
        0,
        7.333,
        0
      ]
    },
    {
      "Target": "PartOpacity",
      "Id": "Part15",
      "Segments": [
        0,
        1,
        0,
        7.333,
        1
      ]
    }
  ],
  "UserData": [
    {
      "Time": 0.0,
      "Value": ""
    }
  ]
}