{
  "Version": 3,
  "Meta": {
    "Duration": 1.67,
    "Fps": 30.0,
    "Loop": true,
    "AreBeziersRestricted": true,
    "CurveCount": 71,
    "TotalSegmentCount": 165,
    "TotalPointCount": 215,
    "UserDataCount": 1,
    "TotalUserDataSize": 0
  },
  "Curves": [
    {
      "Target": "Parameter",
      "Id": "Param9",
      "Segments": [
        0,
        0,
        0,
        1.2,
        1,
        0,
        1.667,
        0.86
      ]
    },
    {
      "Target": "Parameter",
      "Id": "Param8",
      "Segments": [
        0,
        0,
        0,
        1.667,
        0.3
      ]
    },
    {
      "Target": "Parameter",
      "Id": "Param24",
      "Segments": [
        0,
        0,
        0,
        0.733,
        -19.964,
        0,
        1.667,
        -11.4
      ]
    },
    {
      "Target": "Parameter",
      "Id": "Param28",
      "Segments": [
        0,
        -25.9,
        2,
        0.067,
        -25.9,
        2,
        0.767,
        -25.9,
        2,
        0.8,
        -25.9,
        2,
        0.867,
        -25.9,
        2,
        0.933,
        -25.9,
        2,
        0.967,
        -25.9,
        2,
        1.067,
        -25.9,
        2,
        1.133,
        -25.9,
        1,
        1.266,
        -25.9,
        1.4,
        -25.928,
        1.533,
        -26,
        1,
        1.544,
        -26.006,
        1.556,
        -30,
        1.567,
        -30,
        2,
        1.667,
        -30
      ]
    },
    {
      "Target": "Parameter",
      "Id": "Param19",
      "Segments": [
        0,
        -22,
        2,
        0.967,
        -22,
        1,
        1.078,
        -22,
        1.189,
        -22.619,
        1.3,
        -15.088,
        1,
        1.422,
        -6.803,
        1.545,
        28.62,
        1.667,
        28.62
      ]
    },
    {
      "Target": "Parameter",
      "Id": "Param21",
      "Segments": [
        0,
        23,
        2,
        0.967,
        23,
        1,
        1.078,
        23,
        1.189,
        18.454,
        1.3,
        8,
        1,
        1.422,
        -3.499,
        1.545,
        -10,
        1.667,
        -10
      ]
    },
    {
      "Target": "Parameter",
      "Id": "Param25",
      "Segments": [
        0,
        0,
        0,
        1.667,
        6.1
      ]
    },
    {
      "Target": "Parameter",
      "Id": "Param22",
      "Segments": [
        0,
        20,
        0,
        1.667,
        4
      ]
    },
    {
      "Target": "Parameter",
      "Id": "Param26",
      "Segments": [
        0,
        0,
        0,
        1.667,
        19
      ]
    },
    {
      "Target": "Parameter",
      "Id": "Param5",
      "Segments": [
        0,
        0,
        2,
        0.133,
        0,
        1,
        0.178,
        0,
        0.222,
        34.814,
        0.267,
        35.22,
        1,
        0.578,
        38.061,
        0.889,
        39.02,
        1.2,
        39.02,
        1,
        1.222,
        39.02,
        1.245,
        39.188,
        1.267,
        37,
        1,
        1.3,
        33.718,
        1.334,
        26.709,
        1.367,
        18,
        1,
        1.467,
        -8.126,
        1.567,
        -27,
        1.667,
        -27
      ]
    },
    {
      "Target": "Parameter",
      "Id": "Param17",
      "Segments": [
        0,
        0,
        0,
        1.667,
        8
      ]
    },
    {
      "Target": "Parameter",
      "Id": "ParamBreath",
      "Segments": [
        0,
        0,
        0,
        0.633,
        0.1,
        0,
        1.6,
        0,
        2,
        1.667,
        0
      ]
    },
    {
      "Target": "Parameter",
      "Id": "Param15",
      "Segments": [
        0,
        10,
        0,
        0.4,
        5,
        1,
        0.6,
        5,
        0.8,
        9.2,
        1,
        21,
        1,
        1.067,
        24.933,
        1.133,
        30,
        1.2,
        30,
        0,
        1.667,
        20.9
      ]
    },
    {
      "Target": "Parameter",
      "Id": "Param2",
      "Segments": [
        0,
        0,
        0,
        0.633,
        5.04,
        0,
        1.667,
        3.3
      ]
    },
    {
      "Target": "Parameter",
      "Id": "Param7",
      "Segments": [
        0,
        0,
        0,
        1.667,
        -3
      ]
    },
    {
      "Target": "Parameter",
      "Id": "Param31",
      "Segments": [
        0,
        0,
        2,
        0.567,
        0,
        0,
        1.2,
        30,
        0,
        1.367,
        0,
        2,
        1.667,
        0
      ]
    },
    {
      "Target": "Parameter",
      "Id": "Param10",
      "Segments": [
        0,
        9,
        1,
        0.333,
        9,
        0.667,
        9.054,
        1,
        7.5,
        1,
        1.222,
        6.464,
        1.445,
        -4,
        1.667,
        -4
      ]
    },
    {
      "Target": "Parameter",
      "Id": "Param3",
      "Segments": [
        0,
        0,
        0,
        1,
        -11,
        1,
        1.178,
        -11,
        1.355,
        -7.069,
        1.533,
        -1,
        1,
        1.578,
        0.517,
        1.622,
        0.7,
        1.667,
        0.7
      ]
    },
    {
      "Target": "Parameter",
      "Id": "Param4",
      "Segments": [
        0,
        0,
        0,
        1,
        9,
        0,
        1.533,
        -30,
        2,
        1.667,
        -30
      ]
    },
    {
      "Target": "Parameter",
      "Id": "Param12",
      "Segments": [
        0,
        0,
        0,
        1.667,
        1.5
      ]
    },
    {
      "Target": "Parameter",
      "Id": "Param13",
      "Segments": [
        0,
        0,
        1,
        0.133,
        0,
        0.267,
        11.263,
        0.4,
        20,
        1,
        0.533,
        28.737,
        0.667,
        30,
        0.8,
        30,
        0,
        1.2,
        -6.8,
        0,
        1.667,
        1.9
      ]
    },
    {
      "Target": "Parameter",
      "Id": "Param14",
      "Segments": [
        0,
        0,
        0,
        0.4,
        15,
        0,
        0.8,
        -19,
        1,
        0.933,
        -19,
        1.067,
        -18.361,
        1.2,
        -12.9,
        1,
        1.356,
        -6.529,
        1.511,
        1.3,
        1.667,
        1.3
      ]
    },
    {
      "Target": "Parameter",
      "Id": "Param16",
      "Segments": [
        0,
        -4.9,
        0,
        0.6,
        -9,
        1,
        0.689,
        -9,
        0.778,
        -5.402,
        0.867,
        -3.18,
        1,
        0.978,
        -0.403,
        1.089,
        0,
        1.2,
        0,
        2,
        1.667,
        0
      ]
    },
    {
      "Target": "Parameter",
      "Id": "Mouth_Size",
      "Segments": [
        0,
        0,
        0,
        0.233,
        -0.4,
        2,
        1.167,
        -0.4,
        2,
        1.667,
        -0.4
      ]
    },
    {
      "Target": "Parameter",
      "Id": "ParamBrowRForm",
      "Segments": [
        0,
        0,
        0,
        0.233,
        -0.5,
        2,
        1.167,
        -0.5,
        2,
        1.667,
        -0.5
      ]
    },
    {
      "Target": "Parameter",
      "Id": "ParamBrowLForm",
      "Segments": [
        0,
        0,
        0,
        0.233,
        -0.5,
        2,
        1.167,
        -0.5,
        2,
        1.667,
        -0.5
      ]
    },
    {
      "Target": "Parameter",
      "Id": "ParamBrowRAngle",
      "Segments": [
        0,
        0,
        0,
        0.233,
        -0.4,
        2,
        1.167,
        -0.4,
        2,
        1.667,
        -0.4
      ]
    },
    {
      "Target": "Parameter",
      "Id": "ParamBrowLAngle",
      "Segments": [
        0,
        0,
        0,
        0.233,
        -0.2,
        2,
        1.167,
        -0.2,
        2,
        1.667,
        -0.2
      ]
    },
    {
      "Target": "Parameter",
      "Id": "ParamBrowRY",
      "Segments": [
        0,
        0,
        0,
        0.233,
        -0.4,
        2,
        1.167,
        -0.4,
        2,
        1.667,
        -0.4
      ]
    },
    {
      "Target": "Parameter",
      "Id": "ParamBrowLY",
      "Segments": [
        0,
        0,
        1,
        0.078,
        0,
        0.155,
        -0.379,
        0.233,
        -0.4,
        1,
        0.544,
        -0.482,
        0.856,
        -0.5,
        1.167,
        -0.5,
        2,
        1.667,
        -0.5
      ]
    },
    {
      "Target": "Parameter",
      "Id": "ParamEyeBallX",
      "Segments": [
        0,
        0,
        0,
        1.167,
        0.002,
        0,
        1.667,
        0
      ]
    },
    {
      "Target": "Parameter",
      "Id": "EyeR_Open",
      "Segments": [
        0,
        1,
        0,
        1.167,
        0.9,
        0,
        1.667,
        0.903
      ]
    },
    {
      "Target": "Parameter",
      "Id": "EyeL_Open",
      "Segments": [
        0,
        1,
        0,
        1.167,
        0.9,
        2,
        1.667,
        0.9
      ]
    },
    {
      "Target": "PartOpacity",
      "Id": "Part",
      "Segments": [
        0,
        1,
        2,
        1.33,
        1,
        2,
        1.67,
        1
      ]
    },
    {
      "Target": "PartOpacity",
      "Id": "Part2",
      "Segments": [
        0,
        1,
        2,
        1.33,
        1,
        2,
        1.67,
        1
      ]
    },
    {
      "Target": "PartOpacity",
      "Id": "Part3",
      "Segments": [
        0,
        1,
        2,
        1.33,
        1,
        2,
        1.67,
        1
      ]
    },
    {
      "Target": "PartOpacity",
      "Id": "Part5",
      "Segments": [
        0,
        1,
        2,
        0.67,
        1,
        2,
        1.33,
        1,
        2,
        1.67,
        1
      ]
    },
    {
      "Target": "PartOpacity",
      "Id": "Part13",
      "Segments": [
        0,
        1,
        2,
        0.67,
        1,
        2,
        1.67,
        1
      ]
    },
    {
      "Target": "PartOpacity",
      "Id": "Part6",
      "Segments": [
        0,
        1,
        2,
        1.33,
        1,
        2,
        1.67,
        1
      ]
    },
    {
      "Target": "PartOpacity",
      "Id": "Part14",
      "Segments": [
        0,
        1,
        2,
        1.33,
        1,
        2,
        1.67,
        1
      ]
    },
    {
      "Target": "PartOpacity",
      "Id": "Part15",
      "Segments": [
        0,
        1,
        2,
        0.67,
        1,
        2,
        1.33,
        1,
        2,
        1.67,
        1
      ]
    },
    {
      "Target": "PartOpacity",
      "Id": "Part20",
      "Segments": [
        0,
        1,
        2,
        0.67,
        1,
        2,
        1.67,
        1
      ]
    },
    {
      "Target": "PartOpacity",
      "Id": "Part16",
      "Segments": [
        0,
        0,
        2,
        0.67,
        0,
        2,
        1.33,
        0,
        2,
        1.67,
        0
      ]
    },
    {
      "Target": "PartOpacity",
      "Id": "Part7",
      "Segments": [
        0,
        1,
        2,
        0.67,
        1,
        2,
        1.33,
        1,
        2,
        1.67,
        1
      ]
    },
    {
      "Target": "PartOpacity",
      "Id": "Part18",
      "Segments": [
        0,
        0,
        2,
        0.67,
        0,
        2,
        1.33,
        0,
        2,
        1.67,
        0
      ]
    },
    {
      "Target": "PartOpacity",
      "Id": "Part8",
      "Segments": [
        0,
        1,
        2,
        0.67,
        1,
        2,
        1.33,
        1,
        2,
        1.67,
        1
      ]
    },
    {
      "Target": "PartOpacity",
      "Id": "Part9",
      "Segments": [
        0,
        1,
        2,
        0.67,
        1,
        2,
        1.33,
        1,
        2,
        1.67,
        1
      ]
    },
    {
      "Target": "PartOpacity",
      "Id": "Part10",
      "Segments": [
        0,
        1,
        2,
        0.67,
        1,
        2,
        1.33,
        1,
        2,
        1.67,
        1
      ]
    },
    {
      "Target": "PartOpacity",
      "Id": "Part11",
      "Segments": [
        0,
        1,
        2,
        0.67,
        1,
        2,
        1.33,
        1,
        2,
        1.67,
        1
      ]
    },
    {
      "Target": "PartOpacity",
      "Id": "Part12",
      "Segments": [
        0,
        1,
        2,
        1.33,
        1,
        2,
        1.67,
        1
      ]
    },
    {
      "Target": "PartOpacity",
      "Id": "Part17",
      "Segments": [
        0,
        0,
        2,
        0.33,
        0.25,
        2,
        0.5,
        0.5,
        2,
        0.67,
        0.89,
        2,
        1.33,
        0.89,
        2,
        1.67,
        0.89
      ]
    },
    {
      "Target": "PartOpacity",
      "Id": "Part19",
      "Segments": [
        0,
        0,
        2,
        0.67,
        0,
        2,
        1.33,
        0,
        2,
        1.67,
        0
      ]
    },
    {
      "Target": "Parameter",
      "Id": "Param33",
      "Segments": [
        0,
        0,
        0,
        1.67,
        0
      ]
    },
    {
      "Target": "Parameter",
      "Id": "Param32",
      "Segments": [
        0,
        0,
        0,
        1.67,
        0
      ]
    },
    {
      "Target": "Parameter",
      "Id": "Param20",
      "Segments": [
        0,
        0,
        0,
        1.67,
        0
      ]
    },
    {
      "Target": "Parameter",
      "Id": "Param27",
      "Segments": [
        0,
        0,
        0,
        1.67,
        0
      ]
    },
    {
      "Target": "Parameter",
      "Id": "Param23",
      "Segments": [
        0,
        0,
        0,
        1.67,
        0
      ]
    },
    {
      "Target": "Parameter",
      "Id": "Param29",
      "Segments": [
        0,
        0,
        0,
        1.67,
        0
      ]
    },
    {
      "Target": "Parameter",
      "Id": "Param30",
      "Segments": [
        0,
        0,
        0,
        1.67,
        0
      ]
    },
    {
      "Target": "Parameter",
      "Id": "Param18",
      "Segments": [
        0,
        0,
        0,
        1.67,
        0
      ]
    },
    {
      "Target": "Parameter",
      "Id": "Param6",
      "Segments": [
        0,
        0,
        0,
        1.67,
        0
      ]
    },
    {
      "Target": "Parameter",
      "Id": "Mouth_Open",
      "Segments": [
        0,
        1,
        0,
        1.67,
        1
      ]
    },
    {
      "Target": "Parameter",
      "Id": "Param",
      "Segments": [
        0,
        0,
        0,
        1.67,
        0
      ]
    },
    {
      "Target": "Parameter",
      "Id": "ParamMouthForm",
      "Segments": [
        0,
        0,
        0,
        1.67,
        0
      ]
    },
    {
      "Target": "Parameter",
      "Id": "EyesSize",
      "Segments": [
        0,
        0,
        0,
        1.67,
        0
      ]
    },
    {
      "Target": "Parameter",
      "Id": "ParamEyeBallY",
      "Segments": [
        0,
        0,
        0,
        1.67,
        0
      ]
    },
    {
      "Target": "Parameter",
      "Id": "ParamEyeRSmile",
      "Segments": [
        0,
        0,
        0,
        1.67,
        0
      ]
    },
    {
      "Target": "Parameter",
      "Id": "ParamEyeLSmile",
      "Segments": [
        0,
        0,
        0,
        1.67,
        0
      ]
    },
    {
      "Target": "PartOpacity",
      "Id": "Part23",
      "Segments": [
        0,
        1,
        0,
        1.67,
        1
      ]
    },
    {
      "Target": "PartOpacity",
      "Id": "Part4",
      "Segments": [
        0,
        1,
        0,
        1.67,
        1
      ]
    },
    {
      "Target": "PartOpacity",
      "Id": "Part21",
      "Segments": [
        0,
        1,
        0,
        1.67,
        1
      ]
    }
  ],
  "UserData": [
    {
      "Time": 0.0,
      "Value": ""
    }
  ]
}