{
  "Version": 3,
  "Meta": {
    "Duration": 8.0,
    "Fps": 30.0,
    "Loop": true,
    "AreBeziersRestricted": true,
    "CurveCount": 64,
    "TotalSegmentCount": 192,
    "TotalPointCount": 250,
    "UserDataCount": 1,
    "TotalUserDataSize": 0
  },
  "Curves": [
    {
      "Target": "Parameter",
      "Id": "Param33",
      "Segments": [
        0,
        -3,
        2,
        0.033,
        -3,
        0,
        6.867,
        -2,
        1,
        7.245,
        -2,
        7.622,
        -2.944,
        8,
        -2.998
      ]
    },
    {
      "Target": "Parameter",
      "Id": "Param9",
      "Segments": [
        0,
        -7,
        2,
        0.033,
        -7,
        1,
        0.855,
        -7,
        1.678,
        -7.198,
        2.5,
        -9,
        1,
        2.978,
        -10.047,
        3.455,
        -13,
        3.933,
        -13,
        2,
        4.8,
        -13,
        1,
        5.467,
        -13,
        6.133,
        -11.449,
        6.8,
        -9,
        1,
        7.2,
        -7.531,
        7.6,
        -7.027,
        8,
        -7.001
      ]
    },
    {
      "Target": "Parameter",
      "Id": "Param32",
      "Segments": [
        0,
        0,
        2,
        0.033,
        0,
        2,
        2.5,
        0,
        0,
        3.933,
        13,
        2,
        4.8,
        13,
        0,
        6.8,
        0,
        2,
        8,
        0
      ]
    },
    {
      "Target": "Parameter",
      "Id": "Param8",
      "Segments": [
        0,
        0,
        2,
        0.033,
        0,
        2,
        0.467,
        0,
        0,
        0.8,
        -30,
        0,
        1.133,
        0,
        0,
        1.467,
        -30,
        0,
        1.8,
        0,
        0,
        2.133,
        -30,
        0,
        2.467,
        0,
        2,
        8,
        0
      ]
    },
    {
      "Target": "Parameter",
      "Id": "Param20",
      "Segments": [
        0,
        -23,
        2,
        0.033,
        -23,
        0,
        2.5,
        -22.5,
        0,
        3.933,
        -18,
        2,
        4.8,
        -18,
        0,
        6.8,
        -22.5,
        1,
        7.2,
        -22.5,
        7.6,
        -22.975,
        8,
        -22.999
      ]
    },
    {
      "Target": "Parameter",
      "Id": "Param24",
      "Segments": [
        0,
        19,
        2,
        0.033,
        19,
        2,
        2.5,
        19,
        0,
        3.933,
        10,
        2,
        4.8,
        10,
        0,
        6.8,
        19,
        2,
        8,
        19
      ]
    },
    {
      "Target": "Parameter",
      "Id": "Param27",
      "Segments": [
        0,
        4,
        2,
        0.033,
        4,
        2,
        2.5,
        4,
        0,
        3.933,
        24,
        2,
        4.8,
        24,
        0,
        6.8,
        4,
        2,
        8,
        4
      ]
    },
    {
      "Target": "Parameter",
      "Id": "Param23",
      "Segments": [
        0,
        14,
        2,
        0.033,
        14,
        2,
        2.5,
        14,
        0,
        3.933,
        20,
        2,
        4.8,
        20,
        0,
        6.8,
        14,
        2,
        8,
        14
      ]
    },
    {
      "Target": "Parameter",
      "Id": "Param19",
      "Segments": [
        0,
        13,
        2,
        0.033,
        13,
        0,
        2.5,
        0,
        0,
        3.933,
        -5,
        2,
        4.8,
        -5,
        0,
        6.8,
        0,
        1,
        7.2,
        0,
        7.6,
        12.669,
        8,
        12.994
      ]
    },
    {
      "Target": "Parameter",
      "Id": "Param21",
      "Segments": [
        0,
        30,
        2,
        0.033,
        30,
        0,
        2.5,
        29,
        1,
        2.978,
        29.333,
        3.455,
        29.667,
        3.933,
        30,
        2,
        4.8,
        30,
        0,
        6.8,
        29,
        1,
        7.2,
        29.324,
        7.6,
        29.649,
        8,
        29.973
      ]
    },
    {
      "Target": "Parameter",
      "Id": "Param29",
      "Segments": [
        0,
        0,
        2,
        0.033,
        0,
        2,
        2.5,
        0,
        1,
        2.8,
        0,
        3.1,
        2.949,
        3.4,
        6.027,
        1,
        3.578,
        7.851,
        3.755,
        8,
        3.933,
        8,
        2,
        4.8,
        8,
        1,
        5.167,
        8,
        5.533,
        7.979,
        5.9,
        6.027,
        1,
        6.2,
        4.43,
        6.5,
        0,
        6.8,
        0,
        2,
        8,
        0
      ]
    },
    {
      "Target": "Parameter",
      "Id": "Param25",
      "Segments": [
        0,
        -15,
        2,
        0.033,
        -15,
        0,
        2.5,
        -18,
        1,
        2.978,
        -9.667,
        3.455,
        -1.333,
        3.933,
        7,
        2,
        4.8,
        7,
        1,
        5.467,
        -1.333,
        6.133,
        -9.667,
        6.8,
        -18,
        1,
        7.2,
        -17.027,
        7.6,
        -16.054,
        8,
        -15.081
      ]
    },
    {
      "Target": "Parameter",
      "Id": "Param30",
      "Segments": [
        0,
        0,
        2,
        0.033,
        0,
        0,
        3.933,
        21,
        2,
        4.8,
        21,
        1,
        5.867,
        21,
        6.933,
        0.431,
        8,
        0.007
      ]
    },
    {
      "Target": "Parameter",
      "Id": "Param26",
      "Segments": [
        0,
        15,
        2,
        0.033,
        15,
        2,
        2.5,
        15,
        0,
        3.933,
        8,
        2,
        4.8,
        8,
        0,
        6.8,
        15,
        2,
        7.7,
        15,
        2,
        8,
        15
      ]
    },
    {
      "Target": "Parameter",
      "Id": "Param17",
      "Segments": [
        0,
        0,
        2,
        0.033,
        0,
        0,
        3.933,
        -16,
        2,
        4.8,
        -16,
        2,
        4.833,
        -16,
        1,
        5.889,
        -16,
        6.944,
        -0.332,
        8,
        -0.005
      ]
    },
    {
      "Target": "Parameter",
      "Id": "Param18",
      "Segments": [
        0,
        0,
        2,
        0.033,
        0,
        0,
        3.933,
        -4,
        2,
        4.8,
        -4,
        2,
        4.833,
        -4,
        1,
        5.889,
        -4,
        6.944,
        -0.083,
        8,
        -0.001
      ]
    },
    {
      "Target": "Parameter",
      "Id": "Param15",
      "Segments": [
        0,
        27.4,
        2,
        0.033,
        27.4,
        0,
        2.5,
        4,
        0,
        3.933,
        30,
        2,
        4.833,
        30,
        0,
        6.8,
        22,
        1,
        7.2,
        22,
        7.6,
        27.112,
        8,
        27.388
      ]
    },
    {
      "Target": "Parameter",
      "Id": "Param2",
      "Segments": [
        0,
        -30,
        2,
        0.033,
        -30,
        2,
        2.9,
        -30,
        0,
        4.567,
        -20,
        0,
        6.967,
        -30,
        2,
        8,
        -30
      ]
    },
    {
      "Target": "Parameter",
      "Id": "Param7",
      "Segments": [
        0,
        -10,
        2,
        0.033,
        -10,
        2,
        2.5,
        -10,
        0,
        3.933,
        -30,
        2,
        4.7,
        -30,
        2,
        4.833,
        -30,
        0,
        6.8,
        -10,
        2,
        8,
        -10
      ]
    },
    {
      "Target": "Parameter",
      "Id": "Param31",
      "Segments": [
        0,
        0,
        2,
        0.033,
        0,
        2,
        2.5,
        0,
        0,
        3.933,
        30,
        2,
        4.8,
        30,
        2,
        4.833,
        30,
        0,
        6.8,
        0,
        2,
        8,
        0
      ]
    },
    {
      "Target": "Parameter",
      "Id": "Param10",
      "Segments": [
        0,
        -10,
        2,
        0.033,
        -10,
        0,
        2.767,
        -13.138,
        1,
        4.511,
        -12.824,
        6.256,
        -10.069,
        8,
        -10.001
      ]
    },
    {
      "Target": "Parameter",
      "Id": "Param3",
      "Segments": [
        0,
        0,
        2,
        0.033,
        0,
        0,
        2.833,
        -16,
        1,
        3.166,
        -16,
        3.5,
        -15.426,
        3.833,
        -14,
        1,
        4.744,
        -10.102,
        5.656,
        -5.297,
        6.567,
        -2,
        1,
        7.045,
        -0.271,
        7.522,
        -0.011,
        8,
        0
      ]
    },
    {
      "Target": "Parameter",
      "Id": "Param4",
      "Segments": [
        0,
        0,
        2,
        0.033,
        0,
        0,
        2.833,
        -2,
        2,
        3.833,
        -2,
        0,
        6.567,
        0,
        2,
        8,
        0
      ]
    },
    {
      "Target": "Parameter",
      "Id": "Param13",
      "Segments": [
        0,
        0,
        2,
        0.033,
        0,
        0,
        0.333,
        -15.84,
        1,
        2.889,
        -15.84,
        5.444,
        -0.137,
        8,
        -0.001
      ]
    },
    {
      "Target": "Parameter",
      "Id": "Param16",
      "Segments": [
        0,
        0,
        2,
        0.033,
        0,
        0,
        0.367,
        5.04,
        0,
        1.2,
        -4.5,
        1,
        1.478,
        -4.5,
        1.755,
        -2.902,
        2.033,
        0,
        1,
        2.489,
        4.759,
        2.944,
        7,
        3.4,
        7,
        0,
        4.367,
        -14,
        0,
        5.1,
        -7.254,
        0,
        6.333,
        -10,
        0,
        7.067,
        0,
        2,
        8,
        0
      ]
    },
    {
      "Target": "Parameter",
      "Id": "ParamEyeBallX",
      "Segments": [
        0,
        0,
        0,
        1.833,
        0.6,
        1,
        2.878,
        0.6,
        3.922,
        0.597,
        4.967,
        0.5,
        1,
        5.534,
        0.447,
        6.1,
        0,
        6.667,
        0,
        2,
        8,
        0
      ]
    },
    {
      "Target": "Parameter",
      "Id": "ParamEyeBallY",
      "Segments": [
        0,
        0,
        2,
        1.833,
        0,
        0,
        4.967,
        -0.1,
        0,
        6.667,
        0,
        2,
        8,
        0
      ]
    },
    {
      "Target": "PartOpacity",
      "Id": "Part14",
      "Segments": [
        0,
        1,
        2,
        8,
        1
      ]
    },
    {
      "Target": "PartOpacity",
      "Id": "Part15",
      "Segments": [
        0,
        1,
        2,
        8,
        1
      ]
    },
    {
      "Target": "PartOpacity",
      "Id": "Part20",
      "Segments": [
        0,
        0,
        2,
        8,
        0
      ]
    },
    {
      "Target": "PartOpacity",
      "Id": "Part16",
      "Segments": [
        0,
        1,
        2,
        8,
        1
      ]
    },
    {
      "Target": "PartOpacity",
      "Id": "Part7",
      "Segments": [
        0,
        1,
        2,
        8,
        1
      ]
    },
    {
      "Target": "PartOpacity",
      "Id": "Part18",
      "Segments": [
        0,
        1,
        2,
        8,
        1
      ]
    },
    {
      "Target": "PartOpacity",
      "Id": "Part8",
      "Segments": [
        0,
        1,
        2,
        8,
        1
      ]
    },
    {
      "Target": "PartOpacity",
      "Id": "Part9",
      "Segments": [
        0,
        1,
        2,
        8,
        1
      ]
    },
    {
      "Target": "PartOpacity",
      "Id": "Part10",
      "Segments": [
        0,
        1,
        2,
        8,
        1
      ]
    },
    {
      "Target": "PartOpacity",
      "Id": "Part11",
      "Segments": [
        0,
        1,
        2,
        8,
        1
      ]
    },
    {
      "Target": "PartOpacity",
      "Id": "Part22",
      "Segments": [
        0,
        0,
        2,
        8,
        0
      ]
    },
    {
      "Target": "PartOpacity",
      "Id": "Part12",
      "Segments": [
        0,
        1,
        2,
        8,
        1
      ]
    },
    {
      "Target": "PartOpacity",
      "Id": "Part17",
      "Segments": [
        0,
        0,
        2,
        8,
        0
      ]
    },
    {
      "Target": "PartOpacity",
      "Id": "Part19",
      "Segments": [
        0,
        0,
        2,
        8,
        0
      ]
    },
    {
      "Target": "Model",
      "Id": "Opacity",
      "Segments": [
        0,
        1,
        0,
        8,
        1
      ]
    },
    {
      "Target": "Parameter",
      "Id": "Param28",
      "Segments": [
        0,
        30,
        0,
        8,
        30
      ]
    },
    {
      "Target": "Parameter",
      "Id": "Param22",
      "Segments": [
        0,
        22,
        0,
        8,
        22
      ]
    },
    {
      "Target": "Parameter",
      "Id": "Param5",
      "Segments": [
        0,
        0,
        0,
        8,
        0
      ]
    },
    {
      "Target": "Parameter",
      "Id": "ParamBreath",
      "Segments": [
        0,
        0.1,
        0,
        8,
        0.1
      ]
    },
    {
      "Target": "Parameter",
      "Id": "Param6",
      "Segments": [
        0,
        0,
        0,
        8,
        0
      ]
    },
    {
      "Target": "Parameter",
      "Id": "Param12",
      "Segments": [
        0,
        0,
        0,
        8,
        0
      ]
    },
    {
      "Target": "Parameter",
      "Id": "Param14",
      "Segments": [
        0,
        0,
        0,
        8,
        0
      ]
    },
    {
      "Target": "Parameter",
      "Id": "Mouth_Size",
      "Segments": [
        0,
        -1,
        0,
        8,
        -1
      ]
    },
    {
      "Target": "Parameter",
      "Id": "Mouth_Open",
      "Segments": [
        0,
        1,
        0,
        8,
        1
      ]
    },
    {
      "Target": "Parameter",
      "Id": "Param",
      "Segments": [
        0,
        0,
        0,
        8,
        0
      ]
    },
    {
      "Target": "Parameter",
      "Id": "ParamMouthForm",
      "Segments": [
        0,
        0,
        0,
        8,
        0
      ]
    },
    {
      "Target": "Parameter",
      "Id": "ParamBrowRForm",
      "Segments": [
        0,
        -0.5,
        0,
        8,
        -0.5
      ]
    },
    {
      "Target": "Parameter",
      "Id": "ParamBrowLForm",
      "Segments": [
        0,
        -0.5,
        0,
        8,
        -0.5
      ]
    },
    {
      "Target": "Parameter",
      "Id": "ParamBrowRAngle",
      "Segments": [
        0,
        0,
        0,
        8,
        0
      ]
    },
    {
      "Target": "Parameter",
      "Id": "ParamBrowLAngle",
      "Segments": [
        0,
        0,
        0,
        8,
        0
      ]
    },
    {
      "Target": "Parameter",
      "Id": "EyesSize",
      "Segments": [
        0,
        0,
        0,
        8,
        0
      ]
    },
    {
      "Target": "Parameter",
      "Id": "ParamBrowRY",
      "Segments": [
        0,
        -0.2,
        0,
        8,
        -0.2
      ]
    },
    {
      "Target": "Parameter",
      "Id": "ParamBrowLY",
      "Segments": [
        0,
        -0.2,
        0,
        8,
        -0.2
      ]
    },
    {
      "Target": "Parameter",
      "Id": "ParamEyeRSmile",
      "Segments": [
        0,
        0,
        0,
        8,
        0
      ]
    },
    {
      "Target": "Parameter",
      "Id": "EyeR_Open",
      "Segments": [
        0,
        0.9,
        0,
        8,
        0.9
      ]
    },
    {
      "Target": "Parameter",
      "Id": "EyeL_Open",
      "Segments": [
        0,
        0.9,
        0,
        8,
        0.9
      ]
    },
    {
      "Target": "Parameter",
      "Id": "ParamEyeLSmile",
      "Segments": [
        0,
        0,
        0,
        8,
        0
      ]
    }
  ],
  "UserData": [
    {
      "Time": 0.0,
      "Value": ""
    }
  ]
}