{
  "Version": 3,
  "Meta": {
    "Duration": 2.0,
    "Fps": 30.0,
    "Loop": true,
    "AreBeziersRestricted": true,
    "CurveCount": 85,
    "TotalSegmentCount": 214,
    "TotalPointCount": 346,
    "UserDataCount": 1,
    "TotalUserDataSize": 0
  },
  "Curves": [
    {
      "Target": "Parameter",
      "Id": "Body_Shaking",
      "Segments": [
        0,
        0,
        2,
        1.267,
        0,
        1,
        1.511,
        0,
        1.756,
        0.701,
        2,
        2.015
      ]
    },
    {
      "Target": "Parameter",
      "Id": "BodyY",
      "Segments": [
        0,
        0,
        1,
        0.067,
        -0.651,
        0.133,
        0.682,
        0.2,
        0.877,
        1,
        0.333,
        1.541,
        0.467,
        1.697,
        0.6,
        1.697,
        0,
        1.267,
        0,
        2,
        2,
        0
      ]
    },
    {
      "Target": "Parameter",
      "Id": "Skirt_Shaking",
      "Segments": [
        0,
        0,
        1,
        0.078,
        7.957,
        0.155,
        13.262,
        0.233,
        13.262,
        0,
        0.833,
        -16.694,
        0,
        2,
        18.509
      ]
    },
    {
      "Target": "Parameter",
      "Id": "Body_Twist",
      "Segments": [
        0,
        0,
        2,
        0.1,
        0,
        1,
        0.167,
        0,
        0.233,
        13.081,
        0.3,
        21.484,
        1,
        0.356,
        29.326,
        0.411,
        30,
        0.467,
        30,
        1,
        0.611,
        30,
        0.756,
        11.764,
        0.9,
        0,
        1,
        1.022,
        -9.954,
        1.145,
        -10.44,
        1.267,
        -10.44,
        2,
        2,
        -10.44
      ]
    },
    {
      "Target": "Parameter",
      "Id": "Body_Pose1",
      "Segments": [
        0,
        0,
        1,
        0.056,
        -1.599,
        0.111,
        -2.609,
        0.167,
        -2.609,
        1,
        0.267,
        -2.609,
        0.367,
        3.469,
        0.467,
        7.035,
        1,
        0.534,
        9.413,
        0.6,
        9.3,
        0.667,
        9.3,
        0,
        1.267,
        6,
        2,
        2,
        6
      ]
    },
    {
      "Target": "Parameter",
      "Id": "Head_AngleY",
      "Segments": [
        0,
        0,
        1,
        0.044,
        -10.758,
        0.089,
        -9.198,
        0.133,
        -9.198,
        1,
        0.178,
        -9.198,
        0.222,
        -2.546,
        0.267,
        2.788,
        1,
        0.356,
        13.454,
        0.444,
        16.619,
        0.533,
        16.619,
        1,
        0.722,
        16.619,
        0.911,
        9.346,
        1.1,
        0,
        1,
        1.267,
        -8.246,
        1.433,
        -10.588,
        1.6,
        -10.588,
        1,
        1.733,
        -10.588,
        1.867,
        -10.618,
        2,
        -10.341
      ]
    },
    {
      "Target": "Parameter",
      "Id": "Head_RollY",
      "Segments": [
        0,
        0,
        0,
        0.167,
        -1.44,
        0,
        0.533,
        6.48,
        0,
        1.267,
        0,
        2,
        2,
        0
      ]
    },
    {
      "Target": "Parameter",
      "Id": "Head_Roll",
      "Segments": [
        0,
        0,
        2,
        0.733,
        0,
        1,
        0.878,
        0,
        1.022,
        1.484,
        1.167,
        3.462,
        1,
        1.311,
        6.137,
        1.456,
        8.048,
        1.6,
        8.363,
        1,
        1.733,
        8.701,
        1.867,
        8.773,
        2,
        8.855
      ]
    },
    {
      "Target": "Parameter",
      "Id": "EyeR_Open",
      "Segments": [
        0,
        1,
        0,
        0.1,
        0,
        2,
        0.167,
        0,
        0,
        0.3,
        1,
        0,
        1.133,
        0.9,
        2,
        2,
        0.9
      ]
    },
    {
      "Target": "Parameter",
      "Id": "EyeL_Open",
      "Segments": [
        0,
        1,
        0,
        0.1,
        0,
        2,
        0.167,
        0,
        0,
        0.3,
        1,
        0,
        1.133,
        0.9,
        2,
        2,
        0.9
      ]
    },
    {
      "Target": "Parameter",
      "Id": "EyeR_Smile",
      "Segments": [
        0,
        0.5,
        0,
        1.133,
        0.3,
        2,
        2,
        0.3
      ]
    },
    {
      "Target": "Parameter",
      "Id": "EyeL_Smile",
      "Segments": [
        0,
        0.5,
        0,
        1.133,
        0.3,
        2,
        2,
        0.3
      ]
    },
    {
      "Target": "Parameter",
      "Id": "EyeBallY",
      "Segments": [
        0,
        0,
        1,
        0.178,
        0,
        0.355,
        -0.012,
        0.533,
        -0.254,
        1,
        0.733,
        -0.526,
        0.933,
        -0.912,
        1.133,
        -0.912,
        2,
        2,
        -0.912
      ]
    },
    {
      "Target": "Parameter",
      "Id": "BrowR_Angle",
      "Segments": [
        0,
        0,
        0,
        0.6,
        0.9,
        0,
        1.133,
        0.8,
        2,
        2,
        0.8
      ]
    },
    {
      "Target": "Parameter",
      "Id": "BrowL_Angle",
      "Segments": [
        0,
        0,
        0,
        0.6,
        0.9,
        0,
        1.133,
        0.7,
        2,
        2,
        0.7
      ]
    },
    {
      "Target": "Parameter",
      "Id": "BrowRY",
      "Segments": [
        0,
        0,
        0,
        0.167,
        -0.4,
        1,
        0.2,
        -0.4,
        0.234,
        -0.089,
        0.267,
        0,
        1,
        0.334,
        0.178,
        0.4,
        0.2,
        0.467,
        0.2,
        1,
        0.511,
        0.2,
        0.556,
        0.218,
        0.6,
        0.188,
        1,
        0.778,
        0.067,
        0.955,
        -0.4,
        1.133,
        -0.4,
        2,
        2,
        -0.4
      ]
    },
    {
      "Target": "Parameter",
      "Id": "BrowLY",
      "Segments": [
        0,
        0,
        0,
        0.167,
        -0.4,
        1,
        0.2,
        -0.4,
        0.234,
        -0.089,
        0.267,
        0,
        1,
        0.334,
        0.178,
        0.4,
        0.2,
        0.467,
        0.2,
        2,
        0.6,
        0.2,
        0,
        1.133,
        -0.4,
        2,
        2,
        -0.4
      ]
    },
    {
      "Target": "Parameter",
      "Id": "BrowR_Form",
      "Segments": [
        0,
        0,
        0,
        0.6,
        -0.6,
        0,
        1.133,
        0,
        2,
        2,
        0
      ]
    },
    {
      "Target": "Parameter",
      "Id": "BrowL_Form",
      "Segments": [
        0,
        0,
        0,
        0.6,
        -0.6,
        0,
        1.133,
        0,
        2,
        2,
        0
      ]
    },
    {
      "Target": "Parameter",
      "Id": "BrowR_Form2",
      "Segments": [
        0,
        0,
        1,
        0.2,
        0,
        0.4,
        -4.931,
        0.6,
        -13,
        1,
        0.778,
        -20.172,
        0.955,
        -23,
        1.133,
        -23,
        2,
        2,
        -23
      ]
    },
    {
      "Target": "Parameter",
      "Id": "BrowL_Form2",
      "Segments": [
        0,
        0,
        0,
        1.133,
        -23,
        2,
        2,
        -23
      ]
    },
    {
      "Target": "Parameter",
      "Id": "MouthForm",
      "Segments": [
        0,
        -1,
        1,
        0.189,
        -1,
        0.378,
        0.552,
        0.567,
        0.637,
        1,
        0.8,
        0.691,
        1.034,
        0.7,
        1.267,
        0.7,
        2,
        2,
        0.7
      ]
    },
    {
      "Target": "Parameter",
      "Id": "Mouth_Size",
      "Segments": [
        0,
        1,
        0,
        0.567,
        0,
        2,
        2,
        0
      ]
    },
    {
      "Target": "Parameter",
      "Id": "HairFront_Move",
      "Segments": [
        0,
        0,
        1,
        0.044,
        -0.164,
        0.089,
        -0.3,
        0.133,
        -0.308,
        0,
        0.533,
        0.623,
        0,
        1.233,
        -0.717,
        0,
        2,
        0.48
      ]
    },
    {
      "Target": "Parameter",
      "Id": "HairSideR_Move",
      "Segments": [
        0,
        0,
        1,
        0.044,
        -0.149,
        0.089,
        -0.3,
        0.133,
        -0.3,
        0,
        0.5,
        0.788,
        0,
        1.367,
        -0.421,
        1,
        1.578,
        -0.421,
        1.789,
        -0.34,
        2,
        -0.104
      ]
    },
    {
      "Target": "Parameter",
      "Id": "HairSideL_Move",
      "Segments": [
        0,
        0,
        1,
        0.044,
        0.149,
        0.089,
        0.302,
        0.133,
        0.302,
        0,
        0.5,
        -0.759,
        0,
        1.133,
        0.251,
        0,
        2,
        -0.428
      ]
    },
    {
      "Target": "Parameter",
      "Id": "HairBackR_Move",
      "Segments": [
        0,
        0,
        0,
        0.467,
        0.706,
        0,
        1.6,
        -0.629,
        1,
        1.733,
        -0.629,
        1.867,
        -0.604,
        2,
        -0.405
      ]
    },
    {
      "Target": "Parameter",
      "Id": "HairBackL_Move",
      "Segments": [
        0,
        0,
        0,
        0.467,
        0.388,
        0,
        1.6,
        -0.462,
        1,
        1.733,
        -0.462,
        1.867,
        -0.468,
        2,
        -0.32
      ]
    },
    {
      "Target": "Parameter",
      "Id": "ShoulderRY",
      "Segments": [
        0,
        0,
        1,
        0.044,
        -3.438,
        0.089,
        -6,
        0.133,
        -6,
        1,
        0.211,
        -6,
        0.289,
        5.941,
        0.367,
        8.749,
        1,
        0.434,
        11.93,
        0.5,
        12.244,
        0.567,
        11.134,
        0,
        1.267,
        -30,
        2,
        2,
        -30
      ]
    },
    {
      "Target": "Parameter",
      "Id": "ShoulderLY",
      "Segments": [
        0,
        0,
        1,
        0.044,
        -2.625,
        0.089,
        -6,
        0.133,
        -6,
        1,
        0.211,
        -6,
        0.289,
        7.286,
        0.367,
        8.749,
        1,
        0.667,
        13.606,
        0.967,
        14,
        1.267,
        14,
        1,
        1.511,
        14,
        1.756,
        13.481,
        2,
        12.478
      ]
    },
    {
      "Target": "Parameter",
      "Id": "ShoulderR_Roll",
      "Segments": [
        0,
        0,
        1,
        0.056,
        0.73,
        0.111,
        1.137,
        0.167,
        1.408,
        1,
        0.2,
        1.526,
        0.234,
        1.485,
        0.267,
        1.485,
        1,
        0.334,
        1.485,
        0.4,
        0.425,
        0.467,
        -0.471,
        1,
        0.511,
        -1.068,
        0.556,
        -1.088,
        0.6,
        -1.088,
        1,
        0.778,
        -1.088,
        0.955,
        0.489,
        1.133,
        1.485,
        1,
        1.289,
        2.461,
        1.444,
        2.624,
        1.6,
        2.624,
        1,
        1.733,
        2.624,
        1.867,
        2.505,
        2,
        2.38
      ]
    },
    {
      "Target": "Parameter",
      "Id": "ShoulderL_Roll",
      "Segments": [
        0,
        0,
        1,
        0.056,
        -0.945,
        0.111,
        -1.679,
        0.167,
        -2.153,
        1,
        0.2,
        -2.428,
        0.234,
        -2.352,
        0.267,
        -2.352,
        1,
        0.334,
        -2.352,
        0.4,
        -1.629,
        0.467,
        -0.02,
        1,
        0.511,
        1.052,
        0.556,
        1.678,
        0.6,
        1.678,
        1,
        0.656,
        1.678,
        0.711,
        0.85,
        0.767,
        -1.569,
        1,
        0.934,
        -14.026,
        1.1,
        -31,
        1.267,
        -31,
        2,
        2,
        -31
      ]
    },
    {
      "Target": "Parameter",
      "Id": "ArmR_Roll",
      "Segments": [
        0,
        0,
        2,
        0.167,
        0,
        1,
        0.245,
        0,
        0.322,
        -3.815,
        0.4,
        -5.052,
        1,
        0.5,
        -6.941,
        0.6,
        -7.986,
        0.7,
        -7.986,
        1,
        0.922,
        -7.986,
        1.145,
        -2.284,
        1.367,
        -1.299,
        1,
        1.578,
        -0.515,
        1.789,
        -0.024,
        2,
        0
      ]
    },
    {
      "Target": "Parameter",
      "Id": "ArmL_Roll",
      "Segments": [
        0,
        0,
        2,
        0.167,
        0,
        0,
        0.4,
        8.465,
        1,
        0.456,
        8.465,
        0.511,
        8.128,
        0.567,
        4.897,
        1,
        0.767,
        -10.085,
        0.967,
        -24.62,
        1.167,
        -24.62,
        2,
        2,
        -24.62
      ]
    },
    {
      "Target": "Parameter",
      "Id": "ArmL_Form",
      "Segments": [
        0,
        0,
        2,
        0.4,
        0,
        0,
        0.933,
        -9,
        0,
        1.267,
        -5,
        2,
        2,
        -5
      ]
    },
    {
      "Target": "Parameter",
      "Id": "ArmL_Form2",
      "Segments": [
        0,
        0,
        2,
        0.633,
        0,
        0,
        0.933,
        -30,
        0,
        1.267,
        -26,
        2,
        2,
        -26
      ]
    },
    {
      "Target": "Parameter",
      "Id": "ArmR_Sup_Form",
      "Segments": [
        0,
        0,
        0,
        0.833,
        -2.179,
        0,
        2,
        -0.443
      ]
    },
    {
      "Target": "Parameter",
      "Id": "ArmL_Sup_Form",
      "Segments": [
        0,
        0,
        2,
        0.633,
        0,
        0,
        1.267,
        -30,
        0,
        2,
        -26.897
      ]
    },
    {
      "Target": "Parameter",
      "Id": "HandR_Roll",
      "Segments": [
        0,
        0,
        0,
        0.5,
        -20.775,
        1,
        0.756,
        -20.775,
        1.011,
        -1.032,
        1.267,
        0,
        1,
        1.511,
        0.987,
        1.756,
        0.77,
        2,
        0.77
      ]
    },
    {
      "Target": "Parameter",
      "Id": "HandL_Roll",
      "Segments": [
        0,
        0,
        0,
        0.5,
        7.961,
        0,
        1.267,
        -7.64,
        2,
        2,
        -7.64
      ]
    },
    {
      "Target": "Parameter",
      "Id": "HandR_move",
      "Segments": [
        0,
        0,
        0,
        0.133,
        -30,
        0,
        0.733,
        30,
        0,
        2,
        -21.355
      ]
    },
    {
      "Target": "Parameter",
      "Id": "HandL_move",
      "Segments": [
        0,
        0,
        0,
        0.133,
        -30,
        0,
        0.733,
        30,
        0,
        2,
        -21.355
      ]
    },
    {
      "Target": "Parameter",
      "Id": "LegR_Roll",
      "Segments": [
        0,
        0,
        0,
        0.533,
        -2.04,
        0,
        1.267,
        8,
        2,
        2,
        8
      ]
    },
    {
      "Target": "Parameter",
      "Id": "LegL_Roll",
      "Segments": [
        0,
        0,
        0,
        0.533,
        2.04,
        0,
        1.267,
        -11,
        2,
        2,
        -11
      ]
    },
    {
      "Target": "PartOpacity",
      "Id": "Part20",
      "Segments": [
        0,
        0,
        2,
        2,
        0
      ]
    },
    {
      "Target": "PartOpacity",
      "Id": "Part19",
      "Segments": [
        0,
        0,
        2,
        2,
        0
      ]
    },
    {
      "Target": "PartOpacity",
      "Id": "Part6",
      "Segments": [
        0,
        1,
        2,
        2,
        1
      ]
    },
    {
      "Target": "PartOpacity",
      "Id": "Part31",
      "Segments": [
        0,
        0,
        2,
        0.7,
        1,
        2,
        1.07,
        0,
        2,
        1.27,
        0,
        2,
        2,
        0
      ]
    },
    {
      "Target": "PartOpacity",
      "Id": "Part14",
      "Segments": [
        0,
        1,
        2,
        0.7,
        0,
        2,
        2,
        0
      ]
    },
    {
      "Target": "PartOpacity",
      "Id": "Part23",
      "Segments": [
        0,
        0,
        2,
        2,
        0
      ]
    },
    {
      "Target": "PartOpacity",
      "Id": "Part22",
      "Segments": [
        0,
        0,
        2,
        1.07,
        1,
        2,
        2,
        1
      ]
    },
    {
      "Target": "PartOpacity",
      "Id": "Part2",
      "Segments": [
        0,
        1,
        2,
        2,
        1
      ]
    },
    {
      "Target": "PartOpacity",
      "Id": "Part4",
      "Segments": [
        0,
        1,
        2,
        2,
        1
      ]
    },
    {
      "Target": "PartOpacity",
      "Id": "Part5",
      "Segments": [
        0,
        1,
        2,
        2,
        1
      ]
    },
    {
      "Target": "PartOpacity",
      "Id": "Part3",
      "Segments": [
        0,
        1,
        2,
        2,
        1
      ]
    },
    {
      "Target": "PartOpacity",
      "Id": "Part16",
      "Segments": [
        0,
        0,
        2,
        2,
        0
      ]
    },
    {
      "Target": "PartOpacity",
      "Id": "Part7",
      "Segments": [
        0,
        1,
        2,
        2,
        1
      ]
    },
    {
      "Target": "PartOpacity",
      "Id": "Part42",
      "Segments": [
        0,
        0,
        2,
        2,
        0
      ]
    },
    {
      "Target": "PartOpacity",
      "Id": "Part15",
      "Segments": [
        0,
        0,
        2,
        2,
        0
      ]
    },
    {
      "Target": "PartOpacity",
      "Id": "Part40",
      "Segments": [
        0,
        0,
        2,
        2,
        0
      ]
    },
    {
      "Target": "PartOpacity",
      "Id": "Part8",
      "Segments": [
        0,
        1,
        2,
        2,
        1
      ]
    },
    {
      "Target": "PartOpacity",
      "Id": "Part9",
      "Segments": [
        0,
        1,
        2,
        2,
        1
      ]
    },
    {
      "Target": "PartOpacity",
      "Id": "Part10",
      "Segments": [
        0,
        1,
        2,
        2,
        1
      ]
    },
    {
      "Target": "PartOpacity",
      "Id": "Part29",
      "Segments": [
        0,
        0,
        2,
        2,
        0
      ]
    },
    {
      "Target": "PartOpacity",
      "Id": "Part11",
      "Segments": [
        0,
        1,
        2,
        2,
        1
      ]
    },
    {
      "Target": "PartOpacity",
      "Id": "Part17",
      "Segments": [
        0,
        1,
        2,
        2,
        1
      ]
    },
    {
      "Target": "PartOpacity",
      "Id": "Part12",
      "Segments": [
        0,
        1,
        2,
        2,
        1
      ]
    },
    {
      "Target": "PartOpacity",
      "Id": "Part13",
      "Segments": [
        0,
        1,
        2,
        2,
        1
      ]
    },
    {
      "Target": "Parameter",
      "Id": "BodyPoX",
      "Segments": [
        0,
        0,
        0,
        2,
        0
      ]
    },
    {
      "Target": "Parameter",
      "Id": "Breath",
      "Segments": [
        0,
        0,
        0,
        2,
        0
      ]
    },
    {
      "Target": "Parameter",
      "Id": "Waist_Roll",
      "Segments": [
        0,
        0,
        0,
        2,
        0
      ]
    },
    {
      "Target": "Parameter",
      "Id": "Head_AngleX",
      "Segments": [
        0,
        0,
        0,
        2,
        0
      ]
    },
    {
      "Target": "Parameter",
      "Id": "EyeBallX",
      "Segments": [
        0,
        0,
        0,
        2,
        0
      ]
    },
    {
      "Target": "Parameter",
      "Id": "EyeBall_size",
      "Segments": [
        0,
        0,
        0,
        2,
        0
      ]
    },
    {
      "Target": "Parameter",
      "Id": "Sweat_on",
      "Segments": [
        0,
        0,
        0,
        2,
        0
      ]
    },
    {
      "Target": "Parameter",
      "Id": "Brow_Form2",
      "Segments": [
        0,
        0,
        0,
        2,
        0
      ]
    },
    {
      "Target": "Parameter",
      "Id": "Brow_Form",
      "Segments": [
        0,
        0,
        0,
        2,
        0
      ]
    },
    {
      "Target": "Parameter",
      "Id": "MouthForm2",
      "Segments": [
        0,
        0,
        0,
        2,
        0
      ]
    },
    {
      "Target": "Parameter",
      "Id": "Mouth_Open",
      "Segments": [
        0,
        1,
        0,
        2,
        1
      ]
    },
    {
      "Target": "Parameter",
      "Id": "Arm02L_X",
      "Segments": [
        0,
        0,
        0,
        2,
        0
      ]
    },
    {
      "Target": "Parameter",
      "Id": "Arm02L_Y",
      "Segments": [
        0,
        0,
        0,
        2,
        0
      ]
    },
    {
      "Target": "Parameter",
      "Id": "ArmR_Form",
      "Segments": [
        0,
        0,
        0,
        2,
        0
      ]
    },
    {
      "Target": "Parameter",
      "Id": "ArmR_Form2",
      "Segments": [
        0,
        0,
        0,
        2,
        0
      ]
    },
    {
      "Target": "Parameter",
      "Id": "Arm02L_Sup_Move",
      "Segments": [
        0,
        0,
        0,
        2,
        0
      ]
    },
    {
      "Target": "Parameter",
      "Id": "Hand02L_Roll",
      "Segments": [
        0,
        0,
        0,
        2,
        0
      ]
    }
  ],
  "UserData": [
    {
      "Time": 0.0,
      "Value": ""
    }
  ]
}