{
  "Version": 3,
  "Meta": {
    "Duration": 8.0,
    "Fps": 30.0,
    "Loop": true,
    "AreBeziersRestricted": true,
    "CurveCount": 85,
    "TotalSegmentCount": 214,
    "TotalPointCount": 300,
    "UserDataCount": 1,
    "TotalUserDataSize": 0
  },
  "Curves": [
    {
      "Target": "Parameter",
      "Id": "Breath",
      "Segments": [
        0,
        0.151,
        1,
        0.289,
        0.25,
        0.578,
        0.367,
        0.867,
        0.367,
        0,
        2.167,
        0,
        0,
        3.567,
        0.367,
        0,
        5,
        0,
        0,
        6.4,
        0.367,
        0,
        7.5,
        0,
        1,
        7.667,
        0,
        7.833,
        0.069,
        8,
        0.151
      ]
    },
    {
      "Target": "Parameter",
      "Id": "Body_Shaking",
      "Segments": [
        0,
        5.696,
        1,
        0.144,
        6.578,
        0.289,
        6.953,
        0.433,
        6.953,
        0,
        2.467,
        -2.77,
        0,
        4.5,
        6.953,
        0,
        6.5,
        -2.77,
        1,
        7,
        -2.77,
        7.5,
        2.574,
        8,
        5.696
      ]
    },
    {
      "Target": "Parameter",
      "Id": "Skirt_Shaking",
      "Segments": [
        0,
        4.598,
        1,
        0.144,
        8.936,
        0.289,
        10.345,
        0.433,
        10.345,
        0,
        1.533,
        -7.821,
        0,
        2.533,
        7.425,
        0,
        3.6,
        -7.821,
        0,
        4.733,
        9.66,
        0,
        5.8,
        -6.386,
        0,
        6.667,
        10.351,
        0,
        7.5,
        -6.386,
        1,
        7.667,
        -6.386,
        7.833,
        -1.924,
        8,
        4.598
      ]
    },
    {
      "Target": "Parameter",
      "Id": "Body_Twist",
      "Segments": [
        0,
        26.101,
        1,
        0.211,
        26.101,
        0.422,
        12.021,
        0.633,
        -0.144,
        1,
        1.022,
        -11.284,
        1.411,
        -20.461,
        1.8,
        -21.494,
        1,
        2.756,
        -23.09,
        3.711,
        -23.321,
        4.667,
        -23.123,
        1,
        5.111,
        -22.859,
        5.556,
        -12.106,
        6,
        0.249,
        1,
        6.167,
        10.44,
        6.333,
        19.326,
        6.5,
        21.353,
        1,
        7,
        25.319,
        7.5,
        26.101,
        8,
        26.101
      ]
    },
    {
      "Target": "Parameter",
      "Id": "Head_AngleX",
      "Segments": [
        0,
        2.309,
        1,
        0.767,
        2.309,
        1.533,
        1.355,
        2.3,
        0,
        1,
        2.789,
        -0.864,
        3.278,
        -1.091,
        3.767,
        -1.091,
        1,
        4.534,
        -1.091,
        5.3,
        -0.055,
        6.067,
        1.118,
        1,
        6.711,
        2.104,
        7.356,
        2.309,
        8,
        2.309
      ]
    },
    {
      "Target": "Parameter",
      "Id": "Head_AngleY",
      "Segments": [
        0,
        0.316,
        1,
        0.267,
        3.365,
        0.533,
        4.795,
        0.8,
        4.795,
        0,
        2.8,
        -6.106,
        0,
        4.933,
        2.886,
        0,
        6.833,
        -6.106,
        1,
        7.222,
        -6.106,
        7.611,
        -2.822,
        8,
        0.316
      ]
    },
    {
      "Target": "Parameter",
      "Id": "Head_Roll",
      "Segments": [
        0,
        2.045,
        1,
        0.511,
        0.548,
        1.022,
        -1.846,
        1.533,
        -1.846,
        0,
        3.867,
        2.224,
        0,
        5.567,
        -0.877,
        0,
        7.5,
        2.816,
        1,
        7.667,
        2.816,
        7.833,
        2.605,
        8,
        2.045
      ]
    },
    {
      "Target": "Parameter",
      "Id": "BrowRY",
      "Segments": [
        0,
        -0.5,
        0,
        1,
        -0.3,
        0,
        2.233,
        -0.5,
        2,
        8,
        -0.5
      ]
    },
    {
      "Target": "Parameter",
      "Id": "BrowLY",
      "Segments": [
        0,
        -0.5,
        0,
        1,
        -0.3,
        0,
        2.233,
        -0.5,
        2,
        8,
        -0.5
      ]
    },
    {
      "Target": "Parameter",
      "Id": "BrowR_Form",
      "Segments": [
        0,
        -0.1,
        2,
        4.033,
        -0.1,
        0,
        5.2,
        0.3,
        0,
        6.333,
        -0.1,
        2,
        8,
        -0.1
      ]
    },
    {
      "Target": "Parameter",
      "Id": "BrowL_Form",
      "Segments": [
        0,
        -0.1,
        2,
        4.033,
        -0.1,
        0,
        5.2,
        0.3,
        0,
        6.333,
        -0.1,
        2,
        8,
        -0.1
      ]
    },
    {
      "Target": "Parameter",
      "Id": "HairFront_Move",
      "Segments": [
        0,
        -0.241,
        1,
        0.3,
        0.106,
        0.6,
        0.363,
        0.9,
        0.363,
        0,
        2.133,
        -0.353,
        0,
        3.467,
        0.328,
        0,
        4.833,
        -0.308,
        0,
        6.1,
        0.457,
        0,
        7.633,
        -0.516,
        1,
        7.755,
        -0.516,
        7.878,
        -0.397,
        8,
        -0.241
      ]
    },
    {
      "Target": "Parameter",
      "Id": "HairSideR_Move",
      "Segments": [
        0,
        -0.427,
        0,
        1.233,
        0.6,
        0,
        2.633,
        -0.427,
        0,
        4.167,
        0.6,
        0,
        5.7,
        -0.427,
        0,
        6.967,
        0.788,
        1,
        7.311,
        0.788,
        7.656,
        -0.302,
        8,
        -0.415
      ]
    },
    {
      "Target": "Parameter",
      "Id": "HairSideL_Move",
      "Segments": [
        0,
        -0.304,
        0,
        1.567,
        0.599,
        0,
        2.733,
        -0.256,
        0,
        4.267,
        0.47,
        0,
        5.633,
        -0.304,
        0,
        7,
        0.485,
        0,
        8,
        -0.155
      ]
    },
    {
      "Target": "Parameter",
      "Id": "HairBackR_Move",
      "Segments": [
        0,
        -0.629,
        0,
        1.3,
        0.408,
        0,
        2.667,
        -0.278,
        0,
        4.2,
        0.727,
        0,
        5.8,
        -0.629,
        0,
        7,
        0.583,
        0,
        8,
        -0.278
      ]
    },
    {
      "Target": "Parameter",
      "Id": "HairBackL_Move",
      "Segments": [
        0,
        -0.462,
        0,
        1.6,
        0.485,
        0,
        2.767,
        -0.363,
        0,
        4.267,
        0.417,
        0,
        5.667,
        -0.2,
        0,
        7,
        0.559,
        0,
        8,
        -0.217
      ]
    },
    {
      "Target": "Parameter",
      "Id": "ShoulderRY",
      "Segments": [
        0,
        6.506,
        0,
        1.967,
        -3.498,
        0,
        4.333,
        4.453,
        0,
        6.367,
        -4.519,
        0,
        8,
        6.506
      ]
    },
    {
      "Target": "Parameter",
      "Id": "ShoulderLY",
      "Segments": [
        0,
        5.965,
        0,
        1.967,
        -3.498,
        0,
        4.333,
        4.364,
        0,
        6.367,
        -4.028,
        0,
        8,
        5.965
      ]
    },
    {
      "Target": "Parameter",
      "Id": "ShoulderR_Roll",
      "Segments": [
        0,
        -0.586,
        1,
        0.222,
        -1.4,
        0.445,
        -1.584,
        0.667,
        -1.584,
        0,
        2.667,
        1.853,
        0,
        4.733,
        -1.584,
        0,
        6.8,
        2.182,
        1,
        7.2,
        2.182,
        7.6,
        1.014,
        8,
        -0.586
      ]
    },
    {
      "Target": "Parameter",
      "Id": "ShoulderL_Roll",
      "Segments": [
        0,
        0.779,
        1,
        0.2,
        1.587,
        0.4,
        1.738,
        0.6,
        1.738,
        0,
        2.5,
        -2.085,
        0,
        5.167,
        1.437,
        0,
        6.833,
        -2.013,
        1,
        7.222,
        -2.013,
        7.611,
        -0.983,
        8,
        0.779
      ]
    },
    {
      "Target": "Parameter",
      "Id": "ArmR_Roll",
      "Segments": [
        0,
        0.104,
        1,
        0.444,
        -0.245,
        0.889,
        -0.544,
        1.333,
        -0.544,
        0,
        3.233,
        0.448,
        0,
        5.233,
        -0.544,
        0,
        7.433,
        0.387,
        1,
        7.622,
        0.387,
        7.811,
        0.254,
        8,
        0.104
      ]
    },
    {
      "Target": "Parameter",
      "Id": "ArmL_Roll",
      "Segments": [
        0,
        -0.058,
        1,
        0.456,
        0.228,
        0.911,
        0.375,
        1.367,
        0.375,
        0,
        3.167,
        -0.263,
        0,
        5.167,
        0.271,
        0,
        7.3,
        -0.263,
        1,
        7.533,
        -0.263,
        7.767,
        -0.195,
        8,
        -0.058
      ]
    },
    {
      "Target": "Parameter",
      "Id": "ArmR_Sup_Form",
      "Segments": [
        0,
        -2.619,
        1,
        0.3,
        -1.002,
        0.6,
        0,
        0.9,
        0,
        0,
        2.867,
        -5.662,
        0,
        5.267,
        -1.499,
        0,
        7.1,
        -5.229,
        1,
        7.4,
        -5.229,
        7.7,
        -4.463,
        8,
        -2.619
      ]
    },
    {
      "Target": "Parameter",
      "Id": "ArmL_Sup_Form",
      "Segments": [
        0,
        -1.431,
        1,
        0.344,
        -2.752,
        0.689,
        -3.53,
        1.033,
        -3.53,
        0,
        3.3,
        0,
        0,
        4.933,
        -3.53,
        0,
        7.2,
        0,
        1,
        7.467,
        0,
        7.733,
        -0.566,
        8,
        -1.431
      ]
    },
    {
      "Target": "Parameter",
      "Id": "HandR_Roll",
      "Segments": [
        0,
        -3.376,
        0,
        1.5,
        2.782,
        0,
        2.933,
        -3.376,
        0,
        4.467,
        2.782,
        0,
        5.833,
        -2.848,
        0,
        6.967,
        1.845,
        0,
        8,
        -3.376
      ]
    },
    {
      "Target": "Parameter",
      "Id": "HandL_Roll",
      "Segments": [
        0,
        -1.966,
        0,
        1.433,
        4.883,
        0,
        2.733,
        -1.966,
        0,
        4.4,
        4.883,
        0,
        5.867,
        -1.966,
        0,
        7.033,
        4.014,
        0,
        8,
        -1.966
      ]
    },
    {
      "Target": "Parameter",
      "Id": "HandR_move",
      "Segments": [
        0,
        -11.074,
        1,
        0.222,
        -4.206,
        0.445,
        -0.222,
        0.667,
        -0.222,
        0,
        2.367,
        -18.057,
        0,
        3.6,
        -0.222,
        0,
        5.167,
        -18.057,
        0,
        6.333,
        0,
        0,
        7.5,
        -17.724,
        1,
        7.667,
        -17.724,
        7.833,
        -15.066,
        8,
        -11.074
      ]
    },
    {
      "Target": "Parameter",
      "Id": "HandL_move",
      "Segments": [
        0,
        -9.855,
        1,
        0.178,
        -3.606,
        0.355,
        -0.332,
        0.533,
        -0.332,
        0,
        2.2,
        -17.724,
        0,
        3.567,
        -0.332,
        0,
        5.133,
        -17.724,
        0,
        6.433,
        -0.332,
        0,
        7.633,
        -16.214,
        1,
        7.755,
        -16.214,
        7.878,
        -13.712,
        8,
        -9.855
      ]
    },
    {
      "Target": "Parameter",
      "Id": "LegR_Roll",
      "Segments": [
        0,
        1.86,
        0,
        1.8,
        -1.86,
        2,
        4.267,
        -1.86,
        1,
        4.878,
        -1.86,
        5.489,
        0.965,
        6.1,
        1.44,
        1,
        6.733,
        1.932,
        7.367,
        1.86,
        8,
        1.86
      ]
    },
    {
      "Target": "Parameter",
      "Id": "LegL_Roll",
      "Segments": [
        0,
        4.255,
        0,
        1.8,
        -3.202,
        2,
        4.267,
        -3.202,
        1,
        4.945,
        -3.202,
        5.622,
        1.898,
        6.3,
        3.29,
        1,
        6.867,
        4.453,
        7.433,
        4.255,
        8,
        4.255
      ]
    },
    {
      "Target": "PartOpacity",
      "Id": "Part20",
      "Segments": [
        0,
        0,
        2,
        8,
        0
      ]
    },
    {
      "Target": "PartOpacity",
      "Id": "Part19",
      "Segments": [
        0,
        0,
        2,
        8,
        0
      ]
    },
    {
      "Target": "PartOpacity",
      "Id": "Part6",
      "Segments": [
        0,
        1,
        2,
        8,
        1
      ]
    },
    {
      "Target": "PartOpacity",
      "Id": "Part31",
      "Segments": [
        0,
        0,
        2,
        8,
        0
      ]
    },
    {
      "Target": "PartOpacity",
      "Id": "Part14",
      "Segments": [
        0,
        1,
        2,
        8,
        1
      ]
    },
    {
      "Target": "PartOpacity",
      "Id": "Part23",
      "Segments": [
        0,
        0,
        2,
        8,
        0
      ]
    },
    {
      "Target": "PartOpacity",
      "Id": "Part22",
      "Segments": [
        0,
        0,
        2,
        8,
        0
      ]
    },
    {
      "Target": "PartOpacity",
      "Id": "Part2",
      "Segments": [
        0,
        1,
        2,
        8,
        1
      ]
    },
    {
      "Target": "PartOpacity",
      "Id": "Part4",
      "Segments": [
        0,
        1,
        2,
        8,
        1
      ]
    },
    {
      "Target": "PartOpacity",
      "Id": "Part5",
      "Segments": [
        0,
        1,
        2,
        8,
        1
      ]
    },
    {
      "Target": "PartOpacity",
      "Id": "Part3",
      "Segments": [
        0,
        1,
        2,
        8,
        1
      ]
    },
    {
      "Target": "PartOpacity",
      "Id": "Part16",
      "Segments": [
        0,
        0,
        2,
        8,
        0
      ]
    },
    {
      "Target": "PartOpacity",
      "Id": "Part7",
      "Segments": [
        0,
        1,
        2,
        8,
        1
      ]
    },
    {
      "Target": "PartOpacity",
      "Id": "Part42",
      "Segments": [
        0,
        0,
        2,
        8,
        0
      ]
    },
    {
      "Target": "PartOpacity",
      "Id": "Part15",
      "Segments": [
        0,
        0,
        2,
        8,
        0
      ]
    },
    {
      "Target": "PartOpacity",
      "Id": "Part40",
      "Segments": [
        0,
        0,
        2,
        8,
        0
      ]
    },
    {
      "Target": "PartOpacity",
      "Id": "Part8",
      "Segments": [
        0,
        1,
        2,
        8,
        1
      ]
    },
    {
      "Target": "PartOpacity",
      "Id": "Part9",
      "Segments": [
        0,
        1,
        2,
        8,
        1
      ]
    },
    {
      "Target": "PartOpacity",
      "Id": "Part10",
      "Segments": [
        0,
        1,
        2,
        8,
        1
      ]
    },
    {
      "Target": "PartOpacity",
      "Id": "Part29",
      "Segments": [
        0,
        0,
        2,
        8,
        0
      ]
    },
    {
      "Target": "PartOpacity",
      "Id": "Part11",
      "Segments": [
        0,
        1,
        2,
        8,
        1
      ]
    },
    {
      "Target": "PartOpacity",
      "Id": "Part17",
      "Segments": [
        0,
        1,
        2,
        8,
        1
      ]
    },
    {
      "Target": "PartOpacity",
      "Id": "Part12",
      "Segments": [
        0,
        1,
        2,
        8,
        1
      ]
    },
    {
      "Target": "PartOpacity",
      "Id": "Part13",
      "Segments": [
        0,
        1,
        2,
        8,
        1
      ]
    },
    {
      "Target": "Parameter",
      "Id": "BodyPoX",
      "Segments": [
        0,
        0,
        0,
        8,
        0
      ]
    },
    {
      "Target": "Parameter",
      "Id": "Waist_Roll",
      "Segments": [
        0,
        0,
        0,
        8,
        0
      ]
    },
    {
      "Target": "Parameter",
      "Id": "BodyY",
      "Segments": [
        0,
        0,
        0,
        8,
        0
      ]
    },
    {
      "Target": "Parameter",
      "Id": "Body_Pose1",
      "Segments": [
        0,
        0,
        0,
        8,
        0
      ]
    },
    {
      "Target": "Parameter",
      "Id": "Head_RollY",
      "Segments": [
        0,
        0,
        0,
        8,
        0
      ]
    },
    {
      "Target": "Parameter",
      "Id": "EyeR_Open",
      "Segments": [
        0,
        1,
        0,
        8,
        1
      ]
    },
    {
      "Target": "Parameter",
      "Id": "EyeL_Open",
      "Segments": [
        0,
        0.8,
        0,
        8,
        0.8
      ]
    },
    {
      "Target": "Parameter",
      "Id": "EyeR_Smile",
      "Segments": [
        0,
        0.5,
        0,
        8,
        0.5
      ]
    },
    {
      "Target": "Parameter",
      "Id": "EyeL_Smile",
      "Segments": [
        0,
        0.1,
        0,
        8,
        0.1
      ]
    },
    {
      "Target": "Parameter",
      "Id": "EyeBallX",
      "Segments": [
        0,
        0,
        0,
        8,
        0
      ]
    },
    {
      "Target": "Parameter",
      "Id": "EyeBallY",
      "Segments": [
        0,
        0,
        0,
        8,
        0
      ]
    },
    {
      "Target": "Parameter",
      "Id": "EyeBall_size",
      "Segments": [
        0,
        0,
        0,
        8,
        0
      ]
    },
    {
      "Target": "Parameter",
      "Id": "Sweat_on",
      "Segments": [
        0,
        -30,
        0,
        8,
        -30
      ]
    },
    {
      "Target": "Parameter",
      "Id": "Brow_Form2",
      "Segments": [
        0,
        -30,
        0,
        8,
        -30
      ]
    },
    {
      "Target": "Parameter",
      "Id": "Brow_Form",
      "Segments": [
        0,
        -30,
        0,
        8,
        -30
      ]
    },
    {
      "Target": "Parameter",
      "Id": "BrowR_Angle",
      "Segments": [
        0,
        -1,
        0,
        8,
        -1
      ]
    },
    {
      "Target": "Parameter",
      "Id": "BrowL_Angle",
      "Segments": [
        0,
        -1,
        0,
        8,
        -1
      ]
    },
    {
      "Target": "Parameter",
      "Id": "BrowR_Form2",
      "Segments": [
        0,
        -15,
        0,
        8,
        -15
      ]
    },
    {
      "Target": "Parameter",
      "Id": "BrowL_Form2",
      "Segments": [
        0,
        -15,
        0,
        8,
        -15
      ]
    },
    {
      "Target": "Parameter",
      "Id": "MouthForm2",
      "Segments": [
        0,
        0,
        0,
        8,
        0
      ]
    },
    {
      "Target": "Parameter",
      "Id": "MouthForm",
      "Segments": [
        0,
        1,
        0,
        8,
        1
      ]
    },
    {
      "Target": "Parameter",
      "Id": "Mouth_Open",
      "Segments": [
        0,
        1,
        0,
        8,
        1
      ]
    },
    {
      "Target": "Parameter",
      "Id": "Mouth_Size",
      "Segments": [
        0,
        1,
        0,
        8,
        1
      ]
    },
    {
      "Target": "Parameter",
      "Id": "Arm02L_X",
      "Segments": [
        0,
        0,
        0,
        8,
        0
      ]
    },
    {
      "Target": "Parameter",
      "Id": "Arm02L_Y",
      "Segments": [
        0,
        0,
        0,
        8,
        0
      ]
    },
    {
      "Target": "Parameter",
      "Id": "ArmR_Form",
      "Segments": [
        0,
        0,
        0,
        8,
        0
      ]
    },
    {
      "Target": "Parameter",
      "Id": "ArmL_Form",
      "Segments": [
        0,
        0,
        0,
        8,
        0
      ]
    },
    {
      "Target": "Parameter",
      "Id": "ArmR_Form2",
      "Segments": [
        0,
        0,
        0,
        8,
        0
      ]
    },
    {
      "Target": "Parameter",
      "Id": "ArmL_Form2",
      "Segments": [
        0,
        0,
        0,
        8,
        0
      ]
    },
    {
      "Target": "Parameter",
      "Id": "Arm02L_Sup_Move",
      "Segments": [
        0,
        0,
        0,
        8,
        0
      ]
    },
    {
      "Target": "Parameter",
      "Id": "Hand02L_Roll",
      "Segments": [
        0,
        0,
        0,
        8,
        0
      ]
    }
  ],
  "UserData": [
    {
      "Time": 0.0,
      "Value": ""
    }
  ]
}