{
  "Version": 3,
  "Meta": {
    "Duration": 8.0,
    "Fps": 30.0,
    "Loop": true,
    "AreBeziersRestricted": true,
    "CurveCount": 85,
    "TotalSegmentCount": 215,
    "TotalPointCount": 275,
    "UserDataCount": 1,
    "TotalUserDataSize": 0
  },
  "Curves": [
    {
      "Target": "Parameter",
      "Id": "Breath",
      "Segments": [
        0,
        0.546,
        0,
        0.967,
        0,
        0,
        2.133,
        0.546,
        0,
        3.333,
        0,
        0,
        4.433,
        0.546,
        0,
        5.533,
        0,
        0,
        6.433,
        0.473,
        0,
        7.2,
        0,
        0,
        8,
        0.546
      ]
    },
    {
      "Target": "Parameter",
      "Id": "Body_Shaking",
      "Segments": [
        0,
        -1.864,
        0,
        1.867,
        2,
        0,
        3.9,
        -0.559,
        0,
        6,
        2,
        0,
        8,
        -1.864
      ]
    },
    {
      "Target": "Parameter",
      "Id": "Waist_Roll",
      "Segments": [
        0,
        -4.075,
        1,
        0.611,
        -3.354,
        1.222,
        -5.337,
        1.833,
        -5.337,
        0,
        3.9,
        -4.003,
        0,
        6.067,
        -5.337,
        1,
        6.711,
        -5.337,
        7.356,
        -4.502,
        8,
        -4.075
      ]
    },
    {
      "Target": "Parameter",
      "Id": "Skirt_Shaking",
      "Segments": [
        0,
        15.903,
        0,
        1.1,
        -17.034,
        0,
        2.2,
        15.903,
        0,
        3.267,
        -23.573,
        0,
        4.3,
        21.372,
        0,
        5.4,
        -17.034,
        0,
        6.333,
        21.372,
        0,
        7.267,
        -11.943,
        0,
        8,
        15.903
      ]
    },
    {
      "Target": "Parameter",
      "Id": "Head_AngleY",
      "Segments": [
        0,
        1.827,
        1,
        0.522,
        -5.436,
        1.045,
        -12.165,
        1.567,
        -12.165,
        0,
        3.2,
        0,
        0,
        4.467,
        -12.165,
        0,
        5.8,
        3.289,
        0,
        6.833,
        -16.392,
        1,
        7.222,
        -16.392,
        7.611,
        -0.276,
        8,
        1.827
      ]
    },
    {
      "Target": "Parameter",
      "Id": "Head_RollY",
      "Segments": [
        0,
        -11.641,
        1,
        0.2,
        -10.047,
        0.4,
        -9.84,
        0.6,
        -9.84,
        0,
        2,
        -17.095,
        0,
        3.367,
        -9.856,
        0,
        4.6,
        -16.094,
        0,
        6,
        -9.001,
        0,
        7.3,
        -20.598,
        1,
        7.533,
        -20.598,
        7.767,
        -12.62,
        8,
        -11.641
      ]
    },
    {
      "Target": "Parameter",
      "Id": "Head_Roll",
      "Segments": [
        0,
        14.329,
        1,
        0.122,
        13.269,
        0.245,
        12.739,
        0.367,
        12.739,
        0,
        1.867,
        21.781,
        0,
        3.367,
        6.72,
        0,
        5.1,
        18.559,
        0,
        6.6,
        14.168,
        0,
        7.567,
        17.632,
        1,
        7.711,
        17.632,
        7.856,
        16.242,
        8,
        14.329
      ]
    },
    {
      "Target": "Parameter",
      "Id": "BrowRY",
      "Segments": [
        0,
        -0.1,
        2,
        3.3,
        -0.1,
        0,
        4.733,
        -0.7,
        0,
        6.033,
        0,
        0,
        8,
        -0.1
      ]
    },
    {
      "Target": "Parameter",
      "Id": "BrowLY",
      "Segments": [
        0,
        -0.1,
        2,
        3.3,
        -0.1,
        0,
        4.733,
        -0.7,
        0,
        6.033,
        0,
        0,
        8,
        -0.1
      ]
    },
    {
      "Target": "Parameter",
      "Id": "HairFront_Move",
      "Segments": [
        0,
        -0.64,
        0,
        1.333,
        0.784,
        0,
        2.9,
        -0.528,
        0,
        4.333,
        0.56,
        0,
        5.633,
        -0.64,
        0,
        6.933,
        0.457,
        0,
        8,
        -0.64
      ]
    },
    {
      "Target": "Parameter",
      "Id": "HairSideR_Move",
      "Segments": [
        0,
        0.622,
        0,
        1.267,
        -0.647,
        0,
        2.6,
        0.465,
        0,
        4.067,
        -0.374,
        0,
        5.467,
        0.533,
        0,
        6.867,
        -0.374,
        0,
        8,
        0.622
      ]
    },
    {
      "Target": "Parameter",
      "Id": "HairSideL_Move",
      "Segments": [
        0,
        0.691,
        0,
        1.467,
        -0.251,
        0,
        2.933,
        0.691,
        0,
        4.167,
        -0.251,
        0,
        5.5,
        0.594,
        0,
        6.8,
        -0.428,
        0,
        8,
        0.691
      ]
    },
    {
      "Target": "Parameter",
      "Id": "HairBackR_Move",
      "Segments": [
        0,
        0.628,
        0,
        1.2,
        -0.551,
        0,
        2.467,
        0.727,
        0,
        3.867,
        -0.629,
        0,
        5.3,
        0.628,
        0,
        6.633,
        -0.629,
        0,
        8,
        0.628
      ]
    },
    {
      "Target": "Parameter",
      "Id": "HairBackL_Move",
      "Segments": [
        0,
        0.773,
        0,
        1.3,
        -0.363,
        0,
        2.867,
        0.773,
        0,
        4.1,
        -0.2,
        0,
        5.533,
        0.744,
        0,
        6.8,
        -0.462,
        0,
        8,
        0.773
      ]
    },
    {
      "Target": "Parameter",
      "Id": "ShoulderRY",
      "Segments": [
        0,
        17,
        1,
        0.156,
        17.889,
        0.311,
        18.099,
        0.467,
        18.099,
        0,
        2.367,
        12.141,
        0,
        4.333,
        17.121,
        0,
        6.233,
        11.901,
        1,
        6.822,
        11.901,
        7.411,
        15.637,
        8,
        17
      ]
    },
    {
      "Target": "Parameter",
      "Id": "ShoulderLY",
      "Segments": [
        0,
        -20.131,
        1,
        0.156,
        -17.876,
        0.311,
        -17.341,
        0.467,
        -17.341,
        0,
        2.367,
        -22.639,
        0,
        4.333,
        -18.079,
        0,
        6.233,
        -27.439,
        1,
        6.822,
        -27.439,
        7.411,
        -23.024,
        8,
        -20.131
      ]
    },
    {
      "Target": "Parameter",
      "Id": "ShoulderR_Roll",
      "Segments": [
        0,
        -24.406,
        1,
        0.178,
        -26.803,
        0.355,
        -26.327,
        0.533,
        -26.327,
        0,
        2.467,
        -19.117,
        0,
        4.533,
        -26.327,
        0,
        6.567,
        -18.059,
        1,
        7.045,
        -18.059,
        7.522,
        -20.753,
        8,
        -24.406
      ]
    },
    {
      "Target": "Parameter",
      "Id": "ShoulderL_Roll",
      "Segments": [
        0,
        17.17,
        1,
        0.178,
        19.694,
        0.355,
        19.533,
        0.533,
        19.533,
        0,
        2.467,
        12.854,
        0,
        4.533,
        19.533,
        0,
        6.567,
        12.659,
        1,
        7.045,
        12.659,
        7.522,
        13.224,
        8,
        17.17
      ]
    },
    {
      "Target": "Parameter",
      "Id": "ArmR_Roll",
      "Segments": [
        0,
        28.02,
        2,
        0.5,
        28.02,
        0,
        2.467,
        27.72,
        0,
        4.667,
        27.9,
        0,
        6.567,
        27.72,
        1,
        7.045,
        27.72,
        7.522,
        27.73,
        8,
        28.02
      ]
    },
    {
      "Target": "Parameter",
      "Id": "ArmL_Roll",
      "Segments": [
        0,
        -26.33,
        1,
        0.167,
        -26.387,
        0.333,
        -26.4,
        0.5,
        -26.4,
        0,
        2.467,
        -25.92,
        0,
        4.667,
        -26.22,
        0,
        6.567,
        -25.8,
        0,
        8,
        -26.33
      ]
    },
    {
      "Target": "Parameter",
      "Id": "ArmR_Sup_Form",
      "Segments": [
        0,
        -33.644,
        1,
        0.2,
        -35.914,
        0.4,
        -37,
        0.6,
        -37,
        0,
        1.9,
        -30,
        0,
        3.267,
        -37,
        0,
        4.667,
        -30,
        0,
        5.967,
        -37,
        0,
        7.267,
        -30,
        1,
        7.511,
        -30,
        7.756,
        -31.651,
        8,
        -33.644
      ]
    },
    {
      "Target": "Parameter",
      "Id": "ArmL_Sup_Form",
      "Segments": [
        0,
        -25.685,
        1,
        0.2,
        -28.603,
        0.4,
        -30,
        0.6,
        -30,
        0,
        1.9,
        -21,
        0,
        3.267,
        -30,
        0,
        4.667,
        -21,
        0,
        5.967,
        -30,
        0,
        7.267,
        -21,
        1,
        7.511,
        -21,
        7.756,
        -23.181,
        8,
        -25.685
      ]
    },
    {
      "Target": "Parameter",
      "Id": "HandR_Roll",
      "Segments": [
        0,
        37.09,
        1,
        0.2,
        37.794,
        0.4,
        38.18,
        0.6,
        38.18,
        0,
        2.533,
        36.08,
        0,
        4.6,
        37.83,
        0,
        6.533,
        36.43,
        1,
        7.022,
        36.43,
        7.511,
        36.121,
        8,
        37.09
      ]
    },
    {
      "Target": "Parameter",
      "Id": "HandL_Roll",
      "Segments": [
        0,
        -34.338,
        1,
        0.2,
        -34.765,
        0.4,
        -35,
        0.6,
        -35,
        0,
        2.533,
        -32.53,
        0,
        4.6,
        -34.09,
        0,
        6.533,
        -33.115,
        1,
        7.022,
        -33.115,
        7.511,
        -33.201,
        8,
        -34.338
      ]
    },
    {
      "Target": "Parameter",
      "Id": "HandR_move",
      "Segments": [
        0,
        -12.772,
        1,
        0.267,
        3.576,
        0.533,
        17.256,
        0.8,
        17.256,
        0,
        2.8,
        -25,
        0,
        5.133,
        17.256,
        0,
        7.233,
        -25,
        1,
        7.489,
        -25,
        7.744,
        -19.09,
        8,
        -12.772
      ]
    },
    {
      "Target": "Parameter",
      "Id": "HandL_move",
      "Segments": [
        0,
        -12.772,
        1,
        0.267,
        3.576,
        0.533,
        17.256,
        0.8,
        17.256,
        0,
        2.8,
        -25,
        0,
        5.133,
        17.256,
        0,
        7.233,
        -25,
        1,
        7.489,
        -25,
        7.744,
        -22.007,
        8,
        -12.772
      ]
    },
    {
      "Target": "PartOpacity",
      "Id": "Part20",
      "Segments": [
        0,
        0,
        2,
        8,
        0
      ]
    },
    {
      "Target": "PartOpacity",
      "Id": "Part19",
      "Segments": [
        0,
        0,
        2,
        7.3,
        0,
        2,
        8,
        0
      ]
    },
    {
      "Target": "PartOpacity",
      "Id": "Part6",
      "Segments": [
        0,
        1,
        2,
        8,
        1
      ]
    },
    {
      "Target": "PartOpacity",
      "Id": "Part31",
      "Segments": [
        0,
        1,
        2,
        7.3,
        1,
        2,
        8,
        1
      ]
    },
    {
      "Target": "PartOpacity",
      "Id": "Part14",
      "Segments": [
        0,
        0,
        2,
        7.3,
        0,
        2,
        8,
        0
      ]
    },
    {
      "Target": "PartOpacity",
      "Id": "Part23",
      "Segments": [
        0,
        0,
        2,
        7.3,
        0,
        2,
        8,
        0
      ]
    },
    {
      "Target": "PartOpacity",
      "Id": "Part22",
      "Segments": [
        0,
        0,
        2,
        7.3,
        0,
        2,
        8,
        0
      ]
    },
    {
      "Target": "PartOpacity",
      "Id": "Part2",
      "Segments": [
        0,
        1,
        2,
        8,
        1
      ]
    },
    {
      "Target": "PartOpacity",
      "Id": "Part4",
      "Segments": [
        0,
        1,
        2,
        8,
        1
      ]
    },
    {
      "Target": "PartOpacity",
      "Id": "Part5",
      "Segments": [
        0,
        1,
        2,
        8,
        1
      ]
    },
    {
      "Target": "PartOpacity",
      "Id": "Part3",
      "Segments": [
        0,
        1,
        2,
        8,
        1
      ]
    },
    {
      "Target": "PartOpacity",
      "Id": "Part16",
      "Segments": [
        0,
        0,
        2,
        8,
        0
      ]
    },
    {
      "Target": "PartOpacity",
      "Id": "Part7",
      "Segments": [
        0,
        1,
        2,
        8,
        1
      ]
    },
    {
      "Target": "PartOpacity",
      "Id": "Part42",
      "Segments": [
        0,
        1,
        2,
        8,
        1
      ]
    },
    {
      "Target": "PartOpacity",
      "Id": "Part15",
      "Segments": [
        0,
        0,
        2,
        7.3,
        0,
        2,
        8,
        0
      ]
    },
    {
      "Target": "PartOpacity",
      "Id": "Part40",
      "Segments": [
        0,
        1,
        2,
        7.3,
        1,
        2,
        8,
        1
      ]
    },
    {
      "Target": "PartOpacity",
      "Id": "Part8",
      "Segments": [
        0,
        1,
        2,
        8,
        1
      ]
    },
    {
      "Target": "PartOpacity",
      "Id": "Part9",
      "Segments": [
        0,
        1,
        2,
        8,
        1
      ]
    },
    {
      "Target": "PartOpacity",
      "Id": "Part10",
      "Segments": [
        0,
        0,
        2,
        8,
        0
      ]
    },
    {
      "Target": "PartOpacity",
      "Id": "Part29",
      "Segments": [
        0,
        0,
        2,
        7.3,
        0,
        2,
        8,
        0
      ]
    },
    {
      "Target": "PartOpacity",
      "Id": "Part11",
      "Segments": [
        0,
        0,
        2,
        7.3,
        0,
        2,
        8,
        0
      ]
    },
    {
      "Target": "PartOpacity",
      "Id": "Part17",
      "Segments": [
        0,
        1,
        2,
        8,
        1
      ]
    },
    {
      "Target": "PartOpacity",
      "Id": "Part12",
      "Segments": [
        0,
        1,
        2,
        8,
        1
      ]
    },
    {
      "Target": "PartOpacity",
      "Id": "Part13",
      "Segments": [
        0,
        1,
        2,
        8,
        1
      ]
    },
    {
      "Target": "Parameter",
      "Id": "BodyPoX",
      "Segments": [
        0,
        0,
        0,
        8,
        0
      ]
    },
    {
      "Target": "Parameter",
      "Id": "BodyY",
      "Segments": [
        0,
        -1.879,
        0,
        8,
        -1.879
      ]
    },
    {
      "Target": "Parameter",
      "Id": "Body_Twist",
      "Segments": [
        0,
        0,
        0,
        8,
        0
      ]
    },
    {
      "Target": "Parameter",
      "Id": "Body_Pose1",
      "Segments": [
        0,
        12.72,
        0,
        8,
        12.72
      ]
    },
    {
      "Target": "Parameter",
      "Id": "Head_AngleX",
      "Segments": [
        0,
        0,
        0,
        8,
        0
      ]
    },
    {
      "Target": "Parameter",
      "Id": "EyeR_Open",
      "Segments": [
        0,
        0,
        0,
        8,
        0
      ]
    },
    {
      "Target": "Parameter",
      "Id": "EyeL_Open",
      "Segments": [
        0,
        0,
        0,
        8,
        0
      ]
    },
    {
      "Target": "Parameter",
      "Id": "EyeR_Smile",
      "Segments": [
        0,
        0,
        0,
        8,
        0
      ]
    },
    {
      "Target": "Parameter",
      "Id": "EyeL_Smile",
      "Segments": [
        0,
        0,
        0,
        8,
        0
      ]
    },
    {
      "Target": "Parameter",
      "Id": "EyeBallX",
      "Segments": [
        0,
        0,
        0,
        8,
        0
      ]
    },
    {
      "Target": "Parameter",
      "Id": "EyeBallY",
      "Segments": [
        0,
        0,
        0,
        8,
        0
      ]
    },
    {
      "Target": "Parameter",
      "Id": "EyeBall_size",
      "Segments": [
        0,
        0,
        0,
        8,
        0
      ]
    },
    {
      "Target": "Parameter",
      "Id": "Sweat_on",
      "Segments": [
        0,
        0,
        0,
        8,
        0
      ]
    },
    {
      "Target": "Parameter",
      "Id": "Brow_Form2",
      "Segments": [
        0,
        0,
        0,
        8,
        0
      ]
    },
    {
      "Target": "Parameter",
      "Id": "Brow_Form",
      "Segments": [
        0,
        0,
        0,
        8,
        0
      ]
    },
    {
      "Target": "Parameter",
      "Id": "BrowR_Angle",
      "Segments": [
        0,
        0,
        0,
        8,
        0
      ]
    },
    {
      "Target": "Parameter",
      "Id": "BrowL_Angle",
      "Segments": [
        0,
        0,
        0,
        8,
        0
      ]
    },
    {
      "Target": "Parameter",
      "Id": "BrowR_Form",
      "Segments": [
        0,
        0,
        0,
        8,
        0
      ]
    },
    {
      "Target": "Parameter",
      "Id": "BrowL_Form",
      "Segments": [
        0,
        0,
        0,
        8,
        0
      ]
    },
    {
      "Target": "Parameter",
      "Id": "BrowR_Form2",
      "Segments": [
        0,
        0,
        0,
        8,
        0
      ]
    },
    {
      "Target": "Parameter",
      "Id": "BrowL_Form2",
      "Segments": [
        0,
        0,
        0,
        8,
        0
      ]
    },
    {
      "Target": "Parameter",
      "Id": "MouthForm2",
      "Segments": [
        0,
        0,
        0,
        8,
        0
      ]
    },
    {
      "Target": "Parameter",
      "Id": "MouthForm",
      "Segments": [
        0,
        -1,
        0,
        8,
        -1
      ]
    },
    {
      "Target": "Parameter",
      "Id": "Mouth_Open",
      "Segments": [
        0,
        1,
        0,
        8,
        1
      ]
    },
    {
      "Target": "Parameter",
      "Id": "Mouth_Size",
      "Segments": [
        0,
        1,
        0,
        8,
        1
      ]
    },
    {
      "Target": "Parameter",
      "Id": "Arm02L_X",
      "Segments": [
        0,
        0,
        0,
        8,
        0
      ]
    },
    {
      "Target": "Parameter",
      "Id": "Arm02L_Y",
      "Segments": [
        0,
        0,
        0,
        8,
        0
      ]
    },
    {
      "Target": "Parameter",
      "Id": "ArmR_Form",
      "Segments": [
        0,
        -13,
        0,
        8,
        -13
      ]
    },
    {
      "Target": "Parameter",
      "Id": "ArmL_Form",
      "Segments": [
        0,
        -10,
        0,
        8,
        -10
      ]
    },
    {
      "Target": "Parameter",
      "Id": "ArmR_Form2",
      "Segments": [
        0,
        -30,
        0,
        8,
        -30
      ]
    },
    {
      "Target": "Parameter",
      "Id": "ArmL_Form2",
      "Segments": [
        0,
        -19,
        0,
        8,
        -19
      ]
    },
    {
      "Target": "Parameter",
      "Id": "Arm02L_Sup_Move",
      "Segments": [
        0,
        0,
        0,
        8,
        0
      ]
    },
    {
      "Target": "Parameter",
      "Id": "Hand02L_Roll",
      "Segments": [
        0,
        0,
        0,
        8,
        0
      ]
    },
    {
      "Target": "Parameter",
      "Id": "LegR_Roll",
      "Segments": [
        0,
        6,
        0,
        8,
        6
      ]
    },
    {
      "Target": "Parameter",
      "Id": "LegL_Roll",
      "Segments": [
        0,
        -14,
        0,
        8,
        -14
      ]
    }
  ],
  "UserData": [
    {
      "Time": 0.0,
      "Value": ""
    }
  ]
}