{
  "Version": 3,
  "Meta": {
    "Duration": 8.0,
    "Fps": 30.0,
    "Loop": true,
    "AreBeziersRestricted": true,
    "CurveCount": 85,
    "TotalSegmentCount": 239,
    "TotalPointCount": 293,
    "UserDataCount": 1,
    "TotalUserDataSize": 0
  },
  "Curves": [
    {
      "Target": "Parameter",
      "Id": "Breath",
      "Segments": [
        0,
        0,
        0,
        1.333,
        0.347,
        0,
        2.6,
        0,
        0,
        3.933,
        0.347,
        0,
        5.333,
        0,
        0,
        6.6,
        0.347,
        0,
        8,
        0
      ]
    },
    {
      "Target": "Parameter",
      "Id": "Body_Shaking",
      "Segments": [
        0,
        2.015,
        1,
        0.144,
        2.803,
        0.289,
        3.219,
        0.433,
        3.219,
        0,
        1.9,
        -2.544,
        2,
        3.8,
        -2.544,
        0,
        5.233,
        1.736,
        0,
        6.9,
        -2.544,
        1,
        7.267,
        -2.544,
        7.633,
        -0.171,
        8,
        2.015
      ]
    },
    {
      "Target": "Parameter",
      "Id": "Skirt_Shaking",
      "Segments": [
        0,
        18.509,
        0,
        1.167,
        -10.851,
        0,
        2.233,
        10.801,
        0,
        3.233,
        -10.955,
        0,
        4.267,
        13.035,
        0,
        5.4,
        -9.521,
        0,
        6.267,
        15.312,
        0,
        7.2,
        -9.521,
        0,
        8,
        18.509
      ]
    },
    {
      "Target": "Parameter",
      "Id": "Body_Twist",
      "Segments": [
        0,
        -10.44,
        2,
        0.7,
        -10.44,
        0,
        2.633,
        -30,
        2,
        5.2,
        -30,
        0,
        6.6,
        -10.44,
        2,
        8,
        -10.44
      ]
    },
    {
      "Target": "Parameter",
      "Id": "Body_Pose1",
      "Segments": [
        0,
        6,
        0,
        1.233,
        17.34,
        0,
        2.4,
        6,
        2,
        5,
        6,
        0,
        6.1,
        13.26,
        0,
        7.033,
        6,
        2,
        8,
        6
      ]
    },
    {
      "Target": "Parameter",
      "Id": "Head_AngleX",
      "Segments": [
        0,
        0,
        2,
        1.3,
        0,
        0,
        2.733,
        -4.8,
        1,
        3.511,
        -4.8,
        4.289,
        -4.767,
        5.067,
        -3.752,
        1,
        5.534,
        -3.143,
        6,
        0,
        6.467,
        0,
        2,
        8,
        0
      ]
    },
    {
      "Target": "Parameter",
      "Id": "Head_AngleY",
      "Segments": [
        0,
        -10.341,
        1,
        0.144,
        -10.041,
        0.289,
        -9.647,
        0.433,
        -7.898,
        1,
        0.722,
        -4.401,
        1.011,
        6.038,
        1.3,
        6.038,
        0,
        2.733,
        -12.189,
        0,
        3.967,
        -2.649,
        0,
        5.067,
        -9.499,
        0,
        6.2,
        3.673,
        0,
        7.467,
        -10.588,
        1,
        7.645,
        -10.588,
        7.822,
        -10.584,
        8,
        -10.341
      ]
    },
    {
      "Target": "Parameter",
      "Id": "Head_Roll",
      "Segments": [
        0,
        8.855,
        1,
        0.267,
        9.007,
        0.533,
        8.856,
        0.8,
        8.363,
        1,
        1.3,
        7.632,
        1.8,
        -14.512,
        2.3,
        -15.128,
        1,
        3.344,
        -15.958,
        4.389,
        -16.345,
        5.433,
        -16.21,
        1,
        5.955,
        -15.974,
        6.478,
        6.246,
        7,
        7.489,
        1,
        7.333,
        8.399,
        7.667,
        8.855,
        8,
        8.855
      ]
    },
    {
      "Target": "Parameter",
      "Id": "EyeBallX",
      "Segments": [
        0,
        0,
        0,
        2.867,
        0.152,
        2,
        5,
        0.152,
        0,
        6.233,
        0,
        2,
        8,
        0
      ]
    },
    {
      "Target": "Parameter",
      "Id": "EyeBallY",
      "Segments": [
        0,
        0,
        0,
        1.233,
        -0.092,
        0,
        2.867,
        0,
        2,
        5,
        0,
        2,
        6.233,
        0,
        2,
        8,
        0
      ]
    },
    {
      "Target": "Parameter",
      "Id": "BrowR_Angle",
      "Segments": [
        0,
        0.9,
        2,
        0.433,
        0.9,
        0,
        1.5,
        0.45,
        0,
        2.6,
        0.9,
        2,
        8,
        0.9
      ]
    },
    {
      "Target": "Parameter",
      "Id": "BrowL_Angle",
      "Segments": [
        0,
        0.2,
        2,
        0.433,
        0.2,
        0,
        1.5,
        0.1,
        0,
        2.6,
        0.2,
        2,
        8,
        0.2
      ]
    },
    {
      "Target": "Parameter",
      "Id": "BrowRY",
      "Segments": [
        0,
        0,
        2,
        0.433,
        0,
        0,
        1.5,
        0.1,
        0,
        2.6,
        0,
        2,
        8,
        0
      ]
    },
    {
      "Target": "Parameter",
      "Id": "BrowLY",
      "Segments": [
        0,
        -0.3,
        2,
        0.433,
        -0.3,
        0,
        1.5,
        -0.05,
        0,
        2.6,
        -0.3,
        2,
        8,
        -0.3
      ]
    },
    {
      "Target": "Parameter",
      "Id": "BrowR_Form",
      "Segments": [
        0,
        -1,
        2,
        0.433,
        -1,
        0,
        1.5,
        -0.5,
        0,
        2.6,
        -1,
        2,
        8,
        -1
      ]
    },
    {
      "Target": "Parameter",
      "Id": "BrowL_Form",
      "Segments": [
        0,
        -0.6,
        2,
        0.433,
        -0.6,
        0,
        1.5,
        -0.3,
        0,
        2.6,
        -0.6,
        2,
        8,
        -0.6
      ]
    },
    {
      "Target": "Parameter",
      "Id": "BrowR_Form2",
      "Segments": [
        0,
        -30,
        2,
        0.433,
        -30,
        0,
        1.5,
        -15,
        0,
        2.6,
        -30,
        2,
        8,
        -30
      ]
    },
    {
      "Target": "Parameter",
      "Id": "HairFront_Move",
      "Segments": [
        0,
        0.48,
        0,
        1.1,
        -0.593,
        0,
        1.967,
        0.38,
        0,
        3.067,
        -0.532,
        0,
        4.167,
        0.556,
        0,
        5.367,
        -0.43,
        0,
        6.267,
        0.48,
        0,
        7.3,
        -0.655,
        0,
        8,
        0.48
      ]
    },
    {
      "Target": "Parameter",
      "Id": "HairSideR_Move",
      "Segments": [
        0,
        -0.104,
        1,
        0.311,
        0.244,
        0.622,
        0.465,
        0.933,
        0.465,
        0,
        2.233,
        -0.374,
        0,
        3.7,
        0.465,
        0,
        5.233,
        -0.374,
        0,
        6.367,
        0.465,
        0,
        7.533,
        -0.374,
        1,
        7.689,
        -0.374,
        7.844,
        -0.247,
        8,
        -0.104
      ]
    },
    {
      "Target": "Parameter",
      "Id": "HairSideL_Move",
      "Segments": [
        0,
        -0.428,
        0,
        1.167,
        0.416,
        0,
        2.433,
        -0.251,
        0,
        4.067,
        0.334,
        0,
        5.5,
        -0.251,
        0,
        6.733,
        0.251,
        0,
        8,
        -0.428
      ]
    },
    {
      "Target": "Parameter",
      "Id": "HairBackR_Move",
      "Segments": [
        0,
        -0.405,
        1,
        0.311,
        0.059,
        0.622,
        0.408,
        0.933,
        0.408,
        0,
        2.167,
        -0.278,
        0,
        3.567,
        0.727,
        0,
        5.167,
        -0.629,
        0,
        6.5,
        0.559,
        0,
        7.633,
        -0.629,
        1,
        7.755,
        -0.629,
        7.878,
        -0.58,
        8,
        -0.405
      ]
    },
    {
      "Target": "Parameter",
      "Id": "HairBackL_Move",
      "Segments": [
        0,
        -0.32,
        1,
        0.389,
        0.113,
        0.778,
        0.485,
        1.167,
        0.485,
        0,
        2.2,
        -0.363,
        0,
        3.733,
        0.417,
        0,
        5.067,
        -0.2,
        0,
        6.3,
        0.388,
        0,
        7.667,
        -0.462,
        1,
        7.778,
        -0.462,
        7.889,
        -0.42,
        8,
        -0.32
      ]
    },
    {
      "Target": "Parameter",
      "Id": "ShoulderLY",
      "Segments": [
        0,
        12.478,
        1,
        0.233,
        11.521,
        0.467,
        11.06,
        0.7,
        11.06,
        0,
        2.367,
        14,
        0,
        4.5,
        11.06,
        0,
        6.633,
        14.782,
        1,
        7.089,
        14.782,
        7.544,
        13.752,
        8,
        12.478
      ]
    },
    {
      "Target": "Parameter",
      "Id": "ShoulderR_Roll",
      "Segments": [
        0,
        2.38,
        1,
        0.378,
        1.98,
        0.755,
        1.408,
        1.133,
        1.408,
        0,
        2.3,
        3.141,
        0,
        3.8,
        1.246,
        0,
        5.167,
        2.967,
        0,
        6.567,
        1.408,
        0,
        7.667,
        2.624,
        1,
        7.778,
        2.624,
        7.889,
        2.488,
        8,
        2.38
      ]
    },
    {
      "Target": "Parameter",
      "Id": "ShoulderL_Roll",
      "Segments": [
        0,
        -31,
        2,
        0.667,
        -31,
        0,
        2.533,
        -28.2,
        2,
        4.967,
        -28.2,
        0,
        6.633,
        -31,
        2,
        8,
        -31
      ]
    },
    {
      "Target": "Parameter",
      "Id": "ArmR_Roll",
      "Segments": [
        0,
        0,
        1,
        0.389,
        0.013,
        0.778,
        -1.736,
        1.167,
        -1.736,
        0,
        2.533,
        0,
        0,
        3.933,
        -2.005,
        0,
        5.3,
        0,
        0,
        6.733,
        -2.206,
        0,
        8,
        0
      ]
    },
    {
      "Target": "Parameter",
      "Id": "ArmL_Roll",
      "Segments": [
        0,
        -24.62,
        2,
        0.667,
        -24.62,
        0,
        2.533,
        -25.303,
        2,
        4.967,
        -25.303,
        0,
        6.633,
        -24.62,
        2,
        8,
        -24.62
      ]
    },
    {
      "Target": "Parameter",
      "Id": "ArmR_Sup_Form",
      "Segments": [
        0,
        -0.443,
        0,
        1.367,
        -2.477,
        0,
        3,
        -0.154,
        0,
        4.5,
        -2.387,
        0,
        5.8,
        -0.154,
        0,
        7,
        -2.387,
        0,
        8,
        0
      ]
    },
    {
      "Target": "Parameter",
      "Id": "ArmL_Sup_Form",
      "Segments": [
        0,
        -26.897,
        0,
        0.833,
        -30,
        0,
        1.7,
        -23.966,
        0,
        2.9,
        -30,
        0,
        4.167,
        -20,
        0,
        5.567,
        -30,
        0,
        6.8,
        -23.966,
        0,
        8,
        -30
      ]
    },
    {
      "Target": "Parameter",
      "Id": "HandR_Roll",
      "Segments": [
        0,
        0.77,
        0,
        1.3,
        -8.05,
        0,
        2.567,
        0.77,
        0,
        4.067,
        -7.445,
        0,
        5.4,
        0.77,
        0,
        6.767,
        -8.05,
        0,
        8,
        0.77
      ]
    },
    {
      "Target": "Parameter",
      "Id": "HandL_Roll",
      "Segments": [
        0,
        -7.64,
        2,
        0.667,
        -7.64,
        1,
        1.289,
        -7.64,
        1.911,
        -6.724,
        2.533,
        -4.941,
        1,
        3,
        -3.604,
        3.466,
        -2.96,
        3.933,
        -2.96,
        1,
        4.355,
        -2.96,
        4.778,
        -2.964,
        5.2,
        -4.13,
        1,
        5.667,
        -5.419,
        6.133,
        -7.64,
        6.6,
        -7.64,
        2,
        8,
        -7.64
      ]
    },
    {
      "Target": "Parameter",
      "Id": "HandR_move",
      "Segments": [
        0,
        -21.355,
        0,
        1.333,
        30,
        0,
        2.733,
        -21.887,
        0,
        4.033,
        30,
        0,
        5.467,
        -21.887,
        0,
        6.8,
        30,
        0,
        8,
        -21.355
      ]
    },
    {
      "Target": "Parameter",
      "Id": "HandL_move",
      "Segments": [
        0,
        -21.355,
        0,
        1.367,
        30,
        0,
        2.8,
        -21.132,
        0,
        4.1,
        30,
        0,
        5.567,
        -21.132,
        0,
        6.9,
        30,
        0,
        8,
        -21.355
      ]
    },
    {
      "Target": "PartOpacity",
      "Id": "Part20",
      "Segments": [
        0,
        0,
        2,
        8,
        0
      ]
    },
    {
      "Target": "PartOpacity",
      "Id": "Part19",
      "Segments": [
        0,
        0,
        2,
        8,
        0
      ]
    },
    {
      "Target": "PartOpacity",
      "Id": "Part6",
      "Segments": [
        0,
        1,
        2,
        8,
        1
      ]
    },
    {
      "Target": "PartOpacity",
      "Id": "Part31",
      "Segments": [
        0,
        0,
        2,
        8,
        0
      ]
    },
    {
      "Target": "PartOpacity",
      "Id": "Part14",
      "Segments": [
        0,
        0,
        2,
        8,
        0
      ]
    },
    {
      "Target": "PartOpacity",
      "Id": "Part23",
      "Segments": [
        0,
        0,
        2,
        8,
        0
      ]
    },
    {
      "Target": "PartOpacity",
      "Id": "Part22",
      "Segments": [
        0,
        1,
        2,
        8,
        1
      ]
    },
    {
      "Target": "PartOpacity",
      "Id": "Part2",
      "Segments": [
        0,
        1,
        2,
        8,
        1
      ]
    },
    {
      "Target": "PartOpacity",
      "Id": "Part4",
      "Segments": [
        0,
        1,
        2,
        8,
        1
      ]
    },
    {
      "Target": "PartOpacity",
      "Id": "Part5",
      "Segments": [
        0,
        1,
        2,
        8,
        1
      ]
    },
    {
      "Target": "PartOpacity",
      "Id": "Part3",
      "Segments": [
        0,
        1,
        2,
        8,
        1
      ]
    },
    {
      "Target": "PartOpacity",
      "Id": "Part16",
      "Segments": [
        0,
        0,
        2,
        8,
        0
      ]
    },
    {
      "Target": "PartOpacity",
      "Id": "Part7",
      "Segments": [
        0,
        1,
        2,
        8,
        1
      ]
    },
    {
      "Target": "PartOpacity",
      "Id": "Part42",
      "Segments": [
        0,
        0,
        2,
        8,
        0
      ]
    },
    {
      "Target": "PartOpacity",
      "Id": "Part15",
      "Segments": [
        0,
        0,
        2,
        8,
        0
      ]
    },
    {
      "Target": "PartOpacity",
      "Id": "Part40",
      "Segments": [
        0,
        0,
        2,
        8,
        0
      ]
    },
    {
      "Target": "PartOpacity",
      "Id": "Part8",
      "Segments": [
        0,
        1,
        2,
        8,
        1
      ]
    },
    {
      "Target": "PartOpacity",
      "Id": "Part9",
      "Segments": [
        0,
        1,
        2,
        8,
        1
      ]
    },
    {
      "Target": "PartOpacity",
      "Id": "Part10",
      "Segments": [
        0,
        1,
        2,
        8,
        1
      ]
    },
    {
      "Target": "PartOpacity",
      "Id": "Part29",
      "Segments": [
        0,
        0,
        2,
        8,
        0
      ]
    },
    {
      "Target": "PartOpacity",
      "Id": "Part11",
      "Segments": [
        0,
        1,
        2,
        8,
        1
      ]
    },
    {
      "Target": "PartOpacity",
      "Id": "Part17",
      "Segments": [
        0,
        1,
        2,
        8,
        1
      ]
    },
    {
      "Target": "PartOpacity",
      "Id": "Part12",
      "Segments": [
        0,
        1,
        2,
        8,
        1
      ]
    },
    {
      "Target": "PartOpacity",
      "Id": "Part13",
      "Segments": [
        0,
        1,
        2,
        8,
        1
      ]
    },
    {
      "Target": "Parameter",
      "Id": "BodyPoX",
      "Segments": [
        0,
        0,
        0,
        8,
        0
      ]
    },
    {
      "Target": "Parameter",
      "Id": "Waist_Roll",
      "Segments": [
        0,
        0,
        0,
        8,
        0
      ]
    },
    {
      "Target": "Parameter",
      "Id": "BodyY",
      "Segments": [
        0,
        0,
        0,
        8,
        0
      ]
    },
    {
      "Target": "Parameter",
      "Id": "Head_RollY",
      "Segments": [
        0,
        0,
        0,
        8,
        0
      ]
    },
    {
      "Target": "Parameter",
      "Id": "EyeR_Open",
      "Segments": [
        0,
        1,
        0,
        8,
        1
      ]
    },
    {
      "Target": "Parameter",
      "Id": "EyeL_Open",
      "Segments": [
        0,
        1,
        0,
        8,
        1
      ]
    },
    {
      "Target": "Parameter",
      "Id": "EyeR_Smile",
      "Segments": [
        0,
        0.5,
        0,
        8,
        0.5
      ]
    },
    {
      "Target": "Parameter",
      "Id": "EyeL_Smile",
      "Segments": [
        0,
        0.5,
        0,
        8,
        0.5
      ]
    },
    {
      "Target": "Parameter",
      "Id": "EyeBall_size",
      "Segments": [
        0,
        0,
        0,
        8,
        0
      ]
    },
    {
      "Target": "Parameter",
      "Id": "Sweat_on",
      "Segments": [
        0,
        0,
        0,
        8,
        0
      ]
    },
    {
      "Target": "Parameter",
      "Id": "Brow_Form2",
      "Segments": [
        0,
        0,
        0,
        8,
        0
      ]
    },
    {
      "Target": "Parameter",
      "Id": "Brow_Form",
      "Segments": [
        0,
        0,
        0,
        8,
        0
      ]
    },
    {
      "Target": "Parameter",
      "Id": "BrowL_Form2",
      "Segments": [
        0,
        0,
        0,
        8,
        0
      ]
    },
    {
      "Target": "Parameter",
      "Id": "MouthForm2",
      "Segments": [
        0,
        0,
        0,
        8,
        0
      ]
    },
    {
      "Target": "Parameter",
      "Id": "MouthForm",
      "Segments": [
        0,
        0.7,
        0,
        8,
        0.7
      ]
    },
    {
      "Target": "Parameter",
      "Id": "Mouth_Open",
      "Segments": [
        0,
        1,
        0,
        8,
        1
      ]
    },
    {
      "Target": "Parameter",
      "Id": "Mouth_Size",
      "Segments": [
        0,
        0,
        0,
        8,
        0
      ]
    },
    {
      "Target": "Parameter",
      "Id": "Arm02L_X",
      "Segments": [
        0,
        0,
        0,
        8,
        0
      ]
    },
    {
      "Target": "Parameter",
      "Id": "Arm02L_Y",
      "Segments": [
        0,
        0,
        0,
        8,
        0
      ]
    },
    {
      "Target": "Parameter",
      "Id": "ShoulderRY",
      "Segments": [
        0,
        -30,
        0,
        8,
        -30
      ]
    },
    {
      "Target": "Parameter",
      "Id": "ArmR_Form",
      "Segments": [
        0,
        0,
        0,
        8,
        0
      ]
    },
    {
      "Target": "Parameter",
      "Id": "ArmL_Form",
      "Segments": [
        0,
        -5,
        0,
        8,
        -5
      ]
    },
    {
      "Target": "Parameter",
      "Id": "ArmR_Form2",
      "Segments": [
        0,
        0,
        0,
        8,
        0
      ]
    },
    {
      "Target": "Parameter",
      "Id": "ArmL_Form2",
      "Segments": [
        0,
        -26,
        0,
        8,
        -26
      ]
    },
    {
      "Target": "Parameter",
      "Id": "Arm02L_Sup_Move",
      "Segments": [
        0,
        0,
        0,
        8,
        0
      ]
    },
    {
      "Target": "Parameter",
      "Id": "Hand02L_Roll",
      "Segments": [
        0,
        0,
        0,
        8,
        0
      ]
    },
    {
      "Target": "Parameter",
      "Id": "LegR_Roll",
      "Segments": [
        0,
        8,
        0,
        8,
        8
      ]
    },
    {
      "Target": "Parameter",
      "Id": "LegL_Roll",
      "Segments": [
        0,
        -11,
        0,
        8,
        -11
      ]
    }
  ],
  "UserData": [
    {
      "Time": 0.0,
      "Value": ""
    }
  ]
}