{
  "Version": 3,
  "FileReferences": {
    "Moc": "aichis2.moc3",
    "Textures": [
      "textures/texture_00.png"
    ],
    "Physics": null,
    "Motions": {
      "": [
        {
          "File": "motions/c101c_0030.motion3.json"
        },
        {
          "File": "motions/c101c_0050.motion3.json"
        },
        {
          "File": "motions/c101c_0120.motion3.json"
        },
        {
          "File": "motions/c101c_0060.motion3.json"
        },
        {
          "File": "motions/c101c_0130.motion3.json"
        },
        {
          "File": "motions/c101c_0020.motion3.json"
        },
        {
          "File": "motions/c101c_0071.motion3.json"
        },
        {
          "File": "motions/c101c_0091.motion3.json"
        },
        {
          "File": "motions/c101c_0031.motion3.json"
        },
        {
          "File": "motions/c101c_0131.motion3.json"
        },
        {
          "File": "motions/c101c_0041.motion3.json"
        },
        {
          "File": "motions/c101c_0010.motion3.json"
        },
        {
          "File": "motions/c101c_0090.motion3.json"
        },
        {
          "File": "motions/c101c_0011.motion3.json"
        },
        {
          "File": "motions/c101c_0051.motion3.json"
        },
        {
          "File": "motions/c101c_0100.motion3.json"
        },
        {
          "File": "motions/c101c_0040.motion3.json"
        },
        {
          "File": "motions/c101c_0110.motion3.json"
        },
        {
          "File": "motions/c101c_0081.motion3.json"
        },
        {
          "File": "motions/c101c_0080.motion3.json"
        },
        {
          "File": "motions/c101c_0061.motion3.json"
        },
        {
          "File": "motions/c101c_0121.motion3.json"
        },
        {
          "File": "motions/c101c_0101.motion3.json"
        },
        {
          "File": "motions/c101c_0070.motion3.json"
        },
        {
          "File": "motions/c101c_0111.motion3.json"
        },
        {
          "File": "motions/c101c_0021.motion3.json"
        }
      ]
    }
  },
  "Groups": [
    {
      "Target": "Parameter",
      "Name": "EyeBlink",
      "Ids": [
        "EyeL_Open",
        "EyeR_Open"
      ]
    },
    {
      "Target": "Parameter",
      "Name": "LipSync",
      "Ids": [
        "Mouth_Size",
        "Mouth_Open"
      ]
    }
  ]
}