{
  "Version": 3,
  "Meta": {
    "Duration": 8.0,
    "Fps": 30.0,
    "Loop": true,
    "AreBeziersRestricted": true,
    "CurveCount": 78,
    "TotalSegmentCount": 206,
    "TotalPointCount": 374,
    "UserDataCount": 0,
    "TotalUserDataSize": 0
  },
  "Curves": [
    {
      "Target": "Parameter",
      "Id": "Breath",
      "Segments": [
        0,
        0.359,
        1,
        0.422,
        0.1,
        0.845,
        0,
        1.267,
        0,
        0,
        3.033,
        0.6,
        0,
        5.167,
        0,
        0,
        7.033,
        0.5,
        1,
        7.355,
        0.5,
        7.678,
        0.489,
        8,
        0.359
      ]
    },
    {
      "Target": "Parameter",
      "Id": "Body_Shaking",
      "Segments": [
        0,
        -3.924,
        0,
        2.333,
        7,
        0,
        4.3,
        -3.924,
        0,
        6.4,
        6.373,
        0,
        8,
        -3.924
      ]
    },
    {
      "Target": "Parameter",
      "Id": "Body_Twist",
      "Segments": [
        0,
        -9.705,
        1,
        0.178,
        -11.072,
        0.355,
        -12.238,
        0.533,
        -12.826,
        1,
        0.844,
        -13.42,
        1.156,
        -13.815,
        1.467,
        -13.815,
        1,
        1.856,
        -13.815,
        2.244,
        -13.774,
        2.633,
        -13.133,
        1,
        3.344,
        -11.676,
        4.056,
        -4.552,
        4.767,
        0,
        1,
        5.111,
        2.276,
        5.456,
        4.086,
        5.8,
        4.108,
        1,
        6.211,
        4.108,
        6.622,
        2.893,
        7.033,
        0,
        1,
        7.355,
        -2.015,
        7.678,
        -6.215,
        8,
        -9.705
      ]
    },
    {
      "Target": "Parameter",
      "Id": "Body_Pose1",
      "Segments": [
        0,
        0,
        0,
        2.067,
        -3,
        0,
        4.767,
        2.768,
        0,
        6.133,
        0,
        2,
        8,
        0
      ]
    },
    {
      "Target": "Parameter",
      "Id": "Waist_Roll",
      "Segments": [
        0,
        -1.848,
        1,
        0.344,
        -1.951,
        0.689,
        -1.94,
        1.033,
        -1.94,
        0,
        3.133,
        -1.5,
        2,
        3.667,
        -1.5,
        0,
        4.833,
        -1.98,
        0,
        6.6,
        -1.76,
        1,
        7.067,
        -1.76,
        7.533,
        -1.741,
        8,
        -1.848
      ]
    },
    {
      "Target": "Parameter",
      "Id": "JacketR_Move",
      "Segments": [
        0,
        -3.928,
        1,
        0.067,
        -4.237,
        0.133,
        -4.12,
        0.2,
        -4.12,
        0,
        1.533,
        5.954,
        0,
        3.033,
        -3.837,
        0,
        4.467,
        5.367,
        0,
        5.933,
        -2.846,
        0,
        7.1,
        3.148,
        1,
        7.4,
        3.148,
        7.7,
        -2.593,
        8,
        -3.928
      ]
    },
    {
      "Target": "Parameter",
      "Id": "JacketL_Move",
      "Segments": [
        0,
        2.634,
        1,
        0.089,
        2.914,
        0.178,
        2.844,
        0.267,
        2.844,
        0,
        1.6,
        -3.675,
        0,
        2.767,
        2.639,
        0,
        4.6,
        -3.3,
        0,
        5.967,
        1.895,
        0,
        7,
        -0.546,
        1,
        7.333,
        -0.546,
        7.667,
        1.544,
        8,
        2.634
      ]
    },
    {
      "Target": "Parameter",
      "Id": "Jacket_Move",
      "Segments": [
        0,
        2.646,
        1,
        0.133,
        7.01,
        0.267,
        8.808,
        0.4,
        8.808,
        0,
        1.933,
        0,
        0,
        3.567,
        9.728,
        0,
        5,
        -5.974,
        0,
        6.067,
        4.46,
        0,
        7.333,
        -2.955,
        1,
        7.555,
        -2.955,
        7.778,
        -0.65,
        8,
        2.646
      ]
    },
    {
      "Target": "Parameter",
      "Id": "Head_AngleX",
      "Segments": [
        0,
        7.169,
        1,
        0.122,
        7.332,
        0.245,
        7.325,
        0.367,
        7.325,
        1,
        0.634,
        7.325,
        0.9,
        4.463,
        1.167,
        0,
        1,
        1.522,
        -2.497,
        1.878,
        -6.384,
        2.233,
        -7.697,
        1,
        2.5,
        -9.064,
        2.766,
        -9.788,
        3.033,
        -10.662,
        1,
        3.678,
        -12.774,
        4.322,
        -13.684,
        4.967,
        -13.684,
        1,
        5.545,
        -13.684,
        6.122,
        -4.381,
        6.7,
        0,
        1,
        6.844,
        2.251,
        6.989,
        6.067,
        7.133,
        6.42,
        1,
        7.422,
        7.125,
        7.711,
        7.169,
        8,
        7.169
      ]
    },
    {
      "Target": "Parameter",
      "Id": "Head_AngleY",
      "Segments": [
        0,
        -27.143,
        1,
        0.111,
        -27.62,
        0.222,
        -27.596,
        0.333,
        -27.596,
        1,
        0.966,
        -27.596,
        1.6,
        -21.05,
        2.233,
        -18.508,
        1,
        2.578,
        -17.126,
        2.922,
        -17.5,
        3.267,
        -17.5,
        0,
        4.967,
        -23.341,
        0,
        6.667,
        -15.442,
        1,
        7.111,
        -15.442,
        7.556,
        -26.348,
        8,
        -27.143
      ]
    },
    {
      "Target": "Parameter",
      "Id": "Head_RollY",
      "Segments": [
        0,
        0,
        2,
        1.333,
        0,
        0,
        2.7,
        8.4,
        1,
        3.056,
        8.56,
        3.411,
        8.398,
        3.767,
        7.876,
        1,
        4.156,
        7.202,
        4.544,
        1.838,
        4.933,
        1.112,
        1,
        5.511,
        0.033,
        6.089,
        0,
        6.667,
        0,
        2,
        8,
        0
      ]
    },
    {
      "Target": "Parameter",
      "Id": "EyeBallX",
      "Segments": [
        0,
        0,
        2,
        1.367,
        0,
        0,
        2.9,
        -0.362,
        1,
        3.878,
        -0.362,
        4.855,
        -0.355,
        5.833,
        -0.312,
        1,
        6.144,
        -0.299,
        6.456,
        0,
        6.767,
        0,
        2,
        8,
        0
      ]
    },
    {
      "Target": "Parameter",
      "Id": "MouthForm",
      "Segments": [
        0,
        -19.967,
        1,
        0.389,
        -22.031,
        0.778,
        -23,
        1.167,
        -23,
        1,
        1.734,
        -23,
        2.3,
        -23.052,
        2.867,
        -22.883,
        1,
        3.611,
        -22.661,
        4.356,
        -17.24,
        5.1,
        -17.098,
        1,
        5.789,
        -16.961,
        6.478,
        -16.885,
        7.167,
        -17,
        1,
        7.445,
        -17.085,
        7.722,
        -18.476,
        8,
        -19.967
      ]
    },
    {
      "Target": "Parameter",
      "Id": "Hair_Move",
      "Segments": [
        0,
        0.177,
        1,
        0.256,
        3.533,
        0.511,
        5.175,
        0.767,
        5.175,
        0,
        2.333,
        -7.527,
        0,
        4.167,
        5.587,
        0,
        5.467,
        -8.508,
        0,
        6.833,
        2.054,
        0,
        7.433,
        -4.604,
        1,
        7.622,
        -4.604,
        7.811,
        -2.919,
        8,
        0.177
      ]
    },
    {
      "Target": "Parameter",
      "Id": "HairFront_Move",
      "Segments": [
        0,
        -0.185,
        1,
        0.167,
        -0.242,
        0.333,
        -0.256,
        0.5,
        -0.256,
        0,
        1.9,
        0.313,
        0,
        2.967,
        -0.173,
        0,
        4,
        0.282,
        0,
        5.5,
        -0.081,
        0,
        6.867,
        0.291,
        1,
        7.245,
        0.291,
        7.622,
        0.001,
        8,
        -0.185
      ]
    },
    {
      "Target": "Parameter",
      "Id": "HairSide_Move",
      "Segments": [
        0,
        -0.096,
        1,
        0.078,
        -0.111,
        0.155,
        -0.111,
        0.233,
        -0.111,
        0,
        1.5,
        0.236,
        0,
        2.9,
        -0.098,
        0,
        4.167,
        0.188,
        0,
        5.6,
        -0.046,
        0,
        6.967,
        0.204,
        1,
        7.311,
        0.204,
        7.656,
        0.002,
        8,
        -0.096
      ]
    },
    {
      "Target": "Parameter",
      "Id": "HairBack_Move",
      "Segments": [
        0,
        -0.189,
        0,
        1.267,
        0.199,
        0,
        2.267,
        -0.129,
        0,
        3.467,
        0.172,
        0,
        5.233,
        -0.129,
        0,
        6.467,
        0.199,
        0,
        8,
        -0.189
      ]
    },
    {
      "Target": "Parameter",
      "Id": "ShoulderRY",
      "Segments": [
        0,
        -9.971,
        1,
        0.1,
        -10.005,
        0.2,
        -10,
        0.3,
        -10,
        1,
        0.711,
        -10,
        1.122,
        -6.539,
        1.533,
        -5.5,
        1,
        1.944,
        -4.755,
        2.356,
        -4.713,
        2.767,
        -4.713,
        0,
        4.5,
        -10,
        0,
        6.7,
        -9.828,
        1,
        7.133,
        -9.828,
        7.567,
        -9.858,
        8,
        -9.971
      ]
    },
    {
      "Target": "Parameter",
      "Id": "ShoulderLY",
      "Segments": [
        0,
        -9.981,
        1,
        0.111,
        -10.003,
        0.222,
        -10,
        0.333,
        -10,
        1,
        0.733,
        -10,
        1.133,
        -6.081,
        1.533,
        -5.5,
        1,
        1.944,
        -4.893,
        2.356,
        -4.793,
        2.767,
        -4.793,
        0,
        4.6,
        -10,
        0,
        6.767,
        -9.8,
        1,
        7.178,
        -9.8,
        7.589,
        -9.902,
        8,
        -9.981
      ]
    },
    {
      "Target": "Parameter",
      "Id": "ShoulderR_Roll",
      "Segments": [
        0,
        2.163,
        1,
        0.367,
        2.628,
        0.733,
        2.709,
        1.1,
        2.649,
        1,
        1.811,
        2.534,
        2.522,
        0.553,
        3.233,
        0.553,
        0,
        5.033,
        1.602,
        0,
        6.667,
        0.84,
        1,
        7.111,
        0.84,
        7.556,
        1.295,
        8,
        2.163
      ]
    },
    {
      "Target": "Parameter",
      "Id": "ArmR_Roll",
      "Segments": [
        0,
        -1.509,
        1,
        0.156,
        -1.785,
        0.311,
        -1.88,
        0.467,
        -1.88,
        1,
        1.4,
        -1.88,
        2.334,
        -1.344,
        3.267,
        -0.5,
        1,
        4.045,
        0.203,
        4.822,
        0.46,
        5.6,
        0.46,
        1,
        6.4,
        0.46,
        7.2,
        0.188,
        8,
        -1.509
      ]
    },
    {
      "Target": "Parameter",
      "Id": "ShoulderL_Roll",
      "Segments": [
        0,
        -0.971,
        1,
        0.222,
        -1.122,
        0.445,
        -1.083,
        0.667,
        -1.049,
        1,
        1.245,
        -0.953,
        1.822,
        0.174,
        2.4,
        0.45,
        1,
        2.844,
        0.646,
        3.289,
        0.625,
        3.733,
        0.496,
        1,
        4.122,
        0.373,
        4.511,
        -1.229,
        4.9,
        -1.46,
        1,
        5.267,
        -1.689,
        5.633,
        -1.659,
        6,
        -1.605,
        1,
        6.333,
        -1.478,
        6.667,
        -0.088,
        7,
        -0.088,
        1,
        7.333,
        -0.088,
        7.667,
        -0.287,
        8,
        -0.971
      ]
    },
    {
      "Target": "Parameter",
      "Id": "ArmL_Roll",
      "Segments": [
        0,
        0.436,
        1,
        0.111,
        0.542,
        0.222,
        0.635,
        0.333,
        0.635,
        1,
        1.2,
        0.635,
        2.066,
        0.371,
        2.933,
        0,
        1,
        3.155,
        -0.095,
        3.378,
        -0.096,
        3.6,
        -0.096,
        1,
        4.089,
        -0.096,
        4.578,
        1.649,
        5.067,
        1.961,
        1,
        5.467,
        2.198,
        5.867,
        2.172,
        6.267,
        2.068,
        1,
        6.734,
        1.925,
        7.2,
        0.25,
        7.667,
        0.25,
        1,
        7.778,
        0.25,
        7.889,
        0.28,
        8,
        0.436
      ]
    },
    {
      "Target": "Parameter",
      "Id": "HandR_Roll",
      "Segments": [
        0,
        -0.94,
        1,
        0.489,
        -0.97,
        0.978,
        -1.027,
        1.467,
        -1.098,
        1,
        1.922,
        -1.171,
        2.378,
        -1.726,
        2.833,
        -2.354,
        1,
        3.089,
        -2.673,
        3.344,
        -3.691,
        3.6,
        -3.691,
        0,
        5.567,
        -2.211,
        0,
        6.833,
        -3.63,
        1,
        7.122,
        -3.63,
        7.411,
        -1.296,
        7.7,
        -0.987,
        1,
        7.8,
        -0.926,
        7.9,
        -0.926,
        8,
        -0.94
      ]
    },
    {
      "Target": "Parameter",
      "Id": "HandL_Roll",
      "Segments": [
        0,
        -0.555,
        1,
        0.333,
        -2.505,
        0.667,
        -4.101,
        1,
        -4.101,
        1,
        1.411,
        -4.101,
        1.822,
        -1.752,
        2.233,
        -1.597,
        1,
        2.766,
        -1.359,
        3.3,
        -1.064,
        3.833,
        -3.937,
        1,
        4.444,
        -6.853,
        5.056,
        -13.837,
        5.667,
        -13.837,
        0,
        7.733,
        0,
        1,
        7.822,
        0,
        7.911,
        -0.082,
        8,
        -0.555
      ]
    },
    {
      "Target": "PartOpacity",
      "Id": "Part21",
      "Segments": [
        0,
        1,
        2,
        8,
        1
      ]
    },
    {
      "Target": "PartOpacity",
      "Id": "Part2",
      "Segments": [
        0,
        1,
        2,
        8,
        1
      ]
    },
    {
      "Target": "PartOpacity",
      "Id": "Part3",
      "Segments": [
        0,
        1,
        2,
        8,
        1
      ]
    },
    {
      "Target": "PartOpacity",
      "Id": "Part26",
      "Segments": [
        0,
        1,
        2,
        8,
        1
      ]
    },
    {
      "Target": "PartOpacity",
      "Id": "Part11",
      "Segments": [
        0,
        1,
        2,
        8,
        1
      ]
    },
    {
      "Target": "PartOpacity",
      "Id": "Part",
      "Segments": [
        0,
        0,
        2,
        8,
        0
      ]
    },
    {
      "Target": "PartOpacity",
      "Id": "Part20",
      "Segments": [
        0,
        0,
        2,
        8,
        0
      ]
    },
    {
      "Target": "PartOpacity",
      "Id": "Part33",
      "Segments": [
        0,
        0,
        2,
        8,
        0
      ]
    },
    {
      "Target": "PartOpacity",
      "Id": "Part22",
      "Segments": [
        0,
        1,
        2,
        8,
        1
      ]
    },
    {
      "Target": "PartOpacity",
      "Id": "Part8",
      "Segments": [
        0,
        1,
        2,
        8,
        1
      ]
    },
    {
      "Target": "PartOpacity",
      "Id": "Part10",
      "Segments": [
        0,
        1,
        2,
        8,
        1
      ]
    },
    {
      "Target": "PartOpacity",
      "Id": "Part4",
      "Segments": [
        0,
        1,
        2,
        8,
        1
      ]
    },
    {
      "Target": "PartOpacity",
      "Id": "Part9",
      "Segments": [
        0,
        0,
        2,
        8,
        0
      ]
    },
    {
      "Target": "PartOpacity",
      "Id": "Part5",
      "Segments": [
        0,
        1,
        2,
        8,
        1
      ]
    },
    {
      "Target": "PartOpacity",
      "Id": "Part6",
      "Segments": [
        0,
        1,
        2,
        8,
        1
      ]
    },
    {
      "Target": "PartOpacity",
      "Id": "Part7",
      "Segments": [
        0,
        1,
        2,
        8,
        1
      ]
    },
    {
      "Target": "PartOpacity",
      "Id": "Part23",
      "Segments": [
        0,
        1,
        2,
        8,
        1
      ]
    },
    {
      "Target": "PartOpacity",
      "Id": "Part25",
      "Segments": [
        0,
        1,
        2,
        8,
        1
      ]
    },
    {
      "Target": "PartOpacity",
      "Id": "Part14",
      "Segments": [
        0,
        1,
        2,
        8,
        1
      ]
    },
    {
      "Target": "PartOpacity",
      "Id": "Part13",
      "Segments": [
        0,
        1,
        2,
        8,
        1
      ]
    },
    {
      "Target": "PartOpacity",
      "Id": "Part24",
      "Segments": [
        0,
        1,
        2,
        8,
        1
      ]
    },
    {
      "Target": "PartOpacity",
      "Id": "Part12",
      "Segments": [
        0,
        1,
        2,
        8,
        1
      ]
    },
    {
      "Target": "Model",
      "Id": "Opacity",
      "Segments": [
        0,
        1,
        0,
        8,
        1
      ]
    },
    {
      "Target": "Parameter",
      "Id": "BodyY",
      "Segments": [
        0,
        0,
        0,
        8,
        0
      ]
    },
    {
      "Target": "Parameter",
      "Id": "BodyX",
      "Segments": [
        0,
        2.28,
        0,
        8,
        2.28
      ]
    },
    {
      "Target": "Parameter",
      "Id": "Head_Roll",
      "Segments": [
        0,
        -4.2,
        0,
        8,
        -4.2
      ]
    },
    {
      "Target": "Parameter",
      "Id": "BrowRY",
      "Segments": [
        0,
        -0.4,
        0,
        8,
        -0.4
      ]
    },
    {
      "Target": "Parameter",
      "Id": "BrowLY",
      "Segments": [
        0,
        -0.4,
        0,
        8,
        -0.4
      ]
    },
    {
      "Target": "Parameter",
      "Id": "BrowR_Form2",
      "Segments": [
        0,
        0.7,
        0,
        8,
        0.7
      ]
    },
    {
      "Target": "Parameter",
      "Id": "BrowL_Form2",
      "Segments": [
        0,
        0.7,
        0,
        8,
        0.7
      ]
    },
    {
      "Target": "Parameter",
      "Id": "BrowR_Form",
      "Segments": [
        0,
        0,
        0,
        8,
        0
      ]
    },
    {
      "Target": "Parameter",
      "Id": "BrowL_Form",
      "Segments": [
        0,
        0,
        0,
        8,
        0
      ]
    },
    {
      "Target": "Parameter",
      "Id": "BrowR_Angle",
      "Segments": [
        0,
        0.5,
        0,
        8,
        0.5
      ]
    },
    {
      "Target": "Parameter",
      "Id": "BrowL_Angle",
      "Segments": [
        0,
        -0.5,
        0,
        8,
        -0.5
      ]
    },
    {
      "Target": "Parameter",
      "Id": "Eyeball_Size",
      "Segments": [
        0,
        0,
        0,
        8,
        0
      ]
    },
    {
      "Target": "Parameter",
      "Id": "HighlightX",
      "Segments": [
        0,
        0,
        0,
        8,
        0
      ]
    },
    {
      "Target": "Parameter",
      "Id": "EyeBallY",
      "Segments": [
        0,
        -1,
        0,
        8,
        -1
      ]
    },
    {
      "Target": "Parameter",
      "Id": "EyeR_Open",
      "Segments": [
        0,
        0.8,
        0,
        8,
        0.8
      ]
    },
    {
      "Target": "Parameter",
      "Id": "EyeR_Smile",
      "Segments": [
        0,
        -0.2,
        0,
        8,
        -0.2
      ]
    },
    {
      "Target": "Parameter",
      "Id": "EyeL_Open",
      "Segments": [
        0,
        0.8,
        0,
        8,
        0.8
      ]
    },
    {
      "Target": "Parameter",
      "Id": "EyeL_Smile",
      "Segments": [
        0,
        0.5,
        0,
        8,
        0.5
      ]
    },
    {
      "Target": "Parameter",
      "Id": "Smile_Form",
      "Segments": [
        0,
        1,
        0,
        8,
        1
      ]
    },
    {
      "Target": "Parameter",
      "Id": "MouthForm2",
      "Segments": [
        0,
        0,
        0,
        8,
        0
      ]
    },
    {
      "Target": "Parameter",
      "Id": "Mouth_Open",
      "Segments": [
        0,
        1,
        0,
        8,
        1
      ]
    },
    {
      "Target": "Parameter",
      "Id": "Mouth_Size",
      "Segments": [
        0,
        0.54,
        0,
        8,
        0.54
      ]
    },
    {
      "Target": "Parameter",
      "Id": "Mouth_Size2",
      "Segments": [
        0,
        0,
        0,
        8,
        0
      ]
    },
    {
      "Target": "Parameter",
      "Id": "ArmR_Form2",
      "Segments": [
        0,
        0,
        0,
        8,
        0
      ]
    },
    {
      "Target": "Parameter",
      "Id": "ArmR_Form",
      "Segments": [
        0,
        0,
        0,
        8,
        0
      ]
    },
    {
      "Target": "Parameter",
      "Id": "ArmL_Form2",
      "Segments": [
        0,
        0,
        0,
        8,
        0
      ]
    },
    {
      "Target": "Parameter",
      "Id": "ArmL_Form",
      "Segments": [
        0,
        0,
        0,
        8,
        0
      ]
    },
    {
      "Target": "Parameter",
      "Id": "LegR_Roll",
      "Segments": [
        0,
        0,
        0,
        8,
        0
      ]
    },
    {
      "Target": "Parameter",
      "Id": "LegL_Roll",
      "Segments": [
        0,
        0,
        0,
        8,
        0
      ]
    },
    {
      "Target": "Parameter",
      "Id": "Lowerbody_Roll",
      "Segments": [
        0,
        0,
        0,
        8,
        0
      ]
    }
  ],
  "UserData": []
}