{
  "Version": 3,
  "Meta": {
    "Duration": 9.33,
    "Fps": 30.0,
    "Loop": true,
    "AreBeziersRestricted": true,
    "CurveCount": 78,
    "TotalSegmentCount": 320,
    "TotalPointCount": 548,
    "UserDataCount": 0,
    "TotalUserDataSize": 0
  },
  "Curves": [
    {
      "Target": "Parameter",
      "Id": "Breath",
      "Segments": [
        0,
        0,
        0,
        0.833,
        0.849,
        0,
        1.333,
        0,
        2,
        2.6,
        0,
        0,
        5.1,
        0.705,
        0,
        6.967,
        0,
        0,
        8.267,
        0.757,
        0,
        9.333,
        0
      ]
    },
    {
      "Target": "Parameter",
      "Id": "Body_Shaking",
      "Segments": [
        0,
        0,
        1,
        0.144,
        0,
        0.289,
        0.068,
        0.433,
        1.092,
        1,
        0.544,
        1.879,
        0.656,
        3.666,
        0.767,
        3.666,
        1,
        0.956,
        3.666,
        1.144,
        -2.418,
        1.333,
        -3.934,
        1,
        1.533,
        -6.061,
        1.733,
        -5.597,
        1.933,
        -5.141,
        1,
        2.4,
        -3.866,
        2.866,
        3.666,
        3.333,
        3.666,
        0,
        4.767,
        -4.776,
        0,
        6.167,
        2.253,
        0,
        7.4,
        -3.31,
        0,
        8.6,
        5.231,
        1,
        8.844,
        5.231,
        9.089,
        -2.071,
        9.333,
        -3.934
      ]
    },
    {
      "Target": "Parameter",
      "Id": "BodyY",
      "Segments": [
        0,
        0,
        0,
        0.333,
        -5,
        0,
        0.7,
        4,
        1,
        0.778,
        4,
        0.855,
        1.695,
        0.933,
        0.005,
        1,
        0.978,
        -1.417,
        1.022,
        -3.042,
        1.067,
        -2.917,
        1,
        1.122,
        -2.917,
        1.178,
        -2.23,
        1.233,
        -1.812,
        1,
        1.266,
        -1.241,
        1.3,
        0.001,
        1.333,
        0.001,
        0,
        9.333,
        0
      ]
    },
    {
      "Target": "Parameter",
      "Id": "Body_Twist",
      "Segments": [
        0,
        0,
        0,
        0.533,
        19,
        1,
        0.8,
        19,
        1.066,
        8.771,
        1.333,
        0,
        1,
        1.555,
        -7.309,
        1.778,
        -13.049,
        2,
        -16.413,
        1,
        2.256,
        -20.281,
        2.511,
        -20.814,
        2.767,
        -20.814,
        1,
        3.089,
        -20.814,
        3.411,
        -20.303,
        3.733,
        -18.552,
        1,
        4.266,
        -15.926,
        4.8,
        0.141,
        5.333,
        4.806,
        1,
        6.311,
        11.497,
        7.289,
        11.261,
        8.267,
        9.753,
        1,
        8.622,
        9.141,
        8.978,
        6.314,
        9.333,
        0
      ]
    },
    {
      "Target": "Parameter",
      "Id": "Body_Pose1",
      "Segments": [
        0,
        0,
        1,
        0.133,
        0,
        0.267,
        0.797,
        0.4,
        4.433,
        1,
        0.589,
        9.583,
        0.778,
        21.345,
        0.967,
        23.065,
        1,
        1.089,
        24.178,
        1.211,
        24.518,
        1.333,
        24.7,
        1,
        1.433,
        24.849,
        1.533,
        24.823,
        1.633,
        24.823,
        0,
        2.967,
        22.973,
        0,
        4.6,
        25.347,
        0,
        6.233,
        22.973,
        0,
        7.667,
        25.034,
        0,
        8.7,
        23.457,
        0,
        9.333,
        24.7
      ]
    },
    {
      "Target": "Parameter",
      "Id": "Waist_Roll",
      "Segments": [
        0,
        0,
        0,
        1.333,
        3,
        0,
        2.867,
        1.313,
        0,
        4.433,
        3.445,
        0,
        6.533,
        0.705,
        1,
        7.089,
        0.705,
        7.644,
        0.695,
        8.2,
        1.072,
        1,
        8.578,
        1.329,
        8.955,
        3,
        9.333,
        3
      ]
    },
    {
      "Target": "Parameter",
      "Id": "JacketR_Move",
      "Segments": [
        0,
        0,
        0,
        0.6,
        -4.891,
        0,
        1.333,
        0,
        0,
        2.667,
        -5.038,
        0,
        3.833,
        6.834,
        0,
        5.567,
        -4.692,
        0,
        7.033,
        5.03,
        0,
        8.233,
        -3.92,
        0,
        9.333,
        0
      ]
    },
    {
      "Target": "Parameter",
      "Id": "JacketL_Move",
      "Segments": [
        0,
        0,
        0,
        0.867,
        -4.494,
        1,
        1.022,
        -4.494,
        1.178,
        -0.868,
        1.333,
        0,
        1,
        1.811,
        2.666,
        2.289,
        3.263,
        2.767,
        3.263,
        0,
        5,
        -4.494,
        0,
        7.233,
        3.028,
        0,
        8.567,
        -3.663,
        1,
        8.822,
        -3.663,
        9.078,
        -1.395,
        9.333,
        0
      ]
    },
    {
      "Target": "Parameter",
      "Id": "Jacket_Move",
      "Segments": [
        0,
        0,
        0,
        0.633,
        15,
        1,
        0.866,
        15,
        1.1,
        7.427,
        1.333,
        0,
        1,
        1.5,
        -5.305,
        1.666,
        -5.974,
        1.833,
        -5.974,
        0,
        3.4,
        9,
        0,
        4.567,
        0,
        0,
        6.033,
        9.728,
        0,
        7.633,
        -5.974,
        0,
        8.833,
        5.225,
        1,
        9,
        5.225,
        9.166,
        3.525,
        9.333,
        0
      ]
    },
    {
      "Target": "Parameter",
      "Id": "Head_AngleX",
      "Segments": [
        0,
        0,
        0,
        0.433,
        9.88,
        1,
        0.533,
        9.88,
        0.633,
        9.123,
        0.733,
        8.104,
        1,
        0.933,
        6.067,
        1.133,
        4.033,
        1.333,
        2.388,
        1,
        1.466,
        1.213,
        1.6,
        0.347,
        1.733,
        -0.347,
        1,
        1.966,
        -1.464,
        2.2,
        -2.273,
        2.433,
        -2.754,
        1,
        3.122,
        -3.987,
        3.811,
        -3.852,
        4.5,
        -1.83,
        1,
        5.567,
        0.847,
        6.633,
        10.526,
        7.7,
        10.526,
        1,
        8.078,
        10.526,
        8.455,
        10.481,
        8.833,
        8.763,
        1,
        9,
        8.076,
        9.166,
        6.218,
        9.333,
        3.575
      ]
    },
    {
      "Target": "Parameter",
      "Id": "Head_AngleY",
      "Segments": [
        0,
        0,
        0,
        0.5,
        -3.935,
        0,
        1.067,
        5.77,
        1,
        1.156,
        5.77,
        1.244,
        3.219,
        1.333,
        1.521,
        1,
        1.622,
        -3.997,
        1.911,
        -5.893,
        2.2,
        -5.893,
        0,
        4.433,
        11.239,
        1,
        4.955,
        11.239,
        5.478,
        0.584,
        6,
        -2.034,
        1,
        6.278,
        -3.369,
        6.555,
        -3.451,
        6.833,
        -3.451,
        1,
        7.166,
        -3.451,
        7.5,
        0.142,
        7.833,
        3.428,
        1,
        8.133,
        6.385,
        8.433,
        6.818,
        8.733,
        6.818,
        1,
        8.933,
        6.818,
        9.133,
        5.989,
        9.333,
        1.521
      ]
    },
    {
      "Target": "Parameter",
      "Id": "Head_Roll",
      "Segments": [
        0,
        0,
        2,
        0.367,
        0,
        1,
        0.689,
        0,
        1.011,
        -1.129,
        1.333,
        -2.481,
        1,
        1.678,
        -3.926,
        2.022,
        -4.334,
        2.367,
        -4.334,
        0,
        4.3,
        5.892,
        1,
        4.744,
        5.892,
        5.189,
        1.017,
        5.633,
        0.322,
        1,
        6.455,
        -1.367,
        7.278,
        -0.162,
        8.1,
        -0.162,
        1,
        8.511,
        -0.162,
        8.922,
        -1.065,
        9.333,
        -2.481
      ]
    },
    {
      "Target": "Parameter",
      "Id": "BrowRY",
      "Segments": [
        0,
        0,
        2,
        1.333,
        0,
        1,
        1.844,
        0,
        2.356,
        -0.001,
        2.867,
        0.018,
        1,
        3.222,
        0.031,
        3.578,
        0.2,
        3.933,
        0.2,
        1,
        4.178,
        0.2,
        4.422,
        0.208,
        4.667,
        0.128,
        1,
        5.056,
        0.001,
        5.444,
        -0.2,
        5.833,
        -0.2,
        1,
        6.111,
        -0.2,
        6.389,
        -0.183,
        6.667,
        -0.152,
        1,
        7.056,
        -0.108,
        7.444,
        -0.038,
        7.833,
        -0.021,
        1,
        8.333,
        0,
        8.833,
        0,
        9.333,
        0
      ]
    },
    {
      "Target": "Parameter",
      "Id": "BrowLY",
      "Segments": [
        0,
        0,
        2,
        1.333,
        0,
        1,
        1.844,
        0,
        2.356,
        -0.001,
        2.867,
        0.018,
        1,
        3.222,
        0.031,
        3.578,
        0.2,
        3.933,
        0.2,
        1,
        4.178,
        0.2,
        4.422,
        0.208,
        4.667,
        0.128,
        1,
        5.056,
        0.001,
        5.444,
        -0.2,
        5.833,
        -0.2,
        1,
        6.111,
        -0.2,
        6.389,
        -0.182,
        6.667,
        -0.15,
        1,
        7.056,
        -0.106,
        7.444,
        -0.038,
        7.833,
        -0.021,
        1,
        8.333,
        0,
        8.833,
        0,
        9.333,
        0
      ]
    },
    {
      "Target": "Parameter",
      "Id": "EyeBallX",
      "Segments": [
        0,
        0,
        2,
        1.333,
        0,
        0,
        3,
        0.1,
        2,
        4.833,
        0.1,
        0,
        6.833,
        0,
        2,
        9.333,
        0
      ]
    },
    {
      "Target": "Parameter",
      "Id": "EyeBallY",
      "Segments": [
        0,
        0,
        2,
        1.333,
        0,
        0,
        3,
        -0.2,
        2,
        4.833,
        -0.2,
        2,
        7.8,
        -0.2,
        0,
        9.333,
        0
      ]
    },
    {
      "Target": "Parameter",
      "Id": "EyeR_Smile",
      "Segments": [
        0,
        0.5,
        0,
        0.5,
        -0.3,
        2,
        1.333,
        -0.3,
        2,
        9.333,
        -0.3
      ]
    },
    {
      "Target": "Parameter",
      "Id": "EyeL_Smile",
      "Segments": [
        0,
        0.5,
        0,
        0.5,
        -0.3,
        2,
        1.333,
        -0.3,
        2,
        9.333,
        -0.3
      ]
    },
    {
      "Target": "Parameter",
      "Id": "MouthForm2",
      "Segments": [
        0,
        0,
        0,
        0.533,
        -0.9,
        2,
        1.333,
        -0.9,
        2,
        9.333,
        -0.9
      ]
    },
    {
      "Target": "Parameter",
      "Id": "MouthForm",
      "Segments": [
        0,
        -15,
        0,
        0.533,
        0,
        2,
        1.333,
        0,
        2,
        9.333,
        0
      ]
    },
    {
      "Target": "Parameter",
      "Id": "Mouth_Size",
      "Segments": [
        0,
        0.5,
        0,
        1.333,
        0.6,
        2,
        9.333,
        0.6
      ]
    },
    {
      "Target": "Parameter",
      "Id": "Mouth_Size2",
      "Segments": [
        0,
        0,
        0,
        0.533,
        1,
        0,
        1.333,
        0.7,
        2,
        9.333,
        0.7
      ]
    },
    {
      "Target": "Parameter",
      "Id": "Hair_Move",
      "Segments": [
        0,
        0,
        0,
        0.7,
        -11,
        1,
        0.911,
        -11,
        1.122,
        -4.631,
        1.333,
        0,
        1,
        1.711,
        8.288,
        2.089,
        10.425,
        2.467,
        10.425,
        0,
        3.7,
        -8.71,
        0,
        5.633,
        8.863,
        0,
        6.9,
        -10.02,
        0,
        8.133,
        4.129,
        0,
        8.867,
        -7.226,
        1,
        9.022,
        -7.226,
        9.178,
        -3.017,
        9.333,
        0
      ]
    },
    {
      "Target": "Parameter",
      "Id": "HairFront_Move",
      "Segments": [
        0,
        0,
        0,
        0.6,
        0.4,
        1,
        0.844,
        0.4,
        1.089,
        0.203,
        1.333,
        0,
        1,
        1.622,
        -0.24,
        1.911,
        -0.3,
        2.2,
        -0.3,
        0,
        3.3,
        0.372,
        0,
        4.4,
        -0.192,
        0,
        5.467,
        0.329,
        0,
        6.933,
        -0.09,
        0,
        8.167,
        0.342,
        1,
        8.556,
        0.342,
        8.944,
        0.221,
        9.333,
        0
      ]
    },
    {
      "Target": "Parameter",
      "Id": "HairSide_Move",
      "Segments": [
        0,
        0,
        0,
        0.6,
        0.3,
        1,
        0.844,
        0.3,
        1.089,
        0.12,
        1.333,
        0,
        1,
        1.578,
        -0.12,
        1.822,
        -0.129,
        2.067,
        -0.129,
        0,
        3.167,
        0.264,
        0,
        4.333,
        -0.108,
        0,
        5.633,
        0.198,
        0,
        7.033,
        -0.05,
        0,
        8.267,
        0.219,
        1,
        8.622,
        0.219,
        8.978,
        0.139,
        9.333,
        0
      ]
    },
    {
      "Target": "Parameter",
      "Id": "HairBack_Move",
      "Segments": [
        0,
        0,
        0,
        0.633,
        0.2,
        0,
        1.333,
        -0.065,
        0,
        2.533,
        0.228,
        0,
        3.467,
        -0.143,
        0,
        4.9,
        0.175,
        0,
        6.7,
        -0.143,
        0,
        7.8,
        0.212,
        0,
        9.333,
        -0.065
      ]
    },
    {
      "Target": "Parameter",
      "Id": "ShoulderRY",
      "Segments": [
        0,
        -5.5,
        0,
        1.333,
        0,
        0,
        2.567,
        -5.057,
        0,
        3.967,
        -0.234,
        1,
        4.4,
        -0.234,
        4.834,
        -4.686,
        5.267,
        -5.033,
        1,
        6.034,
        -5.461,
        6.8,
        -5.402,
        7.567,
        -5.194,
        1,
        8.156,
        -4.992,
        8.744,
        0,
        9.333,
        0
      ]
    },
    {
      "Target": "Parameter",
      "Id": "ShoulderLY",
      "Segments": [
        0,
        -5.5,
        0,
        1.333,
        0,
        2,
        9.333,
        0
      ]
    },
    {
      "Target": "Parameter",
      "Id": "ShoulderR_Roll",
      "Segments": [
        0,
        0,
        0,
        0.767,
        5.935,
        1,
        0.956,
        5.935,
        1.144,
        3.799,
        1.333,
        2.348,
        1,
        1.455,
        1.208,
        1.578,
        0.741,
        1.7,
        0,
        1,
        1.867,
        -0.562,
        2.033,
        -0.823,
        2.2,
        -0.823,
        0,
        3.3,
        1.584,
        0,
        4.633,
        0.626,
        0,
        6.067,
        1.916,
        0,
        7.633,
        -0.28,
        0,
        9.033,
        3.047,
        1,
        9.133,
        3.047,
        9.233,
        2.999,
        9.333,
        2.348
      ]
    },
    {
      "Target": "Parameter",
      "Id": "ArmR_Roll",
      "Segments": [
        0,
        0,
        1,
        0.256,
        0,
        0.511,
        -2.577,
        0.767,
        -3.941,
        1,
        0.956,
        -5.087,
        1.144,
        -5.602,
        1.333,
        -5.783,
        1,
        1.411,
        -5.864,
        1.489,
        -5.866,
        1.567,
        -5.866,
        0,
        3.433,
        -2.52,
        0,
        4.433,
        -4.008,
        0,
        5.6,
        -2.716,
        0,
        7.367,
        -7.129,
        0,
        8.5,
        -3.223,
        0,
        9.333,
        -5.866
      ]
    },
    {
      "Target": "Parameter",
      "Id": "ShoulderL_Roll",
      "Segments": [
        0,
        0,
        0,
        0.667,
        16.234,
        0,
        0.967,
        13.74,
        1,
        1.089,
        13.74,
        1.211,
        13.845,
        1.333,
        14.006,
        1,
        1.411,
        14.109,
        1.489,
        14.141,
        1.567,
        14.141,
        1,
        2.167,
        14.141,
        2.767,
        13.784,
        3.367,
        13.74,
        1,
        4.222,
        13.677,
        5.078,
        13.68,
        5.933,
        13.68,
        0,
        7.067,
        13.926,
        0,
        8.233,
        13.47,
        1,
        8.6,
        13.47,
        8.966,
        13.909,
        9.333,
        14.006
      ]
    },
    {
      "Target": "Parameter",
      "Id": "ArmL_Form2",
      "Segments": [
        0,
        0,
        0,
        0.767,
        -5.1,
        1,
        0.956,
        -5.136,
        1.144,
        -5.106,
        1.333,
        -5.044,
        1,
        2.333,
        -4.635,
        3.333,
        -4.275,
        4.333,
        -4.275,
        1,
        4.733,
        -4.275,
        5.133,
        -4.273,
        5.533,
        -4.317,
        1,
        6.8,
        -4.486,
        8.066,
        -5.397,
        9.333,
        -5.1
      ]
    },
    {
      "Target": "Parameter",
      "Id": "ArmL_Roll",
      "Segments": [
        0,
        0,
        1,
        0.256,
        0,
        0.511,
        18.447,
        0.767,
        19.32,
        1,
        0.956,
        20.008,
        1.144,
        20.296,
        1.333,
        20.296,
        1,
        2.011,
        20.296,
        2.689,
        20.151,
        3.367,
        20.057,
        1,
        4,
        19.969,
        4.634,
        19.965,
        5.267,
        19.965,
        0,
        7.067,
        20.09,
        0,
        8.233,
        19.751,
        0,
        9.333,
        20.296
      ]
    },
    {
      "Target": "Parameter",
      "Id": "ArmL_Form",
      "Segments": [
        0,
        0,
        1,
        0.256,
        0,
        0.511,
        -11.215,
        0.767,
        -11.91,
        1,
        0.956,
        -12.423,
        1.144,
        -11.958,
        1.333,
        -12.608,
        1,
        2.011,
        -14.943,
        2.689,
        -19.67,
        3.367,
        -19.67,
        1,
        3.734,
        -19.67,
        4.1,
        -16.982,
        4.467,
        -14.595,
        1,
        4.822,
        -12.281,
        5.178,
        -9.508,
        5.533,
        -9.258,
        1,
        6.133,
        -8.836,
        6.733,
        -8.838,
        7.333,
        -8.838,
        0,
        9.333,
        -11.864
      ]
    },
    {
      "Target": "Parameter",
      "Id": "HandR_Roll",
      "Segments": [
        0,
        0,
        1,
        0.178,
        0,
        0.355,
        2.832,
        0.533,
        3.301,
        1,
        0.7,
        3.676,
        0.866,
        3.738,
        1.033,
        3.661,
        1,
        1.133,
        3.613,
        1.233,
        3.335,
        1.333,
        2.626,
        1,
        1.689,
        -1.376,
        2.044,
        -4.711,
        2.4,
        -4.711,
        0,
        3.633,
        3,
        0,
        4.733,
        -3,
        0,
        6.2,
        2,
        0,
        7.7,
        -4,
        1,
        8.1,
        -4,
        8.5,
        3.08,
        8.9,
        3.301,
        1,
        9.044,
        3.38,
        9.189,
        3.44,
        9.333,
        2.626
      ]
    },
    {
      "Target": "Parameter",
      "Id": "HandL_Roll",
      "Segments": [
        0,
        0,
        0,
        0.333,
        -11,
        1,
        0.5,
        -11,
        0.666,
        22.3,
        0.833,
        24.095,
        1,
        1,
        25.891,
        1.166,
        25.595,
        1.333,
        25.595,
        0,
        3.533,
        24.177,
        1,
        4.433,
        24.177,
        5.333,
        24.964,
        6.233,
        25.259,
        1,
        7.266,
        25.598,
        8.3,
        25.595,
        9.333,
        25.595
      ]
    },
    {
      "Target": "Parameter",
      "Id": "Lowerbody_Roll",
      "Segments": [
        0,
        0,
        1,
        0.322,
        0,
        0.645,
        4.302,
        0.967,
        4.63,
        1,
        1.089,
        4.704,
        1.211,
        4.722,
        1.333,
        4.741,
        1,
        4,
        4.871,
        6.666,
        4.653,
        9.333,
        4.741
      ]
    },
    {
      "Target": "PartOpacity",
      "Id": "Part21",
      "Segments": [
        0,
        1,
        2,
        1.33,
        1,
        2,
        9.33,
        1
      ]
    },
    {
      "Target": "PartOpacity",
      "Id": "Part2",
      "Segments": [
        0,
        1,
        2,
        1.33,
        1,
        2,
        9.33,
        1
      ]
    },
    {
      "Target": "PartOpacity",
      "Id": "Part3",
      "Segments": [
        0,
        1,
        2,
        1.33,
        1,
        2,
        9.33,
        1
      ]
    },
    {
      "Target": "PartOpacity",
      "Id": "Part26",
      "Segments": [
        0,
        1,
        2,
        1.33,
        1,
        2,
        9.33,
        1
      ]
    },
    {
      "Target": "PartOpacity",
      "Id": "Part11",
      "Segments": [
        0,
        1,
        2,
        0.33,
        1,
        2,
        0.37,
        0.7,
        2,
        0.4,
        0,
        2,
        1.33,
        0,
        2,
        9.33,
        0
      ]
    },
    {
      "Target": "PartOpacity",
      "Id": "Part",
      "Segments": [
        0,
        0,
        2,
        1.33,
        0,
        2,
        9.33,
        0
      ]
    },
    {
      "Target": "PartOpacity",
      "Id": "Part20",
      "Segments": [
        0,
        0,
        2,
        1.33,
        0,
        2,
        9.33,
        0
      ]
    },
    {
      "Target": "PartOpacity",
      "Id": "Part33",
      "Segments": [
        0,
        0,
        2,
        0.33,
        0,
        2,
        0.37,
        1,
        2,
        0.4,
        1,
        2,
        1.33,
        1,
        2,
        9.33,
        1
      ]
    },
    {
      "Target": "PartOpacity",
      "Id": "Part22",
      "Segments": [
        0,
        1,
        2,
        1.33,
        1,
        2,
        9.33,
        1
      ]
    },
    {
      "Target": "PartOpacity",
      "Id": "Part8",
      "Segments": [
        0,
        1,
        2,
        1.33,
        1,
        2,
        9.33,
        1
      ]
    },
    {
      "Target": "PartOpacity",
      "Id": "Part10",
      "Segments": [
        0,
        1,
        2,
        1.33,
        1,
        2,
        9.33,
        1
      ]
    },
    {
      "Target": "PartOpacity",
      "Id": "Part4",
      "Segments": [
        0,
        1,
        2,
        1.33,
        1,
        2,
        9.33,
        1
      ]
    },
    {
      "Target": "PartOpacity",
      "Id": "Part9",
      "Segments": [
        0,
        0,
        2,
        1.33,
        0,
        2,
        9.33,
        0
      ]
    },
    {
      "Target": "PartOpacity",
      "Id": "Part5",
      "Segments": [
        0,
        1,
        2,
        1.33,
        1,
        2,
        9.33,
        1
      ]
    },
    {
      "Target": "PartOpacity",
      "Id": "Part6",
      "Segments": [
        0,
        1,
        2,
        1.33,
        1,
        2,
        9.33,
        1
      ]
    },
    {
      "Target": "PartOpacity",
      "Id": "Part7",
      "Segments": [
        0,
        1,
        2,
        1.33,
        1,
        2,
        9.33,
        1
      ]
    },
    {
      "Target": "PartOpacity",
      "Id": "Part23",
      "Segments": [
        0,
        1,
        2,
        1.33,
        1,
        2,
        9.33,
        1
      ]
    },
    {
      "Target": "PartOpacity",
      "Id": "Part25",
      "Segments": [
        0,
        1,
        2,
        1.33,
        1,
        2,
        9.33,
        1
      ]
    },
    {
      "Target": "PartOpacity",
      "Id": "Part14",
      "Segments": [
        0,
        1,
        2,
        1.33,
        1,
        2,
        9.33,
        1
      ]
    },
    {
      "Target": "PartOpacity",
      "Id": "Part13",
      "Segments": [
        0,
        1,
        2,
        1.33,
        1,
        2,
        9.33,
        1
      ]
    },
    {
      "Target": "PartOpacity",
      "Id": "Part24",
      "Segments": [
        0,
        1,
        2,
        1.33,
        1,
        2,
        9.33,
        1
      ]
    },
    {
      "Target": "PartOpacity",
      "Id": "Part12",
      "Segments": [
        0,
        1,
        2,
        1.33,
        1,
        2,
        9.33,
        1
      ]
    },
    {
      "Target": "Model",
      "Id": "Opacity",
      "Segments": [
        0,
        1,
        0,
        9.33,
        1
      ]
    },
    {
      "Target": "Parameter",
      "Id": "BodyX",
      "Segments": [
        0,
        0,
        0,
        9.33,
        0
      ]
    },
    {
      "Target": "Parameter",
      "Id": "Head_RollY",
      "Segments": [
        0,
        0,
        0,
        9.33,
        0
      ]
    },
    {
      "Target": "Parameter",
      "Id": "BrowR_Form2",
      "Segments": [
        0,
        0.7,
        0,
        9.33,
        0.7
      ]
    },
    {
      "Target": "Parameter",
      "Id": "BrowL_Form2",
      "Segments": [
        0,
        0.7,
        0,
        9.33,
        0.7
      ]
    },
    {
      "Target": "Parameter",
      "Id": "BrowR_Form",
      "Segments": [
        0,
        0,
        0,
        9.33,
        0
      ]
    },
    {
      "Target": "Parameter",
      "Id": "BrowL_Form",
      "Segments": [
        0,
        0,
        0,
        9.33,
        0
      ]
    },
    {
      "Target": "Parameter",
      "Id": "BrowR_Angle",
      "Segments": [
        0,
        0.5,
        0,
        9.33,
        0.5
      ]
    },
    {
      "Target": "Parameter",
      "Id": "BrowL_Angle",
      "Segments": [
        0,
        -0.5,
        0,
        9.33,
        -0.5
      ]
    },
    {
      "Target": "Parameter",
      "Id": "Eyeball_Size",
      "Segments": [
        0,
        0,
        0,
        9.33,
        0
      ]
    },
    {
      "Target": "Parameter",
      "Id": "HighlightX",
      "Segments": [
        0,
        0,
        0,
        9.33,
        0
      ]
    },
    {
      "Target": "Parameter",
      "Id": "EyeR_Open",
      "Segments": [
        0,
        1,
        0,
        9.33,
        1
      ]
    },
    {
      "Target": "Parameter",
      "Id": "EyeL_Open",
      "Segments": [
        0,
        1,
        0,
        9.33,
        1
      ]
    },
    {
      "Target": "Parameter",
      "Id": "Smile_Form",
      "Segments": [
        0,
        1,
        0,
        9.33,
        1
      ]
    },
    {
      "Target": "Parameter",
      "Id": "Mouth_Open",
      "Segments": [
        0,
        1,
        0,
        9.33,
        1
      ]
    },
    {
      "Target": "Parameter",
      "Id": "ArmR_Form2",
      "Segments": [
        0,
        0,
        0,
        9.33,
        0
      ]
    },
    {
      "Target": "Parameter",
      "Id": "ArmR_Form",
      "Segments": [
        0,
        0,
        0,
        9.33,
        0
      ]
    },
    {
      "Target": "Parameter",
      "Id": "LegR_Roll",
      "Segments": [
        0,
        0,
        0,
        9.33,
        0
      ]
    },
    {
      "Target": "Parameter",
      "Id": "LegL_Roll",
      "Segments": [
        0,
        0,
        0,
        9.33,
        0
      ]
    }
  ],
  "UserData": []
}