{
  "Version": 3,
  "Meta": {
    "Duration": 8.0,
    "Fps": 30.0,
    "Loop": true,
    "AreBeziersRestricted": true,
    "CurveCount": 78,
    "TotalSegmentCount": 182,
    "TotalPointCount": 286,
    "UserDataCount": 0,
    "TotalUserDataSize": 0
  },
  "Curves": [
    {
      "Target": "Parameter",
      "Id": "Breath",
      "Segments": [
        0,
        0.259,
        1,
        0.322,
        0.099,
        0.645,
        0,
        0.967,
        0,
        0,
        2.733,
        0.326,
        0,
        4.867,
        0,
        0,
        7.133,
        0.408,
        1,
        7.422,
        0.408,
        7.711,
        0.364,
        8,
        0.259
      ]
    },
    {
      "Target": "Parameter",
      "Id": "Body_Shaking",
      "Segments": [
        0,
        0,
        0,
        2.333,
        2.919,
        0,
        4.267,
        -2.632,
        0,
        6.367,
        2.919,
        0,
        8,
        0
      ]
    },
    {
      "Target": "Parameter",
      "Id": "Body_Twist",
      "Segments": [
        0,
        17.669,
        1,
        0.333,
        17.873,
        0.667,
        17.75,
        1,
        17.014,
        1,
        1.567,
        15.85,
        2.133,
        -1.811,
        2.7,
        -6.074,
        1,
        3.322,
        -10.181,
        3.945,
        -9.835,
        4.567,
        -8.853,
        1,
        4.956,
        -8.152,
        5.344,
        -4.662,
        5.733,
        -0.804,
        1,
        6.489,
        10.792,
        7.244,
        17.669,
        8,
        17.669
      ]
    },
    {
      "Target": "Parameter",
      "Id": "Body_Pose1",
      "Segments": [
        0,
        0,
        1,
        0.433,
        -2.124,
        0.867,
        -2.103,
        1.3,
        -2.103,
        0,
        3.467,
        2.317,
        0,
        5.333,
        -2.901,
        0,
        7.4,
        2.159,
        1,
        7.6,
        2.159,
        7.8,
        1.045,
        8,
        0
      ]
    },
    {
      "Target": "Parameter",
      "Id": "JacketR_Move",
      "Segments": [
        0,
        -7,
        0,
        1.367,
        6.845,
        0,
        2.633,
        -9.228,
        0,
        4.133,
        8.581,
        0,
        5.467,
        -6.436,
        0,
        6.767,
        6.545,
        0,
        8,
        -7
      ]
    },
    {
      "Target": "Parameter",
      "Id": "JacketL_Move",
      "Segments": [
        0,
        13,
        1,
        0.456,
        13,
        0.911,
        13.311,
        1.367,
        10,
        1,
        1.8,
        6.85,
        2.234,
        -7,
        2.667,
        -7,
        0,
        4.1,
        11,
        0,
        5.467,
        -8,
        1,
        5.9,
        -8,
        6.334,
        4.502,
        6.767,
        9,
        1,
        7.178,
        13.267,
        7.589,
        13,
        8,
        13
      ]
    },
    {
      "Target": "Parameter",
      "Id": "Head_AngleX",
      "Segments": [
        0,
        0,
        1,
        0.544,
        0,
        1.089,
        -1.069,
        1.633,
        -1.687,
        1,
        2.189,
        -2.318,
        2.744,
        -2.171,
        3.3,
        -3,
        1,
        3.9,
        -3.895,
        4.5,
        -10.937,
        5.1,
        -10.937,
        0,
        8,
        0
      ]
    },
    {
      "Target": "Parameter",
      "Id": "Head_AngleY",
      "Segments": [
        0,
        0,
        1,
        0.478,
        -12.644,
        0.955,
        -20.163,
        1.433,
        -20.163,
        0,
        3.3,
        0,
        0,
        5.1,
        -18.287,
        0,
        7.633,
        1.893,
        1,
        7.755,
        1.893,
        7.878,
        1.566,
        8,
        0
      ]
    },
    {
      "Target": "Parameter",
      "Id": "Head_Roll",
      "Segments": [
        0,
        0,
        0,
        0.867,
        0.547,
        1,
        1.167,
        0.547,
        1.467,
        -0.186,
        1.767,
        -0.615,
        1,
        2.522,
        -1.695,
        3.278,
        -1.991,
        4.033,
        -1.991,
        1,
        4.233,
        -1.991,
        4.433,
        -1.927,
        4.633,
        -1.62,
        1,
        4.822,
        -1.354,
        5.011,
        -0.971,
        5.2,
        -0.684,
        1,
        5.756,
        0.159,
        6.311,
        0.547,
        6.867,
        0.547,
        0,
        8,
        0
      ]
    },
    {
      "Target": "Parameter",
      "Id": "EyeBallX",
      "Segments": [
        0,
        0,
        0,
        1.433,
        0.1,
        2,
        3.3,
        0.1,
        0,
        5.4,
        0.3,
        0,
        8,
        0
      ]
    },
    {
      "Target": "Parameter",
      "Id": "EyeBallY",
      "Segments": [
        0,
        0,
        1,
        0.478,
        0.09,
        0.955,
        0.1,
        1.433,
        0.1,
        2,
        3.3,
        0.1,
        2,
        5.4,
        0.1,
        0,
        7.1,
        -0.2,
        0,
        8,
        0
      ]
    },
    {
      "Target": "Parameter",
      "Id": "MouthForm",
      "Segments": [
        0,
        -21.42,
        1,
        0.6,
        -21.42,
        1.2,
        -21.312,
        1.8,
        -21.237,
        1,
        2.467,
        -21.154,
        3.133,
        -21.144,
        3.8,
        -21.144,
        1,
        4.5,
        -21.144,
        5.2,
        -21.244,
        5.9,
        -21.327,
        1,
        6.6,
        -21.409,
        7.3,
        -21.42,
        8,
        -21.42
      ]
    },
    {
      "Target": "Parameter",
      "Id": "Hair_Move",
      "Segments": [
        0,
        0,
        1,
        0.133,
        -5.339,
        0.267,
        -7.433,
        0.4,
        -7.433,
        0,
        1.8,
        10.367,
        0,
        3.467,
        -9,
        0,
        5.133,
        9.546,
        0,
        6.567,
        -9,
        0,
        7.4,
        10.955,
        1,
        7.6,
        10.955,
        7.8,
        6.414,
        8,
        0
      ]
    },
    {
      "Target": "Parameter",
      "Id": "HairFront_Move",
      "Segments": [
        0,
        0.191,
        1,
        0.156,
        0.286,
        0.311,
        0.297,
        0.467,
        0.28,
        1,
        0.745,
        0.243,
        1.022,
        -0.065,
        1.3,
        -0.065,
        0,
        2.267,
        0.391,
        0,
        3.667,
        -0.001,
        0,
        5.167,
        0.334,
        0,
        6.8,
        -0.156,
        1,
        7.2,
        -0.156,
        7.6,
        -0.041,
        8,
        0.191
      ]
    },
    {
      "Target": "Parameter",
      "Id": "HairSide_Move",
      "Segments": [
        0,
        0.203,
        1,
        0.156,
        0.293,
        0.311,
        0.309,
        0.467,
        0.288,
        1,
        0.745,
        0.24,
        1.022,
        -0.083,
        1.3,
        -0.083,
        0,
        2.533,
        0.352,
        0,
        3.767,
        0.04,
        0,
        4.833,
        0.268,
        0,
        6.8,
        -0.138,
        1,
        7.2,
        -0.138,
        7.6,
        -0.048,
        8,
        0.203
      ]
    },
    {
      "Target": "Parameter",
      "Id": "HairBack_Move",
      "Segments": [
        0,
        -0.007,
        1,
        0.133,
        0.211,
        0.267,
        0.326,
        0.4,
        0.326,
        0,
        1.767,
        -0.223,
        0,
        3.3,
        0.228,
        0,
        4.8,
        -0.179,
        0,
        6.333,
        0.173,
        0,
        7.567,
        -0.247,
        1,
        7.711,
        -0.247,
        7.856,
        -0.162,
        8,
        0
      ]
    },
    {
      "Target": "Parameter",
      "Id": "ShoulderLY",
      "Segments": [
        0,
        19.919,
        1,
        0.156,
        19.919,
        0.311,
        19.803,
        0.467,
        18.951,
        1,
        0.778,
        17.191,
        1.089,
        11.658,
        1.4,
        11.658,
        0,
        2.967,
        20,
        0,
        5.067,
        12.086,
        0,
        8,
        19.919
      ]
    },
    {
      "Target": "Parameter",
      "Id": "ShoulderR_Roll",
      "Segments": [
        0,
        1,
        1,
        0.433,
        0.175,
        0.867,
        0.085,
        1.3,
        0.085,
        0,
        2.9,
        2.537,
        0,
        4.867,
        0.301,
        0,
        6.933,
        2.043,
        1,
        7.289,
        2.043,
        7.644,
        1.646,
        8,
        1
      ]
    },
    {
      "Target": "Parameter",
      "Id": "ArmR_Roll",
      "Segments": [
        0,
        -3.459,
        0,
        1.667,
        -1.507,
        0,
        3.067,
        -3.776,
        0,
        4.5,
        -0.53,
        0,
        5.833,
        -4.614,
        0,
        7.067,
        -0.994,
        0,
        8,
        -3.459
      ]
    },
    {
      "Target": "Parameter",
      "Id": "ShoulderL_Roll",
      "Segments": [
        0,
        -3,
        1,
        0.411,
        -2.865,
        0.822,
        -1.202,
        1.233,
        -1.202,
        0,
        2.467,
        -2.709,
        0,
        4.1,
        -0.034,
        0,
        5.467,
        -3.26,
        0,
        6.833,
        -2.125,
        1,
        7.222,
        -2.125,
        7.611,
        -3.149,
        8,
        -3
      ]
    },
    {
      "Target": "Parameter",
      "Id": "ArmL_Roll",
      "Segments": [
        0,
        35.198,
        1,
        0.333,
        35.198,
        0.667,
        35.896,
        1,
        36.319,
        1,
        1.533,
        36.997,
        2.067,
        37.119,
        2.6,
        37.119,
        0,
        4.2,
        35.91,
        0,
        5.867,
        36.415,
        0,
        8,
        35.198
      ]
    },
    {
      "Target": "Parameter",
      "Id": "HandR_Roll",
      "Segments": [
        0,
        -1.67,
        1,
        0.078,
        -1.402,
        0.155,
        -1.229,
        0.233,
        -1.112,
        1,
        0.622,
        -0.527,
        1.011,
        -0.296,
        1.4,
        -0.296,
        0,
        3.967,
        -4.304,
        0,
        5.8,
        -0.676,
        0,
        7.467,
        -4.694,
        1,
        7.645,
        -4.694,
        7.822,
        -3.122,
        8,
        -1.67
      ]
    },
    {
      "Target": "Parameter",
      "Id": "HandL_Roll",
      "Segments": [
        0,
        -7.395,
        1,
        0.678,
        -7.347,
        1.355,
        -9.395,
        2.033,
        -9.395,
        0,
        3.667,
        -6.762,
        0,
        5.2,
        -11.48,
        1,
        5.733,
        -11.48,
        6.267,
        -8.021,
        6.8,
        -7.612,
        1,
        7.2,
        -7.305,
        7.6,
        -7.395,
        8,
        -7.395
      ]
    },
    {
      "Target": "PartOpacity",
      "Id": "Part21",
      "Segments": [
        0,
        1,
        2,
        8,
        1
      ]
    },
    {
      "Target": "PartOpacity",
      "Id": "Part2",
      "Segments": [
        0,
        1,
        2,
        8,
        1
      ]
    },
    {
      "Target": "PartOpacity",
      "Id": "Part3",
      "Segments": [
        0,
        1,
        2,
        8,
        1
      ]
    },
    {
      "Target": "PartOpacity",
      "Id": "Part26",
      "Segments": [
        0,
        1,
        2,
        8,
        1
      ]
    },
    {
      "Target": "PartOpacity",
      "Id": "Part20",
      "Segments": [
        0,
        1,
        2,
        8,
        1
      ]
    },
    {
      "Target": "PartOpacity",
      "Id": "Part33",
      "Segments": [
        0,
        0,
        2,
        8,
        0
      ]
    },
    {
      "Target": "PartOpacity",
      "Id": "Part22",
      "Segments": [
        0,
        1,
        2,
        8,
        1
      ]
    },
    {
      "Target": "PartOpacity",
      "Id": "Part8",
      "Segments": [
        0,
        1,
        2,
        8,
        1
      ]
    },
    {
      "Target": "PartOpacity",
      "Id": "Part10",
      "Segments": [
        0,
        1,
        2,
        8,
        1
      ]
    },
    {
      "Target": "PartOpacity",
      "Id": "Part4",
      "Segments": [
        0,
        1,
        2,
        8,
        1
      ]
    },
    {
      "Target": "PartOpacity",
      "Id": "Part9",
      "Segments": [
        0,
        0,
        2,
        8,
        0
      ]
    },
    {
      "Target": "PartOpacity",
      "Id": "Part5",
      "Segments": [
        0,
        1,
        2,
        8,
        1
      ]
    },
    {
      "Target": "PartOpacity",
      "Id": "Part6",
      "Segments": [
        0,
        1,
        2,
        8,
        1
      ]
    },
    {
      "Target": "PartOpacity",
      "Id": "Part7",
      "Segments": [
        0,
        1,
        2,
        8,
        1
      ]
    },
    {
      "Target": "PartOpacity",
      "Id": "Part23",
      "Segments": [
        0,
        1,
        2,
        8,
        1
      ]
    },
    {
      "Target": "PartOpacity",
      "Id": "Part25",
      "Segments": [
        0,
        1,
        2,
        8,
        1
      ]
    },
    {
      "Target": "PartOpacity",
      "Id": "Part14",
      "Segments": [
        0,
        1,
        2,
        8,
        1
      ]
    },
    {
      "Target": "PartOpacity",
      "Id": "Part13",
      "Segments": [
        0,
        1,
        2,
        8,
        1
      ]
    },
    {
      "Target": "PartOpacity",
      "Id": "Part24",
      "Segments": [
        0,
        1,
        2,
        8,
        1
      ]
    },
    {
      "Target": "PartOpacity",
      "Id": "Part12",
      "Segments": [
        0,
        1,
        2,
        8,
        1
      ]
    },
    {
      "Target": "Model",
      "Id": "Opacity",
      "Segments": [
        0,
        1,
        0,
        8,
        1
      ]
    },
    {
      "Target": "Parameter",
      "Id": "BodyY",
      "Segments": [
        0,
        0,
        0,
        8,
        0
      ]
    },
    {
      "Target": "Parameter",
      "Id": "Waist_Roll",
      "Segments": [
        0,
        0,
        0,
        8,
        0
      ]
    },
    {
      "Target": "Parameter",
      "Id": "Jacket_Move",
      "Segments": [
        0,
        0,
        0,
        8,
        0
      ]
    },
    {
      "Target": "Parameter",
      "Id": "BodyX",
      "Segments": [
        0,
        0,
        0,
        8,
        0
      ]
    },
    {
      "Target": "Parameter",
      "Id": "Head_RollY",
      "Segments": [
        0,
        0,
        0,
        8,
        0
      ]
    },
    {
      "Target": "Parameter",
      "Id": "BrowRY",
      "Segments": [
        0,
        -0.2,
        0,
        8,
        -0.2
      ]
    },
    {
      "Target": "Parameter",
      "Id": "BrowLY",
      "Segments": [
        0,
        -0.3,
        0,
        8,
        -0.3
      ]
    },
    {
      "Target": "Parameter",
      "Id": "BrowR_Form2",
      "Segments": [
        0,
        0.5,
        0,
        8,
        0.5
      ]
    },
    {
      "Target": "Parameter",
      "Id": "BrowL_Form2",
      "Segments": [
        0,
        0.5,
        0,
        8,
        0.5
      ]
    },
    {
      "Target": "Parameter",
      "Id": "BrowR_Form",
      "Segments": [
        0,
        0,
        0,
        8,
        0
      ]
    },
    {
      "Target": "Parameter",
      "Id": "BrowL_Form",
      "Segments": [
        0,
        0,
        0,
        8,
        0
      ]
    },
    {
      "Target": "Parameter",
      "Id": "BrowR_Angle",
      "Segments": [
        0,
        1,
        0,
        8,
        1
      ]
    },
    {
      "Target": "Parameter",
      "Id": "BrowL_Angle",
      "Segments": [
        0,
        -0.7,
        0,
        8,
        -0.7
      ]
    },
    {
      "Target": "Parameter",
      "Id": "Eyeball_Size",
      "Segments": [
        0,
        0,
        0,
        8,
        0
      ]
    },
    {
      "Target": "Parameter",
      "Id": "HighlightX",
      "Segments": [
        0,
        0,
        0,
        8,
        0
      ]
    },
    {
      "Target": "Parameter",
      "Id": "EyeR_Open",
      "Segments": [
        0,
        1,
        0,
        8,
        1
      ]
    },
    {
      "Target": "Parameter",
      "Id": "EyeR_Smile",
      "Segments": [
        0,
        0.5,
        0,
        8,
        0.5
      ]
    },
    {
      "Target": "Parameter",
      "Id": "EyeL_Open",
      "Segments": [
        0,
        1,
        0,
        8,
        1
      ]
    },
    {
      "Target": "Parameter",
      "Id": "EyeL_Smile",
      "Segments": [
        0,
        0.5,
        0,
        8,
        0.5
      ]
    },
    {
      "Target": "Parameter",
      "Id": "Smile_Form",
      "Segments": [
        0,
        1,
        0,
        8,
        1
      ]
    },
    {
      "Target": "Parameter",
      "Id": "MouthForm2",
      "Segments": [
        0,
        0,
        0,
        8,
        0
      ]
    },
    {
      "Target": "Parameter",
      "Id": "Mouth_Open",
      "Segments": [
        0,
        1,
        0,
        8,
        1
      ]
    },
    {
      "Target": "Parameter",
      "Id": "Mouth_Size",
      "Segments": [
        0,
        0.5,
        0,
        8,
        0.5
      ]
    },
    {
      "Target": "Parameter",
      "Id": "Mouth_Size2",
      "Segments": [
        0,
        0,
        0,
        8,
        0
      ]
    },
    {
      "Target": "Parameter",
      "Id": "ShoulderRY",
      "Segments": [
        0,
        -10,
        0,
        8,
        -10
      ]
    },
    {
      "Target": "Parameter",
      "Id": "ArmR_Form2",
      "Segments": [
        0,
        0,
        0,
        8,
        0
      ]
    },
    {
      "Target": "Parameter",
      "Id": "ArmR_Form",
      "Segments": [
        0,
        0,
        0,
        8,
        0
      ]
    },
    {
      "Target": "Parameter",
      "Id": "ArmL_Form2",
      "Segments": [
        0,
        -16,
        0,
        8,
        -16
      ]
    },
    {
      "Target": "Parameter",
      "Id": "ArmL_Form",
      "Segments": [
        0,
        -15,
        0,
        8,
        -15
      ]
    },
    {
      "Target": "Parameter",
      "Id": "LegR_Roll",
      "Segments": [
        0,
        3,
        0,
        8,
        3
      ]
    },
    {
      "Target": "Parameter",
      "Id": "LegL_Roll",
      "Segments": [
        0,
        7,
        0,
        8,
        7
      ]
    },
    {
      "Target": "Parameter",
      "Id": "Lowerbody_Roll",
      "Segments": [
        0,
        0,
        0,
        8,
        0
      ]
    },
    {
      "Target": "PartOpacity",
      "Id": "Part11",
      "Segments": [
        0,
        0,
        0,
        8,
        0
      ]
    },
    {
      "Target": "PartOpacity",
      "Id": "Part",
      "Segments": [
        0,
        0,
        0,
        8,
        0
      ]
    }
  ],
  "UserData": []
}