{
  "Version": 3,
  "Meta": {
    "Duration": 8.0,
    "Fps": 30.0,
    "Loop": true,
    "AreBeziersRestricted": true,
    "CurveCount": 78,
    "TotalSegmentCount": 215,
    "TotalPointCount": 371,
    "UserDataCount": 0,
    "TotalUserDataSize": 0
  },
  "Curves": [
    {
      "Target": "Parameter",
      "Id": "Breath",
      "Segments": [
        0,
        0,
        2,
        1.267,
        0,
        0,
        3.767,
        0.705,
        0,
        5.633,
        0,
        0,
        6.933,
        0.757,
        0,
        8,
        0
      ]
    },
    {
      "Target": "Parameter",
      "Id": "Body_Shaking",
      "Segments": [
        0,
        -3.934,
        1,
        0.2,
        -6.061,
        0.4,
        -5.597,
        0.6,
        -5.141,
        1,
        1.067,
        -3.866,
        1.533,
        3.666,
        2,
        3.666,
        0,
        3.433,
        -4.776,
        0,
        4.833,
        2.253,
        0,
        6.067,
        -3.31,
        0,
        7.267,
        5.231,
        1,
        7.511,
        5.231,
        7.756,
        -2.071,
        8,
        -3.934
      ]
    },
    {
      "Target": "Parameter",
      "Id": "BodyY",
      "Segments": [
        0,
        0.001,
        0,
        8,
        0
      ]
    },
    {
      "Target": "Parameter",
      "Id": "Body_Twist",
      "Segments": [
        0,
        0,
        1,
        0.222,
        -7.309,
        0.445,
        -13.049,
        0.667,
        -16.413,
        1,
        0.922,
        -20.281,
        1.178,
        -20.814,
        1.433,
        -20.814,
        1,
        1.755,
        -20.814,
        2.078,
        -20.303,
        2.4,
        -18.552,
        1,
        2.933,
        -15.926,
        3.467,
        0.141,
        4,
        4.806,
        1,
        4.978,
        11.497,
        5.955,
        11.261,
        6.933,
        9.753,
        1,
        7.289,
        9.141,
        7.644,
        6.314,
        8,
        0
      ]
    },
    {
      "Target": "Parameter",
      "Id": "Body_Pose1",
      "Segments": [
        0,
        24.7,
        1,
        0.1,
        24.849,
        0.2,
        24.823,
        0.3,
        24.823,
        0,
        1.633,
        22.973,
        0,
        3.267,
        25.347,
        0,
        4.9,
        22.973,
        0,
        6.333,
        25.034,
        0,
        7.367,
        23.457,
        0,
        8,
        24.7
      ]
    },
    {
      "Target": "Parameter",
      "Id": "Waist_Roll",
      "Segments": [
        0,
        3,
        0,
        1.533,
        1.313,
        0,
        3.1,
        3.445,
        0,
        5.2,
        0.705,
        1,
        5.756,
        0.705,
        6.311,
        0.695,
        6.867,
        1.072,
        1,
        7.245,
        1.329,
        7.622,
        3,
        8,
        3
      ]
    },
    {
      "Target": "Parameter",
      "Id": "JacketR_Move",
      "Segments": [
        0,
        0,
        0,
        1.333,
        -5.038,
        0,
        2.5,
        6.834,
        0,
        4.233,
        -4.692,
        0,
        5.7,
        5.03,
        0,
        6.9,
        -3.92,
        0,
        8,
        0
      ]
    },
    {
      "Target": "Parameter",
      "Id": "JacketL_Move",
      "Segments": [
        0,
        0,
        1,
        0.478,
        2.666,
        0.955,
        3.263,
        1.433,
        3.263,
        0,
        3.667,
        -4.494,
        0,
        5.9,
        3.028,
        0,
        7.233,
        -3.663,
        1,
        7.489,
        -3.663,
        7.744,
        -1.395,
        8,
        0
      ]
    },
    {
      "Target": "Parameter",
      "Id": "Jacket_Move",
      "Segments": [
        0,
        0,
        1,
        0.167,
        -5.305,
        0.333,
        -5.974,
        0.5,
        -5.974,
        0,
        2.067,
        9,
        0,
        3.233,
        0,
        0,
        4.7,
        9.728,
        0,
        6.3,
        -5.974,
        0,
        7.5,
        5.225,
        1,
        7.667,
        5.225,
        7.833,
        3.525,
        8,
        0
      ]
    },
    {
      "Target": "Parameter",
      "Id": "Head_AngleX",
      "Segments": [
        0,
        2.388,
        1,
        0.133,
        1.213,
        0.267,
        0.347,
        0.4,
        -0.347,
        1,
        0.633,
        -1.464,
        0.867,
        -2.273,
        1.1,
        -2.754,
        1,
        1.789,
        -3.987,
        2.478,
        -3.852,
        3.167,
        -1.83,
        1,
        4.234,
        0.847,
        5.3,
        10.526,
        6.367,
        10.526,
        1,
        6.745,
        10.526,
        7.122,
        10.481,
        7.5,
        8.763,
        1,
        7.667,
        8.076,
        7.833,
        6.218,
        8,
        3.575
      ]
    },
    {
      "Target": "Parameter",
      "Id": "Head_AngleY",
      "Segments": [
        0,
        1.521,
        1,
        0.289,
        -3.997,
        0.578,
        -5.893,
        0.867,
        -5.893,
        0,
        3.1,
        11.239,
        1,
        3.622,
        11.239,
        4.145,
        0.584,
        4.667,
        -2.034,
        1,
        4.945,
        -3.369,
        5.222,
        -3.451,
        5.5,
        -3.451,
        1,
        5.833,
        -3.451,
        6.167,
        0.142,
        6.5,
        3.428,
        1,
        6.8,
        6.385,
        7.1,
        6.818,
        7.4,
        6.818,
        1,
        7.6,
        6.818,
        7.8,
        5.989,
        8,
        1.521
      ]
    },
    {
      "Target": "Parameter",
      "Id": "Head_Roll",
      "Segments": [
        0,
        -2.481,
        1,
        0.344,
        -3.926,
        0.689,
        -4.334,
        1.033,
        -4.334,
        0,
        2.967,
        5.892,
        1,
        3.411,
        5.892,
        3.856,
        1.017,
        4.3,
        0.322,
        1,
        5.122,
        -1.367,
        5.945,
        -0.162,
        6.767,
        -0.162,
        1,
        7.178,
        -0.162,
        7.589,
        -1.065,
        8,
        -2.481
      ]
    },
    {
      "Target": "Parameter",
      "Id": "BrowRY",
      "Segments": [
        0,
        0,
        1,
        0.678,
        0,
        1.355,
        0.001,
        2.033,
        0.018,
        1,
        2.344,
        0.026,
        2.656,
        0.2,
        2.967,
        0.2,
        1,
        3.178,
        0.2,
        3.389,
        0.204,
        3.6,
        0.128,
        1,
        3.9,
        0.021,
        4.2,
        -0.144,
        4.5,
        -0.144,
        1,
        4.778,
        -0.144,
        5.055,
        -0.133,
        5.333,
        -0.11,
        1,
        5.722,
        -0.078,
        6.111,
        -0.027,
        6.5,
        -0.015,
        1,
        7,
        0,
        7.5,
        0,
        8,
        0
      ]
    },
    {
      "Target": "Parameter",
      "Id": "BrowLY",
      "Segments": [
        0,
        0,
        1,
        0.678,
        0,
        1.355,
        0.001,
        2.033,
        0.018,
        1,
        2.344,
        0.026,
        2.656,
        0.2,
        2.967,
        0.2,
        1,
        3.178,
        0.2,
        3.389,
        0.204,
        3.6,
        0.128,
        1,
        3.9,
        0.021,
        4.2,
        -0.144,
        4.5,
        -0.144,
        1,
        4.778,
        -0.144,
        5.055,
        -0.131,
        5.333,
        -0.108,
        1,
        5.722,
        -0.076,
        6.111,
        -0.027,
        6.5,
        -0.015,
        1,
        7,
        0,
        7.5,
        0,
        8,
        0
      ]
    },
    {
      "Target": "Parameter",
      "Id": "EyeBallX",
      "Segments": [
        0,
        0,
        0,
        1.667,
        0.1,
        2,
        3.5,
        0.1,
        0,
        5.5,
        0,
        2,
        8,
        0
      ]
    },
    {
      "Target": "Parameter",
      "Id": "EyeBallY",
      "Segments": [
        0,
        0,
        0,
        1.667,
        -0.2,
        2,
        3.5,
        -0.2,
        2,
        6.467,
        -0.2,
        0,
        8,
        0
      ]
    },
    {
      "Target": "Parameter",
      "Id": "Hair_Move",
      "Segments": [
        0,
        0,
        1,
        0.378,
        8.288,
        0.755,
        10.425,
        1.133,
        10.425,
        0,
        2.367,
        -8.71,
        0,
        4.3,
        8.863,
        0,
        5.567,
        -10.02,
        0,
        6.8,
        4.129,
        0,
        7.533,
        -7.226,
        1,
        7.689,
        -7.226,
        7.844,
        -3.017,
        8,
        0
      ]
    },
    {
      "Target": "Parameter",
      "Id": "HairFront_Move",
      "Segments": [
        0,
        0.078,
        1,
        0.2,
        -0.106,
        0.4,
        -0.215,
        0.6,
        -0.215,
        0,
        1.967,
        0.372,
        0,
        3.067,
        -0.088,
        0,
        4.133,
        0.329,
        0,
        5.567,
        0.114,
        0,
        6.967,
        0.311,
        1,
        7.311,
        0.311,
        7.656,
        0.274,
        8,
        0.078
      ]
    },
    {
      "Target": "Parameter",
      "Id": "HairSide_Move",
      "Segments": [
        0,
        0,
        1,
        0.244,
        -0.12,
        0.489,
        -0.129,
        0.733,
        -0.129,
        0,
        1.833,
        0.264,
        0,
        3,
        -0.108,
        0,
        4.3,
        0.198,
        0,
        5.7,
        -0.05,
        0,
        6.933,
        0.219,
        1,
        7.289,
        0.219,
        7.644,
        0.139,
        8,
        0
      ]
    },
    {
      "Target": "Parameter",
      "Id": "HairBack_Move",
      "Segments": [
        0,
        -0.065,
        0,
        1.2,
        0.228,
        0,
        2.133,
        -0.143,
        0,
        3.567,
        0.175,
        0,
        5.367,
        -0.143,
        0,
        6.467,
        0.212,
        0,
        8,
        -0.065
      ]
    },
    {
      "Target": "Parameter",
      "Id": "ShoulderRY",
      "Segments": [
        0,
        0,
        0,
        1.233,
        -5.057,
        0,
        2.633,
        -0.234,
        1,
        3.066,
        -0.234,
        3.5,
        -4.686,
        3.933,
        -5.033,
        1,
        4.7,
        -5.461,
        5.466,
        -5.402,
        6.233,
        -5.194,
        1,
        6.822,
        -4.992,
        7.411,
        0,
        8,
        0
      ]
    },
    {
      "Target": "Parameter",
      "Id": "ShoulderR_Roll",
      "Segments": [
        0,
        2.348,
        1,
        0.122,
        1.208,
        0.245,
        0.741,
        0.367,
        0,
        1,
        0.534,
        -0.562,
        0.7,
        -0.823,
        0.867,
        -0.823,
        0,
        1.967,
        1.584,
        0,
        3.3,
        0.626,
        0,
        4.733,
        1.916,
        0,
        6.3,
        -0.28,
        0,
        7.7,
        3.047,
        1,
        7.8,
        3.047,
        7.9,
        2.999,
        8,
        2.348
      ]
    },
    {
      "Target": "Parameter",
      "Id": "ArmR_Roll",
      "Segments": [
        0,
        -5.783,
        1,
        0.078,
        -5.864,
        0.155,
        -5.866,
        0.233,
        -5.866,
        0,
        2.1,
        -2.52,
        0,
        3.1,
        -4.008,
        0,
        4.267,
        -2.716,
        0,
        6.033,
        -7.129,
        0,
        7.167,
        -3.223,
        0,
        8,
        -5.866
      ]
    },
    {
      "Target": "Parameter",
      "Id": "ShoulderL_Roll",
      "Segments": [
        0,
        14.006,
        1,
        0.078,
        14.109,
        0.155,
        14.141,
        0.233,
        14.141,
        1,
        0.833,
        14.141,
        1.433,
        13.784,
        2.033,
        13.74,
        1,
        2.889,
        13.677,
        3.744,
        13.68,
        4.6,
        13.68,
        0,
        5.733,
        13.926,
        0,
        6.9,
        13.47,
        1,
        7.267,
        13.47,
        7.633,
        13.909,
        8,
        14.006
      ]
    },
    {
      "Target": "Parameter",
      "Id": "ArmL_Form2",
      "Segments": [
        0,
        -5.044,
        1,
        1,
        -4.635,
        2,
        -4.275,
        3,
        -4.275,
        1,
        3.4,
        -4.275,
        3.8,
        -4.273,
        4.2,
        -4.317,
        1,
        5.467,
        -4.486,
        6.733,
        -5.397,
        8,
        -5.1
      ]
    },
    {
      "Target": "Parameter",
      "Id": "ArmL_Roll",
      "Segments": [
        0,
        20.296,
        1,
        0.678,
        20.296,
        1.355,
        20.151,
        2.033,
        20.057,
        1,
        2.666,
        19.969,
        3.3,
        19.965,
        3.933,
        19.965,
        0,
        5.733,
        20.09,
        0,
        6.9,
        19.751,
        0,
        8,
        20.296
      ]
    },
    {
      "Target": "Parameter",
      "Id": "ArmL_Form",
      "Segments": [
        0,
        -12.608,
        1,
        0.678,
        -14.943,
        1.355,
        -19.67,
        2.033,
        -19.67,
        1,
        2.4,
        -19.67,
        2.766,
        -16.982,
        3.133,
        -14.595,
        1,
        3.489,
        -12.281,
        3.844,
        -9.508,
        4.2,
        -9.258,
        1,
        4.8,
        -8.836,
        5.4,
        -8.838,
        6,
        -8.838,
        0,
        8,
        -11.864
      ]
    },
    {
      "Target": "Parameter",
      "Id": "HandR_Roll",
      "Segments": [
        0,
        2.626,
        1,
        0.356,
        -1.376,
        0.711,
        -4.711,
        1.067,
        -4.711,
        0,
        2.3,
        3,
        0,
        3.4,
        -3,
        0,
        4.867,
        2,
        0,
        6.367,
        -4,
        1,
        6.767,
        -4,
        7.167,
        3.08,
        7.567,
        3.301,
        1,
        7.711,
        3.38,
        7.856,
        3.44,
        8,
        2.626
      ]
    },
    {
      "Target": "Parameter",
      "Id": "HandL_Roll",
      "Segments": [
        0,
        25.595,
        0,
        2.2,
        24.177,
        1,
        3.1,
        24.177,
        4,
        24.964,
        4.9,
        25.259,
        1,
        5.933,
        25.598,
        6.967,
        25.595,
        8,
        25.595
      ]
    },
    {
      "Target": "Parameter",
      "Id": "Lowerbody_Roll",
      "Segments": [
        0,
        4.741,
        1,
        2.667,
        4.871,
        5.333,
        4.653,
        8,
        4.741
      ]
    },
    {
      "Target": "PartOpacity",
      "Id": "Part21",
      "Segments": [
        0,
        1,
        2,
        8,
        1
      ]
    },
    {
      "Target": "PartOpacity",
      "Id": "Part2",
      "Segments": [
        0,
        1,
        2,
        8,
        1
      ]
    },
    {
      "Target": "PartOpacity",
      "Id": "Part3",
      "Segments": [
        0,
        1,
        2,
        8,
        1
      ]
    },
    {
      "Target": "PartOpacity",
      "Id": "Part26",
      "Segments": [
        0,
        1,
        2,
        8,
        1
      ]
    },
    {
      "Target": "PartOpacity",
      "Id": "Part11",
      "Segments": [
        0,
        0,
        2,
        8,
        0
      ]
    },
    {
      "Target": "PartOpacity",
      "Id": "Part",
      "Segments": [
        0,
        0,
        2,
        8,
        0
      ]
    },
    {
      "Target": "PartOpacity",
      "Id": "Part20",
      "Segments": [
        0,
        0,
        2,
        8,
        0
      ]
    },
    {
      "Target": "PartOpacity",
      "Id": "Part33",
      "Segments": [
        0,
        1,
        2,
        8,
        1
      ]
    },
    {
      "Target": "PartOpacity",
      "Id": "Part22",
      "Segments": [
        0,
        1,
        2,
        8,
        1
      ]
    },
    {
      "Target": "PartOpacity",
      "Id": "Part8",
      "Segments": [
        0,
        1,
        2,
        8,
        1
      ]
    },
    {
      "Target": "PartOpacity",
      "Id": "Part10",
      "Segments": [
        0,
        1,
        2,
        8,
        1
      ]
    },
    {
      "Target": "PartOpacity",
      "Id": "Part4",
      "Segments": [
        0,
        1,
        2,
        8,
        1
      ]
    },
    {
      "Target": "PartOpacity",
      "Id": "Part9",
      "Segments": [
        0,
        1,
        2,
        8,
        1
      ]
    },
    {
      "Target": "PartOpacity",
      "Id": "Part5",
      "Segments": [
        0,
        1,
        2,
        8,
        1
      ]
    },
    {
      "Target": "PartOpacity",
      "Id": "Part6",
      "Segments": [
        0,
        1,
        2,
        8,
        1
      ]
    },
    {
      "Target": "PartOpacity",
      "Id": "Part7",
      "Segments": [
        0,
        1,
        2,
        8,
        1
      ]
    },
    {
      "Target": "PartOpacity",
      "Id": "Part23",
      "Segments": [
        0,
        1,
        2,
        8,
        1
      ]
    },
    {
      "Target": "PartOpacity",
      "Id": "Part25",
      "Segments": [
        0,
        1,
        2,
        8,
        1
      ]
    },
    {
      "Target": "PartOpacity",
      "Id": "Part14",
      "Segments": [
        0,
        1,
        2,
        8,
        1
      ]
    },
    {
      "Target": "PartOpacity",
      "Id": "Part13",
      "Segments": [
        0,
        1,
        2,
        8,
        1
      ]
    },
    {
      "Target": "PartOpacity",
      "Id": "Part24",
      "Segments": [
        0,
        1,
        2,
        8,
        1
      ]
    },
    {
      "Target": "PartOpacity",
      "Id": "Part12",
      "Segments": [
        0,
        1,
        2,
        8,
        1
      ]
    },
    {
      "Target": "Model",
      "Id": "Opacity",
      "Segments": [
        0,
        1,
        0,
        8,
        1
      ]
    },
    {
      "Target": "Parameter",
      "Id": "BodyX",
      "Segments": [
        0,
        0,
        0,
        8,
        0
      ]
    },
    {
      "Target": "Parameter",
      "Id": "Head_RollY",
      "Segments": [
        0,
        0,
        0,
        8,
        0
      ]
    },
    {
      "Target": "Parameter",
      "Id": "BrowR_Form2",
      "Segments": [
        0,
        0,
        0,
        8,
        0
      ]
    },
    {
      "Target": "Parameter",
      "Id": "BrowL_Form2",
      "Segments": [
        0,
        0,
        0,
        8,
        0
      ]
    },
    {
      "Target": "Parameter",
      "Id": "BrowR_Form",
      "Segments": [
        0,
        0,
        0,
        8,
        0
      ]
    },
    {
      "Target": "Parameter",
      "Id": "BrowL_Form",
      "Segments": [
        0,
        0,
        0,
        8,
        0
      ]
    },
    {
      "Target": "Parameter",
      "Id": "BrowR_Angle",
      "Segments": [
        0,
        -0.35,
        0,
        8,
        -0.35
      ]
    },
    {
      "Target": "Parameter",
      "Id": "BrowL_Angle",
      "Segments": [
        0,
        0.35,
        0,
        8,
        0.35
      ]
    },
    {
      "Target": "Parameter",
      "Id": "Eyeball_Size",
      "Segments": [
        0,
        0,
        0,
        8,
        0
      ]
    },
    {
      "Target": "Parameter",
      "Id": "HighlightX",
      "Segments": [
        0,
        0,
        0,
        8,
        0
      ]
    },
    {
      "Target": "Parameter",
      "Id": "EyeR_Open",
      "Segments": [
        0,
        0.9,
        0,
        8,
        0.9
      ]
    },
    {
      "Target": "Parameter",
      "Id": "EyeR_Smile",
      "Segments": [
        0,
        0.5,
        0,
        8,
        0.5
      ]
    },
    {
      "Target": "Parameter",
      "Id": "EyeL_Open",
      "Segments": [
        0,
        0.9,
        0,
        8,
        0.9
      ]
    },
    {
      "Target": "Parameter",
      "Id": "EyeL_Smile",
      "Segments": [
        0,
        0.5,
        0,
        8,
        0.5
      ]
    },
    {
      "Target": "Parameter",
      "Id": "Smile_Form",
      "Segments": [
        0,
        1,
        0,
        8,
        1
      ]
    },
    {
      "Target": "Parameter",
      "Id": "MouthForm2",
      "Segments": [
        0,
        -0.9,
        0,
        8,
        -0.9
      ]
    },
    {
      "Target": "Parameter",
      "Id": "MouthForm",
      "Segments": [
        0,
        0,
        0,
        8,
        0
      ]
    },
    {
      "Target": "Parameter",
      "Id": "Mouth_Open",
      "Segments": [
        0,
        1,
        0,
        8,
        1
      ]
    },
    {
      "Target": "Parameter",
      "Id": "Mouth_Size",
      "Segments": [
        0,
        0.6,
        0,
        8,
        0.6
      ]
    },
    {
      "Target": "Parameter",
      "Id": "Mouth_Size2",
      "Segments": [
        0,
        0.4,
        0,
        8,
        0.4
      ]
    },
    {
      "Target": "Parameter",
      "Id": "ShoulderLY",
      "Segments": [
        0,
        0,
        0,
        8,
        0
      ]
    },
    {
      "Target": "Parameter",
      "Id": "ArmR_Form2",
      "Segments": [
        0,
        0,
        0,
        8,
        0
      ]
    },
    {
      "Target": "Parameter",
      "Id": "ArmR_Form",
      "Segments": [
        0,
        0,
        0,
        8,
        0
      ]
    },
    {
      "Target": "Parameter",
      "Id": "LegR_Roll",
      "Segments": [
        0,
        0,
        0,
        8,
        0
      ]
    },
    {
      "Target": "Parameter",
      "Id": "LegL_Roll",
      "Segments": [
        0,
        0,
        0,
        8,
        0
      ]
    }
  ],
  "UserData": []
}