{
  "Version": 3,
  "Meta": {
    "Duration": 8.0,
    "Fps": 30.0,
    "Loop": true,
    "AreBeziersRestricted": true,
    "CurveCount": 88,
    "TotalSegmentCount": 252,
    "TotalPointCount": 340,
    "UserDataCount": 1,
    "TotalUserDataSize": 0
  },
  "Curves": [
    {
      "Target": "Parameter",
      "Id": "Breath",
      "Segments": [
        0,
        0,
        0,
        0.867,
        0.49,
        0,
        1.9,
        0,
        0,
        2.933,
        0.49,
        0,
        4.067,
        0,
        0,
        5.133,
        0.486,
        0,
        6.167,
        0.006,
        0,
        7,
        0.49,
        0,
        8,
        0
      ]
    },
    {
      "Target": "Parameter",
      "Id": "Body_Shaking",
      "Segments": [
        0,
        0.3,
        0,
        1.167,
        -0.197,
        0,
        2.533,
        0.303,
        0,
        3.867,
        -0.162,
        0,
        5.433,
        0.13,
        0,
        6.9,
        -0.189,
        0,
        8,
        0.3
      ]
    },
    {
      "Target": "Parameter",
      "Id": "Body_Twist",
      "Segments": [
        0,
        18.42,
        2,
        1.133,
        18.42,
        1,
        1.278,
        18.42,
        1.422,
        8.627,
        1.567,
        0,
        1,
        1.845,
        -7.764,
        2.122,
        -13.866,
        2.4,
        -14.833,
        1,
        3.144,
        -15.849,
        3.889,
        -15.969,
        4.633,
        -15.969,
        1,
        5.022,
        -15.969,
        5.411,
        -7.754,
        5.8,
        0,
        1,
        6.022,
        8.899,
        6.245,
        17.923,
        6.467,
        18.419,
        1,
        6.734,
        19.308,
        7,
        18.42,
        7.267,
        18.42,
        2,
        8,
        18.42
      ]
    },
    {
      "Target": "Parameter",
      "Id": "Body_Pose1",
      "Segments": [
        0,
        4.014,
        1,
        0.1,
        2.532,
        0.2,
        1.17,
        0.3,
        0,
        1,
        0.589,
        -3.38,
        0.878,
        -4.86,
        1.167,
        -4.86,
        0,
        2.6,
        3.474,
        0,
        4.033,
        -3.885,
        0,
        5.7,
        4.014,
        0,
        6.833,
        -2.439,
        0,
        7.733,
        5.727,
        1,
        7.822,
        5.727,
        7.911,
        5.091,
        8,
        4.014
      ]
    },
    {
      "Target": "Parameter",
      "Id": "Waist_Roll",
      "Segments": [
        0,
        0.424,
        0,
        1.167,
        -0.33,
        0,
        2.533,
        0.424,
        0,
        3.867,
        -0.258,
        0,
        5.433,
        0.222,
        0,
        6.9,
        -0.33,
        0,
        8,
        0.424
      ]
    },
    {
      "Target": "Parameter",
      "Id": "Head_AngleX",
      "Segments": [
        0,
        21.06,
        1,
        0.411,
        21.06,
        0.822,
        18.199,
        1.233,
        18,
        1,
        1.711,
        17.769,
        2.189,
        17.835,
        2.667,
        17.609,
        1,
        3.134,
        17.388,
        3.6,
        16.259,
        4.067,
        16.259,
        0,
        5.533,
        19.5,
        0,
        6.9,
        15.24,
        0,
        8,
        21.06
      ]
    },
    {
      "Target": "Parameter",
      "Id": "Head_AngleY",
      "Segments": [
        0,
        -1.354,
        0,
        1.167,
        -14.52,
        0,
        2.7,
        2.119,
        0,
        4.133,
        -4.857,
        0,
        5.533,
        0,
        0,
        6.9,
        -9.456,
        0,
        8,
        -1.354
      ]
    },
    {
      "Target": "Parameter",
      "Id": "Head_Roll",
      "Segments": [
        0,
        8.16,
        0,
        1.3,
        4.212,
        0,
        2.767,
        6.894,
        0,
        4.267,
        4.702,
        0,
        5.633,
        10.121,
        0,
        6.833,
        3.362,
        0,
        8,
        8.16
      ]
    },
    {
      "Target": "Parameter",
      "Id": "Face2Y",
      "Segments": [
        0,
        0,
        2,
        1.9,
        0,
        0,
        3.067,
        20.48,
        0,
        4.5,
        0,
        2,
        8,
        0
      ]
    },
    {
      "Target": "Parameter",
      "Id": "BrowRY",
      "Segments": [
        0,
        0.2,
        2,
        1.9,
        0.2,
        0,
        3.067,
        0.5,
        0,
        4.5,
        0.2,
        2,
        8,
        0.2
      ]
    },
    {
      "Target": "Parameter",
      "Id": "BrowLY",
      "Segments": [
        0,
        0.3,
        2,
        1.9,
        0.3,
        0,
        3.067,
        0.5,
        0,
        4.5,
        0.3,
        2,
        8,
        0.3
      ]
    },
    {
      "Target": "Parameter",
      "Id": "BrowR_Form2",
      "Segments": [
        0,
        0,
        2,
        1.9,
        0,
        0,
        3.067,
        -11,
        0,
        4.5,
        0,
        2,
        8,
        0
      ]
    },
    {
      "Target": "Parameter",
      "Id": "BrowL_Form2",
      "Segments": [
        0,
        0,
        2,
        1.9,
        0,
        0,
        3.067,
        -10,
        0,
        4.5,
        0,
        2,
        8,
        0
      ]
    },
    {
      "Target": "Parameter",
      "Id": "HairFrontR_Move",
      "Segments": [
        0,
        23.852,
        1,
        0.222,
        13.828,
        0.445,
        -6.423,
        0.667,
        -6.423,
        0,
        1.567,
        23.799,
        0,
        2.767,
        -19.256,
        0,
        3.867,
        17.261,
        0,
        4.933,
        -9.973,
        0,
        5.933,
        24.93,
        0,
        7.033,
        -8.842,
        0,
        7.8,
        28.572,
        1,
        7.867,
        28.174,
        7.933,
        27.137,
        8,
        23.852
      ]
    },
    {
      "Target": "Parameter",
      "Id": "HairFrontL_Move",
      "Segments": [
        0,
        25.596,
        1,
        0.244,
        16.019,
        0.489,
        -7.274,
        0.733,
        -7.274,
        0,
        1.7,
        22.948,
        0,
        2.867,
        -15.443,
        0,
        4,
        12.298,
        0,
        5,
        -10.973,
        0,
        6.067,
        24.93,
        0,
        7.033,
        -3.056,
        0,
        7.8,
        30,
        1,
        7.867,
        30,
        7.933,
        28.122,
        8,
        25.596
      ]
    },
    {
      "Target": "Parameter",
      "Id": "HairSideR_Move",
      "Segments": [
        0,
        21.503,
        1,
        0.244,
        7.122,
        0.489,
        -7.572,
        0.733,
        -7.572,
        0,
        1.7,
        18.878,
        0,
        2.967,
        -16.741,
        0,
        4.133,
        12,
        0,
        5.1,
        -5.214,
        0,
        6.167,
        22.983,
        0,
        7.1,
        -8.217,
        0,
        7.767,
        27.842,
        1,
        7.845,
        27.842,
        7.922,
        25.683,
        8,
        21.503
      ]
    },
    {
      "Target": "Parameter",
      "Id": "HairSideL_Move",
      "Segments": [
        0,
        21.237,
        1,
        0.244,
        8.201,
        0.489,
        -9.816,
        0.733,
        -9.816,
        0,
        1.7,
        16.58,
        0,
        2.967,
        -16.741,
        0,
        4.133,
        13,
        0,
        5.1,
        -7.214,
        0,
        6.167,
        21.983,
        0,
        7.167,
        -4.847,
        0,
        7.8,
        25.398,
        1,
        7.867,
        25.398,
        7.933,
        24.604,
        8,
        21.237
      ]
    },
    {
      "Target": "Parameter",
      "Id": "HairBack_Move",
      "Segments": [
        0,
        22.294,
        1,
        0.244,
        8.908,
        0.489,
        -9.446,
        0.733,
        -9.446,
        0,
        1.667,
        14.691,
        0,
        2.733,
        -15,
        0,
        3.533,
        12,
        0,
        4.667,
        -14.12,
        0,
        5.667,
        12,
        0,
        6.933,
        -14.784,
        0,
        7.8,
        26.546,
        1,
        7.867,
        26.076,
        7.933,
        25.267,
        8,
        22.294
      ]
    },
    {
      "Target": "Parameter",
      "Id": "HairTop_Move",
      "Segments": [
        0,
        18.984,
        1,
        0.2,
        10.508,
        0.4,
        -9.446,
        0.6,
        -9.446,
        0,
        1.367,
        14.252,
        0,
        2.233,
        -18,
        0,
        3.3,
        12,
        0,
        4.5,
        -13.12,
        0,
        5.533,
        12,
        0,
        6.7,
        -12.904,
        0,
        7.767,
        24.249,
        1,
        7.845,
        24.249,
        7.922,
        21.93,
        8,
        18.984
      ]
    },
    {
      "Target": "Parameter",
      "Id": "ShoulderRY",
      "Segments": [
        0,
        24.717,
        1,
        0.156,
        22.158,
        0.311,
        20.74,
        0.467,
        20.74,
        0,
        1.8,
        28.92,
        2,
        2.367,
        28.92,
        0,
        3.833,
        20.74,
        0,
        5.667,
        29.32,
        0,
        6.767,
        20.74,
        0,
        7.633,
        28.92,
        1,
        7.755,
        28.92,
        7.878,
        27.211,
        8,
        24.717
      ]
    },
    {
      "Target": "Parameter",
      "Id": "ShoulderLY",
      "Segments": [
        0,
        0,
        1,
        0.189,
        -1.935,
        0.378,
        -2.588,
        0.567,
        -2.588,
        0,
        2.067,
        2.095,
        0,
        3.633,
        -2.588,
        0,
        5.267,
        2.158,
        0,
        6.533,
        -2.588,
        0,
        7.6,
        2.158,
        1,
        7.733,
        2.158,
        7.867,
        1.492,
        8,
        0
      ]
    },
    {
      "Target": "Parameter",
      "Id": "ShoulderR_Roll",
      "Segments": [
        0,
        -3.581,
        1,
        0.267,
        -4.426,
        0.533,
        -4.736,
        0.8,
        -4.736,
        0,
        1.133,
        -4.684,
        1,
        1.489,
        -4.684,
        1.844,
        -5.808,
        2.2,
        -6.1,
        1,
        2.7,
        -6.509,
        3.2,
        -6.512,
        3.7,
        -6.512,
        1,
        4.011,
        -6.512,
        4.322,
        -6.37,
        4.633,
        -6.265,
        1,
        4.855,
        -6.19,
        5.078,
        -6.222,
        5.3,
        -6.115,
        1,
        5.6,
        -5.971,
        5.9,
        -4.736,
        6.2,
        -4.736,
        0,
        6.833,
        -5.012,
        1,
        7.055,
        -5.012,
        7.278,
        -3.069,
        7.5,
        -3.011,
        1,
        7.667,
        -3.011,
        7.833,
        -3.12,
        8,
        -3.581
      ]
    },
    {
      "Target": "Parameter",
      "Id": "ShoulderL_Roll",
      "Segments": [
        0,
        0.179,
        1,
        0.356,
        0.517,
        0.711,
        1.505,
        1.067,
        1.505,
        0,
        2.633,
        -0.292,
        0,
        4,
        1.101,
        0,
        5.367,
        -0.083,
        0,
        6.633,
        0.839,
        0,
        7.7,
        0,
        1,
        7.8,
        -0.008,
        7.9,
        0.071,
        8,
        0.179
      ]
    },
    {
      "Target": "Parameter",
      "Id": "ArmR_Roll",
      "Segments": [
        0,
        169.37,
        1,
        0.267,
        167.669,
        0.533,
        166.423,
        0.8,
        166.423,
        1,
        0.911,
        166.423,
        1.022,
        166.482,
        1.133,
        167.02,
        1,
        1.489,
        168.743,
        1.844,
        169.924,
        2.2,
        169.924,
        0,
        3.7,
        166.235,
        0,
        5.3,
        168.905,
        0,
        6.833,
        167.939,
        1,
        7.222,
        167.939,
        7.611,
        170.648,
        8,
        169.37
      ]
    },
    {
      "Target": "Parameter",
      "Id": "ArmL_Roll",
      "Segments": [
        0,
        -6.92,
        1,
        0.5,
        -5.85,
        1,
        -2.62,
        1.5,
        -2.62,
        0,
        2.733,
        -6.932,
        0,
        4.1,
        -2.909,
        0,
        5.467,
        -6.286,
        0,
        6.667,
        -2.476,
        0,
        7.867,
        -7.188,
        1,
        7.911,
        -7.188,
        7.956,
        -7.14,
        8,
        -6.92
      ]
    },
    {
      "Target": "Parameter",
      "Id": "ArmR_Form2",
      "Segments": [
        0,
        -24.48,
        2,
        1.133,
        -24.48,
        0,
        2.4,
        -27.18,
        2,
        4.633,
        -27.18,
        0,
        6.467,
        -24.48,
        2,
        8,
        -24.48
      ]
    },
    {
      "Target": "Parameter",
      "Id": "HandR_Roll",
      "Segments": [
        0,
        20.8,
        0,
        1.4,
        11.452,
        0,
        2.833,
        17.566,
        0,
        4.3,
        9.026,
        0,
        5.667,
        20.478,
        0,
        6.933,
        12.908,
        0,
        8,
        20.8
      ]
    },
    {
      "Target": "Parameter",
      "Id": "HandL_Roll",
      "Segments": [
        0,
        -6.513,
        0,
        1.367,
        -0.179,
        0,
        2.967,
        -8.403,
        0,
        4.3,
        -1.9,
        0,
        5.567,
        -8.683,
        0,
        7,
        -0.125,
        0,
        8,
        -6.513
      ]
    },
    {
      "Target": "PartOpacity",
      "Id": "Part16",
      "Segments": [
        0,
        0,
        2,
        8,
        0
      ]
    },
    {
      "Target": "PartOpacity",
      "Id": "Part8",
      "Segments": [
        0,
        1,
        2,
        8,
        1
      ]
    },
    {
      "Target": "PartOpacity",
      "Id": "Part20",
      "Segments": [
        0,
        0,
        2,
        8,
        0
      ]
    },
    {
      "Target": "PartOpacity",
      "Id": "Part5",
      "Segments": [
        0,
        0,
        2,
        8,
        0
      ]
    },
    {
      "Target": "PartOpacity",
      "Id": "Part9",
      "Segments": [
        0,
        1,
        2,
        8,
        1
      ]
    },
    {
      "Target": "PartOpacity",
      "Id": "Part12",
      "Segments": [
        0,
        1,
        2,
        8,
        1
      ]
    },
    {
      "Target": "PartOpacity",
      "Id": "Part4",
      "Segments": [
        0,
        1,
        2,
        8,
        1
      ]
    },
    {
      "Target": "PartOpacity",
      "Id": "Part2",
      "Segments": [
        0,
        1,
        2,
        8,
        1
      ]
    },
    {
      "Target": "PartOpacity",
      "Id": "Part3",
      "Segments": [
        0,
        1,
        2,
        8,
        1
      ]
    },
    {
      "Target": "PartOpacity",
      "Id": "Part",
      "Segments": [
        0,
        1,
        2,
        8,
        1
      ]
    },
    {
      "Target": "PartOpacity",
      "Id": "Part15",
      "Segments": [
        0,
        1,
        2,
        8,
        1
      ]
    },
    {
      "Target": "PartOpacity",
      "Id": "Part18",
      "Segments": [
        0,
        1,
        2,
        8,
        1
      ]
    },
    {
      "Target": "PartOpacity",
      "Id": "Part19",
      "Segments": [
        0,
        0,
        2,
        8,
        0
      ]
    },
    {
      "Target": "PartOpacity",
      "Id": "Part17",
      "Segments": [
        0,
        1,
        2,
        8,
        1
      ]
    },
    {
      "Target": "PartOpacity",
      "Id": "Part10",
      "Segments": [
        0,
        1,
        2,
        8,
        1
      ]
    },
    {
      "Target": "PartOpacity",
      "Id": "Part11",
      "Segments": [
        0,
        1,
        2,
        8,
        1
      ]
    },
    {
      "Target": "PartOpacity",
      "Id": "Part6",
      "Segments": [
        0,
        0,
        2,
        8,
        0
      ]
    },
    {
      "Target": "PartOpacity",
      "Id": "Part7",
      "Segments": [
        0,
        1,
        2,
        8,
        1
      ]
    },
    {
      "Target": "PartOpacity",
      "Id": "Part21",
      "Segments": [
        0,
        1,
        2,
        8,
        1
      ]
    },
    {
      "Target": "PartOpacity",
      "Id": "Part13",
      "Segments": [
        0,
        1,
        2,
        8,
        1
      ]
    },
    {
      "Target": "PartOpacity",
      "Id": "Part14",
      "Segments": [
        0,
        1,
        2,
        8,
        1
      ]
    },
    {
      "Target": "Model",
      "Id": "Opacity",
      "Segments": [
        0,
        1,
        0,
        8,
        1
      ]
    },
    {
      "Target": "Parameter",
      "Id": "BodyPoX",
      "Segments": [
        0,
        0,
        0,
        8,
        0
      ]
    },
    {
      "Target": "Parameter",
      "Id": "BodyY",
      "Segments": [
        0,
        0,
        0,
        8,
        0
      ]
    },
    {
      "Target": "Parameter",
      "Id": "Head_RollY",
      "Segments": [
        0,
        0,
        0,
        8,
        0
      ]
    },
    {
      "Target": "Parameter",
      "Id": "Head02_Roll",
      "Segments": [
        0,
        0,
        0,
        8,
        0
      ]
    },
    {
      "Target": "Parameter",
      "Id": "EyeBallX",
      "Segments": [
        0,
        0,
        0,
        8,
        0
      ]
    },
    {
      "Target": "Parameter",
      "Id": "EyeBallY",
      "Segments": [
        0,
        0,
        0,
        8,
        0
      ]
    },
    {
      "Target": "Parameter",
      "Id": "Face_On",
      "Segments": [
        0,
        -12,
        0,
        8,
        -12
      ]
    },
    {
      "Target": "Parameter",
      "Id": "Brow_Form",
      "Segments": [
        0,
        0,
        0,
        8,
        0
      ]
    },
    {
      "Target": "Parameter",
      "Id": "Face2_On",
      "Segments": [
        0,
        -30,
        0,
        8,
        -30
      ]
    },
    {
      "Target": "Parameter",
      "Id": "Wet_On",
      "Segments": [
        0,
        -30,
        0,
        8,
        -30
      ]
    },
    {
      "Target": "Parameter",
      "Id": "EyeBall_size",
      "Segments": [
        0,
        0,
        0,
        8,
        0
      ]
    },
    {
      "Target": "Parameter",
      "Id": "BrowR_Angle",
      "Segments": [
        0,
        0.4,
        0,
        8,
        0.4
      ]
    },
    {
      "Target": "Parameter",
      "Id": "BrowL_Angle",
      "Segments": [
        0,
        -0.4,
        0,
        8,
        -0.4
      ]
    },
    {
      "Target": "Parameter",
      "Id": "BrowR_Form",
      "Segments": [
        0,
        -0.703,
        0,
        8,
        -0.703
      ]
    },
    {
      "Target": "Parameter",
      "Id": "BrowL_Form",
      "Segments": [
        0,
        -0.703,
        0,
        8,
        -0.703
      ]
    },
    {
      "Target": "Parameter",
      "Id": "EyeR_Open",
      "Segments": [
        0,
        1,
        0,
        8,
        1
      ]
    },
    {
      "Target": "Parameter",
      "Id": "EyeR_Smile",
      "Segments": [
        0,
        0.5,
        0,
        8,
        0.5
      ]
    },
    {
      "Target": "Parameter",
      "Id": "EyeL_Open",
      "Segments": [
        0,
        0.8,
        0,
        8,
        0.8
      ]
    },
    {
      "Target": "Parameter",
      "Id": "EyeL_Smile",
      "Segments": [
        0,
        0.5,
        0,
        8,
        0.5
      ]
    },
    {
      "Target": "Parameter",
      "Id": "MouthForm3",
      "Segments": [
        0,
        0,
        0,
        8,
        0
      ]
    },
    {
      "Target": "Parameter",
      "Id": "MouthForm2",
      "Segments": [
        0,
        0,
        0,
        8,
        0
      ]
    },
    {
      "Target": "Parameter",
      "Id": "MouthForm",
      "Segments": [
        0,
        -1,
        0,
        8,
        -1
      ]
    },
    {
      "Target": "Parameter",
      "Id": "Mouth_Open",
      "Segments": [
        0,
        0.8,
        0,
        8,
        0.8
      ]
    },
    {
      "Target": "Parameter",
      "Id": "Mouth_Size",
      "Segments": [
        0,
        0.8,
        0,
        8,
        0.8
      ]
    },
    {
      "Target": "Parameter",
      "Id": "ArmL_Sp",
      "Segments": [
        0,
        0,
        0,
        8,
        0
      ]
    },
    {
      "Target": "Parameter",
      "Id": "ArmL_Roll2",
      "Segments": [
        0,
        0,
        0,
        8,
        0
      ]
    },
    {
      "Target": "Parameter",
      "Id": "ArmR_Form",
      "Segments": [
        0,
        -15,
        0,
        8,
        -15
      ]
    },
    {
      "Target": "Parameter",
      "Id": "ArmL_Form",
      "Segments": [
        0,
        0,
        0,
        8,
        0
      ]
    },
    {
      "Target": "Parameter",
      "Id": "ArmL_Form2",
      "Segments": [
        0,
        0,
        0,
        8,
        0
      ]
    },
    {
      "Target": "Parameter",
      "Id": "ArmR_Sup_Form",
      "Segments": [
        0,
        -30,
        0,
        8,
        -30
      ]
    },
    {
      "Target": "Parameter",
      "Id": "ArmL_Sup_Form",
      "Segments": [
        0,
        0,
        0,
        8,
        0
      ]
    },
    {
      "Target": "Parameter",
      "Id": "ArmLX",
      "Segments": [
        0,
        0,
        0,
        8,
        0
      ]
    },
    {
      "Target": "Parameter",
      "Id": "ArmLY",
      "Segments": [
        0,
        0,
        0,
        8,
        0
      ]
    },
    {
      "Target": "Parameter",
      "Id": "HandR_Form",
      "Segments": [
        0,
        0,
        0,
        8,
        0
      ]
    },
    {
      "Target": "Parameter",
      "Id": "HandR_Move",
      "Segments": [
        0,
        0,
        0,
        8,
        0
      ]
    },
    {
      "Target": "Parameter",
      "Id": "HandL_Move",
      "Segments": [
        0,
        0,
        0,
        8,
        0
      ]
    },
    {
      "Target": "Parameter",
      "Id": "LegR_Roll",
      "Segments": [
        0,
        10,
        0,
        8,
        10
      ]
    },
    {
      "Target": "Parameter",
      "Id": "LegL_Roll",
      "Segments": [
        0,
        -2,
        0,
        8,
        -2
      ]
    }
  ],
  "UserData": [
    {
      "Time": 0.0,
      "Value": ""
    }
  ]
}