{
  "Version": 3,
  "Meta": {
    "Duration": 0.5,
    "Fps": 30.0,
    "Loop": true,
    "AreBeziersRestricted": true,
    "CurveCount": 88,
    "TotalSegmentCount": 97,
    "TotalPointCount": 119,
    "UserDataCount": 1,
    "TotalUserDataSize": 0
  },
  "Curves": [
    {
      "Target": "Parameter",
      "Id": "Breath",
      "Segments": [
        0,
        0.7,
        0,
        0.5,
        0.151
      ]
    },
    {
      "Target": "Parameter",
      "Id": "Body_Shaking",
      "Segments": [
        0,
        0.569,
        0,
        0.5,
        1.294
      ]
    },
    {
      "Target": "Parameter",
      "Id": "Body_Twist",
      "Segments": [
        0,
        15.899,
        0,
        0.5,
        26.101
      ]
    },
    {
      "Target": "Parameter",
      "Id": "Body_Pose1",
      "Segments": [
        0,
        6.177,
        0,
        0.5,
        0
      ]
    },
    {
      "Target": "Parameter",
      "Id": "Waist_Roll",
      "Segments": [
        0,
        16.969,
        0,
        0.5,
        0
      ]
    },
    {
      "Target": "Parameter",
      "Id": "Head_AngleX",
      "Segments": [
        0,
        -6.12,
        0,
        0.5,
        2.309
      ]
    },
    {
      "Target": "Parameter",
      "Id": "Head_AngleY",
      "Segments": [
        0,
        -21.631,
        1,
        0.167,
        -21.631,
        0.333,
        -2.364,
        0.5,
        0.316
      ]
    },
    {
      "Target": "Parameter",
      "Id": "Head_Roll",
      "Segments": [
        0,
        -23.465,
        0,
        0.5,
        2.045
      ]
    },
    {
      "Target": "Parameter",
      "Id": "Head02_Roll",
      "Segments": [
        0,
        -8.88,
        0,
        0.5,
        0
      ]
    },
    {
      "Target": "Parameter",
      "Id": "EyeBallX",
      "Segments": [
        0,
        0.266,
        0,
        0.5,
        0
      ]
    },
    {
      "Target": "Parameter",
      "Id": "EyeBallY",
      "Segments": [
        0,
        0.4,
        0,
        0.5,
        0
      ]
    },
    {
      "Target": "Parameter",
      "Id": "BrowRY",
      "Segments": [
        0,
        -0.225,
        0,
        0.5,
        -0.165
      ]
    },
    {
      "Target": "Parameter",
      "Id": "BrowLY",
      "Segments": [
        0,
        -0.225,
        1,
        0.167,
        -0.225,
        0.333,
        -0.187,
        0.5,
        -0.165
      ]
    },
    {
      "Target": "Parameter",
      "Id": "EyeR_Smile",
      "Segments": [
        0,
        1,
        0,
        0.5,
        0.5
      ]
    },
    {
      "Target": "Parameter",
      "Id": "EyeL_Smile",
      "Segments": [
        0,
        1,
        0,
        0.5,
        0.5
      ]
    },
    {
      "Target": "Parameter",
      "Id": "MouthForm",
      "Segments": [
        0,
        -0.5,
        0,
        0.5,
        1
      ]
    },
    {
      "Target": "Parameter",
      "Id": "Mouth_Open",
      "Segments": [
        0,
        0.4,
        0,
        0.5,
        1
      ]
    },
    {
      "Target": "Parameter",
      "Id": "Mouth_Size",
      "Segments": [
        0,
        0.4,
        0,
        0.5,
        1
      ]
    },
    {
      "Target": "Parameter",
      "Id": "HairFrontR_Move",
      "Segments": [
        0,
        2.608,
        0,
        0.5,
        16.159
      ]
    },
    {
      "Target": "Parameter",
      "Id": "HairFrontL_Move",
      "Segments": [
        0,
        7.379,
        0,
        0.5,
        13.877
      ]
    },
    {
      "Target": "Parameter",
      "Id": "HairSideR_Move",
      "Segments": [
        0,
        5.977,
        0,
        0.5,
        24.122
      ]
    },
    {
      "Target": "Parameter",
      "Id": "HairSideL_Move",
      "Segments": [
        0,
        4.914,
        0,
        0.5,
        22.993
      ]
    },
    {
      "Target": "Parameter",
      "Id": "HairBack_Move",
      "Segments": [
        0,
        10.944,
        0,
        0.5,
        -4.117
      ]
    },
    {
      "Target": "Parameter",
      "Id": "HairTop_Move",
      "Segments": [
        0,
        -5.711,
        0,
        0.5,
        7.441
      ]
    },
    {
      "Target": "Parameter",
      "Id": "ShoulderRY",
      "Segments": [
        0,
        20.574,
        1,
        0.167,
        20.574,
        0.333,
        8.508,
        0.5,
        6.506
      ]
    },
    {
      "Target": "Parameter",
      "Id": "ShoulderLY",
      "Segments": [
        0,
        0,
        0,
        0.5,
        5.965
      ]
    },
    {
      "Target": "Parameter",
      "Id": "ShoulderR_Roll",
      "Segments": [
        0,
        -7.727,
        1,
        0.078,
        -7.727,
        0.155,
        -7.603,
        0.233,
        -5.658,
        1,
        0.322,
        -3.435,
        0.411,
        -0.132,
        0.5,
        -0.132
      ]
    },
    {
      "Target": "Parameter",
      "Id": "ShoulderL_Roll",
      "Segments": [
        0,
        16.17,
        0,
        0.5,
        0.552
      ]
    },
    {
      "Target": "Parameter",
      "Id": "ArmR_Roll",
      "Segments": [
        0,
        182.426,
        0,
        0.5,
        -0.268
      ]
    },
    {
      "Target": "Parameter",
      "Id": "ArmL_Roll",
      "Segments": [
        0,
        -78.15,
        0,
        0.5,
        -0.058
      ]
    },
    {
      "Target": "Parameter",
      "Id": "ArmR_Form",
      "Segments": [
        0,
        -19.84,
        0,
        0.5,
        0
      ]
    },
    {
      "Target": "Parameter",
      "Id": "ArmL_Form",
      "Segments": [
        0,
        -9.71,
        0,
        0.5,
        0
      ]
    },
    {
      "Target": "Parameter",
      "Id": "ArmR_Form2",
      "Segments": [
        0,
        -14,
        1,
        0.078,
        -17.809,
        0.155,
        -30,
        0.233,
        -30,
        0,
        0.5,
        0
      ]
    },
    {
      "Target": "Parameter",
      "Id": "ArmL_Form2",
      "Segments": [
        0,
        -14.97,
        0,
        0.5,
        0
      ]
    },
    {
      "Target": "Parameter",
      "Id": "ArmR_Sup_Form",
      "Segments": [
        0,
        -30,
        1,
        0.167,
        -30,
        0.333,
        -4.033,
        0.5,
        -2.619
      ]
    },
    {
      "Target": "Parameter",
      "Id": "ArmL_Sup_Form",
      "Segments": [
        0,
        -13,
        0,
        0.5,
        -1.431
      ]
    },
    {
      "Target": "Parameter",
      "Id": "HandR_Roll",
      "Segments": [
        0,
        -29.874,
        0,
        0.5,
        -1.346
      ]
    },
    {
      "Target": "Parameter",
      "Id": "HandL_Roll",
      "Segments": [
        0,
        -30,
        1,
        0.078,
        -30,
        0.155,
        -8.966,
        0.233,
        -7.234,
        1,
        0.322,
        -5.255,
        0.411,
        -4.297,
        0.5,
        -3.554
      ]
    },
    {
      "Target": "Parameter",
      "Id": "HandR_Move",
      "Segments": [
        0,
        -22.014,
        0,
        0.5,
        0
      ]
    },
    {
      "Target": "Parameter",
      "Id": "HandL_Move",
      "Segments": [
        0,
        30,
        0,
        0.5,
        0
      ]
    },
    {
      "Target": "Parameter",
      "Id": "LegR_Roll",
      "Segments": [
        0,
        2,
        1,
        0.167,
        2,
        0.333,
        2.148,
        0.5,
        1.86
      ]
    },
    {
      "Target": "Parameter",
      "Id": "LegL_Roll",
      "Segments": [
        0,
        30,
        1,
        0.167,
        30,
        0.333,
        5.942,
        0.5,
        4.255
      ]
    },
    {
      "Target": "PartOpacity",
      "Id": "Part16",
      "Segments": [
        0,
        0,
        2,
        0.5,
        0
      ]
    },
    {
      "Target": "PartOpacity",
      "Id": "Part8",
      "Segments": [
        0,
        1,
        2,
        0.5,
        1
      ]
    },
    {
      "Target": "PartOpacity",
      "Id": "Part20",
      "Segments": [
        0,
        1,
        2,
        0.23,
        0,
        2,
        0.5,
        0
      ]
    },
    {
      "Target": "PartOpacity",
      "Id": "Part5",
      "Segments": [
        0,
        0,
        2,
        0.5,
        0
      ]
    },
    {
      "Target": "PartOpacity",
      "Id": "Part9",
      "Segments": [
        0,
        0,
        2,
        0.23,
        1,
        2,
        0.5,
        1
      ]
    },
    {
      "Target": "PartOpacity",
      "Id": "Part12",
      "Segments": [
        0,
        1,
        2,
        0.5,
        1
      ]
    },
    {
      "Target": "PartOpacity",
      "Id": "Part4",
      "Segments": [
        0,
        1,
        2,
        0.5,
        1
      ]
    },
    {
      "Target": "PartOpacity",
      "Id": "Part2",
      "Segments": [
        0,
        1,
        2,
        0.5,
        1
      ]
    },
    {
      "Target": "PartOpacity",
      "Id": "Part3",
      "Segments": [
        0,
        1,
        2,
        0.5,
        1
      ]
    },
    {
      "Target": "PartOpacity",
      "Id": "Part",
      "Segments": [
        0,
        1,
        2,
        0.5,
        1
      ]
    },
    {
      "Target": "PartOpacity",
      "Id": "Part15",
      "Segments": [
        0,
        0,
        2,
        0.5,
        0
      ]
    },
    {
      "Target": "PartOpacity",
      "Id": "Part18",
      "Segments": [
        0,
        1,
        2,
        0.43,
        0,
        2,
        0.5,
        0
      ]
    },
    {
      "Target": "PartOpacity",
      "Id": "Part19",
      "Segments": [
        0,
        1,
        2,
        0.43,
        1,
        2,
        0.5,
        0
      ]
    },
    {
      "Target": "PartOpacity",
      "Id": "Part17",
      "Segments": [
        0,
        0,
        2,
        0.5,
        1
      ]
    },
    {
      "Target": "PartOpacity",
      "Id": "Part10",
      "Segments": [
        0,
        1,
        2,
        0.5,
        1
      ]
    },
    {
      "Target": "PartOpacity",
      "Id": "Part11",
      "Segments": [
        0,
        1,
        2,
        0.5,
        1
      ]
    },
    {
      "Target": "PartOpacity",
      "Id": "Part6",
      "Segments": [
        0,
        0,
        2,
        0.33,
        1,
        2,
        0.5,
        1
      ]
    },
    {
      "Target": "PartOpacity",
      "Id": "Part7",
      "Segments": [
        0,
        1,
        2,
        0.5,
        1
      ]
    },
    {
      "Target": "PartOpacity",
      "Id": "Part21",
      "Segments": [
        0,
        1,
        2,
        0.5,
        1
      ]
    },
    {
      "Target": "PartOpacity",
      "Id": "Part13",
      "Segments": [
        0,
        1,
        2,
        0.5,
        1
      ]
    },
    {
      "Target": "PartOpacity",
      "Id": "Part14",
      "Segments": [
        0,
        1,
        2,
        0.5,
        1
      ]
    },
    {
      "Target": "Model",
      "Id": "Opacity",
      "Segments": [
        0,
        1,
        0,
        0.5,
        1
      ]
    },
    {
      "Target": "Parameter",
      "Id": "BodyPoX",
      "Segments": [
        0,
        0,
        0,
        0.5,
        0
      ]
    },
    {
      "Target": "Parameter",
      "Id": "BodyY",
      "Segments": [
        0,
        0,
        0,
        0.5,
        0
      ]
    },
    {
      "Target": "Parameter",
      "Id": "Head_RollY",
      "Segments": [
        0,
        0,
        0,
        0.5,
        0
      ]
    },
    {
      "Target": "Parameter",
      "Id": "Face_On",
      "Segments": [
        0,
        0,
        0,
        0.5,
        0
      ]
    },
    {
      "Target": "Parameter",
      "Id": "Brow_Form",
      "Segments": [
        0,
        0,
        0,
        0.5,
        0
      ]
    },
    {
      "Target": "Parameter",
      "Id": "Face2_On",
      "Segments": [
        0,
        0,
        0,
        0.5,
        0
      ]
    },
    {
      "Target": "Parameter",
      "Id": "Face2Y",
      "Segments": [
        0,
        0,
        0,
        0.5,
        0
      ]
    },
    {
      "Target": "Parameter",
      "Id": "Wet_On",
      "Segments": [
        0,
        0,
        0,
        0.5,
        0
      ]
    },
    {
      "Target": "Parameter",
      "Id": "EyeBall_size",
      "Segments": [
        0,
        0,
        0,
        0.5,
        0
      ]
    },
    {
      "Target": "Parameter",
      "Id": "BrowR_Angle",
      "Segments": [
        0,
        0,
        0,
        0.5,
        0
      ]
    },
    {
      "Target": "Parameter",
      "Id": "BrowL_Angle",
      "Segments": [
        0,
        0,
        0,
        0.5,
        0
      ]
    },
    {
      "Target": "Parameter",
      "Id": "BrowR_Form",
      "Segments": [
        0,
        0,
        0,
        0.5,
        0
      ]
    },
    {
      "Target": "Parameter",
      "Id": "BrowL_Form",
      "Segments": [
        0,
        0,
        0,
        0.5,
        0
      ]
    },
    {
      "Target": "Parameter",
      "Id": "BrowR_Form2",
      "Segments": [
        0,
        0,
        0,
        0.5,
        0
      ]
    },
    {
      "Target": "Parameter",
      "Id": "BrowL_Form2",
      "Segments": [
        0,
        0,
        0,
        0.5,
        0
      ]
    },
    {
      "Target": "Parameter",
      "Id": "EyeR_Open",
      "Segments": [
        0,
        1,
        0,
        0.5,
        1
      ]
    },
    {
      "Target": "Parameter",
      "Id": "EyeL_Open",
      "Segments": [
        0,
        1,
        0,
        0.5,
        1
      ]
    },
    {
      "Target": "Parameter",
      "Id": "MouthForm3",
      "Segments": [
        0,
        0,
        0,
        0.5,
        0
      ]
    },
    {
      "Target": "Parameter",
      "Id": "MouthForm2",
      "Segments": [
        0,
        0,
        0,
        0.5,
        0
      ]
    },
    {
      "Target": "Parameter",
      "Id": "ArmL_Sp",
      "Segments": [
        0,
        0,
        0,
        0.5,
        0
      ]
    },
    {
      "Target": "Parameter",
      "Id": "ArmL_Roll2",
      "Segments": [
        0,
        0,
        0,
        0.5,
        0
      ]
    },
    {
      "Target": "Parameter",
      "Id": "ArmLX",
      "Segments": [
        0,
        0,
        0,
        0.5,
        0
      ]
    },
    {
      "Target": "Parameter",
      "Id": "ArmLY",
      "Segments": [
        0,
        0,
        0,
        0.5,
        0
      ]
    },
    {
      "Target": "Parameter",
      "Id": "HandR_Form",
      "Segments": [
        0,
        0,
        0,
        0.5,
        0
      ]
    }
  ],
  "UserData": [
    {
      "Time": 0.0,
      "Value": ""
    }
  ]
}