{
  "Version": 3,
  "Meta": {
    "Duration": 8.0,
    "Fps": 30.0,
    "Loop": true,
    "AreBeziersRestricted": true,
    "CurveCount": 88,
    "TotalSegmentCount": 266,
    "TotalPointCount": 378,
    "UserDataCount": 1,
    "TotalUserDataSize": 0
  },
  "Curves": [
    {
      "Target": "Parameter",
      "Id": "Breath",
      "Segments": [
        0,
        0.7,
        0,
        1,
        0,
        0,
        2.033,
        0.642,
        0,
        3.133,
        0,
        0,
        4.133,
        0.602,
        0,
        5.4,
        0,
        0,
        6.233,
        0.642,
        0,
        7.3,
        0,
        0,
        8,
        0.7
      ]
    },
    {
      "Target": "Parameter",
      "Id": "Body_Shaking",
      "Segments": [
        0,
        0.569,
        1,
        0.233,
        1.673,
        0.467,
        2.34,
        0.7,
        2.34,
        0,
        1.9,
        0,
        0,
        3.267,
        2.16,
        0,
        4.767,
        0,
        0,
        6.2,
        2.243,
        0,
        7.467,
        0,
        1,
        7.645,
        0,
        7.822,
        0.095,
        8,
        0.569
      ]
    },
    {
      "Target": "Parameter",
      "Id": "Body_Twist",
      "Segments": [
        0,
        15.899,
        2,
        1,
        15.899,
        1,
        1.189,
        15.777,
        1.378,
        7.404,
        1.567,
        -0.001,
        1,
        1.989,
        -9.025,
        2.411,
        -23.378,
        2.833,
        -24.551,
        1,
        3.578,
        -26.618,
        4.322,
        -26.649,
        5.067,
        -26.649,
        1,
        5.578,
        -26.649,
        6.089,
        -12.086,
        6.6,
        0,
        1,
        6.756,
        7.067,
        6.911,
        15.139,
        7.067,
        15.9,
        2,
        8,
        15.9
      ]
    },
    {
      "Target": "Parameter",
      "Id": "Body_Pose1",
      "Segments": [
        0,
        6.177,
        0,
        1.1,
        -1.048,
        0,
        2.433,
        4.972,
        0,
        3.933,
        -1.048,
        0,
        5.333,
        6.268,
        0,
        6.9,
        -0.411,
        0,
        8,
        6.177
      ]
    },
    {
      "Target": "Parameter",
      "Id": "Waist_Roll",
      "Segments": [
        0,
        16.969,
        1,
        0.233,
        15.464,
        0.467,
        14.551,
        0.7,
        14.551,
        0,
        1.9,
        16.885,
        0,
        3.267,
        14.551,
        0,
        4.767,
        18.06,
        0,
        6.2,
        14.157,
        0,
        7.467,
        18.642,
        1,
        7.645,
        18.642,
        7.822,
        18.06,
        8,
        16.969
      ]
    },
    {
      "Target": "Parameter",
      "Id": "Head_AngleX",
      "Segments": [
        0,
        -6.12,
        0,
        1,
        -3.506,
        0,
        2.833,
        -9.626,
        1,
        3.578,
        -9.626,
        4.322,
        -9.633,
        5.067,
        -9.6,
        1,
        5.734,
        -9.571,
        6.4,
        -6.12,
        7.067,
        -6.12,
        2,
        8,
        -6.12
      ]
    },
    {
      "Target": "Parameter",
      "Id": "Head_AngleY",
      "Segments": [
        0,
        -21.631,
        1,
        0.311,
        -19.547,
        0.622,
        -16.26,
        0.933,
        -16.26,
        0,
        2.667,
        -22.62,
        1,
        3.1,
        -22.62,
        3.534,
        -22.63,
        3.967,
        -22.6,
        1,
        4.5,
        -22.564,
        5.034,
        -17.02,
        5.567,
        -17.02,
        0,
        7.3,
        -23.94,
        1,
        7.533,
        -23.94,
        7.767,
        -22.954,
        8,
        -21.631
      ]
    },
    {
      "Target": "Parameter",
      "Id": "Head_Roll",
      "Segments": [
        0,
        -23.465,
        0,
        0.6,
        -24.84,
        0,
        1.667,
        -15.166,
        0,
        2.8,
        -26.548,
        0,
        4.1,
        -20.91,
        0,
        5.267,
        -27.137,
        0,
        6.4,
        -17.439,
        0,
        7.267,
        -24.659,
        0,
        8,
        -23.465
      ]
    },
    {
      "Target": "Parameter",
      "Id": "BrowRY",
      "Segments": [
        0,
        0.173,
        1,
        0.244,
        0.155,
        0.489,
        0.161,
        0.733,
        0.161,
        2,
        5.567,
        0.161,
        0,
        7.133,
        0.197,
        1,
        7.422,
        0.197,
        7.711,
        0.187,
        8,
        0.173
      ]
    },
    {
      "Target": "Parameter",
      "Id": "BrowLY",
      "Segments": [
        0,
        0.169,
        1,
        0.244,
        0.157,
        0.489,
        0.161,
        0.733,
        0.161,
        2,
        5.567,
        0.161,
        0,
        7.133,
        0.199,
        1,
        7.422,
        0.199,
        7.711,
        0.186,
        8,
        0.169
      ]
    },
    {
      "Target": "Parameter",
      "Id": "HairFrontR_Move",
      "Segments": [
        0,
        2.608,
        1,
        0.133,
        -8.621,
        0.267,
        -13.977,
        0.4,
        -13.977,
        0,
        1.567,
        28.115,
        0,
        2.767,
        -19.256,
        0,
        3.867,
        17.261,
        0,
        4.933,
        -16.88,
        0,
        5.933,
        20.613,
        0,
        6.867,
        -16.18,
        0,
        7.533,
        24.775,
        1,
        7.689,
        24.775,
        7.844,
        13.668,
        8,
        2.608
      ]
    },
    {
      "Target": "Parameter",
      "Id": "HairFrontL_Move",
      "Segments": [
        0,
        7.379,
        1,
        0.156,
        -6.369,
        0.311,
        -14.828,
        0.467,
        -14.828,
        0,
        1.7,
        27.264,
        0,
        2.867,
        -15.443,
        0,
        4,
        12.298,
        0,
        5,
        -17.88,
        0,
        6.067,
        20.613,
        0,
        6.867,
        -10.395,
        0,
        7.6,
        22.291,
        1,
        7.733,
        22.291,
        7.867,
        15.732,
        8,
        7.379
      ]
    },
    {
      "Target": "Parameter",
      "Id": "HairSideR_Move",
      "Segments": [
        0,
        5.977,
        1,
        0.167,
        -6.849,
        0.333,
        -15.126,
        0.5,
        -15.126,
        0,
        1.7,
        23.194,
        0,
        2.967,
        -16.741,
        0,
        4.133,
        12,
        0,
        5.1,
        -12.12,
        0,
        6.167,
        18.667,
        0,
        6.933,
        -15.556,
        0,
        7.7,
        22.453,
        1,
        7.8,
        22.453,
        7.9,
        15.281,
        8,
        5.977
      ]
    },
    {
      "Target": "Parameter",
      "Id": "HairSideL_Move",
      "Segments": [
        0,
        4.914,
        1,
        0.167,
        -8.631,
        0.333,
        -17.37,
        0.5,
        -17.37,
        0,
        1.7,
        20.897,
        0,
        2.967,
        -16.741,
        0,
        4.133,
        13,
        0,
        5.1,
        -14.12,
        0,
        6.167,
        17.667,
        0,
        7,
        -12.185,
        0,
        7.7,
        20.156,
        1,
        7.8,
        20.156,
        7.9,
        12.809,
        8,
        4.914
      ]
    },
    {
      "Target": "Parameter",
      "Id": "HairBack_Move",
      "Segments": [
        0,
        10.944,
        1,
        0.2,
        -4.644,
        0.4,
        -17,
        0.6,
        -17,
        0,
        1.667,
        19.007,
        0,
        2.733,
        -15,
        0,
        3.533,
        12,
        0,
        4.667,
        -14.12,
        0,
        5.667,
        12,
        0,
        6.733,
        -15,
        0,
        7.733,
        16,
        1,
        7.822,
        16,
        7.911,
        12.63,
        8,
        8.491
      ]
    },
    {
      "Target": "Parameter",
      "Id": "HairTop_Move",
      "Segments": [
        0,
        -5.711,
        1,
        0.1,
        -14.358,
        0.2,
        -17,
        0.3,
        -17,
        0,
        1.233,
        20.156,
        0,
        2.233,
        -18,
        0,
        3.3,
        12,
        0,
        4.5,
        -13.12,
        0,
        5.533,
        12,
        0,
        6.5,
        -13.12,
        0,
        7.5,
        14.252,
        1,
        7.667,
        14.252,
        7.833,
        4.542,
        8,
        -5.711
      ]
    },
    {
      "Target": "Parameter",
      "Id": "ShoulderRY",
      "Segments": [
        0,
        20.574,
        1,
        0.256,
        18.031,
        0.511,
        16.54,
        0.767,
        16.54,
        0,
        1.9,
        18.68,
        0,
        3.1,
        11.398,
        0,
        4.433,
        18.358,
        0,
        6,
        15.17,
        0,
        7.5,
        23.364,
        1,
        7.667,
        23.364,
        7.833,
        22.347,
        8,
        20.574
      ]
    },
    {
      "Target": "Parameter",
      "Id": "ShoulderLY",
      "Segments": [
        0,
        0,
        2,
        1,
        0,
        1,
        1.689,
        0,
        2.378,
        12.821,
        3.067,
        13.92,
        1,
        3.767,
        15.037,
        4.467,
        14.82,
        5.167,
        14.82,
        0,
        7.567,
        0,
        2,
        8,
        0
      ]
    },
    {
      "Target": "Parameter",
      "Id": "ShoulderR_Roll",
      "Segments": [
        0,
        -7.727,
        1,
        0.333,
        -7.904,
        0.667,
        -8.151,
        1,
        -8.26,
        1,
        1.1,
        -8.293,
        1.2,
        -8.233,
        1.3,
        -8.303,
        1,
        1.811,
        -8.662,
        2.322,
        -10.626,
        2.833,
        -10.626,
        0,
        3.5,
        -10.524,
        0,
        5.167,
        -11.154,
        0,
        6.8,
        -6.901,
        0,
        8,
        -7.727
      ]
    },
    {
      "Target": "Parameter",
      "Id": "ShoulderL_Roll",
      "Segments": [
        0,
        16.17,
        2,
        1,
        16.17,
        0,
        2.833,
        14.14,
        2,
        5.067,
        14.14,
        0,
        7.1,
        16.17,
        2,
        8,
        16.17
      ]
    },
    {
      "Target": "Parameter",
      "Id": "ArmR_Roll",
      "Segments": [
        0,
        182.426,
        1,
        0.333,
        181.259,
        0.667,
        179.792,
        1,
        181.23,
        1,
        1.3,
        181.23,
        1.6,
        182.276,
        1.9,
        183.545,
        1,
        2.3,
        185.237,
        2.7,
        186.425,
        3.1,
        188.025,
        1,
        3.5,
        189.625,
        3.9,
        190.61,
        4.3,
        190.61,
        1,
        4.678,
        190.61,
        5.055,
        189.035,
        5.433,
        187.555,
        1,
        5.878,
        185.812,
        6.322,
        184.202,
        6.767,
        183.31,
        1,
        7.178,
        182.485,
        7.589,
        182.426,
        8,
        182.426
      ]
    },
    {
      "Target": "Parameter",
      "Id": "ArmL_Roll",
      "Segments": [
        0,
        -78.15,
        2,
        1,
        -78.15,
        0,
        2.833,
        -65.202,
        2,
        5.067,
        -65.202,
        0,
        7.1,
        -78.15,
        2,
        8,
        -78.15
      ]
    },
    {
      "Target": "Parameter",
      "Id": "ArmR_Form",
      "Segments": [
        0,
        -19.84,
        2,
        1,
        -19.84,
        1,
        1.611,
        -19.84,
        2.222,
        -22.43,
        2.833,
        -22.697,
        1,
        3.578,
        -23.023,
        4.322,
        -22.984,
        5.067,
        -22.984,
        0,
        7.1,
        -19.84,
        2,
        8,
        -19.84
      ]
    },
    {
      "Target": "Parameter",
      "Id": "ArmL_Form",
      "Segments": [
        0,
        -9.71,
        2,
        1,
        -9.71,
        0,
        2.833,
        -13.271,
        2,
        5.067,
        -13.271,
        0,
        7.1,
        -9.71,
        2,
        8,
        -9.71
      ]
    },
    {
      "Target": "Parameter",
      "Id": "ArmR_Form2",
      "Segments": [
        0,
        -14,
        1,
        0.222,
        -14.367,
        0.445,
        -14.6,
        0.667,
        -14.6,
        0,
        1,
        -14.47,
        0,
        2.833,
        -19.42,
        0,
        4.3,
        -18.926,
        0,
        5.433,
        -19.526,
        1,
        5.878,
        -19.526,
        6.322,
        -15.111,
        6.767,
        -13.85,
        1,
        7.178,
        -13.154,
        7.589,
        -13.589,
        8,
        -14
      ]
    },
    {
      "Target": "Parameter",
      "Id": "ArmL_Form2",
      "Segments": [
        0,
        -14.97,
        2,
        1,
        -14.97,
        0,
        2.833,
        -18.382,
        2,
        5.067,
        -18.382,
        0,
        7.1,
        -14.97,
        2,
        8,
        -14.97
      ]
    },
    {
      "Target": "Parameter",
      "Id": "ArmL_Sup_Form",
      "Segments": [
        0,
        -13,
        2,
        1,
        -13,
        0,
        2.833,
        -4,
        2,
        5.067,
        -4,
        0,
        7.067,
        -13,
        2,
        8,
        -13
      ]
    },
    {
      "Target": "Parameter",
      "Id": "HandR_Roll",
      "Segments": [
        0,
        -29.874,
        1,
        0.067,
        -30.017,
        0.133,
        -30,
        0.2,
        -30,
        0,
        1.567,
        -28.86,
        0,
        3.1,
        -34.447,
        1,
        3.678,
        -34.447,
        4.255,
        -34.239,
        4.833,
        -33.434,
        1,
        5.344,
        -32.721,
        5.856,
        -31.681,
        6.367,
        -30.706,
        1,
        6.722,
        -30.027,
        7.078,
        -29.569,
        7.433,
        -29.569,
        0,
        8,
        -29.874
      ]
    },
    {
      "Target": "Parameter",
      "Id": "HandL_Roll",
      "Segments": [
        0,
        -30,
        2,
        1,
        -30,
        0,
        2.833,
        -40,
        2,
        5.067,
        -40,
        0,
        7.067,
        -30,
        2,
        8,
        -30
      ]
    },
    {
      "Target": "Parameter",
      "Id": "HandR_Move",
      "Segments": [
        0,
        -22.014,
        1,
        0.222,
        -5.016,
        0.445,
        16.384,
        0.667,
        16.384,
        0,
        1.5,
        -20.822,
        0,
        2.567,
        9.589,
        0,
        3.5,
        -20.822,
        0,
        4.7,
        9.589,
        0,
        5.9,
        -20.822,
        0,
        6.767,
        9.589,
        0,
        7.8,
        -28,
        1,
        7.867,
        -28.259,
        7.933,
        -25.433,
        8,
        -22.014
      ]
    },
    {
      "Target": "Parameter",
      "Id": "HandL_Move",
      "Segments": [
        0,
        30,
        0,
        0.933,
        7.037,
        0,
        2.1,
        29.444,
        0,
        3.233,
        3.148,
        0,
        4.5,
        27.407,
        0,
        5.433,
        8.889,
        0,
        6.5,
        29.63,
        0,
        7.267,
        8.889,
        0,
        8,
        30
      ]
    },
    {
      "Target": "PartOpacity",
      "Id": "Part16",
      "Segments": [
        0,
        0,
        2,
        8,
        0
      ]
    },
    {
      "Target": "PartOpacity",
      "Id": "Part8",
      "Segments": [
        0,
        1,
        2,
        8,
        1
      ]
    },
    {
      "Target": "PartOpacity",
      "Id": "Part20",
      "Segments": [
        0,
        1,
        2,
        8,
        1
      ]
    },
    {
      "Target": "PartOpacity",
      "Id": "Part5",
      "Segments": [
        0,
        0,
        2,
        8,
        0
      ]
    },
    {
      "Target": "PartOpacity",
      "Id": "Part9",
      "Segments": [
        0,
        0,
        2,
        8,
        0
      ]
    },
    {
      "Target": "PartOpacity",
      "Id": "Part12",
      "Segments": [
        0,
        1,
        2,
        8,
        1
      ]
    },
    {
      "Target": "PartOpacity",
      "Id": "Part4",
      "Segments": [
        0,
        1,
        2,
        8,
        1
      ]
    },
    {
      "Target": "PartOpacity",
      "Id": "Part2",
      "Segments": [
        0,
        1,
        2,
        8,
        1
      ]
    },
    {
      "Target": "PartOpacity",
      "Id": "Part3",
      "Segments": [
        0,
        1,
        2,
        8,
        1
      ]
    },
    {
      "Target": "PartOpacity",
      "Id": "Part",
      "Segments": [
        0,
        1,
        2,
        8,
        1
      ]
    },
    {
      "Target": "PartOpacity",
      "Id": "Part15",
      "Segments": [
        0,
        0,
        2,
        8,
        0
      ]
    },
    {
      "Target": "PartOpacity",
      "Id": "Part18",
      "Segments": [
        0,
        1,
        2,
        8,
        1
      ]
    },
    {
      "Target": "PartOpacity",
      "Id": "Part19",
      "Segments": [
        0,
        1,
        2,
        8,
        1
      ]
    },
    {
      "Target": "PartOpacity",
      "Id": "Part17",
      "Segments": [
        0,
        0,
        2,
        8,
        0
      ]
    },
    {
      "Target": "PartOpacity",
      "Id": "Part10",
      "Segments": [
        0,
        1,
        2,
        8,
        1
      ]
    },
    {
      "Target": "PartOpacity",
      "Id": "Part11",
      "Segments": [
        0,
        1,
        2,
        8,
        1
      ]
    },
    {
      "Target": "PartOpacity",
      "Id": "Part6",
      "Segments": [
        0,
        0,
        2,
        8,
        0
      ]
    },
    {
      "Target": "PartOpacity",
      "Id": "Part7",
      "Segments": [
        0,
        1,
        2,
        8,
        1
      ]
    },
    {
      "Target": "PartOpacity",
      "Id": "Part21",
      "Segments": [
        0,
        1,
        2,
        8,
        1
      ]
    },
    {
      "Target": "PartOpacity",
      "Id": "Part13",
      "Segments": [
        0,
        1,
        2,
        8,
        1
      ]
    },
    {
      "Target": "PartOpacity",
      "Id": "Part14",
      "Segments": [
        0,
        1,
        2,
        8,
        1
      ]
    },
    {
      "Target": "Model",
      "Id": "Opacity",
      "Segments": [
        0,
        1,
        0,
        8,
        1
      ]
    },
    {
      "Target": "Parameter",
      "Id": "BodyPoX",
      "Segments": [
        0,
        0,
        0,
        8,
        0
      ]
    },
    {
      "Target": "Parameter",
      "Id": "BodyY",
      "Segments": [
        0,
        0,
        0,
        8,
        0
      ]
    },
    {
      "Target": "Parameter",
      "Id": "Head_RollY",
      "Segments": [
        0,
        0,
        0,
        8,
        0
      ]
    },
    {
      "Target": "Parameter",
      "Id": "Head02_Roll",
      "Segments": [
        0,
        -8.88,
        0,
        8,
        -8.88
      ]
    },
    {
      "Target": "Parameter",
      "Id": "EyeBallX",
      "Segments": [
        0,
        -0.2,
        0,
        8,
        -0.2
      ]
    },
    {
      "Target": "Parameter",
      "Id": "EyeBallY",
      "Segments": [
        0,
        -0.9,
        0,
        8,
        -0.9
      ]
    },
    {
      "Target": "Parameter",
      "Id": "Face_On",
      "Segments": [
        0,
        0,
        0,
        8,
        0
      ]
    },
    {
      "Target": "Parameter",
      "Id": "Brow_Form",
      "Segments": [
        0,
        0,
        0,
        8,
        0
      ]
    },
    {
      "Target": "Parameter",
      "Id": "Face2_On",
      "Segments": [
        0,
        0,
        0,
        8,
        0
      ]
    },
    {
      "Target": "Parameter",
      "Id": "Face2Y",
      "Segments": [
        0,
        0,
        0,
        8,
        0
      ]
    },
    {
      "Target": "Parameter",
      "Id": "Wet_On",
      "Segments": [
        0,
        0,
        0,
        8,
        0
      ]
    },
    {
      "Target": "Parameter",
      "Id": "EyeBall_size",
      "Segments": [
        0,
        0,
        0,
        8,
        0
      ]
    },
    {
      "Target": "Parameter",
      "Id": "BrowR_Angle",
      "Segments": [
        0,
        -0.482,
        0,
        8,
        -0.482
      ]
    },
    {
      "Target": "Parameter",
      "Id": "BrowL_Angle",
      "Segments": [
        0,
        0.482,
        0,
        8,
        0.482
      ]
    },
    {
      "Target": "Parameter",
      "Id": "BrowR_Form",
      "Segments": [
        0,
        0.015,
        0,
        8,
        0.015
      ]
    },
    {
      "Target": "Parameter",
      "Id": "BrowL_Form",
      "Segments": [
        0,
        0.015,
        0,
        8,
        0.015
      ]
    },
    {
      "Target": "Parameter",
      "Id": "BrowR_Form2",
      "Segments": [
        0,
        -26.985,
        0,
        8,
        -26.985
      ]
    },
    {
      "Target": "Parameter",
      "Id": "BrowL_Form2",
      "Segments": [
        0,
        -26.021,
        0,
        8,
        -26.021
      ]
    },
    {
      "Target": "Parameter",
      "Id": "EyeR_Open",
      "Segments": [
        0,
        0.8,
        0,
        8,
        0.8
      ]
    },
    {
      "Target": "Parameter",
      "Id": "EyeR_Smile",
      "Segments": [
        0,
        0.3,
        0,
        8,
        0.3
      ]
    },
    {
      "Target": "Parameter",
      "Id": "EyeL_Open",
      "Segments": [
        0,
        0.8,
        0,
        8,
        0.8
      ]
    },
    {
      "Target": "Parameter",
      "Id": "EyeL_Smile",
      "Segments": [
        0,
        0.3,
        0,
        8,
        0.3
      ]
    },
    {
      "Target": "Parameter",
      "Id": "MouthForm3",
      "Segments": [
        0,
        0,
        0,
        8,
        0
      ]
    },
    {
      "Target": "Parameter",
      "Id": "MouthForm2",
      "Segments": [
        0,
        0,
        0,
        8,
        0
      ]
    },
    {
      "Target": "Parameter",
      "Id": "MouthForm",
      "Segments": [
        0,
        1,
        0,
        8,
        1
      ]
    },
    {
      "Target": "Parameter",
      "Id": "Mouth_Open",
      "Segments": [
        0,
        1,
        0,
        8,
        1
      ]
    },
    {
      "Target": "Parameter",
      "Id": "Mouth_Size",
      "Segments": [
        0,
        1,
        0,
        8,
        1
      ]
    },
    {
      "Target": "Parameter",
      "Id": "ArmL_Sp",
      "Segments": [
        0,
        0,
        0,
        8,
        0
      ]
    },
    {
      "Target": "Parameter",
      "Id": "ArmL_Roll2",
      "Segments": [
        0,
        0,
        0,
        8,
        0
      ]
    },
    {
      "Target": "Parameter",
      "Id": "ArmR_Sup_Form",
      "Segments": [
        0,
        -30,
        0,
        8,
        -30
      ]
    },
    {
      "Target": "Parameter",
      "Id": "ArmLX",
      "Segments": [
        0,
        0,
        0,
        8,
        0
      ]
    },
    {
      "Target": "Parameter",
      "Id": "ArmLY",
      "Segments": [
        0,
        0,
        0,
        8,
        0
      ]
    },
    {
      "Target": "Parameter",
      "Id": "HandR_Form",
      "Segments": [
        0,
        0,
        0,
        8,
        0
      ]
    },
    {
      "Target": "Parameter",
      "Id": "LegR_Roll",
      "Segments": [
        0,
        2,
        0,
        8,
        2
      ]
    },
    {
      "Target": "Parameter",
      "Id": "LegL_Roll",
      "Segments": [
        0,
        30,
        0,
        8,
        30
      ]
    }
  ],
  "UserData": [
    {
      "Time": 0.0,
      "Value": ""
    }
  ]
}