{
  "Version": 3,
  "Meta": {
    "Duration": 1.67,
    "Fps": 30.0,
    "Loop": true,
    "AreBeziersRestricted": true,
    "CurveCount": 88,
    "TotalSegmentCount": 189,
    "TotalPointCount": 345,
    "UserDataCount": 1,
    "TotalUserDataSize": 0
  },
  "Curves": [
    {
      "Target": "Parameter",
      "Id": "Breath",
      "Segments": [
        0,
        0,
        0,
        0.733,
        0.532,
        0,
        1.667,
        0
      ]
    },
    {
      "Target": "Parameter",
      "Id": "Body_Shaking",
      "Segments": [
        0,
        0,
        1,
        0.122,
        -0.428,
        0.245,
        -0.84,
        0.367,
        -0.84,
        0,
        1.667,
        0.3
      ]
    },
    {
      "Target": "Parameter",
      "Id": "Body_Twist",
      "Segments": [
        0,
        0,
        2,
        0.3,
        0,
        0,
        0.733,
        18.42,
        2,
        1.667,
        18.42
      ]
    },
    {
      "Target": "Parameter",
      "Id": "Body_Pose1",
      "Segments": [
        0,
        0,
        1,
        0.111,
        -12.024,
        0.222,
        -21.749,
        0.333,
        -21.749,
        1,
        0.466,
        -21.749,
        0.6,
        -6.239,
        0.733,
        0,
        1,
        0.889,
        7.279,
        1.044,
        7.734,
        1.2,
        7.734,
        1,
        1.356,
        7.734,
        1.511,
        6.32,
        1.667,
        4.014
      ]
    },
    {
      "Target": "Parameter",
      "Id": "Waist_Roll",
      "Segments": [
        0,
        0,
        1,
        0.122,
        -0.785,
        0.245,
        -2.88,
        0.367,
        -2.88,
        1,
        0.589,
        -2.88,
        0.811,
        -0.702,
        1.033,
        -0.178,
        1,
        1.244,
        0.333,
        1.456,
        0.424,
        1.667,
        0.424
      ]
    },
    {
      "Target": "Parameter",
      "Id": "Head_AngleX",
      "Segments": [
        0,
        0,
        2,
        0.3,
        0,
        1,
        0.478,
        0,
        0.655,
        11.831,
        0.833,
        15.24,
        1,
        1.111,
        20.567,
        1.389,
        21.06,
        1.667,
        21.06
      ]
    },
    {
      "Target": "Parameter",
      "Id": "Head_AngleY",
      "Segments": [
        0,
        0,
        1,
        0.089,
        -20.695,
        0.178,
        -25.92,
        0.267,
        -25.92,
        1,
        0.378,
        -25.92,
        0.489,
        -19.522,
        0.6,
        -15.187,
        1,
        0.689,
        -11.73,
        0.778,
        -9.579,
        0.867,
        -7.958,
        1,
        1.134,
        -3.095,
        1.4,
        -1.354,
        1.667,
        -1.354
      ]
    },
    {
      "Target": "Parameter",
      "Id": "Head_Roll",
      "Segments": [
        0,
        0,
        1,
        0.1,
        -2.913,
        0.2,
        -5.316,
        0.3,
        -5.456,
        1,
        0.378,
        -5.456,
        0.455,
        -5.326,
        0.533,
        -3.801,
        1,
        0.655,
        -1.404,
        0.778,
        4.92,
        0.9,
        5.88,
        1,
        1.156,
        7.888,
        1.411,
        8.16,
        1.667,
        8.16
      ]
    },
    {
      "Target": "Parameter",
      "Id": "Head02_Roll",
      "Segments": [
        0,
        0,
        1,
        0.1,
        -1.91,
        0.2,
        -3.9,
        0.3,
        -3.9,
        1,
        0.344,
        -3.9,
        0.389,
        -3.98,
        0.433,
        -3.322,
        1,
        0.533,
        -1.842,
        0.633,
        0,
        0.733,
        0,
        2,
        1.667,
        0
      ]
    },
    {
      "Target": "Parameter",
      "Id": "BrowRY",
      "Segments": [
        0,
        0,
        1,
        0.111,
        -0.597,
        0.222,
        -1,
        0.333,
        -1,
        1,
        0.466,
        -1,
        0.6,
        -0.07,
        0.733,
        0,
        1,
        0.855,
        0.061,
        0.978,
        0.106,
        1.1,
        0.106,
        0,
        1.667,
        0
      ]
    },
    {
      "Target": "Parameter",
      "Id": "BrowLY",
      "Segments": [
        0,
        0,
        1,
        0.111,
        -0.41,
        0.222,
        -1,
        0.333,
        -1,
        1,
        0.466,
        -1,
        0.6,
        -0.07,
        0.733,
        0,
        1,
        0.855,
        0.056,
        0.978,
        0.102,
        1.1,
        0.102,
        0,
        1.667,
        0
      ]
    },
    {
      "Target": "Parameter",
      "Id": "BrowR_Angle",
      "Segments": [
        0,
        0,
        2,
        0.733,
        0,
        0,
        1.667,
        -0.2
      ]
    },
    {
      "Target": "Parameter",
      "Id": "BrowL_Angle",
      "Segments": [
        0,
        0,
        2,
        0.733,
        0,
        0,
        1.667,
        0.2
      ]
    },
    {
      "Target": "Parameter",
      "Id": "BrowR_Form",
      "Segments": [
        0,
        0,
        0,
        1.667,
        0.4
      ]
    },
    {
      "Target": "Parameter",
      "Id": "BrowL_Form",
      "Segments": [
        0,
        0,
        0,
        1.667,
        0.4
      ]
    },
    {
      "Target": "Parameter",
      "Id": "BrowR_Form2",
      "Segments": [
        0,
        0,
        1,
        0.111,
        -3.076,
        0.222,
        -9,
        0.333,
        -9,
        0,
        0.733,
        0,
        2,
        1.667,
        0
      ]
    },
    {
      "Target": "Parameter",
      "Id": "BrowL_Form2",
      "Segments": [
        0,
        0,
        1,
        0.111,
        -3.95,
        0.222,
        -9,
        0.333,
        -9,
        0,
        0.733,
        0,
        2,
        1.667,
        0
      ]
    },
    {
      "Target": "Parameter",
      "Id": "EyeR_Open",
      "Segments": [
        0,
        1,
        0,
        0.2,
        0,
        2,
        0.5,
        0,
        1,
        0.589,
        0,
        0.678,
        0.8,
        0.767,
        0.894,
        1,
        0.878,
        1.012,
        0.989,
        1,
        1.1,
        1,
        2,
        1.667,
        1
      ]
    },
    {
      "Target": "Parameter",
      "Id": "EyeR_Smile",
      "Segments": [
        0,
        0.5,
        2,
        0.5,
        0.5,
        1,
        0.756,
        0.627,
        1.011,
        0.723,
        1.267,
        0.73,
        1,
        1.4,
        0.734,
        1.534,
        0.7,
        1.667,
        0.7
      ]
    },
    {
      "Target": "Parameter",
      "Id": "EyeL_Open",
      "Segments": [
        0,
        1,
        0,
        0.2,
        0,
        2,
        0.5,
        0,
        1,
        0.589,
        0,
        0.678,
        0.8,
        0.767,
        0.894,
        1,
        0.878,
        1.012,
        0.989,
        1,
        1.1,
        1,
        2,
        1.667,
        1
      ]
    },
    {
      "Target": "Parameter",
      "Id": "EyeL_Smile",
      "Segments": [
        0,
        0.5,
        2,
        0.167,
        0.5,
        2,
        0.5,
        0.5,
        1,
        0.756,
        0.62,
        1.011,
        0.725,
        1.267,
        0.73,
        1,
        1.4,
        0.731,
        1.534,
        0.7,
        1.667,
        0.7
      ]
    },
    {
      "Target": "Parameter",
      "Id": "Mouth_Open",
      "Segments": [
        0,
        1,
        0,
        0.733,
        0.7,
        2,
        1.667,
        0.7
      ]
    },
    {
      "Target": "Parameter",
      "Id": "HairFrontR_Move",
      "Segments": [
        0,
        0,
        1,
        0.033,
        9.703,
        0.067,
        24.775,
        0.1,
        24.775,
        0,
        0.733,
        -19.48,
        0,
        1.467,
        28.572,
        1,
        1.534,
        28.572,
        1.6,
        26.964,
        1.667,
        23.852
      ]
    },
    {
      "Target": "Parameter",
      "Id": "HairFrontL_Move",
      "Segments": [
        0,
        0,
        1,
        0.044,
        7.735,
        0.089,
        22.291,
        0.133,
        22.291,
        0,
        0.733,
        -19.48,
        0,
        1.467,
        30,
        1,
        1.534,
        30,
        1.6,
        28.478,
        1.667,
        25.596
      ]
    },
    {
      "Target": "Parameter",
      "Id": "HairSideR_Move",
      "Segments": [
        0,
        0,
        1,
        0.044,
        14.444,
        0.089,
        30,
        0.133,
        30,
        0,
        0.767,
        -30,
        0,
        1.467,
        25.398,
        1,
        1.534,
        25.398,
        1.6,
        25.252,
        1.667,
        21.503
      ]
    },
    {
      "Target": "Parameter",
      "Id": "HairSideL_Move",
      "Segments": [
        0,
        0,
        1,
        0.044,
        11.111,
        0.089,
        30,
        0.133,
        30,
        0,
        0.767,
        -30,
        0,
        1.467,
        25.398,
        1,
        1.534,
        25.398,
        1.6,
        25.036,
        1.667,
        21.237
      ]
    },
    {
      "Target": "Parameter",
      "Id": "HairBack_Move",
      "Segments": [
        0,
        0,
        1,
        0.044,
        7.421,
        0.089,
        16,
        0.133,
        16,
        0,
        0.733,
        -18.48,
        0,
        1.467,
        26.546,
        1,
        1.534,
        26.546,
        1.6,
        25.428,
        1.667,
        22.294
      ]
    },
    {
      "Target": "Parameter",
      "Id": "HairTop_Move",
      "Segments": [
        0,
        0,
        1,
        0.044,
        7.537,
        0.089,
        16,
        0.133,
        16,
        0,
        0.733,
        -18.089,
        0,
        1.467,
        24.249,
        1,
        1.534,
        24.249,
        1.6,
        22.54,
        1.667,
        18.984
      ]
    },
    {
      "Target": "Parameter",
      "Id": "ShoulderRY",
      "Segments": [
        0,
        0,
        2,
        0.267,
        0,
        1,
        0.422,
        0,
        0.578,
        18.413,
        0.733,
        22,
        1,
        0.911,
        26.527,
        1.089,
        27.88,
        1.267,
        27.88,
        1,
        1.4,
        27.88,
        1.534,
        26.911,
        1.667,
        24.717
      ]
    },
    {
      "Target": "Parameter",
      "Id": "ShoulderLY",
      "Segments": [
        0,
        0,
        2,
        0.267,
        0,
        2,
        0.733,
        0,
        0,
        1.333,
        2.158,
        1,
        1.444,
        2.158,
        1.556,
        1.138,
        1.667,
        0
      ]
    },
    {
      "Target": "Parameter",
      "Id": "ShoulderR_Roll",
      "Segments": [
        0,
        0,
        1,
        0.122,
        -3.873,
        0.245,
        -6.751,
        0.367,
        -6.751,
        1,
        0.511,
        -6.161,
        0.656,
        -3.335,
        0.8,
        -3.019,
        1,
        0.922,
        -2.817,
        1.045,
        -2.641,
        1.167,
        -2.641,
        1,
        1.334,
        -2.641,
        1.5,
        -3.053,
        1.667,
        -3.581
      ]
    },
    {
      "Target": "Parameter",
      "Id": "ShoulderL_Roll",
      "Segments": [
        0,
        0,
        0,
        0.3,
        1.6,
        1,
        0.444,
        1.6,
        0.589,
        1.041,
        0.733,
        0.63,
        1,
        0.922,
        0.093,
        1.111,
        0,
        1.3,
        0,
        1,
        1.422,
        0,
        1.545,
        0.031,
        1.667,
        0.179
      ]
    },
    {
      "Target": "Parameter",
      "Id": "ArmR_Roll",
      "Segments": [
        0,
        0,
        1,
        0.067,
        0.966,
        0.133,
        -0.989,
        0.2,
        4.591,
        1,
        0.344,
        16.426,
        0.489,
        147.335,
        0.633,
        157.684,
        1,
        0.855,
        167.849,
        1.078,
        170.276,
        1.3,
        170.276,
        1,
        1.422,
        170.276,
        1.545,
        170.15,
        1.667,
        169.37
      ]
    },
    {
      "Target": "Parameter",
      "Id": "ArmL_Roll",
      "Segments": [
        0,
        0,
        1,
        0.1,
        0,
        0.2,
        -1.862,
        0.3,
        -2.764,
        1,
        0.444,
        -4.066,
        0.589,
        -4.995,
        0.733,
        -5.675,
        1,
        0.978,
        -6.826,
        1.222,
        -7.144,
        1.467,
        -7.144,
        1,
        1.534,
        -7.144,
        1.6,
        -7.09,
        1.667,
        -6.92
      ]
    },
    {
      "Target": "Parameter",
      "Id": "ArmR_Form",
      "Segments": [
        0,
        0,
        1,
        0.1,
        0,
        0.2,
        0.298,
        0.3,
        -2.255,
        1,
        0.444,
        -5.943,
        0.589,
        -15,
        0.733,
        -15,
        2,
        1.667,
        -15
      ]
    },
    {
      "Target": "Parameter",
      "Id": "ArmR_Form2",
      "Segments": [
        0,
        0,
        1,
        0.067,
        0,
        0.133,
        -1.079,
        0.2,
        -2.374,
        1,
        0.267,
        -3.855,
        0.333,
        -30,
        0.4,
        -30,
        0,
        0.733,
        -24.48,
        2,
        1.667,
        -24.48
      ]
    },
    {
      "Target": "Parameter",
      "Id": "ArmR_Sup_Form",
      "Segments": [
        0,
        0,
        1,
        0.178,
        0,
        0.355,
        -27.287,
        0.533,
        -29.57,
        1,
        0.6,
        -30,
        0.666,
        -30,
        0.733,
        -30,
        2,
        1.667,
        -30
      ]
    },
    {
      "Target": "Parameter",
      "Id": "HandR_Roll",
      "Segments": [
        0,
        0,
        1,
        0.089,
        -0.741,
        0.178,
        -0.93,
        0.267,
        -0.93,
        1,
        0.422,
        -0.93,
        0.578,
        13.236,
        0.733,
        15.34,
        1,
        1.044,
        20.211,
        1.356,
        20.8,
        1.667,
        20.8
      ]
    },
    {
      "Target": "Parameter",
      "Id": "HandL_Roll",
      "Segments": [
        0,
        0,
        1,
        0.144,
        3.369,
        0.289,
        6.929,
        0.433,
        6.929,
        0,
        1.667,
        -6.513
      ]
    },
    {
      "Target": "Parameter",
      "Id": "LegR_Roll",
      "Segments": [
        0,
        0,
        2,
        0.333,
        0,
        0,
        0.733,
        10,
        2,
        1.667,
        10
      ]
    },
    {
      "Target": "Parameter",
      "Id": "LegL_Roll",
      "Segments": [
        0,
        0,
        2,
        0.333,
        0,
        0,
        0.733,
        -2,
        2,
        1.667,
        -2
      ]
    },
    {
      "Target": "PartOpacity",
      "Id": "Part16",
      "Segments": [
        0,
        0,
        2,
        1.67,
        0
      ]
    },
    {
      "Target": "PartOpacity",
      "Id": "Part8",
      "Segments": [
        0,
        1,
        2,
        1.67,
        1
      ]
    },
    {
      "Target": "PartOpacity",
      "Id": "Part20",
      "Segments": [
        0,
        0,
        2,
        1.67,
        0
      ]
    },
    {
      "Target": "PartOpacity",
      "Id": "Part5",
      "Segments": [
        0,
        0,
        2,
        1.67,
        0
      ]
    },
    {
      "Target": "PartOpacity",
      "Id": "Part9",
      "Segments": [
        0,
        1,
        2,
        1.67,
        1
      ]
    },
    {
      "Target": "PartOpacity",
      "Id": "Part12",
      "Segments": [
        0,
        1,
        2,
        1.67,
        1
      ]
    },
    {
      "Target": "PartOpacity",
      "Id": "Part4",
      "Segments": [
        0,
        1,
        2,
        1.67,
        1
      ]
    },
    {
      "Target": "PartOpacity",
      "Id": "Part2",
      "Segments": [
        0,
        1,
        2,
        1.67,
        1
      ]
    },
    {
      "Target": "PartOpacity",
      "Id": "Part3",
      "Segments": [
        0,
        1,
        2,
        1.67,
        1
      ]
    },
    {
      "Target": "PartOpacity",
      "Id": "Part",
      "Segments": [
        0,
        1,
        2,
        1.67,
        1
      ]
    },
    {
      "Target": "PartOpacity",
      "Id": "Part15",
      "Segments": [
        0,
        0,
        2,
        1.67,
        0
      ]
    },
    {
      "Target": "PartOpacity",
      "Id": "Part18",
      "Segments": [
        0,
        0,
        2,
        0.3,
        1,
        2,
        1.67,
        1
      ]
    },
    {
      "Target": "PartOpacity",
      "Id": "Part19",
      "Segments": [
        0,
        0,
        2,
        0.3,
        0,
        2,
        1.67,
        0
      ]
    },
    {
      "Target": "PartOpacity",
      "Id": "Part17",
      "Segments": [
        0,
        1,
        2,
        1.67,
        1
      ]
    },
    {
      "Target": "PartOpacity",
      "Id": "Part10",
      "Segments": [
        0,
        1,
        2,
        1.67,
        1
      ]
    },
    {
      "Target": "PartOpacity",
      "Id": "Part11",
      "Segments": [
        0,
        1,
        2,
        1.67,
        1
      ]
    },
    {
      "Target": "PartOpacity",
      "Id": "Part6",
      "Segments": [
        0,
        1,
        2,
        0.3,
        0,
        2,
        1.67,
        0
      ]
    },
    {
      "Target": "PartOpacity",
      "Id": "Part7",
      "Segments": [
        0,
        1,
        2,
        0.3,
        1,
        2,
        1.67,
        1
      ]
    },
    {
      "Target": "PartOpacity",
      "Id": "Part21",
      "Segments": [
        0,
        1,
        2,
        1.67,
        1
      ]
    },
    {
      "Target": "PartOpacity",
      "Id": "Part13",
      "Segments": [
        0,
        1,
        2,
        1.67,
        1
      ]
    },
    {
      "Target": "PartOpacity",
      "Id": "Part14",
      "Segments": [
        0,
        1,
        2,
        1.67,
        1
      ]
    },
    {
      "Target": "Model",
      "Id": "Opacity",
      "Segments": [
        0,
        1,
        0,
        1.67,
        1
      ]
    },
    {
      "Target": "Parameter",
      "Id": "BodyPoX",
      "Segments": [
        0,
        0,
        0,
        1.67,
        0
      ]
    },
    {
      "Target": "Parameter",
      "Id": "BodyY",
      "Segments": [
        0,
        0,
        0,
        1.67,
        0
      ]
    },
    {
      "Target": "Parameter",
      "Id": "Head_RollY",
      "Segments": [
        0,
        0,
        0,
        1.67,
        0
      ]
    },
    {
      "Target": "Parameter",
      "Id": "EyeBallX",
      "Segments": [
        0,
        0,
        0,
        1.67,
        0
      ]
    },
    {
      "Target": "Parameter",
      "Id": "EyeBallY",
      "Segments": [
        0,
        0,
        0,
        1.67,
        0
      ]
    },
    {
      "Target": "Parameter",
      "Id": "Face_On",
      "Segments": [
        0,
        0,
        0,
        1.67,
        0
      ]
    },
    {
      "Target": "Parameter",
      "Id": "Brow_Form",
      "Segments": [
        0,
        0,
        0,
        1.67,
        0
      ]
    },
    {
      "Target": "Parameter",
      "Id": "Face2_On",
      "Segments": [
        0,
        0,
        0,
        1.67,
        0
      ]
    },
    {
      "Target": "Parameter",
      "Id": "Face2Y",
      "Segments": [
        0,
        0,
        0,
        1.67,
        0
      ]
    },
    {
      "Target": "Parameter",
      "Id": "Wet_On",
      "Segments": [
        0,
        0,
        0,
        1.67,
        0
      ]
    },
    {
      "Target": "Parameter",
      "Id": "EyeBall_size",
      "Segments": [
        0,
        0,
        0,
        1.67,
        0
      ]
    },
    {
      "Target": "Parameter",
      "Id": "MouthForm3",
      "Segments": [
        0,
        0,
        0,
        1.67,
        0
      ]
    },
    {
      "Target": "Parameter",
      "Id": "MouthForm2",
      "Segments": [
        0,
        0,
        0,
        1.67,
        0
      ]
    },
    {
      "Target": "Parameter",
      "Id": "MouthForm",
      "Segments": [
        0,
        1,
        0,
        1.67,
        1
      ]
    },
    {
      "Target": "Parameter",
      "Id": "Mouth_Size",
      "Segments": [
        0,
        1,
        0,
        1.67,
        1
      ]
    },
    {
      "Target": "Parameter",
      "Id": "ArmL_Sp",
      "Segments": [
        0,
        0,
        0,
        1.67,
        0
      ]
    },
    {
      "Target": "Parameter",
      "Id": "ArmL_Roll2",
      "Segments": [
        0,
        0,
        0,
        1.67,
        0
      ]
    },
    {
      "Target": "Parameter",
      "Id": "ArmL_Form",
      "Segments": [
        0,
        0,
        0,
        1.67,
        0
      ]
    },
    {
      "Target": "Parameter",
      "Id": "ArmL_Form2",
      "Segments": [
        0,
        0,
        0,
        1.67,
        0
      ]
    },
    {
      "Target": "Parameter",
      "Id": "ArmL_Sup_Form",
      "Segments": [
        0,
        0,
        0,
        1.67,
        0
      ]
    },
    {
      "Target": "Parameter",
      "Id": "ArmLX",
      "Segments": [
        0,
        0,
        0,
        1.67,
        0
      ]
    },
    {
      "Target": "Parameter",
      "Id": "ArmLY",
      "Segments": [
        0,
        0,
        0,
        1.67,
        0
      ]
    },
    {
      "Target": "Parameter",
      "Id": "HandR_Form",
      "Segments": [
        0,
        0,
        0,
        1.67,
        0
      ]
    },
    {
      "Target": "Parameter",
      "Id": "HandR_Move",
      "Segments": [
        0,
        0,
        0,
        1.67,
        0
      ]
    },
    {
      "Target": "Parameter",
      "Id": "HandL_Move",
      "Segments": [
        0,
        0,
        0,
        1.67,
        0
      ]
    }
  ],
  "UserData": [
    {
      "Time": 0.0,
      "Value": ""
    }
  ]
}