{
  "Version": 3,
  "Meta": {
    "Duration": 2.0,
    "Fps": 30.0,
    "Loop": true,
    "AreBeziersRestricted": true,
    "CurveCount": 88,
    "TotalSegmentCount": 216,
    "TotalPointCount": 352,
    "UserDataCount": 1,
    "TotalUserDataSize": 0
  },
  "Curves": [
    {
      "Target": "Parameter",
      "Id": "BodyPoX",
      "Segments": [
        0,
        0,
        0,
        0.4,
        2.34,
        0,
        0.967,
        0,
        2,
        2,
        0
      ]
    },
    {
      "Target": "Parameter",
      "Id": "Breath",
      "Segments": [
        0,
        0,
        2,
        0.967,
        0,
        0,
        2,
        0.7
      ]
    },
    {
      "Target": "Parameter",
      "Id": "BodyY",
      "Segments": [
        0,
        0,
        0,
        0.4,
        -1.9,
        0,
        0.833,
        1.221,
        0,
        1.4,
        0,
        2,
        2,
        0
      ]
    },
    {
      "Target": "Parameter",
      "Id": "Body_Shaking",
      "Segments": [
        0,
        0,
        1,
        0.122,
        1.963,
        0.245,
        4.899,
        0.367,
        4.899,
        0,
        0.9,
        0,
        2,
        1.7,
        0,
        0,
        2,
        0.569
      ]
    },
    {
      "Target": "Parameter",
      "Id": "Body_Twist",
      "Segments": [
        0,
        0,
        2,
        0.367,
        0,
        0,
        0.967,
        15.9,
        1,
        1.311,
        15.9,
        1.656,
        15.9,
        2,
        15.899
      ]
    },
    {
      "Target": "Parameter",
      "Id": "Body_Pose1",
      "Segments": [
        0,
        0,
        0,
        0.333,
        -14,
        1,
        0.544,
        -14,
        0.756,
        -2.774,
        0.967,
        0.436,
        1,
        1.311,
        5.672,
        1.656,
        6.177,
        2,
        6.177
      ]
    },
    {
      "Target": "Parameter",
      "Id": "Waist_Roll",
      "Segments": [
        0,
        0,
        1,
        0.122,
        -4.81,
        0.245,
        -10.066,
        0.367,
        -10.066,
        1,
        0.545,
        -10.066,
        0.722,
        12.691,
        0.9,
        15.42,
        1,
        1.133,
        19.001,
        1.367,
        18.901,
        1.6,
        18.901,
        1,
        1.733,
        18.901,
        1.867,
        18.06,
        2,
        16.969
      ]
    },
    {
      "Target": "Parameter",
      "Id": "Head_AngleX",
      "Segments": [
        0,
        0,
        1,
        0.322,
        -3.162,
        0.645,
        -6.12,
        0.967,
        -6.12,
        2,
        2,
        -6.12
      ]
    },
    {
      "Target": "Parameter",
      "Id": "Head_AngleY",
      "Segments": [
        0,
        0,
        1,
        0.322,
        -7.196,
        0.645,
        -14.232,
        0.967,
        -20.1,
        1,
        1.134,
        -23.312,
        1.3,
        -23.94,
        1.467,
        -23.94,
        1,
        1.645,
        -23.94,
        1.822,
        -22.774,
        2,
        -21.631
      ]
    },
    {
      "Target": "Parameter",
      "Id": "Head_Roll",
      "Segments": [
        0,
        0,
        1,
        0.122,
        -5.21,
        0.245,
        -10.885,
        0.367,
        -15.313,
        1,
        0.567,
        -23.405,
        0.767,
        -24.84,
        0.967,
        -24.84,
        0,
        2,
        -23.465
      ]
    },
    {
      "Target": "Parameter",
      "Id": "Head02_Roll",
      "Segments": [
        0,
        0,
        1,
        0.122,
        2.621,
        0.245,
        5.76,
        0.367,
        5.76,
        0,
        0.967,
        -8.88,
        2,
        2,
        -8.88
      ]
    },
    {
      "Target": "Parameter",
      "Id": "EyeBallX",
      "Segments": [
        0,
        0,
        2,
        0.5,
        0,
        0,
        0.967,
        -0.2,
        2,
        2,
        -0.2
      ]
    },
    {
      "Target": "Parameter",
      "Id": "EyeBallY",
      "Segments": [
        0,
        0,
        2,
        0.5,
        0,
        0,
        0.967,
        -0.9,
        2,
        2,
        -0.9
      ]
    },
    {
      "Target": "Parameter",
      "Id": "BrowRY",
      "Segments": [
        0,
        0,
        0,
        0.433,
        -1,
        0,
        0.967,
        0.406,
        1,
        1.311,
        0.53,
        1.656,
        0.196,
        2,
        0.173
      ]
    },
    {
      "Target": "Parameter",
      "Id": "BrowLY",
      "Segments": [
        0,
        0,
        1,
        0.144,
        -0.395,
        0.289,
        -1,
        0.433,
        -1,
        0,
        0.967,
        0.398,
        1,
        1.311,
        0.469,
        1.656,
        0.169,
        2,
        0.169
      ]
    },
    {
      "Target": "Parameter",
      "Id": "BrowR_Angle",
      "Segments": [
        0,
        0,
        0,
        0.967,
        -0.5,
        0,
        2,
        -0.482
      ]
    },
    {
      "Target": "Parameter",
      "Id": "BrowL_Angle",
      "Segments": [
        0,
        0,
        0,
        0.967,
        0.5,
        0,
        2,
        0.482
      ]
    },
    {
      "Target": "Parameter",
      "Id": "BrowR_Form",
      "Segments": [
        0,
        0,
        2,
        0.967,
        0,
        0,
        2,
        0.015
      ]
    },
    {
      "Target": "Parameter",
      "Id": "BrowL_Form",
      "Segments": [
        0,
        0,
        2,
        0.967,
        0,
        0,
        2,
        0.015
      ]
    },
    {
      "Target": "Parameter",
      "Id": "BrowR_Form2",
      "Segments": [
        0,
        0,
        1,
        0.144,
        0,
        0.289,
        -2.756,
        0.433,
        -11,
        1,
        0.611,
        -21.147,
        0.789,
        -28,
        0.967,
        -28,
        0,
        2,
        -26.985
      ]
    },
    {
      "Target": "Parameter",
      "Id": "BrowL_Form2",
      "Segments": [
        0,
        0,
        1,
        0.144,
        0,
        0.289,
        -2.996,
        0.433,
        -11,
        1,
        0.611,
        -20.852,
        0.789,
        -27,
        0.967,
        -27,
        0,
        2,
        -26.021
      ]
    },
    {
      "Target": "Parameter",
      "Id": "EyeR_Open",
      "Segments": [
        0,
        1,
        1,
        0.078,
        0.744,
        0.155,
        0,
        0.233,
        0,
        2,
        0.467,
        0,
        0,
        0.967,
        0.8,
        2,
        2,
        0.8
      ]
    },
    {
      "Target": "Parameter",
      "Id": "EyeR_Smile",
      "Segments": [
        0,
        0.5,
        0,
        0.967,
        0.3,
        2,
        2,
        0.3
      ]
    },
    {
      "Target": "Parameter",
      "Id": "EyeL_Open",
      "Segments": [
        0,
        1,
        1,
        0.078,
        0.682,
        0.155,
        0,
        0.233,
        0,
        2,
        0.467,
        0,
        0,
        0.967,
        0.8,
        2,
        2,
        0.8
      ]
    },
    {
      "Target": "Parameter",
      "Id": "EyeL_Smile",
      "Segments": [
        0,
        0.5,
        0,
        0.967,
        0.3,
        2,
        2,
        0.3
      ]
    },
    {
      "Target": "Parameter",
      "Id": "MouthForm3",
      "Segments": [
        0,
        0,
        0,
        0.967,
        -30,
        0,
        2,
        0
      ]
    },
    {
      "Target": "Parameter",
      "Id": "Mouth_Size",
      "Segments": [
        0,
        1,
        0,
        0.967,
        0.5,
        0,
        2,
        1
      ]
    },
    {
      "Target": "Parameter",
      "Id": "HairFrontR_Move",
      "Segments": [
        0,
        0,
        1,
        0.033,
        9.703,
        0.067,
        24.775,
        0.1,
        24.775,
        0,
        0.733,
        -19.48,
        0,
        1.4,
        28.14,
        1,
        1.6,
        28.14,
        1.8,
        19.452,
        2,
        2.608
      ]
    },
    {
      "Target": "Parameter",
      "Id": "HairFrontL_Move",
      "Segments": [
        0,
        0,
        1,
        0.044,
        7.735,
        0.089,
        22.291,
        0.133,
        22.291,
        0,
        0.733,
        -19.48,
        0,
        1.467,
        29.587,
        1,
        1.645,
        29.587,
        1.822,
        23.092,
        2,
        7.379
      ]
    },
    {
      "Target": "Parameter",
      "Id": "HairSideR_Move",
      "Segments": [
        0,
        0,
        1,
        0.044,
        14.444,
        0.089,
        30,
        0.133,
        30,
        0,
        0.767,
        -30,
        0,
        1.467,
        24.966,
        1,
        1.645,
        24.966,
        1.822,
        19.658,
        2,
        5.977
      ]
    },
    {
      "Target": "Parameter",
      "Id": "HairSideL_Move",
      "Segments": [
        0,
        0,
        1,
        0.044,
        11.111,
        0.089,
        30,
        0.133,
        30,
        0,
        0.767,
        -30,
        0,
        1.467,
        24.966,
        1,
        1.645,
        24.966,
        1.822,
        19.361,
        2,
        4.914
      ]
    },
    {
      "Target": "Parameter",
      "Id": "HairBack_Move",
      "Segments": [
        0,
        0,
        1,
        0.044,
        7.421,
        0.089,
        16,
        0.133,
        16,
        0,
        0.733,
        -18.48,
        0,
        1.533,
        26.115,
        1,
        1.689,
        26.115,
        1.844,
        23.069,
        2,
        10.944
      ]
    },
    {
      "Target": "Parameter",
      "Id": "HairTop_Move",
      "Segments": [
        0,
        0,
        1,
        0.044,
        7.537,
        0.089,
        16,
        0.133,
        16,
        0,
        0.733,
        -18.089,
        0,
        1.367,
        23.817,
        1,
        1.578,
        23.817,
        1.789,
        12.542,
        2,
        -5.711
      ]
    },
    {
      "Target": "Parameter",
      "Id": "ShoulderRY",
      "Segments": [
        0,
        0,
        1,
        0.167,
        -6.601,
        0.333,
        -14.64,
        0.5,
        -14.64,
        1,
        0.633,
        -14.64,
        0.767,
        10.894,
        0.9,
        16.295,
        1,
        1.067,
        22.681,
        1.233,
        23.364,
        1.4,
        23.364,
        1,
        1.6,
        23.364,
        1.8,
        22.563,
        2,
        20.574
      ]
    },
    {
      "Target": "Parameter",
      "Id": "ShoulderLY",
      "Segments": [
        0,
        0,
        2,
        0.067,
        0,
        0,
        0.433,
        11.234,
        0,
        0.967,
        0,
        2,
        2,
        0
      ]
    },
    {
      "Target": "Parameter",
      "Id": "ShoulderR_Roll",
      "Segments": [
        0,
        0,
        1,
        0.133,
        -2.632,
        0.267,
        -5.055,
        0.4,
        -6.668,
        1,
        0.556,
        -7.983,
        0.711,
        -7.9,
        0.867,
        -7.9,
        1,
        0.989,
        -7.9,
        1.111,
        -7.603,
        1.233,
        -7.523,
        1,
        1.489,
        -7.394,
        1.744,
        -7.561,
        2,
        -7.727
      ]
    },
    {
      "Target": "Parameter",
      "Id": "ShoulderL_Roll",
      "Segments": [
        0,
        0,
        2,
        0.067,
        0,
        0,
        0.433,
        26.066,
        0,
        0.667,
        16.17,
        2,
        2,
        16.17
      ]
    },
    {
      "Target": "Parameter",
      "Id": "ArmR_Roll",
      "Segments": [
        0,
        0,
        1,
        0.067,
        0,
        0.133,
        -2.081,
        0.2,
        -0.34,
        1,
        0.411,
        7.629,
        0.622,
        113.367,
        0.833,
        158.662,
        1,
        0.933,
        177.046,
        1.033,
        180.615,
        1.133,
        182.37,
        1,
        1.422,
        186.396,
        1.711,
        183.461,
        2,
        182.426
      ]
    },
    {
      "Target": "Parameter",
      "Id": "ArmL_Roll",
      "Segments": [
        0,
        0,
        2,
        0.067,
        0,
        0,
        0.433,
        -81.25,
        0,
        0.667,
        -78.15,
        2,
        2,
        -78.15
      ]
    },
    {
      "Target": "Parameter",
      "Id": "ArmR_Form",
      "Segments": [
        0,
        0,
        1,
        0.133,
        -3.708,
        0.267,
        -7.33,
        0.4,
        -11.487,
        1,
        0.556,
        -15.78,
        0.711,
        -19.84,
        0.867,
        -19.84,
        2,
        2,
        -19.84
      ]
    },
    {
      "Target": "Parameter",
      "Id": "ArmL_Form",
      "Segments": [
        0,
        0,
        2,
        0.067,
        0,
        0,
        0.433,
        -11.562,
        0,
        0.667,
        -9.71,
        2,
        2,
        -9.71
      ]
    },
    {
      "Target": "Parameter",
      "Id": "ArmR_Form2",
      "Segments": [
        0,
        0,
        1,
        0.133,
        0,
        0.267,
        -0.403,
        0.4,
        -6.181,
        1,
        0.489,
        -12.634,
        0.578,
        -29.026,
        0.667,
        -29.026,
        1,
        0.822,
        -29.026,
        0.978,
        -14.567,
        1.133,
        -14,
        1,
        1.422,
        -12.828,
        1.711,
        -13.497,
        2,
        -14
      ]
    },
    {
      "Target": "Parameter",
      "Id": "ArmL_Form2",
      "Segments": [
        0,
        0,
        2,
        0.067,
        0,
        0,
        0.533,
        -16.746,
        0,
        0.667,
        -14.97,
        2,
        2,
        -14.97
      ]
    },
    {
      "Target": "Parameter",
      "Id": "ArmR_Sup_Form",
      "Segments": [
        0,
        0,
        1,
        0.167,
        0,
        0.333,
        -2.308,
        0.5,
        -10,
        1,
        0.578,
        -13.59,
        0.655,
        -23.876,
        0.733,
        -26.842,
        1,
        0.811,
        -29.808,
        0.889,
        -30,
        0.967,
        -30,
        2,
        2,
        -30
      ]
    },
    {
      "Target": "Parameter",
      "Id": "ArmL_Sup_Form",
      "Segments": [
        0,
        0,
        0,
        0.967,
        -13,
        2,
        2,
        -13
      ]
    },
    {
      "Target": "Parameter",
      "Id": "HandR_Roll",
      "Segments": [
        0,
        0,
        1,
        0.144,
        0,
        0.289,
        -0.301,
        0.433,
        -2.947,
        1,
        0.5,
        -4.168,
        0.566,
        -29.41,
        0.633,
        -29.41,
        0,
        1.233,
        -28.86,
        1,
        1.489,
        -28.86,
        1.744,
        -29.323,
        2,
        -29.874
      ]
    },
    {
      "Target": "Parameter",
      "Id": "HandL_Roll",
      "Segments": [
        0,
        0,
        0,
        0.233,
        18,
        0,
        0.6,
        -30,
        2,
        2,
        -30
      ]
    },
    {
      "Target": "Parameter",
      "Id": "HandR_Form",
      "Segments": [
        0,
        0,
        1,
        0.011,
        0,
        0.022,
        -30,
        0.033,
        -30,
        2,
        0.333,
        -30,
        1,
        0.366,
        -30,
        0.4,
        -30.563,
        0.433,
        -25.65,
        1,
        0.511,
        -14.186,
        0.589,
        0,
        0.667,
        0,
        2,
        2,
        0
      ]
    },
    {
      "Target": "Parameter",
      "Id": "HandR_Move",
      "Segments": [
        0,
        0,
        2,
        1.1,
        0,
        0,
        1.8,
        -28,
        1,
        1.867,
        -28,
        1.933,
        -26.597,
        2,
        -22.014
      ]
    },
    {
      "Target": "Parameter",
      "Id": "HandL_Move",
      "Segments": [
        0,
        0,
        0,
        0.333,
        30,
        1,
        0.444,
        30,
        0.556,
        29.719,
        0.667,
        24.532,
        1,
        0.8,
        18.308,
        0.934,
        8.889,
        1.067,
        8.889,
        0,
        2,
        30
      ]
    },
    {
      "Target": "Parameter",
      "Id": "LegR_Roll",
      "Segments": [
        0,
        0,
        0,
        0.4,
        2.72,
        0,
        0.8,
        2,
        2,
        2,
        2
      ]
    },
    {
      "Target": "Parameter",
      "Id": "LegL_Roll",
      "Segments": [
        0,
        0,
        0,
        0.4,
        -5.7,
        1,
        0.533,
        -5.7,
        0.667,
        23.872,
        0.8,
        26.793,
        1,
        0.956,
        30.2,
        1.111,
        30,
        1.267,
        30,
        2,
        2,
        30
      ]
    },
    {
      "Target": "PartOpacity",
      "Id": "Part16",
      "Segments": [
        0,
        0,
        2,
        2,
        0
      ]
    },
    {
      "Target": "PartOpacity",
      "Id": "Part8",
      "Segments": [
        0,
        1,
        2,
        0.23,
        1,
        2,
        2,
        1
      ]
    },
    {
      "Target": "PartOpacity",
      "Id": "Part20",
      "Segments": [
        0,
        0,
        2,
        0.23,
        1,
        2,
        2,
        1
      ]
    },
    {
      "Target": "PartOpacity",
      "Id": "Part5",
      "Segments": [
        0,
        0,
        2,
        0.23,
        0,
        2,
        2,
        0
      ]
    },
    {
      "Target": "PartOpacity",
      "Id": "Part9",
      "Segments": [
        0,
        1,
        2,
        0.23,
        0,
        2,
        2,
        0
      ]
    },
    {
      "Target": "PartOpacity",
      "Id": "Part12",
      "Segments": [
        0,
        1,
        2,
        2,
        1
      ]
    },
    {
      "Target": "PartOpacity",
      "Id": "Part4",
      "Segments": [
        0,
        1,
        2,
        2,
        1
      ]
    },
    {
      "Target": "PartOpacity",
      "Id": "Part2",
      "Segments": [
        0,
        1,
        2,
        2,
        1
      ]
    },
    {
      "Target": "PartOpacity",
      "Id": "Part3",
      "Segments": [
        0,
        1,
        2,
        2,
        1
      ]
    },
    {
      "Target": "PartOpacity",
      "Id": "Part",
      "Segments": [
        0,
        1,
        2,
        2,
        1
      ]
    },
    {
      "Target": "PartOpacity",
      "Id": "Part15",
      "Segments": [
        0,
        0,
        2,
        2,
        0
      ]
    },
    {
      "Target": "PartOpacity",
      "Id": "Part18",
      "Segments": [
        0,
        0,
        2,
        0.33,
        1,
        2,
        2,
        1
      ]
    },
    {
      "Target": "PartOpacity",
      "Id": "Part19",
      "Segments": [
        0,
        0,
        2,
        0.33,
        1,
        2,
        2,
        1
      ]
    },
    {
      "Target": "PartOpacity",
      "Id": "Part17",
      "Segments": [
        0,
        1,
        2,
        0.33,
        0,
        2,
        2,
        0
      ]
    },
    {
      "Target": "PartOpacity",
      "Id": "Part10",
      "Segments": [
        0,
        1,
        2,
        2,
        1
      ]
    },
    {
      "Target": "PartOpacity",
      "Id": "Part11",
      "Segments": [
        0,
        1,
        2,
        2,
        1
      ]
    },
    {
      "Target": "PartOpacity",
      "Id": "Part6",
      "Segments": [
        0,
        1,
        2,
        0.33,
        0,
        2,
        2,
        0
      ]
    },
    {
      "Target": "PartOpacity",
      "Id": "Part7",
      "Segments": [
        0,
        1,
        2,
        2,
        1
      ]
    },
    {
      "Target": "PartOpacity",
      "Id": "Part21",
      "Segments": [
        0,
        1,
        2,
        2,
        1
      ]
    },
    {
      "Target": "PartOpacity",
      "Id": "Part13",
      "Segments": [
        0,
        1,
        2,
        2,
        1
      ]
    },
    {
      "Target": "PartOpacity",
      "Id": "Part14",
      "Segments": [
        0,
        1,
        2,
        2,
        1
      ]
    },
    {
      "Target": "Model",
      "Id": "Opacity",
      "Segments": [
        0,
        1,
        0,
        2,
        1
      ]
    },
    {
      "Target": "Parameter",
      "Id": "Head_RollY",
      "Segments": [
        0,
        0,
        0,
        2,
        0
      ]
    },
    {
      "Target": "Parameter",
      "Id": "Face_On",
      "Segments": [
        0,
        0,
        0,
        2,
        0
      ]
    },
    {
      "Target": "Parameter",
      "Id": "Brow_Form",
      "Segments": [
        0,
        0,
        0,
        2,
        0
      ]
    },
    {
      "Target": "Parameter",
      "Id": "Face2_On",
      "Segments": [
        0,
        0,
        0,
        2,
        0
      ]
    },
    {
      "Target": "Parameter",
      "Id": "Face2Y",
      "Segments": [
        0,
        0,
        0,
        2,
        0
      ]
    },
    {
      "Target": "Parameter",
      "Id": "Wet_On",
      "Segments": [
        0,
        0,
        0,
        2,
        0
      ]
    },
    {
      "Target": "Parameter",
      "Id": "EyeBall_size",
      "Segments": [
        0,
        0,
        0,
        2,
        0
      ]
    },
    {
      "Target": "Parameter",
      "Id": "MouthForm2",
      "Segments": [
        0,
        0,
        0,
        2,
        0
      ]
    },
    {
      "Target": "Parameter",
      "Id": "MouthForm",
      "Segments": [
        0,
        1,
        0,
        2,
        1
      ]
    },
    {
      "Target": "Parameter",
      "Id": "Mouth_Open",
      "Segments": [
        0,
        1,
        0,
        2,
        1
      ]
    },
    {
      "Target": "Parameter",
      "Id": "ArmL_Sp",
      "Segments": [
        0,
        0,
        0,
        2,
        0
      ]
    },
    {
      "Target": "Parameter",
      "Id": "ArmL_Roll2",
      "Segments": [
        0,
        0,
        0,
        2,
        0
      ]
    },
    {
      "Target": "Parameter",
      "Id": "ArmLX",
      "Segments": [
        0,
        0,
        0,
        2,
        0
      ]
    },
    {
      "Target": "Parameter",
      "Id": "ArmLY",
      "Segments": [
        0,
        0,
        0,
        2,
        0
      ]
    }
  ],
  "UserData": [
    {
      "Time": 0.0,
      "Value": ""
    }
  ]
}