{
  "Version": 3,
  "Meta": {
    "Duration": 8.0,
    "Fps": 30.0,
    "Loop": true,
    "AreBeziersRestricted": true,
    "CurveCount": 88,
    "TotalSegmentCount": 244,
    "TotalPointCount": 360,
    "UserDataCount": 1,
    "TotalUserDataSize": 0
  },
  "Curves": [
    {
      "Target": "Parameter",
      "Id": "Breath",
      "Segments": [
        0,
        0.163,
        1,
        0.278,
        0.259,
        0.555,
        0.367,
        0.833,
        0.367,
        0,
        2.133,
        0,
        0,
        3.533,
        0.367,
        0,
        4.967,
        0,
        0,
        6.367,
        0.367,
        0,
        7.467,
        0,
        1,
        7.634,
        0,
        7.8,
        0.069,
        7.967,
        0.151,
        2,
        8,
        0.151
      ]
    },
    {
      "Target": "Parameter",
      "Id": "Body_Shaking",
      "Segments": [
        0,
        1.365,
        1,
        0.133,
        1.636,
        0.267,
        1.762,
        0.4,
        1.762,
        0,
        2.433,
        -1.291,
        0,
        4.467,
        1.762,
        0,
        6.467,
        -1.291,
        1,
        6.967,
        -1.291,
        7.467,
        0.221,
        7.967,
        1.294,
        2,
        8,
        1.294
      ]
    },
    {
      "Target": "Parameter",
      "Id": "Body_Twist",
      "Segments": [
        0,
        25.986,
        1,
        0.2,
        24.624,
        0.4,
        11.381,
        0.6,
        -0.144,
        1,
        0.989,
        -11.284,
        1.378,
        -15.54,
        1.767,
        -17.031,
        1,
        2.722,
        -20.548,
        3.678,
        -19.28,
        4.633,
        -18.32,
        1,
        5.078,
        -17.899,
        5.522,
        -12.106,
        5.967,
        0.249,
        1,
        6.134,
        10.44,
        6.3,
        19.326,
        6.467,
        21.353,
        1,
        6.967,
        25.319,
        7.467,
        26.101,
        7.967,
        26.101,
        2,
        8,
        26.101
      ]
    },
    {
      "Target": "Parameter",
      "Id": "Head_AngleX",
      "Segments": [
        0,
        2.308,
        1,
        0.756,
        2.281,
        1.511,
        1.335,
        2.267,
        0,
        1,
        2.756,
        -0.864,
        3.244,
        -1.091,
        3.733,
        -1.091,
        1,
        4.5,
        -1.091,
        5.266,
        -0.055,
        6.033,
        1.118,
        1,
        6.678,
        2.104,
        7.322,
        2.309,
        7.967,
        2.309,
        2,
        8,
        2.309
      ]
    },
    {
      "Target": "Parameter",
      "Id": "Head_AngleY",
      "Segments": [
        0,
        0.689,
        1,
        0.256,
        3.481,
        0.511,
        4.795,
        0.767,
        4.795,
        0,
        2.767,
        -6.106,
        0,
        4.9,
        2.886,
        0,
        6.8,
        -6.106,
        1,
        7.189,
        -6.106,
        7.578,
        -2.822,
        7.967,
        0.316,
        2,
        8,
        0.316
      ]
    },
    {
      "Target": "Parameter",
      "Id": "Head_Roll",
      "Segments": [
        0,
        1.945,
        1,
        0.5,
        0.408,
        1,
        -2.712,
        1.5,
        -2.712,
        0,
        3.833,
        2.224,
        0,
        5.533,
        -2.572,
        0,
        7.467,
        2.816,
        1,
        7.634,
        2.816,
        7.8,
        2.605,
        7.967,
        2.045,
        2,
        8,
        2.045
      ]
    },
    {
      "Target": "Parameter",
      "Id": "BrowRY",
      "Segments": [
        0,
        -0.16,
        1,
        0.5,
        -0.084,
        1,
        0.006,
        1.5,
        0.014,
        1,
        2.511,
        0.03,
        3.522,
        0.042,
        4.533,
        0.038,
        1,
        5.178,
        0.034,
        5.822,
        -0.183,
        6.467,
        -0.2,
        1,
        6.967,
        -0.211,
        7.467,
        -0.216,
        7.967,
        -0.165,
        2,
        8,
        -0.165
      ]
    },
    {
      "Target": "Parameter",
      "Id": "BrowLY",
      "Segments": [
        0,
        -0.161,
        1,
        0.5,
        -0.094,
        1,
        0.004,
        1.5,
        0.015,
        1,
        2.511,
        0.037,
        3.522,
        0.038,
        4.533,
        0.038,
        1,
        5.178,
        0.038,
        5.822,
        -0.179,
        6.467,
        -0.2,
        1,
        6.967,
        -0.214,
        7.467,
        -0.213,
        7.967,
        -0.165,
        2,
        8,
        -0.165
      ]
    },
    {
      "Target": "Parameter",
      "Id": "HairFrontR_Move",
      "Segments": [
        0,
        16.095,
        1,
        0.444,
        14.422,
        0.889,
        -19.89,
        1.333,
        -19.89,
        0,
        2.667,
        16.159,
        0,
        4.167,
        -17.592,
        0,
        5.667,
        14.738,
        0,
        6.9,
        -16.882,
        0,
        7.967,
        16.159,
        2,
        8,
        16.159
      ]
    },
    {
      "Target": "Parameter",
      "Id": "HairFrontL_Move",
      "Segments": [
        0,
        14.554,
        1,
        0.044,
        15.368,
        0.089,
        15.817,
        0.133,
        15.817,
        0,
        1.567,
        -18.374,
        0,
        3.1,
        13.349,
        0,
        4.567,
        -17.14,
        0,
        6.1,
        13.349,
        0,
        7.233,
        -15.782,
        1,
        7.478,
        -15.782,
        7.722,
        7.07,
        7.967,
        13.877,
        2,
        8,
        13.877
      ]
    },
    {
      "Target": "Parameter",
      "Id": "HairSideR_Move",
      "Segments": [
        0,
        24.021,
        1,
        0.422,
        21.501,
        0.845,
        -27.636,
        1.267,
        -27.636,
        0,
        2.6,
        23.799,
        0,
        4.133,
        -25.107,
        0,
        5.667,
        25.235,
        0,
        6.933,
        -26.638,
        0,
        7.967,
        24.122,
        2,
        8,
        24.122
      ]
    },
    {
      "Target": "Parameter",
      "Id": "HairSideL_Move",
      "Segments": [
        0,
        22.925,
        1,
        0.511,
        20.872,
        1.022,
        -27.377,
        1.533,
        -27.377,
        0,
        2.7,
        20.334,
        0,
        4.2,
        -23.577,
        0,
        5.7,
        22.993,
        0,
        7.067,
        -23.577,
        0,
        7.967,
        22.993,
        2,
        8,
        22.993
      ]
    },
    {
      "Target": "Parameter",
      "Id": "HairBack_Move",
      "Segments": [
        0,
        -2.588,
        1,
        0.233,
        7.918,
        0.467,
        14.331,
        0.7,
        14.331,
        0,
        1.967,
        -19.449,
        0,
        3.367,
        15.995,
        0,
        5,
        -21.653,
        0,
        6.3,
        15.995,
        0,
        7.533,
        -16.301,
        1,
        7.678,
        -16.301,
        7.822,
        -10.188,
        7.967,
        -4.117,
        2,
        8,
        -4.117
      ]
    },
    {
      "Target": "Parameter",
      "Id": "HairTop_Move",
      "Segments": [
        0,
        7.42,
        1,
        0.533,
        6.747,
        1.067,
        -9.746,
        1.6,
        -9.746,
        0,
        2.933,
        7.441,
        0,
        4.4,
        -9.746,
        0,
        5.633,
        6.231,
        0,
        6.967,
        -7.217,
        0,
        7.967,
        7.441,
        2,
        8,
        7.441
      ]
    },
    {
      "Target": "Parameter",
      "Id": "ShoulderRY",
      "Segments": [
        0,
        6.498,
        1,
        0.644,
        6.17,
        1.289,
        -3.498,
        1.933,
        -3.498,
        0,
        4.3,
        4.453,
        0,
        6.333,
        -4.519,
        0,
        7.967,
        6.506,
        2,
        8,
        6.506
      ]
    },
    {
      "Target": "Parameter",
      "Id": "ShoulderLY",
      "Segments": [
        0,
        5.957,
        1,
        0.644,
        5.647,
        1.289,
        -3.498,
        1.933,
        -3.498,
        0,
        4.3,
        4.364,
        0,
        6.333,
        -4.028,
        0,
        7.967,
        5.965,
        2,
        8,
        5.965
      ]
    },
    {
      "Target": "Parameter",
      "Id": "ShoulderR_Roll",
      "Segments": [
        0,
        -0.195,
        1,
        0.311,
        -0.78,
        0.622,
        -1.392,
        0.933,
        -1.392,
        0,
        2.933,
        0.749,
        0,
        4.967,
        -1.224,
        0,
        6.933,
        0.947,
        1,
        7.278,
        0.947,
        7.622,
        0.641,
        7.967,
        0.112,
        2,
        8,
        0.112
      ]
    },
    {
      "Target": "Parameter",
      "Id": "ShoulderL_Roll",
      "Segments": [
        0,
        0.612,
        1,
        0.167,
        0.899,
        0.333,
        0.977,
        0.5,
        0.977,
        0,
        2.467,
        -2.085,
        0,
        5.133,
        0.736,
        0,
        6.8,
        -2.013,
        1,
        7.189,
        -2.013,
        7.578,
        -0.555,
        7.967,
        0.552,
        2,
        8,
        0.552
      ]
    },
    {
      "Target": "Parameter",
      "Id": "ArmR_Roll",
      "Segments": [
        0,
        -0.294,
        1,
        0.511,
        -0.713,
        1.022,
        -2.378,
        1.533,
        -2.378,
        0,
        3.4,
        -1.127,
        0,
        5.467,
        -2.378,
        0,
        7.267,
        0.111,
        1,
        7.5,
        0.111,
        7.734,
        0,
        7.967,
        -0.268,
        2,
        8,
        -0.268
      ]
    },
    {
      "Target": "Parameter",
      "Id": "ArmL_Roll",
      "Segments": [
        0,
        0.004,
        1,
        0.156,
        0.28,
        0.311,
        0.397,
        0.467,
        0.397,
        0,
        3.133,
        -5.026,
        0,
        5.133,
        0.271,
        0,
        6.8,
        -3.83,
        1,
        7.189,
        -3.83,
        7.578,
        -0.417,
        7.967,
        -0.058,
        2,
        8,
        -0.058
      ]
    },
    {
      "Target": "Parameter",
      "Id": "ArmR_Sup_Form",
      "Segments": [
        0,
        -2.442,
        1,
        0.289,
        -0.93,
        0.578,
        0,
        0.867,
        0,
        0,
        2.833,
        -5.662,
        0,
        5.233,
        -1.499,
        0,
        7.067,
        -5.229,
        1,
        7.367,
        -5.229,
        7.667,
        -4.463,
        7.967,
        -2.619,
        2,
        8,
        -2.619
      ]
    },
    {
      "Target": "Parameter",
      "Id": "ArmL_Sup_Form",
      "Segments": [
        0,
        -1.557,
        1,
        0.333,
        -2.802,
        0.667,
        -3.53,
        1,
        -3.53,
        0,
        3.267,
        0,
        0,
        4.9,
        -3.53,
        0,
        7.167,
        0,
        1,
        7.434,
        0,
        7.7,
        -0.566,
        7.967,
        -1.431,
        2,
        8,
        -1.431
      ]
    },
    {
      "Target": "Parameter",
      "Id": "HandR_Roll",
      "Segments": [
        0,
        -1.584,
        1,
        0.189,
        -2.882,
        0.378,
        -3.376,
        0.567,
        -3.376,
        0,
        2.5,
        5.217,
        0,
        4.6,
        -3.376,
        0,
        6.7,
        4.784,
        1,
        7.122,
        4.784,
        7.545,
        0.833,
        7.967,
        -1.346,
        2,
        8,
        -1.346
      ]
    },
    {
      "Target": "Parameter",
      "Id": "HandL_Roll",
      "Segments": [
        0,
        -3.369,
        1,
        0.3,
        -1.708,
        0.6,
        -0.04,
        0.9,
        -0.04,
        0,
        2.933,
        -5.479,
        0,
        5.367,
        -0.292,
        0,
        7.3,
        -5.39,
        1,
        7.522,
        -5.39,
        7.745,
        -4.863,
        7.967,
        -3.554,
        2,
        8,
        -3.554
      ]
    },
    {
      "Target": "Parameter",
      "Id": "LegR_Roll",
      "Segments": [
        0,
        1.856,
        1,
        0.589,
        1.724,
        1.178,
        -1.86,
        1.767,
        -1.86,
        2,
        4.233,
        -1.86,
        1,
        4.844,
        -1.86,
        5.456,
        0.965,
        6.067,
        1.44,
        1,
        6.7,
        1.932,
        7.334,
        1.86,
        7.967,
        1.86,
        2,
        8,
        1.86
      ]
    },
    {
      "Target": "Parameter",
      "Id": "LegL_Roll",
      "Segments": [
        0,
        4.247,
        1,
        0.589,
        3.981,
        1.178,
        -3.202,
        1.767,
        -3.202,
        2,
        4.233,
        -3.202,
        1,
        4.911,
        -3.202,
        5.589,
        1.898,
        6.267,
        3.29,
        1,
        6.834,
        4.453,
        7.4,
        4.255,
        7.967,
        4.255,
        2,
        8,
        4.255
      ]
    },
    {
      "Target": "PartOpacity",
      "Id": "Part16",
      "Segments": [
        0,
        0,
        2,
        7.97,
        0,
        2,
        8,
        0
      ]
    },
    {
      "Target": "PartOpacity",
      "Id": "Part8",
      "Segments": [
        0,
        1,
        2,
        7.97,
        1,
        2,
        8,
        1
      ]
    },
    {
      "Target": "PartOpacity",
      "Id": "Part20",
      "Segments": [
        0,
        0,
        2,
        7.97,
        0,
        2,
        8,
        0
      ]
    },
    {
      "Target": "PartOpacity",
      "Id": "Part5",
      "Segments": [
        0,
        0,
        2,
        7.97,
        0,
        2,
        8,
        0
      ]
    },
    {
      "Target": "PartOpacity",
      "Id": "Part9",
      "Segments": [
        0,
        1,
        2,
        7.97,
        1,
        2,
        8,
        1
      ]
    },
    {
      "Target": "PartOpacity",
      "Id": "Part12",
      "Segments": [
        0,
        1,
        2,
        7.97,
        1,
        2,
        8,
        1
      ]
    },
    {
      "Target": "PartOpacity",
      "Id": "Part4",
      "Segments": [
        0,
        1,
        2,
        7.97,
        1,
        2,
        8,
        1
      ]
    },
    {
      "Target": "PartOpacity",
      "Id": "Part2",
      "Segments": [
        0,
        1,
        2,
        7.97,
        1,
        2,
        8,
        1
      ]
    },
    {
      "Target": "PartOpacity",
      "Id": "Part3",
      "Segments": [
        0,
        1,
        2,
        7.97,
        1,
        2,
        8,
        1
      ]
    },
    {
      "Target": "PartOpacity",
      "Id": "Part",
      "Segments": [
        0,
        1,
        2,
        7.97,
        1,
        2,
        8,
        1
      ]
    },
    {
      "Target": "PartOpacity",
      "Id": "Part15",
      "Segments": [
        0,
        0,
        2,
        7.97,
        0,
        2,
        8,
        0
      ]
    },
    {
      "Target": "PartOpacity",
      "Id": "Part18",
      "Segments": [
        0,
        0,
        2,
        7.97,
        0,
        2,
        8,
        0
      ]
    },
    {
      "Target": "PartOpacity",
      "Id": "Part19",
      "Segments": [
        0,
        0,
        2,
        7.97,
        0,
        2,
        8,
        0
      ]
    },
    {
      "Target": "PartOpacity",
      "Id": "Part17",
      "Segments": [
        0,
        1,
        2,
        7.97,
        1,
        2,
        8,
        1
      ]
    },
    {
      "Target": "PartOpacity",
      "Id": "Part10",
      "Segments": [
        0,
        1,
        2,
        7.97,
        1,
        2,
        8,
        1
      ]
    },
    {
      "Target": "PartOpacity",
      "Id": "Part11",
      "Segments": [
        0,
        1,
        2,
        7.97,
        1,
        2,
        8,
        1
      ]
    },
    {
      "Target": "PartOpacity",
      "Id": "Part6",
      "Segments": [
        0,
        1,
        2,
        7.97,
        1,
        2,
        8,
        1
      ]
    },
    {
      "Target": "PartOpacity",
      "Id": "Part7",
      "Segments": [
        0,
        1,
        2,
        7.97,
        1,
        2,
        8,
        1
      ]
    },
    {
      "Target": "PartOpacity",
      "Id": "Part21",
      "Segments": [
        0,
        1,
        2,
        7.97,
        1,
        2,
        8,
        1
      ]
    },
    {
      "Target": "PartOpacity",
      "Id": "Part13",
      "Segments": [
        0,
        1,
        2,
        7.97,
        1,
        2,
        8,
        1
      ]
    },
    {
      "Target": "PartOpacity",
      "Id": "Part14",
      "Segments": [
        0,
        1,
        2,
        7.97,
        1,
        2,
        8,
        1
      ]
    },
    {
      "Target": "Model",
      "Id": "Opacity",
      "Segments": [
        0,
        1,
        0,
        8,
        1
      ]
    },
    {
      "Target": "Parameter",
      "Id": "BodyPoX",
      "Segments": [
        0,
        0,
        0,
        8,
        0
      ]
    },
    {
      "Target": "Parameter",
      "Id": "BodyY",
      "Segments": [
        0,
        0,
        0,
        8,
        0
      ]
    },
    {
      "Target": "Parameter",
      "Id": "Body_Pose1",
      "Segments": [
        0,
        0,
        0,
        8,
        0
      ]
    },
    {
      "Target": "Parameter",
      "Id": "Waist_Roll",
      "Segments": [
        0,
        0,
        0,
        8,
        0
      ]
    },
    {
      "Target": "Parameter",
      "Id": "Head_RollY",
      "Segments": [
        0,
        0,
        0,
        8,
        0
      ]
    },
    {
      "Target": "Parameter",
      "Id": "Head02_Roll",
      "Segments": [
        0,
        0,
        0,
        8,
        0
      ]
    },
    {
      "Target": "Parameter",
      "Id": "EyeBallX",
      "Segments": [
        0,
        0,
        0,
        8,
        0
      ]
    },
    {
      "Target": "Parameter",
      "Id": "EyeBallY",
      "Segments": [
        0,
        0,
        0,
        8,
        0
      ]
    },
    {
      "Target": "Parameter",
      "Id": "Face_On",
      "Segments": [
        0,
        0,
        0,
        8,
        0
      ]
    },
    {
      "Target": "Parameter",
      "Id": "Brow_Form",
      "Segments": [
        0,
        0,
        0,
        8,
        0
      ]
    },
    {
      "Target": "Parameter",
      "Id": "Face2_On",
      "Segments": [
        0,
        0,
        0,
        8,
        0
      ]
    },
    {
      "Target": "Parameter",
      "Id": "Face2Y",
      "Segments": [
        0,
        0,
        0,
        8,
        0
      ]
    },
    {
      "Target": "Parameter",
      "Id": "Wet_On",
      "Segments": [
        0,
        0,
        0,
        8,
        0
      ]
    },
    {
      "Target": "Parameter",
      "Id": "EyeBall_size",
      "Segments": [
        0,
        0,
        0,
        8,
        0
      ]
    },
    {
      "Target": "Parameter",
      "Id": "BrowR_Angle",
      "Segments": [
        0,
        0,
        0,
        8,
        0
      ]
    },
    {
      "Target": "Parameter",
      "Id": "BrowL_Angle",
      "Segments": [
        0,
        0,
        0,
        8,
        0
      ]
    },
    {
      "Target": "Parameter",
      "Id": "BrowR_Form",
      "Segments": [
        0,
        0,
        0,
        8,
        0
      ]
    },
    {
      "Target": "Parameter",
      "Id": "BrowL_Form",
      "Segments": [
        0,
        0,
        0,
        8,
        0
      ]
    },
    {
      "Target": "Parameter",
      "Id": "BrowR_Form2",
      "Segments": [
        0,
        0,
        0,
        8,
        0
      ]
    },
    {
      "Target": "Parameter",
      "Id": "BrowL_Form2",
      "Segments": [
        0,
        0,
        0,
        8,
        0
      ]
    },
    {
      "Target": "Parameter",
      "Id": "EyeR_Open",
      "Segments": [
        0,
        1,
        0,
        8,
        1
      ]
    },
    {
      "Target": "Parameter",
      "Id": "EyeR_Smile",
      "Segments": [
        0,
        0.5,
        0,
        8,
        0.5
      ]
    },
    {
      "Target": "Parameter",
      "Id": "EyeL_Open",
      "Segments": [
        0,
        1,
        0,
        8,
        1
      ]
    },
    {
      "Target": "Parameter",
      "Id": "EyeL_Smile",
      "Segments": [
        0,
        0.5,
        0,
        8,
        0.5
      ]
    },
    {
      "Target": "Parameter",
      "Id": "MouthForm3",
      "Segments": [
        0,
        0,
        0,
        8,
        0
      ]
    },
    {
      "Target": "Parameter",
      "Id": "MouthForm2",
      "Segments": [
        0,
        0,
        0,
        8,
        0
      ]
    },
    {
      "Target": "Parameter",
      "Id": "MouthForm",
      "Segments": [
        0,
        1,
        0,
        8,
        1
      ]
    },
    {
      "Target": "Parameter",
      "Id": "Mouth_Open",
      "Segments": [
        0,
        1,
        0,
        8,
        1
      ]
    },
    {
      "Target": "Parameter",
      "Id": "Mouth_Size",
      "Segments": [
        0,
        1,
        0,
        8,
        1
      ]
    },
    {
      "Target": "Parameter",
      "Id": "ArmL_Sp",
      "Segments": [
        0,
        0,
        0,
        8,
        0
      ]
    },
    {
      "Target": "Parameter",
      "Id": "ArmL_Roll2",
      "Segments": [
        0,
        0,
        0,
        8,
        0
      ]
    },
    {
      "Target": "Parameter",
      "Id": "ArmR_Form",
      "Segments": [
        0,
        0,
        0,
        8,
        0
      ]
    },
    {
      "Target": "Parameter",
      "Id": "ArmL_Form",
      "Segments": [
        0,
        0,
        0,
        8,
        0
      ]
    },
    {
      "Target": "Parameter",
      "Id": "ArmR_Form2",
      "Segments": [
        0,
        0,
        0,
        8,
        0
      ]
    },
    {
      "Target": "Parameter",
      "Id": "ArmL_Form2",
      "Segments": [
        0,
        0,
        0,
        8,
        0
      ]
    },
    {
      "Target": "Parameter",
      "Id": "ArmLX",
      "Segments": [
        0,
        0,
        0,
        8,
        0
      ]
    },
    {
      "Target": "Parameter",
      "Id": "ArmLY",
      "Segments": [
        0,
        0,
        0,
        8,
        0
      ]
    },
    {
      "Target": "Parameter",
      "Id": "HandR_Form",
      "Segments": [
        0,
        0,
        0,
        8,
        0
      ]
    },
    {
      "Target": "Parameter",
      "Id": "HandR_Move",
      "Segments": [
        0,
        0,
        0,
        8,
        0
      ]
    },
    {
      "Target": "Parameter",
      "Id": "HandL_Move",
      "Segments": [
        0,
        0,
        0,
        8,
        0
      ]
    }
  ],
  "UserData": [
    {
      "Time": 0.0,
      "Value": ""
    }
  ]
}