{
  "Version": 3,
  "Meta": {
    "Duration": 8.0,
    "Fps": 30.0,
    "Loop": true,
    "AreBeziersRestricted": true,
    "CurveCount": 88,
    "TotalSegmentCount": 236,
    "TotalPointCount": 254,
    "UserDataCount": 1,
    "TotalUserDataSize": 0
  },
  "Curves": [
    {
      "Target": "Parameter",
      "Id": "Breath",
      "Segments": [
        0,
        0.353,
        0,
        1.367,
        0.003,
        0,
        2.5,
        0.393,
        0,
        3.9,
        0,
        0,
        5.4,
        0.336,
        0,
        6.8,
        0,
        0,
        8,
        0.353
      ]
    },
    {
      "Target": "Parameter",
      "Id": "Body_Shaking",
      "Segments": [
        0,
        18.553,
        1,
        2.667,
        18.522,
        5.333,
        18.496,
        8,
        18.496
      ]
    },
    {
      "Target": "Parameter",
      "Id": "Body_Twist",
      "Segments": [
        0,
        -12.926,
        1,
        0.444,
        -12.917,
        0.889,
        -12.914,
        1.333,
        -12.914,
        1,
        1.911,
        -12.914,
        2.489,
        -23.463,
        3.067,
        -24.043,
        1,
        3.934,
        -24.913,
        4.8,
        -24.853,
        5.667,
        -24.853,
        1,
        6.145,
        -24.853,
        6.622,
        -13.002,
        7.1,
        -12.953,
        1,
        7.4,
        -12.922,
        7.7,
        -12.935,
        8,
        -12.935
      ]
    },
    {
      "Target": "Parameter",
      "Id": "Waist_Roll",
      "Segments": [
        0,
        -20.906,
        0,
        1.1,
        -24.083,
        0,
        2.367,
        -20.04,
        0,
        3.867,
        -24,
        0,
        5.4,
        -20.718,
        0,
        6.8,
        -23.56,
        0,
        8,
        -20.599
      ]
    },
    {
      "Target": "Parameter",
      "Id": "Head_AngleX",
      "Segments": [
        0,
        -2.387,
        0,
        1.1,
        -7.14,
        0,
        3.033,
        -0.469,
        0,
        4.533,
        -4.26,
        0,
        6.033,
        -2.387,
        0,
        7.2,
        -4.376,
        0,
        8,
        -2.387
      ]
    },
    {
      "Target": "Parameter",
      "Id": "Head_AngleY",
      "Segments": [
        0,
        -9.294,
        0,
        1.1,
        -15.234,
        0,
        2.333,
        -9.294,
        0,
        3.633,
        -16.972,
        0,
        5.367,
        -4.641,
        0,
        6.933,
        -16.972,
        0,
        8,
        -9.294
      ]
    },
    {
      "Target": "Parameter",
      "Id": "Head_Roll",
      "Segments": [
        0,
        30,
        0,
        1.1,
        27.06,
        0,
        2.233,
        30,
        0,
        3.4,
        27.761,
        0,
        4.367,
        30,
        0,
        5.5,
        27.571,
        0,
        6.567,
        29.759,
        0,
        7.333,
        27.06,
        0,
        8,
        30
      ]
    },
    {
      "Target": "Parameter",
      "Id": "Head02_Roll",
      "Segments": [
        0,
        -30,
        0,
        1.1,
        -23.82,
        0,
        2.233,
        -29.04,
        0,
        3.4,
        -24.658,
        0,
        4.367,
        -28.26,
        0,
        5.367,
        -24.83,
        0,
        6.333,
        -28.182,
        0,
        7.267,
        -25.227,
        0,
        8,
        -30
      ]
    },
    {
      "Target": "Parameter",
      "Id": "Face2Y",
      "Segments": [
        0,
        0,
        2,
        1.567,
        0,
        0,
        2.733,
        20.48,
        0,
        4.167,
        0,
        2,
        8,
        0
      ]
    },
    {
      "Target": "Parameter",
      "Id": "BrowRY",
      "Segments": [
        0,
        0.2,
        2,
        1.567,
        0.2,
        0,
        2.733,
        0.5,
        0,
        4.167,
        0.2,
        2,
        8,
        0.2
      ]
    },
    {
      "Target": "Parameter",
      "Id": "BrowLY",
      "Segments": [
        0,
        0.3,
        2,
        1.567,
        0.3,
        0,
        2.733,
        0.5,
        0,
        4.167,
        0.3,
        2,
        8,
        0.3
      ]
    },
    {
      "Target": "Parameter",
      "Id": "BrowR_Form2",
      "Segments": [
        0,
        0,
        2,
        1.567,
        0,
        0,
        2.733,
        -11,
        0,
        4.167,
        0,
        2,
        8,
        0
      ]
    },
    {
      "Target": "Parameter",
      "Id": "BrowL_Form2",
      "Segments": [
        0,
        0,
        2,
        1.567,
        0,
        0,
        2.733,
        -10,
        0,
        4.167,
        0,
        2,
        8,
        0
      ]
    },
    {
      "Target": "Parameter",
      "Id": "HairFrontR_Move",
      "Segments": [
        0,
        18.856,
        0,
        0.967,
        -27.467,
        0,
        2.133,
        12.266,
        0,
        3.2,
        -28.317,
        0,
        4.4,
        8.532,
        0,
        5.567,
        -28.318,
        0,
        6.633,
        10.47,
        0,
        7.333,
        -20.571,
        0,
        8,
        18.856
      ]
    },
    {
      "Target": "Parameter",
      "Id": "HairFrontL_Move",
      "Segments": [
        0,
        17.115,
        0,
        0.9,
        -25.815,
        0,
        2.033,
        14.97,
        0,
        3.2,
        -27.324,
        0,
        4.367,
        8.532,
        0,
        5.467,
        -21.833,
        0,
        6.433,
        10.422,
        0,
        7.233,
        -19.589,
        0,
        8,
        17.115
      ]
    },
    {
      "Target": "Parameter",
      "Id": "HairSideR_Move",
      "Segments": [
        0,
        12.943,
        0,
        1.167,
        -27.113,
        0,
        2.2,
        -0.298,
        0,
        3.267,
        -23.558,
        0,
        4.4,
        6.585,
        0,
        5.533,
        -26.994,
        0,
        6.467,
        10.584,
        0,
        7.233,
        -24.029,
        0,
        8,
        12.943
      ]
    },
    {
      "Target": "Parameter",
      "Id": "HairSideL_Move",
      "Segments": [
        0,
        11.135,
        0,
        1.1,
        -27.113,
        0,
        2.033,
        0.702,
        0,
        3.267,
        -25.558,
        0,
        4.533,
        5.585,
        0,
        5.567,
        -23.623,
        0,
        6.467,
        8.287,
        0,
        7.233,
        -25.093,
        0,
        8,
        11.135
      ]
    },
    {
      "Target": "Parameter",
      "Id": "HairBack_Move",
      "Segments": [
        0,
        20.348,
        0,
        0.967,
        -12.972,
        0,
        2,
        11.146,
        0,
        3.2,
        -14.335,
        0,
        4.233,
        11.573,
        0,
        5.367,
        -15.215,
        0,
        6.467,
        15.714,
        0,
        7.233,
        -9.872,
        0,
        8,
        20.348
      ]
    },
    {
      "Target": "Parameter",
      "Id": "HairTop_Move",
      "Segments": [
        0,
        23.07,
        0,
        0.867,
        -17.361,
        0,
        1.933,
        11.146,
        0,
        3.1,
        -13.335,
        0,
        4.1,
        11.573,
        0,
        5.167,
        -13.335,
        0,
        6.333,
        14.038,
        0,
        7.267,
        -13.335,
        0,
        8,
        23.07
      ]
    },
    {
      "Target": "Parameter",
      "Id": "ShoulderRY",
      "Segments": [
        0,
        -16.5,
        0,
        1.2,
        -25.936,
        0,
        2.567,
        -18.636,
        0,
        3.833,
        -29.197,
        0,
        5.367,
        -19.258,
        0,
        6.833,
        -29.197,
        0,
        8,
        -16.5
      ]
    },
    {
      "Target": "Parameter",
      "Id": "ShoulderLY",
      "Segments": [
        0,
        11,
        0,
        1.333,
        6,
        0,
        2.633,
        12.455,
        0,
        4,
        0.971,
        0,
        5.467,
        9.36,
        0,
        6.667,
        1.716,
        0,
        8,
        11
      ]
    },
    {
      "Target": "Parameter",
      "Id": "ShoulderR_Roll",
      "Segments": [
        0,
        -10.04,
        0,
        1.333,
        -8.937,
        0,
        3.067,
        -11.079,
        0,
        4.433,
        -9.189,
        0,
        5.9,
        -11.17,
        0,
        7.033,
        -8.878,
        0,
        8,
        -10.04
      ]
    },
    {
      "Target": "Parameter",
      "Id": "ShoulderL_Roll",
      "Segments": [
        0,
        8.68,
        0,
        0.933,
        7.7,
        0,
        2.133,
        9.03,
        0,
        3.8,
        6.905,
        0,
        5.467,
        9.027,
        0,
        6.933,
        6.67,
        0,
        8,
        8.68
      ]
    },
    {
      "Target": "Parameter",
      "Id": "ArmR_Roll",
      "Segments": [
        0,
        153.39,
        0,
        1.233,
        157.15,
        0,
        2.6,
        146.942,
        0,
        4.1,
        157.813,
        0,
        5.833,
        148.939,
        0,
        7,
        158.995,
        0,
        8,
        153.39
      ]
    },
    {
      "Target": "Parameter",
      "Id": "ArmL_Roll",
      "Segments": [
        0,
        -94.366,
        0,
        1.267,
        -100.816,
        0,
        2.8,
        -95.416,
        0,
        4.2,
        -101.416,
        0,
        5.9,
        -93.277,
        0,
        7.1,
        -99.627,
        0,
        8,
        -94.366
      ]
    },
    {
      "Target": "Parameter",
      "Id": "HandR_Roll",
      "Segments": [
        0,
        12.59,
        1,
        0.089,
        11.174,
        0.178,
        10.76,
        0.267,
        10.76,
        0,
        1.333,
        18.077,
        0,
        3.033,
        12.23,
        0,
        4.5,
        20.76,
        0,
        6.167,
        13.818,
        0,
        7.2,
        19.477,
        1,
        7.467,
        19.477,
        7.733,
        16.477,
        8,
        12.59
      ]
    },
    {
      "Target": "Parameter",
      "Id": "HandL_Roll",
      "Segments": [
        0,
        -4.91,
        1,
        0.056,
        -4.167,
        0.111,
        -3.91,
        0.167,
        -3.91,
        0,
        1.533,
        -13.574,
        0,
        2.967,
        0.996,
        0,
        4.667,
        -11.271,
        0,
        5.967,
        -1.549,
        0,
        7.2,
        -13.386,
        0,
        8,
        -4.91
      ]
    },
    {
      "Target": "Parameter",
      "Id": "HandR_Move",
      "Segments": [
        0,
        30,
        0,
        1.467,
        -30,
        0,
        3.2,
        25.08,
        0,
        4.667,
        -28.78,
        0,
        6.3,
        22.22,
        0,
        7.333,
        -26.8,
        0,
        8,
        30
      ]
    },
    {
      "Target": "Parameter",
      "Id": "HandL_Move",
      "Segments": [
        0,
        -30,
        0,
        1.667,
        25.26,
        0,
        3.133,
        -29.52,
        0,
        4.8,
        25.682,
        0,
        6.267,
        -24.502,
        0,
        7.167,
        19.372,
        0,
        8,
        -30
      ]
    },
    {
      "Target": "PartOpacity",
      "Id": "Part16",
      "Segments": [
        0,
        0,
        2,
        8,
        0
      ]
    },
    {
      "Target": "PartOpacity",
      "Id": "Part8",
      "Segments": [
        0,
        1,
        2,
        8,
        1
      ]
    },
    {
      "Target": "PartOpacity",
      "Id": "Part20",
      "Segments": [
        0,
        0,
        2,
        8,
        0
      ]
    },
    {
      "Target": "PartOpacity",
      "Id": "Part5",
      "Segments": [
        0,
        1,
        2,
        8,
        1
      ]
    },
    {
      "Target": "PartOpacity",
      "Id": "Part9",
      "Segments": [
        0,
        0,
        2,
        8,
        0
      ]
    },
    {
      "Target": "PartOpacity",
      "Id": "Part12",
      "Segments": [
        0,
        1,
        2,
        8,
        1
      ]
    },
    {
      "Target": "PartOpacity",
      "Id": "Part4",
      "Segments": [
        0,
        1,
        2,
        8,
        1
      ]
    },
    {
      "Target": "PartOpacity",
      "Id": "Part2",
      "Segments": [
        0,
        1,
        2,
        8,
        1
      ]
    },
    {
      "Target": "PartOpacity",
      "Id": "Part3",
      "Segments": [
        0,
        1,
        2,
        8,
        1
      ]
    },
    {
      "Target": "PartOpacity",
      "Id": "Part",
      "Segments": [
        0,
        1,
        2,
        8,
        1
      ]
    },
    {
      "Target": "PartOpacity",
      "Id": "Part15",
      "Segments": [
        0,
        1,
        2,
        8,
        1
      ]
    },
    {
      "Target": "PartOpacity",
      "Id": "Part18",
      "Segments": [
        0,
        1,
        2,
        8,
        1
      ]
    },
    {
      "Target": "PartOpacity",
      "Id": "Part19",
      "Segments": [
        0,
        1,
        2,
        8,
        1
      ]
    },
    {
      "Target": "PartOpacity",
      "Id": "Part17",
      "Segments": [
        0,
        0,
        2,
        8,
        0
      ]
    },
    {
      "Target": "PartOpacity",
      "Id": "Part10",
      "Segments": [
        0,
        1,
        2,
        8,
        1
      ]
    },
    {
      "Target": "PartOpacity",
      "Id": "Part11",
      "Segments": [
        0,
        1,
        2,
        8,
        1
      ]
    },
    {
      "Target": "PartOpacity",
      "Id": "Part6",
      "Segments": [
        0,
        0,
        2,
        8,
        0
      ]
    },
    {
      "Target": "PartOpacity",
      "Id": "Part7",
      "Segments": [
        0,
        1,
        2,
        8,
        1
      ]
    },
    {
      "Target": "PartOpacity",
      "Id": "Part21",
      "Segments": [
        0,
        1,
        2,
        8,
        1
      ]
    },
    {
      "Target": "PartOpacity",
      "Id": "Part13",
      "Segments": [
        0,
        1,
        2,
        8,
        1
      ]
    },
    {
      "Target": "PartOpacity",
      "Id": "Part14",
      "Segments": [
        0,
        1,
        2,
        8,
        1
      ]
    },
    {
      "Target": "Model",
      "Id": "Opacity",
      "Segments": [
        0,
        1,
        0,
        8,
        1
      ]
    },
    {
      "Target": "Parameter",
      "Id": "BodyPoX",
      "Segments": [
        0,
        0,
        0,
        8,
        0
      ]
    },
    {
      "Target": "Parameter",
      "Id": "BodyY",
      "Segments": [
        0,
        -1.14,
        0,
        8,
        -1.14
      ]
    },
    {
      "Target": "Parameter",
      "Id": "Body_Pose1",
      "Segments": [
        0,
        -8.58,
        0,
        8,
        -8.58
      ]
    },
    {
      "Target": "Parameter",
      "Id": "Head_RollY",
      "Segments": [
        0,
        -30,
        0,
        8,
        -30
      ]
    },
    {
      "Target": "Parameter",
      "Id": "EyeBallX",
      "Segments": [
        0,
        0,
        0,
        8,
        0
      ]
    },
    {
      "Target": "Parameter",
      "Id": "EyeBallY",
      "Segments": [
        0,
        0,
        0,
        8,
        0
      ]
    },
    {
      "Target": "Parameter",
      "Id": "Face_On",
      "Segments": [
        0,
        -27,
        0,
        8,
        -27
      ]
    },
    {
      "Target": "Parameter",
      "Id": "Brow_Form",
      "Segments": [
        0,
        -18,
        0,
        8,
        -18
      ]
    },
    {
      "Target": "Parameter",
      "Id": "Face2_On",
      "Segments": [
        0,
        -30,
        0,
        8,
        -30
      ]
    },
    {
      "Target": "Parameter",
      "Id": "Wet_On",
      "Segments": [
        0,
        0,
        0,
        8,
        0
      ]
    },
    {
      "Target": "Parameter",
      "Id": "EyeBall_size",
      "Segments": [
        0,
        0,
        0,
        8,
        0
      ]
    },
    {
      "Target": "Parameter",
      "Id": "BrowR_Angle",
      "Segments": [
        0,
        0.2,
        0,
        8,
        0.2
      ]
    },
    {
      "Target": "Parameter",
      "Id": "BrowL_Angle",
      "Segments": [
        0,
        -0.2,
        0,
        8,
        -0.2
      ]
    },
    {
      "Target": "Parameter",
      "Id": "BrowR_Form",
      "Segments": [
        0,
        -1,
        0,
        8,
        -1
      ]
    },
    {
      "Target": "Parameter",
      "Id": "BrowL_Form",
      "Segments": [
        0,
        -1,
        0,
        8,
        -1
      ]
    },
    {
      "Target": "Parameter",
      "Id": "EyeR_Open",
      "Segments": [
        0,
        0,
        0,
        8,
        0
      ]
    },
    {
      "Target": "Parameter",
      "Id": "EyeR_Smile",
      "Segments": [
        0,
        0.1,
        0,
        8,
        0.1
      ]
    },
    {
      "Target": "Parameter",
      "Id": "EyeL_Open",
      "Segments": [
        0,
        0,
        0,
        8,
        0
      ]
    },
    {
      "Target": "Parameter",
      "Id": "EyeL_Smile",
      "Segments": [
        0,
        0.1,
        0,
        8,
        0.1
      ]
    },
    {
      "Target": "Parameter",
      "Id": "MouthForm3",
      "Segments": [
        0,
        0,
        0,
        8,
        0
      ]
    },
    {
      "Target": "Parameter",
      "Id": "MouthForm2",
      "Segments": [
        0,
        0,
        0,
        8,
        0
      ]
    },
    {
      "Target": "Parameter",
      "Id": "MouthForm",
      "Segments": [
        0,
        -1,
        0,
        8,
        -1
      ]
    },
    {
      "Target": "Parameter",
      "Id": "Mouth_Open",
      "Segments": [
        0,
        0.8,
        0,
        8,
        0.8
      ]
    },
    {
      "Target": "Parameter",
      "Id": "Mouth_Size",
      "Segments": [
        0,
        0.8,
        0,
        8,
        0.8
      ]
    },
    {
      "Target": "Parameter",
      "Id": "ArmL_Sp",
      "Segments": [
        0,
        0,
        0,
        8,
        0
      ]
    },
    {
      "Target": "Parameter",
      "Id": "ArmL_Roll2",
      "Segments": [
        0,
        0,
        0,
        8,
        0
      ]
    },
    {
      "Target": "Parameter",
      "Id": "ArmR_Form",
      "Segments": [
        0,
        -19.63,
        0,
        8,
        -19.63
      ]
    },
    {
      "Target": "Parameter",
      "Id": "ArmL_Form",
      "Segments": [
        0,
        -12.75,
        0,
        8,
        -12.75
      ]
    },
    {
      "Target": "Parameter",
      "Id": "ArmR_Form2",
      "Segments": [
        0,
        -30,
        0,
        8,
        -30
      ]
    },
    {
      "Target": "Parameter",
      "Id": "ArmL_Form2",
      "Segments": [
        0,
        -20,
        0,
        8,
        -20
      ]
    },
    {
      "Target": "Parameter",
      "Id": "ArmR_Sup_Form",
      "Segments": [
        0,
        -30,
        0,
        8,
        -30
      ]
    },
    {
      "Target": "Parameter",
      "Id": "ArmL_Sup_Form",
      "Segments": [
        0,
        0,
        0,
        8,
        0
      ]
    },
    {
      "Target": "Parameter",
      "Id": "ArmLX",
      "Segments": [
        0,
        0,
        0,
        8,
        0
      ]
    },
    {
      "Target": "Parameter",
      "Id": "ArmLY",
      "Segments": [
        0,
        0,
        0,
        8,
        0
      ]
    },
    {
      "Target": "Parameter",
      "Id": "HandR_Form",
      "Segments": [
        0,
        0,
        0,
        8,
        0
      ]
    },
    {
      "Target": "Parameter",
      "Id": "LegR_Roll",
      "Segments": [
        0,
        -11,
        0,
        8,
        -11
      ]
    },
    {
      "Target": "Parameter",
      "Id": "LegL_Roll",
      "Segments": [
        0,
        14.64,
        0,
        8,
        14.64
      ]
    }
  ],
  "UserData": [
    {
      "Time": 0.0,
      "Value": ""
    }
  ]
}