{
  "Version": 3,
  "Meta": {
    "Duration": 8.333,
    "Fps": 30.0,
    "Loop": true,
    "AreBeziersRestricted": true,
    "CurveCount": 95,
    "TotalSegmentCount": 203,
    "TotalPointCount": 345,
    "UserDataCount": 1,
    "TotalUserDataSize": 0
  },
  "Curves": [
    {
      "Target": "Parameter",
      "Id": "Breath",
      "Segments": [
        0,
        0.4,
        1,
        0.7,
        0.582,
        1.4,
        0.6,
        2.1,
        0.6,
        0,
        4.133,
        0,
        0,
        6.433,
        0.8,
        1,
        7.066,
        0.8,
        7.7,
        0.288,
        8.333,
        0.4
      ]
    },
    {
      "Target": "Parameter",
      "Id": "Body_Shaking",
      "Segments": [
        0,
        0,
        0,
        1.9,
        12,
        0,
        3.8,
        -7,
        1,
        4.233,
        -7,
        4.667,
        -4.092,
        5.1,
        0,
        1,
        5.356,
        2.413,
        5.611,
        3,
        5.867,
        3,
        0,
        7.267,
        -1.062,
        0,
        8.333,
        0
      ]
    },
    {
      "Target": "Parameter",
      "Id": "Body_Twist",
      "Segments": [
        0,
        -6,
        1,
        0.278,
        -6.533,
        0.555,
        -6.55,
        0.833,
        -6.55,
        1,
        1.311,
        -6.55,
        1.789,
        -0.271,
        2.267,
        2.331,
        1,
        2.622,
        4.267,
        2.978,
        4,
        3.333,
        4,
        0,
        5.167,
        -8.774,
        1,
        5.756,
        -8.774,
        6.344,
        -8.8,
        6.933,
        -8.594,
        1,
        7.4,
        -8.431,
        7.866,
        -6,
        8.333,
        -6
      ]
    },
    {
      "Target": "Parameter",
      "Id": "Body_Pose1",
      "Segments": [
        0,
        5,
        2,
        0.9,
        5,
        0,
        1.7,
        12,
        1,
        2.067,
        12,
        2.433,
        9.625,
        2.8,
        5,
        1,
        3.244,
        -0.607,
        3.689,
        -3.349,
        4.133,
        -3.349,
        0,
        5.967,
        13,
        0,
        8.333,
        5
      ]
    },
    {
      "Target": "Parameter",
      "Id": "Waist_Roll",
      "Segments": [
        0,
        4.549,
        0,
        1.1,
        4.969,
        0,
        2.4,
        1,
        1,
        3.156,
        1,
        3.911,
        2.845,
        4.667,
        5.979,
        1,
        5.089,
        7.73,
        5.511,
        8.366,
        5.933,
        8.366,
        1,
        6.444,
        8.366,
        6.956,
        6.513,
        7.467,
        5.569,
        1,
        7.756,
        5.172,
        8.044,
        4.843,
        8.333,
        4.549
      ]
    },
    {
      "Target": "Parameter",
      "Id": "Scarf_Shaking",
      "Segments": [
        0,
        7,
        0,
        1.9,
        -4.826,
        1,
        2.411,
        -4.826,
        2.922,
        -0.512,
        3.433,
        7,
        1,
        3.878,
        13.533,
        4.322,
        16.298,
        4.767,
        16.298,
        0,
        6.933,
        -1.94,
        0,
        8.333,
        7
      ]
    },
    {
      "Target": "Parameter",
      "Id": "Skirt_Shaking",
      "Segments": [
        0,
        12,
        0,
        1.833,
        -13.767,
        1,
        2.589,
        -16.167,
        3.344,
        9.658,
        4.1,
        9.658,
        0,
        6.7,
        -13.767,
        0,
        8.333,
        12
      ]
    },
    {
      "Target": "Parameter",
      "Id": "Head_AngleX",
      "Segments": [
        0,
        0,
        0,
        1.067,
        -4.091,
        1,
        1.411,
        -4.091,
        1.756,
        -0.42,
        2.1,
        3.574,
        1,
        3.056,
        14.656,
        4.011,
        19,
        4.967,
        19,
        1,
        5.4,
        19,
        5.834,
        19.485,
        6.267,
        16,
        1,
        6.956,
        10.46,
        7.644,
        0,
        8.333,
        0
      ]
    },
    {
      "Target": "Parameter",
      "Id": "Head_AngleY",
      "Segments": [
        0,
        0,
        1,
        0.5,
        -0.8,
        1,
        -1,
        1.5,
        -1,
        0,
        2.8,
        5.8,
        2,
        3.533,
        5.8,
        0,
        4.967,
        -6.733,
        1,
        5.4,
        -6.733,
        5.834,
        -5.954,
        6.267,
        -4.222,
        1,
        6.956,
        -1.469,
        7.644,
        0,
        8.333,
        0
      ]
    },
    {
      "Target": "Parameter",
      "Id": "Head_Roll",
      "Segments": [
        0,
        5,
        1,
        0.378,
        5,
        0.755,
        3.803,
        1.133,
        0,
        1,
        1.466,
        -3.355,
        1.8,
        -6,
        2.133,
        -6,
        1,
        2.455,
        -6,
        2.778,
        -4.716,
        3.1,
        -2,
        1,
        3.433,
        0.809,
        3.767,
        4.258,
        4.1,
        6.58,
        1,
        4.333,
        8.206,
        4.567,
        8.505,
        4.8,
        8.505,
        1,
        5.167,
        8.505,
        5.533,
        8.209,
        5.9,
        7.483,
        1,
        6.711,
        5.876,
        7.522,
        5,
        8.333,
        5
      ]
    },
    {
      "Target": "Parameter",
      "Id": "Earrings_Shaking",
      "Segments": [
        0,
        -5.189,
        0,
        1.167,
        17.439,
        0,
        2.433,
        -5.189,
        0,
        3.433,
        17.439,
        0,
        4.6,
        -5.189,
        0,
        5.567,
        17.439,
        0,
        6.633,
        -5.189,
        0,
        7.433,
        17.439,
        0,
        8.333,
        -5.189
      ]
    },
    {
      "Target": "Parameter",
      "Id": "HairFront_Shaking",
      "Segments": [
        0,
        0.2,
        1,
        0.1,
        0.311,
        0.2,
        0.278,
        0.3,
        0.278,
        0,
        1.133,
        -0.4,
        0,
        2.033,
        0.2,
        0,
        3.067,
        -0.6,
        1,
        3.356,
        -0.6,
        3.644,
        -0.278,
        3.933,
        0.005,
        1,
        4.2,
        0.265,
        4.466,
        0.3,
        4.733,
        0.3,
        1,
        5,
        0.3,
        5.266,
        0.22,
        5.533,
        0.005,
        1,
        6.055,
        -0.416,
        6.578,
        -0.658,
        7.1,
        -0.658,
        1,
        7.511,
        -0.658,
        7.922,
        -0.088,
        8.333,
        0.2
      ]
    },
    {
      "Target": "Parameter",
      "Id": "HairBack_Shaking",
      "Segments": [
        0,
        0.1,
        1,
        0.089,
        0.211,
        0.178,
        0.2,
        0.267,
        0.2,
        0,
        1.2,
        0,
        0,
        2.033,
        0.3,
        0,
        2.967,
        -0.3,
        0,
        4.8,
        0.7,
        0,
        7.167,
        -0.6,
        1,
        7.556,
        -0.6,
        7.944,
        -0.219,
        8.333,
        0.1
      ]
    },
    {
      "Target": "Parameter",
      "Id": "ShoulderR_Roll",
      "Segments": [
        0,
        -7,
        2,
        0.933,
        -7,
        1,
        1.244,
        -7,
        1.556,
        -5.053,
        1.867,
        -4.118,
        1,
        2.2,
        -3.116,
        2.534,
        -3.1,
        2.867,
        -3.1,
        1,
        3.234,
        -3.1,
        3.6,
        -3.564,
        3.967,
        -4.757,
        1,
        4.267,
        -5.733,
        4.567,
        -7.441,
        4.867,
        -8,
        1,
        5.4,
        -8.994,
        5.934,
        -9.173,
        6.467,
        -9.173,
        0,
        8.333,
        -7
      ]
    },
    {
      "Target": "Parameter",
      "Id": "ArmR_Roll",
      "Segments": [
        0,
        55,
        1,
        0.311,
        55,
        0.622,
        55.015,
        0.933,
        54.93,
        1,
        1.244,
        54.845,
        1.556,
        53.803,
        1.867,
        53.443,
        1,
        2.2,
        53.057,
        2.534,
        52.982,
        2.867,
        52.982,
        1,
        3.234,
        52.982,
        3.6,
        55.12,
        3.967,
        55.98,
        1,
        4.267,
        56.684,
        4.567,
        56.969,
        4.867,
        57.226,
        1,
        5.4,
        57.683,
        5.934,
        57.79,
        6.467,
        57.79,
        0,
        8.333,
        55
      ]
    },
    {
      "Target": "Parameter",
      "Id": "ArmR_Scale",
      "Segments": [
        0,
        -24.5,
        1,
        0.311,
        -25.162,
        0.622,
        -25.668,
        0.933,
        -25.85,
        1,
        1.578,
        -26.228,
        2.222,
        -26.29,
        2.867,
        -26.29,
        1,
        3.078,
        -26.29,
        3.289,
        -25.966,
        3.5,
        -25.61,
        1,
        3.656,
        -25.348,
        3.811,
        -25.126,
        3.967,
        -25,
        1,
        4.134,
        -24.865,
        4.3,
        -24.824,
        4.467,
        -24.7,
        1,
        4.6,
        -24.6,
        4.734,
        -24.453,
        4.867,
        -24.27,
        1,
        5.4,
        -23.537,
        5.934,
        -23.089,
        6.467,
        -23.089,
        0,
        8.333,
        -24.5
      ]
    },
    {
      "Target": "Parameter",
      "Id": "ArmR_Back",
      "Segments": [
        0,
        -27,
        2,
        4.2,
        -27,
        0,
        5.033,
        -30,
        2,
        6.633,
        -30,
        0,
        8.333,
        -27
      ]
    },
    {
      "Target": "Parameter",
      "Id": "SleeveR_Shaking",
      "Segments": [
        0,
        7.4,
        1,
        0.144,
        1.282,
        0.289,
        0,
        0.433,
        0,
        0,
        1.433,
        23,
        0,
        2.567,
        -10.156,
        0,
        3.733,
        23,
        0,
        4.4,
        -15.856,
        1,
        4.622,
        -15.856,
        4.845,
        -1.316,
        5.067,
        5.078,
        1,
        5.689,
        22.981,
        6.311,
        28,
        6.933,
        28,
        1,
        7.4,
        28,
        7.866,
        18.466,
        8.333,
        7.4
      ]
    },
    {
      "Target": "Parameter",
      "Id": "ArmL_Roll",
      "Segments": [
        0,
        -61.84,
        0,
        1.933,
        -61.2,
        1,
        3.089,
        -61.2,
        4.244,
        -61.787,
        5.4,
        -61.82,
        1,
        6.378,
        -61.848,
        7.355,
        -61.84,
        8.333,
        -61.84
      ]
    },
    {
      "Target": "Parameter",
      "Id": "ArmL_Scale",
      "Segments": [
        0,
        -9,
        1,
        1.122,
        -9.011,
        2.245,
        -9.015,
        3.367,
        -9.03,
        1,
        3.934,
        -9.038,
        4.5,
        -12,
        5.067,
        -12,
        1,
        5.556,
        -12,
        6.044,
        -12.004,
        6.533,
        -11.28,
        1,
        7.133,
        -10.391,
        7.733,
        -9,
        8.333,
        -9
      ]
    },
    {
      "Target": "Parameter",
      "Id": "HandL_Roll",
      "Segments": [
        0,
        -19,
        0,
        1.9,
        -16,
        1,
        2.356,
        -16,
        2.811,
        -17.101,
        3.267,
        -18.86,
        1,
        3.734,
        -20.662,
        4.2,
        -21.746,
        4.667,
        -23.884,
        1,
        4.978,
        -25.31,
        5.289,
        -27.557,
        5.6,
        -27.557,
        0,
        8.333,
        -19
      ]
    },
    {
      "Target": "Parameter",
      "Id": "LegR_Roll",
      "Segments": [
        0,
        -1,
        0,
        2.9,
        2,
        0,
        8.333,
        -1
      ]
    },
    {
      "Target": "Parameter",
      "Id": "Lowerbody_Roll",
      "Segments": [
        0,
        0,
        0,
        2.933,
        -5,
        0,
        5.333,
        0,
        2,
        8.333,
        0
      ]
    },
    {
      "Target": "PartOpacity",
      "Id": "Part11",
      "Segments": [
        0,
        1,
        2,
        8.33,
        1
      ]
    },
    {
      "Target": "PartOpacity",
      "Id": "Part19",
      "Segments": [
        0,
        1,
        2,
        8.33,
        1
      ]
    },
    {
      "Target": "PartOpacity",
      "Id": "Part",
      "Segments": [
        0,
        1,
        2,
        8.33,
        1
      ]
    },
    {
      "Target": "PartOpacity",
      "Id": "Part2",
      "Segments": [
        0,
        1,
        2,
        8.33,
        1
      ]
    },
    {
      "Target": "PartOpacity",
      "Id": "Part3",
      "Segments": [
        0,
        1,
        2,
        8.33,
        1
      ]
    },
    {
      "Target": "PartOpacity",
      "Id": "Part4",
      "Segments": [
        0,
        1,
        2,
        8.33,
        1
      ]
    },
    {
      "Target": "PartOpacity",
      "Id": "Part5",
      "Segments": [
        0,
        1,
        2,
        8.33,
        1
      ]
    },
    {
      "Target": "PartOpacity",
      "Id": "Part17",
      "Segments": [
        0,
        1,
        2,
        8.33,
        1
      ]
    },
    {
      "Target": "PartOpacity",
      "Id": "Part6",
      "Segments": [
        0,
        1,
        2,
        8.33,
        1
      ]
    },
    {
      "Target": "PartOpacity",
      "Id": "Part7",
      "Segments": [
        0,
        1,
        2,
        8.33,
        1
      ]
    },
    {
      "Target": "PartOpacity",
      "Id": "Part25",
      "Segments": [
        0,
        1,
        2,
        8.33,
        1
      ]
    },
    {
      "Target": "PartOpacity",
      "Id": "Part26",
      "Segments": [
        0,
        1,
        2,
        8.33,
        1
      ]
    },
    {
      "Target": "PartOpacity",
      "Id": "Part20",
      "Segments": [
        0,
        1,
        2,
        8.33,
        1
      ]
    },
    {
      "Target": "PartOpacity",
      "Id": "Part18",
      "Segments": [
        0,
        0,
        2,
        8.33,
        0
      ]
    },
    {
      "Target": "PartOpacity",
      "Id": "Part21",
      "Segments": [
        0,
        1,
        2,
        8.33,
        1
      ]
    },
    {
      "Target": "PartOpacity",
      "Id": "Part16",
      "Segments": [
        0,
        0,
        2,
        8.33,
        0
      ]
    },
    {
      "Target": "PartOpacity",
      "Id": "Part8",
      "Segments": [
        0,
        1,
        2,
        8.33,
        1
      ]
    },
    {
      "Target": "PartOpacity",
      "Id": "Part9",
      "Segments": [
        0,
        1,
        2,
        8.33,
        1
      ]
    },
    {
      "Target": "PartOpacity",
      "Id": "Part22",
      "Segments": [
        0,
        1,
        2,
        8.33,
        1
      ]
    },
    {
      "Target": "PartOpacity",
      "Id": "Part15",
      "Segments": [
        0,
        1,
        2,
        8.33,
        1
      ]
    },
    {
      "Target": "PartOpacity",
      "Id": "Part14",
      "Segments": [
        0,
        0,
        2,
        8.33,
        0
      ]
    },
    {
      "Target": "PartOpacity",
      "Id": "Part23",
      "Segments": [
        0,
        1,
        2,
        8.33,
        1
      ]
    },
    {
      "Target": "PartOpacity",
      "Id": "Part12",
      "Segments": [
        0,
        1,
        2,
        8.33,
        1
      ]
    },
    {
      "Target": "PartOpacity",
      "Id": "Part31",
      "Segments": [
        0,
        1,
        2,
        8.33,
        1
      ]
    },
    {
      "Target": "PartOpacity",
      "Id": "Part30",
      "Segments": [
        0,
        0,
        2,
        8.33,
        0
      ]
    },
    {
      "Target": "PartOpacity",
      "Id": "Part24",
      "Segments": [
        0,
        0,
        2,
        8.33,
        0
      ]
    },
    {
      "Target": "PartOpacity",
      "Id": "Part13",
      "Segments": [
        0,
        1,
        2,
        8.33,
        1
      ]
    },
    {
      "Target": "PartOpacity",
      "Id": "Part27",
      "Segments": [
        0,
        0,
        2,
        8.33,
        0
      ]
    },
    {
      "Target": "PartOpacity",
      "Id": "Part28",
      "Segments": [
        0,
        1,
        2,
        8.33,
        1
      ]
    },
    {
      "Target": "PartOpacity",
      "Id": "Part10",
      "Segments": [
        0,
        1,
        2,
        8.33,
        1
      ]
    },
    {
      "Target": "Model",
      "Id": "Opacity",
      "Segments": [
        0,
        1,
        0,
        8.333,
        1
      ]
    },
    {
      "Target": "Parameter",
      "Id": "BodyY",
      "Segments": [
        0,
        -3,
        0,
        8.333,
        -3
      ]
    },
    {
      "Target": "Parameter",
      "Id": "All_Position",
      "Segments": [
        0,
        0,
        0,
        8.333,
        0
      ]
    },
    {
      "Target": "Parameter",
      "Id": "HeadY",
      "Segments": [
        0,
        0,
        0,
        8.333,
        0
      ]
    },
    {
      "Target": "Parameter",
      "Id": "BrowRX",
      "Segments": [
        0,
        -0.1,
        0,
        8.333,
        -0.1
      ]
    },
    {
      "Target": "Parameter",
      "Id": "BrowRY",
      "Segments": [
        0,
        -1,
        0,
        8.333,
        -1
      ]
    },
    {
      "Target": "Parameter",
      "Id": "BrowLX",
      "Segments": [
        0,
        -0.1,
        0,
        8.333,
        -0.1
      ]
    },
    {
      "Target": "Parameter",
      "Id": "BrowLY",
      "Segments": [
        0,
        -1,
        0,
        8.333,
        -1
      ]
    },
    {
      "Target": "Parameter",
      "Id": "BrowRAngle",
      "Segments": [
        0,
        -1,
        0,
        8.333,
        -1
      ]
    },
    {
      "Target": "Parameter",
      "Id": "BrowLAngle",
      "Segments": [
        0,
        -0.542,
        0,
        8.333,
        -0.542
      ]
    },
    {
      "Target": "Parameter",
      "Id": "BrowR_Form",
      "Segments": [
        0,
        -0.5,
        0,
        8.333,
        -0.5
      ]
    },
    {
      "Target": "Parameter",
      "Id": "BrowL_Form",
      "Segments": [
        0,
        -0.5,
        0,
        8.333,
        -0.5
      ]
    },
    {
      "Target": "Parameter",
      "Id": "EyeR_Open",
      "Segments": [
        0,
        1,
        0,
        8.333,
        1
      ]
    },
    {
      "Target": "Parameter",
      "Id": "EyeR_Smile",
      "Segments": [
        0,
        0,
        0,
        8.333,
        0
      ]
    },
    {
      "Target": "Parameter",
      "Id": "EyeR_Form",
      "Segments": [
        0,
        1,
        0,
        8.333,
        1
      ]
    },
    {
      "Target": "Parameter",
      "Id": "EyeL_Open",
      "Segments": [
        0,
        1,
        0,
        8.333,
        1
      ]
    },
    {
      "Target": "Parameter",
      "Id": "EyeL_Smile",
      "Segments": [
        0,
        0,
        0,
        8.333,
        0
      ]
    },
    {
      "Target": "Parameter",
      "Id": "EyeL_Form",
      "Segments": [
        0,
        1,
        0,
        8.333,
        1
      ]
    },
    {
      "Target": "Parameter",
      "Id": "EyeBallX",
      "Segments": [
        0,
        0,
        0,
        8.333,
        0
      ]
    },
    {
      "Target": "Parameter",
      "Id": "EyeBallY",
      "Segments": [
        0,
        0,
        0,
        8.333,
        0
      ]
    },
    {
      "Target": "Parameter",
      "Id": "Eyeball_Size",
      "Segments": [
        0,
        0,
        0,
        8.333,
        0
      ]
    },
    {
      "Target": "Parameter",
      "Id": "Mouth_Form",
      "Segments": [
        0,
        0,
        0,
        8.333,
        0
      ]
    },
    {
      "Target": "Parameter",
      "Id": "Mouth_Open",
      "Segments": [
        0,
        1,
        0,
        8.333,
        1
      ]
    },
    {
      "Target": "Parameter",
      "Id": "Mouth_Size",
      "Segments": [
        0,
        0.4,
        0,
        8.333,
        0.4
      ]
    },
    {
      "Target": "Parameter",
      "Id": "Mouth_PositionX",
      "Segments": [
        0,
        13,
        0,
        8.333,
        13
      ]
    },
    {
      "Target": "Parameter",
      "Id": "Mouth_PositionY",
      "Segments": [
        0,
        -10,
        0,
        8.333,
        -10
      ]
    },
    {
      "Target": "Parameter",
      "Id": "ShoulderRY",
      "Segments": [
        0,
        -9,
        0,
        8.333,
        -9
      ]
    },
    {
      "Target": "Parameter",
      "Id": "ShoulderR_Scale",
      "Segments": [
        0,
        -9,
        0,
        8.333,
        -9
      ]
    },
    {
      "Target": "Parameter",
      "Id": "ArmR_Weight",
      "Segments": [
        0,
        0,
        0,
        8.333,
        0
      ]
    },
    {
      "Target": "Parameter",
      "Id": "HandR_Roll",
      "Segments": [
        0,
        -9,
        0,
        8.333,
        -9
      ]
    },
    {
      "Target": "Parameter",
      "Id": "ElbowR_Weight",
      "Segments": [
        0,
        30,
        0,
        8.333,
        30
      ]
    },
    {
      "Target": "Parameter",
      "Id": "Param",
      "Segments": [
        0,
        0,
        0,
        8.333,
        0
      ]
    },
    {
      "Target": "Parameter",
      "Id": "ShoulderLY",
      "Segments": [
        0,
        28,
        0,
        8.333,
        28
      ]
    },
    {
      "Target": "Parameter",
      "Id": "ShoulderL_Roll",
      "Segments": [
        0,
        -12,
        0,
        8.333,
        -12
      ]
    },
    {
      "Target": "Parameter",
      "Id": "ShoulderL_Scale",
      "Segments": [
        0,
        -1,
        0,
        8.333,
        -1
      ]
    },
    {
      "Target": "Parameter",
      "Id": "HandL__Pose2_Weight",
      "Segments": [
        0,
        -30,
        0,
        8.333,
        -30
      ]
    },
    {
      "Target": "Parameter",
      "Id": "HandL_Pose1_Hold",
      "Segments": [
        0,
        0,
        0,
        8.333,
        0
      ]
    },
    {
      "Target": "Parameter",
      "Id": "HandL_Pose1_Weight",
      "Segments": [
        0,
        0,
        0,
        8.333,
        0
      ]
    },
    {
      "Target": "Parameter",
      "Id": "Param2",
      "Segments": [
        0,
        0,
        0,
        8.333,
        0
      ]
    },
    {
      "Target": "Parameter",
      "Id": "LegL_Roll",
      "Segments": [
        0,
        21,
        0,
        8.333,
        21
      ]
    },
    {
      "Target": "PartOpacity",
      "Id": "Part32",
      "Segments": [
        0,
        1,
        0,
        8.333,
        1
      ]
    },
    {
      "Target": "PartOpacity",
      "Id": "Part29",
      "Segments": [
        0,
        1,
        0,
        8.333,
        1
      ]
    }
  ],
  "UserData": [
    {
      "Time": 0.0,
      "Value": ""
    }
  ]
}