{
  "Version": 3,
  "Meta": {
    "Duration": 1.67,
    "Fps": 30.0,
    "Loop": true,
    "AreBeziersRestricted": true,
    "CurveCount": 95,
    "TotalSegmentCount": 219,
    "TotalPointCount": 347,
    "UserDataCount": 1,
    "TotalUserDataSize": 0
  },
  "Curves": [
    {
      "Target": "Parameter",
      "Id": "Breath",
      "Segments": [
        0,
        0,
        0,
        0.7,
        0.5,
        1,
        1.022,
        0.5,
        1.345,
        0.29,
        1.667,
        0.138
      ]
    },
    {
      "Target": "Parameter",
      "Id": "Body_Shaking",
      "Segments": [
        0,
        0,
        0,
        0.4,
        4.745,
        1,
        0.644,
        4.745,
        0.889,
        -2.668,
        1.133,
        -14,
        1,
        1.311,
        -22.241,
        1.489,
        -25,
        1.667,
        -25
      ]
    },
    {
      "Target": "Parameter",
      "Id": "BodyY",
      "Segments": [
        0,
        0,
        0,
        0.133,
        -1,
        0,
        0.7,
        3,
        0,
        1.233,
        -3,
        0,
        1.667,
        0
      ]
    },
    {
      "Target": "Parameter",
      "Id": "Body_Twist",
      "Segments": [
        0,
        0,
        0,
        0.533,
        20,
        1,
        0.733,
        20,
        0.933,
        0.443,
        1.133,
        -1,
        1,
        1.311,
        -2.282,
        1.489,
        -2,
        1.667,
        -2
      ]
    },
    {
      "Target": "Parameter",
      "Id": "Body_Pose1",
      "Segments": [
        0,
        0,
        0,
        0.567,
        10,
        1,
        0.756,
        10,
        0.944,
        6.739,
        1.133,
        2,
        1,
        1.311,
        -2.461,
        1.489,
        -4,
        1.667,
        -4
      ]
    },
    {
      "Target": "Parameter",
      "Id": "Waist_Roll",
      "Segments": [
        0,
        0,
        0,
        0.7,
        3.66,
        1,
        0.844,
        3.66,
        0.989,
        2.409,
        1.133,
        2,
        1,
        1.311,
        1.497,
        1.489,
        1.139,
        1.667,
        1
      ]
    },
    {
      "Target": "Parameter",
      "Id": "Scarf_Shaking",
      "Segments": [
        0,
        0,
        0,
        0.6,
        -8,
        1,
        0.956,
        -8,
        1.311,
        -4.577,
        1.667,
        -0.7
      ]
    },
    {
      "Target": "Parameter",
      "Id": "Skirt_Shaking",
      "Segments": [
        0,
        0,
        0,
        0.467,
        -22,
        1,
        0.734,
        -22,
        1,
        0.475,
        1.267,
        13.065,
        1,
        1.4,
        19.36,
        1.534,
        18.409,
        1.667,
        18.409
      ]
    },
    {
      "Target": "Parameter",
      "Id": "Head_AngleX",
      "Segments": [
        0,
        0,
        1,
        0.156,
        0,
        0.311,
        3.615,
        0.467,
        6,
        1,
        0.867,
        12.132,
        1.267,
        14,
        1.667,
        14
      ]
    },
    {
      "Target": "Parameter",
      "Id": "Head_AngleY",
      "Segments": [
        0,
        0,
        0,
        0.467,
        4,
        0,
        1.667,
        -6
      ]
    },
    {
      "Target": "Parameter",
      "Id": "Head_Roll",
      "Segments": [
        0,
        0,
        1,
        0.189,
        0,
        0.378,
        -0.716,
        0.567,
        -3,
        1,
        0.756,
        -5.284,
        0.944,
        -9.138,
        1.133,
        -11,
        1,
        1.311,
        -12.752,
        1.489,
        -13,
        1.667,
        -13
      ]
    },
    {
      "Target": "Parameter",
      "Id": "HeadY",
      "Segments": [
        0,
        0,
        2,
        0.567,
        0,
        1,
        0.756,
        0,
        0.944,
        -5.761,
        1.133,
        -7,
        1,
        1.311,
        -8.166,
        1.489,
        -8,
        1.667,
        -8
      ]
    },
    {
      "Target": "Parameter",
      "Id": "Earrings_Shaking",
      "Segments": [
        0,
        0,
        0,
        0.567,
        -5.189,
        0,
        1.2,
        16,
        1,
        1.356,
        16,
        1.511,
        8.79,
        1.667,
        2.781
      ]
    },
    {
      "Target": "Parameter",
      "Id": "BrowRY",
      "Segments": [
        0,
        0,
        0,
        0.5,
        -0.3,
        2,
        1.667,
        -0.3
      ]
    },
    {
      "Target": "Parameter",
      "Id": "BrowLX",
      "Segments": [
        0,
        0,
        0,
        0.5,
        -0.1,
        2,
        1.667,
        -0.1
      ]
    },
    {
      "Target": "Parameter",
      "Id": "BrowLY",
      "Segments": [
        0,
        0,
        0,
        0.5,
        -0.7,
        2,
        1.667,
        -0.7
      ]
    },
    {
      "Target": "Parameter",
      "Id": "BrowRAngle",
      "Segments": [
        0,
        0,
        0,
        0.5,
        -1,
        2,
        1.667,
        -1
      ]
    },
    {
      "Target": "Parameter",
      "Id": "BrowLAngle",
      "Segments": [
        0,
        0,
        0,
        0.5,
        -0.1,
        2,
        1.667,
        -0.1
      ]
    },
    {
      "Target": "Parameter",
      "Id": "BrowR_Form",
      "Segments": [
        0,
        0,
        0,
        0.5,
        -0.8,
        2,
        1.667,
        -0.8
      ]
    },
    {
      "Target": "Parameter",
      "Id": "BrowL_Form",
      "Segments": [
        0,
        0,
        0,
        0.5,
        -0.5,
        2,
        1.667,
        -0.5
      ]
    },
    {
      "Target": "Parameter",
      "Id": "Mouth_Form",
      "Segments": [
        0,
        0,
        0,
        0.567,
        -1,
        2,
        1.667,
        -1
      ]
    },
    {
      "Target": "Parameter",
      "Id": "HairFront_Shaking",
      "Segments": [
        0,
        0,
        0,
        0.733,
        0.6,
        1,
        1.044,
        0.6,
        1.356,
        0.396,
        1.667,
        0.1
      ]
    },
    {
      "Target": "Parameter",
      "Id": "HairBack_Shaking",
      "Segments": [
        0,
        0,
        0,
        0.767,
        0.7,
        1,
        1.067,
        0.7,
        1.367,
        0.572,
        1.667,
        0.3
      ]
    },
    {
      "Target": "Parameter",
      "Id": "ShoulderRY",
      "Segments": [
        0,
        0,
        1,
        0.222,
        0,
        0.445,
        -8.656,
        0.667,
        -12,
        1,
        0.822,
        -14.341,
        0.978,
        -14.761,
        1.133,
        -16,
        1,
        1.311,
        -17.416,
        1.489,
        -18,
        1.667,
        -18
      ]
    },
    {
      "Target": "Parameter",
      "Id": "ShoulderR_Roll",
      "Segments": [
        0,
        2,
        0,
        0.333,
        -16,
        0,
        1.133,
        -4,
        2,
        1.667,
        -4
      ]
    },
    {
      "Target": "Parameter",
      "Id": "ShoulderR_Scale",
      "Segments": [
        0,
        0,
        2,
        0.333,
        0,
        0,
        1.133,
        -13,
        2,
        1.667,
        -13
      ]
    },
    {
      "Target": "Parameter",
      "Id": "ArmR_Roll",
      "Segments": [
        0,
        -0.5,
        1,
        0.1,
        -0.5,
        0.2,
        2.27,
        0.3,
        8.3,
        1,
        0.511,
        21.029,
        0.722,
        45.993,
        0.933,
        47,
        1,
        1.044,
        47.53,
        1.156,
        47.3,
        1.267,
        47.3,
        2,
        1.667,
        47.3
      ]
    },
    {
      "Target": "Parameter",
      "Id": "ArmR_Scale",
      "Segments": [
        0,
        0,
        2,
        0.333,
        0,
        1,
        0.6,
        0,
        0.866,
        -26.8,
        1.133,
        -29,
        1,
        1.311,
        -30.467,
        1.489,
        -30,
        1.667,
        -30
      ]
    },
    {
      "Target": "Parameter",
      "Id": "ArmR_Weight",
      "Segments": [
        0,
        0,
        0,
        0.333,
        -15,
        0,
        0.5,
        0,
        2,
        1.667,
        0
      ]
    },
    {
      "Target": "Parameter",
      "Id": "HandR_Roll",
      "Segments": [
        0,
        0,
        1,
        0.378,
        0,
        0.755,
        -0.198,
        1.133,
        -1,
        1,
        1.311,
        -1.378,
        1.489,
        -2,
        1.667,
        -2
      ]
    },
    {
      "Target": "Parameter",
      "Id": "ArmR_Back",
      "Segments": [
        0,
        0,
        2,
        0.567,
        0,
        0,
        1.033,
        -20,
        2,
        1.667,
        -20
      ]
    },
    {
      "Target": "Parameter",
      "Id": "SleeveR_Shaking",
      "Segments": [
        0,
        0,
        0,
        1.067,
        23,
        1,
        1.267,
        23,
        1.467,
        15.871,
        1.667,
        7.4
      ]
    },
    {
      "Target": "Parameter",
      "Id": "ElbowR_Weight",
      "Segments": [
        0,
        30,
        1,
        0.089,
        30,
        0.178,
        20.701,
        0.267,
        1,
        1,
        0.289,
        -3.925,
        0.311,
        -7,
        0.333,
        -7,
        1,
        0.411,
        -7,
        0.489,
        -5.367,
        0.567,
        6,
        1,
        0.634,
        15.743,
        0.7,
        30,
        0.767,
        30,
        1,
        0.845,
        30,
        0.922,
        11.662,
        1,
        -12.973,
        1,
        1.044,
        -27.05,
        1.089,
        -30,
        1.133,
        -30,
        2,
        1.367,
        -30,
        1,
        1.467,
        -30,
        1.567,
        -10.948,
        1.667,
        -10
      ]
    },
    {
      "Target": "Parameter",
      "Id": "Param",
      "Segments": [
        0,
        -30,
        2,
        0.667,
        -30,
        2,
        0.7,
        0,
        2,
        1.667,
        0
      ]
    },
    {
      "Target": "Parameter",
      "Id": "ShoulderLY",
      "Segments": [
        0,
        0,
        1,
        0.211,
        0,
        0.422,
        5.427,
        0.633,
        10,
        1,
        0.8,
        13.61,
        0.966,
        17.782,
        1.133,
        17.9,
        1,
        1.311,
        18.026,
        1.489,
        18,
        1.667,
        18
      ]
    },
    {
      "Target": "Parameter",
      "Id": "ShoulderL_Roll",
      "Segments": [
        0,
        1,
        0,
        0.3,
        6,
        1,
        0.522,
        6,
        0.745,
        -8.517,
        0.967,
        -8.7,
        1,
        1.2,
        -8.893,
        1.434,
        -8.941,
        1.667,
        -9
      ]
    },
    {
      "Target": "Parameter",
      "Id": "ArmL_Roll",
      "Segments": [
        0,
        -2.5,
        0,
        0.7,
        -45.406,
        1,
        0.822,
        -45.406,
        0.945,
        -43.829,
        1.067,
        -43.606,
        1,
        1.267,
        -43.241,
        1.467,
        -43.24,
        1.667,
        -43.24
      ]
    },
    {
      "Target": "Parameter",
      "Id": "ArmL_Scale",
      "Segments": [
        0,
        0,
        2,
        0.233,
        0,
        0,
        0.367,
        -20,
        0,
        0.733,
        -11,
        1,
        0.866,
        -11,
        1,
        -14.24,
        1.133,
        -15,
        1,
        1.311,
        -16.014,
        1.489,
        -16,
        1.667,
        -16
      ]
    },
    {
      "Target": "Parameter",
      "Id": "HandL_Roll",
      "Segments": [
        0,
        0,
        1,
        0.244,
        0,
        0.489,
        0.454,
        0.733,
        3,
        1,
        0.844,
        4.157,
        0.956,
        12.284,
        1.067,
        12.54,
        1,
        1.267,
        13,
        1.467,
        13,
        1.667,
        13
      ]
    },
    {
      "Target": "Parameter",
      "Id": "HandL_Pose1_Hold",
      "Segments": [
        0,
        0,
        2,
        0.567,
        0,
        0,
        1.2,
        -30,
        2,
        1.667,
        -30
      ]
    },
    {
      "Target": "Parameter",
      "Id": "HandL_Pose1_Weight",
      "Segments": [
        0,
        0,
        2,
        0.4,
        0,
        1,
        0.667,
        0,
        0.933,
        -17.423,
        1.2,
        -20,
        1,
        1.356,
        -21.503,
        1.511,
        -21,
        1.667,
        -21
      ]
    },
    {
      "Target": "Parameter",
      "Id": "Param2",
      "Segments": [
        0,
        30,
        2,
        0.667,
        30,
        2,
        0.7,
        0,
        2,
        1.667,
        0
      ]
    },
    {
      "Target": "Parameter",
      "Id": "LegR_Roll",
      "Segments": [
        0,
        0,
        0,
        0.967,
        -5,
        2,
        1.667,
        -5
      ]
    },
    {
      "Target": "Parameter",
      "Id": "LegL_Roll",
      "Segments": [
        0,
        0,
        0,
        1.133,
        13,
        2,
        1.667,
        13
      ]
    },
    {
      "Target": "PartOpacity",
      "Id": "Part11",
      "Segments": [
        0,
        1,
        2,
        1.13,
        1,
        2,
        1.67,
        1
      ]
    },
    {
      "Target": "PartOpacity",
      "Id": "Part19",
      "Segments": [
        0,
        1,
        2,
        1.67,
        1
      ]
    },
    {
      "Target": "PartOpacity",
      "Id": "Part",
      "Segments": [
        0,
        1,
        2,
        1.13,
        1,
        2,
        1.67,
        1
      ]
    },
    {
      "Target": "PartOpacity",
      "Id": "Part2",
      "Segments": [
        0,
        1,
        2,
        1.13,
        1,
        2,
        1.67,
        1
      ]
    },
    {
      "Target": "PartOpacity",
      "Id": "Part3",
      "Segments": [
        0,
        1,
        2,
        1.13,
        1,
        2,
        1.67,
        1
      ]
    },
    {
      "Target": "PartOpacity",
      "Id": "Part4",
      "Segments": [
        0,
        1,
        2,
        1.13,
        1,
        2,
        1.67,
        1
      ]
    },
    {
      "Target": "PartOpacity",
      "Id": "Part5",
      "Segments": [
        0,
        1,
        2,
        1.13,
        1,
        2,
        1.67,
        1
      ]
    },
    {
      "Target": "PartOpacity",
      "Id": "Part17",
      "Segments": [
        0,
        1,
        2,
        1.13,
        1,
        2,
        1.67,
        1
      ]
    },
    {
      "Target": "PartOpacity",
      "Id": "Part6",
      "Segments": [
        0,
        1,
        2,
        1.13,
        1,
        2,
        1.67,
        1
      ]
    },
    {
      "Target": "PartOpacity",
      "Id": "Part7",
      "Segments": [
        0,
        1,
        2,
        1.13,
        1,
        2,
        1.67,
        1
      ]
    },
    {
      "Target": "PartOpacity",
      "Id": "Part25",
      "Segments": [
        0,
        0,
        2,
        0.77,
        0,
        0,
        0.83,
        1,
        2,
        1.67,
        1
      ]
    },
    {
      "Target": "PartOpacity",
      "Id": "Part26",
      "Segments": [
        0,
        1,
        2,
        1.67,
        1
      ]
    },
    {
      "Target": "PartOpacity",
      "Id": "Part20",
      "Segments": [
        0,
        1,
        2,
        1.67,
        1
      ]
    },
    {
      "Target": "PartOpacity",
      "Id": "Part18",
      "Segments": [
        0,
        0,
        2,
        0.47,
        0,
        0,
        0.57,
        1,
        2,
        1.67,
        1
      ]
    },
    {
      "Target": "PartOpacity",
      "Id": "Part21",
      "Segments": [
        0,
        0,
        2,
        1.13,
        0,
        2,
        1.67,
        0
      ]
    },
    {
      "Target": "PartOpacity",
      "Id": "Part16",
      "Segments": [
        0,
        1,
        2,
        0.57,
        0,
        2,
        1.67,
        0
      ]
    },
    {
      "Target": "PartOpacity",
      "Id": "Part8",
      "Segments": [
        0,
        1,
        2,
        1.13,
        1,
        2,
        1.67,
        1
      ]
    },
    {
      "Target": "PartOpacity",
      "Id": "Part9",
      "Segments": [
        0,
        1,
        2,
        1.17,
        1,
        2,
        1.67,
        1
      ]
    },
    {
      "Target": "PartOpacity",
      "Id": "Part15",
      "Segments": [
        0,
        0,
        2,
        0.2,
        0,
        0,
        0.43,
        1,
        2,
        1.67,
        1
      ]
    },
    {
      "Target": "PartOpacity",
      "Id": "Part14",
      "Segments": [
        0,
        1,
        2,
        0.43,
        0,
        2,
        1.67,
        0
      ]
    },
    {
      "Target": "PartOpacity",
      "Id": "Part12",
      "Segments": [
        0,
        0,
        2,
        0.5,
        0,
        1,
        0.543,
        0,
        0.587,
        0.65,
        0.63,
        0.91,
        1,
        0.653,
        1.04,
        0.677,
        1,
        0.7,
        1,
        2,
        1.67,
        1
      ]
    },
    {
      "Target": "PartOpacity",
      "Id": "Part31",
      "Segments": [
        0,
        0,
        2,
        0.5,
        0,
        1,
        0.523,
        0,
        0.547,
        0.13,
        0.57,
        0.24,
        1,
        0.59,
        0.35,
        0.61,
        0.35,
        0.63,
        0.48,
        1,
        0.653,
        0.61,
        0.677,
        1,
        0.7,
        1,
        2,
        1.67,
        1
      ]
    },
    {
      "Target": "PartOpacity",
      "Id": "Part30",
      "Segments": [
        0,
        0,
        2,
        0.27,
        0,
        1,
        0.28,
        0.217,
        0.29,
        0.433,
        0.3,
        0.65,
        1,
        0.31,
        0.767,
        0.32,
        0.883,
        0.33,
        1,
        2,
        0.67,
        1,
        2,
        0.7,
        0,
        2,
        1.67,
        0
      ]
    },
    {
      "Target": "PartOpacity",
      "Id": "Part32",
      "Segments": [
        0,
        1,
        2,
        0.17,
        1,
        0,
        0.2,
        0.11,
        1,
        0.223,
        0.11,
        0.247,
        0.14,
        0.27,
        0.18,
        1,
        0.28,
        0.2,
        0.29,
        0.18,
        0.3,
        0.22,
        1,
        0.323,
        0.48,
        0.347,
        0.74,
        0.37,
        1,
        2,
        1.67,
        1
      ]
    },
    {
      "Target": "PartOpacity",
      "Id": "Part24",
      "Segments": [
        0,
        1,
        2,
        0.3,
        1,
        0,
        0.43,
        0,
        2,
        1.67,
        0
      ]
    },
    {
      "Target": "PartOpacity",
      "Id": "Part13",
      "Segments": [
        0,
        1,
        2,
        1.67,
        1
      ]
    },
    {
      "Target": "PartOpacity",
      "Id": "Part27",
      "Segments": [
        0,
        0,
        2,
        0.5,
        0,
        0,
        0.7,
        1,
        2,
        1.03,
        1,
        0,
        1.3,
        0,
        2,
        1.67,
        0
      ]
    },
    {
      "Target": "PartOpacity",
      "Id": "Part28",
      "Segments": [
        0,
        1,
        2,
        1.67,
        1
      ]
    },
    {
      "Target": "PartOpacity",
      "Id": "Part10",
      "Segments": [
        0,
        1,
        2,
        1.17,
        1,
        2,
        1.67,
        1
      ]
    },
    {
      "Target": "Model",
      "Id": "Opacity",
      "Segments": [
        0,
        1,
        0,
        1.67,
        1
      ]
    },
    {
      "Target": "Parameter",
      "Id": "All_Position",
      "Segments": [
        0,
        0,
        0,
        1.67,
        0
      ]
    },
    {
      "Target": "Parameter",
      "Id": "BrowRX",
      "Segments": [
        0,
        0,
        0,
        1.67,
        0
      ]
    },
    {
      "Target": "Parameter",
      "Id": "EyeR_Open",
      "Segments": [
        0,
        1,
        0,
        1.67,
        1
      ]
    },
    {
      "Target": "Parameter",
      "Id": "EyeR_Smile",
      "Segments": [
        0,
        0,
        0,
        1.67,
        0
      ]
    },
    {
      "Target": "Parameter",
      "Id": "EyeR_Form",
      "Segments": [
        0,
        0,
        0,
        1.67,
        0
      ]
    },
    {
      "Target": "Parameter",
      "Id": "EyeL_Open",
      "Segments": [
        0,
        1,
        0,
        1.67,
        1
      ]
    },
    {
      "Target": "Parameter",
      "Id": "EyeL_Smile",
      "Segments": [
        0,
        0,
        0,
        1.67,
        0
      ]
    },
    {
      "Target": "Parameter",
      "Id": "EyeL_Form",
      "Segments": [
        0,
        0,
        0,
        1.67,
        0
      ]
    },
    {
      "Target": "Parameter",
      "Id": "EyeBallX",
      "Segments": [
        0,
        0,
        0,
        1.67,
        0
      ]
    },
    {
      "Target": "Parameter",
      "Id": "EyeBallY",
      "Segments": [
        0,
        0,
        0,
        1.67,
        0
      ]
    },
    {
      "Target": "Parameter",
      "Id": "Eyeball_Size",
      "Segments": [
        0,
        0,
        0,
        1.67,
        0
      ]
    },
    {
      "Target": "Parameter",
      "Id": "Mouth_Open",
      "Segments": [
        0,
        1,
        0,
        1.67,
        1
      ]
    },
    {
      "Target": "Parameter",
      "Id": "Mouth_Size",
      "Segments": [
        0,
        1,
        0,
        1.67,
        1
      ]
    },
    {
      "Target": "Parameter",
      "Id": "Mouth_PositionX",
      "Segments": [
        0,
        0,
        0,
        1.67,
        0
      ]
    },
    {
      "Target": "Parameter",
      "Id": "Mouth_PositionY",
      "Segments": [
        0,
        0,
        0,
        1.67,
        0
      ]
    },
    {
      "Target": "Parameter",
      "Id": "ShoulderL_Scale",
      "Segments": [
        0,
        0,
        0,
        1.67,
        0
      ]
    },
    {
      "Target": "Parameter",
      "Id": "HandL__Pose2_Weight",
      "Segments": [
        0,
        0,
        0,
        1.67,
        0
      ]
    },
    {
      "Target": "Parameter",
      "Id": "Lowerbody_Roll",
      "Segments": [
        0,
        0,
        0,
        1.67,
        0
      ]
    },
    {
      "Target": "PartOpacity",
      "Id": "Part22",
      "Segments": [
        0,
        1,
        0,
        1.67,
        1
      ]
    },
    {
      "Target": "PartOpacity",
      "Id": "Part23",
      "Segments": [
        0,
        1,
        0,
        1.67,
        1
      ]
    },
    {
      "Target": "PartOpacity",
      "Id": "Part29",
      "Segments": [
        0,
        1,
        0,
        1.67,
        1
      ]
    }
  ],
  "UserData": [
    {
      "Time": 0.0,
      "Value": ""
    }
  ]
}