{
  "Version": 3,
  "Meta": {
    "Duration": 8.0,
    "Fps": 30.0,
    "Loop": true,
    "AreBeziersRestricted": true,
    "CurveCount": 87,
    "TotalSegmentCount": 221,
    "TotalPointCount": 327,
    "UserDataCount": 1,
    "TotalUserDataSize": 0
  },
  "Curves": [
    {
      "Target": "Parameter",
      "Id": "Breath",
      "Segments": [
        0,
        0.151,
        1,
        0.289,
        0.25,
        0.578,
        0.367,
        0.867,
        0.367,
        0,
        2.167,
        0,
        0,
        3.567,
        0.367,
        0,
        5,
        0,
        0,
        6.4,
        0.367,
        0,
        7.5,
        0,
        1,
        7.667,
        0,
        7.833,
        0.069,
        8,
        0.151
      ]
    },
    {
      "Target": "Parameter",
      "Id": "Body_Shaking",
      "Segments": [
        0,
        5.696,
        1,
        0.144,
        6.578,
        0.289,
        6.953,
        0.433,
        6.953,
        0,
        2.467,
        -5.002,
        0,
        4.5,
        6.953,
        0,
        6.5,
        -5.002,
        1,
        7,
        -5.002,
        7.5,
        2.574,
        8,
        5.696
      ]
    },
    {
      "Target": "Parameter",
      "Id": "Body_Twist",
      "Segments": [
        0,
        26.101,
        1,
        0.211,
        26.101,
        0.422,
        12.021,
        0.633,
        -0.144,
        1,
        1.022,
        -11.284,
        1.411,
        -20.461,
        1.8,
        -21.494,
        1,
        2.756,
        -23.09,
        3.711,
        -23.321,
        4.667,
        -23.123,
        1,
        5.111,
        -22.859,
        5.556,
        -12.106,
        6,
        0.249,
        1,
        6.167,
        10.44,
        6.333,
        19.326,
        6.5,
        21.353,
        1,
        7,
        25.319,
        7.5,
        26.101,
        8,
        26.101
      ]
    },
    {
      "Target": "Parameter",
      "Id": "Body_Pose1",
      "Segments": [
        0,
        0,
        1,
        0.233,
        0.818,
        0.467,
        1.08,
        0.7,
        1.08,
        0,
        3.1,
        -0.353,
        0,
        5.6,
        0.555,
        0,
        7.467,
        -0.707,
        1,
        7.645,
        -0.707,
        7.822,
        -0.505,
        8,
        0
      ]
    },
    {
      "Target": "Parameter",
      "Id": "Ct_Shaking",
      "Segments": [
        0,
        -2.055,
        1,
        0.311,
        0.451,
        0.622,
        2.182,
        0.933,
        2.182,
        0,
        2.3,
        -3.422,
        0,
        3.767,
        1.719,
        0,
        5.333,
        -3.814,
        0,
        6.667,
        1.358,
        0,
        7.667,
        -3.422,
        1,
        7.778,
        -3.422,
        7.889,
        -2.636,
        8,
        -2.055
      ]
    },
    {
      "Target": "Parameter",
      "Id": "Skf_Shaking",
      "Segments": [
        0,
        13.418,
        1,
        0.3,
        7.356,
        0.6,
        -10.876,
        0.9,
        -10.876,
        0,
        1.933,
        11.289,
        0,
        3.067,
        -9.406,
        0,
        4,
        16.525,
        0,
        5.167,
        -13.526,
        0,
        6.1,
        11.289,
        0,
        6.9,
        -7.937,
        0,
        7.8,
        16.525,
        1,
        7.867,
        16.525,
        7.933,
        15.339,
        8,
        13.418
      ]
    },
    {
      "Target": "Parameter",
      "Id": "Head_AngleX",
      "Segments": [
        0,
        2.309,
        1,
        0.767,
        2.309,
        1.533,
        1.355,
        2.3,
        0,
        1,
        2.789,
        -0.864,
        3.278,
        -1.091,
        3.767,
        -1.091,
        1,
        4.534,
        -1.091,
        5.3,
        -0.055,
        6.067,
        1.118,
        1,
        6.711,
        2.104,
        7.356,
        2.309,
        8,
        2.309
      ]
    },
    {
      "Target": "Parameter",
      "Id": "Head_AngleY",
      "Segments": [
        0,
        0.316,
        1,
        0.267,
        3.467,
        0.533,
        4.795,
        0.8,
        4.795,
        0,
        2.8,
        -6.106,
        0,
        4.933,
        2.886,
        0,
        6.833,
        -6.106,
        1,
        7.222,
        -6.106,
        7.611,
        -2.822,
        8,
        0.316
      ]
    },
    {
      "Target": "Parameter",
      "Id": "Head_Roll",
      "Segments": [
        0,
        1.392,
        1,
        0.511,
        -0.104,
        1.022,
        -1.419,
        1.533,
        -1.419,
        0,
        3.867,
        1.514,
        0,
        5.567,
        -0.578,
        0,
        7.5,
        1.916,
        1,
        7.667,
        1.916,
        7.833,
        1.657,
        8,
        1.392
      ]
    },
    {
      "Target": "Parameter",
      "Id": "BrowRY",
      "Segments": [
        0,
        0,
        1,
        0.411,
        0.261,
        0.822,
        0.5,
        1.233,
        0.5,
        0,
        2.5,
        0,
        2,
        5.367,
        0,
        0,
        6.467,
        -0.3,
        0,
        7.433,
        0,
        2,
        8,
        0
      ]
    },
    {
      "Target": "Parameter",
      "Id": "BrowLY",
      "Segments": [
        0,
        0,
        1,
        0.411,
        0.283,
        0.822,
        0.6,
        1.233,
        0.6,
        0,
        2.5,
        0,
        2,
        5.367,
        0,
        0,
        6.467,
        -0.3,
        0,
        7.433,
        0,
        2,
        8,
        0
      ]
    },
    {
      "Target": "Parameter",
      "Id": "BrowR_Form",
      "Segments": [
        0,
        -0.8,
        0,
        1.233,
        -0.3,
        0,
        2.5,
        -0.8,
        2,
        8,
        -0.8
      ]
    },
    {
      "Target": "Parameter",
      "Id": "BrowL_Form",
      "Segments": [
        0,
        -0.8,
        0,
        1.233,
        -0.3,
        0,
        2.5,
        -0.8,
        2,
        8,
        -0.8
      ]
    },
    {
      "Target": "Parameter",
      "Id": "ShoulderRY",
      "Segments": [
        0,
        6.506,
        0,
        1.967,
        -3.498,
        0,
        4.333,
        4.453,
        0,
        6.367,
        -4.519,
        0,
        8,
        6.506
      ]
    },
    {
      "Target": "Parameter",
      "Id": "ShoulderLY",
      "Segments": [
        0,
        5.965,
        0,
        1.967,
        -3.498,
        0,
        4.333,
        4.364,
        0,
        6.367,
        -4.028,
        0,
        8,
        5.965
      ]
    },
    {
      "Target": "Parameter",
      "Id": "ShoulderR_Roll",
      "Segments": [
        0,
        -0.363,
        1,
        0.244,
        -0.907,
        0.489,
        -0.994,
        0.733,
        -0.994,
        0,
        2.733,
        2.238,
        0,
        4.8,
        -0.994,
        0,
        6.867,
        2.635,
        0,
        8,
        -0.363
      ]
    },
    {
      "Target": "Parameter",
      "Id": "ShoulderL_Roll",
      "Segments": [
        0,
        0.779,
        1,
        0.2,
        1.587,
        0.4,
        1.738,
        0.6,
        1.738,
        0,
        2.5,
        -2.085,
        0,
        5.167,
        1.437,
        0,
        6.833,
        -2.013,
        1,
        7.222,
        -2.013,
        7.611,
        -0.983,
        8,
        0.779
      ]
    },
    {
      "Target": "Parameter",
      "Id": "ArmR_Roll",
      "Segments": [
        0,
        0.104,
        1,
        0.444,
        -0.245,
        0.889,
        -0.544,
        1.333,
        -0.544,
        0,
        3.233,
        0.448,
        0,
        5.233,
        -0.544,
        0,
        7.433,
        0.387,
        1,
        7.622,
        0.387,
        7.811,
        0.254,
        8,
        0.104
      ]
    },
    {
      "Target": "Parameter",
      "Id": "ArmL_Roll",
      "Segments": [
        0,
        -0.339,
        1,
        0.456,
        0.208,
        0.911,
        0.375,
        1.367,
        0.375,
        0,
        3.167,
        -2.369,
        0,
        5.167,
        0.271,
        0,
        7.2,
        -2.369,
        1,
        7.467,
        -2.369,
        7.733,
        -0.724,
        8,
        -0.339
      ]
    },
    {
      "Target": "Parameter",
      "Id": "ArmR_Sup_Form",
      "Segments": [
        0,
        -2.619,
        1,
        0.3,
        -1.002,
        0.6,
        0,
        0.9,
        0,
        0,
        2.867,
        -5.662,
        0,
        5.267,
        -1.499,
        0,
        7.1,
        -5.229,
        1,
        7.4,
        -5.229,
        7.7,
        -4.463,
        8,
        -2.619
      ]
    },
    {
      "Target": "Parameter",
      "Id": "ArmL_Sup_Form",
      "Segments": [
        0,
        -1.431,
        1,
        0.344,
        -2.752,
        0.689,
        -3.53,
        1.033,
        -3.53,
        0,
        3.3,
        0,
        0,
        4.933,
        -3.53,
        0,
        7.2,
        0,
        1,
        7.467,
        0,
        7.733,
        -0.566,
        8,
        -1.431
      ]
    },
    {
      "Target": "Parameter",
      "Id": "HairFront_Move",
      "Segments": [
        0,
        -0.651,
        1,
        0.3,
        0.17,
        0.6,
        1,
        0.9,
        1,
        0,
        2.1,
        -0.651,
        0,
        3.467,
        0.725,
        0,
        4.833,
        -0.831,
        0,
        6.1,
        1,
        0,
        7.6,
        -1,
        1,
        7.733,
        -1,
        7.867,
        -0.872,
        8,
        -0.651
      ]
    },
    {
      "Target": "Parameter",
      "Id": "HairSide_Move",
      "Segments": [
        0,
        -0.564,
        1,
        0.244,
        -0.125,
        0.489,
        0.537,
        0.733,
        0.537,
        0,
        2.033,
        -0.704,
        0,
        3.4,
        0.434,
        0,
        4.833,
        -0.549,
        0,
        6.333,
        0.711,
        0,
        7.7,
        -0.906,
        1,
        7.8,
        -0.906,
        7.9,
        -0.752,
        8,
        -0.564
      ]
    },
    {
      "Target": "Parameter",
      "Id": "HairBack_Move",
      "Segments": [
        0,
        -0.117,
        1,
        0.167,
        0.369,
        0.333,
        0.865,
        0.5,
        0.865,
        0,
        1.667,
        -0.809,
        0,
        2.833,
        0.681,
        0,
        3.9,
        -0.809,
        0,
        4.9,
        0.681,
        0,
        5.933,
        -0.609,
        0,
        6.9,
        0.865,
        0,
        7.567,
        -0.809,
        1,
        7.711,
        -0.809,
        7.856,
        -0.49,
        8,
        -0.117
      ]
    },
    {
      "Target": "Parameter",
      "Id": "HandR_Roll",
      "Segments": [
        0,
        -3.376,
        0,
        2.067,
        4.413,
        0,
        4.067,
        -3.376,
        0,
        6.2,
        4.413,
        0,
        8,
        -3.376
      ]
    },
    {
      "Target": "Parameter",
      "Id": "HandL_Roll",
      "Segments": [
        0,
        1.692,
        1,
        0.267,
        4.191,
        0.533,
        4.338,
        0.8,
        4.338,
        0,
        2.867,
        -3.941,
        0,
        5.1,
        3.811,
        0,
        7.067,
        -3.941,
        1,
        7.378,
        -3.941,
        7.689,
        -0.773,
        8,
        1.692
      ]
    },
    {
      "Target": "Parameter",
      "Id": "HandR_move",
      "Segments": [
        0,
        -11.074,
        1,
        0.222,
        -4.206,
        0.445,
        -0.222,
        0.667,
        -0.222,
        0,
        2.367,
        -18.057,
        0,
        3.6,
        -0.222,
        0,
        5.167,
        -18.057,
        0,
        6.333,
        0,
        0,
        7.5,
        -17.724,
        1,
        7.667,
        -17.724,
        7.833,
        -15.066,
        8,
        -11.074
      ]
    },
    {
      "Target": "Parameter",
      "Id": "HandL_move",
      "Segments": [
        0,
        -9.855,
        1,
        0.178,
        -3.606,
        0.355,
        -0.332,
        0.533,
        -0.332,
        0,
        2.2,
        -17.724,
        0,
        3.567,
        -0.332,
        0,
        5.133,
        -17.724,
        0,
        6.433,
        -0.332,
        0,
        7.633,
        -16.214,
        1,
        7.755,
        -16.214,
        7.878,
        -13.712,
        8,
        -9.855
      ]
    },
    {
      "Target": "Parameter",
      "Id": "LegR_Roll",
      "Segments": [
        0,
        1.86,
        0,
        1.8,
        -1.86,
        2,
        4.267,
        -1.86,
        1,
        4.878,
        -1.86,
        5.489,
        0.965,
        6.1,
        1.44,
        1,
        6.733,
        1.932,
        7.367,
        1.86,
        8,
        1.86
      ]
    },
    {
      "Target": "Parameter",
      "Id": "LegL_Roll",
      "Segments": [
        0,
        4.255,
        0,
        1.8,
        -3.202,
        2,
        4.267,
        -3.202,
        1,
        4.945,
        -3.202,
        5.622,
        1.898,
        6.3,
        3.29,
        1,
        6.867,
        4.453,
        7.433,
        4.255,
        8,
        4.255
      ]
    },
    {
      "Target": "PartOpacity",
      "Id": "Part16",
      "Segments": [
        0,
        0,
        2,
        8,
        0
      ]
    },
    {
      "Target": "PartOpacity",
      "Id": "Part28",
      "Segments": [
        0,
        0,
        2,
        8,
        0
      ]
    },
    {
      "Target": "PartOpacity",
      "Id": "Part19",
      "Segments": [
        0,
        0,
        2,
        8,
        0
      ]
    },
    {
      "Target": "PartOpacity",
      "Id": "Part",
      "Segments": [
        0,
        1,
        2,
        8,
        1
      ]
    },
    {
      "Target": "PartOpacity",
      "Id": "Part23",
      "Segments": [
        0,
        0,
        2,
        8,
        0
      ]
    },
    {
      "Target": "PartOpacity",
      "Id": "Part22",
      "Segments": [
        0,
        0,
        2,
        8,
        0
      ]
    },
    {
      "Target": "PartOpacity",
      "Id": "Part21",
      "Segments": [
        0,
        0,
        2,
        8,
        0
      ]
    },
    {
      "Target": "PartOpacity",
      "Id": "Part2",
      "Segments": [
        0,
        1,
        2,
        8,
        1
      ]
    },
    {
      "Target": "PartOpacity",
      "Id": "Part25",
      "Segments": [
        0,
        1,
        2,
        8,
        1
      ]
    },
    {
      "Target": "PartOpacity",
      "Id": "Part3",
      "Segments": [
        0,
        1,
        2,
        8,
        1
      ]
    },
    {
      "Target": "PartOpacity",
      "Id": "Part4",
      "Segments": [
        0,
        1,
        2,
        8,
        1
      ]
    },
    {
      "Target": "PartOpacity",
      "Id": "Part5",
      "Segments": [
        0,
        1,
        2,
        8,
        1
      ]
    },
    {
      "Target": "PartOpacity",
      "Id": "Part6",
      "Segments": [
        0,
        1,
        2,
        8,
        1
      ]
    },
    {
      "Target": "PartOpacity",
      "Id": "Part7",
      "Segments": [
        0,
        1,
        2,
        8,
        1
      ]
    },
    {
      "Target": "PartOpacity",
      "Id": "Part15",
      "Segments": [
        0,
        0,
        2,
        8,
        0
      ]
    },
    {
      "Target": "PartOpacity",
      "Id": "Part26",
      "Segments": [
        0,
        0,
        2,
        8,
        0
      ]
    },
    {
      "Target": "PartOpacity",
      "Id": "Part27",
      "Segments": [
        0,
        0,
        2,
        8,
        0
      ]
    },
    {
      "Target": "PartOpacity",
      "Id": "Part18",
      "Segments": [
        0,
        0,
        2,
        8,
        0
      ]
    },
    {
      "Target": "PartOpacity",
      "Id": "Part17",
      "Segments": [
        0,
        0,
        2,
        8,
        0
      ]
    },
    {
      "Target": "PartOpacity",
      "Id": "Part8",
      "Segments": [
        0,
        1,
        2,
        8,
        1
      ]
    },
    {
      "Target": "PartOpacity",
      "Id": "Part9",
      "Segments": [
        0,
        1,
        2,
        8,
        1
      ]
    },
    {
      "Target": "PartOpacity",
      "Id": "Part10",
      "Segments": [
        0,
        1,
        2,
        8,
        1
      ]
    },
    {
      "Target": "PartOpacity",
      "Id": "Part20",
      "Segments": [
        0,
        0,
        2,
        8,
        0
      ]
    },
    {
      "Target": "PartOpacity",
      "Id": "Part11",
      "Segments": [
        0,
        1,
        2,
        8,
        1
      ]
    },
    {
      "Target": "PartOpacity",
      "Id": "Part24",
      "Segments": [
        0,
        1,
        2,
        8,
        1
      ]
    },
    {
      "Target": "PartOpacity",
      "Id": "Part12",
      "Segments": [
        0,
        1,
        2,
        8,
        1
      ]
    },
    {
      "Target": "PartOpacity",
      "Id": "Part13",
      "Segments": [
        0,
        1,
        2,
        8,
        1
      ]
    },
    {
      "Target": "PartOpacity",
      "Id": "Part14",
      "Segments": [
        0,
        1,
        2,
        8,
        1
      ]
    },
    {
      "Target": "Model",
      "Id": "Opacity",
      "Segments": [
        0,
        1,
        0,
        8,
        1
      ]
    },
    {
      "Target": "Parameter",
      "Id": "BodyPoX",
      "Segments": [
        0,
        0,
        0,
        8,
        0
      ]
    },
    {
      "Target": "Parameter",
      "Id": "BodyY",
      "Segments": [
        0,
        0,
        0,
        8,
        0
      ]
    },
    {
      "Target": "Parameter",
      "Id": "Waist_Roll",
      "Segments": [
        0,
        0,
        0,
        8,
        0
      ]
    },
    {
      "Target": "Parameter",
      "Id": "Head_RollY",
      "Segments": [
        0,
        0,
        0,
        8,
        0
      ]
    },
    {
      "Target": "Parameter",
      "Id": "Param",
      "Segments": [
        0,
        0,
        0,
        8,
        0
      ]
    },
    {
      "Target": "Parameter",
      "Id": "Wet_On",
      "Segments": [
        0,
        0,
        0,
        8,
        0
      ]
    },
    {
      "Target": "Parameter",
      "Id": "Face_On",
      "Segments": [
        0,
        0,
        0,
        8,
        0
      ]
    },
    {
      "Target": "Parameter",
      "Id": "Face2_On",
      "Segments": [
        0,
        0,
        0,
        8,
        0
      ]
    },
    {
      "Target": "Parameter",
      "Id": "Face3_On",
      "Segments": [
        0,
        -30,
        0,
        8,
        -30
      ]
    },
    {
      "Target": "Parameter",
      "Id": "Face4_Y",
      "Segments": [
        0,
        30,
        0,
        8,
        30
      ]
    },
    {
      "Target": "Parameter",
      "Id": "Brow_Form",
      "Segments": [
        0,
        -5,
        0,
        8,
        -5
      ]
    },
    {
      "Target": "Parameter",
      "Id": "EyeBallX",
      "Segments": [
        0,
        0,
        0,
        8,
        0
      ]
    },
    {
      "Target": "Parameter",
      "Id": "EyeBallY",
      "Segments": [
        0,
        0,
        0,
        8,
        0
      ]
    },
    {
      "Target": "Parameter",
      "Id": "EyeBall_size",
      "Segments": [
        0,
        -19,
        0,
        8,
        -19
      ]
    },
    {
      "Target": "Parameter",
      "Id": "BrowR_Angle",
      "Segments": [
        0,
        -0.7,
        0,
        8,
        -0.7
      ]
    },
    {
      "Target": "Parameter",
      "Id": "BrowL_Angle",
      "Segments": [
        0,
        0.7,
        0,
        8,
        0.7
      ]
    },
    {
      "Target": "Parameter",
      "Id": "EyeR_Open",
      "Segments": [
        0,
        0,
        0,
        8,
        0
      ]
    },
    {
      "Target": "Parameter",
      "Id": "EyeR_Smile",
      "Segments": [
        0,
        0,
        0,
        8,
        0
      ]
    },
    {
      "Target": "Parameter",
      "Id": "EyeL_Open",
      "Segments": [
        0,
        0,
        0,
        8,
        0
      ]
    },
    {
      "Target": "Parameter",
      "Id": "EyeL_Smile",
      "Segments": [
        0,
        0,
        0,
        8,
        0
      ]
    },
    {
      "Target": "Parameter",
      "Id": "MouthForm2",
      "Segments": [
        0,
        0,
        0,
        8,
        0
      ]
    },
    {
      "Target": "Parameter",
      "Id": "MouthForm",
      "Segments": [
        0,
        -1.3,
        0,
        8,
        -1.3
      ]
    },
    {
      "Target": "Parameter",
      "Id": "Mouth_Open",
      "Segments": [
        0,
        1,
        0,
        8,
        1
      ]
    },
    {
      "Target": "Parameter",
      "Id": "Mouth_Size",
      "Segments": [
        0,
        0,
        0,
        8,
        0
      ]
    },
    {
      "Target": "Parameter",
      "Id": "ArmR_Form",
      "Segments": [
        0,
        0,
        0,
        8,
        0
      ]
    },
    {
      "Target": "Parameter",
      "Id": "ArmL_Form",
      "Segments": [
        0,
        0,
        0,
        8,
        0
      ]
    },
    {
      "Target": "Parameter",
      "Id": "ArmR_Form2",
      "Segments": [
        0,
        0,
        0,
        8,
        0
      ]
    },
    {
      "Target": "Parameter",
      "Id": "ArmL_Form2",
      "Segments": [
        0,
        0,
        0,
        8,
        0
      ]
    }
  ],
  "UserData": [
    {
      "Time": 0.0,
      "Value": ""
    }
  ]
}