{
  "Version": 3,
  "Meta": {
    "Duration": 2.0,
    "Fps": 30.0,
    "Loop": true,
    "AreBeziersRestricted": true,
    "CurveCount": 87,
    "TotalSegmentCount": 219,
    "TotalPointCount": 329,
    "UserDataCount": 1,
    "TotalUserDataSize": 0
  },
  "Curves": [
    {
      "Target": "Parameter",
      "Id": "BodyPoX",
      "Segments": [
        0,
        0,
        0,
        0.5,
        1.956,
        1,
        0.722,
        1.956,
        0.945,
        0.232,
        1.167,
        0.121,
        1,
        1.445,
        -0.018,
        1.722,
        0,
        2,
        0
      ]
    },
    {
      "Target": "Parameter",
      "Id": "Breath",
      "Segments": [
        0,
        0,
        2,
        0.833,
        0,
        0,
        2,
        0.42
      ]
    },
    {
      "Target": "Parameter",
      "Id": "Body_Shaking",
      "Segments": [
        0,
        0,
        0,
        0.433,
        30,
        1,
        0.611,
        30,
        0.789,
        8.295,
        0.967,
        0,
        1,
        1.056,
        -3.106,
        1.144,
        -3.48,
        1.233,
        -3.48,
        2,
        2,
        -3.48
      ]
    },
    {
      "Target": "Parameter",
      "Id": "BodyY",
      "Segments": [
        0,
        0,
        1,
        0.156,
        -0.956,
        0.311,
        -2.54,
        0.467,
        -2.54,
        0,
        0.967,
        0,
        2,
        2,
        0
      ]
    },
    {
      "Target": "Parameter",
      "Id": "Body_Twist",
      "Segments": [
        0,
        0,
        0,
        0.433,
        30,
        1,
        0.533,
        30,
        0.633,
        4.943,
        0.733,
        0,
        1,
        0.9,
        -6.637,
        1.066,
        -8.266,
        1.233,
        -8.266,
        1,
        1.489,
        -8.266,
        1.744,
        -8.266,
        2,
        -8.267
      ]
    },
    {
      "Target": "Parameter",
      "Id": "Body_Pose1",
      "Segments": [
        0,
        0,
        0,
        0.433,
        -20.298,
        1,
        0.611,
        -20.298,
        0.789,
        -3.749,
        0.967,
        0,
        1,
        1.134,
        3.514,
        1.3,
        3.198,
        1.467,
        3.198,
        1,
        1.645,
        3.198,
        1.822,
        0.798,
        2,
        -0.802
      ]
    },
    {
      "Target": "Parameter",
      "Id": "Waist_Roll",
      "Segments": [
        0,
        0,
        0,
        0.433,
        -21.78,
        1,
        0.611,
        -21.78,
        0.789,
        -0.594,
        0.967,
        4.374,
        1,
        1.056,
        6.93,
        1.144,
        8.663,
        1.233,
        9.011,
        1,
        1.489,
        9.83,
        1.744,
        10.748,
        2,
        10.883
      ]
    },
    {
      "Target": "Parameter",
      "Id": "Ct_Shaking",
      "Segments": [
        0,
        0,
        0,
        0.5,
        -4,
        0,
        1.2,
        6.835,
        0,
        2,
        -4
      ]
    },
    {
      "Target": "Parameter",
      "Id": "Skf_Shaking",
      "Segments": [
        0,
        0,
        0,
        0.2,
        10.083,
        0,
        0.7,
        -22.466,
        1,
        0.833,
        -22.466,
        0.967,
        8.249,
        1.1,
        19.173,
        1,
        1.233,
        30.097,
        1.367,
        30,
        1.5,
        30,
        1,
        1.667,
        30,
        1.833,
        12.403,
        2,
        -3.834
      ]
    },
    {
      "Target": "Parameter",
      "Id": "Head_AngleX",
      "Segments": [
        0,
        0,
        0,
        0.467,
        -11.996,
        1,
        0.634,
        -11.996,
        0.8,
        -2.87,
        0.967,
        0,
        1,
        1.311,
        5.932,
        1.656,
        6.96,
        2,
        6.96
      ]
    },
    {
      "Target": "Parameter",
      "Id": "Head_AngleY",
      "Segments": [
        0,
        0,
        0,
        0.433,
        -30,
        1,
        0.611,
        -30,
        0.789,
        -13.041,
        0.967,
        -10.98,
        1,
        1.311,
        -6.986,
        1.656,
        -6.65,
        2,
        -6.65
      ]
    },
    {
      "Target": "Parameter",
      "Id": "Head_RollY",
      "Segments": [
        0,
        0,
        0,
        0.433,
        -6.54,
        0,
        0.967,
        0,
        2,
        2,
        0
      ]
    },
    {
      "Target": "Parameter",
      "Id": "Head_Roll",
      "Segments": [
        0,
        0,
        0,
        0.4,
        3.238,
        0,
        0.967,
        -6.32,
        0,
        2,
        -3.736
      ]
    },
    {
      "Target": "Parameter",
      "Id": "Param",
      "Segments": [
        0,
        0,
        0,
        0.4,
        -18.6,
        0,
        0.967,
        0,
        2,
        2,
        0
      ]
    },
    {
      "Target": "Parameter",
      "Id": "Wet_On",
      "Segments": [
        0,
        0,
        2,
        0.5,
        0,
        0,
        0.967,
        -30,
        2,
        2,
        -30
      ]
    },
    {
      "Target": "Parameter",
      "Id": "Face_On",
      "Segments": [
        0,
        0,
        0,
        0.967,
        -10,
        2,
        2,
        -10
      ]
    },
    {
      "Target": "Parameter",
      "Id": "Face2_On",
      "Segments": [
        0,
        0,
        2,
        0.5,
        0,
        0,
        0.967,
        -30,
        2,
        2,
        -30
      ]
    },
    {
      "Target": "Parameter",
      "Id": "Face3_On",
      "Segments": [
        0,
        -30,
        0,
        0.967,
        0,
        2,
        2,
        0
      ]
    },
    {
      "Target": "Parameter",
      "Id": "Face4_Y",
      "Segments": [
        0,
        0,
        0,
        0.967,
        -9,
        2,
        2,
        -9
      ]
    },
    {
      "Target": "Parameter",
      "Id": "Brow_Form",
      "Segments": [
        0,
        0,
        0,
        0.967,
        -12,
        2,
        2,
        -12
      ]
    },
    {
      "Target": "Parameter",
      "Id": "EyeBall_size",
      "Segments": [
        0,
        0,
        0,
        0.967,
        -27,
        2,
        2,
        -27
      ]
    },
    {
      "Target": "Parameter",
      "Id": "BrowRY",
      "Segments": [
        0,
        0,
        0,
        0.967,
        -0.4,
        2,
        2,
        -0.4
      ]
    },
    {
      "Target": "Parameter",
      "Id": "BrowLY",
      "Segments": [
        0,
        0,
        0,
        0.967,
        -0.4,
        2,
        2,
        -0.4
      ]
    },
    {
      "Target": "Parameter",
      "Id": "BrowR_Angle",
      "Segments": [
        0,
        0,
        0,
        0.967,
        0.4,
        2,
        2,
        0.4
      ]
    },
    {
      "Target": "Parameter",
      "Id": "BrowL_Angle",
      "Segments": [
        0,
        0,
        0,
        0.967,
        -0.6,
        2,
        2,
        -0.6
      ]
    },
    {
      "Target": "Parameter",
      "Id": "BrowR_Form",
      "Segments": [
        0,
        0,
        0,
        0.967,
        -0.6,
        2,
        2,
        -0.6
      ]
    },
    {
      "Target": "Parameter",
      "Id": "BrowL_Form",
      "Segments": [
        0,
        0,
        0,
        0.967,
        -0.6,
        2,
        2,
        -0.6
      ]
    },
    {
      "Target": "Parameter",
      "Id": "EyeR_Open",
      "Segments": [
        0,
        1,
        0,
        0.2,
        0,
        2,
        0.567,
        0,
        0,
        0.767,
        1,
        2,
        0.967,
        1,
        2,
        2,
        1
      ]
    },
    {
      "Target": "Parameter",
      "Id": "EyeR_Smile",
      "Segments": [
        0,
        0.5,
        0,
        0.967,
        1,
        2,
        2,
        1
      ]
    },
    {
      "Target": "Parameter",
      "Id": "EyeL_Open",
      "Segments": [
        0,
        1,
        0,
        0.2,
        0,
        2,
        0.567,
        0,
        0,
        0.767,
        1,
        2,
        0.967,
        1,
        2,
        2,
        1
      ]
    },
    {
      "Target": "Parameter",
      "Id": "EyeL_Smile",
      "Segments": [
        0,
        0.5,
        0,
        0.967,
        1,
        2,
        2,
        1
      ]
    },
    {
      "Target": "Parameter",
      "Id": "MouthForm2",
      "Segments": [
        0,
        0,
        2,
        0.333,
        0,
        0,
        0.9,
        -30,
        2,
        1.233,
        -30,
        0,
        1.467,
        0,
        2,
        2,
        0
      ]
    },
    {
      "Target": "Parameter",
      "Id": "Mouth_Open",
      "Segments": [
        0,
        1,
        0,
        0.333,
        0.577,
        0,
        0.9,
        1,
        2,
        1.233,
        1,
        2,
        1.467,
        1,
        2,
        2,
        1
      ]
    },
    {
      "Target": "Parameter",
      "Id": "Mouth_Size",
      "Segments": [
        0,
        0,
        0,
        0.667,
        -17,
        0,
        0.967,
        -8,
        2,
        2,
        -8
      ]
    },
    {
      "Target": "Parameter",
      "Id": "ShoulderRY",
      "Segments": [
        0,
        0,
        0,
        0.633,
        23,
        1,
        0.744,
        23,
        0.856,
        22.606,
        0.967,
        19,
        1,
        1.134,
        13.591,
        1.3,
        8.1,
        1.467,
        8.1,
        1,
        1.645,
        8.1,
        1.822,
        9.82,
        2,
        12.16
      ]
    },
    {
      "Target": "Parameter",
      "Id": "ShoulderLY",
      "Segments": [
        0,
        0,
        0,
        0.467,
        11.96,
        1,
        0.611,
        11.96,
        0.756,
        5.707,
        0.9,
        3,
        1,
        1.056,
        0.085,
        1.211,
        0,
        1.367,
        0,
        1,
        1.578,
        0,
        1.789,
        3.878,
        2,
        6.158
      ]
    },
    {
      "Target": "Parameter",
      "Id": "ShoulderR_Roll",
      "Segments": [
        0,
        0,
        1,
        0.211,
        -13.225,
        0.422,
        -30,
        0.633,
        -30,
        0,
        0.967,
        -18.8,
        2,
        2,
        -18.8
      ]
    },
    {
      "Target": "Parameter",
      "Id": "ShoulderL_Roll",
      "Segments": [
        0,
        0,
        2,
        0.133,
        0,
        0,
        0.467,
        5.619,
        0,
        0.9,
        -18.085,
        2,
        2,
        -18.085
      ]
    },
    {
      "Target": "Parameter",
      "Id": "ArmR_Roll",
      "Segments": [
        0,
        0,
        1,
        0.211,
        21.667,
        0.422,
        63.126,
        0.633,
        63.126,
        0,
        0.967,
        48.4,
        2,
        2,
        48.4
      ]
    },
    {
      "Target": "Parameter",
      "Id": "ArmL_Roll",
      "Segments": [
        0,
        0,
        1,
        0.067,
        0,
        0.133,
        2.111,
        0.2,
        -6.266,
        1,
        0.344,
        -24.416,
        0.489,
        -120.194,
        0.633,
        -127.481,
        1,
        0.811,
        -136.45,
        0.989,
        -136.32,
        1.167,
        -136.32,
        2,
        2,
        -136.32
      ]
    },
    {
      "Target": "Parameter",
      "Id": "ArmR_Form",
      "Segments": [
        0,
        0,
        1,
        0.133,
        0,
        0.267,
        -14.227,
        0.4,
        -15.932,
        1,
        0.589,
        -18.347,
        0.778,
        -18.32,
        0.967,
        -18.32,
        2,
        2,
        -18.32
      ]
    },
    {
      "Target": "Parameter",
      "Id": "ArmL_Form",
      "Segments": [
        0,
        0,
        2,
        0.2,
        0,
        1,
        0.344,
        0,
        0.489,
        -2.151,
        0.633,
        -10.434,
        1,
        0.722,
        -15.531,
        0.811,
        -22,
        0.9,
        -22,
        2,
        2,
        -22
      ]
    },
    {
      "Target": "Parameter",
      "Id": "ArmR_Form2",
      "Segments": [
        0,
        0,
        0,
        0.4,
        -22.802,
        0,
        0.867,
        -20,
        2,
        2,
        -20
      ]
    },
    {
      "Target": "Parameter",
      "Id": "ArmL_Form2",
      "Segments": [
        0,
        0,
        2,
        0.2,
        0,
        1,
        0.289,
        0,
        0.378,
        -11.493,
        0.467,
        -13.535,
        1,
        0.611,
        -14.735,
        0.756,
        -14.77,
        0.9,
        -14.77,
        2,
        2,
        -14.77
      ]
    },
    {
      "Target": "Parameter",
      "Id": "ArmR_Sup_Form",
      "Segments": [
        0,
        0,
        1,
        0.133,
        0,
        0.267,
        -33.628,
        0.4,
        -36.272,
        1,
        0.589,
        -40.017,
        0.778,
        -40,
        0.967,
        -40,
        2,
        2,
        -40
      ]
    },
    {
      "Target": "Parameter",
      "Id": "ArmL_Sup_Form",
      "Segments": [
        0,
        0,
        2,
        0.2,
        0,
        0,
        0.9,
        -26,
        2,
        2,
        -26
      ]
    },
    {
      "Target": "Parameter",
      "Id": "HairFront_Move",
      "Segments": [
        0,
        0,
        1,
        0.189,
        -0.461,
        0.378,
        -1,
        0.567,
        -1,
        0,
        1.4,
        1,
        1,
        1.6,
        1,
        1.8,
        -0.09,
        2,
        -0.544
      ]
    },
    {
      "Target": "Parameter",
      "Id": "HairSide_Move",
      "Segments": [
        0,
        0,
        0,
        0.567,
        -0.974,
        0,
        1.4,
        0.849,
        1,
        1.6,
        0.849,
        1.8,
        -0.082,
        2,
        -0.434
      ]
    },
    {
      "Target": "Parameter",
      "Id": "HairBack_Move",
      "Segments": [
        0,
        0,
        0,
        0.467,
        -0.952,
        0,
        1.233,
        0.701,
        0,
        2,
        -0.952
      ]
    },
    {
      "Target": "Parameter",
      "Id": "HandR_Roll",
      "Segments": [
        0,
        0,
        2,
        0.133,
        0,
        1,
        0.244,
        0,
        0.356,
        27.199,
        0.467,
        31.688,
        1,
        0.634,
        35.867,
        0.8,
        38.672,
        0.967,
        38.81,
        2,
        2,
        38.81
      ]
    },
    {
      "Target": "Parameter",
      "Id": "HandL_Roll",
      "Segments": [
        0,
        0,
        1,
        0.322,
        0,
        0.645,
        -6.59,
        0.967,
        -10.9,
        1,
        1.156,
        -13.427,
        1.344,
        -13.187,
        1.533,
        -13.187,
        1,
        1.689,
        -13.187,
        1.844,
        -12.597,
        2,
        -11.943
      ]
    },
    {
      "Target": "Parameter",
      "Id": "HandR_move",
      "Segments": [
        0,
        0,
        0,
        0.333,
        30,
        2,
        0.7,
        30,
        1,
        0.789,
        30,
        0.878,
        9.498,
        0.967,
        0,
        1,
        1.145,
        -18.996,
        1.322,
        -23.026,
        1.5,
        -23.026,
        1,
        1.667,
        -23.026,
        1.833,
        -17.865,
        2,
        -11.71
      ]
    },
    {
      "Target": "Parameter",
      "Id": "HandL_move",
      "Segments": [
        0,
        0,
        0,
        0.733,
        -30,
        0,
        1.267,
        20.178,
        0,
        2,
        -17.755
      ]
    },
    {
      "Target": "Parameter",
      "Id": "LegR_Roll",
      "Segments": [
        0,
        0,
        1,
        0.111,
        0,
        0.222,
        -13.576,
        0.333,
        -16.258,
        1,
        0.544,
        -21.353,
        0.756,
        -22,
        0.967,
        -22,
        2,
        2,
        -22
      ]
    },
    {
      "Target": "Parameter",
      "Id": "LegL_Roll",
      "Segments": [
        0,
        0,
        1,
        0.111,
        0,
        0.222,
        7.103,
        0.333,
        8.672,
        1,
        0.544,
        11.652,
        0.756,
        12,
        0.967,
        12,
        2,
        2,
        12
      ]
    },
    {
      "Target": "PartOpacity",
      "Id": "Part16",
      "Segments": [
        0,
        0,
        2,
        2,
        0
      ]
    },
    {
      "Target": "PartOpacity",
      "Id": "Part28",
      "Segments": [
        0,
        0,
        2,
        2,
        0
      ]
    },
    {
      "Target": "PartOpacity",
      "Id": "Part19",
      "Segments": [
        0,
        0,
        2,
        2,
        0
      ]
    },
    {
      "Target": "PartOpacity",
      "Id": "Part",
      "Segments": [
        0,
        1,
        2,
        2,
        1
      ]
    },
    {
      "Target": "PartOpacity",
      "Id": "Part23",
      "Segments": [
        0,
        0,
        2,
        0.4,
        1,
        2,
        0.57,
        0,
        2,
        2,
        0
      ]
    },
    {
      "Target": "PartOpacity",
      "Id": "Part22",
      "Segments": [
        0,
        0,
        2,
        0.57,
        1,
        2,
        2,
        1
      ]
    },
    {
      "Target": "PartOpacity",
      "Id": "Part21",
      "Segments": [
        0,
        0,
        2,
        2,
        0
      ]
    },
    {
      "Target": "PartOpacity",
      "Id": "Part2",
      "Segments": [
        0,
        1,
        2,
        0.4,
        0,
        2,
        0.57,
        0,
        2,
        2,
        0
      ]
    },
    {
      "Target": "PartOpacity",
      "Id": "Part25",
      "Segments": [
        0,
        1,
        2,
        2,
        1
      ]
    },
    {
      "Target": "PartOpacity",
      "Id": "Part3",
      "Segments": [
        0,
        1,
        2,
        2,
        1
      ]
    },
    {
      "Target": "PartOpacity",
      "Id": "Part4",
      "Segments": [
        0,
        1,
        2,
        2,
        1
      ]
    },
    {
      "Target": "PartOpacity",
      "Id": "Part5",
      "Segments": [
        0,
        1,
        2,
        2,
        1
      ]
    },
    {
      "Target": "PartOpacity",
      "Id": "Part6",
      "Segments": [
        0,
        1,
        2,
        2,
        1
      ]
    },
    {
      "Target": "PartOpacity",
      "Id": "Part7",
      "Segments": [
        0,
        1,
        2,
        2,
        1
      ]
    },
    {
      "Target": "PartOpacity",
      "Id": "Part15",
      "Segments": [
        0,
        0,
        2,
        0.03,
        1,
        2,
        2,
        1
      ]
    },
    {
      "Target": "PartOpacity",
      "Id": "Part26",
      "Segments": [
        0,
        0,
        2,
        0.17,
        1,
        2,
        2,
        1
      ]
    },
    {
      "Target": "PartOpacity",
      "Id": "Part27",
      "Segments": [
        0,
        0,
        2,
        0.17,
        0,
        2,
        2,
        0
      ]
    },
    {
      "Target": "PartOpacity",
      "Id": "Part18",
      "Segments": [
        0,
        0,
        2,
        0.17,
        1,
        2,
        2,
        1
      ]
    },
    {
      "Target": "PartOpacity",
      "Id": "Part17",
      "Segments": [
        0,
        0,
        2,
        2,
        0
      ]
    },
    {
      "Target": "PartOpacity",
      "Id": "Part8",
      "Segments": [
        0,
        1,
        2,
        2,
        1
      ]
    },
    {
      "Target": "PartOpacity",
      "Id": "Part9",
      "Segments": [
        0,
        1,
        2,
        2,
        1
      ]
    },
    {
      "Target": "PartOpacity",
      "Id": "Part10",
      "Segments": [
        0,
        1,
        2,
        0.17,
        0,
        2,
        0.57,
        0,
        2,
        2,
        0
      ]
    },
    {
      "Target": "PartOpacity",
      "Id": "Part20",
      "Segments": [
        0,
        0,
        2,
        2,
        0
      ]
    },
    {
      "Target": "PartOpacity",
      "Id": "Part11",
      "Segments": [
        0,
        1,
        2,
        0.17,
        1,
        2,
        2,
        1
      ]
    },
    {
      "Target": "PartOpacity",
      "Id": "Part24",
      "Segments": [
        0,
        1,
        2,
        2,
        1
      ]
    },
    {
      "Target": "PartOpacity",
      "Id": "Part12",
      "Segments": [
        0,
        1,
        2,
        2,
        1
      ]
    },
    {
      "Target": "PartOpacity",
      "Id": "Part13",
      "Segments": [
        0,
        1,
        2,
        2,
        1
      ]
    },
    {
      "Target": "PartOpacity",
      "Id": "Part14",
      "Segments": [
        0,
        1,
        2,
        2,
        1
      ]
    },
    {
      "Target": "Model",
      "Id": "Opacity",
      "Segments": [
        0,
        1,
        0,
        2,
        1
      ]
    },
    {
      "Target": "Parameter",
      "Id": "EyeBallX",
      "Segments": [
        0,
        0,
        0,
        2,
        0
      ]
    },
    {
      "Target": "Parameter",
      "Id": "EyeBallY",
      "Segments": [
        0,
        0,
        0,
        2,
        0
      ]
    },
    {
      "Target": "Parameter",
      "Id": "MouthForm",
      "Segments": [
        0,
        0,
        0,
        2,
        0
      ]
    }
  ],
  "UserData": [
    {
      "Time": 0.0,
      "Value": ""
    }
  ]
}