{
  "Version": 3,
  "Meta": {
    "Duration": 2.0,
    "Fps": 30.0,
    "Loop": true,
    "AreBeziersRestricted": true,
    "CurveCount": 87,
    "TotalSegmentCount": 228,
    "TotalPointCount": 396,
    "UserDataCount": 1,
    "TotalUserDataSize": 0
  },
  "Curves": [
    {
      "Target": "Parameter",
      "Id": "Body_Shaking",
      "Segments": [
        0,
        0,
        0,
        0.233,
        18.42,
        1,
        0.322,
        18.42,
        0.411,
        -24.17,
        0.5,
        -26,
        1,
        0.678,
        -29.659,
        0.855,
        -30,
        1.033,
        -30,
        0,
        1.5,
        -27.3,
        1,
        1.667,
        -27.3,
        1.833,
        -27.75,
        2,
        -28.65
      ]
    },
    {
      "Target": "Parameter",
      "Id": "BodyY",
      "Segments": [
        0,
        0,
        1,
        0.078,
        -2.88,
        0.155,
        -5.9,
        0.233,
        -5.9,
        0,
        0.633,
        1.812,
        1,
        0.766,
        1.812,
        0.9,
        1.774,
        1.033,
        0.66,
        1,
        1.189,
        -0.639,
        1.344,
        -2.56,
        1.5,
        -2.56,
        1,
        1.667,
        -2.56,
        1.833,
        -2.023,
        2,
        -0.95
      ]
    },
    {
      "Target": "Parameter",
      "Id": "Body_Twist",
      "Segments": [
        0,
        0,
        2,
        0.233,
        0,
        0,
        0.5,
        -5,
        2,
        2,
        -5
      ]
    },
    {
      "Target": "Parameter",
      "Id": "Body_Pose1",
      "Segments": [
        0,
        0,
        1,
        0.078,
        -6.474,
        0.155,
        -16.56,
        0.233,
        -16.56,
        1,
        0.322,
        -16.56,
        0.411,
        13.268,
        0.5,
        23.348,
        1,
        0.567,
        30.908,
        0.633,
        30,
        0.7,
        30,
        1,
        0.811,
        30,
        0.922,
        28.743,
        1.033,
        25.392,
        1,
        1.189,
        20.7,
        1.344,
        17.855,
        1.5,
        17.855,
        1,
        1.667,
        17.855,
        1.833,
        19.326,
        2,
        22.266
      ]
    },
    {
      "Target": "Parameter",
      "Id": "Waist_Roll",
      "Segments": [
        0,
        0,
        0,
        0.233,
        -11.7,
        1,
        0.322,
        -11.7,
        0.411,
        17.891,
        0.5,
        22.545,
        1,
        0.567,
        26.035,
        0.633,
        27.445,
        0.7,
        28.322,
        1,
        0.811,
        29.784,
        0.922,
        30,
        1.033,
        30,
        0,
        1.5,
        27.54,
        1,
        1.667,
        27.54,
        1.833,
        27.95,
        2,
        28.77
      ]
    },
    {
      "Target": "Parameter",
      "Id": "Ct_Shaking",
      "Segments": [
        0,
        0,
        1,
        0.1,
        -4.273,
        0.2,
        -6.571,
        0.3,
        -6.571,
        1,
        0.411,
        -6.571,
        0.522,
        0.567,
        0.633,
        5.667,
        1,
        0.722,
        9.747,
        0.811,
        10,
        0.9,
        10,
        0,
        2,
        -6.571
      ]
    },
    {
      "Target": "Parameter",
      "Id": "Skf_Shaking",
      "Segments": [
        0,
        0,
        1,
        0.067,
        10.715,
        0.133,
        24.903,
        0.2,
        24.903,
        0,
        0.6,
        -27.211,
        1,
        0.667,
        -27.211,
        0.733,
        -28.784,
        0.8,
        -20.228,
        1,
        0.922,
        -4.541,
        1.045,
        30,
        1.167,
        30,
        1,
        1.445,
        30,
        1.722,
        -22.632,
        2,
        -22.466
      ]
    },
    {
      "Target": "Parameter",
      "Id": "Head_AngleY",
      "Segments": [
        0,
        0,
        0,
        0.233,
        -20.625,
        1,
        0.322,
        -20.625,
        0.411,
        -2.175,
        0.5,
        8.58,
        1,
        0.578,
        17.991,
        0.655,
        18.251,
        0.733,
        18.251,
        0,
        1.367,
        -2.185,
        1,
        1.578,
        -2.185,
        1.789,
        -0.155,
        2,
        4.239
      ]
    },
    {
      "Target": "Parameter",
      "Id": "Head_RollY",
      "Segments": [
        0,
        0,
        0,
        0.233,
        -16.2,
        1,
        0.322,
        -16.2,
        0.411,
        -13.244,
        0.5,
        -6,
        1,
        0.578,
        0.338,
        0.655,
        4.29,
        0.733,
        4.29,
        0,
        1.167,
        -5.94,
        1,
        1.356,
        -5.94,
        1.544,
        -3.391,
        1.733,
        0,
        1,
        1.822,
        1.596,
        1.911,
        2.719,
        2,
        3.695
      ]
    },
    {
      "Target": "Parameter",
      "Id": "Head_Roll",
      "Segments": [
        0,
        0,
        0,
        0.233,
        5.7,
        1,
        0.322,
        5.7,
        0.411,
        -2.627,
        0.5,
        -3.74,
        1,
        0.567,
        -4.324,
        0.633,
        -4.38,
        0.7,
        -4.38,
        0,
        1.033,
        -3.74,
        0,
        1.733,
        -4.28,
        1,
        1.822,
        -4.28,
        1.911,
        -4.277,
        2,
        -4.199
      ]
    },
    {
      "Target": "Parameter",
      "Id": "Param",
      "Segments": [
        0,
        0,
        1,
        0.078,
        0,
        0.155,
        -10.871,
        0.233,
        -11.58,
        1,
        0.389,
        -12.997,
        0.544,
        -14.607,
        0.7,
        -14.608,
        1,
        1.133,
        -14.61,
        1.567,
        -14.61,
        2,
        -14.61
      ]
    },
    {
      "Target": "Parameter",
      "Id": "Face2_On",
      "Segments": [
        0,
        0,
        0,
        0.267,
        -30,
        0,
        0.5,
        -26,
        2,
        2,
        -26
      ]
    },
    {
      "Target": "Parameter",
      "Id": "Face3_On",
      "Segments": [
        0,
        -30,
        0,
        0.5,
        0,
        2,
        2,
        0
      ]
    },
    {
      "Target": "Parameter",
      "Id": "Face4_Y",
      "Segments": [
        0,
        0,
        1,
        0.078,
        0,
        0.155,
        -1.848,
        0.233,
        -4.62,
        1,
        0.322,
        -7.788,
        0.411,
        -9,
        0.5,
        -9,
        2,
        2,
        -9
      ]
    },
    {
      "Target": "Parameter",
      "Id": "Brow_Form",
      "Segments": [
        0,
        0,
        0,
        0.5,
        -12,
        2,
        2,
        -12
      ]
    },
    {
      "Target": "Parameter",
      "Id": "EyeBall_size",
      "Segments": [
        0,
        0,
        2,
        0.233,
        0,
        0,
        0.5,
        -27,
        2,
        2,
        -27
      ]
    },
    {
      "Target": "Parameter",
      "Id": "BrowRY",
      "Segments": [
        0,
        0,
        2,
        0.233,
        0,
        0,
        0.5,
        -0.4,
        2,
        2,
        -0.4
      ]
    },
    {
      "Target": "Parameter",
      "Id": "BrowLY",
      "Segments": [
        0,
        0,
        2,
        0.233,
        0,
        0,
        0.5,
        -0.4,
        2,
        2,
        -0.4
      ]
    },
    {
      "Target": "Parameter",
      "Id": "BrowR_Angle",
      "Segments": [
        0,
        0,
        2,
        0.233,
        0,
        0,
        0.5,
        0.8,
        2,
        2,
        0.8
      ]
    },
    {
      "Target": "Parameter",
      "Id": "BrowL_Angle",
      "Segments": [
        0,
        0,
        2,
        0.233,
        0,
        0,
        0.5,
        -0.8,
        2,
        2,
        -0.8
      ]
    },
    {
      "Target": "Parameter",
      "Id": "BrowR_Form",
      "Segments": [
        0,
        0,
        0,
        0.233,
        -1,
        0,
        0.5,
        -0.6,
        2,
        2,
        -0.6
      ]
    },
    {
      "Target": "Parameter",
      "Id": "BrowL_Form",
      "Segments": [
        0,
        0,
        0,
        0.233,
        -1,
        0,
        0.5,
        -0.6,
        2,
        2,
        -0.6
      ]
    },
    {
      "Target": "Parameter",
      "Id": "EyeR_Open",
      "Segments": [
        0,
        1,
        2,
        0.233,
        1,
        0,
        0.5,
        0,
        2,
        2,
        0
      ]
    },
    {
      "Target": "Parameter",
      "Id": "EyeR_Smile",
      "Segments": [
        0,
        0.5,
        0,
        0.233,
        1,
        0,
        0.5,
        0,
        2,
        2,
        0
      ]
    },
    {
      "Target": "Parameter",
      "Id": "EyeL_Open",
      "Segments": [
        0,
        1,
        2,
        0.233,
        1,
        0,
        0.5,
        0,
        2,
        2,
        0
      ]
    },
    {
      "Target": "Parameter",
      "Id": "EyeL_Smile",
      "Segments": [
        0,
        0.5,
        0,
        0.233,
        1,
        0,
        0.5,
        0,
        2,
        2,
        0
      ]
    },
    {
      "Target": "Parameter",
      "Id": "MouthForm2",
      "Segments": [
        0,
        0,
        2,
        0.233,
        0,
        0,
        0.5,
        -30,
        2,
        0.967,
        -30,
        0,
        1.5,
        0,
        0,
        2,
        -30
      ]
    },
    {
      "Target": "Parameter",
      "Id": "ShoulderRY",
      "Segments": [
        0,
        0,
        2,
        0.233,
        0,
        1,
        0.3,
        0,
        0.366,
        1.773,
        0.433,
        8,
        1,
        0.578,
        21.493,
        0.722,
        30,
        0.867,
        30,
        1,
        1.078,
        30,
        1.289,
        24.928,
        1.5,
        17.147,
        1,
        1.667,
        11.005,
        1.833,
        8.867,
        2,
        8.867
      ]
    },
    {
      "Target": "Parameter",
      "Id": "ShoulderLY",
      "Segments": [
        0,
        0,
        2,
        0.233,
        0,
        0,
        0.433,
        2,
        1,
        0.578,
        8.488,
        0.722,
        16.012,
        0.867,
        17.323,
        1,
        1.078,
        18.519,
        1.289,
        16.012,
        1.5,
        14.058,
        1,
        1.667,
        12.218,
        1.833,
        11.024,
        2,
        11.024
      ]
    },
    {
      "Target": "Parameter",
      "Id": "ShoulderR_Roll",
      "Segments": [
        0,
        0,
        1,
        0.078,
        0,
        0.155,
        -9.408,
        0.233,
        -14.16,
        1,
        0.322,
        -19.59,
        0.411,
        -23.199,
        0.5,
        -26,
        1,
        0.544,
        -27.401,
        0.589,
        -27.38,
        0.633,
        -27.38,
        1,
        0.922,
        -27.38,
        1.211,
        -26.506,
        1.5,
        -25.466,
        1,
        1.667,
        -24.866,
        1.833,
        -24.784,
        2,
        -24.784
      ]
    },
    {
      "Target": "Parameter",
      "Id": "ShoulderL_Roll",
      "Segments": [
        0,
        0,
        1,
        0.078,
        0,
        0.155,
        7.589,
        0.233,
        9.825,
        1,
        0.322,
        12.38,
        0.411,
        13.617,
        0.5,
        15,
        1,
        0.544,
        15.691,
        0.589,
        16.173,
        0.633,
        16.5,
        1,
        0.7,
        16.991,
        0.766,
        17.1,
        0.833,
        17.1,
        1,
        1.055,
        17.1,
        1.278,
        16.574,
        1.5,
        15.938,
        1,
        1.667,
        15.46,
        1.833,
        15.359,
        2,
        15.359
      ]
    },
    {
      "Target": "Parameter",
      "Id": "ArmR_Roll",
      "Segments": [
        0,
        0,
        1,
        0.078,
        0,
        0.155,
        5.721,
        0.233,
        26.847,
        1,
        0.322,
        50.991,
        0.411,
        100.412,
        0.5,
        113.2,
        1,
        0.567,
        122.791,
        0.633,
        121.9,
        0.7,
        121.9,
        1,
        0.967,
        121.9,
        1.233,
        117.73,
        1.5,
        113.401,
        1,
        1.667,
        110.696,
        1.833,
        110.423,
        2,
        110.423
      ]
    },
    {
      "Target": "Parameter",
      "Id": "ArmL_Roll",
      "Segments": [
        0,
        0,
        1,
        0.078,
        0,
        0.155,
        0.075,
        0.233,
        -17.265,
        1,
        0.322,
        -37.083,
        0.411,
        -120.7,
        0.5,
        -130.88,
        1,
        0.567,
        -138.515,
        0.633,
        -137.21,
        0.7,
        -137.21,
        1,
        0.967,
        -137.21,
        1.233,
        -129.814,
        1.5,
        -126.574,
        1,
        1.667,
        -124.55,
        1.833,
        -124.899,
        2,
        -124.899
      ]
    },
    {
      "Target": "Parameter",
      "Id": "ArmR_Form",
      "Segments": [
        0,
        0,
        1,
        0.078,
        0,
        0.155,
        -9.844,
        0.233,
        -11.359,
        1,
        0.322,
        -13.09,
        0.411,
        -13,
        0.5,
        -13,
        2,
        2,
        -13
      ]
    },
    {
      "Target": "Parameter",
      "Id": "ArmL_Form",
      "Segments": [
        0,
        0,
        1,
        0.078,
        0,
        0.155,
        -7.71,
        0.233,
        -10.999,
        1,
        0.322,
        -14.757,
        0.411,
        -15,
        0.5,
        -15,
        2,
        2,
        -15
      ]
    },
    {
      "Target": "Parameter",
      "Id": "ArmR_Form2",
      "Segments": [
        0,
        0,
        1,
        0.078,
        0,
        0.155,
        -6.719,
        0.233,
        -15.862,
        1,
        0.322,
        -26.311,
        0.411,
        -29.92,
        0.5,
        -29.92,
        2,
        2,
        -29.92
      ]
    },
    {
      "Target": "Parameter",
      "Id": "ArmL_Form2",
      "Segments": [
        0,
        0,
        1,
        0.078,
        0,
        0.155,
        -6.994,
        0.233,
        -14.372,
        1,
        0.322,
        -22.803,
        0.411,
        -25,
        0.5,
        -25,
        2,
        2,
        -25
      ]
    },
    {
      "Target": "Parameter",
      "Id": "ArmR_Sup_Form",
      "Segments": [
        0,
        0,
        1,
        0.078,
        0,
        0.155,
        -1.958,
        0.233,
        -12.76,
        1,
        0.322,
        -25.106,
        0.411,
        -37.44,
        0.5,
        -37.44,
        2,
        2,
        -37.44
      ]
    },
    {
      "Target": "Parameter",
      "Id": "ArmL_Sup_Form",
      "Segments": [
        0,
        0,
        0,
        0.233,
        -6.3,
        0,
        0.5,
        0,
        2,
        2,
        0
      ]
    },
    {
      "Target": "Parameter",
      "Id": "HairFront_Move",
      "Segments": [
        0,
        0,
        1,
        0.189,
        -0.461,
        0.378,
        -1,
        0.567,
        -1,
        0,
        1.4,
        1,
        1,
        1.6,
        1,
        1.8,
        -0.09,
        2,
        -0.544
      ]
    },
    {
      "Target": "Parameter",
      "Id": "HairSide_Move",
      "Segments": [
        0,
        0,
        0,
        0.567,
        -0.974,
        0,
        1.4,
        0.849,
        1,
        1.6,
        0.849,
        1.8,
        -0.082,
        2,
        -0.434
      ]
    },
    {
      "Target": "Parameter",
      "Id": "HairBack_Move",
      "Segments": [
        0,
        0,
        0,
        0.467,
        -0.952,
        0,
        1.233,
        0.701,
        0,
        2,
        -0.952
      ]
    },
    {
      "Target": "Parameter",
      "Id": "HandR_Roll",
      "Segments": [
        0,
        0,
        2,
        0.233,
        0,
        1,
        0.322,
        0,
        0.411,
        6.809,
        0.5,
        12,
        1,
        0.644,
        20.435,
        0.789,
        22.57,
        0.933,
        22.57,
        0,
        2,
        9.797
      ]
    },
    {
      "Target": "Parameter",
      "Id": "HandL_Roll",
      "Segments": [
        0,
        0,
        2,
        0.233,
        0,
        1,
        0.322,
        0,
        0.411,
        -0.251,
        0.5,
        -3,
        1,
        0.644,
        -7.467,
        0.789,
        -11.94,
        0.933,
        -11.94,
        0,
        2,
        1.822
      ]
    },
    {
      "Target": "Parameter",
      "Id": "HandR_move",
      "Segments": [
        0,
        0,
        2,
        0.533,
        0,
        0,
        0.867,
        30,
        0,
        2,
        -30
      ]
    },
    {
      "Target": "Parameter",
      "Id": "HandL_move",
      "Segments": [
        0,
        0,
        2,
        0.533,
        0,
        0,
        0.867,
        30,
        0,
        2,
        -30
      ]
    },
    {
      "Target": "Parameter",
      "Id": "LegR_Roll",
      "Segments": [
        0,
        0,
        2,
        0.233,
        0,
        0,
        0.6,
        -22,
        2,
        2,
        -22
      ]
    },
    {
      "Target": "Parameter",
      "Id": "LegL_Roll",
      "Segments": [
        0,
        0,
        2,
        0.233,
        0,
        0,
        0.6,
        12,
        2,
        2,
        12
      ]
    },
    {
      "Target": "PartOpacity",
      "Id": "Part16",
      "Segments": [
        0,
        0,
        2,
        2,
        0
      ]
    },
    {
      "Target": "PartOpacity",
      "Id": "Part28",
      "Segments": [
        0,
        0,
        2,
        2,
        0
      ]
    },
    {
      "Target": "PartOpacity",
      "Id": "Part19",
      "Segments": [
        0,
        0,
        2,
        2,
        1
      ]
    },
    {
      "Target": "PartOpacity",
      "Id": "Part",
      "Segments": [
        0,
        1,
        2,
        0.17,
        1,
        2,
        2,
        1
      ]
    },
    {
      "Target": "PartOpacity",
      "Id": "Part23",
      "Segments": [
        0,
        0,
        2,
        0.17,
        1,
        2,
        2,
        1
      ]
    },
    {
      "Target": "PartOpacity",
      "Id": "Part22",
      "Segments": [
        0,
        0,
        2,
        2,
        0
      ]
    },
    {
      "Target": "PartOpacity",
      "Id": "Part21",
      "Segments": [
        0,
        0,
        2,
        2,
        0
      ]
    },
    {
      "Target": "PartOpacity",
      "Id": "Part2",
      "Segments": [
        0,
        1,
        2,
        0.17,
        0,
        2,
        2,
        0
      ]
    },
    {
      "Target": "PartOpacity",
      "Id": "Part25",
      "Segments": [
        0,
        1,
        2,
        2,
        1
      ]
    },
    {
      "Target": "PartOpacity",
      "Id": "Part3",
      "Segments": [
        0,
        1,
        2,
        2,
        1
      ]
    },
    {
      "Target": "PartOpacity",
      "Id": "Part4",
      "Segments": [
        0,
        1,
        2,
        2,
        1
      ]
    },
    {
      "Target": "PartOpacity",
      "Id": "Part5",
      "Segments": [
        0,
        1,
        2,
        2,
        1
      ]
    },
    {
      "Target": "PartOpacity",
      "Id": "Part6",
      "Segments": [
        0,
        1,
        2,
        2,
        1
      ]
    },
    {
      "Target": "PartOpacity",
      "Id": "Part7",
      "Segments": [
        0,
        1,
        2,
        2,
        1
      ]
    },
    {
      "Target": "PartOpacity",
      "Id": "Part15",
      "Segments": [
        0,
        0,
        2,
        0.03,
        1,
        2,
        2,
        1
      ]
    },
    {
      "Target": "PartOpacity",
      "Id": "Part26",
      "Segments": [
        0,
        0,
        2,
        0.17,
        1,
        2,
        2,
        1
      ]
    },
    {
      "Target": "PartOpacity",
      "Id": "Part27",
      "Segments": [
        0,
        0,
        2,
        2,
        0
      ]
    },
    {
      "Target": "PartOpacity",
      "Id": "Part18",
      "Segments": [
        0,
        0,
        2,
        0.17,
        0,
        2,
        2,
        0
      ]
    },
    {
      "Target": "PartOpacity",
      "Id": "Part17",
      "Segments": [
        0,
        0,
        2,
        0.17,
        1,
        2,
        2,
        1
      ]
    },
    {
      "Target": "PartOpacity",
      "Id": "Part8",
      "Segments": [
        0,
        1,
        2,
        2,
        1
      ]
    },
    {
      "Target": "PartOpacity",
      "Id": "Part9",
      "Segments": [
        0,
        1,
        2,
        2,
        1
      ]
    },
    {
      "Target": "PartOpacity",
      "Id": "Part10",
      "Segments": [
        0,
        1,
        2,
        0.17,
        0,
        2,
        2,
        0
      ]
    },
    {
      "Target": "PartOpacity",
      "Id": "Part20",
      "Segments": [
        0,
        0,
        2,
        2,
        0
      ]
    },
    {
      "Target": "PartOpacity",
      "Id": "Part11",
      "Segments": [
        0,
        1,
        2,
        2,
        1
      ]
    },
    {
      "Target": "PartOpacity",
      "Id": "Part24",
      "Segments": [
        0,
        1,
        2,
        2,
        1
      ]
    },
    {
      "Target": "PartOpacity",
      "Id": "Part12",
      "Segments": [
        0,
        1,
        2,
        2,
        1
      ]
    },
    {
      "Target": "PartOpacity",
      "Id": "Part13",
      "Segments": [
        0,
        1,
        2,
        2,
        1
      ]
    },
    {
      "Target": "PartOpacity",
      "Id": "Part14",
      "Segments": [
        0,
        1,
        2,
        2,
        1
      ]
    },
    {
      "Target": "Model",
      "Id": "Opacity",
      "Segments": [
        0,
        1,
        0,
        2,
        1
      ]
    },
    {
      "Target": "Parameter",
      "Id": "BodyPoX",
      "Segments": [
        0,
        0,
        0,
        2,
        0
      ]
    },
    {
      "Target": "Parameter",
      "Id": "Breath",
      "Segments": [
        0,
        0,
        0,
        2,
        0
      ]
    },
    {
      "Target": "Parameter",
      "Id": "Head_AngleX",
      "Segments": [
        0,
        0,
        0,
        2,
        0
      ]
    },
    {
      "Target": "Parameter",
      "Id": "Wet_On",
      "Segments": [
        0,
        0,
        0,
        2,
        0
      ]
    },
    {
      "Target": "Parameter",
      "Id": "Face_On",
      "Segments": [
        0,
        0,
        0,
        2,
        0
      ]
    },
    {
      "Target": "Parameter",
      "Id": "EyeBallX",
      "Segments": [
        0,
        0,
        0,
        2,
        0
      ]
    },
    {
      "Target": "Parameter",
      "Id": "EyeBallY",
      "Segments": [
        0,
        0,
        0,
        2,
        0
      ]
    },
    {
      "Target": "Parameter",
      "Id": "MouthForm",
      "Segments": [
        0,
        0,
        0,
        2,
        0
      ]
    },
    {
      "Target": "Parameter",
      "Id": "Mouth_Open",
      "Segments": [
        0,
        1,
        0,
        2,
        1
      ]
    },
    {
      "Target": "Parameter",
      "Id": "Mouth_Size",
      "Segments": [
        0,
        0,
        0,
        2,
        0
      ]
    }
  ],
  "UserData": [
    {
      "Time": 0.0,
      "Value": ""
    }
  ]
}