{
  "Version": 3,
  "Meta": {
    "Duration": 1.67,
    "Fps": 30.0,
    "Loop": true,
    "AreBeziersRestricted": true,
    "CurveCount": 87,
    "TotalSegmentCount": 203,
    "TotalPointCount": 357,
    "UserDataCount": 1,
    "TotalUserDataSize": 0
  },
  "Curves": [
    {
      "Target": "Parameter",
      "Id": "BodyPoX",
      "Segments": [
        0,
        0,
        2,
        0.433,
        0,
        0,
        0.9,
        -3,
        2,
        1.667,
        -3
      ]
    },
    {
      "Target": "Parameter",
      "Id": "Body_Shaking",
      "Segments": [
        0,
        0,
        1,
        0.133,
        11.595,
        0.267,
        20.031,
        0.4,
        20.031,
        1,
        0.522,
        20.031,
        0.645,
        -16.098,
        0.767,
        -24.631,
        1,
        0.834,
        -27.944,
        0.9,
        -28.231,
        0.967,
        -28.231,
        2,
        1.667,
        -28.231
      ]
    },
    {
      "Target": "Parameter",
      "Id": "BodyY",
      "Segments": [
        0,
        0,
        0,
        0.433,
        -2.5,
        1,
        0.578,
        -2.5,
        0.722,
        2.014,
        0.867,
        2.785,
        1,
        0.967,
        3.318,
        1.067,
        3.168,
        1.167,
        3.168,
        1,
        1.334,
        3.073,
        1.5,
        1.863,
        1.667,
        0.882
      ]
    },
    {
      "Target": "Parameter",
      "Id": "Body_Twist",
      "Segments": [
        0,
        0,
        1,
        0.078,
        0,
        0.155,
        -6.81,
        0.233,
        -11.373,
        1,
        0.3,
        -15.285,
        0.366,
        -15.541,
        0.433,
        -15.541,
        1,
        0.566,
        -15.541,
        0.7,
        -9.786,
        0.833,
        -9,
        1,
        1.111,
        -7.362,
        1.389,
        -7.214,
        1.667,
        -7.214
      ]
    },
    {
      "Target": "Parameter",
      "Id": "Body_Pose1",
      "Segments": [
        0,
        0,
        1,
        0.067,
        -8.867,
        0.133,
        -18.556,
        0.2,
        -22.011,
        1,
        0.256,
        -26.277,
        0.311,
        -26.83,
        0.367,
        -26.83,
        1,
        0.434,
        -26.83,
        0.5,
        -12.644,
        0.567,
        0,
        1,
        0.678,
        20.307,
        0.789,
        25.749,
        0.9,
        25.749,
        1,
        1.156,
        25.749,
        1.411,
        25.77,
        1.667,
        23.77
      ]
    },
    {
      "Target": "Parameter",
      "Id": "Waist_Roll",
      "Segments": [
        0,
        0,
        1,
        0.133,
        -7.16,
        0.267,
        -15.005,
        0.4,
        -15.005,
        1,
        0.522,
        -15.005,
        0.645,
        11.401,
        0.767,
        19.3,
        1,
        0.811,
        22.172,
        0.856,
        22.634,
        0.9,
        22.947,
        1,
        1.089,
        24.278,
        1.278,
        24.658,
        1.467,
        24.658,
        1,
        1.534,
        24.658,
        1.6,
        24.788,
        1.667,
        24.537
      ]
    },
    {
      "Target": "Parameter",
      "Id": "Ct_Shaking",
      "Segments": [
        0,
        0,
        1,
        0.111,
        -2.798,
        0.222,
        -6.571,
        0.333,
        -6.571,
        0,
        1.067,
        10,
        1,
        1.267,
        10,
        1.467,
        0.839,
        1.667,
        -4.006
      ]
    },
    {
      "Target": "Parameter",
      "Id": "Skf_Shaking",
      "Segments": [
        0,
        0,
        0,
        0.133,
        10.083,
        0,
        0.567,
        -22.466,
        1,
        0.656,
        -22.466,
        0.744,
        10.675,
        0.833,
        19.173,
        1,
        0.944,
        29.796,
        1.056,
        30,
        1.167,
        30,
        1,
        1.334,
        30,
        1.5,
        15.629,
        1.667,
        3.777
      ]
    },
    {
      "Target": "Parameter",
      "Id": "Head_AngleX",
      "Segments": [
        0,
        0,
        0,
        0.633,
        -11,
        1,
        0.722,
        -11,
        0.811,
        -8.942,
        0.9,
        -8.6,
        1,
        1.156,
        -7.616,
        1.411,
        -6.859,
        1.667,
        -6.272
      ]
    },
    {
      "Target": "Parameter",
      "Id": "Head_AngleY",
      "Segments": [
        0,
        0,
        1,
        0.133,
        -7.212,
        0.267,
        -17.423,
        0.4,
        -17.423,
        0,
        0.667,
        -7.08,
        1,
        0.745,
        -9.774,
        0.822,
        -11.993,
        0.9,
        -12.612,
        1,
        1.156,
        -12.612,
        1.411,
        -10.861,
        1.667,
        -8.635
      ]
    },
    {
      "Target": "Parameter",
      "Id": "Head_RollY",
      "Segments": [
        0,
        0,
        2,
        0.133,
        0,
        1,
        0.244,
        0,
        0.356,
        1.043,
        0.467,
        2.107,
        1,
        0.822,
        5.512,
        1.178,
        8.534,
        1.533,
        11.609,
        1,
        1.578,
        11.994,
        1.622,
        12.281,
        1.667,
        12.545
      ]
    },
    {
      "Target": "Parameter",
      "Id": "Head_Roll",
      "Segments": [
        0,
        0,
        0,
        0.367,
        2.155,
        1,
        0.511,
        2.155,
        0.656,
        -16.472,
        0.8,
        -16.893,
        1,
        1.089,
        -17.662,
        1.378,
        -17.145,
        1.667,
        -16.236
      ]
    },
    {
      "Target": "Parameter",
      "Id": "Param",
      "Segments": [
        0,
        0,
        0,
        0.367,
        -13.96,
        0,
        0.767,
        -10,
        2,
        1.4,
        -10,
        1,
        1.489,
        -10,
        1.578,
        -9.871,
        1.667,
        -10.346
      ]
    },
    {
      "Target": "Parameter",
      "Id": "EyeBallX",
      "Segments": [
        0,
        0,
        0,
        0.833,
        0.092,
        2,
        1.667,
        0.092
      ]
    },
    {
      "Target": "Parameter",
      "Id": "EyeR_Open",
      "Segments": [
        0,
        1,
        0,
        0.2,
        0,
        2,
        0.4,
        0,
        0,
        0.633,
        1,
        2,
        1.667,
        1
      ]
    },
    {
      "Target": "Parameter",
      "Id": "EyeL_Open",
      "Segments": [
        0,
        1,
        0,
        0.2,
        0,
        2,
        0.4,
        0,
        0,
        0.633,
        1,
        2,
        1.667,
        1
      ]
    },
    {
      "Target": "Parameter",
      "Id": "MouthForm",
      "Segments": [
        0,
        0,
        2,
        0.367,
        0,
        0,
        0.833,
        -1.5,
        2,
        1.667,
        -1.5
      ]
    },
    {
      "Target": "Parameter",
      "Id": "ShoulderRY",
      "Segments": [
        0,
        0,
        0,
        0.333,
        23,
        0,
        0.7,
        19,
        2,
        1.667,
        19
      ]
    },
    {
      "Target": "Parameter",
      "Id": "ShoulderLY",
      "Segments": [
        0,
        0,
        2,
        0.133,
        0,
        1,
        0.244,
        0,
        0.356,
        16.681,
        0.467,
        26.047,
        1,
        0.522,
        30.73,
        0.578,
        30,
        0.633,
        30,
        2,
        1.333,
        30,
        1,
        1.444,
        30,
        1.556,
        29.795,
        1.667,
        29.458
      ]
    },
    {
      "Target": "Parameter",
      "Id": "ShoulderR_Roll",
      "Segments": [
        0,
        0,
        1,
        0.111,
        -19.561,
        0.222,
        -30,
        0.333,
        -30,
        1,
        0.455,
        -30,
        0.578,
        -19.828,
        0.7,
        -18.8,
        1,
        0.789,
        -18.052,
        0.878,
        -18.26,
        0.967,
        -18.26,
        2,
        1.667,
        -18.26
      ]
    },
    {
      "Target": "Parameter",
      "Id": "ShoulderL_Roll",
      "Segments": [
        0,
        0,
        2,
        0.267,
        0,
        1,
        0.378,
        0,
        0.489,
        33.421,
        0.6,
        39.411,
        1,
        0.711,
        45.402,
        0.822,
        45,
        0.933,
        45,
        2,
        1.333,
        45,
        1,
        1.444,
        45,
        1.556,
        45.026,
        1.667,
        44.14
      ]
    },
    {
      "Target": "Parameter",
      "Id": "ArmR_Roll",
      "Segments": [
        0,
        0,
        1,
        0.111,
        38.563,
        0.222,
        56.069,
        0.333,
        56.069,
        1,
        0.455,
        56.069,
        0.578,
        50.34,
        0.7,
        48.4,
        1,
        0.789,
        46.989,
        0.878,
        47.2,
        0.967,
        47.2,
        2,
        1.667,
        47.2
      ]
    },
    {
      "Target": "Parameter",
      "Id": "ArmL_Roll",
      "Segments": [
        0,
        0,
        1,
        0.089,
        0,
        0.178,
        1.593,
        0.267,
        -5.695,
        1,
        0.4,
        -16.628,
        0.534,
        -146.149,
        0.667,
        -156.48,
        1,
        0.734,
        -161.645,
        0.8,
        -160,
        0.867,
        -160,
        2,
        1.333,
        -160,
        1,
        1.444,
        -160,
        1.556,
        -160.014,
        1.667,
        -159.568
      ]
    },
    {
      "Target": "Parameter",
      "Id": "ArmR_Form",
      "Segments": [
        0,
        0,
        1,
        0.111,
        -7.261,
        0.222,
        -12.551,
        0.333,
        -15.932,
        1,
        0.455,
        -18.464,
        0.578,
        -18.32,
        0.7,
        -18.32,
        2,
        1.667,
        -18.32
      ]
    },
    {
      "Target": "Parameter",
      "Id": "ArmL_Form",
      "Segments": [
        0,
        0,
        2,
        0.133,
        0,
        1,
        0.233,
        0,
        0.333,
        -0.059,
        0.433,
        -6.825,
        1,
        0.544,
        -14.343,
        0.656,
        -30,
        0.767,
        -30,
        2,
        1.667,
        -30
      ]
    },
    {
      "Target": "Parameter",
      "Id": "ArmR_Form2",
      "Segments": [
        0,
        0,
        1,
        0.111,
        -11.273,
        0.222,
        -22.802,
        0.333,
        -22.802,
        1,
        0.455,
        -22.802,
        0.578,
        -21.451,
        0.7,
        -20.12,
        1,
        0.789,
        -19.152,
        0.878,
        -19.04,
        0.967,
        -19.04,
        2,
        1.667,
        -19.04
      ]
    },
    {
      "Target": "Parameter",
      "Id": "ArmL_Form2",
      "Segments": [
        0,
        0,
        2,
        0.267,
        0,
        0,
        0.467,
        -14.707,
        0,
        0.667,
        -5,
        2,
        1.333,
        -5,
        1,
        1.444,
        -5,
        1.556,
        -5.032,
        1.667,
        -5.2
      ]
    },
    {
      "Target": "Parameter",
      "Id": "ArmR_Sup_Form",
      "Segments": [
        0,
        0,
        1,
        0.1,
        0,
        0.2,
        -34.295,
        0.3,
        -36.272,
        1,
        0.478,
        -39.786,
        0.655,
        -40,
        0.833,
        -40,
        2,
        1.667,
        -40
      ]
    },
    {
      "Target": "Parameter",
      "Id": "ArmL_Sup_Form",
      "Segments": [
        0,
        0,
        2,
        0.133,
        0,
        0,
        0.467,
        -21.27,
        0,
        0.767,
        0,
        2,
        1.667,
        0
      ]
    },
    {
      "Target": "Parameter",
      "Id": "HairFront_Move",
      "Segments": [
        0,
        0,
        1,
        0.111,
        -0.573,
        0.222,
        -1,
        0.333,
        -1,
        0,
        1.033,
        1,
        0,
        1.667,
        0
      ]
    },
    {
      "Target": "Parameter",
      "Id": "HairSide_Move",
      "Segments": [
        0,
        0,
        1,
        0.111,
        -0.457,
        0.222,
        -1,
        0.333,
        -1,
        0,
        1.033,
        0.989,
        1,
        1.244,
        0.989,
        1.456,
        0.022,
        1.667,
        0
      ]
    },
    {
      "Target": "Parameter",
      "Id": "HairBack_Move",
      "Segments": [
        0,
        0,
        0,
        0.467,
        -0.952,
        0,
        1.233,
        0.701,
        1,
        1.378,
        0.701,
        1.522,
        0.333,
        1.667,
        -0.287
      ]
    },
    {
      "Target": "Parameter",
      "Id": "HandR_Roll",
      "Segments": [
        0,
        0,
        1,
        0.111,
        10.13,
        0.222,
        18.182,
        0.333,
        24.66,
        1,
        0.389,
        27.792,
        0.444,
        30.39,
        0.5,
        33.385,
        1,
        0.567,
        36.517,
        0.633,
        38.672,
        0.7,
        38.81,
        2,
        1.667,
        38.81
      ]
    },
    {
      "Target": "Parameter",
      "Id": "HandL_Roll",
      "Segments": [
        0,
        0,
        1,
        0.167,
        0,
        0.333,
        0.165,
        0.5,
        0.66,
        1,
        0.522,
        0.726,
        0.545,
        18.519,
        0.567,
        23.845,
        1,
        0.589,
        29.171,
        0.611,
        30,
        0.633,
        30,
        2,
        1.667,
        30
      ]
    },
    {
      "Target": "Parameter",
      "Id": "HandR_move",
      "Segments": [
        0,
        0,
        1,
        0.078,
        12.857,
        0.155,
        30,
        0.233,
        30,
        2,
        0.567,
        30,
        1,
        0.656,
        30,
        0.744,
        9.498,
        0.833,
        0,
        1,
        1.011,
        -18.996,
        1.189,
        -23.026,
        1.367,
        -23.026,
        1,
        1.467,
        -23.026,
        1.567,
        -20.899,
        1.667,
        -18.358
      ]
    },
    {
      "Target": "Parameter",
      "Id": "HandL_move",
      "Segments": [
        0,
        0,
        2,
        0.733,
        0,
        0,
        1.3,
        30,
        1,
        1.422,
        30,
        1.545,
        29.799,
        1.667,
        24.911
      ]
    },
    {
      "Target": "Parameter",
      "Id": "LegR_Roll",
      "Segments": [
        0,
        0,
        0,
        0.433,
        2.4,
        0,
        0.833,
        -22,
        2,
        1.667,
        -22
      ]
    },
    {
      "Target": "Parameter",
      "Id": "LegL_Roll",
      "Segments": [
        0,
        0,
        0,
        0.833,
        12,
        2,
        1.667,
        12
      ]
    },
    {
      "Target": "PartOpacity",
      "Id": "Part16",
      "Segments": [
        0,
        0,
        2,
        1.67,
        0
      ]
    },
    {
      "Target": "PartOpacity",
      "Id": "Part28",
      "Segments": [
        0,
        0,
        2,
        1.67,
        0
      ]
    },
    {
      "Target": "PartOpacity",
      "Id": "Part19",
      "Segments": [
        0,
        0,
        2,
        1.67,
        1
      ]
    },
    {
      "Target": "PartOpacity",
      "Id": "Part",
      "Segments": [
        0,
        1,
        2,
        1.67,
        1
      ]
    },
    {
      "Target": "PartOpacity",
      "Id": "Part23",
      "Segments": [
        0,
        0,
        2,
        0.3,
        1,
        2,
        0.57,
        0,
        2,
        1.67,
        0
      ]
    },
    {
      "Target": "PartOpacity",
      "Id": "Part22",
      "Segments": [
        0,
        0,
        2,
        1.67,
        0
      ]
    },
    {
      "Target": "PartOpacity",
      "Id": "Part21",
      "Segments": [
        0,
        0,
        2,
        0.57,
        1,
        2,
        1.67,
        1
      ]
    },
    {
      "Target": "PartOpacity",
      "Id": "Part2",
      "Segments": [
        0,
        1,
        2,
        0.3,
        0,
        2,
        1.67,
        0
      ]
    },
    {
      "Target": "PartOpacity",
      "Id": "Part25",
      "Segments": [
        0,
        1,
        2,
        1.67,
        1
      ]
    },
    {
      "Target": "PartOpacity",
      "Id": "Part3",
      "Segments": [
        0,
        1,
        2,
        1.67,
        1
      ]
    },
    {
      "Target": "PartOpacity",
      "Id": "Part4",
      "Segments": [
        0,
        1,
        2,
        1.67,
        1
      ]
    },
    {
      "Target": "PartOpacity",
      "Id": "Part5",
      "Segments": [
        0,
        1,
        2,
        1.67,
        1
      ]
    },
    {
      "Target": "PartOpacity",
      "Id": "Part6",
      "Segments": [
        0,
        1,
        2,
        1.67,
        1
      ]
    },
    {
      "Target": "PartOpacity",
      "Id": "Part7",
      "Segments": [
        0,
        1,
        2,
        1.67,
        1
      ]
    },
    {
      "Target": "PartOpacity",
      "Id": "Part15",
      "Segments": [
        0,
        0,
        2,
        1.67,
        0
      ]
    },
    {
      "Target": "PartOpacity",
      "Id": "Part26",
      "Segments": [
        0,
        0,
        2,
        0.1,
        1,
        2,
        1.67,
        1
      ]
    },
    {
      "Target": "PartOpacity",
      "Id": "Part27",
      "Segments": [
        0,
        0,
        2,
        0.1,
        0,
        2,
        1.67,
        0
      ]
    },
    {
      "Target": "PartOpacity",
      "Id": "Part18",
      "Segments": [
        0,
        0,
        2,
        0.1,
        1,
        2,
        1.67,
        1
      ]
    },
    {
      "Target": "PartOpacity",
      "Id": "Part17",
      "Segments": [
        0,
        0,
        2,
        1.67,
        0
      ]
    },
    {
      "Target": "PartOpacity",
      "Id": "Part8",
      "Segments": [
        0,
        1,
        2,
        1.67,
        1
      ]
    },
    {
      "Target": "PartOpacity",
      "Id": "Part9",
      "Segments": [
        0,
        1,
        2,
        1.67,
        1
      ]
    },
    {
      "Target": "PartOpacity",
      "Id": "Part10",
      "Segments": [
        0,
        1,
        2,
        0.1,
        0,
        2,
        0.43,
        0,
        2,
        1.67,
        0
      ]
    },
    {
      "Target": "PartOpacity",
      "Id": "Part20",
      "Segments": [
        0,
        0,
        2,
        1.67,
        0
      ]
    },
    {
      "Target": "PartOpacity",
      "Id": "Part11",
      "Segments": [
        0,
        1,
        2,
        0.03,
        1,
        2,
        1.67,
        1
      ]
    },
    {
      "Target": "PartOpacity",
      "Id": "Part24",
      "Segments": [
        0,
        1,
        2,
        1.67,
        1
      ]
    },
    {
      "Target": "PartOpacity",
      "Id": "Part12",
      "Segments": [
        0,
        1,
        2,
        1.67,
        1
      ]
    },
    {
      "Target": "PartOpacity",
      "Id": "Part13",
      "Segments": [
        0,
        1,
        2,
        1.67,
        1
      ]
    },
    {
      "Target": "PartOpacity",
      "Id": "Part14",
      "Segments": [
        0,
        1,
        2,
        1.67,
        1
      ]
    },
    {
      "Target": "Model",
      "Id": "Opacity",
      "Segments": [
        0,
        1,
        0,
        1.67,
        1
      ]
    },
    {
      "Target": "Parameter",
      "Id": "Breath",
      "Segments": [
        0,
        0,
        0,
        1.67,
        0
      ]
    },
    {
      "Target": "Parameter",
      "Id": "Wet_On",
      "Segments": [
        0,
        0,
        0,
        1.67,
        0
      ]
    },
    {
      "Target": "Parameter",
      "Id": "Face_On",
      "Segments": [
        0,
        0,
        0,
        1.67,
        0
      ]
    },
    {
      "Target": "Parameter",
      "Id": "Face2_On",
      "Segments": [
        0,
        0,
        0,
        1.67,
        0
      ]
    },
    {
      "Target": "Parameter",
      "Id": "Face3_On",
      "Segments": [
        0,
        -30,
        0,
        1.67,
        -30
      ]
    },
    {
      "Target": "Parameter",
      "Id": "Face4_Y",
      "Segments": [
        0,
        0,
        0,
        1.67,
        0
      ]
    },
    {
      "Target": "Parameter",
      "Id": "Brow_Form",
      "Segments": [
        0,
        0,
        0,
        1.67,
        0
      ]
    },
    {
      "Target": "Parameter",
      "Id": "EyeBallY",
      "Segments": [
        0,
        0,
        0,
        1.67,
        0
      ]
    },
    {
      "Target": "Parameter",
      "Id": "EyeBall_size",
      "Segments": [
        0,
        0,
        0,
        1.67,
        0
      ]
    },
    {
      "Target": "Parameter",
      "Id": "BrowRY",
      "Segments": [
        0,
        0,
        0,
        1.67,
        0
      ]
    },
    {
      "Target": "Parameter",
      "Id": "BrowLY",
      "Segments": [
        0,
        0,
        0,
        1.67,
        0
      ]
    },
    {
      "Target": "Parameter",
      "Id": "BrowR_Angle",
      "Segments": [
        0,
        0,
        0,
        1.67,
        0
      ]
    },
    {
      "Target": "Parameter",
      "Id": "BrowL_Angle",
      "Segments": [
        0,
        0,
        0,
        1.67,
        0
      ]
    },
    {
      "Target": "Parameter",
      "Id": "BrowR_Form",
      "Segments": [
        0,
        0,
        0,
        1.67,
        0
      ]
    },
    {
      "Target": "Parameter",
      "Id": "BrowL_Form",
      "Segments": [
        0,
        0,
        0,
        1.67,
        0
      ]
    },
    {
      "Target": "Parameter",
      "Id": "EyeR_Smile",
      "Segments": [
        0,
        0.5,
        0,
        1.67,
        0.5
      ]
    },
    {
      "Target": "Parameter",
      "Id": "EyeL_Smile",
      "Segments": [
        0,
        0.5,
        0,
        1.67,
        0.5
      ]
    },
    {
      "Target": "Parameter",
      "Id": "MouthForm2",
      "Segments": [
        0,
        0,
        0,
        1.67,
        0
      ]
    },
    {
      "Target": "Parameter",
      "Id": "Mouth_Open",
      "Segments": [
        0,
        1,
        0,
        1.67,
        1
      ]
    },
    {
      "Target": "Parameter",
      "Id": "Mouth_Size",
      "Segments": [
        0,
        0,
        0,
        1.67,
        0
      ]
    }
  ],
  "UserData": [
    {
      "Time": 0.0,
      "Value": ""
    }
  ]
}