{
  "Version": 3,
  "Meta": {
    "Duration": 8.0,
    "Fps": 30.0,
    "Loop": true,
    "AreBeziersRestricted": true,
    "CurveCount": 87,
    "TotalSegmentCount": 292,
    "TotalPointCount": 360,
    "UserDataCount": 1,
    "TotalUserDataSize": 0
  },
  "Curves": [
    {
      "Target": "Parameter",
      "Id": "Body_Shaking",
      "Segments": [
        0,
        -28.65,
        1,
        0.167,
        -29.55,
        0.333,
        -30,
        0.5,
        -30,
        0,
        1.467,
        -27.06,
        0,
        2.567,
        -30,
        0,
        3.733,
        -25.98,
        0,
        4.9,
        -30,
        0,
        6,
        -26.16,
        0,
        6.9,
        -30,
        0,
        7.533,
        -26.16,
        1,
        7.689,
        -26.16,
        7.844,
        -27.791,
        8,
        -28.65
      ]
    },
    {
      "Target": "Parameter",
      "Id": "BodyY",
      "Segments": [
        0,
        -0.95,
        1,
        0.167,
        0.123,
        0.333,
        0.66,
        0.5,
        0.66,
        0,
        1.467,
        -2.56,
        0,
        2.567,
        0.68,
        0,
        3.733,
        -2.38,
        0,
        4.9,
        1.5,
        0,
        6,
        -2.56,
        0,
        6.9,
        0.62,
        0,
        7.667,
        -2.122,
        1,
        7.778,
        -2.122,
        7.889,
        -1.734,
        8,
        -0.95
      ]
    },
    {
      "Target": "Parameter",
      "Id": "Body_Twist",
      "Segments": [
        0,
        -5,
        2,
        1.267,
        -5,
        1,
        1.711,
        -5,
        2.156,
        -24.652,
        2.6,
        -25.179,
        1,
        3.344,
        -26.061,
        4.089,
        -26.023,
        4.833,
        -26.023,
        0,
        6.1,
        -5,
        2,
        8,
        -5
      ]
    },
    {
      "Target": "Parameter",
      "Id": "Body_Pose1",
      "Segments": [
        0,
        22.266,
        1,
        0.167,
        25.206,
        0.333,
        26.677,
        0.5,
        26.677,
        0,
        1.467,
        17.855,
        0,
        2.567,
        27.002,
        0,
        3.733,
        17.855,
        0,
        4.9,
        27.66,
        0,
        6,
        17.855,
        0,
        6.9,
        26.677,
        0,
        7.533,
        17.855,
        1,
        7.689,
        17.855,
        7.844,
        20.083,
        8,
        22.266
      ]
    },
    {
      "Target": "Parameter",
      "Id": "Waist_Roll",
      "Segments": [
        0,
        28.77,
        1,
        0.167,
        29.59,
        0.333,
        30,
        0.5,
        30,
        0,
        1.467,
        26.76,
        0,
        2.567,
        30,
        0,
        3.733,
        26.4,
        0,
        4.9,
        30,
        0,
        6,
        26.4,
        0,
        6.9,
        30,
        0,
        7.6,
        27.294,
        1,
        7.733,
        27.294,
        7.867,
        27.636,
        8,
        28.77
      ]
    },
    {
      "Target": "Parameter",
      "Id": "Ct_Shaking",
      "Segments": [
        0,
        -6.571,
        0,
        1.033,
        5.889,
        0,
        2.1,
        -5.93,
        0,
        3.1,
        6.596,
        0,
        4,
        -6.44,
        0,
        5.1,
        6.596,
        0,
        6.2,
        -4.006,
        0,
        7.233,
        3.171,
        0,
        8,
        -6.571
      ]
    },
    {
      "Target": "Parameter",
      "Id": "Skf_Shaking",
      "Segments": [
        0,
        -22.466,
        0,
        1.1,
        15.226,
        0,
        2.067,
        -22.466,
        0,
        3.267,
        25.359,
        0,
        4.467,
        -14.866,
        0,
        5.5,
        19.173,
        0,
        6.433,
        -14.866,
        0,
        7.2,
        15.226,
        0,
        8,
        -22.466
      ]
    },
    {
      "Target": "Parameter",
      "Id": "Head_AngleY",
      "Segments": [
        0,
        4.239,
        1,
        0.233,
        9.096,
        0.467,
        11.7,
        0.7,
        11.7,
        0,
        1.767,
        -6.326,
        0,
        3,
        12.96,
        0,
        4.033,
        0.54,
        0,
        5,
        8.82,
        0,
        5.9,
        -4.831,
        0,
        6.867,
        12.96,
        0,
        7.6,
        -0.91,
        1,
        7.733,
        -0.91,
        7.867,
        1.725,
        8,
        4.239
      ]
    },
    {
      "Target": "Parameter",
      "Id": "Head_RollY",
      "Segments": [
        0,
        3.695,
        1,
        0.233,
        6.257,
        0.467,
        7.26,
        0.7,
        7.26,
        0,
        1.767,
        0,
        0,
        3,
        6.6,
        0,
        4.467,
        -0.18,
        0,
        5.8,
        3.6,
        0,
        7.167,
        -2.4,
        1,
        7.445,
        -2.4,
        7.722,
        1.041,
        8,
        3.695
      ]
    },
    {
      "Target": "Parameter",
      "Id": "Head_Roll",
      "Segments": [
        0,
        -4.199,
        1,
        0.244,
        -3.985,
        0.489,
        -3.817,
        0.733,
        -3.817,
        0,
        2.3,
        -4.264,
        0,
        3.633,
        -3.74,
        0,
        5.1,
        -4.026,
        0,
        6.5,
        -3.549,
        0,
        7.633,
        -4.38,
        1,
        7.755,
        -4.38,
        7.878,
        -4.324,
        8,
        -4.199
      ]
    },
    {
      "Target": "Parameter",
      "Id": "Face4_Y",
      "Segments": [
        0,
        11,
        1,
        0.367,
        14.317,
        0.733,
        16,
        1.1,
        16,
        0,
        2.2,
        11,
        2,
        3.4,
        11,
        0,
        4.533,
        8,
        0,
        5.633,
        11,
        2,
        8,
        11
      ]
    },
    {
      "Target": "Parameter",
      "Id": "EyeBallY",
      "Segments": [
        0,
        0,
        1,
        0.233,
        -0.075,
        0.467,
        -0.174,
        0.7,
        -0.174,
        1,
        1.1,
        -0.174,
        1.5,
        -0.12,
        1.9,
        -0.117,
        1,
        2.289,
        -0.114,
        2.678,
        -0.116,
        3.067,
        -0.113,
        1,
        3.489,
        -0.11,
        3.911,
        -0.051,
        4.333,
        -0.051,
        0,
        5.133,
        -0.059,
        0,
        6.033,
        0,
        0,
        6.933,
        -0.122,
        0,
        7.667,
        0.079,
        1,
        7.778,
        0.079,
        7.889,
        0.037,
        8,
        0
      ]
    },
    {
      "Target": "Parameter",
      "Id": "BrowRY",
      "Segments": [
        0,
        0,
        0,
        1.1,
        0.4,
        0,
        2.2,
        0,
        2,
        3.4,
        0,
        0,
        4.533,
        -0.2,
        0,
        5.633,
        0,
        2,
        8,
        0
      ]
    },
    {
      "Target": "Parameter",
      "Id": "BrowLY",
      "Segments": [
        0,
        0.5,
        0,
        1.1,
        0.7,
        0,
        2.2,
        0.5,
        2,
        3.4,
        0.5,
        0,
        4.533,
        0.2,
        0,
        5.633,
        0.5,
        2,
        8,
        0.5
      ]
    },
    {
      "Target": "Parameter",
      "Id": "BrowR_Form",
      "Segments": [
        0,
        -0.7,
        1,
        1.133,
        -0.7,
        2.267,
        -0.7,
        3.4,
        -0.698,
        1,
        3.767,
        -0.697,
        4.133,
        -0.4,
        4.5,
        -0.4,
        1,
        4.867,
        -0.4,
        5.233,
        -0.697,
        5.6,
        -0.698,
        1,
        6.4,
        -0.7,
        7.2,
        -0.7,
        8,
        -0.7
      ]
    },
    {
      "Target": "Parameter",
      "Id": "BrowL_Form",
      "Segments": [
        0,
        -0.7,
        1,
        1.133,
        -0.7,
        2.267,
        -0.7,
        3.4,
        -0.698,
        1,
        3.767,
        -0.697,
        4.133,
        -0.4,
        4.5,
        -0.4,
        1,
        4.867,
        -0.4,
        5.233,
        -0.697,
        5.6,
        -0.698,
        1,
        6.4,
        -0.7,
        7.2,
        -0.7,
        8,
        -0.7
      ]
    },
    {
      "Target": "Parameter",
      "Id": "ShoulderRY",
      "Segments": [
        0,
        8.867,
        0,
        0.633,
        15.913,
        0,
        1.533,
        8.546,
        0,
        2.7,
        18.86,
        0,
        3.967,
        7.367,
        0,
        5.233,
        21.217,
        0,
        6.333,
        10.956,
        0,
        7.333,
        19.449,
        0,
        8,
        8.867
      ]
    },
    {
      "Target": "Parameter",
      "Id": "ShoulderLY",
      "Segments": [
        0,
        11.024,
        0,
        0.533,
        17.323,
        0,
        1.533,
        10.609,
        0,
        2.8,
        21.245,
        0,
        3.867,
        15.646,
        0,
        5.1,
        17.976,
        0,
        6.3,
        10.019,
        0,
        7.133,
        19.154,
        0,
        8,
        11.024
      ]
    },
    {
      "Target": "Parameter",
      "Id": "ShoulderR_Roll",
      "Segments": [
        0,
        -24.784,
        0,
        0.7,
        -25.422,
        0,
        1.7,
        -24.018,
        0,
        2.833,
        -25.599,
        0,
        4.167,
        -23.738,
        0,
        5.433,
        -24.84,
        0,
        6.433,
        -23.53,
        0,
        7.4,
        -25.66,
        0,
        8,
        -24.784
      ]
    },
    {
      "Target": "Parameter",
      "Id": "ShoulderL_Roll",
      "Segments": [
        0,
        15.359,
        0,
        0.767,
        16.69,
        0,
        1.767,
        15.701,
        0,
        2.933,
        15.797,
        0,
        4.133,
        14.808,
        0,
        5.3,
        17.192,
        0,
        6.4,
        15.701,
        0,
        7.333,
        16.69,
        0,
        8,
        15.359
      ]
    },
    {
      "Target": "Parameter",
      "Id": "ArmR_Roll",
      "Segments": [
        0,
        110.423,
        0,
        0.7,
        116.471,
        0,
        1.7,
        109.905,
        0,
        2.833,
        112.621,
        0,
        4.1,
        106.715,
        0,
        5.333,
        116.41,
        0,
        6.433,
        110.74,
        0,
        7.433,
        115.21,
        0,
        8,
        110.423
      ]
    },
    {
      "Target": "Parameter",
      "Id": "ArmL_Roll",
      "Segments": [
        0,
        -124.899,
        0,
        0.767,
        -131.564,
        0,
        1.767,
        -124.864,
        0,
        2.933,
        -133.061,
        0,
        4.2,
        -131.289,
        0,
        5.433,
        -133.239,
        0,
        6.567,
        -126.204,
        0,
        7.467,
        -127.521,
        0,
        8,
        -124.899
      ]
    },
    {
      "Target": "Parameter",
      "Id": "ArmR_Form",
      "Segments": [
        0,
        -13,
        2,
        1.267,
        -13,
        0,
        2.6,
        -16.404,
        2,
        4.833,
        -16.404,
        0,
        6.1,
        -13,
        2,
        8,
        -13
      ]
    },
    {
      "Target": "Parameter",
      "Id": "ArmR_Form2",
      "Segments": [
        0,
        -29.92,
        2,
        1.267,
        -29.92,
        0,
        2.6,
        -36.392,
        2,
        4.833,
        -36.392,
        0,
        6.1,
        -29.92,
        2,
        8,
        -29.92
      ]
    },
    {
      "Target": "Parameter",
      "Id": "ArmL_Form2",
      "Segments": [
        0,
        -25,
        2,
        1.267,
        -25,
        0,
        2.6,
        -20.717,
        2,
        4.833,
        -20.717,
        0,
        6.1,
        -25,
        2,
        8,
        -25
      ]
    },
    {
      "Target": "Parameter",
      "Id": "HairFront_Move",
      "Segments": [
        0,
        -0.544,
        1,
        0.067,
        -0.73,
        0.133,
        -0.83,
        0.2,
        -0.83,
        0,
        1.2,
        0.819,
        0,
        2.2,
        -0.83,
        0,
        3.167,
        0.864,
        0,
        4.2,
        -0.83,
        0,
        5.4,
        0.874,
        0,
        6.467,
        -0.819,
        0,
        7.367,
        0.819,
        1,
        7.578,
        0.819,
        7.789,
        -0.045,
        8,
        -0.544
      ]
    },
    {
      "Target": "Parameter",
      "Id": "HairSide_Move",
      "Segments": [
        0,
        -0.434,
        1,
        0.078,
        -0.604,
        0.155,
        -0.738,
        0.233,
        -0.738,
        0,
        1.067,
        0.716,
        0,
        2.033,
        -0.738,
        0,
        3.1,
        0.716,
        0,
        4.233,
        -0.738,
        0,
        5.3,
        0.79,
        0,
        6.333,
        -0.76,
        0,
        7.367,
        0.716,
        1,
        7.578,
        0.716,
        7.789,
        0.143,
        8,
        -0.434
      ]
    },
    {
      "Target": "Parameter",
      "Id": "HairBack_Move",
      "Segments": [
        0,
        -0.952,
        0,
        0.933,
        0.9,
        0,
        1.8,
        -0.635,
        0,
        2.8,
        0.635,
        0,
        3.8,
        -0.974,
        0,
        4.933,
        0.9,
        0,
        6.033,
        -0.635,
        0,
        7.033,
        0.583,
        0,
        8,
        -0.952
      ]
    },
    {
      "Target": "Parameter",
      "Id": "HandR_Roll",
      "Segments": [
        0,
        9.797,
        0,
        0.833,
        23.06,
        0,
        2,
        8.99,
        0,
        3.1,
        21.31,
        0,
        4.367,
        11.3,
        0,
        5.5,
        24.53,
        0,
        6.433,
        11.02,
        0,
        7.333,
        21.31,
        0,
        8,
        9.797
      ]
    },
    {
      "Target": "Parameter",
      "Id": "HandL_Roll",
      "Segments": [
        0,
        1.822,
        0,
        0.833,
        -10.98,
        0,
        2,
        0.96,
        0,
        3.1,
        -7.68,
        0,
        4.367,
        1.043,
        0,
        5.533,
        -8.237,
        0,
        6.333,
        0.358,
        0,
        7.333,
        -6.436,
        0,
        8,
        1.822
      ]
    },
    {
      "Target": "Parameter",
      "Id": "HandR_move",
      "Segments": [
        0,
        -30,
        0,
        0.867,
        30,
        0,
        2,
        -30,
        0,
        3.133,
        30,
        0,
        4.367,
        -30,
        0,
        5.4,
        30,
        0,
        6.433,
        -30,
        0,
        7.233,
        30,
        0,
        8,
        -30
      ]
    },
    {
      "Target": "Parameter",
      "Id": "HandL_move",
      "Segments": [
        0,
        -30,
        0,
        0.867,
        30,
        0,
        2,
        -30,
        0,
        3.133,
        30,
        0,
        4.367,
        -30,
        0,
        5.4,
        30,
        0,
        6.433,
        -30,
        0,
        7.233,
        30,
        0,
        8,
        -30
      ]
    },
    {
      "Target": "PartOpacity",
      "Id": "Part16",
      "Segments": [
        0,
        0,
        2,
        8,
        0
      ]
    },
    {
      "Target": "PartOpacity",
      "Id": "Part28",
      "Segments": [
        0,
        0,
        2,
        8,
        0
      ]
    },
    {
      "Target": "PartOpacity",
      "Id": "Part19",
      "Segments": [
        0,
        1,
        2,
        8,
        1
      ]
    },
    {
      "Target": "PartOpacity",
      "Id": "Part",
      "Segments": [
        0,
        1,
        2,
        8,
        1
      ]
    },
    {
      "Target": "PartOpacity",
      "Id": "Part23",
      "Segments": [
        0,
        1,
        2,
        8,
        1
      ]
    },
    {
      "Target": "PartOpacity",
      "Id": "Part22",
      "Segments": [
        0,
        0,
        2,
        8,
        0
      ]
    },
    {
      "Target": "PartOpacity",
      "Id": "Part21",
      "Segments": [
        0,
        0,
        2,
        8,
        0
      ]
    },
    {
      "Target": "PartOpacity",
      "Id": "Part2",
      "Segments": [
        0,
        0,
        2,
        8,
        0
      ]
    },
    {
      "Target": "PartOpacity",
      "Id": "Part25",
      "Segments": [
        0,
        1,
        2,
        8,
        1
      ]
    },
    {
      "Target": "PartOpacity",
      "Id": "Part3",
      "Segments": [
        0,
        1,
        2,
        8,
        1
      ]
    },
    {
      "Target": "PartOpacity",
      "Id": "Part4",
      "Segments": [
        0,
        1,
        2,
        8,
        1
      ]
    },
    {
      "Target": "PartOpacity",
      "Id": "Part5",
      "Segments": [
        0,
        1,
        2,
        8,
        1
      ]
    },
    {
      "Target": "PartOpacity",
      "Id": "Part6",
      "Segments": [
        0,
        1,
        2,
        8,
        1
      ]
    },
    {
      "Target": "PartOpacity",
      "Id": "Part7",
      "Segments": [
        0,
        1,
        2,
        8,
        1
      ]
    },
    {
      "Target": "PartOpacity",
      "Id": "Part15",
      "Segments": [
        0,
        0,
        2,
        8,
        0
      ]
    },
    {
      "Target": "PartOpacity",
      "Id": "Part26",
      "Segments": [
        0,
        1,
        2,
        8,
        1
      ]
    },
    {
      "Target": "PartOpacity",
      "Id": "Part27",
      "Segments": [
        0,
        0,
        2,
        8,
        0
      ]
    },
    {
      "Target": "PartOpacity",
      "Id": "Part18",
      "Segments": [
        0,
        0,
        2,
        8,
        0
      ]
    },
    {
      "Target": "PartOpacity",
      "Id": "Part17",
      "Segments": [
        0,
        1,
        2,
        8,
        1
      ]
    },
    {
      "Target": "PartOpacity",
      "Id": "Part8",
      "Segments": [
        0,
        1,
        2,
        8,
        1
      ]
    },
    {
      "Target": "PartOpacity",
      "Id": "Part9",
      "Segments": [
        0,
        1,
        2,
        8,
        1
      ]
    },
    {
      "Target": "PartOpacity",
      "Id": "Part10",
      "Segments": [
        0,
        0,
        2,
        8,
        0
      ]
    },
    {
      "Target": "PartOpacity",
      "Id": "Part20",
      "Segments": [
        0,
        0,
        2,
        8,
        0
      ]
    },
    {
      "Target": "PartOpacity",
      "Id": "Part11",
      "Segments": [
        0,
        1,
        2,
        8,
        1
      ]
    },
    {
      "Target": "PartOpacity",
      "Id": "Part24",
      "Segments": [
        0,
        1,
        2,
        8,
        1
      ]
    },
    {
      "Target": "PartOpacity",
      "Id": "Part12",
      "Segments": [
        0,
        1,
        2,
        8,
        1
      ]
    },
    {
      "Target": "PartOpacity",
      "Id": "Part13",
      "Segments": [
        0,
        1,
        2,
        8,
        1
      ]
    },
    {
      "Target": "PartOpacity",
      "Id": "Part14",
      "Segments": [
        0,
        1,
        2,
        8,
        1
      ]
    },
    {
      "Target": "Model",
      "Id": "Opacity",
      "Segments": [
        0,
        1,
        0,
        8,
        1
      ]
    },
    {
      "Target": "Parameter",
      "Id": "BodyPoX",
      "Segments": [
        0,
        0,
        0,
        8,
        0
      ]
    },
    {
      "Target": "Parameter",
      "Id": "Breath",
      "Segments": [
        0,
        0,
        0,
        8,
        0
      ]
    },
    {
      "Target": "Parameter",
      "Id": "Head_AngleX",
      "Segments": [
        0,
        0,
        0,
        8,
        0
      ]
    },
    {
      "Target": "Parameter",
      "Id": "Param",
      "Segments": [
        0,
        -14.61,
        0,
        8,
        -14.61
      ]
    },
    {
      "Target": "Parameter",
      "Id": "Wet_On",
      "Segments": [
        0,
        0,
        0,
        8,
        0
      ]
    },
    {
      "Target": "Parameter",
      "Id": "Face_On",
      "Segments": [
        0,
        0,
        0,
        8,
        0
      ]
    },
    {
      "Target": "Parameter",
      "Id": "Face2_On",
      "Segments": [
        0,
        -30,
        0,
        8,
        -30
      ]
    },
    {
      "Target": "Parameter",
      "Id": "Face3_On",
      "Segments": [
        0,
        -30,
        0,
        8,
        -30
      ]
    },
    {
      "Target": "Parameter",
      "Id": "Brow_Form",
      "Segments": [
        0,
        0,
        0,
        8,
        0
      ]
    },
    {
      "Target": "Parameter",
      "Id": "EyeBallX",
      "Segments": [
        0,
        0,
        0,
        8,
        0
      ]
    },
    {
      "Target": "Parameter",
      "Id": "EyeBall_size",
      "Segments": [
        0,
        -18,
        0,
        8,
        -18
      ]
    },
    {
      "Target": "Parameter",
      "Id": "BrowR_Angle",
      "Segments": [
        0,
        -0.2,
        0,
        8,
        -0.2
      ]
    },
    {
      "Target": "Parameter",
      "Id": "BrowL_Angle",
      "Segments": [
        0,
        0.05,
        0,
        8,
        0.05
      ]
    },
    {
      "Target": "Parameter",
      "Id": "EyeR_Open",
      "Segments": [
        0,
        1,
        0,
        8,
        1
      ]
    },
    {
      "Target": "Parameter",
      "Id": "EyeR_Smile",
      "Segments": [
        0,
        0.8,
        0,
        8,
        0.8
      ]
    },
    {
      "Target": "Parameter",
      "Id": "EyeL_Open",
      "Segments": [
        0,
        1,
        0,
        8,
        1
      ]
    },
    {
      "Target": "Parameter",
      "Id": "EyeL_Smile",
      "Segments": [
        0,
        0.8,
        0,
        8,
        0.8
      ]
    },
    {
      "Target": "Parameter",
      "Id": "MouthForm2",
      "Segments": [
        0,
        0,
        0,
        8,
        0
      ]
    },
    {
      "Target": "Parameter",
      "Id": "MouthForm",
      "Segments": [
        0,
        0,
        0,
        8,
        0
      ]
    },
    {
      "Target": "Parameter",
      "Id": "Mouth_Open",
      "Segments": [
        0,
        1,
        0,
        8,
        1
      ]
    },
    {
      "Target": "Parameter",
      "Id": "Mouth_Size",
      "Segments": [
        0,
        -16,
        0,
        8,
        -16
      ]
    },
    {
      "Target": "Parameter",
      "Id": "ArmL_Form",
      "Segments": [
        0,
        -15,
        0,
        8,
        -15
      ]
    },
    {
      "Target": "Parameter",
      "Id": "ArmR_Sup_Form",
      "Segments": [
        0,
        -37.44,
        0,
        8,
        -37.44
      ]
    },
    {
      "Target": "Parameter",
      "Id": "ArmL_Sup_Form",
      "Segments": [
        0,
        0,
        0,
        8,
        0
      ]
    },
    {
      "Target": "Parameter",
      "Id": "LegR_Roll",
      "Segments": [
        0,
        -22,
        0,
        8,
        -22
      ]
    },
    {
      "Target": "Parameter",
      "Id": "LegL_Roll",
      "Segments": [
        0,
        12,
        0,
        8,
        12
      ]
    }
  ],
  "UserData": [
    {
      "Time": 0.0,
      "Value": ""
    }
  ]
}