{
  "Version": 3,
  "Meta": {
    "Duration": 8.0,
    "Fps": 30.0,
    "Loop": true,
    "AreBeziersRestricted": true,
    "CurveCount": 87,
    "TotalSegmentCount": 250,
    "TotalPointCount": 352,
    "UserDataCount": 1,
    "TotalUserDataSize": 0
  },
  "Curves": [
    {
      "Target": "Parameter",
      "Id": "BodyY",
      "Segments": [
        0,
        0.882,
        1,
        0.089,
        0.425,
        0.178,
        0,
        0.267,
        0,
        1,
        2.411,
        0,
        4.556,
        0.089,
        6.7,
        0.392,
        1,
        7.067,
        0.444,
        7.433,
        1.706,
        7.8,
        1.706,
        0,
        8,
        0.882
      ]
    },
    {
      "Target": "Parameter",
      "Id": "Body_Twist",
      "Segments": [
        0,
        -7.214,
        1,
        0.356,
        -7.214,
        0.711,
        -7.004,
        1.067,
        -9,
        1,
        1.467,
        -11.246,
        1.867,
        -23.13,
        2.267,
        -26.467,
        1,
        2.667,
        -29.804,
        3.067,
        -30,
        3.467,
        -30,
        1,
        3.878,
        -30,
        4.289,
        -30.094,
        4.7,
        -27.438,
        1,
        5.111,
        -24.782,
        5.522,
        -11.609,
        5.933,
        -9,
        1,
        6.255,
        -6.955,
        6.578,
        -7.214,
        6.9,
        -7.214,
        2,
        8,
        -7.214
      ]
    },
    {
      "Target": "Parameter",
      "Id": "Body_Pose1",
      "Segments": [
        0,
        23.77,
        1,
        0.356,
        20.987,
        0.711,
        17.053,
        1.067,
        17.053,
        0,
        2.867,
        30,
        0,
        4.7,
        17.053,
        1,
        5.289,
        17.053,
        5.878,
        25.094,
        6.467,
        27.02,
        1,
        6.978,
        28.784,
        7.489,
        27.677,
        8,
        23.77
      ]
    },
    {
      "Target": "Parameter",
      "Id": "Waist_Roll",
      "Segments": [
        0,
        24.537,
        1,
        0.344,
        23.241,
        0.689,
        21.21,
        1.033,
        21.21,
        0,
        2.733,
        25.835,
        0,
        4.2,
        18.52,
        0,
        5.7,
        22.947,
        0,
        7,
        20.591,
        0,
        8,
        24.537
      ]
    },
    {
      "Target": "Parameter",
      "Id": "Ct_Shaking",
      "Segments": [
        0,
        -4.006,
        1,
        0.067,
        -5.782,
        0.133,
        -6.6,
        0.2,
        -6.6,
        0,
        1.367,
        5.889,
        0,
        2.433,
        -5.93,
        0,
        3.433,
        6.596,
        0,
        4.333,
        -6.44,
        0,
        5.433,
        6.596,
        0,
        6.533,
        -4.006,
        0,
        7.567,
        3.171,
        0,
        8,
        -4.006
      ]
    },
    {
      "Target": "Parameter",
      "Id": "Skf_Shaking",
      "Segments": [
        0,
        3.777,
        1,
        0.167,
        -7.372,
        0.333,
        -22.488,
        0.5,
        -22.322,
        0,
        1.433,
        15.226,
        0,
        2.4,
        -22.466,
        0,
        3.6,
        25.359,
        0,
        4.8,
        -14.866,
        0,
        5.833,
        19.173,
        0,
        6.767,
        -14.866,
        0,
        7.7,
        19.173,
        0,
        8,
        3.777
      ]
    },
    {
      "Target": "Parameter",
      "Id": "Head_AngleX",
      "Segments": [
        0,
        -6.272,
        1,
        0.356,
        -5.456,
        0.711,
        -4.738,
        1.067,
        -4.19,
        1,
        1.534,
        -3.471,
        2,
        -3.26,
        2.467,
        -3.26,
        1,
        2.811,
        -3.26,
        3.156,
        -9.755,
        3.5,
        -11,
        1,
        3.9,
        -12.446,
        4.3,
        -12.32,
        4.7,
        -12.32,
        2,
        5.933,
        -12.32,
        0,
        8,
        -6.272
      ]
    },
    {
      "Target": "Parameter",
      "Id": "Head_AngleY",
      "Segments": [
        0,
        -8.635,
        1,
        0.356,
        -5.539,
        0.711,
        -1.296,
        1.067,
        -0.3,
        1,
        1.534,
        1.008,
        2,
        1.02,
        2.467,
        1.02,
        0,
        3.967,
        -17.306,
        0,
        5.533,
        -4.26,
        0,
        7.067,
        -17.52,
        0,
        8,
        -8.635
      ]
    },
    {
      "Target": "Parameter",
      "Id": "Head_RollY",
      "Segments": [
        0,
        12.545,
        1,
        0.389,
        14.858,
        0.778,
        15.955,
        1.167,
        15.955,
        2,
        2.767,
        15.955,
        0,
        4.067,
        6.628,
        0,
        5.7,
        11.848,
        0,
        7.067,
        9.329,
        0,
        8,
        12.545
      ]
    },
    {
      "Target": "Parameter",
      "Id": "Head_Roll",
      "Segments": [
        0,
        -16.236,
        1,
        0.389,
        -14.696,
        0.778,
        -10.455,
        1.167,
        -10.455,
        0,
        2.4,
        -13.516,
        1,
        2.956,
        -13.516,
        3.511,
        -11.79,
        4.067,
        -9.692,
        1,
        4.611,
        -7.636,
        5.156,
        -7.079,
        5.7,
        -7.079,
        0,
        7.2,
        -16.893,
        0,
        8,
        -16.236
      ]
    },
    {
      "Target": "Parameter",
      "Id": "Param",
      "Segments": [
        0,
        -10.346,
        1,
        0.467,
        -12.841,
        0.933,
        -15.04,
        1.4,
        -15.04,
        0,
        2.4,
        -11.68,
        0,
        4.367,
        -13.96,
        1,
        4.811,
        -13.96,
        5.256,
        -13.023,
        5.7,
        -11.08,
        1,
        6.189,
        -8.943,
        6.678,
        -7.84,
        7.167,
        -7.84,
        0,
        8,
        -10.346
      ]
    },
    {
      "Target": "Parameter",
      "Id": "Face4_Y",
      "Segments": [
        0,
        -12,
        2,
        5.767,
        -12,
        0,
        6.833,
        -8,
        0,
        8,
        -12
      ]
    },
    {
      "Target": "Parameter",
      "Id": "BrowRY",
      "Segments": [
        0,
        -0.5,
        1,
        1.922,
        -0.5,
        3.845,
        -0.5,
        5.767,
        -0.498,
        0,
        6.833,
        0.2,
        0,
        8,
        -0.5
      ]
    },
    {
      "Target": "Parameter",
      "Id": "BrowLY",
      "Segments": [
        0,
        -0.5,
        2,
        5.767,
        -0.5,
        0,
        6.833,
        0.2,
        0,
        8,
        -0.5
      ]
    },
    {
      "Target": "Parameter",
      "Id": "BrowR_Form",
      "Segments": [
        0,
        -0.2,
        2,
        2.733,
        -0.2,
        0,
        3.533,
        -0.8,
        0,
        4.767,
        -0.2,
        2,
        5.767,
        -0.2,
        0,
        6.833,
        -0.5,
        0,
        8,
        -0.2
      ]
    },
    {
      "Target": "Parameter",
      "Id": "BrowL_Form",
      "Segments": [
        0,
        -0.2,
        2,
        2.733,
        -0.2,
        0,
        3.533,
        -0.8,
        0,
        4.767,
        -0.2,
        2,
        5.767,
        -0.2,
        0,
        6.833,
        -0.5,
        0,
        8,
        -0.2
      ]
    },
    {
      "Target": "Parameter",
      "Id": "ShoulderLY",
      "Segments": [
        0,
        29.458,
        1,
        0.356,
        28.381,
        0.711,
        27.876,
        1.067,
        27.876,
        0,
        2.933,
        30,
        0,
        4.5,
        27.12,
        0,
        6.167,
        30,
        0,
        7.333,
        28.253,
        1,
        7.555,
        28.253,
        7.778,
        29.732,
        8,
        29.458
      ]
    },
    {
      "Target": "Parameter",
      "Id": "ShoulderR_Roll",
      "Segments": [
        0,
        -18.26,
        2,
        1.067,
        -18.26,
        0,
        2.667,
        -17.24,
        2,
        4.567,
        -17.24,
        0,
        5.933,
        -18.26,
        2,
        8,
        -18.26
      ]
    },
    {
      "Target": "Parameter",
      "Id": "ShoulderL_Roll",
      "Segments": [
        0,
        44.14,
        1,
        0.356,
        41.302,
        0.711,
        38.995,
        1.067,
        38.995,
        0,
        2.933,
        40.817,
        0,
        4.733,
        39.967,
        0,
        6.533,
        45,
        0,
        8,
        44.14
      ]
    },
    {
      "Target": "Parameter",
      "Id": "ArmR_Roll",
      "Segments": [
        0,
        47.2,
        2,
        1.067,
        47.2,
        0,
        2.667,
        40.667,
        2,
        4.567,
        40.667,
        0,
        5.933,
        47.2,
        2,
        8,
        47.2
      ]
    },
    {
      "Target": "Parameter",
      "Id": "ArmL_Roll",
      "Segments": [
        0,
        -159.568,
        1,
        0.356,
        -158.142,
        0.711,
        -156.985,
        1.067,
        -156.985,
        0,
        2.933,
        -159.012,
        0,
        4.733,
        -156.332,
        0,
        6.467,
        -160,
        0,
        8,
        -159.568
      ]
    },
    {
      "Target": "Parameter",
      "Id": "ArmR_Form",
      "Segments": [
        0,
        -18.32,
        2,
        1.067,
        -18.32,
        0,
        2.667,
        -19.25,
        2,
        4.567,
        -19.25,
        0,
        5.933,
        -18.32,
        2,
        8,
        -18.32
      ]
    },
    {
      "Target": "Parameter",
      "Id": "ArmL_Form",
      "Segments": [
        0,
        -30,
        2,
        1.067,
        -30,
        0,
        2.667,
        -28.195,
        2,
        4.567,
        -28.195,
        0,
        5.933,
        -30,
        2,
        8,
        -30
      ]
    },
    {
      "Target": "Parameter",
      "Id": "ArmR_Form2",
      "Segments": [
        0,
        -19.04,
        2,
        1.067,
        -19.04,
        0,
        2.667,
        -22.197,
        2,
        4.567,
        -22.197,
        0,
        5.933,
        -19.04,
        2,
        8,
        -19.04
      ]
    },
    {
      "Target": "Parameter",
      "Id": "ArmL_Form2",
      "Segments": [
        0,
        -5.2,
        1,
        0.356,
        -5.736,
        0.711,
        -6.56,
        1.067,
        -6.95,
        1,
        1.6,
        -7.535,
        2.134,
        -7.909,
        2.667,
        -8.387,
        1,
        3.3,
        -8.955,
        3.934,
        -9.649,
        4.567,
        -10.089,
        1,
        4.611,
        -10.12,
        4.656,
        -10.1,
        4.7,
        -10.1,
        1,
        5.111,
        -10.1,
        5.522,
        -7.981,
        5.933,
        -6.113,
        1,
        6.178,
        -5.002,
        6.422,
        -5,
        6.667,
        -5,
        0,
        8,
        -5.2
      ]
    },
    {
      "Target": "Parameter",
      "Id": "HairFront_Move",
      "Segments": [
        0,
        0,
        0,
        0.6,
        0.573,
        1,
        0.867,
        0.573,
        1.133,
        -0.82,
        1.4,
        -0.83,
        0,
        2.2,
        0.752,
        0,
        3.033,
        -0.544,
        0,
        3.933,
        0.483,
        0,
        4.733,
        -0.83,
        0,
        5.733,
        0.874,
        0,
        6.667,
        -0.819,
        0,
        7.567,
        0.752,
        0,
        8,
        0
      ]
    },
    {
      "Target": "Parameter",
      "Id": "HairSide_Move",
      "Segments": [
        0,
        0,
        1,
        0.256,
        -0.066,
        0.511,
        0.693,
        0.767,
        0.604,
        0,
        1.4,
        -0.876,
        0,
        2.2,
        0.677,
        0,
        3.1,
        -0.551,
        0,
        3.933,
        0.461,
        0,
        4.7,
        -0.76,
        0,
        5.667,
        0.716,
        0,
        6.567,
        -0.76,
        0,
        7.433,
        0.814,
        0,
        8,
        0
      ]
    },
    {
      "Target": "Parameter",
      "Id": "HairBack_Move",
      "Segments": [
        0,
        -0.287,
        1,
        0.111,
        -0.764,
        0.222,
        -0.952,
        0.333,
        -0.952,
        0,
        1.267,
        0.9,
        0,
        2.133,
        -0.635,
        0,
        3.133,
        0.635,
        0,
        4.133,
        -0.974,
        0,
        5.267,
        0.9,
        0,
        6.367,
        -0.635,
        0,
        7.433,
        0.583,
        0,
        8,
        -0.287
      ]
    },
    {
      "Target": "Parameter",
      "Id": "HandR_Roll",
      "Segments": [
        0,
        38.81,
        2,
        0.2,
        38.81,
        2,
        1.667,
        38.81,
        0,
        2.8,
        40,
        2,
        7.6,
        40,
        0,
        8,
        38.81
      ]
    },
    {
      "Target": "Parameter",
      "Id": "HandL_Roll",
      "Segments": [
        0,
        30,
        2,
        1.067,
        30,
        0,
        2.367,
        25.14,
        0,
        3.633,
        28.146,
        0,
        5.067,
        24.607,
        1,
        5.578,
        24.607,
        6.089,
        26.199,
        6.6,
        27.993,
        1,
        7.067,
        29.631,
        7.533,
        30,
        8,
        30
      ]
    },
    {
      "Target": "Parameter",
      "Id": "HandR_move",
      "Segments": [
        0,
        -18.358,
        1,
        0.067,
        -16.517,
        0.133,
        -14.157,
        0.2,
        -11.71,
        1,
        0.433,
        -2.36,
        0.667,
        7.085,
        0.9,
        7.085,
        1,
        1.156,
        7.085,
        1.411,
        7.458,
        1.667,
        0,
        1,
        2.045,
        -11.024,
        2.422,
        -30,
        2.8,
        -30,
        0,
        4.2,
        0,
        0,
        5.567,
        -30,
        0,
        7.133,
        0,
        0,
        7.867,
        -23.026,
        0,
        8,
        -18.358
      ]
    },
    {
      "Target": "Parameter",
      "Id": "HandL_move",
      "Segments": [
        0,
        24.911,
        1,
        0.344,
        11.137,
        0.689,
        0,
        1.033,
        0,
        0,
        2.833,
        27,
        0,
        4.833,
        3.512,
        1,
        5.433,
        3.512,
        6.033,
        10.588,
        6.633,
        21.391,
        1,
        7,
        27.993,
        7.366,
        30,
        7.733,
        30,
        0,
        8,
        24.911
      ]
    },
    {
      "Target": "PartOpacity",
      "Id": "Part16",
      "Segments": [
        0,
        0,
        2,
        8,
        0
      ]
    },
    {
      "Target": "PartOpacity",
      "Id": "Part28",
      "Segments": [
        0,
        0,
        2,
        8,
        0
      ]
    },
    {
      "Target": "PartOpacity",
      "Id": "Part19",
      "Segments": [
        0,
        1,
        2,
        8,
        1
      ]
    },
    {
      "Target": "PartOpacity",
      "Id": "Part",
      "Segments": [
        0,
        1,
        2,
        8,
        1
      ]
    },
    {
      "Target": "PartOpacity",
      "Id": "Part23",
      "Segments": [
        0,
        0,
        2,
        8,
        0
      ]
    },
    {
      "Target": "PartOpacity",
      "Id": "Part22",
      "Segments": [
        0,
        0,
        2,
        8,
        0
      ]
    },
    {
      "Target": "PartOpacity",
      "Id": "Part21",
      "Segments": [
        0,
        1,
        2,
        8,
        1
      ]
    },
    {
      "Target": "PartOpacity",
      "Id": "Part2",
      "Segments": [
        0,
        0,
        2,
        8,
        0
      ]
    },
    {
      "Target": "PartOpacity",
      "Id": "Part25",
      "Segments": [
        0,
        1,
        2,
        8,
        1
      ]
    },
    {
      "Target": "PartOpacity",
      "Id": "Part3",
      "Segments": [
        0,
        1,
        2,
        8,
        1
      ]
    },
    {
      "Target": "PartOpacity",
      "Id": "Part4",
      "Segments": [
        0,
        1,
        2,
        8,
        1
      ]
    },
    {
      "Target": "PartOpacity",
      "Id": "Part5",
      "Segments": [
        0,
        1,
        2,
        8,
        1
      ]
    },
    {
      "Target": "PartOpacity",
      "Id": "Part6",
      "Segments": [
        0,
        1,
        2,
        8,
        1
      ]
    },
    {
      "Target": "PartOpacity",
      "Id": "Part7",
      "Segments": [
        0,
        1,
        2,
        8,
        1
      ]
    },
    {
      "Target": "PartOpacity",
      "Id": "Part15",
      "Segments": [
        0,
        0,
        2,
        8,
        0
      ]
    },
    {
      "Target": "PartOpacity",
      "Id": "Part26",
      "Segments": [
        0,
        1,
        2,
        8,
        1
      ]
    },
    {
      "Target": "PartOpacity",
      "Id": "Part27",
      "Segments": [
        0,
        0,
        2,
        8,
        0
      ]
    },
    {
      "Target": "PartOpacity",
      "Id": "Part18",
      "Segments": [
        0,
        1,
        2,
        8,
        1
      ]
    },
    {
      "Target": "PartOpacity",
      "Id": "Part17",
      "Segments": [
        0,
        0,
        2,
        8,
        0
      ]
    },
    {
      "Target": "PartOpacity",
      "Id": "Part8",
      "Segments": [
        0,
        1,
        2,
        8,
        1
      ]
    },
    {
      "Target": "PartOpacity",
      "Id": "Part9",
      "Segments": [
        0,
        1,
        2,
        8,
        1
      ]
    },
    {
      "Target": "PartOpacity",
      "Id": "Part10",
      "Segments": [
        0,
        0,
        2,
        8,
        0
      ]
    },
    {
      "Target": "PartOpacity",
      "Id": "Part20",
      "Segments": [
        0,
        0,
        2,
        8,
        0
      ]
    },
    {
      "Target": "PartOpacity",
      "Id": "Part11",
      "Segments": [
        0,
        1,
        2,
        8,
        1
      ]
    },
    {
      "Target": "PartOpacity",
      "Id": "Part24",
      "Segments": [
        0,
        1,
        2,
        8,
        1
      ]
    },
    {
      "Target": "PartOpacity",
      "Id": "Part12",
      "Segments": [
        0,
        1,
        2,
        8,
        1
      ]
    },
    {
      "Target": "PartOpacity",
      "Id": "Part13",
      "Segments": [
        0,
        1,
        2,
        8,
        1
      ]
    },
    {
      "Target": "PartOpacity",
      "Id": "Part14",
      "Segments": [
        0,
        1,
        2,
        8,
        1
      ]
    },
    {
      "Target": "Model",
      "Id": "Opacity",
      "Segments": [
        0,
        1,
        0,
        8,
        1
      ]
    },
    {
      "Target": "Parameter",
      "Id": "BodyPoX",
      "Segments": [
        0,
        -3,
        0,
        8,
        -3
      ]
    },
    {
      "Target": "Parameter",
      "Id": "Breath",
      "Segments": [
        0,
        0,
        0,
        8,
        0
      ]
    },
    {
      "Target": "Parameter",
      "Id": "Body_Shaking",
      "Segments": [
        0,
        -28.231,
        0,
        8,
        -28.231
      ]
    },
    {
      "Target": "Parameter",
      "Id": "Wet_On",
      "Segments": [
        0,
        0,
        0,
        8,
        0
      ]
    },
    {
      "Target": "Parameter",
      "Id": "Face_On",
      "Segments": [
        0,
        -24,
        0,
        8,
        -24
      ]
    },
    {
      "Target": "Parameter",
      "Id": "Face2_On",
      "Segments": [
        0,
        -30,
        0,
        8,
        -30
      ]
    },
    {
      "Target": "Parameter",
      "Id": "Face3_On",
      "Segments": [
        0,
        0,
        0,
        8,
        0
      ]
    },
    {
      "Target": "Parameter",
      "Id": "Brow_Form",
      "Segments": [
        0,
        -11,
        0,
        8,
        -11
      ]
    },
    {
      "Target": "Parameter",
      "Id": "EyeBallX",
      "Segments": [
        0,
        0.092,
        0,
        8,
        0.092
      ]
    },
    {
      "Target": "Parameter",
      "Id": "EyeBallY",
      "Segments": [
        0,
        0,
        0,
        8,
        0
      ]
    },
    {
      "Target": "Parameter",
      "Id": "EyeBall_size",
      "Segments": [
        0,
        -11,
        0,
        8,
        -11
      ]
    },
    {
      "Target": "Parameter",
      "Id": "BrowR_Angle",
      "Segments": [
        0,
        0.5,
        0,
        8,
        0.5
      ]
    },
    {
      "Target": "Parameter",
      "Id": "BrowL_Angle",
      "Segments": [
        0,
        -0.5,
        0,
        8,
        -0.5
      ]
    },
    {
      "Target": "Parameter",
      "Id": "EyeR_Open",
      "Segments": [
        0,
        1,
        0,
        8,
        1
      ]
    },
    {
      "Target": "Parameter",
      "Id": "EyeR_Smile",
      "Segments": [
        0,
        0.5,
        0,
        8,
        0.5
      ]
    },
    {
      "Target": "Parameter",
      "Id": "EyeL_Open",
      "Segments": [
        0,
        1,
        0,
        8,
        1
      ]
    },
    {
      "Target": "Parameter",
      "Id": "EyeL_Smile",
      "Segments": [
        0,
        0.5,
        0,
        8,
        0.5
      ]
    },
    {
      "Target": "Parameter",
      "Id": "MouthForm2",
      "Segments": [
        0,
        0,
        0,
        8,
        0
      ]
    },
    {
      "Target": "Parameter",
      "Id": "MouthForm",
      "Segments": [
        0,
        -1.3,
        0,
        8,
        -1.3
      ]
    },
    {
      "Target": "Parameter",
      "Id": "Mouth_Open",
      "Segments": [
        0,
        1,
        0,
        8,
        1
      ]
    },
    {
      "Target": "Parameter",
      "Id": "Mouth_Size",
      "Segments": [
        0,
        -7,
        0,
        8,
        -7
      ]
    },
    {
      "Target": "Parameter",
      "Id": "ShoulderRY",
      "Segments": [
        0,
        19,
        0,
        8,
        19
      ]
    },
    {
      "Target": "Parameter",
      "Id": "ArmR_Sup_Form",
      "Segments": [
        0,
        -40,
        0,
        8,
        -40
      ]
    },
    {
      "Target": "Parameter",
      "Id": "ArmL_Sup_Form",
      "Segments": [
        0,
        0,
        0,
        8,
        0
      ]
    },
    {
      "Target": "Parameter",
      "Id": "LegR_Roll",
      "Segments": [
        0,
        -22,
        0,
        8,
        -22
      ]
    },
    {
      "Target": "Parameter",
      "Id": "LegL_Roll",
      "Segments": [
        0,
        12,
        0,
        8,
        12
      ]
    }
  ],
  "UserData": [
    {
      "Time": 0.0,
      "Value": ""
    }
  ]
}