{
  "Version": 3,
  "Meta": {
    "Duration": 8.0,
    "Fps": 30.0,
    "Loop": true,
    "AreBeziersRestricted": true,
    "CurveCount": 87,
    "TotalSegmentCount": 312,
    "TotalPointCount": 456,
    "UserDataCount": 1,
    "TotalUserDataSize": 0
  },
  "Curves": [
    {
      "Target": "Parameter",
      "Id": "Breath",
      "Segments": [
        0,
        0.42,
        0,
        0.833,
        0,
        0,
        1.8,
        0.42,
        0,
        3.033,
        0,
        0,
        4.067,
        0.419,
        0,
        5.1,
        0,
        0,
        6.167,
        0.42,
        0,
        7.3,
        0,
        0,
        8,
        0.42
      ]
    },
    {
      "Target": "Parameter",
      "Id": "Body_Shaking",
      "Segments": [
        0,
        -3.48,
        2,
        1.467,
        -3.48,
        0,
        2.033,
        5.105,
        0,
        3.033,
        -14.443,
        2,
        5.6,
        -14.443,
        0,
        6.6,
        2.776,
        0,
        7.4,
        -3.48,
        2,
        8,
        -3.48
      ]
    },
    {
      "Target": "Parameter",
      "Id": "Body_Twist",
      "Segments": [
        0,
        -8.267,
        1,
        0.489,
        -8.268,
        0.978,
        -8.268,
        1.467,
        -8.27,
        1,
        1.989,
        -8.272,
        2.511,
        -30,
        3.033,
        -30,
        2,
        5.6,
        -30,
        1,
        6.2,
        -30,
        6.8,
        -8.306,
        7.4,
        -8.27,
        1,
        7.6,
        -8.258,
        7.8,
        -8.266,
        8,
        -8.266
      ]
    },
    {
      "Target": "Parameter",
      "Id": "Body_Pose1",
      "Segments": [
        0,
        -0.802,
        1,
        0.133,
        -2.002,
        0.267,
        -1.986,
        0.4,
        -1.986,
        0,
        1.367,
        3.846,
        0,
        2.867,
        -4.816,
        0,
        4.033,
        0.696,
        0,
        5.767,
        -2.145,
        0,
        7.333,
        2.215,
        1,
        7.555,
        2.215,
        7.778,
        1.43,
        8,
        -0.802
      ]
    },
    {
      "Target": "Parameter",
      "Id": "Waist_Roll",
      "Segments": [
        0,
        10.883,
        1,
        0.489,
        10.896,
        0.978,
        10.535,
        1.467,
        9.011,
        1,
        1.7,
        8.426,
        1.934,
        -7.77,
        2.167,
        -7.77,
        1,
        2.456,
        -7.77,
        2.744,
        7.146,
        3.033,
        10.503,
        1,
        3.366,
        13.462,
        3.7,
        12.862,
        4.033,
        13.151,
        1,
        4.555,
        13.383,
        5.078,
        12.631,
        5.6,
        10.503,
        1,
        5.933,
        9.307,
        6.267,
        -3.856,
        6.6,
        -3.856,
        1,
        6.867,
        -3.856,
        7.133,
        4.158,
        7.4,
        7.68,
        1,
        7.6,
        10.958,
        7.8,
        10.883,
        8,
        10.883
      ]
    },
    {
      "Target": "Parameter",
      "Id": "Ct_Shaking",
      "Segments": [
        0,
        -4,
        0,
        1.167,
        3.938,
        0,
        2.3,
        -3.021,
        0,
        3.467,
        4.353,
        0,
        4.433,
        -3.332,
        0,
        5.433,
        4.353,
        0,
        6.433,
        -3.021,
        0,
        7.3,
        3.104,
        0,
        8,
        -4
      ]
    },
    {
      "Target": "Parameter",
      "Id": "Skf_Shaking",
      "Segments": [
        0,
        -3.834,
        1,
        0.111,
        -10.631,
        0.222,
        -16.027,
        0.333,
        -14.866,
        0,
        1.4,
        15.226,
        0,
        2.533,
        -14.866,
        0,
        3.533,
        15.226,
        0,
        4.767,
        -14.866,
        0,
        5.733,
        19.173,
        0,
        6.733,
        -14.866,
        0,
        7.567,
        19.173,
        1,
        7.711,
        18.878,
        7.856,
        5.02,
        8,
        -3.834
      ]
    },
    {
      "Target": "Parameter",
      "Id": "Head_AngleX",
      "Segments": [
        0,
        6.96,
        1,
        0.489,
        6.96,
        0.978,
        5.498,
        1.467,
        0,
        1,
        1.711,
        -2.749,
        1.956,
        -6.66,
        2.2,
        -6.66,
        0,
        3.033,
        -6.642,
        2,
        5.433,
        -6.642,
        0,
        6.333,
        -7.611,
        1,
        6.644,
        -7.611,
        6.956,
        -5.407,
        7.267,
        0,
        1,
        7.511,
        4.248,
        7.756,
        6.96,
        8,
        6.96
      ]
    },
    {
      "Target": "Parameter",
      "Id": "Head_AngleY",
      "Segments": [
        0,
        -6.65,
        1,
        0.522,
        -6.65,
        1.045,
        -6.692,
        1.567,
        -8.745,
        1,
        1.845,
        -9.837,
        2.122,
        -30,
        2.4,
        -30,
        1,
        2.6,
        -30,
        2.8,
        -18.976,
        3,
        -10.98,
        1,
        3.1,
        -6.982,
        3.2,
        -4.313,
        3.3,
        -3.659,
        1,
        3.733,
        -0.822,
        4.167,
        0,
        4.6,
        0,
        1,
        4.878,
        0,
        5.155,
        -2.518,
        5.433,
        -10.98,
        1,
        5.733,
        -20.119,
        6.033,
        -27.12,
        6.333,
        -27.12,
        1,
        6.644,
        -27.12,
        6.956,
        -16.667,
        7.267,
        -10.98,
        1,
        7.511,
        -6.511,
        7.756,
        -6.65,
        8,
        -6.65
      ]
    },
    {
      "Target": "Parameter",
      "Id": "Head_RollY",
      "Segments": [
        0,
        0,
        2,
        1.567,
        0,
        0,
        2.4,
        -7.44,
        1,
        2.6,
        -7.44,
        2.8,
        -4.089,
        3,
        -1.62,
        1,
        3.133,
        0.026,
        3.267,
        0,
        3.4,
        0,
        2,
        5.433,
        0,
        0,
        6.333,
        -7.8,
        1,
        6.644,
        -7.8,
        6.956,
        -5.874,
        7.267,
        -3,
        1,
        7.511,
        -0.742,
        7.756,
        0,
        8,
        0
      ]
    },
    {
      "Target": "Parameter",
      "Id": "Head_Roll",
      "Segments": [
        0,
        -3.736,
        0,
        1.5,
        -7.65,
        0,
        2.3,
        6.998,
        1,
        2.544,
        6.998,
        2.789,
        -4.944,
        3.033,
        -6.32,
        1,
        3.344,
        -7.969,
        3.656,
        -7.911,
        3.967,
        -8,
        1,
        4.534,
        -8,
        5.1,
        -7.526,
        5.667,
        -6.32,
        1,
        6,
        -5.659,
        6.334,
        5.705,
        6.667,
        5.705,
        0,
        7.433,
        -5.276,
        0,
        8,
        -3.736
      ]
    },
    {
      "Target": "Parameter",
      "Id": "Param",
      "Segments": [
        0,
        0,
        2,
        1.467,
        0,
        0,
        2.2,
        -8.88,
        0,
        3.033,
        0,
        2,
        5.6,
        0,
        0,
        6.6,
        -16.549,
        0,
        7.4,
        0,
        2,
        8,
        0
      ]
    },
    {
      "Target": "Parameter",
      "Id": "EyeBallX",
      "Segments": [
        0,
        0,
        2,
        1.467,
        0,
        0,
        2.233,
        0.1,
        2,
        5.6,
        0.1,
        0,
        6.367,
        0.14,
        0,
        7.4,
        0,
        2,
        8,
        0
      ]
    },
    {
      "Target": "Parameter",
      "Id": "EyeBallY",
      "Segments": [
        0,
        0,
        2,
        1.467,
        0,
        1,
        1.722,
        0,
        1.978,
        0.017,
        2.233,
        0.1,
        1,
        2.355,
        0.14,
        2.478,
        0.22,
        2.6,
        0.22,
        1,
        2.744,
        0.22,
        2.889,
        0.038,
        3.033,
        0,
        1,
        3.322,
        -0.077,
        3.611,
        -0.084,
        3.9,
        -0.084,
        2,
        5.6,
        -0.084,
        0,
        6.567,
        0.224,
        0,
        7.4,
        0,
        2,
        8,
        0
      ]
    },
    {
      "Target": "Parameter",
      "Id": "BrowRY",
      "Segments": [
        0,
        0,
        2,
        1.7,
        0,
        0,
        2.3,
        0.32,
        0,
        3.133,
        0,
        2,
        8,
        0
      ]
    },
    {
      "Target": "Parameter",
      "Id": "BrowLY",
      "Segments": [
        0,
        0,
        2,
        1.7,
        0,
        0,
        2.3,
        0.582,
        0,
        3.133,
        0,
        2,
        8,
        0
      ]
    },
    {
      "Target": "Parameter",
      "Id": "BrowR_Angle",
      "Segments": [
        0,
        0,
        2,
        1.7,
        0,
        0,
        2.3,
        -0.206,
        0,
        3.133,
        0,
        2,
        8,
        0
      ]
    },
    {
      "Target": "Parameter",
      "Id": "BrowL_Angle",
      "Segments": [
        0,
        0,
        2,
        1.7,
        0,
        0,
        2.3,
        0.172,
        0,
        3.133,
        0,
        2,
        8,
        0
      ]
    },
    {
      "Target": "Parameter",
      "Id": "BrowR_Form",
      "Segments": [
        0,
        -0.6,
        2,
        1.7,
        -0.6,
        0,
        2.3,
        0,
        0,
        3.133,
        -0.6,
        2,
        8,
        -0.6
      ]
    },
    {
      "Target": "Parameter",
      "Id": "BrowL_Form",
      "Segments": [
        0,
        -0.7,
        2,
        1.7,
        -0.7,
        0,
        2.3,
        0,
        0,
        3.133,
        -0.7,
        2,
        8,
        -0.7
      ]
    },
    {
      "Target": "Parameter",
      "Id": "ShoulderRY",
      "Segments": [
        0,
        12.16,
        1,
        0.089,
        13.438,
        0.178,
        14.472,
        0.267,
        15,
        1,
        0.667,
        17.897,
        1.067,
        19.06,
        1.467,
        19.06,
        1,
        1.989,
        19.06,
        2.511,
        15.854,
        3.033,
        10.6,
        1,
        3.311,
        7.805,
        3.589,
        6.884,
        3.867,
        6.884,
        1,
        4.445,
        6.884,
        5.022,
        7.332,
        5.6,
        10.6,
        1,
        6.067,
        13.239,
        6.533,
        17.185,
        7,
        17.185,
        0,
        7.667,
        10.205,
        1,
        7.778,
        10.205,
        7.889,
        10.596,
        8,
        12.16
      ]
    },
    {
      "Target": "Parameter",
      "Id": "ShoulderLY",
      "Segments": [
        0,
        6.158,
        1,
        0.144,
        7.478,
        0.289,
        7.755,
        0.433,
        7.755,
        0,
        1.467,
        3,
        1,
        1.989,
        3,
        2.511,
        5.834,
        3.033,
        11.679,
        1,
        3.311,
        14.788,
        3.589,
        16.434,
        3.867,
        16.434,
        1,
        4.445,
        16.434,
        5.022,
        16.083,
        5.6,
        11.679,
        1,
        6.144,
        7.53,
        6.689,
        0.923,
        7.233,
        0.923,
        1,
        7.489,
        0.923,
        7.744,
        4.062,
        8,
        6.158
      ]
    },
    {
      "Target": "Parameter",
      "Id": "ShoulderR_Roll",
      "Segments": [
        0,
        -18.8,
        2,
        1.467,
        -18.8,
        0,
        3.033,
        -17.18,
        2,
        5.6,
        -17.18,
        0,
        7.4,
        -18.8,
        2,
        8,
        -18.8
      ]
    },
    {
      "Target": "Parameter",
      "Id": "ShoulderL_Roll",
      "Segments": [
        0,
        -18.085,
        1,
        0.489,
        -18.084,
        0.978,
        -18.083,
        1.467,
        -18.08,
        1,
        1.989,
        -18.077,
        2.511,
        -11.105,
        3.033,
        -11.105,
        2,
        5.6,
        -11.105,
        0,
        7.4,
        -18.08,
        2,
        7.767,
        -18.08,
        2,
        8,
        -18.08
      ]
    },
    {
      "Target": "Parameter",
      "Id": "ArmR_Roll",
      "Segments": [
        0,
        48.4,
        2,
        1.467,
        48.4,
        0,
        3.033,
        44.5,
        2,
        5.6,
        44.5,
        0,
        7.4,
        48.4,
        2,
        8,
        48.4
      ]
    },
    {
      "Target": "Parameter",
      "Id": "ArmL_Roll",
      "Segments": [
        0,
        -136.32,
        2,
        1.467,
        -136.32,
        0,
        2.2,
        -134.335,
        0,
        3.033,
        -141.01,
        2,
        5.6,
        -141.01,
        1,
        5.922,
        -141.01,
        6.245,
        -136.515,
        6.567,
        -136.394,
        1,
        6.845,
        -136.29,
        7.122,
        -136.32,
        7.4,
        -136.32,
        2,
        8,
        -136.32
      ]
    },
    {
      "Target": "Parameter",
      "Id": "ArmR_Form",
      "Segments": [
        0,
        -18.32,
        2,
        1.467,
        -18.32,
        0,
        3.033,
        -15.65,
        2,
        5.6,
        -15.65,
        0,
        7.4,
        -18.32,
        2,
        8,
        -18.32
      ]
    },
    {
      "Target": "Parameter",
      "Id": "ArmL_Form",
      "Segments": [
        0,
        -22,
        2,
        1.467,
        -22,
        0,
        3.033,
        -18.7,
        2,
        5.6,
        -18.7,
        0,
        7.4,
        -22,
        2,
        8,
        -22
      ]
    },
    {
      "Target": "Parameter",
      "Id": "ArmR_Form2",
      "Segments": [
        0,
        -20,
        2,
        1.467,
        -20,
        0,
        3.033,
        -26.04,
        2,
        5.6,
        -26.04,
        0,
        7.4,
        -20,
        2,
        8,
        -20
      ]
    },
    {
      "Target": "Parameter",
      "Id": "ArmL_Form2",
      "Segments": [
        0,
        -14.77,
        2,
        1.467,
        -14.77,
        0,
        3.033,
        -15.52,
        2,
        5.6,
        -15.52,
        0,
        7.4,
        -14.77,
        2,
        8,
        -14.77
      ]
    },
    {
      "Target": "Parameter",
      "Id": "ArmL_Sup_Form",
      "Segments": [
        0,
        -26,
        2,
        1.467,
        -26,
        0,
        3.033,
        -18.92,
        2,
        5.6,
        -18.92,
        0,
        7.4,
        -26,
        2,
        8,
        -26
      ]
    },
    {
      "Target": "Parameter",
      "Id": "HairFront_Move",
      "Segments": [
        0,
        -0.544,
        1,
        0.067,
        -0.73,
        0.133,
        -0.83,
        0.2,
        -0.83,
        0,
        1.2,
        0.819,
        0,
        2.2,
        -0.83,
        0,
        3.167,
        0.864,
        0,
        4.2,
        -0.83,
        0,
        5.4,
        0.874,
        0,
        6.467,
        -0.819,
        0,
        7.367,
        0.819,
        1,
        7.578,
        0.819,
        7.789,
        -0.045,
        8,
        -0.544
      ]
    },
    {
      "Target": "Parameter",
      "Id": "HairSide_Move",
      "Segments": [
        0,
        -0.434,
        1,
        0.078,
        -0.604,
        0.155,
        -0.738,
        0.233,
        -0.738,
        0,
        1.067,
        0.716,
        0,
        2.033,
        -0.738,
        0,
        3.1,
        0.716,
        0,
        4.233,
        -0.738,
        0,
        5.3,
        0.79,
        0,
        6.333,
        -0.76,
        0,
        7.367,
        0.716,
        1,
        7.578,
        0.716,
        7.789,
        0.143,
        8,
        -0.434
      ]
    },
    {
      "Target": "Parameter",
      "Id": "HairBack_Move",
      "Segments": [
        0,
        -0.952,
        0,
        0.933,
        0.9,
        0,
        1.8,
        -0.635,
        0,
        2.8,
        0.635,
        0,
        3.8,
        -0.974,
        0,
        4.933,
        0.9,
        0,
        6.033,
        -0.635,
        0,
        7.033,
        0.583,
        0,
        8,
        -0.952
      ]
    },
    {
      "Target": "Parameter",
      "Id": "HandR_Roll",
      "Segments": [
        0,
        38.81,
        2,
        1.467,
        38.81,
        0,
        2.6,
        40,
        0,
        7.4,
        38.81,
        2,
        8,
        38.81
      ]
    },
    {
      "Target": "Parameter",
      "Id": "HandL_Roll",
      "Segments": [
        0,
        -11.943,
        1,
        0.222,
        -11.239,
        0.445,
        -10.537,
        0.667,
        -10.537,
        0,
        1.433,
        -10.9,
        0,
        2.367,
        1.732,
        1,
        2.589,
        1.732,
        2.811,
        -4.98,
        3.033,
        -6.94,
        1,
        3.233,
        -8.704,
        3.433,
        -8.5,
        3.633,
        -8.5,
        0,
        4.667,
        -5.959,
        0,
        5.6,
        -6.94,
        0,
        6.567,
        -2.9,
        1,
        6.845,
        -2.9,
        7.122,
        -6.292,
        7.4,
        -10.9,
        1,
        7.5,
        -12.559,
        7.6,
        -12.722,
        7.7,
        -12.722,
        1,
        7.8,
        -12.722,
        7.9,
        -12.371,
        8,
        -11.943
      ]
    },
    {
      "Target": "Parameter",
      "Id": "HandR_move",
      "Segments": [
        0,
        -11.71,
        1,
        0.233,
        -2.36,
        0.467,
        7.085,
        0.7,
        7.085,
        1,
        0.956,
        7.085,
        1.211,
        7.458,
        1.467,
        0,
        1,
        1.845,
        -11.024,
        2.222,
        -30,
        2.6,
        -30,
        0,
        4,
        0,
        0,
        5.367,
        -30,
        0,
        6.933,
        0,
        0,
        7.667,
        -19.551,
        1,
        7.778,
        -19.551,
        7.889,
        -17.191,
        8,
        -11.71
      ]
    },
    {
      "Target": "Parameter",
      "Id": "HandL_move",
      "Segments": [
        0,
        -17.755,
        0,
        0.967,
        16.785,
        0,
        2.067,
        -24.882,
        0,
        3.067,
        20.178,
        0,
        4.067,
        -17.755,
        0,
        5.067,
        20.178,
        0,
        6.133,
        -24.882,
        0,
        7.1,
        20.178,
        0,
        8,
        -17.755
      ]
    },
    {
      "Target": "Parameter",
      "Id": "LegR_Roll",
      "Segments": [
        0,
        -22,
        2,
        1.467,
        -22,
        0,
        2.2,
        -14,
        0,
        3.033,
        -17,
        2,
        5.6,
        -17,
        0,
        6.567,
        -14,
        0,
        7.4,
        -22,
        2,
        8,
        -22
      ]
    },
    {
      "Target": "Parameter",
      "Id": "LegL_Roll",
      "Segments": [
        0,
        12,
        2,
        1.467,
        12,
        0,
        2.2,
        4,
        0,
        3.033,
        21,
        2,
        5.6,
        21,
        0,
        6.567,
        4,
        0,
        7.4,
        12,
        2,
        8,
        12
      ]
    },
    {
      "Target": "PartOpacity",
      "Id": "Part16",
      "Segments": [
        0,
        0,
        2,
        8,
        0
      ]
    },
    {
      "Target": "PartOpacity",
      "Id": "Part28",
      "Segments": [
        0,
        0,
        2,
        8,
        0
      ]
    },
    {
      "Target": "PartOpacity",
      "Id": "Part19",
      "Segments": [
        0,
        0,
        2,
        8,
        0
      ]
    },
    {
      "Target": "PartOpacity",
      "Id": "Part",
      "Segments": [
        0,
        1,
        2,
        8,
        1
      ]
    },
    {
      "Target": "PartOpacity",
      "Id": "Part23",
      "Segments": [
        0,
        0,
        2,
        8,
        0
      ]
    },
    {
      "Target": "PartOpacity",
      "Id": "Part22",
      "Segments": [
        0,
        1,
        2,
        8,
        1
      ]
    },
    {
      "Target": "PartOpacity",
      "Id": "Part21",
      "Segments": [
        0,
        0,
        2,
        8,
        0
      ]
    },
    {
      "Target": "PartOpacity",
      "Id": "Part2",
      "Segments": [
        0,
        0,
        2,
        8,
        0
      ]
    },
    {
      "Target": "PartOpacity",
      "Id": "Part25",
      "Segments": [
        0,
        1,
        2,
        8,
        1
      ]
    },
    {
      "Target": "PartOpacity",
      "Id": "Part3",
      "Segments": [
        0,
        1,
        2,
        8,
        1
      ]
    },
    {
      "Target": "PartOpacity",
      "Id": "Part4",
      "Segments": [
        0,
        1,
        2,
        8,
        1
      ]
    },
    {
      "Target": "PartOpacity",
      "Id": "Part5",
      "Segments": [
        0,
        1,
        2,
        8,
        1
      ]
    },
    {
      "Target": "PartOpacity",
      "Id": "Part6",
      "Segments": [
        0,
        1,
        2,
        8,
        1
      ]
    },
    {
      "Target": "PartOpacity",
      "Id": "Part7",
      "Segments": [
        0,
        1,
        2,
        8,
        1
      ]
    },
    {
      "Target": "PartOpacity",
      "Id": "Part15",
      "Segments": [
        0,
        0,
        2,
        8,
        0
      ]
    },
    {
      "Target": "PartOpacity",
      "Id": "Part26",
      "Segments": [
        0,
        1,
        2,
        8,
        1
      ]
    },
    {
      "Target": "PartOpacity",
      "Id": "Part27",
      "Segments": [
        0,
        0,
        2,
        8,
        0
      ]
    },
    {
      "Target": "PartOpacity",
      "Id": "Part18",
      "Segments": [
        0,
        1,
        2,
        8,
        1
      ]
    },
    {
      "Target": "PartOpacity",
      "Id": "Part17",
      "Segments": [
        0,
        0,
        2,
        8,
        0
      ]
    },
    {
      "Target": "PartOpacity",
      "Id": "Part8",
      "Segments": [
        0,
        1,
        2,
        8,
        1
      ]
    },
    {
      "Target": "PartOpacity",
      "Id": "Part9",
      "Segments": [
        0,
        1,
        2,
        8,
        1
      ]
    },
    {
      "Target": "PartOpacity",
      "Id": "Part10",
      "Segments": [
        0,
        0,
        2,
        8,
        0
      ]
    },
    {
      "Target": "PartOpacity",
      "Id": "Part20",
      "Segments": [
        0,
        0,
        2,
        8,
        0
      ]
    },
    {
      "Target": "PartOpacity",
      "Id": "Part11",
      "Segments": [
        0,
        1,
        2,
        8,
        1
      ]
    },
    {
      "Target": "PartOpacity",
      "Id": "Part24",
      "Segments": [
        0,
        1,
        2,
        8,
        1
      ]
    },
    {
      "Target": "PartOpacity",
      "Id": "Part12",
      "Segments": [
        0,
        1,
        2,
        8,
        1
      ]
    },
    {
      "Target": "PartOpacity",
      "Id": "Part13",
      "Segments": [
        0,
        1,
        2,
        8,
        1
      ]
    },
    {
      "Target": "PartOpacity",
      "Id": "Part14",
      "Segments": [
        0,
        1,
        2,
        8,
        1
      ]
    },
    {
      "Target": "Model",
      "Id": "Opacity",
      "Segments": [
        0,
        1,
        0,
        8,
        1
      ]
    },
    {
      "Target": "Parameter",
      "Id": "BodyPoX",
      "Segments": [
        0,
        0,
        0,
        8,
        0
      ]
    },
    {
      "Target": "Parameter",
      "Id": "BodyY",
      "Segments": [
        0,
        0,
        0,
        8,
        0
      ]
    },
    {
      "Target": "Parameter",
      "Id": "Wet_On",
      "Segments": [
        0,
        0,
        0,
        8,
        0
      ]
    },
    {
      "Target": "Parameter",
      "Id": "Face_On",
      "Segments": [
        0,
        0,
        0,
        8,
        0
      ]
    },
    {
      "Target": "Parameter",
      "Id": "Face2_On",
      "Segments": [
        0,
        0,
        0,
        8,
        0
      ]
    },
    {
      "Target": "Parameter",
      "Id": "Face3_On",
      "Segments": [
        0,
        -30,
        0,
        8,
        -30
      ]
    },
    {
      "Target": "Parameter",
      "Id": "Face4_Y",
      "Segments": [
        0,
        0,
        0,
        8,
        0
      ]
    },
    {
      "Target": "Parameter",
      "Id": "Brow_Form",
      "Segments": [
        0,
        0,
        0,
        8,
        0
      ]
    },
    {
      "Target": "Parameter",
      "Id": "EyeBall_size",
      "Segments": [
        0,
        0,
        0,
        8,
        0
      ]
    },
    {
      "Target": "Parameter",
      "Id": "EyeR_Open",
      "Segments": [
        0,
        1,
        0,
        8,
        1
      ]
    },
    {
      "Target": "Parameter",
      "Id": "EyeR_Smile",
      "Segments": [
        0,
        0.5,
        0,
        8,
        0.5
      ]
    },
    {
      "Target": "Parameter",
      "Id": "EyeL_Open",
      "Segments": [
        0,
        1,
        0,
        8,
        1
      ]
    },
    {
      "Target": "Parameter",
      "Id": "EyeL_Smile",
      "Segments": [
        0,
        0.5,
        0,
        8,
        0.5
      ]
    },
    {
      "Target": "Parameter",
      "Id": "MouthForm2",
      "Segments": [
        0,
        0,
        0,
        8,
        0
      ]
    },
    {
      "Target": "Parameter",
      "Id": "MouthForm",
      "Segments": [
        0,
        0,
        0,
        8,
        0
      ]
    },
    {
      "Target": "Parameter",
      "Id": "Mouth_Open",
      "Segments": [
        0,
        1,
        0,
        8,
        1
      ]
    },
    {
      "Target": "Parameter",
      "Id": "Mouth_Size",
      "Segments": [
        0,
        -17,
        0,
        8,
        -17
      ]
    },
    {
      "Target": "Parameter",
      "Id": "ArmR_Sup_Form",
      "Segments": [
        0,
        -40,
        0,
        8,
        -40
      ]
    }
  ],
  "UserData": [
    {
      "Time": 0.0,
      "Value": ""
    }
  ]
}