{
  "Version": 3,
  "Meta": {
    "Duration": 9.0,
    "Fps": 30.0,
    "Loop": true,
    "AreBeziersRestricted": true,
    "CurveCount": 99,
    "TotalSegmentCount": 210,
    "TotalPointCount": 308,
    "UserDataCount": 1,
    "TotalUserDataSize": 0
  },
  "Curves": [
    {
      "Target": "Parameter",
      "Id": "Breath",
      "Segments": [
        0,
        0,
        0,
        1.333,
        0.8,
        0,
        4.567,
        0,
        1,
        5.267,
        0,
        5.967,
        0.52,
        6.667,
        0.8,
        1,
        7,
        0.933,
        7.334,
        0.9,
        7.667,
        0.9,
        0,
        9,
        0
      ]
    },
    {
      "Target": "Parameter",
      "Id": "Body_Shaking",
      "Segments": [
        0,
        -16,
        0,
        1.567,
        -1,
        1,
        2.278,
        -1,
        2.989,
        -10.698,
        3.7,
        -19.046,
        1,
        4.311,
        -26.22,
        4.922,
        -27.041,
        5.533,
        -27.041,
        0,
        7.633,
        -8,
        0,
        9,
        -16
      ]
    },
    {
      "Target": "Parameter",
      "Id": "ParamBodyAngleX",
      "Segments": [
        0,
        -10,
        0,
        1.667,
        -8,
        0,
        4.533,
        -12,
        0,
        7.567,
        -9.046,
        0,
        9,
        -10
      ]
    },
    {
      "Target": "Parameter",
      "Id": "Body_Pose1",
      "Segments": [
        0,
        0,
        0,
        1.8,
        12,
        0,
        4.8,
        -1,
        0,
        7.033,
        12,
        1,
        7.289,
        12,
        7.544,
        7.689,
        7.8,
        5,
        1,
        8.2,
        0.792,
        8.6,
        0,
        9,
        0
      ]
    },
    {
      "Target": "Parameter",
      "Id": "Body_Twist",
      "Segments": [
        0,
        -10,
        1,
        0.6,
        -1.82,
        1.2,
        1,
        1.8,
        1,
        1,
        2.422,
        1,
        3.045,
        -12.27,
        3.667,
        -21.344,
        1,
        3.978,
        -25.881,
        4.289,
        -25.267,
        4.6,
        -25.267,
        1,
        4.933,
        -25.267,
        5.267,
        -24.312,
        5.6,
        -16,
        1,
        6.011,
        -5.748,
        6.422,
        6.045,
        6.833,
        6.045,
        1,
        7.022,
        6.045,
        7.211,
        6.237,
        7.4,
        2.322,
        1,
        7.744,
        -4.817,
        8.089,
        -14,
        8.433,
        -14,
        1,
        8.622,
        -14,
        8.811,
        -11.802,
        9,
        -10
      ]
    },
    {
      "Target": "Parameter",
      "Id": "Pendant_Shaking",
      "Segments": [
        0,
        -13.161,
        0,
        0.867,
        8,
        0,
        1.633,
        -1,
        0,
        2.633,
        10,
        0,
        3.667,
        -4,
        0,
        5.067,
        10,
        0,
        6.033,
        0,
        0,
        7.267,
        12,
        0,
        9,
        -13.161
      ]
    },
    {
      "Target": "Parameter",
      "Id": "Head_AngleX",
      "Segments": [
        0,
        -8,
        0,
        2.133,
        0,
        0,
        4.6,
        -14,
        0,
        7.2,
        -4,
        0,
        9,
        -8
      ]
    },
    {
      "Target": "Parameter",
      "Id": "Head_AngleY",
      "Segments": [
        0,
        -2,
        0,
        2.133,
        1,
        0,
        4.6,
        -13,
        1,
        4.933,
        -13,
        5.267,
        -9.885,
        5.6,
        -9,
        1,
        6.133,
        -7.585,
        6.667,
        -7.44,
        7.2,
        -6,
        1,
        7.8,
        -4.38,
        8.4,
        -2,
        9,
        -2
      ]
    },
    {
      "Target": "Parameter",
      "Id": "Head_Roll",
      "Segments": [
        0,
        13,
        1,
        0.733,
        15.024,
        1.467,
        16,
        2.2,
        16,
        1,
        3,
        16,
        3.8,
        13.181,
        4.6,
        10,
        1,
        5.056,
        8.189,
        5.511,
        8,
        5.967,
        8,
        0,
        7.6,
        15,
        0,
        9,
        13
      ]
    },
    {
      "Target": "Parameter",
      "Id": "EyeBallX",
      "Segments": [
        0,
        0,
        0,
        4.667,
        0.5,
        0,
        9,
        0
      ]
    },
    {
      "Target": "Parameter",
      "Id": "EyeBallY",
      "Segments": [
        0,
        0,
        0,
        4.667,
        0.1,
        0,
        9,
        0
      ]
    },
    {
      "Target": "Parameter",
      "Id": "PSY_OnOff",
      "Segments": [
        0,
        0.25,
        1,
        0.111,
        0.125,
        0.222,
        0,
        0.333,
        0,
        0,
        1,
        0.5,
        0,
        1.667,
        0,
        0,
        2.333,
        0.5,
        0,
        3,
        0,
        0,
        3.667,
        0.5,
        0,
        4.333,
        0,
        0,
        5,
        0.5,
        0,
        5.667,
        0,
        0,
        6.333,
        0.5,
        0,
        7,
        0,
        0,
        7.667,
        0.5,
        0,
        8.333,
        0,
        0,
        9,
        0.5
      ]
    },
    {
      "Target": "Parameter",
      "Id": "PSY",
      "Segments": [
        0,
        0,
        1,
        0.333,
        10,
        0.667,
        20,
        1,
        30,
        1,
        1.667,
        20,
        2.333,
        10,
        3,
        0,
        1,
        3.667,
        10,
        4.333,
        20,
        5,
        30,
        1,
        5.667,
        20,
        6.333,
        10,
        7,
        0,
        1,
        7.667,
        10,
        8.333,
        20,
        9,
        30
      ]
    },
    {
      "Target": "Parameter",
      "Id": "PSY2",
      "Segments": [
        0,
        30,
        1,
        0.333,
        20,
        0.667,
        10,
        1,
        0,
        1,
        1.333,
        -10,
        1.667,
        -20,
        2,
        -30,
        1,
        2.333,
        -20,
        2.667,
        -10,
        3,
        0,
        1,
        3.333,
        10,
        3.667,
        20,
        4,
        30,
        1,
        4.333,
        20,
        4.667,
        10,
        5,
        0,
        1,
        5.333,
        -10,
        5.667,
        -20,
        6,
        -30,
        1,
        6.667,
        -10,
        7.333,
        10,
        8,
        30,
        1,
        8.333,
        20,
        8.667,
        10,
        9,
        0
      ]
    },
    {
      "Target": "Parameter",
      "Id": "HairFront_Shaking",
      "Segments": [
        0,
        0.4,
        1,
        0.189,
        0.744,
        0.378,
        0.71,
        0.567,
        0.71,
        0,
        1.667,
        -0.4,
        0,
        3.367,
        0.71,
        1,
        3.756,
        0.71,
        4.144,
        -0.033,
        4.533,
        -0.744,
        1,
        4.689,
        -1.028,
        4.844,
        -1,
        5,
        -1,
        1,
        5.211,
        -1,
        5.422,
        -1.036,
        5.633,
        -0.744,
        1,
        5.944,
        -0.313,
        6.256,
        0.508,
        6.567,
        0.508,
        0,
        7.8,
        -0.744,
        0,
        9,
        0.4
      ]
    },
    {
      "Target": "Parameter",
      "Id": "HairBack_Shaking",
      "Segments": [
        0,
        -0.3,
        0,
        0.867,
        0.4,
        0,
        2.2,
        -0.3,
        0,
        3.667,
        0.4,
        0,
        5.433,
        -0.431,
        0,
        7.133,
        0.4,
        0,
        9,
        -0.3
      ]
    },
    {
      "Target": "Parameter",
      "Id": "Hair_Move",
      "Segments": [
        0,
        -0.3,
        0,
        1.1,
        0.2,
        0,
        2.367,
        -0.224,
        0,
        4.567,
        0.472,
        0,
        5.9,
        0.2,
        0,
        7.167,
        0.228,
        0,
        9,
        -0.3
      ]
    },
    {
      "Target": "Parameter",
      "Id": "ShoulderR_Roll",
      "Segments": [
        0,
        -2,
        0,
        1.433,
        -2.96,
        0,
        4.233,
        -2,
        0,
        6.967,
        -2.52,
        0,
        9,
        -2
      ]
    },
    {
      "Target": "Parameter",
      "Id": "ArmR_Roll",
      "Segments": [
        0,
        -7.52,
        0,
        1.533,
        -9.12,
        0,
        4.267,
        -6,
        0,
        7.067,
        -7.52,
        2,
        9,
        -7.52
      ]
    },
    {
      "Target": "Parameter",
      "Id": "HandR_Roll",
      "Segments": [
        0,
        -25,
        1,
        0.511,
        -25,
        1.022,
        -25.289,
        1.533,
        -26,
        1,
        2.455,
        -27.284,
        3.378,
        -28,
        4.3,
        -28,
        0,
        7.1,
        -23.98,
        0,
        9,
        -25
      ]
    },
    {
      "Target": "Parameter",
      "Id": "ShoulderL_Roll",
      "Segments": [
        0,
        -0.5,
        1,
        0.6,
        0.901,
        1.2,
        1.479,
        1.8,
        1.479,
        1,
        2.333,
        1.479,
        2.867,
        0.688,
        3.4,
        -0.478,
        1,
        3.667,
        -1.061,
        3.933,
        -1.199,
        4.2,
        -1.199,
        0,
        6.767,
        0.645,
        0,
        9,
        -0.5
      ]
    },
    {
      "Target": "Parameter",
      "Id": "ArmL_Roll",
      "Segments": [
        0,
        -36.35,
        1,
        0.6,
        -36.675,
        1.2,
        -36.8,
        1.8,
        -36.8,
        0,
        3.8,
        -35.947,
        0,
        6.8,
        -36.781,
        0,
        9,
        -36.35
      ]
    },
    {
      "Target": "Parameter",
      "Id": "HandL_Roll",
      "Segments": [
        0,
        25,
        2,
        1.8,
        25,
        0,
        3.867,
        25.993,
        0,
        9,
        25
      ]
    },
    {
      "Target": "Parameter",
      "Id": "LegR_Roll",
      "Segments": [
        0,
        -8,
        2,
        1.367,
        -8,
        2,
        3,
        -8,
        1,
        3.589,
        -8,
        4.178,
        -11.348,
        4.767,
        -12,
        1,
        5.667,
        -12.996,
        6.567,
        -13,
        7.467,
        -13,
        0,
        9,
        -8
      ]
    },
    {
      "Target": "Parameter",
      "Id": "Lowerbody_Roll",
      "Segments": [
        0,
        -28,
        0,
        1.367,
        -25,
        0,
        3,
        -28,
        1,
        3.589,
        -28,
        4.178,
        -28.005,
        4.767,
        -25,
        1,
        5.667,
        -20.407,
        6.567,
        -14.695,
        7.467,
        -14.695,
        0,
        9,
        -28
      ]
    },
    {
      "Target": "PartOpacity",
      "Id": "Part",
      "Segments": [
        0,
        1,
        2,
        9,
        1
      ]
    },
    {
      "Target": "PartOpacity",
      "Id": "Part2",
      "Segments": [
        0,
        1,
        2,
        9,
        1
      ]
    },
    {
      "Target": "PartOpacity",
      "Id": "Part19",
      "Segments": [
        0,
        1,
        2,
        9,
        1
      ]
    },
    {
      "Target": "PartOpacity",
      "Id": "Part20",
      "Segments": [
        0,
        1,
        2,
        9,
        1
      ]
    },
    {
      "Target": "PartOpacity",
      "Id": "Part21",
      "Segments": [
        0,
        0,
        2,
        9,
        0
      ]
    },
    {
      "Target": "PartOpacity",
      "Id": "Part23",
      "Segments": [
        0,
        1,
        2,
        9,
        1
      ]
    },
    {
      "Target": "PartOpacity",
      "Id": "Part15",
      "Segments": [
        0,
        0,
        2,
        9,
        0
      ]
    },
    {
      "Target": "PartOpacity",
      "Id": "Part14",
      "Segments": [
        0,
        0,
        2,
        9,
        0
      ]
    },
    {
      "Target": "PartOpacity",
      "Id": "Part17",
      "Segments": [
        0,
        1,
        2,
        9,
        1
      ]
    },
    {
      "Target": "PartOpacity",
      "Id": "Part18",
      "Segments": [
        0,
        0,
        2,
        9,
        0
      ]
    },
    {
      "Target": "PartOpacity",
      "Id": "Part3",
      "Segments": [
        0,
        1,
        2,
        9,
        1
      ]
    },
    {
      "Target": "PartOpacity",
      "Id": "Part4",
      "Segments": [
        0,
        1,
        2,
        9,
        1
      ]
    },
    {
      "Target": "PartOpacity",
      "Id": "Part36",
      "Segments": [
        0,
        0,
        2,
        9,
        0
      ]
    },
    {
      "Target": "PartOpacity",
      "Id": "Part5",
      "Segments": [
        0,
        1,
        2,
        9,
        1
      ]
    },
    {
      "Target": "PartOpacity",
      "Id": "Part37",
      "Segments": [
        0,
        0,
        2,
        9,
        0
      ]
    },
    {
      "Target": "PartOpacity",
      "Id": "Part8",
      "Segments": [
        0,
        1,
        2,
        9,
        1
      ]
    },
    {
      "Target": "PartOpacity",
      "Id": "Part6",
      "Segments": [
        0,
        1,
        2,
        9,
        1
      ]
    },
    {
      "Target": "PartOpacity",
      "Id": "Part7",
      "Segments": [
        0,
        1,
        2,
        9,
        1
      ]
    },
    {
      "Target": "PartOpacity",
      "Id": "Part38",
      "Segments": [
        0,
        0,
        2,
        9,
        0
      ]
    },
    {
      "Target": "PartOpacity",
      "Id": "Part35",
      "Segments": [
        0,
        0,
        2,
        9,
        0
      ]
    },
    {
      "Target": "PartOpacity",
      "Id": "Part9",
      "Segments": [
        0,
        0,
        2,
        9,
        0
      ]
    },
    {
      "Target": "PartOpacity",
      "Id": "Part16",
      "Segments": [
        0,
        1,
        2,
        9,
        1
      ]
    },
    {
      "Target": "PartOpacity",
      "Id": "Part25",
      "Segments": [
        0,
        1,
        2,
        9,
        1
      ]
    },
    {
      "Target": "PartOpacity",
      "Id": "Part10",
      "Segments": [
        0,
        0,
        2,
        9,
        0
      ]
    },
    {
      "Target": "PartOpacity",
      "Id": "Part11",
      "Segments": [
        0,
        1,
        2,
        9,
        1
      ]
    },
    {
      "Target": "PartOpacity",
      "Id": "Part13",
      "Segments": [
        0,
        1,
        2,
        9,
        1
      ]
    },
    {
      "Target": "PartOpacity",
      "Id": "Part24",
      "Segments": [
        0,
        0,
        2,
        9,
        0
      ]
    },
    {
      "Target": "Model",
      "Id": "Opacity",
      "Segments": [
        0,
        1,
        0,
        9,
        1
      ]
    },
    {
      "Target": "Parameter",
      "Id": "BodyY",
      "Segments": [
        0,
        -10,
        0,
        9,
        -10
      ]
    },
    {
      "Target": "Parameter",
      "Id": "HeadY",
      "Segments": [
        0,
        -20,
        0,
        9,
        -20
      ]
    },
    {
      "Target": "Parameter",
      "Id": "Sweat",
      "Segments": [
        0,
        0,
        0,
        9,
        0
      ]
    },
    {
      "Target": "Parameter",
      "Id": "EyeL_Open",
      "Segments": [
        0,
        0,
        0,
        9,
        0
      ]
    },
    {
      "Target": "Parameter",
      "Id": "EyeL_Smile",
      "Segments": [
        0,
        1,
        0,
        9,
        1
      ]
    },
    {
      "Target": "Parameter",
      "Id": "EyeL_Expression",
      "Segments": [
        0,
        0,
        0,
        9,
        0
      ]
    },
    {
      "Target": "Parameter",
      "Id": "EyeR_Open",
      "Segments": [
        0,
        0,
        0,
        9,
        0
      ]
    },
    {
      "Target": "Parameter",
      "Id": "EyeR_Smile",
      "Segments": [
        0,
        1,
        0,
        9,
        1
      ]
    },
    {
      "Target": "Parameter",
      "Id": "EyeR_Expression",
      "Segments": [
        0,
        0,
        0,
        9,
        0
      ]
    },
    {
      "Target": "Parameter",
      "Id": "Eyeball_Size",
      "Segments": [
        0,
        -3,
        0,
        9,
        -3
      ]
    },
    {
      "Target": "Parameter",
      "Id": "BrowLX",
      "Segments": [
        0,
        0,
        0,
        9,
        0
      ]
    },
    {
      "Target": "Parameter",
      "Id": "BrowLY",
      "Segments": [
        0,
        0,
        0,
        9,
        0
      ]
    },
    {
      "Target": "Parameter",
      "Id": "BrowRX",
      "Segments": [
        0,
        0,
        0,
        9,
        0
      ]
    },
    {
      "Target": "Parameter",
      "Id": "BrowRY",
      "Segments": [
        0,
        -0.3,
        0,
        9,
        -0.3
      ]
    },
    {
      "Target": "Parameter",
      "Id": "BrowL_Angle",
      "Segments": [
        0,
        0,
        0,
        9,
        0
      ]
    },
    {
      "Target": "Parameter",
      "Id": "BrowR_Angle",
      "Segments": [
        0,
        0,
        0,
        9,
        0
      ]
    },
    {
      "Target": "Parameter",
      "Id": "BrowL_Form",
      "Segments": [
        0,
        -1,
        0,
        9,
        -1
      ]
    },
    {
      "Target": "Parameter",
      "Id": "BrowR_Form",
      "Segments": [
        0,
        -1,
        0,
        9,
        -1
      ]
    },
    {
      "Target": "Parameter",
      "Id": "Mouth_Form",
      "Segments": [
        0,
        0,
        0,
        9,
        0
      ]
    },
    {
      "Target": "Parameter",
      "Id": "Mouth_Smile",
      "Segments": [
        0,
        1,
        0,
        9,
        1
      ]
    },
    {
      "Target": "Parameter",
      "Id": "Mouth_Open",
      "Segments": [
        0,
        1,
        0,
        9,
        1
      ]
    },
    {
      "Target": "Parameter",
      "Id": "Mouth_Size",
      "Segments": [
        0,
        1,
        0,
        9,
        1
      ]
    },
    {
      "Target": "Parameter",
      "Id": "ShoulderRY",
      "Segments": [
        0,
        26,
        0,
        9,
        26
      ]
    },
    {
      "Target": "Parameter",
      "Id": "ShoulderR_Scale",
      "Segments": [
        0,
        -25,
        0,
        9,
        -25
      ]
    },
    {
      "Target": "Parameter",
      "Id": "ArmR_Scale",
      "Segments": [
        0,
        -18,
        0,
        9,
        -18
      ]
    },
    {
      "Target": "Parameter",
      "Id": "Param23",
      "Segments": [
        0,
        0,
        0,
        9,
        0
      ]
    },
    {
      "Target": "Parameter",
      "Id": "ArmR_Scale2",
      "Segments": [
        0,
        0,
        0,
        9,
        0
      ]
    },
    {
      "Target": "Parameter",
      "Id": "HandR_Size",
      "Segments": [
        0,
        0,
        0,
        9,
        0
      ]
    },
    {
      "Target": "Parameter",
      "Id": "ShoulderLY",
      "Segments": [
        0,
        23,
        0,
        9,
        23
      ]
    },
    {
      "Target": "Parameter",
      "Id": "ShoulderL_Scale",
      "Segments": [
        0,
        -10,
        0,
        9,
        -10
      ]
    },
    {
      "Target": "Parameter",
      "Id": "ArmL_Scale",
      "Segments": [
        0,
        -14,
        0,
        9,
        -14
      ]
    },
    {
      "Target": "Parameter",
      "Id": "Param24",
      "Segments": [
        0,
        0,
        0,
        9,
        0
      ]
    },
    {
      "Target": "Parameter",
      "Id": "HandL_Size",
      "Segments": [
        0,
        0,
        0,
        9,
        0
      ]
    },
    {
      "Target": "Parameter",
      "Id": "LegL_Roll",
      "Segments": [
        0,
        10,
        0,
        9,
        10
      ]
    },
    {
      "Target": "PartOpacity",
      "Id": "Part27",
      "Segments": [
        0,
        1,
        0,
        9,
        1
      ]
    },
    {
      "Target": "PartOpacity",
      "Id": "Part22",
      "Segments": [
        0,
        1,
        0,
        9,
        1
      ]
    },
    {
      "Target": "PartOpacity",
      "Id": "Part33",
      "Segments": [
        0,
        1,
        0,
        9,
        1
      ]
    },
    {
      "Target": "PartOpacity",
      "Id": "Part26",
      "Segments": [
        0,
        1,
        0,
        9,
        1
      ]
    },
    {
      "Target": "PartOpacity",
      "Id": "Part29",
      "Segments": [
        0,
        1,
        0,
        9,
        1
      ]
    },
    {
      "Target": "PartOpacity",
      "Id": "Part41",
      "Segments": [
        0,
        1,
        0,
        9,
        1
      ]
    },
    {
      "Target": "PartOpacity",
      "Id": "Part30",
      "Segments": [
        0,
        1,
        0,
        9,
        1
      ]
    },
    {
      "Target": "PartOpacity",
      "Id": "Part28",
      "Segments": [
        0,
        1,
        0,
        9,
        1
      ]
    },
    {
      "Target": "PartOpacity",
      "Id": "Part32",
      "Segments": [
        0,
        1,
        0,
        9,
        1
      ]
    },
    {
      "Target": "PartOpacity",
      "Id": "Part34",
      "Segments": [
        0,
        1,
        0,
        9,
        1
      ]
    },
    {
      "Target": "PartOpacity",
      "Id": "Part31",
      "Segments": [
        0,
        1,
        0,
        9,
        1
      ]
    },
    {
      "Target": "PartOpacity",
      "Id": "Part12",
      "Segments": [
        0,
        0,
        0,
        9,
        0
      ]
    }
  ],
  "UserData": [
    {
      "Time": 0.0,
      "Value": ""
    }
  ]
}