{
  "Version": 3,
  "Meta": {
    "Duration": 1.0,
    "Fps": 30.0,
    "Loop": true,
    "AreBeziersRestricted": true,
    "CurveCount": 98,
    "TotalSegmentCount": 227,
    "TotalPointCount": 327,
    "UserDataCount": 1,
    "TotalUserDataSize": 0
  },
  "Curves": [
    {
      "Target": "Parameter",
      "Id": "Breath",
      "Segments": [
        0,
        0,
        0,
        0.267,
        0.9,
        1,
        0.511,
        0.9,
        0.756,
        0.339,
        1,
        0.1
      ]
    },
    {
      "Target": "Parameter",
      "Id": "Body_Shaking",
      "Segments": [
        0,
        0,
        0,
        0.333,
        -12,
        1,
        0.555,
        -12,
        0.778,
        2.045,
        1,
        3
      ]
    },
    {
      "Target": "Parameter",
      "Id": "ParamBodyAngleX",
      "Segments": [
        0,
        3,
        0,
        0.333,
        -2,
        1,
        0.444,
        -2,
        0.556,
        1.689,
        0.667,
        2,
        1,
        0.778,
        2.311,
        0.889,
        2.398,
        1,
        2.5
      ]
    },
    {
      "Target": "Parameter",
      "Id": "Body_Pose1",
      "Segments": [
        0,
        25,
        0,
        0.333,
        27,
        0,
        0.667,
        0,
        1,
        0.778,
        0,
        0.889,
        -0.216,
        1,
        0.781
      ]
    },
    {
      "Target": "Parameter",
      "Id": "BodyY",
      "Segments": [
        0,
        -5,
        0,
        0.333,
        0,
        2,
        0.667,
        0,
        2,
        1,
        0
      ]
    },
    {
      "Target": "Parameter",
      "Id": "Body_Twist",
      "Segments": [
        0,
        0,
        0,
        0.333,
        -27,
        1,
        0.444,
        -27,
        0.556,
        -8.286,
        0.667,
        0,
        1,
        0.778,
        8.286,
        0.889,
        15.489,
        1,
        17
      ]
    },
    {
      "Target": "Parameter",
      "Id": "Pendant_Shaking",
      "Segments": [
        0,
        0,
        0,
        0.1,
        1,
        0,
        0.6,
        -4,
        0,
        0.933,
        14,
        1,
        0.955,
        14,
        0.978,
        14.154,
        1,
        13.3
      ]
    },
    {
      "Target": "Parameter",
      "Id": "Head_AngleX",
      "Segments": [
        0,
        0,
        0,
        0.333,
        -18,
        1,
        0.555,
        -18,
        0.778,
        10.191,
        1,
        11
      ]
    },
    {
      "Target": "Parameter",
      "Id": "Head_AngleY",
      "Segments": [
        0,
        0,
        0,
        0.333,
        -8,
        2,
        1,
        -8
      ]
    },
    {
      "Target": "Parameter",
      "Id": "Head_Roll",
      "Segments": [
        0,
        -2,
        0,
        0.333,
        -6,
        0,
        0.667,
        0,
        2,
        1,
        0
      ]
    },
    {
      "Target": "Parameter",
      "Id": "HeadY",
      "Segments": [
        0,
        0,
        0,
        0.333,
        7,
        0,
        0.667,
        0,
        2,
        1,
        0
      ]
    },
    {
      "Target": "Parameter",
      "Id": "EyeL_Smile",
      "Segments": [
        0,
        0,
        0,
        0.767,
        -1,
        2,
        1,
        -1
      ]
    },
    {
      "Target": "Parameter",
      "Id": "EyeL_Expression",
      "Segments": [
        0,
        0,
        0,
        0.767,
        1,
        2,
        1,
        1
      ]
    },
    {
      "Target": "Parameter",
      "Id": "EyeR_Smile",
      "Segments": [
        0,
        0,
        0,
        0.767,
        -0.9,
        2,
        1,
        -0.9
      ]
    },
    {
      "Target": "Parameter",
      "Id": "EyeR_Expression",
      "Segments": [
        0,
        0,
        0,
        0.767,
        1,
        2,
        1,
        1
      ]
    },
    {
      "Target": "Parameter",
      "Id": "EyeBallX",
      "Segments": [
        0,
        0,
        0,
        0.2,
        -0.3,
        0,
        1,
        0.5
      ]
    },
    {
      "Target": "Parameter",
      "Id": "EyeBallY",
      "Segments": [
        0,
        0,
        1,
        0.067,
        0,
        0.133,
        -0.067,
        0.2,
        -0.2,
        1,
        0.467,
        -0.733,
        0.733,
        -1,
        1,
        -1
      ]
    },
    {
      "Target": "Parameter",
      "Id": "Eyeball_Size",
      "Segments": [
        0,
        0,
        0,
        0.767,
        -3,
        2,
        1,
        -3
      ]
    },
    {
      "Target": "Parameter",
      "Id": "BrowLX",
      "Segments": [
        0,
        0,
        2,
        0.333,
        0,
        0,
        0.767,
        0.3,
        2,
        1,
        0.3
      ]
    },
    {
      "Target": "Parameter",
      "Id": "BrowLY",
      "Segments": [
        0,
        0,
        2,
        0.333,
        0,
        0,
        0.767,
        0.044,
        2,
        1,
        0.044
      ]
    },
    {
      "Target": "Parameter",
      "Id": "BrowRX",
      "Segments": [
        0,
        0,
        1,
        0.111,
        0,
        0.222,
        0.015,
        0.333,
        -0.2,
        1,
        0.478,
        -0.48,
        0.622,
        -1,
        0.767,
        -1,
        2,
        1,
        -1
      ]
    },
    {
      "Target": "Parameter",
      "Id": "BrowRY",
      "Segments": [
        0,
        0,
        2,
        0.333,
        0,
        0,
        0.767,
        -0.2,
        2,
        1,
        -0.2
      ]
    },
    {
      "Target": "Parameter",
      "Id": "BrowR_Angle",
      "Segments": [
        0,
        0,
        0,
        0.333,
        0.1,
        0,
        0.767,
        -0.078,
        2,
        1,
        -0.078
      ]
    },
    {
      "Target": "Parameter",
      "Id": "BrowL_Form",
      "Segments": [
        0,
        0,
        1,
        0.111,
        0,
        0.222,
        0.01,
        0.333,
        -0.2,
        1,
        0.478,
        -0.473,
        0.622,
        -0.934,
        0.767,
        -0.934,
        2,
        1,
        -0.934
      ]
    },
    {
      "Target": "Parameter",
      "Id": "BrowR_Form",
      "Segments": [
        0,
        0,
        1,
        0.111,
        0,
        0.222,
        -0.072,
        0.333,
        -0.3,
        1,
        0.478,
        -0.597,
        0.622,
        -0.8,
        0.767,
        -0.8,
        2,
        1,
        -0.8
      ]
    },
    {
      "Target": "Parameter",
      "Id": "Mouth_Form",
      "Segments": [
        0,
        0,
        0,
        0.367,
        1,
        2,
        0.5,
        1,
        2,
        1,
        1
      ]
    },
    {
      "Target": "Parameter",
      "Id": "HairFront_Shaking",
      "Segments": [
        0,
        0,
        0,
        0.067,
        0.1,
        0,
        0.6,
        -0.5,
        1,
        0.733,
        -0.5,
        0.867,
        0.29,
        1,
        0.4
      ]
    },
    {
      "Target": "Parameter",
      "Id": "HairBack_Shaking",
      "Segments": [
        0,
        0,
        0,
        0.533,
        0.3,
        0,
        1,
        -0.2
      ]
    },
    {
      "Target": "Parameter",
      "Id": "Hair_Move",
      "Segments": [
        0,
        0,
        0,
        0.5,
        -0.4,
        0,
        1,
        0.4
      ]
    },
    {
      "Target": "Parameter",
      "Id": "ShoulderRY",
      "Segments": [
        0,
        15,
        1,
        0.111,
        15,
        0.222,
        22.076,
        0.333,
        26.16,
        1,
        0.433,
        29.835,
        0.533,
        30,
        0.633,
        30,
        1,
        0.7,
        30,
        0.766,
        19.436,
        0.833,
        18,
        1,
        0.889,
        16.803,
        0.944,
        17,
        1,
        17
      ]
    },
    {
      "Target": "Parameter",
      "Id": "ShoulderR_Roll",
      "Segments": [
        0,
        -5,
        1,
        0.078,
        -5,
        0.155,
        -5.661,
        0.233,
        -6.369,
        1,
        0.289,
        -6.875,
        0.344,
        -6.79,
        0.4,
        -7.528,
        1,
        0.467,
        -8.414,
        0.533,
        -21,
        0.6,
        -21,
        1,
        0.644,
        -21,
        0.689,
        -14.24,
        0.733,
        -14,
        1,
        0.822,
        -13.52,
        0.911,
        -13.5,
        1,
        -13.5
      ]
    },
    {
      "Target": "Parameter",
      "Id": "ArmR_Roll",
      "Segments": [
        0,
        29.5,
        0,
        0.533,
        30,
        0,
        0.7,
        15.3,
        0,
        0.9,
        16.5,
        2,
        1,
        16.5
      ]
    },
    {
      "Target": "Parameter",
      "Id": "ShoulderR_Scale",
      "Segments": [
        0,
        -15,
        2,
        0.333,
        -15,
        0,
        0.6,
        -29,
        0,
        0.833,
        -28,
        2,
        1,
        -28
      ]
    },
    {
      "Target": "Parameter",
      "Id": "ArmR_Scale",
      "Segments": [
        0,
        0,
        1,
        0.078,
        0,
        0.155,
        -3.18,
        0.233,
        -9,
        1,
        0.266,
        -11.494,
        0.3,
        -15.007,
        0.333,
        -16,
        1,
        0.366,
        -16.993,
        0.4,
        -16.818,
        0.433,
        -18,
        1,
        0.478,
        -19.575,
        0.522,
        -27,
        0.567,
        -27,
        0,
        0.833,
        -19,
        2,
        1,
        -19
      ]
    },
    {
      "Target": "Parameter",
      "Id": "HandR_Roll",
      "Segments": [
        0,
        30,
        2,
        0.4,
        30,
        0,
        0.667,
        -27.52,
        1,
        0.745,
        -27.52,
        0.822,
        -26.056,
        0.9,
        -24.02,
        1,
        0.933,
        -23.147,
        0.967,
        -23,
        1,
        -23
      ]
    },
    {
      "Target": "Parameter",
      "Id": "ShoulderLY",
      "Segments": [
        0,
        20,
        0,
        0.333,
        30,
        0,
        0.667,
        8,
        2,
        1,
        8
      ]
    },
    {
      "Target": "Parameter",
      "Id": "ShoulderL_Roll",
      "Segments": [
        0,
        -22,
        0,
        0.333,
        -30,
        1,
        0.444,
        -30,
        0.556,
        -10.184,
        0.667,
        -5,
        1,
        0.778,
        0.184,
        0.889,
        0,
        1,
        0
      ]
    },
    {
      "Target": "Parameter",
      "Id": "ShoulderL_Scale",
      "Segments": [
        0,
        -11,
        1,
        0.111,
        -11,
        0.222,
        -25.782,
        0.333,
        -28,
        1,
        0.444,
        -30.218,
        0.556,
        -30,
        0.667,
        -30,
        2,
        1,
        -30
      ]
    },
    {
      "Target": "Parameter",
      "Id": "ArmL_Roll",
      "Segments": [
        0,
        -15.82,
        1,
        0.122,
        -15.82,
        0.245,
        -17.346,
        0.367,
        -20,
        1,
        0.434,
        -21.448,
        0.5,
        -22,
        0.567,
        -22,
        1,
        0.6,
        -22,
        0.634,
        -13.585,
        0.667,
        -10,
        1,
        0.678,
        -8.805,
        0.689,
        -9.231,
        0.7,
        -9.231,
        0,
        0.733,
        -9.402,
        0,
        0.767,
        -8.855,
        0,
        0.833,
        -8.932,
        0,
        0.9,
        -8.696,
        0,
        1,
        -8.8
      ]
    },
    {
      "Target": "Parameter",
      "Id": "ArmL_Scale",
      "Segments": [
        0,
        -4,
        2,
        0.333,
        -4,
        1,
        0.389,
        -4,
        0.444,
        -3.76,
        0.5,
        -7,
        1,
        0.556,
        -10.24,
        0.611,
        -30,
        0.667,
        -30,
        2,
        1,
        -30
      ]
    },
    {
      "Target": "Parameter",
      "Id": "HandL_Roll",
      "Segments": [
        0,
        0,
        1,
        0.122,
        0,
        0.245,
        -2.96,
        0.367,
        -12,
        1,
        0.445,
        -17.753,
        0.522,
        -23,
        0.6,
        -23,
        1,
        0.611,
        -23,
        0.622,
        26,
        0.633,
        26,
        1,
        0.655,
        26,
        0.678,
        17.861,
        0.7,
        13,
        1,
        0.8,
        -8.874,
        0.9,
        -17,
        1,
        -17
      ]
    },
    {
      "Target": "Parameter",
      "Id": "Param24",
      "Segments": [
        0,
        -30,
        0,
        0.2,
        0,
        2,
        0.667,
        0,
        2,
        1,
        0
      ]
    },
    {
      "Target": "Parameter",
      "Id": "Param",
      "Segments": [
        0,
        0,
        2,
        0.533,
        0,
        0,
        0.633,
        -30,
        0,
        0.733,
        0,
        2,
        1,
        0
      ]
    },
    {
      "Target": "PartOpacity",
      "Id": "Part",
      "Segments": [
        0,
        1,
        2,
        0.67,
        1,
        2,
        1,
        1
      ]
    },
    {
      "Target": "PartOpacity",
      "Id": "Part2",
      "Segments": [
        0,
        1,
        2,
        0.67,
        1,
        2,
        1,
        1
      ]
    },
    {
      "Target": "PartOpacity",
      "Id": "Part19",
      "Segments": [
        0,
        1,
        2,
        0.6,
        1,
        0,
        0.63,
        0,
        2,
        1,
        0
      ]
    },
    {
      "Target": "PartOpacity",
      "Id": "Part20",
      "Segments": [
        0,
        0,
        2,
        0.67,
        0,
        2,
        1,
        0
      ]
    },
    {
      "Target": "PartOpacity",
      "Id": "Part21",
      "Segments": [
        0,
        0,
        2,
        0.6,
        0,
        0,
        0.63,
        1,
        2,
        1,
        1
      ]
    },
    {
      "Target": "PartOpacity",
      "Id": "Part23",
      "Segments": [
        0,
        1,
        2,
        0.67,
        1,
        2,
        1,
        1
      ]
    },
    {
      "Target": "PartOpacity",
      "Id": "Part15",
      "Segments": [
        0,
        0,
        2,
        0.1,
        0,
        0,
        0.23,
        1,
        2,
        0.47,
        1,
        2,
        0.63,
        0,
        2,
        1,
        0
      ]
    },
    {
      "Target": "PartOpacity",
      "Id": "Part14",
      "Segments": [
        0,
        1,
        2,
        0.1,
        1,
        2,
        0.23,
        0,
        2,
        0.67,
        0,
        2,
        1,
        0
      ]
    },
    {
      "Target": "PartOpacity",
      "Id": "Part17",
      "Segments": [
        0,
        0,
        2,
        0.67,
        0,
        2,
        1,
        0
      ]
    },
    {
      "Target": "PartOpacity",
      "Id": "Part18",
      "Segments": [
        0,
        0,
        2,
        0.6,
        0,
        2,
        0.63,
        1,
        2,
        1,
        1
      ]
    },
    {
      "Target": "PartOpacity",
      "Id": "Part3",
      "Segments": [
        0,
        1,
        2,
        0.67,
        1,
        2,
        1,
        1
      ]
    },
    {
      "Target": "PartOpacity",
      "Id": "Part4",
      "Segments": [
        0,
        1,
        2,
        0.67,
        1,
        2,
        1,
        1
      ]
    },
    {
      "Target": "PartOpacity",
      "Id": "Part27",
      "Segments": [
        0,
        1,
        2,
        1,
        1
      ]
    },
    {
      "Target": "PartOpacity",
      "Id": "Part22",
      "Segments": [
        0,
        1,
        2,
        1,
        1
      ]
    },
    {
      "Target": "PartOpacity",
      "Id": "Part36",
      "Segments": [
        0,
        1,
        2,
        1,
        1
      ]
    },
    {
      "Target": "PartOpacity",
      "Id": "Part33",
      "Segments": [
        0,
        1,
        2,
        1,
        1
      ]
    },
    {
      "Target": "PartOpacity",
      "Id": "Part5",
      "Segments": [
        0,
        1,
        2,
        0.67,
        1,
        2,
        1,
        1
      ]
    },
    {
      "Target": "PartOpacity",
      "Id": "Part26",
      "Segments": [
        0,
        1,
        2,
        1,
        1
      ]
    },
    {
      "Target": "PartOpacity",
      "Id": "Part29",
      "Segments": [
        0,
        1,
        2,
        1,
        1
      ]
    },
    {
      "Target": "PartOpacity",
      "Id": "Part37",
      "Segments": [
        0,
        1,
        2,
        1,
        1
      ]
    },
    {
      "Target": "PartOpacity",
      "Id": "Part41",
      "Segments": [
        0,
        1,
        2,
        1,
        1
      ]
    },
    {
      "Target": "PartOpacity",
      "Id": "Part30",
      "Segments": [
        0,
        1,
        2,
        1,
        1
      ]
    },
    {
      "Target": "PartOpacity",
      "Id": "Part28",
      "Segments": [
        0,
        1,
        2,
        1,
        1
      ]
    },
    {
      "Target": "PartOpacity",
      "Id": "Part32",
      "Segments": [
        0,
        1,
        2,
        1,
        1
      ]
    },
    {
      "Target": "PartOpacity",
      "Id": "Part34",
      "Segments": [
        0,
        1,
        2,
        1,
        1
      ]
    },
    {
      "Target": "PartOpacity",
      "Id": "Part31",
      "Segments": [
        0,
        1,
        2,
        1,
        1
      ]
    },
    {
      "Target": "PartOpacity",
      "Id": "Part8",
      "Segments": [
        0,
        1,
        2,
        0.67,
        1,
        2,
        1,
        1
      ]
    },
    {
      "Target": "PartOpacity",
      "Id": "Part6",
      "Segments": [
        0,
        1,
        2,
        0.67,
        1,
        2,
        1,
        1
      ]
    },
    {
      "Target": "PartOpacity",
      "Id": "Part7",
      "Segments": [
        0,
        1,
        2,
        0.67,
        1,
        2,
        1,
        1
      ]
    },
    {
      "Target": "PartOpacity",
      "Id": "Part38",
      "Segments": [
        0,
        0,
        2,
        1,
        0
      ]
    },
    {
      "Target": "PartOpacity",
      "Id": "Part35",
      "Segments": [
        0,
        0,
        2,
        1,
        0
      ]
    },
    {
      "Target": "PartOpacity",
      "Id": "Part9",
      "Segments": [
        0,
        1,
        2,
        0.57,
        1,
        0,
        0.73,
        0,
        2,
        1,
        0
      ]
    },
    {
      "Target": "PartOpacity",
      "Id": "Part16",
      "Segments": [
        0,
        1,
        2,
        0.67,
        1,
        2,
        1,
        1
      ]
    },
    {
      "Target": "PartOpacity",
      "Id": "Part25",
      "Segments": [
        0,
        1,
        2,
        0.67,
        1,
        2,
        1,
        1
      ]
    },
    {
      "Target": "PartOpacity",
      "Id": "Part10",
      "Segments": [
        0,
        0,
        2,
        0.6,
        1,
        2,
        0.67,
        1,
        2,
        1,
        1
      ]
    },
    {
      "Target": "PartOpacity",
      "Id": "Part11",
      "Segments": [
        0,
        0,
        2,
        0.6,
        0,
        2,
        0.67,
        0,
        2,
        1,
        0
      ]
    },
    {
      "Target": "PartOpacity",
      "Id": "Part24",
      "Segments": [
        0,
        1,
        2,
        0.57,
        1,
        1,
        0.59,
        1,
        0.61,
        0.3,
        0.63,
        0.14,
        1,
        0.653,
        -0.02,
        0.677,
        0,
        0.7,
        0,
        2,
        1,
        0
      ]
    },
    {
      "Target": "Model",
      "Id": "Opacity",
      "Segments": [
        0,
        1,
        0,
        1,
        1
      ]
    },
    {
      "Target": "Parameter",
      "Id": "Sweat",
      "Segments": [
        0,
        0,
        0,
        1,
        0
      ]
    },
    {
      "Target": "Parameter",
      "Id": "EyeL_Open",
      "Segments": [
        0,
        1,
        0,
        1,
        1
      ]
    },
    {
      "Target": "Parameter",
      "Id": "EyeR_Open",
      "Segments": [
        0,
        1,
        0,
        1,
        1
      ]
    },
    {
      "Target": "Parameter",
      "Id": "BrowL_Angle",
      "Segments": [
        0,
        0,
        0,
        1,
        0
      ]
    },
    {
      "Target": "Parameter",
      "Id": "PSY_OnOff",
      "Segments": [
        0,
        0,
        0,
        1,
        0
      ]
    },
    {
      "Target": "Parameter",
      "Id": "PSY",
      "Segments": [
        0,
        0,
        0,
        1,
        0
      ]
    },
    {
      "Target": "Parameter",
      "Id": "PSY2",
      "Segments": [
        0,
        0,
        0,
        1,
        0
      ]
    },
    {
      "Target": "Parameter",
      "Id": "Mouth_Smile",
      "Segments": [
        0,
        0,
        0,
        1,
        0
      ]
    },
    {
      "Target": "Parameter",
      "Id": "Mouth_Open",
      "Segments": [
        0,
        1,
        0,
        1,
        1
      ]
    },
    {
      "Target": "Parameter",
      "Id": "Mouth_Size",
      "Segments": [
        0,
        1,
        0,
        1,
        1
      ]
    },
    {
      "Target": "Parameter",
      "Id": "Param23",
      "Segments": [
        0,
        0,
        0,
        1,
        0
      ]
    },
    {
      "Target": "Parameter",
      "Id": "ArmR_Scale2",
      "Segments": [
        0,
        0,
        0,
        1,
        0
      ]
    },
    {
      "Target": "Parameter",
      "Id": "HandR_Size",
      "Segments": [
        0,
        0,
        0,
        1,
        0
      ]
    },
    {
      "Target": "Parameter",
      "Id": "HandL_Size",
      "Segments": [
        0,
        0,
        0,
        1,
        0
      ]
    },
    {
      "Target": "Parameter",
      "Id": "LegR_Roll",
      "Segments": [
        0,
        0,
        0,
        1,
        0
      ]
    },
    {
      "Target": "Parameter",
      "Id": "LegL_Roll",
      "Segments": [
        0,
        0,
        0,
        1,
        0
      ]
    },
    {
      "Target": "Parameter",
      "Id": "Lowerbody_Roll",
      "Segments": [
        0,
        0,
        0,
        1,
        0
      ]
    }
  ],
  "UserData": [
    {
      "Time": 0.0,
      "Value": ""
    }
  ]
}