{
  "Version": 3,
  "Meta": {
    "Duration": 8.0,
    "Fps": 30.0,
    "Loop": true,
    "AreBeziersRestricted": true,
    "CurveCount": 97,
    "TotalSegmentCount": 180,
    "TotalPointCount": 258,
    "UserDataCount": 1,
    "TotalUserDataSize": 0
  },
  "Curves": [
    {
      "Target": "Parameter",
      "Id": "Breath",
      "Segments": [
        0,
        0.2,
        0,
        1.233,
        0.9,
        0,
        2.9,
        0.2,
        0,
        4.2,
        0.7,
        0,
        5.333,
        0.1,
        0,
        6.867,
        0.7,
        0,
        8,
        0.2
      ]
    },
    {
      "Target": "Parameter",
      "Id": "Body_Shaking",
      "Segments": [
        0,
        11,
        0,
        2.033,
        -4,
        0,
        3.9,
        9,
        0,
        6.267,
        -3,
        0,
        8,
        11
      ]
    },
    {
      "Target": "Parameter",
      "Id": "ParamBodyAngleX",
      "Segments": [
        0,
        4,
        0,
        2.333,
        2,
        0,
        8,
        4
      ]
    },
    {
      "Target": "Parameter",
      "Id": "Body_Pose1",
      "Segments": [
        0,
        24,
        0,
        1.267,
        26,
        0,
        2.9,
        21,
        0,
        4.233,
        29,
        0,
        5.367,
        26,
        0,
        6.933,
        27,
        0,
        8,
        24
      ]
    },
    {
      "Target": "Parameter",
      "Id": "Body_Twist",
      "Segments": [
        0,
        -5.629,
        1,
        0.711,
        -11.133,
        1.422,
        -18.484,
        2.133,
        -18.484,
        1,
        2.6,
        -18.484,
        3.066,
        -13.33,
        3.533,
        -9.609,
        1,
        4.566,
        -1.369,
        5.6,
        1,
        6.633,
        1,
        1,
        7.089,
        1,
        7.544,
        -2.905,
        8,
        -5.629
      ]
    },
    {
      "Target": "Parameter",
      "Id": "Pendant_Shaking",
      "Segments": [
        0,
        0,
        1,
        0.211,
        2.737,
        0.422,
        4.832,
        0.633,
        4.832,
        0,
        1.567,
        0,
        0,
        2.933,
        10,
        0,
        4.5,
        3,
        0,
        5.667,
        10,
        0,
        7.2,
        -3.937,
        1,
        7.467,
        -3.937,
        7.733,
        -3.042,
        8,
        0
      ]
    },
    {
      "Target": "Parameter",
      "Id": "Head_AngleX",
      "Segments": [
        0,
        -10,
        0,
        3.7,
        3,
        0,
        8,
        -10
      ]
    },
    {
      "Target": "Parameter",
      "Id": "Head_AngleY",
      "Segments": [
        0,
        7,
        0,
        3.7,
        -8,
        0,
        8,
        7
      ]
    },
    {
      "Target": "Parameter",
      "Id": "Head_Roll",
      "Segments": [
        0,
        -4,
        0,
        1.667,
        -3,
        0,
        5.6,
        -8,
        0,
        8,
        -4
      ]
    },
    {
      "Target": "Parameter",
      "Id": "PSY_OnOff",
      "Segments": [
        0,
        0.5,
        0,
        0.667,
        0,
        0,
        1.333,
        0.5,
        0,
        2,
        0,
        0,
        2.667,
        0.5,
        0,
        3.333,
        0,
        0,
        4,
        0.5,
        0,
        4.667,
        0,
        0,
        5.333,
        0.5,
        0,
        6,
        0,
        0,
        6.667,
        0.5,
        0,
        7.333,
        0,
        0,
        8,
        0.5
      ]
    },
    {
      "Target": "Parameter",
      "Id": "PSY",
      "Segments": [
        0,
        30,
        1,
        0.667,
        20,
        1.333,
        10,
        2,
        0,
        1,
        2.667,
        10,
        3.333,
        20,
        4,
        30,
        1,
        4.667,
        20,
        5.333,
        10,
        6,
        0,
        1,
        6.667,
        10,
        7.333,
        20,
        8,
        30
      ]
    },
    {
      "Target": "Parameter",
      "Id": "PSY2",
      "Segments": [
        0,
        0,
        1,
        0.333,
        -10,
        0.667,
        -20,
        1,
        -30,
        1,
        1.333,
        -20,
        1.667,
        -10,
        2,
        0,
        1,
        2.333,
        10,
        2.667,
        20,
        3,
        30,
        1,
        3.333,
        20,
        3.667,
        10,
        4,
        0,
        1,
        4.333,
        -10,
        4.667,
        -20,
        5,
        -30,
        1,
        5.667,
        -10,
        6.333,
        10,
        7,
        30,
        1,
        7.333,
        20,
        7.667,
        10,
        8,
        0
      ]
    },
    {
      "Target": "Parameter",
      "Id": "HairFront_Shaking",
      "Segments": [
        0,
        0.5,
        0,
        1.967,
        -0.6,
        0,
        3.667,
        0.4,
        0,
        5.367,
        -0.5,
        0,
        8,
        0.5
      ]
    },
    {
      "Target": "Parameter",
      "Id": "HairBack_Shaking",
      "Segments": [
        0,
        -0.3,
        0,
        1.833,
        0.1,
        0,
        3.467,
        -0.4,
        0,
        5.3,
        0.2,
        0,
        8,
        -0.3
      ]
    },
    {
      "Target": "Parameter",
      "Id": "Hair_Move",
      "Segments": [
        0,
        0.2,
        0,
        1.733,
        -0.1,
        0,
        3.567,
        0.2,
        0,
        5.367,
        -0.3,
        0,
        8,
        0.2
      ]
    },
    {
      "Target": "Parameter",
      "Id": "ShoulderR_Roll",
      "Segments": [
        0,
        -5.72,
        1,
        0.422,
        -6.135,
        0.845,
        -6.404,
        1.267,
        -6.56,
        1,
        1.811,
        -6.761,
        2.356,
        -6.784,
        2.9,
        -6.784,
        1,
        3.333,
        -6.784,
        3.767,
        -4.898,
        4.2,
        -4.857,
        1,
        4.578,
        -4.821,
        4.955,
        -4.844,
        5.333,
        -4.806,
        1,
        5.855,
        -4.753,
        6.378,
        -3.881,
        6.9,
        -3.881,
        0,
        8,
        -5.72
      ]
    },
    {
      "Target": "Parameter",
      "Id": "ArmR_Roll",
      "Segments": [
        0,
        29.98,
        1,
        0.422,
        30.209,
        0.845,
        30.358,
        1.267,
        30.46,
        1,
        1.811,
        30.592,
        2.356,
        30.615,
        2.9,
        30.615,
        1,
        3.333,
        30.615,
        3.767,
        29.907,
        4.2,
        29.823,
        1,
        4.578,
        29.75,
        4.955,
        29.781,
        5.333,
        29.711,
        1,
        5.855,
        29.614,
        6.378,
        29.308,
        6.9,
        29.308,
        0,
        8,
        29.98
      ]
    },
    {
      "Target": "Parameter",
      "Id": "ArmR_Scale",
      "Segments": [
        0,
        0,
        1,
        0.422,
        0,
        0.845,
        0.003,
        1.267,
        -0.57,
        1,
        1.578,
        -0.992,
        1.889,
        -2.61,
        2.2,
        -2.61,
        1,
        2.433,
        -2.61,
        2.667,
        -2.146,
        2.9,
        -1.28,
        1,
        2.978,
        -0.991,
        3.055,
        -0.472,
        3.133,
        -0.471,
        1,
        3.489,
        -0.467,
        3.844,
        -0.465,
        4.2,
        -0.46,
        1,
        4.289,
        -0.459,
        4.378,
        0,
        4.467,
        0,
        2,
        5.333,
        0,
        2,
        5.667,
        0,
        0,
        6.9,
        -0.54,
        0,
        8,
        0
      ]
    },
    {
      "Target": "Parameter",
      "Id": "ArmL_Scale",
      "Segments": [
        0,
        -4,
        1,
        0.422,
        -4.573,
        0.845,
        -5.05,
        1.267,
        -5.36,
        1,
        1.811,
        -5.76,
        2.356,
        -5.842,
        2.9,
        -5.842,
        1,
        3.333,
        -5.842,
        3.767,
        -5.56,
        4.2,
        -5,
        1,
        4.578,
        -4.512,
        4.955,
        -4.27,
        5.333,
        -4.27,
        0,
        6.9,
        -4.302,
        0,
        8,
        -4
      ]
    },
    {
      "Target": "Parameter",
      "Id": "Lowerbody_Roll",
      "Segments": [
        0,
        2,
        0,
        2.5,
        -5,
        1,
        3.133,
        -5,
        3.767,
        -4.584,
        4.4,
        -3,
        1,
        5.6,
        0.002,
        6.8,
        2,
        8,
        2
      ]
    },
    {
      "Target": "PartOpacity",
      "Id": "Part36",
      "Segments": [
        0,
        0,
        2,
        8,
        0
      ]
    },
    {
      "Target": "PartOpacity",
      "Id": "Part37",
      "Segments": [
        0,
        0,
        2,
        8,
        0
      ]
    },
    {
      "Target": "Model",
      "Id": "Opacity",
      "Segments": [
        0,
        1,
        0,
        8,
        1
      ]
    },
    {
      "Target": "Parameter",
      "Id": "BodyY",
      "Segments": [
        0,
        -5,
        0,
        8,
        -5
      ]
    },
    {
      "Target": "Parameter",
      "Id": "HeadY",
      "Segments": [
        0,
        0,
        0,
        8,
        0
      ]
    },
    {
      "Target": "Parameter",
      "Id": "Sweat",
      "Segments": [
        0,
        1,
        0,
        8,
        1
      ]
    },
    {
      "Target": "Parameter",
      "Id": "EyeL_Open",
      "Segments": [
        0,
        0,
        0,
        8,
        0
      ]
    },
    {
      "Target": "Parameter",
      "Id": "EyeL_Smile",
      "Segments": [
        0,
        -1,
        0,
        8,
        -1
      ]
    },
    {
      "Target": "Parameter",
      "Id": "EyeL_Expression",
      "Segments": [
        0,
        0,
        0,
        8,
        0
      ]
    },
    {
      "Target": "Parameter",
      "Id": "EyeR_Open",
      "Segments": [
        0,
        0,
        0,
        8,
        0
      ]
    },
    {
      "Target": "Parameter",
      "Id": "EyeR_Smile",
      "Segments": [
        0,
        -1,
        0,
        8,
        -1
      ]
    },
    {
      "Target": "Parameter",
      "Id": "EyeR_Expression",
      "Segments": [
        0,
        0,
        0,
        8,
        0
      ]
    },
    {
      "Target": "Parameter",
      "Id": "EyeBallX",
      "Segments": [
        0,
        0,
        0,
        8,
        0
      ]
    },
    {
      "Target": "Parameter",
      "Id": "EyeBallY",
      "Segments": [
        0,
        0,
        0,
        8,
        0
      ]
    },
    {
      "Target": "Parameter",
      "Id": "Eyeball_Size",
      "Segments": [
        0,
        0,
        0,
        8,
        0
      ]
    },
    {
      "Target": "Parameter",
      "Id": "BrowLX",
      "Segments": [
        0,
        0,
        0,
        8,
        0
      ]
    },
    {
      "Target": "Parameter",
      "Id": "BrowLY",
      "Segments": [
        0,
        -0.36,
        0,
        8,
        -0.36
      ]
    },
    {
      "Target": "Parameter",
      "Id": "BrowRX",
      "Segments": [
        0,
        -0.3,
        0,
        8,
        -0.3
      ]
    },
    {
      "Target": "Parameter",
      "Id": "BrowRY",
      "Segments": [
        0,
        -0.446,
        0,
        8,
        -0.446
      ]
    },
    {
      "Target": "Parameter",
      "Id": "BrowL_Angle",
      "Segments": [
        0,
        0,
        0,
        8,
        0
      ]
    },
    {
      "Target": "Parameter",
      "Id": "BrowR_Angle",
      "Segments": [
        0,
        0,
        0,
        8,
        0
      ]
    },
    {
      "Target": "Parameter",
      "Id": "BrowL_Form",
      "Segments": [
        0,
        -0.6,
        0,
        8,
        -0.6
      ]
    },
    {
      "Target": "Parameter",
      "Id": "BrowR_Form",
      "Segments": [
        0,
        -0.6,
        0,
        8,
        -0.6
      ]
    },
    {
      "Target": "Parameter",
      "Id": "Mouth_Form",
      "Segments": [
        0,
        1,
        0,
        8,
        1
      ]
    },
    {
      "Target": "Parameter",
      "Id": "Mouth_Smile",
      "Segments": [
        0,
        0,
        0,
        8,
        0
      ]
    },
    {
      "Target": "Parameter",
      "Id": "Mouth_Open",
      "Segments": [
        0,
        1,
        0,
        8,
        1
      ]
    },
    {
      "Target": "Parameter",
      "Id": "Mouth_Size",
      "Segments": [
        0,
        1,
        0,
        8,
        1
      ]
    },
    {
      "Target": "Parameter",
      "Id": "ShoulderRY",
      "Segments": [
        0,
        15,
        0,
        8,
        15
      ]
    },
    {
      "Target": "Parameter",
      "Id": "ShoulderR_Scale",
      "Segments": [
        0,
        -15,
        0,
        8,
        -15
      ]
    },
    {
      "Target": "Parameter",
      "Id": "HandR_Roll",
      "Segments": [
        0,
        30,
        0,
        8,
        30
      ]
    },
    {
      "Target": "Parameter",
      "Id": "Param23",
      "Segments": [
        0,
        0,
        0,
        8,
        0
      ]
    },
    {
      "Target": "Parameter",
      "Id": "ArmR_Scale2",
      "Segments": [
        0,
        0,
        0,
        8,
        0
      ]
    },
    {
      "Target": "Parameter",
      "Id": "HandR_Size",
      "Segments": [
        0,
        0,
        0,
        8,
        0
      ]
    },
    {
      "Target": "Parameter",
      "Id": "ShoulderLY",
      "Segments": [
        0,
        20,
        0,
        8,
        20
      ]
    },
    {
      "Target": "Parameter",
      "Id": "ShoulderL_Roll",
      "Segments": [
        0,
        -22,
        0,
        8,
        -22
      ]
    },
    {
      "Target": "Parameter",
      "Id": "ShoulderL_Scale",
      "Segments": [
        0,
        -11,
        0,
        8,
        -11
      ]
    },
    {
      "Target": "Parameter",
      "Id": "ArmL_Roll",
      "Segments": [
        0,
        -15.82,
        0,
        8,
        -15.82
      ]
    },
    {
      "Target": "Parameter",
      "Id": "HandL_Roll",
      "Segments": [
        0,
        0,
        0,
        8,
        0
      ]
    },
    {
      "Target": "Parameter",
      "Id": "Param24",
      "Segments": [
        0,
        -30,
        0,
        8,
        -30
      ]
    },
    {
      "Target": "Parameter",
      "Id": "HandL_Size",
      "Segments": [
        0,
        0,
        0,
        8,
        0
      ]
    },
    {
      "Target": "Parameter",
      "Id": "LegR_Roll",
      "Segments": [
        0,
        0,
        0,
        8,
        0
      ]
    },
    {
      "Target": "Parameter",
      "Id": "LegL_Roll",
      "Segments": [
        0,
        0,
        0,
        8,
        0
      ]
    },
    {
      "Target": "PartOpacity",
      "Id": "Part",
      "Segments": [
        0,
        1,
        0,
        8,
        1
      ]
    },
    {
      "Target": "PartOpacity",
      "Id": "Part2",
      "Segments": [
        0,
        1,
        0,
        8,
        1
      ]
    },
    {
      "Target": "PartOpacity",
      "Id": "Part19",
      "Segments": [
        0,
        1,
        0,
        8,
        1
      ]
    },
    {
      "Target": "PartOpacity",
      "Id": "Part20",
      "Segments": [
        0,
        0,
        0,
        8,
        0
      ]
    },
    {
      "Target": "PartOpacity",
      "Id": "Part21",
      "Segments": [
        0,
        0,
        0,
        8,
        0
      ]
    },
    {
      "Target": "PartOpacity",
      "Id": "Part23",
      "Segments": [
        0,
        1,
        0,
        8,
        1
      ]
    },
    {
      "Target": "PartOpacity",
      "Id": "Part15",
      "Segments": [
        0,
        0,
        0,
        8,
        0
      ]
    },
    {
      "Target": "PartOpacity",
      "Id": "Part14",
      "Segments": [
        0,
        1,
        0,
        8,
        1
      ]
    },
    {
      "Target": "PartOpacity",
      "Id": "Part17",
      "Segments": [
        0,
        0,
        0,
        8,
        0
      ]
    },
    {
      "Target": "PartOpacity",
      "Id": "Part18",
      "Segments": [
        0,
        0,
        0,
        8,
        0
      ]
    },
    {
      "Target": "PartOpacity",
      "Id": "Part3",
      "Segments": [
        0,
        1,
        0,
        8,
        1
      ]
    },
    {
      "Target": "PartOpacity",
      "Id": "Part4",
      "Segments": [
        0,
        1,
        0,
        8,
        1
      ]
    },
    {
      "Target": "PartOpacity",
      "Id": "Part27",
      "Segments": [
        0,
        1,
        0,
        8,
        1
      ]
    },
    {
      "Target": "PartOpacity",
      "Id": "Part22",
      "Segments": [
        0,
        1,
        0,
        8,
        1
      ]
    },
    {
      "Target": "PartOpacity",
      "Id": "Part33",
      "Segments": [
        0,
        1,
        0,
        8,
        1
      ]
    },
    {
      "Target": "PartOpacity",
      "Id": "Part5",
      "Segments": [
        0,
        1,
        0,
        8,
        1
      ]
    },
    {
      "Target": "PartOpacity",
      "Id": "Part26",
      "Segments": [
        0,
        1,
        0,
        8,
        1
      ]
    },
    {
      "Target": "PartOpacity",
      "Id": "Part29",
      "Segments": [
        0,
        1,
        0,
        8,
        1
      ]
    },
    {
      "Target": "PartOpacity",
      "Id": "Part41",
      "Segments": [
        0,
        1,
        0,
        8,
        1
      ]
    },
    {
      "Target": "PartOpacity",
      "Id": "Part30",
      "Segments": [
        0,
        1,
        0,
        8,
        1
      ]
    },
    {
      "Target": "PartOpacity",
      "Id": "Part28",
      "Segments": [
        0,
        1,
        0,
        8,
        1
      ]
    },
    {
      "Target": "PartOpacity",
      "Id": "Part32",
      "Segments": [
        0,
        1,
        0,
        8,
        1
      ]
    },
    {
      "Target": "PartOpacity",
      "Id": "Part34",
      "Segments": [
        0,
        1,
        0,
        8,
        1
      ]
    },
    {
      "Target": "PartOpacity",
      "Id": "Part31",
      "Segments": [
        0,
        1,
        0,
        8,
        1
      ]
    },
    {
      "Target": "PartOpacity",
      "Id": "Part8",
      "Segments": [
        0,
        1,
        0,
        8,
        1
      ]
    },
    {
      "Target": "PartOpacity",
      "Id": "Part6",
      "Segments": [
        0,
        1,
        0,
        8,
        1
      ]
    },
    {
      "Target": "PartOpacity",
      "Id": "Part7",
      "Segments": [
        0,
        1,
        0,
        8,
        1
      ]
    },
    {
      "Target": "PartOpacity",
      "Id": "Part38",
      "Segments": [
        0,
        0,
        0,
        8,
        0
      ]
    },
    {
      "Target": "PartOpacity",
      "Id": "Part35",
      "Segments": [
        0,
        0,
        0,
        8,
        0
      ]
    },
    {
      "Target": "PartOpacity",
      "Id": "Part9",
      "Segments": [
        0,
        1,
        0,
        8,
        1
      ]
    },
    {
      "Target": "PartOpacity",
      "Id": "Part16",
      "Segments": [
        0,
        1,
        0,
        8,
        1
      ]
    },
    {
      "Target": "PartOpacity",
      "Id": "Part25",
      "Segments": [
        0,
        1,
        0,
        8,
        1
      ]
    },
    {
      "Target": "PartOpacity",
      "Id": "Part10",
      "Segments": [
        0,
        0,
        0,
        8,
        0
      ]
    },
    {
      "Target": "PartOpacity",
      "Id": "Part11",
      "Segments": [
        0,
        0,
        0,
        8,
        0
      ]
    },
    {
      "Target": "PartOpacity",
      "Id": "Part24",
      "Segments": [
        0,
        1,
        0,
        8,
        1
      ]
    }
  ],
  "UserData": [
    {
      "Time": 0.0,
      "Value": ""
    }
  ]
}