{
  "Version": 3,
  "Meta": {
    "Duration": 1.0,
    "Fps": 30.0,
    "Loop": true,
    "AreBeziersRestricted": true,
    "CurveCount": 99,
    "TotalSegmentCount": 248,
    "TotalPointCount": 374,
    "UserDataCount": 1,
    "TotalUserDataSize": 0
  },
  "Curves": [
    {
      "Target": "Parameter",
      "Id": "Breath",
      "Segments": [
        0,
        0,
        0,
        0.3,
        0.65,
        0,
        1,
        0
      ]
    },
    {
      "Target": "Parameter",
      "Id": "Body_Shaking",
      "Segments": [
        0,
        0,
        0,
        0.167,
        9,
        1,
        0.334,
        9,
        0.5,
        -1.423,
        0.667,
        -10,
        1,
        0.778,
        -15.718,
        0.889,
        -16,
        1,
        -16
      ]
    },
    {
      "Target": "Parameter",
      "Id": "ParamBodyAngleX",
      "Segments": [
        0,
        3,
        0,
        0.167,
        4,
        1,
        0.334,
        4,
        0.5,
        -6.975,
        0.667,
        -9,
        1,
        0.778,
        -10.35,
        0.889,
        -10,
        1,
        -10
      ]
    },
    {
      "Target": "Parameter",
      "Id": "Body_Pose1",
      "Segments": [
        0,
        25,
        1,
        0.056,
        25,
        0.111,
        22.146,
        0.167,
        18,
        1,
        0.334,
        5.563,
        0.5,
        0,
        0.667,
        0,
        2,
        1,
        0
      ]
    },
    {
      "Target": "Parameter",
      "Id": "BodyY",
      "Segments": [
        0,
        -5,
        0,
        0.167,
        0,
        1,
        0.334,
        0,
        0.5,
        -4.864,
        0.667,
        -8,
        1,
        0.778,
        -10.091,
        0.889,
        -10,
        1,
        -10
      ]
    },
    {
      "Target": "Parameter",
      "Id": "Body_Twist",
      "Segments": [
        0,
        0,
        0,
        0.367,
        -16.525,
        1,
        0.578,
        -16.525,
        0.789,
        -12.878,
        1,
        -10
      ]
    },
    {
      "Target": "Parameter",
      "Id": "Pendant_Shaking",
      "Segments": [
        0,
        0,
        0,
        0.433,
        6,
        0,
        1,
        -13.161
      ]
    },
    {
      "Target": "Parameter",
      "Id": "Head_AngleX",
      "Segments": [
        0,
        0,
        0,
        0.167,
        -8,
        2,
        0.667,
        -8,
        2,
        1,
        -8
      ]
    },
    {
      "Target": "Parameter",
      "Id": "Head_AngleY",
      "Segments": [
        0,
        0,
        0,
        0.167,
        4,
        1,
        0.334,
        4,
        0.5,
        2.35,
        0.667,
        0,
        1,
        0.778,
        -1.567,
        0.889,
        -2,
        1,
        -2
      ]
    },
    {
      "Target": "Parameter",
      "Id": "Head_Roll",
      "Segments": [
        0,
        -2,
        0,
        0.167,
        -4,
        1,
        0.334,
        -4,
        0.5,
        10.881,
        0.667,
        12,
        1,
        0.778,
        12.746,
        0.889,
        12.693,
        1,
        13
      ]
    },
    {
      "Target": "Parameter",
      "Id": "HeadY",
      "Segments": [
        0,
        0,
        0,
        0.167,
        6,
        1,
        0.334,
        6,
        0.5,
        -11.631,
        0.667,
        -17,
        1,
        0.778,
        -20.58,
        0.889,
        -20,
        1,
        -20
      ]
    },
    {
      "Target": "Parameter",
      "Id": "EyeL_Smile",
      "Segments": [
        0,
        0,
        0,
        0.667,
        -1,
        2,
        1,
        -1
      ]
    },
    {
      "Target": "Parameter",
      "Id": "EyeL_Expression",
      "Segments": [
        0,
        0,
        0,
        0.667,
        1,
        2,
        1,
        1
      ]
    },
    {
      "Target": "Parameter",
      "Id": "EyeR_Smile",
      "Segments": [
        0,
        0,
        0,
        0.667,
        -0.9,
        2,
        1,
        -0.9
      ]
    },
    {
      "Target": "Parameter",
      "Id": "EyeR_Expression",
      "Segments": [
        0,
        0,
        0,
        0.667,
        1,
        2,
        1,
        1
      ]
    },
    {
      "Target": "Parameter",
      "Id": "EyeBallX",
      "Segments": [
        0,
        0,
        0,
        0.667,
        0.2,
        2,
        1,
        0.2
      ]
    },
    {
      "Target": "Parameter",
      "Id": "EyeBallY",
      "Segments": [
        0,
        0,
        0,
        0.667,
        0.1,
        2,
        1,
        0.1
      ]
    },
    {
      "Target": "Parameter",
      "Id": "Eyeball_Size",
      "Segments": [
        0,
        0,
        0,
        0.667,
        -3,
        2,
        1,
        -3
      ]
    },
    {
      "Target": "Parameter",
      "Id": "BrowLX",
      "Segments": [
        0,
        0,
        2,
        0.333,
        0,
        0,
        0.667,
        0.3,
        2,
        1,
        0.3
      ]
    },
    {
      "Target": "Parameter",
      "Id": "BrowLY",
      "Segments": [
        0,
        0,
        2,
        0.333,
        0,
        0,
        0.667,
        0.044,
        2,
        1,
        0.044
      ]
    },
    {
      "Target": "Parameter",
      "Id": "BrowRX",
      "Segments": [
        0,
        0,
        0,
        0.333,
        -1,
        2,
        0.667,
        -1,
        2,
        1,
        -1
      ]
    },
    {
      "Target": "Parameter",
      "Id": "BrowRY",
      "Segments": [
        0,
        0,
        0,
        0.333,
        0.1,
        0,
        0.667,
        -0.2,
        2,
        1,
        -0.2
      ]
    },
    {
      "Target": "Parameter",
      "Id": "BrowR_Angle",
      "Segments": [
        0,
        0,
        0,
        0.667,
        -0.078,
        2,
        1,
        -0.078
      ]
    },
    {
      "Target": "Parameter",
      "Id": "BrowL_Form",
      "Segments": [
        0,
        0,
        1,
        0.111,
        0,
        0.222,
        0.009,
        0.333,
        -0.2,
        1,
        0.444,
        -0.409,
        0.556,
        -0.934,
        0.667,
        -0.934,
        2,
        1,
        -0.934
      ]
    },
    {
      "Target": "Parameter",
      "Id": "BrowR_Form",
      "Segments": [
        0,
        0,
        1,
        0.111,
        0,
        0.222,
        -0.05,
        0.333,
        -0.3,
        1,
        0.444,
        -0.55,
        0.556,
        -0.8,
        0.667,
        -0.8,
        2,
        1,
        -0.8
      ]
    },
    {
      "Target": "Parameter",
      "Id": "Mouth_Form",
      "Segments": [
        0,
        0,
        0,
        0.167,
        1,
        2,
        0.3,
        1,
        2,
        1,
        1
      ]
    },
    {
      "Target": "Parameter",
      "Id": "HairFront_Shaking",
      "Segments": [
        0,
        0,
        0,
        0.333,
        -1,
        1,
        0.555,
        -1,
        0.778,
        -0.005,
        1,
        0.4
      ]
    },
    {
      "Target": "Parameter",
      "Id": "HairBack_Shaking",
      "Segments": [
        0,
        0,
        0,
        0.267,
        0.5,
        0,
        1,
        -0.3
      ]
    },
    {
      "Target": "Parameter",
      "Id": "Hair_Move",
      "Segments": [
        0,
        0,
        0,
        0.267,
        0.2,
        0,
        1,
        -0.3
      ]
    },
    {
      "Target": "Parameter",
      "Id": "ShoulderRY",
      "Segments": [
        0,
        15,
        2,
        0.2,
        15,
        0,
        0.467,
        30,
        1,
        0.534,
        30,
        0.6,
        26.8,
        0.667,
        26.5,
        1,
        0.778,
        25.999,
        0.889,
        26,
        1,
        26
      ]
    },
    {
      "Target": "Parameter",
      "Id": "ShoulderR_Roll",
      "Segments": [
        0,
        -5,
        0,
        0.267,
        -4,
        0,
        0.4,
        -16,
        1,
        0.478,
        -16,
        0.555,
        -3.647,
        0.633,
        -3,
        1,
        0.755,
        -1.983,
        0.878,
        -2,
        1,
        -2
      ]
    },
    {
      "Target": "Parameter",
      "Id": "ArmR_Roll",
      "Segments": [
        0,
        29.5,
        1,
        0.078,
        29.5,
        0.155,
        29.497,
        0.233,
        29.7,
        1,
        0.278,
        29.816,
        0.322,
        32.4,
        0.367,
        32.4,
        1,
        0.378,
        32.4,
        0.389,
        32.415,
        0.4,
        32.34,
        1,
        0.411,
        32.265,
        0.422,
        -7.92,
        0.433,
        -7.92,
        0,
        1,
        -7.52
      ]
    },
    {
      "Target": "Parameter",
      "Id": "ShoulderR_Scale",
      "Segments": [
        0,
        -15,
        1,
        0.067,
        -15,
        0.133,
        -16.711,
        0.2,
        -18,
        1,
        0.256,
        -19.074,
        0.311,
        -19.213,
        0.367,
        -20.305,
        1,
        0.4,
        -20.96,
        0.434,
        -27,
        0.467,
        -27,
        1,
        0.534,
        -27,
        0.6,
        -26.47,
        0.667,
        -26,
        1,
        0.778,
        -25.217,
        0.889,
        -25,
        1,
        -25
      ]
    },
    {
      "Target": "Parameter",
      "Id": "ArmR_Scale",
      "Segments": [
        0,
        0,
        1,
        0.078,
        0,
        0.155,
        -3.435,
        0.233,
        -14,
        1,
        0.289,
        -21.547,
        0.344,
        -28,
        0.4,
        -28,
        1,
        0.411,
        -28,
        0.422,
        -27.534,
        0.433,
        -24,
        1,
        0.444,
        -20.466,
        0.456,
        -16,
        0.467,
        -16,
        0,
        0.667,
        -19,
        0,
        1,
        -18
      ]
    },
    {
      "Target": "Parameter",
      "Id": "HandR_Roll",
      "Segments": [
        0,
        30,
        2,
        0.2,
        30,
        0,
        0.567,
        -30,
        0,
        0.667,
        -25,
        2,
        1,
        -25
      ]
    },
    {
      "Target": "Parameter",
      "Id": "Param23",
      "Segments": [
        0,
        0,
        2,
        0.4,
        0,
        2,
        0.433,
        0,
        2,
        0.467,
        0,
        2,
        0.5,
        0,
        2,
        1,
        0
      ]
    },
    {
      "Target": "Parameter",
      "Id": "ArmR_Scale2",
      "Segments": [
        0,
        0,
        2,
        0.367,
        0,
        1,
        0.378,
        0,
        0.389,
        -30,
        0.4,
        -30,
        2,
        0.433,
        -30,
        0,
        0.667,
        0,
        2,
        1,
        0
      ]
    },
    {
      "Target": "Parameter",
      "Id": "HandR_Size",
      "Segments": [
        0,
        0,
        2,
        0.333,
        0,
        1,
        0.344,
        0,
        0.356,
        5.013,
        0.367,
        14,
        1,
        0.378,
        22.987,
        0.389,
        27,
        0.4,
        27,
        1,
        0.411,
        27,
        0.422,
        26.867,
        0.433,
        20,
        1,
        0.444,
        13.133,
        0.456,
        0,
        0.467,
        0,
        2,
        1,
        0
      ]
    },
    {
      "Target": "Parameter",
      "Id": "ShoulderLY",
      "Segments": [
        0,
        20,
        2,
        0.2,
        20,
        0,
        0.567,
        23,
        2,
        1,
        23
      ]
    },
    {
      "Target": "Parameter",
      "Id": "ShoulderL_Roll",
      "Segments": [
        0,
        -22,
        0,
        0.2,
        -24,
        1,
        0.3,
        -24,
        0.4,
        -2.462,
        0.5,
        -2,
        1,
        0.667,
        -1.23,
        0.833,
        -0.889,
        1,
        -0.5
      ]
    },
    {
      "Target": "Parameter",
      "Id": "ShoulderL_Scale",
      "Segments": [
        0,
        -11,
        2,
        0.2,
        -11,
        0,
        0.567,
        -10,
        2,
        1,
        -10
      ]
    },
    {
      "Target": "Parameter",
      "Id": "ArmL_Roll",
      "Segments": [
        0,
        -15.82,
        1,
        0.067,
        -15.82,
        0.133,
        -15.738,
        0.2,
        -16,
        1,
        0.289,
        -16.349,
        0.378,
        -25.515,
        0.467,
        -30.5,
        1,
        0.478,
        -31.123,
        0.489,
        -32.655,
        0.5,
        -33.042,
        1,
        0.511,
        -33.429,
        0.522,
        -33.58,
        0.533,
        -33.835,
        1,
        0.544,
        -34.09,
        0.556,
        -34.393,
        0.567,
        -34.572,
        1,
        0.578,
        -34.752,
        0.589,
        -34.877,
        0.6,
        -34.999,
        1,
        0.611,
        -35.121,
        0.622,
        -35.246,
        0.633,
        -35.322,
        1,
        0.644,
        -35.398,
        0.656,
        -35.443,
        0.667,
        -35.499,
        1,
        0.7,
        -35.669,
        0.734,
        -35.937,
        0.767,
        -36,
        1,
        0.845,
        -36.148,
        0.922,
        -36.308,
        1,
        -36.35
      ]
    },
    {
      "Target": "Parameter",
      "Id": "ArmL_Scale",
      "Segments": [
        0,
        -4,
        1,
        0.067,
        -4,
        0.133,
        -10.994,
        0.2,
        -12,
        1,
        0.322,
        -13.844,
        0.445,
        -14,
        0.567,
        -14,
        2,
        0.7,
        -14,
        2,
        1,
        -14
      ]
    },
    {
      "Target": "Parameter",
      "Id": "HandL_Roll",
      "Segments": [
        0,
        0,
        2,
        0.2,
        0,
        2,
        0.367,
        0,
        1,
        0.434,
        0,
        0.5,
        16.599,
        0.567,
        19,
        1,
        0.711,
        24.202,
        0.856,
        25,
        1,
        25
      ]
    },
    {
      "Target": "Parameter",
      "Id": "Param24",
      "Segments": [
        0,
        -30,
        2,
        0.2,
        -30,
        0,
        0.333,
        0,
        2,
        0.567,
        0,
        2,
        1,
        0
      ]
    },
    {
      "Target": "Parameter",
      "Id": "HandL_Size",
      "Segments": [
        0,
        0,
        2,
        0.267,
        -30,
        1,
        0.4,
        0,
        0.534,
        0,
        0.667,
        0,
        2,
        1,
        0
      ]
    },
    {
      "Target": "Parameter",
      "Id": "LegR_Roll",
      "Segments": [
        0,
        0,
        2,
        0.167,
        0,
        0,
        0.667,
        -8,
        2,
        1,
        -8
      ]
    },
    {
      "Target": "Parameter",
      "Id": "LegL_Roll",
      "Segments": [
        0,
        0,
        2,
        0.167,
        0,
        1,
        0.334,
        0,
        0.5,
        7.067,
        0.667,
        9,
        1,
        0.778,
        10.288,
        0.889,
        10,
        1,
        10
      ]
    },
    {
      "Target": "Parameter",
      "Id": "Lowerbody_Roll",
      "Segments": [
        0,
        0,
        2,
        0.167,
        0,
        1,
        0.334,
        0,
        0.5,
        -12.987,
        0.667,
        -22,
        1,
        0.778,
        -28.008,
        0.889,
        -28,
        1,
        -28
      ]
    },
    {
      "Target": "PartOpacity",
      "Id": "Part",
      "Segments": [
        0,
        1,
        2,
        0.67,
        1,
        2,
        1,
        1
      ]
    },
    {
      "Target": "PartOpacity",
      "Id": "Part2",
      "Segments": [
        0,
        1,
        2,
        0.67,
        1,
        2,
        1,
        1
      ]
    },
    {
      "Target": "PartOpacity",
      "Id": "Part19",
      "Segments": [
        0,
        1,
        2,
        0.67,
        1,
        2,
        1,
        1
      ]
    },
    {
      "Target": "PartOpacity",
      "Id": "Part20",
      "Segments": [
        0,
        0,
        2,
        0.27,
        0,
        0,
        0.4,
        1,
        2,
        0.67,
        1,
        2,
        1,
        1
      ]
    },
    {
      "Target": "PartOpacity",
      "Id": "Part21",
      "Segments": [
        0,
        0,
        2,
        0.67,
        0,
        2,
        1,
        0
      ]
    },
    {
      "Target": "PartOpacity",
      "Id": "Part23",
      "Segments": [
        0,
        1,
        2,
        0.67,
        1,
        2,
        1,
        1
      ]
    },
    {
      "Target": "PartOpacity",
      "Id": "Part15",
      "Segments": [
        0,
        0,
        2,
        0.67,
        0,
        2,
        1,
        0
      ]
    },
    {
      "Target": "PartOpacity",
      "Id": "Part14",
      "Segments": [
        0,
        1,
        2,
        0.27,
        1,
        2,
        0.47,
        0,
        2,
        1,
        0
      ]
    },
    {
      "Target": "PartOpacity",
      "Id": "Part17",
      "Segments": [
        0,
        0,
        2,
        0.27,
        0,
        0,
        0.47,
        1,
        2,
        1,
        1
      ]
    },
    {
      "Target": "PartOpacity",
      "Id": "Part18",
      "Segments": [
        0,
        0,
        2,
        0.67,
        0,
        2,
        1,
        0
      ]
    },
    {
      "Target": "PartOpacity",
      "Id": "Part3",
      "Segments": [
        0,
        1,
        2,
        0.67,
        1,
        2,
        1,
        1
      ]
    },
    {
      "Target": "PartOpacity",
      "Id": "Part4",
      "Segments": [
        0,
        1,
        2,
        0.67,
        1,
        2,
        1,
        1
      ]
    },
    {
      "Target": "PartOpacity",
      "Id": "Part5",
      "Segments": [
        0,
        1,
        2,
        0.67,
        1,
        2,
        1,
        1
      ]
    },
    {
      "Target": "PartOpacity",
      "Id": "Part8",
      "Segments": [
        0,
        1,
        2,
        0.67,
        1,
        2,
        1,
        1
      ]
    },
    {
      "Target": "PartOpacity",
      "Id": "Part6",
      "Segments": [
        0,
        1,
        2,
        0.67,
        1,
        2,
        1,
        1
      ]
    },
    {
      "Target": "PartOpacity",
      "Id": "Part7",
      "Segments": [
        0,
        1,
        2,
        0.67,
        1,
        2,
        1,
        1
      ]
    },
    {
      "Target": "PartOpacity",
      "Id": "Part38",
      "Segments": [
        0,
        0,
        2,
        0.43,
        1,
        2,
        0.47,
        0,
        2,
        1,
        0
      ]
    },
    {
      "Target": "PartOpacity",
      "Id": "Part35",
      "Segments": [
        0,
        0,
        2,
        0.4,
        1,
        0,
        0.43,
        0,
        2,
        0.47,
        0,
        2,
        1,
        0
      ]
    },
    {
      "Target": "PartOpacity",
      "Id": "Part9",
      "Segments": [
        0,
        1,
        2,
        0.37,
        1,
        0,
        0.4,
        0,
        2,
        1,
        0
      ]
    },
    {
      "Target": "PartOpacity",
      "Id": "Part16",
      "Segments": [
        0,
        1,
        2,
        0.5,
        1,
        2,
        1,
        1
      ]
    },
    {
      "Target": "PartOpacity",
      "Id": "Part25",
      "Segments": [
        0,
        1,
        2,
        0.67,
        1,
        2,
        1,
        1
      ]
    },
    {
      "Target": "PartOpacity",
      "Id": "Part10",
      "Segments": [
        0,
        0,
        2,
        0.67,
        0,
        2,
        1,
        0
      ]
    },
    {
      "Target": "PartOpacity",
      "Id": "Part11",
      "Segments": [
        0,
        0,
        2,
        0.4,
        0,
        0,
        0.43,
        1,
        2,
        1,
        1
      ]
    },
    {
      "Target": "PartOpacity",
      "Id": "Part12",
      "Segments": [
        0,
        1,
        2,
        0.43,
        1,
        2,
        0.47,
        0,
        2,
        1,
        0
      ]
    },
    {
      "Target": "PartOpacity",
      "Id": "Part13",
      "Segments": [
        0,
        1,
        2,
        0.47,
        1,
        2,
        1,
        1
      ]
    },
    {
      "Target": "PartOpacity",
      "Id": "Part24",
      "Segments": [
        0,
        1,
        2,
        0.4,
        1,
        2,
        0.43,
        0,
        2,
        1,
        0
      ]
    },
    {
      "Target": "Model",
      "Id": "Opacity",
      "Segments": [
        0,
        1,
        0,
        1,
        1
      ]
    },
    {
      "Target": "Parameter",
      "Id": "Sweat",
      "Segments": [
        0,
        0,
        0,
        1,
        0
      ]
    },
    {
      "Target": "Parameter",
      "Id": "EyeL_Open",
      "Segments": [
        0,
        1,
        0,
        1,
        1
      ]
    },
    {
      "Target": "Parameter",
      "Id": "EyeR_Open",
      "Segments": [
        0,
        1,
        0,
        1,
        1
      ]
    },
    {
      "Target": "Parameter",
      "Id": "BrowL_Angle",
      "Segments": [
        0,
        0,
        0,
        1,
        0
      ]
    },
    {
      "Target": "Parameter",
      "Id": "PSY_OnOff",
      "Segments": [
        0,
        0,
        0,
        1,
        0
      ]
    },
    {
      "Target": "Parameter",
      "Id": "PSY",
      "Segments": [
        0,
        0,
        0,
        1,
        0
      ]
    },
    {
      "Target": "Parameter",
      "Id": "PSY2",
      "Segments": [
        0,
        0,
        0,
        1,
        0
      ]
    },
    {
      "Target": "Parameter",
      "Id": "Mouth_Smile",
      "Segments": [
        0,
        0,
        0,
        1,
        0
      ]
    },
    {
      "Target": "Parameter",
      "Id": "Mouth_Open",
      "Segments": [
        0,
        1,
        0,
        1,
        1
      ]
    },
    {
      "Target": "Parameter",
      "Id": "Mouth_Size",
      "Segments": [
        0,
        1,
        0,
        1,
        1
      ]
    },
    {
      "Target": "PartOpacity",
      "Id": "Part27",
      "Segments": [
        0,
        1,
        0,
        1,
        1
      ]
    },
    {
      "Target": "PartOpacity",
      "Id": "Part22",
      "Segments": [
        0,
        1,
        0,
        1,
        1
      ]
    },
    {
      "Target": "PartOpacity",
      "Id": "Part36",
      "Segments": [
        0,
        1,
        0,
        1,
        1
      ]
    },
    {
      "Target": "PartOpacity",
      "Id": "Part33",
      "Segments": [
        0,
        1,
        0,
        1,
        1
      ]
    },
    {
      "Target": "PartOpacity",
      "Id": "Part26",
      "Segments": [
        0,
        1,
        0,
        1,
        1
      ]
    },
    {
      "Target": "PartOpacity",
      "Id": "Part29",
      "Segments": [
        0,
        1,
        0,
        1,
        1
      ]
    },
    {
      "Target": "PartOpacity",
      "Id": "Part37",
      "Segments": [
        0,
        1,
        0,
        1,
        1
      ]
    },
    {
      "Target": "PartOpacity",
      "Id": "Part41",
      "Segments": [
        0,
        1,
        0,
        1,
        1
      ]
    },
    {
      "Target": "PartOpacity",
      "Id": "Part30",
      "Segments": [
        0,
        1,
        0,
        1,
        1
      ]
    },
    {
      "Target": "PartOpacity",
      "Id": "Part28",
      "Segments": [
        0,
        1,
        0,
        1,
        1
      ]
    },
    {
      "Target": "PartOpacity",
      "Id": "Part32",
      "Segments": [
        0,
        1,
        0,
        1,
        1
      ]
    },
    {
      "Target": "PartOpacity",
      "Id": "Part34",
      "Segments": [
        0,
        1,
        0,
        1,
        1
      ]
    },
    {
      "Target": "PartOpacity",
      "Id": "Part31",
      "Segments": [
        0,
        1,
        0,
        1,
        1
      ]
    }
  ],
  "UserData": [
    {
      "Time": 0.0,
      "Value": ""
    }
  ]
}