{
  "Version": 3,
  "Meta": {
    "Duration": 8.0,
    "Fps": 30.0,
    "Loop": true,
    "AreBeziersRestricted": true,
    "CurveCount": 99,
    "TotalSegmentCount": 218,
    "TotalPointCount": 308,
    "UserDataCount": 1,
    "TotalUserDataSize": 0
  },
  "Curves": [
    {
      "Target": "Parameter",
      "Id": "Breath",
      "Segments": [
        0,
        0.313,
        1,
        0.156,
        0.082,
        0.311,
        0,
        0.467,
        0,
        0,
        1.8,
        0.706,
        0,
        3.133,
        0,
        0,
        4.633,
        0.801,
        0,
        6.067,
        0,
        0,
        7.267,
        0.759,
        1,
        7.511,
        0.759,
        7.756,
        0.551,
        8,
        0.313
      ]
    },
    {
      "Target": "Parameter",
      "Id": "Body_Shaking",
      "Segments": [
        0,
        4.841,
        1,
        0.3,
        1.121,
        0.6,
        -0.371,
        0.9,
        -0.371,
        0,
        2.3,
        5.299,
        0,
        3.7,
        -0.81,
        0,
        5.1,
        4.39,
        0,
        6.467,
        0,
        0,
        7.733,
        5.789,
        1,
        7.822,
        5.789,
        7.911,
        5.541,
        8,
        4.841
      ]
    },
    {
      "Target": "Parameter",
      "Id": "BodyX",
      "Segments": [
        0,
        -25,
        2,
        0.867,
        -25,
        1,
        1.4,
        -25,
        1.934,
        -14.448,
        2.467,
        -12.869,
        1,
        3.178,
        -11.517,
        3.889,
        -11.64,
        4.6,
        -11.64,
        1,
        5.189,
        -11.932,
        5.778,
        -25,
        6.367,
        -25,
        2,
        8,
        -25
      ]
    },
    {
      "Target": "Parameter",
      "Id": "Sub_move",
      "Segments": [
        0,
        3.808,
        0,
        0.867,
        -3.281,
        0,
        1.933,
        3.936,
        0,
        3.1,
        -3.281,
        0,
        4.167,
        1.359,
        0,
        5.2,
        -2.299,
        0,
        6.167,
        3.176,
        0,
        7.133,
        -3.281,
        0,
        8,
        3.808
      ]
    },
    {
      "Target": "Parameter",
      "Id": "Head_AngleX",
      "Segments": [
        0,
        0,
        0,
        1.167,
        -4.92,
        0,
        3.067,
        5.386,
        0,
        5.167,
        -1.631,
        0,
        6.967,
        1.847,
        0,
        8,
        0
      ]
    },
    {
      "Target": "Parameter",
      "Id": "Head_AngleY",
      "Segments": [
        0,
        4.029,
        1,
        0.211,
        8.462,
        0.422,
        10.86,
        0.633,
        10.86,
        0,
        2.133,
        -5.904,
        0,
        3.467,
        7.08,
        0,
        4.9,
        -0.54,
        0,
        6.4,
        9.218,
        0,
        7.467,
        -1.92,
        1,
        7.645,
        -1.92,
        7.822,
        0.621,
        8,
        4.029
      ]
    },
    {
      "Target": "Parameter",
      "Id": "Head_Roll",
      "Segments": [
        0,
        -3.72,
        0,
        1.067,
        -5.34,
        0,
        2.733,
        -0.54,
        0,
        4.4,
        -3.06,
        0,
        6.233,
        -1.02,
        0,
        8,
        -3.72
      ]
    },
    {
      "Target": "Parameter",
      "Id": "EyeBallX",
      "Segments": [
        0,
        0,
        0,
        0.633,
        0.202,
        0,
        2.133,
        0.012,
        0,
        3.467,
        0.062,
        0,
        4.9,
        0.018,
        0,
        6.267,
        0.064,
        1,
        6.634,
        0.064,
        7,
        0.04,
        7.367,
        0.015,
        1,
        7.578,
        0.001,
        7.789,
        0,
        8,
        0
      ]
    },
    {
      "Target": "Parameter",
      "Id": "HairFront_Move",
      "Segments": [
        0,
        0.67,
        0,
        0.967,
        -0.668,
        0,
        1.967,
        0.505,
        0,
        3.267,
        -0.668,
        0,
        4.233,
        0.599,
        0,
        5.3,
        -0.668,
        0,
        6.167,
        0.44,
        0,
        7.133,
        -0.668,
        0,
        8,
        0.67
      ]
    },
    {
      "Target": "Parameter",
      "Id": "HairSideR_Move",
      "Segments": [
        0,
        0.538,
        0,
        0.7,
        -0.375,
        0,
        1.8,
        0.374,
        0,
        2.833,
        -0.375,
        0,
        4.033,
        0.374,
        0,
        5,
        -0.474,
        0,
        6,
        0.31,
        0,
        6.967,
        -0.375,
        0,
        8,
        0.538
      ]
    },
    {
      "Target": "Parameter",
      "Id": "HairSideL_Move",
      "Segments": [
        0,
        0.673,
        0,
        0.8,
        -0.429,
        0,
        1.767,
        0.509,
        0,
        2.967,
        -0.394,
        0,
        3.9,
        0.609,
        0,
        5,
        -0.494,
        0,
        5.967,
        0.609,
        0,
        7.133,
        -0.394,
        0,
        8,
        0.673
      ]
    },
    {
      "Target": "Parameter",
      "Id": "ShoulderR_Roll",
      "Segments": [
        0,
        -6.7,
        1,
        0.2,
        -6.601,
        0.4,
        -6.6,
        0.6,
        -6.6,
        0,
        2.333,
        -7.414,
        0,
        4.167,
        -6.623,
        0,
        6.033,
        -7.679,
        1,
        6.522,
        -7.679,
        7.011,
        -7.311,
        7.5,
        -7.015,
        1,
        7.667,
        -6.926,
        7.833,
        -6.808,
        8,
        -6.7
      ]
    },
    {
      "Target": "Parameter",
      "Id": "ShoulderL_Roll",
      "Segments": [
        0,
        0.908,
        0,
        2.333,
        1.928,
        0,
        4.167,
        1.568,
        1,
        4.789,
        1.568,
        5.411,
        1.992,
        6.033,
        2.108,
        1,
        6.489,
        2.142,
        6.944,
        2.046,
        7.4,
        1.577,
        1,
        7.6,
        1.425,
        7.8,
        0.975,
        8,
        0.908
      ]
    },
    {
      "Target": "Parameter",
      "Id": "ArmR_Roll",
      "Segments": [
        0,
        -93.7,
        1,
        0.2,
        -93.344,
        0.4,
        -93.317,
        0.6,
        -93.317,
        0,
        2.333,
        -96.017,
        0,
        4.167,
        -91.982,
        0,
        6.033,
        -95.567,
        1,
        6.522,
        -95.567,
        7.011,
        -95.254,
        7.5,
        -94.367,
        1,
        7.667,
        -94.065,
        7.833,
        -93.7,
        8,
        -93.7
      ]
    },
    {
      "Target": "Parameter",
      "Id": "ArmL_Roll",
      "Segments": [
        0,
        49.3,
        1,
        0.2,
        49.257,
        0.4,
        49.226,
        0.6,
        49.225,
        1,
        1.178,
        49.22,
        1.755,
        49.222,
        2.333,
        49.215,
        1,
        2.944,
        49.208,
        3.556,
        47.685,
        4.167,
        47.685,
        1,
        4.789,
        47.685,
        5.411,
        47.994,
        6.033,
        48.225,
        1,
        6.522,
        48.407,
        7.011,
        48.6,
        7.5,
        48.6,
        1,
        7.667,
        48.915,
        7.833,
        49.084,
        8,
        49.3
      ]
    },
    {
      "Target": "Parameter",
      "Id": "ArmL_Form2",
      "Segments": [
        0,
        -14.4,
        1,
        0.2,
        -16.606,
        0.4,
        -17.612,
        0.6,
        -17.612,
        0,
        2.4,
        -8.679,
        0,
        4.133,
        -20.656,
        1,
        4.8,
        -20.656,
        5.466,
        -9.253,
        6.133,
        -8.139,
        0,
        7.533,
        -11.137,
        1,
        7.689,
        -11.838,
        7.844,
        -13.118,
        8,
        -14.4
      ]
    },
    {
      "Target": "Parameter",
      "Id": "ArmL_Sup_Form",
      "Segments": [
        0,
        -27.279,
        1,
        0.2,
        -29.144,
        0.4,
        -30,
        0.6,
        -30,
        0,
        2.333,
        -19.93,
        0,
        4.333,
        -30,
        0,
        6.4,
        -19.14,
        1,
        6.933,
        -19.14,
        7.467,
        -22.403,
        8,
        -27.279
      ]
    },
    {
      "Target": "Parameter",
      "Id": "HandR_Roll",
      "Segments": [
        0,
        -9.643,
        1,
        0.1,
        -8.814,
        0.2,
        -7.823,
        0.3,
        -7.09,
        1,
        0.7,
        -4.155,
        1.1,
        -2.835,
        1.5,
        -2.835,
        0,
        2.767,
        -8.902,
        0,
        4.233,
        -2.126,
        0,
        5.5,
        -6.979,
        0,
        6.433,
        -5.001,
        0,
        7.6,
        -10.755,
        1,
        7.733,
        -10.755,
        7.867,
        -10.344,
        8,
        -9.643
      ]
    },
    {
      "Target": "Parameter",
      "Id": "HandL_Roll",
      "Segments": [
        0,
        1.512,
        1,
        0.111,
        0.948,
        0.222,
        0.32,
        0.333,
        -0.34,
        1,
        0.733,
        -2.716,
        1.133,
        -3.973,
        1.533,
        -3.973,
        0,
        2.867,
        -0.133,
        0,
        4.733,
        -9.179,
        1,
        5.155,
        -9.179,
        5.578,
        -3.42,
        6,
        0,
        1,
        6.389,
        3.15,
        6.778,
        3.22,
        7.167,
        3.22,
        1,
        7.445,
        3.22,
        7.722,
        2.74,
        8,
        1.512
      ]
    },
    {
      "Target": "Parameter",
      "Id": "HandR_move",
      "Segments": [
        0,
        -18.7,
        1,
        0.233,
        -27.266,
        0.467,
        -30,
        0.7,
        -30,
        1,
        1.267,
        -30,
        1.833,
        -10.676,
        2.4,
        17.174,
        1,
        2.5,
        22.089,
        2.6,
        21.818,
        2.7,
        21.818,
        0,
        4.733,
        -30,
        0,
        5.8,
        21.818,
        0,
        6.667,
        -30,
        0,
        7.4,
        21.818,
        1,
        7.6,
        21.818,
        7.8,
        -14.61,
        8,
        -18.7
      ]
    },
    {
      "Target": "Parameter",
      "Id": "HandL_move2",
      "Segments": [
        0,
        11.494,
        1,
        0.233,
        28.263,
        0.467,
        30,
        0.7,
        30,
        0,
        2.8,
        -30,
        0,
        4.733,
        30,
        0,
        5.9,
        -30,
        0,
        6.667,
        30,
        0,
        7.5,
        -30,
        1,
        7.667,
        -30,
        7.833,
        -16.753,
        8,
        11.494
      ]
    },
    {
      "Target": "PartOpacity",
      "Id": "Part",
      "Segments": [
        0,
        1,
        2,
        8,
        1
      ]
    },
    {
      "Target": "PartOpacity",
      "Id": "Part2",
      "Segments": [
        0,
        1,
        2,
        8,
        1
      ]
    },
    {
      "Target": "PartOpacity",
      "Id": "Part3",
      "Segments": [
        0,
        1,
        2,
        8,
        1
      ]
    },
    {
      "Target": "PartOpacity",
      "Id": "Part4",
      "Segments": [
        0,
        1,
        2,
        8,
        1
      ]
    },
    {
      "Target": "PartOpacity",
      "Id": "Part5",
      "Segments": [
        0,
        1,
        2,
        8,
        1
      ]
    },
    {
      "Target": "PartOpacity",
      "Id": "Part6",
      "Segments": [
        0,
        1,
        2,
        8,
        1
      ]
    },
    {
      "Target": "PartOpacity",
      "Id": "Part28",
      "Segments": [
        0,
        0,
        2,
        8,
        0
      ]
    },
    {
      "Target": "PartOpacity",
      "Id": "Part26",
      "Segments": [
        0,
        0,
        2,
        8,
        0
      ]
    },
    {
      "Target": "PartOpacity",
      "Id": "Part12",
      "Segments": [
        0,
        0,
        2,
        8,
        0
      ]
    },
    {
      "Target": "PartOpacity",
      "Id": "Part36",
      "Segments": [
        0,
        1,
        2,
        8,
        1
      ]
    },
    {
      "Target": "PartOpacity",
      "Id": "Part34",
      "Segments": [
        0,
        1,
        2,
        8,
        1
      ]
    },
    {
      "Target": "PartOpacity",
      "Id": "Part7",
      "Segments": [
        0,
        0,
        2,
        8,
        0
      ]
    },
    {
      "Target": "PartOpacity",
      "Id": "Part9",
      "Segments": [
        0,
        0,
        2,
        8,
        0
      ]
    },
    {
      "Target": "PartOpacity",
      "Id": "Part35",
      "Segments": [
        0,
        0,
        2,
        8,
        0
      ]
    },
    {
      "Target": "PartOpacity",
      "Id": "Part10",
      "Segments": [
        0,
        0,
        2,
        8,
        0
      ]
    },
    {
      "Target": "PartOpacity",
      "Id": "Part11",
      "Segments": [
        0,
        0,
        2,
        8,
        0
      ]
    },
    {
      "Target": "PartOpacity",
      "Id": "Part13",
      "Segments": [
        0,
        1,
        2,
        8,
        1
      ]
    },
    {
      "Target": "PartOpacity",
      "Id": "Part29",
      "Segments": [
        0,
        1,
        2,
        8,
        1
      ]
    },
    {
      "Target": "PartOpacity",
      "Id": "Part8",
      "Segments": [
        0,
        1,
        2,
        8,
        1
      ]
    },
    {
      "Target": "PartOpacity",
      "Id": "Part14",
      "Segments": [
        0,
        1,
        2,
        8,
        1
      ]
    },
    {
      "Target": "PartOpacity",
      "Id": "Part15",
      "Segments": [
        0,
        0,
        2,
        8,
        0
      ]
    },
    {
      "Target": "PartOpacity",
      "Id": "Part46",
      "Segments": [
        0,
        1,
        2,
        8,
        1
      ]
    },
    {
      "Target": "PartOpacity",
      "Id": "Part25",
      "Segments": [
        0,
        0,
        2,
        8,
        0
      ]
    },
    {
      "Target": "PartOpacity",
      "Id": "Part16",
      "Segments": [
        0,
        0,
        2,
        8,
        0
      ]
    },
    {
      "Target": "PartOpacity",
      "Id": "Part17",
      "Segments": [
        0,
        1,
        2,
        8,
        1
      ]
    },
    {
      "Target": "PartOpacity",
      "Id": "Part18",
      "Segments": [
        0,
        1,
        2,
        8,
        1
      ]
    },
    {
      "Target": "PartOpacity",
      "Id": "Part19",
      "Segments": [
        0,
        1,
        2,
        8,
        1
      ]
    },
    {
      "Target": "PartOpacity",
      "Id": "Part21",
      "Segments": [
        0,
        1,
        2,
        8,
        1
      ]
    },
    {
      "Target": "PartOpacity",
      "Id": "Part22",
      "Segments": [
        0,
        1,
        2,
        8,
        1
      ]
    },
    {
      "Target": "PartOpacity",
      "Id": "Part23",
      "Segments": [
        0,
        1,
        2,
        8,
        1
      ]
    },
    {
      "Target": "PartOpacity",
      "Id": "Part24",
      "Segments": [
        0,
        0,
        2,
        8,
        0
      ]
    },
    {
      "Target": "PartOpacity",
      "Id": "Part30",
      "Segments": [
        0,
        1,
        2,
        8,
        1
      ]
    },
    {
      "Target": "PartOpacity",
      "Id": "Part27",
      "Segments": [
        0,
        1,
        2,
        8,
        1
      ]
    },
    {
      "Target": "PartOpacity",
      "Id": "Part20",
      "Segments": [
        0,
        1,
        2,
        8,
        1
      ]
    },
    {
      "Target": "Model",
      "Id": "Opacity",
      "Segments": [
        0,
        1,
        0,
        8,
        1
      ]
    },
    {
      "Target": "Parameter",
      "Id": "BodyPoX",
      "Segments": [
        0,
        -7.2,
        0,
        8,
        -7.2
      ]
    },
    {
      "Target": "Parameter",
      "Id": "ShoulderY",
      "Segments": [
        0,
        0,
        0,
        8,
        0
      ]
    },
    {
      "Target": "Parameter",
      "Id": "ArmR_Form3",
      "Segments": [
        0,
        16,
        0,
        8,
        16
      ]
    },
    {
      "Target": "Parameter",
      "Id": "Body_Pose1",
      "Segments": [
        0,
        10,
        0,
        8,
        10
      ]
    },
    {
      "Target": "Parameter",
      "Id": "BodyY",
      "Segments": [
        0,
        0,
        0,
        8,
        0
      ]
    },
    {
      "Target": "Parameter",
      "Id": "Waist_Roll",
      "Segments": [
        0,
        1.76,
        0,
        8,
        1.76
      ]
    },
    {
      "Target": "Parameter",
      "Id": "Body_Pose2",
      "Segments": [
        0,
        0,
        0,
        8,
        0
      ]
    },
    {
      "Target": "Parameter",
      "Id": "Head_RollY",
      "Segments": [
        0,
        0,
        0,
        8,
        0
      ]
    },
    {
      "Target": "Parameter",
      "Id": "Gra_On",
      "Segments": [
        0,
        0,
        0,
        8,
        0
      ]
    },
    {
      "Target": "Parameter",
      "Id": "Gra_Move",
      "Segments": [
        0,
        0,
        0,
        8,
        0
      ]
    },
    {
      "Target": "Parameter",
      "Id": "Wet_On",
      "Segments": [
        0,
        0,
        0,
        8,
        0
      ]
    },
    {
      "Target": "Parameter",
      "Id": "EyeBallY",
      "Segments": [
        0,
        0,
        0,
        8,
        0
      ]
    },
    {
      "Target": "Parameter",
      "Id": "EyeBall_size",
      "Segments": [
        0,
        0,
        0,
        8,
        0
      ]
    },
    {
      "Target": "Parameter",
      "Id": "BrowR_Angle",
      "Segments": [
        0,
        0.3,
        0,
        8,
        0.3
      ]
    },
    {
      "Target": "Parameter",
      "Id": "BrowR_Form",
      "Segments": [
        0,
        -1,
        0,
        8,
        -1
      ]
    },
    {
      "Target": "Parameter",
      "Id": "BrowR_Form2",
      "Segments": [
        0,
        0,
        0,
        8,
        0
      ]
    },
    {
      "Target": "Parameter",
      "Id": "BrowRY",
      "Segments": [
        0,
        1,
        0,
        8,
        1
      ]
    },
    {
      "Target": "Parameter",
      "Id": "BrowL_Angle",
      "Segments": [
        0,
        -0.3,
        0,
        8,
        -0.3
      ]
    },
    {
      "Target": "Parameter",
      "Id": "BrowL_Form",
      "Segments": [
        0,
        -0.6,
        0,
        8,
        -0.6
      ]
    },
    {
      "Target": "Parameter",
      "Id": "BrowL_Form2",
      "Segments": [
        0,
        0,
        0,
        8,
        0
      ]
    },
    {
      "Target": "Parameter",
      "Id": "BrowLY",
      "Segments": [
        0,
        1,
        0,
        8,
        1
      ]
    },
    {
      "Target": "Parameter",
      "Id": "EyeR_Open",
      "Segments": [
        0,
        1,
        0,
        8,
        1
      ]
    },
    {
      "Target": "Parameter",
      "Id": "EyeR_Smile",
      "Segments": [
        0,
        0,
        0,
        8,
        0
      ]
    },
    {
      "Target": "Parameter",
      "Id": "Param2",
      "Segments": [
        0,
        0,
        0,
        8,
        0
      ]
    },
    {
      "Target": "Parameter",
      "Id": "EyeL_Open",
      "Segments": [
        0,
        1,
        0,
        8,
        1
      ]
    },
    {
      "Target": "Parameter",
      "Id": "EyeL_Smile",
      "Segments": [
        0,
        0,
        0,
        8,
        0
      ]
    },
    {
      "Target": "Parameter",
      "Id": "Param",
      "Segments": [
        0,
        0,
        0,
        8,
        0
      ]
    },
    {
      "Target": "Parameter",
      "Id": "EyeL_Ang",
      "Segments": [
        0,
        0,
        0,
        8,
        0
      ]
    },
    {
      "Target": "Parameter",
      "Id": "MouthForm2",
      "Segments": [
        0,
        0,
        0,
        8,
        0
      ]
    },
    {
      "Target": "Parameter",
      "Id": "MouthForm",
      "Segments": [
        0,
        -30,
        0,
        8,
        -30
      ]
    },
    {
      "Target": "Parameter",
      "Id": "Mouth_Open",
      "Segments": [
        0,
        0.3,
        0,
        8,
        0.3
      ]
    },
    {
      "Target": "Parameter",
      "Id": "Mouth_Size",
      "Segments": [
        0,
        1,
        0,
        8,
        1
      ]
    },
    {
      "Target": "Parameter",
      "Id": "MouthForm3",
      "Segments": [
        0,
        0,
        0,
        8,
        0
      ]
    },
    {
      "Target": "Parameter",
      "Id": "MouthForm4",
      "Segments": [
        0,
        0,
        0,
        8,
        0
      ]
    },
    {
      "Target": "Parameter",
      "Id": "ShoulderRY",
      "Segments": [
        0,
        9,
        0,
        8,
        9
      ]
    },
    {
      "Target": "Parameter",
      "Id": "ShoulderLY",
      "Segments": [
        0,
        9,
        0,
        8,
        9
      ]
    },
    {
      "Target": "Parameter",
      "Id": "ArmR_Form",
      "Segments": [
        0,
        -6,
        0,
        8,
        -6
      ]
    },
    {
      "Target": "Parameter",
      "Id": "ArmL_Form",
      "Segments": [
        0,
        -16.94,
        0,
        8,
        -16.94
      ]
    },
    {
      "Target": "Parameter",
      "Id": "ArmR_Form2",
      "Segments": [
        0,
        -18,
        0,
        8,
        -18
      ]
    },
    {
      "Target": "Parameter",
      "Id": "ArmR_Sup_Form",
      "Segments": [
        0,
        -26.954,
        0,
        8,
        -26.954
      ]
    },
    {
      "Target": "Parameter",
      "Id": "Lowerbody_Roll",
      "Segments": [
        0,
        0,
        0,
        8,
        0
      ]
    },
    {
      "Target": "Parameter",
      "Id": "LegR_Roll",
      "Segments": [
        0,
        -14,
        0,
        8,
        -14
      ]
    },
    {
      "Target": "Parameter",
      "Id": "LegL_Roll",
      "Segments": [
        0,
        15,
        0,
        8,
        15
      ]
    }
  ],
  "UserData": [
    {
      "Time": 0.0,
      "Value": ""
    }
  ]
}