{
  "Version": 3,
  "Meta": {
    "Duration": 7.333,
    "Fps": 30.0,
    "Loop": true,
    "AreBeziersRestricted": true,
    "CurveCount": 82,
    "TotalSegmentCount": 181,
    "TotalPointCount": 261,
    "UserDataCount": 1,
    "TotalUserDataSize": 0
  },
  "Curves": [
    {
      "Target": "Parameter",
      "Id": "Breath",
      "Segments": [
        0,
        0,
        0,
        1.2,
        1,
        0,
        2.533,
        0,
        0,
        3.5,
        1,
        0,
        5.033,
        0,
        0,
        5.933,
        1,
        0,
        7.333,
        0
      ]
    },
    {
      "Target": "Parameter",
      "Id": "Body_Shaking",
      "Segments": [
        0,
        3.935,
        0,
        1.8,
        -2,
        1,
        2.678,
        -2,
        3.555,
        2.403,
        4.433,
        3.18,
        1,
        5.4,
        4.037,
        6.366,
        3.935,
        7.333,
        3.935
      ]
    },
    {
      "Target": "Parameter",
      "Id": "Waist_Roll",
      "Segments": [
        0,
        2.458,
        0,
        2.233,
        -0.8,
        1,
        2.978,
        -0.8,
        3.722,
        -0.894,
        4.467,
        -0.38,
        1,
        5.422,
        0.28,
        6.378,
        2.458,
        7.333,
        2.458
      ]
    },
    {
      "Target": "Parameter",
      "Id": "Body_Pose1",
      "Segments": [
        0,
        6.837,
        0,
        2.667,
        3,
        1,
        3.656,
        3,
        4.644,
        3.512,
        5.633,
        5.083,
        1,
        6.2,
        5.984,
        6.766,
        6.837,
        7.333,
        6.837
      ]
    },
    {
      "Target": "Parameter",
      "Id": "Body_Twist",
      "Segments": [
        0,
        -21,
        1,
        0.767,
        -28.533,
        1.533,
        -28.956,
        2.3,
        -28.956,
        1,
        2.989,
        -28.956,
        3.678,
        -25.947,
        4.367,
        -14,
        1,
        4.778,
        -6.87,
        5.189,
        2.429,
        5.6,
        2.429,
        1,
        6.178,
        2.429,
        6.755,
        -15.792,
        7.333,
        -21
      ]
    },
    {
      "Target": "Parameter",
      "Id": "Head_AngleX",
      "Segments": [
        0,
        11,
        0,
        2.467,
        -2,
        1,
        3.278,
        -2,
        4.089,
        4.93,
        4.9,
        8,
        1,
        5.711,
        11.07,
        6.522,
        11,
        7.333,
        11
      ]
    },
    {
      "Target": "Parameter",
      "Id": "Head_AngleY",
      "Segments": [
        0,
        -12,
        1,
        0.822,
        -14.069,
        1.645,
        -14,
        2.467,
        -14,
        0,
        4.9,
        -9.86,
        0,
        7.333,
        -12
      ]
    },
    {
      "Target": "Parameter",
      "Id": "Head_Roll",
      "Segments": [
        0,
        -4,
        0,
        2.567,
        2.24,
        0,
        5.233,
        -8,
        0,
        7.333,
        -4
      ]
    },
    {
      "Target": "Parameter",
      "Id": "HeadY",
      "Segments": [
        0,
        -9,
        1,
        0.767,
        -17.27,
        1.533,
        -21.394,
        2.3,
        -21.394,
        0,
        3.467,
        3,
        0,
        4.633,
        -7.714,
        0,
        5.9,
        -3.294,
        1,
        6.378,
        -3.294,
        6.855,
        -5.749,
        7.333,
        -9
      ]
    },
    {
      "Target": "Parameter",
      "Id": "EarringsL_Shaking",
      "Segments": [
        0,
        -0.145,
        1,
        0.178,
        0.072,
        0.355,
        0.1,
        0.533,
        0.1,
        0,
        1.433,
        -0.3,
        0,
        2.533,
        0.1,
        0,
        4.267,
        -0.4,
        0,
        5.233,
        0,
        0,
        6.533,
        -0.4,
        1,
        6.8,
        -0.4,
        7.066,
        -0.199,
        7.333,
        -0.145
      ]
    },
    {
      "Target": "Parameter",
      "Id": "EarringsR_Shaking",
      "Segments": [
        0,
        -0.061,
        1,
        0.178,
        -0.007,
        0.355,
        0,
        0.533,
        0,
        0,
        1.433,
        -0.4,
        0,
        2.533,
        -0.1,
        0,
        4.267,
        -0.3,
        0,
        5.233,
        0,
        0,
        6.533,
        -0.2,
        1,
        6.8,
        -0.2,
        7.066,
        -0.099,
        7.333,
        -0.061
      ]
    },
    {
      "Target": "Parameter",
      "Id": "EyeBallX",
      "Segments": [
        0,
        0,
        0,
        2.733,
        0.3,
        1,
        3.578,
        0.3,
        4.422,
        0.291,
        5.267,
        0.2,
        1,
        5.956,
        0.126,
        6.644,
        0,
        7.333,
        0
      ]
    },
    {
      "Target": "Parameter",
      "Id": "EyeBallY",
      "Segments": [
        0,
        -0.7,
        0,
        2.733,
        -0.6,
        0,
        5.267,
        -0.7,
        2,
        7.333,
        -0.7
      ]
    },
    {
      "Target": "Parameter",
      "Id": "HairFront_Shaking",
      "Segments": [
        0,
        -0.001,
        1,
        0.122,
        0.112,
        0.245,
        0.146,
        0.367,
        0.146,
        0,
        1.567,
        -0.368,
        0,
        2.633,
        0.298,
        0,
        4.133,
        -0.508,
        0,
        5.267,
        0,
        0,
        6.7,
        -0.298,
        1,
        6.911,
        -0.298,
        7.122,
        -0.082,
        7.333,
        -0.001
      ]
    },
    {
      "Target": "Parameter",
      "Id": "HairSide_Shaking",
      "Segments": [
        0,
        -0.29,
        1,
        0.167,
        -0.171,
        0.333,
        -0.132,
        0.5,
        -0.132,
        0,
        1.767,
        -0.446,
        0,
        2.9,
        0.024,
        0,
        4.633,
        -0.446,
        0,
        5.367,
        -0.236,
        0,
        6.5,
        -0.493,
        1,
        6.778,
        -0.493,
        7.055,
        -0.356,
        7.333,
        -0.29
      ]
    },
    {
      "Target": "Parameter",
      "Id": "HairBack_Shaking",
      "Segments": [
        0,
        -0.504,
        1,
        0.278,
        -0.292,
        0.555,
        -0.163,
        0.833,
        -0.163,
        0,
        2.033,
        -0.4,
        0,
        3.3,
        -0.136,
        1,
        4.033,
        -0.136,
        4.767,
        -0.222,
        5.5,
        -0.5,
        1,
        5.844,
        -0.631,
        6.189,
        -0.784,
        6.533,
        -0.784,
        1,
        6.8,
        -0.784,
        7.066,
        -0.644,
        7.333,
        -0.504
      ]
    },
    {
      "Target": "Parameter",
      "Id": "ShoulderR_Roll",
      "Segments": [
        0,
        -0.074,
        1,
        0.089,
        0.041,
        0.178,
        0,
        0.267,
        0,
        0,
        1.167,
        -1.52,
        0,
        2.633,
        0,
        0,
        3.733,
        -2,
        0,
        5.1,
        0,
        0,
        6.167,
        -1,
        1,
        6.556,
        -1,
        6.944,
        -0.442,
        7.333,
        -0.074
      ]
    },
    {
      "Target": "Parameter",
      "Id": "ArmR_Roll",
      "Segments": [
        0,
        -2.149,
        1,
        0.089,
        -2.06,
        0.178,
        -2,
        0.267,
        -2,
        2,
        1.233,
        -2,
        0,
        2.7,
        -0.6,
        0,
        3.8,
        -3.1,
        0,
        5.167,
        -1,
        0,
        6.3,
        -3.1,
        0,
        7.333,
        -2.149
      ]
    },
    {
      "Target": "Parameter",
      "Id": "HandR_Roll",
      "Segments": [
        0,
        -2.4,
        1,
        0.089,
        -0.347,
        0.178,
        0,
        0.267,
        0,
        0,
        1.3,
        -10,
        0,
        2.767,
        0,
        0,
        3.867,
        -10,
        0,
        5.233,
        0,
        0,
        6.633,
        -10,
        1,
        6.866,
        -10,
        7.1,
        -3.567,
        7.333,
        -2.4
      ]
    },
    {
      "Target": "Parameter",
      "Id": "ShoulderL_Roll",
      "Segments": [
        0,
        0.3,
        1,
        0.089,
        0.014,
        0.178,
        0,
        0.267,
        0,
        0,
        1.167,
        1.82,
        0,
        2.633,
        0.3,
        0,
        3.733,
        2.189,
        0,
        5.1,
        0.36,
        0,
        6.167,
        2.16,
        1,
        6.556,
        2.16,
        6.944,
        0.725,
        7.333,
        0.3
      ]
    },
    {
      "Target": "Parameter",
      "Id": "ArmL_Roll",
      "Segments": [
        0,
        1.1,
        1,
        0.1,
        0.866,
        0.2,
        0.845,
        0.3,
        0.845,
        0,
        1.233,
        2,
        0,
        2.7,
        0,
        0,
        3.8,
        2,
        0,
        5.167,
        0,
        0,
        6.3,
        2,
        1,
        6.644,
        2,
        6.989,
        1.338,
        7.333,
        1.1
      ]
    },
    {
      "Target": "Parameter",
      "Id": "HandL_Roll",
      "Segments": [
        0,
        0.297,
        1,
        0.089,
        -0.154,
        0.178,
        0,
        0.267,
        0,
        0,
        1.3,
        4,
        0,
        2.767,
        0,
        0,
        3.867,
        4,
        0,
        5.233,
        0,
        0,
        6.433,
        4,
        1,
        6.733,
        4,
        7.033,
        1.058,
        7.333,
        0.297
      ]
    },
    {
      "Target": "Parameter",
      "Id": "Skirt_Shaking",
      "Segments": [
        0,
        -6,
        0,
        1.333,
        5,
        0,
        2.733,
        -6.953,
        0,
        3.933,
        3,
        0,
        5.033,
        -8,
        0,
        6.2,
        5,
        0,
        7.333,
        -6
      ]
    },
    {
      "Target": "PartOpacity",
      "Id": "Part",
      "Segments": [
        0,
        1,
        2,
        7.33,
        1
      ]
    },
    {
      "Target": "PartOpacity",
      "Id": "Part3",
      "Segments": [
        0,
        1,
        2,
        7.33,
        1
      ]
    },
    {
      "Target": "PartOpacity",
      "Id": "Part4",
      "Segments": [
        0,
        1,
        2,
        7.33,
        1
      ]
    },
    {
      "Target": "PartOpacity",
      "Id": "Part5",
      "Segments": [
        0,
        1,
        2,
        7.33,
        1
      ]
    },
    {
      "Target": "PartOpacity",
      "Id": "Part6",
      "Segments": [
        0,
        1,
        2,
        7.33,
        1
      ]
    },
    {
      "Target": "PartOpacity",
      "Id": "Part7",
      "Segments": [
        0,
        1,
        2,
        7.33,
        1
      ]
    },
    {
      "Target": "PartOpacity",
      "Id": "Part8",
      "Segments": [
        0,
        1,
        2,
        7.33,
        1
      ]
    },
    {
      "Target": "PartOpacity",
      "Id": "Part39",
      "Segments": [
        0,
        1,
        2,
        7.33,
        1
      ]
    },
    {
      "Target": "PartOpacity",
      "Id": "Part9",
      "Segments": [
        0,
        1,
        2,
        7.33,
        1
      ]
    },
    {
      "Target": "PartOpacity",
      "Id": "Part28",
      "Segments": [
        0,
        1,
        2,
        7.33,
        1
      ]
    },
    {
      "Target": "PartOpacity",
      "Id": "Part29",
      "Segments": [
        0,
        1,
        2,
        7.33,
        1
      ]
    },
    {
      "Target": "PartOpacity",
      "Id": "Part31",
      "Segments": [
        0,
        0,
        2,
        7.33,
        0
      ]
    },
    {
      "Target": "PartOpacity",
      "Id": "Part30",
      "Segments": [
        0,
        0,
        2,
        7.33,
        0
      ]
    },
    {
      "Target": "PartOpacity",
      "Id": "Part32",
      "Segments": [
        0,
        1,
        2,
        7.33,
        1
      ]
    },
    {
      "Target": "PartOpacity",
      "Id": "Part34",
      "Segments": [
        0,
        0,
        2,
        7.33,
        0
      ]
    },
    {
      "Target": "PartOpacity",
      "Id": "Part33",
      "Segments": [
        0,
        1,
        2,
        7.33,
        1
      ]
    },
    {
      "Target": "PartOpacity",
      "Id": "Part10",
      "Segments": [
        0,
        1,
        2,
        7.33,
        1
      ]
    },
    {
      "Target": "PartOpacity",
      "Id": "Part11",
      "Segments": [
        0,
        1,
        2,
        7.33,
        1
      ]
    },
    {
      "Target": "PartOpacity",
      "Id": "Part12",
      "Segments": [
        0,
        1,
        2,
        7.33,
        1
      ]
    },
    {
      "Target": "PartOpacity",
      "Id": "Part22",
      "Segments": [
        0,
        1,
        2,
        7.33,
        1
      ]
    },
    {
      "Target": "PartOpacity",
      "Id": "Part24",
      "Segments": [
        0,
        1,
        2,
        7.33,
        1
      ]
    },
    {
      "Target": "PartOpacity",
      "Id": "Part23",
      "Segments": [
        0,
        0,
        2,
        7.33,
        0
      ]
    },
    {
      "Target": "PartOpacity",
      "Id": "Part25",
      "Segments": [
        0,
        1,
        2,
        7.33,
        1
      ]
    },
    {
      "Target": "PartOpacity",
      "Id": "Part27",
      "Segments": [
        0,
        0,
        2,
        7.33,
        0
      ]
    },
    {
      "Target": "PartOpacity",
      "Id": "Part26",
      "Segments": [
        0,
        1,
        2,
        7.33,
        1
      ]
    },
    {
      "Target": "PartOpacity",
      "Id": "Part35",
      "Segments": [
        0,
        1,
        2,
        7.33,
        1
      ]
    },
    {
      "Target": "PartOpacity",
      "Id": "Part37",
      "Segments": [
        0,
        0,
        2,
        7.33,
        0
      ]
    },
    {
      "Target": "PartOpacity",
      "Id": "Part36",
      "Segments": [
        0,
        1,
        2,
        7.33,
        1
      ]
    },
    {
      "Target": "PartOpacity",
      "Id": "Part38",
      "Segments": [
        0,
        1,
        2,
        7.33,
        1
      ]
    },
    {
      "Target": "PartOpacity",
      "Id": "Part2",
      "Segments": [
        0,
        1,
        2,
        7.33,
        1
      ]
    },
    {
      "Target": "PartOpacity",
      "Id": "Part13",
      "Segments": [
        0,
        1,
        2,
        7.33,
        1
      ]
    },
    {
      "Target": "Model",
      "Id": "Opacity",
      "Segments": [
        0,
        1,
        0,
        7.333,
        1
      ]
    },
    {
      "Target": "Parameter",
      "Id": "BodyY",
      "Segments": [
        0,
        0,
        0,
        7.333,
        0
      ]
    },
    {
      "Target": "Parameter",
      "Id": "BodyX",
      "Segments": [
        0,
        0,
        0,
        7.333,
        0
      ]
    },
    {
      "Target": "Parameter",
      "Id": "Sweat",
      "Segments": [
        0,
        0,
        0,
        7.333,
        0
      ]
    },
    {
      "Target": "Parameter",
      "Id": "BrowR_Form1",
      "Segments": [
        0,
        0,
        0,
        7.333,
        0
      ]
    },
    {
      "Target": "Parameter",
      "Id": "BrowR_Form2",
      "Segments": [
        0,
        -1,
        0,
        7.333,
        -1
      ]
    },
    {
      "Target": "Parameter",
      "Id": "BrowL_Form1",
      "Segments": [
        0,
        -1,
        0,
        7.333,
        -1
      ]
    },
    {
      "Target": "Parameter",
      "Id": "BrowL_Form2",
      "Segments": [
        0,
        0,
        0,
        7.333,
        0
      ]
    },
    {
      "Target": "Parameter",
      "Id": "EyeR_Open",
      "Segments": [
        0,
        1,
        0,
        7.333,
        1
      ]
    },
    {
      "Target": "Parameter",
      "Id": "EyeR_Smile",
      "Segments": [
        0,
        0,
        0,
        7.333,
        0
      ]
    },
    {
      "Target": "Parameter",
      "Id": "EyeRY",
      "Segments": [
        0,
        -0.9,
        0,
        7.333,
        -0.9
      ]
    },
    {
      "Target": "Parameter",
      "Id": "EyeL_Open",
      "Segments": [
        0,
        1,
        0,
        7.333,
        1
      ]
    },
    {
      "Target": "Parameter",
      "Id": "EyeL_Smile",
      "Segments": [
        0,
        0,
        0,
        7.333,
        0
      ]
    },
    {
      "Target": "Parameter",
      "Id": "EyeLY",
      "Segments": [
        0,
        -0.8,
        0,
        7.333,
        -0.8
      ]
    },
    {
      "Target": "Parameter",
      "Id": "Mouth_Form1",
      "Segments": [
        0,
        1,
        0,
        7.333,
        1
      ]
    },
    {
      "Target": "Parameter",
      "Id": "Mouth_Form2",
      "Segments": [
        0,
        0,
        0,
        7.333,
        0
      ]
    },
    {
      "Target": "Parameter",
      "Id": "Mouth_Open",
      "Segments": [
        0,
        1,
        0,
        7.333,
        1
      ]
    },
    {
      "Target": "Parameter",
      "Id": "Mouth_Size",
      "Segments": [
        0,
        1,
        0,
        7.333,
        1
      ]
    },
    {
      "Target": "Parameter",
      "Id": "ShoulderRY",
      "Segments": [
        0,
        0,
        0,
        7.333,
        0
      ]
    },
    {
      "Target": "Parameter",
      "Id": "ShoulderR_Scale",
      "Segments": [
        0,
        0,
        0,
        7.333,
        0
      ]
    },
    {
      "Target": "Parameter",
      "Id": "ArmR_Scale",
      "Segments": [
        0,
        0,
        0,
        7.333,
        0
      ]
    },
    {
      "Target": "Parameter",
      "Id": "ShoulderLY",
      "Segments": [
        0,
        0,
        0,
        7.333,
        0
      ]
    },
    {
      "Target": "Parameter",
      "Id": "ShoulderL_Scale",
      "Segments": [
        0,
        0,
        0,
        7.333,
        0
      ]
    },
    {
      "Target": "Parameter",
      "Id": "ArmL_Scale",
      "Segments": [
        0,
        0,
        0,
        7.333,
        0
      ]
    },
    {
      "Target": "Parameter",
      "Id": "ShoulderL_move",
      "Segments": [
        0,
        0,
        0,
        7.333,
        0
      ]
    },
    {
      "Target": "Parameter",
      "Id": "LegR_Roll",
      "Segments": [
        0,
        0,
        0,
        7.333,
        0
      ]
    },
    {
      "Target": "Parameter",
      "Id": "LegL_Roll",
      "Segments": [
        0,
        0,
        0,
        7.333,
        0
      ]
    },
    {
      "Target": "Parameter",
      "Id": "Lowerbody_Roll",
      "Segments": [
        0,
        0,
        0,
        7.333,
        0
      ]
    }
  ],
  "UserData": [
    {
      "Time": 0.0,
      "Value": ""
    }
  ]
}