{
  "Version": 3,
  "Meta": {
    "Duration": 8.0,
    "Fps": 30.0,
    "Loop": true,
    "AreBeziersRestricted": true,
    "CurveCount": 92,
    "TotalSegmentCount": 218,
    "TotalPointCount": 332,
    "UserDataCount": 1,
    "TotalUserDataSize": 0
  },
  "Curves": [
    {
      "Target": "Parameter",
      "Id": "Breath",
      "Segments": [
        0,
        0.443,
        1,
        0.456,
        0.24,
        0.911,
        0,
        1.367,
        0,
        0,
        3.033,
        0.602,
        0,
        5.933,
        0,
        0,
        7.467,
        0.566,
        1,
        7.645,
        0.566,
        7.822,
        0.515,
        8,
        0.435
      ]
    },
    {
      "Target": "Parameter",
      "Id": "Body_Shaking",
      "Segments": [
        0,
        4.602,
        1,
        0.411,
        5.694,
        0.822,
        6.746,
        1.233,
        6.746,
        0,
        3.3,
        3.998,
        0,
        5.4,
        6.439,
        0,
        7.567,
        4.159,
        0,
        8,
        4.602
      ]
    },
    {
      "Target": "Parameter",
      "Id": "Param7",
      "Segments": [
        0,
        -1.268,
        1,
        0.833,
        -0.905,
        1.667,
        -0.92,
        2.5,
        -0.92,
        1,
        3.011,
        -0.92,
        3.522,
        -1.077,
        4.033,
        -1.536,
        1,
        4.489,
        -1.945,
        4.944,
        -2.242,
        5.4,
        -2.242,
        1,
        6.067,
        -2.242,
        6.733,
        -2.122,
        7.4,
        -1.7,
        1,
        7.6,
        -1.574,
        7.8,
        -1.268,
        8,
        -1.268
      ]
    },
    {
      "Target": "Parameter",
      "Id": "Param12",
      "Segments": [
        0,
        0.24,
        0,
        1.467,
        0,
        2,
        6,
        0,
        0,
        7,
        -0.1,
        0,
        8,
        0.24
      ]
    },
    {
      "Target": "Parameter",
      "Id": "Param2",
      "Segments": [
        0,
        1.577,
        0,
        2.433,
        1.613,
        1,
        3.033,
        1.67,
        3.633,
        3.255,
        4.233,
        3.317,
        1,
        4.978,
        3.389,
        5.722,
        3.42,
        6.467,
        3.405,
        0,
        8,
        1.577
      ]
    },
    {
      "Target": "Parameter",
      "Id": "Param5",
      "Segments": [
        0,
        -6.311,
        1,
        0.356,
        2.011,
        0.711,
        5.714,
        1.067,
        5.714,
        0,
        3.333,
        -9.762,
        0,
        5.1,
        5.714,
        0,
        7,
        -13.663,
        1,
        7.333,
        -13.663,
        7.667,
        -13.967,
        8,
        -6.311
      ]
    },
    {
      "Target": "Parameter",
      "Id": "Param11",
      "Segments": [
        0,
        -27,
        2,
        3.467,
        -27,
        0,
        5.5,
        -30,
        0,
        6.967,
        -27,
        2,
        8,
        -27
      ]
    },
    {
      "Target": "Parameter",
      "Id": "Param42",
      "Segments": [
        0,
        -14.9,
        1,
        0.356,
        -10.617,
        0.711,
        -10,
        1.067,
        -10,
        0,
        3.3,
        -18.616,
        0,
        5.133,
        -4.953,
        0,
        6.967,
        -23.299,
        1,
        7.311,
        -23.299,
        7.656,
        -18.354,
        8,
        -14.9
      ]
    },
    {
      "Target": "Parameter",
      "Id": "Param3",
      "Segments": [
        0,
        0,
        1,
        0.133,
        0,
        0.267,
        11.078,
        0.4,
        13.505,
        1,
        0.7,
        19.338,
        1,
        20.368,
        1.3,
        20.368,
        0,
        3.333,
        9.005,
        1,
        4,
        8.427,
        4.666,
        8.922,
        5.333,
        8.262,
        1,
        5.511,
        8.096,
        5.689,
        3.883,
        5.867,
        0,
        1,
        6.222,
        -4.337,
        6.578,
        -5.115,
        6.933,
        -5.115,
        1,
        7.255,
        -5.115,
        7.578,
        -4.694,
        7.9,
        0,
        2,
        8,
        0
      ]
    },
    {
      "Target": "Parameter",
      "Id": "Param4",
      "Segments": [
        0,
        -18,
        0,
        0.433,
        0,
        1,
        0.711,
        0,
        0.989,
        6.874,
        1.267,
        5.039,
        1,
        1.811,
        1.215,
        2.356,
        8.983,
        2.9,
        9.941,
        1,
        3.689,
        10.815,
        4.478,
        10.856,
        5.267,
        10.691,
        1,
        5.845,
        10.58,
        6.422,
        -0.559,
        7,
        -0.559,
        1,
        7.333,
        -6.095,
        7.667,
        -18,
        8,
        -18
      ]
    },
    {
      "Target": "Parameter",
      "Id": "Head_Roll",
      "Segments": [
        0,
        -1.455,
        1,
        0.3,
        -0.031,
        0.6,
        2.244,
        0.9,
        2.904,
        1,
        1.278,
        3.736,
        1.655,
        4.413,
        2.033,
        4.647,
        1,
        2.266,
        4.791,
        2.5,
        4.757,
        2.733,
        4.757,
        1,
        3.233,
        4.707,
        3.733,
        -1.511,
        4.233,
        -1.786,
        1,
        4.566,
        -1.985,
        4.9,
        -1.939,
        5.233,
        -2.151,
        1,
        5.833,
        -2.525,
        6.433,
        -3.081,
        7.033,
        -3.081,
        0,
        8,
        -1.455
      ]
    },
    {
      "Target": "Parameter",
      "Id": "ParamBrowRY",
      "Segments": [
        0,
        0.1,
        2,
        0.433,
        0.1,
        2,
        1.233,
        0.1,
        2,
        2.333,
        0.1,
        0,
        4.9,
        -0.1,
        2,
        6.067,
        -0.1,
        0,
        8,
        0.1
      ]
    },
    {
      "Target": "Parameter",
      "Id": "ParamBrowLY",
      "Segments": [
        0,
        0.1,
        2,
        0.433,
        0.1,
        2,
        1.233,
        0.1,
        2,
        2.333,
        0.1,
        0,
        4.9,
        -0.1,
        2,
        6.067,
        -0.1,
        0,
        8,
        0.1
      ]
    },
    {
      "Target": "Parameter",
      "Id": "ParamEyeBallX",
      "Segments": [
        0,
        -0.052,
        1,
        0.111,
        -0.065,
        0.222,
        -0.08,
        0.333,
        -0.1,
        1,
        0.478,
        -0.126,
        0.622,
        -0.148,
        0.767,
        -0.148,
        2,
        5.733,
        -0.148,
        1,
        6.144,
        -0.148,
        6.556,
        -0.086,
        6.967,
        -0.066,
        1,
        7.311,
        -0.05,
        7.656,
        -0.052,
        8,
        -0.052
      ]
    },
    {
      "Target": "Parameter",
      "Id": "ParamEyeBallY",
      "Segments": [
        0,
        0.2,
        1,
        0.111,
        0.2,
        0.222,
        -0.166,
        0.333,
        -0.2,
        1,
        0.478,
        -0.245,
        0.622,
        -0.24,
        0.767,
        -0.24,
        0,
        1.667,
        -0.132,
        2,
        5.733,
        -0.132,
        1,
        6.144,
        -0.132,
        6.556,
        -0.137,
        6.967,
        -0.092,
        1,
        7.311,
        -0.055,
        7.656,
        0.2,
        8,
        0.2
      ]
    },
    {
      "Target": "Parameter",
      "Id": "Param16",
      "Segments": [
        0,
        -9.101,
        1,
        0.2,
        -1.256,
        0.4,
        3.366,
        0.6,
        3.366,
        0,
        1.833,
        -15.237,
        0,
        3.133,
        11.223,
        0,
        4.8,
        -11.517,
        0,
        6.1,
        6.316,
        0,
        7.533,
        -16.726,
        1,
        7.689,
        -16.726,
        7.844,
        -14.609,
        8,
        -9.101
      ]
    },
    {
      "Target": "Parameter",
      "Id": "Param14",
      "Segments": [
        0,
        5.188,
        0,
        1.033,
        -21.032,
        0,
        2.6,
        4.385,
        0,
        4.167,
        -22.458,
        0,
        5.367,
        0.01,
        0,
        6.767,
        -23.592,
        0,
        8,
        5.188
      ]
    },
    {
      "Target": "Parameter",
      "Id": "Param13",
      "Segments": [
        0,
        -3.733,
        1,
        0.178,
        -10.962,
        0.355,
        -14.689,
        0.533,
        -14.689,
        0,
        1.667,
        10.422,
        0,
        3,
        -15.952,
        0,
        4.467,
        8.806,
        0,
        6.067,
        -9.952,
        0,
        7.133,
        11.876,
        1,
        7.422,
        10.759,
        7.711,
        9.493,
        8,
        -3.733
      ]
    },
    {
      "Target": "Parameter",
      "Id": "Param19",
      "Segments": [
        0,
        5.876,
        1,
        0.2,
        5.855,
        0.4,
        5.842,
        0.6,
        5.842,
        0,
        1.9,
        5.964,
        0,
        3.7,
        5.761,
        0,
        5.167,
        5.864,
        0,
        6.267,
        5.828,
        0,
        7.3,
        5.909,
        0,
        8,
        5.876
      ]
    },
    {
      "Target": "Parameter",
      "Id": "Param9",
      "Segments": [
        0,
        11.371,
        2,
        3,
        11.371,
        0,
        4.2,
        11.281,
        2,
        6.533,
        11.281,
        0,
        8,
        11.371
      ]
    },
    {
      "Target": "Parameter",
      "Id": "Param20",
      "Segments": [
        0,
        -1.495,
        0,
        0.667,
        -1.569,
        0,
        2.133,
        -1.449,
        0,
        3.7,
        -1.502,
        0,
        5.033,
        -1.248,
        0,
        6.4,
        -1.547,
        0,
        7.5,
        -1.412,
        0,
        8,
        -1.495
      ]
    },
    {
      "Target": "Parameter",
      "Id": "Param21",
      "Segments": [
        0,
        -7.329,
        2,
        2.633,
        -7.329,
        1,
        3.155,
        -7.329,
        3.678,
        -7.217,
        4.2,
        -7.115,
        1,
        4.4,
        -7.082,
        4.6,
        -7.079,
        4.8,
        -7.079,
        2,
        6.567,
        -7.079,
        1,
        6.767,
        -7.079,
        6.967,
        -7.083,
        7.167,
        -7.115,
        1,
        7.445,
        -7.175,
        7.722,
        -7.329,
        8,
        -7.329
      ]
    },
    {
      "Target": "Parameter",
      "Id": "Param35",
      "Segments": [
        0,
        -1.63,
        2,
        3.1,
        -1.63,
        0,
        4.067,
        0,
        2,
        6.333,
        0,
        0,
        8,
        -1.63
      ]
    },
    {
      "Target": "Parameter",
      "Id": "Param38",
      "Segments": [
        0,
        4.536,
        1,
        0.078,
        3.743,
        0.155,
        3.164,
        0.233,
        2.25,
        1,
        0.622,
        -2.322,
        1.011,
        -4.896,
        1.4,
        -4.896,
        0,
        3.3,
        3.774,
        0,
        5.5,
        -4.057,
        0,
        7.4,
        6.631,
        0,
        8,
        4.536
      ]
    },
    {
      "Target": "Parameter",
      "Id": "Param",
      "Segments": [
        0,
        10.12,
        1,
        0.2,
        9.732,
        0.4,
        9.269,
        0.6,
        9.269,
        2,
        2.8,
        9.269,
        1,
        3.289,
        9.269,
        3.778,
        9.786,
        4.267,
        11.007,
        1,
        4.456,
        11.478,
        4.644,
        11.829,
        4.833,
        11.829,
        2,
        6.533,
        11.829,
        0,
        8,
        10.12
      ]
    },
    {
      "Target": "Parameter",
      "Id": "Param29",
      "Segments": [
        0,
        15.968,
        1,
        0.2,
        15.547,
        0.4,
        15.117,
        0.6,
        15.117,
        2,
        2.8,
        15.117,
        1,
        3.289,
        15.117,
        3.778,
        19.665,
        4.267,
        20.644,
        1,
        4.456,
        21.023,
        4.644,
        20.841,
        4.833,
        20.841,
        2,
        6.533,
        20.841,
        0,
        8,
        15.968
      ]
    },
    {
      "Target": "Parameter",
      "Id": "Param39",
      "Segments": [
        0,
        -7.55,
        1,
        0.2,
        -7.722,
        0.4,
        -7.756,
        0.6,
        -7.756,
        2,
        2.8,
        -7.756,
        0,
        4.833,
        -7.511,
        2,
        6.533,
        -7.511,
        0,
        8,
        -7.55
      ]
    },
    {
      "Target": "PartOpacity",
      "Id": "Part25",
      "Segments": [
        0,
        1,
        2,
        8,
        1
      ]
    },
    {
      "Target": "PartOpacity",
      "Id": "Part26",
      "Segments": [
        0,
        1,
        2,
        8,
        1
      ]
    },
    {
      "Target": "PartOpacity",
      "Id": "Part27",
      "Segments": [
        0,
        1,
        2,
        8,
        1
      ]
    },
    {
      "Target": "PartOpacity",
      "Id": "Part28",
      "Segments": [
        0,
        1,
        2,
        8,
        1
      ]
    },
    {
      "Target": "PartOpacity",
      "Id": "Part29",
      "Segments": [
        0,
        1,
        2,
        8,
        1
      ]
    },
    {
      "Target": "PartOpacity",
      "Id": "Part2",
      "Segments": [
        0,
        0,
        2,
        8,
        0
      ]
    },
    {
      "Target": "PartOpacity",
      "Id": "Part30",
      "Segments": [
        0,
        1,
        2,
        8,
        1
      ]
    },
    {
      "Target": "PartOpacity",
      "Id": "Part31",
      "Segments": [
        0,
        1,
        2,
        8,
        1
      ]
    },
    {
      "Target": "PartOpacity",
      "Id": "Part4",
      "Segments": [
        0,
        0,
        2,
        8,
        0
      ]
    },
    {
      "Target": "PartOpacity",
      "Id": "Part32",
      "Segments": [
        0,
        1,
        2,
        8,
        1
      ]
    },
    {
      "Target": "PartOpacity",
      "Id": "Part33",
      "Segments": [
        0,
        0,
        2,
        8,
        0
      ]
    },
    {
      "Target": "PartOpacity",
      "Id": "Part34",
      "Segments": [
        0,
        0,
        2,
        8,
        0
      ]
    },
    {
      "Target": "PartOpacity",
      "Id": "Part",
      "Segments": [
        0,
        1,
        2,
        8,
        1
      ]
    },
    {
      "Target": "PartOpacity",
      "Id": "Part13",
      "Segments": [
        0,
        0,
        2,
        8,
        0
      ]
    },
    {
      "Target": "PartOpacity",
      "Id": "Part35",
      "Segments": [
        0,
        1,
        2,
        8,
        1
      ]
    },
    {
      "Target": "PartOpacity",
      "Id": "Part36",
      "Segments": [
        0,
        0,
        2,
        8,
        0
      ]
    },
    {
      "Target": "PartOpacity",
      "Id": "Part46",
      "Segments": [
        0,
        1,
        2,
        8,
        1
      ]
    },
    {
      "Target": "PartOpacity",
      "Id": "Part38",
      "Segments": [
        0,
        1,
        2,
        8,
        1
      ]
    },
    {
      "Target": "PartOpacity",
      "Id": "Part48",
      "Segments": [
        0,
        1,
        2,
        8,
        1
      ]
    },
    {
      "Target": "PartOpacity",
      "Id": "Part39",
      "Segments": [
        0,
        1,
        2,
        8,
        1
      ]
    },
    {
      "Target": "PartOpacity",
      "Id": "Part40",
      "Segments": [
        0,
        1,
        2,
        8,
        1
      ]
    },
    {
      "Target": "PartOpacity",
      "Id": "Part41",
      "Segments": [
        0,
        1,
        2,
        8,
        1
      ]
    },
    {
      "Target": "PartOpacity",
      "Id": "Part42",
      "Segments": [
        0,
        0,
        2,
        8,
        0
      ]
    },
    {
      "Target": "PartOpacity",
      "Id": "Part5",
      "Segments": [
        0,
        1,
        2,
        8,
        1
      ]
    },
    {
      "Target": "PartOpacity",
      "Id": "Part49",
      "Segments": [
        0,
        1,
        2,
        8,
        1
      ]
    },
    {
      "Target": "PartOpacity",
      "Id": "Part43",
      "Segments": [
        0,
        1,
        2,
        8,
        1
      ]
    },
    {
      "Target": "PartOpacity",
      "Id": "Part44",
      "Segments": [
        0,
        1,
        2,
        8,
        1
      ]
    },
    {
      "Target": "PartOpacity",
      "Id": "Part45",
      "Segments": [
        0,
        1,
        2,
        8,
        1
      ]
    },
    {
      "Target": "Model",
      "Id": "Opacity",
      "Segments": [
        0,
        1,
        0,
        8,
        1
      ]
    },
    {
      "Target": "Parameter",
      "Id": "Param33",
      "Segments": [
        0,
        0,
        0,
        8,
        0
      ]
    },
    {
      "Target": "Parameter",
      "Id": "Param32",
      "Segments": [
        0,
        0,
        0,
        8,
        0
      ]
    },
    {
      "Target": "Parameter",
      "Id": "Param36",
      "Segments": [
        0,
        0,
        0,
        8,
        0
      ]
    },
    {
      "Target": "Parameter",
      "Id": "Param31",
      "Segments": [
        0,
        -14.265,
        0,
        8,
        -14.265
      ]
    },
    {
      "Target": "Parameter",
      "Id": "Param44",
      "Segments": [
        0,
        -27,
        0,
        8,
        -27
      ]
    },
    {
      "Target": "Parameter",
      "Id": "Param6",
      "Segments": [
        0,
        20,
        0,
        8,
        20
      ]
    },
    {
      "Target": "Parameter",
      "Id": "Param8",
      "Segments": [
        0,
        0,
        0,
        8,
        0
      ]
    },
    {
      "Target": "Parameter",
      "Id": "Param40",
      "Segments": [
        0,
        0,
        0,
        8,
        0
      ]
    },
    {
      "Target": "Parameter",
      "Id": "ParamBrowRForm",
      "Segments": [
        0,
        -1,
        0,
        8,
        -1
      ]
    },
    {
      "Target": "Parameter",
      "Id": "ParamBrowLForm",
      "Segments": [
        0,
        -1,
        0,
        8,
        -1
      ]
    },
    {
      "Target": "Parameter",
      "Id": "ParamBrowRAngle",
      "Segments": [
        0,
        0.2,
        0,
        8,
        0.2
      ]
    },
    {
      "Target": "Parameter",
      "Id": "ParamBrowLAngle",
      "Segments": [
        0,
        -0.5,
        0,
        8,
        -0.5
      ]
    },
    {
      "Target": "Parameter",
      "Id": "EyesSize",
      "Segments": [
        0,
        0,
        0,
        8,
        0
      ]
    },
    {
      "Target": "Parameter",
      "Id": "EyeR_Open",
      "Segments": [
        0,
        1,
        0,
        8,
        1
      ]
    },
    {
      "Target": "Parameter",
      "Id": "ParamEyeRSmile",
      "Segments": [
        0,
        0.5,
        0,
        8,
        0.5
      ]
    },
    {
      "Target": "Parameter",
      "Id": "EyeL_Open",
      "Segments": [
        0,
        1,
        0,
        8,
        1
      ]
    },
    {
      "Target": "Parameter",
      "Id": "ParamEyeLSmile",
      "Segments": [
        0,
        0.5,
        0,
        8,
        0.5
      ]
    },
    {
      "Target": "Parameter",
      "Id": "Param41",
      "Segments": [
        0,
        -3,
        0,
        8,
        -3
      ]
    },
    {
      "Target": "Parameter",
      "Id": "Param28",
      "Segments": [
        0,
        0,
        0,
        8,
        0
      ]
    },
    {
      "Target": "Parameter",
      "Id": "ParamMouthForm",
      "Segments": [
        0,
        1,
        0,
        8,
        1
      ]
    },
    {
      "Target": "Parameter",
      "Id": "Mouth_Open",
      "Segments": [
        0,
        0.9,
        0,
        8,
        0.9
      ]
    },
    {
      "Target": "Parameter",
      "Id": "Mouth_Size",
      "Segments": [
        0,
        0.9,
        0,
        8,
        0.9
      ]
    },
    {
      "Target": "Parameter",
      "Id": "Param18",
      "Segments": [
        0,
        17,
        0,
        8,
        17
      ]
    },
    {
      "Target": "Parameter",
      "Id": "Param17",
      "Segments": [
        0,
        28,
        0,
        8,
        28
      ]
    },
    {
      "Target": "Parameter",
      "Id": "Param22",
      "Segments": [
        0,
        0,
        0,
        8,
        0
      ]
    },
    {
      "Target": "Parameter",
      "Id": "Param26",
      "Segments": [
        0,
        0,
        0,
        8,
        0
      ]
    },
    {
      "Target": "Parameter",
      "Id": "Param23",
      "Segments": [
        0,
        -2.749,
        0,
        8,
        -2.749
      ]
    },
    {
      "Target": "Parameter",
      "Id": "Param27",
      "Segments": [
        0,
        -8,
        0,
        8,
        -8
      ]
    },
    {
      "Target": "Parameter",
      "Id": "Param34",
      "Segments": [
        0,
        0,
        0,
        8,
        0
      ]
    },
    {
      "Target": "Parameter",
      "Id": "Param43",
      "Segments": [
        0,
        0,
        0,
        8,
        0
      ]
    },
    {
      "Target": "Parameter",
      "Id": "Param25",
      "Segments": [
        0,
        6,
        0,
        8,
        6
      ]
    },
    {
      "Target": "Parameter",
      "Id": "Param24",
      "Segments": [
        0,
        -21,
        0,
        8,
        -21
      ]
    },
    {
      "Target": "Parameter",
      "Id": "Param15",
      "Segments": [
        0,
        0,
        0,
        8,
        0
      ]
    },
    {
      "Target": "Parameter",
      "Id": "Param30",
      "Segments": [
        0,
        0,
        0,
        8,
        0
      ]
    },
    {
      "Target": "Parameter",
      "Id": "Param10",
      "Segments": [
        0,
        0,
        0,
        8,
        0
      ]
    },
    {
      "Target": "PartOpacity",
      "Id": "Part3",
      "Segments": [
        0,
        0,
        0,
        8,
        0
      ]
    }
  ],
  "UserData": [
    {
      "Time": 0.0,
      "Value": ""
    }
  ]
}