{
  "Version": 3,
  "Meta": {
    "Duration": 2.0,
    "Fps": 30.0,
    "Loop": true,
    "AreBeziersRestricted": true,
    "CurveCount": 92,
    "TotalSegmentCount": 189,
    "TotalPointCount": 275,
    "UserDataCount": 1,
    "TotalUserDataSize": 0
  },
  "Curves": [
    {
      "Target": "Parameter",
      "Id": "Param33",
      "Segments": [
        0,
        0,
        0,
        0.5,
        5,
        2,
        1,
        5,
        0,
        2,
        0
      ]
    },
    {
      "Target": "Parameter",
      "Id": "Breath",
      "Segments": [
        0,
        0,
        1,
        0.344,
        0,
        0.689,
        0.735,
        1.033,
        0.81,
        1,
        1.355,
        0.908,
        1.678,
        0.642,
        2,
        0.406
      ]
    },
    {
      "Target": "Parameter",
      "Id": "Body_Shaking",
      "Segments": [
        0,
        5,
        1,
        0.433,
        5,
        0.867,
        1.647,
        1.3,
        0,
        1,
        1.533,
        -0.887,
        1.767,
        -0.834,
        2,
        -1.376
      ]
    },
    {
      "Target": "Parameter",
      "Id": "Param36",
      "Segments": [
        0,
        0,
        0,
        1.6,
        -30,
        2,
        2,
        -30
      ]
    },
    {
      "Target": "Parameter",
      "Id": "Param7",
      "Segments": [
        0,
        -8,
        0,
        0.467,
        -7.075,
        1,
        0.711,
        -7.075,
        0.956,
        -7.067,
        1.2,
        -11.713,
        1,
        1.333,
        -15.153,
        1.467,
        -17.718,
        1.6,
        -18.62,
        1,
        1.733,
        -19.399,
        1.867,
        -19.938,
        2,
        -20.35
      ]
    },
    {
      "Target": "Parameter",
      "Id": "Param31",
      "Segments": [
        0,
        -15,
        0,
        0.1,
        -6.215,
        1,
        0.222,
        -3.987,
        0.345,
        19.58,
        0.467,
        21.045,
        1,
        0.778,
        24.009,
        1.089,
        22.45,
        1.4,
        19.254,
        1,
        1.6,
        17.109,
        1.8,
        3.464,
        2,
        -0.004
      ]
    },
    {
      "Target": "Parameter",
      "Id": "Param12",
      "Segments": [
        0,
        0,
        2,
        1.233,
        0,
        0,
        2,
        -2.38
      ]
    },
    {
      "Target": "Parameter",
      "Id": "Param2",
      "Segments": [
        0,
        3,
        0,
        0.933,
        9.272,
        0,
        2,
        8.2
      ]
    },
    {
      "Target": "Parameter",
      "Id": "Param5",
      "Segments": [
        0,
        0,
        0,
        0.5,
        -11,
        0,
        1.5,
        7,
        1,
        1.667,
        7,
        1.833,
        4.286,
        2,
        0.951
      ]
    },
    {
      "Target": "Parameter",
      "Id": "Param11",
      "Segments": [
        0,
        -27,
        0,
        1.5,
        0,
        2,
        2,
        0
      ]
    },
    {
      "Target": "Parameter",
      "Id": "Param42",
      "Segments": [
        0,
        0,
        0,
        0.9,
        14,
        1,
        1.267,
        14,
        1.633,
        -1.32,
        2,
        -17.4
      ]
    },
    {
      "Target": "Parameter",
      "Id": "Param3",
      "Segments": [
        0,
        0,
        2,
        1,
        0,
        1,
        1.333,
        0,
        1.667,
        -24.871,
        2,
        -27.854
      ]
    },
    {
      "Target": "Parameter",
      "Id": "Param4",
      "Segments": [
        0,
        0,
        0,
        0.1,
        -8.634,
        1,
        0.2,
        -8.634,
        0.3,
        0.273,
        0.4,
        4.02,
        1,
        0.633,
        12.763,
        0.867,
        14.882,
        1.1,
        14.882,
        1,
        1.311,
        14.882,
        1.522,
        1.543,
        1.733,
        -2.194,
        1,
        1.822,
        -3.767,
        1.911,
        -3.97,
        2,
        -4.186
      ]
    },
    {
      "Target": "Parameter",
      "Id": "Head_Roll",
      "Segments": [
        0,
        -3,
        0,
        1.167,
        -1,
        2,
        2,
        -1
      ]
    },
    {
      "Target": "Parameter",
      "Id": "Param6",
      "Segments": [
        0,
        20,
        0,
        0.1,
        -5.659,
        1,
        0.244,
        -5.659,
        0.389,
        -2.707,
        0.533,
        0,
        1,
        0.689,
        2.915,
        0.844,
        3.498,
        1,
        3.498,
        0,
        1.7,
        0,
        2,
        2,
        0
      ]
    },
    {
      "Target": "Parameter",
      "Id": "Param40",
      "Segments": [
        0,
        0,
        2,
        1.6,
        0,
        0,
        2,
        -30
      ]
    },
    {
      "Target": "Parameter",
      "Id": "ParamBrowRY",
      "Segments": [
        0,
        0,
        0,
        0.733,
        0.1,
        1,
        1.022,
        0.1,
        1.311,
        0.091,
        1.6,
        0,
        1,
        1.733,
        -0.042,
        1.867,
        -0.3,
        2,
        -0.3
      ]
    },
    {
      "Target": "Parameter",
      "Id": "ParamBrowLY",
      "Segments": [
        0,
        0,
        0,
        0.733,
        0.2,
        1,
        1.022,
        0.2,
        1.311,
        0.171,
        1.6,
        0,
        1,
        1.733,
        -0.079,
        1.867,
        -0.3,
        2,
        -0.3
      ]
    },
    {
      "Target": "Parameter",
      "Id": "ParamBrowRForm",
      "Segments": [
        0,
        0,
        0,
        0.733,
        -0.5,
        0,
        1.6,
        -0.2,
        0,
        2,
        -1
      ]
    },
    {
      "Target": "Parameter",
      "Id": "ParamBrowLForm",
      "Segments": [
        0,
        0,
        0,
        0.733,
        -0.5,
        0,
        1.6,
        -0.2,
        0,
        2,
        -1
      ]
    },
    {
      "Target": "Parameter",
      "Id": "ParamBrowRAngle",
      "Segments": [
        0,
        0,
        0,
        0.733,
        -0.3,
        0,
        1.6,
        -0.2,
        2,
        2,
        -0.2
      ]
    },
    {
      "Target": "Parameter",
      "Id": "ParamBrowLAngle",
      "Segments": [
        0,
        0,
        0,
        0.733,
        0.3,
        0,
        1.6,
        0.2,
        2,
        2,
        0.2
      ]
    },
    {
      "Target": "Parameter",
      "Id": "ParamEyeBallX",
      "Segments": [
        0,
        0,
        2,
        1.033,
        0,
        0,
        1.533,
        0.481,
        1,
        1.622,
        0.499,
        1.711,
        0.5,
        1.8,
        0.5,
        2,
        2,
        0.5
      ]
    },
    {
      "Target": "Parameter",
      "Id": "ParamEyeBallY",
      "Segments": [
        0,
        0,
        2,
        1.033,
        0,
        1,
        1.155,
        0,
        1.278,
        -0.017,
        1.4,
        -0.049,
        1,
        1.533,
        -0.084,
        1.667,
        -0.1,
        1.8,
        -0.1,
        2,
        2,
        -0.1
      ]
    },
    {
      "Target": "Parameter",
      "Id": "EyeR_Open",
      "Segments": [
        0,
        1,
        2,
        1.6,
        1,
        0,
        2,
        0
      ]
    },
    {
      "Target": "Parameter",
      "Id": "EyeL_Open",
      "Segments": [
        0,
        1,
        2,
        1.6,
        1,
        0,
        2,
        0
      ]
    },
    {
      "Target": "Parameter",
      "Id": "Mouth_Open",
      "Segments": [
        0,
        1,
        0,
        2,
        0.9
      ]
    },
    {
      "Target": "Parameter",
      "Id": "Mouth_Size",
      "Segments": [
        0,
        0.5,
        0,
        1,
        0.1,
        2,
        2,
        0.1
      ]
    },
    {
      "Target": "Parameter",
      "Id": "Param16",
      "Segments": [
        0,
        0,
        0,
        0.3,
        15.863,
        0,
        1.133,
        -17.649,
        1,
        1.244,
        -17.649,
        1.356,
        -14.477,
        1.467,
        -9.101,
        1,
        1.645,
        -0.5,
        1.822,
        3.366,
        2,
        3.366
      ]
    },
    {
      "Target": "Parameter",
      "Id": "Param14",
      "Segments": [
        0,
        0,
        0,
        0.467,
        -28.188,
        0,
        1.233,
        9.985,
        1,
        1.433,
        9.985,
        1.633,
        -12.996,
        1.833,
        -24.948,
        1,
        1.889,
        -27.436,
        1.944,
        -28.286,
        2,
        -28.286
      ]
    },
    {
      "Target": "Parameter",
      "Id": "Param13",
      "Segments": [
        0,
        0,
        0,
        0.5,
        20.714,
        0,
        1.133,
        -18.794,
        0,
        2,
        17.076
      ]
    },
    {
      "Target": "Parameter",
      "Id": "Param18",
      "Segments": [
        0,
        17,
        0,
        0.567,
        -10.558,
        1,
        0.945,
        -9.44,
        1.322,
        -9.43,
        1.7,
        -9.43,
        2,
        2,
        -9.43
      ]
    },
    {
      "Target": "Parameter",
      "Id": "Param17",
      "Segments": [
        0,
        28,
        0,
        0.5,
        2.92,
        1,
        0.9,
        2.524,
        1.3,
        2.92,
        1.7,
        2.92,
        2,
        2,
        2.92
      ]
    },
    {
      "Target": "Parameter",
      "Id": "Param19",
      "Segments": [
        0,
        6,
        0,
        0.5,
        -0.32,
        2,
        1.167,
        -0.32,
        1,
        1.389,
        -0.32,
        1.611,
        0.278,
        1.833,
        0.63,
        1,
        1.889,
        0.712,
        1.944,
        0.773,
        2,
        0.837
      ]
    },
    {
      "Target": "Parameter",
      "Id": "Param9",
      "Segments": [
        0,
        11,
        0,
        0.5,
        3.24,
        2,
        1.167,
        3.24,
        1,
        1.367,
        3.24,
        1.567,
        2.964,
        1.767,
        2.46,
        1,
        1.845,
        2.264,
        1.922,
        2.08,
        2,
        1.915
      ]
    },
    {
      "Target": "Parameter",
      "Id": "Param20",
      "Segments": [
        0,
        -1.5,
        0,
        0.5,
        0.6,
        0,
        0.867,
        0.4,
        2,
        1.167,
        0.4,
        0,
        1.767,
        0.2,
        1,
        1.845,
        0.2,
        1.922,
        0.197,
        2,
        0.207
      ]
    },
    {
      "Target": "Parameter",
      "Id": "Param21",
      "Segments": [
        0,
        -7,
        0,
        0.5,
        -1.25,
        1,
        0.622,
        -0.674,
        0.745,
        -0.7,
        0.867,
        -0.7,
        2,
        1.167,
        -0.7,
        1,
        1.367,
        -0.7,
        1.567,
        -0.911,
        1.767,
        -1.25,
        1,
        1.845,
        -1.382,
        1.922,
        -1.488,
        2,
        -1.582
      ]
    },
    {
      "Target": "Parameter",
      "Id": "Param26",
      "Segments": [
        0,
        0,
        0,
        0.5,
        -2,
        0,
        0.833,
        0,
        2,
        1.533,
        0,
        1,
        1.689,
        0,
        1.844,
        -0.293,
        2,
        -1.172
      ]
    },
    {
      "Target": "Parameter",
      "Id": "Param23",
      "Segments": [
        0,
        -3,
        0,
        0.5,
        0,
        2,
        2,
        0
      ]
    },
    {
      "Target": "Parameter",
      "Id": "Param27",
      "Segments": [
        0,
        -8,
        0,
        0.5,
        0,
        2,
        2,
        0
      ]
    },
    {
      "Target": "Parameter",
      "Id": "Param25",
      "Segments": [
        0,
        5,
        0,
        0.333,
        6,
        0,
        2,
        3.12
      ]
    },
    {
      "Target": "Parameter",
      "Id": "Param24",
      "Segments": [
        0,
        -22,
        1,
        0.167,
        -22,
        0.333,
        1.413,
        0.5,
        1.98,
        1,
        0.867,
        3.227,
        1.233,
        3.3,
        1.6,
        3.3,
        2,
        2,
        3.3
      ]
    },
    {
      "Target": "Parameter",
      "Id": "Param38",
      "Segments": [
        0,
        0,
        0,
        0.267,
        -30,
        2,
        2,
        -30
      ]
    },
    {
      "Target": "Parameter",
      "Id": "Param",
      "Segments": [
        0,
        11,
        2,
        0.5,
        11,
        2,
        1.467,
        11,
        0,
        2,
        19
      ]
    },
    {
      "Target": "Parameter",
      "Id": "Param29",
      "Segments": [
        0,
        18,
        0,
        2,
        24
      ]
    },
    {
      "Target": "Parameter",
      "Id": "Param39",
      "Segments": [
        0,
        -7,
        0,
        0.5,
        0,
        2,
        1.133,
        0,
        0,
        2,
        -16
      ]
    },
    {
      "Target": "PartOpacity",
      "Id": "Part25",
      "Segments": [
        0,
        1,
        2,
        2,
        1
      ]
    },
    {
      "Target": "PartOpacity",
      "Id": "Part26",
      "Segments": [
        0,
        1,
        2,
        2,
        1
      ]
    },
    {
      "Target": "PartOpacity",
      "Id": "Part27",
      "Segments": [
        0,
        1,
        2,
        2,
        1
      ]
    },
    {
      "Target": "PartOpacity",
      "Id": "Part28",
      "Segments": [
        0,
        1,
        2,
        2,
        1
      ]
    },
    {
      "Target": "PartOpacity",
      "Id": "Part29",
      "Segments": [
        0,
        1,
        2,
        2,
        1
      ]
    },
    {
      "Target": "PartOpacity",
      "Id": "Part2",
      "Segments": [
        0,
        0,
        2,
        2,
        0
      ]
    },
    {
      "Target": "PartOpacity",
      "Id": "Part30",
      "Segments": [
        0,
        1,
        2,
        2,
        1
      ]
    },
    {
      "Target": "PartOpacity",
      "Id": "Part31",
      "Segments": [
        0,
        1,
        2,
        2,
        1
      ]
    },
    {
      "Target": "PartOpacity",
      "Id": "Part4",
      "Segments": [
        0,
        0,
        2,
        2,
        0
      ]
    },
    {
      "Target": "PartOpacity",
      "Id": "Part32",
      "Segments": [
        0,
        1,
        2,
        2,
        1
      ]
    },
    {
      "Target": "PartOpacity",
      "Id": "Part33",
      "Segments": [
        0,
        0,
        2,
        0.23,
        0,
        2,
        0.27,
        0.8,
        2,
        0.3,
        1,
        2,
        2,
        1
      ]
    },
    {
      "Target": "PartOpacity",
      "Id": "Part34",
      "Segments": [
        0,
        0,
        2,
        2,
        0
      ]
    },
    {
      "Target": "PartOpacity",
      "Id": "Part",
      "Segments": [
        0,
        1,
        2,
        0.23,
        1,
        2,
        0.27,
        0.8,
        2,
        0.3,
        0,
        2,
        2,
        0
      ]
    },
    {
      "Target": "PartOpacity",
      "Id": "Part13",
      "Segments": [
        0,
        0,
        2,
        2,
        0
      ]
    },
    {
      "Target": "PartOpacity",
      "Id": "Part35",
      "Segments": [
        0,
        1,
        2,
        2,
        1
      ]
    },
    {
      "Target": "PartOpacity",
      "Id": "Part36",
      "Segments": [
        0,
        0,
        2,
        2,
        0
      ]
    },
    {
      "Target": "PartOpacity",
      "Id": "Part46",
      "Segments": [
        0,
        1,
        2,
        2,
        1
      ]
    },
    {
      "Target": "PartOpacity",
      "Id": "Part38",
      "Segments": [
        0,
        1,
        2,
        2,
        1
      ]
    },
    {
      "Target": "PartOpacity",
      "Id": "Part48",
      "Segments": [
        0,
        1,
        2,
        2,
        1
      ]
    },
    {
      "Target": "PartOpacity",
      "Id": "Part39",
      "Segments": [
        0,
        1,
        2,
        2,
        1
      ]
    },
    {
      "Target": "PartOpacity",
      "Id": "Part40",
      "Segments": [
        0,
        1,
        2,
        2,
        1
      ]
    },
    {
      "Target": "PartOpacity",
      "Id": "Part41",
      "Segments": [
        0,
        1,
        2,
        2,
        1
      ]
    },
    {
      "Target": "PartOpacity",
      "Id": "Part42",
      "Segments": [
        0,
        0,
        2,
        0.27,
        0,
        2,
        2,
        0
      ]
    },
    {
      "Target": "PartOpacity",
      "Id": "Part5",
      "Segments": [
        0,
        1,
        2,
        0.27,
        1,
        2,
        2,
        1
      ]
    },
    {
      "Target": "PartOpacity",
      "Id": "Part49",
      "Segments": [
        0,
        0,
        2,
        2,
        1
      ]
    },
    {
      "Target": "PartOpacity",
      "Id": "Part43",
      "Segments": [
        0,
        1,
        2,
        2,
        1
      ]
    },
    {
      "Target": "PartOpacity",
      "Id": "Part44",
      "Segments": [
        0,
        1,
        2,
        2,
        1
      ]
    },
    {
      "Target": "PartOpacity",
      "Id": "Part45",
      "Segments": [
        0,
        1,
        2,
        2,
        1
      ]
    },
    {
      "Target": "Model",
      "Id": "Opacity",
      "Segments": [
        0,
        1,
        0,
        2,
        1
      ]
    },
    {
      "Target": "Parameter",
      "Id": "Param32",
      "Segments": [
        0,
        0,
        0,
        2,
        0
      ]
    },
    {
      "Target": "Parameter",
      "Id": "Param44",
      "Segments": [
        0,
        -27,
        0,
        2,
        -27
      ]
    },
    {
      "Target": "Parameter",
      "Id": "Param8",
      "Segments": [
        0,
        0,
        0,
        2,
        0
      ]
    },
    {
      "Target": "Parameter",
      "Id": "EyesSize",
      "Segments": [
        0,
        0,
        0,
        2,
        0
      ]
    },
    {
      "Target": "Parameter",
      "Id": "ParamEyeRSmile",
      "Segments": [
        0,
        0.5,
        0,
        2,
        0.5
      ]
    },
    {
      "Target": "Parameter",
      "Id": "ParamEyeLSmile",
      "Segments": [
        0,
        0.5,
        0,
        2,
        0.5
      ]
    },
    {
      "Target": "Parameter",
      "Id": "Param41",
      "Segments": [
        0,
        0,
        0,
        2,
        0
      ]
    },
    {
      "Target": "Parameter",
      "Id": "Param28",
      "Segments": [
        0,
        0,
        0,
        2,
        0
      ]
    },
    {
      "Target": "Parameter",
      "Id": "ParamMouthForm",
      "Segments": [
        0,
        0,
        0,
        2,
        0
      ]
    },
    {
      "Target": "Parameter",
      "Id": "Param22",
      "Segments": [
        0,
        0,
        0,
        2,
        0
      ]
    },
    {
      "Target": "Parameter",
      "Id": "Param34",
      "Segments": [
        0,
        0,
        0,
        2,
        0
      ]
    },
    {
      "Target": "Parameter",
      "Id": "Param35",
      "Segments": [
        0,
        0,
        0,
        2,
        0
      ]
    },
    {
      "Target": "Parameter",
      "Id": "Param43",
      "Segments": [
        0,
        0,
        0,
        2,
        0
      ]
    },
    {
      "Target": "Parameter",
      "Id": "Param15",
      "Segments": [
        0,
        0,
        0,
        2,
        0
      ]
    },
    {
      "Target": "Parameter",
      "Id": "Param30",
      "Segments": [
        0,
        0,
        0,
        2,
        0
      ]
    },
    {
      "Target": "Parameter",
      "Id": "Param10",
      "Segments": [
        0,
        0,
        0,
        2,
        0
      ]
    },
    {
      "Target": "PartOpacity",
      "Id": "Part3",
      "Segments": [
        0,
        0,
        0,
        2,
        0
      ]
    }
  ],
  "UserData": [
    {
      "Time": 0.0,
      "Value": ""
    }
  ]
}