{
  "Version": 3,
  "Meta": {
    "Duration": 2.0,
    "Fps": 30.0,
    "Loop": true,
    "AreBeziersRestricted": true,
    "CurveCount": 92,
    "TotalSegmentCount": 204,
    "TotalPointCount": 274,
    "UserDataCount": 1,
    "TotalUserDataSize": 0
  },
  "Curves": [
    {
      "Target": "Parameter",
      "Id": "Param33",
      "Segments": [
        0,
        0,
        2,
        0.167,
        0,
        0,
        0.4,
        2.88,
        2,
        2,
        2.88
      ]
    },
    {
      "Target": "Parameter",
      "Id": "Breath",
      "Segments": [
        0,
        0,
        1,
        0.244,
        0,
        0.489,
        0.544,
        0.733,
        0.619,
        1,
        1.155,
        0.717,
        1.578,
        0,
        2,
        0
      ]
    },
    {
      "Target": "Parameter",
      "Id": "Body_Shaking",
      "Segments": [
        0,
        5,
        0,
        0.6,
        0,
        2,
        1,
        0,
        0,
        1.4,
        0.566,
        2,
        2,
        0.566
      ]
    },
    {
      "Target": "Parameter",
      "Id": "Param36",
      "Segments": [
        0,
        0,
        0,
        0.6,
        -19,
        2,
        2,
        -19
      ]
    },
    {
      "Target": "Parameter",
      "Id": "Param7",
      "Segments": [
        0,
        -8,
        0,
        0.367,
        -8.59,
        1,
        0.534,
        -8.59,
        0.7,
        -19.156,
        0.867,
        -22.261,
        1,
        1.245,
        -25.47,
        1.622,
        -29.727,
        2,
        -29.727
      ]
    },
    {
      "Target": "Parameter",
      "Id": "Param31",
      "Segments": [
        0,
        -15,
        1,
        0.033,
        -15,
        0.067,
        -15.754,
        0.1,
        -12,
        1,
        0.211,
        0.512,
        0.322,
        14.871,
        0.433,
        14.871,
        1,
        0.578,
        14.871,
        0.722,
        -2.417,
        0.867,
        -8.907,
        1,
        1,
        -14.897,
        1.134,
        -19.769,
        1.267,
        -20.657,
        1,
        1.511,
        -22.283,
        1.756,
        -22.396,
        2,
        -22.396
      ]
    },
    {
      "Target": "Parameter",
      "Id": "Param12",
      "Segments": [
        0,
        0,
        2,
        0.3,
        0,
        0,
        1,
        -3.15,
        2,
        2,
        -3.15
      ]
    },
    {
      "Target": "Parameter",
      "Id": "Param2",
      "Segments": [
        0,
        3,
        0,
        0.267,
        7.445,
        2,
        0.567,
        7.445,
        1,
        0.656,
        7.445,
        0.744,
        1.674,
        0.833,
        1.195,
        1,
        0.966,
        0.477,
        1.1,
        0.178,
        1.233,
        -0.188,
        1,
        1.489,
        -0.89,
        1.744,
        -1.14,
        2,
        -1.14
      ]
    },
    {
      "Target": "Parameter",
      "Id": "Param5",
      "Segments": [
        0,
        0,
        0,
        0.367,
        -11,
        0,
        0.833,
        7.031,
        0,
        2,
        -5.822
      ]
    },
    {
      "Target": "Parameter",
      "Id": "Param11",
      "Segments": [
        0,
        -27,
        0,
        0.567,
        -30,
        0,
        2,
        0
      ]
    },
    {
      "Target": "Parameter",
      "Id": "Param42",
      "Segments": [
        0,
        0,
        0,
        0.467,
        -10,
        0,
        2,
        0
      ]
    },
    {
      "Target": "Parameter",
      "Id": "Param3",
      "Segments": [
        0,
        0,
        0,
        0.6,
        -3.36,
        0,
        2,
        -2.901
      ]
    },
    {
      "Target": "Parameter",
      "Id": "Param4",
      "Segments": [
        0,
        0,
        0,
        0.1,
        -13.102,
        0,
        0.4,
        4.185,
        1,
        0.478,
        4.929,
        0.555,
        4.679,
        0.633,
        3.49,
        1,
        0.755,
        2.093,
        0.878,
        -7.131,
        1,
        -7.919,
        1,
        1.333,
        -10.067,
        1.667,
        -11.975,
        2,
        -12.963
      ]
    },
    {
      "Target": "Parameter",
      "Id": "Head_Roll",
      "Segments": [
        0,
        -3,
        0,
        0.1,
        -5.683,
        1,
        0.189,
        -5.683,
        0.278,
        -0.102,
        0.367,
        0.87,
        1,
        0.467,
        1.963,
        0.567,
        1.878,
        0.667,
        1.878,
        0,
        1.067,
        0,
        2,
        2,
        0
      ]
    },
    {
      "Target": "Parameter",
      "Id": "Param6",
      "Segments": [
        0,
        20,
        0,
        0.1,
        -13,
        0,
        0.6,
        -0.995,
        2,
        2,
        -0.995
      ]
    },
    {
      "Target": "Parameter",
      "Id": "ParamBrowRY",
      "Segments": [
        0,
        0,
        0,
        0.6,
        0.3,
        0,
        2,
        0.1
      ]
    },
    {
      "Target": "Parameter",
      "Id": "ParamBrowLY",
      "Segments": [
        0,
        0,
        0,
        0.6,
        0.3,
        0,
        2,
        0.1
      ]
    },
    {
      "Target": "Parameter",
      "Id": "ParamBrowRForm",
      "Segments": [
        0,
        0,
        0,
        2,
        -0.7
      ]
    },
    {
      "Target": "Parameter",
      "Id": "ParamBrowLForm",
      "Segments": [
        0,
        0,
        0,
        2,
        -0.5
      ]
    },
    {
      "Target": "Parameter",
      "Id": "ParamBrowRAngle",
      "Segments": [
        0,
        0,
        0,
        0.6,
        0.1,
        0,
        2,
        0
      ]
    },
    {
      "Target": "Parameter",
      "Id": "ParamBrowLAngle",
      "Segments": [
        0,
        0,
        0,
        0.6,
        -0.1,
        0,
        2,
        0
      ]
    },
    {
      "Target": "Parameter",
      "Id": "EyesSize",
      "Segments": [
        0,
        0,
        0,
        0.367,
        -10,
        2,
        0.767,
        -10,
        0,
        2,
        -7
      ]
    },
    {
      "Target": "Parameter",
      "Id": "ParamEyeBallX",
      "Segments": [
        0,
        0,
        0,
        0.133,
        0.1,
        0,
        2,
        0
      ]
    },
    {
      "Target": "Parameter",
      "Id": "ParamEyeBallY",
      "Segments": [
        0,
        0,
        0,
        0.133,
        -0.1,
        0,
        2,
        0
      ]
    },
    {
      "Target": "Parameter",
      "Id": "EyeR_Open",
      "Segments": [
        0,
        1,
        0,
        0.033,
        0.9,
        0,
        0.333,
        1,
        2,
        2,
        1
      ]
    },
    {
      "Target": "Parameter",
      "Id": "ParamEyeRSmile",
      "Segments": [
        0,
        0.5,
        2,
        0.033,
        0.5,
        0,
        0.333,
        1,
        2,
        2,
        1
      ]
    },
    {
      "Target": "Parameter",
      "Id": "EyeL_Open",
      "Segments": [
        0,
        1,
        0,
        0.033,
        0.9,
        0,
        0.333,
        1,
        2,
        2,
        1
      ]
    },
    {
      "Target": "Parameter",
      "Id": "ParamEyeLSmile",
      "Segments": [
        0,
        0.5,
        2,
        0.033,
        0.5,
        0,
        0.333,
        1,
        0,
        2,
        0.8
      ]
    },
    {
      "Target": "Parameter",
      "Id": "Param41",
      "Segments": [
        0,
        0,
        1,
        0.111,
        0,
        0.222,
        -5.638,
        0.333,
        -6,
        1,
        0.555,
        -6.723,
        0.778,
        -6.753,
        1,
        -6.753,
        0,
        1.333,
        -6,
        2,
        2,
        -6
      ]
    },
    {
      "Target": "Parameter",
      "Id": "Param28",
      "Segments": [
        0,
        0,
        0,
        0.333,
        -5.1,
        2,
        0.7,
        -5.1,
        0,
        1.333,
        0,
        2,
        2,
        0
      ]
    },
    {
      "Target": "Parameter",
      "Id": "ParamMouthForm",
      "Segments": [
        0,
        0,
        0,
        1.333,
        -1,
        2,
        2,
        -1
      ]
    },
    {
      "Target": "Parameter",
      "Id": "Mouth_Size",
      "Segments": [
        0,
        0.5,
        0,
        0.267,
        0.2,
        2,
        2,
        0.2
      ]
    },
    {
      "Target": "Parameter",
      "Id": "Param16",
      "Segments": [
        0,
        0,
        0,
        0.3,
        15.863,
        0,
        1.133,
        -17.649,
        1,
        1.244,
        -17.649,
        1.356,
        -14.477,
        1.467,
        -9.101,
        1,
        1.645,
        -0.5,
        1.822,
        3.366,
        2,
        3.366
      ]
    },
    {
      "Target": "Parameter",
      "Id": "Param14",
      "Segments": [
        0,
        0,
        0,
        0.3,
        -29.182,
        0,
        0.9,
        13.772,
        1,
        1.089,
        13.772,
        1.278,
        -19.484,
        1.467,
        -24.948,
        1,
        1.645,
        -29.692,
        1.822,
        -28.934,
        2,
        -23.217
      ]
    },
    {
      "Target": "Parameter",
      "Id": "Param13",
      "Segments": [
        0,
        0,
        0,
        0.5,
        27.614,
        0,
        1.233,
        -18.278,
        0,
        2,
        13.647
      ]
    },
    {
      "Target": "Parameter",
      "Id": "Param18",
      "Segments": [
        0,
        17,
        0,
        0.5,
        18,
        0,
        1.033,
        -8.833,
        0,
        2,
        -7
      ]
    },
    {
      "Target": "Parameter",
      "Id": "Param17",
      "Segments": [
        0,
        28,
        1,
        0.178,
        28,
        0.355,
        27.336,
        0.533,
        22,
        1,
        0.722,
        16.331,
        0.911,
        -3.345,
        1.1,
        -4,
        1,
        1.4,
        -5.04,
        1.7,
        -5,
        2,
        -5
      ]
    },
    {
      "Target": "Parameter",
      "Id": "Param19",
      "Segments": [
        0,
        6,
        0,
        0.5,
        1.707,
        0,
        1.133,
        2.718,
        0,
        1.667,
        1.998,
        2,
        2,
        1.998
      ]
    },
    {
      "Target": "Parameter",
      "Id": "Param9",
      "Segments": [
        0,
        11,
        0,
        0.533,
        10,
        1,
        0.766,
        10,
        1,
        0.094,
        1.233,
        0.074,
        2,
        2,
        0.074
      ]
    },
    {
      "Target": "Parameter",
      "Id": "Param20",
      "Segments": [
        0,
        -1.5,
        1,
        0.167,
        -1.5,
        0.333,
        -1.342,
        0.5,
        -1.3,
        1,
        0.711,
        -1.247,
        0.922,
        -1.25,
        1.133,
        -1.197,
        1,
        1.311,
        -1.152,
        1.489,
        -0.997,
        1.667,
        -0.997,
        2,
        2,
        -0.997
      ]
    },
    {
      "Target": "Parameter",
      "Id": "Param21",
      "Segments": [
        0,
        -7,
        0,
        0.1,
        -7.28,
        0,
        0.4,
        -7.116,
        0,
        0.533,
        -7.13,
        0,
        1.233,
        0.2,
        2,
        2,
        0.2
      ]
    },
    {
      "Target": "Parameter",
      "Id": "Param23",
      "Segments": [
        0,
        -3,
        0,
        0.533,
        -6,
        0,
        1.1,
        0,
        2,
        2,
        0
      ]
    },
    {
      "Target": "Parameter",
      "Id": "Param27",
      "Segments": [
        0,
        -8,
        2,
        0.4,
        -8,
        0,
        2,
        0
      ]
    },
    {
      "Target": "Parameter",
      "Id": "Param34",
      "Segments": [
        0,
        0,
        2,
        0.5,
        0,
        1,
        0.578,
        0,
        0.655,
        -2.748,
        0.733,
        -3.647,
        1,
        0.878,
        -5.316,
        1.022,
        -5.547,
        1.167,
        -5.547,
        2,
        2,
        -5.547
      ]
    },
    {
      "Target": "Parameter",
      "Id": "Param25",
      "Segments": [
        0,
        5,
        0,
        0.5,
        -2,
        1,
        0.556,
        -2,
        0.611,
        -0.487,
        0.667,
        -0.404,
        1,
        0.889,
        -0.073,
        1.111,
        0,
        1.333,
        0,
        2,
        2,
        0
      ]
    },
    {
      "Target": "Parameter",
      "Id": "Param24",
      "Segments": [
        0,
        -22,
        0,
        0.1,
        -23.129,
        0,
        0.4,
        -22.107,
        2,
        0.667,
        -22.107,
        0,
        0.9,
        -7.912,
        1,
        1.267,
        -6.127,
        1.633,
        -4.543,
        2,
        -2.855
      ]
    },
    {
      "Target": "Parameter",
      "Id": "Param15",
      "Segments": [
        0,
        0,
        2,
        0.533,
        0,
        0,
        1.333,
        20,
        2,
        2,
        20
      ]
    },
    {
      "Target": "Parameter",
      "Id": "Param10",
      "Segments": [
        0,
        0,
        2,
        0.533,
        0,
        0,
        1.333,
        -30,
        2,
        2,
        -30
      ]
    },
    {
      "Target": "Parameter",
      "Id": "Param",
      "Segments": [
        0,
        11,
        0,
        0.4,
        0,
        0,
        1.333,
        6.2,
        2,
        2,
        6.2
      ]
    },
    {
      "Target": "Parameter",
      "Id": "Param29",
      "Segments": [
        0,
        18,
        0,
        0.4,
        12,
        0,
        1.333,
        14.08,
        2,
        2,
        14.08
      ]
    },
    {
      "Target": "Parameter",
      "Id": "Param39",
      "Segments": [
        0,
        -7,
        0,
        0.4,
        -8.92,
        0,
        1.333,
        -7.16,
        2,
        2,
        -7.16
      ]
    },
    {
      "Target": "PartOpacity",
      "Id": "Part25",
      "Segments": [
        0,
        1,
        2,
        2,
        1
      ]
    },
    {
      "Target": "PartOpacity",
      "Id": "Part26",
      "Segments": [
        0,
        1,
        2,
        2,
        1
      ]
    },
    {
      "Target": "PartOpacity",
      "Id": "Part27",
      "Segments": [
        0,
        1,
        2,
        2,
        1
      ]
    },
    {
      "Target": "PartOpacity",
      "Id": "Part28",
      "Segments": [
        0,
        1,
        2,
        2,
        1
      ]
    },
    {
      "Target": "PartOpacity",
      "Id": "Part29",
      "Segments": [
        0,
        1,
        2,
        2,
        1
      ]
    },
    {
      "Target": "PartOpacity",
      "Id": "Part2",
      "Segments": [
        0,
        0,
        2,
        2,
        0
      ]
    },
    {
      "Target": "PartOpacity",
      "Id": "Part30",
      "Segments": [
        0,
        1,
        2,
        2,
        1
      ]
    },
    {
      "Target": "PartOpacity",
      "Id": "Part31",
      "Segments": [
        0,
        1,
        2,
        2,
        1
      ]
    },
    {
      "Target": "PartOpacity",
      "Id": "Part4",
      "Segments": [
        0,
        0,
        2,
        2,
        0
      ]
    },
    {
      "Target": "PartOpacity",
      "Id": "Part32",
      "Segments": [
        0,
        1,
        2,
        2,
        1
      ]
    },
    {
      "Target": "PartOpacity",
      "Id": "Part33",
      "Segments": [
        0,
        0,
        2,
        2,
        0
      ]
    },
    {
      "Target": "PartOpacity",
      "Id": "Part34",
      "Segments": [
        0,
        0,
        2,
        2,
        0
      ]
    },
    {
      "Target": "PartOpacity",
      "Id": "Part",
      "Segments": [
        0,
        1,
        2,
        0.77,
        0,
        2,
        2,
        0
      ]
    },
    {
      "Target": "PartOpacity",
      "Id": "Part13",
      "Segments": [
        0,
        0,
        2,
        0.77,
        1,
        2,
        2,
        1
      ]
    },
    {
      "Target": "PartOpacity",
      "Id": "Part35",
      "Segments": [
        0,
        1,
        2,
        2,
        1
      ]
    },
    {
      "Target": "PartOpacity",
      "Id": "Part36",
      "Segments": [
        0,
        0,
        2,
        2,
        0
      ]
    },
    {
      "Target": "PartOpacity",
      "Id": "Part46",
      "Segments": [
        0,
        1,
        2,
        2,
        1
      ]
    },
    {
      "Target": "PartOpacity",
      "Id": "Part38",
      "Segments": [
        0,
        1,
        2,
        2,
        1
      ]
    },
    {
      "Target": "PartOpacity",
      "Id": "Part48",
      "Segments": [
        0,
        1,
        2,
        0.73,
        1,
        2,
        0.77,
        0,
        2,
        2,
        0
      ]
    },
    {
      "Target": "PartOpacity",
      "Id": "Part39",
      "Segments": [
        0,
        1,
        2,
        2,
        1
      ]
    },
    {
      "Target": "PartOpacity",
      "Id": "Part40",
      "Segments": [
        0,
        1,
        2,
        2,
        1
      ]
    },
    {
      "Target": "PartOpacity",
      "Id": "Part41",
      "Segments": [
        0,
        1,
        2,
        2,
        1
      ]
    },
    {
      "Target": "PartOpacity",
      "Id": "Part42",
      "Segments": [
        0,
        0,
        2,
        0.17,
        0,
        2,
        2,
        0
      ]
    },
    {
      "Target": "PartOpacity",
      "Id": "Part5",
      "Segments": [
        0,
        1,
        2,
        0.17,
        1,
        2,
        2,
        1
      ]
    },
    {
      "Target": "PartOpacity",
      "Id": "Part49",
      "Segments": [
        0,
        0,
        2,
        2,
        1
      ]
    },
    {
      "Target": "PartOpacity",
      "Id": "Part43",
      "Segments": [
        0,
        1,
        2,
        2,
        1
      ]
    },
    {
      "Target": "PartOpacity",
      "Id": "Part44",
      "Segments": [
        0,
        1,
        2,
        2,
        1
      ]
    },
    {
      "Target": "PartOpacity",
      "Id": "Part45",
      "Segments": [
        0,
        1,
        2,
        2,
        1
      ]
    },
    {
      "Target": "Model",
      "Id": "Opacity",
      "Segments": [
        0,
        1,
        0,
        2,
        1
      ]
    },
    {
      "Target": "Parameter",
      "Id": "Param32",
      "Segments": [
        0,
        0,
        0,
        2,
        0
      ]
    },
    {
      "Target": "Parameter",
      "Id": "Param44",
      "Segments": [
        0,
        -27,
        0,
        2,
        -27
      ]
    },
    {
      "Target": "Parameter",
      "Id": "Param8",
      "Segments": [
        0,
        0,
        0,
        2,
        0
      ]
    },
    {
      "Target": "Parameter",
      "Id": "Param40",
      "Segments": [
        0,
        0,
        0,
        2,
        0
      ]
    },
    {
      "Target": "Parameter",
      "Id": "Mouth_Open",
      "Segments": [
        0,
        1,
        0,
        2,
        1
      ]
    },
    {
      "Target": "Parameter",
      "Id": "Param22",
      "Segments": [
        0,
        0,
        0,
        2,
        0
      ]
    },
    {
      "Target": "Parameter",
      "Id": "Param26",
      "Segments": [
        0,
        0,
        0,
        2,
        0
      ]
    },
    {
      "Target": "Parameter",
      "Id": "Param35",
      "Segments": [
        0,
        0,
        0,
        2,
        0
      ]
    },
    {
      "Target": "Parameter",
      "Id": "Param43",
      "Segments": [
        0,
        0,
        0,
        2,
        0
      ]
    },
    {
      "Target": "Parameter",
      "Id": "Param30",
      "Segments": [
        0,
        0,
        0,
        2,
        0
      ]
    },
    {
      "Target": "Parameter",
      "Id": "Param38",
      "Segments": [
        0,
        0,
        0,
        2,
        0
      ]
    },
    {
      "Target": "PartOpacity",
      "Id": "Part3",
      "Segments": [
        0,
        0,
        0,
        2,
        0
      ]
    }
  ],
  "UserData": [
    {
      "Time": 0.0,
      "Value": ""
    }
  ]
}