{
  "Version": 3,
  "Meta": {
    "Duration": 10.0,
    "Fps": 30.0,
    "Loop": true,
    "AreBeziersRestricted": true,
    "CurveCount": 92,
    "TotalSegmentCount": 435,
    "TotalPointCount": 655,
    "UserDataCount": 1,
    "TotalUserDataSize": 0
  },
  "Curves": [
    {
      "Target": "Parameter",
      "Id": "Breath",
      "Segments": [
        0,
        0,
        1,
        0.267,
        0,
        0.533,
        0.577,
        0.8,
        0.652,
        1,
        1.2,
        0.749,
        1.6,
        0,
        2,
        0,
        0,
        3.333,
        0.543,
        0,
        4.833,
        0,
        0,
        5.967,
        0.652,
        0,
        7.433,
        0,
        0,
        8.667,
        0.508,
        0,
        10,
        0
      ]
    },
    {
      "Target": "Parameter",
      "Id": "Body_Shaking",
      "Segments": [
        0,
        5,
        1,
        0.2,
        5,
        0.4,
        3.76,
        0.6,
        0,
        1,
        0.767,
        -3.134,
        0.933,
        -5.58,
        1.1,
        -5.58,
        2,
        2,
        -5.58,
        2,
        6.1,
        -5.58,
        0,
        7.067,
        0,
        0,
        10,
        -5.58
      ]
    },
    {
      "Target": "Parameter",
      "Id": "Param7",
      "Segments": [
        0,
        -8,
        0,
        0.367,
        -30,
        0,
        1.033,
        -9,
        1,
        1.355,
        -9,
        1.678,
        -14.033,
        2,
        -13.773,
        1,
        3.122,
        -13.225,
        4.245,
        -13.364,
        5.367,
        -14.174,
        1,
        5.9,
        -14.709,
        6.434,
        -26.498,
        6.967,
        -28.998,
        1,
        7.256,
        -30,
        7.544,
        -30,
        7.833,
        -30,
        1,
        8.122,
        -30,
        8.411,
        -29.874,
        8.7,
        -28.998,
        1,
        9.133,
        -27.554,
        9.567,
        -13.773,
        10,
        -13.773
      ]
    },
    {
      "Target": "Parameter",
      "Id": "Param31",
      "Segments": [
        0,
        -15,
        0,
        0.433,
        -18,
        0,
        0.933,
        26.747,
        1,
        1.055,
        29.058,
        1.178,
        29.101,
        1.3,
        28.094,
        1,
        1.533,
        25.016,
        1.767,
        21.162,
        2,
        17,
        1,
        2.267,
        13.482,
        2.533,
        10.141,
        2.8,
        10.141,
        0,
        4,
        19.843,
        0,
        5.567,
        6.479,
        0,
        6.967,
        21.691,
        0,
        8.267,
        11.606,
        0,
        9.567,
        19.843,
        1,
        9.711,
        19.843,
        9.856,
        19.043,
        10,
        17
      ]
    },
    {
      "Target": "Parameter",
      "Id": "Param12",
      "Segments": [
        0,
        0,
        0,
        0.433,
        -5.7,
        0,
        1.2,
        8.1,
        0,
        1.633,
        0,
        2,
        2,
        0,
        2,
        5.233,
        0,
        0,
        6.433,
        5.017,
        0,
        7.567,
        0,
        2,
        8.9,
        0,
        0,
        9.433,
        6.017,
        0,
        10,
        0
      ]
    },
    {
      "Target": "Parameter",
      "Id": "Param2",
      "Segments": [
        0,
        3,
        1,
        0.267,
        3,
        0.533,
        7.452,
        0.8,
        8.2,
        1,
        1.2,
        9.323,
        1.6,
        10.039,
        2,
        10.42,
        1,
        2.167,
        10.579,
        2.333,
        10.626,
        2.5,
        10.53,
        1,
        2.844,
        10.306,
        3.189,
        8.43,
        3.533,
        8.43,
        0,
        5.367,
        11.717,
        0,
        6.5,
        9.317,
        0,
        7.833,
        11.297,
        0,
        9.133,
        9.397,
        1,
        9.422,
        9.397,
        9.711,
        10.104,
        10,
        10.42
      ]
    },
    {
      "Target": "Parameter",
      "Id": "Param5",
      "Segments": [
        0,
        0,
        2,
        0.3,
        0,
        0,
        0.567,
        -9.22,
        0,
        1.1,
        4.491,
        0,
        2,
        -3.645,
        0,
        3.4,
        4.858,
        0,
        5.067,
        -4.006,
        0,
        6.267,
        5.509,
        0,
        7.633,
        -3.447,
        0,
        9,
        6.964,
        0,
        10,
        -3.645
      ]
    },
    {
      "Target": "Parameter",
      "Id": "Param11",
      "Segments": [
        0,
        -27,
        0,
        1.333,
        0,
        2,
        2,
        0,
        2,
        10,
        0
      ]
    },
    {
      "Target": "Parameter",
      "Id": "Param44",
      "Segments": [
        0,
        -27,
        2,
        2,
        -27,
        0,
        10,
        -27.03
      ]
    },
    {
      "Target": "Parameter",
      "Id": "Param42",
      "Segments": [
        0,
        0,
        0,
        0.467,
        6,
        0,
        1.033,
        -9,
        0,
        2,
        0,
        0,
        3.933,
        -5,
        0,
        5.567,
        4,
        0,
        7.1,
        -4,
        0,
        10,
        0
      ]
    },
    {
      "Target": "Parameter",
      "Id": "Param3",
      "Segments": [
        0,
        0,
        2,
        0.7,
        0,
        2,
        2,
        0,
        1,
        2.211,
        0,
        2.422,
        0.049,
        2.633,
        -0.043,
        1,
        3.122,
        -0.257,
        3.611,
        -10.036,
        4.1,
        -12.498,
        1,
        4.567,
        -14.849,
        5.033,
        -14.977,
        5.5,
        -14.977,
        1,
        5.911,
        -14.977,
        6.322,
        -15.171,
        6.733,
        -13.165,
        1,
        7.366,
        -9.603,
        8,
        -3.535,
        8.633,
        0,
        1,
        9.089,
        1.747,
        9.544,
        0,
        10,
        0
      ]
    },
    {
      "Target": "Parameter",
      "Id": "Param4",
      "Segments": [
        0,
        0,
        0,
        0.433,
        -20.672,
        1,
        0.578,
        -20.672,
        0.722,
        -7.575,
        0.867,
        1.78,
        1,
        1.022,
        11.854,
        1.178,
        13.3,
        1.333,
        13.3,
        0,
        1.667,
        2.723,
        1,
        1.778,
        -0.244,
        1.889,
        -3.413,
        2,
        -4.726,
        1,
        2.233,
        -6.908,
        2.467,
        -9.976,
        2.7,
        -11.074,
        1,
        3.378,
        -15.693,
        4.055,
        -17.46,
        4.733,
        -17.46,
        0,
        6.033,
        5.12,
        0,
        7.8,
        -8.493,
        1,
        8.533,
        -8.493,
        9.267,
        -0.528,
        10,
        -4.726
      ]
    },
    {
      "Target": "Parameter",
      "Id": "Head_Roll",
      "Segments": [
        0,
        -3,
        0,
        0.433,
        -5.79,
        1,
        0.578,
        -5.79,
        0.722,
        -4.005,
        0.867,
        -2.88,
        1,
        1.067,
        -1.323,
        1.267,
        -1.08,
        1.467,
        -1.08,
        2,
        2,
        -1.08,
        2,
        10,
        -1.08
      ]
    },
    {
      "Target": "Parameter",
      "Id": "Param6",
      "Segments": [
        0,
        20,
        0,
        0.4,
        0,
        0,
        1.333,
        14.58,
        0,
        1.8,
        0,
        2,
        2,
        0,
        2,
        10,
        0
      ]
    },
    {
      "Target": "Parameter",
      "Id": "Param40",
      "Segments": [
        0,
        0,
        2,
        0.3,
        0,
        0,
        0.533,
        -30,
        2,
        2,
        -30,
        2,
        10,
        -30
      ]
    },
    {
      "Target": "Parameter",
      "Id": "ParamBrowRY",
      "Segments": [
        0,
        0,
        0,
        0.2,
        -0.5,
        0,
        0.4,
        0,
        0,
        0.533,
        -0.3,
        2,
        2,
        -0.3,
        2,
        10,
        -0.3
      ]
    },
    {
      "Target": "Parameter",
      "Id": "ParamBrowLY",
      "Segments": [
        0,
        0,
        0,
        0.2,
        -0.5,
        0,
        0.4,
        0,
        0,
        0.533,
        -0.2,
        2,
        2,
        -0.2,
        2,
        10,
        -0.2
      ]
    },
    {
      "Target": "Parameter",
      "Id": "ParamBrowRForm",
      "Segments": [
        0,
        0,
        0,
        0.533,
        -1,
        2,
        2,
        -1,
        2,
        10,
        -1
      ]
    },
    {
      "Target": "Parameter",
      "Id": "ParamBrowLForm",
      "Segments": [
        0,
        0,
        0,
        0.533,
        -1,
        2,
        2,
        -1,
        2,
        10,
        -1
      ]
    },
    {
      "Target": "Parameter",
      "Id": "ParamBrowRAngle",
      "Segments": [
        0,
        0,
        0,
        0.533,
        0.6,
        2,
        2,
        0.6,
        2,
        10,
        0.6
      ]
    },
    {
      "Target": "Parameter",
      "Id": "ParamBrowLAngle",
      "Segments": [
        0,
        0,
        0,
        0.533,
        -0.6,
        2,
        2,
        -0.6,
        2,
        10,
        -0.6
      ]
    },
    {
      "Target": "Parameter",
      "Id": "ParamEyeBallX",
      "Segments": [
        0,
        0,
        0,
        0.533,
        0.113,
        1,
        0.589,
        0.113,
        0.644,
        0.09,
        0.7,
        0.076,
        1,
        0.878,
        0.032,
        1.055,
        0.018,
        1.233,
        0.018,
        1,
        1.489,
        0.018,
        1.744,
        0.057,
        2,
        0.113,
        1,
        2.7,
        0.267,
        3.4,
        0.334,
        4.1,
        0.334,
        0,
        6.733,
        0.317,
        1,
        7.089,
        0.311,
        7.444,
        -0.007,
        7.8,
        -0.058,
        1,
        8.089,
        -0.091,
        8.378,
        -0.089,
        8.667,
        -0.09,
        1,
        9.111,
        -0.089,
        9.556,
        -0.099,
        10,
        0.113
      ]
    },
    {
      "Target": "Parameter",
      "Id": "ParamEyeBallY",
      "Segments": [
        0,
        0,
        0,
        0.533,
        -0.054,
        0,
        0.7,
        0.018,
        0,
        1.233,
        -0.214,
        1,
        1.489,
        -0.214,
        1.744,
        -0.193,
        2,
        -0.1,
        1,
        2.233,
        -0.015,
        2.467,
        0.068,
        2.7,
        0.068,
        1,
        3.411,
        0.068,
        4.122,
        0.043,
        4.833,
        -0.05,
        1,
        5.233,
        -0.102,
        5.633,
        -0.166,
        6.033,
        -0.166,
        0,
        7.8,
        0.07,
        1,
        8.089,
        0.07,
        8.378,
        0.049,
        8.667,
        -0.006,
        1,
        8.967,
        -0.063,
        9.267,
        -0.098,
        9.567,
        -0.098,
        1,
        9.711,
        -0.098,
        9.856,
        -0.088,
        10,
        -0.054
      ]
    },
    {
      "Target": "Parameter",
      "Id": "EyeR_Open",
      "Segments": [
        0,
        1,
        0,
        0.1,
        0,
        2,
        0.267,
        0,
        0,
        0.533,
        0.8,
        2,
        2,
        0.8,
        2,
        10,
        0.8
      ]
    },
    {
      "Target": "Parameter",
      "Id": "ParamEyeRSmile",
      "Segments": [
        0,
        0.5,
        2,
        0.4,
        0.5,
        2,
        0.533,
        0.5,
        0,
        0.833,
        1,
        0,
        1.4,
        0.5,
        2,
        2,
        0.5,
        2,
        10,
        0.5
      ]
    },
    {
      "Target": "Parameter",
      "Id": "EyeL_Open",
      "Segments": [
        0,
        1,
        0,
        0.1,
        0,
        2,
        0.267,
        0,
        0,
        0.533,
        0.8,
        2,
        2,
        0.8,
        2,
        10,
        0.8
      ]
    },
    {
      "Target": "Parameter",
      "Id": "ParamEyeLSmile",
      "Segments": [
        0,
        0.5,
        2,
        0.4,
        0.5,
        2,
        0.533,
        0.5,
        0,
        0.833,
        1,
        0,
        1.4,
        0.5,
        2,
        2,
        0.5,
        2,
        10,
        0.5
      ]
    },
    {
      "Target": "Parameter",
      "Id": "Param41",
      "Segments": [
        0,
        0,
        1,
        0.089,
        0,
        0.178,
        -12.224,
        0.267,
        -18,
        1,
        0.356,
        -23.776,
        0.444,
        -24,
        0.533,
        -24,
        2,
        1.467,
        -24,
        0,
        2,
        -16,
        2,
        10,
        -16
      ]
    },
    {
      "Target": "Parameter",
      "Id": "Param28",
      "Segments": [
        0,
        0,
        0,
        0.267,
        -10,
        2,
        0.533,
        -10,
        2,
        2,
        -10,
        2,
        10,
        -10
      ]
    },
    {
      "Target": "Parameter",
      "Id": "ParamMouthForm",
      "Segments": [
        0,
        0,
        0,
        0.267,
        1,
        2,
        2,
        1,
        0,
        10,
        0
      ]
    },
    {
      "Target": "Parameter",
      "Id": "Mouth_Open",
      "Segments": [
        0,
        1,
        2,
        0.267,
        1,
        0,
        2,
        0.5,
        2,
        10,
        0.5
      ]
    },
    {
      "Target": "Parameter",
      "Id": "Mouth_Size",
      "Segments": [
        0,
        0.5,
        1,
        0.089,
        0.5,
        0.178,
        0.65,
        0.267,
        0.8,
        1,
        0.322,
        0.894,
        0.378,
        0.9,
        0.433,
        0.9,
        2,
        1.167,
        0.9,
        0,
        1.667,
        0.6,
        0,
        2,
        0.7,
        0,
        10,
        0.6
      ]
    },
    {
      "Target": "Parameter",
      "Id": "Param16",
      "Segments": [
        0,
        0,
        0,
        0.4,
        15.863,
        1,
        0.644,
        15.882,
        0.889,
        -17.649,
        1.133,
        -17.649,
        1,
        1.244,
        -17.649,
        1.356,
        -14.477,
        1.467,
        -9.101,
        1,
        1.645,
        -0.5,
        1.822,
        3.366,
        2,
        3.366,
        0,
        2.8,
        -15.237,
        0,
        3.7,
        11.223,
        0,
        4.833,
        -11.476,
        0,
        5.8,
        6.356,
        0,
        6.9,
        -16.686,
        0,
        7.767,
        4.995,
        0,
        8.967,
        -16.686,
        0,
        10,
        3.366
      ]
    },
    {
      "Target": "Parameter",
      "Id": "Param14",
      "Segments": [
        0,
        0,
        0,
        0.4,
        -28.688,
        1,
        0.567,
        -28.418,
        0.733,
        13.772,
        0.9,
        13.772,
        1,
        1.089,
        13.772,
        1.278,
        -19.484,
        1.467,
        -24.948,
        1,
        1.645,
        -29.692,
        1.822,
        -28.934,
        2,
        -23.217,
        1,
        2.256,
        -13.3,
        2.511,
        15.177,
        2.767,
        15.177,
        0,
        3.933,
        -28.688,
        0,
        5.433,
        10.573,
        0,
        6.8,
        -29.766,
        0,
        8.3,
        18.768,
        1,
        8.722,
        18.768,
        9.145,
        -18.317,
        9.567,
        -24.948,
        1,
        9.711,
        -27.767,
        9.856,
        -28.292,
        10,
        -23.217
      ]
    },
    {
      "Target": "Parameter",
      "Id": "Param13",
      "Segments": [
        0,
        0,
        0,
        0.6,
        27.614,
        0,
        1.233,
        -18.278,
        0,
        2,
        13.647,
        0,
        3.067,
        -19.839,
        0,
        4.133,
        13.647,
        0,
        5.767,
        -13.652,
        0,
        7.067,
        18.222,
        0,
        8.6,
        -15.261,
        0,
        10,
        13.647
      ]
    },
    {
      "Target": "Parameter",
      "Id": "Param18",
      "Segments": [
        0,
        17,
        0,
        0.567,
        -18,
        0,
        2,
        -17,
        0,
        3.133,
        -21.86,
        0,
        4.1,
        -14.906,
        1,
        4.511,
        -14.906,
        4.922,
        -23.316,
        5.333,
        -24.146,
        1,
        6.044,
        -25.582,
        6.756,
        -25.586,
        7.467,
        -25.586,
        0,
        10,
        -17
      ]
    },
    {
      "Target": "Parameter",
      "Id": "Param17",
      "Segments": [
        0,
        28,
        0,
        0.567,
        21.748,
        0,
        1.233,
        22.338,
        1,
        1.489,
        22.338,
        1.744,
        20.807,
        2,
        20.136,
        1,
        2.278,
        19.408,
        2.555,
        19.407,
        2.833,
        19.407,
        0,
        3.933,
        22.708,
        0,
        5.633,
        17.799,
        0,
        7,
        21.371,
        0,
        8.367,
        18.665,
        0,
        9.4,
        22.04,
        0,
        10,
        20.136
      ]
    },
    {
      "Target": "Parameter",
      "Id": "Param19",
      "Segments": [
        0,
        6,
        1,
        0.144,
        6,
        0.289,
        4.966,
        0.433,
        3.81,
        1,
        0.533,
        3.01,
        0.633,
        2.668,
        0.733,
        1.96,
        1,
        0.822,
        1.331,
        0.911,
        0.825,
        1,
        0.825,
        1,
        1.089,
        0.825,
        1.178,
        1.068,
        1.267,
        1.325,
        1,
        1.389,
        1.678,
        1.511,
        1.916,
        1.633,
        2.235,
        1,
        1.755,
        2.554,
        1.878,
        2.74,
        2,
        2.74,
        0,
        3.833,
        2.126,
        0,
        6.5,
        2.944,
        0,
        9.033,
        2.055,
        0,
        10,
        2.74
      ]
    },
    {
      "Target": "Parameter",
      "Id": "Param9",
      "Segments": [
        0,
        11,
        1,
        0.122,
        11,
        0.245,
        -3.863,
        0.367,
        -10.94,
        1,
        0.434,
        -14.8,
        0.5,
        -14.2,
        0.567,
        -14.2,
        1,
        0.634,
        -14.2,
        0.7,
        17.337,
        0.767,
        21.24,
        1,
        0.9,
        29.046,
        1.034,
        30,
        1.167,
        30,
        2,
        2,
        30,
        0,
        2.367,
        29.835,
        0,
        3.567,
        30,
        0,
        5.033,
        28.814,
        0,
        6.5,
        30,
        0,
        7.833,
        28.808,
        0,
        9.067,
        30,
        2,
        10,
        30
      ]
    },
    {
      "Target": "Parameter",
      "Id": "Param20",
      "Segments": [
        0,
        -1.5,
        0,
        0.433,
        -1.008,
        1,
        0.533,
        -1.008,
        0.633,
        -3.325,
        0.733,
        -3.65,
        1,
        0.889,
        -4.155,
        1.044,
        -4.15,
        1.2,
        -4.15,
        0,
        2,
        -3.2,
        0,
        4.033,
        -3.85,
        0,
        6.6,
        -2.692,
        0,
        8.567,
        -3.65,
        1,
        9.045,
        -3.563,
        9.522,
        -3.068,
        10,
        -3.2
      ]
    },
    {
      "Target": "Parameter",
      "Id": "Param21",
      "Segments": [
        0,
        -7,
        1,
        0.089,
        -7,
        0.178,
        -19.416,
        0.267,
        -20.745,
        1,
        0.345,
        -21.908,
        0.422,
        -21.702,
        0.5,
        -21.702,
        1,
        0.578,
        -21.702,
        0.655,
        -0.64,
        0.733,
        3.283,
        1,
        0.766,
        4.965,
        0.8,
        5.448,
        0.833,
        5.46,
        1,
        1.044,
        5.537,
        1.256,
        5.56,
        1.467,
        5.56,
        1,
        1.645,
        5.56,
        1.822,
        4.946,
        2,
        4.911,
        1,
        2.578,
        4.797,
        3.155,
        4.778,
        3.733,
        4.778,
        0,
        5.2,
        5.744,
        0,
        6.667,
        5.227,
        0,
        8,
        5.628,
        1,
        8.411,
        5.628,
        8.822,
        4.933,
        9.233,
        4.917,
        1,
        9.489,
        4.906,
        9.744,
        4.911,
        10,
        4.911
      ]
    },
    {
      "Target": "Parameter",
      "Id": "Param22",
      "Segments": [
        0,
        0,
        0,
        0.567,
        -9,
        2,
        2,
        -9,
        2,
        10,
        -9
      ]
    },
    {
      "Target": "Parameter",
      "Id": "Param26",
      "Segments": [
        0,
        0,
        2,
        0.567,
        0,
        0,
        1.033,
        -1,
        0,
        1.733,
        0,
        2,
        2,
        0,
        2,
        10,
        0
      ]
    },
    {
      "Target": "Parameter",
      "Id": "Param23",
      "Segments": [
        0,
        -3,
        1,
        0.167,
        -3,
        0.333,
        -5.172,
        0.5,
        -15,
        1,
        0.567,
        -18.931,
        0.633,
        -47.144,
        0.7,
        -51,
        1,
        0.833,
        -58.712,
        0.967,
        -60,
        1.1,
        -60,
        2,
        2,
        -60,
        2,
        10,
        -60
      ]
    },
    {
      "Target": "Parameter",
      "Id": "Param27",
      "Segments": [
        0,
        -8,
        1,
        0.156,
        -8,
        0.311,
        -8.521,
        0.467,
        -10,
        1,
        0.5,
        -10.317,
        0.534,
        -10.759,
        0.567,
        -12,
        1,
        0.611,
        -13.655,
        0.656,
        -36.613,
        0.7,
        -48,
        1,
        0.733,
        -56.54,
        0.767,
        -60,
        0.8,
        -60,
        2,
        1.1,
        -60,
        2,
        2,
        -60,
        2,
        3.033,
        -60,
        2,
        5.5,
        -60,
        2,
        6.933,
        -60,
        1,
        7.089,
        -59.091,
        7.244,
        -60,
        7.4,
        -60,
        1,
        8.022,
        -59.644,
        8.645,
        -59.699,
        9.267,
        -60,
        2,
        10,
        -60
      ]
    },
    {
      "Target": "Parameter",
      "Id": "Param35",
      "Segments": [
        0,
        0,
        2,
        0.3,
        0,
        2,
        0.433,
        0,
        2,
        0.533,
        0,
        2,
        0.6,
        0,
        1,
        0.644,
        0,
        0.689,
        -24.709,
        0.733,
        -28,
        1,
        0.766,
        -30.468,
        0.8,
        -30,
        0.833,
        -30,
        2,
        2,
        -30,
        2,
        10,
        -30
      ]
    },
    {
      "Target": "Parameter",
      "Id": "Param43",
      "Segments": [
        0,
        0,
        2,
        0.533,
        0,
        2,
        0.633,
        0,
        1,
        0.644,
        0,
        0.656,
        5.936,
        0.667,
        9,
        1,
        0.722,
        24.321,
        0.778,
        30,
        0.833,
        30,
        2,
        2,
        30,
        2,
        10,
        30
      ]
    },
    {
      "Target": "Parameter",
      "Id": "Param25",
      "Segments": [
        0,
        5,
        1,
        0.244,
        5,
        0.489,
        0.551,
        0.733,
        -3.84,
        1,
        0.878,
        -6.435,
        1.022,
        -6.6,
        1.167,
        -6.6,
        1,
        1.445,
        -6.6,
        1.722,
        -6.188,
        2,
        -5.04,
        1,
        2.433,
        -3.25,
        2.867,
        -2.164,
        3.3,
        -2.164,
        0,
        5.2,
        -6.387,
        0,
        7.633,
        -2.088,
        0,
        9.4,
        -6.095,
        1,
        9.6,
        -6.095,
        9.8,
        -5.929,
        10,
        -5.04
      ]
    },
    {
      "Target": "Parameter",
      "Id": "Param24",
      "Segments": [
        0,
        -22,
        0,
        0.267,
        -5.276,
        0,
        0.533,
        -6.54,
        1,
        0.678,
        -6.54,
        0.822,
        0.035,
        0.967,
        1.32,
        1,
        1.067,
        2.21,
        1.167,
        1.983,
        1.267,
        1.983,
        0,
        2,
        1.04,
        0,
        2.8,
        1.934,
        0,
        4.033,
        1.74,
        0,
        5.433,
        2.354,
        0,
        6.833,
        1.74,
        0,
        8.2,
        1.994,
        0,
        9.3,
        0.778,
        0,
        10,
        1.04
      ]
    },
    {
      "Target": "Parameter",
      "Id": "Param",
      "Segments": [
        0,
        11,
        1,
        0.078,
        11,
        0.155,
        10.378,
        0.233,
        9,
        1,
        0.4,
        6.047,
        0.566,
        0,
        0.733,
        0,
        0,
        2,
        -0.22,
        2,
        6.1,
        -0.22,
        1,
        6.4,
        -0.22,
        6.7,
        17.826,
        7,
        19,
        0,
        10,
        -0.22
      ]
    },
    {
      "Target": "Parameter",
      "Id": "Param29",
      "Segments": [
        0,
        18,
        0,
        0.633,
        14,
        0,
        1,
        25,
        2,
        2,
        25,
        2,
        10,
        25
      ]
    },
    {
      "Target": "Parameter",
      "Id": "Param39",
      "Segments": [
        0,
        -7,
        2,
        0.333,
        -7,
        0,
        0.867,
        -15.46,
        2,
        2,
        -15.46,
        2,
        6.1,
        -15.46,
        1,
        6.4,
        -15.46,
        6.7,
        -15.886,
        7,
        -15.925,
        0,
        10,
        -15.46
      ]
    },
    {
      "Target": "PartOpacity",
      "Id": "Part25",
      "Segments": [
        0,
        1,
        2,
        2,
        1,
        2,
        10,
        1
      ]
    },
    {
      "Target": "PartOpacity",
      "Id": "Part26",
      "Segments": [
        0,
        1,
        2,
        2,
        1,
        2,
        10,
        1
      ]
    },
    {
      "Target": "PartOpacity",
      "Id": "Part27",
      "Segments": [
        0,
        1,
        2,
        2,
        1,
        2,
        10,
        1
      ]
    },
    {
      "Target": "PartOpacity",
      "Id": "Part28",
      "Segments": [
        0,
        1,
        2,
        2,
        1,
        2,
        10,
        1
      ]
    },
    {
      "Target": "PartOpacity",
      "Id": "Part29",
      "Segments": [
        0,
        1,
        2,
        2,
        1,
        2,
        10,
        1
      ]
    },
    {
      "Target": "PartOpacity",
      "Id": "Part2",
      "Segments": [
        0,
        0,
        2,
        2,
        0,
        2,
        10,
        0
      ]
    },
    {
      "Target": "PartOpacity",
      "Id": "Part30",
      "Segments": [
        0,
        1,
        2,
        2,
        1,
        2,
        10,
        1
      ]
    },
    {
      "Target": "PartOpacity",
      "Id": "Part31",
      "Segments": [
        0,
        1,
        2,
        2,
        1,
        2,
        10,
        1
      ]
    },
    {
      "Target": "PartOpacity",
      "Id": "Part4",
      "Segments": [
        0,
        0,
        2,
        0.73,
        1,
        2,
        2,
        1,
        2,
        10,
        1
      ]
    },
    {
      "Target": "PartOpacity",
      "Id": "Part32",
      "Segments": [
        0,
        1,
        2,
        0.73,
        0,
        2,
        2,
        0,
        2,
        10,
        0
      ]
    },
    {
      "Target": "PartOpacity",
      "Id": "Part33",
      "Segments": [
        0,
        0,
        2,
        2,
        0,
        2,
        10,
        0
      ]
    },
    {
      "Target": "PartOpacity",
      "Id": "Part34",
      "Segments": [
        0,
        0,
        2,
        2,
        0,
        2,
        10,
        0
      ]
    },
    {
      "Target": "PartOpacity",
      "Id": "Part",
      "Segments": [
        0,
        1,
        2,
        0.07,
        0,
        2,
        0.47,
        0,
        2,
        2,
        0,
        2,
        10,
        0
      ]
    },
    {
      "Target": "PartOpacity",
      "Id": "Part13",
      "Segments": [
        0,
        0,
        2,
        0.03,
        1,
        2,
        0.67,
        0,
        2,
        2,
        0,
        2,
        10,
        0
      ]
    },
    {
      "Target": "PartOpacity",
      "Id": "Part3",
      "Segments": [
        0,
        0,
        2,
        0.67,
        1,
        2,
        10,
        1
      ]
    },
    {
      "Target": "PartOpacity",
      "Id": "Part35",
      "Segments": [
        0,
        1,
        2,
        2,
        1,
        2,
        10,
        1
      ]
    },
    {
      "Target": "PartOpacity",
      "Id": "Part36",
      "Segments": [
        0,
        0,
        2,
        2,
        0,
        2,
        10,
        0
      ]
    },
    {
      "Target": "PartOpacity",
      "Id": "Part46",
      "Segments": [
        0,
        1,
        2,
        2,
        1,
        2,
        10,
        1
      ]
    },
    {
      "Target": "PartOpacity",
      "Id": "Part38",
      "Segments": [
        0,
        1,
        2,
        2,
        1,
        2,
        10,
        1
      ]
    },
    {
      "Target": "PartOpacity",
      "Id": "Part48",
      "Segments": [
        0,
        1,
        2,
        2,
        1,
        2,
        10,
        1
      ]
    },
    {
      "Target": "PartOpacity",
      "Id": "Part39",
      "Segments": [
        0,
        1,
        2,
        2,
        1,
        2,
        10,
        1
      ]
    },
    {
      "Target": "PartOpacity",
      "Id": "Part40",
      "Segments": [
        0,
        1,
        2,
        2,
        1,
        2,
        10,
        1
      ]
    },
    {
      "Target": "PartOpacity",
      "Id": "Part41",
      "Segments": [
        0,
        1,
        2,
        2,
        1,
        2,
        10,
        1
      ]
    },
    {
      "Target": "PartOpacity",
      "Id": "Part42",
      "Segments": [
        0,
        0,
        2,
        2,
        0,
        2,
        10,
        0
      ]
    },
    {
      "Target": "PartOpacity",
      "Id": "Part5",
      "Segments": [
        0,
        1,
        2,
        0.3,
        1,
        2,
        0.6,
        1,
        2,
        2,
        1,
        2,
        10,
        1
      ]
    },
    {
      "Target": "PartOpacity",
      "Id": "Part49",
      "Segments": [
        0,
        0,
        2,
        2,
        1,
        2,
        10,
        1
      ]
    },
    {
      "Target": "PartOpacity",
      "Id": "Part43",
      "Segments": [
        0,
        1,
        2,
        2,
        1,
        2,
        10,
        1
      ]
    },
    {
      "Target": "PartOpacity",
      "Id": "Part44",
      "Segments": [
        0,
        1,
        2,
        2,
        1,
        2,
        10,
        1
      ]
    },
    {
      "Target": "PartOpacity",
      "Id": "Part45",
      "Segments": [
        0,
        1,
        2,
        2,
        1,
        2,
        10,
        1
      ]
    },
    {
      "Target": "Model",
      "Id": "Opacity",
      "Segments": [
        0,
        1,
        0,
        10,
        1
      ]
    },
    {
      "Target": "Parameter",
      "Id": "Param33",
      "Segments": [
        0,
        0,
        0,
        10,
        0
      ]
    },
    {
      "Target": "Parameter",
      "Id": "Param32",
      "Segments": [
        0,
        0,
        0,
        10,
        0
      ]
    },
    {
      "Target": "Parameter",
      "Id": "Param36",
      "Segments": [
        0,
        0,
        0,
        10,
        0
      ]
    },
    {
      "Target": "Parameter",
      "Id": "Param8",
      "Segments": [
        0,
        0,
        0,
        10,
        0
      ]
    },
    {
      "Target": "Parameter",
      "Id": "EyesSize",
      "Segments": [
        0,
        0,
        0,
        10,
        0
      ]
    },
    {
      "Target": "Parameter",
      "Id": "Param34",
      "Segments": [
        0,
        0,
        0,
        10,
        0
      ]
    },
    {
      "Target": "Parameter",
      "Id": "Param15",
      "Segments": [
        0,
        0,
        0,
        10,
        0
      ]
    },
    {
      "Target": "Parameter",
      "Id": "Param30",
      "Segments": [
        0,
        0,
        0,
        10,
        0
      ]
    },
    {
      "Target": "Parameter",
      "Id": "Param10",
      "Segments": [
        0,
        0,
        0,
        10,
        0
      ]
    },
    {
      "Target": "Parameter",
      "Id": "Param38",
      "Segments": [
        0,
        0,
        0,
        10,
        0
      ]
    }
  ],
  "UserData": [
    {
      "Time": 0.0,
      "Value": ""
    }
  ]
}