{
  "Version": 3,
  "Meta": {
    "Duration": 8.0,
    "Fps": 30.0,
    "Loop": true,
    "AreBeziersRestricted": true,
    "CurveCount": 92,
    "TotalSegmentCount": 177,
    "TotalPointCount": 229,
    "UserDataCount": 1,
    "TotalUserDataSize": 0
  },
  "Curves": [
    {
      "Target": "Parameter",
      "Id": "Breath",
      "Segments": [
        0,
        0,
        0,
        1.333,
        0.543,
        0,
        2.833,
        0,
        0,
        3.967,
        0.652,
        0,
        5.433,
        0,
        0,
        6.667,
        0.508,
        0,
        8,
        0
      ]
    },
    {
      "Target": "Parameter",
      "Id": "Param7",
      "Segments": [
        0,
        -29.727,
        2,
        2.2,
        -29.727,
        1,
        2.533,
        -29.727,
        2.867,
        -23.907,
        3.2,
        -20.185,
        1,
        3.567,
        -15.929,
        3.933,
        -13.871,
        4.3,
        -13.663,
        1,
        4.989,
        -13.44,
        5.678,
        -13.719,
        6.367,
        -15.303,
        1,
        6.911,
        -16.74,
        7.456,
        -29.727,
        8,
        -29.727
      ]
    },
    {
      "Target": "Parameter",
      "Id": "Param31",
      "Segments": [
        0,
        -22.396,
        0,
        1.267,
        -12.401,
        0,
        2.8,
        -20.657,
        1,
        3.378,
        -20.657,
        3.955,
        -10.078,
        4.533,
        -9.797,
        1,
        5.122,
        -9.797,
        5.711,
        -9.95,
        6.3,
        -10.528,
        1,
        6.867,
        -11.396,
        7.433,
        -22.396,
        8,
        -22.396
      ]
    },
    {
      "Target": "Parameter",
      "Id": "Param12",
      "Segments": [
        0,
        -3.15,
        2,
        2.9,
        -3.15,
        0,
        4.467,
        -6.314,
        0,
        8,
        -3.15
      ]
    },
    {
      "Target": "Parameter",
      "Id": "Param2",
      "Segments": [
        0,
        -1.14,
        1,
        0.733,
        -1.14,
        1.467,
        -1.016,
        2.2,
        -0.188,
        1,
        2.9,
        0.602,
        3.6,
        2.656,
        4.3,
        3.299,
        1,
        4.989,
        3.932,
        5.678,
        3.952,
        6.367,
        3.952,
        0,
        8,
        -1.14
      ]
    },
    {
      "Target": "Parameter",
      "Id": "Param5",
      "Segments": [
        0,
        -5.822,
        0,
        1.4,
        4.858,
        0,
        3.267,
        -5.399,
        0,
        4.567,
        5.509,
        0,
        5.467,
        -3.447,
        0,
        7.1,
        6.993,
        0,
        8,
        -5.822
      ]
    },
    {
      "Target": "Parameter",
      "Id": "Param42",
      "Segments": [
        0,
        0,
        0,
        1.433,
        -9,
        0,
        3.2,
        15,
        0,
        4.533,
        -1,
        0,
        5.467,
        9,
        0,
        6.9,
        -6,
        0,
        8,
        0
      ]
    },
    {
      "Target": "Parameter",
      "Id": "Param3",
      "Segments": [
        0,
        -2.901,
        0,
        2.133,
        -5.771,
        0,
        4.867,
        -0.035,
        1,
        5.511,
        7.908,
        6.156,
        10.122,
        6.8,
        0,
        1,
        7.2,
        -1.394,
        7.6,
        -2.901,
        8,
        -2.901
      ]
    },
    {
      "Target": "Parameter",
      "Id": "Param4",
      "Segments": [
        0,
        -12.963,
        1,
        0.589,
        -14.707,
        1.178,
        -15.085,
        1.767,
        -15.085,
        0,
        3.667,
        0.662,
        1,
        4.067,
        0.662,
        4.467,
        -9.688,
        4.867,
        -11.884,
        1,
        5.911,
        -18.69,
        6.956,
        -10.32,
        8,
        -12.963
      ]
    },
    {
      "Target": "Parameter",
      "Id": "Head_Roll",
      "Segments": [
        0,
        0,
        2,
        1.8,
        0,
        0,
        3.833,
        2.4,
        2,
        4.867,
        2.4,
        0,
        8,
        0
      ]
    },
    {
      "Target": "Parameter",
      "Id": "Param6",
      "Segments": [
        0,
        -0.995,
        2,
        6,
        -0.995,
        0,
        6.867,
        -3.575,
        0,
        8,
        -0.995
      ]
    },
    {
      "Target": "Parameter",
      "Id": "ParamEyeBallX",
      "Segments": [
        0,
        0,
        2,
        2.5,
        0,
        0,
        5.3,
        -0.094,
        0,
        8,
        0
      ]
    },
    {
      "Target": "Parameter",
      "Id": "Param16",
      "Segments": [
        0,
        3.366,
        0,
        0.933,
        -15.237,
        0,
        1.833,
        11.223,
        0,
        2.967,
        -11.476,
        0,
        3.967,
        6.356,
        0,
        5.067,
        -16.686,
        0,
        5.933,
        4.995,
        0,
        7.167,
        -16.686,
        0,
        8,
        3.366
      ]
    },
    {
      "Target": "Parameter",
      "Id": "Param14",
      "Segments": [
        0,
        -23.217,
        1,
        0.3,
        -13.3,
        0.6,
        15.177,
        0.9,
        15.177,
        0,
        2.433,
        -28.688,
        0,
        3.9,
        10.573,
        0,
        5.233,
        -29.766,
        0,
        6.5,
        18.768,
        1,
        6.856,
        18.768,
        7.211,
        -18.317,
        7.567,
        -24.948,
        1,
        7.711,
        -27.767,
        7.856,
        -28.292,
        8,
        -23.217
      ]
    },
    {
      "Target": "Parameter",
      "Id": "Param13",
      "Segments": [
        0,
        13.647,
        0,
        1.2,
        -19.839,
        0,
        2.3,
        13.647,
        0,
        3.933,
        -13.652,
        0,
        5.267,
        18.222,
        0,
        6.8,
        -15.261,
        0,
        8,
        13.647
      ]
    },
    {
      "Target": "Parameter",
      "Id": "Param18",
      "Segments": [
        0,
        -7,
        2,
        0.767,
        -7,
        0,
        2.1,
        0.859,
        0,
        4.067,
        -9.783,
        0,
        5.967,
        0.859,
        0,
        8,
        -7
      ]
    },
    {
      "Target": "Parameter",
      "Id": "Param17",
      "Segments": [
        0,
        -5,
        2,
        0.733,
        -5,
        0,
        2.167,
        3.807,
        0,
        3.867,
        -4.113,
        0,
        5.9,
        3.867,
        0,
        8,
        -5
      ]
    },
    {
      "Target": "Parameter",
      "Id": "Param19",
      "Segments": [
        0,
        1.998,
        2,
        2.2,
        1.998,
        0,
        4.3,
        0.438,
        2,
        6.367,
        0.438,
        0,
        8,
        1.998
      ]
    },
    {
      "Target": "Parameter",
      "Id": "Param9",
      "Segments": [
        0,
        0.074,
        1,
        0.567,
        0.074,
        1.133,
        0.108,
        1.7,
        0.128,
        1,
        2.211,
        0.146,
        2.722,
        0.144,
        3.233,
        0.165,
        1,
        3.844,
        0.19,
        4.456,
        0.253,
        5.067,
        0.253,
        0,
        7.233,
        -0.319,
        0,
        8,
        0.074
      ]
    },
    {
      "Target": "Parameter",
      "Id": "Param20",
      "Segments": [
        0,
        -0.997,
        2,
        2.2,
        -0.997,
        0,
        4.3,
        -0.347,
        2,
        6.367,
        -0.347,
        0,
        8,
        -0.997
      ]
    },
    {
      "Target": "Parameter",
      "Id": "Param21",
      "Segments": [
        0,
        0.2,
        1,
        0.467,
        0.2,
        0.933,
        0.26,
        1.4,
        0.272,
        1,
        2.011,
        0.287,
        2.622,
        0.283,
        3.233,
        0.301,
        1,
        3.844,
        0.319,
        4.456,
        0.549,
        5.067,
        0.549,
        0,
        8,
        0.2
      ]
    },
    {
      "Target": "Parameter",
      "Id": "Param24",
      "Segments": [
        0,
        -2.855,
        1,
        0.4,
        -1.743,
        0.8,
        -1.63,
        1.2,
        -1.63,
        0,
        2.533,
        -4.134,
        0,
        4.7,
        -1.63,
        0,
        6.6,
        -4.491,
        1,
        7.067,
        -4.491,
        7.533,
        -4.289,
        8,
        -2.855
      ]
    },
    {
      "Target": "PartOpacity",
      "Id": "Part25",
      "Segments": [
        0,
        1,
        2,
        8,
        1
      ]
    },
    {
      "Target": "PartOpacity",
      "Id": "Part26",
      "Segments": [
        0,
        1,
        2,
        8,
        1
      ]
    },
    {
      "Target": "PartOpacity",
      "Id": "Part27",
      "Segments": [
        0,
        1,
        2,
        8,
        1
      ]
    },
    {
      "Target": "PartOpacity",
      "Id": "Part28",
      "Segments": [
        0,
        1,
        2,
        8,
        1
      ]
    },
    {
      "Target": "PartOpacity",
      "Id": "Part29",
      "Segments": [
        0,
        1,
        2,
        8,
        1
      ]
    },
    {
      "Target": "PartOpacity",
      "Id": "Part2",
      "Segments": [
        0,
        0,
        2,
        8,
        0
      ]
    },
    {
      "Target": "PartOpacity",
      "Id": "Part30",
      "Segments": [
        0,
        1,
        2,
        8,
        1
      ]
    },
    {
      "Target": "PartOpacity",
      "Id": "Part31",
      "Segments": [
        0,
        1,
        2,
        8,
        1
      ]
    },
    {
      "Target": "PartOpacity",
      "Id": "Part4",
      "Segments": [
        0,
        0,
        2,
        8,
        0
      ]
    },
    {
      "Target": "PartOpacity",
      "Id": "Part32",
      "Segments": [
        0,
        1,
        2,
        8,
        1
      ]
    },
    {
      "Target": "PartOpacity",
      "Id": "Part33",
      "Segments": [
        0,
        0,
        2,
        8,
        0
      ]
    },
    {
      "Target": "PartOpacity",
      "Id": "Part34",
      "Segments": [
        0,
        0,
        2,
        8,
        0
      ]
    },
    {
      "Target": "PartOpacity",
      "Id": "Part",
      "Segments": [
        0,
        0,
        2,
        8,
        0
      ]
    },
    {
      "Target": "PartOpacity",
      "Id": "Part13",
      "Segments": [
        0,
        1,
        2,
        8,
        1
      ]
    },
    {
      "Target": "PartOpacity",
      "Id": "Part35",
      "Segments": [
        0,
        1,
        2,
        8,
        1
      ]
    },
    {
      "Target": "PartOpacity",
      "Id": "Part36",
      "Segments": [
        0,
        0,
        2,
        8,
        0
      ]
    },
    {
      "Target": "PartOpacity",
      "Id": "Part46",
      "Segments": [
        0,
        1,
        2,
        8,
        1
      ]
    },
    {
      "Target": "PartOpacity",
      "Id": "Part38",
      "Segments": [
        0,
        1,
        2,
        8,
        1
      ]
    },
    {
      "Target": "PartOpacity",
      "Id": "Part48",
      "Segments": [
        0,
        0,
        2,
        8,
        0
      ]
    },
    {
      "Target": "PartOpacity",
      "Id": "Part39",
      "Segments": [
        0,
        1,
        2,
        8,
        1
      ]
    },
    {
      "Target": "PartOpacity",
      "Id": "Part40",
      "Segments": [
        0,
        1,
        2,
        8,
        1
      ]
    },
    {
      "Target": "PartOpacity",
      "Id": "Part41",
      "Segments": [
        0,
        1,
        2,
        8,
        1
      ]
    },
    {
      "Target": "PartOpacity",
      "Id": "Part42",
      "Segments": [
        0,
        0,
        2,
        8,
        0
      ]
    },
    {
      "Target": "PartOpacity",
      "Id": "Part49",
      "Segments": [
        0,
        1,
        2,
        8,
        1
      ]
    },
    {
      "Target": "PartOpacity",
      "Id": "Part43",
      "Segments": [
        0,
        1,
        2,
        8,
        1
      ]
    },
    {
      "Target": "PartOpacity",
      "Id": "Part44",
      "Segments": [
        0,
        1,
        2,
        8,
        1
      ]
    },
    {
      "Target": "PartOpacity",
      "Id": "Part45",
      "Segments": [
        0,
        1,
        2,
        8,
        1
      ]
    },
    {
      "Target": "Model",
      "Id": "Opacity",
      "Segments": [
        0,
        1,
        0,
        8,
        1
      ]
    },
    {
      "Target": "Parameter",
      "Id": "Param33",
      "Segments": [
        0,
        2.88,
        0,
        8,
        2.88
      ]
    },
    {
      "Target": "Parameter",
      "Id": "Body_Shaking",
      "Segments": [
        0,
        0.566,
        0,
        8,
        0.566
      ]
    },
    {
      "Target": "Parameter",
      "Id": "Param32",
      "Segments": [
        0,
        0,
        0,
        8,
        0
      ]
    },
    {
      "Target": "Parameter",
      "Id": "Param36",
      "Segments": [
        0,
        -19,
        0,
        8,
        -19
      ]
    },
    {
      "Target": "Parameter",
      "Id": "Param11",
      "Segments": [
        0,
        0,
        0,
        8,
        0
      ]
    },
    {
      "Target": "Parameter",
      "Id": "Param44",
      "Segments": [
        0,
        -27,
        0,
        8,
        -27
      ]
    },
    {
      "Target": "Parameter",
      "Id": "Param8",
      "Segments": [
        0,
        1,
        0,
        8,
        1
      ]
    },
    {
      "Target": "Parameter",
      "Id": "Param40",
      "Segments": [
        0,
        0,
        0,
        8,
        0
      ]
    },
    {
      "Target": "Parameter",
      "Id": "ParamBrowRY",
      "Segments": [
        0,
        -0.1,
        0,
        8,
        -0.1
      ]
    },
    {
      "Target": "Parameter",
      "Id": "ParamBrowLY",
      "Segments": [
        0,
        -0.1,
        0,
        8,
        -0.1
      ]
    },
    {
      "Target": "Parameter",
      "Id": "ParamBrowRForm",
      "Segments": [
        0,
        -1,
        0,
        8,
        -1
      ]
    },
    {
      "Target": "Parameter",
      "Id": "ParamBrowLForm",
      "Segments": [
        0,
        -1,
        0,
        8,
        -1
      ]
    },
    {
      "Target": "Parameter",
      "Id": "ParamBrowRAngle",
      "Segments": [
        0,
        0.1,
        0,
        8,
        0.1
      ]
    },
    {
      "Target": "Parameter",
      "Id": "ParamBrowLAngle",
      "Segments": [
        0,
        -0.4,
        0,
        8,
        -0.4
      ]
    },
    {
      "Target": "Parameter",
      "Id": "EyesSize",
      "Segments": [
        0,
        -3,
        0,
        8,
        -3
      ]
    },
    {
      "Target": "Parameter",
      "Id": "ParamEyeBallY",
      "Segments": [
        0,
        0.1,
        0,
        8,
        0.1
      ]
    },
    {
      "Target": "Parameter",
      "Id": "EyeR_Open",
      "Segments": [
        0,
        0.8,
        0,
        8,
        0.8
      ]
    },
    {
      "Target": "Parameter",
      "Id": "ParamEyeRSmile",
      "Segments": [
        0,
        0.5,
        0,
        8,
        0.5
      ]
    },
    {
      "Target": "Parameter",
      "Id": "EyeL_Open",
      "Segments": [
        0,
        0.8,
        0,
        8,
        0.8
      ]
    },
    {
      "Target": "Parameter",
      "Id": "ParamEyeLSmile",
      "Segments": [
        0,
        0.5,
        0,
        8,
        0.5
      ]
    },
    {
      "Target": "Parameter",
      "Id": "Param41",
      "Segments": [
        0,
        -12,
        0,
        8,
        -12
      ]
    },
    {
      "Target": "Parameter",
      "Id": "Param28",
      "Segments": [
        0,
        -10,
        0,
        8,
        -10
      ]
    },
    {
      "Target": "Parameter",
      "Id": "ParamMouthForm",
      "Segments": [
        0,
        0,
        0,
        8,
        0
      ]
    },
    {
      "Target": "Parameter",
      "Id": "Mouth_Open",
      "Segments": [
        0,
        0.3,
        0,
        8,
        0.3
      ]
    },
    {
      "Target": "Parameter",
      "Id": "Mouth_Size",
      "Segments": [
        0,
        0.8,
        0,
        8,
        0.8
      ]
    },
    {
      "Target": "Parameter",
      "Id": "Param22",
      "Segments": [
        0,
        0,
        0,
        8,
        0
      ]
    },
    {
      "Target": "Parameter",
      "Id": "Param26",
      "Segments": [
        0,
        0,
        0,
        8,
        0
      ]
    },
    {
      "Target": "Parameter",
      "Id": "Param23",
      "Segments": [
        0,
        0,
        0,
        8,
        0
      ]
    },
    {
      "Target": "Parameter",
      "Id": "Param27",
      "Segments": [
        0,
        0,
        0,
        8,
        0
      ]
    },
    {
      "Target": "Parameter",
      "Id": "Param34",
      "Segments": [
        0,
        -5.547,
        0,
        8,
        -5.547
      ]
    },
    {
      "Target": "Parameter",
      "Id": "Param35",
      "Segments": [
        0,
        0,
        0,
        8,
        0
      ]
    },
    {
      "Target": "Parameter",
      "Id": "Param43",
      "Segments": [
        0,
        0,
        0,
        8,
        0
      ]
    },
    {
      "Target": "Parameter",
      "Id": "Param25",
      "Segments": [
        0,
        0,
        0,
        8,
        0
      ]
    },
    {
      "Target": "Parameter",
      "Id": "Param15",
      "Segments": [
        0,
        20,
        0,
        8,
        20
      ]
    },
    {
      "Target": "Parameter",
      "Id": "Param30",
      "Segments": [
        0,
        0,
        0,
        8,
        0
      ]
    },
    {
      "Target": "Parameter",
      "Id": "Param10",
      "Segments": [
        0,
        -30,
        0,
        8,
        -30
      ]
    },
    {
      "Target": "Parameter",
      "Id": "Param38",
      "Segments": [
        0,
        0,
        0,
        8,
        0
      ]
    },
    {
      "Target": "Parameter",
      "Id": "Param",
      "Segments": [
        0,
        6.2,
        0,
        8,
        6.2
      ]
    },
    {
      "Target": "Parameter",
      "Id": "Param29",
      "Segments": [
        0,
        14.08,
        0,
        8,
        14.08
      ]
    },
    {
      "Target": "Parameter",
      "Id": "Param39",
      "Segments": [
        0,
        -7.16,
        0,
        8,
        -7.16
      ]
    },
    {
      "Target": "PartOpacity",
      "Id": "Part3",
      "Segments": [
        0,
        0,
        0,
        8,
        0
      ]
    },
    {
      "Target": "PartOpacity",
      "Id": "Part5",
      "Segments": [
        0,
        1,
        0,
        8,
        1
      ]
    }
  ],
  "UserData": [
    {
      "Time": 0.0,
      "Value": ""
    }
  ]
}