{
  "Version": 3,
  "Meta": {
    "Duration": 7.967,
    "Fps": 30.0,
    "Loop": true,
    "AreBeziersRestricted": true,
    "CurveCount": 69,
    "TotalSegmentCount": 291,
    "TotalPointCount": 359,
    "UserDataCount": 0,
    "TotalUserDataSize": 0
  },
  "Curves": [
    {
      "Target": "Parameter",
      "Id": "HeadX",
      "Segments": [
        0,
        0,
        1,
        0.744,
        0,
        1.489,
        0.192,
        2.233,
        1.438,
        1,
        2.544,
        1.958,
        2.856,
        4.22,
        3.167,
        4.22,
        0,
        5.133,
        0,
        2,
        5.833,
        0,
        2,
        7.967,
        0
      ]
    },
    {
      "Target": "Parameter",
      "Id": "HeadY",
      "Segments": [
        0,
        0,
        2,
        0.933,
        0,
        1,
        1.522,
        0,
        2.111,
        0.111,
        2.7,
        1.889,
        1,
        3,
        2.795,
        3.3,
        9.473,
        3.6,
        9.473,
        1,
        3.911,
        9.473,
        4.222,
        4.656,
        4.533,
        2.781,
        1,
        4.966,
        0.171,
        5.4,
        0,
        5.833,
        0,
        2,
        7.967,
        0
      ]
    },
    {
      "Target": "Parameter",
      "Id": "HeadZ",
      "Segments": [
        0,
        0,
        2,
        1.067,
        0,
        1,
        1.478,
        0,
        1.889,
        0.088,
        2.3,
        1.241,
        1,
        2.578,
        2.021,
        2.855,
        4.058,
        3.133,
        4.058,
        0,
        5.567,
        -1.46,
        0,
        6.9,
        0,
        2,
        7.967,
        0
      ]
    },
    {
      "Target": "Parameter",
      "Id": "EyeBallY",
      "Segments": [
        0,
        0,
        2,
        1.067,
        0,
        0,
        3.633,
        -0.276,
        0,
        5.833,
        0,
        2,
        7.967,
        0
      ]
    },
    {
      "Target": "Parameter",
      "Id": "Mouth_Size",
      "Segments": [
        0,
        -8,
        2,
        0.033,
        -8,
        0,
        2.533,
        -10,
        0,
        3.7,
        -6.711,
        1,
        4.144,
        -6.711,
        4.589,
        -7.975,
        5.033,
        -8.781,
        1,
        5.622,
        -9.849,
        6.211,
        -10,
        6.8,
        -10,
        0,
        7.967,
        -8
      ]
    },
    {
      "Target": "Parameter",
      "Id": "NeckZ",
      "Segments": [
        0,
        0,
        2,
        1.667,
        0,
        1,
        2.045,
        0,
        2.422,
        0.072,
        2.8,
        0.953,
        1,
        3.078,
        1.6,
        3.355,
        3.003,
        3.633,
        3.003,
        0,
        5.833,
        -1.324,
        0,
        7.6,
        0,
        2,
        7.967,
        0
      ]
    },
    {
      "Target": "Parameter",
      "Id": "BodyX",
      "Segments": [
        0,
        -4.003,
        0,
        1.967,
        -5.004,
        0,
        4.367,
        -0.914,
        0,
        6.6,
        -5.004,
        1,
        7.056,
        -5.004,
        7.511,
        -4.051,
        7.967,
        -4.005
      ]
    },
    {
      "Target": "Parameter",
      "Id": "BodyY",
      "Segments": [
        0,
        0,
        0,
        2.967,
        3.712,
        0,
        6.4,
        -1.686,
        0,
        7.767,
        0,
        2,
        7.967,
        0
      ]
    },
    {
      "Target": "Parameter",
      "Id": "BodyZ",
      "Segments": [
        0,
        -0.372,
        0,
        2.133,
        -0.744,
        0,
        4.767,
        -0.258,
        0,
        6.733,
        -0.547,
        1,
        7.144,
        -0.547,
        7.556,
        -0.381,
        7.967,
        -0.372
      ]
    },
    {
      "Target": "Parameter",
      "Id": "Body_waist",
      "Segments": [
        0,
        0,
        0,
        1.967,
        -0.469,
        0,
        3.633,
        0.482,
        0,
        6.433,
        -0.291,
        1,
        6.944,
        -0.291,
        7.456,
        -0.012,
        7.967,
        0
      ]
    },
    {
      "Target": "Parameter",
      "Id": "Breath",
      "Segments": [
        0,
        0,
        0,
        2,
        1,
        0,
        4,
        0,
        0,
        6,
        1,
        1,
        6.656,
        1,
        7.311,
        0.033,
        7.967,
        0.001
      ]
    },
    {
      "Target": "Parameter",
      "Id": "ShoulderR_Move",
      "Segments": [
        0,
        0,
        2,
        2.367,
        0,
        0,
        4.133,
        3,
        1,
        4.566,
        3,
        5,
        1.962,
        5.433,
        1.179,
        1,
        5.989,
        0.176,
        6.544,
        0,
        7.1,
        0,
        2,
        7.967,
        0
      ]
    },
    {
      "Target": "Parameter",
      "Id": "ShoulderL_Roll",
      "Segments": [
        0,
        0,
        0,
        2,
        -0.585,
        0,
        4.133,
        0.2,
        0,
        6.233,
        -0.543,
        1,
        6.811,
        -0.543,
        7.389,
        -0.02,
        7.967,
        -0.001
      ]
    },
    {
      "Target": "Parameter",
      "Id": "Arm02L_Strech",
      "Segments": [
        0,
        0,
        0,
        3.433,
        1.04,
        1,
        4.944,
        1.04,
        6.456,
        0.015,
        7.967,
        0
      ]
    },
    {
      "Target": "Parameter",
      "Id": "ShoulderR_Roll",
      "Segments": [
        0,
        -2.232,
        2,
        2.333,
        -2.232,
        0,
        4.133,
        -2.552,
        0,
        7.2,
        -2.232,
        2,
        7.967,
        -2.232
      ]
    },
    {
      "Target": "Parameter",
      "Id": "ElbowR_Roll",
      "Segments": [
        0,
        0,
        2,
        2.333,
        0,
        0,
        4.133,
        -0.3,
        0,
        7.233,
        0,
        2,
        7.967,
        0
      ]
    },
    {
      "Target": "Parameter",
      "Id": "HairTop_Shaking",
      "Segments": [
        0,
        0.043,
        1,
        0.067,
        0.019,
        0.133,
        -0.001,
        0.2,
        -0.001,
        0,
        0.433,
        0.017,
        0,
        0.7,
        -0.002,
        0,
        0.933,
        0.004,
        0,
        1.233,
        -0.002,
        0,
        3.6,
        0.483,
        0,
        5.767,
        -0.102,
        0,
        7.667,
        0.096,
        1,
        7.767,
        0.096,
        7.867,
        0.085,
        7.967,
        0.054
      ]
    },
    {
      "Target": "Parameter",
      "Id": "HairSide_Shaking",
      "Segments": [
        0,
        -0.051,
        0,
        0.333,
        0.043,
        0,
        0.667,
        -0.039,
        0,
        1,
        0.028,
        0,
        1.3,
        -0.022,
        0,
        1.6,
        0.016,
        0,
        1.933,
        -0.01,
        0,
        2.3,
        0.01,
        0,
        2.667,
        -0.004,
        0,
        3,
        0.001,
        0,
        3.367,
        -0.012,
        0,
        3.633,
        -0.002,
        0,
        3.867,
        -0.013,
        0,
        4.167,
        0.01,
        0,
        4.467,
        -0.012,
        0,
        4.733,
        0.007,
        0,
        5.033,
        -0.004,
        0,
        5.4,
        0.009,
        0,
        5.7,
        0,
        0,
        5.967,
        0.006,
        0,
        6.267,
        -0.004,
        0,
        6.567,
        0.004,
        0,
        6.933,
        -0.004,
        0,
        7.267,
        0.003,
        1,
        7.378,
        0.003,
        7.489,
        -0.008,
        7.6,
        -0.024,
        1,
        7.722,
        -0.042,
        7.845,
        -0.049,
        7.967,
        -0.05
      ]
    },
    {
      "Target": "Parameter",
      "Id": "HairUnder_Shaking",
      "Segments": [
        0,
        -0.04,
        0,
        0.367,
        0.031,
        0,
        0.667,
        -0.027,
        0,
        1,
        0.021,
        0,
        1.3,
        -0.017,
        0,
        1.633,
        0.011,
        0,
        1.933,
        -0.01,
        0,
        2.3,
        0.006,
        0,
        2.667,
        -0.006,
        0,
        2.967,
        0,
        0,
        3.3,
        -0.006,
        0,
        3.633,
        0.005,
        0,
        3.9,
        -0.008,
        0,
        4.2,
        0.008,
        0,
        4.5,
        -0.006,
        0,
        4.833,
        0.005,
        0,
        5.133,
        -0.002,
        0,
        5.4,
        0.003,
        0,
        5.733,
        -0.001,
        0,
        5.967,
        0.001,
        2,
        6,
        0.001,
        2,
        6.033,
        0.001,
        0,
        6.3,
        0,
        2,
        6.567,
        0,
        2,
        6.7,
        0,
        2,
        6.767,
        0,
        0,
        7.033,
        -0.001,
        0,
        7.333,
        0.001,
        1,
        7.444,
        0.001,
        7.556,
        -0.001,
        7.667,
        -0.015,
        1,
        7.767,
        -0.026,
        7.867,
        -0.038,
        7.967,
        -0.04
      ]
    },
    {
      "Target": "Parameter",
      "Id": "Tie_Shaking",
      "Segments": [
        0,
        -0.021,
        0,
        0.567,
        0.014,
        0,
        1,
        -0.016,
        0,
        1.4,
        0.004,
        0,
        1.8,
        -0.008,
        0,
        2.867,
        0.006,
        0,
        3.133,
        0.005,
        0,
        3.433,
        0.006,
        0,
        4,
        0.001,
        0,
        4.333,
        0.003,
        0,
        4.867,
        -0.003,
        0,
        5.167,
        -0.001,
        0,
        5.633,
        -0.003,
        0,
        7,
        0.001,
        2,
        7.1,
        0.001,
        1,
        7.233,
        0,
        7.367,
        -0.01,
        7.5,
        -0.01,
        0,
        7.7,
        0.001,
        1,
        7.789,
        0.001,
        7.878,
        -0.016,
        7.967,
        -0.02
      ]
    },
    {
      "Target": "Parameter",
      "Id": "Hem_Shaking",
      "Segments": [
        0,
        0,
        0,
        0.433,
        -0.017,
        0,
        0.7,
        -0.004,
        0,
        1.033,
        -0.008,
        2,
        1.067,
        -0.008,
        0,
        1.1,
        -0.009,
        0,
        1.167,
        -0.008,
        2,
        1.2,
        -0.008,
        2,
        1.267,
        -0.008,
        2,
        1.333,
        -0.008,
        0,
        1.4,
        -0.007,
        2,
        1.433,
        -0.007,
        0,
        1.5,
        -0.006,
        2,
        1.533,
        -0.006,
        0,
        2.233,
        0.019,
        0,
        2.467,
        0.01,
        0,
        2.933,
        0.024,
        0,
        3.067,
        0.023,
        2,
        3.167,
        0.023,
        0,
        3.7,
        0.011,
        0,
        3.867,
        0.016,
        0,
        4.7,
        -0.01,
        2,
        4.733,
        -0.01,
        0,
        5.133,
        -0.017,
        2,
        5.167,
        -0.017,
        0,
        5.267,
        -0.019,
        2,
        5.333,
        -0.019,
        2,
        5.4,
        -0.019,
        2,
        5.433,
        -0.019,
        0,
        5.5,
        -0.02,
        0,
        5.533,
        -0.019,
        2,
        5.567,
        -0.019,
        0,
        5.767,
        -0.018,
        2,
        5.8,
        -0.018,
        0,
        6,
        -0.014,
        0,
        6.033,
        -0.015,
        0,
        6.667,
        0.002,
        0,
        6.867,
        -0.002,
        0,
        7.233,
        0.005,
        2,
        7.267,
        0.005,
        2,
        7.333,
        0.005,
        2,
        7.433,
        0.005,
        2,
        7.5,
        0.005,
        1,
        7.522,
        0.005,
        7.545,
        0.005,
        7.567,
        0.004,
        1,
        7.6,
        0.004,
        7.634,
        0.002,
        7.667,
        0,
        1,
        7.722,
        -0.004,
        7.778,
        -0.008,
        7.833,
        -0.008,
        1,
        7.878,
        -0.008,
        7.922,
        -0.003,
        7.967,
        -0.001
      ]
    },
    {
      "Target": "Parameter",
      "Id": "Chain_Shaking",
      "Segments": [
        0,
        -0.016,
        0,
        0.1,
        0.031,
        0,
        0.3,
        -0.035,
        0,
        0.533,
        0.03,
        0,
        0.767,
        -0.023,
        0,
        1,
        0.016,
        0,
        1.233,
        -0.01,
        0,
        1.5,
        0.006,
        0,
        1.767,
        -0.004,
        0,
        2.133,
        0.007,
        0,
        2.333,
        -0.015,
        0,
        2.6,
        0.014,
        0,
        2.833,
        -0.01,
        0,
        3.1,
        0.006,
        0,
        3.367,
        -0.005,
        0,
        3.567,
        0.003,
        0,
        3.667,
        0,
        0,
        3.8,
        0.003,
        0,
        4.033,
        -0.006,
        0,
        4.3,
        0.005,
        0,
        4.5,
        -0.004,
        0,
        4.733,
        0.005,
        0,
        4.967,
        -0.004,
        0,
        5.2,
        0.003,
        0,
        5.5,
        -0.002,
        0,
        5.533,
        -0.001,
        2,
        5.567,
        -0.001,
        0,
        5.7,
        0.002,
        0,
        5.833,
        0,
        2,
        5.9,
        0,
        2,
        5.967,
        0,
        2,
        6,
        0,
        0,
        6.033,
        -0.001,
        0,
        6.2,
        0.001,
        0,
        6.267,
        0,
        2,
        6.4,
        0,
        0,
        6.5,
        -0.001,
        2,
        6.533,
        -0.001,
        2,
        6.567,
        -0.001,
        0,
        6.633,
        0,
        0,
        6.8,
        -0.004,
        0,
        7.033,
        0.005,
        0,
        7.267,
        -0.005,
        0,
        7.5,
        0.003,
        1,
        7.589,
        0.003,
        7.678,
        0.003,
        7.767,
        -0.002,
        1,
        7.834,
        -0.006,
        7.9,
        -0.013,
        7.967,
        -0.015
      ]
    },
    {
      "Target": "Parameter",
      "Id": "BrowLY",
      "Segments": [
        0,
        -0.5,
        0,
        7.967,
        -0.5
      ]
    },
    {
      "Target": "Parameter",
      "Id": "BrowRY",
      "Segments": [
        0,
        -0.5,
        0,
        7.967,
        -0.5
      ]
    },
    {
      "Target": "Parameter",
      "Id": "BrowLX",
      "Segments": [
        0,
        0,
        0,
        7.967,
        0
      ]
    },
    {
      "Target": "Parameter",
      "Id": "BrowRX",
      "Segments": [
        0,
        0,
        0,
        7.967,
        0
      ]
    },
    {
      "Target": "Parameter",
      "Id": "BrowL_Angle",
      "Segments": [
        0,
        0.5,
        0,
        7.967,
        0.5
      ]
    },
    {
      "Target": "Parameter",
      "Id": "BrowR_Angle",
      "Segments": [
        0,
        0.5,
        0,
        7.967,
        0.5
      ]
    },
    {
      "Target": "Parameter",
      "Id": "BrowL_Form",
      "Segments": [
        0,
        0.6,
        0,
        7.967,
        0.6
      ]
    },
    {
      "Target": "Parameter",
      "Id": "BrowR_Form",
      "Segments": [
        0,
        0.6,
        0,
        7.967,
        0.6
      ]
    },
    {
      "Target": "Parameter",
      "Id": "BrowL_Shadow",
      "Segments": [
        0,
        -0.858,
        0,
        7.967,
        -0.858
      ]
    },
    {
      "Target": "Parameter",
      "Id": "BrowR_Shadow",
      "Segments": [
        0,
        -0.464,
        0,
        7.967,
        -0.464
      ]
    },
    {
      "Target": "Parameter",
      "Id": "EyeL_Open",
      "Segments": [
        0,
        1,
        0,
        7.967,
        1
      ]
    },
    {
      "Target": "Parameter",
      "Id": "EyeL_Smile",
      "Segments": [
        0,
        0,
        0,
        7.967,
        0
      ]
    },
    {
      "Target": "Parameter",
      "Id": "EyeR_Open",
      "Segments": [
        0,
        1,
        0,
        7.967,
        1
      ]
    },
    {
      "Target": "Parameter",
      "Id": "EyeR_Smile",
      "Segments": [
        0,
        0,
        0,
        7.967,
        0
      ]
    },
    {
      "Target": "Parameter",
      "Id": "Eye_Form",
      "Segments": [
        0,
        0,
        0,
        7.967,
        0
      ]
    },
    {
      "Target": "Parameter",
      "Id": "EyeBallX",
      "Segments": [
        0,
        0,
        0,
        7.967,
        0
      ]
    },
    {
      "Target": "Parameter",
      "Id": "EyeBall_Size",
      "Segments": [
        0,
        0,
        0,
        7.967,
        0
      ]
    },
    {
      "Target": "Parameter",
      "Id": "Mouth_Form",
      "Segments": [
        0,
        1,
        0,
        7.967,
        1
      ]
    },
    {
      "Target": "Parameter",
      "Id": "Mouth_Open",
      "Segments": [
        0,
        1,
        0,
        7.967,
        1
      ]
    },
    {
      "Target": "Parameter",
      "Id": "Tooth",
      "Segments": [
        0,
        1,
        0,
        7.967,
        1
      ]
    },
    {
      "Target": "Parameter",
      "Id": "BodyUpper",
      "Segments": [
        0,
        0,
        0,
        7.967,
        0
      ]
    },
    {
      "Target": "Parameter",
      "Id": "ShoulderL_Move",
      "Segments": [
        0,
        0,
        0,
        7.967,
        0
      ]
    },
    {
      "Target": "Parameter",
      "Id": "Hem",
      "Segments": [
        0,
        1,
        0,
        7.967,
        1
      ]
    },
    {
      "Target": "Parameter",
      "Id": "Pocket",
      "Segments": [
        0,
        1,
        0,
        7.967,
        1
      ]
    },
    {
      "Target": "Parameter",
      "Id": "ElbowL_Roll",
      "Segments": [
        0,
        -0.36,
        0,
        7.967,
        -0.36
      ]
    },
    {
      "Target": "Parameter",
      "Id": "HandL_Roll",
      "Segments": [
        0,
        0,
        0,
        7.967,
        0
      ]
    },
    {
      "Target": "Parameter",
      "Id": "Arm01L_Strech",
      "Segments": [
        0,
        0,
        0,
        7.967,
        0
      ]
    },
    {
      "Target": "Parameter",
      "Id": "Arm02L_Bias",
      "Segments": [
        0,
        0,
        0,
        7.967,
        0
      ]
    },
    {
      "Target": "Parameter",
      "Id": "HandL_Strech",
      "Segments": [
        0,
        0,
        0,
        7.967,
        0
      ]
    },
    {
      "Target": "Parameter",
      "Id": "ArmL_Front",
      "Segments": [
        0,
        0,
        0,
        7.967,
        0
      ]
    },
    {
      "Target": "Parameter",
      "Id": "HandL01",
      "Segments": [
        0,
        1,
        0,
        7.967,
        1
      ]
    },
    {
      "Target": "Parameter",
      "Id": "HandL02",
      "Segments": [
        0,
        0,
        0,
        7.967,
        0
      ]
    },
    {
      "Target": "Parameter",
      "Id": "HandR_Roll",
      "Segments": [
        0,
        0,
        0,
        7.967,
        0
      ]
    },
    {
      "Target": "Parameter",
      "Id": "Arm01R_Strech",
      "Segments": [
        0,
        -0.8,
        0,
        7.967,
        -0.8
      ]
    },
    {
      "Target": "Parameter",
      "Id": "Arm02R_Strech",
      "Segments": [
        0,
        0,
        0,
        7.967,
        0
      ]
    },
    {
      "Target": "Parameter",
      "Id": "Arm02R_Bias",
      "Segments": [
        0,
        0,
        0,
        7.967,
        0
      ]
    },
    {
      "Target": "Parameter",
      "Id": "ArmR_Front",
      "Segments": [
        0,
        0,
        0,
        7.967,
        0
      ]
    },
    {
      "Target": "Parameter",
      "Id": "HandR_Front",
      "Segments": [
        0,
        1,
        0,
        7.967,
        1
      ]
    },
    {
      "Target": "Parameter",
      "Id": "ShoulderR_Bias",
      "Segments": [
        0,
        0,
        0,
        7.967,
        0
      ]
    },
    {
      "Target": "Parameter",
      "Id": "HandR_Strech",
      "Segments": [
        0,
        0,
        0,
        7.967,
        0
      ]
    },
    {
      "Target": "Parameter",
      "Id": "Hand_Form",
      "Segments": [
        0,
        0,
        0,
        7.967,
        0
      ]
    },
    {
      "Target": "Parameter",
      "Id": "HandR01",
      "Segments": [
        0,
        1,
        0,
        7.967,
        1
      ]
    },
    {
      "Target": "Parameter",
      "Id": "HandR02",
      "Segments": [
        0,
        0,
        0,
        7.967,
        0
      ]
    },
    {
      "Target": "Parameter",
      "Id": "HandR03",
      "Segments": [
        0,
        0,
        0,
        7.967,
        0
      ]
    },
    {
      "Target": "Parameter",
      "Id": "ALLX",
      "Segments": [
        0,
        0,
        0,
        7.967,
        0
      ]
    },
    {
      "Target": "Parameter",
      "Id": "ALLY",
      "Segments": [
        0,
        0,
        0,
        7.967,
        0
      ]
    },
    {
      "Target": "Parameter",
      "Id": "ALLZ",
      "Segments": [
        0,
        0,
        0,
        7.967,
        0
      ]
    }
  ],
  "UserData": []
}