{
  "Version": 3,
  "Meta": {
    "Duration": 7.97,
    "Fps": 30.0,
    "Loop": true,
    "AreBeziersRestricted": true,
    "CurveCount": 88,
    "TotalSegmentCount": 334,
    "TotalPointCount": 450,
    "UserDataCount": 0,
    "TotalUserDataSize": 0
  },
  "Curves": [
    {
      "Target": "Parameter",
      "Id": "HeadX",
      "Segments": [
        0,
        11,
        1,
        0.978,
        15.184,
        1.955,
        20.28,
        2.933,
        20.28,
        0,
        6.133,
        8.348,
        1,
        6.744,
        8.348,
        7.356,
        8.338,
        7.967,
        10.86
      ]
    },
    {
      "Target": "Parameter",
      "Id": "HeadY",
      "Segments": [
        0,
        -5,
        0,
        2.533,
        -16.247,
        1,
        4.344,
        -16.247,
        6.156,
        -5.137,
        7.967,
        -5.001
      ]
    },
    {
      "Target": "Parameter",
      "Id": "HeadZ",
      "Segments": [
        0,
        17.353,
        0,
        2.233,
        14.504,
        0,
        4.8,
        15.649,
        0,
        5.767,
        9.062,
        1,
        6,
        9.062,
        6.234,
        14.519,
        6.467,
        15.649,
        1,
        6.645,
        16.51,
        6.822,
        16.795,
        7,
        16.973,
        1,
        7.322,
        17.296,
        7.645,
        17.35,
        7.967,
        17.353
      ]
    },
    {
      "Target": "Parameter",
      "Id": "EyeBallX",
      "Segments": [
        0,
        0,
        0,
        2.667,
        -0.144,
        0,
        5.867,
        0,
        2,
        7.967,
        0
      ]
    },
    {
      "Target": "Parameter",
      "Id": "EyeBallY",
      "Segments": [
        0,
        0,
        0,
        2.667,
        0.17,
        0,
        5.867,
        0,
        2,
        7.967,
        0
      ]
    },
    {
      "Target": "Parameter",
      "Id": "NeckZ",
      "Segments": [
        0,
        0,
        1,
        0.544,
        -0.781,
        1.089,
        -8.704,
        1.633,
        -8.704,
        1,
        2.155,
        -8.704,
        2.678,
        -8.775,
        3.2,
        -8.434,
        1,
        3.722,
        -8.092,
        4.245,
        0.311,
        4.767,
        1.606,
        1,
        5.156,
        2.57,
        5.544,
        2.401,
        5.933,
        2.401,
        1,
        6.222,
        2.401,
        6.511,
        1.083,
        6.8,
        0.792,
        1,
        7.189,
        0.401,
        7.578,
        0.564,
        7.967,
        0.046
      ]
    },
    {
      "Target": "Parameter",
      "Id": "BodyX",
      "Segments": [
        0,
        -6.5,
        0,
        3.133,
        -1.182,
        1,
        4.744,
        -1.182,
        6.356,
        -6.427,
        7.967,
        -6.499
      ]
    },
    {
      "Target": "Parameter",
      "Id": "BodyY",
      "Segments": [
        0,
        10,
        0,
        0.6,
        7,
        0,
        1.6,
        10,
        2,
        6.967,
        10,
        0,
        7.533,
        8.728,
        1,
        7.678,
        8.728,
        7.822,
        9.825,
        7.967,
        9.981
      ]
    },
    {
      "Target": "Parameter",
      "Id": "BodyZ",
      "Segments": [
        0,
        -4.759,
        0,
        0.733,
        -4.906,
        1,
        1.089,
        -4.906,
        1.444,
        -3.29,
        1.8,
        -2.965,
        1,
        2.189,
        -2.609,
        2.578,
        -2.648,
        2.967,
        -2.648,
        1,
        3.278,
        -2.648,
        3.589,
        -2.94,
        3.9,
        -3.747,
        1,
        4.333,
        -4.87,
        4.767,
        -5.563,
        5.2,
        -5.563,
        1,
        5.833,
        -5.563,
        6.467,
        -5.558,
        7.1,
        -5.46,
        1,
        7.389,
        -5.416,
        7.678,
        -4.806,
        7.967,
        -4.761
      ]
    },
    {
      "Target": "Parameter",
      "Id": "BodyUpper",
      "Segments": [
        0,
        -5.04,
        1,
        0.6,
        -4.837,
        1.2,
        -4.238,
        1.8,
        -4.056,
        1,
        2.267,
        -3.915,
        2.733,
        -3.922,
        3.2,
        -3.922,
        0,
        5.6,
        -5.355,
        1,
        6.389,
        -5.355,
        7.178,
        -5.312,
        7.967,
        -5.051
      ]
    },
    {
      "Target": "Parameter",
      "Id": "Body_waist",
      "Segments": [
        0,
        7.48,
        0,
        1.8,
        5.706,
        0,
        3.733,
        6.114,
        0,
        6.7,
        5.759,
        1,
        7.122,
        5.759,
        7.545,
        7.393,
        7.967,
        7.477
      ]
    },
    {
      "Target": "Parameter",
      "Id": "ShoulderL_Move",
      "Segments": [
        0,
        -0.42,
        2,
        4.7,
        -0.42,
        0,
        5.667,
        4,
        0,
        7.033,
        -0.42,
        2,
        7.967,
        -0.42
      ]
    },
    {
      "Target": "Parameter",
      "Id": "ShoulderR_Move",
      "Segments": [
        0,
        2.82,
        2,
        4.7,
        2.82,
        0,
        5.667,
        6.799,
        0,
        7.033,
        1.792,
        1,
        7.344,
        1.792,
        7.656,
        2.75,
        7.967,
        2.816
      ]
    },
    {
      "Target": "Parameter",
      "Id": "ShoulderL_Roll",
      "Segments": [
        0,
        3.645,
        2,
        0.9,
        3.645,
        1,
        1.222,
        3.645,
        1.545,
        4.126,
        1.867,
        4.288,
        1,
        2.222,
        4.468,
        2.578,
        4.461,
        2.933,
        4.461,
        1,
        3.355,
        4.461,
        3.778,
        4.26,
        4.2,
        3.959,
        1,
        4.356,
        3.848,
        4.511,
        3.819,
        4.667,
        3.697,
        1,
        5.011,
        3.428,
        5.356,
        3.207,
        5.7,
        3.207,
        1,
        6.033,
        3.207,
        6.367,
        3.419,
        6.7,
        3.466,
        1,
        6.967,
        3.503,
        7.233,
        3.495,
        7.5,
        3.524,
        1,
        7.656,
        3.54,
        7.811,
        3.632,
        7.967,
        3.644
      ]
    },
    {
      "Target": "Parameter",
      "Id": "ElbowL_Roll",
      "Segments": [
        0,
        -7.65,
        0,
        0.7,
        -7.789,
        1,
        0.922,
        -7.789,
        1.145,
        -7.546,
        1.367,
        -7.518,
        1,
        1.545,
        -7.495,
        1.722,
        -7.503,
        1.9,
        -7.485,
        1,
        2.311,
        -7.444,
        2.722,
        -7.402,
        3.133,
        -7.402,
        1,
        3.422,
        -7.402,
        3.711,
        -7.456,
        4,
        -7.499,
        1,
        4.233,
        -7.534,
        4.467,
        -7.536,
        4.7,
        -7.536,
        0,
        5.7,
        -6.876,
        1,
        6.033,
        -6.876,
        6.367,
        -7.494,
        6.7,
        -7.627,
        1,
        6.967,
        -7.733,
        7.233,
        -7.71,
        7.5,
        -7.71,
        1,
        7.656,
        -7.71,
        7.811,
        -7.658,
        7.967,
        -7.651
      ]
    },
    {
      "Target": "Parameter",
      "Id": "HandL_Roll",
      "Segments": [
        0,
        -9,
        2,
        4.7,
        -9,
        0,
        5.7,
        -8.461,
        0,
        7.5,
        -9,
        2,
        7.967,
        -9
      ]
    },
    {
      "Target": "Parameter",
      "Id": "ShoulderR_Roll",
      "Segments": [
        0,
        18.004,
        2,
        0.933,
        18.004,
        0,
        1.833,
        15.914,
        1,
        2.489,
        15.914,
        3.144,
        16.12,
        3.8,
        17.094,
        1,
        4.1,
        17.539,
        4.4,
        18.493,
        4.7,
        18.493,
        0,
        5.867,
        17.85,
        0,
        7.1,
        18.827,
        1,
        7.389,
        18.827,
        7.678,
        18.064,
        7.967,
        18.008
      ]
    },
    {
      "Target": "Parameter",
      "Id": "ElbowR_Roll",
      "Segments": [
        0,
        -24.45,
        0,
        0.933,
        -24.75,
        0,
        1.833,
        -22.476,
        1,
        2.489,
        -22.476,
        3.144,
        -22.706,
        3.8,
        -23.652,
        1,
        4.1,
        -24.084,
        4.4,
        -24.836,
        4.7,
        -24.836,
        0,
        5.867,
        -24.063,
        0,
        6.8,
        -25.08,
        1,
        7.033,
        -25.08,
        7.267,
        -25.083,
        7.5,
        -25.05,
        1,
        7.656,
        -25.028,
        7.811,
        -24.524,
        7.967,
        -24.457
      ]
    },
    {
      "Target": "Parameter",
      "Id": "HandR_Roll",
      "Segments": [
        0,
        9.6,
        2,
        0.933,
        9.6,
        0,
        1.833,
        9.81,
        0,
        4.7,
        9.6,
        2,
        7.967,
        9.6
      ]
    },
    {
      "Target": "Parameter",
      "Id": "HairTop_Shaking",
      "Segments": [
        0,
        0.738,
        0,
        0.333,
        0.441,
        0,
        0.7,
        0.669,
        0,
        1.067,
        0.356,
        0,
        1.333,
        0.448,
        0,
        1.633,
        0.2,
        0,
        1.867,
        0.222,
        0,
        2.133,
        0.186,
        0,
        2.4,
        0.201,
        0,
        2.567,
        0.198,
        0,
        4.9,
        0.751,
        0,
        5.767,
        0.499,
        0,
        6.8,
        0.719,
        0,
        6.9,
        0.718,
        0,
        7.033,
        0.725,
        0,
        7.233,
        0.712,
        0,
        7.6,
        0.802,
        0,
        7.867,
        0.667,
        1,
        7.9,
        0.667,
        7.934,
        0.707,
        7.967,
        0.727
      ]
    },
    {
      "Target": "Parameter",
      "Id": "HairSide_Shaking",
      "Segments": [
        0,
        0,
        1,
        0.044,
        0.074,
        0.089,
        0.238,
        0.133,
        0.238,
        0,
        0.433,
        -0.134,
        0,
        0.733,
        0.13,
        0,
        1.033,
        -0.076,
        0,
        1.333,
        0.054,
        0,
        1.633,
        -0.057,
        0,
        1.9,
        0.035,
        0,
        2.167,
        -0.024,
        0,
        2.467,
        0.022,
        0,
        2.733,
        -0.023,
        0,
        3.033,
        0.019,
        0,
        3.333,
        -0.013,
        0,
        3.633,
        0.022,
        0,
        3.967,
        -0.016,
        0,
        4.3,
        0.015,
        0,
        4.633,
        -0.02,
        0,
        4.933,
        0.003,
        0,
        5.2,
        -0.021,
        0,
        5.533,
        0.022,
        0,
        5.8,
        0,
        0,
        6.033,
        0.015,
        0,
        6.333,
        -0.061,
        0,
        6.633,
        0.048,
        0,
        6.933,
        -0.106,
        0,
        7.3,
        0.192,
        0,
        7.767,
        -0.149,
        1,
        7.834,
        -0.149,
        7.9,
        -0.135,
        7.967,
        -0.049
      ]
    },
    {
      "Target": "Parameter",
      "Id": "HairUnder_Shaking",
      "Segments": [
        0,
        0,
        1,
        0.044,
        0.122,
        0.089,
        0.367,
        0.133,
        0.367,
        0,
        0.433,
        -0.233,
        0,
        0.733,
        0.21,
        0,
        1.033,
        -0.126,
        0,
        1.333,
        0.079,
        0,
        1.633,
        -0.05,
        0,
        1.9,
        0.038,
        0,
        2.167,
        -0.028,
        0,
        2.433,
        0.023,
        0,
        2.667,
        -0.023,
        0,
        2.967,
        0.014,
        0,
        3.267,
        -0.009,
        0,
        3.567,
        0.005,
        0,
        3.767,
        -0.006,
        0,
        3.967,
        0.002,
        0,
        4.167,
        -0.005,
        0,
        4.433,
        0.009,
        0,
        4.733,
        -0.009,
        0,
        4.967,
        0.002,
        0,
        5.233,
        -0.014,
        0,
        5.533,
        0.016,
        0,
        5.8,
        -0.001,
        0,
        6.067,
        0.01,
        0,
        6.367,
        -0.05,
        0,
        6.633,
        0.033,
        0,
        6.933,
        -0.147,
        0,
        7.367,
        0.259,
        0,
        7.8,
        -0.206,
        1,
        7.856,
        -0.206,
        7.911,
        -0.19,
        7.967,
        -0.079
      ]
    },
    {
      "Target": "Parameter",
      "Id": "Tie_Shaking",
      "Segments": [
        0,
        0.001,
        1,
        0.067,
        -0.063,
        0.133,
        -0.149,
        0.2,
        -0.149,
        0,
        0.6,
        0.131,
        0,
        1,
        -0.081,
        0,
        1.4,
        0.067,
        0,
        1.8,
        -0.035,
        0,
        2.2,
        0.029,
        0,
        2.6,
        -0.014,
        0,
        3,
        0.012,
        0,
        3.4,
        -0.008,
        0,
        3.767,
        -0.001,
        0,
        4.133,
        -0.012,
        0,
        4.567,
        0,
        0,
        4.933,
        -0.007,
        0,
        5.367,
        0.002,
        0,
        5.733,
        -0.004,
        0,
        6.133,
        0.001,
        2,
        6.367,
        0.001,
        1,
        6.434,
        0,
        6.5,
        -0.025,
        6.567,
        -0.025,
        0,
        6.867,
        0.05,
        0,
        7.267,
        -0.111,
        0,
        7.7,
        0.115,
        1,
        7.789,
        0.115,
        7.878,
        0.099,
        7.967,
        0.029
      ]
    },
    {
      "Target": "Parameter",
      "Id": "Hem_Shaking",
      "Segments": [
        0,
        0,
        0,
        0.2,
        0.056,
        0,
        0.567,
        -0.017,
        2,
        0.6,
        -0.017,
        2,
        0.633,
        -0.017,
        0,
        0.833,
        0.005,
        0,
        1.167,
        -0.036,
        0,
        1.933,
        0.017,
        0,
        2.133,
        0.013,
        2,
        2.167,
        0.013,
        0,
        2.233,
        -0.018,
        0,
        2.467,
        0.023,
        0,
        2.833,
        0.006,
        2,
        2.933,
        0.006,
        0,
        3.133,
        0.005,
        0,
        3.433,
        0.013,
        0,
        3.633,
        0.012,
        0,
        4,
        0.02,
        0,
        5.3,
        -0.016,
        0,
        5.667,
        -0.01,
        0,
        5.833,
        -0.012,
        0,
        6.033,
        -0.011,
        2,
        6.067,
        -0.011,
        0,
        6.367,
        -0.01,
        2,
        6.4,
        -0.01,
        0,
        6.633,
        -0.009,
        2,
        6.667,
        -0.009,
        0,
        6.933,
        0.016,
        0,
        7.067,
        0.011,
        0,
        7.1,
        0.012,
        0,
        7.533,
        -0.015,
        2,
        7.567,
        -0.015,
        0,
        7.6,
        -0.016,
        0,
        7.633,
        -0.015,
        2,
        7.667,
        -0.015,
        0,
        7.933,
        0,
        2,
        7.967,
        0
      ]
    },
    {
      "Target": "Parameter",
      "Id": "Chain_Shaking",
      "Segments": [
        0,
        -0.015,
        1,
        0.033,
        0.091,
        0.067,
        0.138,
        0.1,
        0.138,
        0,
        0.367,
        -0.082,
        0,
        0.633,
        0.047,
        0,
        0.9,
        -0.048,
        0,
        1.167,
        0.006,
        0,
        1.4,
        -0.018,
        0,
        1.633,
        0.015,
        0,
        1.833,
        -0.008,
        0,
        2.1,
        0.007,
        0,
        2.3,
        -0.005,
        0,
        2.433,
        -0.001,
        0,
        2.6,
        -0.009,
        0,
        2.867,
        0.007,
        0,
        3.133,
        -0.006,
        0,
        3.333,
        0.006,
        0,
        3.567,
        -0.005,
        0,
        3.8,
        0.004,
        0,
        4.033,
        -0.001,
        2,
        4.133,
        -0.001,
        0,
        4.233,
        -0.002,
        0,
        4.5,
        0.002,
        0,
        4.767,
        -0.001,
        2,
        4.8,
        -0.001,
        2,
        4.833,
        -0.001,
        0,
        5,
        0.001,
        0,
        5.167,
        -0.001,
        0,
        5.267,
        0,
        0,
        5.367,
        -0.001,
        2,
        5.4,
        -0.001,
        2,
        5.433,
        -0.001,
        0,
        5.6,
        0.002,
        0,
        5.8,
        -0.003,
        0,
        6.033,
        0.002,
        0,
        6.267,
        -0.001,
        0,
        6.333,
        0.001,
        0,
        6.567,
        -0.001,
        0,
        6.7,
        0.009,
        0,
        6.933,
        -0.082,
        0,
        7.167,
        0.015,
        0,
        7.4,
        -0.13,
        0,
        7.6,
        -0.048,
        0,
        7.867,
        -0.231,
        1,
        7.9,
        -0.231,
        7.934,
        -0.189,
        7.967,
        -0.108
      ]
    },
    {
      "Target": "Model",
      "Id": "Opacity",
      "Segments": [
        0,
        1,
        0,
        7.97,
        1
      ]
    },
    {
      "Target": "Parameter",
      "Id": "BrowLY",
      "Segments": [
        0,
        -0.5,
        0,
        7.97,
        -0.5
      ]
    },
    {
      "Target": "Parameter",
      "Id": "BrowRY",
      "Segments": [
        0,
        -0.5,
        0,
        7.97,
        -0.5
      ]
    },
    {
      "Target": "Parameter",
      "Id": "BrowLX",
      "Segments": [
        0,
        -0.3,
        0,
        7.97,
        -0.3
      ]
    },
    {
      "Target": "Parameter",
      "Id": "BrowRX",
      "Segments": [
        0,
        -0.3,
        0,
        7.97,
        -0.3
      ]
    },
    {
      "Target": "Parameter",
      "Id": "BrowL_Angle",
      "Segments": [
        0,
        -0.3,
        0,
        7.97,
        -0.3
      ]
    },
    {
      "Target": "Parameter",
      "Id": "BrowR_Angle",
      "Segments": [
        0,
        -0.3,
        0,
        7.97,
        -0.3
      ]
    },
    {
      "Target": "Parameter",
      "Id": "BrowL_Form",
      "Segments": [
        0,
        0,
        0,
        7.97,
        0
      ]
    },
    {
      "Target": "Parameter",
      "Id": "BrowR_Form",
      "Segments": [
        0,
        0,
        0,
        7.97,
        0
      ]
    },
    {
      "Target": "Parameter",
      "Id": "BrowL_Shadow",
      "Segments": [
        0,
        -0.732,
        0,
        7.97,
        -0.732
      ]
    },
    {
      "Target": "Parameter",
      "Id": "BrowR_Shadow",
      "Segments": [
        0,
        -0.676,
        0,
        7.97,
        -0.676
      ]
    },
    {
      "Target": "Parameter",
      "Id": "EyeL_Open",
      "Segments": [
        0,
        1,
        0,
        7.97,
        1
      ]
    },
    {
      "Target": "Parameter",
      "Id": "EyeL_Smile",
      "Segments": [
        0,
        0,
        0,
        7.97,
        0
      ]
    },
    {
      "Target": "Parameter",
      "Id": "EyeR_Open",
      "Segments": [
        0,
        1,
        0,
        7.97,
        1
      ]
    },
    {
      "Target": "Parameter",
      "Id": "EyeR_Smile",
      "Segments": [
        0,
        0,
        0,
        7.97,
        0
      ]
    },
    {
      "Target": "Parameter",
      "Id": "Eye_Form",
      "Segments": [
        0,
        1,
        0,
        7.97,
        1
      ]
    },
    {
      "Target": "Parameter",
      "Id": "EyeBall_Size",
      "Segments": [
        0,
        0,
        0,
        7.97,
        0
      ]
    },
    {
      "Target": "Parameter",
      "Id": "Mouth_Form",
      "Segments": [
        0,
        0,
        0,
        7.97,
        0
      ]
    },
    {
      "Target": "Parameter",
      "Id": "Mouth_Open",
      "Segments": [
        0,
        1,
        0,
        7.97,
        1
      ]
    },
    {
      "Target": "Parameter",
      "Id": "Mouth_Size",
      "Segments": [
        0,
        0,
        0,
        7.97,
        0
      ]
    },
    {
      "Target": "Parameter",
      "Id": "Tooth",
      "Segments": [
        0,
        1,
        0,
        7.97,
        1
      ]
    },
    {
      "Target": "Parameter",
      "Id": "Breath",
      "Segments": [
        0,
        0,
        0,
        7.97,
        0
      ]
    },
    {
      "Target": "Parameter",
      "Id": "Hem",
      "Segments": [
        0,
        0,
        0,
        7.97,
        0
      ]
    },
    {
      "Target": "Parameter",
      "Id": "Pocket",
      "Segments": [
        0,
        0,
        0,
        7.97,
        0
      ]
    },
    {
      "Target": "Parameter",
      "Id": "Arm01L_Strech",
      "Segments": [
        0,
        -1.32,
        0,
        7.97,
        -1.32
      ]
    },
    {
      "Target": "Parameter",
      "Id": "Arm02L_Strech",
      "Segments": [
        0,
        0.06,
        0,
        7.97,
        0.06
      ]
    },
    {
      "Target": "Parameter",
      "Id": "Arm02L_Bias",
      "Segments": [
        0,
        0,
        0,
        7.97,
        0
      ]
    },
    {
      "Target": "Parameter",
      "Id": "HandL_Strech",
      "Segments": [
        0,
        0,
        0,
        7.97,
        0
      ]
    },
    {
      "Target": "Parameter",
      "Id": "ArmL_Front",
      "Segments": [
        0,
        1,
        0,
        7.97,
        1
      ]
    },
    {
      "Target": "Parameter",
      "Id": "HandL01",
      "Segments": [
        0,
        0,
        0,
        7.97,
        0
      ]
    },
    {
      "Target": "Parameter",
      "Id": "HandL02",
      "Segments": [
        0,
        1,
        0,
        7.97,
        1
      ]
    },
    {
      "Target": "Parameter",
      "Id": "Arm01R_Strech",
      "Segments": [
        0,
        -7.82,
        0,
        7.97,
        -7.82
      ]
    },
    {
      "Target": "Parameter",
      "Id": "Arm02R_Strech",
      "Segments": [
        0,
        -6.2,
        0,
        7.97,
        -6.2
      ]
    },
    {
      "Target": "Parameter",
      "Id": "Arm02R_Bias",
      "Segments": [
        0,
        0,
        0,
        7.97,
        0
      ]
    },
    {
      "Target": "Parameter",
      "Id": "ArmR_Front",
      "Segments": [
        0,
        0,
        0,
        7.97,
        0
      ]
    },
    {
      "Target": "Parameter",
      "Id": "HandR_Front",
      "Segments": [
        0,
        1,
        0,
        7.97,
        1
      ]
    },
    {
      "Target": "Parameter",
      "Id": "ShoulderR_Bias",
      "Segments": [
        0,
        0,
        0,
        7.97,
        0
      ]
    },
    {
      "Target": "Parameter",
      "Id": "HandR_Strech",
      "Segments": [
        0,
        0,
        0,
        7.97,
        0
      ]
    },
    {
      "Target": "Parameter",
      "Id": "Hand_Form",
      "Segments": [
        0,
        0,
        0,
        7.97,
        0
      ]
    },
    {
      "Target": "Parameter",
      "Id": "HandR01",
      "Segments": [
        0,
        0,
        0,
        7.97,
        0
      ]
    },
    {
      "Target": "Parameter",
      "Id": "HandR02",
      "Segments": [
        0,
        0,
        0,
        7.97,
        0
      ]
    },
    {
      "Target": "Parameter",
      "Id": "HandR03",
      "Segments": [
        0,
        1,
        0,
        7.97,
        1
      ]
    },
    {
      "Target": "Parameter",
      "Id": "ALLX",
      "Segments": [
        0,
        0,
        0,
        7.97,
        0
      ]
    },
    {
      "Target": "Parameter",
      "Id": "ALLY",
      "Segments": [
        0,
        0,
        0,
        7.97,
        0
      ]
    },
    {
      "Target": "Parameter",
      "Id": "ALLZ",
      "Segments": [
        0,
        0,
        0,
        7.97,
        0
      ]
    },
    {
      "Target": "PartOpacity",
      "Id": "Part20",
      "Segments": [
        0,
        1,
        0,
        7.97,
        1
      ]
    },
    {
      "Target": "PartOpacity",
      "Id": "Part21",
      "Segments": [
        0,
        1,
        0,
        7.97,
        1
      ]
    },
    {
      "Target": "PartOpacity",
      "Id": "Part22",
      "Segments": [
        0,
        1,
        0,
        7.97,
        1
      ]
    },
    {
      "Target": "PartOpacity",
      "Id": "Part23",
      "Segments": [
        0,
        1,
        0,
        7.97,
        1
      ]
    },
    {
      "Target": "PartOpacity",
      "Id": "Part24",
      "Segments": [
        0,
        1,
        0,
        7.97,
        1
      ]
    },
    {
      "Target": "PartOpacity",
      "Id": "Part25",
      "Segments": [
        0,
        1,
        0,
        7.97,
        1
      ]
    },
    {
      "Target": "PartOpacity",
      "Id": "Part31",
      "Segments": [
        0,
        1,
        0,
        7.97,
        1
      ]
    },
    {
      "Target": "PartOpacity",
      "Id": "Part5",
      "Segments": [
        0,
        1,
        0,
        7.97,
        1
      ]
    },
    {
      "Target": "PartOpacity",
      "Id": "Part28",
      "Segments": [
        0,
        1,
        0,
        7.97,
        1
      ]
    },
    {
      "Target": "PartOpacity",
      "Id": "Part29",
      "Segments": [
        0,
        1,
        0,
        7.97,
        1
      ]
    },
    {
      "Target": "PartOpacity",
      "Id": "Part16",
      "Segments": [
        0,
        1,
        0,
        7.97,
        1
      ]
    },
    {
      "Target": "PartOpacity",
      "Id": "Part7",
      "Segments": [
        0,
        1,
        0,
        7.97,
        1
      ]
    },
    {
      "Target": "PartOpacity",
      "Id": "Part8",
      "Segments": [
        0,
        1,
        0,
        7.97,
        1
      ]
    },
    {
      "Target": "PartOpacity",
      "Id": "Part15",
      "Segments": [
        0,
        1,
        0,
        7.97,
        1
      ]
    },
    {
      "Target": "PartOpacity",
      "Id": "Part12",
      "Segments": [
        0,
        1,
        0,
        7.97,
        1
      ]
    },
    {
      "Target": "PartOpacity",
      "Id": "Part30",
      "Segments": [
        0,
        1,
        0,
        7.97,
        1
      ]
    },
    {
      "Target": "PartOpacity",
      "Id": "Part9",
      "Segments": [
        0,
        1,
        0,
        7.97,
        1
      ]
    },
    {
      "Target": "PartOpacity",
      "Id": "Part11",
      "Segments": [
        0,
        1,
        0,
        7.97,
        1
      ]
    }
  ],
  "UserData": []
}