{
  "Version": 3,
  "Meta": {
    "Duration": 1.133,
    "Fps": 30.0,
    "Loop": true,
    "AreBeziersRestricted": true,
    "CurveCount": 69,
    "TotalSegmentCount": 142,
    "TotalPointCount": 212,
    "UserDataCount": 0,
    "TotalUserDataSize": 0
  },
  "Curves": [
    {
      "Target": "Parameter",
      "Id": "HeadX",
      "Segments": [
        0,
        -2.529,
        1,
        0.1,
        -3.18,
        0.2,
        -3.7,
        0.3,
        -3.7,
        0,
        0.9,
        0,
        2,
        1.133,
        0
      ]
    },
    {
      "Target": "Parameter",
      "Id": "HeadY",
      "Segments": [
        0,
        -0.753,
        1,
        0.167,
        -1.552,
        0.333,
        -2.7,
        0.5,
        -2.7,
        0,
        0.9,
        0,
        2,
        1.033,
        0,
        2,
        1.133,
        0
      ]
    },
    {
      "Target": "Parameter",
      "Id": "HeadZ",
      "Segments": [
        0,
        1.688,
        1,
        0.056,
        1.875,
        0.111,
        2,
        0.167,
        2,
        0,
        0.733,
        -1.46,
        0,
        0.9,
        0,
        2,
        1.133,
        0
      ]
    },
    {
      "Target": "Parameter",
      "Id": "BrowLY",
      "Segments": [
        0,
        0.098,
        1,
        0.011,
        0.099,
        0.022,
        0.1,
        0.033,
        0.1,
        2,
        0.9,
        0.1,
        2,
        1.133,
        0.1
      ]
    },
    {
      "Target": "Parameter",
      "Id": "BrowRY",
      "Segments": [
        0,
        -0.594,
        1,
        0.011,
        -0.603,
        0.022,
        -0.608,
        0.033,
        -0.608,
        0,
        0.3,
        -0.4,
        2,
        0.9,
        -0.4,
        2,
        1.133,
        -0.4
      ]
    },
    {
      "Target": "Parameter",
      "Id": "BrowR_Angle",
      "Segments": [
        0,
        0.393,
        1,
        0.011,
        0.396,
        0.022,
        0.391,
        0.033,
        0.394,
        1,
        0.122,
        0.413,
        0.211,
        0.5,
        0.3,
        0.5,
        2,
        0.9,
        0.5,
        2,
        1.133,
        0.5
      ]
    },
    {
      "Target": "Parameter",
      "Id": "BrowR_Form",
      "Segments": [
        0,
        0.977,
        1,
        0.011,
        0.992,
        0.022,
        1,
        0.033,
        1,
        2,
        0.9,
        1,
        2,
        1.133,
        1
      ]
    },
    {
      "Target": "Parameter",
      "Id": "BrowR_Shadow",
      "Segments": [
        0,
        -0.385,
        1,
        0.011,
        -0.391,
        0.022,
        -0.394,
        0.033,
        -0.394,
        0,
        0.233,
        -0.329,
        2,
        0.9,
        -0.329,
        2,
        1.133,
        -0.329
      ]
    },
    {
      "Target": "Parameter",
      "Id": "Mouth_Form",
      "Segments": [
        0,
        -1.679,
        1,
        0.144,
        -1.997,
        0.289,
        -2,
        0.433,
        -2,
        2,
        1.133,
        -2
      ]
    },
    {
      "Target": "Parameter",
      "Id": "Mouth_Size",
      "Segments": [
        0,
        -6.845,
        1,
        0.078,
        -5.662,
        0.155,
        -3,
        0.233,
        -3,
        2,
        1.133,
        -3
      ]
    },
    {
      "Target": "Parameter",
      "Id": "NeckZ",
      "Segments": [
        0,
        -0.81,
        1,
        0.189,
        -0.311,
        0.378,
        1,
        0.567,
        1,
        0,
        1.133,
        0
      ]
    },
    {
      "Target": "Parameter",
      "Id": "BodyX",
      "Segments": [
        0,
        -3.075,
        1,
        0.122,
        -4.109,
        0.245,
        -5.004,
        0.367,
        -5.004,
        0,
        0.933,
        -4.003,
        2,
        1.133,
        -4.003
      ]
    },
    {
      "Target": "Parameter",
      "Id": "BodyY",
      "Segments": [
        0,
        1.229,
        1,
        0.122,
        1.642,
        0.245,
        2,
        0.367,
        2,
        0,
        1,
        0,
        2,
        1.133,
        0
      ]
    },
    {
      "Target": "Parameter",
      "Id": "BodyZ",
      "Segments": [
        0,
        -0.428,
        1,
        0.122,
        -0.571,
        0.245,
        -0.696,
        0.367,
        -0.696,
        0,
        1.1,
        -0.372,
        2,
        1.133,
        -0.372
      ]
    },
    {
      "Target": "Parameter",
      "Id": "Body_waist",
      "Segments": [
        0,
        -0.266,
        1,
        0.1,
        -0.334,
        0.2,
        -0.389,
        0.3,
        -0.389,
        0,
        1.133,
        0
      ]
    },
    {
      "Target": "Parameter",
      "Id": "ShoulderL_Move",
      "Segments": [
        0,
        1.771,
        1,
        0.044,
        1.911,
        0.089,
        2,
        0.133,
        2,
        0,
        0.867,
        0,
        2,
        1.133,
        0
      ]
    },
    {
      "Target": "Parameter",
      "Id": "ShoulderR_Move",
      "Segments": [
        0,
        1.771,
        1,
        0.044,
        1.911,
        0.089,
        2,
        0.133,
        2,
        0,
        0.867,
        0,
        2,
        1.133,
        0
      ]
    },
    {
      "Target": "Parameter",
      "Id": "ShoulderL_Roll",
      "Segments": [
        0,
        -0.837,
        1,
        0.044,
        -0.903,
        0.089,
        -0.945,
        0.133,
        -0.945,
        0,
        0.833,
        0,
        2,
        1.133,
        0
      ]
    },
    {
      "Target": "Parameter",
      "Id": "ElbowL_Roll",
      "Segments": [
        0,
        0.676,
        1,
        0.044,
        0.729,
        0.089,
        0.763,
        0.133,
        0.763,
        0,
        0.833,
        -0.36,
        2,
        1.133,
        -0.36
      ]
    },
    {
      "Target": "Parameter",
      "Id": "HandL_Roll",
      "Segments": [
        0,
        -0.285,
        1,
        0.122,
        -0.38,
        0.245,
        -0.463,
        0.367,
        -0.463,
        0,
        0.833,
        0,
        2,
        1.133,
        0
      ]
    },
    {
      "Target": "Parameter",
      "Id": "ShoulderR_Roll",
      "Segments": [
        0,
        -0.769,
        1,
        0.022,
        -0.832,
        0.045,
        -0.898,
        0.067,
        -0.967,
        1,
        0.356,
        -1.861,
        0.644,
        -2.232,
        0.933,
        -2.232,
        2,
        1.067,
        -2.232,
        2,
        1.133,
        -2.232
      ]
    },
    {
      "Target": "Parameter",
      "Id": "ElbowR_Roll",
      "Segments": [
        0,
        -0.891,
        1,
        0.122,
        -1.19,
        0.245,
        -1.45,
        0.367,
        -1.45,
        0,
        1.133,
        0
      ]
    },
    {
      "Target": "Parameter",
      "Id": "Arm01R_Strech",
      "Segments": [
        0,
        -0.492,
        1,
        0.122,
        -0.657,
        0.245,
        -0.8,
        0.367,
        -0.8,
        2,
        1.133,
        -0.8
      ]
    },
    {
      "Target": "Parameter",
      "Id": "HairTop_Shaking",
      "Segments": [
        0,
        -0.055,
        0,
        0.2,
        0.009,
        0,
        0.467,
        -0.083,
        1,
        0.611,
        -0.083,
        0.756,
        -0.026,
        0.9,
        0.043,
        1,
        0.944,
        0.064,
        0.989,
        0.063,
        1.033,
        0.063,
        1,
        1.066,
        0.063,
        1.1,
        0.057,
        1.133,
        0.043
      ]
    },
    {
      "Target": "Parameter",
      "Id": "HairSide_Shaking",
      "Segments": [
        0,
        -0.071,
        1,
        0.078,
        -0.014,
        0.155,
        0.115,
        0.233,
        0.115,
        0,
        0.5,
        -0.078,
        0,
        0.8,
        0.065,
        0,
        0.9,
        -0.051,
        2,
        1.133,
        -0.051
      ]
    },
    {
      "Target": "Parameter",
      "Id": "HairUnder_Shaking",
      "Segments": [
        0,
        -0.088,
        1,
        0.089,
        -0.055,
        0.178,
        0.095,
        0.267,
        0.095,
        0,
        0.533,
        -0.063,
        0,
        0.8,
        0.058,
        0,
        0.9,
        -0.04,
        2,
        1.133,
        -0.04
      ]
    },
    {
      "Target": "Parameter",
      "Id": "Tie_Shaking",
      "Segments": [
        0,
        -0.039,
        1,
        0.033,
        -0.043,
        0.067,
        -0.046,
        0.1,
        -0.046,
        0,
        0.667,
        0.036,
        0,
        0.9,
        -0.021,
        2,
        1.133,
        -0.021
      ]
    },
    {
      "Target": "Parameter",
      "Id": "Hem_Shaking",
      "Segments": [
        0,
        0.039,
        0,
        0.233,
        0.001,
        0,
        0.433,
        0.035,
        0,
        0.7,
        -0.066,
        0,
        0.9,
        0,
        0,
        0.967,
        -0.026,
        0,
        1.133,
        0
      ]
    },
    {
      "Target": "Parameter",
      "Id": "Chain_Shaking",
      "Segments": [
        0,
        -0.025,
        1,
        0.033,
        -0.089,
        0.067,
        -0.145,
        0.1,
        -0.145,
        0,
        0.367,
        0.108,
        0,
        0.6,
        -0.14,
        0,
        0.833,
        0.124,
        1,
        0.855,
        0.124,
        0.878,
        0.006,
        0.9,
        -0.016,
        1,
        0.944,
        -0.059,
        0.989,
        -0.062,
        1.033,
        -0.062,
        1,
        1.066,
        -0.062,
        1.1,
        -0.047,
        1.133,
        -0.016
      ]
    },
    {
      "Target": "Parameter",
      "Id": "BrowLX",
      "Segments": [
        0,
        0,
        0,
        1.133,
        0
      ]
    },
    {
      "Target": "Parameter",
      "Id": "BrowRX",
      "Segments": [
        0,
        0,
        0,
        1.133,
        0
      ]
    },
    {
      "Target": "Parameter",
      "Id": "BrowL_Angle",
      "Segments": [
        0,
        0,
        0,
        1.133,
        0
      ]
    },
    {
      "Target": "Parameter",
      "Id": "BrowL_Form",
      "Segments": [
        0,
        0,
        0,
        1.133,
        0
      ]
    },
    {
      "Target": "Parameter",
      "Id": "BrowL_Shadow",
      "Segments": [
        0,
        0,
        0,
        1.133,
        0
      ]
    },
    {
      "Target": "Parameter",
      "Id": "EyeL_Open",
      "Segments": [
        0,
        1,
        0,
        1.133,
        1
      ]
    },
    {
      "Target": "Parameter",
      "Id": "EyeL_Smile",
      "Segments": [
        0,
        0,
        0,
        1.133,
        0
      ]
    },
    {
      "Target": "Parameter",
      "Id": "EyeR_Open",
      "Segments": [
        0,
        1,
        0,
        1.133,
        1
      ]
    },
    {
      "Target": "Parameter",
      "Id": "EyeR_Smile",
      "Segments": [
        0,
        0,
        0,
        1.133,
        0
      ]
    },
    {
      "Target": "Parameter",
      "Id": "Eye_Form",
      "Segments": [
        0,
        0,
        0,
        1.133,
        0
      ]
    },
    {
      "Target": "Parameter",
      "Id": "EyeBallX",
      "Segments": [
        0,
        0,
        0,
        1.133,
        0
      ]
    },
    {
      "Target": "Parameter",
      "Id": "EyeBallY",
      "Segments": [
        0,
        0,
        0,
        1.133,
        0
      ]
    },
    {
      "Target": "Parameter",
      "Id": "EyeBall_Size",
      "Segments": [
        0,
        0,
        0,
        1.133,
        0
      ]
    },
    {
      "Target": "Parameter",
      "Id": "Mouth_Open",
      "Segments": [
        0,
        1,
        0,
        1.133,
        1
      ]
    },
    {
      "Target": "Parameter",
      "Id": "Tooth",
      "Segments": [
        0,
        0,
        0,
        1.133,
        0
      ]
    },
    {
      "Target": "Parameter",
      "Id": "BodyUpper",
      "Segments": [
        0,
        0,
        0,
        1.133,
        0
      ]
    },
    {
      "Target": "Parameter",
      "Id": "Breath",
      "Segments": [
        0,
        0,
        0,
        1.133,
        0
      ]
    },
    {
      "Target": "Parameter",
      "Id": "Hem",
      "Segments": [
        0,
        1,
        0,
        1.133,
        1
      ]
    },
    {
      "Target": "Parameter",
      "Id": "Pocket",
      "Segments": [
        0,
        1,
        0,
        1.133,
        1
      ]
    },
    {
      "Target": "Parameter",
      "Id": "Arm01L_Strech",
      "Segments": [
        0,
        0,
        0,
        1.133,
        0
      ]
    },
    {
      "Target": "Parameter",
      "Id": "Arm02L_Strech",
      "Segments": [
        0,
        0,
        0,
        1.133,
        0
      ]
    },
    {
      "Target": "Parameter",
      "Id": "Arm02L_Bias",
      "Segments": [
        0,
        0,
        0,
        1.133,
        0
      ]
    },
    {
      "Target": "Parameter",
      "Id": "HandL_Strech",
      "Segments": [
        0,
        0,
        0,
        1.133,
        0
      ]
    },
    {
      "Target": "Parameter",
      "Id": "ArmL_Front",
      "Segments": [
        0,
        0,
        0,
        1.133,
        0
      ]
    },
    {
      "Target": "Parameter",
      "Id": "HandL01",
      "Segments": [
        0,
        1,
        0,
        1.133,
        1
      ]
    },
    {
      "Target": "Parameter",
      "Id": "HandL02",
      "Segments": [
        0,
        0,
        0,
        1.133,
        0
      ]
    },
    {
      "Target": "Parameter",
      "Id": "HandR_Roll",
      "Segments": [
        0,
        0,
        0,
        1.133,
        0
      ]
    },
    {
      "Target": "Parameter",
      "Id": "Arm02R_Strech",
      "Segments": [
        0,
        0,
        0,
        1.133,
        0
      ]
    },
    {
      "Target": "Parameter",
      "Id": "Arm02R_Bias",
      "Segments": [
        0,
        0,
        0,
        1.133,
        0
      ]
    },
    {
      "Target": "Parameter",
      "Id": "ArmR_Front",
      "Segments": [
        0,
        0,
        0,
        1.133,
        0
      ]
    },
    {
      "Target": "Parameter",
      "Id": "HandR_Front",
      "Segments": [
        0,
        1,
        0,
        1.133,
        1
      ]
    },
    {
      "Target": "Parameter",
      "Id": "ShoulderR_Bias",
      "Segments": [
        0,
        0,
        0,
        1.133,
        0
      ]
    },
    {
      "Target": "Parameter",
      "Id": "HandR_Strech",
      "Segments": [
        0,
        0,
        0,
        1.133,
        0
      ]
    },
    {
      "Target": "Parameter",
      "Id": "Hand_Form",
      "Segments": [
        0,
        0,
        0,
        1.133,
        0
      ]
    },
    {
      "Target": "Parameter",
      "Id": "HandR01",
      "Segments": [
        0,
        1,
        0,
        1.133,
        1
      ]
    },
    {
      "Target": "Parameter",
      "Id": "HandR02",
      "Segments": [
        0,
        0,
        0,
        1.133,
        0
      ]
    },
    {
      "Target": "Parameter",
      "Id": "HandR03",
      "Segments": [
        0,
        0,
        0,
        1.133,
        0
      ]
    },
    {
      "Target": "Parameter",
      "Id": "ALLX",
      "Segments": [
        0,
        0,
        0,
        1.133,
        0
      ]
    },
    {
      "Target": "Parameter",
      "Id": "ALLY",
      "Segments": [
        0,
        0,
        0,
        1.133,
        0
      ]
    },
    {
      "Target": "Parameter",
      "Id": "ALLZ",
      "Segments": [
        0,
        0,
        0,
        1.133,
        0
      ]
    }
  ],
  "UserData": []
}