{
  "Version": 3,
  "Meta": {
    "Duration": 1.467,
    "Fps": 30.0,
    "Loop": true,
    "AreBeziersRestricted": true,
    "CurveCount": 69,
    "TotalSegmentCount": 169,
    "TotalPointCount": 205,
    "UserDataCount": 0,
    "TotalUserDataSize": 0
  },
  "Curves": [
    {
      "Target": "Parameter",
      "Id": "HeadZ",
      "Segments": [
        0,
        0,
        1,
        0.167,
        0,
        0.333,
        0.069,
        0.5,
        2.172,
        1,
        0.733,
        5.117,
        0.967,
        8.82,
        1.2,
        8.82,
        2,
        1.467,
        8.82
      ]
    },
    {
      "Target": "Parameter",
      "Id": "BrowLY",
      "Segments": [
        0,
        0,
        2,
        0.733,
        0,
        0,
        1,
        0.3,
        2,
        1.467,
        0.3
      ]
    },
    {
      "Target": "Parameter",
      "Id": "BrowRY",
      "Segments": [
        0,
        0,
        2,
        0.733,
        0,
        0,
        1,
        0.3,
        2,
        1.467,
        0.3
      ]
    },
    {
      "Target": "Parameter",
      "Id": "EyeL_Open",
      "Segments": [
        0,
        1,
        2,
        0.733,
        1,
        0,
        1,
        1.1,
        2,
        1.467,
        1.1
      ]
    },
    {
      "Target": "Parameter",
      "Id": "EyeR_Open",
      "Segments": [
        0,
        1,
        2,
        0.733,
        1,
        0,
        1,
        1.1,
        2,
        1.467,
        1.1
      ]
    },
    {
      "Target": "Parameter",
      "Id": "Mouth_Size",
      "Segments": [
        0,
        1,
        2,
        0.733,
        1,
        0,
        1,
        0,
        2,
        1.467,
        0
      ]
    },
    {
      "Target": "Parameter",
      "Id": "NeckZ",
      "Segments": [
        0,
        0,
        1,
        0.122,
        0,
        0.245,
        0.106,
        0.367,
        1.492,
        1,
        0.5,
        3.005,
        0.634,
        7.677,
        0.767,
        8.736,
        1,
        0.922,
        9.971,
        1.078,
        10,
        1.233,
        10,
        2,
        1.467,
        10
      ]
    },
    {
      "Target": "Parameter",
      "Id": "BodyX",
      "Segments": [
        0,
        0,
        1,
        0.122,
        0,
        0.245,
        -0.167,
        0.367,
        -1.67,
        1,
        0.478,
        -3.037,
        0.589,
        -7.773,
        0.7,
        -8.52,
        1,
        0.9,
        -9.864,
        1.1,
        -10,
        1.3,
        -10,
        2,
        1.467,
        -10
      ]
    },
    {
      "Target": "Parameter",
      "Id": "BodyY",
      "Segments": [
        0,
        0,
        0,
        1.2,
        1.84,
        2,
        1.467,
        1.84
      ]
    },
    {
      "Target": "Parameter",
      "Id": "BodyZ",
      "Segments": [
        0,
        0,
        2,
        0.7,
        0,
        0,
        1.133,
        1.148,
        0,
        1.467,
        1.08
      ]
    },
    {
      "Target": "Parameter",
      "Id": "Body_waist",
      "Segments": [
        0,
        0,
        1,
        0.078,
        0,
        0.155,
        -0.098,
        0.233,
        -0.361,
        1,
        0.3,
        -0.587,
        0.366,
        -0.922,
        0.433,
        -1.12,
        1,
        0.522,
        -1.384,
        0.611,
        -1.46,
        0.7,
        -1.46,
        0,
        1.133,
        0.58,
        0,
        1.467,
        0
      ]
    },
    {
      "Target": "Parameter",
      "Id": "ShoulderL_Move",
      "Segments": [
        0,
        0,
        0,
        0.7,
        3,
        0,
        1.2,
        1.16,
        2,
        1.467,
        1.16
      ]
    },
    {
      "Target": "Parameter",
      "Id": "ShoulderR_Move",
      "Segments": [
        0,
        0,
        1,
        0.144,
        0,
        0.289,
        0.428,
        0.433,
        3.046,
        1,
        0.522,
        4.658,
        0.611,
        8.002,
        0.7,
        8.002,
        0,
        1.2,
        0.48,
        2,
        1.467,
        0.48
      ]
    },
    {
      "Target": "Parameter",
      "Id": "ShoulderL_Roll",
      "Segments": [
        0,
        0,
        0,
        0.7,
        -4.888,
        0,
        1.1,
        0.405,
        2,
        1.467,
        0.405
      ]
    },
    {
      "Target": "Parameter",
      "Id": "ElbowL_Roll",
      "Segments": [
        0,
        0,
        0,
        0.7,
        4.923,
        0,
        1.1,
        1.2,
        2,
        1.467,
        1.2
      ]
    },
    {
      "Target": "Parameter",
      "Id": "HandL_Roll",
      "Segments": [
        0,
        0,
        0,
        0.7,
        -0.483,
        0,
        1.1,
        1.02,
        2,
        1.467,
        1.02
      ]
    },
    {
      "Target": "Parameter",
      "Id": "Arm01L_Strech",
      "Segments": [
        0,
        0,
        0,
        0.7,
        -5.352,
        2,
        0.733,
        -5.352,
        0,
        1.1,
        -6.96,
        2,
        1.467,
        -6.96
      ]
    },
    {
      "Target": "Parameter",
      "Id": "Arm02L_Strech",
      "Segments": [
        0,
        0,
        0,
        0.7,
        2.397,
        2,
        0.733,
        2.397,
        0,
        1.1,
        4.462,
        2,
        1.467,
        4.462
      ]
    },
    {
      "Target": "Parameter",
      "Id": "ShoulderR_Roll",
      "Segments": [
        0,
        0,
        0,
        0.8,
        11.8,
        0,
        1,
        7.52,
        0,
        1.167,
        8.12,
        2,
        1.467,
        8.12
      ]
    },
    {
      "Target": "Parameter",
      "Id": "ElbowR_Roll",
      "Segments": [
        0,
        0,
        1,
        0.144,
        0,
        0.289,
        4.553,
        0.433,
        12.179,
        1,
        0.522,
        16.872,
        0.611,
        18.6,
        0.7,
        18.6,
        1,
        0.767,
        18.6,
        0.833,
        18.553,
        0.9,
        18.167,
        1,
        0.944,
        17.909,
        0.989,
        17.377,
        1.033,
        17.377,
        0,
        1.2,
        17.65,
        2,
        1.467,
        17.65
      ]
    },
    {
      "Target": "Parameter",
      "Id": "HandR_Roll",
      "Segments": [
        0,
        0,
        0,
        0.7,
        -4,
        0,
        1.067,
        7.16,
        0,
        1.233,
        6,
        2,
        1.467,
        6
      ]
    },
    {
      "Target": "Parameter",
      "Id": "Arm01R_Strech",
      "Segments": [
        0,
        0,
        0,
        0.7,
        -3.44,
        2,
        1.2,
        -3.44,
        2,
        1.467,
        -3.44
      ]
    },
    {
      "Target": "Parameter",
      "Id": "Arm02R_Strech",
      "Segments": [
        0,
        0,
        0,
        1.2,
        -5.8,
        2,
        1.467,
        -5.8
      ]
    },
    {
      "Target": "Parameter",
      "Id": "Hand_Form",
      "Segments": [
        0,
        0,
        0,
        0.4,
        1,
        2,
        0.633,
        1,
        2,
        0.833,
        1,
        0,
        1,
        0,
        2,
        1.467,
        0
      ]
    },
    {
      "Target": "Parameter",
      "Id": "HandR01",
      "Segments": [
        0,
        1,
        2,
        0.367,
        1,
        0,
        0.4,
        0,
        2,
        1.2,
        0,
        2,
        1.467,
        0
      ]
    },
    {
      "Target": "Parameter",
      "Id": "HandR02",
      "Segments": [
        0,
        0,
        2,
        0.367,
        0,
        0,
        0.4,
        1,
        2,
        1.2,
        1,
        2,
        1.467,
        1
      ]
    },
    {
      "Target": "Parameter",
      "Id": "HairTop_Shaking",
      "Segments": [
        0,
        0,
        2,
        0.067,
        0,
        0,
        0.6,
        0.464,
        0,
        0.933,
        0.166,
        0,
        1.2,
        0.716,
        0,
        1.467,
        0.35
      ]
    },
    {
      "Target": "Parameter",
      "Id": "HairSide_Shaking",
      "Segments": [
        0,
        0,
        0,
        0.267,
        0.071,
        0,
        0.5,
        -0.033,
        0,
        0.7,
        0.009,
        0,
        0.867,
        -0.086,
        0,
        1.133,
        0.182,
        0,
        1.467,
        -0.152
      ]
    },
    {
      "Target": "Parameter",
      "Id": "HairUnder_Shaking",
      "Segments": [
        0,
        0.02,
        0,
        0.1,
        0.006,
        0,
        0.267,
        0.035,
        0,
        0.5,
        -0.062,
        0,
        0.767,
        0.01,
        0,
        0.833,
        -0.003,
        0,
        1.1,
        0.13,
        0,
        1.467,
        -0.201
      ]
    },
    {
      "Target": "Parameter",
      "Id": "Tie_Shaking",
      "Segments": [
        0,
        -0.002,
        0,
        0.267,
        0.013,
        0,
        0.733,
        -0.05,
        0,
        1.167,
        0.085,
        1,
        1.267,
        0.085,
        1.367,
        0.04,
        1.467,
        -0.026
      ]
    },
    {
      "Target": "Parameter",
      "Id": "Hem_Shaking",
      "Segments": [
        0,
        0,
        2,
        0.033,
        0,
        0,
        0.2,
        -0.098,
        0,
        0.267,
        -0.093,
        2,
        0.3,
        -0.093,
        0,
        0.4,
        -0.087,
        0,
        0.5,
        -0.139,
        0,
        0.767,
        0.265,
        0,
        1.067,
        -0.389,
        0,
        1.467,
        0
      ]
    },
    {
      "Target": "Parameter",
      "Id": "Chain_Shaking",
      "Segments": [
        0,
        0,
        2,
        0.033,
        0,
        0,
        0.167,
        -0.069,
        0,
        0.4,
        0.089,
        0,
        0.533,
        -0.026,
        0,
        0.733,
        0.155,
        0,
        0.933,
        -0.406,
        0,
        1.2,
        0.381,
        0,
        1.467,
        -0.1
      ]
    },
    {
      "Target": "Parameter",
      "Id": "HeadX",
      "Segments": [
        0,
        0,
        0,
        1.467,
        0
      ]
    },
    {
      "Target": "Parameter",
      "Id": "HeadY",
      "Segments": [
        0,
        0,
        0,
        1.467,
        0
      ]
    },
    {
      "Target": "Parameter",
      "Id": "BrowLX",
      "Segments": [
        0,
        0,
        0,
        1.467,
        0
      ]
    },
    {
      "Target": "Parameter",
      "Id": "BrowRX",
      "Segments": [
        0,
        0,
        0,
        1.467,
        0
      ]
    },
    {
      "Target": "Parameter",
      "Id": "BrowL_Angle",
      "Segments": [
        0,
        0,
        0,
        1.467,
        0
      ]
    },
    {
      "Target": "Parameter",
      "Id": "BrowR_Angle",
      "Segments": [
        0,
        0,
        0,
        1.467,
        0
      ]
    },
    {
      "Target": "Parameter",
      "Id": "BrowL_Form",
      "Segments": [
        0,
        0,
        0,
        1.467,
        0
      ]
    },
    {
      "Target": "Parameter",
      "Id": "BrowR_Form",
      "Segments": [
        0,
        0,
        0,
        1.467,
        0
      ]
    },
    {
      "Target": "Parameter",
      "Id": "BrowL_Shadow",
      "Segments": [
        0,
        0,
        0,
        1.467,
        0
      ]
    },
    {
      "Target": "Parameter",
      "Id": "BrowR_Shadow",
      "Segments": [
        0,
        0,
        0,
        1.467,
        0
      ]
    },
    {
      "Target": "Parameter",
      "Id": "EyeL_Smile",
      "Segments": [
        0,
        1,
        0,
        1.467,
        1
      ]
    },
    {
      "Target": "Parameter",
      "Id": "EyeR_Smile",
      "Segments": [
        0,
        1,
        0,
        1.467,
        1
      ]
    },
    {
      "Target": "Parameter",
      "Id": "Eye_Form",
      "Segments": [
        0,
        0,
        0,
        1.467,
        0
      ]
    },
    {
      "Target": "Parameter",
      "Id": "EyeBallX",
      "Segments": [
        0,
        0,
        0,
        1.467,
        0
      ]
    },
    {
      "Target": "Parameter",
      "Id": "EyeBallY",
      "Segments": [
        0,
        0,
        0,
        1.467,
        0
      ]
    },
    {
      "Target": "Parameter",
      "Id": "EyeBall_Size",
      "Segments": [
        0,
        0,
        0,
        1.467,
        0
      ]
    },
    {
      "Target": "Parameter",
      "Id": "Mouth_Form",
      "Segments": [
        0,
        0,
        0,
        1.467,
        0
      ]
    },
    {
      "Target": "Parameter",
      "Id": "Mouth_Open",
      "Segments": [
        0,
        1,
        0,
        1.467,
        1
      ]
    },
    {
      "Target": "Parameter",
      "Id": "Tooth",
      "Segments": [
        0,
        0,
        0,
        1.467,
        0
      ]
    },
    {
      "Target": "Parameter",
      "Id": "BodyUpper",
      "Segments": [
        0,
        0,
        0,
        1.467,
        0
      ]
    },
    {
      "Target": "Parameter",
      "Id": "Breath",
      "Segments": [
        0,
        0,
        0,
        1.467,
        0
      ]
    },
    {
      "Target": "Parameter",
      "Id": "Hem",
      "Segments": [
        0,
        1,
        0,
        1.467,
        1
      ]
    },
    {
      "Target": "Parameter",
      "Id": "Pocket",
      "Segments": [
        0,
        1,
        0,
        1.467,
        1
      ]
    },
    {
      "Target": "Parameter",
      "Id": "Arm02L_Bias",
      "Segments": [
        0,
        0,
        0,
        1.467,
        0
      ]
    },
    {
      "Target": "Parameter",
      "Id": "HandL_Strech",
      "Segments": [
        0,
        0,
        0,
        1.467,
        0
      ]
    },
    {
      "Target": "Parameter",
      "Id": "ArmL_Front",
      "Segments": [
        0,
        0,
        0,
        1.467,
        0
      ]
    },
    {
      "Target": "Parameter",
      "Id": "HandL01",
      "Segments": [
        0,
        1,
        0,
        1.467,
        1
      ]
    },
    {
      "Target": "Parameter",
      "Id": "HandL02",
      "Segments": [
        0,
        0,
        0,
        1.467,
        0
      ]
    },
    {
      "Target": "Parameter",
      "Id": "Arm02R_Bias",
      "Segments": [
        0,
        0,
        0,
        1.467,
        0
      ]
    },
    {
      "Target": "Parameter",
      "Id": "ArmR_Front",
      "Segments": [
        0,
        0,
        0,
        1.467,
        0
      ]
    },
    {
      "Target": "Parameter",
      "Id": "HandR_Front",
      "Segments": [
        0,
        1,
        0,
        1.467,
        1
      ]
    },
    {
      "Target": "Parameter",
      "Id": "ShoulderR_Bias",
      "Segments": [
        0,
        0,
        0,
        1.467,
        0
      ]
    },
    {
      "Target": "Parameter",
      "Id": "HandR_Strech",
      "Segments": [
        0,
        0,
        0,
        1.467,
        0
      ]
    },
    {
      "Target": "Parameter",
      "Id": "HandR03",
      "Segments": [
        0,
        0,
        0,
        1.467,
        0
      ]
    },
    {
      "Target": "Parameter",
      "Id": "ALLX",
      "Segments": [
        0,
        0,
        0,
        1.467,
        0
      ]
    },
    {
      "Target": "Parameter",
      "Id": "ALLY",
      "Segments": [
        0,
        0,
        0,
        1.467,
        0
      ]
    },
    {
      "Target": "Parameter",
      "Id": "ALLZ",
      "Segments": [
        0,
        0,
        0,
        1.467,
        0
      ]
    }
  ],
  "UserData": []
}