{
  "Version": 3,
  "Meta": {
    "Duration": 1.8,
    "Fps": 30.0,
    "Loop": true,
    "AreBeziersRestricted": true,
    "CurveCount": 69,
    "TotalSegmentCount": 234,
    "TotalPointCount": 380,
    "UserDataCount": 0,
    "TotalUserDataSize": 0
  },
  "Curves": [
    {
      "Target": "Parameter",
      "Id": "HeadX",
      "Segments": [
        0,
        0,
        0,
        0.533,
        -5,
        1,
        0.678,
        -5,
        0.822,
        10.063,
        0.967,
        10.518,
        1,
        1.145,
        11.078,
        1.322,
        11,
        1.5,
        11,
        2,
        1.8,
        11
      ]
    },
    {
      "Target": "Parameter",
      "Id": "HeadY",
      "Segments": [
        0,
        0,
        0,
        0.533,
        -2.702,
        0,
        0.767,
        -2.332,
        1,
        0.956,
        -2.332,
        1.144,
        -3.341,
        1.333,
        -4.321,
        1,
        1.455,
        -4.955,
        1.578,
        -5,
        1.7,
        -5,
        2,
        1.8,
        -5
      ]
    },
    {
      "Target": "Parameter",
      "Id": "HeadZ",
      "Segments": [
        0,
        0,
        0,
        0.3,
        -5.32,
        1,
        0.367,
        -5.32,
        0.433,
        -3.395,
        0.5,
        -0.905,
        1,
        0.578,
        2.001,
        0.655,
        4.522,
        0.733,
        6.834,
        1,
        0.822,
        9.476,
        0.911,
        12.281,
        1,
        14.117,
        1,
        1.122,
        16.641,
        1.245,
        17.353,
        1.367,
        17.353,
        2,
        1.767,
        17.353,
        2,
        1.8,
        17.353
      ]
    },
    {
      "Target": "Parameter",
      "Id": "Mouth_Size",
      "Segments": [
        0,
        1,
        2,
        0.867,
        1,
        0,
        1.133,
        0,
        2,
        1.333,
        0,
        2,
        1.8,
        0
      ]
    },
    {
      "Target": "Parameter",
      "Id": "Tooth",
      "Segments": [
        0,
        0,
        2,
        1.1,
        0,
        0,
        1.133,
        1,
        2,
        1.8,
        1
      ]
    },
    {
      "Target": "Parameter",
      "Id": "NeckZ",
      "Segments": [
        0,
        0,
        1,
        0.133,
        0,
        0.267,
        0.1,
        0.4,
        0.564,
        1,
        0.467,
        0.796,
        0.533,
        1.22,
        0.6,
        1.22,
        0,
        1.133,
        -2,
        0,
        1.533,
        0,
        2,
        1.8,
        0
      ]
    },
    {
      "Target": "Parameter",
      "Id": "BodyX",
      "Segments": [
        0,
        0,
        1,
        0.1,
        0,
        0.2,
        -2.379,
        0.3,
        -2.497,
        1,
        0.422,
        -2.641,
        0.545,
        -2.593,
        0.667,
        -2.743,
        1,
        0.789,
        -2.892,
        0.911,
        -4.836,
        1.033,
        -5.351,
        1,
        1.255,
        -6.288,
        1.478,
        -6.5,
        1.7,
        -6.5,
        2,
        1.8,
        -6.5
      ]
    },
    {
      "Target": "Parameter",
      "Id": "BodyY",
      "Segments": [
        0,
        0,
        0,
        0.167,
        -0.535,
        1,
        0.367,
        -0.535,
        0.567,
        4.02,
        0.767,
        7,
        1,
        0.956,
        9.814,
        1.144,
        10,
        1.333,
        10,
        2,
        1.7,
        10,
        2,
        1.8,
        10
      ]
    },
    {
      "Target": "Parameter",
      "Id": "BodyZ",
      "Segments": [
        0,
        0,
        0,
        0.267,
        0.01,
        1,
        0.367,
        0.01,
        0.467,
        -0.101,
        0.567,
        -0.803,
        1,
        0.656,
        -1.426,
        0.744,
        -2.506,
        0.833,
        -3.619,
        1,
        0.966,
        -5.29,
        1.1,
        -6.486,
        1.233,
        -6.486,
        0,
        1.8,
        -4.759
      ]
    },
    {
      "Target": "Parameter",
      "Id": "BodyUpper",
      "Segments": [
        0,
        0,
        0,
        0.7,
        1.34,
        1,
        0.756,
        1.34,
        0.811,
        -0.82,
        0.867,
        -1.84,
        1,
        1.022,
        -4.699,
        1.178,
        -5.502,
        1.333,
        -5.502,
        0,
        1.7,
        -5.04,
        2,
        1.8,
        -5.04
      ]
    },
    {
      "Target": "Parameter",
      "Id": "Body_waist",
      "Segments": [
        0,
        0,
        0,
        0.267,
        -1.14,
        1,
        0.389,
        -1.14,
        0.511,
        1.159,
        0.633,
        2.728,
        1,
        0.744,
        4.155,
        0.856,
        5.14,
        0.967,
        5.759,
        1,
        1.078,
        6.377,
        1.189,
        6.875,
        1.3,
        7.1,
        1,
        1.467,
        7.437,
        1.633,
        7.48,
        1.8,
        7.48
      ]
    },
    {
      "Target": "Parameter",
      "Id": "ShoulderL_Move",
      "Segments": [
        0,
        0,
        2,
        0.133,
        0,
        0,
        0.567,
        0.896,
        1,
        0.622,
        0.896,
        0.678,
        0.901,
        0.733,
        0.813,
        1,
        0.8,
        0.706,
        0.866,
        0.415,
        0.933,
        0.186,
        1,
        1.044,
        -0.195,
        1.156,
        -0.42,
        1.267,
        -0.42,
        2,
        1.8,
        -0.42
      ]
    },
    {
      "Target": "Parameter",
      "Id": "ShoulderR_Move",
      "Segments": [
        0,
        0,
        2,
        0.167,
        0,
        0,
        0.7,
        8,
        0,
        1.333,
        2.82,
        2,
        1.8,
        2.82
      ]
    },
    {
      "Target": "Parameter",
      "Id": "Hem",
      "Segments": [
        0,
        1,
        1,
        0.089,
        1,
        0.178,
        1.002,
        0.267,
        0.89,
        1,
        0.356,
        0.778,
        0.444,
        0.277,
        0.533,
        0.171,
        1,
        0.6,
        0.091,
        0.666,
        0.043,
        0.733,
        0.033,
        1,
        0.933,
        0.005,
        1.133,
        0,
        1.333,
        0,
        2,
        1.8,
        0
      ]
    },
    {
      "Target": "Parameter",
      "Id": "Pocket",
      "Segments": [
        0,
        1,
        2,
        0.267,
        1,
        0,
        0.467,
        0,
        2,
        1.333,
        0,
        2,
        1.8,
        0
      ]
    },
    {
      "Target": "Parameter",
      "Id": "ShoulderL_Roll",
      "Segments": [
        0,
        0,
        1,
        0.089,
        0,
        0.178,
        0.599,
        0.267,
        1.728,
        1,
        0.3,
        2.151,
        0.334,
        2.331,
        0.367,
        2.331,
        0,
        0.6,
        0.378,
        0,
        1.267,
        3.653,
        0,
        1.367,
        3.624,
        1,
        1.389,
        3.624,
        1.411,
        3.626,
        1.433,
        3.628,
        1,
        1.555,
        3.64,
        1.678,
        3.645,
        1.8,
        3.645
      ]
    },
    {
      "Target": "Parameter",
      "Id": "ElbowL_Roll",
      "Segments": [
        0,
        0,
        1,
        0.089,
        0,
        0.178,
        -0.024,
        0.267,
        0.35,
        1,
        0.334,
        0.631,
        0.4,
        2.793,
        0.467,
        2.793,
        2,
        0.633,
        2.793,
        1,
        0.7,
        2.793,
        0.766,
        -2.1,
        0.833,
        -3.475,
        1,
        1,
        -6.913,
        1.166,
        -7.65,
        1.333,
        -7.65,
        2,
        1.8,
        -7.65
      ]
    },
    {
      "Target": "Parameter",
      "Id": "HandL_Roll",
      "Segments": [
        0,
        0,
        1,
        0.089,
        0,
        0.178,
        -1.56,
        0.267,
        -3.71,
        1,
        0.3,
        -4.517,
        0.334,
        -4.618,
        0.367,
        -4.618,
        0,
        0.567,
        -2,
        1,
        0.634,
        -2,
        0.7,
        -6.561,
        0.767,
        -7.122,
        1,
        0.956,
        -8.715,
        1.144,
        -9,
        1.333,
        -9,
        2,
        1.8,
        -9
      ]
    },
    {
      "Target": "Parameter",
      "Id": "Arm01L_Strech",
      "Segments": [
        0,
        0,
        2,
        0.267,
        0,
        0,
        0.7,
        -3.86,
        1,
        0.789,
        -3.86,
        0.878,
        -2.378,
        0.967,
        -1.938,
        1,
        1.089,
        -1.333,
        1.211,
        -1.32,
        1.333,
        -1.32,
        2,
        1.8,
        -1.32
      ]
    },
    {
      "Target": "Parameter",
      "Id": "Arm02L_Strech",
      "Segments": [
        0,
        0,
        2,
        0.267,
        0,
        0,
        0.7,
        -2.291,
        0,
        1.333,
        0.06,
        2,
        1.8,
        0.06
      ]
    },
    {
      "Target": "Parameter",
      "Id": "ArmL_Front",
      "Segments": [
        0,
        0,
        2,
        0.233,
        0,
        0,
        0.267,
        1,
        2,
        1.333,
        1,
        2,
        1.8,
        1
      ]
    },
    {
      "Target": "Parameter",
      "Id": "HandL01",
      "Segments": [
        0,
        1,
        2,
        0.233,
        1,
        0,
        0.267,
        0,
        2,
        0.7,
        0,
        2,
        1.333,
        0,
        2,
        1.8,
        0
      ]
    },
    {
      "Target": "Parameter",
      "Id": "HandL02",
      "Segments": [
        0,
        0,
        2,
        0.233,
        0,
        0,
        0.267,
        1,
        2,
        1.333,
        1,
        2,
        1.8,
        1
      ]
    },
    {
      "Target": "Parameter",
      "Id": "ShoulderR_Roll",
      "Segments": [
        0,
        0,
        2,
        0.167,
        0,
        1,
        0.278,
        0,
        0.389,
        1.263,
        0.5,
        3.918,
        1,
        0.567,
        5.511,
        0.633,
        7.279,
        0.7,
        8.832,
        1,
        0.811,
        11.42,
        0.922,
        14.193,
        1.033,
        16.363,
        1,
        1.111,
        17.882,
        1.189,
        18.28,
        1.267,
        18.28,
        0,
        1.733,
        18.004,
        2,
        1.8,
        18.004
      ]
    },
    {
      "Target": "Parameter",
      "Id": "ElbowR_Roll",
      "Segments": [
        0,
        0,
        2,
        0.167,
        0,
        1,
        0.256,
        0,
        0.344,
        -3.729,
        0.433,
        -7.588,
        1,
        0.5,
        -10.482,
        0.566,
        -12.511,
        0.633,
        -14.313,
        1,
        0.733,
        -17.017,
        0.833,
        -19.773,
        0.933,
        -21.523,
        1,
        1.066,
        -23.857,
        1.2,
        -24.45,
        1.333,
        -24.45,
        2,
        1.8,
        -24.45
      ]
    },
    {
      "Target": "Parameter",
      "Id": "HandR_Roll",
      "Segments": [
        0,
        0,
        2,
        0.167,
        0,
        1,
        0.345,
        0,
        0.522,
        5.346,
        0.7,
        7.44,
        1,
        0.911,
        9.927,
        1.122,
        10,
        1.333,
        10,
        0,
        1.733,
        9.6,
        2,
        1.8,
        9.6
      ]
    },
    {
      "Target": "Parameter",
      "Id": "Arm01R_Strech",
      "Segments": [
        0,
        0,
        2,
        0.167,
        0,
        1,
        0.278,
        0,
        0.389,
        -0.576,
        0.5,
        -1.941,
        1,
        0.622,
        -3.442,
        0.745,
        -5.868,
        0.867,
        -6.685,
        1,
        1.022,
        -7.724,
        1.178,
        -7.82,
        1.333,
        -7.82,
        2,
        1.8,
        -7.82
      ]
    },
    {
      "Target": "Parameter",
      "Id": "Arm02R_Strech",
      "Segments": [
        0,
        0,
        2,
        0.167,
        0,
        1,
        0.3,
        0,
        0.434,
        -0.784,
        0.567,
        -3.153,
        1,
        0.689,
        -5.324,
        0.811,
        -6.948,
        0.933,
        -6.948,
        0,
        1.333,
        -6.2,
        2,
        1.8,
        -6.2
      ]
    },
    {
      "Target": "Parameter",
      "Id": "HandR01",
      "Segments": [
        0,
        1,
        1,
        0.156,
        1,
        0.311,
        0.985,
        0.467,
        0.947,
        1,
        0.478,
        0.944,
        0.489,
        0.06,
        0.5,
        0.053,
        1,
        0.567,
        0.012,
        0.633,
        0,
        0.7,
        0,
        2,
        1.333,
        0,
        2,
        1.8,
        0
      ]
    },
    {
      "Target": "Parameter",
      "Id": "HandR03",
      "Segments": [
        0,
        0,
        1,
        0.156,
        0,
        0.311,
        0.015,
        0.467,
        0.053,
        1,
        0.478,
        0.056,
        0.489,
        0.94,
        0.5,
        0.947,
        1,
        0.567,
        0.988,
        0.633,
        1,
        0.7,
        1,
        2,
        1.333,
        1,
        2,
        1.8,
        1
      ]
    },
    {
      "Target": "Parameter",
      "Id": "HairTop_Shaking",
      "Segments": [
        0,
        0,
        2,
        0.033,
        0,
        0,
        0.167,
        0.221,
        0,
        0.4,
        -0.06,
        0,
        0.733,
        0.92,
        0,
        1.1,
        0.101,
        0,
        1.3,
        0.801,
        0,
        1.567,
        0.292,
        0,
        1.8,
        0.738
      ]
    },
    {
      "Target": "Parameter",
      "Id": "HairSide_Shaking",
      "Segments": [
        0,
        0,
        1,
        0.011,
        0,
        0.022,
        0.01,
        0.033,
        0.021,
        1,
        0.066,
        0.053,
        0.1,
        0.066,
        0.133,
        0.066,
        0,
        0.367,
        -0.217,
        0,
        0.633,
        0.518,
        0,
        0.967,
        -0.658,
        0,
        1.3,
        0.578,
        0,
        1.6,
        -0.264,
        1,
        1.667,
        -0.264,
        1.733,
        -0.197,
        1.8,
        0
      ]
    },
    {
      "Target": "Parameter",
      "Id": "HairUnder_Shaking",
      "Segments": [
        0,
        0.033,
        0,
        0.033,
        0.025,
        0,
        0.133,
        0.06,
        0,
        0.367,
        -0.287,
        0,
        0.633,
        0.58,
        0,
        0.967,
        -0.539,
        0,
        1.3,
        0.567,
        0,
        1.633,
        -0.425,
        1,
        1.689,
        -0.425,
        1.744,
        -0.293,
        1.8,
        0
      ]
    },
    {
      "Target": "Parameter",
      "Id": "Tie_Shaking",
      "Segments": [
        0,
        0.015,
        0,
        0.133,
        0.026,
        0,
        0.467,
        -0.079,
        0,
        0.867,
        0.122,
        0,
        1.167,
        -0.27,
        0,
        1.567,
        0.232,
        1,
        1.645,
        0.232,
        1.722,
        0.135,
        1.8,
        0.001
      ]
    },
    {
      "Target": "Parameter",
      "Id": "Hem_Shaking",
      "Segments": [
        0,
        0,
        2,
        0.033,
        0,
        0,
        0.167,
        -0.402,
        0,
        0.4,
        0.683,
        0,
        0.7,
        -0.23,
        0,
        0.867,
        -0.129,
        0,
        1,
        -0.255,
        0,
        1.3,
        0.244,
        0,
        1.533,
        -0.144,
        0,
        1.733,
        0,
        2,
        1.8,
        0
      ]
    },
    {
      "Target": "Parameter",
      "Id": "Chain_Shaking",
      "Segments": [
        0,
        0,
        2,
        0.033,
        0,
        0,
        0.133,
        -0.231,
        0,
        0.333,
        0.692,
        0,
        0.567,
        -1,
        0,
        0.8,
        0.822,
        0,
        1.167,
        -0.538,
        0,
        1.433,
        0.323,
        0,
        1.667,
        -0.209,
        1,
        1.711,
        -0.209,
        1.756,
        -0.147,
        1.8,
        -0.015
      ]
    },
    {
      "Target": "Parameter",
      "Id": "BrowLY",
      "Segments": [
        0,
        0,
        0,
        1.8,
        0
      ]
    },
    {
      "Target": "Parameter",
      "Id": "BrowRY",
      "Segments": [
        0,
        0,
        0,
        1.8,
        0
      ]
    },
    {
      "Target": "Parameter",
      "Id": "BrowLX",
      "Segments": [
        0,
        0,
        0,
        1.8,
        0
      ]
    },
    {
      "Target": "Parameter",
      "Id": "BrowRX",
      "Segments": [
        0,
        0,
        0,
        1.8,
        0
      ]
    },
    {
      "Target": "Parameter",
      "Id": "BrowL_Angle",
      "Segments": [
        0,
        0,
        0,
        1.8,
        0
      ]
    },
    {
      "Target": "Parameter",
      "Id": "BrowR_Angle",
      "Segments": [
        0,
        0,
        0,
        1.8,
        0
      ]
    },
    {
      "Target": "Parameter",
      "Id": "BrowL_Form",
      "Segments": [
        0,
        0,
        0,
        1.8,
        0
      ]
    },
    {
      "Target": "Parameter",
      "Id": "BrowR_Form",
      "Segments": [
        0,
        0,
        0,
        1.8,
        0
      ]
    },
    {
      "Target": "Parameter",
      "Id": "BrowL_Shadow",
      "Segments": [
        0,
        0,
        0,
        1.8,
        0
      ]
    },
    {
      "Target": "Parameter",
      "Id": "BrowR_Shadow",
      "Segments": [
        0,
        0,
        0,
        1.8,
        0
      ]
    },
    {
      "Target": "Parameter",
      "Id": "EyeL_Open",
      "Segments": [
        0,
        1,
        0,
        1.8,
        1
      ]
    },
    {
      "Target": "Parameter",
      "Id": "EyeL_Smile",
      "Segments": [
        0,
        0,
        0,
        1.8,
        0
      ]
    },
    {
      "Target": "Parameter",
      "Id": "EyeR_Open",
      "Segments": [
        0,
        1,
        0,
        1.8,
        1
      ]
    },
    {
      "Target": "Parameter",
      "Id": "EyeR_Smile",
      "Segments": [
        0,
        0,
        0,
        1.8,
        0
      ]
    },
    {
      "Target": "Parameter",
      "Id": "Eye_Form",
      "Segments": [
        0,
        0,
        0,
        1.8,
        0
      ]
    },
    {
      "Target": "Parameter",
      "Id": "EyeBallX",
      "Segments": [
        0,
        0,
        0,
        1.8,
        0
      ]
    },
    {
      "Target": "Parameter",
      "Id": "EyeBallY",
      "Segments": [
        0,
        0,
        0,
        1.8,
        0
      ]
    },
    {
      "Target": "Parameter",
      "Id": "EyeBall_Size",
      "Segments": [
        0,
        0,
        0,
        1.8,
        0
      ]
    },
    {
      "Target": "Parameter",
      "Id": "Mouth_Form",
      "Segments": [
        0,
        0,
        0,
        1.8,
        0
      ]
    },
    {
      "Target": "Parameter",
      "Id": "Mouth_Open",
      "Segments": [
        0,
        1,
        0,
        1.8,
        1
      ]
    },
    {
      "Target": "Parameter",
      "Id": "Breath",
      "Segments": [
        0,
        0,
        0,
        1.8,
        0
      ]
    },
    {
      "Target": "Parameter",
      "Id": "Arm02L_Bias",
      "Segments": [
        0,
        0,
        0,
        1.8,
        0
      ]
    },
    {
      "Target": "Parameter",
      "Id": "HandL_Strech",
      "Segments": [
        0,
        0,
        0,
        1.8,
        0
      ]
    },
    {
      "Target": "Parameter",
      "Id": "Arm02R_Bias",
      "Segments": [
        0,
        0,
        0,
        1.8,
        0
      ]
    },
    {
      "Target": "Parameter",
      "Id": "ArmR_Front",
      "Segments": [
        0,
        0,
        0,
        1.8,
        0
      ]
    },
    {
      "Target": "Parameter",
      "Id": "HandR_Front",
      "Segments": [
        0,
        1,
        0,
        1.8,
        1
      ]
    },
    {
      "Target": "Parameter",
      "Id": "ShoulderR_Bias",
      "Segments": [
        0,
        0,
        0,
        1.8,
        0
      ]
    },
    {
      "Target": "Parameter",
      "Id": "HandR_Strech",
      "Segments": [
        0,
        0,
        0,
        1.8,
        0
      ]
    },
    {
      "Target": "Parameter",
      "Id": "Hand_Form",
      "Segments": [
        0,
        0,
        0,
        1.8,
        0
      ]
    },
    {
      "Target": "Parameter",
      "Id": "HandR02",
      "Segments": [
        0,
        0,
        0,
        1.8,
        0
      ]
    },
    {
      "Target": "Parameter",
      "Id": "ALLX",
      "Segments": [
        0,
        0,
        0,
        1.8,
        0
      ]
    },
    {
      "Target": "Parameter",
      "Id": "ALLY",
      "Segments": [
        0,
        0,
        0,
        1.8,
        0
      ]
    },
    {
      "Target": "Parameter",
      "Id": "ALLZ",
      "Segments": [
        0,
        0,
        0,
        1.8,
        0
      ]
    }
  ],
  "UserData": []
}