{
  "Version": 3,
  "Meta": {
    "Duration": 7.967,
    "Fps": 30.0,
    "Loop": true,
    "AreBeziersRestricted": true,
    "CurveCount": 69,
    "TotalSegmentCount": 302,
    "TotalPointCount": 382,
    "UserDataCount": 0,
    "TotalUserDataSize": 0
  },
  "Curves": [
    {
      "Target": "Parameter",
      "Id": "HeadX",
      "Segments": [
        0,
        0,
        0,
        2.167,
        8.7,
        1,
        3.034,
        8.7,
        3.9,
        8.444,
        4.767,
        5.826,
        1,
        5.356,
        4.047,
        5.944,
        0,
        6.533,
        0,
        2,
        7.967,
        0
      ]
    },
    {
      "Target": "Parameter",
      "Id": "HeadY",
      "Segments": [
        0,
        0,
        0,
        2.167,
        -24,
        1,
        2.934,
        -24,
        3.7,
        -24.022,
        4.467,
        -18.316,
        1,
        5.156,
        -13.19,
        5.844,
        0,
        6.533,
        0,
        2,
        7.967,
        0
      ]
    },
    {
      "Target": "Parameter",
      "Id": "Mouth_Size",
      "Segments": [
        0,
        0,
        2,
        0.733,
        0,
        0,
        2,
        -5.38,
        2,
        4.833,
        -5.38,
        0,
        6.433,
        0,
        2,
        7.967,
        0
      ]
    },
    {
      "Target": "Parameter",
      "Id": "NeckZ",
      "Segments": [
        0,
        10,
        0,
        1.4,
        7.04,
        1,
        2.211,
        7.04,
        3.022,
        7.034,
        3.833,
        7.762,
        1,
        4.644,
        8.489,
        5.456,
        10,
        6.267,
        10,
        2,
        7.967,
        10
      ]
    },
    {
      "Target": "Parameter",
      "Id": "BodyX",
      "Segments": [
        0,
        -10,
        0,
        1.533,
        -3,
        1,
        2.633,
        -3,
        3.733,
        -3.027,
        4.833,
        -3.9,
        1,
        5.611,
        -4.517,
        6.389,
        -7.362,
        7.167,
        -9.085,
        1,
        7.434,
        -9.676,
        7.7,
        -9.976,
        7.967,
        -9.999
      ]
    },
    {
      "Target": "Parameter",
      "Id": "BodyZ",
      "Segments": [
        0,
        1.08,
        0,
        0.533,
        1.201,
        0,
        1.767,
        0.329,
        0,
        3.267,
        0.441,
        0,
        5.633,
        0.051,
        0,
        7.067,
        1.409,
        1,
        7.367,
        1.409,
        7.667,
        1.103,
        7.967,
        1.081
      ]
    },
    {
      "Target": "Parameter",
      "Id": "Body_waist",
      "Segments": [
        0,
        0,
        1,
        0.133,
        0,
        0.267,
        0.035,
        0.4,
        0.348,
        1,
        0.7,
        1.051,
        1,
        1.595,
        1.3,
        1.595,
        0,
        3.1,
        0.054,
        0,
        5.033,
        1.595,
        0,
        6.867,
        -1.18,
        0,
        7.6,
        0.119,
        1,
        7.722,
        0.119,
        7.845,
        0.019,
        7.967,
        0.002
      ]
    },
    {
      "Target": "Parameter",
      "Id": "Breath",
      "Segments": [
        0,
        0,
        0,
        2,
        1,
        0,
        4,
        0,
        0,
        6,
        1,
        1,
        6.656,
        1,
        7.311,
        0.033,
        7.967,
        0.001
      ]
    },
    {
      "Target": "Parameter",
      "Id": "ShoulderL_Move",
      "Segments": [
        0,
        1.16,
        2,
        0.4,
        1.16,
        0,
        2.133,
        3,
        2,
        4.733,
        3,
        0,
        6.5,
        1.16,
        2,
        7.967,
        1.16
      ]
    },
    {
      "Target": "Parameter",
      "Id": "ShoulderR_Move",
      "Segments": [
        0,
        0.48,
        2,
        4.533,
        0.48,
        0,
        5.6,
        5.06,
        0,
        7.167,
        -0.878,
        1,
        7.434,
        -0.878,
        7.7,
        0.374,
        7.967,
        0.474
      ]
    },
    {
      "Target": "Parameter",
      "Id": "ShoulderL_Roll",
      "Segments": [
        0,
        0.405,
        2,
        0.4,
        0.405,
        0,
        1.633,
        -5.767,
        0,
        3.8,
        -5.272,
        0,
        5.033,
        -5.767,
        1,
        5.289,
        -5.767,
        5.544,
        -5.247,
        5.8,
        -4.067,
        1,
        5.933,
        -3.452,
        6.067,
        -2.863,
        6.2,
        -2.063,
        1,
        6.444,
        -0.596,
        6.689,
        0.405,
        6.933,
        0.405,
        2,
        7.967,
        0.405
      ]
    },
    {
      "Target": "Parameter",
      "Id": "ElbowL_Roll",
      "Segments": [
        0,
        1.2,
        2,
        0.4,
        1.2,
        0,
        1.633,
        5.763,
        2,
        5.033,
        5.763,
        0,
        6.933,
        1.2,
        2,
        7.967,
        1.2
      ]
    },
    {
      "Target": "Parameter",
      "Id": "HandL_Roll",
      "Segments": [
        0,
        1.02,
        2,
        0.4,
        1.02,
        0,
        1.633,
        -1.36,
        2,
        5.033,
        -1.36,
        1,
        5.4,
        -1.36,
        5.766,
        -0.407,
        6.133,
        0.18,
        1,
        6.289,
        0.429,
        6.444,
        0.446,
        6.6,
        0.552,
        1,
        6.711,
        0.627,
        6.822,
        0.681,
        6.933,
        0.74,
        1,
        7.278,
        0.924,
        7.622,
        1.014,
        7.967,
        1.02
      ]
    },
    {
      "Target": "Parameter",
      "Id": "Arm02L_Strech",
      "Segments": [
        0,
        4.462,
        2,
        2,
        4.462,
        0,
        3.767,
        3.202,
        0,
        5.033,
        4.462,
        2,
        7.967,
        4.462
      ]
    },
    {
      "Target": "Parameter",
      "Id": "ShoulderR_Roll",
      "Segments": [
        0,
        8.12,
        1,
        0.356,
        7.811,
        0.711,
        7.78,
        1.067,
        7.326,
        1,
        1.4,
        6.9,
        1.734,
        4.596,
        2.067,
        4.596,
        0,
        3.533,
        6.504,
        0,
        5.1,
        5.647,
        2,
        5.567,
        5.647,
        0,
        7.333,
        8.515,
        1,
        7.544,
        8.515,
        7.756,
        8.333,
        7.967,
        8.149
      ]
    },
    {
      "Target": "Parameter",
      "Id": "ElbowR_Roll",
      "Segments": [
        0,
        17.65,
        1,
        0.3,
        17.65,
        0.6,
        18.032,
        0.9,
        18.297,
        1,
        1.389,
        18.73,
        1.878,
        18.822,
        2.367,
        18.822,
        0,
        4.233,
        18.414,
        0,
        5.8,
        18.647,
        0,
        7.133,
        17.411,
        0,
        7.8,
        17.65,
        2,
        7.967,
        17.65
      ]
    },
    {
      "Target": "Parameter",
      "Id": "HandR_Roll",
      "Segments": [
        0,
        6,
        1,
        0.367,
        6,
        0.733,
        6.039,
        1.1,
        6.421,
        1,
        1.533,
        6.873,
        1.967,
        7.397,
        2.4,
        7.397,
        0,
        4.1,
        6.421,
        0,
        5.7,
        7.084,
        0,
        6.733,
        4.903,
        0,
        7.633,
        6,
        2,
        7.967,
        6
      ]
    },
    {
      "Target": "Parameter",
      "Id": "HairTop_Shaking",
      "Segments": [
        0,
        0.35,
        0,
        0.367,
        0.662,
        0,
        0.633,
        0.443,
        0,
        0.9,
        0.637,
        0,
        1.133,
        0.496,
        0,
        1.367,
        0.623,
        0,
        1.5,
        0.537,
        0,
        1.7,
        0.616,
        0,
        1.933,
        0.569,
        0,
        2.1,
        0.629,
        0,
        2.367,
        0.591,
        0,
        2.633,
        0.619,
        0,
        2.833,
        0.616,
        0,
        5.367,
        0.743,
        2,
        5.4,
        0.743,
        0,
        5.667,
        0.749,
        0,
        5.9,
        0.725,
        0,
        6.167,
        0.754,
        1,
        6.245,
        0.754,
        6.322,
        0.754,
        6.4,
        0.748,
        1,
        6.533,
        0.739,
        6.667,
        0.733,
        6.8,
        0.706,
        1,
        7,
        0.665,
        7.2,
        0.451,
        7.4,
        0.4,
        1,
        7.589,
        0.353,
        7.778,
        0.35,
        7.967,
        0.35
      ]
    },
    {
      "Target": "Parameter",
      "Id": "HairSide_Shaking",
      "Segments": [
        0,
        -0.152,
        0,
        0.267,
        0.083,
        0,
        0.567,
        -0.091,
        0,
        0.867,
        0.065,
        0,
        1.167,
        -0.075,
        0,
        1.5,
        0.046,
        0,
        1.8,
        -0.056,
        0,
        2.1,
        0.032,
        0,
        2.4,
        -0.038,
        0,
        2.7,
        0.022,
        0,
        3,
        -0.023,
        0,
        3.333,
        0.016,
        0,
        3.633,
        -0.015,
        0,
        3.933,
        0.011,
        0,
        4.267,
        -0.007,
        0,
        4.567,
        0.005,
        0,
        4.867,
        -0.003,
        0,
        5.2,
        0.002,
        0,
        5.467,
        -0.005,
        0,
        5.7,
        0.002,
        0,
        5.867,
        -0.004,
        0,
        6.067,
        0.011,
        0,
        6.3,
        -0.031,
        0,
        6.567,
        -0.003,
        0,
        6.867,
        -0.08,
        0,
        7.133,
        -0.04,
        0,
        7.433,
        -0.116,
        0,
        7.733,
        -0.065,
        1,
        7.811,
        -0.065,
        7.889,
        -0.132,
        7.967,
        -0.148
      ]
    },
    {
      "Target": "Parameter",
      "Id": "HairUnder_Shaking",
      "Segments": [
        0,
        -0.201,
        0,
        0.233,
        0.165,
        0,
        0.567,
        -0.147,
        0,
        0.9,
        0.124,
        0,
        1.167,
        -0.084,
        0,
        1.5,
        0.087,
        0,
        1.8,
        -0.044,
        0,
        2.1,
        0.05,
        0,
        2.4,
        -0.026,
        0,
        2.7,
        0.031,
        0,
        3,
        -0.017,
        0,
        3.3,
        0.018,
        0,
        3.633,
        -0.009,
        0,
        3.933,
        0.011,
        0,
        4.267,
        -0.005,
        0,
        4.567,
        0.005,
        0,
        4.867,
        -0.003,
        0,
        5.2,
        0.003,
        0,
        5.467,
        -0.003,
        2,
        5.567,
        -0.003,
        0,
        5.667,
        -0.009,
        0,
        5.967,
        0.025,
        0,
        6.3,
        -0.007,
        0,
        6.6,
        0.01,
        0,
        6.8,
        -0.002,
        0,
        6.9,
        0.005,
        0,
        7.1,
        -0.007,
        0,
        7.367,
        0.018,
        1,
        7.567,
        0.018,
        7.767,
        -0.179,
        7.967,
        -0.199
      ]
    },
    {
      "Target": "Parameter",
      "Id": "Tie_Shaking",
      "Segments": [
        0,
        -0.026,
        1,
        0.033,
        -0.032,
        0.067,
        -0.051,
        0.1,
        -0.051,
        0,
        0.5,
        0.061,
        0,
        0.9,
        -0.033,
        0,
        1.3,
        0.039,
        0,
        1.7,
        -0.025,
        0,
        2.1,
        0.019,
        0,
        2.5,
        -0.014,
        0,
        2.9,
        0.009,
        0,
        3.3,
        -0.006,
        0,
        3.7,
        0.003,
        0,
        4.067,
        -0.004,
        0,
        4.467,
        0.003,
        0,
        4.9,
        -0.002,
        0,
        5.233,
        0.001,
        0,
        5.667,
        -0.004,
        0,
        6.067,
        0.005,
        0,
        6.567,
        -0.011,
        0,
        6.9,
        0.009,
        0,
        7.2,
        -0.023,
        0,
        7.567,
        0.011,
        1,
        7.7,
        0.011,
        7.834,
        0.003,
        7.967,
        -0.02
      ]
    },
    {
      "Target": "Parameter",
      "Id": "Hem_Shaking",
      "Segments": [
        0,
        0,
        1,
        0.1,
        -0.038,
        0.2,
        -0.071,
        0.3,
        -0.071,
        0,
        0.6,
        0.04,
        0,
        0.633,
        0.039,
        0,
        0.9,
        0.063,
        0,
        1.6,
        0.002,
        0,
        1.733,
        0.011,
        0,
        1.967,
        -0.025,
        0,
        2.3,
        -0.006,
        0,
        2.6,
        -0.01,
        0,
        3.867,
        0.01,
        2,
        3.9,
        0.01,
        2,
        3.967,
        0.01,
        2,
        4,
        0.01,
        2,
        4.067,
        0.01,
        2,
        4.133,
        0.01,
        2,
        4.2,
        0.01,
        2,
        4.233,
        0.01,
        2,
        4.267,
        0.01,
        0,
        4.567,
        0.007,
        2,
        4.6,
        0.007,
        0,
        5.3,
        -0.015,
        0,
        5.4,
        -0.013,
        0,
        6.133,
        -0.062,
        0,
        7.133,
        0.029,
        0,
        7.567,
        -0.025,
        0,
        7.8,
        0.029,
        1,
        7.856,
        0.029,
        7.911,
        0.027,
        7.967,
        0.011
      ]
    },
    {
      "Target": "Parameter",
      "Id": "Chain_Shaking",
      "Segments": [
        0,
        -0.1,
        0,
        0.3,
        0.138,
        0,
        0.567,
        -0.071,
        0,
        0.833,
        0.079,
        0,
        1.067,
        -0.042,
        0,
        1.3,
        0.037,
        0,
        1.567,
        -0.022,
        0,
        1.733,
        0.021,
        0,
        1.967,
        -0.028,
        0,
        2.2,
        0.026,
        0,
        2.433,
        -0.019,
        0,
        2.667,
        0.013,
        0,
        2.933,
        -0.008,
        0,
        3.167,
        0.005,
        0,
        3.4,
        -0.004,
        0,
        3.633,
        0.003,
        0,
        3.9,
        -0.002,
        0,
        4.1,
        0.001,
        2,
        4.133,
        0.001,
        2,
        4.167,
        0.001,
        0,
        4.4,
        -0.001,
        0,
        4.6,
        0.001,
        0,
        4.667,
        0,
        2,
        4.7,
        0,
        0,
        5,
        -0.002,
        0,
        5.367,
        0.004,
        0,
        5.6,
        -0.004,
        0,
        5.8,
        0.005,
        0,
        6.033,
        -0.006,
        0,
        6.3,
        0.005,
        0,
        6.533,
        -0.004,
        0,
        6.767,
        0.003,
        0,
        6.9,
        0,
        0,
        7,
        0.007,
        0,
        7.2,
        -0.026,
        0,
        7.4,
        0.016,
        0,
        7.6,
        -0.056,
        0,
        7.8,
        0,
        1,
        7.856,
        0,
        7.911,
        -0.069,
        7.967,
        -0.093
      ]
    },
    {
      "Target": "Parameter",
      "Id": "HeadZ",
      "Segments": [
        0,
        8.82,
        0,
        7.967,
        8.82
      ]
    },
    {
      "Target": "Parameter",
      "Id": "BrowLY",
      "Segments": [
        0,
        0,
        0,
        7.967,
        0
      ]
    },
    {
      "Target": "Parameter",
      "Id": "BrowRY",
      "Segments": [
        0,
        0,
        0,
        7.967,
        0
      ]
    },
    {
      "Target": "Parameter",
      "Id": "BrowLX",
      "Segments": [
        0,
        0,
        0,
        7.967,
        0
      ]
    },
    {
      "Target": "Parameter",
      "Id": "BrowRX",
      "Segments": [
        0,
        0,
        0,
        7.967,
        0
      ]
    },
    {
      "Target": "Parameter",
      "Id": "BrowL_Angle",
      "Segments": [
        0,
        0.5,
        0,
        7.967,
        0.5
      ]
    },
    {
      "Target": "Parameter",
      "Id": "BrowR_Angle",
      "Segments": [
        0,
        0.5,
        0,
        7.967,
        0.5
      ]
    },
    {
      "Target": "Parameter",
      "Id": "BrowL_Form",
      "Segments": [
        0,
        1,
        0,
        7.967,
        1
      ]
    },
    {
      "Target": "Parameter",
      "Id": "BrowR_Form",
      "Segments": [
        0,
        1,
        0,
        7.967,
        1
      ]
    },
    {
      "Target": "Parameter",
      "Id": "BrowL_Shadow",
      "Segments": [
        0,
        -0.14,
        0,
        7.967,
        -0.14
      ]
    },
    {
      "Target": "Parameter",
      "Id": "BrowR_Shadow",
      "Segments": [
        0,
        -0.306,
        0,
        7.967,
        -0.306
      ]
    },
    {
      "Target": "Parameter",
      "Id": "EyeL_Open",
      "Segments": [
        0,
        1,
        0,
        7.967,
        1
      ]
    },
    {
      "Target": "Parameter",
      "Id": "EyeL_Smile",
      "Segments": [
        0,
        0,
        0,
        7.967,
        0
      ]
    },
    {
      "Target": "Parameter",
      "Id": "EyeR_Open",
      "Segments": [
        0,
        1,
        0,
        7.967,
        1
      ]
    },
    {
      "Target": "Parameter",
      "Id": "EyeR_Smile",
      "Segments": [
        0,
        0,
        0,
        7.967,
        0
      ]
    },
    {
      "Target": "Parameter",
      "Id": "Eye_Form",
      "Segments": [
        0,
        0,
        0,
        7.967,
        0
      ]
    },
    {
      "Target": "Parameter",
      "Id": "EyeBallX",
      "Segments": [
        0,
        0,
        0,
        7.967,
        0
      ]
    },
    {
      "Target": "Parameter",
      "Id": "EyeBallY",
      "Segments": [
        0,
        0,
        0,
        7.967,
        0
      ]
    },
    {
      "Target": "Parameter",
      "Id": "EyeBall_Size",
      "Segments": [
        0,
        0,
        0,
        7.967,
        0
      ]
    },
    {
      "Target": "Parameter",
      "Id": "Mouth_Form",
      "Segments": [
        0,
        0,
        0,
        7.967,
        0
      ]
    },
    {
      "Target": "Parameter",
      "Id": "Mouth_Open",
      "Segments": [
        0,
        0.5,
        0,
        7.967,
        0.5
      ]
    },
    {
      "Target": "Parameter",
      "Id": "Tooth",
      "Segments": [
        0,
        0,
        0,
        7.967,
        0
      ]
    },
    {
      "Target": "Parameter",
      "Id": "BodyY",
      "Segments": [
        0,
        1.84,
        0,
        7.967,
        1.84
      ]
    },
    {
      "Target": "Parameter",
      "Id": "BodyUpper",
      "Segments": [
        0,
        0,
        0,
        7.967,
        0
      ]
    },
    {
      "Target": "Parameter",
      "Id": "Hem",
      "Segments": [
        0,
        1,
        0,
        7.967,
        1
      ]
    },
    {
      "Target": "Parameter",
      "Id": "Pocket",
      "Segments": [
        0,
        1,
        0,
        7.967,
        1
      ]
    },
    {
      "Target": "Parameter",
      "Id": "Arm01L_Strech",
      "Segments": [
        0,
        -6.96,
        0,
        7.967,
        -6.96
      ]
    },
    {
      "Target": "Parameter",
      "Id": "Arm02L_Bias",
      "Segments": [
        0,
        0,
        0,
        7.967,
        0
      ]
    },
    {
      "Target": "Parameter",
      "Id": "HandL_Strech",
      "Segments": [
        0,
        0,
        0,
        7.967,
        0
      ]
    },
    {
      "Target": "Parameter",
      "Id": "ArmL_Front",
      "Segments": [
        0,
        0,
        0,
        7.967,
        0
      ]
    },
    {
      "Target": "Parameter",
      "Id": "HandL01",
      "Segments": [
        0,
        1,
        0,
        7.967,
        1
      ]
    },
    {
      "Target": "Parameter",
      "Id": "HandL02",
      "Segments": [
        0,
        0,
        0,
        7.967,
        0
      ]
    },
    {
      "Target": "Parameter",
      "Id": "Arm01R_Strech",
      "Segments": [
        0,
        -3.44,
        0,
        7.967,
        -3.44
      ]
    },
    {
      "Target": "Parameter",
      "Id": "Arm02R_Strech",
      "Segments": [
        0,
        -5.8,
        0,
        7.967,
        -5.8
      ]
    },
    {
      "Target": "Parameter",
      "Id": "Arm02R_Bias",
      "Segments": [
        0,
        0,
        0,
        7.967,
        0
      ]
    },
    {
      "Target": "Parameter",
      "Id": "ArmR_Front",
      "Segments": [
        0,
        0,
        0,
        7.967,
        0
      ]
    },
    {
      "Target": "Parameter",
      "Id": "HandR_Front",
      "Segments": [
        0,
        1,
        0,
        7.967,
        1
      ]
    },
    {
      "Target": "Parameter",
      "Id": "ShoulderR_Bias",
      "Segments": [
        0,
        0,
        0,
        7.967,
        0
      ]
    },
    {
      "Target": "Parameter",
      "Id": "HandR_Strech",
      "Segments": [
        0,
        0,
        0,
        7.967,
        0
      ]
    },
    {
      "Target": "Parameter",
      "Id": "Hand_Form",
      "Segments": [
        0,
        0,
        0,
        7.967,
        0
      ]
    },
    {
      "Target": "Parameter",
      "Id": "HandR01",
      "Segments": [
        0,
        0,
        0,
        7.967,
        0
      ]
    },
    {
      "Target": "Parameter",
      "Id": "HandR02",
      "Segments": [
        0,
        1,
        0,
        7.967,
        1
      ]
    },
    {
      "Target": "Parameter",
      "Id": "HandR03",
      "Segments": [
        0,
        0,
        0,
        7.967,
        0
      ]
    },
    {
      "Target": "Parameter",
      "Id": "ALLX",
      "Segments": [
        0,
        0,
        0,
        7.967,
        0
      ]
    },
    {
      "Target": "Parameter",
      "Id": "ALLY",
      "Segments": [
        0,
        0,
        0,
        7.967,
        0
      ]
    },
    {
      "Target": "Parameter",
      "Id": "ALLZ",
      "Segments": [
        0,
        0,
        0,
        7.967,
        0
      ]
    }
  ],
  "UserData": []
}