{
  "Version": 3,
  "Meta": {
    "Duration": 1.63,
    "Fps": 30.0,
    "Loop": true,
    "AreBeziersRestricted": true,
    "CurveCount": 88,
    "TotalSegmentCount": 239,
    "TotalPointCount": 423,
    "UserDataCount": 0,
    "TotalUserDataSize": 0
  },
  "Curves": [
    {
      "Target": "Parameter",
      "Id": "HeadX",
      "Segments": [
        0,
        -1.16,
        1,
        0.122,
        -2.637,
        0.245,
        -5,
        0.367,
        -5,
        1,
        0.511,
        -5,
        0.656,
        10.063,
        0.8,
        10.518,
        1,
        0.978,
        11.078,
        1.155,
        11,
        1.333,
        11,
        2,
        1.633,
        11
      ]
    },
    {
      "Target": "Parameter",
      "Id": "HeadY",
      "Segments": [
        0,
        -0.627,
        1,
        0.122,
        -1.425,
        0.245,
        -2.702,
        0.367,
        -2.702,
        0,
        0.6,
        -2.332,
        1,
        0.789,
        -2.332,
        0.978,
        -3.341,
        1.167,
        -4.321,
        1,
        1.289,
        -4.955,
        1.411,
        -5,
        1.533,
        -5,
        2,
        1.633,
        -5
      ]
    },
    {
      "Target": "Parameter",
      "Id": "HeadZ",
      "Segments": [
        0,
        -3.102,
        1,
        0.044,
        -4.269,
        0.089,
        -5.32,
        0.133,
        -5.32,
        1,
        0.2,
        -5.32,
        0.266,
        -3.395,
        0.333,
        -0.905,
        1,
        0.411,
        2.001,
        0.489,
        4.522,
        0.567,
        6.834,
        1,
        0.656,
        9.476,
        0.744,
        12.281,
        0.833,
        14.117,
        1,
        0.955,
        16.641,
        1.078,
        17.353,
        1.2,
        17.353,
        2,
        1.6,
        17.353,
        2,
        1.633,
        17.353
      ]
    },
    {
      "Target": "Parameter",
      "Id": "BrowLY",
      "Segments": [
        0,
        -0.01,
        1,
        0.044,
        -0.036,
        0.089,
        -0.1,
        0.133,
        -0.1,
        2,
        1.633,
        -0.1
      ]
    },
    {
      "Target": "Parameter",
      "Id": "BrowRY",
      "Segments": [
        0,
        -0.01,
        1,
        0.044,
        -0.036,
        0.089,
        -0.1,
        0.133,
        -0.1,
        2,
        1.633,
        -0.1
      ]
    },
    {
      "Target": "Parameter",
      "Id": "BrowL_Angle",
      "Segments": [
        0,
        -0.031,
        1,
        0.044,
        -0.108,
        0.089,
        -0.3,
        0.133,
        -0.3,
        2,
        1.633,
        -0.3
      ]
    },
    {
      "Target": "Parameter",
      "Id": "BrowR_Angle",
      "Segments": [
        0,
        -0.031,
        1,
        0.044,
        -0.108,
        0.089,
        -0.3,
        0.133,
        -0.3,
        2,
        1.633,
        -0.3
      ]
    },
    {
      "Target": "Parameter",
      "Id": "BrowL_Form",
      "Segments": [
        0,
        0.052,
        1,
        0.044,
        0.18,
        0.089,
        0.5,
        0.133,
        0.5,
        2,
        1.633,
        0.5
      ]
    },
    {
      "Target": "Parameter",
      "Id": "BrowR_Form",
      "Segments": [
        0,
        0.052,
        1,
        0.044,
        0.18,
        0.089,
        0.5,
        0.133,
        0.5,
        2,
        1.633,
        0.5
      ]
    },
    {
      "Target": "Parameter",
      "Id": "BrowL_Shadow",
      "Segments": [
        0,
        -0.069,
        1,
        0.044,
        -0.238,
        0.089,
        -0.662,
        0.133,
        -0.662,
        2,
        1.633,
        -0.662
      ]
    },
    {
      "Target": "Parameter",
      "Id": "BrowR_Shadow",
      "Segments": [
        0,
        -0.045,
        1,
        0.044,
        -0.157,
        0.089,
        -0.436,
        0.133,
        -0.436,
        2,
        1.633,
        -0.436
      ]
    },
    {
      "Target": "Parameter",
      "Id": "Mouth_Form",
      "Segments": [
        0,
        0.135,
        1,
        0.044,
        0.468,
        0.089,
        1.3,
        0.133,
        1.3,
        2,
        1.633,
        1.3
      ]
    },
    {
      "Target": "Parameter",
      "Id": "Mouth_Size",
      "Segments": [
        0,
        0.896,
        1,
        0.044,
        0.64,
        0.089,
        0,
        0.133,
        0,
        2,
        1.633,
        0
      ]
    },
    {
      "Target": "Parameter",
      "Id": "NeckZ",
      "Segments": [
        0,
        0.071,
        1,
        0.078,
        0.147,
        0.155,
        0.293,
        0.233,
        0.564,
        1,
        0.3,
        0.796,
        0.366,
        1.22,
        0.433,
        1.22,
        0,
        0.967,
        -2,
        0,
        1.367,
        0,
        2,
        1.633,
        0
      ]
    },
    {
      "Target": "Parameter",
      "Id": "BodyX",
      "Segments": [
        0,
        -1.407,
        1,
        0.044,
        -1.945,
        0.089,
        -2.444,
        0.133,
        -2.497,
        1,
        0.255,
        -2.641,
        0.378,
        -2.593,
        0.5,
        -2.743,
        1,
        0.622,
        -2.892,
        0.745,
        -4.836,
        0.867,
        -5.351,
        1,
        1.089,
        -6.288,
        1.311,
        -6.5,
        1.533,
        -6.5,
        2,
        1.633,
        -6.5
      ]
    },
    {
      "Target": "Parameter",
      "Id": "BodyY",
      "Segments": [
        0,
        -0.535,
        1,
        0.2,
        -0.535,
        0.4,
        4.02,
        0.6,
        7,
        1,
        0.789,
        9.814,
        0.978,
        10,
        1.167,
        10,
        2,
        1.533,
        10,
        2,
        1.633,
        10
      ]
    },
    {
      "Target": "Parameter",
      "Id": "BodyZ",
      "Segments": [
        0,
        0.007,
        1,
        0.033,
        0.008,
        0.067,
        0.01,
        0.1,
        0.01,
        1,
        0.2,
        0.01,
        0.3,
        -0.101,
        0.4,
        -0.803,
        1,
        0.489,
        -1.426,
        0.578,
        -2.506,
        0.667,
        -3.619,
        1,
        0.8,
        -5.29,
        0.934,
        -6.486,
        1.067,
        -6.486,
        0,
        1.633,
        -4.759
      ]
    },
    {
      "Target": "Parameter",
      "Id": "BodyUpper",
      "Segments": [
        0,
        0.192,
        1,
        0.178,
        0.562,
        0.355,
        1.34,
        0.533,
        1.34,
        1,
        0.589,
        1.34,
        0.644,
        -0.82,
        0.7,
        -1.84,
        1,
        0.856,
        -4.699,
        1.011,
        -5.502,
        1.167,
        -5.502,
        0,
        1.533,
        -5.04,
        2,
        1.633,
        -5.04
      ]
    },
    {
      "Target": "Parameter",
      "Id": "Body_waist",
      "Segments": [
        0,
        -0.779,
        1,
        0.033,
        -0.98,
        0.067,
        -1.14,
        0.1,
        -1.14,
        1,
        0.222,
        -1.14,
        0.345,
        1.159,
        0.467,
        2.728,
        1,
        0.578,
        4.155,
        0.689,
        5.14,
        0.8,
        5.759,
        1,
        0.911,
        6.377,
        1.022,
        6.875,
        1.133,
        7.1,
        1,
        1.3,
        7.437,
        1.466,
        7.48,
        1.633,
        7.48
      ]
    },
    {
      "Target": "Parameter",
      "Id": "ShoulderL_Move",
      "Segments": [
        0,
        0.015,
        1,
        0.133,
        0.133,
        0.267,
        0.896,
        0.4,
        0.896,
        1,
        0.456,
        0.896,
        0.511,
        0.901,
        0.567,
        0.813,
        1,
        0.634,
        0.706,
        0.7,
        0.415,
        0.767,
        0.186,
        1,
        0.878,
        -0.195,
        0.989,
        -0.42,
        1.1,
        -0.42,
        2,
        1.633,
        -0.42
      ]
    },
    {
      "Target": "Parameter",
      "Id": "ShoulderR_Move",
      "Segments": [
        0,
        0,
        0,
        0.533,
        8,
        0,
        1.167,
        2.82,
        2,
        1.633,
        2.82
      ]
    },
    {
      "Target": "Parameter",
      "Id": "Hem",
      "Segments": [
        0,
        0.974,
        1,
        0.033,
        0.958,
        0.067,
        0.932,
        0.1,
        0.89,
        1,
        0.189,
        0.778,
        0.278,
        0.277,
        0.367,
        0.171,
        1,
        0.434,
        0.091,
        0.5,
        0.043,
        0.567,
        0.033,
        1,
        0.767,
        0.005,
        0.967,
        0,
        1.167,
        0,
        2,
        1.633,
        0
      ]
    },
    {
      "Target": "Parameter",
      "Id": "Pocket",
      "Segments": [
        0,
        1,
        2,
        0.1,
        1,
        0,
        0.3,
        0,
        2,
        1.167,
        0,
        2,
        1.633,
        0
      ]
    },
    {
      "Target": "Parameter",
      "Id": "ShoulderL_Roll",
      "Segments": [
        0,
        0.685,
        1,
        0.033,
        0.955,
        0.067,
        1.304,
        0.1,
        1.728,
        1,
        0.133,
        2.151,
        0.167,
        2.331,
        0.2,
        2.331,
        0,
        0.433,
        0.378,
        0,
        1.1,
        3.653,
        0,
        1.2,
        3.624,
        1,
        1.222,
        3.624,
        1.245,
        3.626,
        1.267,
        3.628,
        1,
        1.389,
        3.64,
        1.511,
        3.645,
        1.633,
        3.645
      ]
    },
    {
      "Target": "Parameter",
      "Id": "ElbowL_Roll",
      "Segments": [
        0,
        0.075,
        1,
        0.033,
        0.125,
        0.067,
        0.21,
        0.1,
        0.35,
        1,
        0.167,
        0.631,
        0.233,
        2.793,
        0.3,
        2.793,
        2,
        0.467,
        2.793,
        1,
        0.534,
        2.793,
        0.6,
        -2.1,
        0.667,
        -3.475,
        1,
        0.834,
        -6.913,
        1,
        -7.65,
        1.167,
        -7.65,
        2,
        1.633,
        -7.65
      ]
    },
    {
      "Target": "Parameter",
      "Id": "HandL_Roll",
      "Segments": [
        0,
        -1.591,
        1,
        0.033,
        -2.181,
        0.067,
        -2.904,
        0.1,
        -3.71,
        1,
        0.133,
        -4.517,
        0.167,
        -4.618,
        0.2,
        -4.618,
        0,
        0.4,
        -2,
        1,
        0.467,
        -2,
        0.533,
        -6.561,
        0.6,
        -7.122,
        1,
        0.789,
        -8.715,
        0.978,
        -9,
        1.167,
        -9,
        2,
        1.633,
        -9
      ]
    },
    {
      "Target": "Parameter",
      "Id": "Arm01L_Strech",
      "Segments": [
        0,
        0,
        2,
        0.1,
        0,
        0,
        0.533,
        -3.86,
        1,
        0.622,
        -3.86,
        0.711,
        -2.378,
        0.8,
        -1.938,
        1,
        0.922,
        -1.333,
        1.045,
        -1.32,
        1.167,
        -1.32,
        2,
        1.633,
        -1.32
      ]
    },
    {
      "Target": "Parameter",
      "Id": "Arm02L_Strech",
      "Segments": [
        0,
        0,
        2,
        0.1,
        0,
        0,
        0.533,
        -2.291,
        0,
        1.167,
        0.06,
        2,
        1.633,
        0.06
      ]
    },
    {
      "Target": "Parameter",
      "Id": "ArmL_Front",
      "Segments": [
        0,
        0,
        2,
        0.067,
        0,
        0,
        0.1,
        1,
        2,
        1.167,
        1,
        2,
        1.633,
        1
      ]
    },
    {
      "Target": "Parameter",
      "Id": "HandL01",
      "Segments": [
        0,
        1,
        2,
        0.067,
        1,
        0,
        0.1,
        0,
        2,
        0.533,
        0,
        2,
        1.167,
        0,
        2,
        1.633,
        0
      ]
    },
    {
      "Target": "Parameter",
      "Id": "HandL02",
      "Segments": [
        0,
        0,
        2,
        0.067,
        0,
        0,
        0.1,
        1,
        2,
        1.167,
        1,
        2,
        1.633,
        1
      ]
    },
    {
      "Target": "Parameter",
      "Id": "ShoulderR_Roll",
      "Segments": [
        0,
        0,
        1,
        0.111,
        0,
        0.222,
        1.263,
        0.333,
        3.918,
        1,
        0.4,
        5.511,
        0.466,
        7.279,
        0.533,
        8.832,
        1,
        0.644,
        11.42,
        0.756,
        14.193,
        0.867,
        16.363,
        1,
        0.945,
        17.882,
        1.022,
        18.28,
        1.1,
        18.28,
        0,
        1.567,
        18.004,
        2,
        1.633,
        18.004
      ]
    },
    {
      "Target": "Parameter",
      "Id": "ElbowR_Roll",
      "Segments": [
        0,
        0,
        1,
        0.089,
        0,
        0.178,
        -3.729,
        0.267,
        -7.588,
        1,
        0.334,
        -10.482,
        0.4,
        -12.511,
        0.467,
        -14.313,
        1,
        0.567,
        -17.017,
        0.667,
        -19.773,
        0.767,
        -21.523,
        1,
        0.9,
        -23.857,
        1.034,
        -24.45,
        1.167,
        -24.45,
        2,
        1.633,
        -24.45
      ]
    },
    {
      "Target": "Parameter",
      "Id": "HandR_Roll",
      "Segments": [
        0,
        0,
        1,
        0.178,
        0,
        0.355,
        5.346,
        0.533,
        7.44,
        1,
        0.744,
        9.927,
        0.956,
        10,
        1.167,
        10,
        0,
        1.567,
        9.6,
        2,
        1.633,
        9.6
      ]
    },
    {
      "Target": "Parameter",
      "Id": "Arm01R_Strech",
      "Segments": [
        0,
        0,
        1,
        0.111,
        0,
        0.222,
        -0.576,
        0.333,
        -1.941,
        1,
        0.455,
        -3.442,
        0.578,
        -5.868,
        0.7,
        -6.685,
        1,
        0.856,
        -7.724,
        1.011,
        -7.82,
        1.167,
        -7.82,
        2,
        1.633,
        -7.82
      ]
    },
    {
      "Target": "Parameter",
      "Id": "Arm02R_Strech",
      "Segments": [
        0,
        0,
        1,
        0.133,
        0,
        0.267,
        -0.784,
        0.4,
        -3.153,
        1,
        0.522,
        -5.324,
        0.645,
        -6.948,
        0.767,
        -6.948,
        0,
        1.167,
        -6.2,
        2,
        1.633,
        -6.2
      ]
    },
    {
      "Target": "Parameter",
      "Id": "HandR01",
      "Segments": [
        0,
        0.994,
        1,
        0.1,
        0.986,
        0.2,
        0.971,
        0.3,
        0.947,
        1,
        0.311,
        0.944,
        0.322,
        0.06,
        0.333,
        0.053,
        1,
        0.4,
        0.012,
        0.466,
        0,
        0.533,
        0,
        2,
        1.167,
        0,
        2,
        1.633,
        0
      ]
    },
    {
      "Target": "Parameter",
      "Id": "HandR03",
      "Segments": [
        0,
        0.006,
        1,
        0.1,
        0.014,
        0.2,
        0.029,
        0.3,
        0.053,
        1,
        0.311,
        0.056,
        0.322,
        0.94,
        0.333,
        0.947,
        1,
        0.4,
        0.988,
        0.466,
        1,
        0.533,
        1,
        2,
        1.167,
        1,
        2,
        1.633,
        1
      ]
    },
    {
      "Target": "Parameter",
      "Id": "HairTop_Shaking",
      "Segments": [
        0,
        0.221,
        0,
        0.233,
        -0.06,
        0,
        0.567,
        0.92,
        0,
        0.933,
        0.101,
        0,
        1.133,
        0.801,
        0,
        1.4,
        0.292,
        0,
        1.633,
        0.738
      ]
    },
    {
      "Target": "Parameter",
      "Id": "HairSide_Shaking",
      "Segments": [
        0,
        0.05,
        1,
        0.067,
        -0.009,
        0.133,
        -0.217,
        0.2,
        -0.217,
        0,
        0.467,
        0.518,
        0,
        0.8,
        -0.658,
        0,
        1.133,
        0.578,
        0,
        1.433,
        -0.264,
        1,
        1.5,
        -0.264,
        1.566,
        -0.197,
        1.633,
        0
      ]
    },
    {
      "Target": "Parameter",
      "Id": "HairUnder_Shaking",
      "Segments": [
        0,
        0.041,
        1,
        0.067,
        -0.032,
        0.133,
        -0.287,
        0.2,
        -0.287,
        0,
        0.467,
        0.58,
        0,
        0.8,
        -0.539,
        0,
        1.133,
        0.567,
        0,
        1.467,
        -0.425,
        1,
        1.522,
        -0.425,
        1.578,
        -0.293,
        1.633,
        0
      ]
    },
    {
      "Target": "Parameter",
      "Id": "Tie_Shaking",
      "Segments": [
        0,
        0.024,
        1,
        0.1,
        0.007,
        0.2,
        -0.079,
        0.3,
        -0.079,
        0,
        0.7,
        0.122,
        0,
        1,
        -0.27,
        0,
        1.4,
        0.232,
        1,
        1.478,
        0.232,
        1.555,
        0.135,
        1.633,
        0.001
      ]
    },
    {
      "Target": "Parameter",
      "Id": "Hem_Shaking",
      "Segments": [
        0,
        -0.402,
        0,
        0.233,
        0.683,
        0,
        0.533,
        -0.23,
        0,
        0.7,
        -0.129,
        0,
        0.833,
        -0.255,
        0,
        1.133,
        0.244,
        0,
        1.367,
        -0.144,
        0,
        1.567,
        0,
        2,
        1.633,
        0
      ]
    },
    {
      "Target": "Parameter",
      "Id": "Chain_Shaking",
      "Segments": [
        0,
        -0.163,
        1,
        0.056,
        0.051,
        0.111,
        0.692,
        0.167,
        0.692,
        0,
        0.4,
        -1,
        0,
        0.633,
        0.822,
        0,
        1,
        -0.538,
        0,
        1.267,
        0.323,
        0,
        1.5,
        -0.209,
        1,
        1.544,
        -0.209,
        1.589,
        -0.147,
        1.633,
        -0.015
      ]
    },
    {
      "Target": "Model",
      "Id": "Opacity",
      "Segments": [
        0,
        1,
        0,
        1.63,
        1
      ]
    },
    {
      "Target": "Parameter",
      "Id": "BrowLX",
      "Segments": [
        0,
        0,
        0,
        1.63,
        0
      ]
    },
    {
      "Target": "Parameter",
      "Id": "BrowRX",
      "Segments": [
        0,
        0,
        0,
        1.63,
        0
      ]
    },
    {
      "Target": "Parameter",
      "Id": "EyeL_Open",
      "Segments": [
        0,
        1,
        0,
        1.63,
        1
      ]
    },
    {
      "Target": "Parameter",
      "Id": "EyeL_Smile",
      "Segments": [
        0,
        0,
        0,
        1.63,
        0
      ]
    },
    {
      "Target": "Parameter",
      "Id": "EyeR_Open",
      "Segments": [
        0,
        1,
        0,
        1.63,
        1
      ]
    },
    {
      "Target": "Parameter",
      "Id": "EyeR_Smile",
      "Segments": [
        0,
        0,
        0,
        1.63,
        0
      ]
    },
    {
      "Target": "Parameter",
      "Id": "Eye_Form",
      "Segments": [
        0,
        0,
        0,
        1.63,
        0
      ]
    },
    {
      "Target": "Parameter",
      "Id": "EyeBallX",
      "Segments": [
        0,
        0,
        0,
        1.63,
        0
      ]
    },
    {
      "Target": "Parameter",
      "Id": "EyeBallY",
      "Segments": [
        0,
        0,
        0,
        1.63,
        0
      ]
    },
    {
      "Target": "Parameter",
      "Id": "EyeBall_Size",
      "Segments": [
        0,
        0,
        0,
        1.63,
        0
      ]
    },
    {
      "Target": "Parameter",
      "Id": "Mouth_Open",
      "Segments": [
        0,
        1,
        0,
        1.63,
        1
      ]
    },
    {
      "Target": "Parameter",
      "Id": "Tooth",
      "Segments": [
        0,
        0,
        0,
        1.63,
        0
      ]
    },
    {
      "Target": "Parameter",
      "Id": "Breath",
      "Segments": [
        0,
        0,
        0,
        1.63,
        0
      ]
    },
    {
      "Target": "Parameter",
      "Id": "Arm02L_Bias",
      "Segments": [
        0,
        0,
        0,
        1.63,
        0
      ]
    },
    {
      "Target": "Parameter",
      "Id": "HandL_Strech",
      "Segments": [
        0,
        0,
        0,
        1.63,
        0
      ]
    },
    {
      "Target": "Parameter",
      "Id": "Arm02R_Bias",
      "Segments": [
        0,
        0,
        0,
        1.63,
        0
      ]
    },
    {
      "Target": "Parameter",
      "Id": "ArmR_Front",
      "Segments": [
        0,
        0,
        0,
        1.63,
        0
      ]
    },
    {
      "Target": "Parameter",
      "Id": "HandR_Front",
      "Segments": [
        0,
        1,
        0,
        1.63,
        1
      ]
    },
    {
      "Target": "Parameter",
      "Id": "ShoulderR_Bias",
      "Segments": [
        0,
        0,
        0,
        1.63,
        0
      ]
    },
    {
      "Target": "Parameter",
      "Id": "HandR_Strech",
      "Segments": [
        0,
        0,
        0,
        1.63,
        0
      ]
    },
    {
      "Target": "Parameter",
      "Id": "Hand_Form",
      "Segments": [
        0,
        0,
        0,
        1.63,
        0
      ]
    },
    {
      "Target": "Parameter",
      "Id": "HandR02",
      "Segments": [
        0,
        0,
        0,
        1.63,
        0
      ]
    },
    {
      "Target": "Parameter",
      "Id": "ALLX",
      "Segments": [
        0,
        0,
        0,
        1.63,
        0
      ]
    },
    {
      "Target": "Parameter",
      "Id": "ALLY",
      "Segments": [
        0,
        0,
        0,
        1.63,
        0
      ]
    },
    {
      "Target": "Parameter",
      "Id": "ALLZ",
      "Segments": [
        0,
        0,
        0,
        1.63,
        0
      ]
    },
    {
      "Target": "PartOpacity",
      "Id": "Part20",
      "Segments": [
        0,
        1,
        0,
        1.63,
        1
      ]
    },
    {
      "Target": "PartOpacity",
      "Id": "Part21",
      "Segments": [
        0,
        1,
        0,
        1.63,
        1
      ]
    },
    {
      "Target": "PartOpacity",
      "Id": "Part22",
      "Segments": [
        0,
        1,
        0,
        1.63,
        1
      ]
    },
    {
      "Target": "PartOpacity",
      "Id": "Part23",
      "Segments": [
        0,
        1,
        0,
        1.63,
        1
      ]
    },
    {
      "Target": "PartOpacity",
      "Id": "Part24",
      "Segments": [
        0,
        1,
        0,
        1.63,
        1
      ]
    },
    {
      "Target": "PartOpacity",
      "Id": "Part25",
      "Segments": [
        0,
        1,
        0,
        1.63,
        1
      ]
    },
    {
      "Target": "PartOpacity",
      "Id": "Part31",
      "Segments": [
        0,
        1,
        0,
        1.63,
        1
      ]
    },
    {
      "Target": "PartOpacity",
      "Id": "Part5",
      "Segments": [
        0,
        1,
        0,
        1.63,
        1
      ]
    },
    {
      "Target": "PartOpacity",
      "Id": "Part28",
      "Segments": [
        0,
        1,
        0,
        1.63,
        1
      ]
    },
    {
      "Target": "PartOpacity",
      "Id": "Part29",
      "Segments": [
        0,
        1,
        0,
        1.63,
        1
      ]
    },
    {
      "Target": "PartOpacity",
      "Id": "Part16",
      "Segments": [
        0,
        1,
        0,
        1.63,
        1
      ]
    },
    {
      "Target": "PartOpacity",
      "Id": "Part7",
      "Segments": [
        0,
        1,
        0,
        1.63,
        1
      ]
    },
    {
      "Target": "PartOpacity",
      "Id": "Part8",
      "Segments": [
        0,
        1,
        0,
        1.63,
        1
      ]
    },
    {
      "Target": "PartOpacity",
      "Id": "Part15",
      "Segments": [
        0,
        1,
        0,
        1.63,
        1
      ]
    },
    {
      "Target": "PartOpacity",
      "Id": "Part12",
      "Segments": [
        0,
        1,
        0,
        1.63,
        1
      ]
    },
    {
      "Target": "PartOpacity",
      "Id": "Part30",
      "Segments": [
        0,
        1,
        0,
        1.63,
        1
      ]
    },
    {
      "Target": "PartOpacity",
      "Id": "Part9",
      "Segments": [
        0,
        1,
        0,
        1.63,
        1
      ]
    },
    {
      "Target": "PartOpacity",
      "Id": "Part11",
      "Segments": [
        0,
        1,
        0,
        1.63,
        1
      ]
    }
  ],
  "UserData": []
}