{
  "Version": 3,
  "Meta": {
    "Duration": 9.633,
    "Fps": 30.0,
    "Loop": true,
    "AreBeziersRestricted": true,
    "CurveCount": 69,
    "TotalSegmentCount": 380,
    "TotalPointCount": 436,
    "UserDataCount": 0,
    "TotalUserDataSize": 0
  },
  "Curves": [
    {
      "Target": "Parameter",
      "Id": "HeadX",
      "Segments": [
        0,
        0,
        0,
        0.8,
        -3.7,
        0,
        1.433,
        0,
        2,
        1.633,
        0,
        1,
        2.378,
        0,
        3.122,
        0.192,
        3.867,
        1.438,
        1,
        4.178,
        1.958,
        4.489,
        4.22,
        4.8,
        4.22,
        0,
        6.767,
        0,
        2,
        7.467,
        0,
        2,
        9.633,
        0
      ]
    },
    {
      "Target": "Parameter",
      "Id": "HeadY",
      "Segments": [
        0,
        0,
        2,
        0.233,
        0,
        0,
        1,
        -2.7,
        0,
        1.533,
        0,
        2,
        1.633,
        0,
        2,
        2.567,
        0,
        1,
        3.156,
        0,
        3.744,
        0.111,
        4.333,
        1.889,
        1,
        4.633,
        2.795,
        4.933,
        9.473,
        5.233,
        9.473,
        1,
        5.544,
        9.473,
        5.856,
        4.656,
        6.167,
        2.781,
        1,
        6.6,
        0.171,
        7.034,
        0,
        7.467,
        0,
        2,
        9.633,
        0
      ]
    },
    {
      "Target": "Parameter",
      "Id": "HeadZ",
      "Segments": [
        0,
        0,
        0,
        0.667,
        2,
        0,
        1.233,
        -1.46,
        0,
        1.633,
        0,
        2,
        2.7,
        0,
        1,
        3.111,
        0,
        3.522,
        0.088,
        3.933,
        1.241,
        1,
        4.211,
        2.021,
        4.489,
        4.058,
        4.767,
        4.058,
        0,
        7.2,
        -1.46,
        0,
        8.533,
        0,
        2,
        9.633,
        0
      ]
    },
    {
      "Target": "Parameter",
      "Id": "EyeBallY",
      "Segments": [
        0,
        0,
        2,
        1.633,
        0,
        2,
        2.7,
        0,
        0,
        5.267,
        -0.276,
        0,
        7.467,
        0,
        2,
        9.633,
        0
      ]
    },
    {
      "Target": "Parameter",
      "Id": "NeckZ",
      "Segments": [
        0,
        0,
        0,
        0.367,
        -1,
        0,
        1.067,
        1,
        0,
        1.633,
        0,
        2,
        3.3,
        0,
        1,
        3.678,
        0,
        4.055,
        0.072,
        4.433,
        0.953,
        1,
        4.711,
        1.6,
        4.989,
        3.003,
        5.267,
        3.003,
        0,
        7.467,
        -1.324,
        0,
        9.233,
        0,
        2,
        9.633,
        0
      ]
    },
    {
      "Target": "Parameter",
      "Id": "BodyX",
      "Segments": [
        0,
        0,
        0,
        0.867,
        -5.004,
        0,
        1.433,
        -4.003,
        2,
        1.633,
        -4.003,
        0,
        3.6,
        -5.004,
        0,
        6,
        -0.914,
        0,
        8.233,
        -5.004,
        0,
        9.633,
        -4.003
      ]
    },
    {
      "Target": "Parameter",
      "Id": "BodyY",
      "Segments": [
        0,
        0,
        0,
        0.867,
        2,
        0,
        1.5,
        0,
        2,
        1.633,
        0,
        0,
        4.6,
        3.712,
        0,
        8.033,
        -1.686,
        0,
        9.4,
        0,
        2,
        9.633,
        0
      ]
    },
    {
      "Target": "Parameter",
      "Id": "BodyZ",
      "Segments": [
        0,
        0,
        0,
        0.867,
        -0.696,
        0,
        1.6,
        -0.372,
        2,
        1.633,
        -0.372,
        0,
        3.767,
        -0.744,
        0,
        6.4,
        -0.258,
        0,
        8.367,
        -0.547,
        0,
        9.633,
        -0.372
      ]
    },
    {
      "Target": "Parameter",
      "Id": "Body_waist",
      "Segments": [
        0,
        0,
        0,
        0.8,
        -0.389,
        0,
        1.633,
        0,
        0,
        3.6,
        -0.469,
        0,
        5.267,
        0.482,
        0,
        8.067,
        -0.291,
        0,
        9.633,
        0
      ]
    },
    {
      "Target": "Parameter",
      "Id": "Breath",
      "Segments": [
        0,
        0,
        2,
        1.633,
        0,
        0,
        3.633,
        1,
        0,
        5.633,
        0,
        0,
        7.633,
        1,
        0,
        9.633,
        0
      ]
    },
    {
      "Target": "Parameter",
      "Id": "ShoulderL_Move",
      "Segments": [
        0,
        0,
        0,
        0.633,
        2,
        0,
        1.367,
        0,
        2,
        1.633,
        0,
        2,
        9.633,
        0
      ]
    },
    {
      "Target": "Parameter",
      "Id": "ShoulderR_Move",
      "Segments": [
        0,
        0,
        0,
        0.633,
        2,
        0,
        1.367,
        0,
        2,
        1.633,
        0,
        2,
        4,
        0,
        0,
        5.767,
        3,
        1,
        6.2,
        3,
        6.634,
        1.962,
        7.067,
        1.179,
        1,
        7.622,
        0.176,
        8.178,
        0,
        8.733,
        0,
        2,
        9.633,
        0
      ]
    },
    {
      "Target": "Parameter",
      "Id": "ShoulderL_Roll",
      "Segments": [
        0,
        0,
        0,
        0.633,
        -0.945,
        0,
        1.333,
        0,
        2,
        1.633,
        0,
        0,
        3.633,
        -0.585,
        0,
        5.767,
        0.2,
        0,
        7.867,
        -0.543,
        0,
        9.633,
        0
      ]
    },
    {
      "Target": "Parameter",
      "Id": "ElbowL_Roll",
      "Segments": [
        0,
        0,
        0,
        0.633,
        0.763,
        0,
        1.333,
        -0.36,
        2,
        1.633,
        -0.36,
        2,
        9.633,
        -0.36
      ]
    },
    {
      "Target": "Parameter",
      "Id": "HandL_Roll",
      "Segments": [
        0,
        0,
        0,
        0.867,
        -0.463,
        0,
        1.333,
        0,
        2,
        1.633,
        0,
        2,
        9.633,
        0
      ]
    },
    {
      "Target": "Parameter",
      "Id": "Arm02L_Strech",
      "Segments": [
        0,
        0,
        2,
        1.333,
        0,
        2,
        1.633,
        0,
        0,
        5.067,
        1.04,
        0,
        9.633,
        0
      ]
    },
    {
      "Target": "Parameter",
      "Id": "ShoulderR_Roll",
      "Segments": [
        0,
        0,
        1,
        0.189,
        0,
        0.378,
        -0.382,
        0.567,
        -0.967,
        1,
        0.856,
        -1.861,
        1.144,
        -2.232,
        1.433,
        -2.232,
        2,
        1.567,
        -2.232,
        2,
        1.633,
        -2.232,
        2,
        3.967,
        -2.232,
        0,
        5.767,
        -2.552,
        0,
        8.833,
        -2.232,
        2,
        9.633,
        -2.232
      ]
    },
    {
      "Target": "Parameter",
      "Id": "ElbowR_Roll",
      "Segments": [
        0,
        0,
        0,
        0.867,
        -1.45,
        0,
        1.633,
        0,
        2,
        3.967,
        0,
        0,
        5.767,
        -0.3,
        0,
        8.867,
        0,
        2,
        9.633,
        0
      ]
    },
    {
      "Target": "Parameter",
      "Id": "Arm01R_Strech",
      "Segments": [
        0,
        0,
        0,
        0.867,
        -0.8,
        2,
        1.633,
        -0.8,
        2,
        9.633,
        -0.8
      ]
    },
    {
      "Target": "Parameter",
      "Id": "HairTop_Shaking",
      "Segments": [
        0,
        0,
        2,
        0.033,
        0,
        0,
        0.233,
        0.137,
        0,
        0.5,
        -0.055,
        0,
        0.7,
        0.009,
        0,
        0.967,
        -0.083,
        0,
        1.533,
        0.063,
        1,
        1.566,
        0.063,
        1.6,
        0.057,
        1.633,
        0.043,
        1,
        1.7,
        0.015,
        1.766,
        -0.001,
        1.833,
        -0.001,
        0,
        2.067,
        0.017,
        0,
        2.333,
        -0.002,
        0,
        2.567,
        0.004,
        0,
        2.867,
        -0.002,
        0,
        5.233,
        0.483,
        0,
        7.4,
        -0.102,
        0,
        9.3,
        0.096,
        0,
        9.633,
        0.043
      ]
    },
    {
      "Target": "Parameter",
      "Id": "HairSide_Shaking",
      "Segments": [
        0,
        0.016,
        0,
        0.067,
        0.005,
        0,
        0.2,
        0.04,
        0,
        0.433,
        -0.098,
        0,
        0.733,
        0.115,
        0,
        1,
        -0.078,
        0,
        1.3,
        0.065,
        0,
        1.633,
        -0.051,
        0,
        1.967,
        0.043,
        0,
        2.3,
        -0.039,
        0,
        2.633,
        0.028,
        0,
        2.933,
        -0.022,
        0,
        3.233,
        0.016,
        0,
        3.567,
        -0.01,
        0,
        3.933,
        0.01,
        0,
        4.3,
        -0.004,
        0,
        4.633,
        0.001,
        0,
        5,
        -0.012,
        0,
        5.267,
        -0.002,
        0,
        5.5,
        -0.013,
        0,
        5.8,
        0.01,
        0,
        6.1,
        -0.012,
        0,
        6.367,
        0.007,
        0,
        6.667,
        -0.004,
        0,
        7.033,
        0.009,
        0,
        7.333,
        0,
        0,
        7.6,
        0.006,
        0,
        7.9,
        -0.004,
        0,
        8.2,
        0.004,
        0,
        8.567,
        -0.004,
        0,
        8.9,
        0.003,
        1,
        9.011,
        0.003,
        9.122,
        -0.008,
        9.233,
        -0.024,
        1,
        9.366,
        -0.043,
        9.5,
        -0.051,
        9.633,
        -0.051
      ]
    },
    {
      "Target": "Parameter",
      "Id": "HairUnder_Shaking",
      "Segments": [
        0,
        0.017,
        0,
        0.067,
        0.005,
        0,
        0.2,
        0.04,
        0,
        0.467,
        -0.095,
        0,
        0.767,
        0.095,
        0,
        1.033,
        -0.063,
        0,
        1.3,
        0.058,
        0,
        1.633,
        -0.04,
        0,
        2,
        0.031,
        0,
        2.3,
        -0.027,
        0,
        2.633,
        0.021,
        0,
        2.933,
        -0.017,
        0,
        3.267,
        0.011,
        0,
        3.567,
        -0.01,
        0,
        3.933,
        0.006,
        0,
        4.3,
        -0.006,
        0,
        4.6,
        0,
        0,
        4.933,
        -0.006,
        0,
        5.267,
        0.005,
        0,
        5.533,
        -0.008,
        0,
        5.833,
        0.008,
        0,
        6.133,
        -0.006,
        0,
        6.467,
        0.005,
        0,
        6.767,
        -0.002,
        0,
        7.033,
        0.003,
        0,
        7.367,
        -0.001,
        0,
        7.6,
        0.001,
        2,
        7.633,
        0.001,
        2,
        7.667,
        0.001,
        0,
        7.933,
        0,
        2,
        8.2,
        0,
        2,
        8.333,
        0,
        2,
        8.4,
        0,
        0,
        8.667,
        -0.001,
        0,
        8.967,
        0.001,
        1,
        9.078,
        0.001,
        9.189,
        -0.001,
        9.3,
        -0.015,
        1,
        9.411,
        -0.028,
        9.522,
        -0.04,
        9.633,
        -0.04
      ]
    },
    {
      "Target": "Parameter",
      "Id": "Tie_Shaking",
      "Segments": [
        0,
        0.005,
        0,
        0.133,
        0.01,
        0,
        0.6,
        -0.046,
        0,
        1.167,
        0.036,
        0,
        1.633,
        -0.021,
        0,
        2.2,
        0.014,
        0,
        2.633,
        -0.016,
        0,
        3.033,
        0.004,
        0,
        3.433,
        -0.008,
        0,
        4.5,
        0.006,
        0,
        4.767,
        0.005,
        0,
        5.067,
        0.006,
        0,
        5.633,
        0.001,
        0,
        5.967,
        0.003,
        0,
        6.5,
        -0.003,
        0,
        6.8,
        -0.001,
        0,
        7.267,
        -0.003,
        0,
        8.633,
        0.001,
        2,
        8.733,
        0.001,
        1,
        8.866,
        0,
        9,
        -0.01,
        9.133,
        -0.01,
        0,
        9.333,
        0.001,
        0,
        9.633,
        -0.021
      ]
    },
    {
      "Target": "Parameter",
      "Id": "Hem_Shaking",
      "Segments": [
        0,
        0,
        2,
        0.033,
        0,
        0,
        0.2,
        -0.131,
        0,
        0.5,
        0.039,
        0,
        0.733,
        0.001,
        0,
        0.933,
        0.035,
        0,
        1.2,
        -0.066,
        0,
        1.433,
        -0.025,
        0,
        1.467,
        -0.026,
        0,
        1.633,
        0,
        0,
        2.067,
        -0.017,
        0,
        2.333,
        -0.004,
        0,
        2.667,
        -0.008,
        2,
        2.7,
        -0.008,
        0,
        2.733,
        -0.009,
        0,
        2.8,
        -0.008,
        2,
        2.833,
        -0.008,
        2,
        2.9,
        -0.008,
        2,
        2.967,
        -0.008,
        0,
        3.033,
        -0.007,
        2,
        3.067,
        -0.007,
        0,
        3.133,
        -0.006,
        2,
        3.167,
        -0.006,
        0,
        3.867,
        0.019,
        0,
        4.1,
        0.01,
        0,
        4.567,
        0.024,
        0,
        4.7,
        0.023,
        2,
        4.8,
        0.023,
        0,
        5.333,
        0.011,
        0,
        5.5,
        0.016,
        0,
        6.333,
        -0.01,
        2,
        6.367,
        -0.01,
        0,
        6.767,
        -0.017,
        2,
        6.8,
        -0.017,
        0,
        6.9,
        -0.019,
        2,
        6.967,
        -0.019,
        2,
        7.033,
        -0.019,
        2,
        7.067,
        -0.019,
        0,
        7.133,
        -0.02,
        0,
        7.167,
        -0.019,
        2,
        7.2,
        -0.019,
        0,
        7.4,
        -0.018,
        2,
        7.433,
        -0.018,
        0,
        7.633,
        -0.014,
        0,
        7.667,
        -0.015,
        0,
        8.3,
        0.002,
        0,
        8.5,
        -0.002,
        0,
        8.867,
        0.005,
        2,
        8.9,
        0.005,
        2,
        8.967,
        0.005,
        2,
        9.067,
        0.005,
        2,
        9.133,
        0.005,
        1,
        9.155,
        0.005,
        9.178,
        0.005,
        9.2,
        0.004,
        1,
        9.233,
        0.004,
        9.267,
        0.002,
        9.3,
        0,
        1,
        9.356,
        -0.004,
        9.411,
        -0.008,
        9.467,
        -0.008,
        0,
        9.633,
        0
      ]
    },
    {
      "Target": "Parameter",
      "Id": "Chain_Shaking",
      "Segments": [
        0,
        0,
        2,
        0.033,
        0,
        0,
        0.167,
        -0.069,
        0,
        0.367,
        0.16,
        0,
        0.6,
        -0.145,
        0,
        0.867,
        0.108,
        0,
        1.1,
        -0.14,
        0,
        1.333,
        0.124,
        0,
        1.533,
        -0.062,
        1,
        1.566,
        -0.062,
        1.6,
        -0.047,
        1.633,
        -0.016,
        1,
        1.666,
        0.016,
        1.7,
        0.031,
        1.733,
        0.031,
        0,
        1.933,
        -0.035,
        0,
        2.167,
        0.03,
        0,
        2.4,
        -0.023,
        0,
        2.633,
        0.016,
        0,
        2.867,
        -0.01,
        0,
        3.133,
        0.006,
        0,
        3.4,
        -0.004,
        0,
        3.767,
        0.007,
        0,
        3.967,
        -0.015,
        0,
        4.233,
        0.014,
        0,
        4.467,
        -0.01,
        0,
        4.733,
        0.006,
        0,
        5,
        -0.005,
        0,
        5.2,
        0.003,
        0,
        5.3,
        0,
        0,
        5.433,
        0.003,
        0,
        5.667,
        -0.006,
        0,
        5.933,
        0.005,
        0,
        6.133,
        -0.004,
        0,
        6.367,
        0.005,
        0,
        6.6,
        -0.004,
        0,
        6.833,
        0.003,
        0,
        7.133,
        -0.002,
        0,
        7.167,
        -0.001,
        2,
        7.2,
        -0.001,
        0,
        7.333,
        0.002,
        0,
        7.467,
        0,
        2,
        7.533,
        0,
        2,
        7.6,
        0,
        2,
        7.633,
        0,
        0,
        7.667,
        -0.001,
        0,
        7.833,
        0.001,
        0,
        7.9,
        0,
        2,
        8.033,
        0,
        0,
        8.133,
        -0.001,
        2,
        8.167,
        -0.001,
        2,
        8.2,
        -0.001,
        0,
        8.267,
        0,
        0,
        8.433,
        -0.004,
        0,
        8.667,
        0.005,
        0,
        8.9,
        -0.005,
        0,
        9.133,
        0.003,
        1,
        9.222,
        0.003,
        9.311,
        0.003,
        9.4,
        -0.002,
        1,
        9.478,
        -0.006,
        9.555,
        -0.016,
        9.633,
        -0.016
      ]
    },
    {
      "Target": "Parameter",
      "Id": "BrowLY",
      "Segments": [
        0,
        0,
        0,
        9.633,
        0
      ]
    },
    {
      "Target": "Parameter",
      "Id": "BrowRY",
      "Segments": [
        0,
        0,
        0,
        9.633,
        0
      ]
    },
    {
      "Target": "Parameter",
      "Id": "BrowLX",
      "Segments": [
        0,
        0,
        0,
        9.633,
        0
      ]
    },
    {
      "Target": "Parameter",
      "Id": "BrowRX",
      "Segments": [
        0,
        0,
        0,
        9.633,
        0
      ]
    },
    {
      "Target": "Parameter",
      "Id": "BrowL_Angle",
      "Segments": [
        0,
        0,
        0,
        9.633,
        0
      ]
    },
    {
      "Target": "Parameter",
      "Id": "BrowR_Angle",
      "Segments": [
        0,
        0,
        0,
        9.633,
        0
      ]
    },
    {
      "Target": "Parameter",
      "Id": "BrowL_Form",
      "Segments": [
        0,
        0,
        0,
        9.633,
        0
      ]
    },
    {
      "Target": "Parameter",
      "Id": "BrowR_Form",
      "Segments": [
        0,
        0,
        0,
        9.633,
        0
      ]
    },
    {
      "Target": "Parameter",
      "Id": "BrowL_Shadow",
      "Segments": [
        0,
        0,
        0,
        9.633,
        0
      ]
    },
    {
      "Target": "Parameter",
      "Id": "BrowR_Shadow",
      "Segments": [
        0,
        0,
        0,
        9.633,
        0
      ]
    },
    {
      "Target": "Parameter",
      "Id": "EyeL_Open",
      "Segments": [
        0,
        1,
        0,
        9.633,
        1
      ]
    },
    {
      "Target": "Parameter",
      "Id": "EyeL_Smile",
      "Segments": [
        0,
        0,
        0,
        9.633,
        0
      ]
    },
    {
      "Target": "Parameter",
      "Id": "EyeR_Open",
      "Segments": [
        0,
        1,
        0,
        9.633,
        1
      ]
    },
    {
      "Target": "Parameter",
      "Id": "EyeR_Smile",
      "Segments": [
        0,
        0,
        0,
        9.633,
        0
      ]
    },
    {
      "Target": "Parameter",
      "Id": "Eye_Form",
      "Segments": [
        0,
        0,
        0,
        9.633,
        0
      ]
    },
    {
      "Target": "Parameter",
      "Id": "EyeBallX",
      "Segments": [
        0,
        0,
        0,
        9.633,
        0
      ]
    },
    {
      "Target": "Parameter",
      "Id": "EyeBall_Size",
      "Segments": [
        0,
        0,
        0,
        9.633,
        0
      ]
    },
    {
      "Target": "Parameter",
      "Id": "Mouth_Form",
      "Segments": [
        0,
        0,
        0,
        9.633,
        0
      ]
    },
    {
      "Target": "Parameter",
      "Id": "Mouth_Open",
      "Segments": [
        0,
        1,
        0,
        9.633,
        1
      ]
    },
    {
      "Target": "Parameter",
      "Id": "Mouth_Size",
      "Segments": [
        0,
        1,
        0,
        9.633,
        1
      ]
    },
    {
      "Target": "Parameter",
      "Id": "Tooth",
      "Segments": [
        0,
        0,
        0,
        9.633,
        0
      ]
    },
    {
      "Target": "Parameter",
      "Id": "BodyUpper",
      "Segments": [
        0,
        0,
        0,
        9.633,
        0
      ]
    },
    {
      "Target": "Parameter",
      "Id": "Hem",
      "Segments": [
        0,
        1,
        0,
        9.633,
        1
      ]
    },
    {
      "Target": "Parameter",
      "Id": "Pocket",
      "Segments": [
        0,
        1,
        0,
        9.633,
        1
      ]
    },
    {
      "Target": "Parameter",
      "Id": "Arm01L_Strech",
      "Segments": [
        0,
        0,
        0,
        9.633,
        0
      ]
    },
    {
      "Target": "Parameter",
      "Id": "Arm02L_Bias",
      "Segments": [
        0,
        0,
        0,
        9.633,
        0
      ]
    },
    {
      "Target": "Parameter",
      "Id": "HandL_Strech",
      "Segments": [
        0,
        0,
        0,
        9.633,
        0
      ]
    },
    {
      "Target": "Parameter",
      "Id": "ArmL_Front",
      "Segments": [
        0,
        0,
        0,
        9.633,
        0
      ]
    },
    {
      "Target": "Parameter",
      "Id": "HandL01",
      "Segments": [
        0,
        1,
        0,
        9.633,
        1
      ]
    },
    {
      "Target": "Parameter",
      "Id": "HandL02",
      "Segments": [
        0,
        0,
        0,
        9.633,
        0
      ]
    },
    {
      "Target": "Parameter",
      "Id": "HandR_Roll",
      "Segments": [
        0,
        0,
        0,
        9.633,
        0
      ]
    },
    {
      "Target": "Parameter",
      "Id": "Arm02R_Strech",
      "Segments": [
        0,
        0,
        0,
        9.633,
        0
      ]
    },
    {
      "Target": "Parameter",
      "Id": "Arm02R_Bias",
      "Segments": [
        0,
        0,
        0,
        9.633,
        0
      ]
    },
    {
      "Target": "Parameter",
      "Id": "ArmR_Front",
      "Segments": [
        0,
        0,
        0,
        9.633,
        0
      ]
    },
    {
      "Target": "Parameter",
      "Id": "HandR_Front",
      "Segments": [
        0,
        1,
        0,
        9.633,
        1
      ]
    },
    {
      "Target": "Parameter",
      "Id": "ShoulderR_Bias",
      "Segments": [
        0,
        0,
        0,
        9.633,
        0
      ]
    },
    {
      "Target": "Parameter",
      "Id": "HandR_Strech",
      "Segments": [
        0,
        0,
        0,
        9.633,
        0
      ]
    },
    {
      "Target": "Parameter",
      "Id": "Hand_Form",
      "Segments": [
        0,
        0,
        0,
        9.633,
        0
      ]
    },
    {
      "Target": "Parameter",
      "Id": "HandR01",
      "Segments": [
        0,
        1,
        0,
        9.633,
        1
      ]
    },
    {
      "Target": "Parameter",
      "Id": "HandR02",
      "Segments": [
        0,
        0,
        0,
        9.633,
        0
      ]
    },
    {
      "Target": "Parameter",
      "Id": "HandR03",
      "Segments": [
        0,
        0,
        0,
        9.633,
        0
      ]
    },
    {
      "Target": "Parameter",
      "Id": "ALLX",
      "Segments": [
        0,
        0,
        0,
        9.633,
        0
      ]
    },
    {
      "Target": "Parameter",
      "Id": "ALLY",
      "Segments": [
        0,
        0,
        0,
        9.633,
        0
      ]
    },
    {
      "Target": "Parameter",
      "Id": "ALLZ",
      "Segments": [
        0,
        0,
        0,
        9.633,
        0
      ]
    }
  ],
  "UserData": []
}