{
  "Version": 3,
  "Meta": {
    "Duration": 9.33,
    "Fps": 30.0,
    "Loop": true,
    "AreBeziersRestricted": true,
    "CurveCount": 78,
    "TotalSegmentCount": 392,
    "TotalPointCount": 572,
    "UserDataCount": 0,
    "TotalUserDataSize": 0
  },
  "Curves": [
    {
      "Target": "Parameter",
      "Id": "Param35",
      "Segments": [
        0,
        0,
        0,
        0.2,
        -18,
        0,
        0.633,
        0,
        1,
        0.7,
        0,
        0.766,
        -0.15,
        0.833,
        -1.6,
        1,
        1,
        -5.225,
        1.166,
        -8,
        1.333,
        -8,
        0,
        3.833,
        0,
        2,
        4.667,
        0,
        0,
        5.333,
        21,
        0,
        7.167,
        -30,
        0,
        9.333,
        -8
      ]
    },
    {
      "Target": "Parameter",
      "Id": "Param33",
      "Segments": [
        0,
        0,
        0,
        0.567,
        -5,
        1,
        0.656,
        -5,
        0.744,
        -3.455,
        0.833,
        -1.3,
        1,
        0.878,
        -0.223,
        0.922,
        0,
        0.967,
        0,
        2,
        1.333,
        0,
        1,
        1.889,
        0,
        2.444,
        -1.201,
        3,
        -4,
        1,
        3.5,
        -6.519,
        4,
        -8,
        4.5,
        -8,
        1,
        4.778,
        -8,
        5.055,
        -2.281,
        5.333,
        2,
        1,
        5.666,
        7.137,
        6,
        8,
        6.333,
        8,
        0,
        7.8,
        -1,
        0,
        9.333,
        0
      ]
    },
    {
      "Target": "Parameter",
      "Id": "Param34",
      "Segments": [
        0,
        0,
        0,
        0.567,
        14,
        1,
        0.656,
        14,
        0.744,
        7.167,
        0.833,
        -2.3,
        1,
        0.878,
        -7.034,
        0.922,
        -8,
        0.967,
        -8,
        0,
        1.333,
        0,
        0,
        3,
        -12,
        0,
        4.5,
        -9,
        0,
        5.333,
        -25,
        1,
        5.666,
        -25,
        6,
        -18.715,
        6.333,
        -18,
        1,
        6.822,
        -16.952,
        7.311,
        -17.267,
        7.8,
        -16,
        1,
        8.311,
        -14.675,
        8.822,
        0,
        9.333,
        0
      ]
    },
    {
      "Target": "Parameter",
      "Id": "Param24",
      "Segments": [
        0,
        26,
        0,
        0.633,
        30,
        1,
        0.7,
        30,
        0.766,
        29.422,
        0.833,
        24,
        1,
        1,
        10.445,
        1.166,
        0,
        1.333,
        0,
        0,
        2.5,
        30,
        0,
        3.633,
        0,
        2,
        9.333,
        0
      ]
    },
    {
      "Target": "Parameter",
      "Id": "Param20",
      "Segments": [
        0,
        0,
        0,
        0.5,
        30,
        0,
        0.767,
        0,
        2,
        0.833,
        0,
        2,
        1.333,
        0,
        2,
        9.333,
        0
      ]
    },
    {
      "Target": "Parameter",
      "Id": "Param23",
      "Segments": [
        0,
        0,
        0,
        0.333,
        9,
        0,
        0.5,
        2,
        0,
        0.667,
        11,
        2,
        0.833,
        11,
        2,
        1.333,
        11,
        2,
        9.333,
        11
      ]
    },
    {
      "Target": "Parameter",
      "Id": "Param27",
      "Segments": [
        0,
        0,
        0,
        0.5,
        11,
        0,
        0.667,
        5,
        2,
        0.833,
        5,
        2,
        1.333,
        5,
        2,
        9.333,
        5
      ]
    },
    {
      "Target": "Parameter",
      "Id": "Param28",
      "Segments": [
        0,
        0,
        2,
        0.2,
        0,
        1,
        0.289,
        0,
        0.378,
        21.97,
        0.467,
        22.74,
        1,
        0.556,
        23.51,
        0.644,
        23.527,
        0.733,
        24,
        1,
        0.766,
        24.177,
        0.8,
        24.3,
        0.833,
        24.8,
        1,
        0.911,
        25.966,
        0.989,
        27.718,
        1.067,
        27.718,
        0,
        1.333,
        25.1,
        0,
        2,
        26.24,
        0,
        3,
        23.34,
        0,
        4.2,
        27.32,
        0,
        5,
        26,
        0,
        5.833,
        28,
        0,
        6.667,
        26.12,
        0,
        7.3,
        27.5,
        0,
        8.067,
        25.54,
        0,
        8.667,
        29.5,
        0,
        9.333,
        25.1
      ]
    },
    {
      "Target": "Parameter",
      "Id": "Param29",
      "Segments": [
        0,
        -10,
        0,
        0.433,
        -30,
        0,
        0.567,
        24,
        0,
        0.833,
        -16,
        0,
        1.167,
        8,
        1,
        1.222,
        8,
        1.278,
        5.492,
        1.333,
        -0.6,
        1,
        1.411,
        -9.129,
        1.489,
        -14,
        1.567,
        -14,
        0,
        2,
        4,
        0,
        3.533,
        -25,
        0,
        4.4,
        4,
        0,
        5.2,
        -22,
        0,
        6.033,
        3,
        0,
        6.867,
        -26,
        0,
        7.5,
        0,
        0,
        8.267,
        -19,
        0,
        9.333,
        -0.6
      ]
    },
    {
      "Target": "Parameter",
      "Id": "Param37",
      "Segments": [
        0,
        0,
        2,
        0.6,
        0,
        0,
        0.833,
        -30,
        1,
        0.944,
        -30,
        1.056,
        -20.828,
        1.167,
        5,
        1,
        1.222,
        17.914,
        1.278,
        29.8,
        1.333,
        29.8,
        1,
        1.589,
        29.8,
        1.844,
        28.472,
        2.1,
        13,
        1,
        2.4,
        -5.162,
        2.7,
        -30,
        3,
        -30,
        1,
        3.4,
        -30,
        3.8,
        -6.359,
        4.2,
        28,
        1,
        4.233,
        30.863,
        4.267,
        30,
        4.3,
        30,
        0,
        5.1,
        -30,
        0,
        5.967,
        30,
        0,
        6.8,
        -12,
        0,
        7.567,
        30,
        0,
        8.633,
        -28,
        0,
        9.333,
        29.8
      ]
    },
    {
      "Target": "Parameter",
      "Id": "Param21",
      "Segments": [
        0,
        0,
        0,
        0.233,
        17,
        1,
        0.278,
        17,
        0.322,
        14.725,
        0.367,
        13,
        1,
        0.5,
        7.826,
        0.634,
        6,
        0.767,
        6,
        2,
        0.833,
        6,
        2,
        1.333,
        6,
        2,
        9.333,
        6
      ]
    },
    {
      "Target": "Parameter",
      "Id": "Param38",
      "Segments": [
        0,
        0,
        1,
        0.1,
        0,
        0.2,
        2.785,
        0.3,
        7,
        1,
        0.322,
        7.937,
        0.345,
        8.56,
        0.367,
        9,
        1,
        0.389,
        9.44,
        0.411,
        9.56,
        0.433,
        10,
        1,
        0.455,
        10.44,
        0.478,
        11,
        0.5,
        11,
        1,
        0.778,
        11,
        1.055,
        10.232,
        1.333,
        10,
        1,
        1.866,
        9.554,
        2.4,
        9.394,
        2.933,
        9,
        1,
        3.044,
        8.918,
        3.156,
        7.839,
        3.267,
        7,
        1,
        3.356,
        6.328,
        3.444,
        4.799,
        3.533,
        4,
        1,
        3.622,
        3.201,
        3.711,
        3.372,
        3.8,
        2,
        1,
        3.978,
        -0.744,
        4.155,
        -15.873,
        4.333,
        -18,
        1,
        4.444,
        -19.329,
        4.556,
        -19.172,
        4.667,
        -20,
        1,
        4.7,
        -20.249,
        4.734,
        -23,
        4.767,
        -23,
        0,
        4.967,
        -22,
        0,
        5.333,
        -25,
        1,
        5.666,
        -25,
        6,
        -4.576,
        6.333,
        -1,
        1,
        6.655,
        2.457,
        6.978,
        3.302,
        7.3,
        5,
        1,
        7.978,
        8.572,
        8.655,
        10,
        9.333,
        10
      ]
    },
    {
      "Target": "Parameter",
      "Id": "Param30",
      "Segments": [
        0,
        0,
        0,
        0.5,
        -23,
        1,
        0.589,
        -23,
        0.678,
        -20.9,
        0.767,
        -20.4,
        1,
        0.789,
        -20.275,
        0.811,
        -20.314,
        0.833,
        -20.3,
        1,
        1,
        -20.192,
        1.166,
        -20.085,
        1.333,
        -20,
        1,
        2.166,
        -19.574,
        3,
        -19.38,
        3.833,
        -19.38,
        1,
        5.244,
        -19.38,
        6.656,
        -19.418,
        8.067,
        -19.6,
        1,
        8.489,
        -19.654,
        8.911,
        -20,
        9.333,
        -20
      ]
    },
    {
      "Target": "Parameter",
      "Id": "Param13",
      "Segments": [
        0,
        0,
        0,
        0.5,
        30,
        0,
        0.833,
        14,
        2,
        1.333,
        14,
        0,
        7.933,
        19,
        0,
        9.333,
        14
      ]
    },
    {
      "Target": "Parameter",
      "Id": "Param36",
      "Segments": [
        0,
        18,
        0,
        0.233,
        0,
        0,
        0.367,
        8,
        0,
        0.667,
        -1,
        0,
        0.833,
        0,
        2,
        1.333,
        0,
        2,
        2.833,
        0,
        2,
        4.967,
        0,
        0,
        7.767,
        -19,
        0,
        9.333,
        0
      ]
    },
    {
      "Target": "Parameter",
      "Id": "Param31",
      "Segments": [
        0,
        0,
        1,
        0.122,
        0,
        0.245,
        13.43,
        0.367,
        18,
        1,
        0.422,
        20.077,
        0.478,
        20.525,
        0.533,
        21,
        1,
        0.633,
        21.855,
        0.733,
        22,
        0.833,
        22,
        2,
        1.333,
        22,
        2,
        9.333,
        22
      ]
    },
    {
      "Target": "Parameter",
      "Id": "Param11",
      "Segments": [
        0,
        0,
        0,
        0.833,
        -13,
        2,
        1.333,
        -13,
        2,
        9.333,
        -13
      ]
    },
    {
      "Target": "Parameter",
      "Id": "Param32",
      "Segments": [
        0,
        0,
        0,
        0.467,
        -10,
        0,
        0.833,
        29,
        2,
        1.333,
        29,
        2,
        3.2,
        29,
        2,
        9.333,
        29
      ]
    },
    {
      "Target": "Parameter",
      "Id": "Param7",
      "Segments": [
        0,
        30,
        2,
        0.1,
        30,
        2,
        0.3,
        30,
        0,
        0.833,
        18,
        2,
        1.333,
        18,
        2,
        9.333,
        18
      ]
    },
    {
      "Target": "Parameter",
      "Id": "Param39",
      "Segments": [
        0,
        0,
        0,
        0.833,
        -18,
        2,
        1.333,
        -18,
        2,
        9.333,
        -18
      ]
    },
    {
      "Target": "Parameter",
      "Id": "ParamHairFront",
      "Segments": [
        0,
        0,
        0,
        0.467,
        1,
        1,
        0.589,
        1,
        0.711,
        0.387,
        0.833,
        -0.4,
        1,
        0.889,
        -0.758,
        0.944,
        -0.8,
        1,
        -0.8,
        0,
        1.333,
        0,
        0,
        1.833,
        -0.9,
        0,
        2.5,
        -0.4,
        0,
        3,
        -0.9,
        0,
        4.2,
        0.8,
        0,
        5,
        -1,
        0,
        5.933,
        0.5,
        0,
        6.767,
        -0.4,
        0,
        7.3,
        0.1,
        0,
        8.1,
        -0.8,
        0,
        9.333,
        0
      ]
    },
    {
      "Target": "Parameter",
      "Id": "Param14",
      "Segments": [
        0,
        0,
        0,
        0.5,
        18,
        1,
        0.611,
        18,
        0.722,
        11.804,
        0.833,
        1.1,
        1,
        0.922,
        -7.463,
        1.011,
        -11,
        1.1,
        -11,
        0,
        1.333,
        -4.3,
        0,
        2.4,
        -17,
        0,
        3.967,
        11,
        0,
        5.033,
        -17,
        1,
        5.289,
        -17,
        5.544,
        -6.674,
        5.8,
        -1,
        1,
        6.089,
        5.414,
        6.378,
        6,
        6.667,
        6,
        1,
        6.867,
        6,
        7.067,
        6.68,
        7.267,
        5,
        1,
        7.734,
        1.08,
        8.2,
        -14,
        8.667,
        -14,
        0,
        9.333,
        -4.3
      ]
    },
    {
      "Target": "Parameter",
      "Id": "Param17",
      "Segments": [
        0,
        0,
        2,
        0.833,
        0,
        2,
        1.333,
        0,
        0,
        2,
        14,
        0,
        3.167,
        -8,
        0,
        9.333,
        0
      ]
    },
    {
      "Target": "Parameter",
      "Id": "Param18",
      "Segments": [
        0,
        0,
        1,
        0.167,
        0,
        0.333,
        -9.23,
        0.5,
        -15,
        1,
        0.544,
        -16.539,
        0.589,
        -16,
        0.633,
        -16,
        1,
        0.7,
        -16,
        0.766,
        -16.547,
        0.833,
        -15,
        1,
        1,
        -11.132,
        1.166,
        1,
        1.333,
        1,
        1,
        1.444,
        1,
        1.556,
        1.655,
        1.667,
        0,
        1,
        1.945,
        -4.138,
        2.222,
        -19,
        2.5,
        -19,
        1,
        2.833,
        -19,
        3.167,
        -11.665,
        3.5,
        -4,
        1,
        3.667,
        -0.168,
        3.833,
        0,
        4,
        0,
        0,
        5.033,
        -12.54,
        0,
        6.167,
        6,
        1,
        6.445,
        6,
        6.722,
        -5.028,
        7,
        -7,
        1,
        7.522,
        -10.708,
        8.045,
        -11,
        8.567,
        -11,
        0,
        9.333,
        1
      ]
    },
    {
      "Target": "Parameter",
      "Id": "Param10",
      "Segments": [
        0,
        30,
        1,
        0.278,
        30,
        0.555,
        1.957,
        0.833,
        -3.4,
        1,
        1,
        -6.614,
        1.166,
        -6.602,
        1.333,
        -8.1,
        1,
        1.555,
        -10.097,
        1.778,
        -11,
        2,
        -11,
        2,
        2.4,
        -11,
        0,
        9.333,
        -8.1
      ]
    },
    {
      "Target": "Parameter",
      "Id": "Param22",
      "Segments": [
        0,
        0,
        0,
        0.633,
        30,
        2,
        0.833,
        30,
        2,
        1.333,
        30,
        2,
        2,
        30,
        2,
        9.333,
        30
      ]
    },
    {
      "Target": "Parameter",
      "Id": "Param25",
      "Segments": [
        0,
        0,
        0,
        0.733,
        30,
        2,
        0.833,
        30,
        2,
        1.333,
        30,
        2,
        4.467,
        30,
        2,
        6.933,
        30,
        2,
        9.333,
        30
      ]
    },
    {
      "Target": "Parameter",
      "Id": "Param26",
      "Segments": [
        0,
        0,
        0,
        0.5,
        -30,
        2,
        0.833,
        -30,
        2,
        1.333,
        -30,
        2,
        2.833,
        -30,
        0,
        5.1,
        30,
        1,
        5.6,
        30,
        6.1,
        -2.121,
        6.6,
        -11.22,
        1,
        7.511,
        -27.8,
        8.422,
        -30,
        9.333,
        -30
      ]
    },
    {
      "Target": "Parameter",
      "Id": "Param8",
      "Segments": [
        0,
        0,
        0,
        0.3,
        -30,
        0,
        0.733,
        30,
        1,
        0.766,
        30,
        0.8,
        30.339,
        0.833,
        29.8,
        1,
        1,
        27.103,
        1.166,
        6.723,
        1.333,
        1,
        1,
        1.555,
        -6.63,
        1.778,
        -8,
        2,
        -8,
        0,
        2.967,
        9,
        0,
        4,
        -12,
        0,
        5,
        11.54,
        0,
        5.767,
        1,
        1,
        6.089,
        2.658,
        6.411,
        -30,
        6.733,
        -30,
        0,
        7.767,
        2,
        0,
        8.533,
        -16,
        0,
        9.333,
        1
      ]
    },
    {
      "Target": "Parameter",
      "Id": "Param9",
      "Segments": [
        0,
        0,
        0,
        0.6,
        30,
        0,
        0.833,
        -30,
        1,
        0.855,
        -30,
        0.878,
        -31.545,
        0.9,
        -26,
        1,
        0.978,
        -6.593,
        1.055,
        18,
        1.133,
        18,
        0,
        1.333,
        -1.82,
        0,
        1.7,
        24,
        1,
        1.8,
        24,
        1.9,
        11.887,
        2,
        6.44,
        1,
        2.111,
        0.387,
        2.222,
        0,
        2.333,
        0,
        0,
        3.1,
        21,
        0,
        4.633,
        -7,
        0,
        5.467,
        1,
        0,
        9.333,
        -1.82
      ]
    },
    {
      "Target": "Parameter",
      "Id": "EyeL_Open",
      "Segments": [
        0,
        1,
        2,
        0.133,
        1,
        2,
        0.3,
        1,
        0,
        0.4,
        0,
        2,
        0.833,
        0,
        2,
        1.333,
        0,
        2,
        9.333,
        0
      ]
    },
    {
      "Target": "Parameter",
      "Id": "EyeR_Open",
      "Segments": [
        0,
        1,
        2,
        0.133,
        1,
        2,
        0.3,
        1,
        0,
        0.4,
        0,
        2,
        0.833,
        0,
        2,
        1.333,
        0,
        2,
        9.333,
        0
      ]
    },
    {
      "Target": "Parameter",
      "Id": "ParamEyeLSmile",
      "Segments": [
        0,
        0,
        0,
        0.133,
        1,
        0,
        0.2,
        0.9,
        2,
        0.267,
        0.9,
        0,
        0.533,
        -1,
        2,
        0.833,
        -1,
        2,
        1.333,
        -1,
        2,
        9.333,
        -1
      ]
    },
    {
      "Target": "Parameter",
      "Id": "ParamEyeRSmile",
      "Segments": [
        0,
        0,
        0,
        0.133,
        1,
        0,
        0.2,
        0.9,
        2,
        0.267,
        0.9,
        0,
        0.533,
        -1,
        2,
        0.833,
        -1,
        2,
        1.333,
        -1,
        2,
        9.333,
        -1
      ]
    },
    {
      "Target": "Parameter",
      "Id": "ParamBrowLForm",
      "Segments": [
        0,
        0,
        0,
        0.067,
        0.5,
        2,
        0.133,
        0.5,
        0,
        0.833,
        1,
        2,
        1.333,
        1,
        2,
        9.333,
        1
      ]
    },
    {
      "Target": "Parameter",
      "Id": "ParamBrowRForm",
      "Segments": [
        0,
        0,
        0,
        0.067,
        0.5,
        2,
        0.133,
        0.5,
        0,
        0.833,
        1,
        2,
        1.333,
        1,
        2,
        9.333,
        1
      ]
    },
    {
      "Target": "Parameter",
      "Id": "ParamBrowLY",
      "Segments": [
        0,
        0,
        0,
        0.267,
        0.1,
        0,
        0.4,
        -0.6,
        1,
        0.444,
        -0.6,
        0.489,
        -0.438,
        0.533,
        -0.427,
        1,
        0.633,
        -0.402,
        0.733,
        -0.4,
        0.833,
        -0.4,
        2,
        1.333,
        -0.4,
        2,
        9.333,
        -0.4
      ]
    },
    {
      "Target": "Parameter",
      "Id": "ParamBrowRY",
      "Segments": [
        0,
        0,
        0,
        0.267,
        0.1,
        0,
        0.4,
        -0.6,
        1,
        0.444,
        -0.6,
        0.489,
        -0.439,
        0.533,
        -0.428,
        1,
        0.633,
        -0.402,
        0.733,
        -0.4,
        0.833,
        -0.4,
        2,
        1.333,
        -0.4,
        2,
        9.333,
        -0.4
      ]
    },
    {
      "Target": "Parameter",
      "Id": "Mouth_Open",
      "Segments": [
        0,
        0.5,
        0,
        0.133,
        0.7,
        2,
        0.3,
        0.7,
        0,
        0.533,
        0,
        1,
        0.578,
        0,
        0.622,
        0.811,
        0.667,
        0.9,
        1,
        0.722,
        1.012,
        0.778,
        1,
        0.833,
        1,
        2,
        1.333,
        1,
        2,
        9.333,
        1
      ]
    },
    {
      "Target": "Parameter",
      "Id": "ParamMouthForm",
      "Segments": [
        0,
        0,
        2,
        0.533,
        0,
        0,
        0.6,
        1,
        2,
        0.833,
        1,
        2,
        1.333,
        1,
        2,
        9.333,
        1
      ]
    },
    {
      "Target": "PartOpacity",
      "Id": "Part23",
      "Segments": [
        0,
        1,
        2,
        1.33,
        1,
        2,
        9,
        1,
        2,
        9.33,
        1
      ]
    },
    {
      "Target": "PartOpacity",
      "Id": "Part22",
      "Segments": [
        0,
        0,
        2,
        0.43,
        0,
        2,
        0.47,
        1,
        2,
        1.33,
        1,
        2,
        9,
        1,
        2,
        9.33,
        1
      ]
    },
    {
      "Target": "PartOpacity",
      "Id": "Part29",
      "Segments": [
        0,
        1,
        2,
        1.33,
        1,
        2,
        9,
        1,
        2,
        9.33,
        1
      ]
    },
    {
      "Target": "PartOpacity",
      "Id": "Part28",
      "Segments": [
        0,
        1,
        2,
        1.33,
        1,
        2,
        9,
        1,
        2,
        9.33,
        1
      ]
    },
    {
      "Target": "PartOpacity",
      "Id": "Part6",
      "Segments": [
        0,
        1,
        2,
        1.33,
        1,
        2,
        9,
        1,
        2,
        9.33,
        1
      ]
    },
    {
      "Target": "PartOpacity",
      "Id": "Part20",
      "Segments": [
        0,
        1,
        2,
        1.33,
        1,
        2,
        9.33,
        1
      ]
    },
    {
      "Target": "PartOpacity",
      "Id": "Part",
      "Segments": [
        0,
        1,
        2,
        1.33,
        1,
        2,
        9.33,
        1
      ]
    },
    {
      "Target": "PartOpacity",
      "Id": "Part9",
      "Segments": [
        0,
        1,
        2,
        1.33,
        1,
        2,
        9.33,
        1
      ]
    },
    {
      "Target": "PartOpacity",
      "Id": "Part2",
      "Segments": [
        0,
        1,
        2,
        1.33,
        1,
        2,
        9.33,
        1
      ]
    },
    {
      "Target": "PartOpacity",
      "Id": "Part8",
      "Segments": [
        0,
        1,
        2,
        1.33,
        1,
        2,
        9.33,
        1
      ]
    },
    {
      "Target": "PartOpacity",
      "Id": "Part3",
      "Segments": [
        0,
        1,
        2,
        1.33,
        1,
        2,
        9.33,
        1
      ]
    },
    {
      "Target": "PartOpacity",
      "Id": "Part10",
      "Segments": [
        0,
        1,
        2,
        1.33,
        1,
        2,
        9.33,
        1
      ]
    },
    {
      "Target": "PartOpacity",
      "Id": "Part21",
      "Segments": [
        0,
        1,
        2,
        1.33,
        1,
        2,
        9.33,
        1
      ]
    },
    {
      "Target": "PartOpacity",
      "Id": "Part11",
      "Segments": [
        0,
        1,
        2,
        1.33,
        1,
        2,
        9,
        1,
        2,
        9.33,
        1
      ]
    },
    {
      "Target": "PartOpacity",
      "Id": "Part13",
      "Segments": [
        0,
        1,
        2,
        1.33,
        1,
        2,
        9.33,
        1
      ]
    },
    {
      "Target": "PartOpacity",
      "Id": "Part12",
      "Segments": [
        0,
        1,
        2,
        1.33,
        1,
        2,
        9.33,
        1
      ]
    },
    {
      "Target": "PartOpacity",
      "Id": "Part17",
      "Segments": [
        0,
        1,
        2,
        1.33,
        1,
        2,
        9.33,
        1
      ]
    },
    {
      "Target": "PartOpacity",
      "Id": "Part14",
      "Segments": [
        0,
        1,
        2,
        1.33,
        1,
        2,
        9.33,
        1
      ]
    },
    {
      "Target": "PartOpacity",
      "Id": "Part16",
      "Segments": [
        0,
        1,
        2,
        1.33,
        1,
        2,
        9.33,
        1
      ]
    },
    {
      "Target": "PartOpacity",
      "Id": "Part5",
      "Segments": [
        0,
        1,
        2,
        0.07,
        0,
        2,
        1.33,
        0,
        2,
        9.33,
        0
      ]
    },
    {
      "Target": "PartOpacity",
      "Id": "PartSketch0",
      "Segments": [
        0,
        0,
        2,
        0.07,
        1,
        2,
        1.33,
        1,
        2,
        9.33,
        1
      ]
    },
    {
      "Target": "PartOpacity",
      "Id": "Part15",
      "Segments": [
        0,
        1,
        2,
        0.43,
        1,
        2,
        0.47,
        0,
        2,
        1.33,
        0,
        2,
        9.33,
        0
      ]
    },
    {
      "Target": "PartOpacity",
      "Id": "Part4",
      "Segments": [
        0,
        1,
        2,
        0.13,
        1,
        2,
        1.33,
        1,
        2,
        9.33,
        1
      ]
    },
    {
      "Target": "PartOpacity",
      "Id": "Part7",
      "Segments": [
        0,
        1,
        2,
        1.33,
        1,
        2,
        9.33,
        1
      ]
    },
    {
      "Target": "PartOpacity",
      "Id": "Part19",
      "Segments": [
        0,
        1,
        2,
        1.33,
        1,
        2,
        9.33,
        1
      ]
    },
    {
      "Target": "PartOpacity",
      "Id": "Part18",
      "Segments": [
        0,
        1,
        2,
        1.33,
        1,
        2,
        9,
        1,
        2,
        9.33,
        1
      ]
    },
    {
      "Target": "Parameter",
      "Id": "Param19",
      "Segments": [
        0,
        0,
        0,
        9.33,
        0
      ]
    },
    {
      "Target": "Parameter",
      "Id": "Param16",
      "Segments": [
        0,
        0,
        0,
        9.33,
        0
      ]
    },
    {
      "Target": "Parameter",
      "Id": "ParamEyeBallX",
      "Segments": [
        0,
        0,
        0,
        9.33,
        0
      ]
    },
    {
      "Target": "Parameter",
      "Id": "ParamEyeBallY",
      "Segments": [
        0,
        0,
        0,
        9.33,
        0
      ]
    },
    {
      "Target": "Parameter",
      "Id": "Param6",
      "Segments": [
        0,
        0,
        0,
        9.33,
        0
      ]
    },
    {
      "Target": "Parameter",
      "Id": "Param",
      "Segments": [
        0,
        0,
        0,
        9.33,
        0
      ]
    },
    {
      "Target": "Parameter",
      "Id": "Param2",
      "Segments": [
        0,
        0,
        0,
        9.33,
        0
      ]
    },
    {
      "Target": "Parameter",
      "Id": "Param4",
      "Segments": [
        0,
        0,
        0,
        9.33,
        0
      ]
    },
    {
      "Target": "Parameter",
      "Id": "Param5",
      "Segments": [
        0,
        0,
        0,
        9.33,
        0
      ]
    },
    {
      "Target": "Parameter",
      "Id": "ParamBrowLAngle",
      "Segments": [
        0,
        0,
        0,
        9.33,
        0
      ]
    },
    {
      "Target": "Parameter",
      "Id": "ParamBrowRAngle",
      "Segments": [
        0,
        0,
        0,
        9.33,
        0
      ]
    },
    {
      "Target": "Parameter",
      "Id": "Mouth_Size",
      "Segments": [
        0,
        0.5,
        0,
        9.33,
        0.5
      ]
    }
  ],
  "UserData": []
}