{
  "Version": 3,
  "Meta": {
    "Duration": 7.67,
    "Fps": 30.0,
    "Loop": true,
    "AreBeziersRestricted": true,
    "CurveCount": 78,
    "TotalSegmentCount": 170,
    "TotalPointCount": 234,
    "UserDataCount": 0,
    "TotalUserDataSize": 0
  },
  "Curves": [
    {
      "Target": "Parameter",
      "Id": "Param35",
      "Segments": [
        0,
        -15.8,
        1,
        0.111,
        -15.8,
        0.222,
        -7.322,
        0.333,
        -3,
        1,
        0.944,
        20.773,
        1.556,
        30,
        2.167,
        30,
        0,
        5.8,
        -22,
        0,
        7.667,
        -15.8
      ]
    },
    {
      "Target": "Parameter",
      "Id": "Param33",
      "Segments": [
        0,
        9.3,
        0,
        0.8,
        -3,
        0,
        2,
        5,
        2,
        2.667,
        5,
        0,
        3.567,
        0,
        1,
        3.834,
        0,
        4.1,
        3.206,
        4.367,
        4,
        1,
        4.956,
        5.754,
        5.544,
        6.846,
        6.133,
        8,
        1,
        6.644,
        9.001,
        7.156,
        9.3,
        7.667,
        9.3
      ]
    },
    {
      "Target": "Parameter",
      "Id": "Param34",
      "Segments": [
        0,
        -19,
        2,
        0.8,
        -19,
        0,
        2,
        -11,
        0,
        2.667,
        -29,
        0,
        3.567,
        0,
        0,
        4.367,
        -1,
        0,
        6.133,
        8,
        0,
        7.667,
        -19
      ]
    },
    {
      "Target": "Parameter",
      "Id": "Param20",
      "Segments": [
        0,
        -1,
        0,
        1.633,
        0,
        0,
        7.667,
        -1
      ]
    },
    {
      "Target": "Parameter",
      "Id": "Param28",
      "Segments": [
        0,
        28,
        0,
        0.667,
        28.88,
        0,
        1.333,
        27.36,
        0,
        2,
        28.8,
        0,
        2.667,
        27.46,
        0,
        3.333,
        28.2,
        0,
        4,
        27.14,
        0,
        4.667,
        28.9,
        0,
        5.333,
        27.382,
        0,
        6,
        28.639,
        0,
        6.667,
        27,
        1,
        6.889,
        27,
        7.111,
        27.781,
        7.333,
        27.949,
        1,
        7.444,
        28.033,
        7.556,
        28,
        7.667,
        28
      ]
    },
    {
      "Target": "Parameter",
      "Id": "Param38",
      "Segments": [
        0,
        4,
        2,
        3.9,
        4,
        1,
        4.156,
        4,
        4.411,
        5.147,
        4.667,
        9,
        1,
        4.756,
        10.34,
        4.844,
        12.82,
        4.933,
        12.82,
        1,
        5.022,
        12.82,
        5.111,
        12.426,
        5.2,
        12,
        1,
        5.567,
        10.244,
        5.933,
        8.635,
        6.3,
        7,
        1,
        6.756,
        4.969,
        7.211,
        4,
        7.667,
        4
      ]
    },
    {
      "Target": "Parameter",
      "Id": "Param30",
      "Segments": [
        0,
        0.7,
        1,
        0.211,
        -0.071,
        0.422,
        0,
        0.633,
        0,
        2,
        1.267,
        0,
        0,
        2.667,
        4.5,
        1,
        3.078,
        4.5,
        3.489,
        2.357,
        3.9,
        2,
        1,
        5.156,
        0.911,
        6.411,
        0.7,
        7.667,
        0.7
      ]
    },
    {
      "Target": "Parameter",
      "Id": "Param36",
      "Segments": [
        0,
        0,
        2,
        3.3,
        0,
        1,
        3.944,
        3.273,
        4.589,
        30,
        5.233,
        30,
        0,
        7.667,
        0
      ]
    },
    {
      "Target": "Parameter",
      "Id": "Param31",
      "Segments": [
        0,
        2,
        0,
        6.467,
        3.38,
        0,
        7.667,
        2
      ]
    },
    {
      "Target": "Parameter",
      "Id": "ParamHairFront",
      "Segments": [
        0,
        0,
        0,
        0.6,
        1,
        0,
        1.467,
        -1,
        0,
        2.133,
        1,
        0,
        2.8,
        -1,
        0,
        3.633,
        0.2,
        0,
        4.433,
        -1,
        0,
        4.933,
        0.3,
        0,
        5.5,
        -1,
        0,
        6.233,
        0.5,
        0,
        6.767,
        -1,
        0,
        7.4,
        1,
        0,
        7.667,
        0
      ]
    },
    {
      "Target": "Parameter",
      "Id": "Param14",
      "Segments": [
        0,
        13.2,
        0,
        0.2,
        15,
        1,
        0.467,
        15,
        0.733,
        13.698,
        1,
        10,
        1,
        1.156,
        7.843,
        1.311,
        6,
        1.467,
        6,
        0,
        2.667,
        19,
        0,
        4,
        15,
        0,
        5.967,
        30,
        0,
        7.2,
        11,
        0,
        7.667,
        13.2
      ]
    },
    {
      "Target": "Parameter",
      "Id": "Param17",
      "Segments": [
        0,
        26.1,
        0,
        0.5,
        30,
        1,
        0.867,
        30,
        1.233,
        28.653,
        1.6,
        22,
        1,
        1.844,
        17.565,
        2.089,
        11,
        2.333,
        11,
        1,
        2.7,
        11,
        3.066,
        10.427,
        3.433,
        12,
        1,
        4.844,
        18.054,
        6.256,
        26.1,
        7.667,
        26.1
      ]
    },
    {
      "Target": "Parameter",
      "Id": "Param18",
      "Segments": [
        0,
        12.5,
        0,
        0.7,
        17,
        1,
        0.944,
        18.848,
        1.189,
        19,
        1.433,
        19,
        1,
        1.733,
        19,
        2.033,
        14.267,
        2.333,
        9,
        1,
        2.766,
        1.392,
        3.2,
        -1,
        3.633,
        -1,
        0,
        5.967,
        12,
        0,
        7.2,
        11,
        0,
        7.667,
        12.5
      ]
    },
    {
      "Target": "Parameter",
      "Id": "Param25",
      "Segments": [
        0,
        -24.9,
        0,
        2.333,
        -30,
        0,
        3.333,
        -20,
        1,
        3.722,
        -20,
        4.111,
        -21.667,
        4.5,
        -25,
        1,
        4.889,
        -28.333,
        5.278,
        -30,
        5.667,
        -30,
        0,
        7.667,
        -24.9
      ]
    },
    {
      "Target": "Parameter",
      "Id": "Param26",
      "Segments": [
        0,
        0,
        2,
        0.4,
        0,
        2,
        3.9,
        0,
        0,
        5.067,
        -30,
        0,
        7.667,
        0
      ]
    },
    {
      "Target": "Parameter",
      "Id": "Param8",
      "Segments": [
        0,
        25.1,
        0,
        0.5,
        28,
        0,
        3.867,
        -4,
        0,
        7.667,
        25.1
      ]
    },
    {
      "Target": "Parameter",
      "Id": "Param9",
      "Segments": [
        0,
        -6.6,
        0,
        0.167,
        -8,
        0,
        0.6,
        30,
        1,
        0.7,
        30,
        0.8,
        25.274,
        0.9,
        17,
        1,
        1,
        8.726,
        1.1,
        -3.035,
        1.2,
        -6.76,
        1,
        1.267,
        -9.243,
        1.333,
        -9,
        1.4,
        -9,
        0,
        2.067,
        19,
        0,
        2.6,
        -30,
        1,
        2.922,
        -30,
        3.245,
        -11.072,
        3.567,
        18,
        1,
        3.678,
        28.025,
        3.789,
        30,
        3.9,
        30,
        0,
        4.367,
        -30,
        0,
        4.867,
        30,
        0,
        5.667,
        -13,
        0,
        6.1,
        24,
        0,
        6.7,
        -30,
        0,
        7.333,
        30,
        0,
        7.667,
        -6.6
      ]
    },
    {
      "Target": "Parameter",
      "Id": "Param24",
      "Segments": [
        0,
        0,
        0,
        7.67,
        0
      ]
    },
    {
      "Target": "Parameter",
      "Id": "Param23",
      "Segments": [
        0,
        0,
        0,
        7.67,
        0
      ]
    },
    {
      "Target": "Parameter",
      "Id": "Param27",
      "Segments": [
        0,
        18.5,
        0,
        7.67,
        18.5
      ]
    },
    {
      "Target": "Parameter",
      "Id": "Param19",
      "Segments": [
        0,
        30,
        0,
        7.67,
        30
      ]
    },
    {
      "Target": "Parameter",
      "Id": "Param16",
      "Segments": [
        0,
        0,
        0,
        7.67,
        0
      ]
    },
    {
      "Target": "Parameter",
      "Id": "Param29",
      "Segments": [
        0,
        0,
        0,
        7.67,
        0
      ]
    },
    {
      "Target": "Parameter",
      "Id": "Param37",
      "Segments": [
        0,
        0,
        0,
        7.67,
        0
      ]
    },
    {
      "Target": "Parameter",
      "Id": "Param21",
      "Segments": [
        0,
        0,
        0,
        7.67,
        0
      ]
    },
    {
      "Target": "Parameter",
      "Id": "Param13",
      "Segments": [
        0,
        0,
        0,
        7.67,
        0
      ]
    },
    {
      "Target": "Parameter",
      "Id": "Param11",
      "Segments": [
        0,
        0,
        0,
        7.67,
        0
      ]
    },
    {
      "Target": "Parameter",
      "Id": "Param32",
      "Segments": [
        0,
        0,
        0,
        7.67,
        0
      ]
    },
    {
      "Target": "Parameter",
      "Id": "Param7",
      "Segments": [
        0,
        0,
        0,
        7.67,
        0
      ]
    },
    {
      "Target": "Parameter",
      "Id": "Param39",
      "Segments": [
        0,
        0,
        0,
        7.67,
        0
      ]
    },
    {
      "Target": "Parameter",
      "Id": "Param10",
      "Segments": [
        0,
        0,
        0,
        7.67,
        0
      ]
    },
    {
      "Target": "Parameter",
      "Id": "Param22",
      "Segments": [
        0,
        0,
        0,
        7.67,
        0
      ]
    },
    {
      "Target": "Parameter",
      "Id": "ParamEyeBallX",
      "Segments": [
        0,
        0,
        0,
        7.67,
        0
      ]
    },
    {
      "Target": "Parameter",
      "Id": "ParamEyeBallY",
      "Segments": [
        0,
        0,
        0,
        7.67,
        0
      ]
    },
    {
      "Target": "Parameter",
      "Id": "EyeL_Open",
      "Segments": [
        0,
        0,
        0,
        7.67,
        0
      ]
    },
    {
      "Target": "Parameter",
      "Id": "EyeR_Open",
      "Segments": [
        0,
        0,
        0,
        7.67,
        0
      ]
    },
    {
      "Target": "Parameter",
      "Id": "Param6",
      "Segments": [
        0,
        0,
        0,
        7.67,
        0
      ]
    },
    {
      "Target": "Parameter",
      "Id": "ParamEyeLSmile",
      "Segments": [
        0,
        -1,
        0,
        7.67,
        -1
      ]
    },
    {
      "Target": "Parameter",
      "Id": "ParamEyeRSmile",
      "Segments": [
        0,
        -1,
        0,
        7.67,
        -1
      ]
    },
    {
      "Target": "Parameter",
      "Id": "Param",
      "Segments": [
        0,
        0,
        0,
        7.67,
        0
      ]
    },
    {
      "Target": "Parameter",
      "Id": "Param2",
      "Segments": [
        0,
        0,
        0,
        7.67,
        0
      ]
    },
    {
      "Target": "Parameter",
      "Id": "ParamBrowLForm",
      "Segments": [
        0,
        -0.97,
        0,
        7.67,
        -0.97
      ]
    },
    {
      "Target": "Parameter",
      "Id": "ParamBrowRForm",
      "Segments": [
        0,
        -0.979,
        0,
        7.67,
        -0.979
      ]
    },
    {
      "Target": "Parameter",
      "Id": "Param4",
      "Segments": [
        0,
        0,
        0,
        7.67,
        0
      ]
    },
    {
      "Target": "Parameter",
      "Id": "Param5",
      "Segments": [
        0,
        0,
        0,
        7.67,
        0
      ]
    },
    {
      "Target": "Parameter",
      "Id": "ParamBrowLY",
      "Segments": [
        0,
        -0.288,
        0,
        7.67,
        -0.288
      ]
    },
    {
      "Target": "Parameter",
      "Id": "ParamBrowRY",
      "Segments": [
        0,
        -0.476,
        0,
        7.67,
        -0.476
      ]
    },
    {
      "Target": "Parameter",
      "Id": "ParamBrowLAngle",
      "Segments": [
        0,
        -1,
        0,
        7.67,
        -1
      ]
    },
    {
      "Target": "Parameter",
      "Id": "ParamBrowRAngle",
      "Segments": [
        0,
        -1,
        0,
        7.67,
        -1
      ]
    },
    {
      "Target": "Parameter",
      "Id": "Mouth_Size",
      "Segments": [
        0,
        0.3,
        0,
        7.67,
        0.3
      ]
    },
    {
      "Target": "Parameter",
      "Id": "Mouth_Open",
      "Segments": [
        0,
        1,
        0,
        7.67,
        1
      ]
    },
    {
      "Target": "Parameter",
      "Id": "ParamMouthForm",
      "Segments": [
        0,
        0.995,
        0,
        7.67,
        0.995
      ]
    },
    {
      "Target": "PartOpacity",
      "Id": "Part23",
      "Segments": [
        0,
        1,
        0,
        7.67,
        1
      ]
    },
    {
      "Target": "PartOpacity",
      "Id": "Part22",
      "Segments": [
        0,
        1,
        0,
        7.67,
        1
      ]
    },
    {
      "Target": "PartOpacity",
      "Id": "Part29",
      "Segments": [
        0,
        1,
        0,
        7.67,
        1
      ]
    },
    {
      "Target": "PartOpacity",
      "Id": "Part28",
      "Segments": [
        0,
        1,
        0,
        7.67,
        1
      ]
    },
    {
      "Target": "PartOpacity",
      "Id": "Part6",
      "Segments": [
        0,
        1,
        0,
        7.67,
        1
      ]
    },
    {
      "Target": "PartOpacity",
      "Id": "Part20",
      "Segments": [
        0,
        1,
        0,
        7.67,
        1
      ]
    },
    {
      "Target": "PartOpacity",
      "Id": "Part",
      "Segments": [
        0,
        1,
        0,
        7.67,
        1
      ]
    },
    {
      "Target": "PartOpacity",
      "Id": "Part9",
      "Segments": [
        0,
        1,
        0,
        7.67,
        1
      ]
    },
    {
      "Target": "PartOpacity",
      "Id": "Part2",
      "Segments": [
        0,
        1,
        0,
        7.67,
        1
      ]
    },
    {
      "Target": "PartOpacity",
      "Id": "Part8",
      "Segments": [
        0,
        1,
        0,
        7.67,
        1
      ]
    },
    {
      "Target": "PartOpacity",
      "Id": "Part3",
      "Segments": [
        0,
        1,
        0,
        7.67,
        1
      ]
    },
    {
      "Target": "PartOpacity",
      "Id": "Part10",
      "Segments": [
        0,
        0,
        0,
        7.67,
        0
      ]
    },
    {
      "Target": "PartOpacity",
      "Id": "Part21",
      "Segments": [
        0,
        1,
        0,
        7.67,
        1
      ]
    },
    {
      "Target": "PartOpacity",
      "Id": "Part11",
      "Segments": [
        0,
        1,
        0,
        7.67,
        1
      ]
    },
    {
      "Target": "PartOpacity",
      "Id": "Part13",
      "Segments": [
        0,
        1,
        0,
        7.67,
        1
      ]
    },
    {
      "Target": "PartOpacity",
      "Id": "Part12",
      "Segments": [
        0,
        1,
        0,
        7.67,
        1
      ]
    },
    {
      "Target": "PartOpacity",
      "Id": "Part17",
      "Segments": [
        0,
        1,
        0,
        7.67,
        1
      ]
    },
    {
      "Target": "PartOpacity",
      "Id": "Part14",
      "Segments": [
        0,
        1,
        0,
        7.67,
        1
      ]
    },
    {
      "Target": "PartOpacity",
      "Id": "Part16",
      "Segments": [
        0,
        1,
        0,
        7.67,
        1
      ]
    },
    {
      "Target": "PartOpacity",
      "Id": "Part5",
      "Segments": [
        0,
        1,
        0,
        7.67,
        1
      ]
    },
    {
      "Target": "PartOpacity",
      "Id": "PartSketch0",
      "Segments": [
        0,
        0,
        0,
        7.67,
        0
      ]
    },
    {
      "Target": "PartOpacity",
      "Id": "Part15",
      "Segments": [
        0,
        0,
        0,
        7.67,
        0
      ]
    },
    {
      "Target": "PartOpacity",
      "Id": "Part4",
      "Segments": [
        0,
        1,
        0,
        7.67,
        1
      ]
    },
    {
      "Target": "PartOpacity",
      "Id": "Part7",
      "Segments": [
        0,
        1,
        0,
        7.67,
        1
      ]
    },
    {
      "Target": "PartOpacity",
      "Id": "Part19",
      "Segments": [
        0,
        1,
        0,
        7.67,
        1
      ]
    },
    {
      "Target": "PartOpacity",
      "Id": "Part18",
      "Segments": [
        0,
        1,
        0,
        7.67,
        1
      ]
    }
  ],
  "UserData": []
}