{
  "Version": 3,
  "Meta": {
    "Duration": 9.33,
    "Fps": 30.0,
    "Loop": true,
    "AreBeziersRestricted": true,
    "CurveCount": 78,
    "TotalSegmentCount": 427,
    "TotalPointCount": 641,
    "UserDataCount": 0,
    "TotalUserDataSize": 0
  },
  "Curves": [
    {
      "Target": "Parameter",
      "Id": "Param35",
      "Segments": [
        0,
        0,
        1,
        0.244,
        0,
        0.489,
        -22.263,
        0.733,
        -27.8,
        1,
        0.866,
        -30.82,
        1,
        -30,
        1.133,
        -30,
        1,
        1.2,
        -30,
        1.266,
        -29.723,
        1.333,
        -27.8,
        1,
        1.444,
        -24.596,
        1.556,
        -19.928,
        1.667,
        -15.8,
        1,
        1.778,
        -11.672,
        1.889,
        -7.039,
        2,
        -3,
        1,
        2.611,
        19.212,
        3.222,
        30,
        3.833,
        30,
        0,
        7.467,
        -22,
        0,
        9.333,
        -15.8
      ]
    },
    {
      "Target": "Parameter",
      "Id": "Param33",
      "Segments": [
        0,
        0,
        1,
        0.178,
        0,
        0.355,
        10.244,
        0.533,
        20,
        1,
        0.689,
        28.536,
        0.844,
        30,
        1,
        30,
        1,
        1.044,
        30,
        1.089,
        30.023,
        1.133,
        29,
        1,
        1.2,
        27.465,
        1.266,
        23.861,
        1.333,
        21.4,
        1,
        1.444,
        17.298,
        1.556,
        12.875,
        1.667,
        9.3,
        1,
        1.934,
        0.721,
        2.2,
        -3,
        2.467,
        -3,
        0,
        3.667,
        5,
        2,
        4.333,
        5,
        0,
        5.233,
        0,
        1,
        5.5,
        0,
        5.766,
        3.206,
        6.033,
        4,
        1,
        6.622,
        5.754,
        7.211,
        6.846,
        7.8,
        8,
        1,
        8.311,
        9.001,
        8.822,
        9.3,
        9.333,
        9.3
      ]
    },
    {
      "Target": "Parameter",
      "Id": "Param34",
      "Segments": [
        0,
        0,
        1,
        0.178,
        0,
        0.355,
        0.158,
        0.533,
        -1,
        1,
        0.689,
        -2.013,
        0.844,
        -19,
        1,
        -19,
        2,
        1.133,
        -19,
        2,
        1.333,
        -19,
        2,
        1.667,
        -19,
        2,
        2.467,
        -19,
        0,
        3.667,
        -11,
        0,
        4.333,
        -29,
        0,
        5.233,
        0,
        0,
        6.033,
        -1,
        0,
        7.8,
        8,
        0,
        9.333,
        -19
      ]
    },
    {
      "Target": "Parameter",
      "Id": "Param24",
      "Segments": [
        0,
        26,
        0,
        1.133,
        0,
        2,
        1.333,
        0,
        2,
        1.667,
        0,
        2,
        2.867,
        0,
        2,
        9.333,
        0
      ]
    },
    {
      "Target": "Parameter",
      "Id": "Param20",
      "Segments": [
        0,
        0,
        2,
        0.3,
        0,
        2,
        0.433,
        0,
        0,
        0.667,
        30,
        1,
        0.822,
        30,
        0.978,
        3.833,
        1.133,
        0,
        1,
        1.2,
        -1.643,
        1.266,
        -1,
        1.333,
        -1,
        2,
        1.567,
        -1,
        2,
        1.667,
        -1,
        0,
        3.3,
        0,
        0,
        9.333,
        -1
      ]
    },
    {
      "Target": "Parameter",
      "Id": "Param27",
      "Segments": [
        0,
        0,
        2,
        0.267,
        0,
        1,
        0.456,
        1.081,
        0.644,
        8.941,
        0.833,
        14.639,
        1,
        0.933,
        18.507,
        1.033,
        18.52,
        1.133,
        18.52,
        0,
        1.333,
        18.5,
        2,
        1.667,
        18.5,
        2,
        9.333,
        18.5
      ]
    },
    {
      "Target": "Parameter",
      "Id": "Param19",
      "Segments": [
        0,
        0,
        0,
        1.133,
        30,
        2,
        1.333,
        30,
        2,
        1.667,
        30,
        2,
        9.333,
        30
      ]
    },
    {
      "Target": "Parameter",
      "Id": "Param28",
      "Segments": [
        0,
        0,
        2,
        0.267,
        0,
        1,
        0.389,
        0,
        0.511,
        27.59,
        0.633,
        28,
        1,
        0.8,
        28.559,
        0.966,
        28.5,
        1.133,
        28.5,
        0,
        1.667,
        28,
        0,
        2.333,
        28.88,
        0,
        3,
        27.36,
        0,
        3.667,
        28.8,
        0,
        4.333,
        27.46,
        0,
        5,
        28.2,
        0,
        5.667,
        27.14,
        0,
        6.333,
        28.9,
        0,
        7,
        27.382,
        0,
        7.667,
        28.639,
        0,
        8.333,
        27,
        1,
        8.555,
        27,
        8.778,
        27.781,
        9,
        27.949,
        1,
        9.111,
        28.033,
        9.222,
        28,
        9.333,
        28
      ]
    },
    {
      "Target": "Parameter",
      "Id": "Param29",
      "Segments": [
        0,
        -10,
        0,
        1.133,
        0,
        2,
        1.333,
        0,
        2,
        1.667,
        0,
        2,
        9.333,
        0
      ]
    },
    {
      "Target": "Parameter",
      "Id": "Param38",
      "Segments": [
        0,
        0,
        0,
        0.267,
        2,
        2,
        0.4,
        2,
        1,
        0.422,
        2,
        0.445,
        2.98,
        0.467,
        4,
        1,
        0.5,
        5.529,
        0.534,
        6.471,
        0.567,
        8,
        1,
        0.589,
        9.02,
        0.611,
        10,
        0.633,
        10,
        0,
        0.7,
        9,
        2,
        0.9,
        9,
        0,
        1.133,
        4,
        2,
        1.333,
        4,
        2,
        1.567,
        4,
        2,
        1.667,
        4,
        2,
        5.567,
        4,
        1,
        5.822,
        4,
        6.078,
        5.147,
        6.333,
        9,
        1,
        6.422,
        10.34,
        6.511,
        12.82,
        6.6,
        12.82,
        1,
        6.689,
        12.82,
        6.778,
        12.426,
        6.867,
        12,
        1,
        7.234,
        10.244,
        7.6,
        8.635,
        7.967,
        7,
        1,
        8.422,
        4.969,
        8.878,
        4,
        9.333,
        4
      ]
    },
    {
      "Target": "Parameter",
      "Id": "Param30",
      "Segments": [
        0,
        0,
        1,
        0.133,
        0,
        0.267,
        0.361,
        0.4,
        1,
        1,
        0.544,
        1.692,
        0.689,
        2.566,
        0.833,
        3,
        1,
        0.933,
        3.301,
        1.033,
        3.3,
        1.133,
        3.3,
        1,
        1.2,
        3.3,
        1.266,
        2.412,
        1.333,
        2,
        1,
        1.411,
        1.519,
        1.489,
        1.295,
        1.567,
        1,
        1,
        1.6,
        0.873,
        1.634,
        0.776,
        1.667,
        0.7,
        1,
        1.878,
        0.216,
        2.089,
        0,
        2.3,
        0,
        2,
        2.933,
        0,
        0,
        4.333,
        4.5,
        1,
        4.744,
        4.5,
        5.156,
        2.357,
        5.567,
        2,
        1,
        6.822,
        0.911,
        8.078,
        0.7,
        9.333,
        0.7
      ]
    },
    {
      "Target": "Parameter",
      "Id": "Param36",
      "Segments": [
        0,
        0,
        2,
        1.667,
        0,
        2,
        4.967,
        0,
        1,
        5.611,
        3.273,
        6.256,
        30,
        6.9,
        30,
        0,
        9.333,
        0
      ]
    },
    {
      "Target": "Parameter",
      "Id": "Param31",
      "Segments": [
        0,
        0,
        2,
        0.6,
        0,
        0,
        1.133,
        1.921,
        0,
        1.333,
        1.9,
        1,
        1.444,
        1.922,
        1.556,
        2,
        1.667,
        2,
        0,
        8.133,
        3.38,
        0,
        9.333,
        2
      ]
    },
    {
      "Target": "Parameter",
      "Id": "ParamHairFront",
      "Segments": [
        0,
        0,
        0,
        0.3,
        -0.7,
        0,
        0.7,
        1,
        0,
        1.1,
        -1,
        0,
        1.4,
        0.2,
        0,
        1.667,
        0,
        0,
        2.267,
        1,
        0,
        3.133,
        -1,
        0,
        3.8,
        1,
        0,
        4.467,
        -1,
        0,
        5.3,
        0.2,
        0,
        6.1,
        -1,
        0,
        6.6,
        0.3,
        0,
        7.167,
        -1,
        0,
        7.9,
        0.5,
        0,
        8.433,
        -1,
        0,
        9.067,
        1,
        0,
        9.333,
        0
      ]
    },
    {
      "Target": "Parameter",
      "Id": "Param14",
      "Segments": [
        0,
        0,
        2,
        0.167,
        0,
        0,
        0.633,
        17,
        0,
        1.133,
        2,
        1,
        1.2,
        2,
        1.266,
        2.704,
        1.333,
        4.4,
        1,
        1.444,
        7.227,
        1.556,
        10.713,
        1.667,
        13.2,
        1,
        1.734,
        14.692,
        1.8,
        15,
        1.867,
        15,
        1,
        2.134,
        15,
        2.4,
        13.698,
        2.667,
        10,
        1,
        2.822,
        7.843,
        2.978,
        6,
        3.133,
        6,
        0,
        4.333,
        19,
        0,
        5.667,
        15,
        0,
        7.633,
        30,
        0,
        8.867,
        11,
        0,
        9.333,
        13.2
      ]
    },
    {
      "Target": "Parameter",
      "Id": "Param17",
      "Segments": [
        0,
        0,
        1,
        0.378,
        0,
        0.755,
        4.623,
        1.133,
        14,
        1,
        1.2,
        15.655,
        1.266,
        17.602,
        1.333,
        19.1,
        1,
        1.444,
        21.596,
        1.556,
        24.171,
        1.667,
        26.1,
        1,
        1.834,
        28.993,
        2,
        30,
        2.167,
        30,
        1,
        2.534,
        30,
        2.9,
        28.653,
        3.267,
        22,
        1,
        3.511,
        17.565,
        3.756,
        11,
        4,
        11,
        1,
        4.367,
        11,
        4.733,
        10.427,
        5.1,
        12,
        1,
        6.511,
        18.054,
        7.922,
        26.1,
        9.333,
        26.1
      ]
    },
    {
      "Target": "Parameter",
      "Id": "Param18",
      "Segments": [
        0,
        0,
        0,
        0.3,
        1,
        0,
        0.833,
        -13,
        1,
        0.933,
        -13,
        1.033,
        0.968,
        1.133,
        4.78,
        1,
        1.2,
        7.322,
        1.266,
        8.142,
        1.333,
        9,
        1,
        1.444,
        10.43,
        1.556,
        12.5,
        1.667,
        12.5,
        0,
        2.367,
        17,
        1,
        2.611,
        18.44,
        2.856,
        19,
        3.1,
        19,
        1,
        3.4,
        19,
        3.7,
        14.267,
        4,
        9,
        1,
        4.433,
        1.392,
        4.867,
        -1,
        5.3,
        -1,
        0,
        7.633,
        12,
        0,
        8.867,
        11,
        0,
        9.333,
        12.5
      ]
    },
    {
      "Target": "Parameter",
      "Id": "Param10",
      "Segments": [
        0,
        30,
        0,
        1.133,
        0,
        2,
        1.333,
        0,
        2,
        1.667,
        0,
        2,
        9.333,
        0
      ]
    },
    {
      "Target": "Parameter",
      "Id": "Param25",
      "Segments": [
        0,
        0,
        2,
        0.133,
        0,
        2,
        0.333,
        0,
        1,
        0.6,
        0,
        0.866,
        -16.599,
        1.133,
        -22,
        1,
        1.2,
        -23.35,
        1.266,
        -22.945,
        1.333,
        -23.3,
        1,
        1.444,
        -23.891,
        1.556,
        -24.409,
        1.667,
        -24.9,
        1,
        2.445,
        -28.338,
        3.222,
        -30,
        4,
        -30,
        0,
        5,
        -20,
        1,
        5.389,
        -20,
        5.778,
        -21.667,
        6.167,
        -25,
        1,
        6.556,
        -28.333,
        6.944,
        -30,
        7.333,
        -30,
        0,
        9.333,
        -24.9
      ]
    },
    {
      "Target": "Parameter",
      "Id": "Param26",
      "Segments": [
        0,
        0,
        2,
        0.3,
        0,
        0,
        0.8,
        -14,
        0,
        1.133,
        0,
        2,
        1.333,
        0,
        2,
        1.667,
        0,
        2,
        2.067,
        0,
        2,
        5.567,
        0,
        0,
        6.733,
        -30,
        0,
        9.333,
        0
      ]
    },
    {
      "Target": "Parameter",
      "Id": "Param8",
      "Segments": [
        0,
        0,
        0,
        0.133,
        5,
        2,
        0.3,
        5,
        0,
        0.533,
        -26,
        1,
        0.733,
        -26,
        0.933,
        12.198,
        1.133,
        19,
        1,
        1.2,
        21.267,
        1.266,
        21.5,
        1.333,
        21.5,
        0,
        1.667,
        25.1,
        0,
        2.167,
        28,
        0,
        5.533,
        -4,
        0,
        9.333,
        25.1
      ]
    },
    {
      "Target": "Parameter",
      "Id": "Param9",
      "Segments": [
        0,
        0,
        2,
        0.4,
        0,
        2,
        0.8,
        0,
        0,
        1.1,
        30,
        1,
        1.133,
        30,
        1.167,
        30.201,
        1.2,
        28.9,
        1,
        1.267,
        26.299,
        1.333,
        19.462,
        1.4,
        14.4,
        1,
        1.489,
        7.651,
        1.578,
        -3.9,
        1.667,
        -6.6,
        1,
        1.722,
        -8.287,
        1.778,
        -8,
        1.833,
        -8,
        0,
        2.267,
        30,
        1,
        2.367,
        30,
        2.467,
        25.274,
        2.567,
        17,
        1,
        2.667,
        8.726,
        2.767,
        -3.035,
        2.867,
        -6.76,
        1,
        2.934,
        -9.243,
        3,
        -9,
        3.067,
        -9,
        0,
        3.733,
        19,
        0,
        4.267,
        -30,
        1,
        4.589,
        -30,
        4.911,
        -11.072,
        5.233,
        18,
        1,
        5.344,
        28.025,
        5.456,
        30,
        5.567,
        30,
        0,
        6.033,
        -30,
        0,
        6.533,
        30,
        0,
        7.333,
        -13,
        0,
        7.767,
        24,
        0,
        8.367,
        -30,
        0,
        9,
        30,
        0,
        9.333,
        -6.6
      ]
    },
    {
      "Target": "Parameter",
      "Id": "ParamEyeBallY",
      "Segments": [
        0,
        0,
        2,
        0.833,
        0,
        0,
        1.333,
        0.2,
        2,
        1.367,
        0.2,
        1,
        1.467,
        0.2,
        1.567,
        0.163,
        1.667,
        0.1,
        1,
        1.778,
        0.03,
        1.889,
        0,
        2,
        0,
        0,
        9.333,
        0.1
      ]
    },
    {
      "Target": "Parameter",
      "Id": "EyeL_Open",
      "Segments": [
        0,
        1,
        1,
        0.022,
        1,
        0.045,
        1.037,
        0.067,
        0.9,
        1,
        0.111,
        0.625,
        0.156,
        0,
        0.2,
        0,
        2,
        0.3,
        0,
        1,
        0.322,
        0,
        0.345,
        0.031,
        0.367,
        0.2,
        1,
        0.389,
        0.369,
        0.411,
        0.714,
        0.433,
        0.9,
        1,
        0.444,
        0.993,
        0.456,
        1,
        0.467,
        1,
        2,
        0.5,
        1,
        0,
        0.833,
        0.99,
        0,
        1.333,
        1,
        2,
        1.667,
        1,
        2,
        9.333,
        1
      ]
    },
    {
      "Target": "Parameter",
      "Id": "EyeR_Open",
      "Segments": [
        0,
        1,
        1,
        0.022,
        1,
        0.045,
        1.037,
        0.067,
        0.9,
        1,
        0.111,
        0.625,
        0.156,
        0,
        0.2,
        0,
        2,
        0.3,
        0,
        1,
        0.322,
        0,
        0.345,
        0.035,
        0.367,
        0.2,
        1,
        0.389,
        0.365,
        0.411,
        0.696,
        0.433,
        0.85,
        1,
        0.444,
        0.927,
        0.456,
        0.924,
        0.467,
        0.924,
        0,
        0.567,
        0.9,
        2,
        0.833,
        0.9,
        2,
        1.333,
        0.9,
        2,
        1.667,
        0.9,
        2,
        9.333,
        0.9
      ]
    },
    {
      "Target": "Parameter",
      "Id": "ParamEyeLSmile",
      "Segments": [
        0,
        0,
        2,
        0.2,
        0,
        2,
        0.3,
        0,
        0,
        0.5,
        0.535,
        0,
        0.6,
        0,
        2,
        0.833,
        0,
        2,
        1.333,
        0,
        2,
        1.667,
        0,
        2,
        2,
        0,
        2,
        9.333,
        0
      ]
    },
    {
      "Target": "Parameter",
      "Id": "ParamEyeRSmile",
      "Segments": [
        0,
        0,
        2,
        0.2,
        0,
        2,
        0.3,
        0,
        0,
        0.467,
        1,
        0,
        0.5,
        0,
        2,
        0.833,
        0,
        2,
        1.333,
        0,
        2,
        1.667,
        0,
        2,
        2,
        0,
        2,
        9.333,
        0
      ]
    },
    {
      "Target": "Parameter",
      "Id": "Param2",
      "Segments": [
        0,
        0,
        2,
        0.2,
        0,
        2,
        0.3,
        0,
        2,
        0.367,
        0,
        0,
        0.467,
        0.4,
        2,
        0.833,
        0.4,
        2,
        1.333,
        0.4,
        2,
        1.667,
        0.4,
        2,
        2,
        0.4,
        2,
        9.333,
        0.4
      ]
    },
    {
      "Target": "Parameter",
      "Id": "ParamBrowLForm",
      "Segments": [
        0,
        0,
        0,
        0.1,
        0.3,
        0,
        0.533,
        -0.8,
        2,
        0.833,
        -0.8,
        2,
        1.333,
        -0.8,
        2,
        1.667,
        -0.8,
        2,
        2,
        -0.8,
        2,
        9.333,
        -0.8
      ]
    },
    {
      "Target": "Parameter",
      "Id": "ParamBrowRForm",
      "Segments": [
        0,
        0,
        0,
        0.1,
        0.3,
        1,
        0.244,
        0.3,
        0.389,
        -0.693,
        0.533,
        -0.897,
        1,
        0.633,
        -1.039,
        0.733,
        -1,
        0.833,
        -1,
        2,
        1.333,
        -1,
        2,
        1.667,
        -1,
        2,
        2,
        -1,
        2,
        9.333,
        -1
      ]
    },
    {
      "Target": "Parameter",
      "Id": "Param5",
      "Segments": [
        0,
        0,
        0,
        0.567,
        1,
        2,
        0.833,
        1,
        2,
        1.333,
        1,
        2,
        1.667,
        1,
        2,
        2,
        1,
        2,
        9.333,
        1
      ]
    },
    {
      "Target": "Parameter",
      "Id": "ParamBrowLY",
      "Segments": [
        0,
        0,
        0,
        0.1,
        0.1,
        0,
        0.333,
        0,
        1,
        0.378,
        0,
        0.422,
        0.002,
        0.467,
        0.029,
        1,
        0.522,
        0.062,
        0.578,
        0.1,
        0.633,
        0.1,
        2,
        0.833,
        0.1,
        2,
        1.333,
        0.1,
        2,
        1.667,
        0.1,
        2,
        2,
        0.1,
        2,
        9.333,
        0.1
      ]
    },
    {
      "Target": "Parameter",
      "Id": "ParamBrowRY",
      "Segments": [
        0,
        0,
        0,
        0.1,
        0.1,
        1,
        0.178,
        0.1,
        0.255,
        0.072,
        0.333,
        -0.146,
        1,
        0.4,
        -0.333,
        0.466,
        -0.6,
        0.533,
        -0.6,
        1,
        0.633,
        -0.6,
        0.733,
        -0.485,
        0.833,
        -0.4,
        1,
        1,
        -0.259,
        1.166,
        -0.18,
        1.333,
        -0.052,
        1,
        1.444,
        0.033,
        1.556,
        0.1,
        1.667,
        0.1,
        2,
        2,
        0.1,
        2,
        9.333,
        0.1
      ]
    },
    {
      "Target": "Parameter",
      "Id": "ParamBrowLAngle",
      "Segments": [
        0,
        0,
        2,
        0.1,
        0,
        0,
        0.467,
        -0.8,
        2,
        0.833,
        -0.8,
        2,
        1.333,
        -0.8,
        2,
        1.667,
        -0.8,
        0,
        2,
        -0.798,
        0,
        2.533,
        -0.8,
        2,
        9.333,
        -0.8
      ]
    },
    {
      "Target": "Parameter",
      "Id": "ParamBrowRAngle",
      "Segments": [
        0,
        0,
        2,
        0.1,
        0,
        0,
        0.467,
        -1,
        2,
        0.833,
        -1,
        2,
        1.333,
        -1,
        2,
        1.667,
        -1,
        2,
        2,
        -1,
        2,
        9.333,
        -1
      ]
    },
    {
      "Target": "Parameter",
      "Id": "Mouth_Size",
      "Segments": [
        0,
        0.5,
        0,
        0.1,
        -5,
        1,
        0.156,
        -5,
        0.211,
        -4.963,
        0.267,
        -4,
        1,
        0.4,
        -1.688,
        0.534,
        0.3,
        0.667,
        0.3,
        2,
        0.833,
        0.3,
        2,
        1.333,
        0.3,
        2,
        1.667,
        0.3,
        2,
        9.333,
        0.3
      ]
    },
    {
      "Target": "Parameter",
      "Id": "Mouth_Open",
      "Segments": [
        0,
        0.5,
        2,
        0.1,
        0.5,
        0,
        0.267,
        0,
        2,
        0.4,
        0,
        1,
        0.489,
        0,
        0.578,
        0.544,
        0.667,
        0.584,
        1,
        0.722,
        0.61,
        0.778,
        0.6,
        0.833,
        0.6,
        2,
        1.333,
        0.6,
        2,
        1.667,
        0.6,
        2,
        9.333,
        0.6
      ]
    },
    {
      "Target": "Parameter",
      "Id": "ParamMouthForm",
      "Segments": [
        0,
        0,
        0,
        0.1,
        -1,
        0,
        0.267,
        -0.4,
        0,
        0.467,
        -0.5,
        1,
        0.478,
        -0.5,
        0.489,
        0.706,
        0.5,
        0.8,
        1,
        0.522,
        0.987,
        0.545,
        1,
        0.567,
        1,
        2,
        0.7,
        1,
        2,
        0.833,
        1,
        2,
        1.333,
        1,
        2,
        1.667,
        1,
        2,
        9.333,
        1
      ]
    },
    {
      "Target": "PartOpacity",
      "Id": "Part23",
      "Segments": [
        0,
        1,
        2,
        1.33,
        1,
        2,
        9.33,
        1
      ]
    },
    {
      "Target": "PartOpacity",
      "Id": "Part22",
      "Segments": [
        0,
        0,
        2,
        0.47,
        0,
        2,
        0.5,
        1,
        2,
        1.33,
        1,
        2,
        9.33,
        1
      ]
    },
    {
      "Target": "PartOpacity",
      "Id": "Part29",
      "Segments": [
        0,
        1,
        2,
        1.33,
        1,
        2,
        9.33,
        1
      ]
    },
    {
      "Target": "PartOpacity",
      "Id": "Part28",
      "Segments": [
        0,
        1,
        2,
        1.33,
        1,
        2,
        9.33,
        1
      ]
    },
    {
      "Target": "PartOpacity",
      "Id": "Part6",
      "Segments": [
        0,
        1,
        2,
        1.33,
        1,
        2,
        9.33,
        1
      ]
    },
    {
      "Target": "PartOpacity",
      "Id": "Part20",
      "Segments": [
        0,
        1,
        2,
        1.33,
        1,
        2,
        9.33,
        1
      ]
    },
    {
      "Target": "PartOpacity",
      "Id": "Part",
      "Segments": [
        0,
        1,
        2,
        1.33,
        1,
        2,
        9.33,
        1
      ]
    },
    {
      "Target": "PartOpacity",
      "Id": "Part9",
      "Segments": [
        0,
        1,
        2,
        1.33,
        1,
        2,
        9.33,
        1
      ]
    },
    {
      "Target": "PartOpacity",
      "Id": "Part2",
      "Segments": [
        0,
        1,
        2,
        1.33,
        1,
        2,
        9.33,
        1
      ]
    },
    {
      "Target": "PartOpacity",
      "Id": "Part8",
      "Segments": [
        0,
        1,
        2,
        1.33,
        1,
        2,
        9.33,
        1
      ]
    },
    {
      "Target": "PartOpacity",
      "Id": "Part3",
      "Segments": [
        0,
        1,
        2,
        1.33,
        1,
        2,
        9.33,
        1
      ]
    },
    {
      "Target": "PartOpacity",
      "Id": "Part10",
      "Segments": [
        0,
        0,
        2,
        1.23,
        0,
        2,
        1.33,
        0,
        2,
        9.33,
        0
      ]
    },
    {
      "Target": "PartOpacity",
      "Id": "Part21",
      "Segments": [
        0,
        1,
        2,
        1.33,
        1,
        2,
        9.33,
        1
      ]
    },
    {
      "Target": "PartOpacity",
      "Id": "Part11",
      "Segments": [
        0,
        1,
        2,
        1.33,
        1,
        2,
        9.33,
        1
      ]
    },
    {
      "Target": "PartOpacity",
      "Id": "Part13",
      "Segments": [
        0,
        1,
        2,
        1.33,
        1,
        2,
        9.33,
        1
      ]
    },
    {
      "Target": "PartOpacity",
      "Id": "Part12",
      "Segments": [
        0,
        1,
        2,
        1.33,
        1,
        2,
        9.33,
        1
      ]
    },
    {
      "Target": "PartOpacity",
      "Id": "Part17",
      "Segments": [
        0,
        1,
        2,
        0.5,
        1,
        2,
        1.33,
        1,
        2,
        9.33,
        1
      ]
    },
    {
      "Target": "PartOpacity",
      "Id": "Part14",
      "Segments": [
        0,
        1,
        2,
        0.5,
        1,
        2,
        1.33,
        1,
        2,
        9.33,
        1
      ]
    },
    {
      "Target": "PartOpacity",
      "Id": "Part16",
      "Segments": [
        0,
        1,
        2,
        0.5,
        1,
        2,
        1.33,
        1,
        2,
        9.33,
        1
      ]
    },
    {
      "Target": "PartOpacity",
      "Id": "Part5",
      "Segments": [
        0,
        1,
        2,
        1.33,
        1,
        2,
        9.33,
        1
      ]
    },
    {
      "Target": "PartOpacity",
      "Id": "PartSketch0",
      "Segments": [
        0,
        0,
        2,
        0.5,
        0,
        2,
        1.33,
        0,
        2,
        9.33,
        0
      ]
    },
    {
      "Target": "PartOpacity",
      "Id": "Part15",
      "Segments": [
        0,
        1,
        2,
        0.5,
        1,
        2,
        0.53,
        0,
        2,
        1.33,
        0,
        2,
        9.33,
        0
      ]
    },
    {
      "Target": "PartOpacity",
      "Id": "Part4",
      "Segments": [
        0,
        1,
        2,
        1.33,
        1,
        2,
        9.33,
        1
      ]
    },
    {
      "Target": "PartOpacity",
      "Id": "Part7",
      "Segments": [
        0,
        1,
        2,
        1.33,
        1,
        2,
        9.33,
        1
      ]
    },
    {
      "Target": "PartOpacity",
      "Id": "Part19",
      "Segments": [
        0,
        1,
        2,
        0.53,
        1,
        2,
        1.33,
        1,
        2,
        9.33,
        1
      ]
    },
    {
      "Target": "PartOpacity",
      "Id": "Part18",
      "Segments": [
        0,
        1,
        2,
        1.33,
        1,
        2,
        9.33,
        1
      ]
    },
    {
      "Target": "Parameter",
      "Id": "Param23",
      "Segments": [
        0,
        0,
        0,
        9.33,
        0
      ]
    },
    {
      "Target": "Parameter",
      "Id": "Param16",
      "Segments": [
        0,
        0,
        0,
        9.33,
        0
      ]
    },
    {
      "Target": "Parameter",
      "Id": "Param37",
      "Segments": [
        0,
        0,
        0,
        9.33,
        0
      ]
    },
    {
      "Target": "Parameter",
      "Id": "Param21",
      "Segments": [
        0,
        0,
        0,
        9.33,
        0
      ]
    },
    {
      "Target": "Parameter",
      "Id": "Param13",
      "Segments": [
        0,
        0,
        0,
        9.33,
        0
      ]
    },
    {
      "Target": "Parameter",
      "Id": "Param11",
      "Segments": [
        0,
        0,
        0,
        9.33,
        0
      ]
    },
    {
      "Target": "Parameter",
      "Id": "Param32",
      "Segments": [
        0,
        0,
        0,
        9.33,
        0
      ]
    },
    {
      "Target": "Parameter",
      "Id": "Param7",
      "Segments": [
        0,
        0,
        0,
        9.33,
        0
      ]
    },
    {
      "Target": "Parameter",
      "Id": "Param39",
      "Segments": [
        0,
        0,
        0,
        9.33,
        0
      ]
    },
    {
      "Target": "Parameter",
      "Id": "Param22",
      "Segments": [
        0,
        0,
        0,
        9.33,
        0
      ]
    },
    {
      "Target": "Parameter",
      "Id": "ParamEyeBallX",
      "Segments": [
        0,
        0,
        0,
        9.33,
        0
      ]
    },
    {
      "Target": "Parameter",
      "Id": "Param6",
      "Segments": [
        0,
        0,
        0,
        9.33,
        0
      ]
    },
    {
      "Target": "Parameter",
      "Id": "Param",
      "Segments": [
        0,
        0,
        0,
        9.33,
        0
      ]
    },
    {
      "Target": "Parameter",
      "Id": "Param4",
      "Segments": [
        0,
        0,
        0,
        9.33,
        0
      ]
    }
  ],
  "UserData": []
}