{
  "Version": 3,
  "Meta": {
    "Duration": 6.333,
    "Fps": 30.0,
    "Loop": true,
    "AreBeziersRestricted": true,
    "CurveCount": 87,
    "TotalSegmentCount": 148,
    "TotalPointCount": 226,
    "UserDataCount": 1,
    "TotalUserDataSize": 0
  },
  "Curves": [
    {
      "Target": "Parameter",
      "Id": "Breath",
      "Segments": [
        0,
        0,
        0,
        1.667,
        10,
        0,
        3.5,
        0,
        0,
        4.867,
        21,
        0,
        6.333,
        0
      ]
    },
    {
      "Target": "Parameter",
      "Id": "Body_Twist",
      "Segments": [
        0,
        -13,
        1,
        0.444,
        -24.678,
        0.889,
        -30,
        1.333,
        -30,
        1,
        1.889,
        -30,
        2.444,
        -6.92,
        3,
        6,
        1,
        3.656,
        21.467,
        4.311,
        19.021,
        4.967,
        10.68,
        1,
        5.422,
        5.967,
        5.878,
        -2.984,
        6.333,
        -13
      ]
    },
    {
      "Target": "Parameter",
      "Id": "Body_Shaking",
      "Segments": [
        0,
        17,
        1,
        0.589,
        19.308,
        1.178,
        20,
        1.767,
        20,
        0,
        3.6,
        12,
        0,
        5.033,
        20,
        0,
        6.333,
        17
      ]
    },
    {
      "Target": "Parameter",
      "Id": "Head_Roll",
      "Segments": [
        0,
        5,
        1,
        0.467,
        20.208,
        0.933,
        24.12,
        1.4,
        24.12,
        1,
        1.744,
        24.12,
        2.089,
        2.076,
        2.433,
        -4,
        1,
        2.9,
        -12.232,
        3.366,
        -19.087,
        3.833,
        -21.16,
        1,
        4.333,
        -23.381,
        4.833,
        -23.26,
        5.333,
        -23.26,
        1,
        5.666,
        -23.26,
        6,
        -9.942,
        6.333,
        5
      ]
    },
    {
      "Target": "Parameter",
      "Id": "Head_AngleX",
      "Segments": [
        0,
        3,
        0,
        1.367,
        -3,
        0,
        3.667,
        25,
        0,
        5.3,
        -1.56,
        0,
        6.333,
        3
      ]
    },
    {
      "Target": "Parameter",
      "Id": "Head_AngleY",
      "Segments": [
        0,
        12,
        1,
        0.456,
        12,
        0.911,
        10.862,
        1.367,
        4,
        1,
        2.134,
        -7.549,
        2.9,
        -17,
        3.667,
        -17,
        0,
        6.333,
        12
      ]
    },
    {
      "Target": "Parameter",
      "Id": "BrowLY",
      "Segments": [
        0,
        0.048,
        1,
        0.111,
        0.015,
        0.222,
        0,
        0.333,
        0,
        0,
        6.333,
        0.048
      ]
    },
    {
      "Target": "Parameter",
      "Id": "BrowRY",
      "Segments": [
        0,
        0.048,
        1,
        0.111,
        0.015,
        0.222,
        0,
        0.333,
        0,
        0,
        6.333,
        0.048
      ]
    },
    {
      "Target": "Parameter",
      "Id": "Mouth_Size",
      "Segments": [
        0,
        0.299,
        0,
        0.333,
        0.302,
        0,
        6.333,
        0.299
      ]
    },
    {
      "Target": "Parameter",
      "Id": "Mouth_Form",
      "Segments": [
        0,
        0.003,
        1,
        0.111,
        0.007,
        0.222,
        0.01,
        0.333,
        0.01,
        0,
        6.333,
        0.003
      ]
    },
    {
      "Target": "Parameter",
      "Id": "ShoulderR_Roll",
      "Segments": [
        0,
        3.132,
        1,
        0.5,
        3.339,
        1,
        3.532,
        1.5,
        3.532,
        1,
        2.189,
        3.532,
        2.878,
        3.417,
        3.567,
        3.396,
        1,
        4.056,
        3.381,
        4.544,
        3.388,
        5.033,
        3.375,
        1,
        5.466,
        3.364,
        5.9,
        3.132,
        6.333,
        3.132
      ]
    },
    {
      "Target": "Parameter",
      "Id": "ShoulderRY",
      "Segments": [
        0,
        5,
        0,
        1.433,
        12.78,
        0,
        3.5,
        7,
        0,
        4.967,
        8.674,
        0,
        6.333,
        5
      ]
    },
    {
      "Target": "Parameter",
      "Id": "ArmR_Roll",
      "Segments": [
        0,
        -22,
        1,
        0.5,
        -22,
        1,
        -21.874,
        1.5,
        -22.417,
        1,
        2.189,
        -23.165,
        2.878,
        -26.067,
        3.567,
        -26.067,
        1,
        4.056,
        -26.067,
        4.544,
        -25.972,
        5.033,
        -24.794,
        1,
        5.466,
        -23.75,
        5.9,
        -22,
        6.333,
        -22
      ]
    },
    {
      "Target": "Parameter",
      "Id": "ArmR_Scale",
      "Segments": [
        0,
        30,
        1,
        0.489,
        30,
        0.978,
        27.92,
        1.467,
        27.84,
        1,
        2.556,
        27.662,
        3.644,
        27.653,
        4.733,
        27.653,
        0,
        6.333,
        30
      ]
    },
    {
      "Target": "Parameter",
      "Id": "ShoulderL_Roll",
      "Segments": [
        0,
        -9.898,
        1,
        0.478,
        -9.124,
        0.955,
        -8.735,
        1.433,
        -8.735,
        1,
        2.133,
        -8.735,
        2.833,
        -9.257,
        3.533,
        -9.442,
        1,
        4.022,
        -9.572,
        4.511,
        -9.552,
        5,
        -9.65,
        1,
        5.444,
        -9.739,
        5.889,
        -9.898,
        6.333,
        -9.898
      ]
    },
    {
      "Target": "Parameter",
      "Id": "ShoulderLY",
      "Segments": [
        0,
        0,
        0,
        1.467,
        5,
        0,
        3.5,
        2,
        0,
        4.967,
        4.786,
        0,
        6.333,
        0
      ]
    },
    {
      "Target": "Parameter",
      "Id": "ArmL_Roll",
      "Segments": [
        0,
        11.928,
        1,
        0.5,
        11.594,
        1,
        11.28,
        1.5,
        11.28,
        1,
        2.189,
        11.28,
        2.878,
        11.552,
        3.567,
        11.555,
        1,
        4.056,
        11.557,
        4.544,
        11.556,
        5.033,
        11.558,
        1,
        5.466,
        11.56,
        5.9,
        11.928,
        6.333,
        11.928
      ]
    },
    {
      "Target": "Parameter",
      "Id": "HandR_Roll",
      "Segments": [
        0,
        -28,
        1,
        0.511,
        -26.733,
        1.022,
        -26.888,
        1.533,
        -24.82,
        1,
        2.222,
        -22.032,
        2.911,
        -10,
        3.6,
        -10,
        1,
        4.044,
        -10,
        4.489,
        -13.497,
        4.933,
        -20.556,
        1,
        5.244,
        -25.497,
        5.556,
        -28,
        5.867,
        -28,
        2,
        6.333,
        -28
      ]
    },
    {
      "Target": "Parameter",
      "Id": "HandL_Roll",
      "Segments": [
        0,
        -8,
        0,
        1.533,
        -7.04,
        0,
        3.6,
        -8,
        0,
        5.067,
        -7.76,
        0,
        6.333,
        -8
      ]
    },
    {
      "Target": "Parameter",
      "Id": "HairFront_Shaking",
      "Segments": [
        0,
        -0.14,
        0,
        1.433,
        -1,
        0,
        3.067,
        0.8,
        1,
        3.278,
        0.8,
        3.489,
        0.566,
        3.7,
        0.192,
        1,
        3.9,
        -0.163,
        4.1,
        -0.3,
        4.3,
        -0.3,
        0,
        5.667,
        0.308,
        0,
        6.333,
        -0.14
      ]
    },
    {
      "Target": "Parameter",
      "Id": "HairBack_Shaking",
      "Segments": [
        0,
        23,
        0,
        1.133,
        -20,
        0,
        2.933,
        9,
        0,
        4.5,
        -9,
        0,
        6.333,
        23
      ]
    },
    {
      "Target": "Parameter",
      "Id": "Pants_Roll",
      "Segments": [
        0,
        30,
        0,
        3.267,
        19,
        0,
        6.333,
        30
      ]
    },
    {
      "Target": "Parameter",
      "Id": "LegR_Roll",
      "Segments": [
        0,
        0,
        0,
        3.267,
        14,
        0,
        6.333,
        0
      ]
    },
    {
      "Target": "Parameter",
      "Id": "LegL_Roll",
      "Segments": [
        0,
        23,
        0,
        3.267,
        19,
        0,
        6.333,
        23
      ]
    },
    {
      "Target": "PartOpacity",
      "Id": "Part18",
      "Segments": [
        0,
        1,
        2,
        6.33,
        1
      ]
    },
    {
      "Target": "PartOpacity",
      "Id": "Part6",
      "Segments": [
        0,
        1,
        2,
        6.33,
        1
      ]
    },
    {
      "Target": "PartOpacity",
      "Id": "Part20",
      "Segments": [
        0,
        1,
        2,
        6.33,
        1
      ]
    },
    {
      "Target": "PartOpacity",
      "Id": "Part",
      "Segments": [
        0,
        1,
        2,
        6.33,
        1
      ]
    },
    {
      "Target": "PartOpacity",
      "Id": "Part9",
      "Segments": [
        0,
        1,
        2,
        6.33,
        1
      ]
    },
    {
      "Target": "PartOpacity",
      "Id": "Part2",
      "Segments": [
        0,
        1,
        2,
        6.33,
        1
      ]
    },
    {
      "Target": "PartOpacity",
      "Id": "Part8",
      "Segments": [
        0,
        1,
        2,
        6.33,
        1
      ]
    },
    {
      "Target": "PartOpacity",
      "Id": "Part3",
      "Segments": [
        0,
        1,
        2,
        6.33,
        1
      ]
    },
    {
      "Target": "PartOpacity",
      "Id": "Part10",
      "Segments": [
        0,
        0,
        2,
        6.33,
        0
      ]
    },
    {
      "Target": "PartOpacity",
      "Id": "Part21",
      "Segments": [
        0,
        1,
        2,
        6.33,
        1
      ]
    },
    {
      "Target": "PartOpacity",
      "Id": "Part11",
      "Segments": [
        0,
        1,
        2,
        6.33,
        1
      ]
    },
    {
      "Target": "PartOpacity",
      "Id": "Part7",
      "Segments": [
        0,
        1,
        2,
        6.33,
        1
      ]
    },
    {
      "Target": "PartOpacity",
      "Id": "Part29",
      "Segments": [
        0,
        1,
        2,
        6.33,
        1
      ]
    },
    {
      "Target": "PartOpacity",
      "Id": "Part12",
      "Segments": [
        0,
        1,
        2,
        6.33,
        1
      ]
    },
    {
      "Target": "PartOpacity",
      "Id": "Part14",
      "Segments": [
        0,
        1,
        2,
        6.33,
        1
      ]
    },
    {
      "Target": "PartOpacity",
      "Id": "Part15",
      "Segments": [
        0,
        1,
        2,
        6.33,
        1
      ]
    },
    {
      "Target": "PartOpacity",
      "Id": "Part23",
      "Segments": [
        0,
        1,
        2,
        6.33,
        1
      ]
    },
    {
      "Target": "PartOpacity",
      "Id": "Part22",
      "Segments": [
        0,
        0,
        2,
        6.33,
        0
      ]
    },
    {
      "Target": "PartOpacity",
      "Id": "Part4",
      "Segments": [
        0,
        1,
        2,
        6.33,
        1
      ]
    },
    {
      "Target": "PartOpacity",
      "Id": "Part27",
      "Segments": [
        0,
        1,
        2,
        6.33,
        1
      ]
    },
    {
      "Target": "PartOpacity",
      "Id": "Part24",
      "Segments": [
        0,
        0,
        2,
        6.33,
        0
      ]
    },
    {
      "Target": "PartOpacity",
      "Id": "Part25",
      "Segments": [
        0,
        0,
        2,
        6.33,
        0
      ]
    },
    {
      "Target": "PartOpacity",
      "Id": "Part26",
      "Segments": [
        0,
        0,
        2,
        6.33,
        0
      ]
    },
    {
      "Target": "PartOpacity",
      "Id": "Part32",
      "Segments": [
        0,
        0,
        2,
        6.33,
        0
      ]
    },
    {
      "Target": "PartOpacity",
      "Id": "Part28",
      "Segments": [
        0,
        1,
        2,
        6.33,
        1
      ]
    },
    {
      "Target": "PartOpacity",
      "Id": "Part17",
      "Segments": [
        0,
        1,
        2,
        6.33,
        1
      ]
    },
    {
      "Target": "PartOpacity",
      "Id": "Part16",
      "Segments": [
        0,
        1,
        2,
        6.33,
        1
      ]
    },
    {
      "Target": "PartOpacity",
      "Id": "Part30",
      "Segments": [
        0,
        1,
        2,
        6.33,
        1
      ]
    },
    {
      "Target": "PartOpacity",
      "Id": "Part31",
      "Segments": [
        0,
        1,
        2,
        6.33,
        1
      ]
    },
    {
      "Target": "PartOpacity",
      "Id": "Part5",
      "Segments": [
        0,
        0,
        2,
        6.33,
        0
      ]
    },
    {
      "Target": "PartOpacity",
      "Id": "PartSketch0",
      "Segments": [
        0,
        0,
        2,
        6.33,
        0
      ]
    },
    {
      "Target": "PartOpacity",
      "Id": "Part13",
      "Segments": [
        0,
        1,
        2,
        6.33,
        1
      ]
    },
    {
      "Target": "PartOpacity",
      "Id": "Part19",
      "Segments": [
        0,
        1,
        2,
        6.33,
        1
      ]
    },
    {
      "Target": "Model",
      "Id": "Opacity",
      "Segments": [
        0,
        1,
        0,
        6.333,
        1
      ]
    },
    {
      "Target": "Parameter",
      "Id": "Shirt_Shaking",
      "Segments": [
        0,
        0,
        0,
        6.333,
        0
      ]
    },
    {
      "Target": "Parameter",
      "Id": "Jacket_Shaking",
      "Segments": [
        0,
        0,
        0,
        6.333,
        0
      ]
    },
    {
      "Target": "Parameter",
      "Id": "Pose_Form",
      "Segments": [
        0,
        0,
        0,
        6.333,
        0
      ]
    },
    {
      "Target": "Parameter",
      "Id": "Jacket_Position",
      "Segments": [
        0,
        0,
        0,
        6.333,
        0
      ]
    },
    {
      "Target": "Parameter",
      "Id": "BodyX",
      "Segments": [
        0,
        -25,
        0,
        6.333,
        -25
      ]
    },
    {
      "Target": "Parameter",
      "Id": "Belt_Shaking",
      "Segments": [
        0,
        0,
        0,
        6.333,
        0
      ]
    },
    {
      "Target": "Parameter",
      "Id": "EyeBallX",
      "Segments": [
        0,
        0,
        0,
        6.333,
        0
      ]
    },
    {
      "Target": "Parameter",
      "Id": "EyeBallY",
      "Segments": [
        0,
        0,
        0,
        6.333,
        0
      ]
    },
    {
      "Target": "Parameter",
      "Id": "EyeL_Open",
      "Segments": [
        0,
        1,
        0,
        6.333,
        1
      ]
    },
    {
      "Target": "Parameter",
      "Id": "EyeL_Smile",
      "Segments": [
        0,
        0.4,
        0,
        6.333,
        0.4
      ]
    },
    {
      "Target": "Parameter",
      "Id": "EyeR_Open",
      "Segments": [
        0,
        1,
        0,
        6.333,
        1
      ]
    },
    {
      "Target": "Parameter",
      "Id": "EyeR_Smile",
      "Segments": [
        0,
        0.3,
        0,
        6.333,
        0.3
      ]
    },
    {
      "Target": "Parameter",
      "Id": "EyeBall_Size",
      "Segments": [
        0,
        0,
        0,
        6.333,
        0
      ]
    },
    {
      "Target": "Parameter",
      "Id": "EyeL_Form",
      "Segments": [
        0,
        1,
        0,
        6.333,
        1
      ]
    },
    {
      "Target": "Parameter",
      "Id": "EyeR_Form",
      "Segments": [
        0,
        1,
        0,
        6.333,
        1
      ]
    },
    {
      "Target": "Parameter",
      "Id": "BrowL_Form",
      "Segments": [
        0,
        -1,
        0,
        6.333,
        -1
      ]
    },
    {
      "Target": "Parameter",
      "Id": "BrowR_Form",
      "Segments": [
        0,
        -1,
        0,
        6.333,
        -1
      ]
    },
    {
      "Target": "Parameter",
      "Id": "BrowL_Form2",
      "Segments": [
        0,
        0,
        0,
        6.333,
        0
      ]
    },
    {
      "Target": "Parameter",
      "Id": "BrowR_Form2",
      "Segments": [
        0,
        0,
        0,
        6.333,
        0
      ]
    },
    {
      "Target": "Parameter",
      "Id": "BrowL_Angle",
      "Segments": [
        0,
        0.3,
        0,
        6.333,
        0.3
      ]
    },
    {
      "Target": "Parameter",
      "Id": "BrowR_Angle",
      "Segments": [
        0,
        0.1,
        0,
        6.333,
        0.1
      ]
    },
    {
      "Target": "Parameter",
      "Id": "Mouth_Open",
      "Segments": [
        0,
        1,
        0,
        6.333,
        1
      ]
    },
    {
      "Target": "Parameter",
      "Id": "ShoulderY",
      "Segments": [
        0,
        23,
        0,
        6.333,
        23
      ]
    },
    {
      "Target": "Parameter",
      "Id": "ShoulderR_Scale",
      "Segments": [
        0,
        6,
        0,
        6.333,
        6
      ]
    },
    {
      "Target": "Parameter",
      "Id": "ShoulderL_Scale",
      "Segments": [
        0,
        2,
        0,
        6.333,
        2
      ]
    },
    {
      "Target": "Parameter",
      "Id": "ArmL_Scale",
      "Segments": [
        0,
        25,
        0,
        6.333,
        25
      ]
    },
    {
      "Target": "Parameter",
      "Id": "HandR_move",
      "Segments": [
        0,
        0,
        0,
        6.333,
        0
      ]
    },
    {
      "Target": "Parameter",
      "Id": "Param2",
      "Segments": [
        0,
        -25,
        0,
        6.333,
        -25
      ]
    },
    {
      "Target": "Parameter",
      "Id": "Param",
      "Segments": [
        0,
        1,
        0,
        6.333,
        1
      ]
    }
  ],
  "UserData": [
    {
      "Time": 0.0,
      "Value": ""
    }
  ]
}