{
  "Version": 3,
  "Meta": {
    "Duration": 1.67,
    "Fps": 30.0,
    "Loop": true,
    "AreBeziersRestricted": true,
    "CurveCount": 83,
    "TotalSegmentCount": 235,
    "TotalPointCount": 359,
    "UserDataCount": 1,
    "TotalUserDataSize": 0
  },
  "Curves": [
    {
      "Target": "Parameter",
      "Id": "Breath",
      "Segments": [
        0,
        26,
        0,
        1.133,
        0,
        2,
        1.333,
        0,
        2,
        1.667,
        0
      ]
    },
    {
      "Target": "Parameter",
      "Id": "Shirt_Shaking",
      "Segments": [
        0,
        0,
        1,
        0.378,
        0,
        0.755,
        4.623,
        1.133,
        14,
        1,
        1.2,
        15.655,
        1.266,
        17.602,
        1.333,
        19.1,
        1,
        1.444,
        21.596,
        1.556,
        24.171,
        1.667,
        26.1
      ]
    },
    {
      "Target": "Parameter",
      "Id": "Jacket_Shaking",
      "Segments": [
        0,
        0,
        0,
        0.3,
        1,
        0,
        0.833,
        -13,
        1,
        0.933,
        -13,
        1.033,
        0.968,
        1.133,
        4.78,
        1,
        1.2,
        7.322,
        1.266,
        8.142,
        1.333,
        9,
        1,
        1.444,
        10.43,
        1.556,
        12.5,
        1.667,
        12.5
      ]
    },
    {
      "Target": "Parameter",
      "Id": "Pose_Form",
      "Segments": [
        0,
        0,
        2,
        0.133,
        0,
        2,
        0.333,
        0,
        1,
        0.6,
        0,
        0.866,
        -16.599,
        1.133,
        -22,
        1,
        1.2,
        -23.35,
        1.266,
        -22.945,
        1.333,
        -23.3,
        1,
        1.444,
        -23.891,
        1.556,
        -24.409,
        1.667,
        -24.9
      ]
    },
    {
      "Target": "Parameter",
      "Id": "Body_Twist",
      "Segments": [
        0,
        0,
        2,
        0.3,
        0,
        0,
        0.8,
        -14,
        0,
        1.133,
        0,
        2,
        1.333,
        0,
        2,
        1.667,
        0
      ]
    },
    {
      "Target": "Parameter",
      "Id": "Body_Shaking",
      "Segments": [
        0,
        0,
        0,
        0.133,
        5,
        2,
        0.3,
        5,
        0,
        0.533,
        -26,
        1,
        0.733,
        -26,
        0.933,
        12.198,
        1.133,
        19,
        1,
        1.2,
        21.267,
        1.266,
        21.5,
        1.333,
        21.5,
        0,
        1.667,
        25.1
      ]
    },
    {
      "Target": "Parameter",
      "Id": "Belt_Shaking",
      "Segments": [
        0,
        0,
        0,
        0.367,
        -6,
        0,
        0.9,
        2,
        0,
        1.333,
        -11,
        0,
        1.667,
        -6
      ]
    },
    {
      "Target": "Parameter",
      "Id": "Head_Roll",
      "Segments": [
        0,
        0,
        1,
        0.244,
        0,
        0.489,
        -22.263,
        0.733,
        -27.8,
        1,
        0.866,
        -30.82,
        1,
        -30,
        1.133,
        -30,
        1,
        1.2,
        -30,
        1.266,
        -29.723,
        1.333,
        -27.8,
        1,
        1.444,
        -24.596,
        1.556,
        -19.928,
        1.667,
        -15.8
      ]
    },
    {
      "Target": "Parameter",
      "Id": "Head_AngleX",
      "Segments": [
        0,
        0,
        1,
        0.178,
        0,
        0.355,
        10.244,
        0.533,
        20,
        1,
        0.689,
        28.536,
        0.844,
        30,
        1,
        30,
        1,
        1.044,
        30,
        1.089,
        30.023,
        1.133,
        29,
        1,
        1.2,
        27.465,
        1.266,
        23.861,
        1.333,
        21.4,
        1,
        1.444,
        17.298,
        1.556,
        12.875,
        1.667,
        9.3
      ]
    },
    {
      "Target": "Parameter",
      "Id": "Head_AngleY",
      "Segments": [
        0,
        0,
        1,
        0.178,
        0,
        0.355,
        0.158,
        0.533,
        -1,
        1,
        0.689,
        -2.013,
        0.844,
        -19,
        1,
        -19,
        2,
        1.133,
        -19,
        2,
        1.333,
        -19,
        2,
        1.667,
        -19
      ]
    },
    {
      "Target": "Parameter",
      "Id": "EyeL_Open",
      "Segments": [
        0,
        1,
        2,
        0.033,
        1,
        1,
        0.089,
        1,
        0.144,
        0.849,
        0.2,
        0.828,
        1,
        0.222,
        0.819,
        0.245,
        0.821,
        0.267,
        0.82,
        1,
        0.456,
        0.806,
        0.644,
        0.8,
        0.833,
        0.8,
        2,
        1.3,
        0.8,
        2,
        1.667,
        0.8
      ]
    },
    {
      "Target": "Parameter",
      "Id": "EyeL_Smile",
      "Segments": [
        0,
        0,
        0,
        0.033,
        1,
        1,
        0.111,
        1,
        0.189,
        -0.852,
        0.267,
        -0.893,
        1,
        0.456,
        -0.993,
        0.644,
        -1,
        0.833,
        -1,
        2,
        1.3,
        -1,
        2,
        1.667,
        -1
      ]
    },
    {
      "Target": "Parameter",
      "Id": "EyeR_Open",
      "Segments": [
        0,
        1,
        2,
        0.033,
        1,
        1,
        0.089,
        1,
        0.144,
        0.443,
        0.2,
        0.1,
        1,
        0.222,
        -0.037,
        0.245,
        0,
        0.267,
        0,
        2,
        0.833,
        0,
        2,
        1.3,
        0,
        2,
        1.667,
        0
      ]
    },
    {
      "Target": "Parameter",
      "Id": "EyeR_Smile",
      "Segments": [
        0,
        0,
        0,
        0.033,
        1,
        1,
        0.089,
        1,
        0.144,
        -0.444,
        0.2,
        -0.801,
        1,
        0.222,
        -0.944,
        0.245,
        -0.957,
        0.267,
        -0.961,
        1,
        0.456,
        -0.99,
        0.644,
        -1,
        0.833,
        -1,
        2,
        1.3,
        -1,
        2,
        1.667,
        -1
      ]
    },
    {
      "Target": "Parameter",
      "Id": "EyeL_Form",
      "Segments": [
        0,
        0,
        2,
        0.033,
        0,
        1,
        0.111,
        0,
        0.189,
        0.453,
        0.267,
        0.466,
        1,
        0.456,
        0.498,
        0.644,
        0.5,
        0.833,
        0.5,
        2,
        1.3,
        0.5,
        2,
        1.667,
        0.5
      ]
    },
    {
      "Target": "Parameter",
      "Id": "BrowL_Form",
      "Segments": [
        0,
        0,
        1,
        0.1,
        0,
        0.2,
        -0.923,
        0.3,
        -0.951,
        1,
        0.478,
        -1.001,
        0.655,
        -1,
        0.833,
        -1,
        2,
        1.3,
        -1,
        2,
        1.667,
        -1
      ]
    },
    {
      "Target": "Parameter",
      "Id": "BrowR_Form",
      "Segments": [
        0,
        0,
        1,
        0.1,
        0,
        0.2,
        -0.83,
        0.3,
        -0.891,
        1,
        0.478,
        -1,
        0.655,
        -1,
        0.833,
        -1,
        2,
        1.3,
        -1,
        2,
        1.667,
        -1
      ]
    },
    {
      "Target": "Parameter",
      "Id": "BrowLY",
      "Segments": [
        0,
        0,
        1,
        0.1,
        0,
        0.2,
        -0.088,
        0.3,
        -0.092,
        1,
        0.478,
        -0.1,
        0.655,
        -0.1,
        0.833,
        -0.1,
        2,
        1.3,
        -0.1,
        2,
        1.667,
        -0.1
      ]
    },
    {
      "Target": "Parameter",
      "Id": "BrowRY",
      "Segments": [
        0,
        0,
        1,
        0.1,
        0,
        0.2,
        -0.261,
        0.3,
        -0.275,
        1,
        0.478,
        -0.3,
        0.655,
        -0.3,
        0.833,
        -0.3,
        2,
        1.3,
        -0.3,
        2,
        1.667,
        -0.3
      ]
    },
    {
      "Target": "Parameter",
      "Id": "BrowL_Angle",
      "Segments": [
        0,
        0,
        1,
        0.1,
        0,
        0.2,
        0.262,
        0.3,
        0.276,
        1,
        0.478,
        0.3,
        0.655,
        0.3,
        0.833,
        0.3,
        2,
        1.3,
        0.3,
        2,
        1.667,
        0.3
      ]
    },
    {
      "Target": "Parameter",
      "Id": "Mouth_Size",
      "Segments": [
        0,
        0.5,
        0,
        0.333,
        0.3,
        2,
        0.833,
        0.3,
        2,
        1.667,
        0.3
      ]
    },
    {
      "Target": "Parameter",
      "Id": "Mouth_Open",
      "Segments": [
        0,
        0.5,
        0,
        0.333,
        1,
        2,
        0.833,
        1,
        2,
        1.667,
        1
      ]
    },
    {
      "Target": "Parameter",
      "Id": "Mouth_Form",
      "Segments": [
        0,
        0,
        1,
        0.111,
        0,
        0.222,
        -0.959,
        0.333,
        -0.966,
        1,
        0.778,
        -0.994,
        1.222,
        -1,
        1.667,
        -1
      ]
    },
    {
      "Target": "Parameter",
      "Id": "ShoulderY",
      "Segments": [
        0,
        0,
        2,
        0.3,
        0,
        2,
        0.433,
        0,
        0,
        0.667,
        30,
        1,
        0.822,
        30,
        0.978,
        3.833,
        1.133,
        0,
        1,
        1.2,
        -1.643,
        1.266,
        -1,
        1.333,
        -1,
        2,
        1.567,
        -1,
        2,
        1.667,
        -1
      ]
    },
    {
      "Target": "Parameter",
      "Id": "ShoulderR_Roll",
      "Segments": [
        0,
        0,
        2,
        0.267,
        0,
        1,
        0.456,
        1.081,
        0.644,
        8.941,
        0.833,
        14.639,
        1,
        0.933,
        18.507,
        1.033,
        18.52,
        1.133,
        18.52,
        0,
        1.333,
        18.5,
        2,
        1.667,
        18.5
      ]
    },
    {
      "Target": "Parameter",
      "Id": "ShoulderR_Scale",
      "Segments": [
        0,
        0,
        0,
        1.133,
        30,
        2,
        1.333,
        30,
        2,
        1.667,
        30
      ]
    },
    {
      "Target": "Parameter",
      "Id": "ArmR_Roll",
      "Segments": [
        0,
        0,
        2,
        0.267,
        0,
        1,
        0.389,
        0,
        0.511,
        27.59,
        0.633,
        28,
        1,
        0.8,
        28.559,
        0.966,
        28.5,
        1.133,
        28.5,
        0,
        1.667,
        28
      ]
    },
    {
      "Target": "Parameter",
      "Id": "ShoulderL_Roll",
      "Segments": [
        0,
        0,
        1,
        0.133,
        0,
        0.267,
        0.361,
        0.4,
        1,
        1,
        0.544,
        1.692,
        0.689,
        2.566,
        0.833,
        3,
        1,
        0.933,
        3.301,
        1.033,
        3.3,
        1.133,
        3.3,
        1,
        1.2,
        3.3,
        1.266,
        2.412,
        1.333,
        2,
        1,
        1.411,
        1.519,
        1.489,
        1.295,
        1.567,
        1,
        1,
        1.6,
        0.873,
        1.634,
        0.776,
        1.667,
        0.7
      ]
    },
    {
      "Target": "Parameter",
      "Id": "ArmL_Roll",
      "Segments": [
        0,
        0,
        2,
        0.6,
        0,
        0,
        1.133,
        1.921,
        0,
        1.333,
        1.9,
        1,
        1.444,
        1.922,
        1.556,
        2,
        1.667,
        2
      ]
    },
    {
      "Target": "Parameter",
      "Id": "HandR_Roll",
      "Segments": [
        0,
        -10,
        0,
        1.133,
        0,
        2,
        1.333,
        0,
        2,
        1.667,
        0
      ]
    },
    {
      "Target": "Parameter",
      "Id": "HairFront_Shaking",
      "Segments": [
        0,
        0,
        0,
        0.3,
        -0.7,
        0,
        0.7,
        1,
        0,
        1.1,
        -1,
        0,
        1.4,
        0.2,
        0,
        1.667,
        0
      ]
    },
    {
      "Target": "Parameter",
      "Id": "HairBack_Shaking",
      "Segments": [
        0,
        0,
        2,
        0.4,
        0,
        2,
        0.8,
        0,
        0,
        1.1,
        30,
        1,
        1.133,
        30,
        1.167,
        30.201,
        1.2,
        28.9,
        1,
        1.267,
        26.299,
        1.333,
        19.462,
        1.4,
        14.4,
        1,
        1.489,
        7.651,
        1.578,
        -3.9,
        1.667,
        -6.6
      ]
    },
    {
      "Target": "Parameter",
      "Id": "LegL_Roll",
      "Segments": [
        0,
        0,
        0,
        1.133,
        30,
        2,
        1.667,
        30
      ]
    },
    {
      "Target": "PartOpacity",
      "Id": "Part6",
      "Segments": [
        0,
        1,
        2,
        1.33,
        1,
        2,
        1.67,
        1
      ]
    },
    {
      "Target": "PartOpacity",
      "Id": "Part20",
      "Segments": [
        0,
        1,
        2,
        1.33,
        1,
        2,
        1.67,
        1
      ]
    },
    {
      "Target": "PartOpacity",
      "Id": "Part",
      "Segments": [
        0,
        1,
        2,
        1.33,
        1,
        2,
        1.67,
        1
      ]
    },
    {
      "Target": "PartOpacity",
      "Id": "Part9",
      "Segments": [
        0,
        1,
        2,
        1.33,
        1,
        2,
        1.67,
        1
      ]
    },
    {
      "Target": "PartOpacity",
      "Id": "Part2",
      "Segments": [
        0,
        1,
        2,
        1.33,
        1,
        2,
        1.67,
        1
      ]
    },
    {
      "Target": "PartOpacity",
      "Id": "Part8",
      "Segments": [
        0,
        1,
        2,
        1.33,
        1,
        2,
        1.67,
        1
      ]
    },
    {
      "Target": "PartOpacity",
      "Id": "Part3",
      "Segments": [
        0,
        1,
        2,
        1.33,
        1,
        2,
        1.67,
        1
      ]
    },
    {
      "Target": "PartOpacity",
      "Id": "Part10",
      "Segments": [
        0,
        0,
        2,
        1.23,
        0,
        2,
        1.33,
        0,
        2,
        1.67,
        0
      ]
    },
    {
      "Target": "PartOpacity",
      "Id": "Part21",
      "Segments": [
        0,
        1,
        2,
        1.33,
        1,
        2,
        1.67,
        1
      ]
    },
    {
      "Target": "PartOpacity",
      "Id": "Part11",
      "Segments": [
        0,
        1,
        2,
        1.33,
        1,
        2,
        1.67,
        1
      ]
    },
    {
      "Target": "PartOpacity",
      "Id": "Part7",
      "Segments": [
        0,
        1,
        2,
        1.33,
        1,
        2,
        1.67,
        1
      ]
    },
    {
      "Target": "PartOpacity",
      "Id": "Part29",
      "Segments": [
        0,
        1,
        2,
        1.33,
        1,
        2,
        1.67,
        1
      ]
    },
    {
      "Target": "PartOpacity",
      "Id": "Part12",
      "Segments": [
        0,
        1,
        2,
        1.33,
        1,
        2,
        1.67,
        1
      ]
    },
    {
      "Target": "PartOpacity",
      "Id": "Part14",
      "Segments": [
        0,
        1,
        2,
        0.5,
        1,
        2,
        1.33,
        1,
        2,
        1.67,
        1
      ]
    },
    {
      "Target": "PartOpacity",
      "Id": "Part15",
      "Segments": [
        0,
        1,
        2,
        1.33,
        1,
        2,
        1.67,
        1
      ]
    },
    {
      "Target": "PartOpacity",
      "Id": "Part23",
      "Segments": [
        0,
        1,
        2,
        0.47,
        1,
        2,
        0.5,
        0,
        2,
        1.67,
        0
      ]
    },
    {
      "Target": "PartOpacity",
      "Id": "Part22",
      "Segments": [
        0,
        0,
        2,
        0.47,
        0,
        2,
        0.5,
        1,
        2,
        1.67,
        1
      ]
    },
    {
      "Target": "PartOpacity",
      "Id": "Part4",
      "Segments": [
        0,
        1,
        2,
        1.33,
        1,
        2,
        1.67,
        1
      ]
    },
    {
      "Target": "PartOpacity",
      "Id": "Part27",
      "Segments": [
        0,
        0,
        2,
        1.33,
        0,
        2,
        1.67,
        0
      ]
    },
    {
      "Target": "PartOpacity",
      "Id": "Part24",
      "Segments": [
        0,
        0,
        2,
        1.33,
        0,
        2,
        1.67,
        0
      ]
    },
    {
      "Target": "PartOpacity",
      "Id": "Part25",
      "Segments": [
        0,
        0,
        2,
        1.33,
        0,
        2,
        1.67,
        0
      ]
    },
    {
      "Target": "PartOpacity",
      "Id": "Part32",
      "Segments": [
        0,
        0,
        2,
        0.47,
        0,
        2,
        0.5,
        1,
        2,
        1.33,
        1,
        2,
        1.67,
        1
      ]
    },
    {
      "Target": "PartOpacity",
      "Id": "Part17",
      "Segments": [
        0,
        1,
        2,
        0.5,
        1,
        2,
        1.33,
        1,
        2,
        1.67,
        1
      ]
    },
    {
      "Target": "PartOpacity",
      "Id": "Part16",
      "Segments": [
        0,
        1,
        2,
        0.5,
        1,
        2,
        1.33,
        1,
        2,
        1.67,
        1
      ]
    },
    {
      "Target": "PartOpacity",
      "Id": "Part5",
      "Segments": [
        0,
        1,
        2,
        1.33,
        1,
        2,
        1.67,
        1
      ]
    },
    {
      "Target": "PartOpacity",
      "Id": "PartSketch0",
      "Segments": [
        0,
        0,
        2,
        0.5,
        0,
        2,
        1.33,
        0,
        2,
        1.67,
        0
      ]
    },
    {
      "Target": "PartOpacity",
      "Id": "Part13",
      "Segments": [
        0,
        1,
        2,
        1.33,
        1,
        2,
        1.67,
        1
      ]
    },
    {
      "Target": "PartOpacity",
      "Id": "Part19",
      "Segments": [
        0,
        1,
        2,
        0.53,
        1,
        2,
        1.33,
        1,
        2,
        1.67,
        1
      ]
    },
    {
      "Target": "Model",
      "Id": "Opacity",
      "Segments": [
        0,
        1,
        0,
        1.67,
        1
      ]
    },
    {
      "Target": "Parameter",
      "Id": "Jacket_Position",
      "Segments": [
        0,
        0,
        0,
        1.67,
        0
      ]
    },
    {
      "Target": "Parameter",
      "Id": "BodyX",
      "Segments": [
        0,
        0,
        0,
        1.67,
        0
      ]
    },
    {
      "Target": "Parameter",
      "Id": "EyeBallX",
      "Segments": [
        0,
        0,
        0,
        1.67,
        0
      ]
    },
    {
      "Target": "Parameter",
      "Id": "EyeBallY",
      "Segments": [
        0,
        0,
        0,
        1.67,
        0
      ]
    },
    {
      "Target": "Parameter",
      "Id": "EyeBall_Size",
      "Segments": [
        0,
        0,
        0,
        1.67,
        0
      ]
    },
    {
      "Target": "Parameter",
      "Id": "EyeR_Form",
      "Segments": [
        0,
        0,
        0,
        1.67,
        0
      ]
    },
    {
      "Target": "Parameter",
      "Id": "BrowL_Form2",
      "Segments": [
        0,
        0,
        0,
        1.67,
        0
      ]
    },
    {
      "Target": "Parameter",
      "Id": "BrowR_Form2",
      "Segments": [
        0,
        0,
        0,
        1.67,
        0
      ]
    },
    {
      "Target": "Parameter",
      "Id": "BrowR_Angle",
      "Segments": [
        0,
        0,
        0,
        1.67,
        0
      ]
    },
    {
      "Target": "Parameter",
      "Id": "ShoulderRY",
      "Segments": [
        0,
        0,
        0,
        1.67,
        0
      ]
    },
    {
      "Target": "Parameter",
      "Id": "ArmR_Scale",
      "Segments": [
        0,
        0,
        0,
        1.67,
        0
      ]
    },
    {
      "Target": "Parameter",
      "Id": "ShoulderLY",
      "Segments": [
        0,
        0,
        0,
        1.67,
        0
      ]
    },
    {
      "Target": "Parameter",
      "Id": "ShoulderL_Scale",
      "Segments": [
        0,
        0,
        0,
        1.67,
        0
      ]
    },
    {
      "Target": "Parameter",
      "Id": "ArmL_Scale",
      "Segments": [
        0,
        0,
        0,
        1.67,
        0
      ]
    },
    {
      "Target": "Parameter",
      "Id": "HandR_move",
      "Segments": [
        0,
        0,
        0,
        1.67,
        0
      ]
    },
    {
      "Target": "Parameter",
      "Id": "HandL_Roll",
      "Segments": [
        0,
        0,
        0,
        1.67,
        0
      ]
    },
    {
      "Target": "Parameter",
      "Id": "Pants_Roll",
      "Segments": [
        0,
        0,
        0,
        1.67,
        0
      ]
    },
    {
      "Target": "Parameter",
      "Id": "LegR_Roll",
      "Segments": [
        0,
        0,
        0,
        1.67,
        0
      ]
    },
    {
      "Target": "PartOpacity",
      "Id": "Part26",
      "Segments": [
        0,
        1,
        0,
        1.67,
        1
      ]
    },
    {
      "Target": "PartOpacity",
      "Id": "Part30",
      "Segments": [
        0,
        1,
        0,
        1.67,
        1
      ]
    },
    {
      "Target": "PartOpacity",
      "Id": "Part31",
      "Segments": [
        0,
        0,
        0,
        1.67,
        0
      ]
    }
  ],
  "UserData": [
    {
      "Time": 0.0,
      "Value": ""
    }
  ]
}