{
  "Version": 3,
  "Meta": {
    "Duration": 7.67,
    "Fps": 30.0,
    "Loop": true,
    "AreBeziersRestricted": true,
    "CurveCount": 82,
    "TotalSegmentCount": 160,
    "TotalPointCount": 216,
    "UserDataCount": 1,
    "TotalUserDataSize": 0
  },
  "Curves": [
    {
      "Target": "Parameter",
      "Id": "Shirt_Shaking",
      "Segments": [
        0,
        26.1,
        1,
        0.167,
        28.993,
        0.333,
        30,
        0.5,
        30,
        1,
        0.867,
        30,
        1.233,
        28.653,
        1.6,
        22,
        1,
        1.844,
        17.565,
        2.089,
        11,
        2.333,
        11,
        1,
        2.7,
        11,
        3.066,
        10.427,
        3.433,
        12,
        1,
        4.844,
        18.054,
        6.256,
        26.1,
        7.667,
        26.1
      ]
    },
    {
      "Target": "Parameter",
      "Id": "Jacket_Shaking",
      "Segments": [
        0,
        12.5,
        0,
        0.7,
        17,
        1,
        0.944,
        18.44,
        1.189,
        19,
        1.433,
        19,
        1,
        1.733,
        19,
        2.033,
        14.267,
        2.333,
        9,
        1,
        2.766,
        1.392,
        3.2,
        -1,
        3.633,
        -1,
        0,
        5.967,
        12,
        0,
        7.2,
        11,
        0,
        7.667,
        12.5
      ]
    },
    {
      "Target": "Parameter",
      "Id": "Pose_Form",
      "Segments": [
        0,
        -24.9,
        1,
        0.778,
        -28.338,
        1.555,
        -30,
        2.333,
        -30,
        0,
        3.333,
        -20,
        1,
        3.722,
        -20,
        4.111,
        -21.667,
        4.5,
        -25,
        1,
        4.889,
        -28.333,
        5.278,
        -30,
        5.667,
        -30,
        0,
        7.667,
        -24.9
      ]
    },
    {
      "Target": "Parameter",
      "Id": "Body_Twist",
      "Segments": [
        0,
        0,
        2,
        0.4,
        0,
        2,
        3.9,
        0,
        0,
        5.067,
        -30,
        0,
        7.667,
        0
      ]
    },
    {
      "Target": "Parameter",
      "Id": "Body_Shaking",
      "Segments": [
        0,
        25.1,
        0,
        0.5,
        28,
        0,
        3.867,
        -4,
        0,
        7.667,
        25.1
      ]
    },
    {
      "Target": "Parameter",
      "Id": "Head_Roll",
      "Segments": [
        0,
        -15.8,
        1,
        0.111,
        -11.672,
        0.222,
        -7.039,
        0.333,
        -3,
        1,
        0.944,
        19.212,
        1.556,
        30,
        2.167,
        30,
        0,
        5.8,
        -22,
        0,
        7.667,
        -15.8
      ]
    },
    {
      "Target": "Parameter",
      "Id": "Head_AngleX",
      "Segments": [
        0,
        9.3,
        1,
        0.267,
        0.721,
        0.533,
        -3,
        0.8,
        -3,
        0,
        2,
        5,
        2,
        2.667,
        5,
        0,
        3.567,
        0,
        1,
        3.834,
        0,
        4.1,
        3.206,
        4.367,
        4,
        1,
        4.956,
        5.754,
        5.544,
        6.846,
        6.133,
        8,
        1,
        6.644,
        9.001,
        7.156,
        9.3,
        7.667,
        9.3
      ]
    },
    {
      "Target": "Parameter",
      "Id": "Head_AngleY",
      "Segments": [
        0,
        -19,
        2,
        0.8,
        -19,
        0,
        2,
        -11,
        0,
        2.667,
        -29,
        0,
        3.567,
        0,
        0,
        4.367,
        -1,
        0,
        6.133,
        8,
        0,
        7.667,
        -19
      ]
    },
    {
      "Target": "Parameter",
      "Id": "ShoulderY",
      "Segments": [
        0,
        -1,
        0,
        1.633,
        0,
        0,
        7.667,
        -1
      ]
    },
    {
      "Target": "Parameter",
      "Id": "ArmR_Roll",
      "Segments": [
        0,
        28,
        0,
        0.667,
        28.88,
        0,
        1.333,
        27.36,
        0,
        2,
        28.8,
        0,
        2.667,
        27.46,
        0,
        3.333,
        28.2,
        0,
        4,
        27.14,
        0,
        4.667,
        28.9,
        0,
        5.333,
        27.382,
        0,
        6,
        28.639,
        0,
        6.667,
        27,
        1,
        6.889,
        27,
        7.111,
        27.781,
        7.333,
        27.949,
        1,
        7.444,
        28.033,
        7.556,
        28,
        7.667,
        28
      ]
    },
    {
      "Target": "Parameter",
      "Id": "ShoulderL_Roll",
      "Segments": [
        0,
        0.7,
        1,
        0.211,
        0.216,
        0.422,
        0,
        0.633,
        0,
        2,
        1.267,
        0,
        0,
        2.667,
        4.5,
        1,
        3.078,
        4.5,
        3.489,
        2.357,
        3.9,
        2,
        1,
        5.156,
        0.911,
        6.411,
        0.7,
        7.667,
        0.7
      ]
    },
    {
      "Target": "Parameter",
      "Id": "ArmL_Roll",
      "Segments": [
        0,
        2,
        0,
        6.467,
        3.38,
        0,
        7.667,
        2
      ]
    },
    {
      "Target": "Parameter",
      "Id": "HairFront_Shaking",
      "Segments": [
        0,
        0,
        0,
        0.6,
        1,
        0,
        1.467,
        -1,
        0,
        2.133,
        1,
        0,
        2.8,
        -1,
        0,
        3.633,
        0.2,
        0,
        4.433,
        -1,
        0,
        4.933,
        0.3,
        0,
        5.5,
        -1,
        0,
        6.233,
        0.5,
        0,
        6.767,
        -1,
        0,
        7.4,
        1,
        0,
        7.667,
        0
      ]
    },
    {
      "Target": "Parameter",
      "Id": "HairBack_Shaking",
      "Segments": [
        0,
        -6.6,
        1,
        0.056,
        -8.287,
        0.111,
        -8,
        0.167,
        -8,
        0,
        0.6,
        30,
        1,
        0.7,
        30,
        0.8,
        25.274,
        0.9,
        17,
        1,
        1,
        8.726,
        1.1,
        -3.035,
        1.2,
        -6.76,
        1,
        1.267,
        -9.243,
        1.333,
        -9,
        1.4,
        -9,
        0,
        2.067,
        19,
        0,
        2.6,
        -30,
        1,
        2.922,
        -30,
        3.245,
        -11.072,
        3.567,
        18,
        1,
        3.678,
        28.025,
        3.789,
        30,
        3.9,
        30,
        0,
        4.367,
        -30,
        0,
        4.867,
        30,
        0,
        5.667,
        -13,
        0,
        6.1,
        24,
        0,
        6.7,
        -30,
        0,
        7.333,
        30,
        0,
        7.667,
        -6.6
      ]
    },
    {
      "Target": "PartOpacity",
      "Id": "Part6",
      "Segments": [
        0,
        1,
        2,
        7.67,
        1
      ]
    },
    {
      "Target": "PartOpacity",
      "Id": "Part29",
      "Segments": [
        0,
        1,
        2,
        7.67,
        1
      ]
    },
    {
      "Target": "Model",
      "Id": "Opacity",
      "Segments": [
        0,
        1,
        0,
        7.67,
        1
      ]
    },
    {
      "Target": "Parameter",
      "Id": "Breath",
      "Segments": [
        0,
        0,
        0,
        7.67,
        0
      ]
    },
    {
      "Target": "Parameter",
      "Id": "Jacket_Position",
      "Segments": [
        0,
        0,
        0,
        7.67,
        0
      ]
    },
    {
      "Target": "Parameter",
      "Id": "BodyX",
      "Segments": [
        0,
        0,
        0,
        7.67,
        0
      ]
    },
    {
      "Target": "Parameter",
      "Id": "Belt_Shaking",
      "Segments": [
        0,
        -6,
        0,
        7.67,
        -6
      ]
    },
    {
      "Target": "Parameter",
      "Id": "EyeBallX",
      "Segments": [
        0,
        0,
        0,
        7.67,
        0
      ]
    },
    {
      "Target": "Parameter",
      "Id": "EyeBallY",
      "Segments": [
        0,
        0,
        0,
        7.67,
        0
      ]
    },
    {
      "Target": "Parameter",
      "Id": "EyeL_Open",
      "Segments": [
        0,
        0.8,
        0,
        7.67,
        0.8
      ]
    },
    {
      "Target": "Parameter",
      "Id": "EyeL_Smile",
      "Segments": [
        0,
        -1,
        0,
        7.67,
        -1
      ]
    },
    {
      "Target": "Parameter",
      "Id": "EyeR_Open",
      "Segments": [
        0,
        0,
        0,
        7.67,
        0
      ]
    },
    {
      "Target": "Parameter",
      "Id": "EyeR_Smile",
      "Segments": [
        0,
        -1,
        0,
        7.67,
        -1
      ]
    },
    {
      "Target": "Parameter",
      "Id": "EyeBall_Size",
      "Segments": [
        0,
        0,
        0,
        7.67,
        0
      ]
    },
    {
      "Target": "Parameter",
      "Id": "EyeL_Form",
      "Segments": [
        0,
        0.5,
        0,
        7.67,
        0.5
      ]
    },
    {
      "Target": "Parameter",
      "Id": "EyeR_Form",
      "Segments": [
        0,
        0,
        0,
        7.67,
        0
      ]
    },
    {
      "Target": "Parameter",
      "Id": "BrowL_Form",
      "Segments": [
        0,
        -1,
        0,
        7.67,
        -1
      ]
    },
    {
      "Target": "Parameter",
      "Id": "BrowR_Form",
      "Segments": [
        0,
        -1,
        0,
        7.67,
        -1
      ]
    },
    {
      "Target": "Parameter",
      "Id": "BrowL_Form2",
      "Segments": [
        0,
        0,
        0,
        7.67,
        0
      ]
    },
    {
      "Target": "Parameter",
      "Id": "BrowR_Form2",
      "Segments": [
        0,
        0,
        0,
        7.67,
        0
      ]
    },
    {
      "Target": "Parameter",
      "Id": "BrowLY",
      "Segments": [
        0,
        -0.1,
        0,
        7.67,
        -0.1
      ]
    },
    {
      "Target": "Parameter",
      "Id": "BrowRY",
      "Segments": [
        0,
        -0.3,
        0,
        7.67,
        -0.3
      ]
    },
    {
      "Target": "Parameter",
      "Id": "BrowL_Angle",
      "Segments": [
        0,
        0.3,
        0,
        7.67,
        0.3
      ]
    },
    {
      "Target": "Parameter",
      "Id": "BrowR_Angle",
      "Segments": [
        0,
        0,
        0,
        7.67,
        0
      ]
    },
    {
      "Target": "Parameter",
      "Id": "Mouth_Size",
      "Segments": [
        0,
        0.3,
        0,
        7.67,
        0.3
      ]
    },
    {
      "Target": "Parameter",
      "Id": "Mouth_Open",
      "Segments": [
        0,
        1,
        0,
        7.67,
        1
      ]
    },
    {
      "Target": "Parameter",
      "Id": "Mouth_Form",
      "Segments": [
        0,
        -1,
        0,
        7.67,
        -1
      ]
    },
    {
      "Target": "Parameter",
      "Id": "ShoulderR_Roll",
      "Segments": [
        0,
        18.5,
        0,
        7.67,
        18.5
      ]
    },
    {
      "Target": "Parameter",
      "Id": "ShoulderRY",
      "Segments": [
        0,
        0,
        0,
        7.67,
        0
      ]
    },
    {
      "Target": "Parameter",
      "Id": "ShoulderR_Scale",
      "Segments": [
        0,
        30,
        0,
        7.67,
        30
      ]
    },
    {
      "Target": "Parameter",
      "Id": "ArmR_Scale",
      "Segments": [
        0,
        0,
        0,
        7.67,
        0
      ]
    },
    {
      "Target": "Parameter",
      "Id": "ShoulderLY",
      "Segments": [
        0,
        0,
        0,
        7.67,
        0
      ]
    },
    {
      "Target": "Parameter",
      "Id": "ShoulderL_Scale",
      "Segments": [
        0,
        0,
        0,
        7.67,
        0
      ]
    },
    {
      "Target": "Parameter",
      "Id": "ArmL_Scale",
      "Segments": [
        0,
        0,
        0,
        7.67,
        0
      ]
    },
    {
      "Target": "Parameter",
      "Id": "HandR_Roll",
      "Segments": [
        0,
        0,
        0,
        7.67,
        0
      ]
    },
    {
      "Target": "Parameter",
      "Id": "HandR_move",
      "Segments": [
        0,
        0,
        0,
        7.67,
        0
      ]
    },
    {
      "Target": "Parameter",
      "Id": "HandL_Roll",
      "Segments": [
        0,
        0,
        0,
        7.67,
        0
      ]
    },
    {
      "Target": "Parameter",
      "Id": "Pants_Roll",
      "Segments": [
        0,
        0,
        0,
        7.67,
        0
      ]
    },
    {
      "Target": "Parameter",
      "Id": "LegR_Roll",
      "Segments": [
        0,
        0,
        0,
        7.67,
        0
      ]
    },
    {
      "Target": "Parameter",
      "Id": "LegL_Roll",
      "Segments": [
        0,
        30,
        0,
        7.67,
        30
      ]
    },
    {
      "Target": "PartOpacity",
      "Id": "Part20",
      "Segments": [
        0,
        1,
        0,
        7.67,
        1
      ]
    },
    {
      "Target": "PartOpacity",
      "Id": "Part",
      "Segments": [
        0,
        1,
        0,
        7.67,
        1
      ]
    },
    {
      "Target": "PartOpacity",
      "Id": "Part9",
      "Segments": [
        0,
        1,
        0,
        7.67,
        1
      ]
    },
    {
      "Target": "PartOpacity",
      "Id": "Part2",
      "Segments": [
        0,
        1,
        0,
        7.67,
        1
      ]
    },
    {
      "Target": "PartOpacity",
      "Id": "Part8",
      "Segments": [
        0,
        1,
        0,
        7.67,
        1
      ]
    },
    {
      "Target": "PartOpacity",
      "Id": "Part3",
      "Segments": [
        0,
        1,
        0,
        7.67,
        1
      ]
    },
    {
      "Target": "PartOpacity",
      "Id": "Part10",
      "Segments": [
        0,
        0,
        0,
        7.67,
        0
      ]
    },
    {
      "Target": "PartOpacity",
      "Id": "Part21",
      "Segments": [
        0,
        1,
        0,
        7.67,
        1
      ]
    },
    {
      "Target": "PartOpacity",
      "Id": "Part11",
      "Segments": [
        0,
        1,
        0,
        7.67,
        1
      ]
    },
    {
      "Target": "PartOpacity",
      "Id": "Part7",
      "Segments": [
        0,
        1,
        0,
        7.67,
        1
      ]
    },
    {
      "Target": "PartOpacity",
      "Id": "Part12",
      "Segments": [
        0,
        1,
        0,
        7.67,
        1
      ]
    },
    {
      "Target": "PartOpacity",
      "Id": "Part14",
      "Segments": [
        0,
        1,
        0,
        7.67,
        1
      ]
    },
    {
      "Target": "PartOpacity",
      "Id": "Part15",
      "Segments": [
        0,
        1,
        0,
        7.67,
        1
      ]
    },
    {
      "Target": "PartOpacity",
      "Id": "Part23",
      "Segments": [
        0,
        0,
        0,
        7.67,
        0
      ]
    },
    {
      "Target": "PartOpacity",
      "Id": "Part22",
      "Segments": [
        0,
        1,
        0,
        7.67,
        1
      ]
    },
    {
      "Target": "PartOpacity",
      "Id": "Part4",
      "Segments": [
        0,
        1,
        0,
        7.67,
        1
      ]
    },
    {
      "Target": "PartOpacity",
      "Id": "Part27",
      "Segments": [
        0,
        0,
        0,
        7.67,
        0
      ]
    },
    {
      "Target": "PartOpacity",
      "Id": "Part24",
      "Segments": [
        0,
        0,
        0,
        7.67,
        0
      ]
    },
    {
      "Target": "PartOpacity",
      "Id": "Part25",
      "Segments": [
        0,
        0,
        0,
        7.67,
        0
      ]
    },
    {
      "Target": "PartOpacity",
      "Id": "Part26",
      "Segments": [
        0,
        1,
        0,
        7.67,
        1
      ]
    },
    {
      "Target": "PartOpacity",
      "Id": "Part17",
      "Segments": [
        0,
        1,
        0,
        7.67,
        1
      ]
    },
    {
      "Target": "PartOpacity",
      "Id": "Part16",
      "Segments": [
        0,
        1,
        0,
        7.67,
        1
      ]
    },
    {
      "Target": "PartOpacity",
      "Id": "Part30",
      "Segments": [
        0,
        1,
        0,
        7.67,
        1
      ]
    },
    {
      "Target": "PartOpacity",
      "Id": "Part31",
      "Segments": [
        0,
        0,
        0,
        7.67,
        0
      ]
    },
    {
      "Target": "PartOpacity",
      "Id": "Part5",
      "Segments": [
        0,
        1,
        0,
        7.67,
        1
      ]
    },
    {
      "Target": "PartOpacity",
      "Id": "PartSketch0",
      "Segments": [
        0,
        0,
        0,
        7.67,
        0
      ]
    },
    {
      "Target": "PartOpacity",
      "Id": "Part13",
      "Segments": [
        0,
        1,
        0,
        7.67,
        1
      ]
    },
    {
      "Target": "PartOpacity",
      "Id": "Part19",
      "Segments": [
        0,
        1,
        0,
        7.67,
        1
      ]
    }
  ],
  "UserData": [
    {
      "Time": 0.0,
      "Value": ""
    }
  ]
}