{
  "Version": 3,
  "Meta": {
    "Duration": 1.0,
    "Fps": 30.0,
    "Loop": true,
    "AreBeziersRestricted": true,
    "CurveCount": 87,
    "TotalSegmentCount": 201,
    "TotalPointCount": 297,
    "UserDataCount": 1,
    "TotalUserDataSize": 0
  },
  "Curves": [
    {
      "Target": "Parameter",
      "Id": "Breath",
      "Segments": [
        0,
        26,
        1,
        0.1,
        26,
        0.2,
        26.67,
        0.3,
        25,
        1,
        0.533,
        21.103,
        0.767,
        0,
        1,
        0
      ]
    },
    {
      "Target": "Parameter",
      "Id": "Pose_Form",
      "Segments": [
        0,
        0,
        0,
        0.267,
        -2,
        0,
        0.667,
        0,
        2,
        1,
        0
      ]
    },
    {
      "Target": "Parameter",
      "Id": "Body_Twist",
      "Segments": [
        0,
        0,
        0,
        0.267,
        8,
        1,
        0.4,
        8,
        0.534,
        2.245,
        0.667,
        -3,
        1,
        0.778,
        -7.371,
        0.889,
        -10.08,
        1,
        -13
      ]
    },
    {
      "Target": "Parameter",
      "Id": "Body_Shaking",
      "Segments": [
        0,
        0,
        0,
        0.267,
        -30,
        1,
        0.4,
        -30,
        0.534,
        3.466,
        0.667,
        9,
        1,
        0.778,
        13.612,
        0.889,
        16.565,
        1,
        17
      ]
    },
    {
      "Target": "Parameter",
      "Id": "BodyX",
      "Segments": [
        0,
        0,
        0,
        1,
        -25
      ]
    },
    {
      "Target": "Parameter",
      "Id": "Belt_Shaking",
      "Segments": [
        0,
        0,
        2,
        0.167,
        0,
        0,
        0.4,
        -5,
        0,
        0.733,
        2,
        0,
        1,
        0
      ]
    },
    {
      "Target": "Parameter",
      "Id": "Head_Roll",
      "Segments": [
        0,
        0,
        0,
        0.5,
        -16.96,
        1,
        0.667,
        -16.96,
        0.833,
        -0.431,
        1,
        5
      ]
    },
    {
      "Target": "Parameter",
      "Id": "Head_AngleX",
      "Segments": [
        0,
        0,
        0,
        0.333,
        -4,
        1,
        0.444,
        -4,
        0.556,
        -2.281,
        0.667,
        0,
        1,
        0.778,
        2.281,
        0.889,
        3,
        1,
        3
      ]
    },
    {
      "Target": "Parameter",
      "Id": "Head_AngleY",
      "Segments": [
        0,
        0,
        0,
        0.333,
        -22,
        1,
        0.444,
        -22,
        0.556,
        -10.231,
        0.667,
        0,
        1,
        0.778,
        10.231,
        0.889,
        12,
        1,
        12
      ]
    },
    {
      "Target": "Parameter",
      "Id": "EyeL_Smile",
      "Segments": [
        0,
        0,
        2,
        0.1,
        0,
        2,
        0.133,
        0,
        1,
        0.166,
        0,
        0.2,
        0.287,
        0.233,
        0.3,
        1,
        0.433,
        0.377,
        0.633,
        0.4,
        0.833,
        0.4,
        2,
        1,
        0.4
      ]
    },
    {
      "Target": "Parameter",
      "Id": "EyeR_Smile",
      "Segments": [
        0,
        0,
        2,
        0.1,
        0,
        2,
        0.133,
        0,
        0,
        0.233,
        0.3,
        2,
        0.833,
        0.3,
        2,
        1,
        0.3
      ]
    },
    {
      "Target": "Parameter",
      "Id": "EyeL_Form",
      "Segments": [
        0,
        0,
        2,
        0.1,
        0,
        2,
        0.133,
        0,
        1,
        0.166,
        0,
        0.2,
        0.897,
        0.233,
        0.909,
        1,
        0.433,
        0.979,
        0.633,
        1,
        0.833,
        1,
        2,
        1,
        1
      ]
    },
    {
      "Target": "Parameter",
      "Id": "EyeR_Form",
      "Segments": [
        0,
        0,
        2,
        0.1,
        0,
        2,
        0.133,
        0,
        1,
        0.166,
        0,
        0.2,
        0.866,
        0.233,
        0.882,
        1,
        0.433,
        0.973,
        0.633,
        1,
        0.833,
        1,
        2,
        1,
        1
      ]
    },
    {
      "Target": "Parameter",
      "Id": "BrowL_Form",
      "Segments": [
        0,
        0,
        1,
        0.067,
        0,
        0.133,
        -0.799,
        0.2,
        -0.842,
        1,
        0.411,
        -0.978,
        0.622,
        -1,
        0.833,
        -1,
        2,
        1,
        -1
      ]
    },
    {
      "Target": "Parameter",
      "Id": "BrowR_Form",
      "Segments": [
        0,
        0,
        1,
        0.067,
        0,
        0.133,
        -0.75,
        0.2,
        -0.803,
        1,
        0.411,
        -0.972,
        0.622,
        -1,
        0.833,
        -1,
        2,
        1,
        -1
      ]
    },
    {
      "Target": "Parameter",
      "Id": "BrowLY",
      "Segments": [
        0,
        0,
        0,
        0.2,
        0.2,
        1,
        0.411,
        0.2,
        0.622,
        0.166,
        0.833,
        0.1,
        1,
        0.889,
        0.083,
        0.944,
        0.065,
        1,
        0.048
      ]
    },
    {
      "Target": "Parameter",
      "Id": "BrowRY",
      "Segments": [
        0,
        0,
        0,
        0.2,
        0.2,
        1,
        0.411,
        0.2,
        0.622,
        0.166,
        0.833,
        0.1,
        1,
        0.889,
        0.083,
        0.944,
        0.065,
        1,
        0.048
      ]
    },
    {
      "Target": "Parameter",
      "Id": "BrowL_Angle",
      "Segments": [
        0,
        0,
        1,
        0.067,
        0,
        0.133,
        0.26,
        0.2,
        0.268,
        1,
        0.411,
        0.296,
        0.622,
        0.3,
        0.833,
        0.3,
        2,
        1,
        0.3
      ]
    },
    {
      "Target": "Parameter",
      "Id": "BrowR_Angle",
      "Segments": [
        0,
        0,
        1,
        0.067,
        0,
        0.133,
        0.083,
        0.2,
        0.087,
        1,
        0.411,
        0.098,
        0.622,
        0.1,
        0.833,
        0.1,
        2,
        1,
        0.1
      ]
    },
    {
      "Target": "Parameter",
      "Id": "Mouth_Size",
      "Segments": [
        0,
        0.5,
        1,
        0.278,
        0.5,
        0.555,
        0.319,
        0.833,
        0.3,
        1,
        0.889,
        0.296,
        0.944,
        0.299,
        1,
        0.299
      ]
    },
    {
      "Target": "Parameter",
      "Id": "Mouth_Open",
      "Segments": [
        0,
        0.5,
        1,
        0.089,
        0.5,
        0.178,
        0.837,
        0.267,
        0.886,
        1,
        0.456,
        0.991,
        0.644,
        1,
        0.833,
        1,
        2,
        1,
        1
      ]
    },
    {
      "Target": "Parameter",
      "Id": "Mouth_Form",
      "Segments": [
        0,
        0,
        2,
        0.833,
        0,
        1,
        0.889,
        0,
        0.944,
        0,
        1,
        0.003
      ]
    },
    {
      "Target": "Parameter",
      "Id": "ShoulderY",
      "Segments": [
        0,
        0,
        0,
        1,
        23
      ]
    },
    {
      "Target": "Parameter",
      "Id": "ShoulderR_Roll",
      "Segments": [
        0,
        0,
        0,
        0.5,
        3.34,
        0,
        0.833,
        3.12,
        1,
        0.889,
        3.12,
        0.944,
        3.108,
        1,
        3.132
      ]
    },
    {
      "Target": "Parameter",
      "Id": "ShoulderRY",
      "Segments": [
        0,
        0,
        0,
        0.267,
        11,
        0,
        1,
        5
      ]
    },
    {
      "Target": "Parameter",
      "Id": "ShoulderR_Scale",
      "Segments": [
        0,
        0,
        0,
        0.5,
        6,
        2,
        1,
        6
      ]
    },
    {
      "Target": "Parameter",
      "Id": "ArmR_Roll",
      "Segments": [
        0,
        0,
        0,
        0.6,
        -22,
        2,
        1,
        -22
      ]
    },
    {
      "Target": "Parameter",
      "Id": "ArmR_Scale",
      "Segments": [
        0,
        0,
        0,
        0.6,
        30,
        2,
        1,
        30
      ]
    },
    {
      "Target": "Parameter",
      "Id": "ShoulderL_Roll",
      "Segments": [
        0,
        0,
        0,
        0.5,
        -10.3,
        1,
        0.667,
        -10.3,
        0.833,
        -10.168,
        1,
        -9.898
      ]
    },
    {
      "Target": "Parameter",
      "Id": "ShoulderLY",
      "Segments": [
        0,
        0,
        0,
        0.267,
        10,
        1,
        0.4,
        10,
        0.534,
        4.513,
        0.667,
        2,
        1,
        0.778,
        -0.094,
        0.889,
        0,
        1,
        0
      ]
    },
    {
      "Target": "Parameter",
      "Id": "ShoulderL_Scale",
      "Segments": [
        0,
        0,
        0,
        0.5,
        2,
        2,
        1,
        2
      ]
    },
    {
      "Target": "Parameter",
      "Id": "ArmL_Roll",
      "Segments": [
        0,
        0,
        0,
        0.6,
        12,
        1,
        0.733,
        12,
        0.867,
        12.017,
        1,
        11.928
      ]
    },
    {
      "Target": "Parameter",
      "Id": "ArmL_Scale",
      "Segments": [
        0,
        0,
        1,
        0.2,
        0,
        0.4,
        22.503,
        0.6,
        24.22,
        1,
        0.733,
        25.365,
        0.867,
        25,
        1,
        25
      ]
    },
    {
      "Target": "Parameter",
      "Id": "HandR_Roll",
      "Segments": [
        0,
        -10,
        2,
        0.167,
        -10,
        0,
        0.433,
        -30,
        2,
        0.6,
        -30,
        1,
        0.733,
        -30,
        0.867,
        -28.33,
        1,
        -28
      ]
    },
    {
      "Target": "Parameter",
      "Id": "Param2",
      "Segments": [
        0,
        0,
        1,
        0.078,
        0,
        0.155,
        -3.126,
        0.233,
        -11.957,
        1,
        0.3,
        -19.526,
        0.366,
        -25,
        0.433,
        -25,
        2,
        1,
        -25
      ]
    },
    {
      "Target": "Parameter",
      "Id": "Param",
      "Segments": [
        0,
        0,
        0,
        0.567,
        1,
        2,
        1,
        1
      ]
    },
    {
      "Target": "Parameter",
      "Id": "HandL_Roll",
      "Segments": [
        0,
        0,
        0,
        0.667,
        -8,
        2,
        1,
        -8
      ]
    },
    {
      "Target": "Parameter",
      "Id": "HairFront_Shaking",
      "Segments": [
        0,
        0,
        0,
        0.4,
        0.5,
        0,
        0.8,
        -0.32,
        0,
        1,
        -0.14
      ]
    },
    {
      "Target": "Parameter",
      "Id": "HairBack_Shaking",
      "Segments": [
        0,
        0,
        0,
        0.467,
        -30,
        0,
        1,
        23
      ]
    },
    {
      "Target": "Parameter",
      "Id": "Pants_Roll",
      "Segments": [
        0,
        0,
        1,
        0.167,
        0,
        0.333,
        4.243,
        0.5,
        14.211,
        1,
        0.667,
        24.178,
        0.833,
        30,
        1,
        30
      ]
    },
    {
      "Target": "Parameter",
      "Id": "LegR_Roll",
      "Segments": [
        0,
        0,
        0,
        0.667,
        6,
        0,
        1,
        0
      ]
    },
    {
      "Target": "Parameter",
      "Id": "LegL_Roll",
      "Segments": [
        0,
        0,
        0,
        0.267,
        -7,
        1,
        0.4,
        -7,
        0.534,
        9.605,
        0.667,
        17,
        1,
        0.778,
        23.163,
        0.889,
        23,
        1,
        23
      ]
    },
    {
      "Target": "PartOpacity",
      "Id": "Part6",
      "Segments": [
        0,
        1,
        2,
        0.67,
        1,
        2,
        1,
        1
      ]
    },
    {
      "Target": "PartOpacity",
      "Id": "Part20",
      "Segments": [
        0,
        1,
        2,
        0.67,
        1,
        2,
        1,
        1
      ]
    },
    {
      "Target": "PartOpacity",
      "Id": "Part",
      "Segments": [
        0,
        1,
        2,
        0.67,
        1,
        2,
        1,
        1
      ]
    },
    {
      "Target": "PartOpacity",
      "Id": "Part9",
      "Segments": [
        0,
        1,
        2,
        0.67,
        1,
        2,
        1,
        1
      ]
    },
    {
      "Target": "PartOpacity",
      "Id": "Part2",
      "Segments": [
        0,
        1,
        2,
        0.67,
        1,
        2,
        1,
        1
      ]
    },
    {
      "Target": "PartOpacity",
      "Id": "Part8",
      "Segments": [
        0,
        1,
        2,
        0.67,
        1,
        2,
        1,
        1
      ]
    },
    {
      "Target": "PartOpacity",
      "Id": "Part3",
      "Segments": [
        0,
        1,
        2,
        0.67,
        1,
        2,
        1,
        1
      ]
    },
    {
      "Target": "PartOpacity",
      "Id": "Part10",
      "Segments": [
        0,
        0,
        2,
        0.67,
        0,
        2,
        1,
        0
      ]
    },
    {
      "Target": "PartOpacity",
      "Id": "Part21",
      "Segments": [
        0,
        1,
        2,
        0.67,
        1,
        2,
        1,
        1
      ]
    },
    {
      "Target": "PartOpacity",
      "Id": "Part11",
      "Segments": [
        0,
        1,
        2,
        0.67,
        1,
        2,
        1,
        1
      ]
    },
    {
      "Target": "PartOpacity",
      "Id": "Part7",
      "Segments": [
        0,
        1,
        2,
        0.67,
        1,
        2,
        1,
        1
      ]
    },
    {
      "Target": "PartOpacity",
      "Id": "Part29",
      "Segments": [
        0,
        1,
        2,
        0.67,
        1,
        2,
        1,
        1
      ]
    },
    {
      "Target": "PartOpacity",
      "Id": "Part12",
      "Segments": [
        0,
        1,
        2,
        0.67,
        1,
        2,
        1,
        1
      ]
    },
    {
      "Target": "PartOpacity",
      "Id": "Part14",
      "Segments": [
        0,
        1,
        2,
        0.67,
        1,
        2,
        1,
        1
      ]
    },
    {
      "Target": "PartOpacity",
      "Id": "Part15",
      "Segments": [
        0,
        1,
        2,
        0.67,
        1,
        2,
        1,
        1
      ]
    },
    {
      "Target": "PartOpacity",
      "Id": "Part23",
      "Segments": [
        0,
        1,
        2,
        0.67,
        1,
        2,
        1,
        1
      ]
    },
    {
      "Target": "PartOpacity",
      "Id": "Part22",
      "Segments": [
        0,
        0,
        2,
        0.67,
        0,
        2,
        1,
        0
      ]
    },
    {
      "Target": "PartOpacity",
      "Id": "Part4",
      "Segments": [
        0,
        1,
        2,
        0.67,
        1,
        2,
        1,
        1
      ]
    },
    {
      "Target": "PartOpacity",
      "Id": "Part27",
      "Segments": [
        0,
        0,
        2,
        0.33,
        0,
        0,
        0.37,
        1,
        2,
        0.67,
        1,
        2,
        1,
        1
      ]
    },
    {
      "Target": "PartOpacity",
      "Id": "Part24",
      "Segments": [
        0,
        0,
        2,
        0.67,
        0,
        2,
        1,
        0
      ]
    },
    {
      "Target": "PartOpacity",
      "Id": "Part25",
      "Segments": [
        0,
        0,
        2,
        0.67,
        0,
        2,
        1,
        0
      ]
    },
    {
      "Target": "PartOpacity",
      "Id": "Part26",
      "Segments": [
        0,
        1,
        2,
        0.33,
        1,
        0,
        0.4,
        0,
        2,
        0.67,
        0,
        2,
        1,
        0
      ]
    },
    {
      "Target": "PartOpacity",
      "Id": "Part32",
      "Segments": [
        0,
        0,
        2,
        0.67,
        0,
        2,
        1,
        0
      ]
    },
    {
      "Target": "PartOpacity",
      "Id": "Part28",
      "Segments": [
        0,
        1,
        2,
        0.67,
        1,
        2,
        1,
        1
      ]
    },
    {
      "Target": "PartOpacity",
      "Id": "Part17",
      "Segments": [
        0,
        1,
        2,
        0.67,
        1,
        2,
        1,
        1
      ]
    },
    {
      "Target": "PartOpacity",
      "Id": "Part16",
      "Segments": [
        0,
        1,
        2,
        0.67,
        1,
        2,
        1,
        1
      ]
    },
    {
      "Target": "PartOpacity",
      "Id": "Part30",
      "Segments": [
        0,
        1,
        2,
        0.67,
        1,
        2,
        1,
        1
      ]
    },
    {
      "Target": "PartOpacity",
      "Id": "Part31",
      "Segments": [
        0,
        0,
        2,
        0.43,
        0,
        0,
        0.47,
        1,
        2,
        0.67,
        1,
        2,
        1,
        1
      ]
    },
    {
      "Target": "PartOpacity",
      "Id": "Part5",
      "Segments": [
        0,
        1,
        2,
        0.43,
        1,
        0,
        0.5,
        0,
        2,
        0.67,
        0,
        2,
        1,
        0
      ]
    },
    {
      "Target": "PartOpacity",
      "Id": "PartSketch0",
      "Segments": [
        0,
        0,
        2,
        0.67,
        0,
        2,
        1,
        0
      ]
    },
    {
      "Target": "PartOpacity",
      "Id": "Part13",
      "Segments": [
        0,
        1,
        2,
        0.67,
        1,
        2,
        1,
        1
      ]
    },
    {
      "Target": "PartOpacity",
      "Id": "Part19",
      "Segments": [
        0,
        1,
        2,
        0.67,
        1,
        2,
        1,
        1
      ]
    },
    {
      "Target": "Model",
      "Id": "Opacity",
      "Segments": [
        0,
        1,
        0,
        1,
        1
      ]
    },
    {
      "Target": "Parameter",
      "Id": "Shirt_Shaking",
      "Segments": [
        0,
        0,
        0,
        1,
        0
      ]
    },
    {
      "Target": "Parameter",
      "Id": "Jacket_Shaking",
      "Segments": [
        0,
        0,
        0,
        1,
        0
      ]
    },
    {
      "Target": "Parameter",
      "Id": "Jacket_Position",
      "Segments": [
        0,
        0,
        0,
        1,
        0
      ]
    },
    {
      "Target": "Parameter",
      "Id": "EyeBallX",
      "Segments": [
        0,
        0,
        0,
        1,
        0
      ]
    },
    {
      "Target": "Parameter",
      "Id": "EyeBallY",
      "Segments": [
        0,
        0,
        0,
        1,
        0
      ]
    },
    {
      "Target": "Parameter",
      "Id": "EyeL_Open",
      "Segments": [
        0,
        1,
        0,
        1,
        1
      ]
    },
    {
      "Target": "Parameter",
      "Id": "EyeR_Open",
      "Segments": [
        0,
        1,
        0,
        1,
        1
      ]
    },
    {
      "Target": "Parameter",
      "Id": "EyeBall_Size",
      "Segments": [
        0,
        0,
        0,
        1,
        0
      ]
    },
    {
      "Target": "Parameter",
      "Id": "BrowL_Form2",
      "Segments": [
        0,
        0,
        0,
        1,
        0
      ]
    },
    {
      "Target": "Parameter",
      "Id": "BrowR_Form2",
      "Segments": [
        0,
        0,
        0,
        1,
        0
      ]
    },
    {
      "Target": "Parameter",
      "Id": "HandR_move",
      "Segments": [
        0,
        0,
        0,
        1,
        0
      ]
    },
    {
      "Target": "PartOpacity",
      "Id": "Part18",
      "Segments": [
        0,
        1,
        0,
        1,
        1
      ]
    }
  ],
  "UserData": [
    {
      "Time": 0.0,
      "Value": ""
    }
  ]
}