{
  "Version": 3,
  "Meta": {
    "Duration": 1.567,
    "Fps": 30.0,
    "Loop": true,
    "AreBeziersRestricted": true,
    "CurveCount": 58,
    "TotalSegmentCount": 210,
    "TotalPointCount": 324,
    "UserDataCount": 1,
    "TotalUserDataSize": 0
  },
  "Curves": [
    {
      "Target": "Parameter",
      "Id": "BrowL_Angle",
      "Segments": [
        0,
        0,
        2,
        0.033,
        0,
        0,
        0.333,
        -0.4,
        2,
        1.567,
        -0.4
      ]
    },
    {
      "Target": "Parameter",
      "Id": "BrowR_Angle",
      "Segments": [
        0,
        0,
        2,
        0.033,
        0,
        0,
        0.333,
        -0.4,
        2,
        1.567,
        -0.4
      ]
    },
    {
      "Target": "Parameter",
      "Id": "BrowL_Form",
      "Segments": [
        0,
        0,
        2,
        0.033,
        0,
        0,
        0.333,
        -1,
        2,
        1.567,
        -1
      ]
    },
    {
      "Target": "Parameter",
      "Id": "BrowR_Form",
      "Segments": [
        0,
        0,
        2,
        0.033,
        0,
        0,
        0.333,
        -1,
        2,
        1.567,
        -1
      ]
    },
    {
      "Target": "Parameter",
      "Id": "EyeBallX",
      "Segments": [
        0,
        0,
        0,
        0.333,
        0.214,
        1,
        0.522,
        0.214,
        0.711,
        0.173,
        0.9,
        0.108,
        1,
        1.122,
        0.031,
        1.345,
        0,
        1.567,
        0
      ]
    },
    {
      "Target": "Parameter",
      "Id": "EyeBallY",
      "Segments": [
        0,
        0.5,
        1,
        0.1,
        0.5,
        0.2,
        0.5,
        0.3,
        0.499,
        0,
        0.5,
        0.4,
        2,
        0.833,
        0.4,
        2,
        1.267,
        0.4,
        0,
        1.567,
        0.5
      ]
    },
    {
      "Target": "Parameter",
      "Id": "EyeBall_Size",
      "Segments": [
        0,
        0,
        2,
        0.067,
        0,
        0,
        0.367,
        -0.5,
        0,
        1.567,
        0
      ]
    },
    {
      "Target": "Parameter",
      "Id": "Mouth_Form",
      "Segments": [
        0,
        0,
        2,
        0.033,
        0,
        1,
        0.044,
        0,
        0.056,
        -0.98,
        0.067,
        -1,
        1,
        0.167,
        -1.184,
        0.267,
        -1.188,
        0.367,
        -1.5,
        1,
        0.767,
        -2.749,
        1.167,
        -3.9,
        1.567,
        -3.9
      ]
    },
    {
      "Target": "Parameter",
      "Id": "Mouth_Open",
      "Segments": [
        0,
        1,
        0,
        1.567,
        0.3
      ]
    },
    {
      "Target": "Parameter",
      "Id": "Mouth_Size",
      "Segments": [
        0,
        1,
        0,
        1.567,
        0.6
      ]
    },
    {
      "Target": "Parameter",
      "Id": "HeadX",
      "Segments": [
        0,
        0,
        1,
        0.067,
        0,
        0.133,
        -0.303,
        0.2,
        -3.339,
        1,
        0.267,
        -6.375,
        0.333,
        -11.116,
        0.4,
        -11.116,
        0,
        0.9,
        -1.416,
        0,
        1.267,
        -2.34,
        2,
        1.567,
        -2.34
      ]
    },
    {
      "Target": "Parameter",
      "Id": "HeadY",
      "Segments": [
        0,
        0,
        0,
        0.4,
        -6.422,
        0,
        0.833,
        8.015,
        1,
        0.922,
        8.015,
        1.011,
        7.733,
        1.1,
        5.487,
        1,
        1.156,
        4.082,
        1.211,
        -3.913,
        1.267,
        -5.458,
        1,
        1.3,
        -6.386,
        1.334,
        -6.229,
        1.367,
        -6.229,
        0,
        1.467,
        -2.46,
        2,
        1.567,
        -2.46
      ]
    },
    {
      "Target": "Parameter",
      "Id": "NeckZ",
      "Segments": [
        0,
        0,
        1,
        0.156,
        0,
        0.311,
        -1.004,
        0.467,
        -2.274,
        1,
        0.6,
        -3.363,
        0.734,
        -4.449,
        0.867,
        -5.023,
        1,
        0.978,
        -5.502,
        1.089,
        -5.52,
        1.2,
        -5.52,
        2,
        1.5,
        -5.52,
        2,
        1.567,
        -5.52
      ]
    },
    {
      "Target": "Parameter",
      "Id": "BodyX",
      "Segments": [
        0,
        0,
        0,
        0.333,
        -9.597,
        1,
        0.444,
        -9.597,
        0.556,
        -9.029,
        0.667,
        -8.028,
        1,
        0.745,
        -7.327,
        0.822,
        -7.037,
        0.9,
        -7.037,
        1,
        1.022,
        -7.037,
        1.145,
        -7.804,
        1.267,
        -8.72,
        1,
        1.345,
        -9.303,
        1.422,
        -9.4,
        1.5,
        -9.4,
        2,
        1.567,
        -9.4
      ]
    },
    {
      "Target": "Parameter",
      "Id": "BodyY",
      "Segments": [
        0,
        0,
        1,
        0.167,
        0,
        0.333,
        -0.018,
        0.5,
        0.027,
        1,
        0.756,
        0.097,
        1.011,
        5.48,
        1.267,
        5.48,
        2,
        1.5,
        5.48,
        2,
        1.567,
        5.48
      ]
    },
    {
      "Target": "Parameter",
      "Id": "BodyZ",
      "Segments": [
        0,
        0,
        1,
        0.067,
        0,
        0.133,
        -0.256,
        0.2,
        -0.729,
        1,
        0.3,
        -1.439,
        0.4,
        -1.775,
        0.5,
        -1.775,
        1,
        0.622,
        -1.775,
        0.745,
        -0.573,
        0.867,
        1.445,
        1,
        0.956,
        2.911,
        1.044,
        3.478,
        1.133,
        3.478,
        1,
        1.2,
        3.478,
        1.266,
        3.268,
        1.333,
        3.087,
        1,
        1.389,
        2.935,
        1.444,
        2.92,
        1.5,
        2.92,
        2,
        1.567,
        2.92
      ]
    },
    {
      "Target": "Parameter",
      "Id": "BodyUpper",
      "Segments": [
        0,
        0,
        1,
        0.111,
        0,
        0.222,
        -0.29,
        0.333,
        1.304,
        1,
        0.522,
        4.013,
        0.711,
        10,
        0.9,
        10,
        2,
        1.5,
        10,
        2,
        1.567,
        10
      ]
    },
    {
      "Target": "Parameter",
      "Id": "ShoulderL_Move",
      "Segments": [
        0,
        0,
        1,
        0.111,
        0,
        0.222,
        0.129,
        0.333,
        0.977,
        1,
        0.433,
        1.74,
        0.533,
        3.006,
        0.633,
        4.451,
        1,
        0.689,
        5.254,
        0.744,
        6.736,
        0.8,
        6.736,
        0,
        1.267,
        6.265,
        2,
        1.5,
        6.265,
        2,
        1.567,
        6.265
      ]
    },
    {
      "Target": "Parameter",
      "Id": "ShoulderR_Move",
      "Segments": [
        0,
        0,
        1,
        0.044,
        0,
        0.089,
        0.148,
        0.133,
        -0.147,
        1,
        0.266,
        -1.031,
        0.4,
        -4.58,
        0.533,
        -4.58,
        2,
        1.267,
        -4.58,
        2,
        1.5,
        -4.58,
        2,
        1.567,
        -4.58
      ]
    },
    {
      "Target": "Parameter",
      "Id": "ShoulderL_Roll",
      "Segments": [
        0,
        0,
        0,
        0.233,
        5.822,
        1,
        0.322,
        5.822,
        0.411,
        4.773,
        0.5,
        1.519,
        1,
        0.567,
        -0.921,
        0.633,
        -5.675,
        0.7,
        -7.501,
        1,
        0.767,
        -9.327,
        0.833,
        -11.509,
        0.9,
        -11.544,
        1,
        1.011,
        -11.603,
        1.122,
        -11.6,
        1.233,
        -11.6,
        2,
        1.5,
        -11.6,
        2,
        1.567,
        -11.6
      ]
    },
    {
      "Target": "Parameter",
      "Id": "ElbowL_Roll",
      "Segments": [
        0,
        0,
        0,
        0.333,
        0.643,
        1,
        0.422,
        0.643,
        0.511,
        -5.319,
        0.6,
        -12.564,
        1,
        0.644,
        -16.187,
        0.689,
        -19.67,
        0.733,
        -20.739,
        1,
        0.822,
        -22.876,
        0.911,
        -23.27,
        1,
        -23.27,
        0,
        1.233,
        -21.839,
        0,
        1.5,
        -22.32,
        2,
        1.567,
        -22.32
      ]
    },
    {
      "Target": "Parameter",
      "Id": "HandL_Roll",
      "Segments": [
        0,
        0,
        2,
        0.2,
        0,
        0,
        0.4,
        1.857,
        1,
        0.444,
        1.857,
        0.489,
        1.291,
        0.533,
        0,
        1,
        0.589,
        -1.613,
        0.644,
        -2.506,
        0.7,
        -2.506,
        1,
        0.744,
        -2.506,
        0.789,
        -1.118,
        0.833,
        -0.752,
        1,
        0.889,
        -0.294,
        0.944,
        0.02,
        1,
        0.15,
        1,
        1.089,
        0.358,
        1.178,
        0.38,
        1.267,
        0.38,
        2,
        1.5,
        0.38,
        2,
        1.567,
        0.38
      ]
    },
    {
      "Target": "Parameter",
      "Id": "Arm01L_Strech",
      "Segments": [
        0,
        0,
        1,
        0.089,
        0,
        0.178,
        0.034,
        0.267,
        -0.16,
        1,
        0.389,
        -0.426,
        0.511,
        -1.399,
        0.633,
        -2.159,
        1,
        0.833,
        -3.402,
        1.033,
        -4.2,
        1.233,
        -4.2,
        2,
        1.5,
        -4.2,
        2,
        1.567,
        -4.2
      ]
    },
    {
      "Target": "Parameter",
      "Id": "Arm02L_Strech",
      "Segments": [
        0,
        0,
        2,
        0.533,
        0,
        0,
        1.233,
        -3.02,
        2,
        1.5,
        -3.02,
        2,
        1.567,
        -3.02
      ]
    },
    {
      "Target": "Parameter",
      "Id": "Arm02L_Bias",
      "Segments": [
        0,
        0,
        0,
        0.533,
        7,
        2,
        1.567,
        7
      ]
    },
    {
      "Target": "Parameter",
      "Id": "HandL_Strech",
      "Segments": [
        0,
        0,
        0,
        0.533,
        -1.19,
        0,
        1.233,
        -0.14,
        2,
        1.5,
        -0.14,
        2,
        1.567,
        -0.14
      ]
    },
    {
      "Target": "Parameter",
      "Id": "HandL01",
      "Segments": [
        0,
        1,
        2,
        0.433,
        1,
        0,
        0.467,
        0,
        2,
        1.5,
        0,
        2,
        1.567,
        0
      ]
    },
    {
      "Target": "Parameter",
      "Id": "HandL02",
      "Segments": [
        0,
        0,
        2,
        0.433,
        0,
        0,
        0.467,
        1,
        2,
        1.5,
        1,
        2,
        1.567,
        1
      ]
    },
    {
      "Target": "Parameter",
      "Id": "ShoulderR_Roll",
      "Segments": [
        0,
        0,
        1,
        0.067,
        0,
        0.133,
        3.887,
        0.2,
        5.75,
        1,
        0.333,
        9.475,
        0.467,
        12.264,
        0.6,
        14.847,
        1,
        0.667,
        16.138,
        0.733,
        17.076,
        0.8,
        17.86,
        1,
        0.878,
        18.775,
        0.955,
        19.019,
        1.033,
        19.019,
        0,
        1.4,
        17.86,
        2,
        1.567,
        17.86
      ]
    },
    {
      "Target": "Parameter",
      "Id": "ElbowR_Roll",
      "Segments": [
        0,
        0,
        1,
        0.133,
        0,
        0.267,
        -2.563,
        0.4,
        -6.18,
        1,
        0.456,
        -7.687,
        0.511,
        -8.72,
        0.567,
        -9.714,
        1,
        0.645,
        -11.105,
        0.722,
        -11.596,
        0.8,
        -11.596,
        0,
        1.033,
        -10.872,
        0,
        1.267,
        -11.08,
        2,
        1.567,
        -11.08
      ]
    },
    {
      "Target": "Parameter",
      "Id": "HandR_Roll",
      "Segments": [
        0,
        0,
        0,
        0.433,
        1.543,
        0,
        0.867,
        -0.561,
        0,
        0.933,
        -0.26,
        0,
        1.567,
        -0.58
      ]
    },
    {
      "Target": "Parameter",
      "Id": "Arm01R_Strech",
      "Segments": [
        0,
        0,
        0,
        0.467,
        -0.44,
        0,
        0.9,
        2.36,
        2,
        1.567,
        2.36
      ]
    },
    {
      "Target": "Parameter",
      "Id": "Arm02R_Strech",
      "Segments": [
        0,
        0,
        1,
        0.156,
        0,
        0.311,
        -0.087,
        0.467,
        -0.559,
        1,
        0.611,
        -0.997,
        0.756,
        -1.48,
        0.9,
        -1.48,
        2,
        1.567,
        -1.48
      ]
    },
    {
      "Target": "Parameter",
      "Id": "Arm02R_Bias",
      "Segments": [
        0,
        0,
        0,
        0.9,
        -3.56,
        2,
        1.567,
        -3.56
      ]
    },
    {
      "Target": "Parameter",
      "Id": "ShoulderR_Reform",
      "Segments": [
        0,
        0,
        2,
        0.067,
        0,
        0,
        0.5,
        -0.643,
        0,
        1.333,
        -0.612,
        2,
        1.567,
        -0.612
      ]
    },
    {
      "Target": "Parameter",
      "Id": "SleeveR",
      "Segments": [
        0,
        0,
        0,
        1.567,
        0.168
      ]
    },
    {
      "Target": "Parameter",
      "Id": "HandR_Strech",
      "Segments": [
        0,
        0,
        0,
        0.3,
        6.34,
        2,
        1.567,
        6.34
      ]
    },
    {
      "Target": "Parameter",
      "Id": "HairFront_Shaking",
      "Segments": [
        0,
        0,
        2,
        0.033,
        0,
        0,
        0.167,
        -0.247,
        0,
        0.4,
        1,
        2,
        0.6,
        1,
        0,
        0.833,
        -1,
        2,
        0.967,
        -1,
        0,
        1.333,
        0.993,
        0,
        1.567,
        0
      ]
    },
    {
      "Target": "Parameter",
      "Id": "HairSide_Shaking",
      "Segments": [
        0,
        0,
        2,
        0.033,
        0,
        0,
        0.167,
        -0.164,
        0,
        0.433,
        1,
        2,
        0.567,
        1,
        0,
        0.9,
        -0.802,
        0,
        1.333,
        0.662,
        0,
        1.567,
        0
      ]
    },
    {
      "Target": "Parameter",
      "Id": "HairUnder_Shaking",
      "Segments": [
        0,
        0,
        2,
        0.033,
        0,
        0,
        0.167,
        -0.247,
        0,
        0.4,
        1,
        2,
        0.6,
        1,
        0,
        0.833,
        -1,
        2,
        0.967,
        -1,
        0,
        1.333,
        0.993,
        0,
        1.567,
        0
      ]
    },
    {
      "Target": "Parameter",
      "Id": "JacketCollar_Shaking",
      "Segments": [
        0,
        0,
        2,
        0.033,
        0,
        0,
        0.333,
        0.55,
        0,
        0.867,
        -0.221,
        0,
        1.433,
        0.088,
        0,
        1.567,
        0
      ]
    },
    {
      "Target": "Parameter",
      "Id": "Jacket_Shaking",
      "Segments": [
        0,
        0,
        2,
        0.033,
        0,
        0,
        0.233,
        0.5,
        2,
        0.333,
        0.5,
        0,
        0.833,
        -0.23,
        0,
        1.4,
        0.095,
        0,
        1.567,
        0
      ]
    },
    {
      "Target": "Parameter",
      "Id": "Necklace_Shaking",
      "Segments": [
        0,
        -0.012,
        0,
        0.033,
        -0.022,
        0,
        0.3,
        0.357,
        0,
        0.667,
        -0.465,
        0,
        1.1,
        0.36,
        0,
        1.567,
        0
      ]
    },
    {
      "Target": "Parameter",
      "Id": "BrowLY",
      "Segments": [
        0,
        0,
        0,
        1.567,
        0
      ]
    },
    {
      "Target": "Parameter",
      "Id": "BrowRY",
      "Segments": [
        0,
        0,
        0,
        1.567,
        0
      ]
    },
    {
      "Target": "Parameter",
      "Id": "BrowLX",
      "Segments": [
        0,
        0,
        0,
        1.567,
        0
      ]
    },
    {
      "Target": "Parameter",
      "Id": "BrowRX",
      "Segments": [
        0,
        0,
        0,
        1.567,
        0
      ]
    },
    {
      "Target": "Parameter",
      "Id": "EyeL_Open",
      "Segments": [
        0,
        1,
        0,
        1.567,
        1
      ]
    },
    {
      "Target": "Parameter",
      "Id": "EyeL_Smile",
      "Segments": [
        0,
        0,
        0,
        1.567,
        0
      ]
    },
    {
      "Target": "Parameter",
      "Id": "EyeR_Open",
      "Segments": [
        0,
        1,
        0,
        1.567,
        1
      ]
    },
    {
      "Target": "Parameter",
      "Id": "EyeR_Smile",
      "Segments": [
        0,
        0,
        0,
        1.567,
        0
      ]
    },
    {
      "Target": "Parameter",
      "Id": "Teeth01",
      "Segments": [
        0,
        1,
        0,
        1.567,
        1
      ]
    },
    {
      "Target": "Parameter",
      "Id": "Breath",
      "Segments": [
        0,
        0,
        0,
        1.567,
        0
      ]
    },
    {
      "Target": "Parameter",
      "Id": "HandR01",
      "Segments": [
        0,
        1,
        0,
        1.567,
        1
      ]
    },
    {
      "Target": "Parameter",
      "Id": "HandR02",
      "Segments": [
        0,
        0,
        0,
        1.567,
        0
      ]
    },
    {
      "Target": "Parameter",
      "Id": "ALLX",
      "Segments": [
        0,
        0,
        0,
        1.567,
        0
      ]
    },
    {
      "Target": "Parameter",
      "Id": "ALLY",
      "Segments": [
        0,
        0,
        0,
        1.567,
        0
      ]
    },
    {
      "Target": "Parameter",
      "Id": "ALLZ",
      "Segments": [
        0,
        0,
        0,
        1.567,
        0
      ]
    }
  ],
  "UserData": [
    {
      "Time": 0.0,
      "Value": ""
    }
  ]
}