{
  "Version": 3,
  "Meta": {
    "Duration": 7.967,
    "Fps": 30.0,
    "Loop": true,
    "AreBeziersRestricted": true,
    "CurveCount": 58,
    "TotalSegmentCount": 216,
    "TotalPointCount": 398,
    "UserDataCount": 1,
    "TotalUserDataSize": 0
  },
  "Curves": [
    {
      "Target": "Parameter",
      "Id": "EyeBallY",
      "Segments": [
        0,
        0.5,
        0,
        1.6,
        0.2,
        1,
        2.1,
        0.2,
        2.6,
        0.276,
        3.1,
        0.4,
        1,
        3.4,
        0.474,
        3.7,
        0.5,
        4,
        0.5,
        0,
        5.133,
        0.3,
        1,
        6.078,
        0.3,
        7.022,
        0.495,
        7.967,
        0.5
      ]
    },
    {
      "Target": "Parameter",
      "Id": "HeadY",
      "Segments": [
        0,
        -2.46,
        1,
        0.533,
        1.535,
        1.067,
        1.68,
        1.6,
        1.68,
        1,
        2.1,
        1.68,
        2.6,
        1.51,
        3.1,
        -2.46,
        1,
        3.4,
        -4.842,
        3.7,
        -18.516,
        4,
        -18.516,
        0,
        5.133,
        -2.88,
        0,
        6.6,
        -13.499,
        1,
        7.056,
        -13.499,
        7.511,
        -6.311,
        7.967,
        -2.716
      ]
    },
    {
      "Target": "Parameter",
      "Id": "NeckZ",
      "Segments": [
        0,
        -5.52,
        0,
        1.5,
        -3.015,
        1,
        1.889,
        -3.015,
        2.278,
        -3.013,
        2.667,
        -3.305,
        1,
        2.967,
        -3.53,
        3.267,
        -4.847,
        3.567,
        -5.326,
        1,
        3.7,
        -5.539,
        3.834,
        -5.52,
        3.967,
        -5.52,
        1,
        4.411,
        -5.52,
        4.856,
        -5.042,
        5.3,
        -3.78,
        1,
        5.422,
        -3.433,
        5.545,
        -3.015,
        5.667,
        -3.015,
        1,
        5.867,
        -3.015,
        6.067,
        -2.956,
        6.267,
        -3.064,
        1,
        6.834,
        -3.368,
        7.4,
        -5.438,
        7.967,
        -5.518
      ]
    },
    {
      "Target": "Parameter",
      "Id": "BodyX",
      "Segments": [
        0,
        -9.4,
        0,
        1.467,
        -7.38,
        0,
        3.6,
        -9.36,
        0,
        5.633,
        -7.38,
        1,
        6.411,
        -7.38,
        7.189,
        -9.343,
        7.967,
        -9.399
      ]
    },
    {
      "Target": "Parameter",
      "Id": "BodyY",
      "Segments": [
        0,
        5.48,
        1,
        0.356,
        5.48,
        0.711,
        5.319,
        1.067,
        4.08,
        1,
        1.389,
        2.957,
        1.711,
        1.435,
        2.033,
        1.435,
        0,
        3.167,
        5.961,
        1,
        3.589,
        5.961,
        4.011,
        5.787,
        4.433,
        4.578,
        1,
        4.878,
        3.305,
        5.322,
        1.866,
        5.767,
        1.866,
        1,
        6.5,
        1.866,
        7.234,
        5.373,
        7.967,
        5.478
      ]
    },
    {
      "Target": "Parameter",
      "Id": "BodyZ",
      "Segments": [
        0,
        2.92,
        1,
        0.256,
        2.843,
        0.511,
        2.725,
        0.767,
        2.473,
        1,
        1.122,
        2.122,
        1.478,
        1.425,
        1.833,
        1.425,
        1,
        2.189,
        1.425,
        2.544,
        1.665,
        2.9,
        2.561,
        1,
        3.089,
        3.037,
        3.278,
        3.652,
        3.467,
        3.652,
        1,
        3.656,
        3.652,
        3.844,
        3.388,
        4.033,
        2.999,
        1,
        4.266,
        2.519,
        4.5,
        1.999,
        4.733,
        1.673,
        1,
        4.944,
        1.379,
        5.156,
        1.331,
        5.367,
        1.331,
        1,
        5.578,
        1.331,
        5.789,
        1.762,
        6,
        2.473,
        1,
        6.267,
        3.371,
        6.533,
        3.753,
        6.8,
        3.753,
        1,
        6.944,
        3.753,
        7.089,
        3.12,
        7.233,
        3.076,
        1,
        7.478,
        3.001,
        7.722,
        2.997,
        7.967,
        2.93
      ]
    },
    {
      "Target": "Parameter",
      "Id": "BodyUpper",
      "Segments": [
        0,
        10,
        0,
        1.667,
        5,
        0,
        3.733,
        10,
        0,
        5.833,
        5,
        1,
        6.544,
        5,
        7.256,
        9.847,
        7.967,
        9.996
      ]
    },
    {
      "Target": "Parameter",
      "Id": "Breath",
      "Segments": [
        0,
        0,
        0,
        2,
        1,
        0,
        4,
        0,
        0,
        6,
        1,
        1,
        6.656,
        1,
        7.311,
        0.033,
        7.967,
        0.001
      ]
    },
    {
      "Target": "Parameter",
      "Id": "ShoulderL_Move",
      "Segments": [
        0,
        6.265,
        0,
        1.333,
        5.876,
        0,
        2.867,
        6.534,
        0,
        4.067,
        5.876,
        0,
        5.267,
        6.115,
        0,
        6.733,
        5.678,
        1,
        7.144,
        5.678,
        7.556,
        6.235,
        7.967,
        6.264
      ]
    },
    {
      "Target": "Parameter",
      "Id": "ShoulderL_Roll",
      "Segments": [
        0,
        -11.6,
        0,
        0.933,
        -12.773,
        0,
        2.133,
        -12.125,
        1,
        2.355,
        -12.125,
        2.578,
        -12.43,
        2.8,
        -12.909,
        1,
        2.978,
        -13.292,
        3.155,
        -13.43,
        3.333,
        -13.43,
        1,
        3.689,
        -13.43,
        4.044,
        -12.873,
        4.4,
        -12.125,
        1,
        4.722,
        -11.448,
        5.045,
        -10.904,
        5.367,
        -10.367,
        1,
        5.656,
        -9.885,
        5.944,
        -9.705,
        6.233,
        -9.705,
        1,
        6.522,
        -9.705,
        6.811,
        -10.642,
        7.1,
        -10.966,
        1,
        7.389,
        -11.29,
        7.678,
        -11.289,
        7.967,
        -11.567
      ]
    },
    {
      "Target": "Parameter",
      "Id": "ElbowL_Roll",
      "Segments": [
        0,
        -22.32,
        0,
        0.767,
        -22.758,
        2,
        1.333,
        -22.758,
        1,
        1.589,
        -22.758,
        1.844,
        -22.335,
        2.1,
        -21.839,
        1,
        2.322,
        -21.407,
        2.545,
        -21.307,
        2.767,
        -21.307,
        1,
        3.034,
        -21.307,
        3.3,
        -22.059,
        3.567,
        -22.429,
        1,
        3.811,
        -22.769,
        4.056,
        -22.758,
        4.3,
        -22.758,
        1,
        4.533,
        -22.758,
        4.767,
        -22.663,
        5,
        -22.56,
        1,
        5.222,
        -22.461,
        5.445,
        -22.474,
        5.667,
        -22.32,
        1,
        5.967,
        -22.112,
        6.267,
        -21.307,
        6.567,
        -21.307,
        1,
        6.745,
        -21.307,
        6.922,
        -21.609,
        7.1,
        -21.839,
        1,
        7.389,
        -22.212,
        7.678,
        -22.313,
        7.967,
        -22.32
      ]
    },
    {
      "Target": "Parameter",
      "Id": "HandL_Roll",
      "Segments": [
        0,
        0.38,
        1,
        0.189,
        0.443,
        0.378,
        0.43,
        0.567,
        0.486,
        1,
        0.911,
        0.587,
        1.256,
        0.707,
        1.6,
        0.707,
        1,
        1.944,
        0.707,
        2.289,
        0.131,
        2.633,
        -0.114,
        1,
        3.066,
        -0.423,
        3.5,
        -0.436,
        3.933,
        -0.436,
        0,
        6.433,
        0.707,
        1,
        6.944,
        0.707,
        7.456,
        0.722,
        7.967,
        0.401
      ]
    },
    {
      "Target": "Parameter",
      "Id": "ShoulderR_Roll",
      "Segments": [
        0,
        17.86,
        1,
        0.233,
        17.86,
        0.467,
        18.996,
        0.7,
        21.425,
        1,
        0.933,
        23.855,
        1.167,
        25.151,
        1.4,
        25.151,
        1,
        1.6,
        25.151,
        1.8,
        24.89,
        2,
        24.268,
        1,
        2.278,
        23.405,
        2.555,
        22.92,
        2.833,
        22.92,
        0,
        3.8,
        24.268,
        1,
        4.067,
        24.268,
        4.333,
        23.221,
        4.6,
        22.92,
        1,
        4.8,
        22.694,
        5,
        22.74,
        5.2,
        22.74,
        0,
        6.167,
        24.268,
        1,
        6.422,
        24.268,
        6.678,
        23.951,
        6.933,
        22.249,
        1,
        7.278,
        19.956,
        7.622,
        17.987,
        7.967,
        17.866
      ]
    },
    {
      "Target": "Parameter",
      "Id": "ElbowR_Roll",
      "Segments": [
        0,
        -11.08,
        1,
        0.344,
        -11.08,
        0.689,
        -11.074,
        1.033,
        -11.107,
        1,
        1.478,
        -11.15,
        1.922,
        -11.287,
        2.367,
        -11.287,
        1,
        2.689,
        -11.287,
        3.011,
        -11.159,
        3.333,
        -10.872,
        1,
        3.466,
        -10.754,
        3.6,
        -10.677,
        3.733,
        -10.677,
        1,
        3.989,
        -10.677,
        4.244,
        -10.749,
        4.5,
        -10.84,
        1,
        4.744,
        -10.927,
        4.989,
        -10.952,
        5.233,
        -10.952,
        0,
        6.367,
        -10.438,
        1,
        6.6,
        -10.438,
        6.834,
        -10.557,
        7.067,
        -10.677,
        1,
        7.367,
        -10.83,
        7.667,
        -11.049,
        7.967,
        -11.078
      ]
    },
    {
      "Target": "Parameter",
      "Id": "HandR_Roll",
      "Segments": [
        0,
        -0.58,
        0,
        1.2,
        1.48,
        1,
        1.656,
        1.48,
        2.111,
        1.296,
        2.567,
        0.588,
        1,
        2.711,
        0.363,
        2.856,
        -0.263,
        3,
        -0.263,
        0,
        4.4,
        1.48,
        1,
        4.767,
        1.48,
        5.133,
        1.401,
        5.5,
        1.105,
        1,
        5.7,
        0.943,
        5.9,
        0.545,
        6.1,
        0.372,
        1,
        6.456,
        0.063,
        6.811,
        -0.239,
        7.167,
        -0.424,
        1,
        7.434,
        -0.563,
        7.7,
        -0.579,
        7.967,
        -0.58
      ]
    },
    {
      "Target": "Parameter",
      "Id": "ShoulderR_Reform",
      "Segments": [
        0,
        -0.612,
        0,
        1.5,
        -0.4,
        0,
        3.733,
        -1,
        0,
        6.1,
        -0.4,
        1,
        6.722,
        -0.4,
        7.345,
        -0.605,
        7.967,
        -0.612
      ]
    },
    {
      "Target": "Parameter",
      "Id": "HairFront_Shaking",
      "Segments": [
        0,
        0,
        1,
        0.467,
        -0.094,
        0.933,
        -0.148,
        1.4,
        -0.148,
        0,
        2.767,
        0.254,
        0,
        3.533,
        -0.022,
        0,
        3.833,
        0.015,
        0,
        4.767,
        -0.151,
        0,
        7,
        0.095,
        1,
        7.322,
        0.095,
        7.645,
        0.069,
        7.967,
        0.007
      ]
    },
    {
      "Target": "Parameter",
      "Id": "HairSide_Shaking",
      "Segments": [
        0,
        0,
        1,
        0.467,
        -0.063,
        0.933,
        -0.099,
        1.4,
        -0.099,
        0,
        2.767,
        0.169,
        0,
        3.533,
        -0.015,
        0,
        3.833,
        0.01,
        0,
        4.767,
        -0.101,
        0,
        7,
        0.063,
        1,
        7.322,
        0.063,
        7.645,
        0.046,
        7.967,
        0.004
      ]
    },
    {
      "Target": "Parameter",
      "Id": "HairUnder_Shaking",
      "Segments": [
        0,
        0,
        1,
        0.467,
        -0.094,
        0.933,
        -0.148,
        1.4,
        -0.148,
        0,
        2.767,
        0.254,
        0,
        3.533,
        -0.022,
        0,
        3.833,
        0.015,
        0,
        4.767,
        -0.151,
        0,
        7,
        0.095,
        1,
        7.322,
        0.095,
        7.645,
        0.069,
        7.967,
        0.007
      ]
    },
    {
      "Target": "Parameter",
      "Id": "JacketCollar_Shaking",
      "Segments": [
        0,
        0,
        1,
        0.222,
        -0.005,
        0.445,
        -0.023,
        0.667,
        -0.023,
        0,
        1.767,
        0.034,
        0,
        2.767,
        -0.03,
        0,
        3.433,
        0.013,
        0,
        4.167,
        -0.004,
        0,
        4.767,
        0.002,
        2,
        5.067,
        0.002,
        2,
        5.1,
        0.002,
        2,
        5.167,
        0.002,
        0,
        5.8,
        0.005,
        0,
        6.6,
        -0.002,
        0,
        7.067,
        0,
        0,
        7.167,
        -0.001,
        0,
        7.567,
        0.002,
        1,
        7.7,
        0.002,
        7.834,
        0.003,
        7.967,
        0.001
      ]
    },
    {
      "Target": "Parameter",
      "Id": "Jacket_Shaking",
      "Segments": [
        0,
        0,
        1,
        0.211,
        -0.004,
        0.422,
        -0.023,
        0.633,
        -0.023,
        0,
        1.733,
        0.034,
        0,
        2.733,
        -0.031,
        0,
        3.4,
        0.013,
        0,
        4.1,
        -0.004,
        0,
        4.733,
        0.003,
        0,
        5.067,
        0.002,
        2,
        5.1,
        0.002,
        2,
        5.133,
        0.002,
        0,
        5.8,
        0.005,
        0,
        6.6,
        -0.002,
        0,
        7.067,
        0,
        0,
        7.167,
        -0.001,
        0,
        7.533,
        0.002,
        1,
        7.678,
        0.002,
        7.822,
        0.003,
        7.967,
        0.001
      ]
    },
    {
      "Target": "Parameter",
      "Id": "Necklace_Shaking",
      "Segments": [
        0,
        0,
        1,
        0.056,
        0,
        0.111,
        -0.001,
        0.167,
        -0.002,
        1,
        0.256,
        -0.004,
        0.344,
        -0.004,
        0.433,
        -0.004,
        0,
        1.167,
        0.013,
        0,
        2.367,
        -0.017,
        0,
        2.967,
        0.006,
        0,
        3.633,
        -0.014,
        0,
        4.133,
        0.011,
        0,
        4.533,
        0.004,
        0,
        4.9,
        0.005,
        0,
        5.467,
        0,
        0,
        5.7,
        0.001,
        0,
        6.267,
        -0.013,
        0,
        6.8,
        0.001,
        0,
        7.1,
        -0.001,
        0,
        7.433,
        0.01,
        0,
        7.867,
        -0.006,
        1,
        7.9,
        -0.006,
        7.934,
        -0.003,
        7.967,
        -0.001
      ]
    },
    {
      "Target": "Parameter",
      "Id": "BrowLY",
      "Segments": [
        0,
        0,
        0,
        7.967,
        0
      ]
    },
    {
      "Target": "Parameter",
      "Id": "BrowRY",
      "Segments": [
        0,
        0,
        0,
        7.967,
        0
      ]
    },
    {
      "Target": "Parameter",
      "Id": "BrowLX",
      "Segments": [
        0,
        0,
        0,
        7.967,
        0
      ]
    },
    {
      "Target": "Parameter",
      "Id": "BrowRX",
      "Segments": [
        0,
        0,
        0,
        7.967,
        0
      ]
    },
    {
      "Target": "Parameter",
      "Id": "BrowL_Angle",
      "Segments": [
        0,
        -0.4,
        0,
        7.967,
        -0.4
      ]
    },
    {
      "Target": "Parameter",
      "Id": "BrowR_Angle",
      "Segments": [
        0,
        -0.4,
        0,
        7.967,
        -0.4
      ]
    },
    {
      "Target": "Parameter",
      "Id": "BrowL_Form",
      "Segments": [
        0,
        -1,
        0,
        7.967,
        -1
      ]
    },
    {
      "Target": "Parameter",
      "Id": "BrowR_Form",
      "Segments": [
        0,
        -1,
        0,
        7.967,
        -1
      ]
    },
    {
      "Target": "Parameter",
      "Id": "EyeL_Open",
      "Segments": [
        0,
        1,
        0,
        7.967,
        1
      ]
    },
    {
      "Target": "Parameter",
      "Id": "EyeL_Smile",
      "Segments": [
        0,
        0,
        0,
        7.967,
        0
      ]
    },
    {
      "Target": "Parameter",
      "Id": "EyeR_Open",
      "Segments": [
        0,
        1,
        0,
        7.967,
        1
      ]
    },
    {
      "Target": "Parameter",
      "Id": "EyeR_Smile",
      "Segments": [
        0,
        0,
        0,
        7.967,
        0
      ]
    },
    {
      "Target": "Parameter",
      "Id": "EyeBallX",
      "Segments": [
        0,
        0,
        0,
        7.967,
        0
      ]
    },
    {
      "Target": "Parameter",
      "Id": "EyeBall_Size",
      "Segments": [
        0,
        0,
        0,
        7.967,
        0
      ]
    },
    {
      "Target": "Parameter",
      "Id": "Mouth_Form",
      "Segments": [
        0,
        -3.9,
        0,
        7.967,
        -3.9
      ]
    },
    {
      "Target": "Parameter",
      "Id": "Mouth_Open",
      "Segments": [
        0,
        0.3,
        0,
        7.967,
        0.3
      ]
    },
    {
      "Target": "Parameter",
      "Id": "Teeth01",
      "Segments": [
        0,
        1,
        0,
        7.967,
        1
      ]
    },
    {
      "Target": "Parameter",
      "Id": "Mouth_Size",
      "Segments": [
        0,
        0.6,
        0,
        7.967,
        0.6
      ]
    },
    {
      "Target": "Parameter",
      "Id": "HeadX",
      "Segments": [
        0,
        -2.34,
        0,
        7.967,
        -2.34
      ]
    },
    {
      "Target": "Parameter",
      "Id": "ShoulderR_Move",
      "Segments": [
        0,
        -4.58,
        0,
        7.967,
        -4.58
      ]
    },
    {
      "Target": "Parameter",
      "Id": "Arm01L_Strech",
      "Segments": [
        0,
        -4.2,
        0,
        7.967,
        -4.2
      ]
    },
    {
      "Target": "Parameter",
      "Id": "Arm02L_Strech",
      "Segments": [
        0,
        -3.02,
        0,
        7.967,
        -3.02
      ]
    },
    {
      "Target": "Parameter",
      "Id": "Arm02L_Bias",
      "Segments": [
        0,
        7,
        0,
        7.967,
        7
      ]
    },
    {
      "Target": "Parameter",
      "Id": "HandL_Strech",
      "Segments": [
        0,
        -0.14,
        0,
        7.967,
        -0.14
      ]
    },
    {
      "Target": "Parameter",
      "Id": "HandL01",
      "Segments": [
        0,
        0,
        0,
        7.967,
        0
      ]
    },
    {
      "Target": "Parameter",
      "Id": "HandL02",
      "Segments": [
        0,
        1,
        0,
        7.967,
        1
      ]
    },
    {
      "Target": "Parameter",
      "Id": "Arm01R_Strech",
      "Segments": [
        0,
        2.36,
        0,
        7.967,
        2.36
      ]
    },
    {
      "Target": "Parameter",
      "Id": "Arm02R_Strech",
      "Segments": [
        0,
        -1.48,
        0,
        7.967,
        -1.48
      ]
    },
    {
      "Target": "Parameter",
      "Id": "Arm02R_Bias",
      "Segments": [
        0,
        -3.56,
        0,
        7.967,
        -3.56
      ]
    },
    {
      "Target": "Parameter",
      "Id": "SleeveR",
      "Segments": [
        0,
        0.168,
        0,
        7.967,
        0.168
      ]
    },
    {
      "Target": "Parameter",
      "Id": "HandR_Strech",
      "Segments": [
        0,
        6.34,
        0,
        7.967,
        6.34
      ]
    },
    {
      "Target": "Parameter",
      "Id": "HandR01",
      "Segments": [
        0,
        1,
        0,
        7.967,
        1
      ]
    },
    {
      "Target": "Parameter",
      "Id": "HandR02",
      "Segments": [
        0,
        0,
        0,
        7.967,
        0
      ]
    },
    {
      "Target": "Parameter",
      "Id": "ALLX",
      "Segments": [
        0,
        0,
        0,
        7.967,
        0
      ]
    },
    {
      "Target": "Parameter",
      "Id": "ALLY",
      "Segments": [
        0,
        0,
        0,
        7.967,
        0
      ]
    },
    {
      "Target": "Parameter",
      "Id": "ALLZ",
      "Segments": [
        0,
        0,
        0,
        7.967,
        0
      ]
    }
  ],
  "UserData": [
    {
      "Time": 0.0,
      "Value": ""
    }
  ]
}