{
  "Version": 3,
  "Meta": {
    "Duration": 1.467,
    "Fps": 30.0,
    "Loop": true,
    "AreBeziersRestricted": true,
    "CurveCount": 58,
    "TotalSegmentCount": 147,
    "TotalPointCount": 211,
    "UserDataCount": 1,
    "TotalUserDataSize": 0
  },
  "Curves": [
    {
      "Target": "Parameter",
      "Id": "BrowL_Form",
      "Segments": [
        0,
        0,
        2,
        0.033,
        0,
        0,
        0.333,
        -0.6,
        2,
        1.467,
        -0.6
      ]
    },
    {
      "Target": "Parameter",
      "Id": "BrowR_Form",
      "Segments": [
        0,
        0,
        2,
        0.033,
        0,
        0,
        0.333,
        -0.6,
        2,
        1.467,
        -0.6
      ]
    },
    {
      "Target": "Parameter",
      "Id": "EyeL_Open",
      "Segments": [
        0,
        1,
        2,
        0.033,
        1,
        0,
        0.333,
        1.2,
        2,
        1.467,
        1.2
      ]
    },
    {
      "Target": "Parameter",
      "Id": "EyeR_Open",
      "Segments": [
        0,
        1,
        2,
        0.033,
        1,
        0,
        0.333,
        1.2,
        2,
        1.467,
        1.2
      ]
    },
    {
      "Target": "Parameter",
      "Id": "EyeBallX",
      "Segments": [
        0,
        0,
        2,
        0.333,
        0,
        2,
        0.367,
        0,
        2,
        0.6,
        0,
        0,
        1.167,
        0.045,
        0,
        1.467,
        0
      ]
    },
    {
      "Target": "Parameter",
      "Id": "EyeBallY",
      "Segments": [
        0,
        0.5,
        2,
        0.333,
        0.5,
        0,
        0.433,
        0.398,
        0,
        1.067,
        0.399,
        2,
        1.167,
        0.399,
        0,
        1.467,
        0.5
      ]
    },
    {
      "Target": "Parameter",
      "Id": "EyeBall_Size",
      "Segments": [
        0,
        0,
        2,
        0.067,
        0,
        2,
        0.333,
        0,
        0,
        0.367,
        -0.2,
        0,
        1.467,
        0
      ]
    },
    {
      "Target": "Parameter",
      "Id": "Mouth_Form",
      "Segments": [
        0,
        0,
        1,
        0.011,
        0,
        0.022,
        -1.787,
        0.033,
        -1.8,
        1,
        0.511,
        -2.345,
        0.989,
        -2.6,
        1.467,
        -2.6
      ]
    },
    {
      "Target": "Parameter",
      "Id": "Mouth_Open",
      "Segments": [
        0,
        1,
        1,
        0.011,
        1,
        0.022,
        0.909,
        0.033,
        0.9,
        1,
        0.511,
        0.492,
        0.989,
        0.3,
        1.467,
        0.3
      ]
    },
    {
      "Target": "Parameter",
      "Id": "Teeth01",
      "Segments": [
        0,
        1,
        0,
        0.267,
        0,
        2,
        1.467,
        0
      ]
    },
    {
      "Target": "Parameter",
      "Id": "Mouth_Size",
      "Segments": [
        0,
        1,
        1,
        0.011,
        1,
        0.022,
        0.61,
        0.033,
        0.6,
        1,
        0.511,
        0.191,
        0.989,
        0,
        1.467,
        0
      ]
    },
    {
      "Target": "Parameter",
      "Id": "HeadX",
      "Segments": [
        0,
        0,
        1,
        0.067,
        0,
        0.133,
        0.167,
        0.2,
        1.653,
        1,
        0.289,
        3.635,
        0.378,
        6.524,
        0.467,
        9.9,
        1,
        0.534,
        12.432,
        0.6,
        15.6,
        0.667,
        15.6,
        0,
        1.3,
        9.9,
        2,
        1.467,
        9.9
      ]
    },
    {
      "Target": "Parameter",
      "Id": "NeckZ",
      "Segments": [
        0,
        0,
        1,
        0.189,
        0,
        0.378,
        -1.073,
        0.567,
        -2.7,
        1,
        0.6,
        -2.987,
        0.634,
        -3.21,
        0.667,
        -3.259,
        1,
        0.756,
        -3.392,
        0.844,
        -3.416,
        0.933,
        -3.416,
        0,
        1.3,
        -2.7,
        2,
        1.467,
        -2.7
      ]
    },
    {
      "Target": "Parameter",
      "Id": "BodyX",
      "Segments": [
        0,
        0,
        0,
        0.667,
        4.992,
        0,
        0.9,
        3.895,
        0,
        1.2,
        4,
        2,
        1.467,
        4
      ]
    },
    {
      "Target": "Parameter",
      "Id": "BodyY",
      "Segments": [
        0,
        0,
        0,
        0.667,
        2.5,
        0,
        1.333,
        -0.02,
        2,
        1.467,
        -0.02
      ]
    },
    {
      "Target": "Parameter",
      "Id": "BodyZ",
      "Segments": [
        0,
        0,
        1,
        0.144,
        0,
        0.289,
        0.092,
        0.433,
        0.588,
        1,
        0.522,
        0.894,
        0.611,
        1.395,
        0.7,
        1.395,
        1,
        0.744,
        1.395,
        0.789,
        1.203,
        0.833,
        1.071,
        1,
        0.944,
        0.742,
        1.056,
        0.432,
        1.167,
        0.217,
        1,
        1.222,
        0.109,
        1.278,
        0.001,
        1.333,
        0,
        1,
        1.378,
        -0.001,
        1.422,
        0,
        1.467,
        0
      ]
    },
    {
      "Target": "Parameter",
      "Id": "BodyUpper",
      "Segments": [
        0,
        0,
        0,
        0.467,
        0.28,
        0,
        1.3,
        0,
        2,
        1.467,
        0
      ]
    },
    {
      "Target": "Parameter",
      "Id": "Breath",
      "Segments": [
        0,
        0,
        0,
        0.6,
        0.4,
        0,
        1.3,
        0,
        2,
        1.467,
        0
      ]
    },
    {
      "Target": "Parameter",
      "Id": "ShoulderL_Move",
      "Segments": [
        0,
        0,
        0,
        0.4,
        -0.859,
        1,
        0.511,
        -0.859,
        0.622,
        0.171,
        0.733,
        0.606,
        1,
        0.8,
        0.867,
        0.866,
        0.982,
        0.933,
        1.016,
        1,
        1.055,
        1.076,
        1.178,
        1.08,
        1.3,
        1.08,
        2,
        1.467,
        1.08
      ]
    },
    {
      "Target": "Parameter",
      "Id": "ShoulderR_Move",
      "Segments": [
        0,
        0,
        1,
        0.1,
        0,
        0.2,
        -0.093,
        0.3,
        -0.255,
        1,
        0.344,
        -0.327,
        0.389,
        -0.352,
        0.433,
        -0.352,
        1,
        0.489,
        -0.352,
        0.544,
        0.005,
        0.6,
        0.109,
        1,
        0.7,
        0.297,
        0.8,
        0.316,
        0.9,
        0.316,
        0,
        1.3,
        -0.762,
        2,
        1.467,
        -0.762
      ]
    },
    {
      "Target": "Parameter",
      "Id": "ShoulderL_Roll",
      "Segments": [
        0,
        0,
        0,
        0.633,
        3.06,
        0,
        1.4,
        0,
        2,
        1.467,
        0
      ]
    },
    {
      "Target": "Parameter",
      "Id": "ElbowL_Roll",
      "Segments": [
        0,
        0,
        0,
        0.7,
        2.6,
        0,
        1.4,
        0,
        2,
        1.467,
        0
      ]
    },
    {
      "Target": "Parameter",
      "Id": "ShoulderR_Roll",
      "Segments": [
        0,
        0,
        2,
        0.133,
        0,
        1,
        0.2,
        0,
        0.266,
        -0.125,
        0.333,
        -0.429,
        1,
        0.389,
        -0.682,
        0.444,
        -0.994,
        0.5,
        -1.25,
        1,
        0.578,
        -1.608,
        0.655,
        -1.764,
        0.733,
        -1.764,
        2,
        1.467,
        -1.764
      ]
    },
    {
      "Target": "Parameter",
      "Id": "ElbowR_Roll",
      "Segments": [
        0,
        0,
        2,
        0.2,
        0,
        1,
        0.278,
        0,
        0.355,
        0.542,
        0.433,
        1.127,
        1,
        0.489,
        1.545,
        0.544,
        1.882,
        0.6,
        2.086,
        1,
        0.644,
        2.249,
        0.689,
        2.423,
        0.733,
        2.424,
        1,
        0.978,
        2.426,
        1.222,
        2.427,
        1.467,
        2.427
      ]
    },
    {
      "Target": "Parameter",
      "Id": "HairFront_Shaking",
      "Segments": [
        0,
        0,
        2,
        0.033,
        0,
        0,
        0.233,
        0.129,
        0,
        0.733,
        -0.692,
        0,
        1.1,
        0.415,
        0,
        1.467,
        0
      ]
    },
    {
      "Target": "Parameter",
      "Id": "HairSide_Shaking",
      "Segments": [
        0,
        0,
        2,
        0.033,
        0,
        0,
        0.233,
        0.086,
        0,
        0.733,
        -0.461,
        0,
        1.1,
        0.276,
        0,
        1.467,
        0
      ]
    },
    {
      "Target": "Parameter",
      "Id": "HairUnder_Shaking",
      "Segments": [
        0,
        0,
        2,
        0.033,
        0,
        0,
        0.233,
        0.129,
        0,
        0.733,
        -0.692,
        0,
        1.1,
        0.415,
        0,
        1.467,
        0
      ]
    },
    {
      "Target": "Parameter",
      "Id": "JacketCollar_Shaking",
      "Segments": [
        0,
        0,
        2,
        0.033,
        0,
        0,
        0.5,
        -0.236,
        0,
        0.967,
        0.106,
        0,
        1.467,
        0.012
      ]
    },
    {
      "Target": "Parameter",
      "Id": "Jacket_Shaking",
      "Segments": [
        0,
        0,
        2,
        0.033,
        0,
        0,
        0.5,
        -0.241,
        0,
        0.933,
        0.116,
        0,
        1.467,
        0
      ]
    },
    {
      "Target": "Parameter",
      "Id": "Necklace_Shaking",
      "Segments": [
        0,
        0.007,
        0,
        0.067,
        0.013,
        0,
        0.4,
        -0.118,
        0,
        0.867,
        0.236,
        0,
        1.3,
        -0.167,
        0,
        1.467,
        0
      ]
    },
    {
      "Target": "Parameter",
      "Id": "BrowLY",
      "Segments": [
        0,
        0,
        0,
        1.467,
        0
      ]
    },
    {
      "Target": "Parameter",
      "Id": "BrowRY",
      "Segments": [
        0,
        0,
        0,
        1.467,
        0
      ]
    },
    {
      "Target": "Parameter",
      "Id": "BrowLX",
      "Segments": [
        0,
        0,
        0,
        1.467,
        0
      ]
    },
    {
      "Target": "Parameter",
      "Id": "BrowRX",
      "Segments": [
        0,
        0,
        0,
        1.467,
        0
      ]
    },
    {
      "Target": "Parameter",
      "Id": "BrowL_Angle",
      "Segments": [
        0,
        0,
        0,
        1.467,
        0
      ]
    },
    {
      "Target": "Parameter",
      "Id": "BrowR_Angle",
      "Segments": [
        0,
        0,
        0,
        1.467,
        0
      ]
    },
    {
      "Target": "Parameter",
      "Id": "EyeL_Smile",
      "Segments": [
        0,
        0,
        0,
        1.467,
        0
      ]
    },
    {
      "Target": "Parameter",
      "Id": "EyeR_Smile",
      "Segments": [
        0,
        0,
        0,
        1.467,
        0
      ]
    },
    {
      "Target": "Parameter",
      "Id": "HeadY",
      "Segments": [
        0,
        0,
        0,
        1.467,
        0
      ]
    },
    {
      "Target": "Parameter",
      "Id": "HandL_Roll",
      "Segments": [
        0,
        0,
        0,
        1.467,
        0
      ]
    },
    {
      "Target": "Parameter",
      "Id": "Arm01L_Strech",
      "Segments": [
        0,
        0,
        0,
        1.467,
        0
      ]
    },
    {
      "Target": "Parameter",
      "Id": "Arm02L_Strech",
      "Segments": [
        0,
        0,
        0,
        1.467,
        0
      ]
    },
    {
      "Target": "Parameter",
      "Id": "Arm02L_Bias",
      "Segments": [
        0,
        0,
        0,
        1.467,
        0
      ]
    },
    {
      "Target": "Parameter",
      "Id": "HandL_Strech",
      "Segments": [
        0,
        0,
        0,
        1.467,
        0
      ]
    },
    {
      "Target": "Parameter",
      "Id": "HandL01",
      "Segments": [
        0,
        1,
        0,
        1.467,
        1
      ]
    },
    {
      "Target": "Parameter",
      "Id": "HandL02",
      "Segments": [
        0,
        0,
        0,
        1.467,
        0
      ]
    },
    {
      "Target": "Parameter",
      "Id": "HandR_Roll",
      "Segments": [
        0,
        0,
        0,
        1.467,
        0
      ]
    },
    {
      "Target": "Parameter",
      "Id": "Arm01R_Strech",
      "Segments": [
        0,
        0,
        0,
        1.467,
        0
      ]
    },
    {
      "Target": "Parameter",
      "Id": "Arm02R_Strech",
      "Segments": [
        0,
        0,
        0,
        1.467,
        0
      ]
    },
    {
      "Target": "Parameter",
      "Id": "Arm02R_Bias",
      "Segments": [
        0,
        0,
        0,
        1.467,
        0
      ]
    },
    {
      "Target": "Parameter",
      "Id": "ShoulderR_Reform",
      "Segments": [
        0,
        0,
        0,
        1.467,
        0
      ]
    },
    {
      "Target": "Parameter",
      "Id": "SleeveR",
      "Segments": [
        0,
        0,
        0,
        1.467,
        0
      ]
    },
    {
      "Target": "Parameter",
      "Id": "HandR_Strech",
      "Segments": [
        0,
        0,
        0,
        1.467,
        0
      ]
    },
    {
      "Target": "Parameter",
      "Id": "HandR01",
      "Segments": [
        0,
        1,
        0,
        1.467,
        1
      ]
    },
    {
      "Target": "Parameter",
      "Id": "HandR02",
      "Segments": [
        0,
        0,
        0,
        1.467,
        0
      ]
    },
    {
      "Target": "Parameter",
      "Id": "ALLX",
      "Segments": [
        0,
        0,
        0,
        1.467,
        0
      ]
    },
    {
      "Target": "Parameter",
      "Id": "ALLY",
      "Segments": [
        0,
        0,
        0,
        1.467,
        0
      ]
    },
    {
      "Target": "Parameter",
      "Id": "ALLZ",
      "Segments": [
        0,
        0,
        0,
        1.467,
        0
      ]
    }
  ],
  "UserData": [
    {
      "Time": 0.0,
      "Value": ""
    }
  ]
}