{
  "Version": 3,
  "Meta": {
    "Duration": 1.67,
    "Fps": 30.0,
    "Loop": true,
    "AreBeziersRestricted": true,
    "CurveCount": 88,
    "TotalSegmentCount": 250,
    "TotalPointCount": 430,
    "UserDataCount": 1,
    "TotalUserDataSize": 0
  },
  "Curves": [
    {
      "Target": "Parameter",
      "Id": "Breath",
      "Segments": [
        0,
        0,
        1,
        0.333,
        0,
        0.667,
        0.584,
        1,
        0.609,
        1,
        1.222,
        0.622,
        1.445,
        0.617,
        1.667,
        0.477
      ]
    },
    {
      "Target": "Parameter",
      "Id": "Body_Shaking",
      "Segments": [
        0,
        0,
        0,
        0.2,
        -3.253,
        1,
        0.5,
        -3.253,
        0.8,
        1.002,
        1.1,
        1.937,
        1,
        1.289,
        2.526,
        1.478,
        2.348,
        1.667,
        2.348
      ]
    },
    {
      "Target": "Parameter",
      "Id": "BodyX",
      "Segments": [
        0,
        0,
        0,
        0.933,
        14,
        2,
        1.667,
        14
      ]
    },
    {
      "Target": "Parameter",
      "Id": "Body_Pose1",
      "Segments": [
        0,
        0,
        0,
        0.133,
        -30,
        0,
        0.367,
        30,
        2,
        0.7,
        30,
        1,
        0.778,
        30,
        0.855,
        26.374,
        0.933,
        25.5,
        1,
        1.089,
        25.275,
        1.244,
        25.934,
        1.4,
        27,
        1,
        1.489,
        27.676,
        1.578,
        28.5,
        1.667,
        28.5
      ]
    },
    {
      "Target": "Parameter",
      "Id": "BodyY",
      "Segments": [
        0,
        0,
        1,
        0.044,
        -11.186,
        0.089,
        -26.58,
        0.133,
        -26.58,
        0,
        0.567,
        27.954,
        1,
        0.6,
        27.954,
        0.634,
        27.37,
        0.667,
        19.088,
        1,
        0.722,
        5.285,
        0.778,
        -8.572,
        0.833,
        -8.572,
        0,
        1.1,
        0,
        2,
        1.667,
        0
      ]
    },
    {
      "Target": "Parameter",
      "Id": "Waist_Roll",
      "Segments": [
        0,
        0,
        1,
        0.044,
        -0.934,
        0.089,
        -1.866,
        0.133,
        -2.031,
        1,
        0.178,
        -2.104,
        0.222,
        -1.915,
        0.267,
        -1.565,
        1,
        0.356,
        -0.841,
        0.444,
        0.14,
        0.533,
        1.009,
        1,
        0.666,
        2.336,
        0.8,
        2.99,
        0.933,
        3.48,
        1,
        1.178,
        4.195,
        1.422,
        4.314,
        1.667,
        4.314
      ]
    },
    {
      "Target": "Parameter",
      "Id": "Sub_move",
      "Segments": [
        0,
        0,
        0,
        0.333,
        -15.974,
        1,
        0.522,
        -15.974,
        0.711,
        -9.403,
        0.9,
        3.328,
        1,
        1.044,
        13.063,
        1.189,
        17.732,
        1.333,
        17.732,
        1,
        1.444,
        17.732,
        1.556,
        14.038,
        1.667,
        8.523
      ]
    },
    {
      "Target": "Parameter",
      "Id": "JacketL_Move",
      "Segments": [
        0,
        0,
        1,
        0.067,
        -16.225,
        0.133,
        -26.419,
        0.2,
        -26.419,
        1,
        0.356,
        -26.419,
        0.511,
        -26.65,
        0.667,
        -15.102,
        1,
        0.834,
        -2.729,
        1,
        30,
        1.167,
        30,
        1,
        1.267,
        30,
        1.367,
        25.907,
        1.467,
        16.068,
        1,
        1.534,
        9.508,
        1.6,
        -1.755,
        1.667,
        -5.576
      ]
    },
    {
      "Target": "Parameter",
      "Id": "JacketR_Move",
      "Segments": [
        0,
        0,
        1,
        0.067,
        -17.881,
        0.133,
        -29.714,
        0.2,
        -29.714,
        0,
        0.7,
        -22.823,
        1,
        0.844,
        -15.664,
        0.989,
        20.424,
        1.133,
        20.424,
        1,
        1.244,
        19.522,
        1.356,
        10.32,
        1.467,
        -0.932,
        1,
        1.534,
        -7.924,
        1.6,
        -15.111,
        1.667,
        -18.503
      ]
    },
    {
      "Target": "Parameter",
      "Id": "Head_AngleY",
      "Segments": [
        0,
        0,
        1,
        0.056,
        -5.207,
        0.111,
        -17.283,
        0.167,
        -17.283,
        1,
        0.245,
        -17.283,
        0.322,
        4.045,
        0.4,
        19.154,
        1,
        0.456,
        29.946,
        0.511,
        30,
        0.567,
        30,
        1,
        0.656,
        30,
        0.744,
        -1.403,
        0.833,
        -6.971,
        1,
        0.922,
        -12.538,
        1.011,
        -12.145,
        1.1,
        -12.145,
        1,
        1.289,
        -12.145,
        1.478,
        -6.294,
        1.667,
        -3.66
      ]
    },
    {
      "Target": "Parameter",
      "Id": "Head_Roll",
      "Segments": [
        0,
        0,
        0,
        0.833,
        -3.66,
        1,
        1.022,
        -3.66,
        1.211,
        -2.49,
        1.4,
        -1.446,
        1,
        1.489,
        -0.955,
        1.578,
        -0.99,
        1.667,
        -0.99
      ]
    },
    {
      "Target": "Parameter",
      "Id": "Head_RollY",
      "Segments": [
        0,
        0,
        1,
        0.067,
        -6.19,
        0.133,
        -12.84,
        0.2,
        -12.84,
        0,
        0.7,
        5.221,
        0,
        1.167,
        0,
        2,
        1.667,
        0
      ]
    },
    {
      "Target": "Parameter",
      "Id": "Eye_Ang",
      "Segments": [
        0,
        0,
        0,
        0.667,
        -25,
        2,
        1.667,
        -25
      ]
    },
    {
      "Target": "Parameter",
      "Id": "Ang_Form",
      "Segments": [
        0,
        0,
        2,
        0.533,
        0,
        0,
        0.667,
        1,
        2,
        1.667,
        1
      ]
    },
    {
      "Target": "Parameter",
      "Id": "AngY",
      "Segments": [
        0,
        0,
        0,
        0.567,
        30,
        0,
        0.667,
        0,
        2,
        1.667,
        0
      ]
    },
    {
      "Target": "Parameter",
      "Id": "Ang_Move",
      "Segments": [
        0,
        0,
        0,
        0.667,
        -22,
        2,
        1.667,
        -22
      ]
    },
    {
      "Target": "Parameter",
      "Id": "EyeBallY",
      "Segments": [
        0,
        0,
        2,
        0.133,
        0,
        0,
        0.6,
        -0.35,
        0,
        1.3,
        0.186,
        1,
        1.422,
        0.186,
        1.545,
        0.142,
        1.667,
        0.093
      ]
    },
    {
      "Target": "Parameter",
      "Id": "BrowRY",
      "Segments": [
        0,
        0,
        0,
        0.133,
        -0.6,
        0,
        0.367,
        0.671,
        0,
        0.667,
        -0.3,
        2,
        1.667,
        -0.3
      ]
    },
    {
      "Target": "Parameter",
      "Id": "BrowLY",
      "Segments": [
        0,
        0,
        0,
        0.133,
        -0.5,
        0,
        0.367,
        0.671,
        0,
        0.667,
        0,
        2,
        1.667,
        0
      ]
    },
    {
      "Target": "Parameter",
      "Id": "BrowR_Form",
      "Segments": [
        0,
        0,
        0,
        0.133,
        -0.9,
        0,
        0.367,
        -0.6,
        0,
        0.667,
        -1,
        2,
        1.667,
        -1
      ]
    },
    {
      "Target": "Parameter",
      "Id": "BrowL_Form",
      "Segments": [
        0,
        0,
        0,
        0.133,
        -0.9,
        0,
        0.367,
        -0.6,
        0,
        0.667,
        -1,
        2,
        1.667,
        -1
      ]
    },
    {
      "Target": "Parameter",
      "Id": "BrowR_Form2",
      "Segments": [
        0,
        0,
        2,
        0.367,
        0,
        0,
        0.667,
        -30,
        2,
        1.667,
        -30
      ]
    },
    {
      "Target": "Parameter",
      "Id": "BrowL_Form2",
      "Segments": [
        0,
        0,
        2,
        0.367,
        0,
        0,
        0.667,
        -30,
        2,
        1.667,
        -30
      ]
    },
    {
      "Target": "Parameter",
      "Id": "EyeR_Open",
      "Segments": [
        0,
        1,
        0,
        0.033,
        0,
        2,
        0.133,
        0,
        0,
        0.367,
        1,
        2,
        1.667,
        1
      ]
    },
    {
      "Target": "Parameter",
      "Id": "EyeL_Open",
      "Segments": [
        0,
        1,
        0,
        0.033,
        0,
        2,
        0.133,
        0,
        0,
        0.367,
        1,
        2,
        1.667,
        1
      ]
    },
    {
      "Target": "Parameter",
      "Id": "EyeR_Smile",
      "Segments": [
        0,
        0,
        2,
        0.133,
        0,
        0,
        0.367,
        30,
        0,
        0.933,
        7,
        2,
        1.667,
        7
      ]
    },
    {
      "Target": "Parameter",
      "Id": "EyeL_Smile",
      "Segments": [
        0,
        0,
        2,
        0.133,
        0,
        0,
        0.367,
        30,
        0,
        0.933,
        8,
        2,
        1.667,
        8
      ]
    },
    {
      "Target": "Parameter",
      "Id": "MouthY",
      "Segments": [
        0,
        0,
        0,
        1.667,
        11
      ]
    },
    {
      "Target": "Parameter",
      "Id": "MouthForm2",
      "Segments": [
        0,
        0,
        0,
        0.367,
        -0.3,
        2,
        0.633,
        -0.3,
        0,
        1.667,
        0
      ]
    },
    {
      "Target": "Parameter",
      "Id": "MouthForm",
      "Segments": [
        0,
        0,
        1,
        0.022,
        0,
        0.045,
        -0.083,
        0.067,
        -0.1,
        1,
        0.167,
        -0.178,
        0.267,
        -0.2,
        0.367,
        -0.2,
        0,
        1.667,
        0
      ]
    },
    {
      "Target": "Parameter",
      "Id": "HairFront_Move",
      "Segments": [
        0,
        0,
        1,
        0.111,
        0,
        0.222,
        -0.859,
        0.333,
        -0.91,
        1,
        0.378,
        -0.942,
        0.422,
        -0.91,
        0.467,
        -0.804,
        1,
        0.556,
        -0.597,
        0.644,
        -0.091,
        0.733,
        0.222,
        1,
        0.778,
        0.335,
        0.822,
        0.389,
        0.867,
        0.389,
        1,
        0.989,
        0.389,
        1.111,
        -0.444,
        1.233,
        -0.44,
        0,
        1.567,
        0,
        1,
        1.6,
        0.167,
        1.634,
        0.274,
        1.667,
        0.389
      ]
    },
    {
      "Target": "Parameter",
      "Id": "HairSideR_Move",
      "Segments": [
        0,
        0,
        0,
        0.233,
        -30,
        0,
        0.8,
        16.478,
        0,
        1.3,
        -22.929,
        1,
        1.422,
        -22.929,
        1.545,
        -21.9,
        1.667,
        -12.172
      ]
    },
    {
      "Target": "Parameter",
      "Id": "HairSideL_Move",
      "Segments": [
        0,
        0,
        0,
        0.333,
        -1,
        0,
        0.833,
        0.645,
        0,
        1.267,
        -0.812,
        1,
        1.4,
        -0.812,
        1.534,
        -0.532,
        1.667,
        -0.066
      ]
    },
    {
      "Target": "Parameter",
      "Id": "HairBack_Move",
      "Segments": [
        0,
        0,
        0,
        0.7,
        -0.88,
        0,
        1.467,
        0.807,
        1,
        1.534,
        0.807,
        1.6,
        0.726,
        1.667,
        0.521
      ]
    },
    {
      "Target": "Parameter",
      "Id": "ShoulderRY",
      "Segments": [
        0,
        0,
        2,
        0.067,
        0,
        0,
        0.4,
        30,
        2,
        0.667,
        30,
        0,
        0.9,
        0,
        2,
        1.667,
        0
      ]
    },
    {
      "Target": "Parameter",
      "Id": "ShoulderLY",
      "Segments": [
        0,
        0,
        2,
        0.067,
        0,
        0,
        0.4,
        30,
        2,
        0.667,
        30,
        0,
        0.9,
        19,
        2,
        1.667,
        19
      ]
    },
    {
      "Target": "Parameter",
      "Id": "ShoulderR_Roll",
      "Segments": [
        0,
        0,
        1,
        0.022,
        0,
        0.045,
        -2.68,
        0.067,
        -5.31,
        1,
        0.178,
        -18.458,
        0.289,
        -39.265,
        0.4,
        -42.892,
        1,
        0.478,
        -45.431,
        0.555,
        -45,
        0.633,
        -45,
        0,
        0.9,
        -34.732,
        0,
        1.133,
        -35.74,
        2,
        1.667,
        -35.74
      ]
    },
    {
      "Target": "Parameter",
      "Id": "ShoulderL_Roll",
      "Segments": [
        0,
        36.68,
        0,
        0.1,
        16.625,
        1,
        0.2,
        16.625,
        0.3,
        39.142,
        0.4,
        42.688,
        1,
        0.478,
        45.446,
        0.555,
        45,
        0.633,
        45,
        0,
        0.9,
        37.849,
        0,
        1.133,
        38.78,
        2,
        1.667,
        38.78
      ]
    },
    {
      "Target": "Parameter",
      "Id": "ArmR_Roll",
      "Segments": [
        0,
        0,
        1,
        0.022,
        0,
        0.045,
        1.778,
        0.067,
        3.2,
        1,
        0.167,
        9.6,
        0.267,
        18.125,
        0.367,
        21.157,
        1,
        0.456,
        23.852,
        0.544,
        23.983,
        0.633,
        26.614,
        1,
        0.722,
        29.245,
        0.811,
        42.874,
        0.9,
        42.88,
        1,
        1.156,
        42.898,
        1.411,
        42.9,
        1.667,
        42.9
      ]
    },
    {
      "Target": "Parameter",
      "Id": "ArmL_Roll",
      "Segments": [
        0,
        -39.15,
        0,
        0.1,
        -15.525,
        1,
        0.167,
        -15.525,
        0.233,
        -18.195,
        0.3,
        -19.807,
        1,
        0.411,
        -22.492,
        0.522,
        -23.07,
        0.633,
        -26.312,
        1,
        0.722,
        -28.905,
        0.811,
        -42.925,
        0.9,
        -42.925,
        1,
        1.156,
        -42.925,
        1.411,
        -42.96,
        1.667,
        -42.9
      ]
    },
    {
      "Target": "Parameter",
      "Id": "ArmR_Form",
      "Segments": [
        0,
        0,
        1,
        0.044,
        0,
        0.089,
        -26.991,
        0.133,
        -27.48,
        1,
        0.222,
        -28.111,
        0.311,
        -26.482,
        0.4,
        -26,
        1,
        0.478,
        -25.55,
        0.555,
        -25.605,
        0.633,
        -25.124,
        1,
        0.722,
        -24.575,
        0.811,
        -21.226,
        0.9,
        -21.22,
        1,
        1.156,
        -21.202,
        1.411,
        -21.2,
        1.667,
        -21.2
      ]
    },
    {
      "Target": "Parameter",
      "Id": "ArmL_Form",
      "Segments": [
        0,
        -15,
        0,
        0.133,
        -13,
        0,
        0.4,
        -19,
        1,
        0.478,
        -19,
        0.555,
        -18.835,
        0.633,
        -17.464,
        1,
        0.722,
        -15.897,
        0.811,
        -10.626,
        0.9,
        -10.62,
        1,
        1.156,
        -10.602,
        1.411,
        -10.6,
        1.667,
        -10.6
      ]
    },
    {
      "Target": "Parameter",
      "Id": "ArmR_Form2",
      "Segments": [
        0,
        0,
        1,
        0.022,
        0,
        0.045,
        -0.226,
        0.067,
        -1,
        1,
        0.178,
        -4.868,
        0.289,
        -12.339,
        0.4,
        -13,
        1,
        0.478,
        -13.463,
        0.555,
        -13.228,
        0.633,
        -13.652,
        1,
        0.722,
        -14.136,
        0.811,
        -19.66,
        0.9,
        -19.66,
        1,
        0.944,
        -19.66,
        0.989,
        -19.158,
        1.033,
        -19.15,
        1,
        1.244,
        -19.11,
        1.456,
        -19.1,
        1.667,
        -19.1
      ]
    },
    {
      "Target": "Parameter",
      "Id": "ArmL_Form2",
      "Segments": [
        0,
        -8.78,
        0,
        0.133,
        -4,
        1,
        0.189,
        -4,
        0.244,
        -8.487,
        0.3,
        -10.682,
        1,
        0.333,
        -11.999,
        0.367,
        -12.516,
        0.4,
        -13,
        1,
        0.478,
        -14.13,
        0.555,
        -14.469,
        0.633,
        -14.469,
        1,
        0.722,
        -14.469,
        0.811,
        -14.444,
        0.9,
        -14.14,
        1,
        0.944,
        -13.988,
        0.989,
        -13.06,
        1.033,
        -13.06,
        1,
        1.244,
        -13.06,
        1.456,
        -12.993,
        1.667,
        -13.1
      ]
    },
    {
      "Target": "Parameter",
      "Id": "ArmR_Sup_Form",
      "Segments": [
        0,
        0,
        0,
        0.8,
        -30,
        2,
        1.667,
        -30
      ]
    },
    {
      "Target": "Parameter",
      "Id": "ArmL_Sup_Form",
      "Segments": [
        0,
        0,
        1,
        0.022,
        0,
        0.045,
        -3.146,
        0.067,
        -5,
        1,
        0.211,
        -17.049,
        0.356,
        -22,
        0.5,
        -22,
        0,
        0.8,
        0,
        2,
        1.667,
        0
      ]
    },
    {
      "Target": "Parameter",
      "Id": "HandR_Roll",
      "Segments": [
        0,
        0,
        1,
        0.022,
        0,
        0.045,
        5.239,
        0.067,
        5.286,
        1,
        0.356,
        6.09,
        0.644,
        4.2,
        0.933,
        4.2,
        0,
        1.667,
        7.26
      ]
    },
    {
      "Target": "Parameter",
      "Id": "HandL_Roll",
      "Segments": [
        0,
        -22,
        1,
        0.011,
        -22,
        0.022,
        -9.348,
        0.033,
        -8,
        1,
        0.1,
        -2.095,
        0.166,
        0,
        0.233,
        0,
        1,
        0.466,
        0,
        0.7,
        -9.505,
        0.933,
        -12.84,
        1,
        1.178,
        -16.334,
        1.422,
        -16.26,
        1.667,
        -16.26
      ]
    },
    {
      "Target": "Parameter",
      "Id": "HandR_move",
      "Segments": [
        0,
        0,
        0,
        0.933,
        -14,
        2,
        1.667,
        -14
      ]
    },
    {
      "Target": "Parameter",
      "Id": "HandL_move",
      "Segments": [
        0,
        -30,
        0,
        0.933,
        -14,
        2,
        1.667,
        -14
      ]
    },
    {
      "Target": "Parameter",
      "Id": "LegR_Roll",
      "Segments": [
        0,
        0,
        2,
        0.2,
        0,
        0,
        0.5,
        -19.9,
        2,
        1.667,
        -19.9
      ]
    },
    {
      "Target": "Parameter",
      "Id": "LegL_Roll",
      "Segments": [
        0,
        14,
        2,
        0.2,
        14,
        0,
        0.5,
        29.56,
        2,
        1.667,
        29.56
      ]
    },
    {
      "Target": "PartOpacity",
      "Id": "Part",
      "Segments": [
        0,
        1,
        2,
        1.67,
        1
      ]
    },
    {
      "Target": "PartOpacity",
      "Id": "Part2",
      "Segments": [
        0,
        1,
        2,
        1.67,
        1
      ]
    },
    {
      "Target": "PartOpacity",
      "Id": "Part3",
      "Segments": [
        0,
        1,
        2,
        1.67,
        1
      ]
    },
    {
      "Target": "PartOpacity",
      "Id": "Part23",
      "Segments": [
        0,
        1,
        2,
        1.67,
        1
      ]
    },
    {
      "Target": "PartOpacity",
      "Id": "Part4",
      "Segments": [
        0,
        1,
        2,
        1.67,
        1
      ]
    },
    {
      "Target": "PartOpacity",
      "Id": "Part29",
      "Segments": [
        0,
        1,
        2,
        0.13,
        0,
        2,
        1.67,
        0
      ]
    },
    {
      "Target": "PartOpacity",
      "Id": "Part5",
      "Segments": [
        0,
        0,
        2,
        0.13,
        0,
        2,
        1.67,
        0
      ]
    },
    {
      "Target": "PartOpacity",
      "Id": "Part6",
      "Segments": [
        0,
        0,
        2,
        0.13,
        0,
        2,
        1.67,
        0
      ]
    },
    {
      "Target": "PartOpacity",
      "Id": "Part7",
      "Segments": [
        0,
        0,
        2,
        0.13,
        1,
        2,
        1.67,
        1
      ]
    },
    {
      "Target": "PartOpacity",
      "Id": "Part8",
      "Segments": [
        0,
        0,
        2,
        0.13,
        0,
        2,
        1.67,
        0
      ]
    },
    {
      "Target": "PartOpacity",
      "Id": "Part9",
      "Segments": [
        0,
        1,
        2,
        1.67,
        1
      ]
    },
    {
      "Target": "PartOpacity",
      "Id": "Part14",
      "Segments": [
        0,
        0,
        2,
        1.67,
        0
      ]
    },
    {
      "Target": "PartOpacity",
      "Id": "Part24",
      "Segments": [
        0,
        0,
        2,
        1.67,
        0
      ]
    },
    {
      "Target": "PartOpacity",
      "Id": "Part16",
      "Segments": [
        0,
        0,
        2,
        1.67,
        0
      ]
    },
    {
      "Target": "PartOpacity",
      "Id": "Part18",
      "Segments": [
        0,
        0,
        2,
        1.67,
        0
      ]
    },
    {
      "Target": "PartOpacity",
      "Id": "Part10",
      "Segments": [
        0,
        1,
        2,
        1.67,
        1
      ]
    },
    {
      "Target": "PartOpacity",
      "Id": "Part11",
      "Segments": [
        0,
        1,
        2,
        1.67,
        1
      ]
    },
    {
      "Target": "PartOpacity",
      "Id": "Part12",
      "Segments": [
        0,
        1,
        2,
        1.67,
        1
      ]
    },
    {
      "Target": "PartOpacity",
      "Id": "Part13",
      "Segments": [
        0,
        1,
        2,
        1.67,
        1
      ]
    },
    {
      "Target": "PartOpacity",
      "Id": "Part17",
      "Segments": [
        0,
        1,
        2,
        1.67,
        1
      ]
    },
    {
      "Target": "PartOpacity",
      "Id": "Part19",
      "Segments": [
        0,
        1,
        2,
        0.13,
        0,
        2,
        1.67,
        0
      ]
    },
    {
      "Target": "PartOpacity",
      "Id": "Part15",
      "Segments": [
        0,
        0,
        2,
        0.13,
        1,
        2,
        1.67,
        1
      ]
    },
    {
      "Target": "PartOpacity",
      "Id": "Part22",
      "Segments": [
        0,
        1,
        2,
        1.67,
        1
      ]
    },
    {
      "Target": "PartOpacity",
      "Id": "Part20",
      "Segments": [
        0,
        1,
        2,
        1.67,
        1
      ]
    },
    {
      "Target": "PartOpacity",
      "Id": "Part21",
      "Segments": [
        0,
        1,
        2,
        1.67,
        1
      ]
    },
    {
      "Target": "Parameter",
      "Id": "BodyPoX",
      "Segments": [
        0,
        0,
        0,
        1.67,
        0
      ]
    },
    {
      "Target": "Parameter",
      "Id": "Head_AngleX",
      "Segments": [
        0,
        0,
        0,
        1.67,
        0
      ]
    },
    {
      "Target": "Parameter",
      "Id": "Wet_On",
      "Segments": [
        0,
        0,
        0,
        1.67,
        0
      ]
    },
    {
      "Target": "Parameter",
      "Id": "EyeBallX",
      "Segments": [
        0,
        0,
        0,
        1.67,
        0
      ]
    },
    {
      "Target": "Parameter",
      "Id": "EyeBall_size",
      "Segments": [
        0,
        0,
        0,
        1.67,
        0
      ]
    },
    {
      "Target": "Parameter",
      "Id": "BrowR_Angle",
      "Segments": [
        0,
        0,
        0,
        1.67,
        0
      ]
    },
    {
      "Target": "Parameter",
      "Id": "BrowL_Angle",
      "Segments": [
        0,
        0,
        0,
        1.67,
        0
      ]
    },
    {
      "Target": "Parameter",
      "Id": "Mouth_Open",
      "Segments": [
        0,
        1,
        0,
        1.67,
        1
      ]
    },
    {
      "Target": "Parameter",
      "Id": "Mouth_Size",
      "Segments": [
        0,
        0.5,
        0,
        1.67,
        0.5
      ]
    },
    {
      "Target": "Parameter",
      "Id": "FinR_move",
      "Segments": [
        0,
        0,
        0,
        1.67,
        0
      ]
    },
    {
      "Target": "Parameter",
      "Id": "FinR_move2",
      "Segments": [
        0,
        0,
        0,
        1.67,
        0
      ]
    }
  ],
  "UserData": [
    {
      "Time": 0.0,
      "Value": ""
    }
  ]
}