{
  "Version": 3,
  "Meta": {
    "Duration": 2.0,
    "Fps": 30.0,
    "Loop": true,
    "AreBeziersRestricted": true,
    "CurveCount": 88,
    "TotalSegmentCount": 216,
    "TotalPointCount": 324,
    "UserDataCount": 1,
    "TotalUserDataSize": 0
  },
  "Curves": [
    {
      "Target": "Parameter",
      "Id": "Breath",
      "Segments": [
        0,
        0,
        0,
        0.7,
        0.634,
        0,
        1.333,
        0,
        0,
        2,
        0.403
      ]
    },
    {
      "Target": "Parameter",
      "Id": "BodyX",
      "Segments": [
        0,
        0,
        2,
        0.233,
        0,
        1,
        0.389,
        0,
        0.544,
        -26.536,
        0.7,
        -28,
        1,
        0.922,
        -30.091,
        1.145,
        -30,
        1.367,
        -30,
        1,
        1.578,
        -30,
        1.789,
        -29.065,
        2,
        -27.193
      ]
    },
    {
      "Target": "Parameter",
      "Id": "Body_Pose1",
      "Segments": [
        0,
        0,
        2,
        0.233,
        0,
        0,
        0.7,
        21,
        0,
        1.5,
        11.679,
        1,
        1.667,
        11.679,
        1.833,
        13.995,
        2,
        17.989
      ]
    },
    {
      "Target": "Parameter",
      "Id": "BodyY",
      "Segments": [
        0,
        0,
        0,
        0.233,
        -20.7,
        0,
        0.467,
        3.39,
        1,
        0.545,
        3.39,
        0.622,
        1.404,
        0.7,
        0,
        1,
        0.933,
        -4.211,
        1.167,
        -5.64,
        1.4,
        -5.64,
        0,
        2,
        0
      ]
    },
    {
      "Target": "Parameter",
      "Id": "Waist_Roll",
      "Segments": [
        0,
        0,
        0,
        0.233,
        -1.26,
        1,
        0.389,
        -1.26,
        0.544,
        9.538,
        0.7,
        10.06,
        1,
        0.989,
        11.428,
        1.278,
        11.464,
        1.567,
        11.464,
        1,
        1.711,
        11.464,
        1.856,
        11.112,
        2,
        10.943
      ]
    },
    {
      "Target": "Parameter",
      "Id": "Sub_move",
      "Segments": [
        0,
        0,
        1,
        0.067,
        4.458,
        0.133,
        8.586,
        0.2,
        8.793,
        0,
        0.7,
        -2.149,
        1,
        0.767,
        -2.149,
        0.833,
        -0.567,
        0.9,
        4.696,
        1,
        1.1,
        20.486,
        1.3,
        29.7,
        1.5,
        29.7,
        1,
        1.667,
        29.7,
        1.833,
        22.346,
        2,
        17.701
      ]
    },
    {
      "Target": "Parameter",
      "Id": "JacketL_Move",
      "Segments": [
        0,
        0,
        1,
        0.122,
        -11.449,
        0.245,
        -26.419,
        0.367,
        -26.419,
        1,
        0.522,
        -26.419,
        0.678,
        -26.65,
        0.833,
        -15.102,
        1,
        1,
        -2.729,
        1.166,
        30,
        1.333,
        30,
        1,
        1.455,
        30,
        1.578,
        25.045,
        1.7,
        17.058,
        1,
        1.8,
        10.523,
        1.9,
        4.199,
        2,
        -0.951
      ]
    },
    {
      "Target": "Parameter",
      "Id": "JacketR_Move",
      "Segments": [
        0,
        0,
        1,
        0.122,
        -14.407,
        0.245,
        -29.714,
        0.367,
        -29.714,
        1,
        0.5,
        -29.714,
        0.634,
        -30.584,
        0.767,
        -22.823,
        1,
        0.945,
        -12.475,
        1.122,
        20.424,
        1.3,
        20.424,
        1,
        1.411,
        19.522,
        1.522,
        12.245,
        1.633,
        3.931,
        1,
        1.755,
        -3.767,
        1.878,
        -9.493,
        2,
        -13.878
      ]
    },
    {
      "Target": "Parameter",
      "Id": "Head_AngleX",
      "Segments": [
        0,
        0,
        2,
        0.2,
        0,
        0,
        0.733,
        -1.4,
        2,
        2,
        -1.4
      ]
    },
    {
      "Target": "Parameter",
      "Id": "Head_AngleY",
      "Segments": [
        0,
        0,
        0,
        0.2,
        -18.6,
        0,
        0.4,
        13.238,
        1,
        0.511,
        13.238,
        0.622,
        -3.248,
        0.733,
        -6.76,
        1,
        0.911,
        -12.379,
        1.089,
        -12.881,
        1.267,
        -12.881,
        1,
        1.511,
        -12.881,
        1.756,
        -8.471,
        2,
        -2.173
      ]
    },
    {
      "Target": "Parameter",
      "Id": "Head_Roll",
      "Segments": [
        0,
        0,
        0,
        0.2,
        -2.52,
        0,
        0.367,
        -1.558,
        1,
        0.478,
        -1.558,
        0.589,
        -11.451,
        0.7,
        -11.88,
        1,
        0.878,
        -12.566,
        1.055,
        -12.54,
        1.233,
        -12.54,
        1,
        1.489,
        -12.54,
        1.744,
        -11.748,
        2,
        -10.4
      ]
    },
    {
      "Target": "Parameter",
      "Id": "Head_RollY",
      "Segments": [
        0,
        0,
        0,
        0.2,
        -24.36,
        0,
        0.467,
        6,
        1,
        0.545,
        6,
        0.622,
        -18.885,
        0.7,
        -18.888,
        1,
        0.967,
        -18.898,
        1.233,
        -18.9,
        1.5,
        -18.9,
        1,
        1.667,
        -18.9,
        1.833,
        -16.35,
        2,
        -13.717
      ]
    },
    {
      "Target": "Parameter",
      "Id": "EyeBallY",
      "Segments": [
        0,
        0,
        2,
        0.3,
        0,
        0,
        0.5,
        -0.35,
        0,
        0.7,
        0,
        2,
        2,
        0
      ]
    },
    {
      "Target": "Parameter",
      "Id": "EyeBall_size",
      "Segments": [
        0,
        0,
        2,
        0.267,
        0,
        0,
        0.467,
        -24,
        0,
        0.7,
        0,
        2,
        2,
        0
      ]
    },
    {
      "Target": "Parameter",
      "Id": "BrowRY",
      "Segments": [
        0,
        0,
        0,
        0.7,
        0.5,
        2,
        2,
        0.5
      ]
    },
    {
      "Target": "Parameter",
      "Id": "BrowLY",
      "Segments": [
        0,
        0,
        0,
        0.7,
        0.5,
        2,
        2,
        0.5
      ]
    },
    {
      "Target": "Parameter",
      "Id": "BrowR_Form",
      "Segments": [
        0,
        0,
        0,
        0.267,
        -0.3,
        0,
        0.7,
        1,
        2,
        2,
        1
      ]
    },
    {
      "Target": "Parameter",
      "Id": "BrowL_Form",
      "Segments": [
        0,
        0,
        0,
        0.267,
        -0.3,
        0,
        0.7,
        1,
        2,
        2,
        1
      ]
    },
    {
      "Target": "Parameter",
      "Id": "EyeR_Open",
      "Segments": [
        0,
        1,
        0,
        0.167,
        0,
        2,
        0.233,
        0,
        0,
        0.4,
        1,
        2,
        2,
        1
      ]
    },
    {
      "Target": "Parameter",
      "Id": "EyeL_Open",
      "Segments": [
        0,
        1,
        0,
        0.167,
        0,
        2,
        0.233,
        0,
        0,
        0.4,
        1,
        2,
        2,
        1
      ]
    },
    {
      "Target": "Parameter",
      "Id": "EyeR_Smile",
      "Segments": [
        0,
        0,
        0,
        0.7,
        30,
        2,
        2,
        30
      ]
    },
    {
      "Target": "Parameter",
      "Id": "EyeL_Smile",
      "Segments": [
        0,
        0,
        0,
        0.7,
        30,
        2,
        2,
        30
      ]
    },
    {
      "Target": "Parameter",
      "Id": "MouthForm2",
      "Segments": [
        0,
        0,
        0,
        0.367,
        -1,
        0,
        1.1,
        0,
        2,
        2,
        0
      ]
    },
    {
      "Target": "Parameter",
      "Id": "MouthForm",
      "Segments": [
        0,
        0,
        0,
        0.367,
        -0.3,
        0,
        1.1,
        0,
        2,
        2,
        0
      ]
    },
    {
      "Target": "Parameter",
      "Id": "Mouth_Size",
      "Segments": [
        0,
        0.5,
        0,
        0.367,
        0.3,
        2,
        1.1,
        0.3,
        2,
        2,
        0.3
      ]
    },
    {
      "Target": "Parameter",
      "Id": "HairFront_Move",
      "Segments": [
        0,
        0,
        1,
        0.189,
        -0.268,
        0.378,
        -0.496,
        0.567,
        -0.496,
        1,
        0.767,
        -0.496,
        0.967,
        -0.216,
        1.167,
        0,
        1,
        1.3,
        0.231,
        1.434,
        0.373,
        1.567,
        0.373,
        1,
        1.711,
        0.369,
        1.856,
        0.276,
        2,
        0
      ]
    },
    {
      "Target": "Parameter",
      "Id": "HairSideR_Move",
      "Segments": [
        0,
        0,
        0,
        0.4,
        -30,
        0,
        0.967,
        16.478,
        0,
        1.467,
        -22.929,
        1,
        1.645,
        -22.929,
        1.822,
        -21.962,
        2,
        -12.172
      ]
    },
    {
      "Target": "Parameter",
      "Id": "HairSideL_Move",
      "Segments": [
        0,
        0,
        0,
        0.5,
        -1,
        0,
        1,
        0.645,
        0,
        1.433,
        -0.812,
        1,
        1.622,
        -0.812,
        1.811,
        -0.442,
        2,
        -0.066
      ]
    },
    {
      "Target": "Parameter",
      "Id": "HairBack_Move",
      "Segments": [
        0,
        0,
        0,
        0.767,
        -0.88,
        0,
        1.633,
        0.807,
        1,
        1.755,
        0.807,
        1.878,
        0.814,
        2,
        0.521
      ]
    },
    {
      "Target": "Parameter",
      "Id": "ShoulderRY",
      "Segments": [
        0,
        0,
        0,
        0.4,
        25,
        0,
        0.7,
        0,
        2,
        2,
        0
      ]
    },
    {
      "Target": "Parameter",
      "Id": "ShoulderLY",
      "Segments": [
        0,
        0,
        0,
        0.4,
        30,
        2,
        2,
        30
      ]
    },
    {
      "Target": "Parameter",
      "Id": "ShoulderR_Roll",
      "Segments": [
        0,
        0,
        1,
        0.056,
        0,
        0.111,
        -1.245,
        0.167,
        -10.92,
        1,
        0.278,
        -30.269,
        0.389,
        -45.974,
        0.5,
        -45.974,
        0,
        1.233,
        -41.241,
        0,
        2,
        -45.321
      ]
    },
    {
      "Target": "Parameter",
      "Id": "ShoulderL_Roll",
      "Segments": [
        0,
        36.68,
        0,
        0.167,
        23.329,
        0,
        0.367,
        31.727,
        1,
        0.422,
        31.727,
        0.478,
        28.481,
        0.533,
        27.898,
        1,
        0.633,
        26.85,
        0.733,
        26.506,
        0.833,
        25.64,
        1,
        0.966,
        24.485,
        1.1,
        23.686,
        1.233,
        23.686,
        0,
        2,
        26.601
      ]
    },
    {
      "Target": "Parameter",
      "Id": "ArmR_Roll",
      "Segments": [
        0,
        0,
        1,
        0.056,
        0,
        0.111,
        1.496,
        0.167,
        5.143,
        1,
        0.278,
        12.465,
        0.389,
        55.932,
        0.5,
        59.763,
        1,
        0.622,
        63.714,
        0.745,
        61.358,
        0.867,
        59.057,
        1,
        1.056,
        55.71,
        1.244,
        54.864,
        1.433,
        54.864,
        1,
        1.622,
        54.864,
        1.811,
        55.689,
        2,
        57.4
      ]
    },
    {
      "Target": "Parameter",
      "Id": "ArmL_Roll",
      "Segments": [
        0,
        -39.15,
        0,
        0.167,
        -27.929,
        0,
        0.5,
        -70,
        1,
        0.611,
        -70,
        0.722,
        -67.576,
        0.833,
        -67.375,
        1,
        0.978,
        -67.114,
        1.122,
        -67.141,
        1.267,
        -67.141,
        0,
        2,
        -68.163
      ]
    },
    {
      "Target": "Parameter",
      "Id": "ArmR_Form",
      "Segments": [
        0,
        0,
        2,
        0.1,
        0,
        0,
        0.5,
        -37,
        0,
        1.4,
        -34.66,
        0,
        2,
        -37
      ]
    },
    {
      "Target": "Parameter",
      "Id": "ArmL_Form",
      "Segments": [
        0,
        -15,
        0,
        0.7,
        -24,
        0,
        1.4,
        -22.66,
        1,
        1.6,
        -22.66,
        1.8,
        -23.421,
        2,
        -24
      ]
    },
    {
      "Target": "Parameter",
      "Id": "ArmR_Form2",
      "Segments": [
        0,
        0,
        0,
        0.7,
        -28,
        2,
        2,
        -28
      ]
    },
    {
      "Target": "Parameter",
      "Id": "ArmL_Form2",
      "Segments": [
        0,
        -8.78,
        0,
        0.7,
        -13.99,
        2,
        2,
        -13.99
      ]
    },
    {
      "Target": "Parameter",
      "Id": "ArmR_Sup_Form",
      "Segments": [
        0,
        0,
        0,
        0.7,
        -30,
        2,
        2,
        -30
      ]
    },
    {
      "Target": "Parameter",
      "Id": "ArmL_Sup_Form",
      "Segments": [
        0,
        0,
        0,
        0.7,
        -10,
        2,
        2,
        -10
      ]
    },
    {
      "Target": "Parameter",
      "Id": "HandR_Roll",
      "Segments": [
        0,
        0,
        1,
        0.056,
        0,
        0.111,
        5.904,
        0.167,
        8.436,
        1,
        0.345,
        16.54,
        0.522,
        19,
        0.7,
        19,
        0,
        1.333,
        17.056,
        0,
        2,
        21.077
      ]
    },
    {
      "Target": "Parameter",
      "Id": "HandL_Roll",
      "Segments": [
        0,
        -22,
        0,
        0.167,
        10.485,
        0,
        0.633,
        -0.744,
        0,
        1.233,
        5.168,
        0,
        2,
        -0.177
      ]
    },
    {
      "Target": "Parameter",
      "Id": "HandR_move",
      "Segments": [
        0,
        0,
        0,
        0.7,
        30,
        0,
        1.3,
        -19.196,
        0,
        2,
        30
      ]
    },
    {
      "Target": "Parameter",
      "Id": "HandL_move",
      "Segments": [
        0,
        -30,
        0,
        0.7,
        30,
        0,
        1.3,
        -19.196,
        0,
        2,
        30
      ]
    },
    {
      "Target": "Parameter",
      "Id": "LegL_Roll",
      "Segments": [
        0,
        14,
        2,
        0.267,
        14,
        0,
        0.867,
        30,
        2,
        2,
        30
      ]
    },
    {
      "Target": "PartOpacity",
      "Id": "Part",
      "Segments": [
        0,
        1,
        2,
        2,
        1
      ]
    },
    {
      "Target": "PartOpacity",
      "Id": "Part2",
      "Segments": [
        0,
        1,
        2,
        2,
        1
      ]
    },
    {
      "Target": "PartOpacity",
      "Id": "Part3",
      "Segments": [
        0,
        1,
        2,
        2,
        1
      ]
    },
    {
      "Target": "PartOpacity",
      "Id": "Part23",
      "Segments": [
        0,
        0,
        2,
        2,
        0
      ]
    },
    {
      "Target": "PartOpacity",
      "Id": "Part4",
      "Segments": [
        0,
        1,
        2,
        2,
        1
      ]
    },
    {
      "Target": "PartOpacity",
      "Id": "Part29",
      "Segments": [
        0,
        1,
        2,
        0.2,
        0,
        2,
        2,
        0
      ]
    },
    {
      "Target": "PartOpacity",
      "Id": "Part5",
      "Segments": [
        0,
        0,
        2,
        0.2,
        1,
        2,
        0.4,
        0,
        2,
        2,
        0
      ]
    },
    {
      "Target": "PartOpacity",
      "Id": "Part6",
      "Segments": [
        0,
        0,
        2,
        0.2,
        0,
        2,
        0.4,
        1,
        2,
        2,
        1
      ]
    },
    {
      "Target": "PartOpacity",
      "Id": "Part7",
      "Segments": [
        0,
        0,
        2,
        0.2,
        0,
        2,
        2,
        0
      ]
    },
    {
      "Target": "PartOpacity",
      "Id": "Part8",
      "Segments": [
        0,
        0,
        2,
        2,
        0
      ]
    },
    {
      "Target": "PartOpacity",
      "Id": "Part9",
      "Segments": [
        0,
        1,
        2,
        2,
        1
      ]
    },
    {
      "Target": "PartOpacity",
      "Id": "Part14",
      "Segments": [
        0,
        0,
        2,
        0.23,
        1,
        2,
        2,
        1
      ]
    },
    {
      "Target": "PartOpacity",
      "Id": "Part24",
      "Segments": [
        0,
        0,
        2,
        0.23,
        1,
        2,
        2,
        1
      ]
    },
    {
      "Target": "PartOpacity",
      "Id": "Part16",
      "Segments": [
        0,
        0,
        2,
        2,
        0
      ]
    },
    {
      "Target": "PartOpacity",
      "Id": "Part18",
      "Segments": [
        0,
        0,
        2,
        2,
        0
      ]
    },
    {
      "Target": "PartOpacity",
      "Id": "Part10",
      "Segments": [
        0,
        1,
        2,
        2,
        1
      ]
    },
    {
      "Target": "PartOpacity",
      "Id": "Part11",
      "Segments": [
        0,
        1,
        2,
        2,
        1
      ]
    },
    {
      "Target": "PartOpacity",
      "Id": "Part12",
      "Segments": [
        0,
        1,
        2,
        2,
        1
      ]
    },
    {
      "Target": "PartOpacity",
      "Id": "Part13",
      "Segments": [
        0,
        1,
        2,
        2,
        1
      ]
    },
    {
      "Target": "PartOpacity",
      "Id": "Part17",
      "Segments": [
        0,
        1,
        2,
        0.23,
        0,
        2,
        2,
        0
      ]
    },
    {
      "Target": "PartOpacity",
      "Id": "Part19",
      "Segments": [
        0,
        1,
        2,
        2,
        1
      ]
    },
    {
      "Target": "PartOpacity",
      "Id": "Part15",
      "Segments": [
        0,
        0,
        2,
        2,
        0
      ]
    },
    {
      "Target": "PartOpacity",
      "Id": "Part22",
      "Segments": [
        0,
        1,
        2,
        2,
        1
      ]
    },
    {
      "Target": "PartOpacity",
      "Id": "Part20",
      "Segments": [
        0,
        1,
        2,
        2,
        1
      ]
    },
    {
      "Target": "PartOpacity",
      "Id": "Part21",
      "Segments": [
        0,
        1,
        2,
        2,
        1
      ]
    },
    {
      "Target": "Parameter",
      "Id": "BodyPoX",
      "Segments": [
        0,
        0,
        0,
        2,
        0
      ]
    },
    {
      "Target": "Parameter",
      "Id": "Body_Shaking",
      "Segments": [
        0,
        0,
        0,
        2,
        0
      ]
    },
    {
      "Target": "Parameter",
      "Id": "Eye_Ang",
      "Segments": [
        0,
        0,
        0,
        2,
        0
      ]
    },
    {
      "Target": "Parameter",
      "Id": "Ang_Form",
      "Segments": [
        0,
        0,
        0,
        2,
        0
      ]
    },
    {
      "Target": "Parameter",
      "Id": "AngY",
      "Segments": [
        0,
        0,
        0,
        2,
        0
      ]
    },
    {
      "Target": "Parameter",
      "Id": "Wet_On",
      "Segments": [
        0,
        0,
        0,
        2,
        0
      ]
    },
    {
      "Target": "Parameter",
      "Id": "Ang_Move",
      "Segments": [
        0,
        0,
        0,
        2,
        0
      ]
    },
    {
      "Target": "Parameter",
      "Id": "EyeBallX",
      "Segments": [
        0,
        0,
        0,
        2,
        0
      ]
    },
    {
      "Target": "Parameter",
      "Id": "BrowR_Angle",
      "Segments": [
        0,
        0,
        0,
        2,
        0
      ]
    },
    {
      "Target": "Parameter",
      "Id": "BrowL_Angle",
      "Segments": [
        0,
        0,
        0,
        2,
        0
      ]
    },
    {
      "Target": "Parameter",
      "Id": "BrowR_Form2",
      "Segments": [
        0,
        0,
        0,
        2,
        0
      ]
    },
    {
      "Target": "Parameter",
      "Id": "BrowL_Form2",
      "Segments": [
        0,
        0,
        0,
        2,
        0
      ]
    },
    {
      "Target": "Parameter",
      "Id": "MouthY",
      "Segments": [
        0,
        0,
        0,
        2,
        0
      ]
    },
    {
      "Target": "Parameter",
      "Id": "Mouth_Open",
      "Segments": [
        0,
        1,
        0,
        2,
        1
      ]
    },
    {
      "Target": "Parameter",
      "Id": "FinR_move",
      "Segments": [
        0,
        0,
        0,
        2,
        0
      ]
    },
    {
      "Target": "Parameter",
      "Id": "FinR_move2",
      "Segments": [
        0,
        0,
        0,
        2,
        0
      ]
    },
    {
      "Target": "Parameter",
      "Id": "LegR_Roll",
      "Segments": [
        0,
        0,
        0,
        2,
        0
      ]
    }
  ],
  "UserData": [
    {
      "Time": 0.0,
      "Value": ""
    }
  ]
}