{
  "Version": 3,
  "Meta": {
    "Duration": 8.0,
    "Fps": 30.0,
    "Loop": true,
    "AreBeziersRestricted": true,
    "CurveCount": 88,
    "TotalSegmentCount": 233,
    "TotalPointCount": 347,
    "UserDataCount": 1,
    "TotalUserDataSize": 0
  },
  "Curves": [
    {
      "Target": "Parameter",
      "Id": "Breath",
      "Segments": [
        0,
        0,
        0,
        1.467,
        0.786,
        0,
        2.7,
        0,
        0,
        4.033,
        0.786,
        0,
        5.5,
        0,
        0,
        6.867,
        0.771,
        0,
        8,
        0
      ]
    },
    {
      "Target": "Parameter",
      "Id": "BodyX",
      "Segments": [
        0,
        -30,
        1,
        0.544,
        -30,
        1.089,
        -25.677,
        1.633,
        -20.933,
        1,
        2.044,
        -17.351,
        2.456,
        -16.74,
        2.867,
        -16.74,
        1,
        3.267,
        -16.74,
        3.667,
        -16.53,
        4.067,
        -19.32,
        1,
        4.611,
        -23.118,
        5.156,
        -30,
        5.7,
        -30,
        2,
        8,
        -30
      ]
    },
    {
      "Target": "Parameter",
      "Id": "Waist_Roll",
      "Segments": [
        0,
        10.434,
        0,
        1.1,
        10.142,
        0,
        2.133,
        10.565,
        0,
        3.367,
        10.142,
        0,
        4.5,
        10.542,
        0,
        5.567,
        10.057,
        0,
        6.5,
        10.342,
        0,
        7.333,
        10.213,
        0,
        8,
        10.434
      ]
    },
    {
      "Target": "Parameter",
      "Id": "Sub_move",
      "Segments": [
        0,
        21.315,
        1,
        0.144,
        17.547,
        0.289,
        16.747,
        0.433,
        16.747,
        0,
        1.333,
        25.387,
        0,
        2.3,
        16.747,
        0,
        3.367,
        25.387,
        0,
        4.567,
        16.747,
        0,
        5.633,
        25.387,
        0,
        6.7,
        17.792,
        0,
        7.667,
        25.387,
        1,
        7.778,
        25.387,
        7.889,
        24.079,
        8,
        21.315
      ]
    },
    {
      "Target": "Parameter",
      "Id": "JacketL_Move",
      "Segments": [
        0,
        -5.576,
        1,
        0.144,
        -11.854,
        0.289,
        -13.224,
        0.433,
        -13.224,
        0,
        1.3,
        17.058,
        0,
        2.2,
        -8.915,
        0,
        3.3,
        17.058,
        0,
        4.4,
        -7.55,
        0,
        5.5,
        17.298,
        0,
        6.4,
        -8.651,
        0,
        7.3,
        14.288,
        1,
        7.533,
        14.288,
        7.767,
        -0.204,
        8,
        -5.576
      ]
    },
    {
      "Target": "Parameter",
      "Id": "JacketR_Move",
      "Segments": [
        0,
        -18.503,
        1,
        0.144,
        -22.637,
        0.289,
        -23.224,
        0.433,
        -23.224,
        0,
        1.267,
        9,
        0,
        2.167,
        -18.604,
        0,
        3.3,
        8.32,
        0,
        4.4,
        -15.448,
        0,
        5.5,
        7.84,
        0,
        6.4,
        -16.789,
        0,
        7.267,
        6.279,
        1,
        7.511,
        6.279,
        7.756,
        -15.387,
        8,
        -18.503
      ]
    },
    {
      "Target": "Parameter",
      "Id": "Head_AngleY",
      "Segments": [
        0,
        0,
        1,
        0.278,
        1.551,
        0.555,
        2.4,
        0.833,
        2.4,
        1,
        1.244,
        2.4,
        1.656,
        -1.597,
        2.067,
        -4.644,
        1,
        2.456,
        -7.526,
        2.844,
        -7.809,
        3.233,
        -7.809,
        0,
        4.633,
        12.579,
        0,
        5.6,
        -7.809,
        1,
        5.856,
        -7.809,
        6.111,
        -1.794,
        6.367,
        -1.246,
        1,
        6.911,
        -0.078,
        7.456,
        0,
        8,
        0
      ]
    },
    {
      "Target": "Parameter",
      "Id": "Head_Roll",
      "Segments": [
        0,
        -13.98,
        1,
        0.144,
        -13.634,
        0.289,
        -13.071,
        0.433,
        -12,
        1,
        0.611,
        -10.682,
        0.789,
        -7.883,
        0.967,
        -7.883,
        0,
        2.467,
        -10.815,
        0,
        3.9,
        -7.883,
        0,
        5.933,
        -14.16,
        2,
        7.5,
        -14.16,
        1,
        7.667,
        -14.16,
        7.833,
        -14.134,
        8,
        -13.98
      ]
    },
    {
      "Target": "Parameter",
      "Id": "HairFront_Move",
      "Segments": [
        0,
        0.495,
        1,
        0.089,
        0.723,
        0.178,
        0.778,
        0.267,
        0.778,
        1,
        0.4,
        0.778,
        0.534,
        0.423,
        0.667,
        0,
        1,
        0.834,
        -0.203,
        1,
        -0.252,
        1.167,
        -0.252,
        1,
        1.278,
        -0.252,
        1.389,
        -0.22,
        1.5,
        0,
        1,
        1.633,
        0.38,
        1.767,
        0.421,
        1.9,
        0.447,
        1,
        2.078,
        0.459,
        2.255,
        0.313,
        2.433,
        0,
        1,
        2.566,
        -0.196,
        2.7,
        -0.252,
        2.833,
        -0.252,
        1,
        3.033,
        -0.268,
        3.233,
        -0.127,
        3.433,
        0,
        1,
        3.555,
        0.347,
        3.678,
        0.557,
        3.8,
        0.557,
        1,
        3.922,
        0.557,
        4.045,
        0.271,
        4.167,
        0,
        1,
        4.278,
        -0.101,
        4.389,
        -0.206,
        4.5,
        -0.201,
        1,
        4.6,
        -0.199,
        4.7,
        -0.093,
        4.8,
        0,
        1,
        4.922,
        0.22,
        5.045,
        0.447,
        5.167,
        0.447,
        1,
        5.334,
        0.447,
        5.5,
        0.304,
        5.667,
        0,
        1,
        5.8,
        -0.127,
        5.934,
        -0.265,
        6.067,
        -0.252,
        1,
        6.156,
        -0.23,
        6.244,
        -0.118,
        6.333,
        0,
        1,
        6.478,
        0.347,
        6.622,
        0.495,
        6.767,
        0.495,
        1,
        6.9,
        0.495,
        7.034,
        0.274,
        7.167,
        0,
        1,
        7.267,
        -0.206,
        7.367,
        -0.252,
        7.467,
        -0.252,
        1,
        7.6,
        -0.252,
        7.734,
        -0.11,
        7.867,
        0,
        1,
        7.911,
        0.186,
        7.956,
        0.414,
        8,
        0.495
      ]
    },
    {
      "Target": "Parameter",
      "Id": "HairSideR_Move",
      "Segments": [
        0,
        -12.172,
        1,
        0.278,
        3.293,
        0.555,
        16.478,
        0.833,
        16.478,
        0,
        1.733,
        -16.905,
        0,
        2.7,
        16.478,
        0,
        3.833,
        -16.905,
        0,
        4.767,
        16.478,
        0,
        5.9,
        -16.905,
        0,
        6.733,
        16.478,
        0,
        7.7,
        -16.905,
        1,
        7.8,
        -16.905,
        7.9,
        -16.001,
        8,
        -12.172
      ]
    },
    {
      "Target": "Parameter",
      "Id": "HairSideL_Move",
      "Segments": [
        0,
        -0.066,
        1,
        0.311,
        0.502,
        0.622,
        0.645,
        0.933,
        0.645,
        0,
        1.8,
        -0.608,
        0,
        2.833,
        0.652,
        0,
        3.933,
        -0.608,
        0,
        4.867,
        0.645,
        0,
        5.9,
        -0.501,
        0,
        6.733,
        0.645,
        0,
        7.567,
        -0.608,
        1,
        7.711,
        -0.608,
        7.856,
        -0.345,
        8,
        -0.066
      ]
    },
    {
      "Target": "Parameter",
      "Id": "HairBack_Move",
      "Segments": [
        0,
        0.521,
        1,
        0.311,
        -0.158,
        0.622,
        -0.607,
        0.933,
        -0.607,
        0,
        1.933,
        0.668,
        0,
        3.267,
        -0.706,
        0,
        4.8,
        0.935,
        0,
        6.267,
        -0.809,
        0,
        7.633,
        0.903,
        1,
        7.755,
        0.903,
        7.878,
        0.764,
        8,
        0.521
      ]
    },
    {
      "Target": "Parameter",
      "Id": "ShoulderRY",
      "Segments": [
        0,
        23.744,
        0,
        0.9,
        21.985,
        0,
        2.1,
        30,
        0,
        3.133,
        21.985,
        0,
        4.233,
        24.505,
        0,
        5.3,
        15.467,
        0,
        6.367,
        20.011,
        0,
        7.267,
        17.641,
        0,
        8,
        23.744
      ]
    },
    {
      "Target": "Parameter",
      "Id": "ShoulderR_Roll",
      "Segments": [
        0,
        -63.883,
        0,
        0.967,
        -55.572,
        0,
        2.133,
        -61.205,
        0,
        3.2,
        -59.495,
        0,
        4.233,
        -61.565,
        0,
        5.367,
        -55.936,
        0,
        6.533,
        -61.61,
        0,
        7.333,
        -60.215,
        0,
        8,
        -63.883
      ]
    },
    {
      "Target": "Parameter",
      "Id": "ShoulderL_Roll",
      "Segments": [
        0,
        19.973,
        1,
        0.311,
        19.973,
        0.622,
        22.858,
        0.933,
        23.778,
        1,
        1.255,
        24.732,
        1.578,
        24.867,
        1.9,
        25.554,
        1,
        2.233,
        26.264,
        2.567,
        26.814,
        2.9,
        26.814,
        1,
        3.211,
        26.814,
        3.522,
        25.549,
        3.833,
        25.014,
        1,
        4.189,
        24.403,
        4.544,
        24.461,
        4.9,
        23.778,
        1,
        5.367,
        22.882,
        5.833,
        21.076,
        6.3,
        21.076,
        0,
        7.167,
        21.7,
        0,
        8,
        19.973
      ]
    },
    {
      "Target": "Parameter",
      "Id": "ArmR_Roll",
      "Segments": [
        0,
        -53.846,
        0,
        1,
        -55.724,
        0,
        2.167,
        -54.644,
        0,
        3.233,
        -54.79,
        0,
        4.267,
        -54.311,
        1,
        4.645,
        -54.311,
        5.022,
        -54.505,
        5.4,
        -54.605,
        1,
        5.756,
        -54.698,
        6.111,
        -54.682,
        6.467,
        -54.789,
        1,
        6.767,
        -54.88,
        7.067,
        -55.978,
        7.367,
        -55.978,
        0,
        8,
        -53.846
      ]
    },
    {
      "Target": "Parameter",
      "Id": "ArmL_Roll",
      "Segments": [
        0,
        -67.767,
        0,
        0.867,
        -67.642,
        0,
        1.7,
        -68.27,
        0,
        2.667,
        -67.52,
        0,
        3.733,
        -68.075,
        0,
        4.9,
        -67.71,
        0,
        5.967,
        -68.61,
        0,
        6.967,
        -67.485,
        0,
        8,
        -67.767
      ]
    },
    {
      "Target": "Parameter",
      "Id": "HandR_Roll",
      "Segments": [
        0,
        -18.426,
        1,
        0.378,
        -17.536,
        0.755,
        -17.14,
        1.133,
        -17.14,
        0,
        2.467,
        -18.22,
        0,
        3.467,
        -16.36,
        0,
        4.2,
        -17.32,
        0,
        5.033,
        -14.772,
        0,
        5.7,
        -16.512,
        0,
        6.433,
        -14.772,
        1,
        6.744,
        -14.772,
        7.056,
        -14.887,
        7.367,
        -16,
        1,
        7.578,
        -16.755,
        7.789,
        -18.426,
        8,
        -18.426
      ]
    },
    {
      "Target": "Parameter",
      "Id": "HandL_Roll",
      "Segments": [
        0,
        -28.021,
        0,
        1,
        -23.51,
        0,
        2.167,
        -26.941,
        0,
        3.233,
        -23.45,
        0,
        4.3,
        -27.421,
        0,
        5.333,
        -23.27,
        0,
        6.3,
        -27.481,
        0,
        7.2,
        -23.93,
        0,
        8,
        -28.021
      ]
    },
    {
      "Target": "PartOpacity",
      "Id": "Part",
      "Segments": [
        0,
        1,
        2,
        8,
        1
      ]
    },
    {
      "Target": "PartOpacity",
      "Id": "Part2",
      "Segments": [
        0,
        1,
        2,
        8,
        1
      ]
    },
    {
      "Target": "PartOpacity",
      "Id": "Part3",
      "Segments": [
        0,
        1,
        2,
        8,
        1
      ]
    },
    {
      "Target": "PartOpacity",
      "Id": "Part23",
      "Segments": [
        0,
        0,
        2,
        8,
        0
      ]
    },
    {
      "Target": "PartOpacity",
      "Id": "Part4",
      "Segments": [
        0,
        1,
        2,
        8,
        1
      ]
    },
    {
      "Target": "PartOpacity",
      "Id": "Part29",
      "Segments": [
        0,
        0,
        2,
        8,
        0
      ]
    },
    {
      "Target": "PartOpacity",
      "Id": "Part5",
      "Segments": [
        0,
        1,
        2,
        8,
        1
      ]
    },
    {
      "Target": "PartOpacity",
      "Id": "Part6",
      "Segments": [
        0,
        0,
        2,
        8,
        0
      ]
    },
    {
      "Target": "PartOpacity",
      "Id": "Part7",
      "Segments": [
        0,
        0,
        2,
        8,
        0
      ]
    },
    {
      "Target": "PartOpacity",
      "Id": "Part8",
      "Segments": [
        0,
        0,
        2,
        8,
        0
      ]
    },
    {
      "Target": "PartOpacity",
      "Id": "Part9",
      "Segments": [
        0,
        1,
        2,
        8,
        1
      ]
    },
    {
      "Target": "PartOpacity",
      "Id": "Part14",
      "Segments": [
        0,
        1,
        2,
        8,
        1
      ]
    },
    {
      "Target": "PartOpacity",
      "Id": "Part24",
      "Segments": [
        0,
        0,
        2,
        8,
        0
      ]
    },
    {
      "Target": "PartOpacity",
      "Id": "Part16",
      "Segments": [
        0,
        0,
        2,
        8,
        0
      ]
    },
    {
      "Target": "PartOpacity",
      "Id": "Part18",
      "Segments": [
        0,
        1,
        2,
        8,
        1
      ]
    },
    {
      "Target": "PartOpacity",
      "Id": "Part10",
      "Segments": [
        0,
        1,
        2,
        8,
        1
      ]
    },
    {
      "Target": "PartOpacity",
      "Id": "Part11",
      "Segments": [
        0,
        1,
        2,
        8,
        1
      ]
    },
    {
      "Target": "PartOpacity",
      "Id": "Part12",
      "Segments": [
        0,
        1,
        2,
        8,
        1
      ]
    },
    {
      "Target": "PartOpacity",
      "Id": "Part13",
      "Segments": [
        0,
        1,
        2,
        8,
        1
      ]
    },
    {
      "Target": "PartOpacity",
      "Id": "Part17",
      "Segments": [
        0,
        0,
        2,
        8,
        0
      ]
    },
    {
      "Target": "PartOpacity",
      "Id": "Part19",
      "Segments": [
        0,
        1,
        2,
        8,
        1
      ]
    },
    {
      "Target": "PartOpacity",
      "Id": "Part15",
      "Segments": [
        0,
        0,
        2,
        8,
        0
      ]
    },
    {
      "Target": "PartOpacity",
      "Id": "Part22",
      "Segments": [
        0,
        1,
        2,
        8,
        1
      ]
    },
    {
      "Target": "PartOpacity",
      "Id": "Part20",
      "Segments": [
        0,
        1,
        2,
        8,
        1
      ]
    },
    {
      "Target": "PartOpacity",
      "Id": "Part21",
      "Segments": [
        0,
        1,
        2,
        8,
        1
      ]
    },
    {
      "Target": "Parameter",
      "Id": "BodyPoX",
      "Segments": [
        0,
        0,
        0,
        8,
        0
      ]
    },
    {
      "Target": "Parameter",
      "Id": "Body_Shaking",
      "Segments": [
        0,
        0,
        0,
        8,
        0
      ]
    },
    {
      "Target": "Parameter",
      "Id": "Body_Pose1",
      "Segments": [
        0,
        30,
        0,
        8,
        30
      ]
    },
    {
      "Target": "Parameter",
      "Id": "BodyY",
      "Segments": [
        0,
        0,
        0,
        8,
        0
      ]
    },
    {
      "Target": "Parameter",
      "Id": "Head_AngleX",
      "Segments": [
        0,
        0,
        0,
        8,
        0
      ]
    },
    {
      "Target": "Parameter",
      "Id": "Head_RollY",
      "Segments": [
        0,
        0,
        0,
        8,
        0
      ]
    },
    {
      "Target": "Parameter",
      "Id": "Eye_Ang",
      "Segments": [
        0,
        0,
        0,
        8,
        0
      ]
    },
    {
      "Target": "Parameter",
      "Id": "Ang_Form",
      "Segments": [
        0,
        1,
        0,
        8,
        1
      ]
    },
    {
      "Target": "Parameter",
      "Id": "AngY",
      "Segments": [
        0,
        -30,
        0,
        8,
        -30
      ]
    },
    {
      "Target": "Parameter",
      "Id": "Wet_On",
      "Segments": [
        0,
        0,
        0,
        8,
        0
      ]
    },
    {
      "Target": "Parameter",
      "Id": "Ang_Move",
      "Segments": [
        0,
        -30,
        0,
        8,
        -30
      ]
    },
    {
      "Target": "Parameter",
      "Id": "EyeBallX",
      "Segments": [
        0,
        0,
        0,
        8,
        0
      ]
    },
    {
      "Target": "Parameter",
      "Id": "EyeBallY",
      "Segments": [
        0,
        0,
        0,
        8,
        0
      ]
    },
    {
      "Target": "Parameter",
      "Id": "EyeBall_size",
      "Segments": [
        0,
        0,
        0,
        8,
        0
      ]
    },
    {
      "Target": "Parameter",
      "Id": "BrowRY",
      "Segments": [
        0,
        -1,
        0,
        8,
        -1
      ]
    },
    {
      "Target": "Parameter",
      "Id": "BrowLY",
      "Segments": [
        0,
        -0.4,
        0,
        8,
        -0.4
      ]
    },
    {
      "Target": "Parameter",
      "Id": "BrowR_Angle",
      "Segments": [
        0,
        0.5,
        0,
        8,
        0.5
      ]
    },
    {
      "Target": "Parameter",
      "Id": "BrowL_Angle",
      "Segments": [
        0,
        -0.7,
        0,
        8,
        -0.7
      ]
    },
    {
      "Target": "Parameter",
      "Id": "BrowR_Form",
      "Segments": [
        0,
        -1,
        0,
        8,
        -1
      ]
    },
    {
      "Target": "Parameter",
      "Id": "BrowL_Form",
      "Segments": [
        0,
        0.4,
        0,
        8,
        0.4
      ]
    },
    {
      "Target": "Parameter",
      "Id": "BrowR_Form2",
      "Segments": [
        0,
        0,
        0,
        8,
        0
      ]
    },
    {
      "Target": "Parameter",
      "Id": "BrowL_Form2",
      "Segments": [
        0,
        0,
        0,
        8,
        0
      ]
    },
    {
      "Target": "Parameter",
      "Id": "EyeR_Open",
      "Segments": [
        0,
        1,
        0,
        8,
        1
      ]
    },
    {
      "Target": "Parameter",
      "Id": "EyeL_Open",
      "Segments": [
        0,
        1,
        0,
        8,
        1
      ]
    },
    {
      "Target": "Parameter",
      "Id": "EyeR_Smile",
      "Segments": [
        0,
        -30,
        0,
        8,
        -30
      ]
    },
    {
      "Target": "Parameter",
      "Id": "EyeL_Smile",
      "Segments": [
        0,
        -30,
        0,
        8,
        -30
      ]
    },
    {
      "Target": "Parameter",
      "Id": "MouthY",
      "Segments": [
        0,
        4,
        0,
        8,
        4
      ]
    },
    {
      "Target": "Parameter",
      "Id": "MouthForm2",
      "Segments": [
        0,
        0,
        0,
        8,
        0
      ]
    },
    {
      "Target": "Parameter",
      "Id": "MouthForm",
      "Segments": [
        0,
        -1,
        0,
        8,
        -1
      ]
    },
    {
      "Target": "Parameter",
      "Id": "Mouth_Open",
      "Segments": [
        0,
        0.9,
        0,
        8,
        0.9
      ]
    },
    {
      "Target": "Parameter",
      "Id": "Mouth_Size",
      "Segments": [
        0,
        0.9,
        0,
        8,
        0.9
      ]
    },
    {
      "Target": "Parameter",
      "Id": "ShoulderLY",
      "Segments": [
        0,
        16,
        0,
        8,
        16
      ]
    },
    {
      "Target": "Parameter",
      "Id": "ArmR_Form",
      "Segments": [
        0,
        -35,
        0,
        8,
        -35
      ]
    },
    {
      "Target": "Parameter",
      "Id": "ArmL_Form",
      "Segments": [
        0,
        -26,
        0,
        8,
        -26
      ]
    },
    {
      "Target": "Parameter",
      "Id": "ArmR_Form2",
      "Segments": [
        0,
        -7,
        0,
        8,
        -7
      ]
    },
    {
      "Target": "Parameter",
      "Id": "ArmL_Form2",
      "Segments": [
        0,
        -12,
        0,
        8,
        -12
      ]
    },
    {
      "Target": "Parameter",
      "Id": "ArmR_Sup_Form",
      "Segments": [
        0,
        -28,
        0,
        8,
        -28
      ]
    },
    {
      "Target": "Parameter",
      "Id": "ArmL_Sup_Form",
      "Segments": [
        0,
        -10,
        0,
        8,
        -10
      ]
    },
    {
      "Target": "Parameter",
      "Id": "HandR_move",
      "Segments": [
        0,
        0,
        0,
        8,
        0
      ]
    },
    {
      "Target": "Parameter",
      "Id": "HandL_move",
      "Segments": [
        0,
        0,
        0,
        8,
        0
      ]
    },
    {
      "Target": "Parameter",
      "Id": "FinR_move",
      "Segments": [
        0,
        0,
        0,
        8,
        0
      ]
    },
    {
      "Target": "Parameter",
      "Id": "FinR_move2",
      "Segments": [
        0,
        0,
        0,
        8,
        0
      ]
    },
    {
      "Target": "Parameter",
      "Id": "LegR_Roll",
      "Segments": [
        0,
        -9,
        0,
        8,
        -9
      ]
    },
    {
      "Target": "Parameter",
      "Id": "LegL_Roll",
      "Segments": [
        0,
        30,
        0,
        8,
        30
      ]
    }
  ],
  "UserData": [
    {
      "Time": 0.0,
      "Value": ""
    }
  ]
}