{
  "Version": 3,
  "Meta": {
    "Duration": 8.0,
    "Fps": 30.0,
    "Loop": true,
    "AreBeziersRestricted": true,
    "CurveCount": 88,
    "TotalSegmentCount": 273,
    "TotalPointCount": 527,
    "UserDataCount": 1,
    "TotalUserDataSize": 0
  },
  "Curves": [
    {
      "Target": "Parameter",
      "Id": "Breath",
      "Segments": [
        0,
        0.477,
        1,
        0.389,
        0.285,
        0.778,
        0,
        1.167,
        0,
        0,
        2.4,
        0.643,
        0,
        4.033,
        0,
        0,
        5.067,
        0.609,
        0,
        6.367,
        0,
        0,
        7.467,
        0.609,
        1,
        7.645,
        0.609,
        7.822,
        0.577,
        8,
        0.477
      ]
    },
    {
      "Target": "Parameter",
      "Id": "Body_Shaking",
      "Segments": [
        0,
        3.264,
        0,
        1.2,
        2.62,
        0,
        2.633,
        3.356,
        0,
        4,
        2.39,
        0,
        5.5,
        3.016,
        0,
        6.967,
        2.62,
        0,
        8,
        3.264
      ]
    },
    {
      "Target": "Parameter",
      "Id": "BodyX",
      "Segments": [
        0,
        0,
        1,
        0.389,
        -8.539,
        0.778,
        -18.202,
        1.167,
        -23.257,
        1,
        1.556,
        -28.923,
        1.944,
        -30,
        2.333,
        -30,
        1,
        2.878,
        -30,
        3.422,
        -27.968,
        3.967,
        -23.251,
        1,
        4.378,
        -19.501,
        4.789,
        -9.438,
        5.2,
        0,
        1,
        5.411,
        12.135,
        5.622,
        23.817,
        5.833,
        25.649,
        1,
        6.178,
        29.581,
        6.522,
        30,
        6.867,
        30,
        1,
        7.156,
        30,
        7.444,
        25.227,
        7.733,
        15,
        1,
        7.822,
        11.05,
        7.911,
        4.795,
        8,
        0
      ]
    },
    {
      "Target": "Parameter",
      "Id": "Body_Pose1",
      "Segments": [
        0,
        10.395,
        1,
        0.167,
        10.999,
        0.333,
        11.071,
        0.5,
        11.071,
        0,
        1.333,
        6.446,
        0,
        3.233,
        14.459,
        2,
        4.1,
        14.459,
        0,
        5.033,
        17.387,
        1,
        5.4,
        17.387,
        5.766,
        9.024,
        6.133,
        6.501,
        1,
        6.522,
        4.606,
        6.911,
        4.769,
        7.3,
        6.541,
        1,
        7.533,
        7.804,
        7.767,
        9.864,
        8,
        10.395
      ]
    },
    {
      "Target": "Parameter",
      "Id": "BodyY",
      "Segments": [
        0,
        3.818,
        0,
        1.133,
        0,
        2,
        3.1,
        0,
        0,
        4.033,
        -2.047,
        0,
        5.033,
        1.443,
        1,
        5.478,
        1.443,
        5.922,
        1.192,
        6.367,
        0,
        1,
        6.6,
        -0.626,
        6.834,
        -1.726,
        7.067,
        -1.726,
        0,
        8,
        3.818
      ]
    },
    {
      "Target": "Parameter",
      "Id": "Waist_Roll",
      "Segments": [
        0,
        0.634,
        1,
        0.133,
        0.684,
        0.267,
        0.693,
        0.4,
        0.693,
        1,
        0.678,
        0.693,
        0.955,
        0.531,
        1.233,
        0.382,
        1,
        1.533,
        0.221,
        1.833,
        0.048,
        2.133,
        0,
        1,
        2.511,
        -0.06,
        2.889,
        -0.06,
        3.267,
        -0.06,
        1,
        3.711,
        -0.06,
        4.156,
        -0.067,
        4.6,
        0,
        1,
        4.956,
        0.053,
        5.311,
        0.49,
        5.667,
        0.49,
        1,
        6.078,
        0.49,
        6.489,
        0.351,
        6.9,
        0.134,
        1,
        7.033,
        0.063,
        7.167,
        0.05,
        7.3,
        0.05,
        1,
        7.533,
        0.05,
        7.767,
        0.599,
        8,
        0.634
      ]
    },
    {
      "Target": "Parameter",
      "Id": "Sub_move",
      "Segments": [
        0,
        5.374,
        1,
        0.111,
        5.56,
        0.222,
        5.514,
        0.333,
        5.514,
        1,
        0.578,
        5.514,
        0.822,
        4.323,
        1.067,
        0,
        1,
        1.222,
        -2.751,
        1.378,
        -9.382,
        1.533,
        -11.588,
        1,
        1.678,
        -13.637,
        1.822,
        -13.727,
        1.967,
        -13.727,
        1,
        2.334,
        -13.727,
        2.7,
        5.203,
        3.067,
        5.374,
        1,
        3.245,
        5.637,
        3.422,
        5.412,
        3.6,
        2.296,
        1,
        3.8,
        -0.549,
        4,
        -6.51,
        4.2,
        -8.534,
        1,
        4.311,
        -9.658,
        4.422,
        -9.491,
        4.533,
        -9.491,
        1,
        4.811,
        -8.95,
        5.089,
        -0.348,
        5.367,
        1.388,
        1,
        5.534,
        2.159,
        5.7,
        2.229,
        5.867,
        1.388,
        1,
        6.067,
        0.139,
        6.267,
        -6.199,
        6.467,
        -8.534,
        1,
        6.578,
        -9.682,
        6.689,
        -9.828,
        6.8,
        -9.491,
        1,
        7.044,
        -9.061,
        7.289,
        -0.488,
        7.533,
        2.942,
        1,
        7.689,
        5.294,
        7.844,
        5.374,
        8,
        5.374
      ]
    },
    {
      "Target": "Parameter",
      "Id": "JacketL_Move",
      "Segments": [
        0,
        24.005,
        1,
        0.267,
        18.462,
        0.533,
        -10.733,
        0.8,
        -15.462,
        1,
        1.022,
        -19.497,
        1.245,
        -18.281,
        1.467,
        -12.432,
        1,
        1.811,
        -2.534,
        2.156,
        21.489,
        2.5,
        21.489,
        0,
        4.033,
        -13.983,
        0,
        5.033,
        18.997,
        0,
        6.633,
        -14.19,
        0,
        7.8,
        27.217,
        1,
        7.867,
        26.65,
        7.933,
        25.8,
        8,
        24.005
      ]
    },
    {
      "Target": "Parameter",
      "Id": "JacketR_Move",
      "Segments": [
        0,
        13.184,
        1,
        0.044,
        12.17,
        0.089,
        10.49,
        0.133,
        8.677,
        1,
        0.444,
        -3.969,
        0.756,
        -23.643,
        1.067,
        -27.796,
        1,
        1.289,
        -30,
        1.511,
        -28.055,
        1.733,
        -22.745,
        1,
        2.066,
        -14.292,
        2.4,
        11.441,
        2.733,
        11.441,
        0,
        4.133,
        -25.822,
        0,
        5.433,
        10.059,
        0,
        6.733,
        -22.745,
        0,
        7.8,
        17.436,
        1,
        7.867,
        17.436,
        7.933,
        15.735,
        8,
        13.184
      ]
    },
    {
      "Target": "Parameter",
      "Id": "Head_AngleX",
      "Segments": [
        0,
        10.335,
        1,
        0.389,
        10.335,
        0.778,
        6.796,
        1.167,
        3.53,
        1,
        1.378,
        1.757,
        1.589,
        0.663,
        1.8,
        0,
        1,
        2.133,
        -1.046,
        2.467,
        -1.946,
        2.8,
        -2.46,
        1,
        3.311,
        -3.248,
        3.822,
        -3.41,
        4.333,
        -3.41,
        1,
        4.689,
        -3.41,
        5.044,
        -2.161,
        5.4,
        0,
        1,
        5.856,
        2.768,
        6.311,
        5.875,
        6.767,
        7.995,
        1,
        7.178,
        9.907,
        7.589,
        10.335,
        8,
        10.335
      ]
    },
    {
      "Target": "Parameter",
      "Id": "Head_AngleY",
      "Segments": [
        0,
        -3.886,
        1,
        0.167,
        -1.357,
        0.333,
        2.314,
        0.5,
        4.229,
        1,
        0.667,
        6.065,
        0.833,
        6.481,
        1,
        6.209,
        1,
        1.267,
        5.531,
        1.533,
        3.112,
        1.8,
        0,
        1,
        2.3,
        -5.73,
        2.8,
        -7.559,
        3.3,
        -7.559,
        1,
        3.644,
        -7.559,
        3.989,
        -7.54,
        4.333,
        -4.85,
        1,
        4.689,
        -2.074,
        5.044,
        3.258,
        5.4,
        3.258,
        1,
        5.711,
        3.258,
        6.022,
        2.468,
        6.333,
        0,
        1,
        6.755,
        -3.349,
        7.178,
        -5.586,
        7.6,
        -5.586,
        1,
        7.733,
        -5.586,
        7.867,
        -4.918,
        8,
        -3.886
      ]
    },
    {
      "Target": "Parameter",
      "Id": "Head_Roll",
      "Segments": [
        0,
        0.601,
        1,
        0.311,
        -0.494,
        0.622,
        -2,
        0.933,
        -2,
        2,
        2.467,
        -2,
        0,
        4.333,
        0,
        0,
        5.9,
        -2,
        0,
        7.4,
        2.573,
        1,
        7.6,
        2.573,
        7.8,
        2.095,
        8,
        0.601
      ]
    },
    {
      "Target": "Parameter",
      "Id": "Head_RollY",
      "Segments": [
        0,
        3.615,
        0,
        1.767,
        0,
        2,
        6.833,
        0,
        0,
        8,
        3.615
      ]
    },
    {
      "Target": "Parameter",
      "Id": "HairFront_Move",
      "Segments": [
        0,
        0.334,
        1,
        0.178,
        0.127,
        0.355,
        -0.139,
        0.533,
        -0.244,
        1,
        0.666,
        -0.322,
        0.8,
        -0.315,
        0.933,
        -0.315,
        1,
        1.289,
        -0.315,
        1.644,
        0.438,
        2,
        0.464,
        1,
        2.311,
        0.476,
        2.622,
        -0.162,
        2.933,
        -0.197,
        1,
        3.055,
        -0.212,
        3.178,
        -0.209,
        3.3,
        -0.158,
        1,
        3.544,
        -0.036,
        3.789,
        0.464,
        4.033,
        0.464,
        1,
        4.355,
        0.464,
        4.678,
        -0.209,
        5,
        -0.204,
        1,
        5.3,
        -0.202,
        5.6,
        0.464,
        5.9,
        0.464,
        1,
        6.256,
        0.464,
        6.611,
        -0.265,
        6.967,
        -0.252,
        1,
        7.222,
        -0.23,
        7.478,
        0.539,
        7.733,
        0.539,
        1,
        7.822,
        0.539,
        7.911,
        0.444,
        8,
        0.372
      ]
    },
    {
      "Target": "Parameter",
      "Id": "HairSideR_Move",
      "Segments": [
        0,
        -13.606,
        1,
        0.1,
        -17.411,
        0.2,
        -16.905,
        0.3,
        -16.905,
        0,
        1.267,
        16.478,
        0,
        2.333,
        -16.905,
        0,
        3.267,
        16.478,
        0,
        4.3,
        -16.905,
        0,
        5.267,
        16.478,
        0,
        6.267,
        -16.905,
        0,
        7.2,
        16.478,
        0,
        8,
        -12.172
      ]
    },
    {
      "Target": "Parameter",
      "Id": "HairSideL_Move",
      "Segments": [
        0,
        -0.066,
        1,
        0.111,
        -0.346,
        0.222,
        -0.615,
        0.333,
        -0.615,
        0,
        1.367,
        0.645,
        0,
        2.4,
        -0.615,
        0,
        3.4,
        0.645,
        0,
        4.5,
        -0.615,
        0,
        5.467,
        0.645,
        0,
        6.567,
        -0.615,
        0,
        7.4,
        0.645,
        0,
        8,
        -0.066
      ]
    },
    {
      "Target": "Parameter",
      "Id": "HairBack_Move",
      "Segments": [
        0,
        0.521,
        1,
        0.278,
        -0.093,
        0.555,
        -0.607,
        0.833,
        -0.607,
        0,
        1.833,
        0.668,
        0,
        3.267,
        -0.706,
        0,
        4.8,
        0.935,
        0,
        6.267,
        -0.809,
        0,
        7.633,
        0.903,
        1,
        7.755,
        0.903,
        7.878,
        0.764,
        8,
        0.521
      ]
    },
    {
      "Target": "Parameter",
      "Id": "ShoulderRY",
      "Segments": [
        0,
        12.87,
        0,
        0.967,
        0,
        2,
        5.033,
        0,
        0,
        6.167,
        4.103,
        0,
        7.067,
        2.866,
        0,
        8,
        12.87
      ]
    },
    {
      "Target": "Parameter",
      "Id": "ShoulderR_Roll",
      "Segments": [
        0,
        1.012,
        1,
        0.189,
        1.386,
        0.378,
        1.645,
        0.567,
        1.8,
        1,
        0.889,
        2.064,
        1.211,
        2.119,
        1.533,
        2.119,
        1,
        1.866,
        2.119,
        2.2,
        2.068,
        2.533,
        1.8,
        1,
        2.778,
        1.604,
        3.022,
        1.227,
        3.267,
        0.887,
        1,
        3.745,
        0.223,
        4.222,
        -0.172,
        4.7,
        -0.172,
        0,
        5.7,
        1.174,
        0,
        6.933,
        -0.284,
        0,
        8,
        1.012
      ]
    },
    {
      "Target": "Parameter",
      "Id": "ShoulderL_Roll",
      "Segments": [
        0,
        36.545,
        1,
        0.511,
        35.354,
        1.022,
        33.46,
        1.533,
        33.46,
        1,
        2.222,
        33.46,
        2.911,
        33.456,
        3.6,
        33.5,
        1,
        4.078,
        33.531,
        4.555,
        34.585,
        5.033,
        35.345,
        1,
        5.189,
        35.592,
        5.344,
        36.7,
        5.5,
        36.7,
        1,
        6.222,
        36.7,
        6.945,
        36.687,
        7.667,
        36.648,
        1,
        7.778,
        36.648,
        7.889,
        36.764,
        8,
        36.545
      ]
    },
    {
      "Target": "Parameter",
      "Id": "ArmR_Roll",
      "Segments": [
        0,
        -1.7,
        1,
        0.144,
        -2.134,
        0.289,
        -2.351,
        0.433,
        -2.351,
        1,
        0.766,
        -2.351,
        1.1,
        -1.037,
        1.433,
        -0.252,
        1,
        1.7,
        0.375,
        1.966,
        0.356,
        2.233,
        0.356,
        0,
        3.867,
        -1.922,
        1,
        4.067,
        -1.922,
        4.267,
        -1.53,
        4.467,
        -1.2,
        1,
        4.822,
        -0.613,
        5.178,
        -0.451,
        5.533,
        -0.451,
        0,
        6.5,
        -1.2,
        0,
        7.4,
        -0.252,
        1,
        7.6,
        -0.252,
        7.8,
        -0.691,
        8,
        -1.7
      ]
    },
    {
      "Target": "Parameter",
      "Id": "ArmL_Roll",
      "Segments": [
        0,
        -39,
        1,
        0.511,
        -37.593,
        1.022,
        -35.675,
        1.533,
        -35.675,
        2,
        3.6,
        -35.675,
        1,
        4.078,
        -35.675,
        4.555,
        -36.106,
        5.033,
        -37.634,
        1,
        5.189,
        -38.131,
        5.344,
        -39.2,
        5.5,
        -39.2,
        1,
        6.178,
        -39.2,
        6.855,
        -39.194,
        7.533,
        -39.168,
        1,
        7.689,
        -39.168,
        7.844,
        -39.208,
        8,
        -39
      ]
    },
    {
      "Target": "Parameter",
      "Id": "ArmL_Form",
      "Segments": [
        0,
        -15.293,
        1,
        0.511,
        -16.835,
        1.022,
        -21.144,
        1.533,
        -21.17,
        1,
        2.222,
        -21.205,
        2.911,
        -21.2,
        3.6,
        -21.2,
        1,
        4.078,
        -21.2,
        4.555,
        -19.851,
        5.033,
        -16.755,
        1,
        5.189,
        -15.747,
        5.344,
        -15,
        5.5,
        -15,
        1,
        6.178,
        -15,
        6.855,
        -15.047,
        7.533,
        -15.187,
        1,
        7.689,
        -15.187,
        7.844,
        -15.028,
        8,
        -15.293
      ]
    },
    {
      "Target": "Parameter",
      "Id": "ArmL_Form2",
      "Segments": [
        0,
        -8.981,
        1,
        0.511,
        -10.528,
        1.022,
        -13,
        1.533,
        -13,
        2,
        3.6,
        -13,
        1,
        4.078,
        -13,
        4.555,
        -12.28,
        5.033,
        -10.255,
        1,
        5.189,
        -9.596,
        5.344,
        -8.78,
        5.5,
        -8.78,
        1,
        6.178,
        -8.78,
        6.855,
        -8.798,
        7.533,
        -8.865,
        1,
        7.689,
        -8.865,
        7.844,
        -8.746,
        8,
        -8.981
      ]
    },
    {
      "Target": "Parameter",
      "Id": "HandR_Roll",
      "Segments": [
        0,
        -0.764,
        1,
        0.189,
        -2.189,
        0.378,
        -2.774,
        0.567,
        -2.774,
        1,
        0.822,
        -2.774,
        1.078,
        -2.024,
        1.333,
        -0.838,
        1,
        1.566,
        0.245,
        1.8,
        0.654,
        2.033,
        0.654,
        0,
        3.6,
        -2.325,
        0,
        5.367,
        0.555,
        0,
        6.733,
        -1.545,
        0,
        7.633,
        0.555,
        1,
        7.755,
        0.555,
        7.878,
        0.087,
        8,
        -0.764
      ]
    },
    {
      "Target": "Parameter",
      "Id": "HandL_Roll",
      "Segments": [
        0,
        -22.097,
        1,
        0.511,
        -23.116,
        1.022,
        -24.04,
        1.533,
        -24.04,
        2,
        3.6,
        -24.04,
        0,
        5.5,
        -22,
        1,
        6.178,
        -22,
        6.855,
        -22.011,
        7.533,
        -22.051,
        1,
        7.689,
        -22.051,
        7.844,
        -22.012,
        8,
        -22.097
      ]
    },
    {
      "Target": "Parameter",
      "Id": "HandL_move",
      "Segments": [
        0,
        -19.575,
        0,
        1.333,
        -30,
        2,
        2.033,
        -30,
        0,
        3.3,
        -26.585,
        0,
        4.467,
        -29.513,
        0,
        5.6,
        -28.251,
        0,
        6.733,
        -30,
        0,
        8,
        -19.575
      ]
    },
    {
      "Target": "Parameter",
      "Id": "LegR_Roll",
      "Segments": [
        0,
        0.757,
        1,
        0.433,
        3.772,
        0.867,
        6,
        1.3,
        6,
        2,
        3.6,
        6,
        0,
        5.633,
        0,
        1,
        6.3,
        0,
        6.966,
        0.043,
        7.633,
        0.13,
        1,
        7.755,
        0.174,
        7.878,
        0.435,
        8,
        0.757
      ]
    },
    {
      "Target": "Parameter",
      "Id": "LegL_Roll",
      "Segments": [
        0,
        16.018,
        1,
        0.311,
        22.617,
        0.622,
        30,
        0.933,
        30,
        2,
        3.6,
        30,
        0,
        5.233,
        14,
        1,
        6.033,
        14,
        6.833,
        14.134,
        7.633,
        14.677,
        1,
        7.755,
        14.843,
        7.878,
        14.882,
        8,
        16.018
      ]
    },
    {
      "Target": "PartOpacity",
      "Id": "Part",
      "Segments": [
        0,
        1,
        2,
        8,
        1
      ]
    },
    {
      "Target": "PartOpacity",
      "Id": "Part2",
      "Segments": [
        0,
        1,
        2,
        8,
        1
      ]
    },
    {
      "Target": "PartOpacity",
      "Id": "Part3",
      "Segments": [
        0,
        1,
        2,
        8,
        1
      ]
    },
    {
      "Target": "PartOpacity",
      "Id": "Part23",
      "Segments": [
        0,
        0,
        2,
        8,
        0
      ]
    },
    {
      "Target": "PartOpacity",
      "Id": "Part4",
      "Segments": [
        0,
        1,
        2,
        8,
        1
      ]
    },
    {
      "Target": "PartOpacity",
      "Id": "Part29",
      "Segments": [
        0,
        1,
        2,
        8,
        1
      ]
    },
    {
      "Target": "PartOpacity",
      "Id": "Part5",
      "Segments": [
        0,
        0,
        2,
        8,
        0
      ]
    },
    {
      "Target": "PartOpacity",
      "Id": "Part6",
      "Segments": [
        0,
        0,
        2,
        8,
        0
      ]
    },
    {
      "Target": "PartOpacity",
      "Id": "Part7",
      "Segments": [
        0,
        0,
        2,
        8,
        0
      ]
    },
    {
      "Target": "PartOpacity",
      "Id": "Part8",
      "Segments": [
        0,
        0,
        2,
        8,
        0
      ]
    },
    {
      "Target": "PartOpacity",
      "Id": "Part9",
      "Segments": [
        0,
        1,
        2,
        8,
        1
      ]
    },
    {
      "Target": "PartOpacity",
      "Id": "Part14",
      "Segments": [
        0,
        0,
        2,
        8,
        0
      ]
    },
    {
      "Target": "PartOpacity",
      "Id": "Part24",
      "Segments": [
        0,
        0,
        2,
        8,
        0
      ]
    },
    {
      "Target": "PartOpacity",
      "Id": "Part16",
      "Segments": [
        0,
        0,
        2,
        8,
        0
      ]
    },
    {
      "Target": "PartOpacity",
      "Id": "Part18",
      "Segments": [
        0,
        0,
        2,
        8,
        0
      ]
    },
    {
      "Target": "PartOpacity",
      "Id": "Part10",
      "Segments": [
        0,
        1,
        2,
        8,
        1
      ]
    },
    {
      "Target": "PartOpacity",
      "Id": "Part11",
      "Segments": [
        0,
        1,
        2,
        8,
        1
      ]
    },
    {
      "Target": "PartOpacity",
      "Id": "Part12",
      "Segments": [
        0,
        1,
        2,
        8,
        1
      ]
    },
    {
      "Target": "PartOpacity",
      "Id": "Part13",
      "Segments": [
        0,
        1,
        2,
        8,
        1
      ]
    },
    {
      "Target": "PartOpacity",
      "Id": "Part17",
      "Segments": [
        0,
        1,
        2,
        8,
        1
      ]
    },
    {
      "Target": "PartOpacity",
      "Id": "Part19",
      "Segments": [
        0,
        1,
        2,
        8,
        1
      ]
    },
    {
      "Target": "PartOpacity",
      "Id": "Part15",
      "Segments": [
        0,
        0,
        2,
        8,
        0
      ]
    },
    {
      "Target": "PartOpacity",
      "Id": "Part22",
      "Segments": [
        0,
        1,
        2,
        8,
        1
      ]
    },
    {
      "Target": "PartOpacity",
      "Id": "Part20",
      "Segments": [
        0,
        1,
        2,
        8,
        1
      ]
    },
    {
      "Target": "PartOpacity",
      "Id": "Part21",
      "Segments": [
        0,
        1,
        2,
        8,
        1
      ]
    },
    {
      "Target": "Parameter",
      "Id": "BodyPoX",
      "Segments": [
        0,
        0,
        0,
        8,
        0
      ]
    },
    {
      "Target": "Parameter",
      "Id": "Eye_Ang",
      "Segments": [
        0,
        -11,
        0,
        8,
        -11
      ]
    },
    {
      "Target": "Parameter",
      "Id": "Ang_Form",
      "Segments": [
        0,
        1,
        0,
        8,
        1
      ]
    },
    {
      "Target": "Parameter",
      "Id": "AngY",
      "Segments": [
        0,
        -30,
        0,
        8,
        -30
      ]
    },
    {
      "Target": "Parameter",
      "Id": "Wet_On",
      "Segments": [
        0,
        0,
        0,
        8,
        0
      ]
    },
    {
      "Target": "Parameter",
      "Id": "Ang_Move",
      "Segments": [
        0,
        -22,
        0,
        8,
        -22
      ]
    },
    {
      "Target": "Parameter",
      "Id": "EyeBallX",
      "Segments": [
        0,
        0,
        0,
        8,
        0
      ]
    },
    {
      "Target": "Parameter",
      "Id": "EyeBallY",
      "Segments": [
        0,
        0,
        0,
        8,
        0
      ]
    },
    {
      "Target": "Parameter",
      "Id": "EyeBall_size",
      "Segments": [
        0,
        0,
        0,
        8,
        0
      ]
    },
    {
      "Target": "Parameter",
      "Id": "BrowRY",
      "Segments": [
        0,
        -1,
        0,
        8,
        -1
      ]
    },
    {
      "Target": "Parameter",
      "Id": "BrowLY",
      "Segments": [
        0,
        0,
        0,
        8,
        0
      ]
    },
    {
      "Target": "Parameter",
      "Id": "BrowR_Angle",
      "Segments": [
        0,
        0.2,
        0,
        8,
        0.2
      ]
    },
    {
      "Target": "Parameter",
      "Id": "BrowL_Angle",
      "Segments": [
        0,
        -0.3,
        0,
        8,
        -0.3
      ]
    },
    {
      "Target": "Parameter",
      "Id": "BrowR_Form",
      "Segments": [
        0,
        -1,
        0,
        8,
        -1
      ]
    },
    {
      "Target": "Parameter",
      "Id": "BrowL_Form",
      "Segments": [
        0,
        0.6,
        0,
        8,
        0.6
      ]
    },
    {
      "Target": "Parameter",
      "Id": "BrowR_Form2",
      "Segments": [
        0,
        0,
        0,
        8,
        0
      ]
    },
    {
      "Target": "Parameter",
      "Id": "BrowL_Form2",
      "Segments": [
        0,
        0,
        0,
        8,
        0
      ]
    },
    {
      "Target": "Parameter",
      "Id": "EyeR_Open",
      "Segments": [
        0,
        1,
        0,
        8,
        1
      ]
    },
    {
      "Target": "Parameter",
      "Id": "EyeL_Open",
      "Segments": [
        0,
        1,
        0,
        8,
        1
      ]
    },
    {
      "Target": "Parameter",
      "Id": "EyeR_Smile",
      "Segments": [
        0,
        18,
        0,
        8,
        18
      ]
    },
    {
      "Target": "Parameter",
      "Id": "EyeL_Smile",
      "Segments": [
        0,
        20,
        0,
        8,
        20
      ]
    },
    {
      "Target": "Parameter",
      "Id": "MouthY",
      "Segments": [
        0,
        0,
        0,
        8,
        0
      ]
    },
    {
      "Target": "Parameter",
      "Id": "MouthForm2",
      "Segments": [
        0,
        0,
        0,
        8,
        0
      ]
    },
    {
      "Target": "Parameter",
      "Id": "MouthForm",
      "Segments": [
        0,
        -1,
        0,
        8,
        -1
      ]
    },
    {
      "Target": "Parameter",
      "Id": "Mouth_Open",
      "Segments": [
        0,
        0.5,
        0,
        8,
        0.5
      ]
    },
    {
      "Target": "Parameter",
      "Id": "Mouth_Size",
      "Segments": [
        0,
        0.5,
        0,
        8,
        0.5
      ]
    },
    {
      "Target": "Parameter",
      "Id": "ShoulderLY",
      "Segments": [
        0,
        0,
        0,
        8,
        0
      ]
    },
    {
      "Target": "Parameter",
      "Id": "ArmR_Form",
      "Segments": [
        0,
        0,
        0,
        8,
        0
      ]
    },
    {
      "Target": "Parameter",
      "Id": "ArmR_Form2",
      "Segments": [
        0,
        0,
        0,
        8,
        0
      ]
    },
    {
      "Target": "Parameter",
      "Id": "ArmR_Sup_Form",
      "Segments": [
        0,
        0,
        0,
        8,
        0
      ]
    },
    {
      "Target": "Parameter",
      "Id": "ArmL_Sup_Form",
      "Segments": [
        0,
        0,
        0,
        8,
        0
      ]
    },
    {
      "Target": "Parameter",
      "Id": "HandR_move",
      "Segments": [
        0,
        0,
        0,
        8,
        0
      ]
    },
    {
      "Target": "Parameter",
      "Id": "FinR_move",
      "Segments": [
        0,
        0,
        0,
        8,
        0
      ]
    },
    {
      "Target": "Parameter",
      "Id": "FinR_move2",
      "Segments": [
        0,
        0,
        0,
        8,
        0
      ]
    }
  ],
  "UserData": [
    {
      "Time": 0.0,
      "Value": ""
    }
  ]
}