{
  "Version": 3,
  "Meta": {
    "Duration": 8.0,
    "Fps": 30.0,
    "Loop": true,
    "AreBeziersRestricted": true,
    "CurveCount": 91,
    "TotalSegmentCount": 194,
    "TotalPointCount": 248,
    "UserDataCount": 1,
    "TotalUserDataSize": 0
  },
  "Curves": [
    {
      "Target": "Parameter",
      "Id": "Breath",
      "Segments": [
        0,
        0,
        0,
        1.067,
        0.8,
        0,
        2.3,
        0,
        0,
        3.8,
        0.8,
        0,
        5.3,
        0,
        0,
        6.633,
        0.8,
        0,
        8,
        0
      ]
    },
    {
      "Target": "Parameter",
      "Id": "ParamBodyAngleX",
      "Segments": [
        0,
        -10,
        0,
        1.4,
        -16,
        1,
        1.822,
        -16,
        2.245,
        -15.07,
        2.667,
        -10,
        1,
        3.122,
        -4.529,
        3.578,
        1,
        4.033,
        1,
        1,
        4.689,
        1,
        5.344,
        -0.389,
        6,
        -4,
        1,
        6.667,
        -7.672,
        7.333,
        -10,
        8,
        -10
      ]
    },
    {
      "Target": "Parameter",
      "Id": "Param4",
      "Segments": [
        0,
        0,
        0,
        1.067,
        8,
        0,
        2.3,
        -12,
        0,
        3.8,
        11,
        0,
        5.3,
        -10,
        0,
        6.633,
        9,
        0,
        8,
        0
      ]
    },
    {
      "Target": "Parameter",
      "Id": "Waist_Roll",
      "Segments": [
        0,
        -20,
        0,
        1.067,
        -10,
        0,
        2.3,
        -20,
        0,
        3.8,
        -6,
        0,
        5.3,
        -20,
        0,
        6.633,
        -10,
        0,
        8,
        -20
      ]
    },
    {
      "Target": "Parameter",
      "Id": "Scarf_Move",
      "Segments": [
        0,
        -1,
        0,
        1.333,
        -0.5,
        0,
        2.7,
        -0.9,
        1,
        2.822,
        -0.9,
        2.945,
        -0.92,
        3.067,
        -0.876,
        1,
        3.434,
        -0.744,
        3.8,
        -0.4,
        4.167,
        -0.4,
        0,
        5.333,
        -0.9,
        1,
        5.444,
        -0.9,
        5.556,
        -0.917,
        5.667,
        -0.876,
        1,
        5.978,
        -0.763,
        6.289,
        -0.5,
        6.6,
        -0.5,
        0,
        8,
        -1
      ]
    },
    {
      "Target": "Parameter",
      "Id": "Head_AngleX",
      "Segments": [
        0,
        -16,
        1,
        0.422,
        -16,
        0.845,
        -16.258,
        1.267,
        -18,
        1,
        1.734,
        -19.925,
        2.2,
        -22,
        2.667,
        -22,
        0,
        4.033,
        -8,
        1,
        4.689,
        -8,
        5.344,
        -8.512,
        6,
        -11,
        1,
        6.667,
        -13.531,
        7.333,
        -16,
        8,
        -16
      ]
    },
    {
      "Target": "Parameter",
      "Id": "Head_AngleY",
      "Segments": [
        0,
        -21,
        0,
        1.133,
        -17,
        0,
        2.667,
        -21,
        0,
        4.033,
        -15,
        0,
        6,
        -30,
        0,
        8,
        -21
      ]
    },
    {
      "Target": "Parameter",
      "Id": "Head_Roll",
      "Segments": [
        0,
        5,
        0,
        1.133,
        8,
        0,
        2.567,
        4,
        0,
        4.067,
        6,
        0,
        5.6,
        3,
        0,
        6.933,
        6,
        0,
        8,
        5
      ]
    },
    {
      "Target": "Parameter",
      "Id": "Head_RollX",
      "Segments": [
        0,
        -20,
        2,
        2.667,
        -20,
        0,
        4.033,
        -10,
        0,
        8,
        -20
      ]
    },
    {
      "Target": "Parameter",
      "Id": "EyeBallX",
      "Segments": [
        0,
        0.2,
        0,
        2.667,
        0.3,
        0,
        4.033,
        0,
        0,
        8,
        0.2
      ]
    },
    {
      "Target": "Parameter",
      "Id": "Mouth_RollX",
      "Segments": [
        0,
        -1,
        2,
        2.667,
        -1,
        0,
        4.033,
        -0.3,
        0,
        8,
        -1
      ]
    },
    {
      "Target": "Parameter",
      "Id": "HairFront_Move",
      "Segments": [
        0,
        -0.7,
        0,
        1.3,
        0.3,
        0,
        2.533,
        -0.4,
        0,
        3.7,
        0.3,
        0,
        5.1,
        -0.4,
        0,
        6.467,
        0.3,
        0,
        8,
        -0.7
      ]
    },
    {
      "Target": "Parameter",
      "Id": "HairBack_Move",
      "Segments": [
        0,
        -1,
        1,
        0.367,
        -1,
        0.733,
        -0.156,
        1.1,
        0.47,
        1,
        1.211,
        0.66,
        1.322,
        0.6,
        1.433,
        0.6,
        0,
        2.533,
        -1,
        1,
        2.944,
        -1,
        3.356,
        -0.127,
        3.767,
        0.6,
        1,
        3.867,
        0.777,
        3.967,
        0.715,
        4.067,
        0.715,
        0,
        5.233,
        -1,
        1,
        5.422,
        -1,
        5.611,
        -1.044,
        5.8,
        -0.855,
        1,
        6.089,
        -0.567,
        6.378,
        0.3,
        6.667,
        0.3,
        0,
        8,
        -1
      ]
    },
    {
      "Target": "Parameter",
      "Id": "Hair_Move",
      "Segments": [
        0,
        -0.3,
        0,
        1.3,
        0.1,
        0,
        2.533,
        -0.3,
        0,
        3.7,
        0.1,
        0,
        5.1,
        -0.3,
        0,
        6.467,
        0.1,
        0,
        8,
        -0.3
      ]
    },
    {
      "Target": "Parameter",
      "Id": "ShoulderLY",
      "Segments": [
        0,
        0,
        0,
        1.067,
        10,
        0,
        2.3,
        0,
        0,
        3.8,
        10,
        0,
        5.267,
        0,
        0,
        6.633,
        10,
        0,
        8,
        0
      ]
    },
    {
      "Target": "Parameter",
      "Id": "ShoulderL_Roll",
      "Segments": [
        0,
        7,
        0,
        1.067,
        8,
        0,
        2.3,
        6.22,
        0,
        3.833,
        8.3,
        0,
        5.3,
        7.36,
        0,
        6.6,
        8,
        0,
        8,
        7
      ]
    },
    {
      "Target": "Parameter",
      "Id": "ArmL_Roll",
      "Segments": [
        0,
        -5.5,
        0,
        1.167,
        -5.15,
        0,
        2.4,
        -5.5,
        0,
        3.933,
        -4.415,
        0,
        5.4,
        -5.5,
        0,
        6.7,
        -5.005,
        0,
        8,
        -5.5
      ]
    },
    {
      "Target": "Parameter",
      "Id": "HandL_Roll",
      "Segments": [
        0,
        -7,
        0,
        1.2,
        -6,
        0,
        2.433,
        -7,
        0,
        3.967,
        -6,
        0,
        5.433,
        -7,
        0,
        6.733,
        -6,
        0,
        8,
        -7
      ]
    },
    {
      "Target": "Parameter",
      "Id": "ShoulderRY",
      "Segments": [
        0,
        15,
        0,
        1.067,
        21,
        0,
        2.3,
        15,
        0,
        3.833,
        21,
        0,
        5.433,
        15,
        0,
        6.733,
        21,
        0,
        8,
        15
      ]
    },
    {
      "Target": "Parameter",
      "Id": "ShoulderR_Roll",
      "Segments": [
        0,
        -24,
        0,
        1.067,
        -24.5,
        1,
        1.478,
        -24.5,
        1.889,
        -24.611,
        2.3,
        -24,
        1,
        2.811,
        -23.241,
        3.322,
        -20.54,
        3.833,
        -20.54,
        1,
        4.322,
        -20.54,
        4.811,
        -22.218,
        5.3,
        -23.4,
        1,
        5.733,
        -24.447,
        6.167,
        -24.5,
        6.6,
        -24.5,
        0,
        8,
        -24
      ]
    },
    {
      "Target": "Parameter",
      "Id": "ArmR_Roll",
      "Segments": [
        0,
        -26.3,
        0,
        1.067,
        -26,
        1,
        1.445,
        -26,
        1.822,
        -26.508,
        2.2,
        -26.793,
        1,
        2.744,
        -27.204,
        3.289,
        -27.26,
        3.833,
        -27.26,
        1,
        4.322,
        -27.26,
        4.811,
        -27.262,
        5.3,
        -27.14,
        1,
        5.733,
        -27.032,
        6.167,
        -26.423,
        6.6,
        -26.36,
        1,
        7.067,
        -26.292,
        7.533,
        -26.3,
        8,
        -26.3
      ]
    },
    {
      "Target": "Parameter",
      "Id": "HandR_Roll",
      "Segments": [
        0,
        -11.5,
        2,
        1.267,
        -11.5,
        0,
        1.9,
        -13,
        0,
        3.967,
        -11.5,
        0,
        5.133,
        -14,
        0,
        8,
        -11.5
      ]
    },
    {
      "Target": "PartOpacity",
      "Id": "Part",
      "Segments": [
        0,
        1,
        2,
        8,
        1
      ]
    },
    {
      "Target": "PartOpacity",
      "Id": "Part2",
      "Segments": [
        0,
        1,
        2,
        8,
        1
      ]
    },
    {
      "Target": "PartOpacity",
      "Id": "Part12",
      "Segments": [
        0,
        1,
        2,
        8,
        1
      ]
    },
    {
      "Target": "PartOpacity",
      "Id": "Part3",
      "Segments": [
        0,
        1,
        2,
        8,
        1
      ]
    },
    {
      "Target": "PartOpacity",
      "Id": "Part30",
      "Segments": [
        0,
        1,
        2,
        8,
        1
      ]
    },
    {
      "Target": "PartOpacity",
      "Id": "Part31",
      "Segments": [
        0,
        1,
        2,
        8,
        1
      ]
    },
    {
      "Target": "PartOpacity",
      "Id": "Part4",
      "Segments": [
        0,
        1,
        2,
        8,
        1
      ]
    },
    {
      "Target": "PartOpacity",
      "Id": "Part5",
      "Segments": [
        0,
        1,
        2,
        8,
        1
      ]
    },
    {
      "Target": "PartOpacity",
      "Id": "Part7",
      "Segments": [
        0,
        1,
        2,
        8,
        1
      ]
    },
    {
      "Target": "PartOpacity",
      "Id": "Part16",
      "Segments": [
        0,
        1,
        2,
        8,
        1
      ]
    },
    {
      "Target": "PartOpacity",
      "Id": "Part21",
      "Segments": [
        0,
        1,
        2,
        8,
        1
      ]
    },
    {
      "Target": "PartOpacity",
      "Id": "Part20",
      "Segments": [
        0,
        0,
        2,
        8,
        0
      ]
    },
    {
      "Target": "PartOpacity",
      "Id": "Part29",
      "Segments": [
        0,
        0,
        2,
        8,
        0
      ]
    },
    {
      "Target": "PartOpacity",
      "Id": "Part15",
      "Segments": [
        0,
        1,
        2,
        8,
        1
      ]
    },
    {
      "Target": "PartOpacity",
      "Id": "Part6",
      "Segments": [
        0,
        1,
        2,
        8,
        1
      ]
    },
    {
      "Target": "PartOpacity",
      "Id": "Part8",
      "Segments": [
        0,
        1,
        2,
        8,
        1
      ]
    },
    {
      "Target": "PartOpacity",
      "Id": "Part9",
      "Segments": [
        0,
        1,
        2,
        8,
        1
      ]
    },
    {
      "Target": "PartOpacity",
      "Id": "Part14",
      "Segments": [
        0,
        1,
        2,
        8,
        1
      ]
    },
    {
      "Target": "PartOpacity",
      "Id": "Part22",
      "Segments": [
        0,
        0,
        2,
        8,
        0
      ]
    },
    {
      "Target": "PartOpacity",
      "Id": "Part33",
      "Segments": [
        0,
        0,
        2,
        8,
        0
      ]
    },
    {
      "Target": "PartOpacity",
      "Id": "Part18",
      "Segments": [
        0,
        1,
        2,
        8,
        1
      ]
    },
    {
      "Target": "PartOpacity",
      "Id": "Part17",
      "Segments": [
        0,
        0,
        2,
        8,
        0
      ]
    },
    {
      "Target": "PartOpacity",
      "Id": "Part13",
      "Segments": [
        0,
        1,
        2,
        8,
        1
      ]
    },
    {
      "Target": "PartOpacity",
      "Id": "Part23",
      "Segments": [
        0,
        0,
        2,
        8,
        0
      ]
    },
    {
      "Target": "PartOpacity",
      "Id": "Part19",
      "Segments": [
        0,
        0,
        2,
        8,
        0
      ]
    },
    {
      "Target": "PartOpacity",
      "Id": "Part10",
      "Segments": [
        0,
        1,
        2,
        8,
        1
      ]
    },
    {
      "Target": "PartOpacity",
      "Id": "Part11",
      "Segments": [
        0,
        1,
        2,
        8,
        1
      ]
    },
    {
      "Target": "Model",
      "Id": "Opacity",
      "Segments": [
        0,
        1,
        0,
        8,
        1
      ]
    },
    {
      "Target": "Parameter",
      "Id": "Body_Shaking",
      "Segments": [
        0,
        -27,
        0,
        8,
        -27
      ]
    },
    {
      "Target": "Parameter",
      "Id": "BodyY",
      "Segments": [
        0,
        0,
        0,
        8,
        0
      ]
    },
    {
      "Target": "Parameter",
      "Id": "Scarf_Form",
      "Segments": [
        0,
        0,
        0,
        8,
        0
      ]
    },
    {
      "Target": "Parameter",
      "Id": "BodyX",
      "Segments": [
        0,
        -9,
        0,
        8,
        -9
      ]
    },
    {
      "Target": "Parameter",
      "Id": "Head_RollY",
      "Segments": [
        0,
        0,
        0,
        8,
        0
      ]
    },
    {
      "Target": "Parameter",
      "Id": "Wet_On",
      "Segments": [
        0,
        0,
        0,
        8,
        0
      ]
    },
    {
      "Target": "Parameter",
      "Id": "BrowLY",
      "Segments": [
        0,
        -0.1,
        0,
        8,
        -0.1
      ]
    },
    {
      "Target": "Parameter",
      "Id": "BrowRY",
      "Segments": [
        0,
        -0.1,
        0,
        8,
        -0.1
      ]
    },
    {
      "Target": "Parameter",
      "Id": "BrowL_Angle",
      "Segments": [
        0,
        -0.4,
        0,
        8,
        -0.4
      ]
    },
    {
      "Target": "Parameter",
      "Id": "BrowR_Angle",
      "Segments": [
        0,
        0.5,
        0,
        8,
        0.5
      ]
    },
    {
      "Target": "Parameter",
      "Id": "BrowL_Form",
      "Segments": [
        0,
        1,
        0,
        8,
        1
      ]
    },
    {
      "Target": "Parameter",
      "Id": "BrowR_Form",
      "Segments": [
        0,
        1,
        0,
        8,
        1
      ]
    },
    {
      "Target": "Parameter",
      "Id": "EyeL_Open",
      "Segments": [
        0,
        1,
        0,
        8,
        1
      ]
    },
    {
      "Target": "Parameter",
      "Id": "EyeL_Smile",
      "Segments": [
        0,
        1,
        0,
        8,
        1
      ]
    },
    {
      "Target": "Parameter",
      "Id": "EyeR_Open",
      "Segments": [
        0,
        1,
        0,
        8,
        1
      ]
    },
    {
      "Target": "Parameter",
      "Id": "EyeR_Smile",
      "Segments": [
        0,
        1,
        0,
        8,
        1
      ]
    },
    {
      "Target": "Parameter",
      "Id": "Ang_Form",
      "Segments": [
        0,
        1,
        0,
        8,
        1
      ]
    },
    {
      "Target": "Parameter",
      "Id": "Eyeball_Size",
      "Segments": [
        0,
        0,
        0,
        8,
        0
      ]
    },
    {
      "Target": "Parameter",
      "Id": "Eyeball_Form",
      "Segments": [
        0,
        0,
        0,
        8,
        0
      ]
    },
    {
      "Target": "Parameter",
      "Id": "EyeBallY",
      "Segments": [
        0,
        -0.3,
        0,
        8,
        -0.3
      ]
    },
    {
      "Target": "Parameter",
      "Id": "MouthForm",
      "Segments": [
        0,
        0,
        0,
        8,
        0
      ]
    },
    {
      "Target": "Parameter",
      "Id": "MouthForm2",
      "Segments": [
        0,
        -1,
        0,
        8,
        -1
      ]
    },
    {
      "Target": "Parameter",
      "Id": "Mouth_Open",
      "Segments": [
        0,
        1,
        0,
        8,
        1
      ]
    },
    {
      "Target": "Parameter",
      "Id": "Mouth_Size",
      "Segments": [
        0,
        0,
        0,
        8,
        0
      ]
    },
    {
      "Target": "Parameter",
      "Id": "ArmL_Form2",
      "Segments": [
        0,
        0,
        0,
        8,
        0
      ]
    },
    {
      "Target": "Parameter",
      "Id": "ArmL_Form",
      "Segments": [
        0,
        0,
        0,
        8,
        0
      ]
    },
    {
      "Target": "Parameter",
      "Id": "ArmL_Sup_Form",
      "Segments": [
        0,
        0,
        0,
        8,
        0
      ]
    },
    {
      "Target": "Parameter",
      "Id": "HandL_Size",
      "Segments": [
        0,
        0,
        0,
        8,
        0
      ]
    },
    {
      "Target": "Parameter",
      "Id": "Param5",
      "Segments": [
        0,
        0,
        0,
        8,
        0
      ]
    },
    {
      "Target": "Parameter",
      "Id": "Param2",
      "Segments": [
        0,
        0,
        0,
        8,
        0
      ]
    },
    {
      "Target": "Parameter",
      "Id": "ArmR_Form2",
      "Segments": [
        0,
        -30,
        0,
        8,
        -30
      ]
    },
    {
      "Target": "Parameter",
      "Id": "ArmR_Form",
      "Segments": [
        0,
        0,
        0,
        8,
        0
      ]
    },
    {
      "Target": "Parameter",
      "Id": "ArmR_Sup_Form",
      "Segments": [
        0,
        1,
        0,
        8,
        1
      ]
    },
    {
      "Target": "Parameter",
      "Id": "Param",
      "Segments": [
        0,
        0,
        0,
        8,
        0
      ]
    },
    {
      "Target": "Parameter",
      "Id": "HandR05_Form",
      "Segments": [
        0,
        0,
        0,
        8,
        0
      ]
    },
    {
      "Target": "Parameter",
      "Id": "WristR_Form",
      "Segments": [
        0,
        0,
        0,
        8,
        0
      ]
    },
    {
      "Target": "Parameter",
      "Id": "Ball_Roll",
      "Segments": [
        0,
        0,
        0,
        8,
        0
      ]
    },
    {
      "Target": "Parameter",
      "Id": "Param3",
      "Segments": [
        0,
        -1,
        0,
        8,
        -1
      ]
    },
    {
      "Target": "Parameter",
      "Id": "LegR_Roll",
      "Segments": [
        0,
        -10,
        0,
        8,
        -10
      ]
    },
    {
      "Target": "Parameter",
      "Id": "LegL_Roll",
      "Segments": [
        0,
        4,
        0,
        8,
        4
      ]
    },
    {
      "Target": "Parameter",
      "Id": "Lowerbody_Roll",
      "Segments": [
        0,
        -6,
        0,
        8,
        -6
      ]
    }
  ],
  "UserData": [
    {
      "Time": 0.0,
      "Value": ""
    }
  ]
}