{
  "Version": 3,
  "Meta": {
    "Duration": 8.0,
    "Fps": 30.0,
    "Loop": true,
    "AreBeziersRestricted": true,
    "CurveCount": 91,
    "TotalSegmentCount": 193,
    "TotalPointCount": 235,
    "UserDataCount": 1,
    "TotalUserDataSize": 0
  },
  "Curves": [
    {
      "Target": "Parameter",
      "Id": "Breath",
      "Segments": [
        0,
        0,
        0,
        1.667,
        0.5,
        0,
        3.867,
        0,
        0,
        5.733,
        0.5,
        0,
        8,
        0
      ]
    },
    {
      "Target": "Parameter",
      "Id": "Body_Shaking",
      "Segments": [
        0,
        0,
        1,
        0.556,
        0.828,
        1.111,
        5,
        1.667,
        5,
        0,
        8,
        0
      ]
    },
    {
      "Target": "Parameter",
      "Id": "ParamBodyAngleX",
      "Segments": [
        0,
        28,
        2,
        0.667,
        28,
        1,
        1.322,
        28,
        1.978,
        8.027,
        2.633,
        0,
        1,
        2.966,
        -4.081,
        3.3,
        -3,
        3.633,
        -3,
        0,
        7.333,
        28,
        2,
        8,
        28
      ]
    },
    {
      "Target": "Parameter",
      "Id": "Param4",
      "Segments": [
        0,
        22,
        1,
        0.556,
        25.003,
        1.111,
        25,
        1.667,
        25,
        0,
        3.867,
        8,
        1,
        4.489,
        8,
        5.111,
        16.475,
        5.733,
        19,
        1,
        6.489,
        22.066,
        7.244,
        22,
        8,
        22
      ]
    },
    {
      "Target": "Parameter",
      "Id": "Waist_Roll",
      "Segments": [
        0,
        12,
        1,
        0.556,
        12.98,
        1.111,
        13.934,
        1.667,
        15,
        1,
        2.322,
        16.258,
        2.978,
        17,
        3.633,
        17,
        1,
        4.144,
        17,
        4.656,
        16.5,
        5.167,
        14,
        1,
        6.111,
        11.167,
        7.056,
        9.827,
        8,
        12
      ]
    },
    {
      "Target": "Parameter",
      "Id": "Scarf_Move",
      "Segments": [
        0,
        0.2,
        0,
        1.033,
        -0.2,
        0,
        2.4,
        0.2,
        0,
        3.633,
        -0.2,
        0,
        5.1,
        0.2,
        0,
        6.467,
        -0.2,
        0,
        8,
        0.2
      ]
    },
    {
      "Target": "Parameter",
      "Id": "Head_AngleX",
      "Segments": [
        0,
        27,
        2,
        1,
        27,
        1,
        1.489,
        27,
        1.978,
        16.731,
        2.467,
        11,
        1,
        3.111,
        7.5,
        3.756,
        6.058,
        4.4,
        11,
        1,
        5.378,
        19.615,
        6.355,
        27,
        7.333,
        27,
        2,
        8,
        27
      ]
    },
    {
      "Target": "Parameter",
      "Id": "Head_AngleY",
      "Segments": [
        0,
        0,
        1,
        0.611,
        3.311,
        1.222,
        8.053,
        1.833,
        11,
        1,
        2.2,
        12.768,
        2.566,
        13,
        2.933,
        13,
        1,
        3.355,
        13,
        3.778,
        13.022,
        4.2,
        11,
        1,
        5.467,
        4.935,
        6.733,
        0,
        8,
        0
      ]
    },
    {
      "Target": "Parameter",
      "Id": "Head_Roll",
      "Segments": [
        0,
        -10,
        0,
        1.667,
        -11,
        2,
        4.4,
        -11,
        0,
        8,
        -10
      ]
    },
    {
      "Target": "Parameter",
      "Id": "EyeBallY",
      "Segments": [
        0,
        -0.5,
        0,
        1.833,
        -0.4,
        2,
        4.2,
        -0.4,
        0,
        8,
        -0.5
      ]
    },
    {
      "Target": "Parameter",
      "Id": "HairFront_Move",
      "Segments": [
        0,
        0.2,
        0,
        1.067,
        -0.7,
        0,
        2.4,
        0.2,
        0,
        3.633,
        -0.7,
        0,
        5.1,
        0.2,
        0,
        6.467,
        -0.7,
        0,
        8,
        0.2
      ]
    },
    {
      "Target": "Parameter",
      "Id": "HairBack_Move",
      "Segments": [
        0,
        0.3,
        0,
        1.067,
        -0.7,
        0,
        2.4,
        0.4,
        0,
        3.633,
        -0.7,
        0,
        5.1,
        0.6,
        0,
        6.467,
        -0.6,
        0,
        8,
        0.3
      ]
    },
    {
      "Target": "Parameter",
      "Id": "Hair_Move",
      "Segments": [
        0,
        0.2,
        0,
        1.067,
        -0.2,
        0,
        2.4,
        0.4,
        0,
        3.633,
        -0.1,
        0,
        5.1,
        0.2,
        0,
        6.467,
        -0.2,
        0,
        8,
        0.2
      ]
    },
    {
      "Target": "Parameter",
      "Id": "ShoulderLY",
      "Segments": [
        0,
        10,
        0,
        1.667,
        11,
        2,
        3.867,
        11,
        2,
        5.733,
        11,
        0,
        8,
        10
      ]
    },
    {
      "Target": "Parameter",
      "Id": "ShoulderL_Roll",
      "Segments": [
        0,
        17,
        2,
        1,
        17,
        0,
        2.467,
        16.6,
        2,
        4.233,
        16.6,
        0,
        7.333,
        17,
        2,
        8,
        17
      ]
    },
    {
      "Target": "Parameter",
      "Id": "ArmL_Roll",
      "Segments": [
        0,
        -14,
        2,
        1,
        -14,
        0,
        2.467,
        -14.07,
        2,
        4.233,
        -14.07,
        0,
        8,
        -14
      ]
    },
    {
      "Target": "Parameter",
      "Id": "ArmL_Sup_Form",
      "Segments": [
        0,
        1,
        2,
        1,
        1,
        0,
        2.467,
        0.8,
        2,
        4.233,
        0.8,
        0,
        8,
        1
      ]
    },
    {
      "Target": "Parameter",
      "Id": "ShoulderR_Roll",
      "Segments": [
        0,
        -8,
        2,
        1,
        -8,
        1,
        1.489,
        -8,
        1.978,
        -9.247,
        2.467,
        -10,
        1,
        3.056,
        -10.907,
        3.644,
        -11,
        4.233,
        -11,
        0,
        7.333,
        -8,
        2,
        8,
        -8
      ]
    },
    {
      "Target": "Parameter",
      "Id": "ArmR_Roll",
      "Segments": [
        0,
        29.24,
        0,
        0.333,
        29,
        0,
        0.767,
        29.24,
        0,
        1,
        29.2,
        0,
        2.633,
        29.627,
        2,
        2.8,
        29.627,
        0,
        3.133,
        29.387,
        0,
        3.567,
        29.627,
        2,
        3.967,
        29.627,
        0,
        4.3,
        29.387,
        0,
        4.733,
        29.627,
        2,
        5.133,
        29.627,
        1,
        5.7,
        29.627,
        6.266,
        29.531,
        6.833,
        29.24,
        1,
        6.944,
        29.183,
        7.056,
        29,
        7.167,
        29,
        0,
        7.6,
        29.24,
        2,
        8,
        29.24
      ]
    },
    {
      "Target": "Parameter",
      "Id": "ArmR_Sup_Form",
      "Segments": [
        0,
        1,
        2,
        1,
        1,
        0,
        2.467,
        0.9,
        2,
        4.233,
        0.9,
        0,
        8,
        1
      ]
    },
    {
      "Target": "Parameter",
      "Id": "HandR_Roll",
      "Segments": [
        0,
        30,
        0,
        0.4,
        21,
        0,
        0.933,
        30,
        2,
        2.8,
        30,
        0,
        3.2,
        24,
        0,
        3.733,
        30,
        2,
        3.967,
        30,
        0,
        4.367,
        21,
        0,
        4.9,
        30,
        2,
        5.133,
        30,
        2,
        6.833,
        30,
        0,
        7.233,
        24,
        0,
        7.767,
        30,
        2,
        8,
        30
      ]
    },
    {
      "Target": "Parameter",
      "Id": "Ball_Roll",
      "Segments": [
        0,
        20,
        0,
        0.933,
        40,
        2,
        2.767,
        40,
        2,
        2.8,
        0,
        0,
        3.733,
        20,
        2,
        3.967,
        20,
        0,
        4.9,
        40,
        2,
        5.133,
        40,
        2,
        6.8,
        40,
        2,
        6.833,
        0,
        0,
        7.767,
        20,
        2,
        8,
        20
      ]
    },
    {
      "Target": "PartOpacity",
      "Id": "Part",
      "Segments": [
        0,
        1,
        2,
        8,
        1
      ]
    },
    {
      "Target": "PartOpacity",
      "Id": "Part2",
      "Segments": [
        0,
        1,
        2,
        8,
        1
      ]
    },
    {
      "Target": "PartOpacity",
      "Id": "Part12",
      "Segments": [
        0,
        1,
        2,
        8,
        1
      ]
    },
    {
      "Target": "PartOpacity",
      "Id": "Part3",
      "Segments": [
        0,
        1,
        2,
        8,
        1
      ]
    },
    {
      "Target": "PartOpacity",
      "Id": "Part30",
      "Segments": [
        0,
        1,
        2,
        8,
        1
      ]
    },
    {
      "Target": "PartOpacity",
      "Id": "Part31",
      "Segments": [
        0,
        1,
        2,
        8,
        1
      ]
    },
    {
      "Target": "PartOpacity",
      "Id": "Part4",
      "Segments": [
        0,
        1,
        2,
        8,
        1
      ]
    },
    {
      "Target": "PartOpacity",
      "Id": "Part5",
      "Segments": [
        0,
        1,
        2,
        8,
        1
      ]
    },
    {
      "Target": "PartOpacity",
      "Id": "Part7",
      "Segments": [
        0,
        1,
        2,
        8,
        1
      ]
    },
    {
      "Target": "PartOpacity",
      "Id": "Part16",
      "Segments": [
        0,
        1,
        2,
        8,
        1
      ]
    },
    {
      "Target": "PartOpacity",
      "Id": "Part21",
      "Segments": [
        0,
        1,
        2,
        8,
        1
      ]
    },
    {
      "Target": "PartOpacity",
      "Id": "Part20",
      "Segments": [
        0,
        1,
        2,
        8,
        1
      ]
    },
    {
      "Target": "PartOpacity",
      "Id": "Part29",
      "Segments": [
        0,
        0,
        2,
        8,
        0
      ]
    },
    {
      "Target": "PartOpacity",
      "Id": "Part15",
      "Segments": [
        0,
        0,
        2,
        8,
        0
      ]
    },
    {
      "Target": "PartOpacity",
      "Id": "Part6",
      "Segments": [
        0,
        1,
        2,
        8,
        1
      ]
    },
    {
      "Target": "PartOpacity",
      "Id": "Part8",
      "Segments": [
        0,
        1,
        2,
        8,
        1
      ]
    },
    {
      "Target": "PartOpacity",
      "Id": "Part9",
      "Segments": [
        0,
        1,
        2,
        8,
        1
      ]
    },
    {
      "Target": "PartOpacity",
      "Id": "Part14",
      "Segments": [
        0,
        1,
        2,
        8,
        1
      ]
    },
    {
      "Target": "PartOpacity",
      "Id": "Part22",
      "Segments": [
        0,
        0,
        2,
        8,
        0
      ]
    },
    {
      "Target": "PartOpacity",
      "Id": "Part33",
      "Segments": [
        0,
        1,
        2,
        8,
        1
      ]
    },
    {
      "Target": "PartOpacity",
      "Id": "Part18",
      "Segments": [
        0,
        0,
        2,
        8,
        0
      ]
    },
    {
      "Target": "PartOpacity",
      "Id": "Part17",
      "Segments": [
        0,
        0,
        2,
        8,
        0
      ]
    },
    {
      "Target": "PartOpacity",
      "Id": "Part13",
      "Segments": [
        0,
        1,
        2,
        8,
        1
      ]
    },
    {
      "Target": "PartOpacity",
      "Id": "Part23",
      "Segments": [
        0,
        0,
        2,
        8,
        0
      ]
    },
    {
      "Target": "PartOpacity",
      "Id": "Part19",
      "Segments": [
        0,
        0,
        2,
        8,
        0
      ]
    },
    {
      "Target": "PartOpacity",
      "Id": "Part10",
      "Segments": [
        0,
        1,
        2,
        8,
        1
      ]
    },
    {
      "Target": "PartOpacity",
      "Id": "Part11",
      "Segments": [
        0,
        1,
        2,
        8,
        1
      ]
    },
    {
      "Target": "Model",
      "Id": "Opacity",
      "Segments": [
        0,
        1,
        0,
        8,
        1
      ]
    },
    {
      "Target": "Parameter",
      "Id": "BodyY",
      "Segments": [
        0,
        10,
        0,
        8,
        10
      ]
    },
    {
      "Target": "Parameter",
      "Id": "Scarf_Form",
      "Segments": [
        0,
        0.7,
        0,
        8,
        0.7
      ]
    },
    {
      "Target": "Parameter",
      "Id": "BodyX",
      "Segments": [
        0,
        3,
        0,
        8,
        3
      ]
    },
    {
      "Target": "Parameter",
      "Id": "Head_RollY",
      "Segments": [
        0,
        0,
        0,
        8,
        0
      ]
    },
    {
      "Target": "Parameter",
      "Id": "Head_RollX",
      "Segments": [
        0,
        0,
        0,
        8,
        0
      ]
    },
    {
      "Target": "Parameter",
      "Id": "Wet_On",
      "Segments": [
        0,
        0,
        0,
        8,
        0
      ]
    },
    {
      "Target": "Parameter",
      "Id": "BrowLY",
      "Segments": [
        0,
        0,
        0,
        8,
        0
      ]
    },
    {
      "Target": "Parameter",
      "Id": "BrowRY",
      "Segments": [
        0,
        -0.6,
        0,
        8,
        -0.6
      ]
    },
    {
      "Target": "Parameter",
      "Id": "BrowL_Angle",
      "Segments": [
        0,
        0,
        0,
        8,
        0
      ]
    },
    {
      "Target": "Parameter",
      "Id": "BrowR_Angle",
      "Segments": [
        0,
        -0.4,
        0,
        8,
        -0.4
      ]
    },
    {
      "Target": "Parameter",
      "Id": "BrowL_Form",
      "Segments": [
        0,
        -1,
        0,
        8,
        -1
      ]
    },
    {
      "Target": "Parameter",
      "Id": "BrowR_Form",
      "Segments": [
        0,
        -0.6,
        0,
        8,
        -0.6
      ]
    },
    {
      "Target": "Parameter",
      "Id": "EyeL_Open",
      "Segments": [
        0,
        1,
        0,
        8,
        1
      ]
    },
    {
      "Target": "Parameter",
      "Id": "EyeL_Smile",
      "Segments": [
        0,
        0,
        0,
        8,
        0
      ]
    },
    {
      "Target": "Parameter",
      "Id": "EyeR_Open",
      "Segments": [
        0,
        1,
        0,
        8,
        1
      ]
    },
    {
      "Target": "Parameter",
      "Id": "EyeR_Smile",
      "Segments": [
        0,
        0,
        0,
        8,
        0
      ]
    },
    {
      "Target": "Parameter",
      "Id": "Ang_Form",
      "Segments": [
        0,
        1,
        0,
        8,
        1
      ]
    },
    {
      "Target": "Parameter",
      "Id": "Eyeball_Size",
      "Segments": [
        0,
        0,
        0,
        8,
        0
      ]
    },
    {
      "Target": "Parameter",
      "Id": "Eyeball_Form",
      "Segments": [
        0,
        0,
        0,
        8,
        0
      ]
    },
    {
      "Target": "Parameter",
      "Id": "EyeBallX",
      "Segments": [
        0,
        0.7,
        0,
        8,
        0.7
      ]
    },
    {
      "Target": "Parameter",
      "Id": "MouthForm",
      "Segments": [
        0,
        0,
        0,
        8,
        0
      ]
    },
    {
      "Target": "Parameter",
      "Id": "MouthForm2",
      "Segments": [
        0,
        -1,
        0,
        8,
        -1
      ]
    },
    {
      "Target": "Parameter",
      "Id": "Mouth_Open",
      "Segments": [
        0,
        0.8,
        0,
        8,
        0.8
      ]
    },
    {
      "Target": "Parameter",
      "Id": "Mouth_Size",
      "Segments": [
        0,
        0,
        0,
        8,
        0
      ]
    },
    {
      "Target": "Parameter",
      "Id": "Mouth_RollX",
      "Segments": [
        0,
        0,
        0,
        8,
        0
      ]
    },
    {
      "Target": "Parameter",
      "Id": "ArmL_Form2",
      "Segments": [
        0,
        -5,
        0,
        8,
        -5
      ]
    },
    {
      "Target": "Parameter",
      "Id": "ArmL_Form",
      "Segments": [
        0,
        -5,
        0,
        8,
        -5
      ]
    },
    {
      "Target": "Parameter",
      "Id": "HandL_Roll",
      "Segments": [
        0,
        -24,
        0,
        8,
        -24
      ]
    },
    {
      "Target": "Parameter",
      "Id": "HandL_Size",
      "Segments": [
        0,
        0,
        0,
        8,
        0
      ]
    },
    {
      "Target": "Parameter",
      "Id": "Param5",
      "Segments": [
        0,
        0,
        0,
        8,
        0
      ]
    },
    {
      "Target": "Parameter",
      "Id": "Param2",
      "Segments": [
        0,
        -1,
        0,
        8,
        -1
      ]
    },
    {
      "Target": "Parameter",
      "Id": "ShoulderRY",
      "Segments": [
        0,
        20,
        0,
        8,
        20
      ]
    },
    {
      "Target": "Parameter",
      "Id": "ArmR_Form2",
      "Segments": [
        0,
        -23,
        0,
        8,
        -23
      ]
    },
    {
      "Target": "Parameter",
      "Id": "ArmR_Form",
      "Segments": [
        0,
        4,
        0,
        8,
        4
      ]
    },
    {
      "Target": "Parameter",
      "Id": "Param",
      "Segments": [
        0,
        0,
        0,
        8,
        0
      ]
    },
    {
      "Target": "Parameter",
      "Id": "HandR05_Form",
      "Segments": [
        0,
        0,
        0,
        8,
        0
      ]
    },
    {
      "Target": "Parameter",
      "Id": "WristR_Form",
      "Segments": [
        0,
        0,
        0,
        8,
        0
      ]
    },
    {
      "Target": "Parameter",
      "Id": "Param3",
      "Segments": [
        0,
        0,
        0,
        8,
        0
      ]
    },
    {
      "Target": "Parameter",
      "Id": "LegR_Roll",
      "Segments": [
        0,
        -1,
        0,
        8,
        -1
      ]
    },
    {
      "Target": "Parameter",
      "Id": "LegL_Roll",
      "Segments": [
        0,
        5,
        0,
        8,
        5
      ]
    },
    {
      "Target": "Parameter",
      "Id": "Lowerbody_Roll",
      "Segments": [
        0,
        0,
        0,
        8,
        0
      ]
    }
  ],
  "UserData": [
    {
      "Time": 0.0,
      "Value": ""
    }
  ]
}